{
  "barriers": [
    {
      "x": 42.1,
      "y": 20.7,
      "width": 8.1,
      "height": 24.7
    },
    {
      "x": 50.3,
      "y": 12.6,
      "width": 8.5,
      "height": 24.3
    },
    {
      "x": 8.1,
      "y": 13.8,
      "width": 15.3,
      "height": 13.8
    },
    {
      "x": 29.1,
      "y": 2.4,
      "width": 12.6,
      "height": 25.3
    }
  ],
  "occluders": [],
  "step_data": {
    "0": {
      "x": 82.3,
      "y": 7.6,
      "speed": 1.0,
      "dir": 0.0,
      "vx": 0.0,
      "vy": 0.0
    },
    "1": {
      "x": 83.75,
      "y": 7.449999999999999,
      "speed": 1.0,
      "dir": -0.10308160852270029,
      "vx": 0.9946917938265513,
      "vy": -0.10289915108550536
    },
    "2": {
      "x": 85.3,
      "y": 7.199999999999999,
      "speed": 1.0,
      "dir": -0.15991312315821957,
      "vx": 0.9872411207126471,
      "vy": -0.1592324388246208
    },
    "3": {
      "x": 86.75,
      "y": 6.949999999999999,
      "speed": 1.0,
      "dir": -0.17073521147528248,
      "vx": 0.985460115744348,
      "vy": -0.1699069165076459
    },
    "4": {
      "x": 88.25,
      "y": 6.6,
      "speed": 1.0,
      "dir": -0.22923193327699512,
      "vx": 0.9738412097417932,
      "vy": -0.22722961560641822
    },
    "5": {
      "x": 89.65,
      "y": 6.449999999999999,
      "speed": 1.0,
      "dir": -0.10673567264913549,
      "vx": 0.994309153919809,
      "vy": -0.10653312363426509
    },
    "6": {
      "x": 91.1,
      "y": 6.199999999999999,
      "speed": 1.0,
      "dir": -0.17073521147528412,
      "vx": 0.9854601157443478,
      "vy": -0.1699069165076475
    },
    "7": {
      "x": 92.65,
      "y": 5.95,
      "speed": 1.0,
      "dir": -0.15991312315821754,
      "vx": 0.9872411207126474,
      "vy": -0.1592324388246188
    },
    "8": {
      "x": 94.15,
      "y": 5.65,
      "speed": 1.0,
      "dir": -0.19739555984988066,
      "vx": 0.9805806756909201,
      "vy": -0.19611613513818393
    },
    "9": {
      "x": 95.65,
      "y": 5.45,
      "speed": 1.0,
      "dir": -0.13255153229667416,
      "vx": 0.9912279006826347,
      "vy": -0.1321637200910181
    },
    "10": {
      "x": 94.75,
      "y": 5.15,
      "speed": 1.0,
      "dir": -2.819842099193153,
      "vx": -0.9486832980505144,
      "vy": -0.31622776601683594
    },
    "11": {
      "x": 93.25,
      "y": 4.95,
      "speed": 1.0,
      "dir": -3.009041121293119,
      "vx": -0.9912279006826347,
      "vy": -0.1321637200910181
    },
    "12": {
      "x": 91.75,
      "y": 4.65,
      "speed": 1.0,
      "dir": -2.9441970937399127,
      "vx": -0.9805806756909201,
      "vy": -0.19611613513818393
    },
    "13": {
      "x": 90.3,
      "y": 4.5,
      "speed": 1.0,
      "dir": -3.038511045067093,
      "vx": -0.9946917938265513,
      "vy": -0.10289915108550536
    },
    "14": {
      "x": 88.9,
      "y": 4.2,
      "speed": 1.0,
      "dir": -2.9304993203670455,
      "vx": -0.9778024140774091,
      "vy": -0.20952908873087453
    },
    "15": {
      "x": 87.3,
      "y": 3.9000000000000004,
      "speed": 1.0,
      "dir": -2.9562447035940997,
      "vx": -0.9828721869343221,
      "vy": -0.1842885350501843
    },
    "16": {
      "x": 85.85,
      "y": 3.6500000000000004,
      "speed": 1.0,
      "dir": -2.970857442114511,
      "vx": -0.985460115744348,
      "vy": -0.1699069165076459
    },
    "17": {
      "x": 84.35,
      "y": 3.3499999999999996,
      "speed": 1.0,
      "dir": -2.944197093739912,
      "vx": -0.98058067569092,
      "vy": -0.1961161351381845
    },
    "18": {
      "x": 82.85,
      "y": 3.1500000000000004,
      "speed": 1.0,
      "dir": -3.00904112129312,
      "vx": -0.9912279006826347,
      "vy": -0.13216372009101748
    },
    "19": {
      "x": 81.4,
      "y": 2.8,
      "speed": 1.0,
      "dir": -2.904743892642871,
      "vx": -0.9720822085732864,
      "vy": -0.2346405331038989
    },
    "20": {
      "x": 80.0,
      "y": 2.5999999999999996,
      "speed": 1.0,
      "dir": -2.9996955989856295,
      "vx": -0.9899494936611667,
      "vy": -0.1414213562373091
    },
    "21": {
      "x": 78.5,
      "y": 2.4000000000000004,
      "speed": 1.0,
      "dir": -3.00904112129312,
      "vx": -0.9912279006826347,
      "vy": -0.13216372009101748
    },
    "22": {
      "x": 77.0,
      "y": 2.0999999999999996,
      "speed": 1.0,
      "dir": -2.944197093739912,
      "vx": -0.98058067569092,
      "vy": -0.1961161351381845
    },
    "23": {
      "x": 75.4,
      "y": 1.7999999999999998,
      "speed": 1.0,
      "dir": -2.956244703594098,
      "vx": -0.9828721869343218,
      "vy": -0.1842885350501859
    },
    "24": {
      "x": 74.05,
      "y": 1.65,
      "speed": 1.0,
      "dir": -3.030935432415898,
      "vx": -0.993883734673619,
      "vy": -0.1104315260748458
    },
    "25": {
      "x": 72.55,
      "y": 1.35,
      "speed": 1.0,
      "dir": -2.9441970937399127,
      "vx": -0.9805806756909201,
      "vy": -0.19611613513818393
    },
    "26": {
      "x": 71.05,
      "y": 1.15,
      "speed": 1.0,
      "dir": -3.009041121293119,
      "vx": -0.9912279006826347,
      "vy": -0.1321637200910181
    },
    "27": {
      "x": 69.55,
      "y": 0.8500000000000001,
      "speed": 1.0,
      "dir": -2.9441970937399127,
      "vx": -0.9805806756909201,
      "vy": -0.19611613513818393
    },
    "28": {
      "x": 68.15,
      "y": 0.6499999999999999,
      "speed": 1.0,
      "dir": -2.999695598985628,
      "vx": -0.9899494936611664,
      "vy": -0.14142135623731047
    },
    "29": {
      "x": 66.65,
      "y": 0.3500000000000001,
      "speed": 1.0,
      "dir": -2.9441970937399127,
      "vx": -0.9805806756909201,
      "vy": -0.19611613513818393
    },
    "30": {
      "x": 65.15,
      "y": 0.1499999999999999,
      "speed": 1.0,
      "dir": -3.009041121293119,
      "vx": -0.9912279006826347,
      "vy": -0.1321637200910181
    },
    "31": {
      "x": 63.650000000000006,
      "y": 0.3500000000000001,
      "speed": 1.0,
      "dir": 3.009041121293119,
      "vx": -0.9912279006826347,
      "vy": 0.1321637200910181
    },
    "32": {
      "x": 62.150000000000006,
      "y": 0.5499999999999998,
      "speed": 1.0,
      "dir": 3.0090411212931194,
      "vx": -0.9912279006826347,
      "vy": 0.1321637200910178
    },
    "33": {
      "x": 60.8,
      "y": 0.8999999999999999,
      "speed": 1.0,
      "dir": 2.887918557451152,
      "vx": -0.9679968981658013,
      "vy": 0.25096215878372474
    },
    "34": {
      "x": 59.25,
      "y": 1.15,
      "speed": 1.0,
      "dir": 2.9816795304315735,
      "vx": -0.9872411207126471,
      "vy": 0.1592324388246208
    },
    "35": {
      "x": 57.75,
      "y": 1.35,
      "speed": 1.0,
      "dir": 3.009041121293119,
      "vx": -0.9912279006826347,
      "vy": 0.1321637200910181
    },
    "36": {
      "x": 56.25,
      "y": 1.65,
      "speed": 1.0,
      "dir": 2.9441970937399127,
      "vx": -0.9805806756909201,
      "vy": 0.19611613513818393
    },
    "37": {
      "x": 54.85,
      "y": 1.85,
      "speed": 1.0,
      "dir": 2.999695598985629,
      "vx": -0.9899494936611665,
      "vy": 0.14142135623730975
    },
    "38": {
      "x": 53.35,
      "y": 2.1500000000000004,
      "speed": 1.0,
      "dir": 2.9441970937399122,
      "vx": -0.9805806756909201,
      "vy": 0.1961161351381842
    },
    "39": {
      "x": 51.8,
      "y": 2.4000000000000004,
      "speed": 1.0,
      "dir": 2.9816795304315744,
      "vx": -0.9872411207126471,
      "vy": 0.15923243882462007
    },
    "40": {
      "x": 50.35,
      "y": 2.6500000000000004,
      "speed": 1.0,
      "dir": 2.97085744211451,
      "vx": -0.985460115744348,
      "vy": 0.1699069165076467
    },
    "41": {
      "x": 48.85,
      "y": 2.8499999999999996,
      "speed": 1.0,
      "dir": 3.00904112129312,
      "vx": -0.9912279006826347,
      "vy": 0.13216372009101748
    },
    "42": {
      "x": 47.45,
      "y": 3.1500000000000004,