frame,red,green,uncertain,session_id,rg_outcome,trial_id,global_trial_name
0,0,0,1,168,green,2084,T4F
1,0,0,1,168,green,2084,T4F
2,0,0,1,168,green,2084,T4F
3,0,0,1,168,green,2084,T4F
4,0,0,1,168,green,2084,T4F
5,0,0,1,168,green,2084,T4F
6,0,0,1,168,green,2084,T4F
7,0,0,1,168,green,2084,T4F
8,0,0,1,168,green,2084,T4F
9,0,0,1,168,green,2084,T4F
10,0,0,1,168,green,2084,T4F
11,0,0,1,168,green,2084,T4F
12,0,0,1,168,green,2084,T4F
13,0,0,1,168,green,2084,T4F
14,0,0,1,168,green,2084,T4F
15,0,0,1,168,green,2084,T4F
16,0,0,1,168,green,2084,T4F
17,0,0,1,168,green,2084,T4F
18,0,0,1,168,green,2084,T4F
19,0,0,1,168,green,2084,T4F
20,0,0,1,168,green,2084,T4F
21,0,0,1,168,green,2084,T4F
22,0,0,1,168,green,2084,T4F
23,0,0,1,168,green,2084,T4F
24,0,0,1,168,green,2084,T4F
25,0,0,1,168,green,2084,T4F
26,0,0,1,168,green,2084,T4F
27,0,0,1,168,green,2084,T4F
28,0,0,1,168,green,2084,T4F
29,0,0,1,168,green,2084,T4F
30,0,0,1,168,green,2084,T4F
31,0,0,1,168,green,2084,T4F
32,0,0,1,168,green,2084,T4F
33,0,0,1,168,green,2084,T4F
34,0,0,1,168,green,2084,T4F
35,0,0,1,168,green,2084,T4F
36,0,0,1,168,green,2084,T4F
37,0,0,1,168,green,2084,T4F
38,0,0,1,168,green,2084,T4F
39,0,0,1,168,green,2084,T4F
40,0,0,1,168,green,2084,T4F
41,0,0,1,168,green,2084,T4F
42,0,0,1,168,green,2084,T4F
43,0,0,1,168,green,2084,T4F
44,0,0,1,168,green,2084,T4F
45,0,0,1,168,green,2084,T4F
46,0,0,1,168,green,2084,T4F
47,0,0,1,168,green,2084,T4F
48,0,0,1,168,green,2084,T4F
49,0,0,1,168,green,2084,T4F
50,0,0,1,168,green,2084,T4F
51,0,0,1,168,green,2084,T4F
52,0,0,1,168,green,2084,T4F
53,0,0,1,168,green,2084,T4F
54,0,0,1,168,green,2084,T4F
55,0,0,1,168,green,2084,T4F
56,0,0,1,168,green,2084,T4F
57,0,0,1,168,green,2084,T4F
58,0,0,1,168,green,2084,T4F
59,0,0,1,168,green,2084,T4F
60,0,0,1,168,green,2084,T4F
61,0,0,1,168,green,2084,T4F
62,0,0,1,168,green,2084,T4F
63,0,0,1,168,green,2084,T4F
64,0,0,1,168,green,2084,T4F
65,0,0,1,168,green,2084,T4F
66,0,0,1,168,green,2084,T4F
67,0,0,1,168,green,2084,T4F
68,0,0,1,168,green,2084,T4F
69,0,0,1,168,green,2084,T4F
70,0,0,1,168,green,2084,T4F
71,0,0,1,168,green,2084,T4F
72,0,0,1,168,green,2084,T4F
73,0,0,1,168,green,2084,T4F
74,0,0,1,168,green,2084,T4F
75,0,0,1,168,green,2084,T4F
76,0,0,1,168,green,2084,T4F
77,0,0,1,168,green,2084,T4F
78,0,0,1,168,green,2084,T4F
79,0,0,1,168,green,2084,T4F
80,0,0,1,168,green,2084,T4F
81,0,0,1,168,green,2084,T4F
82,0,0,1,168,green,2084,T4F
83,0,0,1,168,green,2084,T4F
84,0,0,1,168,green,2084,T4F
85,0,0,1,168,green,2084,T4F
86,0,0,1,168,green,2084,T4F
87,0,0,1,168,green,2084,T4F
88,0,0,1,168,green,2084,T4F
89,0,0,1,168,green,2084,T4F
90,0,0,1,168,green,2084,T4F
91,0,0,1,168,green,2084,T4F
92,0,0,1,168,green,2084,T4F
93,0,0,1,168,green,2084,T4F
94,0,0,1,168,green,2084,T4F
95,0,0,1,168,green,2084,T4F
96,0,0,1,168,green,2084,T4F
97,0,0,1,168,green,2084,T4F
98,0,0,1,168,green,2084,T4F
99,0,0,1,168,green,2084,T4F
100,0,0,1,168,green,2084,T4F
101,0,0,1,168,green,2084,T4F
102,0,0,1,168,green,2084,T4F
103,0,0,1,168,green,2084,T4F
104,0,0,1,168,green,2084,T4F
105,0,0,1,168,green,2084,T4F
106,0,0,1,168,green,2084,T4F
107,0,0,1,168,green,2084,T4F
108,0,0,1,168,green,2084,T4F
109,0,0,1,168,green,2084,T4F
110,0,0,1,168,green,2084,T4F
111,0,0,1,168,green,2084,T4F
112,0,0,1,168,green,2084,T4F
113,0,0,1,168,green,2084,T4F
114,0,0,1,168,green,2084,T4F
115,0,0,1,168,green,2084,T4F
116,0,0,1,168,green,2084,T4F
117,1,0,0,168,green,2084,T4F
118,1,0,0,168,green,2084,T4F
119,1,0,0,168,green,2084,T4F
120,1,0,0,168,green,2084,T4F
121,1,0,0,168,green,2084,T4F
122,1,0,0,168,green,2084,T4F
123,1,0,0,168,green,2084,T4F
124,1,0,0,168,green,2084,T4F
125,1,0,0,168,green,2084,T4F
126,1,0,0,168,green,2084,T4F
127,1,0,0,168,green,2084,T4F
128,1,0,0,168,green,2084,T4F
129,1,0,0,168,green,2084,T4F
130,1,0,0,168,green,2084,T4F
131,1,0,0,168,green,2084,T4F
132,1,0,0,168,green,2084,T4F
133,1,0,0,168,green,2084,T4F
134,1,0,0,168,green,2084,T4F
135,1,0,0,168,green,2084,T4F
136,1,0,0,168,green,2084,T4F
137,1,0,0,168,green,2084,T4F
138,1,0,0,168,green,2084,T4F
139,1,0,0,168,green,2084,T4F
140,1,0,0,168,green,2084,T4F
141,1,0,0,168,green,2084,T4F
142,1,0,0,168,green,2084,T4F
143,1,0,0,168,green,2084,T4F
144,1,0,0,168,green,2084,T4F
145,1,0,0,168,green,2084,T4F
146,1,0,0,168,green,2084,T4F
147,1,0,0,168,green,2084,T4F
148,1,0,0,168,green,2084,T4F
149,1,0,0,168,green,2084,T4F
150,1,0,0,168,green,2084,T4F
151,1,0,0,168,green,2084,T4F
152,1,0,0,168,green,2084,T4F
153,1,0,0,168,green,2084,T4F
154,1,0,0,168,green,2084,T4F
155,1,0,0,168,green,2084,T4F
156,1,0,0,168,green,2084,T4F
157,1,0,0,168,green,2084,T4F
158,1,0,0,168,green,2084,T4F
159,1,0,0,168,green,2084,T4F
160,1,0,0,168,green,2084,T4F
161,1,0,0,168,green,2084,T4F
162,1,0,0,168,green,2084,T4F
163,1,0,0,168,green,2084,T4F
164,1,0,0,168,green,2084,T4F
165,1,0,0,168,green,2084,T4F
166,1,0,0,168,green,2084,T4F
167,0,0,1,168,green,2084,T4F
168,0,0,1,168,green,2084,T4F
169,0,0,1,168,green,2084,T4F
170,0,0,1,168,green,2084,T4F
171,0,1,0,168,green,2084,T4F
172,0,1,0,168,green,2084,T4F
173,0,1,0,168,green,2084,T4F
174,0,1,0,168,green,2084,T4F
175,0,1,0,168,green,2084,T4F
176,0,1,0,168,green,2084,T4F
177,0,1,0,168,green,2084,T4F
178,0,1,0,168,green,2084,T4F
179,0,1,0,168,green,2084,T4F
180,0,1,0,168,green,2084,T4F
181,0,1,0,168,green,2084,T4F
182,0,1,0,168,green,2084,T4F
183,0,1,0,168,green,2084,T4F
184,0,1,0,168,green,2084,T4F
185,0,1,0,168,green,2084,T4F
186,0,1,0,168,green,2084,T4F
187,0,1,0,168,green,2084,T4F
188,0,1,0,168,green,2084,T4F
189,0,1,0,168,green,2084,T4F
190,0,1,0,168,green,2084,T4F
191,0,1,0,168,green,2084,T4F
192,0,1,0,168,green,2084,T4F
193,0,1,0,168,green,2084,T4F
194,0,1,0,168,green,2084,T4F
195,0,1,0,168,green,2084,T4F
196,0,1,0,168,green,2084,T4F
197,0,1,0,168,green,2084,T4F
198,0,1,0,168,green,2084,T4F
199,0,1,0,168,green,2084,T4F
200,0,1,0,168,green,2084,T4F
201,0,1,0,168,green,2084,T4F
202,0,1,0,168,green,2084,T4F
203,0,1,0,168,green,2084,T4F
204,0,1,0,168,green,2084,T4F
205,0,1,0,168,green,2084,T4F
206,0,1,0,168,green,2084,T4F
207,0,1,0,168,green,2084,T4F
208,0,1,0,168,green,2084,T4F
209,0,1,0,168,green,2084,T4F
210,0,1,0,168,green,2084,T4F
211,0,1,0,168,green,2084,T4F
212,0,1,0,168,green,2084,T4F
213,0,1,0,168,green,2084,T4F
214,0,1,0,168,green,2084,T4F
215,0,1,0,168,green,2084,T4F
216,0,1,0,168,green,2084,T4F
217,0,1,0,168,green,2084,T4F
218,0,1,0,168,green,2084,T4F
219,0,1,0,168,green,2084,T4F
220,0,1,0,168,green,2084,T4F
221,0,1,0,168,green,2084,T4F
222,0,1,0,168,green,2084,T4F
223,0,1,0,168,green,2084,T4F
224,0,1,0,168,green,2084,T4F
225,0,1,0,168,green,2084,T4F
226,0,1,0,168,green,2084,T4F
227,0,1,0,168,green,2084,T4F
228,0,1,0,168,green,2084,T4F
229,1,0,0,168,green,2084,T4F
230,1,0,0,168,green,2084,T4F
231,1,0,0,168,green,2084,T4F
232,1,0,0,168,green,2084,T4F
233,1,0,0,168,green,2084,T4F
234,1,0,0,168,green,2084,T4F
235,1,0,0,168,green,2084,T4F
236,1,0,0,168,green,2084,T4F
237,1,0,0,168,green,2084,T4F
238,1,0,0,168,green,2084,T4F
239,1,0,0,168,green,2084,T4F
240,1,0,0,168,green,2084,T4F
241,1,0,0,168,green,2084,T4F
242,1,0,0,168,green,2084,T4F
243,1,0,0,168,green,2084,T4F
244,1,0,0,168,green,2084,T4F
245,1,0,0,168,green,2084,T4F
246,1,0,0,168,green,2084,T4F
247,1,0,0,168,green,2084,T4F
248,1,0,0,168,green,2084,T4F
249,1,0,0,168,green,2084,T4F
250,1,0,0,168,green,2084,T4F
251,1,0,0,168,green,2084,T4F
252,1,0,0,168,green,2084,T4F
253,1,0,0,168,green,2084,T4F
254,1,0,0,168,green,2084,T4F
255,1,0,0,168,green,2084,T4F
256,1,0,0,168,green,2084,T4F
257,1,0,0,168,green,2084,T4F
258,1,0,0,168,green,2084,T4F
259,0,0,1,168,green,2084,T4F
260,0,0,1,168,green,2084,T4F
261,0,1,0,168,green,2084,T4F
262,0,1,0,168,green,2084,T4F
263,0,1,0,168,green,2084,T4F
264,0,1,0,168,green,2084,T4F
265,0,1,0,168,green,2084,T4F
266,0,1,0,168,green,2084,T4F
267,0,1,0,168,green,2084,T4F
268,0,1,0,168,green,2084,T4F
269,0,1,0,168,green,2084,T4F
270,0,1,0,168,green,2084,T4F
271,0,1,0,168,green,2084,T4F
272,0,1,0,168,green,2084,T4F
273,0,1,0,168,green,2084,T4F
274,0,1,0,168,green,2084,T4F
275,0,1,0,168,green,2084,T4F
276,0,1,0,168,green,2084,T4F
277,0,1,0,168,green,2084,T4F
278,0,1,0,168,green,2084,T4F
279,0,1,0,168,green,2084,T4F
280,0,1,0,168,green,2084,T4F
281,0,1,0,168,green,2084,T4F
282,0,1,0,168,green,2084,T4F
0,0,0,1,169,green,2180,T4F
1,0,0,1,169,green,2180,T4F
2,0,0,1,169,green,2180,T4F
3,0,0,1,169,green,2180,T4F
4,0,0,1,169,green,2180,T4F
5,0,0,1,169,green,2180,T4F
6,0,0,1,169,green,2180,T4F
7,0,0,1,169,green,2180,T4F
8,0,0,1,169,green,2180,T4F
9,0,0,1,169,green,2180,T4F
10,0,0,1,169,green,2180,T4F
11,0,0,1,169,green,2180,T4F
12,0,0,1,169,green,2180,T4F
13,0,0,1,169,green,2180,T4F
14,0,0,1,169,green,2180,T4F
15,0,0,1,169,green,2180,T4F
16,0,0,1,169,green,2180,T4F
17,0,0,1,169,green,2180,T4F
18,0,0,1,169,green,2180,T4F
19,0,0,1,169,green,2180,T4F
20,0,0,1,169,green,2180,T4F
21,0,0,1,169,green,2180,T4F
22,0,0,1,169,green,2180,T4F
23,0,0,1,169,green,2180,T4F
24,0,0,1,169,green,2180,T4F
25,0,0,1,169,green,2180,T4F
26,0,0,1,169,green,2180,T4F
27,0,0,1,169,green,2180,T4F
28,0,0,1,169,green,2180,T4F
29,0,0,1,169,green,2180,T4F
30,0,0,1,169,green,2180,T4F
31,0,0,1,169,green,2180,T4F
32,0,0,1,169,green,2180,T4F
33,0,0,1,169,green,2180,T4F
34,0,0,1,169,green,2180,T4F
35,0,0,1,169,green,2180,T4F
36,0,0,1,169,green,2180,T4F
37,0,0,1,169,green,2180,T4F
38,0,0,1,169,green,2180,T4F
39,0,0,1,169,green,2180,T4F
40,0,0,1,169,green,2180,T4F
41,0,0,1,169,green,2180,T4F
42,0,0,1,169,green,2180,T4F
43,0,0,1,169,green,2180,T4F
44,0,0,1,169,green,2180,T4F
45,0,0,1,169,green,2180,T4F
46,0,0,1,169,green,2180,T4F
47,0,0,1,169,green,2180,T4F
48,0,0,1,169,green,2180,T4F
49,0,0,1,169,green,2180,T4F
50,0,0,1,169,green,2180,T4F
51,0,0,1,169,green,2180,T4F
52,0,0,1,169,green,2180,T4F
53,0,0,1,169,green,2180,T4F
54,0,0,1,169,green,2180,T4F
55,0,0,1,169,green,2180,T4F
56,0,0,1,169,green,2180,T4F
57,0,0,1,169,green,2180,T4F
58,0,0,1,169,green,2180,T4F
59,0,0,1,169,green,2180,T4F
60,0,0,1,169,green,2180,T4F
61,0,0,1,169,green,2180,T4F
62,0,0,1,169,green,2180,T4F
63,0,0,1,169,green,2180,T4F
64,0,0,1,169,green,2180,T4F
65,0,0,1,169,green,2180,T4F
66,0,0,1,169,green,2180,T4F
67,0,0,1,169,green,2180,T4F
68,0,0,1,169,green,2180,T4F
69,0,0,1,169,green,2180,T4F
70,0,0,1,169,green,2180,T4F
71,0,0,1,169,green,2180,T4F
72,0,0,1,169,green,2180,T4F
73,0,0,1,169,green,2180,T4F
74,0,0,1,169,green,2180,T4F
75,0,0,1,169,green,2180,T4F
76,0,0,1,169,green,2180,T4F
77,0,0,1,169,green,2180,T4F
78,0,0,1,169,green,2180,T4F
79,0,0,1,169,green,2180,T4F
80,0,0,1,169,green,2180,T4F
81,0,0,1,169,green,2180,T4F
82,0,0,1,169,green,2180,T4F
83,0,0,1,169,green,2180,T4F
84,0,0,1,169,green,2180,T4F
85,0,0,1,169,green,2180,T4F
86,0,0,1,169,green,2180,T4F
87,0,0,1,169,green,2180,T4F
88,0,0,1,169,green,2180,T4F
89,0,0,1,169,green,2180,T4F
90,0,0,1,169,green,2180,T4F
91,0,0,1,169,green,2180,T4F
92,0,0,1,169,green,2180,T4F
93,0,0,1,169,green,2180,T4F
94,0,0,1,169,green,2180,T4F
95,0,0,1,169,green,2180,T4F
96,0,0,1,169,green,2180,T4F
97,0,0,1,169,green,2180,T4F
98,0,0,1,169,green,2180,T4F
99,0,0,1,169,green,2180,T4F
100,0,0,1,169,green,2180,T4F
101,0,0,1,169,green,2180,T4F
102,0,0,1,169,green,2180,T4F
103,0,0,1,169,green,2180,T4F
104,0,0,1,169,green,2180,T4F
105,0,0,1,169,green,2180,T4F
106,0,0,1,169,green,2180,T4F
107,0,0,1,169,green,2180,T4F
108,0,0,1,169,green,2180,T4F
109,0,0,1,169,green,2180,T4F
110,0,0,1,169,green,2180,T4F
111,0,0,1,169,green,2180,T4F
112,0,0,1,169,green,2180,T4F
113,0,0,1,169,green,2180,T4F
114,0,0,1,169,green,2180,T4F
115,0,0,1,169,green,2180,T4F
116,0,0,1,169,green,2180,T4F
117,0,0,1,169,green,2180,T4F
118,0,0,1,169,green,2180,T4F
119,0,0,1,169,green,2180,T4F
120,0,0,1,169,green,2180,T4F
121,0,0,1,169,green,2180,T4F
122,0,0,1,169,green,2180,T4F
123,0,0,1,169,green,2180,T4F
124,0,0,1,169,green,2180,T4F
125,0,0,1,169,green,2180,T4F
126,0,0,1,169,green,2180,T4F
127,0,0,1,169,green,2180,T4F
128,0,0,1,169,green,2180,T4F
129,0,0,1,169,green,2180,T4F
130,0,0,1,169,green,2180,T4F
131,0,0,1,169,green,2180,T4F
132,0,0,1,169,green,2180,T4F
133,0,0,1,169,green,2180,T4F
134,0,0,1,169,green,2180,T4F
135,0,0,1,169,green,2180,T4F
136,0,0,1,169,green,2180,T4F
137,0,0,1,169,green,2180,T4F
138,0,0,1,169,green,2180,T4F
139,0,0,1,169,green,2180,T4F
140,0,0,1,169,green,2180,T4F
141,0,0,1,169,green,2180,T4F
142,0,0,1,169,green,2180,T4F
143,0,0,1,169,green,2180,T4F
144,0,0,1,169,green,2180,T4F
145,0,0,1,169,green,2180,T4F
146,0,0,1,169,green,2180,T4F
147,0,0,1,169,green,2180,T4F
148,0,0,1,169,green,2180,T4F
149,0,0,1,169,green,2180,T4F
150,0,0,1,169,green,2180,T4F
151,0,0,1,169,green,2180,T4F
152,0,0,1,169,green,2180,T4F
153,0,0,1,169,green,2180,T4F
154,0,0,1,169,green,2180,T4F
155,0,0,1,169,green,2180,T4F
156,0,0,1,169,green,2180,T4F
157,0,0,1,169,green,2180,T4F
158,0,0,1,169,green,2180,T4F
159,0,1,0,169,green,2180,T4F
160,0,1,0,169,green,2180,T4F
161,0,1,0,169,green,2180,T4F
162,0,1,0,169,green,2180,T4F
163,0,1,0,169,green,2180,T4F
164,0,1,0,169,green,2180,T4F
165,0,1,0,169,green,2180,T4F
166,0,1,0,169,green,2180,T4F
167,0,1,0,169,green,2180,T4F
168,0,1,0,169,green,2180,T4F
169,0,1,0,169,green,2180,T4F
170,0,1,0,169,green,2180,T4F
171,0,1,0,169,green,2180,T4F
172,0,1,0,169,green,2180,T4F
173,0,1,0,169,green,2180,T4F
174,0,1,0,169,green,2180,T4F
175,0,1,0,169,green,2180,T4F
176,0,1,0,169,green,2180,T4F
177,0,1,0,169,green,2180,T4F
178,0,1,0,169,green,2180,T4F
179,0,1,0,169,green,2180,T4F
180,0,1,0,169,green,2180,T4F
181,0,1,0,169,green,2180,T4F
182,0,1,0,169,green,2180,T4F
183,0,1,0,169,green,2180,T4F
184,0,1,0,169,green,2180,T4F
185,0,1,0,169,green,2180,T4F
186,0,1,0,169,green,2180,T4F
187,0,1,0,169,green,2180,T4F
188,0,1,0,169,green,2180,T4F
189,0,1,0,169,green,2180,T4F
190,0,1,0,169,green,2180,T4F
191,0,1,0,169,green,2180,T4F
192,0,1,0,169,green,2180,T4F
193,0,1,0,169,green,2180,T4F
194,0,1,0,169,green,2180,T4F
195,0,1,0,169,green,2180,T4F
196,0,1,0,169,green,2180,T4F
197,0,1,0,169,green,2180,T4F
198,0,1,0,169,green,2180,T4F
199,0,1,0,169,green,2180,T4F
200,0,1,0,169,green,2180,T4F
201,0,1,0,169,green,2180,T4F
202,0,1,0,169,green,2180,T4F
203,0,1,0,169,green,2180,T4F
204,0,1,0,169,green,2180,T4F
205,0,1,0,169,green,2180,T4F
206,0,1,0,169,green,2180,T4F
207,0,1,0,169,green,2180,T4F
208,0,1,0,169,green,2180,T4F
209,0,1,0,169,green,2180,T4F
210,0,1,0,169,green,2180,T4F
211,0,1,0,169,green,2180,T4F
212,0,1,0,169,green,2180,T4F
213,0,1,0,169,green,2180,T4F
214,0,1,0,169,green,2180,T4F
215,0,1,0,169,green,2180,T4F
216,0,1,0,169,green,2180,T4F
217,0,1,0,169,green,2180,T4F
218,0,1,0,169,green,2180,T4F
219,0,1,0,169,green,2180,T4F
220,0,1,0,169,green,2180,T4F
221,0,1,0,169,green,2180,T4F
222,0,1,0,169,green,2180,T4F
223,0,1,0,169,green,2180,T4F
224,0,1,0,169,green,2180,T4F
225,0,1,0,169,green,2180,T4F
226,0,1,0,169,green,2180,T4F
227,0,1,0,169,green,2180,T4F
228,0,1,0,169,green,2180,T4F
229,0,1,0,169,green,2180,T4F
230,0,1,0,169,green,2180,T4F
231,0,1,0,169,green,2180,T4F
232,0,1,0,169,green,2180,T4F
233,0,1,0,169,green,2180,T4F
234,0,1,0,169,green,2180,T4F
235,0,1,0,169,green,2180,T4F
236,0,1,0,169,green,2180,T4F
237,0,1,0,169,green,2180,T4F
238,0,1,0,169,green,2180,T4F
239,0,1,0,169,green,2180,T4F
240,0,1,0,169,green,2180,T4F
241,0,1,0,169,green,2180,T4F
242,0,1,0,169,green,2180,T4F
243,0,1,0,169,green,2180,T4F
244,0,1,0,169,green,2180,T4F
245,0,1,0,169,green,2180,T4F
246,0,1,0,169,green,2180,T4F
247,0,1,0,169,green,2180,T4F
248,0,1,0,169,green,2180,T4F
249,0,1,0,169,green,2180,T4F
250,0,1,0,169,green,2180,T4F
251,0,1,0,169,green,2180,T4F
252,0,1,0,169,green,2180,T4F
253,0,1,0,169,green,2180,T4F
254,0,1,0,169,green,2180,T4F
255,0,1,0,169,green,2180,T4F
256,0,1,0,169,green,2180,T4F
257,0,1,0,169,green,2180,T4F
258,0,1,0,169,green,2180,T4F
259,0,1,0,169,green,2180,T4F
260,0,1,0,169,green,2180,T4F
261,0,1,0,169,green,2180,T4F
262,0,1,0,169,green,2180,T4F
263,0,1,0,169,green,2180,T4F
264,0,1,0,169,green,2180,T4F
265,0,1,0,169,green,2180,T4F
266,0,1,0,169,green,2180,T4F
267,0,1,0,169,green,2180,T4F
268,0,1,0,169,green,2180,T4F
269,0,1,0,169,green,2180,T4F
270,0,1,0,169,green,2180,T4F
271,0,1,0,169,green,2180,T4F
272,0,1,0,169,green,2180,T4F
273,0,1,0,169,green,2180,T4F
274,0,1,0,169,green,2180,T4F
275,0,1,0,169,green,2180,T4F
276,0,1,0,169,green,2180,T4F
277,0,1,0,169,green,2180,T4F
278,0,1,0,169,green,2180,T4F
279,0,1,0,169,green,2180,T4F
280,0,1,0,169,green,2180,T4F
281,0,1,0,169,green,2180,T4F
282,0,1,0,169,green,2180,T4F
0,0,0,1,170,green,2233,T4F
1,0,0,1,170,green,2233,T4F
2,0,0,1,170,green,2233,T4F
3,0,0,1,170,green,2233,T4F
4,0,0,1,170,green,2233,T4F
5,0,0,1,170,green,2233,T4F
6,0,0,1,170,green,2233,T4F
7,0,0,1,170,green,2233,T4F
8,0,0,1,170,green,2233,T4F
9,0,0,1,170,green,2233,T4F
10,0,0,1,170,green,2233,T4F
11,0,0,1,170,green,2233,T4F
12,0,0,1,170,green,2233,T4F
13,0,0,1,170,green,2233,T4F
14,0,0,1,170,green,2233,T4F
15,0,0,1,170,green,2233,T4F
16,0,0,1,170,green,2233,T4F
17,0,0,1,170,green,2233,T4F
18,0,0,1,170,green,2233,T4F
19,0,0,1,170,green,2233,T4F
20,0,0,1,170,green,2233,T4F
21,0,0,1,170,green,2233,T4F
22,0,0,1,170,green,2233,T4F
23,0,0,1,170,green,2233,T4F
24,0,0,1,170,green,2233,T4F
25,0,0,1,170,green,2233,T4F
26,0,0,1,170,green,2233,T4F
27,0,0,1,170,green,2233,T4F
28,0,0,1,170,green,2233,T4F
29,0,0,1,170,green,2233,T4F
30,0,0,1,170,green,2233,T4F
31,0,0,1,170,green,2233,T4F
32,0,0,1,170,green,2233,T4F
33,0,0,1,170,green,2233,T4F
34,0,0,1,170,green,2233,T4F
35,0,0,1,170,green,2233,T4F
36,0,0,1,170,green,2233,T4F
37,0,0,1,170,green,2233,T4F
38,0,0,1,170,green,2233,T4F
39,0,0,1,170,green,2233,T4F
40,0,0,1,170,green,2233,T4F
41,0,0,1,170,green,2233,T4F
42,0,0,1,170,green,2233,T4F
43,0,0,1,170,green,2233,T4F
44,0,0,1,170,green,2233,T4F
45,0,0,1,170,green,2233,T4F
46,0,0,1,170,green,2233,T4F
47,0,0,1,170,green,2233,T4F
48,0,0,1,170,green,2233,T4F
49,0,0,1,170,green,2233,T4F
50,0,0,1,170,green,2233,T4F
51,0,0,1,170,green,2233,T4F
52,0,0,1,170,green,2233,T4F
53,0,0,1,170,green,2233,T4F
54,0,0,1,170,green,2233,T4F
55,0,0,1,170,green,2233,T4F
56,0,0,1,170,green,2233,T4F
57,0,0,1,170,green,2233,T4F
58,0,0,1,170,green,2233,T4F
59,0,0,1,170,green,2233,T4F
60,0,0,1,170,green,2233,T4F
61,0,0,1,170,green,2233,T4F
62,0,0,1,170,green,2233,T4F
63,0,0,1,170,green,2233,T4F
64,0,0,1,170,green,2233,T4F
65,0,0,1,170,green,2233,T4F
66,0,0,1,170,green,2233,T4F
67,0,0,1,170,green,2233,T4F
68,0,0,1,170,green,2233,T4F
69,0,0,1,170,green,2233,T4F
70,0,0,1,170,green,2233,T4F
71,0,0,1,170,green,2233,T4F
72,0,0,1,170,green,2233,T4F
73,0,0,1,170,green,2233,T4F
74,0,0,1,170,green,2233,T4F
75,1,0,0,170,green,2233,T4F
76,1,0,0,170,green,2233,T4F
77,1,0,0,170,green,2233,T4F
78,1,0,0,170,green,2233,T4F
79,1,0,0,170,green,2233,T4F
80,1,0,0,170,green,2233,T4F
81,1,0,0,170,green,2233,T4F
82,1,0,0,170,green,2233,T4F
83,1,0,0,170,green,2233,T4F
84,1,0,0,170,green,2233,T4F
85,1,0,0,170,green,2233,T4F
86,1,0,0,170,green,2233,T4F
87,1,0,0,170,green,2233,T4F
88,1,0,0,170,green,2233,T4F
89,1,0,0,170,green,2233,T4F
90,1,0,0,170,green,2233,T4F
91,1,0,0,170,green,2233,T4F
92,1,0,0,170,green,2233,T4F
93,1,0,0,170,green,2233,T4F
94,1,0,0,170,green,2233,T4F
95,1,0,0,170,green,2233,T4F
96,1,0,0,170,green,2233,T4F
97,1,0,0,170,green,2233,T4F
98,1,0,0,170,green,2233,T4F
99,1,0,0,170,green,2233,T4F
100,1,0,0,170,green,2233,T4F
101,1,0,0,170,green,2233,T4F
102,1,0,0,170,green,2233,T4F
103,1,0,0,170,green,2233,T4F
104,1,0,0,170,green,2233,T4F
105,1,0,0,170,green,2233,T4F
106,1,0,0,170,green,2233,T4F
107,1,0,0,170,green,2233,T4F
108,1,0,0,170,green,2233,T4F
109,1,0,0,170,green,2233,T4F
110,1,0,0,170,green,2233,T4F
111,1,0,0,170,green,2233,T4F
112,1,0,0,170,green,2233,T4F
113,1,0,0,170,green,2233,T4F
114,1,0,0,170,green,2233,T4F
115,1,0,0,170,green,2233,T4F
116,1,0,0,170,green,2233,T4F
117,1,0,0,170,green,2233,T4F
118,1,0,0,170,green,2233,T4F
119,1,0,0,170,green,2233,T4F
120,1,0,0,170,green,2233,T4F
121,1,0,0,170,green,2233,T4F
122,1,0,0,170,green,2233,T4F
123,1,0,0,170,green,2233,T4F
124,1,0,0,170,green,2233,T4F
125,1,0,0,170,green,2233,T4F
126,1,0,0,170,green,2233,T4F
127,1,0,0,170,green,2233,T4F
128,1,0,0,170,green,2233,T4F
129,1,0,0,170,green,2233,T4F
130,1,0,0,170,green,2233,T4F
131,1,0,0,170,green,2233,T4F
132,1,0,0,170,green,2233,T4F
133,1,0,0,170,green,2233,T4F
134,1,0,0,170,green,2233,T4F
135,1,0,0,170,green,2233,T4F
136,1,0,0,170,green,2233,T4F
137,1,0,0,170,green,2233,T4F
138,1,0,0,170,green,2233,T4F
139,1,0,0,170,green,2233,T4F
140,1,0,0,170,green,2233,T4F
141,1,0,0,170,green,2233,T4F
142,1,0,0,170,green,2233,T4F
143,1,0,0,170,green,2233,T4F
144,1,0,0,170,green,2233,T4F
145,1,0,0,170,green,2233,T4F
146,1,0,0,170,green,2233,T4F
147,1,0,0,170,green,2233,T4F
148,1,0,0,170,green,2233,T4F
149,1,0,0,170,green,2233,T4F
150,1,0,0,170,green,2233,T4F
151,1,0,0,170,green,2233,T4F
152,1,0,0,170,green,2233,T4F
153,1,0,0,170,green,2233,T4F
154,1,0,0,170,green,2233,T4F
155,1,0,0,170,green,2233,T4F
156,1,0,0,170,green,2233,T4F
157,1,0,0,170,green,2233,T4F
158,1,0,0,170,green,2233,T4F
159,1,0,0,170,green,2233,T4F
160,1,0,0,170,green,2233,T4F
161,1,0,0,170,green,2233,T4F
162,1,0,0,170,green,2233,T4F
163,1,0,0,170,green,2233,T4F
164,1,0,0,170,green,2233,T4F
165,1,0,0,170,green,2233,T4F
166,1,0,0,170,green,2233,T4F
167,1,0,0,170,green,2233,T4F
168,1,0,0,170,green,2233,T4F
169,1,0,0,170,green,2233,T4F
170,1,0,0,170,green,2233,T4F
171,1,0,0,170,green,2233,T4F
172,1,0,0,170,green,2233,T4F
173,1,0,0,170,green,2233,T4F
174,1,0,0,170,green,2233,T4F
175,1,0,0,170,green,2233,T4F
176,1,0,0,170,green,2233,T4F
177,1,0,0,170,green,2233,T4F
178,1,0,0,170,green,2233,T4F
179,1,0,0,170,green,2233,T4F
180,1,0,0,170,green,2233,T4F
181,1,0,0,170,green,2233,T4F
182,1,0,0,170,green,2233,T4F
183,1,0,0,170,green,2233,T4F
184,1,0,0,170,green,2233,T4F
185,1,0,0,170,green,2233,T4F
186,1,0,0,170,green,2233,T4F
187,1,0,0,170,green,2233,T4F
188,1,0,0,170,green,2233,T4F
189,1,0,0,170,green,2233,T4F
190,1,0,0,170,green,2233,T4F
191,1,0,0,170,green,2233,T4F
192,1,0,0,170,green,2233,T4F
193,1,0,0,170,green,2233,T4F
194,1,0,0,170,green,2233,T4F
195,1,0,0,170,green,2233,T4F
196,1,0,0,170,green,2233,T4F
197,1,0,0,170,green,2233,T4F
198,1,0,0,170,green,2233,T4F
199,1,0,0,170,green,2233,T4F
200,1,0,0,170,green,2233,T4F
201,1,0,0,170,green,2233,T4F
202,1,0,0,170,green,2233,T4F
203,1,0,0,170,green,2233,T4F
204,1,0,0,170,green,2233,T4F
205,1,0,0,170,green,2233,T4F
206,1,0,0,170,green,2233,T4F
207,1,0,0,170,green,2233,T4F
208,1,0,0,170,green,2233,T4F
209,1,0,0,170,green,2233,T4F
210,1,0,0,170,green,2233,T4F
211,1,0,0,170,green,2233,T4F
212,1,0,0,170,green,2233,T4F
213,1,0,0,170,green,2233,T4F
214,1,0,0,170,green,2233,T4F
215,1,0,0,170,green,2233,T4F
216,1,0,0,170,green,2233,T4F
217,1,0,0,170,green,2233,T4F
218,1,0,0,170,green,2233,T4F
219,1,0,0,170,green,2233,T4F
220,1,0,0,170,green,2233,T4F
221,1,0,0,170,green,2233,T4F
222,1,0,0,170,green,2233,T4F
223,1,0,0,170,green,2233,T4F
224,1,0,0,170,green,2233,T4F
225,1,0,0,170,green,2233,T4F
226,1,0,0,170,green,2233,T4F
227,1,0,0,170,green,2233,T4F
228,1,0,0,170,green,2233,T4F
229,1,0,0,170,green,2233,T4F
230,1,0,0,170,green,2233,T4F
231,1,0,0,170,green,2233,T4F
232,1,0,0,170,green,2233,T4F
233,1,0,0,170,green,2233,T4F
234,1,0,0,170,green,2233,T4F
235,1,0,0,170,green,2233,T4F
236,1,0,0,170,green,2233,T4F
237,1,0,0,170,green,2233,T4F
238,1,0,0,170,green,2233,T4F
239,1,0,0,170,green,2233,T4F
240,1,0,0,170,green,2233,T4F
241,1,0,0,170,green,2233,T4F
242,1,0,0,170,green,2233,T4F
243,1,0,0,170,green,2233,T4F
244,1,0,0,170,green,2233,T4F
245,1,0,0,170,green,2233,T4F
246,1,0,0,170,green,2233,T4F
247,1,0,0,170,green,2233,T4F
248,1,0,0,170,green,2233,T4F
249,1,0,0,170,green,2233,T4F
250,1,0,0,170,green,2233,T4F
251,1,0,0,170,green,2233,T4F
252,1,0,0,170,green,2233,T4F
253,1,0,0,170,green,2233,T4F
254,1,0,0,170,green,2233,T4F
255,1,0,0,170,green,2233,T4F
256,1,0,0,170,green,2233,T4F
257,1,0,0,170,green,2233,T4F
258,1,0,0,170,green,2233,T4F
259,1,0,0,170,green,2233,T4F
260,1,0,0,170,green,2233,T4F
261,1,0,0,170,green,2233,T4F
262,1,0,0,170,green,2233,T4F
263,1,0,0,170,green,2233,T4F
264,1,0,0,170,green,2233,T4F
265,0,0,1,170,green,2233,T4F
266,0,0,1,170,green,2233,T4F
267,0,1,0,170,green,2233,T4F
268,0,1,0,170,green,2233,T4F
269,0,1,0,170,green,2233,T4F
270,0,1,0,170,green,2233,T4F
271,0,1,0,170,green,2233,T4F
272,0,1,0,170,green,2233,T4F
273,0,1,0,170,green,2233,T4F
274,0,1,0,170,green,2233,T4F
275,0,1,0,170,green,2233,T4F
276,0,1,0,170,green,2233,T4F
277,0,1,0,170,green,2233,T4F
278,0,1,0,170,green,2233,T4F
279,0,1,0,170,green,2233,T4F
280,0,1,0,170,green,2233,T4F
281,0,1,0,170,green,2233,T4F
282,0,1,0,170,green,2233,T4F
0,0,0,1,171,green,2303,T4F
1,0,0,1,171,green,2303,T4F
2,0,0,1,171,green,2303,T4F
3,0,0,1,171,green,2303,T4F
4,0,0,1,171,green,2303,T4F
5,0,0,1,171,green,2303,T4F
6,0,0,1,171,green,2303,T4F
7,0,0,1,171,green,2303,T4F
8,0,0,1,171,green,2303,T4F
9,0,0,1,171,green,2303,T4F
10,0,0,1,171,green,2303,T4F
11,0,0,1,171,green,2303,T4F
12,0,0,1,171,green,2303,T4F
13,0,0,1,171,green,2303,T4F
14,0,0,1,171,green,2303,T4F
15,0,0,1,171,green,2303,T4F
16,0,0,1,171,green,2303,T4F
17,0,0,1,171,green,2303,T4F
18,0,0,1,171,green,2303,T4F
19,0,0,1,171,green,2303,T4F
20,0,0,1,171,green,2303,T4F
21,0,0,1,171,green,2303,T4F
22,0,0,1,171,green,2303,T4F
23,0,0,1,171,green,2303,T4F
24,0,0,1,171,green,2303,T4F
25,0,0,1,171,green,2303,T4F
26,0,0,1,171,green,2303,T4F
27,0,0,1,171,green,2303,T4F
28,0,0,1,171,green,2303,T4F
29,0,0,1,171,green,2303,T4F
30,0,0,1,171,green,2303,T4F
31,0,0,1,171,green,2303,T4F
32,0,0,1,171,green,2303,T4F
33,0,0,1,171,green,2303,T4F
34,0,0,1,171,green,2303,T4F
35,0,0,1,171,green,2303,T4F
36,0,0,1,171,green,2303,T4F
37,0,0,1,171,green,2303,T4F
38,0,0,1,171,green,2303,T4F
39,0,0,1,171,green,2303,T4F
40,0,0,1,171,green,2303,T4F
41,0,0,1,171,green,2303,T4F
42,0,0,1,171,green,2303,T4F
43,0,0,1,171,green,2303,T4F
44,0,0,1,171,green,2303,T4F
45,0,0,1,171,green,2303,T4F
46,0,0,1,171,green,2303,T4F
47,0,0,1,171,green,2303,T4F
48,0,0,1,171,green,2303,T4F
49,0,0,1,171,green,2303,T4F
50,0,0,1,171,green,2303,T4F
51,0,0,1,171,green,2303,T4F
52,0,0,1,171,green,2303,T4F
53,0,0,1,171,green,2303,T4F
54,0,0,1,171,green,2303,T4F
55,0,0,1,171,green,2303,T4F
56,0,0,1,171,green,2303,T4F
57,0,0,1,171,green,2303,T4F
58,0,0,1,171,green,2303,T4F
59,0,0,1,171,green,2303,T4F
60,0,0,1,171,green,2303,T4F
61,0,0,1,171,green,2303,T4F
62,0,0,1,171,green,2303,T4F
63,0,0,1,171,green,2303,T4F
64,0,0,1,171,green,2303,T4F
65,0,0,1,171,green,2303,T4F
66,0,0,1,171,green,2303,T4F
67,0,0,1,171,green,2303,T4F
68,0,0,1,171,green,2303,T4F
69,0,0,1,171,green,2303,T4F
70,0,0,1,171,green,2303,T4F
71,0,0,1,171,green,2303,T4F
72,0,0,1,171,green,2303,T4F
73,0,0,1,171,green,2303,T4F
74,0,0,1,171,green,2303,T4F
75,0,0,1,171,green,2303,T4F
76,0,0,1,171,green,2303,T4F
77,0,0,1,171,green,2303,T4F
78,0,0,1,171,green,2303,T4F
79,0,0,1,171,green,2303,T4F
80,0,0,1,171,green,2303,T4F
81,0,0,1,171,green,2303,T4F
82,0,0,1,171,green,2303,T4F
83,0,0,1,171,green,2303,T4F
84,0,0,1,171,green,2303,T4F
85,0,0,1,171,green,2303,T4F
86,0,0,1,171,green,2303,T4F
87,0,0,1,171,green,2303,T4F
88,0,0,1,171,green,2303,T4F
89,0,0,1,171,green,2303,T4F
90,0,0,1,171,green,2303,T4F
91,0,0,1,171,green,2303,T4F
92,0,0,1,171,green,2303,T4F
93,0,0,1,171,green,2303,T4F
94,0,0,1,171,green,2303,T4F
95,0,0,1,171,green,2303,T4F
96,0,1,0,171,green,2303,T4F
97,0,1,0,171,green,2303,T4F
98,0,1,0,171,green,2303,T4F
99,0,1,0,171,green,2303,T4F
100,0,1,0,171,green,2303,T4F
101,0,1,0,171,green,2303,T4F
102,0,1,0,171,green,2303,T4F
103,0,1,0,171,green,2303,T4F
104,0,1,0,171,green,2303,T4F
105,0,1,0,171,green,2303,T4F
106,0,1,0,171,green,2303,T4F
107,0,1,0,171,green,2303,T4F
108,0,1,0,171,green,2303,T4F
109,0,1,0,171,green,2303,T4F
110,0,1,0,171,green,2303,T4F
111,0,1,0,171,green,2303,T4F
112,0,1,0,171,green,2303,T4F
113,0,1,0,171,green,2303,T4F
114,0,1,0,171,green,2303,T4F
115,0,1,0,171,green,2303,T4F
116,0,1,0,171,green,2303,T4F
117,0,1,0,171,green,2303,T4F
118,0,1,0,171,green,2303,T4F
119,0,1,0,171,green,2303,T4F
120,0,1,0,171,green,2303,T4F
121,0,1,0,171,green,2303,T4F
122,0,1,0,171,green,2303,T4F
123,0,1,0,171,green,2303,T4F
124,0,1,0,171,green,2303,T4F
125,0,1,0,171,green,2303,T4F
126,0,1,0,171,green,2303,T4F
127,0,1,0,171,green,2303,T4F
128,0,1,0,171,green,2303,T4F
129,0,1,0,171,green,2303,T4F
130,0,1,0,171,green,2303,T4F
131,0,1,0,171,green,2303,T4F
132,0,1,0,171,green,2303,T4F
133,0,1,0,171,green,2303,T4F
134,0,1,0,171,green,2303,T4F
135,0,1,0,171,green,2303,T4F
136,0,1,0,171,green,2303,T4F
137,0,1,0,171,green,2303,T4F
138,0,1,0,171,green,2303,T4F
139,0,1,0,171,green,2303,T4F
140,0,1,0,171,green,2303,T4F
141,0,1,0,171,green,2303,T4F
142,0,1,0,171,green,2303,T4F
143,0,1,0,171,green,2303,T4F
144,0,1,0,171,green,2303,T4F
145,0,1,0,171,green,2303,T4F
146,0,1,0,171,green,2303,T4F
147,0,1,0,171,green,2303,T4F
148,0,1,0,171,green,2303,T4F
149,0,1,0,171,green,2303,T4F
150,0,1,0,171,green,2303,T4F
151,0,1,0,171,green,2303,T4F
152,0,1,0,171,green,2303,T4F
153,0,1,0,171,green,2303,T4F
154,0,1,0,171,green,2303,T4F
155,0,1,0,171,green,2303,T4F
156,0,1,0,171,green,2303,T4F
157,0,1,0,171,green,2303,T4F
158,0,1,0,171,green,2303,T4F
159,0,1,0,171,green,2303,T4F
160,0,1,0,171,green,2303,T4F
161,0,1,0,171,green,2303,T4F
162,0,1,0,171,green,2303,T4F
163,0,1,0,171,green,2303,T4F
164,0,1,0,171,green,2303,T4F
165,0,1,0,171,green,2303,T4F
166,0,1,0,171,green,2303,T4F
167,0,1,0,171,green,2303,T4F
168,0,1,0,171,green,2303,T4F
169,0,1,0,171,green,2303,T4F
170,0,1,0,171,green,2303,T4F
171,0,1,0,171,green,2303,T4F
172,0,1,0,171,green,2303,T4F
173,0,1,0,171,green,2303,T4F
174,0,1,0,171,green,2303,T4F
175,0,1,0,171,green,2303,T4F
176,0,1,0,171,green,2303,T4F
177,0,1,0,171,green,2303,T4F
178,0,1,0,171,green,2303,T4F
179,0,1,0,171,green,2303,T4F
180,0,1,0,171,green,2303,T4F
181,0,1,0,171,green,2303,T4F
182,0,1,0,171,green,2303,T4F
183,0,1,0,171,green,2303,T4F
184,0,1,0,171,green,2303,T4F
185,0,1,0,171,green,2303,T4F
186,0,1,0,171,green,2303,T4F
187,0,1,0,171,green,2303,T4F
188,0,1,0,171,green,2303,T4F
189,0,1,0,171,green,2303,T4F
190,0,1,0,171,green,2303,T4F
191,0,1,0,171,green,2303,T4F
192,0,1,0,171,green,2303,T4F
193,0,1,0,171,green,2303,T4F
194,0,1,0,171,green,2303,T4F
195,0,1,0,171,green,2303,T4F
196,0,1,0,171,green,2303,T4F
197,0,1,0,171,green,2303,T4F
198,0,1,0,171,green,2303,T4F
199,0,1,0,171,green,2303,T4F
200,0,1,0,171,green,2303,T4F
201,0,1,0,171,green,2303,T4F
202,0,1,0,171,green,2303,T4F
203,0,1,0,171,green,2303,T4F
204,0,1,0,171,green,2303,T4F
205,0,1,0,171,green,2303,T4F
206,0,1,0,171,green,2303,T4F
207,0,1,0,171,green,2303,T4F
208,0,1,0,171,green,2303,T4F
209,0,1,0,171,green,2303,T4F
210,0,1,0,171,green,2303,T4F
211,0,1,0,171,green,2303,T4F
212,0,1,0,171,green,2303,T4F
213,0,1,0,171,green,2303,T4F
214,0,1,0,171,green,2303,T4F
215,0,1,0,171,green,2303,T4F
216,0,1,0,171,green,2303,T4F
217,0,1,0,171,green,2303,T4F
218,0,1,0,171,green,2303,T4F
219,0,1,0,171,green,2303,T4F
220,0,1,0,171,green,2303,T4F
221,0,1,0,171,green,2303,T4F
222,0,1,0,171,green,2303,T4F
223,0,1,0,171,green,2303,T4F
224,0,1,0,171,green,2303,T4F
225,0,1,0,171,green,2303,T4F
226,0,1,0,171,green,2303,T4F
227,0,1,0,171,green,2303,T4F
228,0,1,0,171,green,2303,T4F
229,0,1,0,171,green,2303,T4F
230,0,1,0,171,green,2303,T4F
231,0,1,0,171,green,2303,T4F
232,0,1,0,171,green,2303,T4F
233,0,1,0,171,green,2303,T4F
234,0,1,0,171,green,2303,T4F
235,0,1,0,171,green,2303,T4F
236,0,1,0,171,green,2303,T4F
237,0,1,0,171,green,2303,T4F
238,0,1,0,171,green,2303,T4F
239,0,1,0,171,green,2303,T4F
240,0,1,0,171,green,2303,T4F
241,0,1,0,171,green,2303,T4F
242,0,1,0,171,green,2303,T4F
243,0,1,0,171,green,2303,T4F
244,0,1,0,171,green,2303,T4F
245,0,1,0,171,green,2303,T4F
246,0,1,0,171,green,2303,T4F
247,0,1,0,171,green,2303,T4F
248,0,1,0,171,green,2303,T4F
249,0,1,0,171,green,2303,T4F
250,0,1,0,171,green,2303,T4F
251,0,1,0,171,green,2303,T4F
252,0,1,0,171,green,2303,T4F
253,0,1,0,171,green,2303,T4F
254,0,1,0,171,green,2303,T4F
255,0,1,0,171,green,2303,T4F
256,0,1,0,171,green,2303,T4F
257,0,1,0,171,green,2303,T4F
258,0,1,0,171,green,2303,T4F
259,0,1,0,171,green,2303,T4F
260,0,1,0,171,green,2303,T4F
261,0,1,0,171,green,2303,T4F
262,0,1,0,171,green,2303,T4F
263,0,1,0,171,green,2303,T4F
264,0,1,0,171,green,2303,T4F
265,0,1,0,171,green,2303,T4F
266,0,1,0,171,green,2303,T4F
267,0,1,0,171,green,2303,T4F
268,0,1,0,171,green,2303,T4F
269,0,1,0,171,green,2303,T4F
270,0,1,0,171,green,2303,T4F
271,0,1,0,171,green,2303,T4F
272,0,1,0,171,green,2303,T4F
273,0,1,0,171,green,2303,T4F
274,0,1,0,171,green,2303,T4F
275,0,1,0,171,green,2303,T4F
276,0,1,0,171,green,2303,T4F
277,0,1,0,171,green,2303,T4F
278,0,1,0,171,green,2303,T4F
279,0,1,0,171,green,2303,T4F
280,0,1,0,171,green,2303,T4F
281,0,1,0,171,green,2303,T4F
282,0,1,0,171,green,2303,T4F
0,0,0,1,172,green,2226,T4F
1,0,0,1,172,green,2226,T4F
2,0,0,1,172,green,2226,T4F
3,0,0,1,172,green,2226,T4F
4,0,0,1,172,green,2226,T4F
5,0,0,1,172,green,2226,T4F
6,0,0,1,172,green,2226,T4F
7,0,0,1,172,green,2226,T4F
8,0,0,1,172,green,2226,T4F
9,0,0,1,172,green,2226,T4F
10,0,0,1,172,green,2226,T4F
11,0,0,1,172,green,2226,T4F
12,0,0,1,172,green,2226,T4F
13,0,0,1,172,green,2226,T4F
14,0,0,1,172,green,2226,T4F
15,0,0,1,172,green,2226,T4F
16,0,0,1,172,green,2226,T4F
17,0,0,1,172,green,2226,T4F
18,0,0,1,172,green,2226,T4F
19,0,0,1,172,green,2226,T4F
20,0,0,1,172,green,2226,T4F
21,0,0,1,172,green,2226,T4F
22,0,0,1,172,green,2226,T4F
23,0,0,1,172,green,2226,T4F
24,0,0,1,172,green,2226,T4F
25,0,0,1,172,green,2226,T4F
26,0,0,1,172,green,2226,T4F
27,0,0,1,172,green,2226,T4F
28,0,0,1,172,green,2226,T4F
29,0,0,1,172,green,2226,T4F
30,0,0,1,172,green,2226,T4F
31,0,0,1,172,green,2226,T4F
32,0,0,1,172,green,2226,T4F
33,0,0,1,172,green,2226,T4F
34,0,0,1,172,green,2226,T4F
35,0,0,1,172,green,2226,T4F
36,0,0,1,172,green,2226,T4F
37,0,0,1,172,green,2226,T4F
38,0,0,1,172,green,2226,T4F
39,0,0,1,172,green,2226,T4F
40,0,0,1,172,green,2226,T4F
41,0,0,1,172,green,2226,T4F
42,0,0,1,172,green,2226,T4F
43,0,0,1,172,green,2226,T4F
44,0,0,1,172,green,2226,T4F
45,0,0,1,172,green,2226,T4F
46,0,0,1,172,green,2226,T4F
47,0,0,1,172,green,2226,T4F
48,0,0,1,172,green,2226,T4F
49,0,0,1,172,green,2226,T4F
50,0,0,1,172,green,2226,T4F
51,0,0,1,172,green,2226,T4F
52,0,0,1,172,green,2226,T4F
53,0,0,1,172,green,2226,T4F
54,0,0,1,172,green,2226,T4F
55,0,0,1,172,green,2226,T4F
56,0,0,1,172,green,2226,T4F
57,0,0,1,172,green,2226,T4F
58,0,0,1,172,green,2226,T4F
59,0,0,1,172,green,2226,T4F
60,0,0,1,172,green,2226,T4F
61,0,0,1,172,green,2226,T4F
62,0,0,1,172,green,2226,T4F
63,0,0,1,172,green,2226,T4F
64,0,0,1,172,green,2226,T4F
65,0,0,1,172,green,2226,T4F
66,0,0,1,172,green,2226,T4F
67,0,0,1,172,green,2226,T4F
68,0,0,1,172,green,2226,T4F
69,0,0,1,172,green,2226,T4F
70,0,0,1,172,green,2226,T4F
71,0,0,1,172,green,2226,T4F
72,0,0,1,172,green,2226,T4F
73,0,0,1,172,green,2226,T4F
74,0,0,1,172,green,2226,T4F
75,0,0,1,172,green,2226,T4F
76,0,0,1,172,green,2226,T4F
77,0,0,1,172,green,2226,T4F
78,0,0,1,172,green,2226,T4F
79,1,0,0,172,green,2226,T4F
80,1,0,0,172,green,2226,T4F
81,1,0,0,172,green,2226,T4F
82,1,0,0,172,green,2226,T4F
83,1,0,0,172,green,2226,T4F
84,1,0,0,172,green,2226,T4F
85,1,0,0,172,green,2226,T4F
86,1,0,0,172,green,2226,T4F
87,1,0,0,172,green,2226,T4F
88,1,0,0,172,green,2226,T4F
89,1,0,0,172,green,2226,T4F
90,1,0,0,172,green,2226,T4F
91,1,0,0,172,green,2226,T4F
92,1,0,0,172,green,2226,T4F
93,1,0,0,172,green,2226,T4F
94,0,0,1,172,green,2226,T4F
95,0,0,1,172,green,2226,T4F
96,0,0,1,172,green,2226,T4F
97,0,0,1,172,green,2226,T4F
98,0,0,1,172,green,2226,T4F
99,0,0,1,172,green,2226,T4F
100,0,0,1,172,green,2226,T4F
101,0,0,1,172,green,2226,T4F
102,1,0,0,172,green,2226,T4F
103,1,0,0,172,green,2226,T4F
104,1,0,0,172,green,2226,T4F
105,1,0,0,172,green,2226,T4F
106,1,0,0,172,green,2226,T4F
107,1,0,0,172,green,2226,T4F
108,1,0,0,172,green,2226,T4F
109,1,0,0,172,green,2226,T4F
110,1,0,0,172,green,2226,T4F
111,1,0,0,172,green,2226,T4F
112,1,0,0,172,green,2226,T4F
113,1,0,0,172,green,2226,T4F
114,1,0,0,172,green,2226,T4F
115,1,0,0,172,green,2226,T4F
116,1,0,0,172,green,2226,T4F
117,1,0,0,172,green,2226,T4F
118,1,0,0,172,green,2226,T4F
119,1,0,0,172,green,2226,T4F
120,1,0,0,172,green,2226,T4F
121,0,0,1,172,green,2226,T4F
122,0,0,1,172,green,2226,T4F
123,0,0,1,172,green,2226,T4F
124,0,0,1,172,green,2226,T4F
125,0,0,1,172,green,2226,T4F
126,0,0,1,172,green,2226,T4F
127,0,0,1,172,green,2226,T4F
128,1,0,0,172,green,2226,T4F
129,1,0,0,172,green,2226,T4F
130,1,0,0,172,green,2226,T4F
131,1,0,0,172,green,2226,T4F
132,1,0,0,172,green,2226,T4F
133,1,0,0,172,green,2226,T4F
134,1,0,0,172,green,2226,T4F
135,1,0,0,172,green,2226,T4F
136,1,0,0,172,green,2226,T4F
137,1,0,0,172,green,2226,T4F
138,1,0,0,172,green,2226,T4F
139,1,0,0,172,green,2226,T4F
140,1,0,0,172,green,2226,T4F
141,1,0,0,172,green,2226,T4F
142,1,0,0,172,green,2226,T4F
143,1,0,0,172,green,2226,T4F
144,1,0,0,172,green,2226,T4F
145,1,0,0,172,green,2226,T4F
146,1,0,0,172,green,2226,T4F
147,1,0,0,172,green,2226,T4F
148,1,0,0,172,green,2226,T4F
149,1,0,0,172,green,2226,T4F
150,0,0,1,172,green,2226,T4F
151,0,0,1,172,green,2226,T4F
152,0,0,1,172,green,2226,T4F
153,0,0,1,172,green,2226,T4F
154,0,0,1,172,green,2226,T4F
155,0,0,1,172,green,2226,T4F
156,0,0,1,172,green,2226,T4F
157,0,0,1,172,green,2226,T4F
158,0,0,1,172,green,2226,T4F
159,0,0,1,172,green,2226,T4F
160,0,0,1,172,green,2226,T4F
161,1,0,0,172,green,2226,T4F
162,1,0,0,172,green,2226,T4F
163,1,0,0,172,green,2226,T4F
164,1,0,0,172,green,2226,T4F
165,1,0,0,172,green,2226,T4F
166,1,0,0,172,green,2226,T4F
167,1,0,0,172,green,2226,T4F
168,1,0,0,172,green,2226,T4F
169,1,0,0,172,green,2226,T4F
170,1,0,0,172,green,2226,T4F
171,1,0,0,172,green,2226,T4F
172,1,0,0,172,green,2226,T4F
173,1,0,0,172,green,2226,T4F
174,1,0,0,172,green,2226,T4F
175,1,0,0,172,green,2226,T4F
176,1,0,0,172,green,2226,T4F
177,1,0,0,172,green,2226,T4F
178,1,0,0,172,green,2226,T4F
179,1,0,0,172,green,2226,T4F
180,1,0,0,172,green,2226,T4F
181,1,0,0,172,green,2226,T4F
182,1,0,0,172,green,2226,T4F
183,1,0,0,172,green,2226,T4F
184,1,0,0,172,green,2226,T4F
185,1,0,0,172,green,2226,T4F
186,1,0,0,172,green,2226,T4F
187,1,0,0,172,green,2226,T4F
188,1,0,0,172,green,2226,T4F
189,1,0,0,172,green,2226,T4F
190,1,0,0,172,green,2226,T4F
191,1,0,0,172,green,2226,T4F
192,1,0,0,172,green,2226,T4F
193,1,0,0,172,green,2226,T4F
194,1,0,0,172,green,2226,T4F
195,1,0,0,172,green,2226,T4F
196,1,0,0,172,green,2226,T4F
197,1,0,0,172,green,2226,T4F
198,1,0,0,172,green,2226,T4F
199,1,0,0,172,green,2226,T4F
200,1,0,0,172,green,2226,T4F
201,1,0,0,172,green,2226,T4F
202,1,0,0,172,green,2226,T4F
203,1,0,0,172,green,2226,T4F
204,1,0,0,172,green,2226,T4F
205,1,0,0,172,green,2226,T4F
206,1,0,0,172,green,2226,T4F
207,1,0,0,172,green,2226,T4F
208,1,0,0,172,green,2226,T4F
209,1,0,0,172,green,2226,T4F
210,1,0,0,172,green,2226,T4F
211,1,0,0,172,green,2226,T4F
212,1,0,0,172,green,2226,T4F
213,1,0,0,172,green,2226,T4F
214,1,0,0,172,green,2226,T4F
215,1,0,0,172,green,2226,T4F
216,1,0,0,172,green,2226,T4F
217,1,0,0,172,green,2226,T4F
218,1,0,0,172,green,2226,T4F
219,1,0,0,172,green,2226,T4F
220,1,0,0,172,green,2226,T4F
221,1,0,0,172,green,2226,T4F
222,1,0,0,172,green,2226,T4F
223,1,0,0,172,green,2226,T4F
224,1,0,0,172,green,2226,T4F
225,1,0,0,172,green,2226,T4F
226,1,0,0,172,green,2226,T4F
227,0,0,1,172,green,2226,T4F
228,0,0,1,172,green,2226,T4F
229,0,0,1,172,green,2226,T4F
230,0,0,1,172,green,2226,T4F
231,0,0,1,172,green,2226,T4F
232,0,0,1,172,green,2226,T4F
233,0,0,1,172,green,2226,T4F
234,0,0,1,172,green,2226,T4F
235,0,0,1,172,green,2226,T4F
236,1,0,0,172,green,2226,T4F
237,1,0,0,172,green,2226,T4F
238,1,0,0,172,green,2226,T4F
239,0,0,1,172,green,2226,T4F
240,0,0,1,172,green,2226,T4F
241,0,0,1,172,green,2226,T4F
242,0,0,1,172,green,2226,T4F
243,0,0,1,172,green,2226,T4F
244,1,0,0,172,green,2226,T4F
245,1,0,0,172,green,2226,T4F
246,1,0,0,172,green,2226,T4F
247,1,0,0,172,green,2226,T4F
248,1,0,0,172,green,2226,T4F
249,1,0,0,172,green,2226,T4F
250,1,0,0,172,green,2226,T4F
251,1,0,0,172,green,2226,T4F
252,1,0,0,172,green,2226,T4F
253,1,0,0,172,green,2226,T4F
254,1,0,0,172,green,2226,T4F
255,1,0,0,172,green,2226,T4F
256,1,0,0,172,green,2226,T4F
257,1,0,0,172,green,2226,T4F
258,1,0,0,172,green,2226,T4F
259,1,0,0,172,green,2226,T4F
260,1,0,0,172,green,2226,T4F
261,1,0,0,172,green,2226,T4F
262,1,0,0,172,green,2226,T4F
263,1,0,0,172,green,2226,T4F
264,1,0,0,172,green,2226,T4F
265,1,0,0,172,green,2226,T4F
266,1,0,0,172,green,2226,T4F
267,1,0,0,172,green,2226,T4F
268,1,0,0,172,green,2226,T4F
269,1,0,0,172,green,2226,T4F
270,1,0,0,172,green,2226,T4F
271,1,0,0,172,green,2226,T4F
272,1,0,0,172,green,2226,T4F
273,1,0,0,172,green,2226,T4F
274,1,0,0,172,green,2226,T4F
275,1,0,0,172,green,2226,T4F
276,1,0,0,172,green,2226,T4F
277,1,0,0,172,green,2226,T4F
278,1,0,0,172,green,2226,T4F
279,1,0,0,172,green,2226,T4F
280,0,0,1,172,green,2226,T4F
281,0,0,1,172,green,2226,T4F
282,0,0,1,172,green,2226,T4F
0,0,0,1,173,green,2350,T4F
1,0,0,1,173,green,2350,T4F
2,0,0,1,173,green,2350,T4F
3,0,0,1,173,green,2350,T4F
4,0,0,1,173,green,2350,T4F
5,0,0,1,173,green,2350,T4F
6,0,0,1,173,green,2350,T4F
7,0,0,1,173,green,2350,T4F
8,0,0,1,173,green,2350,T4F
9,0,0,1,173,green,2350,T4F
10,0,0,1,173,green,2350,T4F
11,0,0,1,173,green,2350,T4F
12,0,0,1,173,green,2350,T4F
13,0,0,1,173,green,2350,T4F
14,0,0,1,173,green,2350,T4F
15,0,0,1,173,green,2350,T4F
16,0,0,1,173,green,2350,T4F
17,0,0,1,173,green,2350,T4F
18,0,0,1,173,green,2350,T4F
19,0,0,1,173,green,2350,T4F
20,0,0,1,173,green,2350,T4F
21,0,0,1,173,green,2350,T4F
22,0,0,1,173,green,2350,T4F
23,0,0,1,173,green,2350,T4F
24,0,0,1,173,green,2350,T4F
25,0,0,1,173,green,2350,T4F
26,0,0,1,173,green,2350,T4F
27,0,0,1,173,green,2350,T4F
28,0,0,1,173,green,2350,T4F
29,0,0,1,173,green,2350,T4F
30,0,0,1,173,green,2350,T4F
31,0,0,1,173,green,2350,T4F
32,0,0,1,173,green,2350,T4F
33,0,0,1,173,green,2350,T4F
34,0,0,1,173,green,2350,T4F
35,0,0,1,173,green,2350,T4F
36,0,0,1,173,green,2350,T4F
37,0,0,1,173,green,2350,T4F
38,0,0,1,173,green,2350,T4F
39,0,0,1,173,green,2350,T4F
40,0,0,1,173,green,2350,T4F
41,0,0,1,173,green,2350,T4F
42,0,0,1,173,green,2350,T4F
43,0,0,1,173,green,2350,T4F
44,0,0,1,173,green,2350,T4F
45,0,0,1,173,green,2350,T4F
46,0,0,1,173,green,2350,T4F
47,0,0,1,173,green,2350,T4F
48,0,0,1,173,green,2350,T4F
49,0,0,1,173,green,2350,T4F
50,0,0,1,173,green,2350,T4F
51,0,0,1,173,green,2350,T4F
52,0,0,1,173,green,2350,T4F
53,0,0,1,173,green,2350,T4F
54,0,0,1,173,green,2350,T4F
55,0,0,1,173,green,2350,T4F
56,0,0,1,173,green,2350,T4F
57,0,0,1,173,green,2350,T4F
58,0,0,1,173,green,2350,T4F
59,0,0,1,173,green,2350,T4F
60,0,0,1,173,green,2350,T4F
61,0,0,1,173,green,2350,T4F
62,0,0,1,173,green,2350,T4F
63,0,0,1,173,green,2350,T4F
64,0,0,1,173,green,2350,T4F
65,0,0,1,173,green,2350,T4F
66,0,0,1,173,green,2350,T4F
67,0,0,1,173,green,2350,T4F
68,0,0,1,173,green,2350,T4F
69,0,0,1,173,green,2350,T4F
70,0,0,1,173,green,2350,T4F
71,0,0,1,173,green,2350,T4F
72,0,0,1,173,green,2350,T4F
73,0,0,1,173,green,2350,T4F
74,0,0,1,173,green,2350,T4F
75,0,0,1,173,green,2350,T4F
76,0,0,1,173,green,2350,T4F
77,0,0,1,173,green,2350,T4F
78,0,0,1,173,green,2350,T4F
79,0,0,1,173,green,2350,T4F
80,0,0,1,173,green,2350,T4F
81,0,0,1,173,green,2350,T4F
82,0,0,1,173,green,2350,T4F
83,0,0,1,173,green,2350,T4F
84,0,0,1,173,green,2350,T4F
85,0,0,1,173,green,2350,T4F
86,0,0,1,173,green,2350,T4F
87,0,0,1,173,green,2350,T4F
88,0,0,1,173,green,2350,T4F
89,0,0,1,173,green,2350,T4F
90,0,0,1,173,green,2350,T4F
91,0,0,1,173,green,2350,T4F
92,0,0,1,173,green,2350,T4F
93,0,0,1,173,green,2350,T4F
94,0,0,1,173,green,2350,T4F
95,0,0,1,173,green,2350,T4F
96,0,0,1,173,green,2350,T4F
97,0,0,1,173,green,2350,T4F
98,0,0,1,173,green,2350,T4F
99,0,0,1,173,green,2350,T4F
100,0,0,1,173,green,2350,T4F
101,0,0,1,173,green,2350,T4F
102,0,0,1,173,green,2350,T4F
103,0,0,1,173,green,2350,T4F
104,0,0,1,173,green,2350,T4F
105,0,0,1,173,green,2350,T4F
106,0,0,1,173,green,2350,T4F
107,0,0,1,173,green,2350,T4F
108,0,0,1,173,green,2350,T4F
109,0,0,1,173,green,2350,T4F
110,0,0,1,173,green,2350,T4F
111,0,0,1,173,green,2350,T4F
112,0,0,1,173,green,2350,T4F
113,0,0,1,173,green,2350,T4F
114,0,0,1,173,green,2350,T4F
115,0,0,1,173,green,2350,T4F
116,0,0,1,173,green,2350,T4F
117,1,0,0,173,green,2350,T4F
118,1,0,0,173,green,2350,T4F
119,1,0,0,173,green,2350,T4F
120,1,0,0,173,green,2350,T4F
121,1,0,0,173,green,2350,T4F
122,1,0,0,173,green,2350,T4F
123,1,0,0,173,green,2350,T4F
124,1,0,0,173,green,2350,T4F
125,1,0,0,173,green,2350,T4F
126,1,0,0,173,green,2350,T4F
127,1,0,0,173,green,2350,T4F
128,1,0,0,173,green,2350,T4F
129,1,0,0,173,green,2350,T4F
130,1,0,0,173,green,2350,T4F
131,1,0,0,173,green,2350,T4F
132,1,0,0,173,green,2350,T4F
133,1,0,0,173,green,2350,T4F
134,1,0,0,173,green,2350,T4F
135,1,0,0,173,green,2350,T4F
136,1,0,0,173,green,2350,T4F
137,1,0,0,173,green,2350,T4F
138,1,0,0,173,green,2350,T4F
139,1,0,0,173,green,2350,T4F
140,1,0,0,173,green,2350,T4F
141,1,0,0,173,green,2350,T4F
142,1,0,0,173,green,2350,T4F
143,1,0,0,173,green,2350,T4F
144,1,0,0,173,green,2350,T4F
145,1,0,0,173,green,2350,T4F
146,1,0,0,173,green,2350,T4F
147,1,0,0,173,green,2350,T4F
148,1,0,0,173,green,2350,T4F
149,1,0,0,173,green,2350,T4F
150,1,0,0,173,green,2350,T4F
151,1,0,0,173,green,2350,T4F
152,1,0,0,173,green,2350,T4F
153,1,0,0,173,green,2350,T4F
154,1,0,0,173,green,2350,T4F
155,1,0,0,173,green,2350,T4F
156,1,0,0,173,green,2350,T4F
157,1,0,0,173,green,2350,T4F
158,1,0,0,173,green,2350,T4F
159,1,0,0,173,green,2350,T4F
160,1,0,0,173,green,2350,T4F
161,1,0,0,173,green,2350,T4F
162,1,0,0,173,green,2350,T4F
163,1,0,0,173,green,2350,T4F
164,1,0,0,173,green,2350,T4F
165,1,0,0,173,green,2350,T4F
166,1,0,0,173,green,2350,T4F
167,1,0,0,173,green,2350,T4F
168,1,0,0,173,green,2350,T4F
169,1,0,0,173,green,2350,T4F
170,1,0,0,173,green,2350,T4F
171,1,0,0,173,green,2350,T4F
172,1,0,0,173,green,2350,T4F
173,1,0,0,173,green,2350,T4F
174,1,0,0,173,green,2350,T4F
175,1,0,0,173,green,2350,T4F
176,1,0,0,173,green,2350,T4F
177,1,0,0,173,green,2350,T4F
178,1,0,0,173,green,2350,T4F
179,1,0,0,173,green,2350,T4F
180,1,0,0,173,green,2350,T4F
181,1,0,0,173,green,2350,T4F
182,1,0,0,173,green,2350,T4F
183,1,0,0,173,green,2350,T4F
184,1,0,0,173,green,2350,T4F
185,1,0,0,173,green,2350,T4F
186,1,0,0,173,green,2350,T4F
187,1,0,0,173,green,2350,T4F
188,1,0,0,173,green,2350,T4F
189,1,0,0,173,green,2350,T4F
190,1,0,0,173,green,2350,T4F
191,1,0,0,173,green,2350,T4F
192,1,0,0,173,green,2350,T4F
193,1,0,0,173,green,2350,T4F
194,1,0,0,173,green,2350,T4F
195,1,0,0,173,green,2350,T4F
196,1,0,0,173,green,2350,T4F
197,1,0,0,173,green,2350,T4F
198,1,0,0,173,green,2350,T4F
199,1,0,0,173,green,2350,T4F
200,1,0,0,173,green,2350,T4F
201,1,0,0,173,green,2350,T4F
202,1,0,0,173,green,2350,T4F
203,1,0,0,173,green,2350,T4F
204,1,0,0,173,green,2350,T4F
205,1,0,0,173,green,2350,T4F
206,1,0,0,173,green,2350,T4F
207,1,0,0,173,green,2350,T4F
208,1,0,0,173,green,2350,T4F
209,1,0,0,173,green,2350,T4F
210,1,0,0,173,green,2350,T4F
211,1,0,0,173,green,2350,T4F
212,1,0,0,173,green,2350,T4F
213,1,0,0,173,green,2350,T4F
214,1,0,0,173,green,2350,T4F
215,1,0,0,173,green,2350,T4F
216,1,0,0,173,green,2350,T4F
217,1,0,0,173,green,2350,T4F
218,1,0,0,173,green,2350,T4F
219,1,0,0,173,green,2350,T4F
220,1,0,0,173,green,2350,T4F
221,1,0,0,173,green,2350,T4F
222,1,0,0,173,green,2350,T4F
223,1,0,0,173,green,2350,T4F
224,1,0,0,173,green,2350,T4F
225,1,0,0,173,green,2350,T4F
226,1,0,0,173,green,2350,T4F
227,1,0,0,173,green,2350,T4F
228,1,0,0,173,green,2350,T4F
229,1,0,0,173,green,2350,T4F
230,1,0,0,173,green,2350,T4F
231,1,0,0,173,green,2350,T4F
232,1,0,0,173,green,2350,T4F
233,1,0,0,173,green,2350,T4F
234,1,0,0,173,green,2350,T4F
235,1,0,0,173,green,2350,T4F
236,1,0,0,173,green,2350,T4F
237,1,0,0,173,green,2350,T4F
238,1,0,0,173,green,2350,T4F
239,1,0,0,173,green,2350,T4F
240,1,0,0,173,green,2350,T4F
241,1,0,0,173,green,2350,T4F
242,1,0,0,173,green,2350,T4F
243,1,0,0,173,green,2350,T4F
244,1,0,0,173,green,2350,T4F
245,1,0,0,173,green,2350,T4F
246,1,0,0,173,green,2350,T4F
247,1,0,0,173,green,2350,T4F
248,1,0,0,173,green,2350,T4F
249,1,0,0,173,green,2350,T4F
250,1,0,0,173,green,2350,T4F
251,1,0,0,173,green,2350,T4F
252,1,0,0,173,green,2350,T4F
253,1,0,0,173,green,2350,T4F
254,1,0,0,173,green,2350,T4F
255,1,0,0,173,green,2350,T4F
256,1,0,0,173,green,2350,T4F
257,1,0,0,173,green,2350,T4F
258,1,0,0,173,green,2350,T4F
259,1,0,0,173,green,2350,T4F
260,1,0,0,173,green,2350,T4F
261,1,0,0,173,green,2350,T4F
262,1,0,0,173,green,2350,T4F
263,1,0,0,173,green,2350,T4F
264,1,0,0,173,green,2350,T4F
265,1,0,0,173,green,2350,T4F
266,1,0,0,173,green,2350,T4F
267,1,0,0,173,green,2350,T4F
268,1,0,0,173,green,2350,T4F
269,1,0,0,173,green,2350,T4F
270,1,0,0,173,green,2350,T4F
271,1,0,0,173,green,2350,T4F
272,1,0,0,173,green,2350,T4F
273,1,0,0,173,green,2350,T4F
274,1,0,0,173,green,2350,T4F
275,1,0,0,173,green,2350,T4F
276,1,0,0,173,green,2350,T4F
277,1,0,0,173,green,2350,T4F
278,1,0,0,173,green,2350,T4F
279,1,0,0,173,green,2350,T4F
280,1,0,0,173,green,2350,T4F
281,1,0,0,173,green,2350,T4F
282,1,0,0,173,green,2350,T4F
0,0,0,1,174,green,2459,T4F
1,0,0,1,174,green,2459,T4F
2,0,0,1,174,green,2459,T4F
3,0,0,1,174,green,2459,T4F
4,0,0,1,174,green,2459,T4F
5,0,0,1,174,green,2459,T4F
6,0,0,1,174,green,2459,T4F
7,0,0,1,174,green,2459,T4F
8,0,0,1,174,green,2459,T4F
9,0,0,1,174,green,2459,T4F
10,0,0,1,174,green,2459,T4F
11,0,0,1,174,green,2459,T4F
12,0,0,1,174,green,2459,T4F
13,0,0,1,174,green,2459,T4F
14,0,0,1,174,green,2459,T4F
15,0,0,1,174,green,2459,T4F
16,0,0,1,174,green,2459,T4F
17,0,0,1,174,green,2459,T4F
18,0,0,1,174,green,2459,T4F
19,0,0,1,174,green,2459,T4F
20,0,0,1,174,green,2459,T4F
21,0,0,1,174,green,2459,T4F
22,0,0,1,174,green,2459,T4F
23,0,0,1,174,green,2459,T4F
24,0,0,1,174,green,2459,T4F
25,0,0,1,174,green,2459,T4F
26,0,0,1,174,green,2459,T4F
27,0,0,1,174,green,2459,T4F
28,0,0,1,174,green,2459,T4F
29,0,0,1,174,green,2459,T4F
30,0,0,1,174,green,2459,T4F
31,0,0,1,174,green,2459,T4F
32,0,0,1,174,green,2459,T4F
33,0,0,1,174,green,2459,T4F
34,0,0,1,174,green,2459,T4F
35,0,0,1,174,green,2459,T4F
36,0,0,1,174,green,2459,T4F
37,0,0,1,174,green,2459,T4F
38,0,0,1,174,green,2459,T4F
39,0,0,1,174,green,2459,T4F
40,0,0,1,174,green,2459,T4F
41,0,0,1,174,green,2459,T4F
42,0,0,1,174,green,2459,T4F
43,0,0,1,174,green,2459,T4F
44,0,0,1,174,green,2459,T4F
45,0,0,1,174,green,2459,T4F
46,0,0,1,174,green,2459,T4F
47,0,0,1,174,green,2459,T4F
48,0,0,1,174,green,2459,T4F
49,0,0,1,174,green,2459,T4F
50,0,0,1,174,green,2459,T4F
51,0,0,1,174,green,2459,T4F
52,0,0,1,174,green,2459,T4F
53,0,0,1,174,green,2459,T4F
54,0,0,1,174,green,2459,T4F
55,0,0,1,174,green,2459,T4F
56,0,0,1,174,green,2459,T4F
57,0,0,1,174,green,2459,T4F
58,0,0,1,174,green,2459,T4F
59,0,0,1,174,green,2459,T4F
60,0,0,1,174,green,2459,T4F
61,0,0,1,174,green,2459,T4F
62,0,0,1,174,green,2459,T4F
63,0,0,1,174,green,2459,T4F
64,0,0,1,174,green,2459,T4F
65,0,0,1,174,green,2459,T4F
66,0,0,1,174,green,2459,T4F
67,0,0,1,174,green,2459,T4F
68,0,0,1,174,green,2459,T4F
69,0,0,1,174,green,2459,T4F
70,0,0,1,174,green,2459,T4F
71,0,0,1,174,green,2459,T4F
72,0,0,1,174,green,2459,T4F
73,0,0,1,174,green,2459,T4F
74,0,0,1,174,green,2459,T4F
75,0,0,1,174,green,2459,T4F
76,0,0,1,174,green,2459,T4F
77,0,0,1,174,green,2459,T4F
78,0,0,1,174,green,2459,T4F
79,0,0,1,174,green,2459,T4F
80,0,0,1,174,green,2459,T4F
81,0,0,1,174,green,2459,T4F
82,0,0,1,174,green,2459,T4F
83,0,0,1,174,green,2459,T4F
84,0,0,1,174,green,2459,T4F
85,0,0,1,174,green,2459,T4F
86,0,0,1,174,green,2459,T4F
87,0,0,1,174,green,2459,T4F
88,0,0,1,174,green,2459,T4F
89,0,0,1,174,green,2459,T4F
90,0,0,1,174,green,2459,T4F
91,0,0,1,174,green,2459,T4F
92,0,0,1,174,green,2459,T4F
93,0,0,1,174,green,2459,T4F
94,0,0,1,174,green,2459,T4F
95,0,0,1,174,green,2459,T4F
96,0,0,1,174,green,2459,T4F
97,0,0,1,174,green,2459,T4F
98,0,0,1,174,green,2459,T4F
99,0,0,1,174,green,2459,T4F
100,0,0,1,174,green,2459,T4F
101,0,0,1,174,green,2459,T4F
102,0,0,1,174,green,2459,T4F
103,0,0,1,174,green,2459,T4F
104,0,0,1,174,green,2459,T4F
105,0,0,1,174,green,2459,T4F
106,0,0,1,174,green,2459,T4F
107,0,0,1,174,green,2459,T4F
108,0,0,1,174,green,2459,T4F
109,0,0,1,174,green,2459,T4F
110,0,0,1,174,green,2459,T4F
111,0,1,0,174,green,2459,T4F
112,0,1,0,174,green,2459,T4F
113,0,1,0,174,green,2459,T4F
114,0,1,0,174,green,2459,T4F
115,0,1,0,174,green,2459,T4F
116,0,1,0,174,green,2459,T4F
117,0,1,0,174,green,2459,T4F
118,0,1,0,174,green,2459,T4F
119,0,1,0,174,green,2459,T4F
120,0,1,0,174,green,2459,T4F
121,0,1,0,174,green,2459,T4F
122,0,0,1,174,green,2459,T4F
123,0,0,1,174,green,2459,T4F
124,0,0,1,174,green,2459,T4F
125,0,0,1,174,green,2459,T4F
126,0,0,1,174,green,2459,T4F
127,0,0,1,174,green,2459,T4F
128,0,0,1,174,green,2459,T4F
129,0,0,1,174,green,2459,T4F
130,0,0,1,174,green,2459,T4F
131,0,0,1,174,green,2459,T4F
132,0,0,1,174,green,2459,T4F
133,0,0,1,174,green,2459,T4F
134,0,0,1,174,green,2459,T4F
135,0,0,1,174,green,2459,T4F
136,0,0,1,174,green,2459,T4F
137,0,0,1,174,green,2459,T4F
138,0,0,1,174,green,2459,T4F
139,0,0,1,174,green,2459,T4F
140,0,0,1,174,green,2459,T4F
141,0,0,1,174,green,2459,T4F
142,0,0,1,174,green,2459,T4F
143,0,0,1,174,green,2459,T4F
144,0,0,1,174,green,2459,T4F
145,0,0,1,174,green,2459,T4F
146,0,0,1,174,green,2459,T4F
147,0,0,1,174,green,2459,T4F
148,0,0,1,174,green,2459,T4F
149,0,0,1,174,green,2459,T4F
150,0,0,1,174,green,2459,T4F
151,0,0,1,174,green,2459,T4F
152,0,0,1,174,green,2459,T4F
153,0,0,1,174,green,2459,T4F
154,0,0,1,174,green,2459,T4F
155,0,0,1,174,green,2459,T4F
156,0,0,1,174,green,2459,T4F
157,0,0,1,174,green,2459,T4F
158,0,0,1,174,green,2459,T4F
159,0,0,1,174,green,2459,T4F
160,0,0,1,174,green,2459,T4F
161,0,1,0,174,green,2459,T4F
162,0,1,0,174,green,2459,T4F
163,0,1,0,174,green,2459,T4F
164,0,1,0,174,green,2459,T4F
165,0,1,0,174,green,2459,T4F
166,0,1,0,174,green,2459,T4F
167,0,1,0,174,green,2459,T4F
168,0,0,1,174,green,2459,T4F
169,0,0,1,174,green,2459,T4F
170,0,0,1,174,green,2459,T4F
171,0,0,1,174,green,2459,T4F
172,0,0,1,174,green,2459,T4F
173,0,0,1,174,green,2459,T4F
174,0,0,1,174,green,2459,T4F
175,0,0,1,174,green,2459,T4F
176,0,0,1,174,green,2459,T4F
177,0,0,1,174,green,2459,T4F
178,0,0,1,174,green,2459,T4F
179,0,0,1,174,green,2459,T4F
180,0,0,1,174,green,2459,T4F
181,0,0,1,174,green,2459,T4F
182,0,1,0,174,green,2459,T4F
183,0,1,0,174,green,2459,T4F
184,0,1,0,174,green,2459,T4F
185,0,1,0,174,green,2459,T4F
186,0,1,0,174,green,2459,T4F
187,0,1,0,174,green,2459,T4F
188,0,1,0,174,green,2459,T4F
189,0,1,0,174,green,2459,T4F
190,0,1,0,174,green,2459,T4F
191,0,0,1,174,green,2459,T4F
192,0,0,1,174,green,2459,T4F
193,0,0,1,174,green,2459,T4F
194,0,0,1,174,green,2459,T4F
195,0,0,1,174,green,2459,T4F
196,0,1,0,174,green,2459,T4F
197,0,1,0,174,green,2459,T4F
198,0,1,0,174,green,2459,T4F
199,0,1,0,174,green,2459,T4F
200,0,1,0,174,green,2459,T4F
201,0,1,0,174,green,2459,T4F
202,0,1,0,174,green,2459,T4F
203,0,1,0,174,green,2459,T4F
204,0,1,0,174,green,2459,T4F
205,0,0,1,174,green,2459,T4F
206,0,0,1,174,green,2459,T4F
207,0,0,1,174,green,2459,T4F
208,0,0,1,174,green,2459,T4F
209,0,0,1,174,green,2459,T4F
210,0,0,1,174,green,2459,T4F
211,0,0,1,174,green,2459,T4F
212,0,0,1,174,green,2459,T4F
213,0,0,1,174,green,2459,T4F
214,0,0,1,174,green,2459,T4F
215,0,0,1,174,green,2459,T4F
216,0,0,1,174,green,2459,T4F
217,0,0,1,174,green,2459,T4F
218,0,0,1,174,green,2459,T4F
219,0,0,1,174,green,2459,T4F
220,0,0,1,174,green,2459,T4F
221,0,0,1,174,green,2459,T4F
222,0,0,1,174,green,2459,T4F
223,0,0,1,174,green,2459,T4F
224,0,0,1,174,green,2459,T4F
225,0,0,1,174,green,2459,T4F
226,0,0,1,174,green,2459,T4F
227,0,0,1,174,green,2459,T4F
228,0,0,1,174,green,2459,T4F
229,0,0,1,174,green,2459,T4F
230,0,0,1,174,green,2459,T4F
231,0,0,1,174,green,2459,T4F
232,0,0,1,174,green,2459,T4F
233,0,0,1,174,green,2459,T4F
234,0,0,1,174,green,2459,T4F
235,0,0,1,174,green,2459,T4F
236,0,0,1,174,green,2459,T4F
237,0,0,1,174,green,2459,T4F
238,0,0,1,174,green,2459,T4F
239,0,0,1,174,green,2459,T4F
240,0,0,1,174,green,2459,T4F
241,0,0,1,174,green,2459,T4F
242,0,1,0,174,green,2459,T4F
243,0,1,0,174,green,2459,T4F
244,0,1,0,174,green,2459,T4F
245,0,1,0,174,green,2459,T4F
246,0,1,0,174,green,2459,T4F
247,0,1,0,174,green,2459,T4F
248,0,1,0,174,green,2459,T4F
249,0,1,0,174,green,2459,T4F
250,0,1,0,174,green,2459,T4F
251,0,1,0,174,green,2459,T4F
252,0,1,0,174,green,2459,T4F
253,0,1,0,174,green,2459,T4F
254,0,1,0,174,green,2459,T4F
255,0,1,0,174,green,2459,T4F
256,0,1,0,174,green,2459,T4F
257,0,1,0,174,green,2459,T4F
258,0,1,0,174,green,2459,T4F
259,0,1,0,174,green,2459,T4F
260,0,1,0,174,green,2459,T4F
261,0,1,0,174,green,2459,T4F
262,0,1,0,174,green,2459,T4F
263,0,1,0,174,green,2459,T4F
264,0,1,0,174,green,2459,T4F
265,0,1,0,174,green,2459,T4F
266,0,1,0,174,green,2459,T4F
267,0,1,0,174,green,2459,T4F
268,0,1,0,174,green,2459,T4F
269,0,1,0,174,green,2459,T4F
270,0,1,0,174,green,2459,T4F
271,0,1,0,174,green,2459,T4F
272,0,1,0,174,green,2459,T4F
273,0,1,0,174,green,2459,T4F
274,0,1,0,174,green,2459,T4F
275,0,1,0,174,green,2459,T4F
276,0,1,0,174,green,2459,T4F
277,0,1,0,174,green,2459,T4F
278,0,1,0,174,green,2459,T4F
279,0,1,0,174,green,2459,T4F
280,0,1,0,174,green,2459,T4F
281,0,1,0,174,green,2459,T4F
282,0,1,0,174,green,2459,T4F
0,0,0,1,176,green,2820,T4F
1,0,0,1,176,green,2820,T4F
2,0,0,1,176,green,2820,T4F
3,0,0,1,176,green,2820,T4F
4,0,0,1,176,green,2820,T4F
5,0,0,1,176,green,2820,T4F
6,0,0,1,176,green,2820,T4F
7,0,0,1,176,green,2820,T4F
8,0,0,1,176,green,2820,T4F
9,0,0,1,176,green,2820,T4F
10,0,0,1,176,green,2820,T4F
11,0,0,1,176,green,2820,T4F
12,0,0,1,176,green,2820,T4F
13,0,0,1,176,green,2820,T4F
14,0,0,1,176,green,2820,T4F
15,0,0,1,176,green,2820,T4F
16,0,0,1,176,green,2820,T4F
17,0,0,1,176,green,2820,T4F
18,0,0,1,176,green,2820,T4F
19,0,0,1,176,green,2820,T4F
20,0,0,1,176,green,2820,T4F
21,0,0,1,176,green,2820,T4F
22,0,0,1,176,green,2820,T4F
23,0,0,1,176,green,2820,T4F
24,0,0,1,176,green,2820,T4F
25,0,0,1,176,green,2820,T4F
26,0,0,1,176,green,2820,T4F
27,0,0,1,176,green,2820,T4F
28,0,0,1,176,green,2820,T4F
29,0,0,1,176,green,2820,T4F
30,0,0,1,176,green,2820,T4F
31,0,0,1,176,green,2820,T4F
32,0,0,1,176,green,2820,T4F
33,0,0,1,176,green,2820,T4F
34,0,0,1,176,green,2820,T4F
35,0,0,1,176,green,2820,T4F
36,0,0,1,176,green,2820,T4F
37,0,0,1,176,green,2820,T4F
38,0,0,1,176,green,2820,T4F
39,0,0,1,176,green,2820,T4F
40,0,0,1,176,green,2820,T4F
41,0,0,1,176,green,2820,T4F
42,0,0,1,176,green,2820,T4F
43,0,0,1,176,green,2820,T4F
44,0,0,1,176,green,2820,T4F
45,0,0,1,176,green,2820,T4F
46,0,0,1,176,green,2820,T4F
47,0,0,1,176,green,2820,T4F
48,0,0,1,176,green,2820,T4F
49,0,0,1,176,green,2820,T4F
50,0,0,1,176,green,2820,T4F
51,0,0,1,176,green,2820,T4F
52,0,0,1,176,green,2820,T4F
53,0,0,1,176,green,2820,T4F
54,0,0,1,176,green,2820,T4F
55,0,0,1,176,green,2820,T4F
56,0,0,1,176,green,2820,T4F
57,0,0,1,176,green,2820,T4F
58,0,0,1,176,green,2820,T4F
59,0,0,1,176,green,2820,T4F
60,0,0,1,176,green,2820,T4F
61,0,0,1,176,green,2820,T4F
62,0,0,1,176,green,2820,T4F
63,0,0,1,176,green,2820,T4F
64,0,0,1,176,green,2820,T4F
65,0,0,1,176,green,2820,T4F
66,0,0,1,176,green,2820,T4F
67,0,0,1,176,green,2820,T4F
68,0,0,1,176,green,2820,T4F
69,0,0,1,176,green,2820,T4F
70,0,0,1,176,green,2820,T4F
71,0,0,1,176,green,2820,T4F
72,0,0,1,176,green,2820,T4F
73,0,0,1,176,green,2820,T4F
74,0,0,1,176,green,2820,T4F
75,0,0,1,176,green,2820,T4F
76,0,0,1,176,green,2820,T4F
77,0,0,1,176,green,2820,T4F
78,0,0,1,176,green,2820,T4F
79,0,0,1,176,green,2820,T4F
80,0,0,1,176,green,2820,T4F
81,0,1,0,176,green,2820,T4F
82,0,1,0,176,green,2820,T4F
83,0,1,0,176,green,2820,T4F
84,0,1,0,176,green,2820,T4F
85,0,1,0,176,green,2820,T4F
86,0,1,0,176,green,2820,T4F
87,0,1,0,176,green,2820,T4F
88,0,1,0,176,green,2820,T4F
89,0,1,0,176,green,2820,T4F
90,0,1,0,176,green,2820,T4F
91,0,1,0,176,green,2820,T4F
92,0,1,0,176,green,2820,T4F
93,0,1,0,176,green,2820,T4F
94,0,1,0,176,green,2820,T4F
95,0,0,1,176,green,2820,T4F
96,0,0,1,176,green,2820,T4F
97,0,0,1,176,green,2820,T4F
98,0,0,1,176,green,2820,T4F
99,0,0,1,176,green,2820,T4F
100,0,0,1,176,green,2820,T4F
101,0,0,1,176,green,2820,T4F
102,0,0,1,176,green,2820,T4F
103,0,0,1,176,green,2820,T4F
104,0,0,1,176,green,2820,T4F
105,0,1,0,176,green,2820,T4F
106,0,1,0,176,green,2820,T4F
107,0,1,0,176,green,2820,T4F
108,0,1,0,176,green,2820,T4F
109,0,1,0,176,green,2820,T4F
110,0,1,0,176,green,2820,T4F
111,0,1,0,176,green,2820,T4F
112,0,1,0,176,green,2820,T4F
113,0,1,0,176,green,2820,T4F
114,0,1,0,176,green,2820,T4F
115,0,1,0,176,green,2820,T4F
116,0,1,0,176,green,2820,T4F
117,0,1,0,176,green,2820,T4F
118,0,1,0,176,green,2820,T4F
119,0,1,0,176,green,2820,T4F
120,0,1,0,176,green,2820,T4F
121,0,1,0,176,green,2820,T4F
122,0,1,0,176,green,2820,T4F
123,0,1,0,176,green,2820,T4F
124,0,1,0,176,green,2820,T4F
125,0,1,0,176,green,2820,T4F
126,0,1,0,176,green,2820,T4F
127,0,1,0,176,green,2820,T4F
128,0,1,0,176,green,2820,T4F
129,0,1,0,176,green,2820,T4F
130,0,1,0,176,green,2820,T4F
131,0,1,0,176,green,2820,T4F
132,0,1,0,176,green,2820,T4F
133,0,1,0,176,green,2820,T4F
134,0,1,0,176,green,2820,T4F
135,0,1,0,176,green,2820,T4F
136,0,1,0,176,green,2820,T4F
137,0,1,0,176,green,2820,T4F
138,0,1,0,176,green,2820,T4F
139,0,1,0,176,green,2820,T4F
140,0,1,0,176,green,2820,T4F
141,0,1,0,176,green,2820,T4F
142,0,1,0,176,green,2820,T4F
143,0,1,0,176,green,2820,T4F
144,0,1,0,176,green,2820,T4F
145,0,1,0,176,green,2820,T4F
146,0,1,0,176,green,2820,T4F
147,0,1,0,176,green,2820,T4F
148,0,1,0,176,green,2820,T4F
149,0,1,0,176,green,2820,T4F
150,0,1,0,176,green,2820,T4F
151,0,1,0,176,green,2820,T4F
152,0,1,0,176,green,2820,T4F
153,0,1,0,176,green,2820,T4F
154,0,1,0,176,green,2820,T4F
155,0,1,0,176,green,2820,T4F
156,0,1,0,176,green,2820,T4F
157,0,1,0,176,green,2820,T4F
158,0,1,0,176,green,2820,T4F
159,0,1,0,176,green,2820,T4F
160,0,1,0,176,green,2820,T4F
161,0,1,0,176,green,2820,T4F
162,0,1,0,176,green,2820,T4F
163,0,1,0,176,green,2820,T4F
164,0,1,0,176,green,2820,T4F
165,0,1,0,176,green,2820,T4F
166,0,1,0,176,green,2820,T4F
167,0,1,0,176,green,2820,T4F
168,0,1,0,176,green,2820,T4F
169,0,1,0,176,green,2820,T4F
170,0,1,0,176,green,2820,T4F
171,0,1,0,176,green,2820,T4F
172,0,1,0,176,green,2820,T4F
173,0,1,0,176,green,2820,T4F
174,0,1,0,176,green,2820,T4F
175,0,1,0,176,green,2820,T4F
176,0,1,0,176,green,2820,T4F
177,0,1,0,176,green,2820,T4F
178,0,1,0,176,green,2820,T4F
179,0,1,0,176,green,2820,T4F
180,0,1,0,176,green,2820,T4F
181,0,1,0,176,green,2820,T4F
182,0,1,0,176,green,2820,T4F
183,0,1,0,176,green,2820,T4F
184,0,1,0,176,green,2820,T4F
185,0,1,0,176,green,2820,T4F
186,0,1,0,176,green,2820,T4F
187,0,1,0,176,green,2820,T4F
188,0,1,0,176,green,2820,T4F
189,0,1,0,176,green,2820,T4F
190,0,1,0,176,green,2820,T4F
191,0,1,0,176,green,2820,T4F
192,0,1,0,176,green,2820,T4F
193,0,1,0,176,green,2820,T4F
194,0,1,0,176,green,2820,T4F
195,0,1,0,176,green,2820,T4F
196,0,1,0,176,green,2820,T4F
197,0,1,0,176,green,2820,T4F
198,0,1,0,176,green,2820,T4F
199,0,1,0,176,green,2820,T4F
200,0,1,0,176,green,2820,T4F
201,0,1,0,176,green,2820,T4F
202,0,1,0,176,green,2820,T4F
203,0,1,0,176,green,2820,T4F
204,0,1,0,176,green,2820,T4F
205,0,1,0,176,green,2820,T4F
206,0,1,0,176,green,2820,T4F
207,0,1,0,176,green,2820,T4F
208,0,1,0,176,green,2820,T4F
209,0,1,0,176,green,2820,T4F
210,0,1,0,176,green,2820,T4F
211,0,1,0,176,green,2820,T4F
212,0,1,0,176,green,2820,T4F
213,0,1,0,176,green,2820,T4F
214,0,1,0,176,green,2820,T4F
215,0,1,0,176,green,2820,T4F
216,0,1,0,176,green,2820,T4F
217,0,1,0,176,green,2820,T4F
218,0,1,0,176,green,2820,T4F
219,0,1,0,176,green,2820,T4F
220,0,1,0,176,green,2820,T4F
221,0,1,0,176,green,2820,T4F
222,0,1,0,176,green,2820,T4F
223,0,1,0,176,green,2820,T4F
224,0,1,0,176,green,2820,T4F
225,0,1,0,176,green,2820,T4F
226,0,1,0,176,green,2820,T4F
227,0,1,0,176,green,2820,T4F
228,0,1,0,176,green,2820,T4F
229,0,1,0,176,green,2820,T4F
230,0,1,0,176,green,2820,T4F
231,0,1,0,176,green,2820,T4F
232,0,1,0,176,green,2820,T4F
233,0,1,0,176,green,2820,T4F
234,0,1,0,176,green,2820,T4F
235,0,1,0,176,green,2820,T4F
236,0,1,0,176,green,2820,T4F
237,0,1,0,176,green,2820,T4F
238,0,1,0,176,green,2820,T4F
239,0,1,0,176,green,2820,T4F
240,0,1,0,176,green,2820,T4F
241,0,1,0,176,green,2820,T4F
242,0,1,0,176,green,2820,T4F
243,0,1,0,176,green,2820,T4F
244,0,1,0,176,green,2820,T4F
245,0,1,0,176,green,2820,T4F
246,0,1,0,176,green,2820,T4F
247,0,1,0,176,green,2820,T4F
248,0,1,0,176,green,2820,T4F
249,0,1,0,176,green,2820,T4F
250,0,1,0,176,green,2820,T4F
251,0,1,0,176,green,2820,T4F
252,0,1,0,176,green,2820,T4F
253,0,1,0,176,green,2820,T4F
254,0,1,0,176,green,2820,T4F
255,0,1,0,176,green,2820,T4F
256,0,1,0,176,green,2820,T4F
257,0,1,0,176,green,2820,T4F
258,0,1,0,176,green,2820,T4F
259,0,1,0,176,green,2820,T4F
260,0,1,0,176,green,2820,T4F
261,0,1,0,176,green,2820,T4F
262,0,1,0,176,green,2820,T4F
263,0,1,0,176,green,2820,T4F
264,0,1,0,176,green,2820,T4F
265,0,1,0,176,green,2820,T4F
266,0,1,0,176,green,2820,T4F
267,0,1,0,176,green,2820,T4F
268,0,1,0,176,green,2820,T4F
269,0,1,0,176,green,2820,T4F
270,0,1,0,176,green,2820,T4F
271,0,1,0,176,green,2820,T4F
272,0,1,0,176,green,2820,T4F
273,0,1,0,176,green,2820,T4F
274,0,1,0,176,green,2820,T4F
275,0,1,0,176,green,2820,T4F
276,0,1,0,176,green,2820,T4F
277,0,1,0,176,green,2820,T4F
278,0,1,0,176,green,2820,T4F
279,0,1,0,176,green,2820,T4F
280,0,1,0,176,green,2820,T4F
281,0,1,0,176,green,2820,T4F
282,0,1,0,176,green,2820,T4F
0,0,0,1,177,green,2583,T4F
1,0,0,1,177,green,2583,T4F
2,0,0,1,177,green,2583,T4F
3,0,0,1,177,green,2583,T4F
4,0,0,1,177,green,2583,T4F
5,0,0,1,177,green,2583,T4F
6,0,0,1,177,green,2583,T4F
7,0,0,1,177,green,2583,T4F
8,0,0,1,177,green,2583,T4F
9,0,0,1,177,green,2583,T4F
10,0,0,1,177,green,2583,T4F
11,0,0,1,177,green,2583,T4F
12,0,0,1,177,green,2583,T4F
13,0,0,1,177,green,2583,T4F
14,0,0,1,177,green,2583,T4F
15,0,0,1,177,green,2583,T4F
16,0,0,1,177,green,2583,T4F
17,0,0,1,177,green,2583,T4F
18,0,0,1,177,green,2583,T4F
19,0,0,1,177,green,2583,T4F
20,0,0,1,177,green,2583,T4F
21,0,0,1,177,green,2583,T4F
22,0,0,1,177,green,2583,T4F
23,0,0,1,177,green,2583,T4F
24,0,0,1,177,green,2583,T4F
25,0,0,1,177,green,2583,T4F
26,0,0,1,177,green,2583,T4F
27,0,0,1,177,green,2583,T4F
28,0,0,1,177,green,2583,T4F
29,0,0,1,177,green,2583,T4F
30,0,0,1,177,green,2583,T4F
31,0,0,1,177,green,2583,T4F
32,0,0,1,177,green,2583,T4F
33,0,0,1,177,green,2583,T4F
34,0,0,1,177,green,2583,T4F
35,0,0,1,177,green,2583,T4F
36,0,0,1,177,green,2583,T4F
37,0,0,1,177,green,2583,T4F
38,0,0,1,177,green,2583,T4F
39,0,0,1,177,green,2583,T4F
40,0,0,1,177,green,2583,T4F
41,0,0,1,177,green,2583,T4F
42,0,0,1,177,green,2583,T4F
43,0,0,1,177,green,2583,T4F
44,0,0,1,177,green,2583,T4F
45,0,0,1,177,green,2583,T4F
46,0,0,1,177,green,2583,T4F
47,0,0,1,177,green,2583,T4F
48,0,0,1,177,green,2583,T4F
49,0,0,1,177,green,2583,T4F
50,0,0,1,177,green,2583,T4F
51,0,0,1,177,green,2583,T4F
52,0,0,1,177,green,2583,T4F
53,0,0,1,177,green,2583,T4F
54,0,0,1,177,green,2583,T4F
55,0,0,1,177,green,2583,T4F
56,0,0,1,177,green,2583,T4F
57,0,0,1,177,green,2583,T4F
58,0,0,1,177,green,2583,T4F
59,0,0,1,177,green,2583,T4F
60,0,0,1,177,green,2583,T4F
61,0,0,1,177,green,2583,T4F
62,0,0,1,177,green,2583,T4F
63,0,0,1,177,green,2583,T4F
64,0,0,1,177,green,2583,T4F
65,0,0,1,177,green,2583,T4F
66,0,0,1,177,green,2583,T4F
67,0,0,1,177,green,2583,T4F
68,0,0,1,177,green,2583,T4F
69,0,0,1,177,green,2583,T4F
70,0,0,1,177,green,2583,T4F
71,0,0,1,177,green,2583,T4F
72,0,0,1,177,green,2583,T4F
73,0,0,1,177,green,2583,T4F
74,0,0,1,177,green,2583,T4F
75,0,0,1,177,green,2583,T4F
76,0,0,1,177,green,2583,T4F
77,0,0,1,177,green,2583,T4F
78,0,0,1,177,green,2583,T4F
79,0,0,1,177,green,2583,T4F
80,0,0,1,177,green,2583,T4F
81,0,0,1,177,green,2583,T4F
82,0,0,1,177,green,2583,T4F
83,0,0,1,177,green,2583,T4F
84,0,0,1,177,green,2583,T4F
85,0,0,1,177,green,2583,T4F
86,0,0,1,177,green,2583,T4F
87,0,0,1,177,green,2583,T4F
88,0,0,1,177,green,2583,T4F
89,0,0,1,177,green,2583,T4F
90,0,0,1,177,green,2583,T4F
91,0,0,1,177,green,2583,T4F
92,0,0,1,177,green,2583,T4F
93,0,0,1,177,green,2583,T4F
94,0,0,1,177,green,2583,T4F
95,0,0,1,177,green,2583,T4F
96,0,0,1,177,green,2583,T4F
97,0,0,1,177,green,2583,T4F
98,0,0,1,177,green,2583,T4F
99,0,0,1,177,green,2583,T4F
100,0,0,1,177,green,2583,T4F
101,0,0,1,177,green,2583,T4F
102,0,0,1,177,green,2583,T4F
103,0,0,1,177,green,2583,T4F
104,0,0,1,177,green,2583,T4F
105,0,0,1,177,green,2583,T4F
106,0,0,1,177,green,2583,T4F
107,0,0,1,177,green,2583,T4F
108,0,0,1,177,green,2583,T4F
109,0,0,1,177,green,2583,T4F
110,0,0,1,177,green,2583,T4F
111,0,0,1,177,green,2583,T4F
112,0,0,1,177,green,2583,T4F
113,0,0,1,177,green,2583,T4F
114,0,0,1,177,green,2583,T4F
115,0,0,1,177,green,2583,T4F
116,0,0,1,177,green,2583,T4F
117,0,0,1,177,green,2583,T4F
118,0,0,1,177,green,2583,T4F
119,0,0,1,177,green,2583,T4F
120,0,0,1,177,green,2583,T4F
121,0,0,1,177,green,2583,T4F
122,0,0,1,177,green,2583,T4F
123,0,0,1,177,green,2583,T4F
124,0,0,1,177,green,2583,T4F
125,0,0,1,177,green,2583,T4F
126,0,0,1,177,green,2583,T4F
127,0,0,1,177,green,2583,T4F
128,0,0,1,177,green,2583,T4F
129,0,0,1,177,green,2583,T4F
130,0,0,1,177,green,2583,T4F
131,0,0,1,177,green,2583,T4F
132,0,0,1,177,green,2583,T4F
133,0,0,1,177,green,2583,T4F
134,0,0,1,177,green,2583,T4F
135,0,0,1,177,green,2583,T4F
136,0,0,1,177,green,2583,T4F
137,0,0,1,177,green,2583,T4F
138,0,0,1,177,green,2583,T4F
139,0,0,1,177,green,2583,T4F
140,0,0,1,177,green,2583,T4F
141,0,0,1,177,green,2583,T4F
142,0,0,1,177,green,2583,T4F
143,0,0,1,177,green,2583,T4F
144,0,0,1,177,green,2583,T4F
145,0,0,1,177,green,2583,T4F
146,0,0,1,177,green,2583,T4F
147,0,0,1,177,green,2583,T4F
148,0,0,1,177,green,2583,T4F
149,0,0,1,177,green,2583,T4F
150,0,0,1,177,green,2583,T4F
151,0,0,1,177,green,2583,T4F
152,0,0,1,177,green,2583,T4F
153,0,0,1,177,green,2583,T4F
154,0,0,1,177,green,2583,T4F
155,0,0,1,177,green,2583,T4F
156,0,0,1,177,green,2583,T4F
157,0,0,1,177,green,2583,T4F
158,0,0,1,177,green,2583,T4F
159,0,0,1,177,green,2583,T4F
160,0,0,1,177,green,2583,T4F
161,0,0,1,177,green,2583,T4F
162,0,0,1,177,green,2583,T4F
163,0,0,1,177,green,2583,T4F
164,0,0,1,177,green,2583,T4F
165,0,0,1,177,green,2583,T4F
166,0,0,1,177,green,2583,T4F
167,0,0,1,177,green,2583,T4F
168,0,0,1,177,green,2583,T4F
169,0,0,1,177,green,2583,T4F
170,0,0,1,177,green,2583,T4F
171,0,0,1,177,green,2583,T4F
172,0,0,1,177,green,2583,T4F
173,0,0,1,177,green,2583,T4F
174,0,0,1,177,green,2583,T4F
175,0,0,1,177,green,2583,T4F
176,0,0,1,177,green,2583,T4F
177,0,0,1,177,green,2583,T4F
178,0,0,1,177,green,2583,T4F
179,0,0,1,177,green,2583,T4F
180,0,0,1,177,green,2583,T4F
181,0,0,1,177,green,2583,T4F
182,0,0,1,177,green,2583,T4F
183,0,0,1,177,green,2583,T4F
184,0,0,1,177,green,2583,T4F
185,0,0,1,177,green,2583,T4F
186,0,0,1,177,green,2583,T4F
187,0,0,1,177,green,2583,T4F
188,0,0,1,177,green,2583,T4F
189,0,0,1,177,green,2583,T4F
190,0,0,1,177,green,2583,T4F
191,1,0,0,177,green,2583,T4F
192,1,0,0,177,green,2583,T4F
193,1,0,0,177,green,2583,T4F
194,1,0,0,177,green,2583,T4F
195,1,0,0,177,green,2583,T4F
196,1,0,0,177,green,2583,T4F
197,1,0,0,177,green,2583,T4F
198,1,0,0,177,green,2583,T4F
199,1,0,0,177,green,2583,T4F
200,1,0,0,177,green,2583,T4F
201,1,0,0,177,green,2583,T4F
202,1,0,0,177,green,2583,T4F
203,1,0,0,177,green,2583,T4F
204,1,0,0,177,green,2583,T4F
205,1,0,0,177,green,2583,T4F
206,1,0,0,177,green,2583,T4F
207,1,0,0,177,green,2583,T4F
208,1,0,0,177,green,2583,T4F
209,1,0,0,177,green,2583,T4F
210,1,0,0,177,green,2583,T4F
211,1,0,0,177,green,2583,T4F
212,1,0,0,177,green,2583,T4F
213,1,0,0,177,green,2583,T4F
214,1,0,0,177,green,2583,T4F
215,1,0,0,177,green,2583,T4F
216,1,0,0,177,green,2583,T4F
217,1,0,0,177,green,2583,T4F
218,1,0,0,177,green,2583,T4F
219,1,0,0,177,green,2583,T4F
220,1,0,0,177,green,2583,T4F
221,1,0,0,177,green,2583,T4F
222,1,0,0,177,green,2583,T4F
223,1,0,0,177,green,2583,T4F
224,1,0,0,177,green,2583,T4F
225,1,0,0,177,green,2583,T4F
226,1,0,0,177,green,2583,T4F
227,1,0,0,177,green,2583,T4F
228,1,0,0,177,green,2583,T4F
229,1,0,0,177,green,2583,T4F
230,1,0,0,177,green,2583,T4F
231,1,0,0,177,green,2583,T4F
232,1,0,0,177,green,2583,T4F
233,1,0,0,177,green,2583,T4F
234,1,0,0,177,green,2583,T4F
235,1,0,0,177,green,2583,T4F
236,1,0,0,177,green,2583,T4F
237,1,0,0,177,green,2583,T4F
238,1,0,0,177,green,2583,T4F
239,1,0,0,177,green,2583,T4F
240,1,0,0,177,green,2583,T4F
241,1,0,0,177,green,2583,T4F
242,1,0,0,177,green,2583,T4F
243,1,0,0,177,green,2583,T4F
244,1,0,0,177,green,2583,T4F
245,1,0,0,177,green,2583,T4F
246,1,0,0,177,green,2583,T4F
247,1,0,0,177,green,2583,T4F
248,1,0,0,177,green,2583,T4F
249,1,0,0,177,green,2583,T4F
250,1,0,0,177,green,2583,T4F
251,1,0,0,177,green,2583,T4F
252,1,0,0,177,green,2583,T4F
253,1,0,0,177,green,2583,T4F
254,1,0,0,177,green,2583,T4F
255,1,0,0,177,green,2583,T4F
256,1,0,0,177,green,2583,T4F
257,1,0,0,177,green,2583,T4F
258,1,0,0,177,green,2583,T4F
259,1,0,0,177,green,2583,T4F
260,0,0,1,177,green,2583,T4F
261,0,1,0,177,green,2583,T4F
262,0,1,0,177,green,2583,T4F
263,0,1,0,177,green,2583,T4F
264,0,1,0,177,green,2583,T4F
265,0,1,0,177,green,2583,T4F
266,0,1,0,177,green,2583,T4F
267,0,1,0,177,green,2583,T4F
268,0,1,0,177,green,2583,T4F
269,0,1,0,177,green,2583,T4F
270,0,1,0,177,green,2583,T4F
271,0,1,0,177,green,2583,T4F
272,0,1,0,177,green,2583,T4F
273,0,1,0,177,green,2583,T4F
274,0,1,0,177,green,2583,T4F
275,0,1,0,177,green,2583,T4F
276,0,1,0,177,green,2583,T4F
277,0,1,0,177,green,2583,T4F
278,0,1,0,177,green,2583,T4F
279,0,1,0,177,green,2583,T4F
280,0,1,0,177,green,2583,T4F
281,0,1,0,177,green,2583,T4F
282,0,1,0,177,green,2583,T4F
0,0,0,1,178,green,2620,T4F
1,0,0,1,178,green,2620,T4F
2,0,0,1,178,green,2620,T4F
3,0,0,1,178,green,2620,T4F
4,0,0,1,178,green,2620,T4F
5,0,0,1,178,green,2620,T4F
6,0,0,1,178,green,2620,T4F
7,0,0,1,178,green,2620,T4F
8,0,0,1,178,green,2620,T4F
9,0,0,1,178,green,2620,T4F
10,0,0,1,178,green,2620,T4F
11,0,0,1,178,green,2620,T4F
12,0,0,1,178,green,2620,T4F
13,0,0,1,178,green,2620,T4F
14,0,0,1,178,green,2620,T4F
15,0,0,1,178,green,2620,T4F
16,0,0,1,178,green,2620,T4F
17,0,0,1,178,green,2620,T4F
18,0,0,1,178,green,2620,T4F
19,0,0,1,178,green,2620,T4F
20,0,0,1,178,green,2620,T4F
21,0,0,1,178,green,2620,T4F
22,0,0,1,178,green,2620,T4F
23,0,0,1,178,green,2620,T4F
24,0,0,1,178,green,2620,T4F
25,0,0,1,178,green,2620,T4F
26,0,0,1,178,green,2620,T4F
27,0,0,1,178,green,2620,T4F
28,0,0,1,178,green,2620,T4F
29,0,0,1,178,green,2620,T4F
30,0,0,1,178,green,2620,T4F
31,0,0,1,178,green,2620,T4F
32,0,0,1,178,green,2620,T4F
33,0,0,1,178,green,2620,T4F
34,0,0,1,178,green,2620,T4F
35,0,0,1,178,green,2620,T4F
36,0,0,1,178,green,2620,T4F
37,0,0,1,178,green,2620,T4F
38,0,0,1,178,green,2620,T4F
39,0,0,1,178,green,2620,T4F
40,0,0,1,178,green,2620,T4F
41,0,0,1,178,green,2620,T4F
42,0,0,1,178,green,2620,T4F
43,0,0,1,178,green,2620,T4F
44,0,0,1,178,green,2620,T4F
45,0,0,1,178,green,2620,T4F
46,0,0,1,178,green,2620,T4F
47,0,0,1,178,green,2620,T4F
48,0,0,1,178,green,2620,T4F
49,0,0,1,178,green,2620,T4F
50,0,0,1,178,green,2620,T4F
51,0,0,1,178,green,2620,T4F
52,0,0,1,178,green,2620,T4F
53,0,0,1,178,green,2620,T4F
54,0,0,1,178,green,2620,T4F
55,0,0,1,178,green,2620,T4F
56,0,0,1,178,green,2620,T4F
57,0,0,1,178,green,2620,T4F
58,0,0,1,178,green,2620,T4F
59,0,0,1,178,green,2620,T4F
60,0,0,1,178,green,2620,T4F
61,0,0,1,178,green,2620,T4F
62,0,0,1,178,green,2620,T4F
63,0,0,1,178,green,2620,T4F
64,0,0,1,178,green,2620,T4F
65,0,0,1,178,green,2620,T4F
66,0,0,1,178,green,2620,T4F
67,0,0,1,178,green,2620,T4F
68,0,0,1,178,green,2620,T4F
69,0,0,1,178,green,2620,T4F
70,0,0,1,178,green,2620,T4F
71,0,0,1,178,green,2620,T4F
72,0,0,1,178,green,2620,T4F
73,0,0,1,178,green,2620,T4F
74,0,0,1,178,green,2620,T4F
75,0,0,1,178,green,2620,T4F
76,0,0,1,178,green,2620,T4F
77,0,0,1,178,green,2620,T4F
78,0,0,1,178,green,2620,T4F
79,0,0,1,178,green,2620,T4F
80,0,0,1,178,green,2620,T4F
81,0,0,1,178,green,2620,T4F
82,0,0,1,178,green,2620,T4F
83,0,0,1,178,green,2620,T4F
84,0,0,1,178,green,2620,T4F
85,0,0,1,178,green,2620,T4F
86,0,0,1,178,green,2620,T4F
87,0,0,1,178,green,2620,T4F
88,0,0,1,178,green,2620,T4F
89,0,0,1,178,green,2620,T4F
90,0,0,1,178,green,2620,T4F
91,0,0,1,178,green,2620,T4F
92,0,0,1,178,green,2620,T4F
93,0,1,0,178,green,2620,T4F
94,0,1,0,178,green,2620,T4F
95,0,1,0,178,green,2620,T4F
96,0,1,0,178,green,2620,T4F
97,0,1,0,178,green,2620,T4F
98,0,1,0,178,green,2620,T4F
99,0,1,0,178,green,2620,T4F
100,0,1,0,178,green,2620,T4F
101,0,1,0,178,green,2620,T4F
102,0,1,0,178,green,2620,T4F
103,0,1,0,178,green,2620,T4F
104,0,1,0,178,green,2620,T4F
105,0,1,0,178,green,2620,T4F
106,0,1,0,178,green,2620,T4F
107,0,1,0,178,green,2620,T4F
108,0,0,1,178,green,2620,T4F
109,0,0,1,178,green,2620,T4F
110,1,0,0,178,green,2620,T4F
111,1,0,0,178,green,2620,T4F
112,1,0,0,178,green,2620,T4F
113,1,0,0,178,green,2620,T4F
114,1,0,0,178,green,2620,T4F
115,1,0,0,178,green,2620,T4F
116,1,0,0,178,green,2620,T4F
117,1,0,0,178,green,2620,T4F
118,1,0,0,178,green,2620,T4F
119,1,0,0,178,green,2620,T4F
120,1,0,0,178,green,2620,T4F
121,1,0,0,178,green,2620,T4F
122,1,0,0,178,green,2620,T4F
123,1,0,0,178,green,2620,T4F
124,1,0,0,178,green,2620,T4F
125,1,0,0,178,green,2620,T4F
126,1,0,0,178,green,2620,T4F
127,1,0,0,178,green,2620,T4F
128,1,0,0,178,green,2620,T4F
129,1,0,0,178,green,2620,T4F
130,1,0,0,178,green,2620,T4F
131,1,0,0,178,green,2620,T4F
132,1,0,0,178,green,2620,T4F
133,1,0,0,178,green,2620,T4F
134,1,0,0,178,green,2620,T4F
135,1,0,0,178,green,2620,T4F
136,1,0,0,178,green,2620,T4F
137,0,0,1,178,green,2620,T4F
138,0,0,1,178,green,2620,T4F
139,0,0,1,178,green,2620,T4F
140,0,0,1,178,green,2620,T4F
141,0,0,1,178,green,2620,T4F
142,0,0,1,178,green,2620,T4F
143,1,0,0,178,green,2620,T4F
144,1,0,0,178,green,2620,T4F
145,1,0,0,178,green,2620,T4F
146,1,0,0,178,green,2620,T4F
147,1,0,0,178,green,2620,T4F
148,1,0,0,178,green,2620,T4F
149,1,0,0,178,green,2620,T4F
150,1,0,0,178,green,2620,T4F
151,1,0,0,178,green,2620,T4F
152,1,0,0,178,green,2620,T4F
153,1,0,0,178,green,2620,T4F
154,1,0,0,178,green,2620,T4F
155,1,0,0,178,green,2620,T4F
156,1,0,0,178,green,2620,T4F
157,1,0,0,178,green,2620,T4F
158,1,0,0,178,green,2620,T4F
159,1,0,0,178,green,2620,T4F
160,1,0,0,178,green,2620,T4F
161,1,0,0,178,green,2620,T4F
162,1,0,0,178,green,2620,T4F
163,1,0,0,178,green,2620,T4F
164,1,0,0,178,green,2620,T4F
165,1,0,0,178,green,2620,T4F
166,1,0,0,178,green,2620,T4F
167,1,0,0,178,green,2620,T4F
168,1,0,0,178,green,2620,T4F
169,1,0,0,178,green,2620,T4F
170,1,0,0,178,green,2620,T4F
171,1,0,0,178,green,2620,T4F
172,1,0,0,178,green,2620,T4F
173,1,0,0,178,green,2620,T4F
174,1,0,0,178,green,2620,T4F
175,1,0,0,178,green,2620,T4F
176,1,0,0,178,green,2620,T4F
177,1,0,0,178,green,2620,T4F
178,0,0,1,178,green,2620,T4F
179,0,0,1,178,green,2620,T4F
180,0,0,1,178,green,2620,T4F
181,0,0,1,178,green,2620,T4F
182,0,0,1,178,green,2620,T4F
183,0,0,1,178,green,2620,T4F
184,0,0,1,178,green,2620,T4F
185,0,0,1,178,green,2620,T4F
186,1,0,0,178,green,2620,T4F
187,1,0,0,178,green,2620,T4F
188,1,0,0,178,green,2620,T4F
189,1,0,0,178,green,2620,T4F
190,1,0,0,178,green,2620,T4F
191,1,0,0,178,green,2620,T4F
192,1,0,0,178,green,2620,T4F
193,1,0,0,178,green,2620,T4F
194,1,0,0,178,green,2620,T4F
195,1,0,0,178,green,2620,T4F
196,1,0,0,178,green,2620,T4F
197,1,0,0,178,green,2620,T4F
198,1,0,0,178,green,2620,T4F
199,1,0,0,178,green,2620,T4F
200,1,0,0,178,green,2620,T4F
201,1,0,0,178,green,2620,T4F
202,1,0,0,178,green,2620,T4F
203,1,0,0,178,green,2620,T4F
204,1,0,0,178,green,2620,T4F
205,1,0,0,178,green,2620,T4F
206,1,0,0,178,green,2620,T4F
207,1,0,0,178,green,2620,T4F
208,1,0,0,178,green,2620,T4F
209,1,0,0,178,green,2620,T4F
210,0,0,1,178,green,2620,T4F
211,0,0,1,178,green,2620,T4F
212,0,0,1,178,green,2620,T4F
213,0,0,1,178,green,2620,T4F
214,0,0,1,178,green,2620,T4F
215,0,0,1,178,green,2620,T4F
216,0,0,1,178,green,2620,T4F
217,0,0,1,178,green,2620,T4F
218,0,0,1,178,green,2620,T4F
219,0,0,1,178,green,2620,T4F
220,1,0,0,178,green,2620,T4F
221,1,0,0,178,green,2620,T4F
222,1,0,0,178,green,2620,T4F
223,1,0,0,178,green,2620,T4F
224,1,0,0,178,green,2620,T4F
225,1,0,0,178,green,2620,T4F
226,1,0,0,178,green,2620,T4F
227,1,0,0,178,green,2620,T4F
228,1,0,0,178,green,2620,T4F
229,1,0,0,178,green,2620,T4F
230,1,0,0,178,green,2620,T4F
231,1,0,0,178,green,2620,T4F
232,1,0,0,178,green,2620,T4F
233,1,0,0,178,green,2620,T4F
234,1,0,0,178,green,2620,T4F
235,1,0,0,178,green,2620,T4F
236,1,0,0,178,green,2620,T4F
237,1,0,0,178,green,2620,T4F
238,1,0,0,178,green,2620,T4F
239,0,0,1,178,green,2620,T4F
240,0,0,1,178,green,2620,T4F
241,0,0,1,178,green,2620,T4F
242,0,0,1,178,green,2620,T4F
243,0,0,1,178,green,2620,T4F
244,0,0,1,178,green,2620,T4F
245,0,0,1,178,green,2620,T4F
246,0,0,1,178,green,2620,T4F
247,0,0,1,178,green,2620,T4F
248,0,0,1,178,green,2620,T4F
249,0,0,1,178,green,2620,T4F
250,1,0,0,178,green,2620,T4F
251,1,0,0,178,green,2620,T4F
252,1,0,0,178,green,2620,T4F
253,1,0,0,178,green,2620,T4F
254,1,0,0,178,green,2620,T4F
255,1,0,0,178,green,2620,T4F
256,1,0,0,178,green,2620,T4F
257,1,0,0,178,green,2620,T4F
258,1,0,0,178,green,2620,T4F
259,1,0,0,178,green,2620,T4F
260,1,0,0,178,green,2620,T4F
261,1,0,0,178,green,2620,T4F
262,1,0,0,178,green,2620,T4F
263,1,0,0,178,green,2620,T4F
264,1,0,0,178,green,2620,T4F
265,1,0,0,178,green,2620,T4F
266,1,0,0,178,green,2620,T4F
267,0,0,1,178,green,2620,T4F
268,0,0,1,178,green,2620,T4F
269,0,0,1,178,green,2620,T4F
270,0,0,1,178,green,2620,T4F
271,0,0,1,178,green,2620,T4F
272,0,0,1,178,green,2620,T4F
273,0,0,1,178,green,2620,T4F
274,0,1,0,178,green,2620,T4F
275,0,1,0,178,green,2620,T4F
276,0,1,0,178,green,2620,T4F
277,0,1,0,178,green,2620,T4F
278,0,1,0,178,green,2620,T4F
279,0,1,0,178,green,2620,T4F
280,0,1,0,178,green,2620,T4F
281,0,1,0,178,green,2620,T4F
282,0,1,0,178,green,2620,T4F
0,0,0,1,179,green,2734,T4F
1,0,0,1,179,green,2734,T4F
2,0,0,1,179,green,2734,T4F
3,0,0,1,179,green,2734,T4F
4,0,0,1,179,green,2734,T4F
5,0,0,1,179,green,2734,T4F
6,0,0,1,179,green,2734,T4F
7,0,0,1,179,green,2734,T4F
8,0,0,1,179,green,2734,T4F
9,0,0,1,179,green,2734,T4F
10,0,0,1,179,green,2734,T4F
11,0,0,1,179,green,2734,T4F
12,0,0,1,179,green,2734,T4F
13,0,0,1,179,green,2734,T4F
14,0,0,1,179,green,2734,T4F
15,0,0,1,179,green,2734,T4F
16,1,0,0,179,green,2734,T4F
17,1,0,0,179,green,2734,T4F
18,1,0,0,179,green,2734,T4F
19,1,0,0,179,green,2734,T4F
20,1,0,0,179,green,2734,T4F
21,1,0,0,179,green,2734,T4F
22,1,0,0,179,green,2734,T4F
23,1,0,0,179,green,2734,T4F
24,1,0,0,179,green,2734,T4F
25,1,0,0,179,green,2734,T4F
26,1,0,0,179,green,2734,T4F
27,1,0,0,179,green,2734,T4F
28,1,0,0,179,green,2734,T4F
29,1,0,0,179,green,2734,T4F
30,0,0,1,179,green,2734,T4F
31,0,0,1,179,green,2734,T4F
32,0,0,1,179,green,2734,T4F
33,0,0,1,179,green,2734,T4F
34,0,0,1,179,green,2734,T4F
35,0,0,1,179,green,2734,T4F
36,0,0,1,179,green,2734,T4F
37,0,0,1,179,green,2734,T4F
38,0,0,1,179,green,2734,T4F
39,0,0,1,179,green,2734,T4F
40,0,0,1,179,green,2734,T4F
41,0,0,1,179,green,2734,T4F
42,0,0,1,179,green,2734,T4F
43,0,0,1,179,green,2734,T4F
44,0,0,1,179,green,2734,T4F
45,0,0,1,179,green,2734,T4F
46,0,0,1,179,green,2734,T4F
47,0,0,1,179,green,2734,T4F
48,0,0,1,179,green,2734,T4F
49,0,0,1,179,green,2734,T4F
50,0,0,1,179,green,2734,T4F
51,0,0,1,179,green,2734,T4F
52,0,0,1,179,green,2734,T4F
53,0,0,1,179,green,2734,T4F
54,0,0,1,179,green,2734,T4F
55,0,0,1,179,green,2734,T4F
56,0,0,1,179,green,2734,T4F
57,0,0,1,179,green,2734,T4F
58,0,0,1,179,green,2734,T4F
59,0,0,1,179,green,2734,T4F
60,0,0,1,179,green,2734,T4F
61,1,0,0,179,green,2734,T4F
62,1,0,0,179,green,2734,T4F
63,1,0,0,179,green,2734,T4F
64,1,0,0,179,green,2734,T4F
65,1,0,0,179,green,2734,T4F
66,0,0,1,179,green,2734,T4F
67,0,0,1,179,green,2734,T4F
68,0,0,1,179,green,2734,T4F
69,0,0,1,179,green,2734,T4F
70,0,0,1,179,green,2734,T4F
71,0,0,1,179,green,2734,T4F
72,0,1,0,179,green,2734,T4F
73,0,1,0,179,green,2734,T4F
74,0,1,0,179,green,2734,T4F
75,0,1,0,179,green,2734,T4F
76,0,1,0,179,green,2734,T4F
77,0,1,0,179,green,2734,T4F
78,0,1,0,179,green,2734,T4F
79,0,1,0,179,green,2734,T4F
80,0,1,0,179,green,2734,T4F
81,0,1,0,179,green,2734,T4F
82,0,1,0,179,green,2734,T4F
83,0,1,0,179,green,2734,T4F
84,0,1,0,179,green,2734,T4F
85,0,1,0,179,green,2734,T4F
86,0,1,0,179,green,2734,T4F
87,0,1,0,179,green,2734,T4F
88,0,1,0,179,green,2734,T4F
89,0,1,0,179,green,2734,T4F
90,0,1,0,179,green,2734,T4F
91,0,1,0,179,green,2734,T4F
92,0,1,0,179,green,2734,T4F
93,0,1,0,179,green,2734,T4F
94,0,1,0,179,green,2734,T4F
95,0,1,0,179,green,2734,T4F
96,0,1,0,179,green,2734,T4F
97,0,0,1,179,green,2734,T4F
98,0,0,1,179,green,2734,T4F
99,0,0,1,179,green,2734,T4F
100,0,0,1,179,green,2734,T4F
101,0,0,1,179,green,2734,T4F
102,0,0,1,179,green,2734,T4F
103,1,0,0,179,green,2734,T4F
104,1,0,0,179,green,2734,T4F
105,1,0,0,179,green,2734,T4F
106,1,0,0,179,green,2734,T4F
107,1,0,0,179,green,2734,T4F
108,1,0,0,179,green,2734,T4F
109,1,0,0,179,green,2734,T4F
110,1,0,0,179,green,2734,T4F
111,1,0,0,179,green,2734,T4F
112,1,0,0,179,green,2734,T4F
113,1,0,0,179,green,2734,T4F
114,1,0,0,179,green,2734,T4F
115,1,0,0,179,green,2734,T4F
116,1,0,0,179,green,2734,T4F
117,1,0,0,179,green,2734,T4F
118,1,0,0,179,green,2734,T4F
119,1,0,0,179,green,2734,T4F
120,1,0,0,179,green,2734,T4F
121,1,0,0,179,green,2734,T4F
122,0,0,1,179,green,2734,T4F
123,0,0,1,179,green,2734,T4F
124,0,0,1,179,green,2734,T4F
125,0,0,1,179,green,2734,T4F
126,0,1,0,179,green,2734,T4F
127,0,1,0,179,green,2734,T4F
128,0,1,0,179,green,2734,T4F
129,0,1,0,179,green,2734,T4F
130,0,1,0,179,green,2734,T4F
131,0,1,0,179,green,2734,T4F
132,0,1,0,179,green,2734,T4F
133,0,1,0,179,green,2734,T4F
134,0,1,0,179,green,2734,T4F
135,0,1,0,179,green,2734,T4F
136,0,1,0,179,green,2734,T4F
137,0,1,0,179,green,2734,T4F
138,0,1,0,179,green,2734,T4F
139,0,1,0,179,green,2734,T4F
140,0,1,0,179,green,2734,T4F
141,0,1,0,179,green,2734,T4F
142,0,1,0,179,green,2734,T4F
143,0,1,0,179,green,2734,T4F
144,0,1,0,179,green,2734,T4F
145,0,1,0,179,green,2734,T4F
146,0,1,0,179,green,2734,T4F
147,0,1,0,179,green,2734,T4F
148,0,1,0,179,green,2734,T4F
149,0,1,0,179,green,2734,T4F
150,0,1,0,179,green,2734,T4F
151,0,1,0,179,green,2734,T4F
152,0,1,0,179,green,2734,T4F
153,0,1,0,179,green,2734,T4F
154,0,0,1,179,green,2734,T4F
155,0,0,1,179,green,2734,T4F
156,0,0,1,179,green,2734,T4F
157,1,0,0,179,green,2734,T4F
158,1,0,0,179,green,2734,T4F
159,1,0,0,179,green,2734,T4F
160,1,0,0,179,green,2734,T4F
161,1,0,0,179,green,2734,T4F
162,1,0,0,179,green,2734,T4F
163,1,0,0,179,green,2734,T4F
164,1,0,0,179,green,2734,T4F
165,1,0,0,179,green,2734,T4F
166,1,0,0,179,green,2734,T4F
167,1,0,0,179,green,2734,T4F
168,1,0,0,179,green,2734,T4F
169,1,0,0,179,green,2734,T4F
170,1,0,0,179,green,2734,T4F
171,1,0,0,179,green,2734,T4F
172,1,0,0,179,green,2734,T4F
173,1,0,0,179,green,2734,T4F
174,1,0,0,179,green,2734,T4F
175,1,0,0,179,green,2734,T4F
176,1,0,0,179,green,2734,T4F
177,1,0,0,179,green,2734,T4F
178,1,0,0,179,green,2734,T4F
179,1,0,0,179,green,2734,T4F
180,1,0,0,179,green,2734,T4F
181,1,0,0,179,green,2734,T4F
182,1,0,0,179,green,2734,T4F
183,1,0,0,179,green,2734,T4F
184,1,0,0,179,green,2734,T4F
185,1,0,0,179,green,2734,T4F
186,1,0,0,179,green,2734,T4F
187,1,0,0,179,green,2734,T4F
188,0,0,1,179,green,2734,T4F
189,0,0,1,179,green,2734,T4F
190,0,0,1,179,green,2734,T4F
191,0,1,0,179,green,2734,T4F
192,0,1,0,179,green,2734,T4F
193,0,1,0,179,green,2734,T4F
194,0,1,0,179,green,2734,T4F
195,0,1,0,179,green,2734,T4F
196,0,1,0,179,green,2734,T4F
197,0,1,0,179,green,2734,T4F
198,0,1,0,179,green,2734,T4F
199,0,1,0,179,green,2734,T4F
200,0,1,0,179,green,2734,T4F
201,0,1,0,179,green,2734,T4F
202,0,1,0,179,green,2734,T4F
203,0,1,0,179,green,2734,T4F
204,0,1,0,179,green,2734,T4F
205,0,1,0,179,green,2734,T4F
206,0,1,0,179,green,2734,T4F
207,0,1,0,179,green,2734,T4F
208,0,1,0,179,green,2734,T4F
209,0,1,0,179,green,2734,T4F
210,0,1,0,179,green,2734,T4F
211,0,1,0,179,green,2734,T4F
212,0,1,0,179,green,2734,T4F
213,0,1,0,179,green,2734,T4F
214,0,1,0,179,green,2734,T4F
215,0,1,0,179,green,2734,T4F
216,0,1,0,179,green,2734,T4F
217,0,1,0,179,green,2734,T4F
218,0,1,0,179,green,2734,T4F
219,0,1,0,179,green,2734,T4F
220,0,1,0,179,green,2734,T4F
221,0,1,0,179,green,2734,T4F
222,0,1,0,179,green,2734,T4F
223,0,1,0,179,green,2734,T4F
224,0,1,0,179,green,2734,T4F
225,0,1,0,179,green,2734,T4F
226,0,1,0,179,green,2734,T4F
227,0,1,0,179,green,2734,T4F
228,0,1,0,179,green,2734,T4F
229,0,1,0,179,green,2734,T4F
230,0,1,0,179,green,2734,T4F
231,0,1,0,179,green,2734,T4F
232,0,1,0,179,green,2734,T4F
233,0,1,0,179,green,2734,T4F
234,0,1,0,179,green,2734,T4F
235,0,1,0,179,green,2734,T4F
236,0,1,0,179,green,2734,T4F
237,0,1,0,179,green,2734,T4F
238,0,1,0,179,green,2734,T4F
239,0,1,0,179,green,2734,T4F
240,0,1,0,179,green,2734,T4F
241,0,1,0,179,green,2734,T4F
242,0,1,0,179,green,2734,T4F
243,0,1,0,179,green,2734,T4F
244,0,1,0,179,green,2734,T4F
245,0,1,0,179,green,2734,T4F
246,0,1,0,179,green,2734,T4F
247,0,1,0,179,green,2734,T4F
248,0,1,0,179,green,2734,T4F
249,0,1,0,179,green,2734,T4F
250,0,1,0,179,green,2734,T4F
251,0,1,0,179,green,2734,T4F
252,0,1,0,179,green,2734,T4F
253,0,1,0,179,green,2734,T4F
254,0,1,0,179,green,2734,T4F
255,0,1,0,179,green,2734,T4F
256,0,1,0,179,green,2734,T4F
257,0,1,0,179,green,2734,T4F
258,0,1,0,179,green,2734,T4F
259,0,1,0,179,green,2734,T4F
260,0,1,0,179,green,2734,T4F
261,0,1,0,179,green,2734,T4F
262,0,1,0,179,green,2734,T4F
263,0,1,0,179,green,2734,T4F
264,0,1,0,179,green,2734,T4F
265,0,0,1,179,green,2734,T4F
266,1,0,0,179,green,2734,T4F
267,1,0,0,179,green,2734,T4F
268,1,0,0,179,green,2734,T4F
269,0,0,1,179,green,2734,T4F
270,0,0,1,179,green,2734,T4F
271,0,0,1,179,green,2734,T4F
272,0,0,1,179,green,2734,T4F
273,0,1,0,179,green,2734,T4F
274,0,1,0,179,green,2734,T4F
275,0,1,0,179,green,2734,T4F
276,0,1,0,179,green,2734,T4F
277,0,1,0,179,green,2734,T4F
278,0,1,0,179,green,2734,T4F
279,0,1,0,179,green,2734,T4F
280,0,1,0,179,green,2734,T4F
281,0,1,0,179,green,2734,T4F
282,0,1,0,179,green,2734,T4F
0,0,0,1,180,green,2825,T4F
1,0,0,1,180,green,2825,T4F
2,0,0,1,180,green,2825,T4F
3,0,0,1,180,green,2825,T4F
4,0,0,1,180,green,2825,T4F
5,0,0,1,180,green,2825,T4F
6,0,0,1,180,green,2825,T4F
7,0,0,1,180,green,2825,T4F
8,0,0,1,180,green,2825,T4F
9,0,0,1,180,green,2825,T4F
10,0,0,1,180,green,2825,T4F
11,0,0,1,180,green,2825,T4F
12,0,0,1,180,green,2825,T4F
13,0,0,1,180,green,2825,T4F
14,0,0,1,180,green,2825,T4F
15,0,0,1,180,green,2825,T4F
16,0,0,1,180,green,2825,T4F
17,0,0,1,180,green,2825,T4F
18,0,0,1,180,green,2825,T4F
19,0,0,1,180,green,2825,T4F
20,0,0,1,180,green,2825,T4F
21,0,0,1,180,green,2825,T4F
22,0,0,1,180,green,2825,T4F
23,0,0,1,180,green,2825,T4F
24,0,0,1,180,green,2825,T4F
25,0,0,1,180,green,2825,T4F
26,0,0,1,180,green,2825,T4F
27,0,0,1,180,green,2825,T4F
28,0,0,1,180,green,2825,T4F
29,0,0,1,180,green,2825,T4F
30,0,0,1,180,green,2825,T4F
31,0,0,1,180,green,2825,T4F
32,0,0,1,180,green,2825,T4F
33,0,0,1,180,green,2825,T4F
34,0,0,1,180,green,2825,T4F
35,0,0,1,180,green,2825,T4F
36,0,0,1,180,green,2825,T4F
37,0,0,1,180,green,2825,T4F
38,0,0,1,180,green,2825,T4F
39,0,0,1,180,green,2825,T4F
40,0,0,1,180,green,2825,T4F
41,0,0,1,180,green,2825,T4F
42,0,0,1,180,green,2825,T4F
43,0,0,1,180,green,2825,T4F
44,0,0,1,180,green,2825,T4F
45,0,0,1,180,green,2825,T4F
46,0,0,1,180,green,2825,T4F
47,0,0,1,180,green,2825,T4F
48,0,0,1,180,green,2825,T4F
49,0,0,1,180,green,2825,T4F
50,0,0,1,180,green,2825,T4F
51,0,0,1,180,green,2825,T4F
52,0,0,1,180,green,2825,T4F
53,0,0,1,180,green,2825,T4F
54,0,0,1,180,green,2825,T4F
55,0,0,1,180,green,2825,T4F
56,0,0,1,180,green,2825,T4F
57,0,0,1,180,green,2825,T4F
58,0,0,1,180,green,2825,T4F
59,0,0,1,180,green,2825,T4F
60,0,0,1,180,green,2825,T4F
61,0,0,1,180,green,2825,T4F
62,0,0,1,180,green,2825,T4F
63,0,0,1,180,green,2825,T4F
64,0,0,1,180,green,2825,T4F
65,0,0,1,180,green,2825,T4F
66,0,0,1,180,green,2825,T4F
67,0,0,1,180,green,2825,T4F
68,0,0,1,180,green,2825,T4F
69,0,0,1,180,green,2825,T4F
70,0,0,1,180,green,2825,T4F
71,0,0,1,180,green,2825,T4F
72,1,0,0,180,green,2825,T4F
73,1,0,0,180,green,2825,T4F
74,1,0,0,180,green,2825,T4F
75,1,0,0,180,green,2825,T4F
76,1,0,0,180,green,2825,T4F
77,1,0,0,180,green,2825,T4F
78,1,0,0,180,green,2825,T4F
79,1,0,0,180,green,2825,T4F
80,1,0,0,180,green,2825,T4F
81,1,0,0,180,green,2825,T4F
82,1,0,0,180,green,2825,T4F
83,1,0,0,180,green,2825,T4F
84,1,0,0,180,green,2825,T4F
85,1,0,0,180,green,2825,T4F
86,1,0,0,180,green,2825,T4F
87,1,0,0,180,green,2825,T4F
88,1,0,0,180,green,2825,T4F
89,1,0,0,180,green,2825,T4F
90,1,0,0,180,green,2825,T4F
91,1,0,0,180,green,2825,T4F
92,1,0,0,180,green,2825,T4F
93,1,0,0,180,green,2825,T4F
94,1,0,0,180,green,2825,T4F
95,1,0,0,180,green,2825,T4F
96,1,0,0,180,green,2825,T4F
97,1,0,0,180,green,2825,T4F
98,1,0,0,180,green,2825,T4F
99,1,0,0,180,green,2825,T4F
100,1,0,0,180,green,2825,T4F
101,1,0,0,180,green,2825,T4F
102,1,0,0,180,green,2825,T4F
103,1,0,0,180,green,2825,T4F
104,1,0,0,180,green,2825,T4F
105,1,0,0,180,green,2825,T4F
106,1,0,0,180,green,2825,T4F
107,1,0,0,180,green,2825,T4F
108,1,0,0,180,green,2825,T4F
109,1,0,0,180,green,2825,T4F
110,1,0,0,180,green,2825,T4F
111,1,0,0,180,green,2825,T4F
112,1,0,0,180,green,2825,T4F
113,1,0,0,180,green,2825,T4F
114,1,0,0,180,green,2825,T4F
115,1,0,0,180,green,2825,T4F
116,1,0,0,180,green,2825,T4F
117,1,0,0,180,green,2825,T4F
118,1,0,0,180,green,2825,T4F
119,1,0,0,180,green,2825,T4F
120,1,0,0,180,green,2825,T4F
121,1,0,0,180,green,2825,T4F
122,1,0,0,180,green,2825,T4F
123,1,0,0,180,green,2825,T4F
124,1,0,0,180,green,2825,T4F
125,1,0,0,180,green,2825,T4F
126,1,0,0,180,green,2825,T4F
127,1,0,0,180,green,2825,T4F
128,1,0,0,180,green,2825,T4F
129,1,0,0,180,green,2825,T4F
130,1,0,0,180,green,2825,T4F
131,1,0,0,180,green,2825,T4F
132,1,0,0,180,green,2825,T4F
133,1,0,0,180,green,2825,T4F
134,1,0,0,180,green,2825,T4F
135,1,0,0,180,green,2825,T4F
136,1,0,0,180,green,2825,T4F
137,1,0,0,180,green,2825,T4F
138,1,0,0,180,green,2825,T4F
139,1,0,0,180,green,2825,T4F
140,1,0,0,180,green,2825,T4F
141,1,0,0,180,green,2825,T4F
142,1,0,0,180,green,2825,T4F
143,1,0,0,180,green,2825,T4F
144,1,0,0,180,green,2825,T4F
145,1,0,0,180,green,2825,T4F
146,1,0,0,180,green,2825,T4F
147,1,0,0,180,green,2825,T4F
148,1,0,0,180,green,2825,T4F
149,1,0,0,180,green,2825,T4F
150,1,0,0,180,green,2825,T4F
151,1,0,0,180,green,2825,T4F
152,1,0,0,180,green,2825,T4F
153,1,0,0,180,green,2825,T4F
154,1,0,0,180,green,2825,T4F
155,1,0,0,180,green,2825,T4F
156,1,0,0,180,green,2825,T4F
157,1,0,0,180,green,2825,T4F
158,1,0,0,180,green,2825,T4F
159,1,0,0,180,green,2825,T4F
160,1,0,0,180,green,2825,T4F
161,1,0,0,180,green,2825,T4F
162,1,0,0,180,green,2825,T4F
163,1,0,0,180,green,2825,T4F
164,1,0,0,180,green,2825,T4F
165,1,0,0,180,green,2825,T4F
166,1,0,0,180,green,2825,T4F
167,1,0,0,180,green,2825,T4F
168,1,0,0,180,green,2825,T4F
169,1,0,0,180,green,2825,T4F
170,1,0,0,180,green,2825,T4F
171,1,0,0,180,green,2825,T4F
172,1,0,0,180,green,2825,T4F
173,1,0,0,180,green,2825,T4F
174,1,0,0,180,green,2825,T4F
175,1,0,0,180,green,2825,T4F
176,1,0,0,180,green,2825,T4F
177,1,0,0,180,green,2825,T4F
178,1,0,0,180,green,2825,T4F
179,1,0,0,180,green,2825,T4F
180,1,0,0,180,green,2825,T4F
181,1,0,0,180,green,2825,T4F
182,1,0,0,180,green,2825,T4F
183,1,0,0,180,green,2825,T4F
184,1,0,0,180,green,2825,T4F
185,1,0,0,180,green,2825,T4F
186,1,0,0,180,green,2825,T4F
187,1,0,0,180,green,2825,T4F
188,1,0,0,180,green,2825,T4F
189,1,0,0,180,green,2825,T4F
190,1,0,0,180,green,2825,T4F
191,1,0,0,180,green,2825,T4F
192,1,0,0,180,green,2825,T4F
193,1,0,0,180,green,2825,T4F
194,1,0,0,180,green,2825,T4F
195,1,0,0,180,green,2825,T4F
196,1,0,0,180,green,2825,T4F
197,1,0,0,180,green,2825,T4F
198,1,0,0,180,green,2825,T4F
199,1,0,0,180,green,2825,T4F
200,1,0,0,180,green,2825,T4F
201,1,0,0,180,green,2825,T4F
202,1,0,0,180,green,2825,T4F
203,1,0,0,180,green,2825,T4F
204,1,0,0,180,green,2825,T4F
205,1,0,0,180,green,2825,T4F
206,1,0,0,180,green,2825,T4F
207,1,0,0,180,green,2825,T4F
208,1,0,0,180,green,2825,T4F
209,1,0,0,180,green,2825,T4F
210,1,0,0,180,green,2825,T4F
211,1,0,0,180,green,2825,T4F
212,1,0,0,180,green,2825,T4F
213,1,0,0,180,green,2825,T4F
214,1,0,0,180,green,2825,T4F
215,1,0,0,180,green,2825,T4F
216,1,0,0,180,green,2825,T4F
217,1,0,0,180,green,2825,T4F
218,1,0,0,180,green,2825,T4F
219,1,0,0,180,green,2825,T4F
220,1,0,0,180,green,2825,T4F
221,1,0,0,180,green,2825,T4F
222,1,0,0,180,green,2825,T4F
223,1,0,0,180,green,2825,T4F
224,1,0,0,180,green,2825,T4F
225,1,0,0,180,green,2825,T4F
226,1,0,0,180,green,2825,T4F
227,1,0,0,180,green,2825,T4F
228,1,0,0,180,green,2825,T4F
229,1,0,0,180,green,2825,T4F
230,1,0,0,180,green,2825,T4F
231,1,0,0,180,green,2825,T4F
232,1,0,0,180,green,2825,T4F
233,1,0,0,180,green,2825,T4F
234,1,0,0,180,green,2825,T4F
235,1,0,0,180,green,2825,T4F
236,1,0,0,180,green,2825,T4F
237,1,0,0,180,green,2825,T4F
238,1,0,0,180,green,2825,T4F
239,1,0,0,180,green,2825,T4F
240,1,0,0,180,green,2825,T4F
241,1,0,0,180,green,2825,T4F
242,1,0,0,180,green,2825,T4F
243,1,0,0,180,green,2825,T4F
244,1,0,0,180,green,2825,T4F
245,1,0,0,180,green,2825,T4F
246,1,0,0,180,green,2825,T4F
247,1,0,0,180,green,2825,T4F
248,1,0,0,180,green,2825,T4F
249,1,0,0,180,green,2825,T4F
250,1,0,0,180,green,2825,T4F
251,1,0,0,180,green,2825,T4F
252,1,0,0,180,green,2825,T4F
253,1,0,0,180,green,2825,T4F
254,1,0,0,180,green,2825,T4F
255,1,0,0,180,green,2825,T4F
256,1,0,0,180,green,2825,T4F
257,1,0,0,180,green,2825,T4F
258,1,0,0,180,green,2825,T4F
259,1,0,0,180,green,2825,T4F
260,1,0,0,180,green,2825,T4F
261,1,0,0,180,green,2825,T4F
262,1,0,0,180,green,2825,T4F
263,1,0,0,180,green,2825,T4F
264,1,0,0,180,green,2825,T4F
265,0,0,1,180,green,2825,T4F
266,0,1,0,180,green,2825,T4F
267,0,1,0,180,green,2825,T4F
268,0,1,0,180,green,2825,T4F
269,0,1,0,180,green,2825,T4F
270,0,1,0,180,green,2825,T4F
271,0,1,0,180,green,2825,T4F
272,0,1,0,180,green,2825,T4F
273,0,1,0,180,green,2825,T4F
274,0,1,0,180,green,2825,T4F
275,0,1,0,180,green,2825,T4F
276,0,1,0,180,green,2825,T4F
277,0,1,0,180,green,2825,T4F
278,0,1,0,180,green,2825,T4F
279,0,1,0,180,green,2825,T4F
280,0,1,0,180,green,2825,T4F
281,0,1,0,180,green,2825,T4F
282,0,1,0,180,green,2825,T4F
0,0,0,1,181,green,2879,T4F
1,0,0,1,181,green,2879,T4F
2,0,0,1,181,green,2879,T4F
3,0,0,1,181,green,2879,T4F
4,0,0,1,181,green,2879,T4F
5,0,0,1,181,green,2879,T4F
6,0,0,1,181,green,2879,T4F
7,0,0,1,181,green,2879,T4F
8,0,0,1,181,green,2879,T4F
9,0,0,1,181,green,2879,T4F
10,0,0,1,181,green,2879,T4F
11,0,0,1,181,green,2879,T4F
12,0,0,1,181,green,2879,T4F
13,0,0,1,181,green,2879,T4F
14,0,0,1,181,green,2879,T4F
15,0,0,1,181,green,2879,T4F
16,0,0,1,181,green,2879,T4F
17,0,0,1,181,green,2879,T4F
18,0,0,1,181,green,2879,T4F
19,0,0,1,181,green,2879,T4F
20,0,0,1,181,green,2879,T4F
21,0,0,1,181,green,2879,T4F
22,0,0,1,181,green,2879,T4F
23,0,0,1,181,green,2879,T4F
24,0,0,1,181,green,2879,T4F
25,0,0,1,181,green,2879,T4F
26,0,0,1,181,green,2879,T4F
27,0,0,1,181,green,2879,T4F
28,0,0,1,181,green,2879,T4F
29,0,0,1,181,green,2879,T4F
30,0,0,1,181,green,2879,T4F
31,0,0,1,181,green,2879,T4F
32,0,0,1,181,green,2879,T4F
33,0,0,1,181,green,2879,T4F
34,0,0,1,181,green,2879,T4F
35,0,0,1,181,green,2879,T4F
36,0,0,1,181,green,2879,T4F
37,0,0,1,181,green,2879,T4F
38,0,0,1,181,green,2879,T4F
39,0,0,1,181,green,2879,T4F
40,0,0,1,181,green,2879,T4F
41,0,0,1,181,green,2879,T4F
42,0,0,1,181,green,2879,T4F
43,0,0,1,181,green,2879,T4F
44,0,0,1,181,green,2879,T4F
45,0,0,1,181,green,2879,T4F
46,0,0,1,181,green,2879,T4F
47,0,0,1,181,green,2879,T4F
48,0,0,1,181,green,2879,T4F
49,0,0,1,181,green,2879,T4F
50,0,0,1,181,green,2879,T4F
51,0,0,1,181,green,2879,T4F
52,0,0,1,181,green,2879,T4F
53,0,0,1,181,green,2879,T4F
54,0,0,1,181,green,2879,T4F
55,0,0,1,181,green,2879,T4F
56,0,0,1,181,green,2879,T4F
57,0,0,1,181,green,2879,T4F
58,0,0,1,181,green,2879,T4F
59,0,0,1,181,green,2879,T4F
60,0,0,1,181,green,2879,T4F
61,0,0,1,181,green,2879,T4F
62,0,0,1,181,green,2879,T4F
63,0,0,1,181,green,2879,T4F
64,0,0,1,181,green,2879,T4F
65,0,0,1,181,green,2879,T4F
66,0,0,1,181,green,2879,T4F
67,0,0,1,181,green,2879,T4F
68,0,0,1,181,green,2879,T4F
69,0,0,1,181,green,2879,T4F
70,0,0,1,181,green,2879,T4F
71,0,0,1,181,green,2879,T4F
72,0,0,1,181,green,2879,T4F
73,0,0,1,181,green,2879,T4F
74,0,0,1,181,green,2879,T4F
75,0,0,1,181,green,2879,T4F
76,0,0,1,181,green,2879,T4F
77,0,0,1,181,green,2879,T4F
78,0,0,1,181,green,2879,T4F
79,1,0,0,181,green,2879,T4F
80,1,0,0,181,green,2879,T4F
81,1,0,0,181,green,2879,T4F
82,1,0,0,181,green,2879,T4F
83,1,0,0,181,green,2879,T4F
84,1,0,0,181,green,2879,T4F
85,1,0,0,181,green,2879,T4F
86,1,0,0,181,green,2879,T4F
87,1,0,0,181,green,2879,T4F
88,1,0,0,181,green,2879,T4F
89,1,0,0,181,green,2879,T4F
90,1,0,0,181,green,2879,T4F
91,1,0,0,181,green,2879,T4F
92,1,0,0,181,green,2879,T4F
93,1,0,0,181,green,2879,T4F
94,1,0,0,181,green,2879,T4F
95,1,0,0,181,green,2879,T4F
96,1,0,0,181,green,2879,T4F
97,1,0,0,181,green,2879,T4F
98,1,0,0,181,green,2879,T4F
99,1,0,0,181,green,2879,T4F
100,1,0,0,181,green,2879,T4F
101,1,0,0,181,green,2879,T4F
102,1,0,0,181,green,2879,T4F
103,1,0,0,181,green,2879,T4F
104,1,0,0,181,green,2879,T4F
105,1,0,0,181,green,2879,T4F
106,1,0,0,181,green,2879,T4F
107,1,0,0,181,green,2879,T4F
108,1,0,0,181,green,2879,T4F
109,1,0,0,181,green,2879,T4F
110,1,0,0,181,green,2879,T4F
111,1,0,0,181,green,2879,T4F
112,1,0,0,181,green,2879,T4F
113,1,0,0,181,green,2879,T4F
114,1,0,0,181,green,2879,T4F
115,1,0,0,181,green,2879,T4F
116,1,0,0,181,green,2879,T4F
117,1,0,0,181,green,2879,T4F
118,1,0,0,181,green,2879,T4F
119,1,0,0,181,green,2879,T4F
120,1,0,0,181,green,2879,T4F
121,1,0,0,181,green,2879,T4F
122,1,0,0,181,green,2879,T4F
123,1,0,0,181,green,2879,T4F
124,1,0,0,181,green,2879,T4F
125,1,0,0,181,green,2879,T4F
126,1,0,0,181,green,2879,T4F
127,1,0,0,181,green,2879,T4F
128,1,0,0,181,green,2879,T4F
129,1,0,0,181,green,2879,T4F
130,1,0,0,181,green,2879,T4F
131,1,0,0,181,green,2879,T4F
132,1,0,0,181,green,2879,T4F
133,1,0,0,181,green,2879,T4F
134,1,0,0,181,green,2879,T4F
135,1,0,0,181,green,2879,T4F
136,1,0,0,181,green,2879,T4F
137,1,0,0,181,green,2879,T4F
138,1,0,0,181,green,2879,T4F
139,1,0,0,181,green,2879,T4F
140,1,0,0,181,green,2879,T4F
141,1,0,0,181,green,2879,T4F
142,1,0,0,181,green,2879,T4F
143,1,0,0,181,green,2879,T4F
144,1,0,0,181,green,2879,T4F
145,1,0,0,181,green,2879,T4F
146,1,0,0,181,green,2879,T4F
147,1,0,0,181,green,2879,T4F
148,1,0,0,181,green,2879,T4F
149,1,0,0,181,green,2879,T4F
150,1,0,0,181,green,2879,T4F
151,1,0,0,181,green,2879,T4F
152,1,0,0,181,green,2879,T4F
153,1,0,0,181,green,2879,T4F
154,1,0,0,181,green,2879,T4F
155,1,0,0,181,green,2879,T4F
156,1,0,0,181,green,2879,T4F
157,1,0,0,181,green,2879,T4F
158,1,0,0,181,green,2879,T4F
159,1,0,0,181,green,2879,T4F
160,1,0,0,181,green,2879,T4F
161,1,0,0,181,green,2879,T4F
162,1,0,0,181,green,2879,T4F
163,1,0,0,181,green,2879,T4F
164,1,0,0,181,green,2879,T4F
165,1,0,0,181,green,2879,T4F
166,1,0,0,181,green,2879,T4F
167,1,0,0,181,green,2879,T4F
168,1,0,0,181,green,2879,T4F
169,1,0,0,181,green,2879,T4F
170,1,0,0,181,green,2879,T4F
171,1,0,0,181,green,2879,T4F
172,1,0,0,181,green,2879,T4F
173,1,0,0,181,green,2879,T4F
174,1,0,0,181,green,2879,T4F
175,1,0,0,181,green,2879,T4F
176,1,0,0,181,green,2879,T4F
177,1,0,0,181,green,2879,T4F
178,1,0,0,181,green,2879,T4F
179,1,0,0,181,green,2879,T4F
180,1,0,0,181,green,2879,T4F
181,1,0,0,181,green,2879,T4F
182,1,0,0,181,green,2879,T4F
183,1,0,0,181,green,2879,T4F
184,1,0,0,181,green,2879,T4F
185,1,0,0,181,green,2879,T4F
186,1,0,0,181,green,2879,T4F
187,1,0,0,181,green,2879,T4F
188,1,0,0,181,green,2879,T4F
189,1,0,0,181,green,2879,T4F
190,1,0,0,181,green,2879,T4F
191,1,0,0,181,green,2879,T4F
192,1,0,0,181,green,2879,T4F
193,1,0,0,181,green,2879,T4F
194,1,0,0,181,green,2879,T4F
195,1,0,0,181,green,2879,T4F
196,1,0,0,181,green,2879,T4F
197,1,0,0,181,green,2879,T4F
198,1,0,0,181,green,2879,T4F
199,1,0,0,181,green,2879,T4F
200,1,0,0,181,green,2879,T4F
201,1,0,0,181,green,2879,T4F
202,1,0,0,181,green,2879,T4F
203,1,0,0,181,green,2879,T4F
204,1,0,0,181,green,2879,T4F
205,1,0,0,181,green,2879,T4F
206,1,0,0,181,green,2879,T4F
207,1,0,0,181,green,2879,T4F
208,1,0,0,181,green,2879,T4F
209,1,0,0,181,green,2879,T4F
210,1,0,0,181,green,2879,T4F
211,1,0,0,181,green,2879,T4F
212,1,0,0,181,green,2879,T4F
213,1,0,0,181,green,2879,T4F
214,1,0,0,181,green,2879,T4F
215,1,0,0,181,green,2879,T4F
216,1,0,0,181,green,2879,T4F
217,1,0,0,181,green,2879,T4F
218,1,0,0,181,green,2879,T4F
219,1,0,0,181,green,2879,T4F
220,1,0,0,181,green,2879,T4F
221,1,0,0,181,green,2879,T4F
222,1,0,0,181,green,2879,T4F
223,1,0,0,181,green,2879,T4F
224,1,0,0,181,green,2879,T4F
225,1,0,0,181,green,2879,T4F
226,1,0,0,181,green,2879,T4F
227,1,0,0,181,green,2879,T4F
228,1,0,0,181,green,2879,T4F
229,1,0,0,181,green,2879,T4F
230,1,0,0,181,green,2879,T4F
231,1,0,0,181,green,2879,T4F
232,1,0,0,181,green,2879,T4F
233,1,0,0,181,green,2879,T4F
234,1,0,0,181,green,2879,T4F
235,1,0,0,181,green,2879,T4F
236,1,0,0,181,green,2879,T4F
237,1,0,0,181,green,2879,T4F
238,1,0,0,181,green,2879,T4F
239,1,0,0,181,green,2879,T4F
240,1,0,0,181,green,2879,T4F
241,1,0,0,181,green,2879,T4F
242,1,0,0,181,green,2879,T4F
243,1,0,0,181,green,2879,T4F
244,1,0,0,181,green,2879,T4F
245,1,0,0,181,green,2879,T4F
246,1,0,0,181,green,2879,T4F
247,1,0,0,181,green,2879,T4F
248,1,0,0,181,green,2879,T4F
249,1,0,0,181,green,2879,T4F
250,1,0,0,181,green,2879,T4F
251,1,0,0,181,green,2879,T4F
252,1,0,0,181,green,2879,T4F
253,1,0,0,181,green,2879,T4F
254,1,0,0,181,green,2879,T4F
255,1,0,0,181,green,2879,T4F
256,1,0,0,181,green,2879,T4F
257,1,0,0,181,green,2879,T4F
258,1,0,0,181,green,2879,T4F
259,1,0,0,181,green,2879,T4F
260,1,0,0,181,green,2879,T4F
261,1,0,0,181,green,2879,T4F
262,1,0,0,181,green,2879,T4F
263,1,0,0,181,green,2879,T4F
264,1,0,0,181,green,2879,T4F
265,1,0,0,181,green,2879,T4F
266,1,0,0,181,green,2879,T4F
267,1,0,0,181,green,2879,T4F
268,1,0,0,181,green,2879,T4F
269,1,0,0,181,green,2879,T4F
270,1,0,0,181,green,2879,T4F
271,1,0,0,181,green,2879,T4F
272,1,0,0,181,green,2879,T4F
273,1,0,0,181,green,2879,T4F
274,1,0,0,181,green,2879,T4F
275,1,0,0,181,green,2879,T4F
276,1,0,0,181,green,2879,T4F
277,1,0,0,181,green,2879,T4F
278,1,0,0,181,green,2879,T4F
279,1,0,0,181,green,2879,T4F
280,1,0,0,181,green,2879,T4F
281,1,0,0,181,green,2879,T4F
282,0,0,1,181,green,2879,T4F
0,0,0,1,182,green,2885,T4F
1,0,0,1,182,green,2885,T4F
2,0,0,1,182,green,2885,T4F
3,0,0,1,182,green,2885,T4F
4,0,0,1,182,green,2885,T4F
5,0,0,1,182,green,2885,T4F
6,0,0,1,182,green,2885,T4F
7,0,0,1,182,green,2885,T4F
8,0,0,1,182,green,2885,T4F
9,0,0,1,182,green,2885,T4F
10,0,0,1,182,green,2885,T4F
11,0,0,1,182,green,2885,T4F
12,0,0,1,182,green,2885,T4F
13,0,0,1,182,green,2885,T4F
14,0,0,1,182,green,2885,T4F
15,0,0,1,182,green,2885,T4F
16,0,0,1,182,green,2885,T4F
17,0,0,1,182,green,2885,T4F
18,0,0,1,182,green,2885,T4F
19,0,0,1,182,green,2885,T4F
20,0,0,1,182,green,2885,T4F
21,0,0,1,182,green,2885,T4F
22,0,0,1,182,green,2885,T4F
23,0,0,1,182,green,2885,T4F
24,0,0,1,182,green,2885,T4F
25,0,0,1,182,green,2885,T4F
26,0,0,1,182,green,2885,T4F
27,0,0,1,182,green,2885,T4F
28,0,0,1,182,green,2885,T4F
29,0,0,1,182,green,2885,T4F
30,0,0,1,182,green,2885,T4F
31,0,0,1,182,green,2885,T4F
32,0,0,1,182,green,2885,T4F
33,0,0,1,182,green,2885,T4F
34,0,0,1,182,green,2885,T4F
35,0,0,1,182,green,2885,T4F
36,0,0,1,182,green,2885,T4F
37,0,0,1,182,green,2885,T4F
38,0,0,1,182,green,2885,T4F
39,0,0,1,182,green,2885,T4F
40,0,0,1,182,green,2885,T4F
41,0,0,1,182,green,2885,T4F
42,0,0,1,182,green,2885,T4F
43,0,0,1,182,green,2885,T4F
44,0,0,1,182,green,2885,T4F
45,0,0,1,182,green,2885,T4F
46,0,0,1,182,green,2885,T4F
47,0,0,1,182,green,2885,T4F
48,0,0,1,182,green,2885,T4F
49,0,0,1,182,green,2885,T4F
50,0,0,1,182,green,2885,T4F
51,0,0,1,182,green,2885,T4F
52,0,0,1,182,green,2885,T4F
53,0,0,1,182,green,2885,T4F
54,0,0,1,182,green,2885,T4F
55,0,0,1,182,green,2885,T4F
56,0,0,1,182,green,2885,T4F
57,0,0,1,182,green,2885,T4F
58,0,0,1,182,green,2885,T4F
59,0,0,1,182,green,2885,T4F
60,0,0,1,182,green,2885,T4F
61,0,0,1,182,green,2885,T4F
62,0,0,1,182,green,2885,T4F
63,0,0,1,182,green,2885,T4F
64,0,0,1,182,green,2885,T4F
65,0,0,1,182,green,2885,T4F
66,0,0,1,182,green,2885,T4F
67,0,0,1,182,green,2885,T4F
68,0,0,1,182,green,2885,T4F
69,0,0,1,182,green,2885,T4F
70,0,0,1,182,green,2885,T4F
71,0,0,1,182,green,2885,T4F
72,0,0,1,182,green,2885,T4F
73,0,0,1,182,green,2885,T4F
74,0,0,1,182,green,2885,T4F
75,0,0,1,182,green,2885,T4F
76,0,0,1,182,green,2885,T4F
77,0,0,1,182,green,2885,T4F
78,0,0,1,182,green,2885,T4F
79,0,0,1,182,green,2885,T4F
80,0,0,1,182,green,2885,T4F
81,0,0,1,182,green,2885,T4F
82,0,0,1,182,green,2885,T4F
83,0,0,1,182,green,2885,T4F
84,0,0,1,182,green,2885,T4F
85,0,0,1,182,green,2885,T4F
86,0,0,1,182,green,2885,T4F
87,0,0,1,182,green,2885,T4F
88,0,0,1,182,green,2885,T4F
89,0,0,1,182,green,2885,T4F
90,0,0,1,182,green,2885,T4F
91,0,0,1,182,green,2885,T4F
92,0,0,1,182,green,2885,T4F
93,0,0,1,182,green,2885,T4F
94,0,0,1,182,green,2885,T4F
95,0,0,1,182,green,2885,T4F
96,0,0,1,182,green,2885,T4F
97,0,0,1,182,green,2885,T4F
98,0,0,1,182,green,2885,T4F
99,0,0,1,182,green,2885,T4F
100,0,0,1,182,green,2885,T4F
101,0,0,1,182,green,2885,T4F
102,0,0,1,182,green,2885,T4F
103,0,0,1,182,green,2885,T4F
104,0,0,1,182,green,2885,T4F
105,0,0,1,182,green,2885,T4F
106,0,0,1,182,green,2885,T4F
107,0,0,1,182,green,2885,T4F
108,0,0,1,182,green,2885,T4F
109,0,0,1,182,green,2885,T4F
110,0,0,1,182,green,2885,T4F
111,0,0,1,182,green,2885,T4F
112,0,0,1,182,green,2885,T4F
113,0,0,1,182,green,2885,T4F
114,0,0,1,182,green,2885,T4F
115,0,0,1,182,green,2885,T4F
116,0,0,1,182,green,2885,T4F
117,0,0,1,182,green,2885,T4F
118,0,0,1,182,green,2885,T4F
119,0,0,1,182,green,2885,T4F
120,0,0,1,182,green,2885,T4F
121,0,0,1,182,green,2885,T4F
122,0,0,1,182,green,2885,T4F
123,0,0,1,182,green,2885,T4F
124,0,0,1,182,green,2885,T4F
125,0,0,1,182,green,2885,T4F
126,0,0,1,182,green,2885,T4F
127,0,0,1,182,green,2885,T4F
128,0,1,0,182,green,2885,T4F
129,0,1,0,182,green,2885,T4F
130,0,1,0,182,green,2885,T4F
131,0,1,0,182,green,2885,T4F
132,0,1,0,182,green,2885,T4F
133,0,1,0,182,green,2885,T4F
134,0,1,0,182,green,2885,T4F
135,0,1,0,182,green,2885,T4F
136,0,1,0,182,green,2885,T4F
137,0,1,0,182,green,2885,T4F
138,0,1,0,182,green,2885,T4F
139,0,1,0,182,green,2885,T4F
140,0,1,0,182,green,2885,T4F
141,0,1,0,182,green,2885,T4F
142,0,1,0,182,green,2885,T4F
143,0,1,0,182,green,2885,T4F
144,0,1,0,182,green,2885,T4F
145,0,1,0,182,green,2885,T4F
146,0,1,0,182,green,2885,T4F
147,0,1,0,182,green,2885,T4F
148,0,1,0,182,green,2885,T4F
149,0,1,0,182,green,2885,T4F
150,0,1,0,182,green,2885,T4F
151,0,1,0,182,green,2885,T4F
152,0,1,0,182,green,2885,T4F
153,0,1,0,182,green,2885,T4F
154,0,1,0,182,green,2885,T4F
155,0,1,0,182,green,2885,T4F
156,0,1,0,182,green,2885,T4F
157,0,1,0,182,green,2885,T4F
158,0,1,0,182,green,2885,T4F
159,0,1,0,182,green,2885,T4F
160,0,1,0,182,green,2885,T4F
161,0,1,0,182,green,2885,T4F
162,0,1,0,182,green,2885,T4F
163,0,1,0,182,green,2885,T4F
164,0,1,0,182,green,2885,T4F
165,0,1,0,182,green,2885,T4F
166,0,1,0,182,green,2885,T4F
167,0,1,0,182,green,2885,T4F
168,0,1,0,182,green,2885,T4F
169,0,1,0,182,green,2885,T4F
170,0,1,0,182,green,2885,T4F
171,0,1,0,182,green,2885,T4F
172,0,1,0,182,green,2885,T4F
173,0,1,0,182,green,2885,T4F
174,0,1,0,182,green,2885,T4F
175,0,1,0,182,green,2885,T4F
176,0,1,0,182,green,2885,T4F
177,0,1,0,182,green,2885,T4F
178,0,1,0,182,green,2885,T4F
179,0,1,0,182,green,2885,T4F
180,0,1,0,182,green,2885,T4F
181,0,1,0,182,green,2885,T4F
182,0,1,0,182,green,2885,T4F
183,0,1,0,182,green,2885,T4F
184,0,1,0,182,green,2885,T4F
185,0,1,0,182,green,2885,T4F
186,0,1,0,182,green,2885,T4F
187,0,1,0,182,green,2885,T4F
188,0,1,0,182,green,2885,T4F
189,0,1,0,182,green,2885,T4F
190,0,1,0,182,green,2885,T4F
191,0,1,0,182,green,2885,T4F
192,0,1,0,182,green,2885,T4F
193,0,1,0,182,green,2885,T4F
194,0,1,0,182,green,2885,T4F
195,0,1,0,182,green,2885,T4F
196,0,1,0,182,green,2885,T4F
197,0,1,0,182,green,2885,T4F
198,0,1,0,182,green,2885,T4F
199,0,1,0,182,green,2885,T4F
200,0,1,0,182,green,2885,T4F
201,0,1,0,182,green,2885,T4F
202,0,1,0,182,green,2885,T4F
203,0,1,0,182,green,2885,T4F
204,0,1,0,182,green,2885,T4F
205,0,1,0,182,green,2885,T4F
206,0,1,0,182,green,2885,T4F
207,0,1,0,182,green,2885,T4F
208,0,1,0,182,green,2885,T4F
209,0,1,0,182,green,2885,T4F
210,0,1,0,182,green,2885,T4F
211,0,1,0,182,green,2885,T4F
212,0,1,0,182,green,2885,T4F
213,0,1,0,182,green,2885,T4F
214,0,1,0,182,green,2885,T4F
215,0,1,0,182,green,2885,T4F
216,0,1,0,182,green,2885,T4F
217,0,1,0,182,green,2885,T4F
218,0,1,0,182,green,2885,T4F
219,0,1,0,182,green,2885,T4F
220,0,1,0,182,green,2885,T4F
221,0,1,0,182,green,2885,T4F
222,0,1,0,182,green,2885,T4F
223,0,1,0,182,green,2885,T4F
224,0,1,0,182,green,2885,T4F
225,0,1,0,182,green,2885,T4F
226,0,1,0,182,green,2885,T4F
227,0,1,0,182,green,2885,T4F
228,0,1,0,182,green,2885,T4F
229,0,1,0,182,green,2885,T4F
230,0,1,0,182,green,2885,T4F
231,0,1,0,182,green,2885,T4F
232,0,1,0,182,green,2885,T4F
233,0,1,0,182,green,2885,T4F
234,0,1,0,182,green,2885,T4F
235,0,1,0,182,green,2885,T4F
236,0,1,0,182,green,2885,T4F
237,0,1,0,182,green,2885,T4F
238,0,1,0,182,green,2885,T4F
239,0,1,0,182,green,2885,T4F
240,0,1,0,182,green,2885,T4F
241,0,1,0,182,green,2885,T4F
242,0,1,0,182,green,2885,T4F
243,0,1,0,182,green,2885,T4F
244,0,1,0,182,green,2885,T4F
245,0,1,0,182,green,2885,T4F
246,0,1,0,182,green,2885,T4F
247,0,1,0,182,green,2885,T4F
248,0,1,0,182,green,2885,T4F
249,0,1,0,182,green,2885,T4F
250,0,1,0,182,green,2885,T4F
251,0,1,0,182,green,2885,T4F
252,0,1,0,182,green,2885,T4F
253,0,1,0,182,green,2885,T4F
254,0,1,0,182,green,2885,T4F
255,0,1,0,182,green,2885,T4F
256,0,1,0,182,green,2885,T4F
257,0,1,0,182,green,2885,T4F
258,0,1,0,182,green,2885,T4F
259,0,1,0,182,green,2885,T4F
260,0,1,0,182,green,2885,T4F
261,0,1,0,182,green,2885,T4F
262,0,1,0,182,green,2885,T4F
263,0,1,0,182,green,2885,T4F
264,0,1,0,182,green,2885,T4F
265,0,1,0,182,green,2885,T4F
266,0,1,0,182,green,2885,T4F
267,0,1,0,182,green,2885,T4F
268,0,1,0,182,green,2885,T4F
269,0,1,0,182,green,2885,T4F
270,0,1,0,182,green,2885,T4F
271,0,1,0,182,green,2885,T4F
272,0,1,0,182,green,2885,T4F
273,0,1,0,182,green,2885,T4F
274,0,1,0,182,green,2885,T4F
275,0,1,0,182,green,2885,T4F
276,0,1,0,182,green,2885,T4F
277,0,1,0,182,green,2885,T4F
278,0,1,0,182,green,2885,T4F
279,0,1,0,182,green,2885,T4F
280,0,1,0,182,green,2885,T4F
281,0,1,0,182,green,2885,T4F
282,0,1,0,182,green,2885,T4F
0,0,0,1,183,green,2909,T4F
1,0,0,1,183,green,2909,T4F
2,0,0,1,183,green,2909,T4F
3,0,0,1,183,green,2909,T4F
4,0,0,1,183,green,2909,T4F
5,0,0,1,183,green,2909,T4F
6,0,0,1,183,green,2909,T4F
7,0,0,1,183,green,2909,T4F
8,0,0,1,183,green,2909,T4F
9,0,0,1,183,green,2909,T4F
10,0,0,1,183,green,2909,T4F
11,0,0,1,183,green,2909,T4F
12,0,0,1,183,green,2909,T4F
13,0,0,1,183,green,2909,T4F
14,0,0,1,183,green,2909,T4F
15,0,0,1,183,green,2909,T4F
16,0,0,1,183,green,2909,T4F
17,0,0,1,183,green,2909,T4F
18,0,0,1,183,green,2909,T4F
19,0,0,1,183,green,2909,T4F
20,0,0,1,183,green,2909,T4F
21,0,0,1,183,green,2909,T4F
22,0,0,1,183,green,2909,T4F
23,0,0,1,183,green,2909,T4F
24,0,0,1,183,green,2909,T4F
25,0,0,1,183,green,2909,T4F
26,0,0,1,183,green,2909,T4F
27,0,0,1,183,green,2909,T4F
28,0,0,1,183,green,2909,T4F
29,0,0,1,183,green,2909,T4F
30,0,0,1,183,green,2909,T4F
31,0,0,1,183,green,2909,T4F
32,0,0,1,183,green,2909,T4F
33,0,0,1,183,green,2909,T4F
34,0,0,1,183,green,2909,T4F
35,0,0,1,183,green,2909,T4F
36,0,0,1,183,green,2909,T4F
37,0,0,1,183,green,2909,T4F
38,0,0,1,183,green,2909,T4F
39,0,0,1,183,green,2909,T4F
40,0,0,1,183,green,2909,T4F
41,0,0,1,183,green,2909,T4F
42,0,0,1,183,green,2909,T4F
43,0,0,1,183,green,2909,T4F
44,0,0,1,183,green,2909,T4F
45,0,0,1,183,green,2909,T4F
46,0,0,1,183,green,2909,T4F
47,0,0,1,183,green,2909,T4F
48,0,0,1,183,green,2909,T4F
49,0,0,1,183,green,2909,T4F
50,0,0,1,183,green,2909,T4F
51,0,0,1,183,green,2909,T4F
52,0,0,1,183,green,2909,T4F
53,0,0,1,183,green,2909,T4F
54,0,0,1,183,green,2909,T4F
55,0,0,1,183,green,2909,T4F
56,0,0,1,183,green,2909,T4F
57,0,0,1,183,green,2909,T4F
58,0,0,1,183,green,2909,T4F
59,0,0,1,183,green,2909,T4F
60,0,0,1,183,green,2909,T4F
61,0,0,1,183,green,2909,T4F
62,0,0,1,183,green,2909,T4F
63,0,0,1,183,green,2909,T4F
64,0,0,1,183,green,2909,T4F
65,0,0,1,183,green,2909,T4F
66,0,0,1,183,green,2909,T4F
67,0,0,1,183,green,2909,T4F
68,0,0,1,183,green,2909,T4F
69,0,0,1,183,green,2909,T4F
70,0,0,1,183,green,2909,T4F
71,0,0,1,183,green,2909,T4F
72,0,0,1,183,green,2909,T4F
73,0,0,1,183,green,2909,T4F
74,0,0,1,183,green,2909,T4F
75,0,0,1,183,green,2909,T4F
76,0,0,1,183,green,2909,T4F
77,0,0,1,183,green,2909,T4F
78,0,0,1,183,green,2909,T4F
79,0,0,1,183,green,2909,T4F
80,0,0,1,183,green,2909,T4F
81,0,0,1,183,green,2909,T4F
82,0,0,1,183,green,2909,T4F
83,0,0,1,183,green,2909,T4F
84,0,0,1,183,green,2909,T4F
85,0,0,1,183,green,2909,T4F
86,0,0,1,183,green,2909,T4F
87,0,0,1,183,green,2909,T4F
88,0,0,1,183,green,2909,T4F
89,0,0,1,183,green,2909,T4F
90,0,0,1,183,green,2909,T4F
91,0,0,1,183,green,2909,T4F
92,0,0,1,183,green,2909,T4F
93,0,0,1,183,green,2909,T4F
94,0,0,1,183,green,2909,T4F
95,0,0,1,183,green,2909,T4F
96,0,0,1,183,green,2909,T4F
97,0,0,1,183,green,2909,T4F
98,0,0,1,183,green,2909,T4F
99,0,0,1,183,green,2909,T4F
100,0,0,1,183,green,2909,T4F
101,0,0,1,183,green,2909,T4F
102,0,0,1,183,green,2909,T4F
103,0,0,1,183,green,2909,T4F
104,0,0,1,183,green,2909,T4F
105,0,0,1,183,green,2909,T4F
106,0,0,1,183,green,2909,T4F
107,0,0,1,183,green,2909,T4F
108,0,0,1,183,green,2909,T4F
109,0,0,1,183,green,2909,T4F
110,0,0,1,183,green,2909,T4F
111,0,0,1,183,green,2909,T4F
112,0,0,1,183,green,2909,T4F
113,0,0,1,183,green,2909,T4F
114,0,0,1,183,green,2909,T4F
115,0,0,1,183,green,2909,T4F
116,0,0,1,183,green,2909,T4F
117,0,0,1,183,green,2909,T4F
118,0,0,1,183,green,2909,T4F
119,0,0,1,183,green,2909,T4F
120,0,0,1,183,green,2909,T4F
121,0,0,1,183,green,2909,T4F
122,0,0,1,183,green,2909,T4F
123,0,0,1,183,green,2909,T4F
124,0,0,1,183,green,2909,T4F
125,0,0,1,183,green,2909,T4F
126,0,0,1,183,green,2909,T4F
127,0,0,1,183,green,2909,T4F
128,0,0,1,183,green,2909,T4F
129,0,0,1,183,green,2909,T4F
130,0,0,1,183,green,2909,T4F
131,0,0,1,183,green,2909,T4F
132,0,0,1,183,green,2909,T4F
133,0,0,1,183,green,2909,T4F
134,0,0,1,183,green,2909,T4F
135,0,0,1,183,green,2909,T4F
136,0,0,1,183,green,2909,T4F
137,0,0,1,183,green,2909,T4F
138,0,0,1,183,green,2909,T4F
139,0,0,1,183,green,2909,T4F
140,0,0,1,183,green,2909,T4F
141,0,0,1,183,green,2909,T4F
142,0,0,1,183,green,2909,T4F
143,0,0,1,183,green,2909,T4F
144,0,0,1,183,green,2909,T4F
145,0,0,1,183,green,2909,T4F
146,0,0,1,183,green,2909,T4F
147,0,0,1,183,green,2909,T4F
148,0,0,1,183,green,2909,T4F
149,0,0,1,183,green,2909,T4F
150,0,0,1,183,green,2909,T4F
151,0,0,1,183,green,2909,T4F
152,0,0,1,183,green,2909,T4F
153,0,0,1,183,green,2909,T4F
154,0,0,1,183,green,2909,T4F
155,0,0,1,183,green,2909,T4F
156,0,0,1,183,green,2909,T4F
157,0,0,1,183,green,2909,T4F
158,0,0,1,183,green,2909,T4F
159,0,0,1,183,green,2909,T4F
160,0,0,1,183,green,2909,T4F
161,0,0,1,183,green,2909,T4F
162,0,0,1,183,green,2909,T4F
163,0,0,1,183,green,2909,T4F
164,0,0,1,183,green,2909,T4F
165,0,0,1,183,green,2909,T4F
166,0,0,1,183,green,2909,T4F
167,0,0,1,183,green,2909,T4F
168,0,0,1,183,green,2909,T4F
169,0,0,1,183,green,2909,T4F
170,0,0,1,183,green,2909,T4F
171,0,0,1,183,green,2909,T4F
172,0,0,1,183,green,2909,T4F
173,0,0,1,183,green,2909,T4F
174,0,0,1,183,green,2909,T4F
175,0,0,1,183,green,2909,T4F
176,0,0,1,183,green,2909,T4F
177,0,0,1,183,green,2909,T4F
178,0,0,1,183,green,2909,T4F
179,0,0,1,183,green,2909,T4F
180,0,0,1,183,green,2909,T4F
181,0,0,1,183,green,2909,T4F
182,0,0,1,183,green,2909,T4F
183,0,0,1,183,green,2909,T4F
184,0,0,1,183,green,2909,T4F
185,0,0,1,183,green,2909,T4F
186,0,0,1,183,green,2909,T4F
187,0,0,1,183,green,2909,T4F
188,0,0,1,183,green,2909,T4F
189,0,0,1,183,green,2909,T4F
190,0,0,1,183,green,2909,T4F
191,0,0,1,183,green,2909,T4F
192,0,0,1,183,green,2909,T4F
193,0,0,1,183,green,2909,T4F
194,0,0,1,183,green,2909,T4F
195,0,0,1,183,green,2909,T4F
196,0,0,1,183,green,2909,T4F
197,0,0,1,183,green,2909,T4F
198,0,0,1,183,green,2909,T4F
199,0,0,1,183,green,2909,T4F
200,0,0,1,183,green,2909,T4F
201,0,0,1,183,green,2909,T4F
202,0,0,1,183,green,2909,T4F
203,0,0,1,183,green,2909,T4F
204,0,0,1,183,green,2909,T4F
205,0,0,1,183,green,2909,T4F
206,0,0,1,183,green,2909,T4F
207,0,0,1,183,green,2909,T4F
208,0,0,1,183,green,2909,T4F
209,0,0,1,183,green,2909,T4F
210,0,0,1,183,green,2909,T4F
211,0,0,1,183,green,2909,T4F
212,0,0,1,183,green,2909,T4F
213,0,0,1,183,green,2909,T4F
214,0,0,1,183,green,2909,T4F
215,0,0,1,183,green,2909,T4F
216,0,0,1,183,green,2909,T4F
217,0,0,1,183,green,2909,T4F
218,0,0,1,183,green,2909,T4F
219,0,0,1,183,green,2909,T4F
220,0,0,1,183,green,2909,T4F
221,0,1,0,183,green,2909,T4F
222,0,1,0,183,green,2909,T4F
223,0,1,0,183,green,2909,T4F
224,0,1,0,183,green,2909,T4F
225,0,1,0,183,green,2909,T4F
226,0,1,0,183,green,2909,T4F
227,0,1,0,183,green,2909,T4F
228,0,1,0,183,green,2909,T4F
229,0,1,0,183,green,2909,T4F
230,0,1,0,183,green,2909,T4F
231,0,1,0,183,green,2909,T4F
232,0,1,0,183,green,2909,T4F
233,0,1,0,183,green,2909,T4F
234,0,1,0,183,green,2909,T4F
235,0,1,0,183,green,2909,T4F
236,0,1,0,183,green,2909,T4F
237,0,1,0,183,green,2909,T4F
238,0,1,0,183,green,2909,T4F
239,0,1,0,183,green,2909,T4F
240,0,1,0,183,green,2909,T4F
241,0,1,0,183,green,2909,T4F
242,0,1,0,183,green,2909,T4F
243,0,1,0,183,green,2909,T4F
244,0,1,0,183,green,2909,T4F
245,0,1,0,183,green,2909,T4F
246,0,1,0,183,green,2909,T4F
247,0,1,0,183,green,2909,T4F
248,0,1,0,183,green,2909,T4F
249,0,1,0,183,green,2909,T4F
250,0,1,0,183,green,2909,T4F
251,0,1,0,183,green,2909,T4F
252,0,1,0,183,green,2909,T4F
253,0,1,0,183,green,2909,T4F
254,0,1,0,183,green,2909,T4F
255,0,1,0,183,green,2909,T4F
256,0,1,0,183,green,2909,T4F
257,0,1,0,183,green,2909,T4F
258,0,1,0,183,green,2909,T4F
259,0,1,0,183,green,2909,T4F
260,0,1,0,183,green,2909,T4F
261,0,1,0,183,green,2909,T4F
262,0,1,0,183,green,2909,T4F
263,0,1,0,183,green,2909,T4F
264,0,1,0,183,green,2909,T4F
265,0,1,0,183,green,2909,T4F
266,0,1,0,183,green,2909,T4F
267,0,1,0,183,green,2909,T4F
268,0,1,0,183,green,2909,T4F
269,0,1,0,183,green,2909,T4F
270,0,1,0,183,green,2909,T4F
271,0,1,0,183,green,2909,T4F
272,0,1,0,183,green,2909,T4F
273,0,1,0,183,green,2909,T4F
274,0,1,0,183,green,2909,T4F
275,0,1,0,183,green,2909,T4F
276,0,1,0,183,green,2909,T4F
277,0,1,0,183,green,2909,T4F
278,0,1,0,183,green,2909,T4F
279,0,1,0,183,green,2909,T4F
280,0,1,0,183,green,2909,T4F
281,0,1,0,183,green,2909,T4F
282,0,1,0,183,green,2909,T4F
0,0,0,1,184,green,3020,T4F
1,0,0,1,184,green,3020,T4F
2,0,0,1,184,green,3020,T4F
3,0,0,1,184,green,3020,T4F
4,0,0,1,184,green,3020,T4F
5,0,0,1,184,green,3020,T4F
6,0,0,1,184,green,3020,T4F
7,0,0,1,184,green,3020,T4F
8,0,0,1,184,green,3020,T4F
9,0,0,1,184,green,3020,T4F
10,0,0,1,184,green,3020,T4F
11,0,0,1,184,green,3020,T4F
12,0,0,1,184,green,3020,T4F
13,0,0,1,184,green,3020,T4F
14,0,0,1,184,green,3020,T4F
15,0,0,1,184,green,3020,T4F
16,0,0,1,184,green,3020,T4F
17,0,0,1,184,green,3020,T4F
18,0,0,1,184,green,3020,T4F
19,0,0,1,184,green,3020,T4F
20,0,0,1,184,green,3020,T4F
21,0,0,1,184,green,3020,T4F
22,0,0,1,184,green,3020,T4F
23,0,0,1,184,green,3020,T4F
24,0,0,1,184,green,3020,T4F
25,0,0,1,184,green,3020,T4F
26,0,0,1,184,green,3020,T4F
27,0,0,1,184,green,3020,T4F
28,0,0,1,184,green,3020,T4F
29,0,0,1,184,green,3020,T4F
30,0,0,1,184,green,3020,T4F
31,0,0,1,184,green,3020,T4F
32,0,0,1,184,green,3020,T4F
33,0,0,1,184,green,3020,T4F
34,0,0,1,184,green,3020,T4F
35,0,0,1,184,green,3020,T4F
36,0,0,1,184,green,3020,T4F
37,0,0,1,184,green,3020,T4F
38,0,0,1,184,green,3020,T4F
39,0,0,1,184,green,3020,T4F
40,0,0,1,184,green,3020,T4F
41,0,0,1,184,green,3020,T4F
42,0,0,1,184,green,3020,T4F
43,0,0,1,184,green,3020,T4F
44,0,0,1,184,green,3020,T4F
45,0,0,1,184,green,3020,T4F
46,0,0,1,184,green,3020,T4F
47,0,0,1,184,green,3020,T4F
48,0,0,1,184,green,3020,T4F
49,0,0,1,184,green,3020,T4F
50,0,0,1,184,green,3020,T4F
51,0,0,1,184,green,3020,T4F
52,0,0,1,184,green,3020,T4F
53,0,0,1,184,green,3020,T4F
54,0,0,1,184,green,3020,T4F
55,0,0,1,184,green,3020,T4F
56,0,0,1,184,green,3020,T4F
57,0,0,1,184,green,3020,T4F
58,0,0,1,184,green,3020,T4F
59,0,0,1,184,green,3020,T4F
60,0,0,1,184,green,3020,T4F
61,0,0,1,184,green,3020,T4F
62,0,0,1,184,green,3020,T4F
63,0,0,1,184,green,3020,T4F
64,0,0,1,184,green,3020,T4F
65,0,0,1,184,green,3020,T4F
66,0,0,1,184,green,3020,T4F
67,0,0,1,184,green,3020,T4F
68,0,0,1,184,green,3020,T4F
69,0,0,1,184,green,3020,T4F
70,0,0,1,184,green,3020,T4F
71,0,0,1,184,green,3020,T4F
72,0,0,1,184,green,3020,T4F
73,0,0,1,184,green,3020,T4F
74,0,0,1,184,green,3020,T4F
75,0,0,1,184,green,3020,T4F
76,0,0,1,184,green,3020,T4F
77,0,0,1,184,green,3020,T4F
78,0,0,1,184,green,3020,T4F
79,0,0,1,184,green,3020,T4F
80,0,0,1,184,green,3020,T4F
81,0,0,1,184,green,3020,T4F
82,0,0,1,184,green,3020,T4F
83,0,1,0,184,green,3020,T4F
84,0,1,0,184,green,3020,T4F
85,0,1,0,184,green,3020,T4F
86,0,1,0,184,green,3020,T4F
87,0,1,0,184,green,3020,T4F
88,0,1,0,184,green,3020,T4F
89,0,1,0,184,green,3020,T4F
90,0,1,0,184,green,3020,T4F
91,0,1,0,184,green,3020,T4F
92,0,1,0,184,green,3020,T4F
93,0,1,0,184,green,3020,T4F
94,0,1,0,184,green,3020,T4F
95,0,1,0,184,green,3020,T4F
96,0,1,0,184,green,3020,T4F
97,0,1,0,184,green,3020,T4F
98,0,1,0,184,green,3020,T4F
99,0,1,0,184,green,3020,T4F
100,0,1,0,184,green,3020,T4F
101,0,1,0,184,green,3020,T4F
102,0,1,0,184,green,3020,T4F
103,0,1,0,184,green,3020,T4F
104,0,1,0,184,green,3020,T4F
105,0,1,0,184,green,3020,T4F
106,0,1,0,184,green,3020,T4F
107,0,1,0,184,green,3020,T4F
108,0,0,1,184,green,3020,T4F
109,0,0,1,184,green,3020,T4F
110,0,0,1,184,green,3020,T4F
111,0,0,1,184,green,3020,T4F
112,0,0,1,184,green,3020,T4F
113,0,0,1,184,green,3020,T4F
114,0,0,1,184,green,3020,T4F
115,0,0,1,184,green,3020,T4F
116,0,0,1,184,green,3020,T4F
117,0,0,1,184,green,3020,T4F
118,0,0,1,184,green,3020,T4F
119,0,0,1,184,green,3020,T4F
120,0,0,1,184,green,3020,T4F
121,0,0,1,184,green,3020,T4F
122,0,0,1,184,green,3020,T4F
123,0,0,1,184,green,3020,T4F
124,0,0,1,184,green,3020,T4F
125,0,0,1,184,green,3020,T4F
126,0,0,1,184,green,3020,T4F
127,0,0,1,184,green,3020,T4F
128,0,0,1,184,green,3020,T4F
129,0,0,1,184,green,3020,T4F
130,0,0,1,184,green,3020,T4F
131,0,0,1,184,green,3020,T4F
132,0,0,1,184,green,3020,T4F
133,0,0,1,184,green,3020,T4F
134,0,0,1,184,green,3020,T4F
135,0,0,1,184,green,3020,T4F
136,0,0,1,184,green,3020,T4F
137,0,0,1,184,green,3020,T4F
138,0,0,1,184,green,3020,T4F
139,0,0,1,184,green,3020,T4F
140,0,0,1,184,green,3020,T4F
141,0,0,1,184,green,3020,T4F
142,0,0,1,184,green,3020,T4F
143,0,0,1,184,green,3020,T4F
144,0,0,1,184,green,3020,T4F
145,0,0,1,184,green,3020,T4F
146,0,0,1,184,green,3020,T4F
147,0,0,1,184,green,3020,T4F
148,0,0,1,184,green,3020,T4F
149,0,0,1,184,green,3020,T4F
150,0,0,1,184,green,3020,T4F
151,0,0,1,184,green,3020,T4F
152,0,0,1,184,green,3020,T4F
153,0,0,1,184,green,3020,T4F
154,0,0,1,184,green,3020,T4F
155,0,0,1,184,green,3020,T4F
156,0,0,1,184,green,3020,T4F
157,0,0,1,184,green,3020,T4F
158,0,0,1,184,green,3020,T4F
159,0,0,1,184,green,3020,T4F
160,0,0,1,184,green,3020,T4F
161,0,0,1,184,green,3020,T4F
162,0,0,1,184,green,3020,T4F
163,0,0,1,184,green,3020,T4F
164,0,0,1,184,green,3020,T4F
165,0,0,1,184,green,3020,T4F
166,0,0,1,184,green,3020,T4F
167,0,0,1,184,green,3020,T4F
168,0,0,1,184,green,3020,T4F
169,0,1,0,184,green,3020,T4F
170,0,1,0,184,green,3020,T4F
171,0,1,0,184,green,3020,T4F
172,0,1,0,184,green,3020,T4F
173,0,1,0,184,green,3020,T4F
174,0,1,0,184,green,3020,T4F
175,0,1,0,184,green,3020,T4F
176,0,1,0,184,green,3020,T4F
177,0,1,0,184,green,3020,T4F
178,0,1,0,184,green,3020,T4F
179,0,1,0,184,green,3020,T4F
180,0,1,0,184,green,3020,T4F
181,0,1,0,184,green,3020,T4F
182,0,1,0,184,green,3020,T4F
183,0,1,0,184,green,3020,T4F
184,0,1,0,184,green,3020,T4F
185,0,1,0,184,green,3020,T4F
186,0,1,0,184,green,3020,T4F
187,0,1,0,184,green,3020,T4F
188,0,1,0,184,green,3020,T4F
189,0,1,0,184,green,3020,T4F
190,0,1,0,184,green,3020,T4F
191,0,1,0,184,green,3020,T4F
192,0,1,0,184,green,3020,T4F
193,0,1,0,184,green,3020,T4F
194,0,1,0,184,green,3020,T4F
195,0,1,0,184,green,3020,T4F
196,0,1,0,184,green,3020,T4F
197,0,1,0,184,green,3020,T4F
198,0,1,0,184,green,3020,T4F
199,0,1,0,184,green,3020,T4F
200,0,1,0,184,green,3020,T4F
201,0,1,0,184,green,3020,T4F
202,0,1,0,184,green,3020,T4F
203,0,1,0,184,green,3020,T4F
204,0,1,0,184,green,3020,T4F
205,0,1,0,184,green,3020,T4F
206,0,1,0,184,green,3020,T4F
207,0,1,0,184,green,3020,T4F
208,0,1,0,184,green,3020,T4F
209,0,0,1,184,green,3020,T4F
210,0,0,1,184,green,3020,T4F
211,0,0,1,184,green,3020,T4F
212,0,0,1,184,green,3020,T4F
213,0,0,1,184,green,3020,T4F
214,0,0,1,184,green,3020,T4F
215,0,0,1,184,green,3020,T4F
216,0,0,1,184,green,3020,T4F
217,0,0,1,184,green,3020,T4F
218,0,0,1,184,green,3020,T4F
219,0,0,1,184,green,3020,T4F
220,0,0,1,184,green,3020,T4F
221,0,0,1,184,green,3020,T4F
222,0,0,1,184,green,3020,T4F
223,0,0,1,184,green,3020,T4F
224,0,0,1,184,green,3020,T4F
225,0,0,1,184,green,3020,T4F
226,0,0,1,184,green,3020,T4F
227,0,0,1,184,green,3020,T4F
228,0,0,1,184,green,3020,T4F
229,0,0,1,184,green,3020,T4F
230,0,0,1,184,green,3020,T4F
231,0,0,1,184,green,3020,T4F
232,0,0,1,184,green,3020,T4F
233,0,0,1,184,green,3020,T4F
234,0,0,1,184,green,3020,T4F
235,0,0,1,184,green,3020,T4F
236,0,0,1,184,green,3020,T4F
237,0,0,1,184,green,3020,T4F
238,0,0,1,184,green,3020,T4F
239,0,0,1,184,green,3020,T4F
240,0,0,1,184,green,3020,T4F
241,0,0,1,184,green,3020,T4F
242,0,0,1,184,green,3020,T4F
243,0,0,1,184,green,3020,T4F
244,0,0,1,184,green,3020,T4F
245,0,0,1,184,green,3020,T4F
246,0,0,1,184,green,3020,T4F
247,0,0,1,184,green,3020,T4F
248,0,0,1,184,green,3020,T4F
249,0,0,1,184,green,3020,T4F
250,0,0,1,184,green,3020,T4F
251,0,0,1,184,green,3020,T4F
252,0,0,1,184,green,3020,T4F
253,0,0,1,184,green,3020,T4F
254,0,0,1,184,green,3020,T4F
255,0,0,1,184,green,3020,T4F
256,0,0,1,184,green,3020,T4F
257,0,0,1,184,green,3020,T4F
258,0,0,1,184,green,3020,T4F
259,0,0,1,184,green,3020,T4F
260,0,0,1,184,green,3020,T4F
261,0,0,1,184,green,3020,T4F
262,0,0,1,184,green,3020,T4F
263,0,0,1,184,green,3020,T4F
264,0,0,1,184,green,3020,T4F
265,0,0,1,184,green,3020,T4F
266,0,0,1,184,green,3020,T4F
267,0,0,1,184,green,3020,T4F
268,0,0,1,184,green,3020,T4F
269,0,0,1,184,green,3020,T4F
270,0,0,1,184,green,3020,T4F
271,0,0,1,184,green,3020,T4F
272,0,0,1,184,green,3020,T4F
273,0,0,1,184,green,3020,T4F
274,0,0,1,184,green,3020,T4F
275,0,0,1,184,green,3020,T4F
276,1,0,0,184,green,3020,T4F
277,0,0,1,184,green,3020,T4F
278,0,1,0,184,green,3020,T4F
279,0,1,0,184,green,3020,T4F
280,0,1,0,184,green,3020,T4F
281,0,1,0,184,green,3020,T4F
282,0,1,0,184,green,3020,T4F
0,0,0,1,185,green,3109,T4F
1,0,0,1,185,green,3109,T4F
2,0,0,1,185,green,3109,T4F
3,0,0,1,185,green,3109,T4F
4,0,0,1,185,green,3109,T4F
5,0,0,1,185,green,3109,T4F
6,0,0,1,185,green,3109,T4F
7,0,0,1,185,green,3109,T4F
8,0,0,1,185,green,3109,T4F
9,0,0,1,185,green,3109,T4F
10,0,0,1,185,green,3109,T4F
11,0,0,1,185,green,3109,T4F
12,0,0,1,185,green,3109,T4F
13,0,0,1,185,green,3109,T4F
14,0,0,1,185,green,3109,T4F
15,0,0,1,185,green,3109,T4F
16,0,0,1,185,green,3109,T4F
17,0,0,1,185,green,3109,T4F
18,0,0,1,185,green,3109,T4F
19,0,0,1,185,green,3109,T4F
20,0,0,1,185,green,3109,T4F
21,0,0,1,185,green,3109,T4F
22,0,0,1,185,green,3109,T4F
23,0,0,1,185,green,3109,T4F
24,0,0,1,185,green,3109,T4F
25,0,0,1,185,green,3109,T4F
26,0,0,1,185,green,3109,T4F
27,0,0,1,185,green,3109,T4F
28,0,0,1,185,green,3109,T4F
29,0,0,1,185,green,3109,T4F
30,0,0,1,185,green,3109,T4F
31,0,0,1,185,green,3109,T4F
32,0,0,1,185,green,3109,T4F
33,0,0,1,185,green,3109,T4F
34,0,0,1,185,green,3109,T4F
35,0,0,1,185,green,3109,T4F
36,0,0,1,185,green,3109,T4F
37,0,0,1,185,green,3109,T4F
38,0,0,1,185,green,3109,T4F
39,0,0,1,185,green,3109,T4F
40,0,0,1,185,green,3109,T4F
41,0,0,1,185,green,3109,T4F
42,0,0,1,185,green,3109,T4F
43,0,0,1,185,green,3109,T4F
44,0,0,1,185,green,3109,T4F
45,0,0,1,185,green,3109,T4F
46,0,0,1,185,green,3109,T4F
47,0,0,1,185,green,3109,T4F
48,0,0,1,185,green,3109,T4F
49,0,0,1,185,green,3109,T4F
50,0,0,1,185,green,3109,T4F
51,0,0,1,185,green,3109,T4F
52,0,0,1,185,green,3109,T4F
53,0,0,1,185,green,3109,T4F
54,0,0,1,185,green,3109,T4F
55,0,0,1,185,green,3109,T4F
56,0,0,1,185,green,3109,T4F
57,0,0,1,185,green,3109,T4F
58,0,0,1,185,green,3109,T4F
59,0,0,1,185,green,3109,T4F
60,0,0,1,185,green,3109,T4F
61,0,0,1,185,green,3109,T4F
62,0,0,1,185,green,3109,T4F
63,0,0,1,185,green,3109,T4F
64,0,0,1,185,green,3109,T4F
65,0,0,1,185,green,3109,T4F
66,0,0,1,185,green,3109,T4F
67,0,0,1,185,green,3109,T4F
68,0,0,1,185,green,3109,T4F
69,0,0,1,185,green,3109,T4F
70,0,0,1,185,green,3109,T4F
71,0,0,1,185,green,3109,T4F
72,0,0,1,185,green,3109,T4F
73,0,0,1,185,green,3109,T4F
74,0,0,1,185,green,3109,T4F
75,0,0,1,185,green,3109,T4F
76,0,0,1,185,green,3109,T4F
77,0,0,1,185,green,3109,T4F
78,0,0,1,185,green,3109,T4F
79,0,0,1,185,green,3109,T4F
80,0,0,1,185,green,3109,T4F
81,0,0,1,185,green,3109,T4F
82,0,0,1,185,green,3109,T4F
83,0,0,1,185,green,3109,T4F
84,0,0,1,185,green,3109,T4F
85,0,0,1,185,green,3109,T4F
86,0,0,1,185,green,3109,T4F
87,0,0,1,185,green,3109,T4F
88,0,0,1,185,green,3109,T4F
89,0,0,1,185,green,3109,T4F
90,0,0,1,185,green,3109,T4F
91,0,0,1,185,green,3109,T4F
92,0,0,1,185,green,3109,T4F
93,0,0,1,185,green,3109,T4F
94,0,0,1,185,green,3109,T4F
95,0,0,1,185,green,3109,T4F
96,0,0,1,185,green,3109,T4F
97,0,0,1,185,green,3109,T4F
98,0,0,1,185,green,3109,T4F
99,0,0,1,185,green,3109,T4F
100,0,0,1,185,green,3109,T4F
101,0,0,1,185,green,3109,T4F
102,0,0,1,185,green,3109,T4F
103,0,0,1,185,green,3109,T4F
104,0,0,1,185,green,3109,T4F
105,0,0,1,185,green,3109,T4F
106,0,0,1,185,green,3109,T4F
107,0,0,1,185,green,3109,T4F
108,0,0,1,185,green,3109,T4F
109,0,0,1,185,green,3109,T4F
110,0,0,1,185,green,3109,T4F
111,0,0,1,185,green,3109,T4F
112,0,0,1,185,green,3109,T4F
113,0,0,1,185,green,3109,T4F
114,0,0,1,185,green,3109,T4F
115,0,0,1,185,green,3109,T4F
116,0,0,1,185,green,3109,T4F
117,0,0,1,185,green,3109,T4F
118,0,0,1,185,green,3109,T4F
119,0,0,1,185,green,3109,T4F
120,0,0,1,185,green,3109,T4F
121,0,0,1,185,green,3109,T4F
122,0,0,1,185,green,3109,T4F
123,1,0,0,185,green,3109,T4F
124,1,0,0,185,green,3109,T4F
125,1,0,0,185,green,3109,T4F
126,1,0,0,185,green,3109,T4F
127,0,0,1,185,green,3109,T4F
128,0,0,1,185,green,3109,T4F
129,0,0,1,185,green,3109,T4F
130,0,0,1,185,green,3109,T4F
131,0,0,1,185,green,3109,T4F
132,0,0,1,185,green,3109,T4F
133,0,0,1,185,green,3109,T4F
134,1,0,0,185,green,3109,T4F
135,1,0,0,185,green,3109,T4F
136,1,0,0,185,green,3109,T4F
137,1,0,0,185,green,3109,T4F
138,1,0,0,185,green,3109,T4F
139,1,0,0,185,green,3109,T4F
140,1,0,0,185,green,3109,T4F
141,1,0,0,185,green,3109,T4F
142,1,0,0,185,green,3109,T4F
143,1,0,0,185,green,3109,T4F
144,1,0,0,185,green,3109,T4F
145,1,0,0,185,green,3109,T4F
146,1,0,0,185,green,3109,T4F
147,1,0,0,185,green,3109,T4F
148,1,0,0,185,green,3109,T4F
149,1,0,0,185,green,3109,T4F
150,1,0,0,185,green,3109,T4F
151,1,0,0,185,green,3109,T4F
152,0,0,1,185,green,3109,T4F
153,0,0,1,185,green,3109,T4F
154,0,0,1,185,green,3109,T4F
155,0,0,1,185,green,3109,T4F
156,0,0,1,185,green,3109,T4F
157,0,0,1,185,green,3109,T4F
158,0,0,1,185,green,3109,T4F
159,0,0,1,185,green,3109,T4F
160,0,0,1,185,green,3109,T4F
161,0,0,1,185,green,3109,T4F
162,1,0,0,185,green,3109,T4F
163,1,0,0,185,green,3109,T4F
164,1,0,0,185,green,3109,T4F
165,1,0,0,185,green,3109,T4F
166,1,0,0,185,green,3109,T4F
167,1,0,0,185,green,3109,T4F
168,1,0,0,185,green,3109,T4F
169,1,0,0,185,green,3109,T4F
170,0,0,1,185,green,3109,T4F
171,0,0,1,185,green,3109,T4F
172,0,0,1,185,green,3109,T4F
173,0,0,1,185,green,3109,T4F
174,0,0,1,185,green,3109,T4F
175,0,0,1,185,green,3109,T4F
176,0,0,1,185,green,3109,T4F
177,1,0,0,185,green,3109,T4F
178,1,0,0,185,green,3109,T4F
179,1,0,0,185,green,3109,T4F
180,1,0,0,185,green,3109,T4F
181,1,0,0,185,green,3109,T4F
182,1,0,0,185,green,3109,T4F
183,1,0,0,185,green,3109,T4F
184,1,0,0,185,green,3109,T4F
185,1,0,0,185,green,3109,T4F
186,1,0,0,185,green,3109,T4F
187,1,0,0,185,green,3109,T4F
188,1,0,0,185,green,3109,T4F
189,0,0,1,185,green,3109,T4F
190,0,0,1,185,green,3109,T4F
191,0,0,1,185,green,3109,T4F
192,0,0,1,185,green,3109,T4F
193,0,0,1,185,green,3109,T4F
194,0,0,1,185,green,3109,T4F
195,0,0,1,185,green,3109,T4F
196,0,0,1,185,green,3109,T4F
197,0,0,1,185,green,3109,T4F
198,0,0,1,185,green,3109,T4F
199,0,0,1,185,green,3109,T4F
200,0,0,1,185,green,3109,T4F
201,0,0,1,185,green,3109,T4F
202,0,0,1,185,green,3109,T4F
203,0,0,1,185,green,3109,T4F
204,0,0,1,185,green,3109,T4F
205,0,0,1,185,green,3109,T4F
206,0,0,1,185,green,3109,T4F
207,0,0,1,185,green,3109,T4F
208,0,0,1,185,green,3109,T4F
209,0,0,1,185,green,3109,T4F
210,0,0,1,185,green,3109,T4F
211,0,0,1,185,green,3109,T4F
212,0,0,1,185,green,3109,T4F
213,0,0,1,185,green,3109,T4F
214,0,0,1,185,green,3109,T4F
215,0,0,1,185,green,3109,T4F
216,0,0,1,185,green,3109,T4F
217,0,0,1,185,green,3109,T4F
218,0,0,1,185,green,3109,T4F
219,0,0,1,185,green,3109,T4F
220,0,0,1,185,green,3109,T4F
221,0,0,1,185,green,3109,T4F
222,0,0,1,185,green,3109,T4F
223,0,0,1,185,green,3109,T4F
224,0,0,1,185,green,3109,T4F
225,0,0,1,185,green,3109,T4F
226,0,0,1,185,green,3109,T4F
227,0,0,1,185,green,3109,T4F
228,0,0,1,185,green,3109,T4F
229,0,0,1,185,green,3109,T4F
230,1,0,0,185,green,3109,T4F
231,1,0,0,185,green,3109,T4F
232,1,0,0,185,green,3109,T4F
233,1,0,0,185,green,3109,T4F
234,1,0,0,185,green,3109,T4F
235,1,0,0,185,green,3109,T4F
236,1,0,0,185,green,3109,T4F
237,0,0,1,185,green,3109,T4F
238,0,0,1,185,green,3109,T4F
239,0,0,1,185,green,3109,T4F
240,0,0,1,185,green,3109,T4F
241,0,0,1,185,green,3109,T4F
242,0,0,1,185,green,3109,T4F
243,0,0,1,185,green,3109,T4F
244,0,0,1,185,green,3109,T4F
245,0,0,1,185,green,3109,T4F
246,0,0,1,185,green,3109,T4F
247,1,0,0,185,green,3109,T4F
248,1,0,0,185,green,3109,T4F
249,1,0,0,185,green,3109,T4F
250,1,0,0,185,green,3109,T4F
251,0,0,1,185,green,3109,T4F
252,0,0,1,185,green,3109,T4F
253,0,0,1,185,green,3109,T4F
254,0,0,1,185,green,3109,T4F
255,0,0,1,185,green,3109,T4F
256,0,0,1,185,green,3109,T4F
257,0,0,1,185,green,3109,T4F
258,0,0,1,185,green,3109,T4F
259,1,0,0,185,green,3109,T4F
260,1,0,0,185,green,3109,T4F
261,0,0,1,185,green,3109,T4F
262,0,0,1,185,green,3109,T4F
263,0,0,1,185,green,3109,T4F
264,0,0,1,185,green,3109,T4F
265,0,0,1,185,green,3109,T4F
266,0,0,1,185,green,3109,T4F
267,0,0,1,185,green,3109,T4F
268,0,0,1,185,green,3109,T4F
269,0,1,0,185,green,3109,T4F
270,0,1,0,185,green,3109,T4F
271,0,1,0,185,green,3109,T4F
272,0,1,0,185,green,3109,T4F
273,0,1,0,185,green,3109,T4F
274,0,0,1,185,green,3109,T4F
275,0,0,1,185,green,3109,T4F
276,0,0,1,185,green,3109,T4F
277,0,0,1,185,green,3109,T4F
278,0,0,1,185,green,3109,T4F
279,0,0,1,185,green,3109,T4F
280,0,0,1,185,green,3109,T4F
281,0,0,1,185,green,3109,T4F
282,0,0,1,185,green,3109,T4F
0,0,0,1,186,green,3158,T4F
1,0,0,1,186,green,3158,T4F
2,0,0,1,186,green,3158,T4F
3,0,0,1,186,green,3158,T4F
4,0,0,1,186,green,3158,T4F
5,0,0,1,186,green,3158,T4F
6,0,0,1,186,green,3158,T4F
7,0,0,1,186,green,3158,T4F
8,0,0,1,186,green,3158,T4F
9,0,0,1,186,green,3158,T4F
10,0,0,1,186,green,3158,T4F
11,0,0,1,186,green,3158,T4F
12,0,0,1,186,green,3158,T4F
13,0,0,1,186,green,3158,T4F
14,0,0,1,186,green,3158,T4F
15,0,0,1,186,green,3158,T4F
16,0,0,1,186,green,3158,T4F
17,0,0,1,186,green,3158,T4F
18,0,0,1,186,green,3158,T4F
19,0,0,1,186,green,3158,T4F
20,0,0,1,186,green,3158,T4F
21,0,0,1,186,green,3158,T4F
22,0,0,1,186,green,3158,T4F
23,0,0,1,186,green,3158,T4F
24,0,0,1,186,green,3158,T4F
25,0,0,1,186,green,3158,T4F
26,0,0,1,186,green,3158,T4F
27,0,0,1,186,green,3158,T4F
28,0,0,1,186,green,3158,T4F
29,0,0,1,186,green,3158,T4F
30,0,0,1,186,green,3158,T4F
31,0,0,1,186,green,3158,T4F
32,0,0,1,186,green,3158,T4F
33,0,0,1,186,green,3158,T4F
34,0,0,1,186,green,3158,T4F
35,0,0,1,186,green,3158,T4F
36,0,0,1,186,green,3158,T4F
37,0,0,1,186,green,3158,T4F
38,0,0,1,186,green,3158,T4F
39,0,0,1,186,green,3158,T4F
40,0,0,1,186,green,3158,T4F
41,0,0,1,186,green,3158,T4F
42,0,0,1,186,green,3158,T4F
43,0,0,1,186,green,3158,T4F
44,0,0,1,186,green,3158,T4F
45,0,0,1,186,green,3158,T4F
46,0,0,1,186,green,3158,T4F
47,0,0,1,186,green,3158,T4F
48,0,0,1,186,green,3158,T4F
49,0,0,1,186,green,3158,T4F
50,0,0,1,186,green,3158,T4F
51,0,0,1,186,green,3158,T4F
52,0,0,1,186,green,3158,T4F
53,0,0,1,186,green,3158,T4F
54,0,0,1,186,green,3158,T4F
55,0,0,1,186,green,3158,T4F
56,0,0,1,186,green,3158,T4F
57,0,0,1,186,green,3158,T4F
58,0,0,1,186,green,3158,T4F
59,0,0,1,186,green,3158,T4F
60,0,0,1,186,green,3158,T4F
61,0,0,1,186,green,3158,T4F
62,0,0,1,186,green,3158,T4F
63,0,0,1,186,green,3158,T4F
64,0,0,1,186,green,3158,T4F
65,0,0,1,186,green,3158,T4F
66,0,0,1,186,green,3158,T4F
67,0,0,1,186,green,3158,T4F
68,0,0,1,186,green,3158,T4F
69,0,0,1,186,green,3158,T4F
70,0,0,1,186,green,3158,T4F
71,0,0,1,186,green,3158,T4F
72,0,0,1,186,green,3158,T4F
73,0,0,1,186,green,3158,T4F
74,0,0,1,186,green,3158,T4F
75,0,0,1,186,green,3158,T4F
76,0,0,1,186,green,3158,T4F
77,0,0,1,186,green,3158,T4F
78,0,0,1,186,green,3158,T4F
79,0,0,1,186,green,3158,T4F
80,0,0,1,186,green,3158,T4F
81,0,0,1,186,green,3158,T4F
82,0,0,1,186,green,3158,T4F
83,0,0,1,186,green,3158,T4F
84,0,0,1,186,green,3158,T4F
85,0,0,1,186,green,3158,T4F
86,0,0,1,186,green,3158,T4F
87,0,0,1,186,green,3158,T4F
88,0,0,1,186,green,3158,T4F
89,0,0,1,186,green,3158,T4F
90,0,0,1,186,green,3158,T4F
91,0,0,1,186,green,3158,T4F
92,0,0,1,186,green,3158,T4F
93,0,0,1,186,green,3158,T4F
94,0,0,1,186,green,3158,T4F
95,0,0,1,186,green,3158,T4F
96,0,0,1,186,green,3158,T4F
97,0,0,1,186,green,3158,T4F
98,0,0,1,186,green,3158,T4F
99,0,0,1,186,green,3158,T4F
100,0,0,1,186,green,3158,T4F
101,0,0,1,186,green,3158,T4F
102,0,0,1,186,green,3158,T4F
103,0,0,1,186,green,3158,T4F
104,0,0,1,186,green,3158,T4F
105,0,0,1,186,green,3158,T4F
106,0,0,1,186,green,3158,T4F
107,0,0,1,186,green,3158,T4F
108,0,0,1,186,green,3158,T4F
109,1,0,0,186,green,3158,T4F
110,1,0,0,186,green,3158,T4F
111,1,0,0,186,green,3158,T4F
112,1,0,0,186,green,3158,T4F
113,1,0,0,186,green,3158,T4F
114,1,0,0,186,green,3158,T4F
115,1,0,0,186,green,3158,T4F
116,1,0,0,186,green,3158,T4F
117,1,0,0,186,green,3158,T4F
118,1,0,0,186,green,3158,T4F
119,1,0,0,186,green,3158,T4F
120,1,0,0,186,green,3158,T4F
121,1,0,0,186,green,3158,T4F
122,1,0,0,186,green,3158,T4F
123,1,0,0,186,green,3158,T4F
124,1,0,0,186,green,3158,T4F
125,1,0,0,186,green,3158,T4F
126,1,0,0,186,green,3158,T4F
127,1,0,0,186,green,3158,T4F
128,1,0,0,186,green,3158,T4F
129,1,0,0,186,green,3158,T4F
130,1,0,0,186,green,3158,T4F
131,1,0,0,186,green,3158,T4F
132,1,0,0,186,green,3158,T4F
133,1,0,0,186,green,3158,T4F
134,1,0,0,186,green,3158,T4F
135,1,0,0,186,green,3158,T4F
136,1,0,0,186,green,3158,T4F
137,1,0,0,186,green,3158,T4F
138,1,0,0,186,green,3158,T4F
139,1,0,0,186,green,3158,T4F
140,1,0,0,186,green,3158,T4F
141,1,0,0,186,green,3158,T4F
142,1,0,0,186,green,3158,T4F
143,1,0,0,186,green,3158,T4F
144,1,0,0,186,green,3158,T4F
145,1,0,0,186,green,3158,T4F
146,1,0,0,186,green,3158,T4F
147,1,0,0,186,green,3158,T4F
148,1,0,0,186,green,3158,T4F
149,1,0,0,186,green,3158,T4F
150,1,0,0,186,green,3158,T4F
151,1,0,0,186,green,3158,T4F
152,1,0,0,186,green,3158,T4F
153,1,0,0,186,green,3158,T4F
154,1,0,0,186,green,3158,T4F
155,1,0,0,186,green,3158,T4F
156,1,0,0,186,green,3158,T4F
157,1,0,0,186,green,3158,T4F
158,1,0,0,186,green,3158,T4F
159,1,0,0,186,green,3158,T4F
160,1,0,0,186,green,3158,T4F
161,1,0,0,186,green,3158,T4F
162,1,0,0,186,green,3158,T4F
163,1,0,0,186,green,3158,T4F
164,1,0,0,186,green,3158,T4F
165,1,0,0,186,green,3158,T4F
166,1,0,0,186,green,3158,T4F
167,1,0,0,186,green,3158,T4F
168,1,0,0,186,green,3158,T4F
169,1,0,0,186,green,3158,T4F
170,1,0,0,186,green,3158,T4F
171,1,0,0,186,green,3158,T4F
172,1,0,0,186,green,3158,T4F
173,1,0,0,186,green,3158,T4F
174,1,0,0,186,green,3158,T4F
175,1,0,0,186,green,3158,T4F
176,1,0,0,186,green,3158,T4F
177,1,0,0,186,green,3158,T4F
178,1,0,0,186,green,3158,T4F
179,1,0,0,186,green,3158,T4F
180,1,0,0,186,green,3158,T4F
181,1,0,0,186,green,3158,T4F
182,1,0,0,186,green,3158,T4F
183,1,0,0,186,green,3158,T4F
184,1,0,0,186,green,3158,T4F
185,1,0,0,186,green,3158,T4F
186,1,0,0,186,green,3158,T4F
187,1,0,0,186,green,3158,T4F
188,1,0,0,186,green,3158,T4F
189,1,0,0,186,green,3158,T4F
190,1,0,0,186,green,3158,T4F
191,1,0,0,186,green,3158,T4F
192,1,0,0,186,green,3158,T4F
193,1,0,0,186,green,3158,T4F
194,1,0,0,186,green,3158,T4F
195,1,0,0,186,green,3158,T4F
196,1,0,0,186,green,3158,T4F
197,1,0,0,186,green,3158,T4F
198,1,0,0,186,green,3158,T4F
199,1,0,0,186,green,3158,T4F
200,1,0,0,186,green,3158,T4F
201,1,0,0,186,green,3158,T4F
202,1,0,0,186,green,3158,T4F
203,1,0,0,186,green,3158,T4F
204,1,0,0,186,green,3158,T4F
205,1,0,0,186,green,3158,T4F
206,1,0,0,186,green,3158,T4F
207,1,0,0,186,green,3158,T4F
208,1,0,0,186,green,3158,T4F
209,1,0,0,186,green,3158,T4F
210,1,0,0,186,green,3158,T4F
211,1,0,0,186,green,3158,T4F
212,1,0,0,186,green,3158,T4F
213,1,0,0,186,green,3158,T4F
214,1,0,0,186,green,3158,T4F
215,1,0,0,186,green,3158,T4F
216,1,0,0,186,green,3158,T4F
217,1,0,0,186,green,3158,T4F
218,1,0,0,186,green,3158,T4F
219,1,0,0,186,green,3158,T4F
220,1,0,0,186,green,3158,T4F
221,1,0,0,186,green,3158,T4F
222,1,0,0,186,green,3158,T4F
223,1,0,0,186,green,3158,T4F
224,1,0,0,186,green,3158,T4F
225,1,0,0,186,green,3158,T4F
226,1,0,0,186,green,3158,T4F
227,1,0,0,186,green,3158,T4F
228,1,0,0,186,green,3158,T4F
229,1,0,0,186,green,3158,T4F
230,1,0,0,186,green,3158,T4F
231,1,0,0,186,green,3158,T4F
232,1,0,0,186,green,3158,T4F
233,1,0,0,186,green,3158,T4F
234,1,0,0,186,green,3158,T4F
235,1,0,0,186,green,3158,T4F
236,1,0,0,186,green,3158,T4F
237,1,0,0,186,green,3158,T4F
238,1,0,0,186,green,3158,T4F
239,1,0,0,186,green,3158,T4F
240,1,0,0,186,green,3158,T4F
241,1,0,0,186,green,3158,T4F
242,1,0,0,186,green,3158,T4F
243,1,0,0,186,green,3158,T4F
244,1,0,0,186,green,3158,T4F
245,1,0,0,186,green,3158,T4F
246,1,0,0,186,green,3158,T4F
247,1,0,0,186,green,3158,T4F
248,1,0,0,186,green,3158,T4F
249,1,0,0,186,green,3158,T4F
250,1,0,0,186,green,3158,T4F
251,1,0,0,186,green,3158,T4F
252,1,0,0,186,green,3158,T4F
253,1,0,0,186,green,3158,T4F
254,1,0,0,186,green,3158,T4F
255,1,0,0,186,green,3158,T4F
256,1,0,0,186,green,3158,T4F
257,1,0,0,186,green,3158,T4F
258,1,0,0,186,green,3158,T4F
259,1,0,0,186,green,3158,T4F
260,1,0,0,186,green,3158,T4F
261,1,0,0,186,green,3158,T4F
262,1,0,0,186,green,3158,T4F
263,0,0,1,186,green,3158,T4F
264,0,1,0,186,green,3158,T4F
265,0,1,0,186,green,3158,T4F
266,0,1,0,186,green,3158,T4F
267,0,1,0,186,green,3158,T4F
268,0,1,0,186,green,3158,T4F
269,0,1,0,186,green,3158,T4F
270,0,1,0,186,green,3158,T4F
271,0,1,0,186,green,3158,T4F
272,0,1,0,186,green,3158,T4F
273,0,1,0,186,green,3158,T4F
274,0,1,0,186,green,3158,T4F
275,0,1,0,186,green,3158,T4F
276,0,1,0,186,green,3158,T4F
277,0,1,0,186,green,3158,T4F
278,0,1,0,186,green,3158,T4F
279,0,1,0,186,green,3158,T4F
280,0,1,0,186,green,3158,T4F
281,0,1,0,186,green,3158,T4F
282,0,1,0,186,green,3158,T4F
0,0,0,1,187,green,3274,T4F
1,0,0,1,187,green,3274,T4F
2,0,0,1,187,green,3274,T4F
3,0,0,1,187,green,3274,T4F
4,0,0,1,187,green,3274,T4F
5,0,0,1,187,green,3274,T4F
6,0,0,1,187,green,3274,T4F
7,0,0,1,187,green,3274,T4F
8,0,0,1,187,green,3274,T4F
9,0,0,1,187,green,3274,T4F
10,0,0,1,187,green,3274,T4F
11,0,0,1,187,green,3274,T4F
12,0,0,1,187,green,3274,T4F
13,0,0,1,187,green,3274,T4F
14,0,0,1,187,green,3274,T4F
15,0,0,1,187,green,3274,T4F
16,0,0,1,187,green,3274,T4F
17,0,0,1,187,green,3274,T4F
18,0,0,1,187,green,3274,T4F
19,0,0,1,187,green,3274,T4F
20,0,0,1,187,green,3274,T4F
21,0,0,1,187,green,3274,T4F
22,0,0,1,187,green,3274,T4F
23,0,0,1,187,green,3274,T4F
24,0,0,1,187,green,3274,T4F
25,0,0,1,187,green,3274,T4F
26,0,0,1,187,green,3274,T4F
27,0,0,1,187,green,3274,T4F
28,0,0,1,187,green,3274,T4F
29,0,0,1,187,green,3274,T4F
30,0,0,1,187,green,3274,T4F
31,0,0,1,187,green,3274,T4F
32,0,0,1,187,green,3274,T4F
33,0,0,1,187,green,3274,T4F
34,0,0,1,187,green,3274,T4F
35,0,0,1,187,green,3274,T4F
36,0,0,1,187,green,3274,T4F
37,0,0,1,187,green,3274,T4F
38,0,0,1,187,green,3274,T4F
39,0,0,1,187,green,3274,T4F
40,0,0,1,187,green,3274,T4F
41,0,0,1,187,green,3274,T4F
42,0,0,1,187,green,3274,T4F
43,0,0,1,187,green,3274,T4F
44,0,0,1,187,green,3274,T4F
45,0,0,1,187,green,3274,T4F
46,0,0,1,187,green,3274,T4F
47,0,0,1,187,green,3274,T4F
48,0,0,1,187,green,3274,T4F
49,0,0,1,187,green,3274,T4F
50,0,0,1,187,green,3274,T4F
51,0,0,1,187,green,3274,T4F
52,0,0,1,187,green,3274,T4F
53,0,0,1,187,green,3274,T4F
54,0,0,1,187,green,3274,T4F
55,0,0,1,187,green,3274,T4F
56,0,0,1,187,green,3274,T4F
57,0,0,1,187,green,3274,T4F
58,0,0,1,187,green,3274,T4F
59,0,0,1,187,green,3274,T4F
60,0,0,1,187,green,3274,T4F
61,0,0,1,187,green,3274,T4F
62,0,0,1,187,green,3274,T4F
63,0,0,1,187,green,3274,T4F
64,0,0,1,187,green,3274,T4F
65,0,0,1,187,green,3274,T4F
66,0,0,1,187,green,3274,T4F
67,0,0,1,187,green,3274,T4F
68,0,0,1,187,green,3274,T4F
69,0,0,1,187,green,3274,T4F
70,0,0,1,187,green,3274,T4F
71,0,0,1,187,green,3274,T4F
72,0,0,1,187,green,3274,T4F
73,0,0,1,187,green,3274,T4F
74,0,0,1,187,green,3274,T4F
75,0,0,1,187,green,3274,T4F
76,0,0,1,187,green,3274,T4F
77,0,0,1,187,green,3274,T4F
78,0,0,1,187,green,3274,T4F
79,0,0,1,187,green,3274,T4F
80,0,0,1,187,green,3274,T4F
81,0,0,1,187,green,3274,T4F
82,0,0,1,187,green,3274,T4F
83,0,0,1,187,green,3274,T4F
84,0,0,1,187,green,3274,T4F
85,0,0,1,187,green,3274,T4F
86,0,0,1,187,green,3274,T4F
87,0,0,1,187,green,3274,T4F
88,0,0,1,187,green,3274,T4F
89,0,0,1,187,green,3274,T4F
90,0,0,1,187,green,3274,T4F
91,0,0,1,187,green,3274,T4F
92,0,0,1,187,green,3274,T4F
93,0,0,1,187,green,3274,T4F
94,0,0,1,187,green,3274,T4F
95,0,1,0,187,green,3274,T4F
96,0,1,0,187,green,3274,T4F
97,0,1,0,187,green,3274,T4F
98,0,1,0,187,green,3274,T4F
99,0,1,0,187,green,3274,T4F
100,0,1,0,187,green,3274,T4F
101,0,1,0,187,green,3274,T4F
102,0,1,0,187,green,3274,T4F
103,0,1,0,187,green,3274,T4F
104,0,1,0,187,green,3274,T4F
105,0,1,0,187,green,3274,T4F
106,0,1,0,187,green,3274,T4F
107,0,1,0,187,green,3274,T4F
108,0,1,0,187,green,3274,T4F
109,0,1,0,187,green,3274,T4F
110,0,1,0,187,green,3274,T4F
111,0,1,0,187,green,3274,T4F
112,0,1,0,187,green,3274,T4F
113,0,1,0,187,green,3274,T4F
114,0,1,0,187,green,3274,T4F
115,0,1,0,187,green,3274,T4F
116,0,1,0,187,green,3274,T4F
117,0,1,0,187,green,3274,T4F
118,0,1,0,187,green,3274,T4F
119,0,1,0,187,green,3274,T4F
120,0,1,0,187,green,3274,T4F
121,0,1,0,187,green,3274,T4F
122,0,1,0,187,green,3274,T4F
123,0,1,0,187,green,3274,T4F
124,0,1,0,187,green,3274,T4F
125,0,0,1,187,green,3274,T4F
126,0,0,1,187,green,3274,T4F
127,0,0,1,187,green,3274,T4F
128,0,0,1,187,green,3274,T4F
129,0,0,1,187,green,3274,T4F
130,0,0,1,187,green,3274,T4F
131,0,0,1,187,green,3274,T4F
132,0,0,1,187,green,3274,T4F
133,0,0,1,187,green,3274,T4F
134,0,0,1,187,green,3274,T4F
135,1,0,0,187,green,3274,T4F
136,1,0,0,187,green,3274,T4F
137,1,0,0,187,green,3274,T4F
138,1,0,0,187,green,3274,T4F
139,1,0,0,187,green,3274,T4F
140,1,0,0,187,green,3274,T4F
141,1,0,0,187,green,3274,T4F
142,1,0,0,187,green,3274,T4F
143,1,0,0,187,green,3274,T4F
144,1,0,0,187,green,3274,T4F
145,1,0,0,187,green,3274,T4F
146,1,0,0,187,green,3274,T4F
147,1,0,0,187,green,3274,T4F
148,1,0,0,187,green,3274,T4F
149,1,0,0,187,green,3274,T4F
150,1,0,0,187,green,3274,T4F
151,1,0,0,187,green,3274,T4F
152,1,0,0,187,green,3274,T4F
153,1,0,0,187,green,3274,T4F
154,1,0,0,187,green,3274,T4F
155,1,0,0,187,green,3274,T4F
156,1,0,0,187,green,3274,T4F
157,1,0,0,187,green,3274,T4F
158,1,0,0,187,green,3274,T4F
159,1,0,0,187,green,3274,T4F
160,1,0,0,187,green,3274,T4F
161,1,0,0,187,green,3274,T4F
162,1,0,0,187,green,3274,T4F
163,1,0,0,187,green,3274,T4F
164,1,0,0,187,green,3274,T4F
165,1,0,0,187,green,3274,T4F
166,1,0,0,187,green,3274,T4F
167,1,0,0,187,green,3274,T4F
168,1,0,0,187,green,3274,T4F
169,1,0,0,187,green,3274,T4F
170,1,0,0,187,green,3274,T4F
171,1,0,0,187,green,3274,T4F
172,1,0,0,187,green,3274,T4F
173,1,0,0,187,green,3274,T4F
174,1,0,0,187,green,3274,T4F
175,1,0,0,187,green,3274,T4F
176,1,0,0,187,green,3274,T4F
177,1,0,0,187,green,3274,T4F
178,1,0,0,187,green,3274,T4F
179,1,0,0,187,green,3274,T4F
180,1,0,0,187,green,3274,T4F
181,1,0,0,187,green,3274,T4F
182,1,0,0,187,green,3274,T4F
183,1,0,0,187,green,3274,T4F
184,1,0,0,187,green,3274,T4F
185,1,0,0,187,green,3274,T4F
186,1,0,0,187,green,3274,T4F
187,1,0,0,187,green,3274,T4F
188,1,0,0,187,green,3274,T4F
189,1,0,0,187,green,3274,T4F
190,1,0,0,187,green,3274,T4F
191,1,0,0,187,green,3274,T4F
192,1,0,0,187,green,3274,T4F
193,1,0,0,187,green,3274,T4F
194,0,0,1,187,green,3274,T4F
195,0,0,1,187,green,3274,T4F
196,0,0,1,187,green,3274,T4F
197,0,0,1,187,green,3274,T4F
198,0,0,1,187,green,3274,T4F
199,0,0,1,187,green,3274,T4F
200,0,0,1,187,green,3274,T4F
201,0,1,0,187,green,3274,T4F
202,0,1,0,187,green,3274,T4F
203,0,1,0,187,green,3274,T4F
204,0,1,0,187,green,3274,T4F
205,0,1,0,187,green,3274,T4F
206,0,1,0,187,green,3274,T4F
207,0,1,0,187,green,3274,T4F
208,0,1,0,187,green,3274,T4F
209,0,1,0,187,green,3274,T4F
210,0,1,0,187,green,3274,T4F
211,0,1,0,187,green,3274,T4F
212,0,1,0,187,green,3274,T4F
213,0,1,0,187,green,3274,T4F
214,0,0,1,187,green,3274,T4F
215,1,0,0,187,green,3274,T4F
216,1,0,0,187,green,3274,T4F
217,1,0,0,187,green,3274,T4F
218,1,0,0,187,green,3274,T4F
219,1,0,0,187,green,3274,T4F
220,1,0,0,187,green,3274,T4F
221,1,0,0,187,green,3274,T4F
222,1,0,0,187,green,3274,T4F
223,1,0,0,187,green,3274,T4F
224,1,0,0,187,green,3274,T4F
225,1,0,0,187,green,3274,T4F
226,1,0,0,187,green,3274,T4F
227,1,0,0,187,green,3274,T4F
228,1,0,0,187,green,3274,T4F
229,1,0,0,187,green,3274,T4F
230,1,0,0,187,green,3274,T4F
231,1,0,0,187,green,3274,T4F
232,1,0,0,187,green,3274,T4F
233,1,0,0,187,green,3274,T4F
234,1,0,0,187,green,3274,T4F
235,1,0,0,187,green,3274,T4F
236,1,0,0,187,green,3274,T4F
237,1,0,0,187,green,3274,T4F
238,1,0,0,187,green,3274,T4F
239,1,0,0,187,green,3274,T4F
240,1,0,0,187,green,3274,T4F
241,1,0,0,187,green,3274,T4F
242,1,0,0,187,green,3274,T4F
243,1,0,0,187,green,3274,T4F
244,1,0,0,187,green,3274,T4F
245,1,0,0,187,green,3274,T4F
246,1,0,0,187,green,3274,T4F
247,1,0,0,187,green,3274,T4F
248,1,0,0,187,green,3274,T4F
249,1,0,0,187,green,3274,T4F
250,1,0,0,187,green,3274,T4F
251,1,0,0,187,green,3274,T4F
252,1,0,0,187,green,3274,T4F
253,1,0,0,187,green,3274,T4F
254,1,0,0,187,green,3274,T4F
255,1,0,0,187,green,3274,T4F
256,1,0,0,187,green,3274,T4F
257,1,0,0,187,green,3274,T4F
258,0,0,1,187,green,3274,T4F
259,0,0,1,187,green,3274,T4F
260,0,0,1,187,green,3274,T4F
261,0,0,1,187,green,3274,T4F
262,0,0,1,187,green,3274,T4F
263,0,0,1,187,green,3274,T4F
264,0,0,1,187,green,3274,T4F
265,0,0,1,187,green,3274,T4F
266,0,0,1,187,green,3274,T4F
267,0,1,0,187,green,3274,T4F
268,0,1,0,187,green,3274,T4F
269,0,1,0,187,green,3274,T4F
270,0,1,0,187,green,3274,T4F
271,0,1,0,187,green,3274,T4F
272,0,1,0,187,green,3274,T4F
273,0,1,0,187,green,3274,T4F
274,0,1,0,187,green,3274,T4F
275,0,1,0,187,green,3274,T4F
276,0,1,0,187,green,3274,T4F
277,0,1,0,187,green,3274,T4F
278,0,1,0,187,green,3274,T4F
279,0,1,0,187,green,3274,T4F
280,0,1,0,187,green,3274,T4F
281,0,1,0,187,green,3274,T4F
282,0,1,0,187,green,3274,T4F
0,0,0,1,188,green,3244,T4F
1,0,0,1,188,green,3244,T4F
2,0,0,1,188,green,3244,T4F
3,0,0,1,188,green,3244,T4F
4,0,0,1,188,green,3244,T4F
5,0,0,1,188,green,3244,T4F
6,0,0,1,188,green,3244,T4F
7,0,0,1,188,green,3244,T4F
8,0,0,1,188,green,3244,T4F
9,0,0,1,188,green,3244,T4F
10,0,0,1,188,green,3244,T4F
11,0,0,1,188,green,3244,T4F
12,0,0,1,188,green,3244,T4F
13,0,0,1,188,green,3244,T4F
14,0,0,1,188,green,3244,T4F
15,0,0,1,188,green,3244,T4F
16,0,0,1,188,green,3244,T4F
17,0,0,1,188,green,3244,T4F
18,0,0,1,188,green,3244,T4F
19,0,0,1,188,green,3244,T4F
20,0,0,1,188,green,3244,T4F
21,0,0,1,188,green,3244,T4F
22,0,0,1,188,green,3244,T4F
23,0,0,1,188,green,3244,T4F
24,0,0,1,188,green,3244,T4F
25,0,0,1,188,green,3244,T4F
26,0,0,1,188,green,3244,T4F
27,0,0,1,188,green,3244,T4F
28,0,0,1,188,green,3244,T4F
29,0,0,1,188,green,3244,T4F
30,0,0,1,188,green,3244,T4F
31,0,0,1,188,green,3244,T4F
32,0,0,1,188,green,3244,T4F
33,0,0,1,188,green,3244,T4F
34,0,0,1,188,green,3244,T4F
35,0,0,1,188,green,3244,T4F
36,0,0,1,188,green,3244,T4F
37,0,0,1,188,green,3244,T4F
38,0,0,1,188,green,3244,T4F
39,0,0,1,188,green,3244,T4F
40,0,0,1,188,green,3244,T4F
41,0,0,1,188,green,3244,T4F
42,0,0,1,188,green,3244,T4F
43,0,0,1,188,green,3244,T4F
44,0,0,1,188,green,3244,T4F
45,0,0,1,188,green,3244,T4F
46,0,0,1,188,green,3244,T4F
47,0,0,1,188,green,3244,T4F
48,0,0,1,188,green,3244,T4F
49,0,0,1,188,green,3244,T4F
50,0,0,1,188,green,3244,T4F
51,0,0,1,188,green,3244,T4F
52,0,0,1,188,green,3244,T4F
53,0,0,1,188,green,3244,T4F
54,0,0,1,188,green,3244,T4F
55,0,0,1,188,green,3244,T4F
56,0,0,1,188,green,3244,T4F
57,0,0,1,188,green,3244,T4F
58,0,0,1,188,green,3244,T4F
59,0,0,1,188,green,3244,T4F
60,0,0,1,188,green,3244,T4F
61,0,0,1,188,green,3244,T4F
62,0,0,1,188,green,3244,T4F
63,0,0,1,188,green,3244,T4F
64,0,0,1,188,green,3244,T4F
65,0,0,1,188,green,3244,T4F
66,0,0,1,188,green,3244,T4F
67,0,0,1,188,green,3244,T4F
68,0,0,1,188,green,3244,T4F
69,0,0,1,188,green,3244,T4F
70,0,0,1,188,green,3244,T4F
71,0,0,1,188,green,3244,T4F
72,0,0,1,188,green,3244,T4F
73,0,0,1,188,green,3244,T4F
74,0,0,1,188,green,3244,T4F
75,0,0,1,188,green,3244,T4F
76,0,0,1,188,green,3244,T4F
77,0,0,1,188,green,3244,T4F
78,0,0,1,188,green,3244,T4F
79,0,0,1,188,green,3244,T4F
80,0,0,1,188,green,3244,T4F
81,0,0,1,188,green,3244,T4F
82,0,0,1,188,green,3244,T4F
83,0,0,1,188,green,3244,T4F
84,0,0,1,188,green,3244,T4F
85,0,0,1,188,green,3244,T4F
86,0,0,1,188,green,3244,T4F
87,0,0,1,188,green,3244,T4F
88,0,0,1,188,green,3244,T4F
89,0,0,1,188,green,3244,T4F
90,0,0,1,188,green,3244,T4F
91,0,0,1,188,green,3244,T4F
92,0,0,1,188,green,3244,T4F
93,0,0,1,188,green,3244,T4F
94,0,0,1,188,green,3244,T4F
95,0,0,1,188,green,3244,T4F
96,0,0,1,188,green,3244,T4F
97,0,0,1,188,green,3244,T4F
98,0,0,1,188,green,3244,T4F
99,0,0,1,188,green,3244,T4F
100,0,0,1,188,green,3244,T4F
101,0,0,1,188,green,3244,T4F
102,0,0,1,188,green,3244,T4F
103,0,0,1,188,green,3244,T4F
104,0,0,1,188,green,3244,T4F
105,0,0,1,188,green,3244,T4F
106,0,0,1,188,green,3244,T4F
107,0,0,1,188,green,3244,T4F
108,0,0,1,188,green,3244,T4F
109,0,0,1,188,green,3244,T4F
110,0,0,1,188,green,3244,T4F
111,0,0,1,188,green,3244,T4F
112,0,0,1,188,green,3244,T4F
113,0,0,1,188,green,3244,T4F
114,0,0,1,188,green,3244,T4F
115,0,0,1,188,green,3244,T4F
116,0,0,1,188,green,3244,T4F
117,0,0,1,188,green,3244,T4F
118,0,0,1,188,green,3244,T4F
119,0,0,1,188,green,3244,T4F
120,0,0,1,188,green,3244,T4F
121,0,0,1,188,green,3244,T4F
122,0,0,1,188,green,3244,T4F
123,0,0,1,188,green,3244,T4F
124,0,0,1,188,green,3244,T4F
125,0,0,1,188,green,3244,T4F
126,0,0,1,188,green,3244,T4F
127,0,0,1,188,green,3244,T4F
128,0,0,1,188,green,3244,T4F
129,0,0,1,188,green,3244,T4F
130,0,0,1,188,green,3244,T4F
131,0,0,1,188,green,3244,T4F
132,0,0,1,188,green,3244,T4F
133,0,0,1,188,green,3244,T4F
134,0,0,1,188,green,3244,T4F
135,0,0,1,188,green,3244,T4F
136,0,0,1,188,green,3244,T4F
137,0,0,1,188,green,3244,T4F
138,0,0,1,188,green,3244,T4F
139,0,0,1,188,green,3244,T4F
140,0,0,1,188,green,3244,T4F
141,0,0,1,188,green,3244,T4F
142,0,0,1,188,green,3244,T4F
143,0,0,1,188,green,3244,T4F
144,0,0,1,188,green,3244,T4F
145,0,0,1,188,green,3244,T4F
146,0,0,1,188,green,3244,T4F
147,0,0,1,188,green,3244,T4F
148,0,0,1,188,green,3244,T4F
149,0,0,1,188,green,3244,T4F
150,0,0,1,188,green,3244,T4F
151,0,0,1,188,green,3244,T4F
152,0,0,1,188,green,3244,T4F
153,0,0,1,188,green,3244,T4F
154,0,0,1,188,green,3244,T4F
155,0,0,1,188,green,3244,T4F
156,0,0,1,188,green,3244,T4F
157,0,0,1,188,green,3244,T4F
158,0,0,1,188,green,3244,T4F
159,0,0,1,188,green,3244,T4F
160,0,0,1,188,green,3244,T4F
161,0,0,1,188,green,3244,T4F
162,0,0,1,188,green,3244,T4F
163,0,0,1,188,green,3244,T4F
164,0,0,1,188,green,3244,T4F
165,0,0,1,188,green,3244,T4F
166,0,0,1,188,green,3244,T4F
167,0,0,1,188,green,3244,T4F
168,0,0,1,188,green,3244,T4F
169,0,0,1,188,green,3244,T4F
170,0,0,1,188,green,3244,T4F
171,0,0,1,188,green,3244,T4F
172,0,0,1,188,green,3244,T4F
173,0,0,1,188,green,3244,T4F
174,0,0,1,188,green,3244,T4F
175,0,0,1,188,green,3244,T4F
176,0,0,1,188,green,3244,T4F
177,0,0,1,188,green,3244,T4F
178,0,0,1,188,green,3244,T4F
179,0,0,1,188,green,3244,T4F
180,0,0,1,188,green,3244,T4F
181,0,0,1,188,green,3244,T4F
182,0,0,1,188,green,3244,T4F
183,0,0,1,188,green,3244,T4F
184,0,0,1,188,green,3244,T4F
185,0,0,1,188,green,3244,T4F
186,0,0,1,188,green,3244,T4F
187,0,0,1,188,green,3244,T4F
188,0,0,1,188,green,3244,T4F
189,0,0,1,188,green,3244,T4F
190,0,0,1,188,green,3244,T4F
191,0,0,1,188,green,3244,T4F
192,0,0,1,188,green,3244,T4F
193,0,0,1,188,green,3244,T4F
194,0,0,1,188,green,3244,T4F
195,0,0,1,188,green,3244,T4F
196,0,0,1,188,green,3244,T4F
197,0,0,1,188,green,3244,T4F
198,0,0,1,188,green,3244,T4F
199,0,0,1,188,green,3244,T4F
200,0,0,1,188,green,3244,T4F
201,0,0,1,188,green,3244,T4F
202,0,0,1,188,green,3244,T4F
203,0,0,1,188,green,3244,T4F
204,0,0,1,188,green,3244,T4F
205,0,0,1,188,green,3244,T4F
206,0,0,1,188,green,3244,T4F
207,0,0,1,188,green,3244,T4F
208,0,0,1,188,green,3244,T4F
209,0,0,1,188,green,3244,T4F
210,0,0,1,188,green,3244,T4F
211,0,0,1,188,green,3244,T4F
212,0,0,1,188,green,3244,T4F
213,0,0,1,188,green,3244,T4F
214,0,0,1,188,green,3244,T4F
215,0,0,1,188,green,3244,T4F
216,0,0,1,188,green,3244,T4F
217,0,0,1,188,green,3244,T4F
218,0,0,1,188,green,3244,T4F
219,0,0,1,188,green,3244,T4F
220,0,0,1,188,green,3244,T4F
221,0,0,1,188,green,3244,T4F
222,0,0,1,188,green,3244,T4F
223,0,0,1,188,green,3244,T4F
224,0,0,1,188,green,3244,T4F
225,0,0,1,188,green,3244,T4F
226,0,0,1,188,green,3244,T4F
227,0,0,1,188,green,3244,T4F
228,0,0,1,188,green,3244,T4F
229,0,0,1,188,green,3244,T4F
230,0,0,1,188,green,3244,T4F
231,0,0,1,188,green,3244,T4F
232,0,0,1,188,green,3244,T4F
233,0,0,1,188,green,3244,T4F
234,0,0,1,188,green,3244,T4F
235,0,0,1,188,green,3244,T4F
236,0,0,1,188,green,3244,T4F
237,0,0,1,188,green,3244,T4F
238,0,0,1,188,green,3244,T4F
239,0,0,1,188,green,3244,T4F
240,0,0,1,188,green,3244,T4F
241,0,0,1,188,green,3244,T4F
242,0,0,1,188,green,3244,T4F
243,0,0,1,188,green,3244,T4F
244,0,0,1,188,green,3244,T4F
245,0,0,1,188,green,3244,T4F
246,0,0,1,188,green,3244,T4F
247,0,0,1,188,green,3244,T4F
248,0,0,1,188,green,3244,T4F
249,0,0,1,188,green,3244,T4F
250,0,0,1,188,green,3244,T4F
251,0,0,1,188,green,3244,T4F
252,0,0,1,188,green,3244,T4F
253,0,0,1,188,green,3244,T4F
254,0,0,1,188,green,3244,T4F
255,0,0,1,188,green,3244,T4F
256,0,0,1,188,green,3244,T4F
257,0,0,1,188,green,3244,T4F
258,0,0,1,188,green,3244,T4F
259,0,0,1,188,green,3244,T4F
260,0,0,1,188,green,3244,T4F
261,0,0,1,188,green,3244,T4F
262,0,0,1,188,green,3244,T4F
263,0,0,1,188,green,3244,T4F
264,0,0,1,188,green,3244,T4F
265,0,0,1,188,green,3244,T4F
266,0,0,1,188,green,3244,T4F
267,0,1,0,188,green,3244,T4F
268,0,1,0,188,green,3244,T4F
269,0,1,0,188,green,3244,T4F
270,0,1,0,188,green,3244,T4F
271,0,1,0,188,green,3244,T4F
272,0,1,0,188,green,3244,T4F
273,0,1,0,188,green,3244,T4F
274,0,1,0,188,green,3244,T4F
275,0,1,0,188,green,3244,T4F
276,0,1,0,188,green,3244,T4F
277,0,1,0,188,green,3244,T4F
278,0,1,0,188,green,3244,T4F
279,0,1,0,188,green,3244,T4F
280,0,1,0,188,green,3244,T4F
281,0,1,0,188,green,3244,T4F
282,0,1,0,188,green,3244,T4F
