{
  "barriers": [
    {
      "x": 26.2,
      "y": 43.7,
      "width": 22.9,
      "height": 5.5
    }
  ],
  "occluders": [],
  "step_data": {
    "0": {
      "x": 84.45,
      "y": 27.0,
      "speed": 1.0,
      "dir": 0.0,
      "vx": 0.0,
      "vy": 0.0
    },
    "1": {
      "x": 85.8,
      "y": 26.3,
      "speed": 1.0,
      "dir": -0.47835243137865885,
      "vx": 0.8877545314489287,
      "vy": -0.46031716445500154
    },
    "2": {
      "x": 87.15,
      "y": 25.75,
      "speed": 1.0,
      "dir": -0.3868757177310263,
      "vx": 0.9260923597695484,
      "vy": -0.3772968873135178
    },
    "3": {
      "x": 88.45,
      "y": 25.15,
      "speed": 1.0,
      "dir": -0.43240777557053955,
      "vx": 0.907959384500451,
      "vy": -0.4190581774617485
    },
    "4": {
      "x": 89.85,
      "y": 24.55,
      "speed": 1.0,
      "dir": -0.4048917862850843,
      "vx": 0.9191450300180576,
      "vy": -0.39391929857916846
    },
    "5": {
      "x": 91.2,
      "y": 23.8,
      "speed": 1.0,
      "dir": -0.5070985043923343,
      "vx": 0.8741572761215392,
      "vy": -0.4856429311786298
    },
    "6": {
      "x": 92.6,
      "y": 23.25,
      "speed": 1.0,
      "dir": -0.3743336160075864,
      "vx": 0.930751493440346,
      "vy": -0.36565237242299575
    },
    "7": {
      "x": 93.95,
      "y": 22.65,
      "speed": 1.0,
      "dir": -0.41822432957922767,
      "vx": 0.9138115486202576,
      "vy": -0.4061384660534463
    },
    "8": {
      "x": 95.35,
      "y": 22.05,
      "speed": 1.0,
      "dir": -0.4048917862850843,
      "vx": 0.9191450300180576,
      "vy": -0.39391929857916846
    },
    "9": {
      "x": 95.15,
      "y": 21.35,
      "speed": 1.0,
      "dir": -1.8490959857999931,
      "vx": -0.27472112789736386,
      "vy": -0.9615239476408273
    },
    "10": {
      "x": 93.75,
      "y": 20.75,
      "speed": 1.0,
      "dir": -2.73670086730471,
      "vx": -0.9191450300180581,
      "vy": -0.3939192985791672
    },
    "11": {
      "x": 92.5,
      "y": 20.1,
      "speed": 1.0,
      "dir": -2.662073361597198,
      "vx": -0.8872168012345956,
      "vy": -0.46135273664198867
    },
    "12": {
      "x": 91.05,
      "y": 19.55,
      "speed": 1.0,
      "dir": -2.7790484163252858,
      "vx": -0.9349975263177834,
      "vy": -0.3546542341205383
    },
    "13": {
      "x": 89.65,
      "y": 18.95,
      "speed": 1.0,
      "dir": -2.7367008673047066,
      "vx": -0.9191450300180566,
      "vy": -0.39391929857917046
    },
    "14": {
      "x": 88.35,
      "y": 18.25,
      "speed": 1.0,
      "dir": -2.647651284670216,
      "vx": -0.8804710999221772,
      "vy": -0.4740998230350139
    },
    "15": {
      "x": 86.95,
      "y": 17.65,
      "speed": 1.0,
      "dir": -2.7367008673047066,
      "vx": -0.9191450300180566,
      "vy": -0.39391929857917046
    },
    "16": {
      "x": 85.7,
      "y": 17.1,
      "speed": 1.0,
      "dir": -2.727085779005009,
      "vx": -0.9153150324227665,
      "vy": -0.40273861426601515
    },
    "17": {
      "x": 84.25,
      "y": 16.45,
      "speed": 1.0,
      "dir": -2.7201734467019887,
      "vx": -0.912509324514951,
      "vy": -0.40905590409290965
    },
    "18": {
      "x": 82.85,
      "y": 15.75,
      "speed": 1.0,
      "dir": -2.677945044588989,
      "vx": -0.8944271909999167,
      "vy": -0.4472135954999561
    },
    "19": {
      "x": 81.6,
      "y": 15.100000000000001,
      "speed": 1.0,
      "dir": -2.662073361597198,
      "vx": -0.8872168012345956,
      "vy": -0.46135273664198867
    },
    "20": {
      "x": 80.2,
      "y": 14.5,
      "speed": 1.0,
      "dir": -2.7367008673047066,
      "vx": -0.9191450300180566,
      "vy": -0.39391929857917046
    },
    "21": {
      "x": 78.75,
      "y": 13.95,
      "speed": 1.0,
      "dir": -2.7790484163252858,
      "vx": -0.9349975263177834,
      "vy": -0.3546542341205383
    },
    "22": {
      "x": 77.5,
      "y": 13.35,
      "speed": 1.0,
      "dir": -2.6940726784326237,
      "vx": -0.9015230574682737,
      "vy": -0.4327310675847711
    },
    "23": {
      "x": 76.1,
      "y": 12.7,
      "speed": 1.0,
      "dir": -2.7069224384405497,
      "vx": -0.9070089677484322,
      "vy": -0.4211113064546278
    },
    "24": {
      "x": 74.65,
      "y": 12.05,
      "speed": 1.0,
      "dir": -2.720173446701987,
      "vx": -0.9125093245149504,
      "vy": -0.40905590409291115
    },
    "25": {
      "x": 73.4,
      "y": 11.4,
      "speed": 1.0,
      "dir": -2.662073361597197,
      "vx": -0.887216801234595,
      "vy": -0.4613527366419896
    },
    "26": {
      "x": 71.95,
      "y": 10.85,
      "speed": 1.0,
      "dir": -2.7790484163252858,
      "vx": -0.9349975263177834,
      "vy": -0.3546542341205383
    },
    "27": {
      "x": 70.55,
      "y": 10.15,
      "speed": 1.0,
      "dir": -2.677945044588989,
      "vx": -0.8944271909999167,
      "vy": -0.4472135954999561
    },
    "28": {
      "x": 69.3,
      "y": 9.5,
      "speed": 1.0,
      "dir": -2.662073361597197,
      "vx": -0.887216801234595,
      "vy": -0.4613527366419896
    },
    "29": {
      "x": 67.85,
      "y": 8.95,
      "speed": 1.0,
      "dir": -2.7790484163252858,
      "vx": -0.9349975263177834,
      "vy": -0.3546542341205383
    },
    "30": {
      "x": 66.45,
      "y": 8.35,
      "speed": 1.0,
      "dir": -2.736700867304708,
      "vx": -0.919145030018057,
      "vy": -0.39391929857916946
    },
    "31": {
      "x": 65.15,
      "y": 7.75,
      "speed": 1.0,
      "dir": -2.7091848780192547,
      "vx": -0.9079593845004515,
      "vy": -0.4190581774617475
    },
    "32": {
      "x": 63.75,
      "y": 7.050000000000001,
      "speed": 1.0,
      "dir": -2.677945044588989,
      "vx": -0.8944271909999167,
      "vy": -0.4472135954999561
    },
    "33": {
      "x": 62.349999999999994,
      "y": 6.449999999999999,
      "speed": 1.0,
      "dir": -2.73670086730471,
      "vx": -0.9191450300180581,
      "vy": -0.3939192985791672
    },
    "34": {
      "x": 61.0,
      "y": 5.8,
      "speed": 1.0,
      "dir": -2.692869309579071,
      "vx": -0.9010016697590992,
      "vy": -0.4338156187729011
    },
    "35": {
      "x": 59.65,
      "y": 5.25,
      "speed": 1.0,
      "dir": -2.7547169358587658,
      "vx": -0.9260923597695478,
      "vy": -0.377296887313519
    },
    "36": {
      "x": 58.35,
      "y": 4.55,
      "speed": 1.0,
      "dir": -2.647651284670211,
      "vx": -0.8804710999221748,
      "vy": -0.4740998230350183
    },
    "37": {
      "x": 56.9,
      "y": 3.9000000000000004,
      "speed": 1.0,
      "dir": -2.72017344670199,
      "vx": -0.9125093245149517,
      "vy": -0.40905590409290826
    },
    "38": {
      "x": 55.55,
      "y": 3.3499999999999996,
      "speed": 1.0,
      "dir": -2.7547169358587653,
      "vx": -0.9260923597695476,
      "vy": -0.37729688731351946
    },
    "39": {
      "x": 54.25,
      "y": 2.75,
      "speed": 1.0,
      "dir": -2.7091848780192547,
      "vx": -0.9079593845004515,
      "vy": -0.4190581774617475
    },
    "40": {
      "x": 52.85,
      "y": 2.1500000000000004,
      "speed": 1.0,
      "dir": -2.7367008673047097,
      "vx": -0.9191450300180578,
      "vy": -0.3939192985791678
    },
    "41": {
      "x": 51.45,
      "y": 1.4500000000000002,
      "speed": 1.0,
      "dir": -2.6779450445889865,
      "vx": -0.8944271909999156,
      "vy": -0.44721359549995837
    },
    "42": {
      "x": 50.2,
      "y": 0.8500000000000001,
      "speed": 1.0,
      "dir": -2.694072678432623,
      "vx": -0.9015230574682734,
      "vy": -0.4327310675847713
    },
    "43": {
      "x": 48.75,
      "y": 0.25,
      "speed": 1.0,
      "dir": -2.749252509374278,
      "vx": -0.924016832421891,
      "vy": -0.38235179272629904
    },
    "44": {
      "x": 47.4,
      "y": 0.5,
      "speed": 1.0,
      "dir": 2.958481836327309,
      "vx": -0.9832820049844603,
      "vy": 0.18208926018230726
    },