{
  "barriers": [
    {
      "x": 57.1,
      "y": 6.3,
      "width": 6.6,
      "height": 11.0
    },
    {
      "x": 14.3,
      "y": 10.2,
      "width": 5.5,
      "height": 26.3
    },
    {
      "x": 10.6,
      "y": 41.3,
      "width": 14.7,
      "height": 7.8
    }
  ],
  "occluders": [],
  "step_data": {
    "0": {
      "x": 29.7,
      "y": 18.7,
      "speed": 1.0,
      "dir": 0.0,
      "vx": 0.0,
      "vy": 0.0
    },
    "1": {
      "x": 31.0,
      "y": 18.0,
      "speed": 1.0,
      "dir": -0.49394136891958057,
      "vx": 0.8804710999221754,
      "vy": -0.47409982303501685
    },
    "2": {
      "x": 32.25,
      "y": 17.35,
      "speed": 1.0,
      "dir": -0.47951929199259524,
      "vx": 0.8872168012345956,
      "vy": -0.46135273664198867
    },
    "3": {
      "x": 33.65,
      "y": 16.75,
      "speed": 1.0,
      "dir": -0.40489178628508465,
      "vx": 0.9191450300180574,
      "vy": -0.3939192985791688
    },
    "4": {
      "x": 34.95,
      "y": 16.05,
      "speed": 1.0,
      "dir": -0.4939413689195794,
      "vx": 0.8804710999221761,
      "vy": -0.4740998230350159
    },
    "5": {
      "x": 36.35,
      "y": 15.45,
      "speed": 1.0,
      "dir": -0.40489178628508465,
      "vx": 0.9191450300180574,
      "vy": -0.3939192985791688
    },
    "6": {
      "x": 37.65,
      "y": 14.75,
      "speed": 1.0,
      "dir": -0.4939413689195817,
      "vx": 0.8804710999221751,
      "vy": -0.47409982303501785
    },
    "7": {
      "x": 39.05,
      "y": 14.149999999999999,
      "speed": 1.0,
      "dir": -0.40489178628508465,
      "vx": 0.9191450300180574,
      "vy": -0.3939192985791688
    },
    "8": {
      "x": 40.35,
      "y": 13.45,
      "speed": 1.0,
      "dir": -0.4939413689195794,
      "vx": 0.8804710999221761,
      "vy": -0.4740998230350159
    },
    "9": {
      "x": 41.75,
      "y": 12.75,
      "speed": 1.0,
      "dir": -0.4636476090008061,
      "vx": 0.8944271909999159,
      "vy": -0.4472135954999579
    },
    "10": {
      "x": 43.0,
      "y": 12.1,
      "speed": 1.0,
      "dir": -0.47951929199259635,
      "vx": 0.887216801234595,
      "vy": -0.4613527366419896
    },
    "11": {
      "x": 44.45,
      "y": 11.45,
      "speed": 1.0,
      "dir": -0.4214192068878037,
      "vx": 0.9125093245149516,
      "vy": -0.40905590409290876
    },
    "12": {
      "x": 45.75,
      "y": 10.85,
      "speed": 1.0,
      "dir": -0.43240777557053844,
      "vx": 0.9079593845004515,
      "vy": -0.4190581774617475
    },
    "13": {
      "x": 47.2,
      "y": 10.1,
      "speed": 1.0,
      "dir": -0.4773453823736711,
      "vx": 0.8882176431559492,
      "vy": -0.4594229188737659
    },
    "14": {
      "x": 48.5,
      "y": 9.5,
      "speed": 1.0,
      "dir": -0.43240777557053844,
      "vx": 0.9079593845004515,
      "vy": -0.4190581774617475
    },
    "15": {
      "x": 49.9,
      "y": 8.9,
      "speed": 1.0,
      "dir": -0.4048917862850836,
      "vx": 0.9191450300180578,
      "vy": -0.3939192985791678
    },
    "16": {
      "x": 51.2,
      "y": 8.3,
      "speed": 1.0,
      "dir": -0.4324077755705364,
      "vx": 0.9079593845004522,
      "vy": -0.41905817746174556
    },
    "17": {
      "x": 52.55,
      "y": 7.550000000000001,
      "speed": 1.0,
      "dir": -0.5070985043923387,
      "vx": 0.8741572761215369,
      "vy": -0.4856429311786336
    },
    "18": {
      "x": 52.15,
      "y": 6.85,
      "speed": 1.0,
      "dir": -2.0899424410414174,
      "vx": -0.49613893835683187,
      "vy": -0.8682431421244603
    },
    "19": {
      "x": 50.85,
      "y": 6.25,
      "speed": 1.0,
      "dir": -2.7091848780192547,
      "vx": -0.9079593845004515,
      "vy": -0.4190581774617475
    },
    "20": {
      "x": 49.4,
      "y": 5.5,
      "speed": 1.0,
      "dir": -2.664247271216122,
      "vx": -0.8882176431559492,
      "vy": -0.4594229188737659
    },
    "21": {
      "x": 48.15,
      "y": 4.95,
      "speed": 1.0,
      "dir": -2.7270857790050074,
      "vx": -0.9153150324227656,
      "vy": -0.4027386142660167
    },
    "22": {
      "x": 46.75,
      "y": 4.25,
      "speed": 1.0,
      "dir": -2.6779450445889865,
      "vx": -0.8944271909999156,
      "vy": -0.44721359549995837
    },
    "23": {
      "x": 45.5,
      "y": 3.5999999999999996,
      "speed": 1.0,
      "dir": -2.662073361597197,
      "vx": -0.887216801234595,
      "vy": -0.4613527366419896
    },
    "24": {
      "x": 44.05,
      "y": 2.95,
      "speed": 1.0,
      "dir": -2.72017344670199,
      "vx": -0.9125093245149517,
      "vy": -0.40905590409290826
    },
    "25": {
      "x": 42.8,
      "y": 2.3,
      "speed": 1.0,
      "dir": -2.662073361597197,
      "vx": -0.887216801234595,
      "vy": -0.4613527366419896
    },
    "26": {
      "x": 41.35,
      "y": 1.65,
      "speed": 1.0,
      "dir": -2.720173446701988,
      "vx": -0.9125093245149508,
      "vy": -0.4090559040929101
    },
    "27": {
      "x": 40.05,
      "y": 0.9500000000000002,
      "speed": 1.0,
      "dir": -2.6476512846702134,
      "vx": -0.880471099922176,
      "vy": -0.4740998230350161
    },
    "28": {
      "x": 38.65,
      "y": 0.3500000000000001,
      "speed": 1.0,
      "dir": -2.7367008673047093,
      "vx": -0.9191450300180578,
      "vy": -0.3939192985791681
    },
    "29": {
      "x": 37.4,
      "y": 0.5,
      "speed": 1.0,
      "dir": 3.022163727571455,
      "vx": -0.9928768384869221,
      "vy": 0.11914522061843057
    },
    "30": {
      "x": 35.95,
      "y": 1.15,
      "speed": 1.0,
      "dir": 2.720173446701988,
      "vx": -0.9125093245149508,
      "vy": 0.4090559040929101
    },
    "31": {
      "x": 34.65,
      "y": 1.85,
      "speed": 1.0,
      "dir": 2.6476512846702134,
      "vx": -0.8804710999221759,
      "vy": 0.4740998230350163
    },
    "32": {
      "x": 33.3,
      "y": 2.4000000000000004,
      "speed": 1.0,
      "dir": 2.7547169358587653,
      "vx": -0.9260923597695477,
      "vy": 0.37729688731351924
    },
    "33": {
      "x": 31.950000000000003,
      "y": 3.1500000000000004,
      "speed": 1.0,
      "dir": 2.6344941491974545,
      "vx": -0.8741572761215369,
      "vy": 0.4856429311786336
    },
    "34": {
      "x": 30.549999999999997,
      "y": 3.75,
      "speed": 1.0,
      "dir": 2.7367008673047115,
      "vx": -0.9191450300180586,
      "vy": 0.39391929857916613
    },
    "35": {
      "x": 29.25,
      "y": 4.4,
      "speed": 1.0,
      "dir": 2.677945044588986,
      "vx": -0.8944271909999154,
      "vy": 0.44721359549995887
    },
    "36": {
      "x": 27.85,
      "y": 5.05,
      "speed": 1.0,
      "dir": 2.7069224384405484,
      "vx": -0.9070089677484315,
      "vy": 0.421111306454629
    },
    "37": {
      "x": 26.6,
      "y": 5.8,
      "speed": 1.0,
      "dir": 2.601173153319209,
      "vx": -0.8574929257125442,
      "vy": 0.5144957554275265
    },
    "38": {
      "x": 25.15,
      "y": 6.449999999999999,
      "speed": 1.0,
      "dir": 2.72017344670199,
      "vx": -0.9125093245149517,
      "vy": 0.40905590409290826
    },
    "39": {
      "x": 23.8,
      "y": 7.0,
      "speed": 1.0,
      "dir": 2.754716935858764,
      "vx": -0.9260923597695473,
      "vy": 0.37729688731352035
    },
    "40": {
      "x": 22.45,
      "y": 7.75,
      "speed": 1.0,
      "dir": 2.6344941491974567,
      "vx": -0.8741572761215379,
      "vy": 0.48564293117863166
    },
    "41": {
      "x": 21.15,
      "y": 8.35,
      "speed": 1.0,
      "dir": 2.709184878019256,
      "vx": -0.9079593845004519,
      "vy": 0.41905817746174656
    },
    "42": {
      "x": 19.8,
      "y": 9.1,
      "speed": 1.0,
      "dir": 2.6344941491974554,
      "vx": -0.8741572761215374,
      "vy": 0.48564293117863266
    },
    "43": {
      "x": 21.0,
      "y": 9.7,
      "speed": 1.0,
      "dir": 0.4636476090008061,
      "vx": 0.894427190999916,
      "vy": 0.447213595499958
    },
    "44": {
      "x": 22.4,
      "y": 10.3,