{
  "barriers": [
    {
      "x": 61.3,
      "y": 16.3,
      "width": 12.9,
      "height": 24.0
    }
  ],
  "occluders": [],
  "step_data": {
    "0": {
      "x": 45.2,
      "y": 23.8,
      "speed": 1.0,
      "dir": 0.0,
      "vx": 0.0,
      "vy": 0.0
    },
    "1": {
      "x": 45.7,
      "y": 22.4,
      "speed": 1.0,
      "dir": -1.2277723863741936,
      "vx": 0.33633639699815576,
      "vy": -0.9417419115948377
    },
    "2": {
      "x": 46.05,
      "y": 21.05,
      "speed": 1.0,
      "dir": -1.3171222306562576,
      "vx": 0.2509621587837227,
      "vy": -0.9679968981658017
    },
    "3": {
      "x": 46.45,
      "y": 19.55,
      "speed": 1.0,
      "dir": -1.310193935047552,
      "vx": 0.25766265056033577,
      "vy": -0.9662349396012454
    },
    "4": {
      "x": 46.85,
      "y": 18.15,
      "speed": 1.0,
      "dir": -1.2924966677897867,
      "vx": 0.27472112789737674,
      "vy": -0.9615239476408236
    },
    "5": {
      "x": 47.3,
      "y": 16.6,
      "speed": 1.0,
      "dir": -1.2882413743253112,
      "vx": 0.2788101948639534,
      "vy": -0.9603462267536246
    },
    "6": {
      "x": 47.65,
      "y": 15.25,
      "speed": 1.0,
      "dir": -1.3171222306562531,
      "vx": 0.2509621587837268,
      "vy": -0.9679968981658006
    },
    "7": {
      "x": 48.1,
      "y": 13.9,
      "speed": 1.0,
      "dir": -1.2490457723982524,
      "vx": 0.3162277660168398,
      "vy": -0.9486832980505131
    },
    "8": {
      "x": 48.55,
      "y": 12.35,
      "speed": 1.0,
      "dir": -1.2882413743253118,
      "vx": 0.2788101948639528,
      "vy": -0.9603462267536248
    },
    "9": {
      "x": 48.95,
      "y": 10.95,
      "speed": 1.0,
      "dir": -1.2924966677897816,
      "vx": 0.2747211278973816,
      "vy": -0.9615239476408223
    },
    "10": {
      "x": 49.35,
      "y": 9.45,
      "speed": 1.0,
      "dir": -1.3101939350475564,
      "vx": 0.2576626505603315,
      "vy": -0.9662349396012466
    },
    "11": {
      "x": 49.75,
      "y": 8.05,
      "speed": 1.0,
      "dir": -1.292496667789786,
      "vx": 0.2747211278973774,
      "vy": -0.9615239476408233
    },
    "12": {
      "x": 50.15,
      "y": 6.65,
      "speed": 1.0,
      "dir": -1.2924966677897862,
      "vx": 0.2747211278973771,
      "vy": -0.9615239476408235
    },
    "13": {
      "x": 50.55,
      "y": 5.15,
      "speed": 1.0,
      "dir": -1.3101939350475564,
      "vx": 0.2576626505603315,
      "vy": -0.9662349396012466
    },
    "14": {
      "x": 51.05,
      "y": 3.75,
      "speed": 1.0,
      "dir": -1.2277723863741932,
      "vx": 0.33633639699815615,
      "vy": -0.9417419115948374
    },
    "15": {
      "x": 51.45,
      "y": 2.25,
      "speed": 1.0,
      "dir": -1.310193935047552,
      "vx": 0.25766265056033577,
      "vy": -0.9662349396012454
    },
    "16": {
      "x": 51.85,
      "y": 0.7999999999999998,
      "speed": 1.0,
      "dir": -1.301628834009197,
      "vx": 0.26592899812581255,
      "vy": -0.9639926182060741
    },
    "17": {
      "x": 52.3,
      "y": 0.7000000000000002,
      "speed": 1.0,
      "dir": -0.21866894587394323,
      "vx": 0.9761870601839525,
      "vy": -0.21693045781865739
    },
    "18": {
      "x": 52.6,
      "y": 2.2,
      "speed": 1.0,
      "dir": 1.3734007669450132,
      "vx": 0.1961161351381867,
      "vy": 0.9805806756909196
    },
    "19": {
      "x": 53.05,
      "y": 3.6500000000000004,
      "speed": 1.0,
      "dir": 1.2698760924344743,
      "vx": 0.29639921487245025,
      "vy": 0.9550641368112378
    },
    "20": {
      "x": 53.55,
      "y": 5.15,
      "speed": 1.0,
      "dir": 1.2490457723982544,
      "vx": 0.31622776601683794,
      "vy": 0.9486832980505138
    },
    "21": {
      "x": 53.95,
      "y": 6.550000000000001,
      "speed": 1.0,
      "dir": 1.2924966677897816,
      "vx": 0.2747211278973816,
      "vy": 0.9615239476408223
    },
    "22": {
      "x": 54.35,
      "y": 7.949999999999999,
      "speed": 1.0,
      "dir": 1.292496667789786,
      "vx": 0.2747211278973774,
      "vy": 0.9615239476408233
    },
    "23": {
      "x": 54.75,
      "y": 9.45,
      "speed": 1.0,
      "dir": 1.3101939350475564,
      "vx": 0.2576626505603315,
      "vy": 0.9662349396012466
    },
    "24": {
      "x": 55.15,
      "y": 10.85,
      "speed": 1.0,
      "dir": 1.2924966677897862,
      "vx": 0.2747211278973771,
      "vy": 0.9615239476408235
    },
    "25": {
      "x": 55.55,
      "y": 12.35,
      "speed": 1.0,
      "dir": 1.3101939350475564,
      "vx": 0.2576626505603315,
      "vy": 0.9662349396012466
    },
    "26": {
      "x": 55.95,
      "y": 13.75,
      "speed": 1.0,
      "dir": 1.2924966677897816,
      "vx": 0.2747211278973816,
      "vy": 0.9615239476408223
    },
    "27": {
      "x": 56.4,
      "y": 15.2,
      "speed": 1.0,
      "dir": 1.269876092434474,
      "vx": 0.2963992148724504,
      "vy": 0.9550641368112378
    },
    "28": {
      "x": 56.85,
      "y": 16.6,
      "speed": 1.0,
      "dir": 1.2597980461893543,
      "vx": 0.306009180413122,
      "vy": 0.9520285612852638
    },
    "29": {
      "x": 57.15,
      "y": 18.05,
      "speed": 1.0,
      "dir": 1.3667783472023498,
      "vx": 0.20260560403595054,
      "vy": 0.9792604195071032
    },
    "30": {
      "x": 56.75,
      "y": 19.55,
      "speed": 1.0,
      "dir": 1.8313987185422367,
      "vx": -0.2576626505603315,
      "vy": 0.9662349396012466
    },
    "31": {
      "x": 56.35,
      "y": 20.95,
      "speed": 1.0,
      "dir": 1.8490959858000073,
      "vx": -0.2747211278973774,
      "vy": 0.9615239476408233
    },
    "32": {
      "x": 55.95,
      "y": 22.45,
      "speed": 1.0,
      "dir": 1.8313987185422367,
      "vx": -0.2576626505603315,
      "vy": 0.9662349396012466
    },
    "33": {
      "x": 55.55,
      "y": 23.85,
      "speed": 1.0,
      "dir": 1.8490959858000113,
      "vx": -0.2747211278973813,
      "vy": 0.9615239476408223
    },
    "34": {
      "x": 55.1,
      "y": 25.3,
      "speed": 1.0,
      "dir": 1.8717165611553193,
      "vx": -0.2963992148724504,
      "vy": 0.9550641368112378
    },
    "35": {
      "x": 54.7,
      "y": 26.8,
      "speed": 1.0,
      "dir": 1.8313987185422367,
      "vx": -0.2576626505603315,
      "vy": 0.9662349396012466
    },
    "36": {
      "x": 54.25,
      "y": 28.15,
      "speed": 1.0,
      "dir": 1.8925468811915411,
      "vx": -0.3162277660168402,
      "vy": 0.9486832980505131
    },
    "37": {
      "x": 53.8,
      "y": 29.6,
      "speed": 1.0,
      "dir": 1.871716561155323,
      "vx": -0.2963992148724541,
      "vy": 0.9550641368112367
    },
    "38": {
      "x": 53.45,
      "y": 31.0,
      "speed": 1.0,
      "dir": 1.8157749899217572,
      "vx": -0.24253562503632947,
      "vy": 0.9701425001453327
    },
    "39": {
      "x": 53.05,
      "y": 32.4,
      "speed": 1.0,
      "dir": 1.849095985800012,
      "vx": -0.2747211278973819,
      "vy": 0.961523947640822
    },
    "40": {
      "x": 52.6,
      "y": 34.0,
      "speed": 1.0,
      "dir": 1.8449637779145527,
      "vx": -0.27074557691828144,
      "vy": 0.9626509401538996
    },
    "41": {
      "x": 52.15,
      "y": 35.35,
      "speed": 1.0,
      "dir": 1.8925468811915405,
      "vx": -0.31622776601683944,
      "vy": 0.9486832980505133
    },
    "42": {
      "x": 51.8,
      "y": 36.9,
      "speed": 1.0,
      "dir": 1.7928782287003782,
      "vx": -0.22026087143464465,
      "vy": 0.9754410020677062
    },
    "43": {
      "x": 51.35,
      "y": 38.25,
      "speed": 1.0,
      "dir": 1.8925468811915356,
      "vx": -0.3162277660168349,
      "vy": 0.9486832980505148
    },
    "44": {
      "x": 50.95,
      "y": 39.65,
      "speed": 1.0,
      "dir": 1.8490959858000073,
      "vx": -0.2747211278973774,
      "vy": 0.9615239476408233
    },
    "45": {
      "x": 50.5,
      "y": 41.2,
      "speed": 1.0,
      "dir": 1.853351279264485,
      "vx": -0.2788101948639563,