{
  "barriers": [
    {
      "x": 62.2,
      "y": 17.1,
      "width": 6.7,
      "height": 12.3
    },
    {
      "x": 35.4,
      "y": 35.9,
      "width": 27.5,
      "height": 5.1
    },
    {
      "x": 70.2,
      "y": 17.6,
      "width": 27.5,
      "height": 6.5
    },
    {
      "x": 2.9,
      "y": 45.4,
      "width": 10.4,
      "height": 9.7
    }
  ],
  "occluders": [],
  "step_data": {
    "0": {
      "x": 64.35,
      "y": 34.45,
      "speed": 1.0,
      "dir": 0.0,
      "vx": 0.0,
      "vy": 0.0
    },
    "1": {
      "x": 65.65,
      "y": 33.75,
      "speed": 1.0,
      "dir": -0.49394136891957924,
      "vx": 0.8804710999221762,
      "vy": -0.47409982303501574
    },
    "2": {
      "x": 66.9,
      "y": 33.0,
      "speed": 1.0,
      "dir": -0.540419500270584,
      "vx": 0.8574929257125442,
      "vy": -0.5144957554275265
    },
    "3": {
      "x": 68.25,
      "y": 32.35,
      "speed": 1.0,
      "dir": -0.44872334401072195,
      "vx": 0.9010016697590995,
      "vy": -0.43381561877290065
    },
    "4": {
      "x": 69.55,
      "y": 31.65,
      "speed": 1.0,
      "dir": -0.4939413689195838,
      "vx": 0.8804710999221741,
      "vy": -0.4740998230350197
    },
    "5": {
      "x": 71.0,
      "y": 30.9,
      "speed": 1.0,
      "dir": -0.4773453823736711,
      "vx": 0.8882176431559492,
      "vy": -0.4594229188737659
    },
    "6": {
      "x": 72.3,
      "y": 30.25,
      "speed": 1.0,
      "dir": -0.4636476090008061,
      "vx": 0.894427190999916,
      "vy": -0.447213595499958
    },
    "7": {
      "x": 73.6,
      "y": 29.5,
      "speed": 1.0,
      "dir": -0.5232783221319764,
      "vx": 0.8661855860486,
      "vy": -0.49972245348957794
    },
    "8": {
      "x": 74.85,
      "y": 28.85,
      "speed": 1.0,
      "dir": -0.47951929199259524,
      "vx": 0.8872168012345956,
      "vy": -0.46135273664198867
    },
    "9": {
      "x": 76.1,
      "y": 28.2,
      "speed": 1.0,
      "dir": -0.47951929199259746,
      "vx": 0.8872168012345945,
      "vy": -0.4613527366419906
    },
    "10": {
      "x": 77.55,
      "y": 27.45,
      "speed": 1.0,
      "dir": -0.4773453823736711,
      "vx": 0.8882176431559492,
      "vy": -0.4594229188737659
    },
    "11": {
      "x": 78.9,
      "y": 26.6,
      "speed": 1.0,
      "dir": -0.5619215622568113,
      "vx": 0.8462328400897526,
      "vy": -0.532813269686136
    },
    "12": {
      "x": 80.15,
      "y": 25.95,
      "speed": 1.0,
      "dir": -0.47951929199259746,
      "vx": 0.8872168012345945,
      "vy": -0.4613527366419906
    },
    "13": {
      "x": 81.4,
      "y": 25.3,
      "speed": 1.0,
      "dir": -0.47951929199259524,
      "vx": 0.8872168012345956,
      "vy": -0.46135273664198867
    },
    "14": {
      "x": 82.85,
      "y": 24.55,
      "speed": 1.0,
      "dir": -0.4773453823736751,
      "vx": 0.8882176431559474,
      "vy": -0.45942291887376946
    },
    "15": {
      "x": 84.15,
      "y": 24.55,
      "speed": 1.0,
      "dir": 0.0,
      "vx": 1.0,
      "vy": 0.0
    },
    "16": {
      "x": 85.45,
      "y": 25.3,
      "speed": 1.0,
      "dir": 0.5232783221319764,
      "vx": 0.8661855860486,
      "vy": 0.49972245348957794
    },
    "17": {
      "x": 86.75,
      "y": 25.95,
      "speed": 1.0,
      "dir": 0.4636476090008061,
      "vx": 0.894427190999916,
      "vy": 0.447213595499958
    },
    "18": {
      "x": 88.0,
      "y": 26.7,
      "speed": 1.0,
      "dir": 0.540419500270584,
      "vx": 0.8574929257125442,
      "vy": 0.5144957554275265
    },
    "19": {
      "x": 89.45,
      "y": 27.35,
      "speed": 1.0,
      "dir": 0.4214192068878047,
      "vx": 0.912509324514951,
      "vy": 0.40905590409290965
    },
    "20": {
      "x": 90.7,
      "y": 28.1,
      "speed": 1.0,
      "dir": 0.540419500270584,
      "vx": 0.8574929257125442,
      "vy": 0.5144957554275265
    },
    "21": {
      "x": 92.05,
      "y": 28.75,
      "speed": 1.0,
      "dir": 0.44872334401072195,
      "vx": 0.9010016697590995,
      "vy": 0.43381561877290065
    },
    "22": {
      "x": 93.35,
      "y": 29.55,
      "speed": 1.0,
      "dir": 0.5516549825285483,
      "vx": 0.8516583167045433,
      "vy": 0.5240974256643359
    },
    "23": {
      "x": 94.6,
      "y": 30.200000000000003,
      "speed": 1.0,
      "dir": 0.47951929199259746,
      "vx": 0.8872168012345945,
      "vy": 0.4613527366419906
    },
    "24": {
      "x": 95.85,
      "y": 30.950000000000003,
      "speed": 1.0,
      "dir": 0.540419500270584,
      "vx": 0.8574929257125442,
      "vy": 0.5144957554275265
    },
    "25": {
      "x": 94.4,
      "y": 31.700000000000003,
      "speed": 1.0,
      "dir": 2.664247271216118,
      "vx": -0.8882176431559474,
      "vy": 0.45942291887376946
    },
    "26": {
      "x": 93.15,
      "y": 32.35,
      "speed": 1.0,
      "dir": 2.662073361597198,
      "vx": -0.8872168012345956,
      "vy": 0.46135273664198867
    },
    "27": {
      "x": 91.9,
      "y": 33.1,
      "speed": 1.0,
      "dir": 2.601173153319209,
      "vx": -0.8574929257125442,
      "vy": 0.5144957554275265
    },
    "28": {
      "x": 90.55,
      "y": 33.75,
      "speed": 1.0,
      "dir": 2.692869309579075,
      "vx": -0.9010016697591012,
      "vy": 0.4338156187728969
    },
    "29": {
      "x": 89.15,
      "y": 34.45,
      "speed": 1.0,
      "dir": 2.677945044588983,
      "vx": -0.8944271909999141,
      "vy": 0.44721359549996154
    },
    "30": {
      "x": 87.85,
      "y": 35.15,
      "speed": 1.0,
      "dir": 2.6476512846702183,
      "vx": -0.8804710999221782,
      "vy": 0.4740998230350121
    },
    "31": {
      "x": 86.55,
      "y": 35.85,
      "speed": 1.0,
      "dir": 2.6476512846702094,
      "vx": -0.8804710999221741,
      "vy": 0.4740998230350197
    },
    "32": {
      "x": 85.3,
      "y": 36.7,
      "speed": 1.0,
      "dir": 2.544415995497115,
      "vx": -0.8269265020695277,
      "vy": 0.5623100214072797
    },
    "33": {
      "x": 83.95,
      "y": 37.35,
      "speed": 1.0,
      "dir": 2.6928693095790712,
      "vx": -0.9010016697590995,
      "vy": 0.43381561877290065
    },
    "34": {
      "x": 82.55,
      "y": 38.05,
      "speed": 1.0,
      "dir": 2.677945044588991,
      "vx": -0.8944271909999176,
      "vy": 0.4472135954999543
    },
    "35": {
      "x": 81.25,
      "y": 38.75,
      "speed": 1.0,
      "dir": 2.6476512846702094,
      "vx": -0.8804710999221741,
      "vy": 0.4740998230350197
    },
    "36": {
      "x": 79.95,
      "y": 39.45,
      "speed": 1.0,
      "dir": 2.6476512846702094,
      "vx": -0.8804710999221741,
      "vy": 0.4740998230350197
    },
    "37": {
      "x": 78.65,
      "y": 40.15,
      "speed": 1.0,
      "dir": 2.647651284670214,
      "vx": -0.880471099922176,
      "vy": 0.47409982303501597
    },
    "38": {
      "x": 77.35,
      "y": 40.85,
      "speed": 1.0,
      "dir": 2.647651284670214,
      "vx": -0.8804710999221762,
      "vy": 0.47409982303501574
    },
    "39": {
      "x": 75.95,
      "y": 41.55,
      "speed": 1.0,
      "dir": 2.677945044588987,
      "vx": -0.8944271909999159,
      "vy": 0.4472135954999579
    },
    "40": {
      "x": 74.7,
      "y": 42.2,
      "speed": 1.0,
      "dir": 2.6620733615971934,
      "vx": -0.8872168012345935,
      "vy": 0.4613527366419926
    },
    "41": {
      "x": 73.4,
      "y": 42.9,
      "speed": 1.0,
      "dir": 2.647651284670214,
      "vx": -0.880471099922176,
      "vy": 0.47409982303501597
    },
    "42": {
      "x": 72.0,
      "y": 43.6,
      "speed": 1.0,
      "dir": 2.677945044588987,
      "vx": -0.8944271909999159,
      "vy": 0.4472135954999579
    },
    "43": {
      "x": 70.65,
      "y": 44.45,
      "speed": 1.0,
      "dir": 2.5796710913329752,
      "vx": -0.8462328400897493,
      "vy": 0.5328132696861415
    },
    "44": {
      "x": 69.35,
      "y": 45.15,
      "speed": 1.0,
      "dir": 2.6476512846702183,