{
  "barriers": [
    {
      "x": 50.8,
      "y": 27.1,
      "width": 6.8,
      "height": 26.2
    },
    {
      "x": 8.8,
      "y": 46.3,
      "width": 14.8,
      "height": 7.8
    },
    {
      "x": 39.6,
      "y": 3.7,
      "width": 21.0,
      "height": 21.3
    },
    {
      "x": 86.5,
      "y": 19.1,
      "width": 12.3,
      "height": 25.0
    }
  ],
  "occluders": [],
  "step_data": {
    "0": {
      "x": 8.3,
      "y": 8.4,
      "speed": 1.0,
      "dir": 0.0,
      "vx": 0.0,
      "vy": 0.0
    },
    "1": {
      "x": 9.65,
      "y": 7.949999999999999,
      "speed": 1.0,
      "dir": -0.32175055439664296,
      "vx": 0.9486832980505135,
      "vy": -0.31622776601683866
    },
    "2": {
      "x": 11.1,
      "y": 7.5,
      "speed": 1.0,
      "dir": -0.3009202343604248,
      "vx": 0.9550641368112373,
      "vy": -0.29639921487245263
    },
    "3": {
      "x": 12.4,
      "y": 6.9,
      "speed": 1.0,
      "dir": -0.43240777557053744,
      "vx": 0.9079593845004519,
      "vy": -0.41905817746174656
    },
    "4": {
      "x": 13.85,
      "y": 6.35,
      "speed": 1.0,
      "dir": -0.36254423726450813,
      "vx": 0.9349975263177832,
      "vy": -0.35465423412053904
    },
    "5": {
      "x": 15.3,
      "y": 5.9,
      "speed": 1.0,
      "dir": -0.3009202343604245,
      "vx": 0.9550641368112374,
      "vy": -0.2963992148724523
    },
    "6": {
      "x": 16.65,
      "y": 5.35,
      "speed": 1.0,
      "dir": -0.3868757177310291,
      "vx": 0.9260923597695473,
      "vy": -0.37729688731352035
    },
    "7": {
      "x": 18.1,
      "y": 4.8,
      "speed": 1.0,
      "dir": -0.36254423726450685,
      "vx": 0.9349975263177838,
      "vy": -0.35465423412053787
    },
    "8": {
      "x": 19.5,
      "y": 4.2,
      "speed": 1.0,
      "dir": -0.4048917862850836,
      "vx": 0.9191450300180578,
      "vy": -0.3939192985791678
    },
    "9": {
      "x": 20.85,
      "y": 3.75,
      "speed": 1.0,
      "dir": -0.321750554396642,
      "vx": 0.9486832980505139,
      "vy": -0.3162277660168378
    },
    "10": {
      "x": 22.25,
      "y": 3.25,
      "speed": 1.0,
      "dir": -0.3430239404207037,
      "vx": 0.9417419115948372,
      "vy": -0.3363363969981565
    },
    "11": {
      "x": 23.7,
      "y": 2.8,
      "speed": 1.0,
      "dir": -0.30092023436042536,
      "vx": 0.955064136811237,
      "vy": -0.29639921487245313
    },
    "12": {
      "x": 25.05,
      "y": 2.1500000000000004,
      "speed": 1.0,
      "dir": -0.4487233440107204,
      "vx": 0.9010016697591001,
      "vy": -0.43381561877289926
    },
    "13": {
      "x": 26.45,
      "y": 1.65,
      "speed": 1.0,
      "dir": -0.343023940420704,
      "vx": 0.9417419115948372,
      "vy": -0.3363363969981568
    },
    "14": {
      "x": 27.85,
      "y": 1.15,
      "speed": 1.0,
      "dir": -0.3430239404207029,
      "vx": 0.9417419115948377,
      "vy": -0.33633639699815576
    },
    "15": {
      "x": 29.25,
      "y": 0.6000000000000001,
      "speed": 1.0,
      "dir": -0.37433361600758414,
      "vx": 0.9307514934403469,
      "vy": -0.3656523724229937
    },
    "16": {
      "x": 30.65,
      "y": 0.1499999999999999,
      "speed": 1.0,
      "dir": -0.31099828060554136,
      "vx": 0.9520285612852641,
      "vy": -0.30600918041312103
    },
    "17": {
      "x": 32.0,
      "y": 0.6000000000000001,
      "speed": 1.0,
      "dir": 0.321750554396642,
      "vx": 0.9486832980505139,
      "vy": 0.3162277660168378
    },
    "18": {
      "x": 33.45,
      "y": 1.15,
      "speed": 1.0,
      "dir": 0.36254423726450685,
      "vx": 0.9349975263177838,
      "vy": 0.35465423412053787
    },
    "19": {
      "x": 34.85,
      "y": 1.65,
      "speed": 1.0,
      "dir": 0.3430239404207037,
      "vx": 0.9417419115948372,
      "vy": 0.3363363969981565
    },
    "20": {
      "x": 34.75,
      "y": 2.2,
      "speed": 1.0,
      "dir": 1.7506498265873773,
      "vx": -0.17888543819998554,
      "vy": 0.9838699100999069
    },
    "21": {
      "x": 33.4,
      "y": 2.8,
      "speed": 1.0,
      "dir": 2.723368324010565,
      "vx": -0.9138115486202574,
      "vy": 0.40613846605344706
    },
    "22": {
      "x": 31.950000000000003,
      "y": 3.25,
      "speed": 1.0,
      "dir": 2.8406724192293673,
      "vx": -0.9550641368112369,
      "vy": 0.29639921487245385
    },
    "23": {
      "x": 30.549999999999997,
      "y": 3.8499999999999996,
      "speed": 1.0,
      "dir": 2.7367008673047115,
      "vx": -0.9191450300180586,
      "vy": 0.39391929857916613
    },
    "24": {
      "x": 29.15,
      "y": 4.35,
      "speed": 1.0,
      "dir": 2.7985687131690895,
      "vx": -0.9417419115948372,
      "vy": 0.3363363969981565
    },
    "25": {
      "x": 27.6,
      "y": 4.8,
      "speed": 1.0,
      "dir": 2.8590377011202053,
      "vx": -0.960346226753624,
      "vy": 0.278810194863956
    },
    "26": {
      "x": 26.25,
      "y": 5.35,
      "speed": 1.0,
      "dir": 2.7547169358587658,
      "vx": -0.9260923597695478,
      "vy": 0.377296887313519
    },
    "27": {
      "x": 24.85,
      "y": 5.95,
      "speed": 1.0,
      "dir": 2.7367008673047093,
      "vx": -0.9191450300180575,
      "vy": 0.39391929857916824
    },
    "28": {
      "x": 23.45,
      "y": 6.449999999999999,
      "speed": 1.0,
      "dir": 2.798568713169091,
      "vx": -0.9417419115948378,
      "vy": 0.33633639699815526
    },
    "29": {
      "x": 22.05,
      "y": 6.949999999999999,
      "speed": 1.0,
      "dir": 2.7985687131690895,
      "vx": -0.9417419115948372,
      "vy": 0.3363363969981565
    },
    "30": {
      "x": 20.65,
      "y": 7.5,
      "speed": 1.0,
      "dir": 2.7672590375822095,
      "vx": -0.9307514934403471,
      "vy": 0.36565237242299337
    },
    "31": {
      "x": 19.25,
      "y": 8.05,
      "speed": 1.0,
      "dir": 2.7672590375822086,
      "vx": -0.9307514934403468,
      "vy": 0.3656523724229942
    },
    "32": {
      "x": 17.85,
      "y": 8.55,
      "speed": 1.0,
      "dir": 2.7985687131690895,
      "vx": -0.9417419115948372,
      "vy": 0.3363363969981565
    },
    "33": {
      "x": 16.45,
      "y": 9.0,
      "speed": 1.0,
      "dir": 2.8305943729842533,
      "vx": -0.9520285612852647,
      "vy": 0.3060091804131198
    },
    "34": {
      "x": 15.05,
      "y": 9.55,
      "speed": 1.0,
      "dir": 2.7672590375822086,
      "vx": -0.9307514934403468,
      "vy": 0.3656523724229942
    },
    "35": {
      "x": 13.65,
      "y": 10.15,
      "speed": 1.0,
      "dir": 2.73670086730471,
      "vx": -0.919145030018058,
      "vy": 0.3939192985791674
    },
    "36": {
      "x": 12.25,
      "y": 10.65,
      "speed": 1.0,
      "dir": 2.79856871316909,
      "vx": -0.9417419115948374,
      "vy": 0.33633639699815615
    },
    "37": {
      "x": 10.85,
      "y": 11.15,
      "speed": 1.0,
      "dir": 2.79856871316909,
      "vx": -0.9417419115948374,
      "vy": 0.33633639699815615
    },
    "38": {
      "x": 9.45,
      "y": 11.75,
      "speed": 1.0,
      "dir": 2.73670086730471,
      "vx": -0.919145030018058,
      "vy": 0.3939192985791674
    },
    "39": {
      "x": 8.0,
      "y": 12.3,
      "speed": 1.0,
      "dir": 2.779048416325285,
      "vx": -0.9349975263177832,
      "vy": 0.35465423412053904
    },
    "40": {
      "x": 6.65,
      "y": 12.75,
      "speed": 1.0,
      "dir": 2.8198420991931514,
      "vx": -0.948683298050514,
      "vy": 0.31622776601683755
    },
    "41": {
      "x": 5.25,
      "y": 13.25,
      "speed": 1.0,
      "dir": 2.79856871316909,
      "vx": -0.9417419115948374,
      "vy": 0.33633639699815615
    },
    "42": {
      "x": 3.9000000000000004,
      "y": 13.9,
      "speed": 1.0,
      "dir": 2.6928693095790717,
      "vx": -0.9010016697590997,
      "vy": 0.43381561877290015
    },
    "43": {
      "x": 2.45,
      "y": 14.350000000000001,
      "speed": 1.0,
      "dir": 2.8406724192293673,
      "vx": -0.9550641368112369,