{
  "barriers": [
    {
      "x": 58.0,
      "y": 50.3,
      "width": 28.5,
      "height": 6.1
    },
    {
      "x": 90.3,
      "y": 0.4,
      "width": 6.4,
      "height": 26.3
    },
    {
      "x": 6.2,
      "y": 26.2,
      "width": 17.1,
      "height": 17.7
    }
  ],
  "occluders": [],
  "step_data": {
    "0": {
      "x": 53.9,
      "y": 14.899999999999999,
      "speed": 1.0,
      "dir": 0.0,
      "vx": 0.0,
      "vy": 0.0
    },
    "1": {
      "x": 54.9,
      "y": 13.9,
      "speed": 1.0,
      "dir": -0.7853981633974475,
      "vx": 0.7071067811865481,
      "vy": -0.7071067811865469
    },
    "2": {
      "x": 55.85,
      "y": 12.85,
      "speed": 1.0,
      "dir": -0.83535655911939,
      "vx": 0.6709133239691271,
      "vy": -0.7415357791237703
    },
    "3": {
      "x": 56.85,
      "y": 11.75,
      "speed": 1.0,
      "dir": -0.8329812666744315,
      "vx": 0.6726727939963126,
      "vy": -0.7399400733959437
    },
    "4": {
      "x": 57.95,
      "y": 10.65,
      "speed": 1.0,
      "dir": -0.7853981633974475,
      "vx": 0.7071067811865481,
      "vy": -0.707106781186547
    },
    "5": {
      "x": 58.95,
      "y": 9.55,
      "speed": 1.0,
      "dir": -0.8329812666744315,
      "vx": 0.6726727939963126,
      "vy": -0.7399400733959437
    },
    "6": {
      "x": 59.95,
      "y": 8.45,
      "speed": 1.0,
      "dir": -0.8329812666744323,
      "vx": 0.672672793996312,
      "vy": -0.739940073395944
    },
    "7": {
      "x": 60.9,
      "y": 7.300000000000001,
      "speed": 1.0,
      "dir": -0.8803498697402062,
      "vx": 0.6368814469962902,
      "vy": -0.7709617516270906
    },
    "8": {
      "x": 62.099999999999994,
      "y": 6.300000000000001,
      "speed": 1.0,
      "dir": -0.694738276196705,
      "vx": 0.7682212795973747,
      "vy": -0.6401843996644813
    },
    "9": {
      "x": 63.05,
      "y": 5.15,
      "speed": 1.0,
      "dir": -0.8803498697402034,
      "vx": 0.6368814469962923,
      "vy": -0.7709617516270887
    },
    "10": {
      "x": 64.0,
      "y": 4.1,
      "speed": 1.0,
      "dir": -0.83535655911939,
      "vx": 0.6709133239691271,
      "vy": -0.7415357791237703
    },
    "11": {
      "x": 65.15,
      "y": 2.95,
      "speed": 1.0,
      "dir": -0.7853981633974455,
      "vx": 0.7071067811865495,
      "vy": -0.7071067811865456
    },
    "12": {
      "x": 66.15,
      "y": 1.85,
      "speed": 1.0,
      "dir": -0.8329812666744317,
      "vx": 0.6726727939963124,
      "vy": -0.7399400733959437
    },
    "13": {
      "x": 67.2,
      "y": 0.7999999999999998,
      "speed": 1.0,
      "dir": -0.7853981633974497,
      "vx": 0.7071067811865466,
      "vy": -0.7071067811865486
    },
    "14": {
      "x": 68.15,
      "y": 0.4500000000000002,
      "speed": 1.0,
      "dir": -0.35299038782690917,
      "vx": 0.9383431168171105,
      "vy": -0.3457053588273551
    },
    "15": {
      "x": 69.25,
      "y": 1.5499999999999998,
      "speed": 1.0,
      "dir": 0.7853981633974507,
      "vx": 0.7071067811865458,
      "vy": 0.7071067811865492
    },
    "16": {
      "x": 70.2,
      "y": 2.7,
      "speed": 1.0,
      "dir": 0.8803498697402034,
      "vx": 0.6368814469962923,
      "vy": 0.7709617516270887
    },
    "17": {
      "x": 71.25,
      "y": 3.75,
      "speed": 1.0,
      "dir": 0.7853981633974495,
      "vx": 0.7071067811865467,
      "vy": 0.7071067811865483
    },
    "18": {
      "x": 72.25,
      "y": 4.85,
      "speed": 1.0,
      "dir": 0.8329812666744315,
      "vx": 0.6726727939963126,
      "vy": 0.7399400733959437
    },
    "19": {
      "x": 73.35,
      "y": 5.95,
      "speed": 1.0,
      "dir": 0.7853981633974512,
      "vx": 0.7071067811865456,
      "vy": 0.7071067811865495
    },
    "20": {
      "x": 74.35,
      "y": 7.050000000000001,
      "speed": 1.0,
      "dir": 0.832981266674432,
      "vx": 0.6726727939963123,
      "vy": 0.7399400733959438
    },
    "21": {
      "x": 75.35,
      "y": 8.15,
      "speed": 1.0,
      "dir": 0.8329812666744315,
      "vx": 0.6726727939963126,
      "vy": 0.7399400733959437
    },
    "22": {
      "x": 76.45,
      "y": 9.25,
      "speed": 1.0,
      "dir": 0.7853981633974443,
      "vx": 0.7071067811865503,
      "vy": 0.7071067811865446
    },
    "23": {
      "x": 77.45,
      "y": 10.35,
      "speed": 1.0,
      "dir": 0.8329812666744315,
      "vx": 0.6726727939963126,
      "vy": 0.7399400733959437
    },
    "24": {
      "x": 78.45,
      "y": 11.45,
      "speed": 1.0,
      "dir": 0.8329812666744315,
      "vx": 0.6726727939963126,
      "vy": 0.7399400733959437
    },
    "25": {
      "x": 79.45,
      "y": 12.55,
      "speed": 1.0,
      "dir": 0.8329812666744323,
      "vx": 0.672672793996312,
      "vy": 0.739940073395944
    },
    "26": {
      "x": 80.55,
      "y": 13.65,
      "speed": 1.0,
      "dir": 0.7853981633974507,
      "vx": 0.7071067811865458,
      "vy": 0.7071067811865492
    },
    "27": {
      "x": 81.55,
      "y": 14.649999999999999,
      "speed": 1.0,
      "dir": 0.7853981633974475,
      "vx": 0.7071067811865481,
      "vy": 0.7071067811865469
    },
    "28": {
      "x": 82.55,
      "y": 15.75,
      "speed": 1.0,
      "dir": 0.8329812666744323,
      "vx": 0.672672793996312,
      "vy": 0.739940073395944
    },
    "29": {
      "x": 83.65,
      "y": 16.85,
      "speed": 1.0,
      "dir": 0.7853981633974451,
      "vx": 0.7071067811865499,
      "vy": 0.7071067811865452
    },
    "30": {
      "x": 84.6,
      "y": 18.0,
      "speed": 1.0,
      "dir": 0.8803498697402099,
      "vx": 0.6368814469962873,
      "vy": 0.7709617516270929
    },
    "31": {
      "x": 85.65,
      "y": 19.05,
      "speed": 1.0,
      "dir": 0.7853981633974433,
      "vx": 0.7071067811865511,
      "vy": 0.7071067811865439
    },
    "32": {
      "x": 85.7,
      "y": 20.2,
      "speed": 1.0,
      "dir": 1.527345431403368,
      "vx": 0.04343722427630453,
      "vy": 0.9990561583550598
    },
    "33": {
      "x": 84.75,
      "y": 21.25,
      "speed": 1.0,
      "dir": 2.3062360944704032,
      "vx": -0.6709133239691271,
      "vy": 0.7415357791237703
    },
    "34": {
      "x": 83.65,
      "y": 22.35,
      "speed": 1.0,
      "dir": 2.3561944901923417,
      "vx": -0.7071067811865452,
      "vy": 0.7071067811865498
    },
    "35": {
      "x": 82.7,
      "y": 23.5,
      "speed": 1.0,
      "dir": 2.2612427838495908,
      "vx": -0.636881446996293,
      "vy": 0.7709617516270882
    },
    "36": {
      "x": 81.65,
      "y": 24.55,
      "speed": 1.0,
      "dir": 2.356194490192343,
      "vx": -0.7071067811865464,
      "vy": 0.7071067811865488
    },
    "37": {
      "x": 80.65,
      "y": 25.65,
      "speed": 1.0,
      "dir": 2.3086113869153624,
      "vx": -0.6726727939963131,
      "vy": 0.739940073395943
    },
    "38": {
      "x": 79.55,
      "y": 26.75,
      "speed": 1.0,
      "dir": 2.3561944901923484,
      "vx": -0.7071067811865499,
      "vy": 0.7071067811865452
    },
    "39": {
      "x": 78.5,
      "y": 27.8,
      "speed": 1.0,
      "dir": 2.356194490192343,
      "vx": -0.7071067811865464,
      "vy": 0.7071067811865488
    },
    "40": {
      "x": 77.55,
      "y": 28.85,
      "speed": 1.0,
      "dir": 2.3062360944704032,
      "vx": -0.6709133239691271,
      "vy": 0.7415357791237703
    },
    "41": {
      "x": 76.45,
      "y": 29.95,
      "speed": 1.0,
      "dir": 2.356194490192343,
      "vx": -0.7071067811865464,
      "vy": 0.7071067811865487
    },
    "42": {
      "x": 75.45,
      "y": 31.0,
      "speed": 1.0,
      "dir": 2.331809081019626,
      "vx": -0.6896551724137928,
      "vy": 0.724137931034483
    },
    "43": {
      "x": 74.45,
      "y": 32.15,
      "speed": 1.0,
      "dir": 2.286539916463777,
      "vx": -0.6561787149247872,
      "vy": 0.7546055221635043
    },
    "44": {
      "x": 73.45,
      "y": 33.25,
      "speed": 1.0,
      "dir": 2.308611386915361,