{
  "barriers": [
    {
      "x": 74.8,
      "y": 25.4,
      "width": 20.4,
      "height": 28.4
    }
  ],
  "occluders": [],
  "step_data": {
    "0": {
      "x": 6.5,
      "y": 25.7,
      "speed": 1.0,
      "dir": 0.0,
      "vx": 0.0,
      "vy": 0.0
    },
    "1": {
      "x": 6.65,
      "y": 24.35,
      "speed": 1.0,
      "dir": -1.4601391056210005,
      "vx": 0.11043152607484698,
      "vy": -0.9938837346736188
    },
    "2": {
      "x": 6.75,
      "y": 22.85,
      "speed": 1.0,
      "dir": -1.504228163019073,
      "vx": 0.0665190105237737,
      "vy": -0.997785157856609
    },
    "3": {
      "x": 7.0,
      "y": 21.3,
      "speed": 1.0,
      "dir": -1.4108832036366774,
      "vx": 0.15923243882462043,
      "vy": -0.9872411207126471
    },
    "4": {
      "x": 7.1,
      "y": 19.8,
      "speed": 1.0,
      "dir": -1.504228163019073,
      "vx": 0.0665190105237737,
      "vy": -0.997785157856609
    },
    "5": {
      "x": 7.300000000000001,
      "y": 18.3,
      "speed": 1.0,
      "dir": -1.438244794498222,
      "vx": 0.13216372009101865,
      "vy": -0.9912279006826346
    },
    "6": {
      "x": 7.35,
      "y": 16.85,
      "speed": 1.0,
      "dir": -1.5363272257953893,
      "vx": 0.03446227583977816,
      "vy": -0.9994059993535875
    },
    "7": {
      "x": 7.550000000000001,
      "y": 15.399999999999999,
      "speed": 1.0,
      "dir": -1.4337301524847086,
      "vx": 0.13663739713703146,
      "vy": -0.9906211292434748
    },
    "8": {
      "x": 7.6,
      "y": 13.9,
      "speed": 1.0,
      "dir": -1.53747533091665,
      "vx": 0.03331483023263781,
      "vy": -0.9994449069791544
    },
    "9": {
      "x": 7.800000000000001,
      "y": 12.4,
      "speed": 1.0,
      "dir": -1.438244794498222,
      "vx": 0.13216372009101865,
      "vy": -0.9912279006826346
    },
    "10": {
      "x": 8.0,
      "y": 10.85,
      "speed": 1.0,
      "dir": -1.4424730991091024,
      "vx": 0.12797133763019627,
      "vy": -0.9917778666340252
    },
    "11": {
      "x": 8.05,
      "y": 9.35,
      "speed": 1.0,
      "dir": -1.537475330916649,
      "vx": 0.03331483023263895,
      "vy": -0.9994449069791543
    },
    "12": {
      "x": 8.25,
      "y": 7.85,
      "speed": 1.0,
      "dir": -1.438244794498223,
      "vx": 0.13216372009101748,
      "vy": -0.9912279006826347
    },
    "13": {
      "x": 8.35,
      "y": 6.35,
      "speed": 1.0,
      "dir": -1.504228163019073,
      "vx": 0.0665190105237737,
      "vy": -0.997785157856609
    },
    "14": {
      "x": 8.55,
      "y": 4.85,
      "speed": 1.0,
      "dir": -1.438244794498222,
      "vx": 0.13216372009101865,
      "vy": -0.9912279006826346
    },
    "15": {
      "x": 8.7,
      "y": 3.5,
      "speed": 1.0,
      "dir": -1.460139105621002,
      "vx": 0.11043152607484555,
      "vy": -0.9938837346736191
    },
    "16": {
      "x": 8.85,
      "y": 1.9500000000000002,
      "speed": 1.0,
      "dir": -1.4743225516123095,
      "vx": 0.09632419486019057,
      "vy": -0.9953500135553001
    },
    "17": {
      "x": 8.95,
      "y": 0.4500000000000002,
      "speed": 1.0,
      "dir": -1.504228163019073,
      "vx": 0.0665190105237737,
      "vy": -0.997785157856609
    },
    "18": {
      "x": 9.15,
      "y": 1.25,
      "speed": 1.0,
      "dir": 1.3258176636680312,
      "vx": 0.24253562503633427,
      "vy": 0.9701425001453317
    },
    "19": {
      "x": 9.25,
      "y": 2.75,
      "speed": 1.0,
      "dir": 1.504228163019073,
      "vx": 0.0665190105237737,
      "vy": 0.997785157856609
    },
    "20": {
      "x": 9.3,
      "y": 4.3,
      "speed": 1.0,
      "dir": 1.5385494443596421,
      "vx": 0.03224129401095851,
      "vy": 0.9994801143396995
    },
    "21": {
      "x": 9.6,
      "y": 5.8,
      "speed": 1.0,
      "dir": 1.3734007669450166,
      "vx": 0.19611613513818335,
      "vy": 0.9805806756909203
    },
    "22": {
      "x": 9.6,
      "y": 7.300000000000001,
      "speed": 1.0,
      "dir": 1.5707963267948966,
      "vx": 0.0,
      "vy": 1.0
    },
    "23": {
      "x": 9.9,
      "y": 8.8,
      "speed": 1.0,
      "dir": 1.3734007669450154,
      "vx": 0.1961161351381845,
      "vy": 0.98058067569092
    },
    "24": {
      "x": 9.95,
      "y": 10.25,
      "speed": 1.0,
      "dir": 1.5363272257953893,
      "vx": 0.03446227583977816,
      "vy": 0.9994059993535875
    },
    "25": {
      "x": 10.15,
      "y": 11.75,
      "speed": 1.0,
      "dir": 1.438244794498222,
      "vx": 0.13216372009101865,
      "vy": 0.9912279006826346
    },
    "26": {
      "x": 10.25,
      "y": 13.15,
      "speed": 1.0,
      "dir": 1.4994888620096065,
      "vx": 0.07124704998790937,
      "vy": 0.997458699830735
    },
    "27": {
      "x": 10.5,
      "y": 14.7,
      "speed": 1.0,
      "dir": 1.4108832036366772,
      "vx": 0.1592324388246206,
      "vy": 0.9872411207126471
    },
    "28": {
      "x": 10.55,
      "y": 16.15,
      "speed": 1.0,
      "dir": 1.5363272257953882,
      "vx": 0.034462275839779385,
      "vy": 0.9994059993535875
    },
    "29": {
      "x": 10.65,
      "y": 17.65,
      "speed": 1.0,
      "dir": 1.504228163019073,
      "vx": 0.0665190105237737,
      "vy": 0.997785157856609
    },
    "30": {
      "x": 10.85,
      "y": 19.15,
      "speed": 1.0,
      "dir": 1.438244794498223,
      "vx": 0.13216372009101748,
      "vy": 0.9912279006826347
    },
    "31": {
      "x": 10.95,
      "y": 20.65,
      "speed": 1.0,
      "dir": 1.504228163019073,
      "vx": 0.0665190105237737,
      "vy": 0.997785157856609
    },
    "32": {
      "x": 11.15,
      "y": 22.15,
      "speed": 1.0,
      "dir": 1.438244794498222,
      "vx": 0.13216372009101865,
      "vy": 0.9912279006826346
    },
    "33": {
      "x": 11.25,
      "y": 23.65,
      "speed": 1.0,
      "dir": 1.504228163019073,
      "vx": 0.0665190105237737,
      "vy": 0.997785157856609
    },
    "34": {
      "x": 11.45,
      "y": 25.15,
      "speed": 1.0,
      "dir": 1.438244794498223,
      "vx": 0.13216372009101748,
      "vy": 0.9912279006826347
    },
    "35": {
      "x": 11.55,
      "y": 26.65,
      "speed": 1.0,
      "dir": 1.504228163019072,
      "vx": 0.06651901052377487,
      "vy": 0.9977851578566089
    },
    "36": {
      "x": 11.75,
      "y": 28.15,
      "speed": 1.0,
      "dir": 1.438244794498223,
      "vx": 0.13216372009101748,
      "vy": 0.9912279006826347
    },
    "37": {
      "x": 11.9,
      "y": 29.7,
      "speed": 1.0,
      "dir": 1.4743225516123095,
      "vx": 0.09632419486019052,
      "vy": 0.9953500135553001
    },
    "38": {
      "x": 11.9,
      "y": 31.1,
      "speed": 1.0,
      "dir": 1.5707963267948966,
      "vx": 0.0,
      "vy": 1.0
    },
    "39": {
      "x": 12.15,
      "y": 32.65,
      "speed": 1.0,
      "dir": 1.410883203636677,
      "vx": 0.1592324388246208,
      "vy": 0.9872411207126471
    },
    "40": {
      "x": 12.25,
      "y": 34.15,
      "speed": 1.0,
      "dir": 1.504228163019073,
      "vx": 0.0665190105237737,
      "vy": 0.997785157856609
    },
    "41": {
      "x": 12.45,
      "y": 35.55,
      "speed": 1.0,
      "dir": 1.428899272190733,
      "vx": 0.14142135623730911,
      "vy": 0.9899494936611665
    },
    "42": {
      "x": 12.55,
      "y": 37.05,
      "speed": 1.0,
      "dir": 1.504228163019072,
      "vx": 0.06651901052377487,
      "vy": 0.9977851578566089
    },
    "43": {
      "x": 12.75,
      "y": 38.55,
      "speed": 1.0,
      "dir": 1.438244794498223,
      "vx": 0.13216372009101748,
      "vy": 0.9912279006826347
    },
    "44": {
      "x": 12.8,
      "y": 40.1,
      "speed": 1.0,
      "dir": 1.5385494443596424,
      "vx": 0.03224129401095842,
      "vy": 0.9994801143396995
    },
    "45": {
      "x": 13.05,
      "y": 41.55,
      "speed": 1.0,
      "dir": 1.4000611153196134,
      "vx": 0.1699069165076467,
      "vy": 0.985460115744348
    },
    "46": {
      "x": 13.15,
      "y": 43.05,