{
  "barriers": [
    {
      "x": 51.2,
      "y": 55.8,
      "width": 21.7,
      "height": 5.6
    }
  ],
  "occluders": [],
  "step_data": {
    "0": {
      "x": 0.20000000000000018,
      "y": 52.95,
      "speed": 1.0,
      "dir": 0.0,
      "vx": 0.0,
      "vy": 0.0
    },
    "1": {
      "x": 0.6499999999999999,
      "y": 51.55,
      "speed": 1.0,
      "dir": -1.259798046189357,
      "vx": 0.30600918041311936,
      "vy": -0.9520285612852647
    },
    "2": {
      "x": 1.15,
      "y": 50.15,
      "speed": 1.0,
      "dir": -1.227772386374193,
      "vx": 0.3363363969981565,
      "vy": -0.9417419115948372
    },
    "3": {
      "x": 1.6,
      "y": 48.8,
      "speed": 1.0,
      "dir": -1.2490457723982547,
      "vx": 0.3162277660168378,
      "vy": -0.9486832980505139
    },
    "4": {
      "x": 2.1500000000000004,
      "y": 47.35,
      "speed": 1.0,
      "dir": -1.2082520895303879,
      "vx": 0.3546542341205396,
      "vy": -0.934997526317783
    },
    "5": {
      "x": 2.5,
      "y": 45.9,
      "speed": 1.0,
      "dir": -1.3339475658479771,
      "vx": 0.23464053310389615,
      "vy": -0.972082208573287
    },
    "6": {
      "x": 3.0,
      "y": 44.5,
      "speed": 1.0,
      "dir": -1.227772386374193,
      "vx": 0.3363363969981565,
      "vy": -0.9417419115948372
    },
    "7": {
      "x": 3.55,
      "y": 43.05,
      "speed": 1.0,
      "dir": -1.2082520895303897,
      "vx": 0.35465423412053787,
      "vy": -0.9349975263177838
    },
    "8": {
      "x": 4.1,
      "y": 41.6,
      "speed": 1.0,
      "dir": -1.208252089530388,
      "vx": 0.35465423412053937,
      "vy": -0.9349975263177832
    },
    "9": {
      "x": 4.45,
      "y": 40.15,
      "speed": 1.0,
      "dir": -1.3339475658479765,
      "vx": 0.23464053310389674,
      "vy": -0.9720822085732868
    },
    "10": {
      "x": 4.95,
      "y": 38.75,
      "speed": 1.0,
      "dir": -1.227772386374193,
      "vx": 0.3363363969981565,
      "vy": -0.9417419115948372
    },
    "11": {
      "x": 5.45,
      "y": 37.35,
      "speed": 1.0,
      "dir": -1.227772386374193,
      "vx": 0.3363363969981565,
      "vy": -0.9417419115948372
    },
    "12": {
      "x": 5.95,
      "y": 35.95,
      "speed": 1.0,
      "dir": -1.227772386374193,
      "vx": 0.3363363969981565,
      "vy": -0.9417419115948372
    },
    "13": {
      "x": 6.35,
      "y": 34.55,
      "speed": 1.0,
      "dir": -1.2924966677897867,
      "vx": 0.2747211278973767,
      "vy": -0.9615239476408235
    },
    "14": {
      "x": 6.9,
      "y": 33.0,
      "speed": 1.0,
      "dir": -1.2298173732985462,
      "vx": 0.3344098451707658,
      "vy": -0.9424277454812461
    },
    "15": {
      "x": 7.35,
      "y": 31.65,
      "speed": 1.0,
      "dir": -1.2490457723982553,
      "vx": 0.31622776601683716,
      "vy": -0.9486832980505141
    },
    "16": {
      "x": 7.85,
      "y": 30.25,
      "speed": 1.0,
      "dir": -1.227772386374193,
      "vx": 0.3363363969981565,
      "vy": -0.9417419115948372
    },
    "17": {
      "x": 8.25,
      "y": 28.85,
      "speed": 1.0,
      "dir": -1.2924966677897847,
      "vx": 0.2747211278973785,
      "vy": -0.9615239476408229
    },
    "18": {
      "x": 8.75,
      "y": 27.35,
      "speed": 1.0,
      "dir": -1.2490457723982544,
      "vx": 0.31622776601683794,
      "vy": -0.9486832980505138
    },
    "19": {
      "x": 9.25,
      "y": 25.95,
      "speed": 1.0,
      "dir": -1.2277723863741936,
      "vx": 0.33633639699815576,
      "vy": -0.9417419115948377
    },
    "20": {
      "x": 9.8,
      "y": 24.5,
      "speed": 1.0,
      "dir": -1.2082520895303885,
      "vx": 0.35465423412053904,
      "vy": -0.9349975263177832
    },
    "21": {
      "x": 10.15,
      "y": 23.15,
      "speed": 1.0,
      "dir": -1.3171222306562544,
      "vx": 0.25096215878372563,
      "vy": -0.9679968981658009
    },
    "22": {
      "x": 10.65,
      "y": 21.75,
      "speed": 1.0,
      "dir": -1.227772386374193,
      "vx": 0.3363363969981565,
      "vy": -0.9417419115948372
    },
    "23": {
      "x": 11.2,
      "y": 20.2,
      "speed": 1.0,
      "dir": -1.229817373298548,
      "vx": 0.33440984517076416,
      "vy": -0.9424277454812467
    },
    "24": {
      "x": 11.6,
      "y": 18.85,
      "speed": 1.0,
      "dir": -1.28274087974427,
      "vx": 0.28408832969137465,
      "vy": -0.958798112708387
    },
    "25": {
      "x": 12.05,
      "y": 17.45,
      "speed": 1.0,
      "dir": -1.2597980461893554,
      "vx": 0.30600918041312086,
      "vy": -0.9520285612852643
    },
    "26": {
      "x": 12.55,
      "y": 16.05,
      "speed": 1.0,
      "dir": -1.227772386374193,
      "vx": 0.3363363969981565,
      "vy": -0.9417419115948372
    },
    "27": {
      "x": 13.05,
      "y": 14.55,
      "speed": 1.0,
      "dir": -1.2490457723982544,
      "vx": 0.31622776601683794,
      "vy": -0.9486832980505138
    },
    "28": {
      "x": 13.55,
      "y": 13.15,
      "speed": 1.0,
      "dir": -1.2277723863741932,
      "vx": 0.33633639699815615,
      "vy": -0.9417419115948374
    },
    "29": {
      "x": 14.05,
      "y": 11.75,
      "speed": 1.0,
      "dir": -1.2277723863741932,
      "vx": 0.33633639699815615,
      "vy": -0.9417419115948374
    },
    "30": {
      "x": 14.45,
      "y": 10.35,
      "speed": 1.0,
      "dir": -1.2924966677897862,
      "vx": 0.2747211278973771,
      "vy": -0.9615239476408235
    },
    "31": {
      "x": 14.95,
      "y": 8.95,
      "speed": 1.0,
      "dir": -1.2277723863741932,
      "vx": 0.33633639699815615,
      "vy": -0.9417419115948374
    },
    "32": {
      "x": 15.399999999999999,
      "y": 7.4,
      "speed": 1.0,
      "dir": -1.2882413743253094,
      "vx": 0.27881019486395514,
      "vy": -0.9603462267536241
    },
    "33": {
      "x": 15.95,
      "y": 6.050000000000001,
      "speed": 1.0,
      "dir": -1.183920609063868,
      "vx": 0.3772968873135199,
      "vy": -0.9260923597695475
    },
    "34": {
      "x": 16.35,
      "y": 4.65,
      "speed": 1.0,
      "dir": -1.292496667789784,
      "vx": 0.27472112789737935,
      "vy": -0.9615239476408228
    },
    "35": {
      "x": 16.9,
      "y": 3.2,
      "speed": 1.0,
      "dir": -1.2082520895303908,
      "vx": 0.3546542341205369,
      "vy": -0.9349975263177841
    },
    "36": {
      "x": 17.35,
      "y": 1.75,
      "speed": 1.0,
      "dir": -1.2698760924344699,
      "vx": 0.2963992148724546,
      "vy": -0.9550641368112367
    },
    "37": {
      "x": 17.85,
      "y": 0.3500000000000001,
      "speed": 1.0,
      "dir": -1.2277723863741932,
      "vx": 0.33633639699815626,
      "vy": -0.9417419115948374
    },
    "38": {
      "x": 18.3,
      "y": 1.2999999999999998,
      "speed": 1.0,
      "dir": 1.1284221038181521,
      "vx": 0.4280863447390443,
      "vy": 0.903737838893539
    },
    "39": {
      "x": 18.75,
      "y": 2.7,
      "speed": 1.0,
      "dir": 1.259798046189356,
      "vx": 0.3060091804131202,
      "vy": 0.9520285612852645
    },
    "40": {
      "x": 19.2,
      "y": 4.1,
      "speed": 1.0,
      "dir": 1.259798046189356,
      "vx": 0.3060091804131203,
      "vy": 0.9520285612852643
    },
    "41": {
      "x": 19.8,
      "y": 5.5,
      "speed": 1.0,
      "dir": 1.1659045405098123,
      "vx": 0.3939192985791684,
      "vy": 0.9191450300180576
    },
    "42": {
      "x": 20.1,
      "y": 6.9,
      "speed": 1.0,
      "dir": 1.3597029935721496,
      "vx": 0.20952908873087392,
      "vy": 0.9778024140774094
    },
    "43": {
      "x": 20.65,
      "y": 8.35,
      "speed": 1.0,
      "dir": 1.2082520895303905,
      "vx": 0.3546542341205371,
      "vy": 0.934997526317784
    },
    "44": {
      "x": 21.15,
      "y": 9.75,
      "speed": 1.0,
      "dir": 1.2277723863741932,
      "vx": 0.33633639699815615,
      "vy": 0.9417419115948374
    },
    "45": {
      "x": 21.65,
      "y": 11.15,
      "speed": 1.0,
      "dir": 1.2277723863741932,