{
  "barriers": [
    {
      "x": 39.7,
      "y": 54.4,
      "width": 9.3,
      "height": 5.7
    },
    {
      "x": 51.5,
      "y": 2.9,
      "width": 16.3,
      "height": 18.4
    }
  ],
  "occluders": [],
  "step_data": {
    "0": {
      "x": 91.8,
      "y": 33.6,
      "speed": 1.0,
      "dir": 0.0,
      "vx": 0.0,
      "vy": 0.0
    },
    "1": {
      "x": 93.0,
      "y": 32.7,
      "speed": 1.0,
      "dir": -0.6435011087932825,
      "vx": 0.800000000000001,
      "vy": -0.5999999999999984
    },
    "2": {
      "x": 94.1,
      "y": 31.799999999999997,
      "speed": 1.0,
      "dir": -0.685729510906292,
      "vx": 0.7739572992033176,
      "vy": -0.6332377902572671
    },
    "3": {
      "x": 95.4,
      "y": 30.9,
      "speed": 1.0,
      "dir": -0.6055446636049652,
      "vx": 0.8221921916437813,
      "vy": -0.5692099788303043
    },
    "4": {
      "x": 95.3,
      "y": 30.1,
      "speed": 1.0,
      "dir": -1.695151321341669,
      "vx": -0.1240347345892193,
      "vy": -0.9922778767136663
    },
    "5": {
      "x": 94.1,
      "y": 29.3,
      "speed": 1.0,
      "dir": -2.553590050042226,
      "vx": -0.832050294337844,
      "vy": -0.5547001962252285
    },
    "6": {
      "x": 92.85,
      "y": 28.35,
      "speed": 1.0,
      "dir": -2.491722204177846,
      "vx": -0.7961621941231027,
      "vy": -0.6050832675335576
    },
    "7": {
      "x": 91.65,
      "y": 27.4,
      "speed": 1.0,
      "dir": -2.4719537079131495,
      "vx": -0.7840458244617576,
      "vy": -0.6207029443655658
    },
    "8": {
      "x": 90.3,
      "y": 26.6,
      "speed": 1.0,
      "dir": -2.606637579803701,
      "vx": -0.8602915336341764,
      "vy": -0.5098023903017291
    },
    "9": {
      "x": 89.15,
      "y": 25.75,
      "speed": 1.0,
      "dir": -2.505084437801838,
      "vx": -0.8041761414663229,
      "vy": -0.5943910610838092
    },
    "10": {
      "x": 87.95,
      "y": 24.85,
      "speed": 1.0,
      "dir": -2.4980915447965106,
      "vx": -0.800000000000001,
      "vy": -0.5999999999999984
    },
    "11": {
      "x": 86.75,
      "y": 23.95,
      "speed": 1.0,
      "dir": -2.498091544796509,
      "vx": -0.8,
      "vy": -0.6
    },
    "12": {
      "x": 85.55,
      "y": 23.05,
      "speed": 1.0,
      "dir": -2.4980915447965106,
      "vx": -0.800000000000001,
      "vy": -0.5999999999999984
    },
    "13": {
      "x": 84.35,
      "y": 22.15,
      "speed": 1.0,
      "dir": -2.498091544796509,
      "vx": -0.8,
      "vy": -0.6
    },
    "14": {
      "x": 83.05,
      "y": 21.35,
      "speed": 1.0,
      "dir": -2.589937671061247,
      "vx": -0.8516583167045442,
      "vy": -0.5240974256643341
    },
    "15": {
      "x": 81.9,
      "y": 20.4,
      "speed": 1.0,
      "dir": -2.4511461965350962,
      "vx": -0.7709617516270864,
      "vy": -0.6368814469962953
    },
    "16": {
      "x": 80.65,
      "y": 19.55,
      "speed": 1.0,
      "dir": -2.544415995497117,
      "vx": -0.8269265020695287,
      "vy": -0.5623100214072781
    },
    "17": {
      "x": 79.45,
      "y": 18.65,
      "speed": 1.0,
      "dir": -2.498091544796509,
      "vx": -0.8,
      "vy": -0.6
    },
    "18": {
      "x": 78.25,
      "y": 17.85,
      "speed": 1.0,
      "dir": -2.5535900500422284,
      "vx": -0.8320502943378453,
      "vy": -0.5547001962252268
    },
    "19": {
      "x": 76.95,
      "y": 16.95,
      "speed": 1.0,
      "dir": -2.536047989984821,
      "vx": -0.8221921916437774,
      "vy": -0.56920997883031
    },
    "20": {
      "x": 75.75,
      "y": 16.05,
      "speed": 1.0,
      "dir": -2.4980915447965106,
      "vx": -0.800000000000001,
      "vy": -0.5999999999999984
    },
    "21": {
      "x": 74.5,
      "y": 15.100000000000001,
      "speed": 1.0,
      "dir": -2.491722204177846,
      "vx": -0.7961621941231027,
      "vy": -0.6050832675335576
    },
    "22": {
      "x": 73.35,
      "y": 14.350000000000001,
      "speed": 1.0,
      "dir": -2.56369071662755,
      "vx": -0.8376105968386155,
      "vy": -0.5462677805469204
    },
    "23": {
      "x": 72.1,
      "y": 13.4,
      "speed": 1.0,
      "dir": -2.491722204177845,
      "vx": -0.7961621941231022,
      "vy": -0.6050832675335583
    },
    "24": {
      "x": 70.95,
      "y": 12.55,
      "speed": 1.0,
      "dir": -2.505084437801839,
      "vx": -0.8041761414663235,
      "vy": -0.5943910610838085
    },
    "25": {
      "x": 69.6,
      "y": 11.7,
      "speed": 1.0,
      "dir": -2.57967109133298,
      "vx": -0.8462328400897516,
      "vy": -0.5328132696861375
    },
    "26": {
      "x": 68.45,
      "y": 10.75,
      "speed": 1.0,
      "dir": -2.451146196535098,
      "vx": -0.7709617516270876,
      "vy": -0.6368814469962939
    },
    "27": {
      "x": 68.05,
      "y": 9.95,
      "speed": 1.0,
      "dir": -2.034443935795708,
      "vx": -0.44721359549996276,
      "vy": -0.8944271909999136
    },
    "28": {
      "x": 69.4,
      "y": 9.0,
      "speed": 1.0,
      "dir": -0.613207348874506,
      "vx": 0.8178064193007685,
      "vy": -0.5754934061746108
    },
    "29": {
      "x": 70.55,
      "y": 8.15,
      "speed": 1.0,
      "dir": -0.6365082157879544,
      "vx": 0.8041761414663235,
      "vy": -0.5943910610838085
    },
    "30": {
      "x": 71.75,
      "y": 7.25,
      "speed": 1.0,
      "dir": -0.6435011087932834,
      "vx": 0.8000000000000006,
      "vy": -0.5999999999999993
    },
    "31": {
      "x": 72.95,
      "y": 6.449999999999999,
      "speed": 1.0,
      "dir": -0.5880026035475668,
      "vx": 0.832050294337844,
      "vy": -0.5547001962252285
    },
    "32": {
      "x": 74.15,
      "y": 5.55,
      "speed": 1.0,
      "dir": -0.6435011087932829,
      "vx": 0.8000000000000008,
      "vy": -0.5999999999999988
    },
    "33": {
      "x": 75.35,
      "y": 4.65,
      "speed": 1.0,
      "dir": -0.6435011087932886,
      "vx": 0.7999999999999975,
      "vy": -0.6000000000000034
    },
    "34": {
      "x": 76.65,
      "y": 3.75,
      "speed": 1.0,
      "dir": -0.6055446636049662,
      "vx": 0.8221921916437808,
      "vy": -0.5692099788303051
    },
    "35": {
      "x": 77.85,
      "y": 2.95,
      "speed": 1.0,
      "dir": -0.5880026035475718,
      "vx": 0.8320502943378414,
      "vy": -0.5547001962252327
    },
    "36": {
      "x": 79.05,
      "y": 2.05,
      "speed": 1.0,
      "dir": -0.6435011087932834,
      "vx": 0.8000000000000006,
      "vy": -0.5999999999999993
    },
    "37": {
      "x": 80.3,
      "y": 1.2000000000000002,
      "speed": 1.0,
      "dir": -0.5971766580926773,
      "vx": 0.8269265020695282,
      "vy": -0.5623100214072789
    },
    "38": {
      "x": 81.45,
      "y": 0.25,
      "speed": 1.0,
      "dir": -0.6904464570546897,
      "vx": 0.770961751627091,
      "vy": -0.6368814469962896
    },
    "39": {
      "x": 82.65,
      "y": 0.75,
      "speed": 1.0,
      "dir": 0.39479111969976066,
      "vx": 0.9230769230769234,
      "vy": 0.3846153846153838
    },
    "40": {
      "x": 83.9,
      "y": 1.6,
      "speed": 1.0,
      "dir": 0.5971766580926775,
      "vx": 0.8269265020695281,
      "vy": 0.5623100214072791
    },
    "41": {
      "x": 85.15,
      "y": 2.55,
      "speed": 1.0,
      "dir": 0.6498704494119474,
      "vx": 0.7961621941231026,
      "vy": 0.6050832675335578
    },
    "42": {
      "x": 86.35,
      "y": 3.3499999999999996,
      "speed": 1.0,
      "dir": 0.5880026035475718,
      "vx": 0.8320502943378414,
      "vy": 0.5547001962252327
    },
    "43": {
      "x": 87.55,
      "y": 4.25,
      "speed": 1.0,
      "dir": 0.6435011087932834,
      "vx": 0.8000000000000006,
      "vy": 0.5999999999999993
    },
    "44": {
      "x": 88.75,
      "y": 5.15,
      "speed": 1.0,
      "dir": 0.6435011087932834,
      "vx": 0.8000000000000006,
      "vy": 0.5999999999999993
    },
    "45": {
      "x": 89.95,
      "y": 6.050000000000001,
      "speed": 1.0,