{
  "barriers": [
    {
      "height": 5,
      "width": 2.1,
      "x": 5,
      "y": 10.700000000000001
    },
    {
      "height": 5.9,
      "width": 1.9000000000000001,
      "x": 14.100000000000001,
      "y": 5.300000000000001
    },
    {
      "height": 1.4000000000000001,
      "width": 5.800000000000001,
      "x": 4.5,
      "y": 4.2
    }
  ],
  "elasticity": 1,
  "fps": 30,
  "friction": 0,
  "green_sensor": {
    "height": 20.1,
    "width": 2.8000000000000003,
    "x": 0,
    "y": 0
  },
  "interval": 0.025,
  "key_distractors": [],
  "num_barriers": 3,
  "num_frames": 30,
  "num_occs": 0,
  "occluders": [],
  "random_distractors": [],
  "red_sensor": {
    "height": 20.1,
    "width": 2.8000000000000003,
    "x": 17.2,
    "y": 0
  },
  "rg_hit_timestep": -1,
  "rg_outcome": null,
  "scene_dims": [
    20,
    20
  ],
  "step_data": {
    "0": {
      "dir": -3.141592653589793,
      "speed": 0,
      "vx": 0,
      "vy": 0,
      "x": 13.600000000000001,
      "y": 17.3
    },
    "1": {
      "dir": -3.141592653589793,
      "speed": 0,
      "vx": 0,
      "vy": 0,
      "x": 13.600000000000001,
      "y": 17.3
    },
    "2": {
      "dir": -3.141592653589793,
      "speed": 0,
      "vx": 0,
      "vy": 0,
      "x": 13.600000000000001,
      "y": 17.3
    },
    "3": {
      "dir": -3.141592653589793,
      "speed": 0,
      "vx": 0,
      "vy": 0,
      "x": 13.600000000000001,
      "y": 17.3
    },
    "4": {
      "dir": -3.141592653589793,
      "speed": 0,
      "vx": 0,
      "vy": 0,
      "x": 13.600000000000001,
      "y": 17.3
    },
    "5": {
      "dir": -3.141592653589793,
      "speed": 0,
      "vx": 0,
      "vy": 0,
      "x": 13.600000000000001,
      "y": 17.3
    },
    "6": {
      "dir": -3.141592653589793,
      "speed": 0,
      "vx": 0,
      "vy": 0,
      "x": 13.600000000000001,
      "y": 17.3
    },
    "7": {
      "dir": -3.141592653589793,
      "speed": 0,
      "vx": 0,
      "vy": 0,
      "x": 13.600000000000001,
      "y": 17.3
    },
    "8": {
      "dir": -3.141592653589793,
      "speed": 0,
      "vx": 0,
      "vy": 0,
      "x": 13.600000000000001,
      "y": 17.3
    },
    "9": {
      "dir": -3.141592653589793,
      "speed": 0,
      "vx": 0,
      "vy": 0,
      "x": 13.600000000000001,
      "y": 17.3
    },
    "10": {
      "dir": -3.141592653589793,
      "speed": 0,
      "vx": 0,
      "vy": 0,
      "x": 13.600000000000001,
      "y": 17.3
    },
    "11": {
      "dir": -3.141592653589793,
      "speed": 0,
      "vx": 0,
      "vy": 0,
      "x": 13.600000000000001,
      "y": 17.3
    },
    "12": {
      "dir": -3.141592653589793,
      "speed": 0,
      "vx": 0,
      "vy": 0,
      "x": 13.600000000000001,
      "y": 17.3
    },
    "13": {
      "dir": -3.141592653589793,
      "speed": 0,
      "vx": 0,
      "vy": 0,
      "x": 13.600000000000001,
      "y": 17.3
    },
    "14": {
      "dir": -3.141592653589793,
      "speed": 0,
      "vx": 0,
      "vy": 0,
      "x": 13.600000000000001,
      "y": 17.3
    },
    "15": {
      "dir": -3.141592653589793,
      "speed": 0,
      "vx": 0,
      "vy": 0,
      "x": 13.600000000000001,
      "y": 17.3
    },
    "16": {
      "dir": -3.141592653589793,
      "speed": 0,
      "vx": 0,
      "vy": 0,
      "x": 13.600000000000001,
      "y": 17.3
    },
    "17": {
      "dir": -3.141592653589793,
      "speed": 0,
      "vx": 0,
      "vy": 0,
      "x": 13.600000000000001,
      "y": 17.3
    },
    "18": {
      "dir": -3.141592653589793,
      "speed": 0,
      "vx": 0,
      "vy": 0,
      "x": 13.600000000000001,
      "y": 17.3
    },
    "19": {
      "dir": -3.141592653589793,
      "speed": 0,
      "vx": 0,
      "vy": 0,
      "x": 13.600000000000001,
      "y": 17.3
    },
    "20": {
      "dir": -3.141592653589793,
      "speed": 0,
      "vx": 0,
      "vy": 0,
      "x": 13.600000000000001,
      "y": 17.3
    },
    "21": {
      "dir": -3.141592653589793,
      "speed": 0,
      "vx": 0,
      "vy": 0,
      "x": 13.600000000000001,
      "y": 17.3
    },
    "22": {
      "dir": -3.141592653589793,
      "speed": 0,
      "vx": 0,
      "vy": 0,
      "x": 13.600000000000001,
      "y": 17.3
    },
    "23": {
      "dir": -3.141592653589793,
      "speed": 0,
      "vx": 0,
      "vy": 0,
      "x": 13.600000000000001,
      "y": 17.3
    },
    "24": {
      "dir": -3.141592653589793,
      "speed": 0,
      "vx": 0,
      "vy": 0,
      "x": 13.600000000000001,
      "y": 17.3
    },
    "25": {
      "dir": -3.141592653589793,
      "speed": 0,
      "vx": 0,
      "vy": 0,
      "x": 13.600000000000001,
      "y": 17.3
    },
    "26": {
      "dir": -3.141592653589793,
      "speed": 0,
      "vx": 0,
      "vy": 0,
      "x": 13.600000000000001,
      "y": 17.3
    },
    "27": {
      "dir": -3.141592653589793,
      "speed": 0,
      "vx": 0,
      "vy": 0,
      "x": 13.600000000000001,
      "y": 17.3
    },
    "28": {
      "dir": -3.141592653589793,
      "speed": 0,
      "vx": 0,
      "vy": 0,
      "x": 13.600000000000001,
      "y": 17.3
    },
    "29": {
      "dir": -3.141592653589793,
      "speed": 0,
      "vx": 0,
      "vy": 0,
      "x": 13.600000000000001,
      "y": 17.3
    }
  },
  "target": {
    "shape": 1,
    "size": 1
  },
  "timestep": 0,
  "timesteps_per_frame": 1
}