{
  "barriers": [
    {
      "x": 5.8,
      "y": 21.9,
      "width": 10.2,
      "height": 16.7
    },
    {
      "x": 2.6,
      "y": 40.6,
      "width": 15.9,
      "height": 7.0
    }
  ],
  "occluders": [],
  "step_data": {
    "0": {
      "x": 80.1,
      "y": 22.0,
      "speed": 1.0,
      "dir": 0.0,
      "vx": 0.0,
      "vy": 0.0
    },
    "1": {
      "x": 80.75,
      "y": 20.65,
      "speed": 1.0,
      "dir": -1.1220729827841724,
      "vx": 0.43381561877290264,
      "vy": -0.9010016697590986
    },
    "2": {
      "x": 81.35,
      "y": 19.25,
      "speed": 1.0,
      "dir": -1.1659045405098163,
      "vx": 0.39391929857916486,
      "vy": -0.919145030018059
    },
    "3": {
      "x": 82.1,
      "y": 17.9,
      "speed": 1.0,
      "dir": -1.0636978224025602,
      "vx": 0.48564293117863166,
      "vy": -0.8741572761215379
    },
    "4": {
      "x": 82.65,
      "y": 16.55,
      "speed": 1.0,
      "dir": -1.1839206090638608,
      "vx": 0.3772968873135266,
      "vy": -0.9260923597695447
    },
    "5": {
      "x": 83.3,
      "y": 15.2,
      "speed": 1.0,
      "dir": -1.122072982784181,
      "vx": 0.43381561877289493,
      "vy": -0.9010016697591022
    },
    "6": {
      "x": 83.95,
      "y": 13.85,
      "speed": 1.0,
      "dir": -1.122072982784172,
      "vx": 0.43381561877290303,
      "vy": -0.9010016697590983
    },
    "7": {
      "x": 84.55,
      "y": 12.55,
      "speed": 1.0,
      "dir": -1.138388551224362,
      "vx": 0.41905817746174395,
      "vy": -0.9079593845004531
    },
    "8": {
      "x": 85.3,
      "y": 11.1,
      "speed": 1.0,
      "dir": -1.093450944421225,
      "vx": 0.45942291887376635,
      "vy": -0.888217643155949
    },
    "9": {
      "x": 85.9,
      "y": 9.7,
      "speed": 1.0,
      "dir": -1.165904540509808,
      "vx": 0.39391929857917235,
      "vy": -0.9191450300180559
    },
    "10": {
      "x": 86.5,
      "y": 8.45,
      "speed": 1.0,
      "dir": -1.1232763516377304,
      "vx": 0.4327310675847679,
      "vy": -0.9015230574682751
    },
    "11": {
      "x": 87.1,
      "y": 7.0,
      "speed": 1.0,
      "dir": -1.178456182579384,
      "vx": 0.38235179272629677,
      "vy": -0.9240168324218921
    },
    "12": {
      "x": 87.75,
      "y": 5.75,
      "speed": 1.0,
      "dir": -1.0912770348022969,
      "vx": 0.4613527366419926,
      "vy": -0.8872168012345935
    },
    "13": {
      "x": 88.5,
      "y": 4.4,
      "speed": 1.0,
      "dir": -1.0636978224025595,
      "vx": 0.4856429311786322,
      "vy": -0.8741572761215378
    },
    "14": {
      "x": 89.05,
      "y": 3.05,
      "speed": 1.0,
      "dir": -1.1839206090638705,
      "vx": 0.3772968873135177,
      "vy": -0.9260923597695485
    },
    "15": {
      "x": 89.7,
      "y": 1.6,
      "speed": 1.0,
      "dir": -1.149377119907089,
      "vx": 0.4090559040929122,
      "vy": -0.9125093245149499
    },
    "16": {
      "x": 90.35,
      "y": 0.3500000000000001,
      "speed": 1.0,
      "dir": -1.0912770348023058,
      "vx": 0.4613527366419846,
      "vy": -0.8872168012345976
    },
    "17": {
      "x": 91.05,
      "y": 1.25,
      "speed": 1.0,
      "dir": 0.9097531579442077,
      "vx": 0.613940613514922,
      "vy": 0.789352217376325
    },
    "18": {
      "x": 91.7,
      "y": 2.5,
      "speed": 1.0,
      "dir": 1.0912770348022969,
      "vx": 0.4613527366419926,
      "vy": 0.8872168012345935
    },
    "19": {
      "x": 92.3,
      "y": 3.9000000000000004,
      "speed": 1.0,
      "dir": 1.1659045405098167,
      "vx": 0.39391929857916447,
      "vy": 0.9191450300180593
    },
    "20": {
      "x": 92.9,
      "y": 5.3,
      "speed": 1.0,
      "dir": 1.1659045405098079,
      "vx": 0.39391929857917257,
      "vy": 0.9191450300180559
    },
    "21": {
      "x": 93.55,
      "y": 6.65,
      "speed": 1.0,
      "dir": 1.1220729827841809,
      "vx": 0.4338156187728952,
      "vy": 0.9010016697591022
    },
    "22": {
      "x": 94.25,
      "y": 8.05,
      "speed": 1.0,
      "dir": 1.107148717794089,
      "vx": 0.4472135954999593,
      "vy": 0.8944271909999153
    },
    "23": {
      "x": 94.85,
      "y": 9.35,
      "speed": 1.0,
      "dir": 1.138388551224362,
      "vx": 0.41905817746174395,
      "vy": 0.9079593845004531
    },
    "24": {
      "x": 95.45,
      "y": 10.75,
      "speed": 1.0,
      "dir": 1.165904540509808,
      "vx": 0.39391929857917235,
      "vy": 0.9191450300180559
    },
    "25": {
      "x": 95.7,
      "y": 12.05,
      "speed": 1.0,
      "dir": 1.380808038876181,
      "vx": 0.18884739365012437,
      "vy": 0.9820064469806472
    },
    "26": {
      "x": 95.05,
      "y": 13.4,
      "speed": 1.0,
      "dir": 2.019519670805621,
      "vx": -0.43381561877290303,
      "vy": 0.9010016697590983
    },
    "27": {
      "x": 94.3,
      "y": 14.7,
      "speed": 1.0,
      "dir": 2.0940746489268727,
      "vx": -0.4997224534895775,
      "vy": 0.8661855860486003
    },
    "28": {
      "x": 93.75,
      "y": 16.15,
      "speed": 1.0,
      "dir": 1.9333405640594026,
      "vx": -0.3546542341205371,
      "vy": 0.934997526317784
    },
    "29": {
      "x": 93.15,
      "y": 17.45,
      "speed": 1.0,
      "dir": 2.0032041023654306,
      "vx": -0.41905817746174345,
      "vy": 0.9079593845004532
    },
    "30": {
      "x": 92.45,
      "y": 18.85,
      "speed": 1.0,
      "dir": 2.0344439357957036,
      "vx": -0.4472135954999588,
      "vy": 0.8944271909999155
    },
    "31": {
      "x": 91.85,
      "y": 20.25,
      "speed": 1.0,
      "dir": 1.9756881130799855,
      "vx": -0.39391929857917274,
      "vy": 0.9191450300180557
    },
    "32": {
      "x": 91.2,
      "y": 21.5,
      "speed": 1.0,
      "dir": 2.0503156187874874,
      "vx": -0.4613527366419846,
      "vy": 0.8872168012345976
    },
    "33": {
      "x": 90.55,
      "y": 22.95,
      "speed": 1.0,
      "dir": 1.9922155336827043,
      "vx": -0.4090559040929123,
      "vy": 0.9125093245149499
    },
    "34": {
      "x": 89.95,
      "y": 24.25,
      "speed": 1.0,
      "dir": 2.0032041023654306,
      "vx": -0.41905817746174345,
      "vy": 0.9079593845004532
    },
    "35": {
      "x": 89.25,
      "y": 25.65,
      "speed": 1.0,
      "dir": 2.034443935795705,
      "vx": -0.4472135954999597,
      "vy": 0.8944271909999149
    },
    "36": {
      "x": 88.65,
      "y": 26.95,
      "speed": 1.0,
      "dir": 2.0032041023654306,
      "vx": -0.41905817746174345,
      "vy": 0.9079593845004532
    },
    "37": {
      "x": 87.95,
      "y": 28.35,
      "speed": 1.0,
      "dir": 2.0344439357957036,
      "vx": -0.4472135954999588,
      "vy": 0.8944271909999155
    },
    "38": {
      "x": 87.35,
      "y": 29.75,
      "speed": 1.0,
      "dir": 1.9756881130799855,
      "vx": -0.39391929857917274,
      "vy": 0.9191450300180557
    },
    "39": {
      "x": 86.65,
      "y": 31.0,
      "speed": 1.0,
      "dir": 2.0812846487116654,
      "vx": -0.48860336893183715,
      "vy": 0.8725060159497233
    },
    "40": {
      "x": 86.05,
      "y": 32.45,
      "speed": 1.0,
      "dir": 1.9631364710104167,
      "vx": -0.38235179272630365,
      "vy": 0.9240168324218891
    },
    "41": {
      "x": 85.45,
      "y": 33.75,
      "speed": 1.0,
      "dir": 2.0032041023654314,
      "vx": -0.4190581774617444,
      "vy": 0.9079593845004529
    },
    "42": {
      "x": 84.75,
      "y": 35.15,
      "speed": 1.0,
      "dir": 2.034443935795705,
      "vx": -0.4472135954999597,
      "vy": 0.8944271909999149
    },
    "43": {
      "x": 84.15,
      "y": 36.45,
      "speed": 1.0,
      "dir": 2.0032041023654297,
      "vx": -0.4190581774617425,
      "vy": 0.9079593845004537
    },
    "44": {
      "x": 83.45,
      "y": 37.8,
      "speed": 1.0,
      "dir": 2.0491487581735575,
      "vx": -0.4603171644550033,
      "vy": 0.8877545314489277
    },
    "45": {
      "x": 82.8,
      "y": 39.1,
      "speed": 1.0,