{
  "barriers": [
    {
      "x": 70.2,
      "y": 40.3,
      "width": 6.1,
      "height": 9.5
    },
    {
      "x": 18.2,
      "y": 27.2,
      "width": 28.1,
      "height": 5.5
    },
    {
      "x": 81.9,
      "y": 2.2,
      "width": 10.0,
      "height": 17.1
    }
  ],
  "occluders": [],
  "step_data": {
    "0": {
      "x": 65.15,
      "y": 42.9,
      "speed": 1.0,
      "dir": 0.0,
      "vx": 0.0,
      "vy": 0.0
    },
    "1": {
      "x": 65.9,
      "y": 42.2,
      "speed": 1.0,
      "dir": -0.7509290623979373,
      "vx": 0.731055268242871,
      "vy": -0.6823182503600089
    },
    "2": {
      "x": 64.55,
      "y": 41.35,
      "speed": 1.0,
      "dir": -2.57967109133298,
      "vx": -0.8462328400897516,
      "vy": -0.5328132696861375
    },
    "3": {
      "x": 63.349999999999994,
      "y": 40.55,
      "speed": 1.0,
      "dir": -2.5535900500422244,
      "vx": -0.8320502943378429,
      "vy": -0.5547001962252303
    },
    "4": {
      "x": 62.05,
      "y": 39.75,
      "speed": 1.0,
      "dir": -2.589937671061247,
      "vx": -0.8516583167045442,
      "vy": -0.5240974256643341
    },
    "5": {
      "x": 60.75,
      "y": 38.95,
      "speed": 1.0,
      "dir": -2.589937671061247,
      "vx": -0.8516583167045442,
      "vy": -0.5240974256643341
    },
    "6": {
      "x": 59.45,
      "y": 38.15,
      "speed": 1.0,
      "dir": -2.589937671061243,
      "vx": -0.8516583167045422,
      "vy": -0.5240974256643376
    },
    "7": {
      "x": 58.25,
      "y": 37.35,
      "speed": 1.0,
      "dir": -2.5535900500422284,
      "vx": -0.8320502943378453,
      "vy": -0.5547001962252268
    },
    "8": {
      "x": 56.9,
      "y": 36.5,
      "speed": 1.0,
      "dir": -2.579671091332978,
      "vx": -0.8462328400897504,
      "vy": -0.5328132696861395
    },
    "9": {
      "x": 55.65,
      "y": 35.75,
      "speed": 1.0,
      "dir": -2.601173153319209,
      "vx": -0.8574929257125442,
      "vy": -0.5144957554275265
    },
    "10": {
      "x": 54.35,
      "y": 35.05,
      "speed": 1.0,
      "dir": -2.6476512846702094,
      "vx": -0.8804710999221741,
      "vy": -0.4740998230350197
    },
    "11": {
      "x": 53.15,
      "y": 34.25,
      "speed": 1.0,
      "dir": -2.5535900500422284,
      "vx": -0.8320502943378453,
      "vy": -0.5547001962252268
    },
    "12": {
      "x": 51.85,
      "y": 33.45,
      "speed": 1.0,
      "dir": -2.589937671061247,
      "vx": -0.8516583167045442,
      "vy": -0.5240974256643341
    },
    "13": {
      "x": 50.6,
      "y": 32.6,
      "speed": 1.0,
      "dir": -2.544415995497115,
      "vx": -0.8269265020695277,
      "vy": -0.5623100214072797
    },
    "14": {
      "x": 49.25,
      "y": 31.85,
      "speed": 1.0,
      "dir": -2.6344941491974567,
      "vx": -0.8741572761215379,
      "vy": -0.48564293117863166
    },
    "15": {
      "x": 48.05,
      "y": 31.049999999999997,
      "speed": 1.0,
      "dir": -2.5535900500422244,
      "vx": -0.8320502943378429,
      "vy": -0.5547001962252303
    },
    "16": {
      "x": 46.75,
      "y": 30.25,
      "speed": 1.0,
      "dir": -2.589937671061247,
      "vx": -0.8516583167045442,
      "vy": -0.5240974256643341
    },
    "17": {
      "x": 46.9,
      "y": 29.4,
      "speed": 1.0,
      "dir": -1.3961241277866587,
      "vx": 0.1737853339090458,
      "vy": -0.9847835588179371
    },
    "18": {
      "x": 48.1,
      "y": 28.6,
      "speed": 1.0,
      "dir": -0.5880026035475647,
      "vx": 0.8320502943378453,
      "vy": -0.5547001962252268
    },
    "19": {
      "x": 49.45,
      "y": 27.85,
      "speed": 1.0,
      "dir": -0.5070985043923365,
      "vx": 0.8741572761215379,
      "vy": -0.48564293117863166
    },
    "20": {
      "x": 50.75,
      "y": 27.15,
      "speed": 1.0,
      "dir": -0.4939413689195838,
      "vx": 0.8804710999221741,
      "vy": -0.4740998230350197
    },
    "21": {
      "x": 51.95,
      "y": 26.35,
      "speed": 1.0,
      "dir": -0.5880026035475647,
      "vx": 0.8320502943378453,
      "vy": -0.5547001962252268
    },
    "22": {
      "x": 53.3,
      "y": 25.5,
      "speed": 1.0,
      "dir": -0.5619215622568179,
      "vx": 0.8462328400897493,
      "vy": -0.5328132696861415
    },
    "23": {
      "x": 54.55,
      "y": 24.75,
      "speed": 1.0,
      "dir": -0.540419500270584,
      "vx": 0.8574929257125442,
      "vy": -0.5144957554275265
    },
    "24": {
      "x": 55.85,
      "y": 23.95,
      "speed": 1.0,
      "dir": -0.5516549825285458,
      "vx": 0.8516583167045444,
      "vy": -0.5240974256643338
    },
    "25": {
      "x": 57.0,
      "y": 23.1,
      "speed": 1.0,
      "dir": -0.6365082157879505,
      "vx": 0.8041761414663258,
      "vy": -0.5943910610838053
    },
    "26": {
      "x": 58.35,
      "y": 22.35,
      "speed": 1.0,
      "dir": -0.5070985043923365,
      "vx": 0.8741572761215379,
      "vy": -0.48564293117863166
    },
    "27": {
      "x": 59.7,
      "y": 21.6,
      "speed": 1.0,
      "dir": -0.5070985043923365,
      "vx": 0.8741572761215379,
      "vy": -0.48564293117863166
    },
    "28": {
      "x": 60.95,
      "y": 20.75,
      "speed": 1.0,
      "dir": -0.5971766580926783,
      "vx": 0.8269265020695277,
      "vy": -0.5623100214072797
    },
    "29": {
      "x": 62.150000000000006,
      "y": 19.95,
      "speed": 1.0,
      "dir": -0.5880026035475668,
      "vx": 0.832050294337844,
      "vy": -0.5547001962252285
    },
    "30": {
      "x": 63.45,
      "y": 19.25,
      "speed": 1.0,
      "dir": -0.4939413689195817,
      "vx": 0.8804710999221751,
      "vy": -0.47409982303501785
    },
    "31": {
      "x": 64.7,
      "y": 18.4,
      "speed": 1.0,
      "dir": -0.5971766580926783,
      "vx": 0.8269265020695277,
      "vy": -0.5623100214072797
    },
    "32": {
      "x": 66.1,
      "y": 17.65,
      "speed": 1.0,
      "dir": -0.49180917598870105,
      "vx": 0.8814799700287809,
      "vy": -0.47222141251542116
    },
    "33": {
      "x": 67.3,
      "y": 16.85,
      "speed": 1.0,
      "dir": -0.5880026035475647,
      "vx": 0.8320502943378453,
      "vy": -0.5547001962252268
    },
    "34": {
      "x": 68.55,
      "y": 16.05,
      "speed": 1.0,
      "dir": -0.5693131911006623,
      "vx": 0.8422714006615112,
      "vy": -0.5390536964233676
    },
    "35": {
      "x": 69.8,
      "y": 15.2,
      "speed": 1.0,
      "dir": -0.5971766580926783,
      "vx": 0.8269265020695277,
      "vy": -0.5623100214072797
    },
    "36": {
      "x": 71.15,
      "y": 14.45,
      "speed": 1.0,
      "dir": -0.5070985043923343,
      "vx": 0.8741572761215392,
      "vy": -0.4856429311786298
    },
    "37": {
      "x": 72.35,
      "y": 13.65,
      "speed": 1.0,
      "dir": -0.5880026035475713,
      "vx": 0.8320502943378416,
      "vy": -0.5547001962252323
    },
    "38": {
      "x": 73.6,
      "y": 12.85,
      "speed": 1.0,
      "dir": -0.5693131911006623,
      "vx": 0.8422714006615112,
      "vy": -0.5390536964233676
    },
    "39": {
      "x": 74.95,
      "y": 12.05,
      "speed": 1.0,
      "dir": -0.5349550737860931,
      "vx": 0.860291533634176,
      "vy": -0.50980239030173
    },
    "40": {
      "x": 76.25,
      "y": 11.35,
      "speed": 1.0,
      "dir": -0.49394136891958274,
      "vx": 0.8804710999221745,
      "vy": -0.4740998230350188
    },
    "41": {
      "x": 77.45,
      "y": 10.55,
      "speed": 1.0,
      "dir": -0.5880026035475658,
      "vx": 0.8320502943378446,
      "vy": -0.5547001962252277
    },
    "42": {
      "x": 76.85,
      "y": 9.75,
      "speed": 1.0,
      "dir": -2.2142974355881875,
      "vx": -0.6000000000000052,
      "vy": -0.7999999999999963
    },
    "43": {
      "x": 75.55,
      "y": 8.95,
      "speed": 1.0,
      "dir": -2.589937671061245,
      "vx": -0.8516583167045433,
      "vy": -0.5240974256643359
    },
    "44": {
      "x": 74.3,
      "y": 8.1,
      "speed": 1.0,
      "dir": -2.5444159954971157,