{
  "barriers": [
    {
      "x": 24.8,
      "y": 15.3,
      "width": 20.5,
      "height": 23.6
    }
  ],
  "occluders": [],
  "step_data": {
    "0": {
      "x": 28.0,
      "y": 9.1,
      "speed": 1.0,
      "dir": 0.0,
      "vx": 0.0,
      "vy": 0.0
    },
    "1": {
      "x": 28.25,
      "y": 7.75,
      "speed": 1.0,
      "dir": -1.3876855095324125,
      "vx": 0.18208926018230748,
      "vy": -0.9832820049844602
    },
    "2": {
      "x": 28.65,
      "y": 6.35,
      "speed": 1.0,
      "dir": -1.2924966677897862,
      "vx": 0.2747211278973771,
      "vy": -0.9615239476408235
    },
    "3": {
      "x": 29.05,
      "y": 4.85,
      "speed": 1.0,
      "dir": -1.3101939350475542,
      "vx": 0.2576626505603336,
      "vy": -0.966234939601246
    },
    "4": {
      "x": 29.45,
      "y": 3.45,
      "speed": 1.0,
      "dir": -1.292496667789786,
      "vx": 0.27472112789737724,
      "vy": -0.9615239476408235
    },
    "5": {
      "x": 29.85,
      "y": 1.9500000000000002,
      "speed": 1.0,
      "dir": -1.3101939350475542,
      "vx": 0.2576626505603336,
      "vy": -0.966234939601246
    },
    "6": {
      "x": 30.25,
      "y": 0.5499999999999998,
      "speed": 1.0,
      "dir": -1.2924966677897862,
      "vx": 0.2747211278973771,
      "vy": -0.9615239476408235
    },
    "7": {
      "x": 30.700000000000003,
      "y": 1.1,
      "speed": 1.0,
      "dir": 0.8850668158886075,
      "vx": 0.6332377902572649,
      "vy": 0.7739572992033192
    },
    "8": {
      "x": 31.049999999999997,
      "y": 2.55,
      "speed": 1.0,
      "dir": 1.33394756584798,
      "vx": 0.23464053310389324,
      "vy": 0.9720822085732875
    },
    "9": {
      "x": 31.450000000000003,
      "y": 3.95,
      "speed": 1.0,
      "dir": 1.2924966677897816,
      "vx": 0.2747211278973816,
      "vy": 0.9615239476408223
    },
    "10": {
      "x": 31.85,
      "y": 5.4,
      "speed": 1.0,
      "dir": 1.301628834009197,
      "vx": 0.26592899812581255,
      "vy": 0.9639926182060741
    },
    "11": {
      "x": 32.25,
      "y": 6.85,
      "speed": 1.0,
      "dir": 1.301628834009197,
      "vx": 0.26592899812581267,
      "vy": 0.9639926182060741
    },
    "12": {
      "x": 32.65,
      "y": 8.35,
      "speed": 1.0,
      "dir": 1.3101939350475564,
      "vx": 0.2576626505603315,
      "vy": 0.9662349396012466
    },
    "13": {
      "x": 33.05,
      "y": 9.75,
      "speed": 1.0,
      "dir": 1.2924966677897862,
      "vx": 0.2747211278973771,
      "vy": 0.9615239476408235
    },
    "14": {
      "x": 33.45,
      "y": 11.25,
      "speed": 1.0,
      "dir": 1.310193935047552,
      "vx": 0.25766265056033577,
      "vy": 0.9662349396012454
    },
    "15": {
      "x": 33.9,
      "y": 10.2,
      "speed": 1.0,
      "dir": -1.165904540509817,
      "vx": 0.3939192985791642,
      "vy": -0.9191450300180593
    },
    "16": {
      "x": 34.25,
      "y": 8.75,
      "speed": 1.0,
      "dir": -1.3339475658479754,
      "vx": 0.23464053310389782,
      "vy": -0.9720822085732866
    },
    "17": {
      "x": 34.6,
      "y": 7.199999999999999,
      "speed": 1.0,
      "dir": -1.3487144248894156,
      "vx": 0.22026087143464415,
      "vy": -0.9754410020677063
    },
    "18": {
      "x": 35.0,
      "y": 5.8,
      "speed": 1.0,
      "dir": -1.292496667789786,
      "vx": 0.27472112789737724,
      "vy": -0.9615239476408235
    },
    "19": {
      "x": 35.45,
      "y": 4.4,
      "speed": 1.0,
      "dir": -1.2597980461893536,
      "vx": 0.3060091804131226,
      "vy": -0.9520285612852638
    },
    "20": {
      "x": 35.85,
      "y": 2.95,
      "speed": 1.0,
      "dir": -1.301628834009197,
      "vx": 0.26592899812581255,
      "vy": -0.9639926182060741
    },
    "21": {
      "x": 36.25,
      "y": 1.5499999999999998,
      "speed": 1.0,
      "dir": -1.2924966677897862,
      "vx": 0.2747211278973771,
      "vy": -0.9615239476408235
    },
    "22": {
      "x": 36.65,
      "y": 0.1499999999999999,
      "speed": 1.0,
      "dir": -1.2924966677897862,
      "vx": 0.2747211278973772,
      "vy": -0.9615239476408235
    },
    "23": {
      "x": 37.05,
      "y": 1.5499999999999998,
      "speed": 1.0,
      "dir": 1.2924966677897862,
      "vx": 0.2747211278973772,
      "vy": 0.9615239476408235
    },
    "24": {
      "x": 37.45,
      "y": 3.05,
      "speed": 1.0,
      "dir": 1.310193935047552,
      "vx": 0.25766265056033577,
      "vy": 0.9662349396012454
    },
    "25": {
      "x": 37.85,
      "y": 4.45,
      "speed": 1.0,
      "dir": 1.2924966677897862,
      "vx": 0.2747211278973771,
      "vy": 0.9615239476408235
    },
    "26": {
      "x": 38.25,
      "y": 5.95,
      "speed": 1.0,
      "dir": 1.3101939350475564,
      "vx": 0.2576626505603315,
      "vy": 0.9662349396012466
    },
    "27": {
      "x": 38.6,
      "y": 7.300000000000001,
      "speed": 1.0,
      "dir": 1.3171222306562531,
      "vx": 0.250962158783727,
      "vy": 0.9679968981658007
    },
    "28": {
      "x": 39.0,
      "y": 8.7,
      "speed": 1.0,
      "dir": 1.292496667789786,
      "vx": 0.2747211278973774,
      "vy": 0.9615239476408233
    },
    "29": {
      "x": 39.5,
      "y": 10.2,
      "speed": 1.0,
      "dir": 1.2490457723982544,
      "vx": 0.31622776601683794,
      "vy": 0.9486832980505138
    },
    "30": {
      "x": 39.85,
      "y": 11.15,
      "speed": 1.0,
      "dir": 1.2178059389679852,
      "vx": 0.3457053588273572,
      "vy": 0.9383431168171097
    },
    "31": {
      "x": 40.25,
      "y": 9.75,
      "speed": 1.0,
      "dir": -1.2924966677897862,
      "vx": 0.2747211278973771,
      "vy": -0.9615239476408235
    },
    "32": {
      "x": 40.65,
      "y": 8.25,
      "speed": 1.0,
      "dir": -1.3101939350475564,
      "vx": 0.2576626505603315,
      "vy": -0.9662349396012466
    },
    "33": {
      "x": 41.05,
      "y": 6.85,
      "speed": 1.0,
      "dir": -1.2924966677897862,
      "vx": 0.2747211278973771,
      "vy": -0.9615239476408235
    },
    "34": {
      "x": 41.4,
      "y": 5.4,
      "speed": 1.0,
      "dir": -1.3339475658479754,
      "vx": 0.23464053310389782,
      "vy": -0.9720822085732866
    },
    "35": {
      "x": 41.8,
      "y": 4.0,
      "speed": 1.0,
      "dir": -1.2924966677897862,
      "vx": 0.2747211278973771,
      "vy": -0.9615239476408235
    },
    "36": {
      "x": 42.25,
      "y": 2.45,
      "speed": 1.0,
      "dir": -1.2882413743253074,
      "vx": 0.2788101948639571,
      "vy": -0.9603462267536237
    },
    "37": {
      "x": 42.65,
      "y": 1.0499999999999998,
      "speed": 1.0,
      "dir": -1.2924966677897862,
      "vx": 0.2747211278973771,
      "vy": -0.9615239476408235
    },
    "38": {
      "x": 43.05,
      "y": 0.5499999999999998,
      "speed": 1.0,
      "dir": -0.8960553845713457,
      "vx": 0.6246950475544228,
      "vy": -0.7808688094430314
    },
    "39": {
      "x": 43.45,
      "y": 2.05,
      "speed": 1.0,
      "dir": 1.310193935047552,
      "vx": 0.25766265056033577,
      "vy": 0.9662349396012454
    },
    "40": {
      "x": 43.9,
      "y": 3.4000000000000004,
      "speed": 1.0,
      "dir": 1.2490457723982573,
      "vx": 0.3162277660168351,
      "vy": 0.9486832980505148
    },
    "41": {
      "x": 44.25,
      "y": 4.95,
      "speed": 1.0,
      "dir": 1.3487144248894156,
      "vx": 0.22026087143464426,
      "vy": 0.9754410020677063
    },
    "42": {
      "x": 44.65,
      "y": 6.35,
      "speed": 1.0,
      "dir": 1.292496667789786,
      "vx": 0.27472112789737724,
      "vy": 0.9615239476408235
    },
    "43": {
      "x": 45.1,
      "y": 7.800000000000001,
      "speed": 1.0,
      "dir": 1.2698760924344699,
      "vx": 0.2963992148724544,
      "vy": 0.9550641368112367
    },
    "44": {
      "x": 45.5,
      "y": 9.2,
      "speed": 1.0,
      "dir": 1.292496667789786,
      "vx": 0.2747211278973774,
      "vy": 0.9615239476408233
    },
    "45": {
      "x": 45.85,