{
  "barriers": [
    {
      "x": 33.1,
      "y": 51.9,
      "width": 27.9,
      "height": 7.2
    },
    {
      "x": 13.6,
      "y": 9.3,
      "width": 18.8,
      "height": 17.9
    }
  ],
  "occluders": [],
  "step_data": {
    "0": {
      "x": 23.55,
      "y": 31.1,
      "speed": 1.0,
      "dir": 0.0,
      "vx": 0.0,
      "vy": 0.0
    },
    "1": {
      "x": 24.35,
      "y": 29.85,
      "speed": 1.0,
      "dir": -1.0014831356942344,
      "vx": 0.5390536964233676,
      "vy": -0.8422714006615112
    },
    "2": {
      "x": 25.25,
      "y": 28.65,
      "speed": 1.0,
      "dir": -0.9272952180016142,
      "vx": 0.5999999999999984,
      "vy": -0.800000000000001
    },
    "3": {
      "x": 26.2,
      "y": 27.4,
      "speed": 1.0,
      "dir": -0.9209258773829495,
      "vx": 0.6050832675335576,
      "vy": -0.7961621941231027
    },
    "4": {
      "x": 26.95,
      "y": 28.35,
      "speed": 1.0,
      "dir": 0.9025069079643141,
      "vx": 0.6196442885790195,
      "vy": 0.7848827655334271
    },
    "5": {
      "x": 27.85,
      "y": 29.55,
      "speed": 1.0,
      "dir": 0.9272952180016109,
      "vx": 0.6000000000000012,
      "vy": 0.7999999999999993
    },
    "6": {
      "x": 28.8,
      "y": 30.799999999999997,
      "speed": 1.0,
      "dir": 0.9209258773829481,
      "vx": 0.6050832675335587,
      "vy": 0.796162194123102
    },
    "7": {
      "x": 29.7,
      "y": 32.0,
      "speed": 1.0,
      "dir": 0.9272952180016142,
      "vx": 0.5999999999999984,
      "vy": 0.800000000000001
    },
    "8": {
      "x": 30.450000000000003,
      "y": 33.25,
      "speed": 1.0,
      "dir": 1.0303768265243103,
      "vx": 0.5144957554275283,
      "vy": 0.8574929257125431
    },
    "9": {
      "x": 31.299999999999997,
      "y": 34.4,
      "speed": 1.0,
      "dir": 0.9342881110069482,
      "vx": 0.5943910610838038,
      "vy": 0.8041761414663271
    },
    "10": {
      "x": 32.2,
      "y": 35.6,
      "speed": 1.0,
      "dir": 0.9272952180016104,
      "vx": 0.6000000000000014,
      "vy": 0.7999999999999988
    },
    "11": {
      "x": 33.05,
      "y": 36.95,
      "speed": 1.0,
      "dir": 1.008874764538085,
      "vx": 0.5328132696861363,
      "vy": 0.8462328400897524
    },
    "12": {
      "x": 33.95,
      "y": 38.15,
      "speed": 1.0,
      "dir": 0.9272952180016074,
      "vx": 0.6000000000000039,
      "vy": 0.7999999999999972
    },
    "13": {
      "x": 34.8,
      "y": 39.3,
      "speed": 1.0,
      "dir": 0.9342881110069482,
      "vx": 0.5943910610838038,
      "vy": 0.8041761414663271
    },
    "14": {
      "x": 35.75,
      "y": 40.55,
      "speed": 1.0,
      "dir": 0.9209258773829476,
      "vx": 0.605083267533559,
      "vy": 0.7961621941231016
    },
    "15": {
      "x": 36.55,
      "y": 41.75,
      "speed": 1.0,
      "dir": 0.9827937232473318,
      "vx": 0.5547001962252268,
      "vy": 0.8320502943378453
    },
    "16": {
      "x": 37.45,
      "y": 43.05,
      "speed": 1.0,
      "dir": 0.9652516631899226,
      "vx": 0.5692099788303115,
      "vy": 0.8221921916437763
    },
    "17": {
      "x": 38.4,
      "y": 44.3,
      "speed": 1.0,
      "dir": 0.9209258773829513,
      "vx": 0.6050832675335561,
      "vy": 0.7961621941231039
    },
    "18": {
      "x": 39.15,
      "y": 45.45,
      "speed": 1.0,
      "dir": 0.9928943898326533,
      "vx": 0.5462677805469204,
      "vy": 0.8376105968386155
    },
    "19": {
      "x": 40.0,
      "y": 46.6,
      "speed": 1.0,
      "dir": 0.9342881110069442,
      "vx": 0.5943910610838069,
      "vy": 0.8041761414663245
    },
    "20": {
      "x": 40.95,
      "y": 47.85,
      "speed": 1.0,
      "dir": 0.9209258773829476,
      "vx": 0.605083267533559,
      "vy": 0.7961621941231016
    },
    "21": {
      "x": 41.85,
      "y": 46.95,
      "speed": 1.0,
      "dir": -0.7853981633974483,
      "vx": 0.7071067811865475,
      "vy": -0.7071067811865475
    },
    "22": {
      "x": 42.6,
      "y": 45.7,
      "speed": 1.0,
      "dir": -1.0303768265243125,
      "vx": 0.5144957554275265,
      "vy": -0.8574929257125442
    },
    "23": {
      "x": 43.55,
      "y": 44.45,
      "speed": 1.0,
      "dir": -0.9209258773829513,
      "vx": 0.6050832675335561,
      "vy": -0.7961621941231039
    },
    "24": {
      "x": 44.45,
      "y": 43.25,
      "speed": 1.0,
      "dir": -0.9272952180016104,
      "vx": 0.6000000000000014,
      "vy": -0.7999999999999988
    },
    "25": {
      "x": 45.25,
      "y": 42.05,
      "speed": 1.0,
      "dir": -0.9827937232473318,
      "vx": 0.5547001962252268,
      "vy": -0.8320502943378453
    },
    "26": {
      "x": 46.15,
      "y": 40.85,
      "speed": 1.0,
      "dir": -0.9272952180016113,
      "vx": 0.6000000000000008,
      "vy": -0.7999999999999994
    },
    "27": {
      "x": 47.05,
      "y": 39.55,
      "speed": 1.0,
      "dir": -0.9652516631899288,
      "vx": 0.5692099788303064,
      "vy": -0.82219219164378
    },
    "28": {
      "x": 47.95,
      "y": 38.35,
      "speed": 1.0,
      "dir": -0.9272952180016074,
      "vx": 0.6000000000000039,
      "vy": -0.7999999999999972
    },
    "29": {
      "x": 48.75,
      "y": 37.15,
      "speed": 1.0,
      "dir": -0.9827937232473318,
      "vx": 0.5547001962252268,
      "vy": -0.8320502943378453
    },
    "30": {
      "x": 49.6,
      "y": 36.0,
      "speed": 1.0,
      "dir": -0.9342881110069442,
      "vx": 0.5943910610838069,
      "vy": -0.8041761414663245
    },
    "31": {
      "x": 50.55,
      "y": 34.75,
      "speed": 1.0,
      "dir": -0.9209258773829513,
      "vx": 0.6050832675335561,
      "vy": -0.7961621941231039
    },
    "32": {
      "x": 51.3,
      "y": 33.4,
      "speed": 1.0,
      "dir": -1.0636978224025602,
      "vx": 0.48564293117863166,
      "vy": -0.8741572761215379
    },
    "33": {
      "x": 52.25,
      "y": 32.25,
      "speed": 1.0,
      "dir": -0.8803498697402025,
      "vx": 0.636881446996293,
      "vy": -0.7709617516270882
    },
    "34": {
      "x": 53.15,
      "y": 31.049999999999997,
      "speed": 1.0,
      "dir": -0.9272952180016142,
      "vx": 0.5999999999999984,
      "vy": -0.800000000000001
    },
    "35": {
      "x": 54.05,
      "y": 29.85,
      "speed": 1.0,
      "dir": -0.9272952180016113,
      "vx": 0.6000000000000008,
      "vy": -0.7999999999999994
    },
    "36": {
      "x": 54.85,
      "y": 28.65,
      "speed": 1.0,
      "dir": -0.9827937232473277,
      "vx": 0.5547001962252303,
      "vy": -0.8320502943378429
    },
    "37": {
      "x": 55.75,
      "y": 27.35,
      "speed": 1.0,
      "dir": -0.9652516631899263,
      "vx": 0.5692099788303084,
      "vy": -0.8221921916437784
    },
    "38": {
      "x": 56.7,
      "y": 26.1,
      "speed": 1.0,
      "dir": -0.9209258773829476,
      "vx": 0.605083267533559,
      "vy": -0.7961621941231016
    },
    "39": {
      "x": 57.6,
      "y": 25.0,
      "speed": 1.0,
      "dir": -0.8850668158886117,
      "vx": 0.6332377902572616,
      "vy": -0.7739572992033219
    },
    "40": {
      "x": 58.35,
      "y": 23.75,
      "speed": 1.0,
      "dir": -1.0303768265243125,
      "vx": 0.5144957554275265,
      "vy": -0.8574929257125442
    },
    "41": {
      "x": 59.2,
      "y": 22.5,
      "speed": 1.0,
      "dir": -0.9736196687022183,
      "vx": 0.5623100214072797,
      "vy": -0.8269265020695277
    },
    "42": {
      "x": 60.15,
      "y": 21.25,
      "speed": 1.0,
      "dir": -0.9209258773829513,
      "vx": 0.6050832675335561,
      "vy": -0.7961621941231039
    },
    "43": {
      "x": 60.95,
      "y": 20.05,
      "speed": 1.0,
      "dir": -0.9827937232473264,
      "vx": 0.5547001962252315,
      "vy": -0.8320502943378423
    },
    "44": {
      "x": 61.9,
      "y": 18.8,
      "speed": 1.0,
      "dir": -0.9209258773829513,
      "vx": 0.6050832675335561,
      "vy": -0.7961621941231039
    },
    "45": {
      "x": 62.75,
      "y": 17.65,