{
  "barriers": [
    {
      "x": 88.5,
      "y": 32.0,
      "width": 7.0,
      "height": 6.1
    }
  ],
  "occluders": [],
  "step_data": {
    "0": {
      "x": 59.55,
      "y": 53.65,
      "speed": 1.0,
      "dir": 0.0,
      "vx": 0.0,
      "vy": 0.0
    },
    "1": {
      "x": 60.45,
      "y": 52.55,
      "speed": 1.0,
      "dir": -0.8850668158886078,
      "vx": 0.6332377902572646,
      "vy": -0.7739572992033195
    },
    "2": {
      "x": 61.35,
      "y": 51.35,
      "speed": 1.0,
      "dir": -0.9272952180016113,
      "vx": 0.6000000000000008,
      "vy": -0.7999999999999994
    },
    "3": {
      "x": 62.25,
      "y": 50.15,
      "speed": 1.0,
      "dir": -0.9272952180016142,
      "vx": 0.5999999999999984,
      "vy": -0.800000000000001
    },
    "4": {
      "x": 63.099999999999994,
      "y": 49.0,
      "speed": 1.0,
      "dir": -0.9342881110069482,
      "vx": 0.5943910610838038,
      "vy": -0.8041761414663271
    },
    "5": {
      "x": 64.05,
      "y": 47.75,
      "speed": 1.0,
      "dir": -0.9209258773829476,
      "vx": 0.605083267533559,
      "vy": -0.7961621941231016
    },
    "6": {
      "x": 64.95,
      "y": 46.55,
      "speed": 1.0,
      "dir": -0.9272952180016104,
      "vx": 0.6000000000000014,
      "vy": -0.7999999999999988
    },
    "7": {
      "x": 65.85,
      "y": 45.35,
      "speed": 1.0,
      "dir": -0.9272952180016151,
      "vx": 0.5999999999999978,
      "vy": -0.8000000000000017
    },
    "8": {
      "x": 66.75,
      "y": 44.15,
      "speed": 1.0,
      "dir": -0.9272952180016104,
      "vx": 0.6000000000000014,
      "vy": -0.7999999999999988
    },
    "9": {
      "x": 67.65,
      "y": 42.95,
      "speed": 1.0,
      "dir": -0.9272952180016074,
      "vx": 0.6000000000000039,
      "vy": -0.7999999999999972
    },
    "10": {
      "x": 68.55,
      "y": 41.75,
      "speed": 1.0,
      "dir": -0.927295218001618,
      "vx": 0.5999999999999954,
      "vy": -0.8000000000000035
    },
    "11": {
      "x": 69.5,
      "y": 40.55,
      "speed": 1.0,
      "dir": -0.9011573811182587,
      "vx": 0.6207029443655614,
      "vy": -0.7840458244617613
    },
    "12": {
      "x": 70.45,
      "y": 39.35,
      "speed": 1.0,
      "dir": -0.9011573811182558,
      "vx": 0.6207029443655636,
      "vy": -0.7840458244617593
    },
    "13": {
      "x": 71.3,
      "y": 38.1,
      "speed": 1.0,
      "dir": -0.9736196687022223,
      "vx": 0.5623100214072765,
      "vy": -0.8269265020695299
    },
    "14": {
      "x": 72.25,
      "y": 36.95,
      "speed": 1.0,
      "dir": -0.8803498697402025,
      "vx": 0.636881446996293,
      "vy": -0.7709617516270882
    },
    "15": {
      "x": 73.1,
      "y": 35.8,
      "speed": 1.0,
      "dir": -0.9342881110069512,
      "vx": 0.5943910610838012,
      "vy": -0.8041761414663288
    },
    "16": {
      "x": 74.05,
      "y": 34.65,
      "speed": 1.0,
      "dir": -0.8803498697402025,
      "vx": 0.636881446996293,
      "vy": -0.7709617516270882
    },
    "17": {
      "x": 74.95,
      "y": 33.45,
      "speed": 1.0,
      "dir": -0.9272952180016074,
      "vx": 0.6000000000000039,
      "vy": -0.7999999999999972
    },
    "18": {
      "x": 75.9,
      "y": 32.2,
      "speed": 1.0,
      "dir": -0.9209258773829476,
      "vx": 0.605083267533559,
      "vy": -0.7961621941231016
    },
    "19": {
      "x": 76.75,
      "y": 31.049999999999997,
      "speed": 1.0,
      "dir": -0.9342881110069512,
      "vx": 0.5943910610838012,
      "vy": -0.8041761414663288
    },
    "20": {
      "x": 77.65,
      "y": 29.85,
      "speed": 1.0,
      "dir": -0.9272952180016074,
      "vx": 0.6000000000000039,
      "vy": -0.7999999999999972
    },
    "21": {
      "x": 78.5,
      "y": 28.7,
      "speed": 1.0,
      "dir": -0.9342881110069496,
      "vx": 0.5943910610838025,
      "vy": -0.8041761414663279
    },
    "22": {
      "x": 79.45,
      "y": 27.45,
      "speed": 1.0,
      "dir": -0.9209258773829476,
      "vx": 0.605083267533559,
      "vy": -0.7961621941231016
    },
    "23": {
      "x": 80.45,
      "y": 26.25,
      "speed": 1.0,
      "dir": -0.8760580505981931,
      "vx": 0.6401843996644802,
      "vy": -0.7682212795973756
    },
    "24": {
      "x": 81.35,
      "y": 25.05,
      "speed": 1.0,
      "dir": -0.9272952180016165,
      "vx": 0.5999999999999966,
      "vy": -0.8000000000000026
    },
    "25": {
      "x": 82.3,
      "y": 23.85,
      "speed": 1.0,
      "dir": -0.9011573811182573,
      "vx": 0.6207029443655625,
      "vy": -0.7840458244617604
    },
    "26": {
      "x": 83.15,
      "y": 22.65,
      "speed": 1.0,
      "dir": -0.9544993893988217,
      "vx": 0.578017340780342,
      "vy": -0.816024481101653
    },
    "27": {
      "x": 84.1,
      "y": 21.5,
      "speed": 1.0,
      "dir": -0.8803498697402099,
      "vx": 0.6368814469962873,
      "vy": -0.7709617516270929
    },
    "28": {
      "x": 84.9,
      "y": 20.25,
      "speed": 1.0,
      "dir": -1.0014831356942282,
      "vx": 0.5390536964233728,
      "vy": -0.8422714006615079
    },
    "29": {
      "x": 85.85,
      "y": 19.05,
      "speed": 1.0,
      "dir": -0.9011573811182646,
      "vx": 0.6207029443655567,
      "vy": -0.7840458244617649
    },
    "30": {
      "x": 86.75,
      "y": 17.95,
      "speed": 1.0,
      "dir": -0.8850668158886078,
      "vx": 0.6332377902572646,
      "vy": -0.7739572992033195
    },
    "31": {
      "x": 87.6,
      "y": 16.8,
      "speed": 1.0,
      "dir": -0.9342881110069482,
      "vx": 0.5943910610838038,
      "vy": -0.8041761414663271
    },
    "32": {
      "x": 88.55,
      "y": 15.55,
      "speed": 1.0,
      "dir": -0.9209258773829476,
      "vx": 0.605083267533559,
      "vy": -0.7961621941231016
    },
    "33": {
      "x": 89.45,
      "y": 14.350000000000001,
      "speed": 1.0,
      "dir": -0.9272952180016089,
      "vx": 0.6000000000000028,
      "vy": -0.799999999999998
    },
    "34": {
      "x": 90.45,
      "y": 13.15,
      "speed": 1.0,
      "dir": -0.8760580505981939,
      "vx": 0.6401843996644796,
      "vy": -0.7682212795973762
    },
    "35": {
      "x": 91.35,
      "y": 11.95,
      "speed": 1.0,
      "dir": -0.9272952180016172,
      "vx": 0.599999999999996,
      "vy": -0.8000000000000029
    },
    "36": {
      "x": 92.25,
      "y": 10.75,
      "speed": 1.0,
      "dir": -0.9272952180016089,
      "vx": 0.6000000000000028,
      "vy": -0.799999999999998
    },
    "37": {
      "x": 93.15,
      "y": 9.55,
      "speed": 1.0,
      "dir": -0.9272952180016089,
      "vx": 0.6000000000000028,
      "vy": -0.799999999999998
    },
    "38": {
      "x": 94.05,
      "y": 8.35,
      "speed": 1.0,
      "dir": -0.9272952180016172,
      "vx": 0.599999999999996,
      "vy": -0.8000000000000029
    },
    "39": {
      "x": 94.95,
      "y": 7.15,
      "speed": 1.0,
      "dir": -0.9272952180016089,
      "vx": 0.6000000000000028,
      "vy": -0.799999999999998
    },
    "40": {
      "x": 95.85,
      "y": 5.95,
      "speed": 1.0,
      "dir": -0.9272952180016168,
      "vx": 0.5999999999999963,
      "vy": -0.8000000000000027
    },
    "41": {
      "x": 95.05,
      "y": 4.75,
      "speed": 1.0,
      "dir": -2.1587989303424626,
      "vx": -0.5547001962252277,
      "vy": -0.8320502943378446
    },
    "42": {
      "x": 94.2,
      "y": 3.5999999999999996,
      "speed": 1.0,
      "dir": -2.207304542582844,
      "vx": -0.594391061083803,
      "vy": -0.8041761414663274
    },
    "43": {
      "x": 93.3,
      "y": 2.4000000000000004,
      "speed": 1.0,
      "dir": -2.2142974355881844,
      "vx": -0.6000000000000028,
      "vy": -0.799999999999998
    },
    "44": {
      "x": 92.35,
      "y": 1.15,
      "speed": 1.0,
      "dir": -2.2206667762068455,
      "vx": -0.6050832675335589,
      "vy": -0.7961621941231017
    },
    "45": {
      "x": 91.45,
      "y": 0.1499999999999999,
      "speed": 1.0,