{
  "barriers": [
    {
      "x": 13.8,
      "y": 4.3,
      "width": 21.2,
      "height": 9.0
    }
  ],
  "occluders": [],
  "step_data": {
    "0": {
      "x": 55.9,
      "y": 28.85,
      "speed": 1.0,
      "dir": 0.0,
      "vx": 0.0,
      "vy": 0.0
    },
    "1": {
      "x": 57.15,
      "y": 28.05,
      "speed": 1.0,
      "dir": -0.5693131911006623,
      "vx": 0.8422714006615112,
      "vy": -0.5390536964233676
    },
    "2": {
      "x": 58.35,
      "y": 27.25,
      "speed": 1.0,
      "dir": -0.5880026035475668,
      "vx": 0.832050294337844,
      "vy": -0.5547001962252285
    },
    "3": {
      "x": 59.6,
      "y": 26.4,
      "speed": 1.0,
      "dir": -0.5971766580926783,
      "vx": 0.8269265020695277,
      "vy": -0.5623100214072797
    },
    "4": {
      "x": 60.85,
      "y": 25.55,
      "speed": 1.0,
      "dir": -0.5971766580926764,
      "vx": 0.8269265020695287,
      "vy": -0.5623100214072781
    },
    "5": {
      "x": 62.150000000000006,
      "y": 24.75,
      "speed": 1.0,
      "dir": -0.5516549825285458,
      "vx": 0.8516583167045444,
      "vy": -0.5240974256643338
    },
    "6": {
      "x": 63.349999999999994,
      "y": 23.85,
      "speed": 1.0,
      "dir": -0.6435011087932881,
      "vx": 0.7999999999999977,
      "vy": -0.600000000000003
    },
    "7": {
      "x": 64.7,
      "y": 23.1,
      "speed": 1.0,
      "dir": -0.5070985043923343,
      "vx": 0.8741572761215392,
      "vy": -0.4856429311786298
    },
    "8": {
      "x": 65.8,
      "y": 22.3,
      "speed": 1.0,
      "dir": -0.6287962864154358,
      "vx": 0.8087360843031869,
      "vy": -0.5881716976750486
    },
    "9": {
      "x": 67.15,
      "y": 21.35,
      "speed": 1.0,
      "dir": -0.613207348874506,
      "vx": 0.8178064193007685,
      "vy": -0.5754934061746108
    },
    "10": {
      "x": 68.35,
      "y": 20.55,
      "speed": 1.0,
      "dir": -0.5880026035475724,
      "vx": 0.8320502943378411,
      "vy": -0.5547001962252331
    },
    "11": {
      "x": 69.55,
      "y": 19.65,
      "speed": 1.0,
      "dir": -0.6435011087932844,
      "vx": 0.8,
      "vy": -0.6
    },
    "12": {
      "x": 70.8,
      "y": 18.85,
      "speed": 1.0,
      "dir": -0.5693131911006603,
      "vx": 0.8422714006615123,
      "vy": -0.5390536964233659
    },
    "13": {
      "x": 72.0,
      "y": 18.0,
      "speed": 1.0,
      "dir": -0.6162969373960709,
      "vx": 0.8160244811016553,
      "vy": -0.5780173407803387
    },
    "14": {
      "x": 73.3,
      "y": 17.2,
      "speed": 1.0,
      "dir": -0.5516549825285483,
      "vx": 0.8516583167045433,
      "vy": -0.5240974256643359
    },
    "15": {
      "x": 74.55,
      "y": 16.35,
      "speed": 1.0,
      "dir": -0.5971766580926764,
      "vx": 0.8269265020695287,
      "vy": -0.5623100214072781
    },
    "16": {
      "x": 75.85,
      "y": 15.55,
      "speed": 1.0,
      "dir": -0.5516549825285483,
      "vx": 0.8516583167045433,
      "vy": -0.5240974256643359
    },
    "17": {
      "x": 77.05,
      "y": 14.649999999999999,
      "speed": 1.0,
      "dir": -0.6435011087932844,
      "vx": 0.8,
      "vy": -0.6
    },
    "18": {
      "x": 78.4,
      "y": 13.9,
      "speed": 1.0,
      "dir": -0.5070985043923333,
      "vx": 0.8741572761215395,
      "vy": -0.4856429311786289
    },
    "19": {
      "x": 79.55,
      "y": 12.95,
      "speed": 1.0,
      "dir": -0.6904464570546962,
      "vx": 0.770961751627087,
      "vy": -0.6368814469962947
    },
    "20": {
      "x": 80.75,
      "y": 12.15,
      "speed": 1.0,
      "dir": -0.5880026035475658,
      "vx": 0.8320502943378446,
      "vy": -0.5547001962252277
    },
    "21": {
      "x": 82.05,
      "y": 11.35,
      "speed": 1.0,
      "dir": -0.5516549825285483,
      "vx": 0.8516583167045433,
      "vy": -0.5240974256643359
    },
    "22": {
      "x": 83.25,
      "y": 10.5,
      "speed": 1.0,
      "dir": -0.6162969373960699,
      "vx": 0.8160244811016559,
      "vy": -0.578017340780338
    },
    "23": {
      "x": 84.55,
      "y": 9.65,
      "speed": 1.0,
      "dir": -0.5790742693677315,
      "vx": 0.8369696139735452,
      "vy": -0.5472493629827035
    },
    "24": {
      "x": 85.75,
      "y": 8.85,
      "speed": 1.0,
      "dir": -0.5880026035475668,
      "vx": 0.832050294337844,
      "vy": -0.5547001962252285
    },
    "25": {
      "x": 87.05,
      "y": 7.949999999999999,
      "speed": 1.0,
      "dir": -0.6055446636049713,
      "vx": 0.822192191643778,
      "vy": -0.5692099788303093
    },
    "26": {
      "x": 88.25,
      "y": 7.15,
      "speed": 1.0,
      "dir": -0.5880026035475658,
      "vx": 0.8320502943378446,
      "vy": -0.5547001962252277
    },
    "27": {
      "x": 89.6,
      "y": 6.199999999999999,
      "speed": 1.0,
      "dir": -0.6132073488745118,
      "vx": 0.8178064193007651,
      "vy": -0.5754934061746155
    },
    "28": {
      "x": 90.8,
      "y": 5.4,
      "speed": 1.0,
      "dir": -0.5880026035475658,
      "vx": 0.8320502943378446,
      "vy": -0.5547001962252277
    },
    "29": {
      "x": 92.0,
      "y": 4.6,
      "speed": 1.0,
      "dir": -0.5880026035475668,
      "vx": 0.832050294337844,
      "vy": -0.5547001962252285
    },
    "30": {
      "x": 93.25,
      "y": 3.75,
      "speed": 1.0,
      "dir": -0.5971766580926773,
      "vx": 0.8269265020695282,
      "vy": -0.5623100214072789
    },
    "31": {
      "x": 94.45,
      "y": 2.95,
      "speed": 1.0,
      "dir": -0.5880026035475663,
      "vx": 0.8320502943378444,
      "vy": -0.5547001962252281
    },
    "32": {
      "x": 95.75,
      "y": 2.1500000000000004,
      "speed": 1.0,
      "dir": -0.5516549825285477,
      "vx": 0.8516583167045435,
      "vy": -0.5240974256643354
    },
    "33": {
      "x": 94.8,
      "y": 1.2000000000000002,
      "speed": 1.0,
      "dir": -2.356194490192346,
      "vx": -0.7071067811865486,
      "vy": -0.7071067811865466
    },
    "34": {
      "x": 93.55,
      "y": 0.4500000000000002,
      "speed": 1.0,
      "dir": -2.601173153319209,
      "vx": -0.8574929257125442,
      "vy": -0.5144957554275265
    },
    "35": {
      "x": 92.35,
      "y": 0.5499999999999998,
      "speed": 1.0,
      "dir": 3.0584514217013523,
      "vx": -0.9965457582448797,
      "vy": 0.08304547985373947
    },
    "36": {
      "x": 91.15,
      "y": 1.4500000000000002,
      "speed": 1.0,
      "dir": 2.498091544796504,
      "vx": -0.7999999999999973,
      "vy": 0.6000000000000039
    },
    "37": {
      "x": 89.8,
      "y": 2.25,
      "speed": 1.0,
      "dir": 2.6066375798037,
      "vx": -0.8602915336341758,
      "vy": 0.5098023903017305
    },
    "38": {
      "x": 88.65,
      "y": 3.05,
      "speed": 1.0,
      "dir": 2.5337906574758295,
      "vx": -0.8209052017854853,
      "vy": 0.5710644881986026
    },
    "39": {
      "x": 87.4,
      "y": 3.95,
      "speed": 1.0,
      "dir": 2.517569600613036,
      "vx": -0.8115343414514943,
      "vy": 0.5843047258450761
    },
    "40": {
      "x": 86.2,
      "y": 4.8,
      "speed": 1.0,
      "dir": 2.5252957161937233,
      "vx": -0.8160244811016559,
      "vy": 0.578017340780338
    },
    "41": {
      "x": 84.9,
      "y": 5.6,
      "speed": 1.0,
      "dir": 2.5899376710612456,
      "vx": -0.8516583167045435,
      "vy": 0.5240974256643354
    },
    "42": {
      "x": 83.65,
      "y": 6.4,
      "speed": 1.0,
      "dir": 2.572279462489131,
      "vx": -0.8422714006615112,
      "vy": 0.5390536964233676
    },
    "43": {
      "x": 82.3,
      "y": 7.300000000000001,
      "speed": 1.0,
      "dir": 2.5535900500422284,
      "vx": -0.8320502943378453,
      "vy": 0.5547001962252269
    },
    "44": {
      "x": 81.15,
      "y": 8.15,
      "speed": 1.0,
      "dir": 2.505084437801839,
      "vx": -0.8041761414663235,
      "vy": 0.5943910610838085
    },
    "45": {
      "x": 79.85,
      "y": 8.95,
      "speed": 1.0,
      "dir": 2.589937671061251,