{
  "barriers": [
    {
      "x": 46.1,
      "y": 41.8,
      "width": 27.9,
      "height": 10.3
    },
    {
      "x": 35.6,
      "y": 17.9,
      "width": 9.9,
      "height": 23.6
    }
  ],
  "occluders": [],
  "step_data": {
    "0": {
      "x": 2.75,
      "y": 11.4,
      "speed": 1.0,
      "dir": 0.0,
      "vx": 0.0,
      "vy": 0.0
    },
    "1": {
      "x": 2.8499999999999996,
      "y": 10.05,
      "speed": 1.0,
      "dir": -1.4968572891369565,
      "vx": 0.07387168551531154,
      "vy": -0.9972677544567091
    },
    "2": {
      "x": 3.05,
      "y": 8.55,
      "speed": 1.0,
      "dir": -1.4382447944982224,
      "vx": 0.1321637200910181,
      "vy": -0.9912279006826347
    },
    "3": {
      "x": 3.2,
      "y": 7.0,
      "speed": 1.0,
      "dir": -1.4743225516123095,
      "vx": 0.09632419486019052,
      "vy": -0.9953500135553001
    },
    "4": {
      "x": 3.3499999999999996,
      "y": 5.55,
      "speed": 1.0,
      "dir": -1.4677147182721968,
      "vx": 0.10289915108550492,
      "vy": -0.9946917938265513
    },
    "5": {
      "x": 3.5,
      "y": 4.1,
      "speed": 1.0,
      "dir": -1.4677147182721961,
      "vx": 0.10289915108550554,
      "vy": -0.9946917938265513
    },
    "6": {
      "x": 3.75,
      "y": 2.55,
      "speed": 1.0,
      "dir": -1.4108832036366774,
      "vx": 0.15923243882462051,
      "vy": -0.9872411207126471
    },
    "7": {
      "x": 3.9000000000000004,
      "y": 1.1,
      "speed": 1.0,
      "dir": -1.4677147182721961,
      "vx": 0.10289915108550557,
      "vy": -0.9946917938265513
    },
    "8": {
      "x": 4.05,
      "y": 0.5499999999999998,
      "speed": 1.0,
      "dir": -1.3045442776439724,
      "vx": 0.2631174057921078,
      "vy": -0.9647638212377324
    },
    "9": {
      "x": 4.25,
      "y": 2.05,
      "speed": 1.0,
      "dir": 1.4382447944982224,
      "vx": 0.1321637200910181,
      "vy": 0.9912279006826347
    },
    "10": {
      "x": 4.35,
      "y": 3.55,
      "speed": 1.0,
      "dir": 1.504228163019073,
      "vx": 0.0665190105237737,
      "vy": 0.997785157856609
    },
    "11": {
      "x": 4.55,
      "y": 5.05,
      "speed": 1.0,
      "dir": 1.4382447944982224,
      "vx": 0.1321637200910181,
      "vy": 0.9912279006826347
    },
    "12": {
      "x": 4.75,
      "y": 6.550000000000001,
      "speed": 1.0,
      "dir": 1.4382447944982226,
      "vx": 0.132163720091018,
      "vy": 0.9912279006826347
    },
    "13": {
      "x": 4.8,
      "y": 8.1,
      "speed": 1.0,
      "dir": 1.5385494443596428,
      "vx": 0.032241294010957953,
      "vy": 0.9994801143396996
    },
    "14": {
      "x": 5.05,
      "y": 9.55,
      "speed": 1.0,
      "dir": 1.4000611153196139,
      "vx": 0.16990691650764608,
      "vy": 0.985460115744348
    },
    "15": {
      "x": 5.25,
      "y": 11.05,
      "speed": 1.0,
      "dir": 1.4382447944982224,
      "vx": 0.1321637200910181,
      "vy": 0.9912279006826347
    },
    "16": {
      "x": 5.45,
      "y": 12.55,
      "speed": 1.0,
      "dir": 1.4382447944982224,
      "vx": 0.1321637200910181,
      "vy": 0.9912279006826347
    },
    "17": {
      "x": 5.5,
      "y": 14.0,
      "speed": 1.0,
      "dir": 1.5363272257953886,
      "vx": 0.03446227583977877,
      "vy": 0.9994059993535875
    },
    "18": {
      "x": 5.75,
      "y": 15.45,
      "speed": 1.0,
      "dir": 1.4000611153196136,
      "vx": 0.16990691650764628,
      "vy": 0.985460115744348
    },
    "19": {
      "x": 5.95,
      "y": 16.95,
      "speed": 1.0,
      "dir": 1.4382447944982224,
      "vx": 0.1321637200910181,
      "vy": 0.9912279006826347
    },
    "20": {
      "x": 6.1,
      "y": 18.45,
      "speed": 1.0,
      "dir": 1.471127674303735,
      "vx": 0.09950371902099857,
      "vy": 0.9950371902099892
    },
    "21": {
      "x": 6.199999999999999,
      "y": 19.9,
      "speed": 1.0,
      "dir": 1.5019398374938522,
      "vx": 0.06880209161537792,
      "vy": 0.9976303284229832
    },
    "22": {
      "x": 6.4,
      "y": 21.4,
      "speed": 1.0,
      "dir": 1.438244794498222,
      "vx": 0.13216372009101865,
      "vy": 0.9912279006826346
    },
    "23": {
      "x": 6.5,
      "y": 22.9,
      "speed": 1.0,
      "dir": 1.504228163019073,
      "vx": 0.0665190105237737,
      "vy": 0.997785157856609
    },
    "24": {
      "x": 6.75,
      "y": 24.45,
      "speed": 1.0,
      "dir": 1.4108832036366774,
      "vx": 0.15923243882462043,
      "vy": 0.9872411207126471
    },
    "25": {
      "x": 6.949999999999999,
      "y": 25.95,
      "speed": 1.0,
      "dir": 1.438244794498223,
      "vx": 0.13216372009101748,
      "vy": 0.9912279006826347
    },
    "26": {
      "x": 7.1,
      "y": 27.5,
      "speed": 1.0,
      "dir": 1.4743225516123095,
      "vx": 0.09632419486019052,
      "vy": 0.9953500135553001
    },
    "27": {
      "x": 7.25,
      "y": 28.95,
      "speed": 1.0,
      "dir": 1.4677147182721961,
      "vx": 0.1028991510855056,
      "vy": 0.9946917938265513
    },
    "28": {
      "x": 7.449999999999999,
      "y": 30.35,
      "speed": 1.0,
      "dir": 1.4288992721907334,
      "vx": 0.14142135623730878,
      "vy": 0.9899494936611666
    },
    "29": {
      "x": 7.550000000000001,
      "y": 31.85,
      "speed": 1.0,
      "dir": 1.504228163019072,
      "vx": 0.06651901052377487,
      "vy": 0.9977851578566089
    },
    "30": {
      "x": 7.75,
      "y": 33.35,
      "speed": 1.0,
      "dir": 1.438244794498223,
      "vx": 0.13216372009101748,
      "vy": 0.9912279006826347
    },
    "31": {
      "x": 7.949999999999999,
      "y": 34.85,
      "speed": 1.0,
      "dir": 1.438244794498223,
      "vx": 0.13216372009101748,
      "vy": 0.9912279006826347
    },
    "32": {
      "x": 8.15,
      "y": 36.35,
      "speed": 1.0,
      "dir": 1.438244794498222,
      "vx": 0.13216372009101865,
      "vy": 0.9912279006826346
    },
    "33": {
      "x": 8.25,
      "y": 37.85,
      "speed": 1.0,
      "dir": 1.504228163019073,
      "vx": 0.0665190105237737,
      "vy": 0.997785157856609
    },
    "34": {
      "x": 8.5,
      "y": 39.3,
      "speed": 1.0,
      "dir": 1.4000611153196134,
      "vx": 0.1699069165076467,
      "vy": 0.985460115744348
    },
    "35": {
      "x": 8.65,
      "y": 40.85,
      "speed": 1.0,
      "dir": 1.4743225516123097,
      "vx": 0.0963241948601903,
      "vy": 0.9953500135553001
    },
    "36": {
      "x": 8.75,
      "y": 42.35,
      "speed": 1.0,
      "dir": 1.504228163019073,
      "vx": 0.0665190105237737,
      "vy": 0.997785157856609
    },
    "37": {
      "x": 8.95,
      "y": 43.85,
      "speed": 1.0,
      "dir": 1.438244794498223,
      "vx": 0.13216372009101748,
      "vy": 0.9912279006826347
    },
    "38": {
      "x": 9.1,
      "y": 45.3,
      "speed": 1.0,
      "dir": 1.467714718272196,
      "vx": 0.10289915108550586,
      "vy": 0.9946917938265513
    },
    "39": {
      "x": 9.25,
      "y": 46.75,
      "speed": 1.0,
      "dir": 1.4677147182721964,
      "vx": 0.10289915108550536,
      "vy": 0.9946917938265513
    },
    "40": {
      "x": 9.4,
      "y": 48.3,
      "speed": 1.0,
      "dir": 1.4743225516123093,
      "vx": 0.09632419486019074,
      "vy": 0.9953500135553001
    },
    "41": {
      "x": 9.65,
      "y": 49.75,
      "speed": 1.0,
      "dir": 1.400061115319614,
      "vx": 0.1699069165076459,
      "vy": 0.985460115744348
    },
    "42": {
      "x": 9.7,
      "y": 51.3,
      "speed": 1.0,
      "dir": 1.5385494443596432,
      "vx": 0.03224129401095742,
      "vy": 0.9994801143396995
    },
    "43": {
      "x": 9.95,
      "y": 52.75,
      "speed": 1.0,
      "dir": 1.400061115319614,
      "vx": 0.1699069165076459,
      "vy": 0.985460115744348
    },
    "44": {
      "x": 10.15,
      "y": 54.25,
      "speed": 1.0,
      "dir": 1.438244794498222,
      "vx": 0.13216372009101865,
      "vy": 0.9912279006826346
    },
    "45": {
      "x": 10.25,
      "y": 55.75,