{
  "barriers": [
    {
      "x": 25.0,
      "y": 12.1,
      "width": 21.5,
      "height": 15.4
    },
    {
      "x": 51.5,
      "y": 21.2,
      "width": 7.1,
      "height": 7.0
    },
    {
      "x": 76.5,
      "y": 37.7,
      "width": 5.8,
      "height": 16.5
    }
  ],
  "occluders": [],
  "step_data": {
    "0": {
      "x": 14.7,
      "y": 22.3,
      "speed": 1.0,
      "dir": 0.0,
      "vx": 0.0,
      "vy": 0.0
    },
    "1": {
      "x": 16.0,
      "y": 21.8,
      "speed": 1.0,
      "dir": -0.36717383381821905,
      "vx": 0.9333456062030597,
      "vy": -0.35897907930886896
    },
    "2": {
      "x": 17.25,
      "y": 21.05,
      "speed": 1.0,
      "dir": -0.540419500270584,
      "vx": 0.8574929257125442,
      "vy": -0.5144957554275265
    },
    "3": {
      "x": 18.55,
      "y": 20.35,
      "speed": 1.0,
      "dir": -0.49394136891958057,
      "vx": 0.8804710999221754,
      "vy": -0.47409982303501685
    },
    "4": {
      "x": 19.95,
      "y": 19.65,
      "speed": 1.0,
      "dir": -0.46364760900080815,
      "vx": 0.8944271909999149,
      "vy": -0.4472135954999597
    },
    "5": {
      "x": 20.55,
      "y": 18.95,
      "speed": 1.0,
      "dir": -0.8621700546672246,
      "vx": 0.6507913734559698,
      "vy": -0.7592566023652955
    },
    "6": {
      "x": 19.2,
      "y": 18.2,
      "speed": 1.0,
      "dir": -2.6344941491974567,
      "vx": -0.8741572761215379,
      "vy": -0.48564293117863166
    },
    "7": {
      "x": 17.95,
      "y": 17.55,
      "speed": 1.0,
      "dir": -2.662073361597198,
      "vx": -0.8872168012345956,
      "vy": -0.46135273664198867
    },
    "8": {
      "x": 16.7,
      "y": 16.9,
      "speed": 1.0,
      "dir": -2.6620733615971957,
      "vx": -0.8872168012345945,
      "vy": -0.4613527366419906
    },
    "9": {
      "x": 15.25,
      "y": 16.15,
      "speed": 1.0,
      "dir": -2.664247271216121,
      "vx": -0.8882176431559488,
      "vy": -0.45942291887376674
    },
    "10": {
      "x": 13.9,
      "y": 15.5,
      "speed": 1.0,
      "dir": -2.692869309579073,
      "vx": -0.9010016697591002,
      "vy": -0.43381561877289926
    },
    "11": {
      "x": 12.65,
      "y": 14.75,
      "speed": 1.0,
      "dir": -2.601173153319209,
      "vx": -0.8574929257125442,
      "vy": -0.5144957554275265
    },
    "12": {
      "x": 11.35,
      "y": 14.05,
      "speed": 1.0,
      "dir": -2.6476512846702125,
      "vx": -0.8804710999221754,
      "vy": -0.47409982303501685
    },
    "13": {
      "x": 9.95,
      "y": 13.35,
      "speed": 1.0,
      "dir": -2.6779450445889865,
      "vx": -0.8944271909999156,
      "vy": -0.4472135954999584
    },
    "14": {
      "x": 8.7,
      "y": 12.6,
      "speed": 1.0,
      "dir": -2.601173153319209,
      "vx": -0.8574929257125442,
      "vy": -0.5144957554275265
    },
    "15": {
      "x": 7.35,
      "y": 11.9,
      "speed": 1.0,
      "dir": -2.663240222211136,
      "vx": -0.8877545314489296,
      "vy": -0.46031716445500015
    },
    "16": {
      "x": 6.050000000000001,
      "y": 11.25,
      "speed": 1.0,
      "dir": -2.6779450445889865,
      "vx": -0.8944271909999157,
      "vy": -0.4472135954999584
    },
    "17": {
      "x": 4.6,
      "y": 10.6,
      "speed": 1.0,
      "dir": -2.720173446701989,
      "vx": -0.9125093245149514,
      "vy": -0.40905590409290915
    },
    "18": {
      "x": 3.3,
      "y": 9.9,
      "speed": 1.0,
      "dir": -2.6476512846702125,
      "vx": -0.8804710999221754,
      "vy": -0.47409982303501713
    },
    "19": {
      "x": 2.05,
      "y": 9.15,
      "speed": 1.0,
      "dir": -2.601173153319209,
      "vx": -0.8574929257125442,
      "vy": -0.5144957554275265
    },
    "20": {
      "x": 0.7000000000000002,
      "y": 8.4,
      "speed": 1.0,
      "dir": -2.6344941491974563,
      "vx": -0.8741572761215378,
      "vy": -0.4856429311786322
    },
    "21": {
      "x": 0.4500000000000002,
      "y": 7.75,
      "speed": 1.0,
      "dir": -1.9379701606131157,
      "vx": -0.35897907930886896,
      "vy": -0.9333456062030597
    },
    "22": {
      "x": 1.7000000000000002,
      "y": 7.1,
      "speed": 1.0,
      "dir": -0.47951929199259635,
      "vx": 0.887216801234595,
      "vy": -0.4613527366419896
    },
    "23": {
      "x": 3.05,
      "y": 6.35,
      "speed": 1.0,
      "dir": -0.5070985043923371,
      "vx": 0.8741572761215378,
      "vy": -0.4856429311786322
    },
    "24": {
      "x": 4.45,
      "y": 5.65,
      "speed": 1.0,
      "dir": -0.46364760900080565,
      "vx": 0.8944271909999161,
      "vy": -0.4472135954999575
    },
    "25": {
      "x": 5.7,
      "y": 4.9,
      "speed": 1.0,
      "dir": -0.540419500270584,
      "vx": 0.8574929257125442,
      "vy": -0.5144957554275265
    },
    "26": {
      "x": 7.1,
      "y": 4.3,
      "speed": 1.0,
      "dir": -0.4048917862850839,
      "vx": 0.9191450300180578,
      "vy": -0.39391929857916813
    },
    "27": {
      "x": 8.35,
      "y": 3.55,
      "speed": 1.0,
      "dir": -0.540419500270584,
      "vx": 0.8574929257125442,
      "vy": -0.5144957554275265
    },
    "28": {
      "x": 9.7,
      "y": 2.9000000000000004,
      "speed": 1.0,
      "dir": -0.4487233440107209,
      "vx": 0.9010016697591,
      "vy": -0.4338156187728997
    },
    "29": {
      "x": 11.05,
      "y": 2.1500000000000004,
      "speed": 1.0,
      "dir": -0.5070985043923365,
      "vx": 0.8741572761215379,
      "vy": -0.48564293117863166
    },
    "30": {
      "x": 12.35,
      "y": 1.4500000000000002,
      "speed": 1.0,
      "dir": -0.4939413689195816,
      "vx": 0.8804710999221751,
      "vy": -0.47409982303501785
    },
    "31": {
      "x": 13.7,
      "y": 0.7000000000000002,
      "speed": 1.0,
      "dir": -0.5070985043923371,
      "vx": 0.8741572761215378,
      "vy": -0.4856429311786322
    },
    "32": {
      "x": 15.05,
      "y": 0.1499999999999999,
      "speed": 1.0,
      "dir": -0.38687571773102786,
      "vx": 0.9260923597695477,
      "vy": -0.37729688731351924
    },
    "33": {
      "x": 16.3,
      "y": 0.8999999999999999,
      "speed": 1.0,
      "dir": 0.540419500270584,
      "vx": 0.8574929257125442,
      "vy": 0.5144957554275265
    },
    "34": {
      "x": 17.65,
      "y": 1.5499999999999998,
      "speed": 1.0,
      "dir": 0.4487233440107217,
      "vx": 0.9010016697590996,
      "vy": 0.4338156187729004
    },
    "35": {
      "x": 19.0,
      "y": 2.25,
      "speed": 1.0,
      "dir": 0.4783524313786572,
      "vx": 0.8877545314489295,
      "vy": 0.4603171644550001
    },
    "36": {
      "x": 20.35,
      "y": 2.95,
      "speed": 1.0,
      "dir": 0.4783524313786572,
      "vx": 0.8877545314489295,
      "vy": 0.4603171644550001
    },
    "37": {
      "x": 21.7,
      "y": 3.5999999999999996,
      "speed": 1.0,
      "dir": 0.44872334401072145,
      "vx": 0.9010016697590996,
      "vy": 0.43381561877290015
    },
    "38": {
      "x": 23.0,
      "y": 4.4,
      "speed": 1.0,
      "dir": 0.551654982528547,
      "vx": 0.8516583167045438,
      "vy": 0.5240974256643349
    },
    "39": {
      "x": 24.35,
      "y": 5.05,
      "speed": 1.0,
      "dir": 0.4487233440107204,
      "vx": 0.9010016697591001,
      "vy": 0.43381561877289926
    },
    "40": {
      "x": 25.65,
      "y": 5.75,
      "speed": 1.0,
      "dir": 0.4939413689195822,
      "vx": 0.8804710999221748,
      "vy": 0.4740998230350183
    },
    "41": {
      "x": 26.95,
      "y": 6.449999999999999,
      "speed": 1.0,
      "dir": 0.49394136891958057,
      "vx": 0.8804710999221754,
      "vy": 0.47409982303501685
    },
    "42": {
      "x": 28.3,
      "y": 7.1,
      "speed": 1.0,
      "dir": 0.4487233440107209,
      "vx": 0.9010016697591,
      "vy": 0.43381561877289976
    },
    "43": {
      "x": 29.65,
      "y": 7.85,
      "speed": 1.0,
      "dir": 0.5070985043923376,
      "vx": 0.8741572761215374,
      "vy": 0.48564293117863266
    },