{
  "barriers": [
    {
      "x": 82.1,
      "y": 34.1,
      "width": 12.4,
      "height": 18.0
    },
    {
      "x": 40.0,
      "y": 1.1,
      "width": 19.8,
      "height": 26.7
    },
    {
      "x": 40.1,
      "y": 42.4,
      "width": 27.0,
      "height": 17.2
    },
    {
      "x": 27.5,
      "y": 35.1,
      "width": 5.1,
      "height": 24.2
    }
  ],
  "occluders": [],
  "step_data": {
    "0": {
      "x": 19.9,
      "y": 11.4,
      "speed": 1.0,
      "dir": 0.0,
      "vx": 0.0,
      "vy": 0.0
    },
    "1": {
      "x": 20.45,
      "y": 10.15,
      "speed": 1.0,
      "dir": -1.1562894522101101,
      "vx": 0.40273861426601726,
      "vy": -0.9153150324227655
    },
    "2": {
      "x": 21.05,
      "y": 8.75,
      "speed": 1.0,
      "dir": -1.1659045405098123,
      "vx": 0.3939192985791684,
      "vy": -0.9191450300180576
    },
    "3": {
      "x": 21.5,
      "y": 7.35,
      "speed": 1.0,
      "dir": -1.259798046189356,
      "vx": 0.3060091804131202,
      "vy": -0.9520285612852645
    },
    "4": {
      "x": 22.1,
      "y": 6.0,
      "speed": 1.0,
      "dir": -1.1525719972156665,
      "vx": 0.4061384660534485,
      "vy": -0.9138115486202567
    },
    "5": {
      "x": 22.65,
      "y": 4.55,
      "speed": 1.0,
      "dir": -1.2082520895303908,
      "vx": 0.3546542341205369,
      "vy": -0.9349975263177841
    },
    "6": {
      "x": 23.25,
      "y": 3.1500000000000004,
      "speed": 1.0,
      "dir": -1.165904540509812,
      "vx": 0.39391929857916863,
      "vy": -0.9191450300180576
    },
    "7": {
      "x": 23.75,
      "y": 1.75,
      "speed": 1.0,
      "dir": -1.2277723863741932,
      "vx": 0.33633639699815615,
      "vy": -0.9417419115948374
    },
    "8": {
      "x": 24.35,
      "y": 0.3500000000000001,
      "speed": 1.0,
      "dir": -1.1659045405098123,
      "vx": 0.3939192985791685,
      "vy": -0.9191450300180576
    },
    "9": {
      "x": 24.9,
      "y": 1.2999999999999998,
      "speed": 1.0,
      "dir": 1.0460005551447913,
      "vx": 0.5010362705417029,
      "vy": 0.8654262854811272
    },
    "10": {
      "x": 25.45,
      "y": 2.6500000000000004,
      "speed": 1.0,
      "dir": 1.1839206090638683,
      "vx": 0.3772968873135197,
      "vy": 0.9260923597695476
    },
    "11": {
      "x": 25.95,
      "y": 4.05,
      "speed": 1.0,
      "dir": 1.2277723863741932,
      "vx": 0.3363363969981564,
      "vy": 0.9417419115948374
    },
    "12": {
      "x": 26.55,
      "y": 5.45,
      "speed": 1.0,
      "dir": 1.1659045405098123,
      "vx": 0.3939192985791684,
      "vy": 0.9191450300180576
    },
    "13": {
      "x": 27.05,
      "y": 6.85,
      "speed": 1.0,
      "dir": 1.2277723863741932,
      "vx": 0.3363363969981564,
      "vy": 0.9417419115948374
    },
    "14": {
      "x": 27.65,
      "y": 8.25,
      "speed": 1.0,
      "dir": 1.1659045405098145,
      "vx": 0.39391929857916635,
      "vy": 0.9191450300180584
    },
    "15": {
      "x": 28.15,
      "y": 9.65,
      "speed": 1.0,
      "dir": 1.2277723863741932,
      "vx": 0.33633639699815615,
      "vy": 0.9417419115948374
    },
    "16": {
      "x": 28.75,
      "y": 10.95,
      "speed": 1.0,
      "dir": 1.1383885512243574,
      "vx": 0.41905817746174806,
      "vy": 0.9079593845004512
    },
    "17": {
      "x": 29.3,
      "y": 12.3,
      "speed": 1.0,
      "dir": 1.1839206090638685,
      "vx": 0.37729688731351946,
      "vy": 0.9260923597695476
    },
    "18": {
      "x": 29.85,
      "y": 13.75,
      "speed": 1.0,
      "dir": 1.2082520895303885,
      "vx": 0.35465423412053904,
      "vy": 0.9349975263177832
    },
    "19": {
      "x": 30.4,
      "y": 15.100000000000001,
      "speed": 1.0,
      "dir": 1.1839206090638708,
      "vx": 0.37729688731351746,
      "vy": 0.9260923597695486
    },
    "20": {
      "x": 31.0,
      "y": 16.6,
      "speed": 1.0,
      "dir": 1.1902899496825308,
      "vx": 0.3713906763541045,
      "vy": 0.928476690885259
    },
    "21": {
      "x": 31.549999999999997,
      "y": 17.95,
      "speed": 1.0,
      "dir": 1.1839206090638699,
      "vx": 0.3772968873135183,
      "vy": 0.9260923597695482
    },
    "22": {
      "x": 32.0,
      "y": 19.4,
      "speed": 1.0,
      "dir": 1.2698760924344696,
      "vx": 0.29639921487245474,
      "vy": 0.9550641368112365
    },
    "23": {
      "x": 32.65,
      "y": 20.75,
      "speed": 1.0,
      "dir": 1.1220729827841767,
      "vx": 0.4338156187728988,
      "vy": 0.9010016697591003
    },
    "24": {
      "x": 33.15,
      "y": 22.15,
      "speed": 1.0,
      "dir": 1.227772386374193,
      "vx": 0.3363363969981565,
      "vy": 0.9417419115948372
    },
    "25": {
      "x": 33.75,
      "y": 23.55,
      "speed": 1.0,
      "dir": 1.165904540509813,
      "vx": 0.39391929857916796,
      "vy": 0.9191450300180578
    },
    "26": {
      "x": 34.25,
      "y": 24.95,
      "speed": 1.0,
      "dir": 1.227772386374193,
      "vx": 0.3363363969981565,
      "vy": 0.9417419115948372
    },
    "27": {
      "x": 34.85,
      "y": 26.35,
      "speed": 1.0,
      "dir": 1.165904540509813,
      "vx": 0.39391929857916796,
      "vy": 0.9191450300180578
    },
    "28": {
      "x": 35.35,
      "y": 27.75,
      "speed": 1.0,
      "dir": 1.227772386374193,
      "vx": 0.3363363969981565,
      "vy": 0.9417419115948372
    },
    "29": {
      "x": 35.95,
      "y": 29.15,
      "speed": 1.0,
      "dir": 1.1659045405098118,
      "vx": 0.3939192985791688,
      "vy": 0.9191450300180574
    },
    "30": {
      "x": 36.45,
      "y": 30.549999999999997,
      "speed": 1.0,
      "dir": 1.227772386374193,
      "vx": 0.3363363969981565,
      "vy": 0.9417419115948372
    },
    "31": {
      "x": 37.05,
      "y": 31.950000000000003,
      "speed": 1.0,
      "dir": 1.165904540509818,
      "vx": 0.3939192985791632,
      "vy": 0.9191450300180598
    },
    "32": {
      "x": 37.55,
      "y": 33.35,
      "speed": 1.0,
      "dir": 1.227772386374193,
      "vx": 0.3363363969981565,
      "vy": 0.9417419115948372
    },
    "33": {
      "x": 38.15,
      "y": 34.75,
      "speed": 1.0,
      "dir": 1.1659045405098118,
      "vx": 0.3939192985791688,
      "vy": 0.9191450300180574
    },
    "34": {
      "x": 38.7,
      "y": 36.0,
      "speed": 1.0,
      "dir": 1.156289452210108,
      "vx": 0.4027386142660195,
      "vy": 0.9153150324227645
    },
    "35": {
      "x": 39.25,
      "y": 37.4,
      "speed": 1.0,
      "dir": 1.196462710787314,
      "vx": 0.3656523724229922,
      "vy": 0.9307514934403476
    },
    "36": {
      "x": 39.75,
      "y": 38.15,
      "speed": 1.0,
      "dir": 0.982793723247329,
      "vx": 0.5547001962252291,
      "vy": 0.8320502943378437
    },
    "37": {
      "x": 40.35,
      "y": 36.75,
      "speed": 1.0,
      "dir": -1.1659045405098118,
      "vx": 0.3939192985791688,
      "vy": -0.9191450300180574
    },
    "38": {
      "x": 40.85,
      "y": 35.35,
      "speed": 1.0,
      "dir": -1.227772386374193,
      "vx": 0.3363363969981565,
      "vy": -0.9417419115948372
    },
    "39": {
      "x": 41.45,
      "y": 33.95,
      "speed": 1.0,
      "dir": -1.1659045405098118,
      "vx": 0.3939192985791688,
      "vy": -0.9191450300180574
    },
    "40": {
      "x": 42.05,
      "y": 32.55,
      "speed": 1.0,
      "dir": -1.165904540509818,
      "vx": 0.3939192985791632,
      "vy": -0.9191450300180598
    },
    "41": {
      "x": 42.55,
      "y": 31.15,
      "speed": 1.0,
      "dir": -1.227772386374193,
      "vx": 0.3363363969981565,
      "vy": -0.9417419115948372
    },
    "42": {
      "x": 43.15,
      "y": 29.75,
      "speed": 1.0,
      "dir": -1.1659045405098118,
      "vx": 0.3939192985791688,
      "vy": -0.9191450300180574
    },
    "43": {
      "x": 43.65,
      "y": 28.45,
      "speed": 1.0,
      "dir": -1.2036224929766777,
      "vx": 0.35897907930886896,
      "vy": -0.9333456062030597
    },