frame,red,green,uncertain,session_id,rg_outcome,trial_id,global_trial_name
0,0,0,1,203,green,4308,T2C
1,0,0,1,203,green,4308,T2C
2,0,0,1,203,green,4308,T2C
3,0,0,1,203,green,4308,T2C
4,0,0,1,203,green,4308,T2C
5,0,0,1,203,green,4308,T2C
6,0,0,1,203,green,4308,T2C
7,0,0,1,203,green,4308,T2C
8,0,0,1,203,green,4308,T2C
9,0,0,1,203,green,4308,T2C
10,0,0,1,203,green,4308,T2C
11,0,0,1,203,green,4308,T2C
12,0,0,1,203,green,4308,T2C
13,0,0,1,203,green,4308,T2C
14,0,0,1,203,green,4308,T2C
15,0,0,1,203,green,4308,T2C
16,0,0,1,203,green,4308,T2C
17,0,0,1,203,green,4308,T2C
18,0,0,1,203,green,4308,T2C
19,0,0,1,203,green,4308,T2C
20,0,0,1,203,green,4308,T2C
21,0,0,1,203,green,4308,T2C
22,0,0,1,203,green,4308,T2C
23,0,0,1,203,green,4308,T2C
24,0,0,1,203,green,4308,T2C
25,0,0,1,203,green,4308,T2C
26,0,0,1,203,green,4308,T2C
27,0,0,1,203,green,4308,T2C
28,0,0,1,203,green,4308,T2C
29,0,0,1,203,green,4308,T2C
30,0,0,1,203,green,4308,T2C
31,0,0,1,203,green,4308,T2C
32,1,0,0,203,green,4308,T2C
33,1,0,0,203,green,4308,T2C
34,1,0,0,203,green,4308,T2C
35,1,0,0,203,green,4308,T2C
36,1,0,0,203,green,4308,T2C
37,1,0,0,203,green,4308,T2C
38,1,0,0,203,green,4308,T2C
39,1,0,0,203,green,4308,T2C
40,1,0,0,203,green,4308,T2C
41,1,0,0,203,green,4308,T2C
42,1,0,0,203,green,4308,T2C
43,1,0,0,203,green,4308,T2C
44,1,0,0,203,green,4308,T2C
45,1,0,0,203,green,4308,T2C
46,1,0,0,203,green,4308,T2C
47,1,0,0,203,green,4308,T2C
48,1,0,0,203,green,4308,T2C
49,1,0,0,203,green,4308,T2C
50,1,0,0,203,green,4308,T2C
51,1,0,0,203,green,4308,T2C
52,1,0,0,203,green,4308,T2C
53,1,0,0,203,green,4308,T2C
54,1,0,0,203,green,4308,T2C
55,1,0,0,203,green,4308,T2C
56,1,0,0,203,green,4308,T2C
57,0,1,0,203,green,4308,T2C
58,0,1,0,203,green,4308,T2C
59,0,1,0,203,green,4308,T2C
60,0,1,0,203,green,4308,T2C
61,0,1,0,203,green,4308,T2C
62,0,1,0,203,green,4308,T2C
63,0,1,0,203,green,4308,T2C
64,0,1,0,203,green,4308,T2C
65,0,1,0,203,green,4308,T2C
66,0,1,0,203,green,4308,T2C
67,0,1,0,203,green,4308,T2C
68,0,1,0,203,green,4308,T2C
69,0,1,0,203,green,4308,T2C
70,0,1,0,203,green,4308,T2C
71,0,1,0,203,green,4308,T2C
72,0,1,0,203,green,4308,T2C
73,0,1,0,203,green,4308,T2C
74,0,1,0,203,green,4308,T2C
75,0,1,0,203,green,4308,T2C
76,0,1,0,203,green,4308,T2C
77,0,1,0,203,green,4308,T2C
78,0,1,0,203,green,4308,T2C
79,0,1,0,203,green,4308,T2C
80,0,1,0,203,green,4308,T2C
81,0,1,0,203,green,4308,T2C
82,0,1,0,203,green,4308,T2C
83,0,1,0,203,green,4308,T2C
84,0,1,0,203,green,4308,T2C
85,0,1,0,203,green,4308,T2C
86,0,1,0,203,green,4308,T2C
87,0,1,0,203,green,4308,T2C
88,0,1,0,203,green,4308,T2C
89,0,1,0,203,green,4308,T2C
90,0,1,0,203,green,4308,T2C
91,0,1,0,203,green,4308,T2C
92,0,1,0,203,green,4308,T2C
93,0,1,0,203,green,4308,T2C
94,0,1,0,203,green,4308,T2C
95,0,1,0,203,green,4308,T2C
96,0,1,0,203,green,4308,T2C
97,0,1,0,203,green,4308,T2C
98,0,1,0,203,green,4308,T2C
99,0,1,0,203,green,4308,T2C
100,0,1,0,203,green,4308,T2C
101,0,1,0,203,green,4308,T2C
102,0,1,0,203,green,4308,T2C
103,0,1,0,203,green,4308,T2C
104,0,1,0,203,green,4308,T2C
105,0,1,0,203,green,4308,T2C
106,0,1,0,203,green,4308,T2C
107,0,1,0,203,green,4308,T2C
108,0,1,0,203,green,4308,T2C
109,0,1,0,203,green,4308,T2C
110,0,1,0,203,green,4308,T2C
111,0,1,0,203,green,4308,T2C
112,0,1,0,203,green,4308,T2C
113,0,1,0,203,green,4308,T2C
114,0,1,0,203,green,4308,T2C
115,0,1,0,203,green,4308,T2C
116,0,1,0,203,green,4308,T2C
117,0,1,0,203,green,4308,T2C
118,0,1,0,203,green,4308,T2C
119,0,1,0,203,green,4308,T2C
120,0,1,0,203,green,4308,T2C
121,0,1,0,203,green,4308,T2C
122,0,1,0,203,green,4308,T2C
123,0,1,0,203,green,4308,T2C
124,0,1,0,203,green,4308,T2C
125,0,1,0,203,green,4308,T2C
126,0,1,0,203,green,4308,T2C
127,0,1,0,203,green,4308,T2C
128,0,1,0,203,green,4308,T2C
129,0,1,0,203,green,4308,T2C
130,0,1,0,203,green,4308,T2C
131,0,1,0,203,green,4308,T2C
132,0,1,0,203,green,4308,T2C
133,0,1,0,203,green,4308,T2C
134,0,1,0,203,green,4308,T2C
135,0,1,0,203,green,4308,T2C
136,0,1,0,203,green,4308,T2C
137,0,1,0,203,green,4308,T2C
138,0,1,0,203,green,4308,T2C
139,0,1,0,203,green,4308,T2C
140,0,1,0,203,green,4308,T2C
141,0,1,0,203,green,4308,T2C
142,0,1,0,203,green,4308,T2C
143,0,1,0,203,green,4308,T2C
144,0,1,0,203,green,4308,T2C
145,0,1,0,203,green,4308,T2C
146,0,1,0,203,green,4308,T2C
147,0,1,0,203,green,4308,T2C
148,0,1,0,203,green,4308,T2C
149,0,1,0,203,green,4308,T2C
150,0,1,0,203,green,4308,T2C
151,0,1,0,203,green,4308,T2C
152,0,1,0,203,green,4308,T2C
153,0,1,0,203,green,4308,T2C
154,0,1,0,203,green,4308,T2C
155,0,1,0,203,green,4308,T2C
156,0,1,0,203,green,4308,T2C
157,0,1,0,203,green,4308,T2C
158,0,1,0,203,green,4308,T2C
159,0,1,0,203,green,4308,T2C
160,0,1,0,203,green,4308,T2C
161,0,1,0,203,green,4308,T2C
162,0,1,0,203,green,4308,T2C
163,0,1,0,203,green,4308,T2C
164,0,1,0,203,green,4308,T2C
165,0,1,0,203,green,4308,T2C
166,0,1,0,203,green,4308,T2C
167,0,1,0,203,green,4308,T2C
168,0,1,0,203,green,4308,T2C
169,0,1,0,203,green,4308,T2C
170,0,1,0,203,green,4308,T2C
171,0,1,0,203,green,4308,T2C
172,0,1,0,203,green,4308,T2C
173,0,1,0,203,green,4308,T2C
174,0,1,0,203,green,4308,T2C
175,0,1,0,203,green,4308,T2C
176,0,1,0,203,green,4308,T2C
177,0,1,0,203,green,4308,T2C
178,0,1,0,203,green,4308,T2C
179,0,1,0,203,green,4308,T2C
180,0,1,0,203,green,4308,T2C
181,0,1,0,203,green,4308,T2C
182,0,1,0,203,green,4308,T2C
183,0,1,0,203,green,4308,T2C
184,0,1,0,203,green,4308,T2C
185,0,1,0,203,green,4308,T2C
186,0,1,0,203,green,4308,T2C
187,0,1,0,203,green,4308,T2C
188,0,1,0,203,green,4308,T2C
189,0,1,0,203,green,4308,T2C
190,0,1,0,203,green,4308,T2C
191,0,1,0,203,green,4308,T2C
192,0,1,0,203,green,4308,T2C
193,0,1,0,203,green,4308,T2C
194,0,1,0,203,green,4308,T2C
195,0,1,0,203,green,4308,T2C
196,0,1,0,203,green,4308,T2C
197,0,1,0,203,green,4308,T2C
0,0,0,1,204,green,4679,T2C
1,0,0,1,204,green,4679,T2C
2,0,0,1,204,green,4679,T2C
3,0,0,1,204,green,4679,T2C
4,0,0,1,204,green,4679,T2C
5,0,0,1,204,green,4679,T2C
6,0,0,1,204,green,4679,T2C
7,0,0,1,204,green,4679,T2C
8,0,0,1,204,green,4679,T2C
9,0,0,1,204,green,4679,T2C
10,0,0,1,204,green,4679,T2C
11,0,0,1,204,green,4679,T2C
12,0,0,1,204,green,4679,T2C
13,0,0,1,204,green,4679,T2C
14,0,0,1,204,green,4679,T2C
15,0,0,1,204,green,4679,T2C
16,0,0,1,204,green,4679,T2C
17,0,0,1,204,green,4679,T2C
18,0,0,1,204,green,4679,T2C
19,0,0,1,204,green,4679,T2C
20,0,0,1,204,green,4679,T2C
21,0,0,1,204,green,4679,T2C
22,0,0,1,204,green,4679,T2C
23,0,0,1,204,green,4679,T2C
24,0,0,1,204,green,4679,T2C
25,0,0,1,204,green,4679,T2C
26,0,0,1,204,green,4679,T2C
27,0,0,1,204,green,4679,T2C
28,0,0,1,204,green,4679,T2C
29,0,0,1,204,green,4679,T2C
30,0,0,1,204,green,4679,T2C
31,0,0,1,204,green,4679,T2C
32,0,0,1,204,green,4679,T2C
33,0,0,1,204,green,4679,T2C
34,0,0,1,204,green,4679,T2C
35,0,0,1,204,green,4679,T2C
36,0,0,1,204,green,4679,T2C
37,0,0,1,204,green,4679,T2C
38,0,0,1,204,green,4679,T2C
39,0,0,1,204,green,4679,T2C
40,0,0,1,204,green,4679,T2C
41,0,0,1,204,green,4679,T2C
42,0,0,1,204,green,4679,T2C
43,0,0,1,204,green,4679,T2C
44,0,0,1,204,green,4679,T2C
45,0,0,1,204,green,4679,T2C
46,0,0,1,204,green,4679,T2C
47,0,0,1,204,green,4679,T2C
48,0,1,0,204,green,4679,T2C
49,0,1,0,204,green,4679,T2C
50,0,1,0,204,green,4679,T2C
51,0,1,0,204,green,4679,T2C
52,0,1,0,204,green,4679,T2C
53,0,1,0,204,green,4679,T2C
54,0,1,0,204,green,4679,T2C
55,0,1,0,204,green,4679,T2C
56,0,1,0,204,green,4679,T2C
57,0,1,0,204,green,4679,T2C
58,0,1,0,204,green,4679,T2C
59,0,1,0,204,green,4679,T2C
60,0,1,0,204,green,4679,T2C
61,0,1,0,204,green,4679,T2C
62,0,1,0,204,green,4679,T2C
63,0,1,0,204,green,4679,T2C
64,0,1,0,204,green,4679,T2C
65,0,1,0,204,green,4679,T2C
66,0,1,0,204,green,4679,T2C
67,0,1,0,204,green,4679,T2C
68,0,1,0,204,green,4679,T2C
69,0,1,0,204,green,4679,T2C
70,0,1,0,204,green,4679,T2C
71,0,1,0,204,green,4679,T2C
72,0,1,0,204,green,4679,T2C
73,0,1,0,204,green,4679,T2C
74,0,1,0,204,green,4679,T2C
75,0,1,0,204,green,4679,T2C
76,0,1,0,204,green,4679,T2C
77,0,1,0,204,green,4679,T2C
78,0,1,0,204,green,4679,T2C
79,0,1,0,204,green,4679,T2C
80,0,1,0,204,green,4679,T2C
81,0,1,0,204,green,4679,T2C
82,0,1,0,204,green,4679,T2C
83,0,1,0,204,green,4679,T2C
84,0,1,0,204,green,4679,T2C
85,0,1,0,204,green,4679,T2C
86,0,1,0,204,green,4679,T2C
87,0,1,0,204,green,4679,T2C
88,0,1,0,204,green,4679,T2C
89,0,1,0,204,green,4679,T2C
90,0,1,0,204,green,4679,T2C
91,0,1,0,204,green,4679,T2C
92,0,1,0,204,green,4679,T2C
93,0,1,0,204,green,4679,T2C
94,0,1,0,204,green,4679,T2C
95,0,1,0,204,green,4679,T2C
96,0,1,0,204,green,4679,T2C
97,0,1,0,204,green,4679,T2C
98,0,1,0,204,green,4679,T2C
99,0,1,0,204,green,4679,T2C
100,0,1,0,204,green,4679,T2C
101,0,1,0,204,green,4679,T2C
102,0,1,0,204,green,4679,T2C
103,0,1,0,204,green,4679,T2C
104,0,1,0,204,green,4679,T2C
105,0,1,0,204,green,4679,T2C
106,0,1,0,204,green,4679,T2C
107,0,1,0,204,green,4679,T2C
108,0,1,0,204,green,4679,T2C
109,0,1,0,204,green,4679,T2C
110,0,1,0,204,green,4679,T2C
111,0,1,0,204,green,4679,T2C
112,0,1,0,204,green,4679,T2C
113,0,1,0,204,green,4679,T2C
114,0,1,0,204,green,4679,T2C
115,0,1,0,204,green,4679,T2C
116,0,1,0,204,green,4679,T2C
117,0,1,0,204,green,4679,T2C
118,0,1,0,204,green,4679,T2C
119,0,1,0,204,green,4679,T2C
120,0,1,0,204,green,4679,T2C
121,0,1,0,204,green,4679,T2C
122,0,1,0,204,green,4679,T2C
123,0,1,0,204,green,4679,T2C
124,0,1,0,204,green,4679,T2C
125,0,1,0,204,green,4679,T2C
126,0,1,0,204,green,4679,T2C
127,0,1,0,204,green,4679,T2C
128,0,1,0,204,green,4679,T2C
129,0,1,0,204,green,4679,T2C
130,0,1,0,204,green,4679,T2C
131,0,1,0,204,green,4679,T2C
132,0,1,0,204,green,4679,T2C
133,0,1,0,204,green,4679,T2C
134,0,1,0,204,green,4679,T2C
135,0,1,0,204,green,4679,T2C
136,0,1,0,204,green,4679,T2C
137,0,1,0,204,green,4679,T2C
138,0,1,0,204,green,4679,T2C
139,0,1,0,204,green,4679,T2C
140,0,1,0,204,green,4679,T2C
141,0,1,0,204,green,4679,T2C
142,0,1,0,204,green,4679,T2C
143,0,1,0,204,green,4679,T2C
144,0,1,0,204,green,4679,T2C
145,0,1,0,204,green,4679,T2C
146,0,1,0,204,green,4679,T2C
147,0,1,0,204,green,4679,T2C
148,0,1,0,204,green,4679,T2C
149,0,1,0,204,green,4679,T2C
150,0,1,0,204,green,4679,T2C
151,0,1,0,204,green,4679,T2C
152,0,1,0,204,green,4679,T2C
153,0,1,0,204,green,4679,T2C
154,0,1,0,204,green,4679,T2C
155,0,1,0,204,green,4679,T2C
156,0,1,0,204,green,4679,T2C
157,0,1,0,204,green,4679,T2C
158,0,1,0,204,green,4679,T2C
159,0,1,0,204,green,4679,T2C
160,0,1,0,204,green,4679,T2C
161,0,1,0,204,green,4679,T2C
162,0,1,0,204,green,4679,T2C
163,0,1,0,204,green,4679,T2C
164,0,1,0,204,green,4679,T2C
165,0,1,0,204,green,4679,T2C
166,0,1,0,204,green,4679,T2C
167,0,1,0,204,green,4679,T2C
168,0,1,0,204,green,4679,T2C
169,0,1,0,204,green,4679,T2C
170,0,1,0,204,green,4679,T2C
171,0,1,0,204,green,4679,T2C
172,0,1,0,204,green,4679,T2C
173,0,1,0,204,green,4679,T2C
174,0,1,0,204,green,4679,T2C
175,0,1,0,204,green,4679,T2C
176,0,1,0,204,green,4679,T2C
177,0,1,0,204,green,4679,T2C
178,0,1,0,204,green,4679,T2C
179,0,1,0,204,green,4679,T2C
180,0,1,0,204,green,4679,T2C
181,0,1,0,204,green,4679,T2C
182,0,1,0,204,green,4679,T2C
183,0,1,0,204,green,4679,T2C
184,0,1,0,204,green,4679,T2C
185,0,1,0,204,green,4679,T2C
186,0,1,0,204,green,4679,T2C
187,0,1,0,204,green,4679,T2C
188,0,1,0,204,green,4679,T2C
189,0,1,0,204,green,4679,T2C
190,0,1,0,204,green,4679,T2C
191,0,1,0,204,green,4679,T2C
192,0,1,0,204,green,4679,T2C
193,0,1,0,204,green,4679,T2C
194,0,1,0,204,green,4679,T2C
195,0,1,0,204,green,4679,T2C
196,0,1,0,204,green,4679,T2C
197,0,1,0,204,green,4679,T2C
0,0,0,1,206,green,4306,T2C
1,0,0,1,206,green,4306,T2C
2,0,0,1,206,green,4306,T2C
3,0,0,1,206,green,4306,T2C
4,0,0,1,206,green,4306,T2C
5,0,0,1,206,green,4306,T2C
6,0,0,1,206,green,4306,T2C
7,0,0,1,206,green,4306,T2C
8,0,0,1,206,green,4306,T2C
9,0,0,1,206,green,4306,T2C
10,0,0,1,206,green,4306,T2C
11,0,0,1,206,green,4306,T2C
12,0,0,1,206,green,4306,T2C
13,0,0,1,206,green,4306,T2C
14,0,0,1,206,green,4306,T2C
15,0,0,1,206,green,4306,T2C
16,0,0,1,206,green,4306,T2C
17,0,0,1,206,green,4306,T2C
18,0,0,1,206,green,4306,T2C
19,0,0,1,206,green,4306,T2C
20,0,0,1,206,green,4306,T2C
21,0,0,1,206,green,4306,T2C
22,0,0,1,206,green,4306,T2C
23,0,0,1,206,green,4306,T2C
24,0,0,1,206,green,4306,T2C
25,0,0,1,206,green,4306,T2C
26,0,0,1,206,green,4306,T2C
27,0,0,1,206,green,4306,T2C
28,0,0,1,206,green,4306,T2C
29,0,0,1,206,green,4306,T2C
30,0,0,1,206,green,4306,T2C
31,0,0,1,206,green,4306,T2C
32,0,0,1,206,green,4306,T2C
33,0,0,1,206,green,4306,T2C
34,0,0,1,206,green,4306,T2C
35,0,0,1,206,green,4306,T2C
36,0,0,1,206,green,4306,T2C
37,0,0,1,206,green,4306,T2C
38,0,0,1,206,green,4306,T2C
39,0,0,1,206,green,4306,T2C
40,0,0,1,206,green,4306,T2C
41,0,0,1,206,green,4306,T2C
42,0,0,1,206,green,4306,T2C
43,0,0,1,206,green,4306,T2C
44,0,0,1,206,green,4306,T2C
45,0,0,1,206,green,4306,T2C
46,0,0,1,206,green,4306,T2C
47,0,0,1,206,green,4306,T2C
48,0,0,1,206,green,4306,T2C
49,0,0,1,206,green,4306,T2C
50,0,0,1,206,green,4306,T2C
51,0,0,1,206,green,4306,T2C
52,0,0,1,206,green,4306,T2C
53,0,0,1,206,green,4306,T2C
54,0,0,1,206,green,4306,T2C
55,0,0,1,206,green,4306,T2C
56,0,0,1,206,green,4306,T2C
57,0,0,1,206,green,4306,T2C
58,0,0,1,206,green,4306,T2C
59,0,0,1,206,green,4306,T2C
60,0,0,1,206,green,4306,T2C
61,0,0,1,206,green,4306,T2C
62,0,0,1,206,green,4306,T2C
63,0,0,1,206,green,4306,T2C
64,0,0,1,206,green,4306,T2C
65,0,0,1,206,green,4306,T2C
66,0,0,1,206,green,4306,T2C
67,0,0,1,206,green,4306,T2C
68,0,0,1,206,green,4306,T2C
69,0,0,1,206,green,4306,T2C
70,0,0,1,206,green,4306,T2C
71,0,0,1,206,green,4306,T2C
72,0,0,1,206,green,4306,T2C
73,0,0,1,206,green,4306,T2C
74,0,0,1,206,green,4306,T2C
75,0,0,1,206,green,4306,T2C
76,0,0,1,206,green,4306,T2C
77,0,0,1,206,green,4306,T2C
78,0,0,1,206,green,4306,T2C
79,0,0,1,206,green,4306,T2C
80,0,0,1,206,green,4306,T2C
81,0,0,1,206,green,4306,T2C
82,0,0,1,206,green,4306,T2C
83,0,0,1,206,green,4306,T2C
84,0,0,1,206,green,4306,T2C
85,0,0,1,206,green,4306,T2C
86,0,0,1,206,green,4306,T2C
87,0,0,1,206,green,4306,T2C
88,0,0,1,206,green,4306,T2C
89,0,0,1,206,green,4306,T2C
90,0,0,1,206,green,4306,T2C
91,0,0,1,206,green,4306,T2C
92,0,0,1,206,green,4306,T2C
93,0,0,1,206,green,4306,T2C
94,0,0,1,206,green,4306,T2C
95,0,0,1,206,green,4306,T2C
96,0,0,1,206,green,4306,T2C
97,0,0,1,206,green,4306,T2C
98,0,0,1,206,green,4306,T2C
99,1,0,0,206,green,4306,T2C
100,1,0,0,206,green,4306,T2C
101,1,0,0,206,green,4306,T2C
102,1,0,0,206,green,4306,T2C
103,1,0,0,206,green,4306,T2C
104,1,0,0,206,green,4306,T2C
105,1,0,0,206,green,4306,T2C
106,1,0,0,206,green,4306,T2C
107,1,0,0,206,green,4306,T2C
108,1,0,0,206,green,4306,T2C
109,1,0,0,206,green,4306,T2C
110,1,0,0,206,green,4306,T2C
111,1,0,0,206,green,4306,T2C
112,1,0,0,206,green,4306,T2C
113,1,0,0,206,green,4306,T2C
114,1,0,0,206,green,4306,T2C
115,1,0,0,206,green,4306,T2C
116,1,0,0,206,green,4306,T2C
117,1,0,0,206,green,4306,T2C
118,1,0,0,206,green,4306,T2C
119,1,0,0,206,green,4306,T2C
120,1,0,0,206,green,4306,T2C
121,1,0,0,206,green,4306,T2C
122,1,0,0,206,green,4306,T2C
123,1,0,0,206,green,4306,T2C
124,1,0,0,206,green,4306,T2C
125,1,0,0,206,green,4306,T2C
126,1,0,0,206,green,4306,T2C
127,1,0,0,206,green,4306,T2C
128,1,0,0,206,green,4306,T2C
129,1,0,0,206,green,4306,T2C
130,1,0,0,206,green,4306,T2C
131,1,0,0,206,green,4306,T2C
132,1,0,0,206,green,4306,T2C
133,1,0,0,206,green,4306,T2C
134,1,0,0,206,green,4306,T2C
135,1,0,0,206,green,4306,T2C
136,1,0,0,206,green,4306,T2C
137,1,0,0,206,green,4306,T2C
138,1,0,0,206,green,4306,T2C
139,1,0,0,206,green,4306,T2C
140,1,0,0,206,green,4306,T2C
141,1,0,0,206,green,4306,T2C
142,1,0,0,206,green,4306,T2C
143,1,0,0,206,green,4306,T2C
144,1,0,0,206,green,4306,T2C
145,1,0,0,206,green,4306,T2C
146,1,0,0,206,green,4306,T2C
147,1,0,0,206,green,4306,T2C
148,1,0,0,206,green,4306,T2C
149,1,0,0,206,green,4306,T2C
150,1,0,0,206,green,4306,T2C
151,1,0,0,206,green,4306,T2C
152,1,0,0,206,green,4306,T2C
153,1,0,0,206,green,4306,T2C
154,1,0,0,206,green,4306,T2C
155,1,0,0,206,green,4306,T2C
156,1,0,0,206,green,4306,T2C
157,1,0,0,206,green,4306,T2C
158,1,0,0,206,green,4306,T2C
159,1,0,0,206,green,4306,T2C
160,1,0,0,206,green,4306,T2C
161,0,0,1,206,green,4306,T2C
162,0,0,1,206,green,4306,T2C
163,0,0,1,206,green,4306,T2C
164,0,0,1,206,green,4306,T2C
165,0,1,0,206,green,4306,T2C
166,0,1,0,206,green,4306,T2C
167,0,1,0,206,green,4306,T2C
168,0,1,0,206,green,4306,T2C
169,0,1,0,206,green,4306,T2C
170,0,1,0,206,green,4306,T2C
171,0,1,0,206,green,4306,T2C
172,0,1,0,206,green,4306,T2C
173,0,1,0,206,green,4306,T2C
174,0,1,0,206,green,4306,T2C
175,0,1,0,206,green,4306,T2C
176,0,1,0,206,green,4306,T2C
177,0,1,0,206,green,4306,T2C
178,0,1,0,206,green,4306,T2C
179,0,1,0,206,green,4306,T2C
180,0,1,0,206,green,4306,T2C
181,0,1,0,206,green,4306,T2C
182,0,1,0,206,green,4306,T2C
183,0,1,0,206,green,4306,T2C
184,0,1,0,206,green,4306,T2C
185,0,1,0,206,green,4306,T2C
186,0,1,0,206,green,4306,T2C
187,0,1,0,206,green,4306,T2C
188,0,1,0,206,green,4306,T2C
189,0,1,0,206,green,4306,T2C
190,0,1,0,206,green,4306,T2C
191,0,1,0,206,green,4306,T2C
192,0,1,0,206,green,4306,T2C
193,0,1,0,206,green,4306,T2C
194,0,1,0,206,green,4306,T2C
195,0,1,0,206,green,4306,T2C
196,0,1,0,206,green,4306,T2C
197,0,1,0,206,green,4306,T2C
0,0,0,1,207,green,5213,T2C
1,0,0,1,207,green,5213,T2C
2,0,0,1,207,green,5213,T2C
3,0,0,1,207,green,5213,T2C
4,0,0,1,207,green,5213,T2C
5,0,0,1,207,green,5213,T2C
6,0,0,1,207,green,5213,T2C
7,0,0,1,207,green,5213,T2C
8,0,0,1,207,green,5213,T2C
9,0,0,1,207,green,5213,T2C
10,0,0,1,207,green,5213,T2C
11,0,0,1,207,green,5213,T2C
12,0,0,1,207,green,5213,T2C
13,0,0,1,207,green,5213,T2C
14,0,0,1,207,green,5213,T2C
15,0,0,1,207,green,5213,T2C
16,0,0,1,207,green,5213,T2C
17,0,0,1,207,green,5213,T2C
18,0,0,1,207,green,5213,T2C
19,0,0,1,207,green,5213,T2C
20,0,0,1,207,green,5213,T2C
21,0,0,1,207,green,5213,T2C
22,0,0,1,207,green,5213,T2C
23,0,0,1,207,green,5213,T2C
24,0,0,1,207,green,5213,T2C
25,0,0,1,207,green,5213,T2C
26,0,0,1,207,green,5213,T2C
27,0,0,1,207,green,5213,T2C
28,0,0,1,207,green,5213,T2C
29,0,0,1,207,green,5213,T2C
30,0,0,1,207,green,5213,T2C
31,0,0,1,207,green,5213,T2C
32,0,0,1,207,green,5213,T2C
33,0,0,1,207,green,5213,T2C
34,0,0,1,207,green,5213,T2C
35,0,0,1,207,green,5213,T2C
36,0,0,1,207,green,5213,T2C
37,0,0,1,207,green,5213,T2C
38,0,0,1,207,green,5213,T2C
39,0,0,1,207,green,5213,T2C
40,0,0,1,207,green,5213,T2C
41,0,0,1,207,green,5213,T2C
42,0,0,1,207,green,5213,T2C
43,0,0,1,207,green,5213,T2C
44,0,0,1,207,green,5213,T2C
45,0,0,1,207,green,5213,T2C
46,0,0,1,207,green,5213,T2C
47,0,0,1,207,green,5213,T2C
48,0,0,1,207,green,5213,T2C
49,0,0,1,207,green,5213,T2C
50,0,0,1,207,green,5213,T2C
51,0,0,1,207,green,5213,T2C
52,0,0,1,207,green,5213,T2C
53,0,0,1,207,green,5213,T2C
54,0,0,1,207,green,5213,T2C
55,0,0,1,207,green,5213,T2C
56,0,0,1,207,green,5213,T2C
57,0,0,1,207,green,5213,T2C
58,0,0,1,207,green,5213,T2C
59,0,0,1,207,green,5213,T2C
60,0,0,1,207,green,5213,T2C
61,0,0,1,207,green,5213,T2C
62,0,0,1,207,green,5213,T2C
63,0,0,1,207,green,5213,T2C
64,0,0,1,207,green,5213,T2C
65,0,0,1,207,green,5213,T2C
66,0,0,1,207,green,5213,T2C
67,0,1,0,207,green,5213,T2C
68,0,1,0,207,green,5213,T2C
69,0,1,0,207,green,5213,T2C
70,0,1,0,207,green,5213,T2C
71,0,1,0,207,green,5213,T2C
72,0,1,0,207,green,5213,T2C
73,0,1,0,207,green,5213,T2C
74,0,1,0,207,green,5213,T2C
75,0,1,0,207,green,5213,T2C
76,0,1,0,207,green,5213,T2C
77,0,1,0,207,green,5213,T2C
78,0,1,0,207,green,5213,T2C
79,0,1,0,207,green,5213,T2C
80,0,1,0,207,green,5213,T2C
81,0,1,0,207,green,5213,T2C
82,0,1,0,207,green,5213,T2C
83,0,1,0,207,green,5213,T2C
84,0,1,0,207,green,5213,T2C
85,0,1,0,207,green,5213,T2C
86,0,1,0,207,green,5213,T2C
87,0,1,0,207,green,5213,T2C
88,0,1,0,207,green,5213,T2C
89,0,1,0,207,green,5213,T2C
90,0,1,0,207,green,5213,T2C
91,0,1,0,207,green,5213,T2C
92,0,1,0,207,green,5213,T2C
93,0,1,0,207,green,5213,T2C
94,0,1,0,207,green,5213,T2C
95,0,1,0,207,green,5213,T2C
96,0,1,0,207,green,5213,T2C
97,0,1,0,207,green,5213,T2C
98,0,1,0,207,green,5213,T2C
99,0,1,0,207,green,5213,T2C
100,0,1,0,207,green,5213,T2C
101,0,1,0,207,green,5213,T2C
102,0,1,0,207,green,5213,T2C
103,0,1,0,207,green,5213,T2C
104,0,1,0,207,green,5213,T2C
105,0,1,0,207,green,5213,T2C
106,0,1,0,207,green,5213,T2C
107,0,1,0,207,green,5213,T2C
108,0,1,0,207,green,5213,T2C
109,0,1,0,207,green,5213,T2C
110,0,1,0,207,green,5213,T2C
111,0,1,0,207,green,5213,T2C
112,0,1,0,207,green,5213,T2C
113,0,1,0,207,green,5213,T2C
114,0,1,0,207,green,5213,T2C
115,0,1,0,207,green,5213,T2C
116,0,1,0,207,green,5213,T2C
117,0,1,0,207,green,5213,T2C
118,0,1,0,207,green,5213,T2C
119,0,1,0,207,green,5213,T2C
120,0,1,0,207,green,5213,T2C
121,0,1,0,207,green,5213,T2C
122,0,1,0,207,green,5213,T2C
123,0,1,0,207,green,5213,T2C
124,0,1,0,207,green,5213,T2C
125,0,1,0,207,green,5213,T2C
126,0,1,0,207,green,5213,T2C
127,0,1,0,207,green,5213,T2C
128,0,1,0,207,green,5213,T2C
129,0,1,0,207,green,5213,T2C
130,0,1,0,207,green,5213,T2C
131,0,1,0,207,green,5213,T2C
132,0,1,0,207,green,5213,T2C
133,0,1,0,207,green,5213,T2C
134,0,1,0,207,green,5213,T2C
135,0,1,0,207,green,5213,T2C
136,0,1,0,207,green,5213,T2C
137,0,1,0,207,green,5213,T2C
138,0,1,0,207,green,5213,T2C
139,0,1,0,207,green,5213,T2C
140,0,1,0,207,green,5213,T2C
141,0,1,0,207,green,5213,T2C
142,0,1,0,207,green,5213,T2C
143,0,1,0,207,green,5213,T2C
144,0,1,0,207,green,5213,T2C
145,0,1,0,207,green,5213,T2C
146,0,1,0,207,green,5213,T2C
147,0,1,0,207,green,5213,T2C
148,0,1,0,207,green,5213,T2C
149,0,1,0,207,green,5213,T2C
150,0,1,0,207,green,5213,T2C
151,0,1,0,207,green,5213,T2C
152,0,1,0,207,green,5213,T2C
153,0,1,0,207,green,5213,T2C
154,0,1,0,207,green,5213,T2C
155,0,1,0,207,green,5213,T2C
156,0,1,0,207,green,5213,T2C
157,0,1,0,207,green,5213,T2C
158,0,1,0,207,green,5213,T2C
159,0,1,0,207,green,5213,T2C
160,0,1,0,207,green,5213,T2C
161,0,1,0,207,green,5213,T2C
162,0,1,0,207,green,5213,T2C
163,0,1,0,207,green,5213,T2C
164,0,1,0,207,green,5213,T2C
165,0,1,0,207,green,5213,T2C
166,0,1,0,207,green,5213,T2C
167,0,1,0,207,green,5213,T2C
168,0,1,0,207,green,5213,T2C
169,0,1,0,207,green,5213,T2C
170,0,1,0,207,green,5213,T2C
171,0,1,0,207,green,5213,T2C
172,0,1,0,207,green,5213,T2C
173,0,1,0,207,green,5213,T2C
174,0,1,0,207,green,5213,T2C
175,0,1,0,207,green,5213,T2C
176,0,1,0,207,green,5213,T2C
177,0,1,0,207,green,5213,T2C
178,0,1,0,207,green,5213,T2C
179,0,1,0,207,green,5213,T2C
180,0,1,0,207,green,5213,T2C
181,0,1,0,207,green,5213,T2C
182,0,1,0,207,green,5213,T2C
183,0,1,0,207,green,5213,T2C
184,0,1,0,207,green,5213,T2C
185,0,1,0,207,green,5213,T2C
186,0,1,0,207,green,5213,T2C
187,0,1,0,207,green,5213,T2C
188,0,1,0,207,green,5213,T2C
189,0,1,0,207,green,5213,T2C
190,0,1,0,207,green,5213,T2C
191,0,1,0,207,green,5213,T2C
192,0,1,0,207,green,5213,T2C
193,0,1,0,207,green,5213,T2C
194,0,1,0,207,green,5213,T2C
195,0,1,0,207,green,5213,T2C
196,0,1,0,207,green,5213,T2C
197,0,1,0,207,green,5213,T2C
0,0,0,1,208,green,4139,T2C
1,0,0,1,208,green,4139,T2C
2,0,0,1,208,green,4139,T2C
3,0,0,1,208,green,4139,T2C
4,0,0,1,208,green,4139,T2C
5,0,0,1,208,green,4139,T2C
6,0,0,1,208,green,4139,T2C
7,0,0,1,208,green,4139,T2C
8,0,0,1,208,green,4139,T2C
9,0,0,1,208,green,4139,T2C
10,0,0,1,208,green,4139,T2C
11,0,0,1,208,green,4139,T2C
12,0,0,1,208,green,4139,T2C
13,0,0,1,208,green,4139,T2C
14,0,0,1,208,green,4139,T2C
15,0,0,1,208,green,4139,T2C
16,0,0,1,208,green,4139,T2C
17,0,0,1,208,green,4139,T2C
18,0,0,1,208,green,4139,T2C
19,0,0,1,208,green,4139,T2C
20,0,0,1,208,green,4139,T2C
21,0,0,1,208,green,4139,T2C
22,0,0,1,208,green,4139,T2C
23,0,0,1,208,green,4139,T2C
24,0,0,1,208,green,4139,T2C
25,1,0,0,208,green,4139,T2C
26,1,0,0,208,green,4139,T2C
27,1,0,0,208,green,4139,T2C
28,1,0,0,208,green,4139,T2C
29,0,1,0,208,green,4139,T2C
30,0,1,0,208,green,4139,T2C
31,0,1,0,208,green,4139,T2C
32,0,1,0,208,green,4139,T2C
33,0,1,0,208,green,4139,T2C
34,0,1,0,208,green,4139,T2C
35,0,1,0,208,green,4139,T2C
36,0,1,0,208,green,4139,T2C
37,0,1,0,208,green,4139,T2C
38,0,1,0,208,green,4139,T2C
39,0,1,0,208,green,4139,T2C
40,0,1,0,208,green,4139,T2C
41,0,1,0,208,green,4139,T2C
42,0,1,0,208,green,4139,T2C
43,0,1,0,208,green,4139,T2C
44,0,1,0,208,green,4139,T2C
45,0,1,0,208,green,4139,T2C
46,0,1,0,208,green,4139,T2C
47,0,1,0,208,green,4139,T2C
48,0,1,0,208,green,4139,T2C
49,0,1,0,208,green,4139,T2C
50,0,1,0,208,green,4139,T2C
51,0,1,0,208,green,4139,T2C
52,0,1,0,208,green,4139,T2C
53,0,1,0,208,green,4139,T2C
54,0,1,0,208,green,4139,T2C
55,0,1,0,208,green,4139,T2C
56,0,1,0,208,green,4139,T2C
57,0,1,0,208,green,4139,T2C
58,0,1,0,208,green,4139,T2C
59,0,1,0,208,green,4139,T2C
60,0,1,0,208,green,4139,T2C
61,0,1,0,208,green,4139,T2C
62,0,1,0,208,green,4139,T2C
63,0,1,0,208,green,4139,T2C
64,0,1,0,208,green,4139,T2C
65,0,1,0,208,green,4139,T2C
66,0,1,0,208,green,4139,T2C
67,0,1,0,208,green,4139,T2C
68,0,1,0,208,green,4139,T2C
69,0,1,0,208,green,4139,T2C
70,0,1,0,208,green,4139,T2C
71,0,1,0,208,green,4139,T2C
72,0,1,0,208,green,4139,T2C
73,0,0,1,208,green,4139,T2C
74,0,0,1,208,green,4139,T2C
75,0,0,1,208,green,4139,T2C
76,0,0,1,208,green,4139,T2C
77,0,0,1,208,green,4139,T2C
78,0,0,1,208,green,4139,T2C
79,0,0,1,208,green,4139,T2C
80,0,0,1,208,green,4139,T2C
81,0,0,1,208,green,4139,T2C
82,0,0,1,208,green,4139,T2C
83,0,0,1,208,green,4139,T2C
84,0,0,1,208,green,4139,T2C
85,0,0,1,208,green,4139,T2C
86,0,0,1,208,green,4139,T2C
87,0,0,1,208,green,4139,T2C
88,0,0,1,208,green,4139,T2C
89,0,0,1,208,green,4139,T2C
90,0,0,1,208,green,4139,T2C
91,0,0,1,208,green,4139,T2C
92,0,1,0,208,green,4139,T2C
93,0,1,0,208,green,4139,T2C
94,0,1,0,208,green,4139,T2C
95,0,1,0,208,green,4139,T2C
96,0,1,0,208,green,4139,T2C
97,0,1,0,208,green,4139,T2C
98,0,1,0,208,green,4139,T2C
99,0,1,0,208,green,4139,T2C
100,0,1,0,208,green,4139,T2C
101,0,1,0,208,green,4139,T2C
102,0,1,0,208,green,4139,T2C
103,0,1,0,208,green,4139,T2C
104,0,1,0,208,green,4139,T2C
105,0,1,0,208,green,4139,T2C
106,0,1,0,208,green,4139,T2C
107,0,1,0,208,green,4139,T2C
108,0,1,0,208,green,4139,T2C
109,0,1,0,208,green,4139,T2C
110,0,1,0,208,green,4139,T2C
111,0,1,0,208,green,4139,T2C
112,0,1,0,208,green,4139,T2C
113,0,1,0,208,green,4139,T2C
114,0,1,0,208,green,4139,T2C
115,0,1,0,208,green,4139,T2C
116,0,1,0,208,green,4139,T2C
117,0,1,0,208,green,4139,T2C
118,0,1,0,208,green,4139,T2C
119,0,1,0,208,green,4139,T2C
120,0,1,0,208,green,4139,T2C
121,0,1,0,208,green,4139,T2C
122,0,1,0,208,green,4139,T2C
123,0,1,0,208,green,4139,T2C
124,0,1,0,208,green,4139,T2C
125,0,1,0,208,green,4139,T2C
126,0,1,0,208,green,4139,T2C
127,0,1,0,208,green,4139,T2C
128,0,1,0,208,green,4139,T2C
129,0,1,0,208,green,4139,T2C
130,0,1,0,208,green,4139,T2C
131,0,1,0,208,green,4139,T2C
132,0,1,0,208,green,4139,T2C
133,0,1,0,208,green,4139,T2C
134,0,1,0,208,green,4139,T2C
135,0,1,0,208,green,4139,T2C
136,0,1,0,208,green,4139,T2C
137,0,1,0,208,green,4139,T2C
138,0,1,0,208,green,4139,T2C
139,0,1,0,208,green,4139,T2C
140,0,1,0,208,green,4139,T2C
141,0,1,0,208,green,4139,T2C
142,0,1,0,208,green,4139,T2C
143,0,1,0,208,green,4139,T2C
144,0,1,0,208,green,4139,T2C
145,0,1,0,208,green,4139,T2C
146,0,1,0,208,green,4139,T2C
147,0,1,0,208,green,4139,T2C
148,0,1,0,208,green,4139,T2C
149,0,1,0,208,green,4139,T2C
150,0,1,0,208,green,4139,T2C
151,0,1,0,208,green,4139,T2C
152,0,1,0,208,green,4139,T2C
153,0,1,0,208,green,4139,T2C
154,0,1,0,208,green,4139,T2C
155,0,1,0,208,green,4139,T2C
156,0,1,0,208,green,4139,T2C
157,0,1,0,208,green,4139,T2C
158,0,1,0,208,green,4139,T2C
159,0,1,0,208,green,4139,T2C
160,0,1,0,208,green,4139,T2C
161,0,1,0,208,green,4139,T2C
162,0,1,0,208,green,4139,T2C
163,0,1,0,208,green,4139,T2C
164,0,1,0,208,green,4139,T2C
165,0,1,0,208,green,4139,T2C
166,0,1,0,208,green,4139,T2C
167,0,1,0,208,green,4139,T2C
168,0,1,0,208,green,4139,T2C
169,0,1,0,208,green,4139,T2C
170,0,1,0,208,green,4139,T2C
171,0,1,0,208,green,4139,T2C
172,0,1,0,208,green,4139,T2C
173,0,1,0,208,green,4139,T2C
174,0,1,0,208,green,4139,T2C
175,0,1,0,208,green,4139,T2C
176,0,1,0,208,green,4139,T2C
177,0,1,0,208,green,4139,T2C
178,0,1,0,208,green,4139,T2C
179,0,1,0,208,green,4139,T2C
180,0,1,0,208,green,4139,T2C
181,0,1,0,208,green,4139,T2C
182,0,1,0,208,green,4139,T2C
183,0,1,0,208,green,4139,T2C
184,0,1,0,208,green,4139,T2C
185,0,1,0,208,green,4139,T2C
186,0,1,0,208,green,4139,T2C
187,0,1,0,208,green,4139,T2C
188,0,1,0,208,green,4139,T2C
189,0,1,0,208,green,4139,T2C
190,0,1,0,208,green,4139,T2C
191,0,1,0,208,green,4139,T2C
192,0,1,0,208,green,4139,T2C
193,0,1,0,208,green,4139,T2C
194,0,1,0,208,green,4139,T2C
195,0,1,0,208,green,4139,T2C
196,0,1,0,208,green,4139,T2C
197,0,1,0,208,green,4139,T2C
0,0,0,1,209,green,4238,T2C
1,0,0,1,209,green,4238,T2C
2,0,0,1,209,green,4238,T2C
3,0,0,1,209,green,4238,T2C
4,0,0,1,209,green,4238,T2C
5,0,0,1,209,green,4238,T2C
6,0,0,1,209,green,4238,T2C
7,0,0,1,209,green,4238,T2C
8,0,0,1,209,green,4238,T2C
9,0,0,1,209,green,4238,T2C
10,0,0,1,209,green,4238,T2C
11,0,0,1,209,green,4238,T2C
12,0,0,1,209,green,4238,T2C
13,0,0,1,209,green,4238,T2C
14,0,0,1,209,green,4238,T2C
15,0,0,1,209,green,4238,T2C
16,0,0,1,209,green,4238,T2C
17,0,0,1,209,green,4238,T2C
18,0,0,1,209,green,4238,T2C
19,0,0,1,209,green,4238,T2C
20,0,0,1,209,green,4238,T2C
21,0,0,1,209,green,4238,T2C
22,0,0,1,209,green,4238,T2C
23,0,0,1,209,green,4238,T2C
24,0,0,1,209,green,4238,T2C
25,0,0,1,209,green,4238,T2C
26,0,0,1,209,green,4238,T2C
27,0,0,1,209,green,4238,T2C
28,0,0,1,209,green,4238,T2C
29,0,0,1,209,green,4238,T2C
30,0,0,1,209,green,4238,T2C
31,0,0,1,209,green,4238,T2C
32,0,0,1,209,green,4238,T2C
33,0,0,1,209,green,4238,T2C
34,0,0,1,209,green,4238,T2C
35,1,0,0,209,green,4238,T2C
36,1,0,0,209,green,4238,T2C
37,1,0,0,209,green,4238,T2C
38,1,0,0,209,green,4238,T2C
39,1,0,0,209,green,4238,T2C
40,1,0,0,209,green,4238,T2C
41,1,0,0,209,green,4238,T2C
42,1,0,0,209,green,4238,T2C
43,1,0,0,209,green,4238,T2C
44,1,0,0,209,green,4238,T2C
45,1,0,0,209,green,4238,T2C
46,1,0,0,209,green,4238,T2C
47,1,0,0,209,green,4238,T2C
48,1,0,0,209,green,4238,T2C
49,1,0,0,209,green,4238,T2C
50,1,0,0,209,green,4238,T2C
51,1,0,0,209,green,4238,T2C
52,0,0,1,209,green,4238,T2C
53,0,0,1,209,green,4238,T2C
54,0,0,1,209,green,4238,T2C
55,0,0,1,209,green,4238,T2C
56,0,0,1,209,green,4238,T2C
57,0,0,1,209,green,4238,T2C
58,0,0,1,209,green,4238,T2C
59,0,0,1,209,green,4238,T2C
60,0,0,1,209,green,4238,T2C
61,0,0,1,209,green,4238,T2C
62,0,0,1,209,green,4238,T2C
63,0,0,1,209,green,4238,T2C
64,0,0,1,209,green,4238,T2C
65,0,0,1,209,green,4238,T2C
66,0,0,1,209,green,4238,T2C
67,0,0,1,209,green,4238,T2C
68,0,1,0,209,green,4238,T2C
69,0,1,0,209,green,4238,T2C
70,0,1,0,209,green,4238,T2C
71,0,1,0,209,green,4238,T2C
72,0,1,0,209,green,4238,T2C
73,0,1,0,209,green,4238,T2C
74,0,1,0,209,green,4238,T2C
75,0,1,0,209,green,4238,T2C
76,0,1,0,209,green,4238,T2C
77,0,1,0,209,green,4238,T2C
78,0,1,0,209,green,4238,T2C
79,0,1,0,209,green,4238,T2C
80,0,1,0,209,green,4238,T2C
81,0,1,0,209,green,4238,T2C
82,0,1,0,209,green,4238,T2C
83,0,1,0,209,green,4238,T2C
84,0,1,0,209,green,4238,T2C
85,0,1,0,209,green,4238,T2C
86,0,1,0,209,green,4238,T2C
87,0,1,0,209,green,4238,T2C
88,0,1,0,209,green,4238,T2C
89,0,1,0,209,green,4238,T2C
90,0,1,0,209,green,4238,T2C
91,0,1,0,209,green,4238,T2C
92,0,1,0,209,green,4238,T2C
93,0,1,0,209,green,4238,T2C
94,0,1,0,209,green,4238,T2C
95,0,1,0,209,green,4238,T2C
96,0,1,0,209,green,4238,T2C
97,0,1,0,209,green,4238,T2C
98,0,1,0,209,green,4238,T2C
99,0,1,0,209,green,4238,T2C
100,0,1,0,209,green,4238,T2C
101,0,1,0,209,green,4238,T2C
102,0,1,0,209,green,4238,T2C
103,0,1,0,209,green,4238,T2C
104,0,1,0,209,green,4238,T2C
105,0,1,0,209,green,4238,T2C
106,0,1,0,209,green,4238,T2C
107,0,1,0,209,green,4238,T2C
108,0,1,0,209,green,4238,T2C
109,0,1,0,209,green,4238,T2C
110,0,1,0,209,green,4238,T2C
111,0,1,0,209,green,4238,T2C
112,0,1,0,209,green,4238,T2C
113,0,1,0,209,green,4238,T2C
114,0,1,0,209,green,4238,T2C
115,0,1,0,209,green,4238,T2C
116,0,1,0,209,green,4238,T2C
117,0,1,0,209,green,4238,T2C
118,0,1,0,209,green,4238,T2C
119,0,1,0,209,green,4238,T2C
120,0,1,0,209,green,4238,T2C
121,0,1,0,209,green,4238,T2C
122,0,1,0,209,green,4238,T2C
123,0,1,0,209,green,4238,T2C
124,0,1,0,209,green,4238,T2C
125,0,1,0,209,green,4238,T2C
126,0,1,0,209,green,4238,T2C
127,0,1,0,209,green,4238,T2C
128,0,1,0,209,green,4238,T2C
129,0,1,0,209,green,4238,T2C
130,0,1,0,209,green,4238,T2C
131,0,1,0,209,green,4238,T2C
132,0,1,0,209,green,4238,T2C
133,0,1,0,209,green,4238,T2C
134,0,1,0,209,green,4238,T2C
135,0,1,0,209,green,4238,T2C
136,0,1,0,209,green,4238,T2C
137,0,1,0,209,green,4238,T2C
138,0,1,0,209,green,4238,T2C
139,0,1,0,209,green,4238,T2C
140,0,1,0,209,green,4238,T2C
141,0,1,0,209,green,4238,T2C
142,0,1,0,209,green,4238,T2C
143,0,1,0,209,green,4238,T2C
144,0,1,0,209,green,4238,T2C
145,0,1,0,209,green,4238,T2C
146,0,1,0,209,green,4238,T2C
147,0,1,0,209,green,4238,T2C
148,0,1,0,209,green,4238,T2C
149,0,1,0,209,green,4238,T2C
150,0,1,0,209,green,4238,T2C
151,0,1,0,209,green,4238,T2C
152,0,1,0,209,green,4238,T2C
153,0,1,0,209,green,4238,T2C
154,0,1,0,209,green,4238,T2C
155,0,1,0,209,green,4238,T2C
156,0,1,0,209,green,4238,T2C
157,0,1,0,209,green,4238,T2C
158,0,1,0,209,green,4238,T2C
159,0,1,0,209,green,4238,T2C
160,0,1,0,209,green,4238,T2C
161,0,1,0,209,green,4238,T2C
162,0,1,0,209,green,4238,T2C
163,0,1,0,209,green,4238,T2C
164,0,1,0,209,green,4238,T2C
165,0,1,0,209,green,4238,T2C
166,0,1,0,209,green,4238,T2C
167,0,1,0,209,green,4238,T2C
168,0,1,0,209,green,4238,T2C
169,0,1,0,209,green,4238,T2C
170,0,1,0,209,green,4238,T2C
171,0,1,0,209,green,4238,T2C
172,0,1,0,209,green,4238,T2C
173,0,1,0,209,green,4238,T2C
174,0,1,0,209,green,4238,T2C
175,0,1,0,209,green,4238,T2C
176,0,1,0,209,green,4238,T2C
177,0,1,0,209,green,4238,T2C
178,0,1,0,209,green,4238,T2C
179,0,1,0,209,green,4238,T2C
180,0,1,0,209,green,4238,T2C
181,0,1,0,209,green,4238,T2C
182,0,1,0,209,green,4238,T2C
183,0,1,0,209,green,4238,T2C
184,0,1,0,209,green,4238,T2C
185,0,1,0,209,green,4238,T2C
186,0,1,0,209,green,4238,T2C
187,0,1,0,209,green,4238,T2C
188,0,1,0,209,green,4238,T2C
189,0,1,0,209,green,4238,T2C
190,0,1,0,209,green,4238,T2C
191,0,1,0,209,green,4238,T2C
192,0,1,0,209,green,4238,T2C
193,0,1,0,209,green,4238,T2C
194,0,1,0,209,green,4238,T2C
195,0,1,0,209,green,4238,T2C
196,0,1,0,209,green,4238,T2C
197,0,1,0,209,green,4238,T2C
0,0,0,1,210,green,5416,T2C
1,0,0,1,210,green,5416,T2C
2,0,0,1,210,green,5416,T2C
3,0,0,1,210,green,5416,T2C
4,0,0,1,210,green,5416,T2C
5,0,0,1,210,green,5416,T2C
6,0,0,1,210,green,5416,T2C
7,0,0,1,210,green,5416,T2C
8,0,0,1,210,green,5416,T2C
9,0,0,1,210,green,5416,T2C
10,0,0,1,210,green,5416,T2C
11,0,0,1,210,green,5416,T2C
12,0,0,1,210,green,5416,T2C
13,0,0,1,210,green,5416,T2C
14,0,0,1,210,green,5416,T2C
15,0,0,1,210,green,5416,T2C
16,0,0,1,210,green,5416,T2C
17,0,0,1,210,green,5416,T2C
18,0,0,1,210,green,5416,T2C
19,0,0,1,210,green,5416,T2C
20,0,0,1,210,green,5416,T2C
21,0,0,1,210,green,5416,T2C
22,0,0,1,210,green,5416,T2C
23,0,0,1,210,green,5416,T2C
24,0,0,1,210,green,5416,T2C
25,0,0,1,210,green,5416,T2C
26,0,0,1,210,green,5416,T2C
27,0,0,1,210,green,5416,T2C
28,0,0,1,210,green,5416,T2C
29,0,0,1,210,green,5416,T2C
30,0,0,1,210,green,5416,T2C
31,0,0,1,210,green,5416,T2C
32,0,0,1,210,green,5416,T2C
33,0,0,1,210,green,5416,T2C
34,0,0,1,210,green,5416,T2C
35,0,0,1,210,green,5416,T2C
36,0,0,1,210,green,5416,T2C
37,0,0,1,210,green,5416,T2C
38,0,0,1,210,green,5416,T2C
39,0,0,1,210,green,5416,T2C
40,0,0,1,210,green,5416,T2C
41,0,0,1,210,green,5416,T2C
42,0,0,1,210,green,5416,T2C
43,0,0,1,210,green,5416,T2C
44,0,0,1,210,green,5416,T2C
45,0,0,1,210,green,5416,T2C
46,0,0,1,210,green,5416,T2C
47,0,0,1,210,green,5416,T2C
48,0,0,1,210,green,5416,T2C
49,0,0,1,210,green,5416,T2C
50,0,0,1,210,green,5416,T2C
51,0,0,1,210,green,5416,T2C
52,0,0,1,210,green,5416,T2C
53,0,0,1,210,green,5416,T2C
54,0,0,1,210,green,5416,T2C
55,0,0,1,210,green,5416,T2C
56,0,0,1,210,green,5416,T2C
57,0,0,1,210,green,5416,T2C
58,0,0,1,210,green,5416,T2C
59,0,0,1,210,green,5416,T2C
60,0,0,1,210,green,5416,T2C
61,0,0,1,210,green,5416,T2C
62,0,0,1,210,green,5416,T2C
63,0,0,1,210,green,5416,T2C
64,0,0,1,210,green,5416,T2C
65,0,0,1,210,green,5416,T2C
66,0,0,1,210,green,5416,T2C
67,0,0,1,210,green,5416,T2C
68,0,0,1,210,green,5416,T2C
69,0,0,1,210,green,5416,T2C
70,0,0,1,210,green,5416,T2C
71,0,0,1,210,green,5416,T2C
72,0,0,1,210,green,5416,T2C
73,0,0,1,210,green,5416,T2C
74,0,0,1,210,green,5416,T2C
75,0,0,1,210,green,5416,T2C
76,0,0,1,210,green,5416,T2C
77,0,0,1,210,green,5416,T2C
78,0,0,1,210,green,5416,T2C
79,0,0,1,210,green,5416,T2C
80,0,0,1,210,green,5416,T2C
81,0,0,1,210,green,5416,T2C
82,0,0,1,210,green,5416,T2C
83,0,0,1,210,green,5416,T2C
84,0,0,1,210,green,5416,T2C
85,0,0,1,210,green,5416,T2C
86,0,0,1,210,green,5416,T2C
87,0,0,1,210,green,5416,T2C
88,0,0,1,210,green,5416,T2C
89,0,0,1,210,green,5416,T2C
90,0,0,1,210,green,5416,T2C
91,0,0,1,210,green,5416,T2C
92,0,0,1,210,green,5416,T2C
93,0,0,1,210,green,5416,T2C
94,0,0,1,210,green,5416,T2C
95,0,0,1,210,green,5416,T2C
96,0,0,1,210,green,5416,T2C
97,0,0,1,210,green,5416,T2C
98,0,0,1,210,green,5416,T2C
99,0,0,1,210,green,5416,T2C
100,0,0,1,210,green,5416,T2C
101,1,0,0,210,green,5416,T2C
102,1,0,0,210,green,5416,T2C
103,1,0,0,210,green,5416,T2C
104,1,0,0,210,green,5416,T2C
105,1,0,0,210,green,5416,T2C
106,1,0,0,210,green,5416,T2C
107,1,0,0,210,green,5416,T2C
108,0,0,1,210,green,5416,T2C
109,0,0,1,210,green,5416,T2C
110,0,0,1,210,green,5416,T2C
111,0,0,1,210,green,5416,T2C
112,0,0,1,210,green,5416,T2C
113,0,0,1,210,green,5416,T2C
114,0,0,1,210,green,5416,T2C
115,0,0,1,210,green,5416,T2C
116,0,0,1,210,green,5416,T2C
117,0,0,1,210,green,5416,T2C
118,0,0,1,210,green,5416,T2C
119,0,0,1,210,green,5416,T2C
120,0,0,1,210,green,5416,T2C
121,0,0,1,210,green,5416,T2C
122,0,0,1,210,green,5416,T2C
123,0,0,1,210,green,5416,T2C
124,0,0,1,210,green,5416,T2C
125,1,0,0,210,green,5416,T2C
126,1,0,0,210,green,5416,T2C
127,1,0,0,210,green,5416,T2C
128,1,0,0,210,green,5416,T2C
129,1,0,0,210,green,5416,T2C
130,1,0,0,210,green,5416,T2C
131,0,0,1,210,green,5416,T2C
132,0,0,1,210,green,5416,T2C
133,0,0,1,210,green,5416,T2C
134,0,0,1,210,green,5416,T2C
135,0,0,1,210,green,5416,T2C
136,0,0,1,210,green,5416,T2C
137,0,0,1,210,green,5416,T2C
138,0,0,1,210,green,5416,T2C
139,0,0,1,210,green,5416,T2C
140,0,0,1,210,green,5416,T2C
141,0,0,1,210,green,5416,T2C
142,0,0,1,210,green,5416,T2C
143,0,0,1,210,green,5416,T2C
144,0,0,1,210,green,5416,T2C
145,0,0,1,210,green,5416,T2C
146,0,0,1,210,green,5416,T2C
147,0,0,1,210,green,5416,T2C
148,0,0,1,210,green,5416,T2C
149,0,0,1,210,green,5416,T2C
150,0,0,1,210,green,5416,T2C
151,0,0,1,210,green,5416,T2C
152,0,0,1,210,green,5416,T2C
153,0,0,1,210,green,5416,T2C
154,0,1,0,210,green,5416,T2C
155,0,1,0,210,green,5416,T2C
156,0,1,0,210,green,5416,T2C
157,0,1,0,210,green,5416,T2C
158,0,1,0,210,green,5416,T2C
159,0,1,0,210,green,5416,T2C
160,0,1,0,210,green,5416,T2C
161,0,1,0,210,green,5416,T2C
162,0,1,0,210,green,5416,T2C
163,0,1,0,210,green,5416,T2C
164,0,1,0,210,green,5416,T2C
165,0,1,0,210,green,5416,T2C
166,0,1,0,210,green,5416,T2C
167,0,1,0,210,green,5416,T2C
168,0,1,0,210,green,5416,T2C
169,0,1,0,210,green,5416,T2C
170,0,1,0,210,green,5416,T2C
171,0,1,0,210,green,5416,T2C
172,0,1,0,210,green,5416,T2C
173,0,1,0,210,green,5416,T2C
174,0,1,0,210,green,5416,T2C
175,0,1,0,210,green,5416,T2C
176,0,1,0,210,green,5416,T2C
177,0,1,0,210,green,5416,T2C
178,0,1,0,210,green,5416,T2C
179,0,1,0,210,green,5416,T2C
180,0,1,0,210,green,5416,T2C
181,0,1,0,210,green,5416,T2C
182,0,1,0,210,green,5416,T2C
183,0,1,0,210,green,5416,T2C
184,0,1,0,210,green,5416,T2C
185,0,1,0,210,green,5416,T2C
186,0,1,0,210,green,5416,T2C
187,0,1,0,210,green,5416,T2C
188,0,1,0,210,green,5416,T2C
189,0,1,0,210,green,5416,T2C
190,0,1,0,210,green,5416,T2C
191,0,1,0,210,green,5416,T2C
192,0,1,0,210,green,5416,T2C
193,0,1,0,210,green,5416,T2C
194,0,1,0,210,green,5416,T2C
195,0,1,0,210,green,5416,T2C
196,0,1,0,210,green,5416,T2C
197,0,1,0,210,green,5416,T2C
0,0,0,1,211,green,3745,T2C
1,0,0,1,211,green,3745,T2C
2,0,0,1,211,green,3745,T2C
3,0,0,1,211,green,3745,T2C
4,0,0,1,211,green,3745,T2C
5,0,0,1,211,green,3745,T2C
6,0,0,1,211,green,3745,T2C
7,0,0,1,211,green,3745,T2C
8,0,0,1,211,green,3745,T2C
9,0,0,1,211,green,3745,T2C
10,0,0,1,211,green,3745,T2C
11,0,0,1,211,green,3745,T2C
12,0,0,1,211,green,3745,T2C
13,0,0,1,211,green,3745,T2C
14,0,0,1,211,green,3745,T2C
15,0,0,1,211,green,3745,T2C
16,0,0,1,211,green,3745,T2C
17,0,0,1,211,green,3745,T2C
18,0,0,1,211,green,3745,T2C
19,0,0,1,211,green,3745,T2C
20,0,0,1,211,green,3745,T2C
21,0,0,1,211,green,3745,T2C
22,0,0,1,211,green,3745,T2C
23,0,0,1,211,green,3745,T2C
24,0,0,1,211,green,3745,T2C
25,0,0,1,211,green,3745,T2C
26,0,0,1,211,green,3745,T2C
27,0,0,1,211,green,3745,T2C
28,0,0,1,211,green,3745,T2C
29,0,0,1,211,green,3745,T2C
30,0,0,1,211,green,3745,T2C
31,0,0,1,211,green,3745,T2C
32,0,0,1,211,green,3745,T2C
33,0,0,1,211,green,3745,T2C
34,0,0,1,211,green,3745,T2C
35,0,0,1,211,green,3745,T2C
36,0,0,1,211,green,3745,T2C
37,0,0,1,211,green,3745,T2C
38,0,0,1,211,green,3745,T2C
39,0,0,1,211,green,3745,T2C
40,0,0,1,211,green,3745,T2C
41,0,0,1,211,green,3745,T2C
42,0,0,1,211,green,3745,T2C
43,0,0,1,211,green,3745,T2C
44,0,0,1,211,green,3745,T2C
45,0,0,1,211,green,3745,T2C
46,0,0,1,211,green,3745,T2C
47,0,0,1,211,green,3745,T2C
48,0,0,1,211,green,3745,T2C
49,0,0,1,211,green,3745,T2C
50,0,0,1,211,green,3745,T2C
51,0,0,1,211,green,3745,T2C
52,0,0,1,211,green,3745,T2C
53,0,0,1,211,green,3745,T2C
54,0,0,1,211,green,3745,T2C
55,0,0,1,211,green,3745,T2C
56,0,0,1,211,green,3745,T2C
57,0,0,1,211,green,3745,T2C
58,0,0,1,211,green,3745,T2C
59,0,0,1,211,green,3745,T2C
60,0,0,1,211,green,3745,T2C
61,0,0,1,211,green,3745,T2C
62,0,0,1,211,green,3745,T2C
63,0,0,1,211,green,3745,T2C
64,0,0,1,211,green,3745,T2C
65,0,0,1,211,green,3745,T2C
66,0,0,1,211,green,3745,T2C
67,0,0,1,211,green,3745,T2C
68,0,0,1,211,green,3745,T2C
69,0,0,1,211,green,3745,T2C
70,0,0,1,211,green,3745,T2C
71,0,0,1,211,green,3745,T2C
72,0,0,1,211,green,3745,T2C
73,0,0,1,211,green,3745,T2C
74,0,0,1,211,green,3745,T2C
75,0,0,1,211,green,3745,T2C
76,1,0,0,211,green,3745,T2C
77,1,0,0,211,green,3745,T2C
78,1,0,0,211,green,3745,T2C
79,1,0,0,211,green,3745,T2C
80,1,0,0,211,green,3745,T2C
81,1,0,0,211,green,3745,T2C
82,1,0,0,211,green,3745,T2C
83,1,0,0,211,green,3745,T2C
84,1,0,0,211,green,3745,T2C
85,1,0,0,211,green,3745,T2C
86,1,0,0,211,green,3745,T2C
87,1,0,0,211,green,3745,T2C
88,1,0,0,211,green,3745,T2C
89,1,0,0,211,green,3745,T2C
90,1,0,0,211,green,3745,T2C
91,1,0,0,211,green,3745,T2C
92,1,0,0,211,green,3745,T2C
93,1,0,0,211,green,3745,T2C
94,1,0,0,211,green,3745,T2C
95,1,0,0,211,green,3745,T2C
96,1,0,0,211,green,3745,T2C
97,1,0,0,211,green,3745,T2C
98,1,0,0,211,green,3745,T2C
99,1,0,0,211,green,3745,T2C
100,1,0,0,211,green,3745,T2C
101,1,0,0,211,green,3745,T2C
102,1,0,0,211,green,3745,T2C
103,1,0,0,211,green,3745,T2C
104,1,0,0,211,green,3745,T2C
105,1,0,0,211,green,3745,T2C
106,1,0,0,211,green,3745,T2C
107,1,0,0,211,green,3745,T2C
108,1,0,0,211,green,3745,T2C
109,1,0,0,211,green,3745,T2C
110,1,0,0,211,green,3745,T2C
111,1,0,0,211,green,3745,T2C
112,1,0,0,211,green,3745,T2C
113,1,0,0,211,green,3745,T2C
114,1,0,0,211,green,3745,T2C
115,1,0,0,211,green,3745,T2C
116,1,0,0,211,green,3745,T2C
117,1,0,0,211,green,3745,T2C
118,1,0,0,211,green,3745,T2C
119,1,0,0,211,green,3745,T2C
120,1,0,0,211,green,3745,T2C
121,1,0,0,211,green,3745,T2C
122,1,0,0,211,green,3745,T2C
123,1,0,0,211,green,3745,T2C
124,1,0,0,211,green,3745,T2C
125,1,0,0,211,green,3745,T2C
126,1,0,0,211,green,3745,T2C
127,1,0,0,211,green,3745,T2C
128,1,0,0,211,green,3745,T2C
129,1,0,0,211,green,3745,T2C
130,1,0,0,211,green,3745,T2C
131,1,0,0,211,green,3745,T2C
132,1,0,0,211,green,3745,T2C
133,1,0,0,211,green,3745,T2C
134,1,0,0,211,green,3745,T2C
135,1,0,0,211,green,3745,T2C
136,1,0,0,211,green,3745,T2C
137,1,0,0,211,green,3745,T2C
138,1,0,0,211,green,3745,T2C
139,1,0,0,211,green,3745,T2C
140,1,0,0,211,green,3745,T2C
141,1,0,0,211,green,3745,T2C
142,1,0,0,211,green,3745,T2C
143,1,0,0,211,green,3745,T2C
144,1,0,0,211,green,3745,T2C
145,1,0,0,211,green,3745,T2C
146,1,0,0,211,green,3745,T2C
147,1,0,0,211,green,3745,T2C
148,1,0,0,211,green,3745,T2C
149,1,0,0,211,green,3745,T2C
150,1,0,0,211,green,3745,T2C
151,1,0,0,211,green,3745,T2C
152,1,0,0,211,green,3745,T2C
153,1,0,0,211,green,3745,T2C
154,1,0,0,211,green,3745,T2C
155,1,0,0,211,green,3745,T2C
156,1,0,0,211,green,3745,T2C
157,1,0,0,211,green,3745,T2C
158,1,0,0,211,green,3745,T2C
159,1,0,0,211,green,3745,T2C
160,1,0,0,211,green,3745,T2C
161,1,0,0,211,green,3745,T2C
162,1,0,0,211,green,3745,T2C
163,1,0,0,211,green,3745,T2C
164,1,0,0,211,green,3745,T2C
165,1,0,0,211,green,3745,T2C
166,1,0,0,211,green,3745,T2C
167,1,0,0,211,green,3745,T2C
168,1,0,0,211,green,3745,T2C
169,1,0,0,211,green,3745,T2C
170,1,0,0,211,green,3745,T2C
171,0,1,0,211,green,3745,T2C
172,0,1,0,211,green,3745,T2C
173,0,1,0,211,green,3745,T2C
174,0,1,0,211,green,3745,T2C
175,0,1,0,211,green,3745,T2C
176,0,1,0,211,green,3745,T2C
177,0,1,0,211,green,3745,T2C
178,0,1,0,211,green,3745,T2C
179,0,1,0,211,green,3745,T2C
180,0,1,0,211,green,3745,T2C
181,0,1,0,211,green,3745,T2C
182,0,1,0,211,green,3745,T2C
183,0,1,0,211,green,3745,T2C
184,0,1,0,211,green,3745,T2C
185,0,1,0,211,green,3745,T2C
186,0,1,0,211,green,3745,T2C
187,0,1,0,211,green,3745,T2C
188,0,1,0,211,green,3745,T2C
189,0,1,0,211,green,3745,T2C
190,0,1,0,211,green,3745,T2C
191,0,1,0,211,green,3745,T2C
192,0,1,0,211,green,3745,T2C
193,0,1,0,211,green,3745,T2C
194,0,1,0,211,green,3745,T2C
195,0,1,0,211,green,3745,T2C
196,0,1,0,211,green,3745,T2C
197,0,1,0,211,green,3745,T2C
0,0,0,1,212,green,5036,T2C
1,0,0,1,212,green,5036,T2C
2,0,0,1,212,green,5036,T2C
3,0,0,1,212,green,5036,T2C
4,0,0,1,212,green,5036,T2C
5,0,0,1,212,green,5036,T2C
6,0,0,1,212,green,5036,T2C
7,0,0,1,212,green,5036,T2C
8,0,0,1,212,green,5036,T2C
9,0,0,1,212,green,5036,T2C
10,0,0,1,212,green,5036,T2C
11,0,0,1,212,green,5036,T2C
12,0,0,1,212,green,5036,T2C
13,0,0,1,212,green,5036,T2C
14,0,0,1,212,green,5036,T2C
15,0,0,1,212,green,5036,T2C
16,0,0,1,212,green,5036,T2C
17,0,0,1,212,green,5036,T2C
18,0,0,1,212,green,5036,T2C
19,0,0,1,212,green,5036,T2C
20,0,0,1,212,green,5036,T2C
21,0,0,1,212,green,5036,T2C
22,0,0,1,212,green,5036,T2C
23,0,0,1,212,green,5036,T2C
24,0,0,1,212,green,5036,T2C
25,0,0,1,212,green,5036,T2C
26,0,0,1,212,green,5036,T2C
27,0,0,1,212,green,5036,T2C
28,0,0,1,212,green,5036,T2C
29,0,0,1,212,green,5036,T2C
30,0,0,1,212,green,5036,T2C
31,0,0,1,212,green,5036,T2C
32,0,0,1,212,green,5036,T2C
33,0,0,1,212,green,5036,T2C
34,0,0,1,212,green,5036,T2C
35,0,0,1,212,green,5036,T2C
36,1,0,0,212,green,5036,T2C
37,1,0,0,212,green,5036,T2C
38,1,0,0,212,green,5036,T2C
39,1,0,0,212,green,5036,T2C
40,1,0,0,212,green,5036,T2C
41,1,0,0,212,green,5036,T2C
42,1,0,0,212,green,5036,T2C
43,1,0,0,212,green,5036,T2C
44,1,0,0,212,green,5036,T2C
45,0,0,1,212,green,5036,T2C
46,0,0,1,212,green,5036,T2C
47,0,0,1,212,green,5036,T2C
48,0,1,0,212,green,5036,T2C
49,0,1,0,212,green,5036,T2C
50,0,1,0,212,green,5036,T2C
51,0,1,0,212,green,5036,T2C
52,0,1,0,212,green,5036,T2C
53,0,1,0,212,green,5036,T2C
54,0,1,0,212,green,5036,T2C
55,0,1,0,212,green,5036,T2C
56,0,1,0,212,green,5036,T2C
57,0,1,0,212,green,5036,T2C
58,0,1,0,212,green,5036,T2C
59,0,1,0,212,green,5036,T2C
60,0,1,0,212,green,5036,T2C
61,0,1,0,212,green,5036,T2C
62,0,1,0,212,green,5036,T2C
63,0,1,0,212,green,5036,T2C
64,0,1,0,212,green,5036,T2C
65,0,1,0,212,green,5036,T2C
66,0,1,0,212,green,5036,T2C
67,0,1,0,212,green,5036,T2C
68,0,1,0,212,green,5036,T2C
69,0,1,0,212,green,5036,T2C
70,0,1,0,212,green,5036,T2C
71,0,1,0,212,green,5036,T2C
72,0,1,0,212,green,5036,T2C
73,0,1,0,212,green,5036,T2C
74,0,1,0,212,green,5036,T2C
75,0,1,0,212,green,5036,T2C
76,0,0,1,212,green,5036,T2C
77,0,0,1,212,green,5036,T2C
78,0,0,1,212,green,5036,T2C
79,0,0,1,212,green,5036,T2C
80,0,0,1,212,green,5036,T2C
81,0,0,1,212,green,5036,T2C
82,0,0,1,212,green,5036,T2C
83,0,0,1,212,green,5036,T2C
84,0,0,1,212,green,5036,T2C
85,0,0,1,212,green,5036,T2C
86,0,0,1,212,green,5036,T2C
87,0,0,1,212,green,5036,T2C
88,0,0,1,212,green,5036,T2C
89,0,0,1,212,green,5036,T2C
90,0,0,1,212,green,5036,T2C
91,0,0,1,212,green,5036,T2C
92,0,0,1,212,green,5036,T2C
93,0,1,0,212,green,5036,T2C
94,0,1,0,212,green,5036,T2C
95,0,1,0,212,green,5036,T2C
96,0,1,0,212,green,5036,T2C
97,0,1,0,212,green,5036,T2C
98,0,1,0,212,green,5036,T2C
99,0,1,0,212,green,5036,T2C
100,0,1,0,212,green,5036,T2C
101,0,1,0,212,green,5036,T2C
102,0,1,0,212,green,5036,T2C
103,0,1,0,212,green,5036,T2C
104,0,1,0,212,green,5036,T2C
105,0,1,0,212,green,5036,T2C
106,0,1,0,212,green,5036,T2C
107,0,1,0,212,green,5036,T2C
108,0,1,0,212,green,5036,T2C
109,0,1,0,212,green,5036,T2C
110,0,1,0,212,green,5036,T2C
111,0,1,0,212,green,5036,T2C
112,0,1,0,212,green,5036,T2C
113,0,1,0,212,green,5036,T2C
114,0,1,0,212,green,5036,T2C
115,0,1,0,212,green,5036,T2C
116,0,1,0,212,green,5036,T2C
117,0,1,0,212,green,5036,T2C
118,0,1,0,212,green,5036,T2C
119,0,1,0,212,green,5036,T2C
120,0,1,0,212,green,5036,T2C
121,0,1,0,212,green,5036,T2C
122,0,1,0,212,green,5036,T2C
123,0,1,0,212,green,5036,T2C
124,0,1,0,212,green,5036,T2C
125,0,1,0,212,green,5036,T2C
126,0,0,1,212,green,5036,T2C
127,0,0,1,212,green,5036,T2C
128,0,0,1,212,green,5036,T2C
129,0,0,1,212,green,5036,T2C
130,0,0,1,212,green,5036,T2C
131,0,0,1,212,green,5036,T2C
132,0,0,1,212,green,5036,T2C
133,0,0,1,212,green,5036,T2C
134,0,0,1,212,green,5036,T2C
135,0,0,1,212,green,5036,T2C
136,0,0,1,212,green,5036,T2C
137,0,0,1,212,green,5036,T2C
138,0,0,1,212,green,5036,T2C
139,0,0,1,212,green,5036,T2C
140,0,0,1,212,green,5036,T2C
141,0,0,1,212,green,5036,T2C
142,0,0,1,212,green,5036,T2C
143,0,0,1,212,green,5036,T2C
144,0,0,1,212,green,5036,T2C
145,0,0,1,212,green,5036,T2C
146,0,0,1,212,green,5036,T2C
147,0,0,1,212,green,5036,T2C
148,0,0,1,212,green,5036,T2C
149,0,0,1,212,green,5036,T2C
150,0,0,1,212,green,5036,T2C
151,0,0,1,212,green,5036,T2C
152,0,1,0,212,green,5036,T2C
153,0,1,0,212,green,5036,T2C
154,0,1,0,212,green,5036,T2C
155,0,1,0,212,green,5036,T2C
156,0,1,0,212,green,5036,T2C
157,0,1,0,212,green,5036,T2C
158,0,1,0,212,green,5036,T2C
159,0,1,0,212,green,5036,T2C
160,0,1,0,212,green,5036,T2C
161,0,1,0,212,green,5036,T2C
162,0,1,0,212,green,5036,T2C
163,0,1,0,212,green,5036,T2C
164,0,1,0,212,green,5036,T2C
165,0,0,1,212,green,5036,T2C
166,0,0,1,212,green,5036,T2C
167,0,0,1,212,green,5036,T2C
168,1,0,0,212,green,5036,T2C
169,1,0,0,212,green,5036,T2C
170,1,0,0,212,green,5036,T2C
171,0,0,1,212,green,5036,T2C
172,0,1,0,212,green,5036,T2C
173,0,1,0,212,green,5036,T2C
174,0,1,0,212,green,5036,T2C
175,0,1,0,212,green,5036,T2C
176,0,1,0,212,green,5036,T2C
177,0,1,0,212,green,5036,T2C
178,0,1,0,212,green,5036,T2C
179,0,1,0,212,green,5036,T2C
180,0,1,0,212,green,5036,T2C
181,0,1,0,212,green,5036,T2C
182,0,1,0,212,green,5036,T2C
183,0,1,0,212,green,5036,T2C
184,0,1,0,212,green,5036,T2C
185,0,1,0,212,green,5036,T2C
186,0,1,0,212,green,5036,T2C
187,0,1,0,212,green,5036,T2C
188,0,1,0,212,green,5036,T2C
189,0,1,0,212,green,5036,T2C
190,0,1,0,212,green,5036,T2C
191,0,1,0,212,green,5036,T2C
192,0,1,0,212,green,5036,T2C
193,0,1,0,212,green,5036,T2C
194,0,1,0,212,green,5036,T2C
195,0,1,0,212,green,5036,T2C
196,0,1,0,212,green,5036,T2C
197,0,1,0,212,green,5036,T2C
0,0,0,1,213,green,3834,T2C
1,0,0,1,213,green,3834,T2C
2,0,0,1,213,green,3834,T2C
3,0,0,1,213,green,3834,T2C
4,0,0,1,213,green,3834,T2C
5,0,0,1,213,green,3834,T2C
6,0,0,1,213,green,3834,T2C
7,0,0,1,213,green,3834,T2C
8,0,0,1,213,green,3834,T2C
9,0,0,1,213,green,3834,T2C
10,0,0,1,213,green,3834,T2C
11,0,0,1,213,green,3834,T2C
12,0,0,1,213,green,3834,T2C
13,0,0,1,213,green,3834,T2C
14,0,0,1,213,green,3834,T2C
15,0,0,1,213,green,3834,T2C
16,0,0,1,213,green,3834,T2C
17,0,0,1,213,green,3834,T2C
18,0,0,1,213,green,3834,T2C
19,0,0,1,213,green,3834,T2C
20,0,0,1,213,green,3834,T2C
21,0,0,1,213,green,3834,T2C
22,0,0,1,213,green,3834,T2C
23,0,0,1,213,green,3834,T2C
24,0,0,1,213,green,3834,T2C
25,0,0,1,213,green,3834,T2C
26,0,0,1,213,green,3834,T2C
27,0,0,1,213,green,3834,T2C
28,0,0,1,213,green,3834,T2C
29,0,0,1,213,green,3834,T2C
30,0,0,1,213,green,3834,T2C
31,0,0,1,213,green,3834,T2C
32,0,0,1,213,green,3834,T2C
33,0,0,1,213,green,3834,T2C
34,0,0,1,213,green,3834,T2C
35,0,0,1,213,green,3834,T2C
36,0,0,1,213,green,3834,T2C
37,0,0,1,213,green,3834,T2C
38,0,0,1,213,green,3834,T2C
39,0,0,1,213,green,3834,T2C
40,0,0,1,213,green,3834,T2C
41,0,0,1,213,green,3834,T2C
42,0,0,1,213,green,3834,T2C
43,0,0,1,213,green,3834,T2C
44,0,0,1,213,green,3834,T2C
45,0,0,1,213,green,3834,T2C
46,0,0,1,213,green,3834,T2C
47,0,0,1,213,green,3834,T2C
48,0,0,1,213,green,3834,T2C
49,0,0,1,213,green,3834,T2C
50,0,0,1,213,green,3834,T2C
51,0,0,1,213,green,3834,T2C
52,0,0,1,213,green,3834,T2C
53,0,0,1,213,green,3834,T2C
54,0,0,1,213,green,3834,T2C
55,0,0,1,213,green,3834,T2C
56,0,0,1,213,green,3834,T2C
57,0,0,1,213,green,3834,T2C
58,0,0,1,213,green,3834,T2C
59,0,0,1,213,green,3834,T2C
60,0,0,1,213,green,3834,T2C
61,0,0,1,213,green,3834,T2C
62,0,0,1,213,green,3834,T2C
63,0,0,1,213,green,3834,T2C
64,0,0,1,213,green,3834,T2C
65,0,0,1,213,green,3834,T2C
66,0,0,1,213,green,3834,T2C
67,0,1,0,213,green,3834,T2C
68,0,1,0,213,green,3834,T2C
69,0,1,0,213,green,3834,T2C
70,0,1,0,213,green,3834,T2C
71,0,1,0,213,green,3834,T2C
72,0,1,0,213,green,3834,T2C
73,0,1,0,213,green,3834,T2C
74,0,1,0,213,green,3834,T2C
75,0,1,0,213,green,3834,T2C
76,0,1,0,213,green,3834,T2C
77,0,1,0,213,green,3834,T2C
78,0,1,0,213,green,3834,T2C
79,0,1,0,213,green,3834,T2C
80,0,1,0,213,green,3834,T2C
81,0,1,0,213,green,3834,T2C
82,0,1,0,213,green,3834,T2C
83,0,1,0,213,green,3834,T2C
84,0,1,0,213,green,3834,T2C
85,0,1,0,213,green,3834,T2C
86,0,1,0,213,green,3834,T2C
87,0,1,0,213,green,3834,T2C
88,0,1,0,213,green,3834,T2C
89,0,1,0,213,green,3834,T2C
90,0,1,0,213,green,3834,T2C
91,0,1,0,213,green,3834,T2C
92,0,1,0,213,green,3834,T2C
93,0,1,0,213,green,3834,T2C
94,0,1,0,213,green,3834,T2C
95,0,1,0,213,green,3834,T2C
96,0,1,0,213,green,3834,T2C
97,0,1,0,213,green,3834,T2C
98,0,1,0,213,green,3834,T2C
99,0,1,0,213,green,3834,T2C
100,0,1,0,213,green,3834,T2C
101,0,1,0,213,green,3834,T2C
102,0,1,0,213,green,3834,T2C
103,0,1,0,213,green,3834,T2C
104,0,1,0,213,green,3834,T2C
105,0,1,0,213,green,3834,T2C
106,0,1,0,213,green,3834,T2C
107,0,1,0,213,green,3834,T2C
108,0,1,0,213,green,3834,T2C
109,0,1,0,213,green,3834,T2C
110,0,1,0,213,green,3834,T2C
111,0,1,0,213,green,3834,T2C
112,0,1,0,213,green,3834,T2C
113,0,1,0,213,green,3834,T2C
114,0,1,0,213,green,3834,T2C
115,0,1,0,213,green,3834,T2C
116,0,1,0,213,green,3834,T2C
117,0,1,0,213,green,3834,T2C
118,0,1,0,213,green,3834,T2C
119,0,1,0,213,green,3834,T2C
120,0,1,0,213,green,3834,T2C
121,0,1,0,213,green,3834,T2C
122,0,1,0,213,green,3834,T2C
123,0,1,0,213,green,3834,T2C
124,0,1,0,213,green,3834,T2C
125,0,1,0,213,green,3834,T2C
126,0,1,0,213,green,3834,T2C
127,0,1,0,213,green,3834,T2C
128,0,1,0,213,green,3834,T2C
129,0,1,0,213,green,3834,T2C
130,0,1,0,213,green,3834,T2C
131,0,1,0,213,green,3834,T2C
132,0,1,0,213,green,3834,T2C
133,0,1,0,213,green,3834,T2C
134,0,1,0,213,green,3834,T2C
135,0,1,0,213,green,3834,T2C
136,0,1,0,213,green,3834,T2C
137,0,1,0,213,green,3834,T2C
138,0,1,0,213,green,3834,T2C
139,0,1,0,213,green,3834,T2C
140,0,1,0,213,green,3834,T2C
141,0,1,0,213,green,3834,T2C
142,0,1,0,213,green,3834,T2C
143,0,1,0,213,green,3834,T2C
144,0,1,0,213,green,3834,T2C
145,0,1,0,213,green,3834,T2C
146,0,1,0,213,green,3834,T2C
147,0,1,0,213,green,3834,T2C
148,0,1,0,213,green,3834,T2C
149,0,1,0,213,green,3834,T2C
150,0,1,0,213,green,3834,T2C
151,0,1,0,213,green,3834,T2C
152,0,1,0,213,green,3834,T2C
153,0,1,0,213,green,3834,T2C
154,0,1,0,213,green,3834,T2C
155,0,1,0,213,green,3834,T2C
156,0,1,0,213,green,3834,T2C
157,0,1,0,213,green,3834,T2C
158,0,1,0,213,green,3834,T2C
159,0,1,0,213,green,3834,T2C
160,0,1,0,213,green,3834,T2C
161,0,1,0,213,green,3834,T2C
162,0,1,0,213,green,3834,T2C
163,0,1,0,213,green,3834,T2C
164,0,1,0,213,green,3834,T2C
165,0,1,0,213,green,3834,T2C
166,0,1,0,213,green,3834,T2C
167,0,1,0,213,green,3834,T2C
168,0,1,0,213,green,3834,T2C
169,0,1,0,213,green,3834,T2C
170,0,1,0,213,green,3834,T2C
171,0,1,0,213,green,3834,T2C
172,0,1,0,213,green,3834,T2C
173,0,1,0,213,green,3834,T2C
174,0,1,0,213,green,3834,T2C
175,0,1,0,213,green,3834,T2C
176,0,1,0,213,green,3834,T2C
177,0,1,0,213,green,3834,T2C
178,0,1,0,213,green,3834,T2C
179,0,1,0,213,green,3834,T2C
180,0,1,0,213,green,3834,T2C
181,0,1,0,213,green,3834,T2C
182,0,1,0,213,green,3834,T2C
183,0,1,0,213,green,3834,T2C
184,0,1,0,213,green,3834,T2C
185,0,1,0,213,green,3834,T2C
186,0,1,0,213,green,3834,T2C
187,0,1,0,213,green,3834,T2C
188,0,1,0,213,green,3834,T2C
189,0,1,0,213,green,3834,T2C
190,0,1,0,213,green,3834,T2C
191,0,1,0,213,green,3834,T2C
192,0,1,0,213,green,3834,T2C
193,0,1,0,213,green,3834,T2C
194,0,1,0,213,green,3834,T2C
195,0,1,0,213,green,3834,T2C
196,0,1,0,213,green,3834,T2C
197,0,1,0,213,green,3834,T2C
0,0,0,1,214,green,4411,T2C
1,0,0,1,214,green,4411,T2C
2,0,0,1,214,green,4411,T2C
3,0,0,1,214,green,4411,T2C
4,0,0,1,214,green,4411,T2C
5,0,0,1,214,green,4411,T2C
6,0,0,1,214,green,4411,T2C
7,0,0,1,214,green,4411,T2C
8,0,0,1,214,green,4411,T2C
9,0,0,1,214,green,4411,T2C
10,0,0,1,214,green,4411,T2C
11,0,0,1,214,green,4411,T2C
12,0,0,1,214,green,4411,T2C
13,0,0,1,214,green,4411,T2C
14,0,0,1,214,green,4411,T2C
15,0,0,1,214,green,4411,T2C
16,0,0,1,214,green,4411,T2C
17,0,0,1,214,green,4411,T2C
18,0,0,1,214,green,4411,T2C
19,0,0,1,214,green,4411,T2C
20,0,0,1,214,green,4411,T2C
21,0,0,1,214,green,4411,T2C
22,0,0,1,214,green,4411,T2C
23,0,0,1,214,green,4411,T2C
24,0,0,1,214,green,4411,T2C
25,0,0,1,214,green,4411,T2C
26,0,0,1,214,green,4411,T2C
27,0,0,1,214,green,4411,T2C
28,0,0,1,214,green,4411,T2C
29,0,0,1,214,green,4411,T2C
30,0,0,1,214,green,4411,T2C
31,0,0,1,214,green,4411,T2C
32,0,0,1,214,green,4411,T2C
33,0,0,1,214,green,4411,T2C
34,0,0,1,214,green,4411,T2C
35,0,0,1,214,green,4411,T2C
36,0,0,1,214,green,4411,T2C
37,0,0,1,214,green,4411,T2C
38,0,0,1,214,green,4411,T2C
39,0,0,1,214,green,4411,T2C
40,0,0,1,214,green,4411,T2C
41,0,0,1,214,green,4411,T2C
42,0,0,1,214,green,4411,T2C
43,0,0,1,214,green,4411,T2C
44,0,0,1,214,green,4411,T2C
45,0,0,1,214,green,4411,T2C
46,0,0,1,214,green,4411,T2C
47,0,0,1,214,green,4411,T2C
48,0,0,1,214,green,4411,T2C
49,0,0,1,214,green,4411,T2C
50,0,0,1,214,green,4411,T2C
51,0,0,1,214,green,4411,T2C
52,0,0,1,214,green,4411,T2C
53,0,0,1,214,green,4411,T2C
54,0,0,1,214,green,4411,T2C
55,0,0,1,214,green,4411,T2C
56,0,0,1,214,green,4411,T2C
57,0,0,1,214,green,4411,T2C
58,0,0,1,214,green,4411,T2C
59,0,0,1,214,green,4411,T2C
60,0,0,1,214,green,4411,T2C
61,0,0,1,214,green,4411,T2C
62,0,0,1,214,green,4411,T2C
63,0,0,1,214,green,4411,T2C
64,0,0,1,214,green,4411,T2C
65,0,1,0,214,green,4411,T2C
66,0,1,0,214,green,4411,T2C
67,0,1,0,214,green,4411,T2C
68,0,1,0,214,green,4411,T2C
69,0,1,0,214,green,4411,T2C
70,0,1,0,214,green,4411,T2C
71,0,1,0,214,green,4411,T2C
72,0,1,0,214,green,4411,T2C
73,0,1,0,214,green,4411,T2C
74,0,1,0,214,green,4411,T2C
75,0,1,0,214,green,4411,T2C
76,0,1,0,214,green,4411,T2C
77,0,1,0,214,green,4411,T2C
78,0,1,0,214,green,4411,T2C
79,0,1,0,214,green,4411,T2C
80,0,1,0,214,green,4411,T2C
81,0,1,0,214,green,4411,T2C
82,0,1,0,214,green,4411,T2C
83,0,1,0,214,green,4411,T2C
84,0,1,0,214,green,4411,T2C
85,0,1,0,214,green,4411,T2C
86,0,1,0,214,green,4411,T2C
87,0,1,0,214,green,4411,T2C
88,0,1,0,214,green,4411,T2C
89,0,1,0,214,green,4411,T2C
90,0,1,0,214,green,4411,T2C
91,0,1,0,214,green,4411,T2C
92,0,1,0,214,green,4411,T2C
93,0,1,0,214,green,4411,T2C
94,0,0,1,214,green,4411,T2C
95,0,0,1,214,green,4411,T2C
96,0,0,1,214,green,4411,T2C
97,0,0,1,214,green,4411,T2C
98,0,0,1,214,green,4411,T2C
99,0,0,1,214,green,4411,T2C
100,0,0,1,214,green,4411,T2C
101,0,0,1,214,green,4411,T2C
102,0,0,1,214,green,4411,T2C
103,1,0,0,214,green,4411,T2C
104,1,0,0,214,green,4411,T2C
105,1,0,0,214,green,4411,T2C
106,1,0,0,214,green,4411,T2C
107,1,0,0,214,green,4411,T2C
108,1,0,0,214,green,4411,T2C
109,1,0,0,214,green,4411,T2C
110,1,0,0,214,green,4411,T2C
111,1,0,0,214,green,4411,T2C
112,1,0,0,214,green,4411,T2C
113,1,0,0,214,green,4411,T2C
114,1,0,0,214,green,4411,T2C
115,1,0,0,214,green,4411,T2C
116,1,0,0,214,green,4411,T2C
117,1,0,0,214,green,4411,T2C
118,1,0,0,214,green,4411,T2C
119,1,0,0,214,green,4411,T2C
120,0,1,0,214,green,4411,T2C
121,0,1,0,214,green,4411,T2C
122,0,1,0,214,green,4411,T2C
123,0,1,0,214,green,4411,T2C
124,0,1,0,214,green,4411,T2C
125,0,1,0,214,green,4411,T2C
126,0,1,0,214,green,4411,T2C
127,0,1,0,214,green,4411,T2C
128,0,1,0,214,green,4411,T2C
129,0,1,0,214,green,4411,T2C
130,0,1,0,214,green,4411,T2C
131,0,1,0,214,green,4411,T2C
132,0,1,0,214,green,4411,T2C
133,0,1,0,214,green,4411,T2C
134,0,1,0,214,green,4411,T2C
135,0,1,0,214,green,4411,T2C
136,0,1,0,214,green,4411,T2C
137,0,1,0,214,green,4411,T2C
138,0,1,0,214,green,4411,T2C
139,0,1,0,214,green,4411,T2C
140,0,1,0,214,green,4411,T2C
141,0,1,0,214,green,4411,T2C
142,0,1,0,214,green,4411,T2C
143,0,1,0,214,green,4411,T2C
144,0,1,0,214,green,4411,T2C
145,0,1,0,214,green,4411,T2C
146,0,1,0,214,green,4411,T2C
147,0,1,0,214,green,4411,T2C
148,0,1,0,214,green,4411,T2C
149,0,1,0,214,green,4411,T2C
150,0,1,0,214,green,4411,T2C
151,0,1,0,214,green,4411,T2C
152,0,1,0,214,green,4411,T2C
153,0,1,0,214,green,4411,T2C
154,0,1,0,214,green,4411,T2C
155,0,1,0,214,green,4411,T2C
156,0,1,0,214,green,4411,T2C
157,0,1,0,214,green,4411,T2C
158,0,1,0,214,green,4411,T2C
159,0,1,0,214,green,4411,T2C
160,0,1,0,214,green,4411,T2C
161,0,1,0,214,green,4411,T2C
162,0,1,0,214,green,4411,T2C
163,0,1,0,214,green,4411,T2C
164,0,1,0,214,green,4411,T2C
165,0,1,0,214,green,4411,T2C
166,0,1,0,214,green,4411,T2C
167,0,1,0,214,green,4411,T2C
168,0,1,0,214,green,4411,T2C
169,0,1,0,214,green,4411,T2C
170,0,1,0,214,green,4411,T2C
171,0,1,0,214,green,4411,T2C
172,0,1,0,214,green,4411,T2C
173,0,1,0,214,green,4411,T2C
174,0,1,0,214,green,4411,T2C
175,0,1,0,214,green,4411,T2C
176,0,1,0,214,green,4411,T2C
177,0,1,0,214,green,4411,T2C
178,0,1,0,214,green,4411,T2C
179,0,1,0,214,green,4411,T2C
180,0,1,0,214,green,4411,T2C
181,0,1,0,214,green,4411,T2C
182,0,1,0,214,green,4411,T2C
183,0,1,0,214,green,4411,T2C
184,0,1,0,214,green,4411,T2C
185,0,1,0,214,green,4411,T2C
186,0,1,0,214,green,4411,T2C
187,0,1,0,214,green,4411,T2C
188,0,1,0,214,green,4411,T2C
189,0,1,0,214,green,4411,T2C
190,0,1,0,214,green,4411,T2C
191,0,1,0,214,green,4411,T2C
192,0,1,0,214,green,4411,T2C
193,0,1,0,214,green,4411,T2C
194,0,1,0,214,green,4411,T2C
195,0,1,0,214,green,4411,T2C
196,0,1,0,214,green,4411,T2C
197,0,1,0,214,green,4411,T2C
0,1,0,0,215,green,5070,T2C
1,1,0,0,215,green,5070,T2C
2,1,0,0,215,green,5070,T2C
3,1,0,0,215,green,5070,T2C
4,1,0,0,215,green,5070,T2C
5,1,0,0,215,green,5070,T2C
6,1,0,0,215,green,5070,T2C
7,1,0,0,215,green,5070,T2C
8,1,0,0,215,green,5070,T2C
9,1,0,0,215,green,5070,T2C
10,1,0,0,215,green,5070,T2C
11,1,0,0,215,green,5070,T2C
12,1,0,0,215,green,5070,T2C
13,1,0,0,215,green,5070,T2C
14,1,0,0,215,green,5070,T2C
15,1,0,0,215,green,5070,T2C
16,1,0,0,215,green,5070,T2C
17,1,0,0,215,green,5070,T2C
18,1,0,0,215,green,5070,T2C
19,1,0,0,215,green,5070,T2C
20,1,0,0,215,green,5070,T2C
21,1,0,0,215,green,5070,T2C
22,1,0,0,215,green,5070,T2C
23,1,0,0,215,green,5070,T2C
24,1,0,0,215,green,5070,T2C
25,1,0,0,215,green,5070,T2C
26,1,0,0,215,green,5070,T2C
27,1,0,0,215,green,5070,T2C
28,1,0,0,215,green,5070,T2C
29,1,0,0,215,green,5070,T2C
30,1,0,0,215,green,5070,T2C
31,1,0,0,215,green,5070,T2C
32,1,0,0,215,green,5070,T2C
33,1,0,0,215,green,5070,T2C
34,1,0,0,215,green,5070,T2C
35,1,0,0,215,green,5070,T2C
36,1,0,0,215,green,5070,T2C
37,1,0,0,215,green,5070,T2C
38,1,0,0,215,green,5070,T2C
39,1,0,0,215,green,5070,T2C
40,1,0,0,215,green,5070,T2C
41,1,0,0,215,green,5070,T2C
42,1,0,0,215,green,5070,T2C
43,1,0,0,215,green,5070,T2C
44,1,0,0,215,green,5070,T2C
45,1,0,0,215,green,5070,T2C
46,1,0,0,215,green,5070,T2C
47,1,0,0,215,green,5070,T2C
48,1,0,0,215,green,5070,T2C
49,1,0,0,215,green,5070,T2C
50,1,0,0,215,green,5070,T2C
51,1,0,0,215,green,5070,T2C
52,1,0,0,215,green,5070,T2C
53,1,0,0,215,green,5070,T2C
54,1,0,0,215,green,5070,T2C
55,1,0,0,215,green,5070,T2C
56,1,0,0,215,green,5070,T2C
57,1,0,0,215,green,5070,T2C
58,1,0,0,215,green,5070,T2C
59,1,0,0,215,green,5070,T2C
60,1,0,0,215,green,5070,T2C
61,1,0,0,215,green,5070,T2C
62,1,0,0,215,green,5070,T2C
63,1,0,0,215,green,5070,T2C
64,1,0,0,215,green,5070,T2C
65,1,0,0,215,green,5070,T2C
66,1,0,0,215,green,5070,T2C
67,1,0,0,215,green,5070,T2C
68,1,0,0,215,green,5070,T2C
69,0,0,1,215,green,5070,T2C
70,0,0,1,215,green,5070,T2C
71,0,1,0,215,green,5070,T2C
72,0,1,0,215,green,5070,T2C
73,0,1,0,215,green,5070,T2C
74,0,1,0,215,green,5070,T2C
75,0,1,0,215,green,5070,T2C
76,0,1,0,215,green,5070,T2C
77,0,1,0,215,green,5070,T2C
78,0,1,0,215,green,5070,T2C
79,0,1,0,215,green,5070,T2C
80,0,1,0,215,green,5070,T2C
81,0,1,0,215,green,5070,T2C
82,0,1,0,215,green,5070,T2C
83,0,1,0,215,green,5070,T2C
84,0,1,0,215,green,5070,T2C
85,0,1,0,215,green,5070,T2C
86,0,1,0,215,green,5070,T2C
87,0,1,0,215,green,5070,T2C
88,0,1,0,215,green,5070,T2C
89,0,1,0,215,green,5070,T2C
90,0,1,0,215,green,5070,T2C
91,0,1,0,215,green,5070,T2C
92,0,1,0,215,green,5070,T2C
93,0,1,0,215,green,5070,T2C
94,0,1,0,215,green,5070,T2C
95,0,1,0,215,green,5070,T2C
96,0,1,0,215,green,5070,T2C
97,0,1,0,215,green,5070,T2C
98,0,1,0,215,green,5070,T2C
99,0,1,0,215,green,5070,T2C
100,0,1,0,215,green,5070,T2C
101,0,1,0,215,green,5070,T2C
102,0,1,0,215,green,5070,T2C
103,0,1,0,215,green,5070,T2C
104,0,1,0,215,green,5070,T2C
105,0,1,0,215,green,5070,T2C
106,0,1,0,215,green,5070,T2C
107,1,0,0,215,green,5070,T2C
108,1,0,0,215,green,5070,T2C
109,1,0,0,215,green,5070,T2C
110,1,0,0,215,green,5070,T2C
111,1,0,0,215,green,5070,T2C
112,1,0,0,215,green,5070,T2C
113,1,0,0,215,green,5070,T2C
114,1,0,0,215,green,5070,T2C
115,1,0,0,215,green,5070,T2C
116,1,0,0,215,green,5070,T2C
117,1,0,0,215,green,5070,T2C
118,1,0,0,215,green,5070,T2C
119,1,0,0,215,green,5070,T2C
120,1,0,0,215,green,5070,T2C
121,1,0,0,215,green,5070,T2C
122,1,0,0,215,green,5070,T2C
123,1,0,0,215,green,5070,T2C
124,1,0,0,215,green,5070,T2C
125,1,0,0,215,green,5070,T2C
126,1,0,0,215,green,5070,T2C
127,1,0,0,215,green,5070,T2C
128,1,0,0,215,green,5070,T2C
129,1,0,0,215,green,5070,T2C
130,1,0,0,215,green,5070,T2C
131,1,0,0,215,green,5070,T2C
132,1,0,0,215,green,5070,T2C
133,0,1,0,215,green,5070,T2C
134,0,1,0,215,green,5070,T2C
135,0,1,0,215,green,5070,T2C
136,0,1,0,215,green,5070,T2C
137,0,1,0,215,green,5070,T2C
138,0,1,0,215,green,5070,T2C
139,0,1,0,215,green,5070,T2C
140,0,1,0,215,green,5070,T2C
141,0,1,0,215,green,5070,T2C
142,0,1,0,215,green,5070,T2C
143,0,1,0,215,green,5070,T2C
144,0,1,0,215,green,5070,T2C
145,0,1,0,215,green,5070,T2C
146,0,1,0,215,green,5070,T2C
147,0,1,0,215,green,5070,T2C
148,0,1,0,215,green,5070,T2C
149,0,1,0,215,green,5070,T2C
150,0,1,0,215,green,5070,T2C
151,0,1,0,215,green,5070,T2C
152,0,1,0,215,green,5070,T2C
153,0,1,0,215,green,5070,T2C
154,0,1,0,215,green,5070,T2C
155,0,1,0,215,green,5070,T2C
156,0,1,0,215,green,5070,T2C
157,0,1,0,215,green,5070,T2C
158,0,1,0,215,green,5070,T2C
159,0,1,0,215,green,5070,T2C
160,0,1,0,215,green,5070,T2C
161,0,1,0,215,green,5070,T2C
162,0,0,1,215,green,5070,T2C
163,1,0,0,215,green,5070,T2C
164,1,0,0,215,green,5070,T2C
165,1,0,0,215,green,5070,T2C
166,1,0,0,215,green,5070,T2C
167,1,0,0,215,green,5070,T2C
168,1,0,0,215,green,5070,T2C
169,1,0,0,215,green,5070,T2C
170,1,0,0,215,green,5070,T2C
171,1,0,0,215,green,5070,T2C
172,1,0,0,215,green,5070,T2C
173,1,0,0,215,green,5070,T2C
174,1,0,0,215,green,5070,T2C
175,1,0,0,215,green,5070,T2C
176,1,0,0,215,green,5070,T2C
177,1,0,0,215,green,5070,T2C
178,0,0,1,215,green,5070,T2C
179,0,1,0,215,green,5070,T2C
180,0,1,0,215,green,5070,T2C
181,0,1,0,215,green,5070,T2C
182,0,1,0,215,green,5070,T2C
183,0,1,0,215,green,5070,T2C
184,0,1,0,215,green,5070,T2C
185,0,1,0,215,green,5070,T2C
186,0,1,0,215,green,5070,T2C
187,0,1,0,215,green,5070,T2C
188,0,1,0,215,green,5070,T2C
189,0,1,0,215,green,5070,T2C
190,0,1,0,215,green,5070,T2C
191,0,1,0,215,green,5070,T2C
192,0,1,0,215,green,5070,T2C
193,0,1,0,215,green,5070,T2C
194,0,1,0,215,green,5070,T2C
195,0,1,0,215,green,5070,T2C
196,0,1,0,215,green,5070,T2C
197,0,1,0,215,green,5070,T2C
0,0,0,1,216,green,5998,T2C
1,0,0,1,216,green,5998,T2C
2,0,0,1,216,green,5998,T2C
3,0,0,1,216,green,5998,T2C
4,0,0,1,216,green,5998,T2C
5,0,0,1,216,green,5998,T2C
6,0,0,1,216,green,5998,T2C
7,0,0,1,216,green,5998,T2C
8,0,0,1,216,green,5998,T2C
9,0,0,1,216,green,5998,T2C
10,0,0,1,216,green,5998,T2C
11,0,0,1,216,green,5998,T2C
12,0,0,1,216,green,5998,T2C
13,0,0,1,216,green,5998,T2C
14,0,0,1,216,green,5998,T2C
15,0,0,1,216,green,5998,T2C
16,0,0,1,216,green,5998,T2C
17,0,0,1,216,green,5998,T2C
18,0,0,1,216,green,5998,T2C
19,0,0,1,216,green,5998,T2C
20,0,0,1,216,green,5998,T2C
21,0,0,1,216,green,5998,T2C
22,0,0,1,216,green,5998,T2C
23,0,0,1,216,green,5998,T2C
24,0,0,1,216,green,5998,T2C
25,0,0,1,216,green,5998,T2C
26,0,0,1,216,green,5998,T2C
27,0,0,1,216,green,5998,T2C
28,0,0,1,216,green,5998,T2C
29,0,0,1,216,green,5998,T2C
30,0,0,1,216,green,5998,T2C
31,0,0,1,216,green,5998,T2C
32,0,0,1,216,green,5998,T2C
33,0,0,1,216,green,5998,T2C
34,0,0,1,216,green,5998,T2C
35,0,0,1,216,green,5998,T2C
36,0,0,1,216,green,5998,T2C
37,0,0,1,216,green,5998,T2C
38,0,0,1,216,green,5998,T2C
39,0,0,1,216,green,5998,T2C
40,0,0,1,216,green,5998,T2C
41,0,0,1,216,green,5998,T2C
42,0,0,1,216,green,5998,T2C
43,0,0,1,216,green,5998,T2C
44,0,0,1,216,green,5998,T2C
45,0,0,1,216,green,5998,T2C
46,0,0,1,216,green,5998,T2C
47,0,0,1,216,green,5998,T2C
48,0,0,1,216,green,5998,T2C
49,0,0,1,216,green,5998,T2C
50,0,0,1,216,green,5998,T2C
51,0,0,1,216,green,5998,T2C
52,0,0,1,216,green,5998,T2C
53,0,0,1,216,green,5998,T2C
54,0,0,1,216,green,5998,T2C
55,0,0,1,216,green,5998,T2C
56,0,0,1,216,green,5998,T2C
57,0,0,1,216,green,5998,T2C
58,0,0,1,216,green,5998,T2C
59,0,0,1,216,green,5998,T2C
60,0,0,1,216,green,5998,T2C
61,0,0,1,216,green,5998,T2C
62,0,0,1,216,green,5998,T2C
63,0,0,1,216,green,5998,T2C
64,0,0,1,216,green,5998,T2C
65,0,0,1,216,green,5998,T2C
66,0,0,1,216,green,5998,T2C
67,0,0,1,216,green,5998,T2C
68,0,0,1,216,green,5998,T2C
69,0,0,1,216,green,5998,T2C
70,0,0,1,216,green,5998,T2C
71,0,0,1,216,green,5998,T2C
72,0,0,1,216,green,5998,T2C
73,0,0,1,216,green,5998,T2C
74,0,0,1,216,green,5998,T2C
75,0,0,1,216,green,5998,T2C
76,0,0,1,216,green,5998,T2C
77,0,0,1,216,green,5998,T2C
78,0,1,0,216,green,5998,T2C
79,0,1,0,216,green,5998,T2C
80,0,1,0,216,green,5998,T2C
81,0,1,0,216,green,5998,T2C
82,0,1,0,216,green,5998,T2C
83,0,1,0,216,green,5998,T2C
84,0,1,0,216,green,5998,T2C
85,0,1,0,216,green,5998,T2C
86,0,1,0,216,green,5998,T2C
87,0,1,0,216,green,5998,T2C
88,0,1,0,216,green,5998,T2C
89,0,1,0,216,green,5998,T2C
90,0,1,0,216,green,5998,T2C
91,0,1,0,216,green,5998,T2C
92,0,1,0,216,green,5998,T2C
93,0,1,0,216,green,5998,T2C
94,0,1,0,216,green,5998,T2C
95,0,1,0,216,green,5998,T2C
96,0,1,0,216,green,5998,T2C
97,0,1,0,216,green,5998,T2C
98,0,1,0,216,green,5998,T2C
99,0,1,0,216,green,5998,T2C
100,0,1,0,216,green,5998,T2C
101,0,1,0,216,green,5998,T2C
102,0,1,0,216,green,5998,T2C
103,0,1,0,216,green,5998,T2C
104,0,1,0,216,green,5998,T2C
105,0,1,0,216,green,5998,T2C
106,0,1,0,216,green,5998,T2C
107,0,1,0,216,green,5998,T2C
108,0,1,0,216,green,5998,T2C
109,0,1,0,216,green,5998,T2C
110,0,1,0,216,green,5998,T2C
111,0,1,0,216,green,5998,T2C
112,0,1,0,216,green,5998,T2C
113,0,1,0,216,green,5998,T2C
114,0,1,0,216,green,5998,T2C
115,0,1,0,216,green,5998,T2C
116,0,1,0,216,green,5998,T2C
117,0,1,0,216,green,5998,T2C
118,0,1,0,216,green,5998,T2C
119,0,1,0,216,green,5998,T2C
120,0,1,0,216,green,5998,T2C
121,0,1,0,216,green,5998,T2C
122,0,1,0,216,green,5998,T2C
123,0,1,0,216,green,5998,T2C
124,0,1,0,216,green,5998,T2C
125,0,1,0,216,green,5998,T2C
126,0,1,0,216,green,5998,T2C
127,0,1,0,216,green,5998,T2C
128,0,1,0,216,green,5998,T2C
129,0,1,0,216,green,5998,T2C
130,0,1,0,216,green,5998,T2C
131,0,1,0,216,green,5998,T2C
132,0,1,0,216,green,5998,T2C
133,0,1,0,216,green,5998,T2C
134,0,1,0,216,green,5998,T2C
135,0,1,0,216,green,5998,T2C
136,0,1,0,216,green,5998,T2C
137,0,1,0,216,green,5998,T2C
138,0,1,0,216,green,5998,T2C
139,0,1,0,216,green,5998,T2C
140,0,1,0,216,green,5998,T2C
141,0,1,0,216,green,5998,T2C
142,0,1,0,216,green,5998,T2C
143,0,1,0,216,green,5998,T2C
144,0,1,0,216,green,5998,T2C
145,0,1,0,216,green,5998,T2C
146,0,1,0,216,green,5998,T2C
147,0,1,0,216,green,5998,T2C
148,0,1,0,216,green,5998,T2C
149,0,1,0,216,green,5998,T2C
150,0,1,0,216,green,5998,T2C
151,0,1,0,216,green,5998,T2C
152,0,1,0,216,green,5998,T2C
153,0,1,0,216,green,5998,T2C
154,0,1,0,216,green,5998,T2C
155,0,1,0,216,green,5998,T2C
156,0,1,0,216,green,5998,T2C
157,0,1,0,216,green,5998,T2C
158,0,1,0,216,green,5998,T2C
159,0,1,0,216,green,5998,T2C
160,0,1,0,216,green,5998,T2C
161,0,1,0,216,green,5998,T2C
162,0,1,0,216,green,5998,T2C
163,0,1,0,216,green,5998,T2C
164,0,1,0,216,green,5998,T2C
165,0,1,0,216,green,5998,T2C
166,0,1,0,216,green,5998,T2C
167,0,1,0,216,green,5998,T2C
168,0,1,0,216,green,5998,T2C
169,0,1,0,216,green,5998,T2C
170,0,1,0,216,green,5998,T2C
171,0,1,0,216,green,5998,T2C
172,0,1,0,216,green,5998,T2C
173,0,1,0,216,green,5998,T2C
174,0,1,0,216,green,5998,T2C
175,0,1,0,216,green,5998,T2C
176,0,1,0,216,green,5998,T2C
177,0,1,0,216,green,5998,T2C
178,0,1,0,216,green,5998,T2C
179,0,1,0,216,green,5998,T2C
180,0,1,0,216,green,5998,T2C
181,0,1,0,216,green,5998,T2C
182,0,1,0,216,green,5998,T2C
183,0,1,0,216,green,5998,T2C
184,0,1,0,216,green,5998,T2C
185,0,1,0,216,green,5998,T2C
186,0,1,0,216,green,5998,T2C
187,0,1,0,216,green,5998,T2C
188,0,1,0,216,green,5998,T2C
189,0,1,0,216,green,5998,T2C
190,0,1,0,216,green,5998,T2C
191,0,1,0,216,green,5998,T2C
192,0,1,0,216,green,5998,T2C
193,0,1,0,216,green,5998,T2C
194,0,1,0,216,green,5998,T2C
195,0,1,0,216,green,5998,T2C
196,0,1,0,216,green,5998,T2C
197,0,1,0,216,green,5998,T2C
0,0,0,1,217,green,4999,T2C
1,0,0,1,217,green,4999,T2C
2,0,0,1,217,green,4999,T2C
3,0,0,1,217,green,4999,T2C
4,0,0,1,217,green,4999,T2C
5,0,0,1,217,green,4999,T2C
6,0,0,1,217,green,4999,T2C
7,0,0,1,217,green,4999,T2C
8,0,0,1,217,green,4999,T2C
9,0,0,1,217,green,4999,T2C
10,0,0,1,217,green,4999,T2C
11,0,0,1,217,green,4999,T2C
12,0,0,1,217,green,4999,T2C
13,0,0,1,217,green,4999,T2C
14,0,0,1,217,green,4999,T2C
15,0,0,1,217,green,4999,T2C
16,0,0,1,217,green,4999,T2C
17,0,0,1,217,green,4999,T2C
18,0,0,1,217,green,4999,T2C
19,0,0,1,217,green,4999,T2C
20,0,0,1,217,green,4999,T2C
21,0,0,1,217,green,4999,T2C
22,0,0,1,217,green,4999,T2C
23,0,0,1,217,green,4999,T2C
24,0,0,1,217,green,4999,T2C
25,0,0,1,217,green,4999,T2C
26,0,0,1,217,green,4999,T2C
27,0,0,1,217,green,4999,T2C
28,0,0,1,217,green,4999,T2C
29,0,0,1,217,green,4999,T2C
30,0,0,1,217,green,4999,T2C
31,0,0,1,217,green,4999,T2C
32,0,0,1,217,green,4999,T2C
33,0,0,1,217,green,4999,T2C
34,0,0,1,217,green,4999,T2C
35,0,1,0,217,green,4999,T2C
36,0,1,0,217,green,4999,T2C
37,0,1,0,217,green,4999,T2C
38,0,1,0,217,green,4999,T2C
39,0,1,0,217,green,4999,T2C
40,0,1,0,217,green,4999,T2C
41,0,1,0,217,green,4999,T2C
42,0,1,0,217,green,4999,T2C
43,0,1,0,217,green,4999,T2C
44,0,1,0,217,green,4999,T2C
45,0,1,0,217,green,4999,T2C
46,0,1,0,217,green,4999,T2C
47,0,1,0,217,green,4999,T2C
48,0,1,0,217,green,4999,T2C
49,0,1,0,217,green,4999,T2C
50,0,0,1,217,green,4999,T2C
51,0,0,1,217,green,4999,T2C
52,0,0,1,217,green,4999,T2C
53,0,0,1,217,green,4999,T2C
54,1,0,0,217,green,4999,T2C
55,1,0,0,217,green,4999,T2C
56,1,0,0,217,green,4999,T2C
57,1,0,0,217,green,4999,T2C
58,1,0,0,217,green,4999,T2C
59,1,0,0,217,green,4999,T2C
60,1,0,0,217,green,4999,T2C
61,1,0,0,217,green,4999,T2C
62,1,0,0,217,green,4999,T2C
63,1,0,0,217,green,4999,T2C
64,1,0,0,217,green,4999,T2C
65,1,0,0,217,green,4999,T2C
66,1,0,0,217,green,4999,T2C
67,1,0,0,217,green,4999,T2C
68,1,0,0,217,green,4999,T2C
69,1,0,0,217,green,4999,T2C
70,1,0,0,217,green,4999,T2C
71,1,0,0,217,green,4999,T2C
72,1,0,0,217,green,4999,T2C
73,1,0,0,217,green,4999,T2C
74,1,0,0,217,green,4999,T2C
75,1,0,0,217,green,4999,T2C
76,1,0,0,217,green,4999,T2C
77,1,0,0,217,green,4999,T2C
78,1,0,0,217,green,4999,T2C
79,1,0,0,217,green,4999,T2C
80,1,0,0,217,green,4999,T2C
81,1,0,0,217,green,4999,T2C
82,1,0,0,217,green,4999,T2C
83,1,0,0,217,green,4999,T2C
84,1,0,0,217,green,4999,T2C
85,1,0,0,217,green,4999,T2C
86,1,0,0,217,green,4999,T2C
87,1,0,0,217,green,4999,T2C
88,1,0,0,217,green,4999,T2C
89,1,0,0,217,green,4999,T2C
90,1,0,0,217,green,4999,T2C
91,1,0,0,217,green,4999,T2C
92,1,0,0,217,green,4999,T2C
93,1,0,0,217,green,4999,T2C
94,1,0,0,217,green,4999,T2C
95,1,0,0,217,green,4999,T2C
96,1,0,0,217,green,4999,T2C
97,1,0,0,217,green,4999,T2C
98,1,0,0,217,green,4999,T2C
99,1,0,0,217,green,4999,T2C
100,1,0,0,217,green,4999,T2C
101,1,0,0,217,green,4999,T2C
102,1,0,0,217,green,4999,T2C
103,1,0,0,217,green,4999,T2C
104,1,0,0,217,green,4999,T2C
105,1,0,0,217,green,4999,T2C
106,1,0,0,217,green,4999,T2C
107,1,0,0,217,green,4999,T2C
108,1,0,0,217,green,4999,T2C
109,1,0,0,217,green,4999,T2C
110,1,0,0,217,green,4999,T2C
111,1,0,0,217,green,4999,T2C
112,1,0,0,217,green,4999,T2C
113,1,0,0,217,green,4999,T2C
114,1,0,0,217,green,4999,T2C
115,1,0,0,217,green,4999,T2C
116,1,0,0,217,green,4999,T2C
117,1,0,0,217,green,4999,T2C
118,1,0,0,217,green,4999,T2C
119,1,0,0,217,green,4999,T2C
120,1,0,0,217,green,4999,T2C
121,1,0,0,217,green,4999,T2C
122,1,0,0,217,green,4999,T2C
123,1,0,0,217,green,4999,T2C
124,1,0,0,217,green,4999,T2C
125,1,0,0,217,green,4999,T2C
126,1,0,0,217,green,4999,T2C
127,1,0,0,217,green,4999,T2C
128,1,0,0,217,green,4999,T2C
129,1,0,0,217,green,4999,T2C
130,1,0,0,217,green,4999,T2C
131,1,0,0,217,green,4999,T2C
132,1,0,0,217,green,4999,T2C
133,1,0,0,217,green,4999,T2C
134,1,0,0,217,green,4999,T2C
135,1,0,0,217,green,4999,T2C
136,1,0,0,217,green,4999,T2C
137,1,0,0,217,green,4999,T2C
138,1,0,0,217,green,4999,T2C
139,1,0,0,217,green,4999,T2C
140,1,0,0,217,green,4999,T2C
141,1,0,0,217,green,4999,T2C
142,1,0,0,217,green,4999,T2C
143,1,0,0,217,green,4999,T2C
144,1,0,0,217,green,4999,T2C
145,1,0,0,217,green,4999,T2C
146,1,0,0,217,green,4999,T2C
147,1,0,0,217,green,4999,T2C
148,1,0,0,217,green,4999,T2C
149,1,0,0,217,green,4999,T2C
150,1,0,0,217,green,4999,T2C
151,1,0,0,217,green,4999,T2C
152,1,0,0,217,green,4999,T2C
153,1,0,0,217,green,4999,T2C
154,1,0,0,217,green,4999,T2C
155,1,0,0,217,green,4999,T2C
156,1,0,0,217,green,4999,T2C
157,1,0,0,217,green,4999,T2C
158,1,0,0,217,green,4999,T2C
159,1,0,0,217,green,4999,T2C
160,1,0,0,217,green,4999,T2C
161,1,0,0,217,green,4999,T2C
162,1,0,0,217,green,4999,T2C
163,1,0,0,217,green,4999,T2C
164,1,0,0,217,green,4999,T2C
165,1,0,0,217,green,4999,T2C
166,1,0,0,217,green,4999,T2C
167,1,0,0,217,green,4999,T2C
168,1,0,0,217,green,4999,T2C
169,0,0,1,217,green,4999,T2C
170,0,1,0,217,green,4999,T2C
171,0,1,0,217,green,4999,T2C
172,0,1,0,217,green,4999,T2C
173,0,1,0,217,green,4999,T2C
174,0,1,0,217,green,4999,T2C
175,0,1,0,217,green,4999,T2C
176,0,1,0,217,green,4999,T2C
177,0,1,0,217,green,4999,T2C
178,0,1,0,217,green,4999,T2C
179,0,1,0,217,green,4999,T2C
180,0,1,0,217,green,4999,T2C
181,0,1,0,217,green,4999,T2C
182,0,1,0,217,green,4999,T2C
183,0,1,0,217,green,4999,T2C
184,0,1,0,217,green,4999,T2C
185,0,1,0,217,green,4999,T2C
186,0,1,0,217,green,4999,T2C
187,0,1,0,217,green,4999,T2C
188,0,1,0,217,green,4999,T2C
189,0,1,0,217,green,4999,T2C
190,0,1,0,217,green,4999,T2C
191,0,1,0,217,green,4999,T2C
192,0,1,0,217,green,4999,T2C
193,0,1,0,217,green,4999,T2C
194,0,1,0,217,green,4999,T2C
195,0,1,0,217,green,4999,T2C
196,0,1,0,217,green,4999,T2C
197,0,1,0,217,green,4999,T2C
0,0,0,1,218,green,5692,T2C
1,0,0,1,218,green,5692,T2C
2,0,0,1,218,green,5692,T2C
3,0,0,1,218,green,5692,T2C
4,0,0,1,218,green,5692,T2C
5,0,0,1,218,green,5692,T2C
6,0,0,1,218,green,5692,T2C
7,0,0,1,218,green,5692,T2C
8,0,0,1,218,green,5692,T2C
9,0,0,1,218,green,5692,T2C
10,0,0,1,218,green,5692,T2C
11,0,0,1,218,green,5692,T2C
12,0,0,1,218,green,5692,T2C
13,0,0,1,218,green,5692,T2C
14,0,0,1,218,green,5692,T2C
15,0,0,1,218,green,5692,T2C
16,0,0,1,218,green,5692,T2C
17,0,0,1,218,green,5692,T2C
18,0,0,1,218,green,5692,T2C
19,0,0,1,218,green,5692,T2C
20,0,0,1,218,green,5692,T2C
21,0,0,1,218,green,5692,T2C
22,0,0,1,218,green,5692,T2C
23,0,0,1,218,green,5692,T2C
24,0,0,1,218,green,5692,T2C
25,0,0,1,218,green,5692,T2C
26,0,0,1,218,green,5692,T2C
27,0,0,1,218,green,5692,T2C
28,0,0,1,218,green,5692,T2C
29,0,0,1,218,green,5692,T2C
30,0,0,1,218,green,5692,T2C
31,0,0,1,218,green,5692,T2C
32,0,0,1,218,green,5692,T2C
33,0,0,1,218,green,5692,T2C
34,0,0,1,218,green,5692,T2C
35,0,0,1,218,green,5692,T2C
36,0,0,1,218,green,5692,T2C
37,0,0,1,218,green,5692,T2C
38,0,0,1,218,green,5692,T2C
39,0,0,1,218,green,5692,T2C
40,0,0,1,218,green,5692,T2C
41,0,0,1,218,green,5692,T2C
42,0,0,1,218,green,5692,T2C
43,0,0,1,218,green,5692,T2C
44,0,1,0,218,green,5692,T2C
45,0,1,0,218,green,5692,T2C
46,0,1,0,218,green,5692,T2C
47,0,1,0,218,green,5692,T2C
48,0,1,0,218,green,5692,T2C
49,0,1,0,218,green,5692,T2C
50,0,1,0,218,green,5692,T2C
51,0,1,0,218,green,5692,T2C
52,0,1,0,218,green,5692,T2C
53,0,1,0,218,green,5692,T2C
54,0,1,0,218,green,5692,T2C
55,0,1,0,218,green,5692,T2C
56,0,1,0,218,green,5692,T2C
57,0,1,0,218,green,5692,T2C
58,0,1,0,218,green,5692,T2C
59,0,1,0,218,green,5692,T2C
60,0,1,0,218,green,5692,T2C
61,0,1,0,218,green,5692,T2C
62,0,1,0,218,green,5692,T2C
63,0,1,0,218,green,5692,T2C
64,0,1,0,218,green,5692,T2C
65,0,1,0,218,green,5692,T2C
66,0,1,0,218,green,5692,T2C
67,0,1,0,218,green,5692,T2C
68,0,1,0,218,green,5692,T2C
69,0,1,0,218,green,5692,T2C
70,0,1,0,218,green,5692,T2C
71,0,1,0,218,green,5692,T2C
72,0,1,0,218,green,5692,T2C
73,0,1,0,218,green,5692,T2C
74,0,1,0,218,green,5692,T2C
75,0,0,1,218,green,5692,T2C
76,1,0,0,218,green,5692,T2C
77,1,0,0,218,green,5692,T2C
78,1,0,0,218,green,5692,T2C
79,1,0,0,218,green,5692,T2C
80,1,0,0,218,green,5692,T2C
81,1,0,0,218,green,5692,T2C
82,1,0,0,218,green,5692,T2C
83,1,0,0,218,green,5692,T2C
84,1,0,0,218,green,5692,T2C
85,1,0,0,218,green,5692,T2C
86,1,0,0,218,green,5692,T2C
87,1,0,0,218,green,5692,T2C
88,1,0,0,218,green,5692,T2C
89,1,0,0,218,green,5692,T2C
90,1,0,0,218,green,5692,T2C
91,1,0,0,218,green,5692,T2C
92,1,0,0,218,green,5692,T2C
93,1,0,0,218,green,5692,T2C
94,1,0,0,218,green,5692,T2C
95,1,0,0,218,green,5692,T2C
96,1,0,0,218,green,5692,T2C
97,1,0,0,218,green,5692,T2C
98,1,0,0,218,green,5692,T2C
99,1,0,0,218,green,5692,T2C
100,0,1,0,218,green,5692,T2C
101,0,1,0,218,green,5692,T2C
102,0,1,0,218,green,5692,T2C
103,0,1,0,218,green,5692,T2C
104,0,1,0,218,green,5692,T2C
105,0,1,0,218,green,5692,T2C
106,0,1,0,218,green,5692,T2C
107,0,1,0,218,green,5692,T2C
108,0,1,0,218,green,5692,T2C
109,0,1,0,218,green,5692,T2C
110,0,1,0,218,green,5692,T2C
111,0,1,0,218,green,5692,T2C
112,0,1,0,218,green,5692,T2C
113,0,1,0,218,green,5692,T2C
114,0,1,0,218,green,5692,T2C
115,0,1,0,218,green,5692,T2C
116,0,1,0,218,green,5692,T2C
117,0,1,0,218,green,5692,T2C
118,0,1,0,218,green,5692,T2C
119,0,1,0,218,green,5692,T2C
120,0,1,0,218,green,5692,T2C
121,0,1,0,218,green,5692,T2C
122,0,1,0,218,green,5692,T2C
123,0,1,0,218,green,5692,T2C
124,0,1,0,218,green,5692,T2C
125,0,1,0,218,green,5692,T2C
126,0,1,0,218,green,5692,T2C
127,0,1,0,218,green,5692,T2C
128,0,1,0,218,green,5692,T2C
129,0,1,0,218,green,5692,T2C
130,0,1,0,218,green,5692,T2C
131,0,1,0,218,green,5692,T2C
132,0,1,0,218,green,5692,T2C
133,0,1,0,218,green,5692,T2C
134,0,1,0,218,green,5692,T2C
135,0,1,0,218,green,5692,T2C
136,0,1,0,218,green,5692,T2C
137,0,1,0,218,green,5692,T2C
138,0,1,0,218,green,5692,T2C
139,0,1,0,218,green,5692,T2C
140,0,1,0,218,green,5692,T2C
141,0,1,0,218,green,5692,T2C
142,0,1,0,218,green,5692,T2C
143,0,1,0,218,green,5692,T2C
144,0,1,0,218,green,5692,T2C
145,0,1,0,218,green,5692,T2C
146,0,1,0,218,green,5692,T2C
147,0,1,0,218,green,5692,T2C
148,0,1,0,218,green,5692,T2C
149,0,1,0,218,green,5692,T2C
150,0,1,0,218,green,5692,T2C
151,0,1,0,218,green,5692,T2C
152,0,1,0,218,green,5692,T2C
153,0,1,0,218,green,5692,T2C
154,0,1,0,218,green,5692,T2C
155,0,1,0,218,green,5692,T2C
156,0,1,0,218,green,5692,T2C
157,0,1,0,218,green,5692,T2C
158,0,1,0,218,green,5692,T2C
159,0,1,0,218,green,5692,T2C
160,0,1,0,218,green,5692,T2C
161,0,1,0,218,green,5692,T2C
162,0,1,0,218,green,5692,T2C
163,0,1,0,218,green,5692,T2C
164,0,1,0,218,green,5692,T2C
165,0,1,0,218,green,5692,T2C
166,0,1,0,218,green,5692,T2C
167,0,1,0,218,green,5692,T2C
168,0,1,0,218,green,5692,T2C
169,0,1,0,218,green,5692,T2C
170,0,1,0,218,green,5692,T2C
171,0,1,0,218,green,5692,T2C
172,0,1,0,218,green,5692,T2C
173,0,1,0,218,green,5692,T2C
174,0,1,0,218,green,5692,T2C
175,0,1,0,218,green,5692,T2C
176,0,1,0,218,green,5692,T2C
177,0,1,0,218,green,5692,T2C
178,0,1,0,218,green,5692,T2C
179,0,1,0,218,green,5692,T2C
180,0,1,0,218,green,5692,T2C
181,0,1,0,218,green,5692,T2C
182,0,1,0,218,green,5692,T2C
183,0,1,0,218,green,5692,T2C
184,0,1,0,218,green,5692,T2C
185,0,1,0,218,green,5692,T2C
186,0,1,0,218,green,5692,T2C
187,0,1,0,218,green,5692,T2C
188,0,1,0,218,green,5692,T2C
189,0,1,0,218,green,5692,T2C
190,0,1,0,218,green,5692,T2C
191,0,1,0,218,green,5692,T2C
192,0,1,0,218,green,5692,T2C
193,0,1,0,218,green,5692,T2C
194,0,1,0,218,green,5692,T2C
195,0,1,0,218,green,5692,T2C
196,0,1,0,218,green,5692,T2C
197,0,1,0,218,green,5692,T2C
0,0,0,1,219,green,4691,T2C
1,0,0,1,219,green,4691,T2C
2,0,0,1,219,green,4691,T2C
3,0,0,1,219,green,4691,T2C
4,0,0,1,219,green,4691,T2C
5,0,0,1,219,green,4691,T2C
6,0,0,1,219,green,4691,T2C
7,0,0,1,219,green,4691,T2C
8,0,0,1,219,green,4691,T2C
9,0,0,1,219,green,4691,T2C
10,0,0,1,219,green,4691,T2C
11,0,0,1,219,green,4691,T2C
12,0,0,1,219,green,4691,T2C
13,0,0,1,219,green,4691,T2C
14,0,0,1,219,green,4691,T2C
15,0,0,1,219,green,4691,T2C
16,0,0,1,219,green,4691,T2C
17,0,0,1,219,green,4691,T2C
18,0,0,1,219,green,4691,T2C
19,0,0,1,219,green,4691,T2C
20,0,0,1,219,green,4691,T2C
21,0,0,1,219,green,4691,T2C
22,0,0,1,219,green,4691,T2C
23,0,0,1,219,green,4691,T2C
24,0,0,1,219,green,4691,T2C
25,0,0,1,219,green,4691,T2C
26,0,0,1,219,green,4691,T2C
27,0,0,1,219,green,4691,T2C
28,0,1,0,219,green,4691,T2C
29,0,1,0,219,green,4691,T2C
30,0,1,0,219,green,4691,T2C
31,0,1,0,219,green,4691,T2C
32,0,1,0,219,green,4691,T2C
33,0,1,0,219,green,4691,T2C
34,0,1,0,219,green,4691,T2C
35,0,1,0,219,green,4691,T2C
36,0,1,0,219,green,4691,T2C
37,0,1,0,219,green,4691,T2C
38,0,1,0,219,green,4691,T2C
39,0,1,0,219,green,4691,T2C
40,0,1,0,219,green,4691,T2C
41,0,1,0,219,green,4691,T2C
42,0,1,0,219,green,4691,T2C
43,0,1,0,219,green,4691,T2C
44,0,1,0,219,green,4691,T2C
45,0,1,0,219,green,4691,T2C
46,0,1,0,219,green,4691,T2C
47,0,1,0,219,green,4691,T2C
48,0,1,0,219,green,4691,T2C
49,0,1,0,219,green,4691,T2C
50,0,1,0,219,green,4691,T2C
51,0,1,0,219,green,4691,T2C
52,0,1,0,219,green,4691,T2C
53,0,1,0,219,green,4691,T2C
54,0,1,0,219,green,4691,T2C
55,0,1,0,219,green,4691,T2C
56,0,1,0,219,green,4691,T2C
57,0,1,0,219,green,4691,T2C
58,0,1,0,219,green,4691,T2C
59,0,1,0,219,green,4691,T2C
60,0,1,0,219,green,4691,T2C
61,0,1,0,219,green,4691,T2C
62,0,1,0,219,green,4691,T2C
63,0,1,0,219,green,4691,T2C
64,0,1,0,219,green,4691,T2C
65,0,1,0,219,green,4691,T2C
66,0,1,0,219,green,4691,T2C
67,0,1,0,219,green,4691,T2C
68,0,1,0,219,green,4691,T2C
69,0,1,0,219,green,4691,T2C
70,0,1,0,219,green,4691,T2C
71,0,1,0,219,green,4691,T2C
72,0,1,0,219,green,4691,T2C
73,0,1,0,219,green,4691,T2C
74,0,1,0,219,green,4691,T2C
75,0,1,0,219,green,4691,T2C
76,0,1,0,219,green,4691,T2C
77,0,1,0,219,green,4691,T2C
78,0,1,0,219,green,4691,T2C
79,0,1,0,219,green,4691,T2C
80,0,1,0,219,green,4691,T2C
81,0,1,0,219,green,4691,T2C
82,0,1,0,219,green,4691,T2C
83,0,1,0,219,green,4691,T2C
84,0,1,0,219,green,4691,T2C
85,0,1,0,219,green,4691,T2C
86,0,1,0,219,green,4691,T2C
87,0,1,0,219,green,4691,T2C
88,0,1,0,219,green,4691,T2C
89,0,1,0,219,green,4691,T2C
90,0,1,0,219,green,4691,T2C
91,0,1,0,219,green,4691,T2C
92,0,1,0,219,green,4691,T2C
93,0,1,0,219,green,4691,T2C
94,0,1,0,219,green,4691,T2C
95,0,1,0,219,green,4691,T2C
96,0,1,0,219,green,4691,T2C
97,0,1,0,219,green,4691,T2C
98,0,1,0,219,green,4691,T2C
99,0,1,0,219,green,4691,T2C
100,0,1,0,219,green,4691,T2C
101,0,1,0,219,green,4691,T2C
102,0,1,0,219,green,4691,T2C
103,0,1,0,219,green,4691,T2C
104,0,1,0,219,green,4691,T2C
105,0,1,0,219,green,4691,T2C
106,0,1,0,219,green,4691,T2C
107,0,1,0,219,green,4691,T2C
108,0,1,0,219,green,4691,T2C
109,0,1,0,219,green,4691,T2C
110,0,1,0,219,green,4691,T2C
111,0,1,0,219,green,4691,T2C
112,0,1,0,219,green,4691,T2C
113,0,1,0,219,green,4691,T2C
114,0,1,0,219,green,4691,T2C
115,0,1,0,219,green,4691,T2C
116,0,1,0,219,green,4691,T2C
117,0,1,0,219,green,4691,T2C
118,0,1,0,219,green,4691,T2C
119,0,1,0,219,green,4691,T2C
120,0,1,0,219,green,4691,T2C
121,0,1,0,219,green,4691,T2C
122,0,1,0,219,green,4691,T2C
123,0,1,0,219,green,4691,T2C
124,0,1,0,219,green,4691,T2C
125,0,1,0,219,green,4691,T2C
126,0,1,0,219,green,4691,T2C
127,0,1,0,219,green,4691,T2C
128,0,1,0,219,green,4691,T2C
129,0,1,0,219,green,4691,T2C
130,0,1,0,219,green,4691,T2C
131,0,1,0,219,green,4691,T2C
132,0,1,0,219,green,4691,T2C
133,0,1,0,219,green,4691,T2C
134,0,1,0,219,green,4691,T2C
135,0,1,0,219,green,4691,T2C
136,0,1,0,219,green,4691,T2C
137,0,1,0,219,green,4691,T2C
138,0,1,0,219,green,4691,T2C
139,0,1,0,219,green,4691,T2C
140,0,1,0,219,green,4691,T2C
141,0,1,0,219,green,4691,T2C
142,0,1,0,219,green,4691,T2C
143,0,1,0,219,green,4691,T2C
144,0,1,0,219,green,4691,T2C
145,0,1,0,219,green,4691,T2C
146,0,1,0,219,green,4691,T2C
147,0,1,0,219,green,4691,T2C
148,0,1,0,219,green,4691,T2C
149,0,1,0,219,green,4691,T2C
150,0,1,0,219,green,4691,T2C
151,0,1,0,219,green,4691,T2C
152,0,1,0,219,green,4691,T2C
153,0,1,0,219,green,4691,T2C
154,0,1,0,219,green,4691,T2C
155,0,1,0,219,green,4691,T2C
156,0,1,0,219,green,4691,T2C
157,0,1,0,219,green,4691,T2C
158,0,1,0,219,green,4691,T2C
159,0,1,0,219,green,4691,T2C
160,0,1,0,219,green,4691,T2C
161,0,1,0,219,green,4691,T2C
162,0,1,0,219,green,4691,T2C
163,0,1,0,219,green,4691,T2C
164,0,1,0,219,green,4691,T2C
165,0,1,0,219,green,4691,T2C
166,0,1,0,219,green,4691,T2C
167,0,1,0,219,green,4691,T2C
168,0,1,0,219,green,4691,T2C
169,0,1,0,219,green,4691,T2C
170,0,1,0,219,green,4691,T2C
171,0,1,0,219,green,4691,T2C
172,0,1,0,219,green,4691,T2C
173,0,1,0,219,green,4691,T2C
174,0,1,0,219,green,4691,T2C
175,0,1,0,219,green,4691,T2C
176,0,1,0,219,green,4691,T2C
177,0,1,0,219,green,4691,T2C
178,0,1,0,219,green,4691,T2C
179,0,1,0,219,green,4691,T2C
180,0,1,0,219,green,4691,T2C
181,0,1,0,219,green,4691,T2C
182,0,1,0,219,green,4691,T2C
183,0,1,0,219,green,4691,T2C
184,0,1,0,219,green,4691,T2C
185,0,1,0,219,green,4691,T2C
186,0,1,0,219,green,4691,T2C
187,0,1,0,219,green,4691,T2C
188,0,1,0,219,green,4691,T2C
189,0,1,0,219,green,4691,T2C
190,0,1,0,219,green,4691,T2C
191,0,1,0,219,green,4691,T2C
192,0,1,0,219,green,4691,T2C
193,0,1,0,219,green,4691,T2C
194,0,1,0,219,green,4691,T2C
195,0,1,0,219,green,4691,T2C
196,0,1,0,219,green,4691,T2C
197,0,1,0,219,green,4691,T2C
0,0,0,1,220,green,3740,T2C
1,0,0,1,220,green,3740,T2C
2,0,0,1,220,green,3740,T2C
3,0,0,1,220,green,3740,T2C
4,0,0,1,220,green,3740,T2C
5,0,0,1,220,green,3740,T2C
6,0,0,1,220,green,3740,T2C
7,0,0,1,220,green,3740,T2C
8,0,0,1,220,green,3740,T2C
9,0,0,1,220,green,3740,T2C
10,0,0,1,220,green,3740,T2C
11,0,0,1,220,green,3740,T2C
12,0,0,1,220,green,3740,T2C
13,0,0,1,220,green,3740,T2C
14,0,0,1,220,green,3740,T2C
15,0,0,1,220,green,3740,T2C
16,0,0,1,220,green,3740,T2C
17,0,0,1,220,green,3740,T2C
18,0,0,1,220,green,3740,T2C
19,0,0,1,220,green,3740,T2C
20,0,0,1,220,green,3740,T2C
21,0,0,1,220,green,3740,T2C
22,0,0,1,220,green,3740,T2C
23,1,0,0,220,green,3740,T2C
24,1,0,0,220,green,3740,T2C
25,1,0,0,220,green,3740,T2C
26,1,0,0,220,green,3740,T2C
27,1,0,0,220,green,3740,T2C
28,1,0,0,220,green,3740,T2C
29,1,0,0,220,green,3740,T2C
30,1,0,0,220,green,3740,T2C
31,1,0,0,220,green,3740,T2C
32,1,0,0,220,green,3740,T2C
33,1,0,0,220,green,3740,T2C
34,1,0,0,220,green,3740,T2C
35,1,0,0,220,green,3740,T2C
36,0,0,1,220,green,3740,T2C
37,0,1,0,220,green,3740,T2C
38,0,1,0,220,green,3740,T2C
39,0,1,0,220,green,3740,T2C
40,0,1,0,220,green,3740,T2C
41,0,1,0,220,green,3740,T2C
42,0,1,0,220,green,3740,T2C
43,0,1,0,220,green,3740,T2C
44,0,1,0,220,green,3740,T2C
45,0,1,0,220,green,3740,T2C
46,0,1,0,220,green,3740,T2C
47,0,1,0,220,green,3740,T2C
48,0,1,0,220,green,3740,T2C
49,0,1,0,220,green,3740,T2C
50,0,1,0,220,green,3740,T2C
51,0,1,0,220,green,3740,T2C
52,0,1,0,220,green,3740,T2C
53,0,1,0,220,green,3740,T2C
54,0,1,0,220,green,3740,T2C
55,0,1,0,220,green,3740,T2C
56,0,1,0,220,green,3740,T2C
57,0,1,0,220,green,3740,T2C
58,0,1,0,220,green,3740,T2C
59,0,1,0,220,green,3740,T2C
60,0,1,0,220,green,3740,T2C
61,0,1,0,220,green,3740,T2C
62,0,1,0,220,green,3740,T2C
63,0,1,0,220,green,3740,T2C
64,0,1,0,220,green,3740,T2C
65,0,1,0,220,green,3740,T2C
66,0,1,0,220,green,3740,T2C
67,0,1,0,220,green,3740,T2C
68,0,1,0,220,green,3740,T2C
69,0,1,0,220,green,3740,T2C
70,0,1,0,220,green,3740,T2C
71,0,1,0,220,green,3740,T2C
72,0,1,0,220,green,3740,T2C
73,0,1,0,220,green,3740,T2C
74,0,1,0,220,green,3740,T2C
75,0,1,0,220,green,3740,T2C
76,0,1,0,220,green,3740,T2C
77,0,1,0,220,green,3740,T2C
78,0,1,0,220,green,3740,T2C
79,0,1,0,220,green,3740,T2C
80,0,1,0,220,green,3740,T2C
81,0,1,0,220,green,3740,T2C
82,0,1,0,220,green,3740,T2C
83,0,1,0,220,green,3740,T2C
84,0,1,0,220,green,3740,T2C
85,0,1,0,220,green,3740,T2C
86,0,1,0,220,green,3740,T2C
87,0,1,0,220,green,3740,T2C
88,0,1,0,220,green,3740,T2C
89,0,1,0,220,green,3740,T2C
90,0,1,0,220,green,3740,T2C
91,0,1,0,220,green,3740,T2C
92,0,1,0,220,green,3740,T2C
93,0,1,0,220,green,3740,T2C
94,0,1,0,220,green,3740,T2C
95,0,0,1,220,green,3740,T2C
96,0,0,1,220,green,3740,T2C
97,0,0,1,220,green,3740,T2C
98,0,0,1,220,green,3740,T2C
99,0,0,1,220,green,3740,T2C
100,0,0,1,220,green,3740,T2C
101,0,0,1,220,green,3740,T2C
102,0,0,1,220,green,3740,T2C
103,0,0,1,220,green,3740,T2C
104,0,0,1,220,green,3740,T2C
105,0,0,1,220,green,3740,T2C
106,0,0,1,220,green,3740,T2C
107,0,0,1,220,green,3740,T2C
108,0,0,1,220,green,3740,T2C
109,0,0,1,220,green,3740,T2C
110,0,0,1,220,green,3740,T2C
111,0,0,1,220,green,3740,T2C
112,0,0,1,220,green,3740,T2C
113,0,0,1,220,green,3740,T2C
114,0,0,1,220,green,3740,T2C
115,0,0,1,220,green,3740,T2C
116,0,0,1,220,green,3740,T2C
117,0,0,1,220,green,3740,T2C
118,0,0,1,220,green,3740,T2C
119,0,0,1,220,green,3740,T2C
120,0,0,1,220,green,3740,T2C
121,0,0,1,220,green,3740,T2C
122,0,0,1,220,green,3740,T2C
123,0,0,1,220,green,3740,T2C
124,0,0,1,220,green,3740,T2C
125,0,0,1,220,green,3740,T2C
126,0,0,1,220,green,3740,T2C
127,0,0,1,220,green,3740,T2C
128,0,0,1,220,green,3740,T2C
129,0,0,1,220,green,3740,T2C
130,0,0,1,220,green,3740,T2C
131,0,0,1,220,green,3740,T2C
132,0,0,1,220,green,3740,T2C
133,0,0,1,220,green,3740,T2C
134,0,0,1,220,green,3740,T2C
135,0,0,1,220,green,3740,T2C
136,0,0,1,220,green,3740,T2C
137,0,0,1,220,green,3740,T2C
138,0,0,1,220,green,3740,T2C
139,0,0,1,220,green,3740,T2C
140,0,0,1,220,green,3740,T2C
141,0,0,1,220,green,3740,T2C
142,0,0,1,220,green,3740,T2C
143,0,0,1,220,green,3740,T2C
144,0,0,1,220,green,3740,T2C
145,0,0,1,220,green,3740,T2C
146,0,0,1,220,green,3740,T2C
147,0,0,1,220,green,3740,T2C
148,0,0,1,220,green,3740,T2C
149,0,0,1,220,green,3740,T2C
150,0,0,1,220,green,3740,T2C
151,0,0,1,220,green,3740,T2C
152,0,0,1,220,green,3740,T2C
153,0,0,1,220,green,3740,T2C
154,0,0,1,220,green,3740,T2C
155,0,0,1,220,green,3740,T2C
156,0,0,1,220,green,3740,T2C
157,0,0,1,220,green,3740,T2C
158,0,0,1,220,green,3740,T2C
159,0,0,1,220,green,3740,T2C
160,0,0,1,220,green,3740,T2C
161,0,0,1,220,green,3740,T2C
162,0,0,1,220,green,3740,T2C
163,0,0,1,220,green,3740,T2C
164,0,0,1,220,green,3740,T2C
165,0,0,1,220,green,3740,T2C
166,0,0,1,220,green,3740,T2C
167,0,0,1,220,green,3740,T2C
168,0,0,1,220,green,3740,T2C
169,0,0,1,220,green,3740,T2C
170,0,0,1,220,green,3740,T2C
171,0,0,1,220,green,3740,T2C
172,1,0,0,220,green,3740,T2C
173,0,1,0,220,green,3740,T2C
174,0,1,0,220,green,3740,T2C
175,0,1,0,220,green,3740,T2C
176,0,1,0,220,green,3740,T2C
177,0,1,0,220,green,3740,T2C
178,0,1,0,220,green,3740,T2C
179,0,1,0,220,green,3740,T2C
180,0,1,0,220,green,3740,T2C
181,0,1,0,220,green,3740,T2C
182,0,1,0,220,green,3740,T2C
183,0,1,0,220,green,3740,T2C
184,0,1,0,220,green,3740,T2C
185,0,1,0,220,green,3740,T2C
186,0,1,0,220,green,3740,T2C
187,0,1,0,220,green,3740,T2C
188,0,1,0,220,green,3740,T2C
189,0,1,0,220,green,3740,T2C
190,0,1,0,220,green,3740,T2C
191,0,1,0,220,green,3740,T2C
192,0,1,0,220,green,3740,T2C
193,0,1,0,220,green,3740,T2C
194,0,1,0,220,green,3740,T2C
195,0,1,0,220,green,3740,T2C
196,0,1,0,220,green,3740,T2C
197,0,1,0,220,green,3740,T2C
0,0,0,1,221,green,5401,T2C
1,0,0,1,221,green,5401,T2C
2,0,0,1,221,green,5401,T2C
3,0,0,1,221,green,5401,T2C
4,0,0,1,221,green,5401,T2C
5,0,0,1,221,green,5401,T2C
6,0,0,1,221,green,5401,T2C
7,0,0,1,221,green,5401,T2C
8,0,0,1,221,green,5401,T2C
9,0,0,1,221,green,5401,T2C
10,0,0,1,221,green,5401,T2C
11,0,0,1,221,green,5401,T2C
12,0,0,1,221,green,5401,T2C
13,0,0,1,221,green,5401,T2C
14,0,0,1,221,green,5401,T2C
15,0,0,1,221,green,5401,T2C
16,0,0,1,221,green,5401,T2C
17,0,0,1,221,green,5401,T2C
18,0,0,1,221,green,5401,T2C
19,0,0,1,221,green,5401,T2C
20,0,0,1,221,green,5401,T2C
21,0,0,1,221,green,5401,T2C
22,0,0,1,221,green,5401,T2C
23,0,0,1,221,green,5401,T2C
24,0,0,1,221,green,5401,T2C
25,0,0,1,221,green,5401,T2C
26,0,0,1,221,green,5401,T2C
27,0,0,1,221,green,5401,T2C
28,0,0,1,221,green,5401,T2C
29,0,0,1,221,green,5401,T2C
30,0,0,1,221,green,5401,T2C
31,0,0,1,221,green,5401,T2C
32,0,0,1,221,green,5401,T2C
33,0,0,1,221,green,5401,T2C
34,0,0,1,221,green,5401,T2C
35,0,0,1,221,green,5401,T2C
36,0,0,1,221,green,5401,T2C
37,0,0,1,221,green,5401,T2C
38,0,0,1,221,green,5401,T2C
39,0,0,1,221,green,5401,T2C
40,0,0,1,221,green,5401,T2C
41,0,0,1,221,green,5401,T2C
42,0,0,1,221,green,5401,T2C
43,0,0,1,221,green,5401,T2C
44,0,0,1,221,green,5401,T2C
45,0,0,1,221,green,5401,T2C
46,0,0,1,221,green,5401,T2C
47,0,0,1,221,green,5401,T2C
48,0,0,1,221,green,5401,T2C
49,0,0,1,221,green,5401,T2C
50,0,0,1,221,green,5401,T2C
51,0,0,1,221,green,5401,T2C
52,0,0,1,221,green,5401,T2C
53,0,0,1,221,green,5401,T2C
54,0,0,1,221,green,5401,T2C
55,0,0,1,221,green,5401,T2C
56,0,0,1,221,green,5401,T2C
57,0,0,1,221,green,5401,T2C
58,0,0,1,221,green,5401,T2C
59,0,0,1,221,green,5401,T2C
60,0,1,0,221,green,5401,T2C
61,0,1,0,221,green,5401,T2C
62,0,1,0,221,green,5401,T2C
63,0,1,0,221,green,5401,T2C
64,0,1,0,221,green,5401,T2C
65,0,1,0,221,green,5401,T2C
66,0,1,0,221,green,5401,T2C
67,0,1,0,221,green,5401,T2C
68,0,1,0,221,green,5401,T2C
69,0,1,0,221,green,5401,T2C
70,0,1,0,221,green,5401,T2C
71,0,1,0,221,green,5401,T2C
72,0,1,0,221,green,5401,T2C
73,0,1,0,221,green,5401,T2C
74,0,1,0,221,green,5401,T2C
75,0,1,0,221,green,5401,T2C
76,0,1,0,221,green,5401,T2C
77,0,1,0,221,green,5401,T2C
78,0,1,0,221,green,5401,T2C
79,0,1,0,221,green,5401,T2C
80,0,1,0,221,green,5401,T2C
81,0,1,0,221,green,5401,T2C
82,0,1,0,221,green,5401,T2C
83,0,1,0,221,green,5401,T2C
84,0,1,0,221,green,5401,T2C
85,0,1,0,221,green,5401,T2C
86,0,1,0,221,green,5401,T2C
87,0,1,0,221,green,5401,T2C
88,0,1,0,221,green,5401,T2C
89,0,1,0,221,green,5401,T2C
90,0,1,0,221,green,5401,T2C
91,0,1,0,221,green,5401,T2C
92,0,1,0,221,green,5401,T2C
93,0,1,0,221,green,5401,T2C
94,0,1,0,221,green,5401,T2C
95,0,1,0,221,green,5401,T2C
96,0,1,0,221,green,5401,T2C
97,0,1,0,221,green,5401,T2C
98,0,1,0,221,green,5401,T2C
99,0,1,0,221,green,5401,T2C
100,0,1,0,221,green,5401,T2C
101,0,1,0,221,green,5401,T2C
102,0,1,0,221,green,5401,T2C
103,0,1,0,221,green,5401,T2C
104,0,1,0,221,green,5401,T2C
105,0,1,0,221,green,5401,T2C
106,0,1,0,221,green,5401,T2C
107,0,1,0,221,green,5401,T2C
108,0,1,0,221,green,5401,T2C
109,0,1,0,221,green,5401,T2C
110,0,1,0,221,green,5401,T2C
111,0,1,0,221,green,5401,T2C
112,0,1,0,221,green,5401,T2C
113,0,1,0,221,green,5401,T2C
114,0,1,0,221,green,5401,T2C
115,0,1,0,221,green,5401,T2C
116,0,1,0,221,green,5401,T2C
117,0,1,0,221,green,5401,T2C
118,0,1,0,221,green,5401,T2C
119,0,1,0,221,green,5401,T2C
120,0,1,0,221,green,5401,T2C
121,0,1,0,221,green,5401,T2C
122,0,1,0,221,green,5401,T2C
123,0,1,0,221,green,5401,T2C
124,0,1,0,221,green,5401,T2C
125,0,1,0,221,green,5401,T2C
126,0,1,0,221,green,5401,T2C
127,0,1,0,221,green,5401,T2C
128,0,1,0,221,green,5401,T2C
129,0,1,0,221,green,5401,T2C
130,0,1,0,221,green,5401,T2C
131,0,1,0,221,green,5401,T2C
132,0,1,0,221,green,5401,T2C
133,0,1,0,221,green,5401,T2C
134,0,1,0,221,green,5401,T2C
135,0,1,0,221,green,5401,T2C
136,0,1,0,221,green,5401,T2C
137,0,1,0,221,green,5401,T2C
138,0,1,0,221,green,5401,T2C
139,0,1,0,221,green,5401,T2C
140,0,1,0,221,green,5401,T2C
141,0,1,0,221,green,5401,T2C
142,0,1,0,221,green,5401,T2C
143,0,1,0,221,green,5401,T2C
144,0,1,0,221,green,5401,T2C
145,0,1,0,221,green,5401,T2C
146,0,1,0,221,green,5401,T2C
147,0,1,0,221,green,5401,T2C
148,0,1,0,221,green,5401,T2C
149,0,1,0,221,green,5401,T2C
150,0,1,0,221,green,5401,T2C
151,0,1,0,221,green,5401,T2C
152,0,1,0,221,green,5401,T2C
153,0,1,0,221,green,5401,T2C
154,0,1,0,221,green,5401,T2C
155,0,1,0,221,green,5401,T2C
156,0,1,0,221,green,5401,T2C
157,0,1,0,221,green,5401,T2C
158,0,1,0,221,green,5401,T2C
159,0,1,0,221,green,5401,T2C
160,0,1,0,221,green,5401,T2C
161,0,1,0,221,green,5401,T2C
162,0,1,0,221,green,5401,T2C
163,0,1,0,221,green,5401,T2C
164,0,1,0,221,green,5401,T2C
165,0,1,0,221,green,5401,T2C
166,0,1,0,221,green,5401,T2C
167,0,1,0,221,green,5401,T2C
168,0,1,0,221,green,5401,T2C
169,0,1,0,221,green,5401,T2C
170,0,1,0,221,green,5401,T2C
171,0,1,0,221,green,5401,T2C
172,0,1,0,221,green,5401,T2C
173,0,1,0,221,green,5401,T2C
174,0,1,0,221,green,5401,T2C
175,0,1,0,221,green,5401,T2C
176,0,1,0,221,green,5401,T2C
177,0,1,0,221,green,5401,T2C
178,0,1,0,221,green,5401,T2C
179,0,1,0,221,green,5401,T2C
180,0,1,0,221,green,5401,T2C
181,0,1,0,221,green,5401,T2C
182,0,1,0,221,green,5401,T2C
183,0,1,0,221,green,5401,T2C
184,0,1,0,221,green,5401,T2C
185,0,1,0,221,green,5401,T2C
186,0,1,0,221,green,5401,T2C
187,0,1,0,221,green,5401,T2C
188,0,1,0,221,green,5401,T2C
189,0,1,0,221,green,5401,T2C
190,0,1,0,221,green,5401,T2C
191,0,1,0,221,green,5401,T2C
192,0,1,0,221,green,5401,T2C
193,0,1,0,221,green,5401,T2C
194,0,1,0,221,green,5401,T2C
195,0,1,0,221,green,5401,T2C
196,0,1,0,221,green,5401,T2C
197,0,1,0,221,green,5401,T2C
0,0,0,1,222,green,5781,T2C
1,0,0,1,222,green,5781,T2C
2,0,0,1,222,green,5781,T2C
3,0,0,1,222,green,5781,T2C
4,0,0,1,222,green,5781,T2C
5,0,0,1,222,green,5781,T2C
6,0,0,1,222,green,5781,T2C
7,0,0,1,222,green,5781,T2C
8,0,0,1,222,green,5781,T2C
9,0,0,1,222,green,5781,T2C
10,0,0,1,222,green,5781,T2C
11,0,0,1,222,green,5781,T2C
12,0,0,1,222,green,5781,T2C
13,0,0,1,222,green,5781,T2C
14,0,0,1,222,green,5781,T2C
15,0,0,1,222,green,5781,T2C
16,0,0,1,222,green,5781,T2C
17,0,0,1,222,green,5781,T2C
18,0,0,1,222,green,5781,T2C
19,0,0,1,222,green,5781,T2C
20,0,0,1,222,green,5781,T2C
21,0,0,1,222,green,5781,T2C
22,0,0,1,222,green,5781,T2C
23,0,0,1,222,green,5781,T2C
24,0,0,1,222,green,5781,T2C
25,0,0,1,222,green,5781,T2C
26,0,0,1,222,green,5781,T2C
27,0,0,1,222,green,5781,T2C
28,0,0,1,222,green,5781,T2C
29,0,0,1,222,green,5781,T2C
30,0,0,1,222,green,5781,T2C
31,0,0,1,222,green,5781,T2C
32,0,0,1,222,green,5781,T2C
33,0,0,1,222,green,5781,T2C
34,0,0,1,222,green,5781,T2C
35,0,0,1,222,green,5781,T2C
36,0,0,1,222,green,5781,T2C
37,0,0,1,222,green,5781,T2C
38,0,0,1,222,green,5781,T2C
39,0,0,1,222,green,5781,T2C
40,0,0,1,222,green,5781,T2C
41,0,0,1,222,green,5781,T2C
42,0,1,0,222,green,5781,T2C
43,0,1,0,222,green,5781,T2C
44,0,1,0,222,green,5781,T2C
45,0,1,0,222,green,5781,T2C
46,0,1,0,222,green,5781,T2C
47,0,1,0,222,green,5781,T2C
48,0,1,0,222,green,5781,T2C
49,0,1,0,222,green,5781,T2C
50,0,1,0,222,green,5781,T2C
51,0,1,0,222,green,5781,T2C
52,0,1,0,222,green,5781,T2C
53,0,1,0,222,green,5781,T2C
54,0,1,0,222,green,5781,T2C
55,0,1,0,222,green,5781,T2C
56,0,1,0,222,green,5781,T2C
57,0,1,0,222,green,5781,T2C
58,0,1,0,222,green,5781,T2C
59,0,1,0,222,green,5781,T2C
60,0,1,0,222,green,5781,T2C
61,0,1,0,222,green,5781,T2C
62,0,1,0,222,green,5781,T2C
63,0,1,0,222,green,5781,T2C
64,0,1,0,222,green,5781,T2C
65,0,1,0,222,green,5781,T2C
66,0,1,0,222,green,5781,T2C
67,0,1,0,222,green,5781,T2C
68,0,1,0,222,green,5781,T2C
69,0,1,0,222,green,5781,T2C
70,0,1,0,222,green,5781,T2C
71,0,1,0,222,green,5781,T2C
72,0,1,0,222,green,5781,T2C
73,0,1,0,222,green,5781,T2C
74,0,1,0,222,green,5781,T2C
75,0,1,0,222,green,5781,T2C
76,0,1,0,222,green,5781,T2C
77,0,1,0,222,green,5781,T2C
78,0,1,0,222,green,5781,T2C
79,0,1,0,222,green,5781,T2C
80,0,1,0,222,green,5781,T2C
81,0,1,0,222,green,5781,T2C
82,0,1,0,222,green,5781,T2C
83,0,1,0,222,green,5781,T2C
84,0,1,0,222,green,5781,T2C
85,0,1,0,222,green,5781,T2C
86,0,1,0,222,green,5781,T2C
87,0,1,0,222,green,5781,T2C
88,0,1,0,222,green,5781,T2C
89,0,1,0,222,green,5781,T2C
90,0,1,0,222,green,5781,T2C
91,0,1,0,222,green,5781,T2C
92,0,1,0,222,green,5781,T2C
93,0,1,0,222,green,5781,T2C
94,0,1,0,222,green,5781,T2C
95,0,1,0,222,green,5781,T2C
96,0,1,0,222,green,5781,T2C
97,0,1,0,222,green,5781,T2C
98,0,1,0,222,green,5781,T2C
99,0,1,0,222,green,5781,T2C
100,0,1,0,222,green,5781,T2C
101,0,1,0,222,green,5781,T2C
102,0,1,0,222,green,5781,T2C
103,0,1,0,222,green,5781,T2C
104,0,1,0,222,green,5781,T2C
105,0,1,0,222,green,5781,T2C
106,0,1,0,222,green,5781,T2C
107,0,1,0,222,green,5781,T2C
108,0,1,0,222,green,5781,T2C
109,0,1,0,222,green,5781,T2C
110,0,1,0,222,green,5781,T2C
111,0,1,0,222,green,5781,T2C
112,0,1,0,222,green,5781,T2C
113,0,1,0,222,green,5781,T2C
114,0,1,0,222,green,5781,T2C
115,0,1,0,222,green,5781,T2C
116,0,1,0,222,green,5781,T2C
117,0,1,0,222,green,5781,T2C
118,0,1,0,222,green,5781,T2C
119,0,1,0,222,green,5781,T2C
120,0,1,0,222,green,5781,T2C
121,0,1,0,222,green,5781,T2C
122,0,1,0,222,green,5781,T2C
123,0,1,0,222,green,5781,T2C
124,0,1,0,222,green,5781,T2C
125,0,1,0,222,green,5781,T2C
126,0,1,0,222,green,5781,T2C
127,0,1,0,222,green,5781,T2C
128,0,1,0,222,green,5781,T2C
129,0,1,0,222,green,5781,T2C
130,0,1,0,222,green,5781,T2C
131,0,1,0,222,green,5781,T2C
132,0,1,0,222,green,5781,T2C
133,0,1,0,222,green,5781,T2C
134,0,1,0,222,green,5781,T2C
135,0,1,0,222,green,5781,T2C
136,0,1,0,222,green,5781,T2C
137,0,1,0,222,green,5781,T2C
138,0,1,0,222,green,5781,T2C
139,0,1,0,222,green,5781,T2C
140,0,1,0,222,green,5781,T2C
141,0,1,0,222,green,5781,T2C
142,0,1,0,222,green,5781,T2C
143,0,1,0,222,green,5781,T2C
144,0,1,0,222,green,5781,T2C
145,0,1,0,222,green,5781,T2C
146,0,1,0,222,green,5781,T2C
147,0,1,0,222,green,5781,T2C
148,0,1,0,222,green,5781,T2C
149,0,1,0,222,green,5781,T2C
150,0,1,0,222,green,5781,T2C
151,0,1,0,222,green,5781,T2C
152,0,1,0,222,green,5781,T2C
153,0,1,0,222,green,5781,T2C
154,0,1,0,222,green,5781,T2C
155,0,1,0,222,green,5781,T2C
156,0,1,0,222,green,5781,T2C
157,0,1,0,222,green,5781,T2C
158,0,1,0,222,green,5781,T2C
159,0,1,0,222,green,5781,T2C
160,0,1,0,222,green,5781,T2C
161,0,1,0,222,green,5781,T2C
162,0,1,0,222,green,5781,T2C
163,0,1,0,222,green,5781,T2C
164,0,1,0,222,green,5781,T2C
165,0,1,0,222,green,5781,T2C
166,0,1,0,222,green,5781,T2C
167,0,1,0,222,green,5781,T2C
168,0,1,0,222,green,5781,T2C
169,0,1,0,222,green,5781,T2C
170,0,1,0,222,green,5781,T2C
171,0,1,0,222,green,5781,T2C
172,0,1,0,222,green,5781,T2C
173,0,1,0,222,green,5781,T2C
174,0,1,0,222,green,5781,T2C
175,0,1,0,222,green,5781,T2C
176,0,1,0,222,green,5781,T2C
177,0,1,0,222,green,5781,T2C
178,0,1,0,222,green,5781,T2C
179,0,1,0,222,green,5781,T2C
180,0,1,0,222,green,5781,T2C
181,0,1,0,222,green,5781,T2C
182,0,1,0,222,green,5781,T2C
183,0,1,0,222,green,5781,T2C
184,0,1,0,222,green,5781,T2C
185,0,1,0,222,green,5781,T2C
186,0,1,0,222,green,5781,T2C
187,0,1,0,222,green,5781,T2C
188,0,1,0,222,green,5781,T2C
189,0,1,0,222,green,5781,T2C
190,0,1,0,222,green,5781,T2C
191,0,1,0,222,green,5781,T2C
192,0,1,0,222,green,5781,T2C
193,0,1,0,222,green,5781,T2C
194,0,1,0,222,green,5781,T2C
195,0,1,0,222,green,5781,T2C
196,0,1,0,222,green,5781,T2C
197,0,1,0,222,green,5781,T2C
0,0,0,1,223,green,5929,T2C
1,0,0,1,223,green,5929,T2C
2,0,0,1,223,green,5929,T2C
3,0,0,1,223,green,5929,T2C
4,0,0,1,223,green,5929,T2C
5,0,0,1,223,green,5929,T2C
6,0,0,1,223,green,5929,T2C
7,0,0,1,223,green,5929,T2C
8,0,0,1,223,green,5929,T2C
9,0,0,1,223,green,5929,T2C
10,0,0,1,223,green,5929,T2C
11,0,0,1,223,green,5929,T2C
12,0,0,1,223,green,5929,T2C
13,0,0,1,223,green,5929,T2C
14,0,0,1,223,green,5929,T2C
15,0,0,1,223,green,5929,T2C
16,0,0,1,223,green,5929,T2C
17,0,0,1,223,green,5929,T2C
18,0,0,1,223,green,5929,T2C
19,0,0,1,223,green,5929,T2C
20,0,0,1,223,green,5929,T2C
21,0,0,1,223,green,5929,T2C
22,0,0,1,223,green,5929,T2C
23,0,0,1,223,green,5929,T2C
24,0,0,1,223,green,5929,T2C
25,0,0,1,223,green,5929,T2C
26,0,0,1,223,green,5929,T2C
27,0,0,1,223,green,5929,T2C
28,0,0,1,223,green,5929,T2C
29,0,0,1,223,green,5929,T2C
30,0,0,1,223,green,5929,T2C
31,0,0,1,223,green,5929,T2C
32,0,0,1,223,green,5929,T2C
33,0,0,1,223,green,5929,T2C
34,0,0,1,223,green,5929,T2C
35,0,0,1,223,green,5929,T2C
36,0,0,1,223,green,5929,T2C
37,0,0,1,223,green,5929,T2C
38,0,0,1,223,green,5929,T2C
39,0,0,1,223,green,5929,T2C
40,0,0,1,223,green,5929,T2C
41,0,0,1,223,green,5929,T2C
42,0,0,1,223,green,5929,T2C
43,0,0,1,223,green,5929,T2C
44,0,0,1,223,green,5929,T2C
45,0,0,1,223,green,5929,T2C
46,0,0,1,223,green,5929,T2C
47,0,0,1,223,green,5929,T2C
48,0,0,1,223,green,5929,T2C
49,0,0,1,223,green,5929,T2C
50,0,0,1,223,green,5929,T2C
51,0,1,0,223,green,5929,T2C
52,0,1,0,223,green,5929,T2C
53,0,1,0,223,green,5929,T2C
54,0,1,0,223,green,5929,T2C
55,0,1,0,223,green,5929,T2C
56,0,1,0,223,green,5929,T2C
57,0,1,0,223,green,5929,T2C
58,0,1,0,223,green,5929,T2C
59,0,1,0,223,green,5929,T2C
60,0,1,0,223,green,5929,T2C
61,0,1,0,223,green,5929,T2C
62,0,1,0,223,green,5929,T2C
63,0,1,0,223,green,5929,T2C
64,0,1,0,223,green,5929,T2C
65,0,1,0,223,green,5929,T2C
66,0,1,0,223,green,5929,T2C
67,0,1,0,223,green,5929,T2C
68,0,1,0,223,green,5929,T2C
69,0,1,0,223,green,5929,T2C
70,0,1,0,223,green,5929,T2C
71,0,1,0,223,green,5929,T2C
72,0,1,0,223,green,5929,T2C
73,0,1,0,223,green,5929,T2C
74,0,1,0,223,green,5929,T2C
75,0,1,0,223,green,5929,T2C
76,0,1,0,223,green,5929,T2C
77,0,1,0,223,green,5929,T2C
78,0,1,0,223,green,5929,T2C
79,0,1,0,223,green,5929,T2C
80,0,1,0,223,green,5929,T2C
81,0,1,0,223,green,5929,T2C
82,0,1,0,223,green,5929,T2C
83,0,1,0,223,green,5929,T2C
84,0,1,0,223,green,5929,T2C
85,0,1,0,223,green,5929,T2C
86,0,1,0,223,green,5929,T2C
87,0,1,0,223,green,5929,T2C
88,0,1,0,223,green,5929,T2C
89,0,1,0,223,green,5929,T2C
90,0,1,0,223,green,5929,T2C
91,0,1,0,223,green,5929,T2C
92,0,1,0,223,green,5929,T2C
93,0,1,0,223,green,5929,T2C
94,0,1,0,223,green,5929,T2C
95,0,1,0,223,green,5929,T2C
96,0,1,0,223,green,5929,T2C
97,0,1,0,223,green,5929,T2C
98,0,1,0,223,green,5929,T2C
99,0,1,0,223,green,5929,T2C
100,0,1,0,223,green,5929,T2C
101,0,1,0,223,green,5929,T2C
102,0,1,0,223,green,5929,T2C
103,0,1,0,223,green,5929,T2C
104,0,1,0,223,green,5929,T2C
105,0,1,0,223,green,5929,T2C
106,0,1,0,223,green,5929,T2C
107,0,1,0,223,green,5929,T2C
108,0,1,0,223,green,5929,T2C
109,0,1,0,223,green,5929,T2C
110,0,1,0,223,green,5929,T2C
111,0,1,0,223,green,5929,T2C
112,0,1,0,223,green,5929,T2C
113,0,1,0,223,green,5929,T2C
114,0,1,0,223,green,5929,T2C
115,0,1,0,223,green,5929,T2C
116,0,1,0,223,green,5929,T2C
117,0,1,0,223,green,5929,T2C
118,0,1,0,223,green,5929,T2C
119,0,1,0,223,green,5929,T2C
120,0,1,0,223,green,5929,T2C
121,0,1,0,223,green,5929,T2C
122,0,1,0,223,green,5929,T2C
123,0,1,0,223,green,5929,T2C
124,0,1,0,223,green,5929,T2C
125,0,1,0,223,green,5929,T2C
126,0,1,0,223,green,5929,T2C
127,0,1,0,223,green,5929,T2C
128,0,1,0,223,green,5929,T2C
129,0,1,0,223,green,5929,T2C
130,0,1,0,223,green,5929,T2C
131,0,1,0,223,green,5929,T2C
132,0,1,0,223,green,5929,T2C
133,0,1,0,223,green,5929,T2C
134,0,1,0,223,green,5929,T2C
135,0,1,0,223,green,5929,T2C
136,0,1,0,223,green,5929,T2C
137,0,1,0,223,green,5929,T2C
138,0,1,0,223,green,5929,T2C
139,0,1,0,223,green,5929,T2C
140,0,1,0,223,green,5929,T2C
141,0,1,0,223,green,5929,T2C
142,0,1,0,223,green,5929,T2C
143,0,1,0,223,green,5929,T2C
144,0,1,0,223,green,5929,T2C
145,0,1,0,223,green,5929,T2C
146,0,1,0,223,green,5929,T2C
147,0,1,0,223,green,5929,T2C
148,0,1,0,223,green,5929,T2C
149,0,1,0,223,green,5929,T2C
150,0,1,0,223,green,5929,T2C
151,0,1,0,223,green,5929,T2C
152,0,1,0,223,green,5929,T2C
153,0,1,0,223,green,5929,T2C
154,0,1,0,223,green,5929,T2C
155,0,1,0,223,green,5929,T2C
156,0,1,0,223,green,5929,T2C
157,0,1,0,223,green,5929,T2C
158,0,1,0,223,green,5929,T2C
159,0,1,0,223,green,5929,T2C
160,0,1,0,223,green,5929,T2C
161,0,1,0,223,green,5929,T2C
162,0,1,0,223,green,5929,T2C
163,0,1,0,223,green,5929,T2C
164,0,1,0,223,green,5929,T2C
165,0,1,0,223,green,5929,T2C
166,0,1,0,223,green,5929,T2C
167,0,1,0,223,green,5929,T2C
168,0,1,0,223,green,5929,T2C
169,0,1,0,223,green,5929,T2C
170,0,1,0,223,green,5929,T2C
171,0,1,0,223,green,5929,T2C
172,0,1,0,223,green,5929,T2C
173,0,1,0,223,green,5929,T2C
174,0,1,0,223,green,5929,T2C
175,0,1,0,223,green,5929,T2C
176,0,1,0,223,green,5929,T2C
177,0,1,0,223,green,5929,T2C
178,0,1,0,223,green,5929,T2C
179,0,1,0,223,green,5929,T2C
180,0,1,0,223,green,5929,T2C
181,0,1,0,223,green,5929,T2C
182,0,1,0,223,green,5929,T2C
183,0,1,0,223,green,5929,T2C
184,0,1,0,223,green,5929,T2C
185,0,1,0,223,green,5929,T2C
186,0,1,0,223,green,5929,T2C
187,0,1,0,223,green,5929,T2C
188,0,1,0,223,green,5929,T2C
189,0,1,0,223,green,5929,T2C
190,0,1,0,223,green,5929,T2C
191,0,1,0,223,green,5929,T2C
192,0,1,0,223,green,5929,T2C
193,0,1,0,223,green,5929,T2C
194,0,1,0,223,green,5929,T2C
195,0,1,0,223,green,5929,T2C
196,0,1,0,223,green,5929,T2C
197,0,1,0,223,green,5929,T2C
0,0,0,1,224,green,4923,T2C
1,0,0,1,224,green,4923,T2C
2,0,0,1,224,green,4923,T2C
3,0,0,1,224,green,4923,T2C
4,0,0,1,224,green,4923,T2C
5,0,0,1,224,green,4923,T2C
6,0,0,1,224,green,4923,T2C
7,0,0,1,224,green,4923,T2C
8,0,0,1,224,green,4923,T2C
9,0,0,1,224,green,4923,T2C
10,0,0,1,224,green,4923,T2C
11,0,0,1,224,green,4923,T2C
12,0,0,1,224,green,4923,T2C
13,0,0,1,224,green,4923,T2C
14,0,0,1,224,green,4923,T2C
15,0,0,1,224,green,4923,T2C
16,0,0,1,224,green,4923,T2C
17,0,0,1,224,green,4923,T2C
18,0,0,1,224,green,4923,T2C
19,0,0,1,224,green,4923,T2C
20,0,0,1,224,green,4923,T2C
21,0,0,1,224,green,4923,T2C
22,0,0,1,224,green,4923,T2C
23,0,0,1,224,green,4923,T2C
24,0,0,1,224,green,4923,T2C
25,0,0,1,224,green,4923,T2C
26,0,0,1,224,green,4923,T2C
27,0,0,1,224,green,4923,T2C
28,0,0,1,224,green,4923,T2C
29,0,0,1,224,green,4923,T2C
30,0,0,1,224,green,4923,T2C
31,0,0,1,224,green,4923,T2C
32,0,0,1,224,green,4923,T2C
33,0,0,1,224,green,4923,T2C
34,0,0,1,224,green,4923,T2C
35,0,0,1,224,green,4923,T2C
36,0,0,1,224,green,4923,T2C
37,0,0,1,224,green,4923,T2C
38,0,0,1,224,green,4923,T2C
39,0,0,1,224,green,4923,T2C
40,0,0,1,224,green,4923,T2C
41,0,0,1,224,green,4923,T2C
42,0,0,1,224,green,4923,T2C
43,0,0,1,224,green,4923,T2C
44,0,0,1,224,green,4923,T2C
45,0,0,1,224,green,4923,T2C
46,0,0,1,224,green,4923,T2C
47,0,0,1,224,green,4923,T2C
48,0,0,1,224,green,4923,T2C
49,0,0,1,224,green,4923,T2C
50,0,0,1,224,green,4923,T2C
51,0,0,1,224,green,4923,T2C
52,0,0,1,224,green,4923,T2C
53,0,0,1,224,green,4923,T2C
54,0,0,1,224,green,4923,T2C
55,0,0,1,224,green,4923,T2C
56,0,0,1,224,green,4923,T2C
57,0,0,1,224,green,4923,T2C
58,0,0,1,224,green,4923,T2C
59,0,0,1,224,green,4923,T2C
60,0,0,1,224,green,4923,T2C
61,0,0,1,224,green,4923,T2C
62,0,0,1,224,green,4923,T2C
63,0,0,1,224,green,4923,T2C
64,0,0,1,224,green,4923,T2C
65,0,0,1,224,green,4923,T2C
66,0,0,1,224,green,4923,T2C
67,0,0,1,224,green,4923,T2C
68,0,0,1,224,green,4923,T2C
69,0,0,1,224,green,4923,T2C
70,0,0,1,224,green,4923,T2C
71,0,0,1,224,green,4923,T2C
72,0,0,1,224,green,4923,T2C
73,0,0,1,224,green,4923,T2C
74,0,0,1,224,green,4923,T2C
75,0,0,1,224,green,4923,T2C
76,0,0,1,224,green,4923,T2C
77,0,0,1,224,green,4923,T2C
78,0,0,1,224,green,4923,T2C
79,0,0,1,224,green,4923,T2C
80,0,0,1,224,green,4923,T2C
81,0,0,1,224,green,4923,T2C
82,0,0,1,224,green,4923,T2C
83,0,0,1,224,green,4923,T2C
84,0,0,1,224,green,4923,T2C
85,0,0,1,224,green,4923,T2C
86,0,0,1,224,green,4923,T2C
87,0,0,1,224,green,4923,T2C
88,0,0,1,224,green,4923,T2C
89,0,0,1,224,green,4923,T2C
90,0,0,1,224,green,4923,T2C
91,0,0,1,224,green,4923,T2C
92,0,0,1,224,green,4923,T2C
93,0,0,1,224,green,4923,T2C
94,0,0,1,224,green,4923,T2C
95,0,0,1,224,green,4923,T2C
96,0,0,1,224,green,4923,T2C
97,0,0,1,224,green,4923,T2C
98,0,0,1,224,green,4923,T2C
99,0,0,1,224,green,4923,T2C
100,0,0,1,224,green,4923,T2C
101,0,0,1,224,green,4923,T2C
102,0,0,1,224,green,4923,T2C
103,0,0,1,224,green,4923,T2C
104,0,0,1,224,green,4923,T2C
105,0,0,1,224,green,4923,T2C
106,0,0,1,224,green,4923,T2C
107,0,0,1,224,green,4923,T2C
108,0,0,1,224,green,4923,T2C
109,0,0,1,224,green,4923,T2C
110,0,0,1,224,green,4923,T2C
111,0,0,1,224,green,4923,T2C
112,0,0,1,224,green,4923,T2C
113,0,0,1,224,green,4923,T2C
114,0,0,1,224,green,4923,T2C
115,0,0,1,224,green,4923,T2C
116,0,0,1,224,green,4923,T2C
117,0,0,1,224,green,4923,T2C
118,0,0,1,224,green,4923,T2C
119,0,0,1,224,green,4923,T2C
120,0,0,1,224,green,4923,T2C
121,0,0,1,224,green,4923,T2C
122,0,0,1,224,green,4923,T2C
123,0,0,1,224,green,4923,T2C
124,0,0,1,224,green,4923,T2C
125,0,0,1,224,green,4923,T2C
126,0,0,1,224,green,4923,T2C
127,0,0,1,224,green,4923,T2C
128,0,0,1,224,green,4923,T2C
129,0,0,1,224,green,4923,T2C
130,0,0,1,224,green,4923,T2C
131,0,0,1,224,green,4923,T2C
132,0,0,1,224,green,4923,T2C
133,0,0,1,224,green,4923,T2C
134,0,0,1,224,green,4923,T2C
135,0,0,1,224,green,4923,T2C
136,0,0,1,224,green,4923,T2C
137,0,0,1,224,green,4923,T2C
138,0,0,1,224,green,4923,T2C
139,0,0,1,224,green,4923,T2C
140,0,0,1,224,green,4923,T2C
141,0,0,1,224,green,4923,T2C
142,0,0,1,224,green,4923,T2C
143,0,0,1,224,green,4923,T2C
144,0,0,1,224,green,4923,T2C
145,0,0,1,224,green,4923,T2C
146,0,0,1,224,green,4923,T2C
147,0,0,1,224,green,4923,T2C
148,0,0,1,224,green,4923,T2C
149,0,0,1,224,green,4923,T2C
150,0,0,1,224,green,4923,T2C
151,0,0,1,224,green,4923,T2C
152,0,0,1,224,green,4923,T2C
153,0,0,1,224,green,4923,T2C
154,0,0,1,224,green,4923,T2C
155,0,0,1,224,green,4923,T2C
156,0,0,1,224,green,4923,T2C
157,0,0,1,224,green,4923,T2C
158,0,0,1,224,green,4923,T2C
159,0,0,1,224,green,4923,T2C
160,0,0,1,224,green,4923,T2C
161,0,0,1,224,green,4923,T2C
162,0,0,1,224,green,4923,T2C
163,0,0,1,224,green,4923,T2C
164,0,0,1,224,green,4923,T2C
165,0,0,1,224,green,4923,T2C
166,0,0,1,224,green,4923,T2C
167,0,0,1,224,green,4923,T2C
168,0,0,1,224,green,4923,T2C
169,0,0,1,224,green,4923,T2C
170,0,0,1,224,green,4923,T2C
171,0,0,1,224,green,4923,T2C
172,0,0,1,224,green,4923,T2C
173,0,0,1,224,green,4923,T2C
174,0,0,1,224,green,4923,T2C
175,0,0,1,224,green,4923,T2C
176,0,0,1,224,green,4923,T2C
177,0,0,1,224,green,4923,T2C
178,0,0,1,224,green,4923,T2C
179,0,0,1,224,green,4923,T2C
180,0,0,1,224,green,4923,T2C
181,0,0,1,224,green,4923,T2C
182,0,0,1,224,green,4923,T2C
183,0,0,1,224,green,4923,T2C
184,0,0,1,224,green,4923,T2C
185,0,0,1,224,green,4923,T2C
186,0,0,1,224,green,4923,T2C
187,0,0,1,224,green,4923,T2C
188,0,1,0,224,green,4923,T2C
189,0,1,0,224,green,4923,T2C
190,0,1,0,224,green,4923,T2C
191,0,1,0,224,green,4923,T2C
192,0,1,0,224,green,4923,T2C
193,0,1,0,224,green,4923,T2C
194,0,1,0,224,green,4923,T2C
195,0,1,0,224,green,4923,T2C
196,0,1,0,224,green,4923,T2C
197,0,1,0,224,green,4923,T2C
0,0,0,1,225,green,4811,T2C
1,0,0,1,225,green,4811,T2C
2,0,0,1,225,green,4811,T2C
3,0,0,1,225,green,4811,T2C
4,0,0,1,225,green,4811,T2C
5,0,0,1,225,green,4811,T2C
6,0,0,1,225,green,4811,T2C
7,0,0,1,225,green,4811,T2C
8,0,0,1,225,green,4811,T2C
9,0,0,1,225,green,4811,T2C
10,0,0,1,225,green,4811,T2C
11,0,0,1,225,green,4811,T2C
12,0,0,1,225,green,4811,T2C
13,0,0,1,225,green,4811,T2C
14,0,0,1,225,green,4811,T2C
15,0,0,1,225,green,4811,T2C
16,0,0,1,225,green,4811,T2C
17,0,0,1,225,green,4811,T2C
18,0,0,1,225,green,4811,T2C
19,0,0,1,225,green,4811,T2C
20,0,0,1,225,green,4811,T2C
21,0,0,1,225,green,4811,T2C
22,0,0,1,225,green,4811,T2C
23,0,0,1,225,green,4811,T2C
24,0,0,1,225,green,4811,T2C
25,0,0,1,225,green,4811,T2C
26,0,0,1,225,green,4811,T2C
27,0,0,1,225,green,4811,T2C
28,0,0,1,225,green,4811,T2C
29,0,0,1,225,green,4811,T2C
30,0,0,1,225,green,4811,T2C
31,0,0,1,225,green,4811,T2C
32,0,0,1,225,green,4811,T2C
33,0,0,1,225,green,4811,T2C
34,0,0,1,225,green,4811,T2C
35,0,0,1,225,green,4811,T2C
36,0,0,1,225,green,4811,T2C
37,0,0,1,225,green,4811,T2C
38,0,0,1,225,green,4811,T2C
39,0,0,1,225,green,4811,T2C
40,0,0,1,225,green,4811,T2C
41,0,0,1,225,green,4811,T2C
42,0,0,1,225,green,4811,T2C
43,0,1,0,225,green,4811,T2C
44,0,1,0,225,green,4811,T2C
45,0,1,0,225,green,4811,T2C
46,0,1,0,225,green,4811,T2C
47,0,1,0,225,green,4811,T2C
48,0,1,0,225,green,4811,T2C
49,0,1,0,225,green,4811,T2C
50,0,1,0,225,green,4811,T2C
51,0,1,0,225,green,4811,T2C
52,0,1,0,225,green,4811,T2C
53,0,1,0,225,green,4811,T2C
54,0,1,0,225,green,4811,T2C
55,0,1,0,225,green,4811,T2C
56,0,0,1,225,green,4811,T2C
57,1,0,0,225,green,4811,T2C
58,1,0,0,225,green,4811,T2C
59,1,0,0,225,green,4811,T2C
60,1,0,0,225,green,4811,T2C
61,1,0,0,225,green,4811,T2C
62,1,0,0,225,green,4811,T2C
63,1,0,0,225,green,4811,T2C
64,1,0,0,225,green,4811,T2C
65,1,0,0,225,green,4811,T2C
66,1,0,0,225,green,4811,T2C
67,1,0,0,225,green,4811,T2C
68,1,0,0,225,green,4811,T2C
69,1,0,0,225,green,4811,T2C
70,1,0,0,225,green,4811,T2C
71,1,0,0,225,green,4811,T2C
72,1,0,0,225,green,4811,T2C
73,1,0,0,225,green,4811,T2C
74,1,0,0,225,green,4811,T2C
75,1,0,0,225,green,4811,T2C
76,1,0,0,225,green,4811,T2C
77,1,0,0,225,green,4811,T2C
78,1,0,0,225,green,4811,T2C
79,1,0,0,225,green,4811,T2C
80,1,0,0,225,green,4811,T2C
81,1,0,0,225,green,4811,T2C
82,1,0,0,225,green,4811,T2C
83,1,0,0,225,green,4811,T2C
84,1,0,0,225,green,4811,T2C
85,1,0,0,225,green,4811,T2C
86,1,0,0,225,green,4811,T2C
87,1,0,0,225,green,4811,T2C
88,1,0,0,225,green,4811,T2C
89,1,0,0,225,green,4811,T2C
90,1,0,0,225,green,4811,T2C
91,1,0,0,225,green,4811,T2C
92,1,0,0,225,green,4811,T2C
93,1,0,0,225,green,4811,T2C
94,1,0,0,225,green,4811,T2C
95,1,0,0,225,green,4811,T2C
96,1,0,0,225,green,4811,T2C
97,1,0,0,225,green,4811,T2C
98,1,0,0,225,green,4811,T2C
99,1,0,0,225,green,4811,T2C
100,1,0,0,225,green,4811,T2C
101,1,0,0,225,green,4811,T2C
102,1,0,0,225,green,4811,T2C
103,1,0,0,225,green,4811,T2C
104,1,0,0,225,green,4811,T2C
105,1,0,0,225,green,4811,T2C
106,1,0,0,225,green,4811,T2C
107,1,0,0,225,green,4811,T2C
108,1,0,0,225,green,4811,T2C
109,1,0,0,225,green,4811,T2C
110,1,0,0,225,green,4811,T2C
111,1,0,0,225,green,4811,T2C
112,1,0,0,225,green,4811,T2C
113,1,0,0,225,green,4811,T2C
114,1,0,0,225,green,4811,T2C
115,1,0,0,225,green,4811,T2C
116,1,0,0,225,green,4811,T2C
117,1,0,0,225,green,4811,T2C
118,1,0,0,225,green,4811,T2C
119,1,0,0,225,green,4811,T2C
120,1,0,0,225,green,4811,T2C
121,1,0,0,225,green,4811,T2C
122,1,0,0,225,green,4811,T2C
123,1,0,0,225,green,4811,T2C
124,1,0,0,225,green,4811,T2C
125,1,0,0,225,green,4811,T2C
126,1,0,0,225,green,4811,T2C
127,1,0,0,225,green,4811,T2C
128,1,0,0,225,green,4811,T2C
129,1,0,0,225,green,4811,T2C
130,1,0,0,225,green,4811,T2C
131,1,0,0,225,green,4811,T2C
132,1,0,0,225,green,4811,T2C
133,1,0,0,225,green,4811,T2C
134,1,0,0,225,green,4811,T2C
135,1,0,0,225,green,4811,T2C
136,1,0,0,225,green,4811,T2C
137,1,0,0,225,green,4811,T2C
138,1,0,0,225,green,4811,T2C
139,1,0,0,225,green,4811,T2C
140,1,0,0,225,green,4811,T2C
141,1,0,0,225,green,4811,T2C
142,1,0,0,225,green,4811,T2C
143,1,0,0,225,green,4811,T2C
144,1,0,0,225,green,4811,T2C
145,1,0,0,225,green,4811,T2C
146,1,0,0,225,green,4811,T2C
147,1,0,0,225,green,4811,T2C
148,1,0,0,225,green,4811,T2C
149,1,0,0,225,green,4811,T2C
150,1,0,0,225,green,4811,T2C
151,1,0,0,225,green,4811,T2C
152,1,0,0,225,green,4811,T2C
153,1,0,0,225,green,4811,T2C
154,1,0,0,225,green,4811,T2C
155,1,0,0,225,green,4811,T2C
156,1,0,0,225,green,4811,T2C
157,1,0,0,225,green,4811,T2C
158,1,0,0,225,green,4811,T2C
159,1,0,0,225,green,4811,T2C
160,1,0,0,225,green,4811,T2C
161,1,0,0,225,green,4811,T2C
162,1,0,0,225,green,4811,T2C
163,1,0,0,225,green,4811,T2C
164,1,0,0,225,green,4811,T2C
165,1,0,0,225,green,4811,T2C
166,1,0,0,225,green,4811,T2C
167,1,0,0,225,green,4811,T2C
168,1,0,0,225,green,4811,T2C
169,1,0,0,225,green,4811,T2C
170,1,0,0,225,green,4811,T2C
171,1,0,0,225,green,4811,T2C
172,1,0,0,225,green,4811,T2C
173,1,0,0,225,green,4811,T2C
174,1,0,0,225,green,4811,T2C
175,1,0,0,225,green,4811,T2C
176,1,0,0,225,green,4811,T2C
177,1,0,0,225,green,4811,T2C
178,1,0,0,225,green,4811,T2C
179,1,0,0,225,green,4811,T2C
180,1,0,0,225,green,4811,T2C
181,1,0,0,225,green,4811,T2C
182,1,0,0,225,green,4811,T2C
183,1,0,0,225,green,4811,T2C
184,1,0,0,225,green,4811,T2C
185,1,0,0,225,green,4811,T2C
186,1,0,0,225,green,4811,T2C
187,0,0,1,225,green,4811,T2C
188,0,0,1,225,green,4811,T2C
189,0,0,1,225,green,4811,T2C
190,0,1,0,225,green,4811,T2C
191,0,1,0,225,green,4811,T2C
192,0,1,0,225,green,4811,T2C
193,0,1,0,225,green,4811,T2C
194,0,1,0,225,green,4811,T2C
195,0,1,0,225,green,4811,T2C
196,0,1,0,225,green,4811,T2C
197,0,1,0,225,green,4811,T2C
0,0,0,1,226,green,5187,T2C
1,0,0,1,226,green,5187,T2C
2,0,0,1,226,green,5187,T2C
3,0,0,1,226,green,5187,T2C
4,0,0,1,226,green,5187,T2C
5,0,0,1,226,green,5187,T2C
6,0,0,1,226,green,5187,T2C
7,0,0,1,226,green,5187,T2C
8,0,0,1,226,green,5187,T2C
9,0,0,1,226,green,5187,T2C
10,0,0,1,226,green,5187,T2C
11,0,0,1,226,green,5187,T2C
12,0,0,1,226,green,5187,T2C
13,0,0,1,226,green,5187,T2C
14,0,0,1,226,green,5187,T2C
15,0,0,1,226,green,5187,T2C
16,0,0,1,226,green,5187,T2C
17,0,0,1,226,green,5187,T2C
18,0,0,1,226,green,5187,T2C
19,0,0,1,226,green,5187,T2C
20,0,0,1,226,green,5187,T2C
21,0,0,1,226,green,5187,T2C
22,0,0,1,226,green,5187,T2C
23,0,0,1,226,green,5187,T2C
24,0,0,1,226,green,5187,T2C
25,0,0,1,226,green,5187,T2C
26,0,0,1,226,green,5187,T2C
27,0,0,1,226,green,5187,T2C
28,0,0,1,226,green,5187,T2C
29,0,0,1,226,green,5187,T2C
30,0,0,1,226,green,5187,T2C
31,0,0,1,226,green,5187,T2C
32,0,0,1,226,green,5187,T2C
33,0,0,1,226,green,5187,T2C
34,0,0,1,226,green,5187,T2C
35,0,0,1,226,green,5187,T2C
36,0,0,1,226,green,5187,T2C
37,0,0,1,226,green,5187,T2C
38,0,0,1,226,green,5187,T2C
39,0,0,1,226,green,5187,T2C
40,0,0,1,226,green,5187,T2C
41,0,0,1,226,green,5187,T2C
42,1,0,0,226,green,5187,T2C
43,1,0,0,226,green,5187,T2C
44,1,0,0,226,green,5187,T2C
45,1,0,0,226,green,5187,T2C
46,1,0,0,226,green,5187,T2C
47,1,0,0,226,green,5187,T2C
48,1,0,0,226,green,5187,T2C
49,1,0,0,226,green,5187,T2C
50,1,0,0,226,green,5187,T2C
51,1,0,0,226,green,5187,T2C
52,1,0,0,226,green,5187,T2C
53,1,0,0,226,green,5187,T2C
54,1,0,0,226,green,5187,T2C
55,1,0,0,226,green,5187,T2C
56,1,0,0,226,green,5187,T2C
57,1,0,0,226,green,5187,T2C
58,1,0,0,226,green,5187,T2C
59,1,0,0,226,green,5187,T2C
60,1,0,0,226,green,5187,T2C
61,1,0,0,226,green,5187,T2C
62,1,0,0,226,green,5187,T2C
63,1,0,0,226,green,5187,T2C
64,1,0,0,226,green,5187,T2C
65,1,0,0,226,green,5187,T2C
66,1,0,0,226,green,5187,T2C
67,1,0,0,226,green,5187,T2C
68,1,0,0,226,green,5187,T2C
69,1,0,0,226,green,5187,T2C
70,1,0,0,226,green,5187,T2C
71,1,0,0,226,green,5187,T2C
72,1,0,0,226,green,5187,T2C
73,1,0,0,226,green,5187,T2C
74,1,0,0,226,green,5187,T2C
75,1,0,0,226,green,5187,T2C
76,1,0,0,226,green,5187,T2C
77,1,0,0,226,green,5187,T2C
78,1,0,0,226,green,5187,T2C
79,1,0,0,226,green,5187,T2C
80,1,0,0,226,green,5187,T2C
81,1,0,0,226,green,5187,T2C
82,1,0,0,226,green,5187,T2C
83,1,0,0,226,green,5187,T2C
84,1,0,0,226,green,5187,T2C
85,1,0,0,226,green,5187,T2C
86,1,0,0,226,green,5187,T2C
87,1,0,0,226,green,5187,T2C
88,1,0,0,226,green,5187,T2C
89,1,0,0,226,green,5187,T2C
90,1,0,0,226,green,5187,T2C
91,1,0,0,226,green,5187,T2C
92,1,0,0,226,green,5187,T2C
93,1,0,0,226,green,5187,T2C
94,1,0,0,226,green,5187,T2C
95,1,0,0,226,green,5187,T2C
96,1,0,0,226,green,5187,T2C
97,1,0,0,226,green,5187,T2C
98,1,0,0,226,green,5187,T2C
99,1,0,0,226,green,5187,T2C
100,1,0,0,226,green,5187,T2C
101,1,0,0,226,green,5187,T2C
102,1,0,0,226,green,5187,T2C
103,1,0,0,226,green,5187,T2C
104,1,0,0,226,green,5187,T2C
105,1,0,0,226,green,5187,T2C
106,1,0,0,226,green,5187,T2C
107,1,0,0,226,green,5187,T2C
108,1,0,0,226,green,5187,T2C
109,1,0,0,226,green,5187,T2C
110,1,0,0,226,green,5187,T2C
111,1,0,0,226,green,5187,T2C
112,1,0,0,226,green,5187,T2C
113,1,0,0,226,green,5187,T2C
114,0,1,0,226,green,5187,T2C
115,0,1,0,226,green,5187,T2C
116,0,1,0,226,green,5187,T2C
117,0,1,0,226,green,5187,T2C
118,0,1,0,226,green,5187,T2C
119,0,1,0,226,green,5187,T2C
120,0,1,0,226,green,5187,T2C
121,0,1,0,226,green,5187,T2C
122,0,1,0,226,green,5187,T2C
123,0,1,0,226,green,5187,T2C
124,0,1,0,226,green,5187,T2C
125,0,1,0,226,green,5187,T2C
126,0,1,0,226,green,5187,T2C
127,0,1,0,226,green,5187,T2C
128,0,1,0,226,green,5187,T2C
129,0,1,0,226,green,5187,T2C
130,0,1,0,226,green,5187,T2C
131,0,1,0,226,green,5187,T2C
132,0,1,0,226,green,5187,T2C
133,0,1,0,226,green,5187,T2C
134,0,1,0,226,green,5187,T2C
135,0,1,0,226,green,5187,T2C
136,0,1,0,226,green,5187,T2C
137,0,1,0,226,green,5187,T2C
138,0,1,0,226,green,5187,T2C
139,0,1,0,226,green,5187,T2C
140,0,1,0,226,green,5187,T2C
141,0,1,0,226,green,5187,T2C
142,0,1,0,226,green,5187,T2C
143,0,1,0,226,green,5187,T2C
144,0,1,0,226,green,5187,T2C
145,0,1,0,226,green,5187,T2C
146,0,1,0,226,green,5187,T2C
147,0,1,0,226,green,5187,T2C
148,0,1,0,226,green,5187,T2C
149,0,1,0,226,green,5187,T2C
150,0,1,0,226,green,5187,T2C
151,0,1,0,226,green,5187,T2C
152,0,1,0,226,green,5187,T2C
153,0,1,0,226,green,5187,T2C
154,0,1,0,226,green,5187,T2C
155,0,1,0,226,green,5187,T2C
156,0,1,0,226,green,5187,T2C
157,0,1,0,226,green,5187,T2C
158,0,1,0,226,green,5187,T2C
159,0,1,0,226,green,5187,T2C
160,0,1,0,226,green,5187,T2C
161,0,1,0,226,green,5187,T2C
162,0,1,0,226,green,5187,T2C
163,0,1,0,226,green,5187,T2C
164,0,1,0,226,green,5187,T2C
165,0,1,0,226,green,5187,T2C
166,0,1,0,226,green,5187,T2C
167,0,1,0,226,green,5187,T2C
168,0,1,0,226,green,5187,T2C
169,0,1,0,226,green,5187,T2C
170,0,1,0,226,green,5187,T2C
171,0,1,0,226,green,5187,T2C
172,0,1,0,226,green,5187,T2C
173,0,1,0,226,green,5187,T2C
174,0,1,0,226,green,5187,T2C
175,0,1,0,226,green,5187,T2C
176,0,1,0,226,green,5187,T2C
177,0,1,0,226,green,5187,T2C
178,0,1,0,226,green,5187,T2C
179,0,1,0,226,green,5187,T2C
180,0,1,0,226,green,5187,T2C
181,0,1,0,226,green,5187,T2C
182,0,1,0,226,green,5187,T2C
183,0,1,0,226,green,5187,T2C
184,0,1,0,226,green,5187,T2C
185,0,1,0,226,green,5187,T2C
186,0,1,0,226,green,5187,T2C
187,0,1,0,226,green,5187,T2C
188,0,1,0,226,green,5187,T2C
189,0,1,0,226,green,5187,T2C
190,0,1,0,226,green,5187,T2C
191,0,1,0,226,green,5187,T2C
192,0,1,0,226,green,5187,T2C
193,0,1,0,226,green,5187,T2C
194,0,1,0,226,green,5187,T2C
195,0,1,0,226,green,5187,T2C
196,0,1,0,226,green,5187,T2C
197,0,1,0,226,green,5187,T2C
0,0,0,1,227,green,6564,T2C
1,0,0,1,227,green,6564,T2C
2,0,0,1,227,green,6564,T2C
3,0,0,1,227,green,6564,T2C
4,0,0,1,227,green,6564,T2C
5,0,0,1,227,green,6564,T2C
6,0,0,1,227,green,6564,T2C
7,0,0,1,227,green,6564,T2C
8,0,0,1,227,green,6564,T2C
9,0,0,1,227,green,6564,T2C
10,0,0,1,227,green,6564,T2C
11,0,0,1,227,green,6564,T2C
12,0,0,1,227,green,6564,T2C
13,0,0,1,227,green,6564,T2C
14,0,0,1,227,green,6564,T2C
15,0,0,1,227,green,6564,T2C
16,0,0,1,227,green,6564,T2C
17,0,0,1,227,green,6564,T2C
18,0,0,1,227,green,6564,T2C
19,0,0,1,227,green,6564,T2C
20,0,0,1,227,green,6564,T2C
21,0,0,1,227,green,6564,T2C
22,0,0,1,227,green,6564,T2C
23,0,0,1,227,green,6564,T2C
24,0,0,1,227,green,6564,T2C
25,0,0,1,227,green,6564,T2C
26,0,0,1,227,green,6564,T2C
27,0,0,1,227,green,6564,T2C
28,0,0,1,227,green,6564,T2C
29,0,0,1,227,green,6564,T2C
30,0,0,1,227,green,6564,T2C
31,0,0,1,227,green,6564,T2C
32,0,0,1,227,green,6564,T2C
33,0,0,1,227,green,6564,T2C
34,0,0,1,227,green,6564,T2C
35,0,0,1,227,green,6564,T2C
36,0,0,1,227,green,6564,T2C
37,0,0,1,227,green,6564,T2C
38,0,0,1,227,green,6564,T2C
39,0,0,1,227,green,6564,T2C
40,0,0,1,227,green,6564,T2C
41,0,0,1,227,green,6564,T2C
42,0,0,1,227,green,6564,T2C
43,0,0,1,227,green,6564,T2C
44,0,0,1,227,green,6564,T2C
45,0,0,1,227,green,6564,T2C
46,0,0,1,227,green,6564,T2C
47,0,0,1,227,green,6564,T2C
48,0,0,1,227,green,6564,T2C
49,0,0,1,227,green,6564,T2C
50,0,0,1,227,green,6564,T2C
51,0,0,1,227,green,6564,T2C
52,0,0,1,227,green,6564,T2C
53,0,0,1,227,green,6564,T2C
54,0,0,1,227,green,6564,T2C
55,0,0,1,227,green,6564,T2C
56,0,0,1,227,green,6564,T2C
57,0,0,1,227,green,6564,T2C
58,0,0,1,227,green,6564,T2C
59,0,0,1,227,green,6564,T2C
60,0,0,1,227,green,6564,T2C
61,0,0,1,227,green,6564,T2C
62,0,0,1,227,green,6564,T2C
63,0,0,1,227,green,6564,T2C
64,0,0,1,227,green,6564,T2C
65,0,0,1,227,green,6564,T2C
66,0,0,1,227,green,6564,T2C
67,0,0,1,227,green,6564,T2C
68,0,0,1,227,green,6564,T2C
69,0,0,1,227,green,6564,T2C
70,0,0,1,227,green,6564,T2C
71,0,0,1,227,green,6564,T2C
72,0,0,1,227,green,6564,T2C
73,0,0,1,227,green,6564,T2C
74,0,0,1,227,green,6564,T2C
75,0,0,1,227,green,6564,T2C
76,0,0,1,227,green,6564,T2C
77,0,0,1,227,green,6564,T2C
78,0,0,1,227,green,6564,T2C
79,0,0,1,227,green,6564,T2C
80,0,0,1,227,green,6564,T2C
81,0,0,1,227,green,6564,T2C
82,0,0,1,227,green,6564,T2C
83,0,0,1,227,green,6564,T2C
84,0,0,1,227,green,6564,T2C
85,0,0,1,227,green,6564,T2C
86,0,0,1,227,green,6564,T2C
87,0,0,1,227,green,6564,T2C
88,0,0,1,227,green,6564,T2C
89,0,0,1,227,green,6564,T2C
90,0,0,1,227,green,6564,T2C
91,0,0,1,227,green,6564,T2C
92,0,0,1,227,green,6564,T2C
93,0,0,1,227,green,6564,T2C
94,0,0,1,227,green,6564,T2C
95,0,0,1,227,green,6564,T2C
96,0,0,1,227,green,6564,T2C
97,0,0,1,227,green,6564,T2C
98,0,0,1,227,green,6564,T2C
99,0,0,1,227,green,6564,T2C
100,0,0,1,227,green,6564,T2C
101,0,0,1,227,green,6564,T2C
102,0,0,1,227,green,6564,T2C
103,0,0,1,227,green,6564,T2C
104,0,0,1,227,green,6564,T2C
105,0,0,1,227,green,6564,T2C
106,0,0,1,227,green,6564,T2C
107,0,0,1,227,green,6564,T2C
108,0,0,1,227,green,6564,T2C
109,0,0,1,227,green,6564,T2C
110,0,0,1,227,green,6564,T2C
111,0,0,1,227,green,6564,T2C
112,0,0,1,227,green,6564,T2C
113,0,0,1,227,green,6564,T2C
114,0,0,1,227,green,6564,T2C
115,0,0,1,227,green,6564,T2C
116,0,0,1,227,green,6564,T2C
117,0,0,1,227,green,6564,T2C
118,0,0,1,227,green,6564,T2C
119,0,0,1,227,green,6564,T2C
120,0,0,1,227,green,6564,T2C
121,0,0,1,227,green,6564,T2C
122,0,0,1,227,green,6564,T2C
123,0,0,1,227,green,6564,T2C
124,0,0,1,227,green,6564,T2C
125,0,0,1,227,green,6564,T2C
126,0,0,1,227,green,6564,T2C
127,0,0,1,227,green,6564,T2C
128,0,0,1,227,green,6564,T2C
129,0,0,1,227,green,6564,T2C
130,0,0,1,227,green,6564,T2C
131,0,0,1,227,green,6564,T2C
132,0,0,1,227,green,6564,T2C
133,0,0,1,227,green,6564,T2C
134,0,0,1,227,green,6564,T2C
135,0,0,1,227,green,6564,T2C
136,0,0,1,227,green,6564,T2C
137,0,0,1,227,green,6564,T2C
138,0,0,1,227,green,6564,T2C
139,0,0,1,227,green,6564,T2C
140,0,0,1,227,green,6564,T2C
141,0,0,1,227,green,6564,T2C
142,0,0,1,227,green,6564,T2C
143,0,0,1,227,green,6564,T2C
144,0,0,1,227,green,6564,T2C
145,0,0,1,227,green,6564,T2C
146,0,0,1,227,green,6564,T2C
147,1,0,0,227,green,6564,T2C
148,1,0,0,227,green,6564,T2C
149,1,0,0,227,green,6564,T2C
150,1,0,0,227,green,6564,T2C
151,1,0,0,227,green,6564,T2C
152,1,0,0,227,green,6564,T2C
153,1,0,0,227,green,6564,T2C
154,1,0,0,227,green,6564,T2C
155,1,0,0,227,green,6564,T2C
156,1,0,0,227,green,6564,T2C
157,1,0,0,227,green,6564,T2C
158,1,0,0,227,green,6564,T2C
159,1,0,0,227,green,6564,T2C
160,1,0,0,227,green,6564,T2C
161,1,0,0,227,green,6564,T2C
162,1,0,0,227,green,6564,T2C
163,1,0,0,227,green,6564,T2C
164,1,0,0,227,green,6564,T2C
165,1,0,0,227,green,6564,T2C
166,0,1,0,227,green,6564,T2C
167,0,1,0,227,green,6564,T2C
168,0,1,0,227,green,6564,T2C
169,0,1,0,227,green,6564,T2C
170,0,1,0,227,green,6564,T2C
171,0,1,0,227,green,6564,T2C
172,0,1,0,227,green,6564,T2C
173,0,1,0,227,green,6564,T2C
174,0,1,0,227,green,6564,T2C
175,0,1,0,227,green,6564,T2C
176,0,1,0,227,green,6564,T2C
177,0,1,0,227,green,6564,T2C
178,0,1,0,227,green,6564,T2C
179,0,1,0,227,green,6564,T2C
180,0,1,0,227,green,6564,T2C
181,0,1,0,227,green,6564,T2C
182,0,1,0,227,green,6564,T2C
183,0,1,0,227,green,6564,T2C
184,0,1,0,227,green,6564,T2C
185,0,1,0,227,green,6564,T2C
186,0,1,0,227,green,6564,T2C
187,0,1,0,227,green,6564,T2C
188,0,1,0,227,green,6564,T2C
189,0,1,0,227,green,6564,T2C
190,0,1,0,227,green,6564,T2C
191,0,1,0,227,green,6564,T2C
192,0,1,0,227,green,6564,T2C
193,0,1,0,227,green,6564,T2C
194,0,1,0,227,green,6564,T2C
195,0,1,0,227,green,6564,T2C
196,0,1,0,227,green,6564,T2C
197,0,1,0,227,green,6564,T2C
0,0,0,1,228,green,4590,T2C
1,0,0,1,228,green,4590,T2C
2,0,0,1,228,green,4590,T2C
3,0,0,1,228,green,4590,T2C
4,0,0,1,228,green,4590,T2C
5,0,0,1,228,green,4590,T2C
6,0,0,1,228,green,4590,T2C
7,0,0,1,228,green,4590,T2C
8,0,0,1,228,green,4590,T2C
9,0,0,1,228,green,4590,T2C
10,0,0,1,228,green,4590,T2C
11,0,0,1,228,green,4590,T2C
12,0,0,1,228,green,4590,T2C
13,0,0,1,228,green,4590,T2C
14,0,0,1,228,green,4590,T2C
15,0,0,1,228,green,4590,T2C
16,0,0,1,228,green,4590,T2C
17,0,0,1,228,green,4590,T2C
18,0,0,1,228,green,4590,T2C
19,0,0,1,228,green,4590,T2C
20,0,0,1,228,green,4590,T2C
21,0,0,1,228,green,4590,T2C
22,0,0,1,228,green,4590,T2C
23,0,0,1,228,green,4590,T2C
24,0,0,1,228,green,4590,T2C
25,0,0,1,228,green,4590,T2C
26,1,0,0,228,green,4590,T2C
27,1,0,0,228,green,4590,T2C
28,1,0,0,228,green,4590,T2C
29,1,0,0,228,green,4590,T2C
30,1,0,0,228,green,4590,T2C
31,1,0,0,228,green,4590,T2C
32,1,0,0,228,green,4590,T2C
33,1,0,0,228,green,4590,T2C
34,1,0,0,228,green,4590,T2C
35,1,0,0,228,green,4590,T2C
36,1,0,0,228,green,4590,T2C
37,1,0,0,228,green,4590,T2C
38,1,0,0,228,green,4590,T2C
39,1,0,0,228,green,4590,T2C
40,1,0,0,228,green,4590,T2C
41,1,0,0,228,green,4590,T2C
42,1,0,0,228,green,4590,T2C
43,1,0,0,228,green,4590,T2C
44,1,0,0,228,green,4590,T2C
45,1,0,0,228,green,4590,T2C
46,1,0,0,228,green,4590,T2C
47,1,0,0,228,green,4590,T2C
48,1,0,0,228,green,4590,T2C
49,1,0,0,228,green,4590,T2C
50,1,0,0,228,green,4590,T2C
51,1,0,0,228,green,4590,T2C
52,1,0,0,228,green,4590,T2C
53,1,0,0,228,green,4590,T2C
54,1,0,0,228,green,4590,T2C
55,1,0,0,228,green,4590,T2C
56,1,0,0,228,green,4590,T2C
57,1,0,0,228,green,4590,T2C
58,1,0,0,228,green,4590,T2C
59,1,0,0,228,green,4590,T2C
60,1,0,0,228,green,4590,T2C
61,1,0,0,228,green,4590,T2C
62,1,0,0,228,green,4590,T2C
63,1,0,0,228,green,4590,T2C
64,1,0,0,228,green,4590,T2C
65,1,0,0,228,green,4590,T2C
66,1,0,0,228,green,4590,T2C
67,1,0,0,228,green,4590,T2C
68,1,0,0,228,green,4590,T2C
69,1,0,0,228,green,4590,T2C
70,1,0,0,228,green,4590,T2C
71,1,0,0,228,green,4590,T2C
72,1,0,0,228,green,4590,T2C
73,1,0,0,228,green,4590,T2C
74,1,0,0,228,green,4590,T2C
75,1,0,0,228,green,4590,T2C
76,1,0,0,228,green,4590,T2C
77,1,0,0,228,green,4590,T2C
78,1,0,0,228,green,4590,T2C
79,0,0,1,228,green,4590,T2C
80,0,0,1,228,green,4590,T2C
81,0,1,0,228,green,4590,T2C
82,0,1,0,228,green,4590,T2C
83,0,1,0,228,green,4590,T2C
84,0,1,0,228,green,4590,T2C
85,0,1,0,228,green,4590,T2C
86,0,1,0,228,green,4590,T2C
87,0,1,0,228,green,4590,T2C
88,0,1,0,228,green,4590,T2C
89,0,1,0,228,green,4590,T2C
90,0,1,0,228,green,4590,T2C
91,0,1,0,228,green,4590,T2C
92,0,1,0,228,green,4590,T2C
93,0,1,0,228,green,4590,T2C
94,0,1,0,228,green,4590,T2C
95,0,1,0,228,green,4590,T2C
96,0,1,0,228,green,4590,T2C
97,0,1,0,228,green,4590,T2C
98,0,1,0,228,green,4590,T2C
99,0,1,0,228,green,4590,T2C
100,0,1,0,228,green,4590,T2C
101,0,1,0,228,green,4590,T2C
102,0,1,0,228,green,4590,T2C
103,0,1,0,228,green,4590,T2C
104,0,1,0,228,green,4590,T2C
105,0,1,0,228,green,4590,T2C
106,0,1,0,228,green,4590,T2C
107,0,1,0,228,green,4590,T2C
108,0,1,0,228,green,4590,T2C
109,0,1,0,228,green,4590,T2C
110,0,1,0,228,green,4590,T2C
111,0,1,0,228,green,4590,T2C
112,0,1,0,228,green,4590,T2C
113,0,1,0,228,green,4590,T2C
114,0,1,0,228,green,4590,T2C
115,0,1,0,228,green,4590,T2C
116,0,1,0,228,green,4590,T2C
117,0,1,0,228,green,4590,T2C
118,0,1,0,228,green,4590,T2C
119,0,1,0,228,green,4590,T2C
120,0,1,0,228,green,4590,T2C
121,0,1,0,228,green,4590,T2C
122,0,1,0,228,green,4590,T2C
123,0,1,0,228,green,4590,T2C
124,0,1,0,228,green,4590,T2C
125,0,1,0,228,green,4590,T2C
126,0,1,0,228,green,4590,T2C
127,0,1,0,228,green,4590,T2C
128,0,1,0,228,green,4590,T2C
129,0,1,0,228,green,4590,T2C
130,0,1,0,228,green,4590,T2C
131,0,1,0,228,green,4590,T2C
132,0,1,0,228,green,4590,T2C
133,0,1,0,228,green,4590,T2C
134,0,1,0,228,green,4590,T2C
135,0,1,0,228,green,4590,T2C
136,0,1,0,228,green,4590,T2C
137,0,1,0,228,green,4590,T2C
138,0,1,0,228,green,4590,T2C
139,0,1,0,228,green,4590,T2C
140,0,1,0,228,green,4590,T2C
141,0,1,0,228,green,4590,T2C
142,0,1,0,228,green,4590,T2C
143,0,1,0,228,green,4590,T2C
144,0,1,0,228,green,4590,T2C
145,0,1,0,228,green,4590,T2C
146,0,1,0,228,green,4590,T2C
147,0,1,0,228,green,4590,T2C
148,0,1,0,228,green,4590,T2C
149,0,1,0,228,green,4590,T2C
150,0,1,0,228,green,4590,T2C
151,0,1,0,228,green,4590,T2C
152,0,1,0,228,green,4590,T2C
153,0,1,0,228,green,4590,T2C
154,0,1,0,228,green,4590,T2C
155,0,1,0,228,green,4590,T2C
156,0,1,0,228,green,4590,T2C
157,0,1,0,228,green,4590,T2C
158,0,1,0,228,green,4590,T2C
159,0,1,0,228,green,4590,T2C
160,0,1,0,228,green,4590,T2C
161,0,1,0,228,green,4590,T2C
162,0,1,0,228,green,4590,T2C
163,0,1,0,228,green,4590,T2C
164,0,1,0,228,green,4590,T2C
165,0,1,0,228,green,4590,T2C
166,0,1,0,228,green,4590,T2C
167,0,1,0,228,green,4590,T2C
168,0,1,0,228,green,4590,T2C
169,0,1,0,228,green,4590,T2C
170,0,1,0,228,green,4590,T2C
171,0,1,0,228,green,4590,T2C
172,0,1,0,228,green,4590,T2C
173,0,1,0,228,green,4590,T2C
174,0,1,0,228,green,4590,T2C
175,0,1,0,228,green,4590,T2C
176,0,1,0,228,green,4590,T2C
177,0,1,0,228,green,4590,T2C
178,0,1,0,228,green,4590,T2C
179,0,1,0,228,green,4590,T2C
180,0,1,0,228,green,4590,T2C
181,0,1,0,228,green,4590,T2C
182,0,1,0,228,green,4590,T2C
183,0,1,0,228,green,4590,T2C
184,0,1,0,228,green,4590,T2C
185,0,1,0,228,green,4590,T2C
186,0,1,0,228,green,4590,T2C
187,0,1,0,228,green,4590,T2C
188,0,1,0,228,green,4590,T2C
189,0,1,0,228,green,4590,T2C
190,0,1,0,228,green,4590,T2C
191,0,1,0,228,green,4590,T2C
192,0,1,0,228,green,4590,T2C
193,0,1,0,228,green,4590,T2C
194,0,1,0,228,green,4590,T2C
195,0,1,0,228,green,4590,T2C
196,0,1,0,228,green,4590,T2C
197,0,1,0,228,green,4590,T2C
0,0,0,1,230,green,4419,T2C
1,0,0,1,230,green,4419,T2C
2,0,0,1,230,green,4419,T2C
3,0,0,1,230,green,4419,T2C
4,0,0,1,230,green,4419,T2C
5,0,0,1,230,green,4419,T2C
6,0,0,1,230,green,4419,T2C
7,0,0,1,230,green,4419,T2C
8,0,0,1,230,green,4419,T2C
9,0,0,1,230,green,4419,T2C
10,0,0,1,230,green,4419,T2C
11,0,0,1,230,green,4419,T2C
12,0,0,1,230,green,4419,T2C
13,0,0,1,230,green,4419,T2C
14,0,0,1,230,green,4419,T2C
15,0,0,1,230,green,4419,T2C
16,0,0,1,230,green,4419,T2C
17,0,0,1,230,green,4419,T2C
18,0,0,1,230,green,4419,T2C
19,0,0,1,230,green,4419,T2C
20,0,1,0,230,green,4419,T2C
21,0,1,0,230,green,4419,T2C
22,0,1,0,230,green,4419,T2C
23,0,0,1,230,green,4419,T2C
24,1,0,0,230,green,4419,T2C
25,1,0,0,230,green,4419,T2C
26,1,0,0,230,green,4419,T2C
27,1,0,0,230,green,4419,T2C
28,1,0,0,230,green,4419,T2C
29,1,0,0,230,green,4419,T2C
30,1,0,0,230,green,4419,T2C
31,1,0,0,230,green,4419,T2C
32,1,0,0,230,green,4419,T2C
33,1,0,0,230,green,4419,T2C
34,1,0,0,230,green,4419,T2C
35,1,0,0,230,green,4419,T2C
36,1,0,0,230,green,4419,T2C
37,1,0,0,230,green,4419,T2C
38,1,0,0,230,green,4419,T2C
39,1,0,0,230,green,4419,T2C
40,1,0,0,230,green,4419,T2C
41,1,0,0,230,green,4419,T2C
42,1,0,0,230,green,4419,T2C
43,1,0,0,230,green,4419,T2C
44,1,0,0,230,green,4419,T2C
45,1,0,0,230,green,4419,T2C
46,1,0,0,230,green,4419,T2C
47,1,0,0,230,green,4419,T2C
48,1,0,0,230,green,4419,T2C
49,1,0,0,230,green,4419,T2C
50,1,0,0,230,green,4419,T2C
51,1,0,0,230,green,4419,T2C
52,1,0,0,230,green,4419,T2C
53,1,0,0,230,green,4419,T2C
54,1,0,0,230,green,4419,T2C
55,1,0,0,230,green,4419,T2C
56,1,0,0,230,green,4419,T2C
57,1,0,0,230,green,4419,T2C
58,1,0,0,230,green,4419,T2C
59,1,0,0,230,green,4419,T2C
60,1,0,0,230,green,4419,T2C
61,1,0,0,230,green,4419,T2C
62,1,0,0,230,green,4419,T2C
63,1,0,0,230,green,4419,T2C
64,1,0,0,230,green,4419,T2C
65,1,0,0,230,green,4419,T2C
66,1,0,0,230,green,4419,T2C
67,1,0,0,230,green,4419,T2C
68,1,0,0,230,green,4419,T2C
69,1,0,0,230,green,4419,T2C
70,1,0,0,230,green,4419,T2C
71,0,0,1,230,green,4419,T2C
72,0,1,0,230,green,4419,T2C
73,0,1,0,230,green,4419,T2C
74,0,1,0,230,green,4419,T2C
75,0,1,0,230,green,4419,T2C
76,0,1,0,230,green,4419,T2C
77,0,1,0,230,green,4419,T2C
78,0,1,0,230,green,4419,T2C
79,0,1,0,230,green,4419,T2C
80,0,1,0,230,green,4419,T2C
81,0,1,0,230,green,4419,T2C
82,0,1,0,230,green,4419,T2C
83,0,1,0,230,green,4419,T2C
84,0,1,0,230,green,4419,T2C
85,0,1,0,230,green,4419,T2C
86,0,1,0,230,green,4419,T2C
87,0,1,0,230,green,4419,T2C
88,0,1,0,230,green,4419,T2C
89,0,1,0,230,green,4419,T2C
90,0,1,0,230,green,4419,T2C
91,0,1,0,230,green,4419,T2C
92,0,1,0,230,green,4419,T2C
93,0,1,0,230,green,4419,T2C
94,0,1,0,230,green,4419,T2C
95,0,1,0,230,green,4419,T2C
96,0,1,0,230,green,4419,T2C
97,0,1,0,230,green,4419,T2C
98,0,1,0,230,green,4419,T2C
99,0,1,0,230,green,4419,T2C
100,0,1,0,230,green,4419,T2C
101,0,1,0,230,green,4419,T2C
102,0,1,0,230,green,4419,T2C
103,0,1,0,230,green,4419,T2C
104,0,1,0,230,green,4419,T2C
105,0,1,0,230,green,4419,T2C
106,0,1,0,230,green,4419,T2C
107,0,1,0,230,green,4419,T2C
108,0,1,0,230,green,4419,T2C
109,0,1,0,230,green,4419,T2C
110,0,1,0,230,green,4419,T2C
111,0,1,0,230,green,4419,T2C
112,0,1,0,230,green,4419,T2C
113,0,1,0,230,green,4419,T2C
114,0,1,0,230,green,4419,T2C
115,0,1,0,230,green,4419,T2C
116,0,1,0,230,green,4419,T2C
117,0,1,0,230,green,4419,T2C
118,0,1,0,230,green,4419,T2C
119,0,1,0,230,green,4419,T2C
120,0,1,0,230,green,4419,T2C
121,0,1,0,230,green,4419,T2C
122,0,1,0,230,green,4419,T2C
123,0,1,0,230,green,4419,T2C
124,0,1,0,230,green,4419,T2C
125,0,1,0,230,green,4419,T2C
126,0,1,0,230,green,4419,T2C
127,0,1,0,230,green,4419,T2C
128,0,1,0,230,green,4419,T2C
129,0,1,0,230,green,4419,T2C
130,0,1,0,230,green,4419,T2C
131,0,1,0,230,green,4419,T2C
132,0,1,0,230,green,4419,T2C
133,0,1,0,230,green,4419,T2C
134,0,1,0,230,green,4419,T2C
135,0,1,0,230,green,4419,T2C
136,0,1,0,230,green,4419,T2C
137,0,1,0,230,green,4419,T2C
138,0,1,0,230,green,4419,T2C
139,0,1,0,230,green,4419,T2C
140,0,1,0,230,green,4419,T2C
141,0,1,0,230,green,4419,T2C
142,0,1,0,230,green,4419,T2C
143,0,1,0,230,green,4419,T2C
144,0,1,0,230,green,4419,T2C
145,0,1,0,230,green,4419,T2C
146,0,1,0,230,green,4419,T2C
147,0,1,0,230,green,4419,T2C
148,0,1,0,230,green,4419,T2C
149,0,1,0,230,green,4419,T2C
150,0,1,0,230,green,4419,T2C
151,0,1,0,230,green,4419,T2C
152,0,1,0,230,green,4419,T2C
153,0,1,0,230,green,4419,T2C
154,0,1,0,230,green,4419,T2C
155,0,1,0,230,green,4419,T2C
156,0,1,0,230,green,4419,T2C
157,0,1,0,230,green,4419,T2C
158,0,1,0,230,green,4419,T2C
159,0,1,0,230,green,4419,T2C
160,0,1,0,230,green,4419,T2C
161,0,1,0,230,green,4419,T2C
162,0,1,0,230,green,4419,T2C
163,0,1,0,230,green,4419,T2C
164,0,1,0,230,green,4419,T2C
165,0,1,0,230,green,4419,T2C
166,0,1,0,230,green,4419,T2C
167,0,1,0,230,green,4419,T2C
168,0,1,0,230,green,4419,T2C
169,0,1,0,230,green,4419,T2C
170,0,1,0,230,green,4419,T2C
171,0,1,0,230,green,4419,T2C
172,0,1,0,230,green,4419,T2C
173,0,1,0,230,green,4419,T2C
174,0,1,0,230,green,4419,T2C
175,0,1,0,230,green,4419,T2C
176,0,1,0,230,green,4419,T2C
177,0,1,0,230,green,4419,T2C
178,0,1,0,230,green,4419,T2C
179,0,1,0,230,green,4419,T2C
180,0,1,0,230,green,4419,T2C
181,0,1,0,230,green,4419,T2C
182,0,1,0,230,green,4419,T2C
183,0,1,0,230,green,4419,T2C
184,0,1,0,230,green,4419,T2C
185,0,1,0,230,green,4419,T2C
186,0,1,0,230,green,4419,T2C
187,0,1,0,230,green,4419,T2C
188,0,1,0,230,green,4419,T2C
189,0,1,0,230,green,4419,T2C
190,0,1,0,230,green,4419,T2C
191,0,1,0,230,green,4419,T2C
192,0,1,0,230,green,4419,T2C
193,0,1,0,230,green,4419,T2C
194,0,1,0,230,green,4419,T2C
195,0,1,0,230,green,4419,T2C
196,0,1,0,230,green,4419,T2C
197,0,1,0,230,green,4419,T2C
0,0,0,1,232,green,6040,T2C
1,0,0,1,232,green,6040,T2C
2,0,0,1,232,green,6040,T2C
3,0,0,1,232,green,6040,T2C
4,0,0,1,232,green,6040,T2C
5,0,0,1,232,green,6040,T2C
6,0,0,1,232,green,6040,T2C
7,0,0,1,232,green,6040,T2C
8,0,0,1,232,green,6040,T2C
9,0,0,1,232,green,6040,T2C
10,0,0,1,232,green,6040,T2C
11,0,0,1,232,green,6040,T2C
12,0,0,1,232,green,6040,T2C
13,0,0,1,232,green,6040,T2C
14,0,0,1,232,green,6040,T2C
15,0,0,1,232,green,6040,T2C
16,0,0,1,232,green,6040,T2C
17,0,0,1,232,green,6040,T2C
18,0,0,1,232,green,6040,T2C
19,0,0,1,232,green,6040,T2C
20,0,0,1,232,green,6040,T2C
21,0,0,1,232,green,6040,T2C
22,0,0,1,232,green,6040,T2C
23,0,0,1,232,green,6040,T2C
24,0,0,1,232,green,6040,T2C
25,0,0,1,232,green,6040,T2C
26,0,0,1,232,green,6040,T2C
27,0,0,1,232,green,6040,T2C
28,0,0,1,232,green,6040,T2C
29,0,0,1,232,green,6040,T2C
30,0,0,1,232,green,6040,T2C
31,0,0,1,232,green,6040,T2C
32,0,0,1,232,green,6040,T2C
33,0,0,1,232,green,6040,T2C
34,0,0,1,232,green,6040,T2C
35,0,0,1,232,green,6040,T2C
36,0,0,1,232,green,6040,T2C
37,0,0,1,232,green,6040,T2C
38,0,0,1,232,green,6040,T2C
39,0,0,1,232,green,6040,T2C
40,0,0,1,232,green,6040,T2C
41,0,0,1,232,green,6040,T2C
42,0,0,1,232,green,6040,T2C
43,0,0,1,232,green,6040,T2C
44,0,0,1,232,green,6040,T2C
45,0,0,1,232,green,6040,T2C
46,0,0,1,232,green,6040,T2C
47,0,1,0,232,green,6040,T2C
48,0,1,0,232,green,6040,T2C
49,0,1,0,232,green,6040,T2C
50,0,1,0,232,green,6040,T2C
51,0,1,0,232,green,6040,T2C
52,0,1,0,232,green,6040,T2C
53,0,1,0,232,green,6040,T2C
54,0,1,0,232,green,6040,T2C
55,0,1,0,232,green,6040,T2C
56,0,1,0,232,green,6040,T2C
57,0,1,0,232,green,6040,T2C
58,0,1,0,232,green,6040,T2C
59,0,1,0,232,green,6040,T2C
60,0,1,0,232,green,6040,T2C
61,0,1,0,232,green,6040,T2C
62,0,1,0,232,green,6040,T2C
63,0,1,0,232,green,6040,T2C
64,0,1,0,232,green,6040,T2C
65,0,1,0,232,green,6040,T2C
66,0,1,0,232,green,6040,T2C
67,0,1,0,232,green,6040,T2C
68,0,1,0,232,green,6040,T2C
69,0,1,0,232,green,6040,T2C
70,0,1,0,232,green,6040,T2C
71,0,1,0,232,green,6040,T2C
72,0,1,0,232,green,6040,T2C
73,0,1,0,232,green,6040,T2C
74,0,1,0,232,green,6040,T2C
75,0,1,0,232,green,6040,T2C
76,0,1,0,232,green,6040,T2C
77,0,1,0,232,green,6040,T2C
78,0,1,0,232,green,6040,T2C
79,0,1,0,232,green,6040,T2C
80,0,1,0,232,green,6040,T2C
81,0,1,0,232,green,6040,T2C
82,0,1,0,232,green,6040,T2C
83,0,1,0,232,green,6040,T2C
84,0,1,0,232,green,6040,T2C
85,0,1,0,232,green,6040,T2C
86,0,1,0,232,green,6040,T2C
87,0,1,0,232,green,6040,T2C
88,0,1,0,232,green,6040,T2C
89,0,1,0,232,green,6040,T2C
90,0,1,0,232,green,6040,T2C
91,0,1,0,232,green,6040,T2C
92,0,1,0,232,green,6040,T2C
93,0,1,0,232,green,6040,T2C
94,0,1,0,232,green,6040,T2C
95,0,1,0,232,green,6040,T2C
96,0,1,0,232,green,6040,T2C
97,0,1,0,232,green,6040,T2C
98,0,1,0,232,green,6040,T2C
99,0,1,0,232,green,6040,T2C
100,0,1,0,232,green,6040,T2C
101,0,1,0,232,green,6040,T2C
102,0,1,0,232,green,6040,T2C
103,0,1,0,232,green,6040,T2C
104,0,1,0,232,green,6040,T2C
105,0,1,0,232,green,6040,T2C
106,0,1,0,232,green,6040,T2C
107,0,1,0,232,green,6040,T2C
108,0,1,0,232,green,6040,T2C
109,0,1,0,232,green,6040,T2C
110,0,1,0,232,green,6040,T2C
111,0,1,0,232,green,6040,T2C
112,0,1,0,232,green,6040,T2C
113,0,1,0,232,green,6040,T2C
114,0,1,0,232,green,6040,T2C
115,0,1,0,232,green,6040,T2C
116,0,1,0,232,green,6040,T2C
117,0,1,0,232,green,6040,T2C
118,0,1,0,232,green,6040,T2C
119,0,1,0,232,green,6040,T2C
120,0,1,0,232,green,6040,T2C
121,0,1,0,232,green,6040,T2C
122,0,1,0,232,green,6040,T2C
123,0,1,0,232,green,6040,T2C
124,0,1,0,232,green,6040,T2C
125,0,1,0,232,green,6040,T2C
126,0,1,0,232,green,6040,T2C
127,0,1,0,232,green,6040,T2C
128,0,1,0,232,green,6040,T2C
129,0,1,0,232,green,6040,T2C
130,0,1,0,232,green,6040,T2C
131,0,1,0,232,green,6040,T2C
132,0,1,0,232,green,6040,T2C
133,0,1,0,232,green,6040,T2C
134,0,1,0,232,green,6040,T2C
135,0,1,0,232,green,6040,T2C
136,0,1,0,232,green,6040,T2C
137,0,1,0,232,green,6040,T2C
138,0,1,0,232,green,6040,T2C
139,0,1,0,232,green,6040,T2C
140,0,1,0,232,green,6040,T2C
141,0,1,0,232,green,6040,T2C
142,0,1,0,232,green,6040,T2C
143,1,0,0,232,green,6040,T2C
144,1,0,0,232,green,6040,T2C
145,1,0,0,232,green,6040,T2C
146,1,0,0,232,green,6040,T2C
147,1,0,0,232,green,6040,T2C
148,1,0,0,232,green,6040,T2C
149,1,0,0,232,green,6040,T2C
150,1,0,0,232,green,6040,T2C
151,1,0,0,232,green,6040,T2C
152,1,0,0,232,green,6040,T2C
153,1,0,0,232,green,6040,T2C
154,1,0,0,232,green,6040,T2C
155,1,0,0,232,green,6040,T2C
156,1,0,0,232,green,6040,T2C
157,1,0,0,232,green,6040,T2C
158,1,0,0,232,green,6040,T2C
159,1,0,0,232,green,6040,T2C
160,1,0,0,232,green,6040,T2C
161,1,0,0,232,green,6040,T2C
162,1,0,0,232,green,6040,T2C
163,1,0,0,232,green,6040,T2C
164,1,0,0,232,green,6040,T2C
165,1,0,0,232,green,6040,T2C
166,1,0,0,232,green,6040,T2C
167,1,0,0,232,green,6040,T2C
168,1,0,0,232,green,6040,T2C
169,1,0,0,232,green,6040,T2C
170,1,0,0,232,green,6040,T2C
171,1,0,0,232,green,6040,T2C
172,1,0,0,232,green,6040,T2C
173,1,0,0,232,green,6040,T2C
174,1,0,0,232,green,6040,T2C
175,1,0,0,232,green,6040,T2C
176,1,0,0,232,green,6040,T2C
177,1,0,0,232,green,6040,T2C
178,1,0,0,232,green,6040,T2C
179,1,0,0,232,green,6040,T2C
180,1,0,0,232,green,6040,T2C
181,1,0,0,232,green,6040,T2C
182,0,1,0,232,green,6040,T2C
183,0,1,0,232,green,6040,T2C
184,0,1,0,232,green,6040,T2C
185,0,1,0,232,green,6040,T2C
186,0,1,0,232,green,6040,T2C
187,0,1,0,232,green,6040,T2C
188,0,1,0,232,green,6040,T2C
189,0,1,0,232,green,6040,T2C
190,0,1,0,232,green,6040,T2C
191,0,1,0,232,green,6040,T2C
192,0,1,0,232,green,6040,T2C
193,0,1,0,232,green,6040,T2C
194,0,1,0,232,green,6040,T2C
195,0,1,0,232,green,6040,T2C
196,0,1,0,232,green,6040,T2C
197,0,1,0,232,green,6040,T2C
0,0,0,1,233,green,4319,T2C
1,0,0,1,233,green,4319,T2C
2,0,0,1,233,green,4319,T2C
3,0,0,1,233,green,4319,T2C
4,0,0,1,233,green,4319,T2C
5,0,0,1,233,green,4319,T2C
6,0,0,1,233,green,4319,T2C
7,0,0,1,233,green,4319,T2C
8,0,0,1,233,green,4319,T2C
9,0,0,1,233,green,4319,T2C
10,0,0,1,233,green,4319,T2C
11,0,0,1,233,green,4319,T2C
12,0,0,1,233,green,4319,T2C
13,0,0,1,233,green,4319,T2C
14,0,0,1,233,green,4319,T2C
15,0,0,1,233,green,4319,T2C
16,0,0,1,233,green,4319,T2C
17,0,0,1,233,green,4319,T2C
18,0,0,1,233,green,4319,T2C
19,0,0,1,233,green,4319,T2C
20,0,0,1,233,green,4319,T2C
21,0,0,1,233,green,4319,T2C
22,0,0,1,233,green,4319,T2C
23,1,0,0,233,green,4319,T2C
24,1,0,0,233,green,4319,T2C
25,1,0,0,233,green,4319,T2C
26,1,0,0,233,green,4319,T2C
27,1,0,0,233,green,4319,T2C
28,1,0,0,233,green,4319,T2C
29,1,0,0,233,green,4319,T2C
30,0,0,1,233,green,4319,T2C
31,0,0,1,233,green,4319,T2C
32,0,1,0,233,green,4319,T2C
33,0,1,0,233,green,4319,T2C
34,0,1,0,233,green,4319,T2C
35,0,1,0,233,green,4319,T2C
36,0,1,0,233,green,4319,T2C
37,0,1,0,233,green,4319,T2C
38,0,1,0,233,green,4319,T2C
39,0,1,0,233,green,4319,T2C
40,0,1,0,233,green,4319,T2C
41,0,1,0,233,green,4319,T2C
42,0,1,0,233,green,4319,T2C
43,0,1,0,233,green,4319,T2C
44,0,1,0,233,green,4319,T2C
45,0,0,1,233,green,4319,T2C
46,0,0,1,233,green,4319,T2C
47,0,0,1,233,green,4319,T2C
48,0,0,1,233,green,4319,T2C
49,0,0,1,233,green,4319,T2C
50,0,0,1,233,green,4319,T2C
51,1,0,0,233,green,4319,T2C
52,1,0,0,233,green,4319,T2C
53,1,0,0,233,green,4319,T2C
54,1,0,0,233,green,4319,T2C
55,1,0,0,233,green,4319,T2C
56,1,0,0,233,green,4319,T2C
57,1,0,0,233,green,4319,T2C
58,1,0,0,233,green,4319,T2C
59,1,0,0,233,green,4319,T2C
60,0,0,1,233,green,4319,T2C
61,0,0,1,233,green,4319,T2C
62,0,0,1,233,green,4319,T2C
63,0,1,0,233,green,4319,T2C
64,0,1,0,233,green,4319,T2C
65,0,1,0,233,green,4319,T2C
66,0,1,0,233,green,4319,T2C
67,0,1,0,233,green,4319,T2C
68,0,1,0,233,green,4319,T2C
69,0,1,0,233,green,4319,T2C
70,0,1,0,233,green,4319,T2C
71,0,1,0,233,green,4319,T2C
72,0,1,0,233,green,4319,T2C
73,0,1,0,233,green,4319,T2C
74,0,1,0,233,green,4319,T2C
75,0,1,0,233,green,4319,T2C
76,0,0,1,233,green,4319,T2C
77,1,0,0,233,green,4319,T2C
78,1,0,0,233,green,4319,T2C
79,1,0,0,233,green,4319,T2C
80,1,0,0,233,green,4319,T2C
81,1,0,0,233,green,4319,T2C
82,1,0,0,233,green,4319,T2C
83,1,0,0,233,green,4319,T2C
84,1,0,0,233,green,4319,T2C
85,1,0,0,233,green,4319,T2C
86,1,0,0,233,green,4319,T2C
87,1,0,0,233,green,4319,T2C
88,1,0,0,233,green,4319,T2C
89,0,0,1,233,green,4319,T2C
90,0,0,1,233,green,4319,T2C
91,0,0,1,233,green,4319,T2C
92,0,0,1,233,green,4319,T2C
93,0,0,1,233,green,4319,T2C
94,0,0,1,233,green,4319,T2C
95,0,1,0,233,green,4319,T2C
96,0,1,0,233,green,4319,T2C
97,0,1,0,233,green,4319,T2C
98,0,1,0,233,green,4319,T2C
99,0,1,0,233,green,4319,T2C
100,0,1,0,233,green,4319,T2C
101,0,1,0,233,green,4319,T2C
102,0,1,0,233,green,4319,T2C
103,0,1,0,233,green,4319,T2C
104,0,0,1,233,green,4319,T2C
105,1,0,0,233,green,4319,T2C
106,1,0,0,233,green,4319,T2C
107,1,0,0,233,green,4319,T2C
108,1,0,0,233,green,4319,T2C
109,1,0,0,233,green,4319,T2C
110,1,0,0,233,green,4319,T2C
111,1,0,0,233,green,4319,T2C
112,1,0,0,233,green,4319,T2C
113,1,0,0,233,green,4319,T2C
114,1,0,0,233,green,4319,T2C
115,1,0,0,233,green,4319,T2C
116,1,0,0,233,green,4319,T2C
117,1,0,0,233,green,4319,T2C
118,1,0,0,233,green,4319,T2C
119,1,0,0,233,green,4319,T2C
120,1,0,0,233,green,4319,T2C
121,1,0,0,233,green,4319,T2C
122,1,0,0,233,green,4319,T2C
123,1,0,0,233,green,4319,T2C
124,1,0,0,233,green,4319,T2C
125,1,0,0,233,green,4319,T2C
126,1,0,0,233,green,4319,T2C
127,1,0,0,233,green,4319,T2C
128,1,0,0,233,green,4319,T2C
129,1,0,0,233,green,4319,T2C
130,1,0,0,233,green,4319,T2C
131,1,0,0,233,green,4319,T2C
132,1,0,0,233,green,4319,T2C
133,1,0,0,233,green,4319,T2C
134,1,0,0,233,green,4319,T2C
135,1,0,0,233,green,4319,T2C
136,1,0,0,233,green,4319,T2C
137,1,0,0,233,green,4319,T2C
138,1,0,0,233,green,4319,T2C
139,1,0,0,233,green,4319,T2C
140,1,0,0,233,green,4319,T2C
141,1,0,0,233,green,4319,T2C
142,1,0,0,233,green,4319,T2C
143,1,0,0,233,green,4319,T2C
144,1,0,0,233,green,4319,T2C
145,1,0,0,233,green,4319,T2C
146,1,0,0,233,green,4319,T2C
147,1,0,0,233,green,4319,T2C
148,1,0,0,233,green,4319,T2C
149,1,0,0,233,green,4319,T2C
150,1,0,0,233,green,4319,T2C
151,1,0,0,233,green,4319,T2C
152,1,0,0,233,green,4319,T2C
153,1,0,0,233,green,4319,T2C
154,1,0,0,233,green,4319,T2C
155,1,0,0,233,green,4319,T2C
156,1,0,0,233,green,4319,T2C
157,1,0,0,233,green,4319,T2C
158,1,0,0,233,green,4319,T2C
159,1,0,0,233,green,4319,T2C
160,1,0,0,233,green,4319,T2C
161,1,0,0,233,green,4319,T2C
162,1,0,0,233,green,4319,T2C
163,1,0,0,233,green,4319,T2C
164,1,0,0,233,green,4319,T2C
165,1,0,0,233,green,4319,T2C
166,1,0,0,233,green,4319,T2C
167,1,0,0,233,green,4319,T2C
168,1,0,0,233,green,4319,T2C
169,1,0,0,233,green,4319,T2C
170,1,0,0,233,green,4319,T2C
171,0,0,1,233,green,4319,T2C
172,0,1,0,233,green,4319,T2C
173,0,1,0,233,green,4319,T2C
174,0,1,0,233,green,4319,T2C
175,0,1,0,233,green,4319,T2C
176,0,1,0,233,green,4319,T2C
177,0,1,0,233,green,4319,T2C
178,0,1,0,233,green,4319,T2C
179,0,1,0,233,green,4319,T2C
180,0,1,0,233,green,4319,T2C
181,0,1,0,233,green,4319,T2C
182,0,1,0,233,green,4319,T2C
183,0,1,0,233,green,4319,T2C
184,0,1,0,233,green,4319,T2C
185,0,1,0,233,green,4319,T2C
186,0,1,0,233,green,4319,T2C
187,0,1,0,233,green,4319,T2C
188,0,1,0,233,green,4319,T2C
189,0,1,0,233,green,4319,T2C
190,0,1,0,233,green,4319,T2C
191,0,1,0,233,green,4319,T2C
192,0,1,0,233,green,4319,T2C
193,0,1,0,233,green,4319,T2C
194,0,1,0,233,green,4319,T2C
195,0,1,0,233,green,4319,T2C
196,0,1,0,233,green,4319,T2C
197,0,1,0,233,green,4319,T2C
0,0,0,1,234,green,4058,T2C
1,0,0,1,234,green,4058,T2C
2,0,0,1,234,green,4058,T2C
3,0,0,1,234,green,4058,T2C
4,0,0,1,234,green,4058,T2C
5,0,0,1,234,green,4058,T2C
6,0,0,1,234,green,4058,T2C
7,0,0,1,234,green,4058,T2C
8,0,0,1,234,green,4058,T2C
9,0,0,1,234,green,4058,T2C
10,0,0,1,234,green,4058,T2C
11,0,0,1,234,green,4058,T2C
12,0,0,1,234,green,4058,T2C
13,0,0,1,234,green,4058,T2C
14,0,0,1,234,green,4058,T2C
15,0,0,1,234,green,4058,T2C
16,0,0,1,234,green,4058,T2C
17,0,0,1,234,green,4058,T2C
18,0,0,1,234,green,4058,T2C
19,0,0,1,234,green,4058,T2C
20,0,0,1,234,green,4058,T2C
21,0,0,1,234,green,4058,T2C
22,0,0,1,234,green,4058,T2C
23,0,0,1,234,green,4058,T2C
24,0,0,1,234,green,4058,T2C
25,0,0,1,234,green,4058,T2C
26,0,0,1,234,green,4058,T2C
27,0,0,1,234,green,4058,T2C
28,0,0,1,234,green,4058,T2C
29,0,0,1,234,green,4058,T2C
30,0,0,1,234,green,4058,T2C
31,0,0,1,234,green,4058,T2C
32,0,0,1,234,green,4058,T2C
33,0,0,1,234,green,4058,T2C
34,0,0,1,234,green,4058,T2C
35,0,0,1,234,green,4058,T2C
36,0,0,1,234,green,4058,T2C
37,0,0,1,234,green,4058,T2C
38,0,0,1,234,green,4058,T2C
39,0,0,1,234,green,4058,T2C
40,0,0,1,234,green,4058,T2C
41,0,0,1,234,green,4058,T2C
42,0,0,1,234,green,4058,T2C
43,0,0,1,234,green,4058,T2C
44,0,0,1,234,green,4058,T2C
45,0,0,1,234,green,4058,T2C
46,0,0,1,234,green,4058,T2C
47,0,0,1,234,green,4058,T2C
48,0,0,1,234,green,4058,T2C
49,0,0,1,234,green,4058,T2C
50,0,0,1,234,green,4058,T2C
51,0,0,1,234,green,4058,T2C
52,0,0,1,234,green,4058,T2C
53,0,0,1,234,green,4058,T2C
54,0,0,1,234,green,4058,T2C
55,0,0,1,234,green,4058,T2C
56,0,0,1,234,green,4058,T2C
57,0,0,1,234,green,4058,T2C
58,0,0,1,234,green,4058,T2C
59,0,0,1,234,green,4058,T2C
60,0,0,1,234,green,4058,T2C
61,0,0,1,234,green,4058,T2C
62,0,0,1,234,green,4058,T2C
63,0,0,1,234,green,4058,T2C
64,0,0,1,234,green,4058,T2C
65,0,0,1,234,green,4058,T2C
66,0,0,1,234,green,4058,T2C
67,0,0,1,234,green,4058,T2C
68,0,0,1,234,green,4058,T2C
69,0,0,1,234,green,4058,T2C
70,0,0,1,234,green,4058,T2C
71,0,0,1,234,green,4058,T2C
72,0,0,1,234,green,4058,T2C
73,0,0,1,234,green,4058,T2C
74,0,0,1,234,green,4058,T2C
75,0,0,1,234,green,4058,T2C
76,0,0,1,234,green,4058,T2C
77,0,0,1,234,green,4058,T2C
78,0,0,1,234,green,4058,T2C
79,0,0,1,234,green,4058,T2C
80,0,0,1,234,green,4058,T2C
81,0,0,1,234,green,4058,T2C
82,0,0,1,234,green,4058,T2C
83,0,0,1,234,green,4058,T2C
84,0,0,1,234,green,4058,T2C
85,0,0,1,234,green,4058,T2C
86,0,0,1,234,green,4058,T2C
87,0,1,0,234,green,4058,T2C
88,0,1,0,234,green,4058,T2C
89,0,1,0,234,green,4058,T2C
90,0,1,0,234,green,4058,T2C
91,0,1,0,234,green,4058,T2C
92,0,1,0,234,green,4058,T2C
93,0,1,0,234,green,4058,T2C
94,0,1,0,234,green,4058,T2C
95,0,1,0,234,green,4058,T2C
96,0,1,0,234,green,4058,T2C
97,0,1,0,234,green,4058,T2C
98,0,1,0,234,green,4058,T2C
99,0,1,0,234,green,4058,T2C
100,0,1,0,234,green,4058,T2C
101,0,1,0,234,green,4058,T2C
102,0,1,0,234,green,4058,T2C
103,0,1,0,234,green,4058,T2C
104,0,1,0,234,green,4058,T2C
105,0,1,0,234,green,4058,T2C
106,0,1,0,234,green,4058,T2C
107,0,1,0,234,green,4058,T2C
108,0,1,0,234,green,4058,T2C
109,0,1,0,234,green,4058,T2C
110,0,1,0,234,green,4058,T2C
111,0,1,0,234,green,4058,T2C
112,0,1,0,234,green,4058,T2C
113,0,1,0,234,green,4058,T2C
114,0,1,0,234,green,4058,T2C
115,0,1,0,234,green,4058,T2C
116,0,1,0,234,green,4058,T2C
117,0,1,0,234,green,4058,T2C
118,0,1,0,234,green,4058,T2C
119,0,1,0,234,green,4058,T2C
120,0,1,0,234,green,4058,T2C
121,0,1,0,234,green,4058,T2C
122,0,1,0,234,green,4058,T2C
123,0,1,0,234,green,4058,T2C
124,0,1,0,234,green,4058,T2C
125,0,1,0,234,green,4058,T2C
126,0,1,0,234,green,4058,T2C
127,0,1,0,234,green,4058,T2C
128,0,1,0,234,green,4058,T2C
129,0,1,0,234,green,4058,T2C
130,0,1,0,234,green,4058,T2C
131,0,1,0,234,green,4058,T2C
132,0,1,0,234,green,4058,T2C
133,0,1,0,234,green,4058,T2C
134,0,1,0,234,green,4058,T2C
135,0,1,0,234,green,4058,T2C
136,0,1,0,234,green,4058,T2C
137,0,1,0,234,green,4058,T2C
138,0,1,0,234,green,4058,T2C
139,0,1,0,234,green,4058,T2C
140,0,1,0,234,green,4058,T2C
141,0,1,0,234,green,4058,T2C
142,0,1,0,234,green,4058,T2C
143,0,1,0,234,green,4058,T2C
144,0,1,0,234,green,4058,T2C
145,0,1,0,234,green,4058,T2C
146,0,1,0,234,green,4058,T2C
147,0,1,0,234,green,4058,T2C
148,0,1,0,234,green,4058,T2C
149,0,1,0,234,green,4058,T2C
150,0,1,0,234,green,4058,T2C
151,0,1,0,234,green,4058,T2C
152,0,1,0,234,green,4058,T2C
153,0,0,1,234,green,4058,T2C
154,0,0,1,234,green,4058,T2C
155,0,0,1,234,green,4058,T2C
156,0,0,1,234,green,4058,T2C
157,0,0,1,234,green,4058,T2C
158,0,0,1,234,green,4058,T2C
159,0,0,1,234,green,4058,T2C
160,0,0,1,234,green,4058,T2C
161,0,0,1,234,green,4058,T2C
162,0,0,1,234,green,4058,T2C
163,0,0,1,234,green,4058,T2C
164,0,0,1,234,green,4058,T2C
165,0,0,1,234,green,4058,T2C
166,0,0,1,234,green,4058,T2C
167,0,0,1,234,green,4058,T2C
168,0,0,1,234,green,4058,T2C
169,0,0,1,234,green,4058,T2C
170,0,0,1,234,green,4058,T2C
171,0,0,1,234,green,4058,T2C
172,0,0,1,234,green,4058,T2C
173,0,0,1,234,green,4058,T2C
174,0,1,0,234,green,4058,T2C
175,0,1,0,234,green,4058,T2C
176,0,1,0,234,green,4058,T2C
177,0,1,0,234,green,4058,T2C
178,0,1,0,234,green,4058,T2C
179,0,1,0,234,green,4058,T2C
180,0,1,0,234,green,4058,T2C
181,0,1,0,234,green,4058,T2C
182,0,1,0,234,green,4058,T2C
183,0,1,0,234,green,4058,T2C
184,0,1,0,234,green,4058,T2C
185,0,1,0,234,green,4058,T2C
186,0,1,0,234,green,4058,T2C
187,0,1,0,234,green,4058,T2C
188,0,1,0,234,green,4058,T2C
189,0,1,0,234,green,4058,T2C
190,0,1,0,234,green,4058,T2C
191,0,1,0,234,green,4058,T2C
192,0,1,0,234,green,4058,T2C
193,0,1,0,234,green,4058,T2C
194,0,1,0,234,green,4058,T2C
195,0,1,0,234,green,4058,T2C
196,0,1,0,234,green,4058,T2C
197,0,1,0,234,green,4058,T2C
0,0,0,1,235,green,6423,T2C
1,0,0,1,235,green,6423,T2C
2,0,0,1,235,green,6423,T2C
3,0,0,1,235,green,6423,T2C
4,0,0,1,235,green,6423,T2C
5,0,0,1,235,green,6423,T2C
6,0,0,1,235,green,6423,T2C
7,0,0,1,235,green,6423,T2C
8,0,0,1,235,green,6423,T2C
9,0,0,1,235,green,6423,T2C
10,0,0,1,235,green,6423,T2C
11,0,0,1,235,green,6423,T2C
12,0,0,1,235,green,6423,T2C
13,0,0,1,235,green,6423,T2C
14,0,0,1,235,green,6423,T2C
15,0,0,1,235,green,6423,T2C
16,0,0,1,235,green,6423,T2C
17,0,0,1,235,green,6423,T2C
18,0,0,1,235,green,6423,T2C
19,0,0,1,235,green,6423,T2C
20,0,0,1,235,green,6423,T2C
21,0,0,1,235,green,6423,T2C
22,0,0,1,235,green,6423,T2C
23,0,0,1,235,green,6423,T2C
24,0,0,1,235,green,6423,T2C
25,0,0,1,235,green,6423,T2C
26,0,0,1,235,green,6423,T2C
27,0,0,1,235,green,6423,T2C
28,0,0,1,235,green,6423,T2C
29,0,0,1,235,green,6423,T2C
30,0,0,1,235,green,6423,T2C
31,0,0,1,235,green,6423,T2C
32,0,0,1,235,green,6423,T2C
33,0,0,1,235,green,6423,T2C
34,0,0,1,235,green,6423,T2C
35,0,0,1,235,green,6423,T2C
36,0,0,1,235,green,6423,T2C
37,0,0,1,235,green,6423,T2C
38,0,0,1,235,green,6423,T2C
39,0,0,1,235,green,6423,T2C
40,0,0,1,235,green,6423,T2C
41,0,0,1,235,green,6423,T2C
42,0,0,1,235,green,6423,T2C
43,0,0,1,235,green,6423,T2C
44,0,0,1,235,green,6423,T2C
45,0,0,1,235,green,6423,T2C
46,0,0,1,235,green,6423,T2C
47,0,0,1,235,green,6423,T2C
48,0,0,1,235,green,6423,T2C
49,0,0,1,235,green,6423,T2C
50,0,0,1,235,green,6423,T2C
51,0,0,1,235,green,6423,T2C
52,0,0,1,235,green,6423,T2C
53,0,0,1,235,green,6423,T2C
54,0,0,1,235,green,6423,T2C
55,0,0,1,235,green,6423,T2C
56,0,0,1,235,green,6423,T2C
57,0,0,1,235,green,6423,T2C
58,0,0,1,235,green,6423,T2C
59,0,0,1,235,green,6423,T2C
60,0,0,1,235,green,6423,T2C
61,0,0,1,235,green,6423,T2C
62,0,0,1,235,green,6423,T2C
63,0,0,1,235,green,6423,T2C
64,0,0,1,235,green,6423,T2C
65,0,0,1,235,green,6423,T2C
66,0,0,1,235,green,6423,T2C
67,0,0,1,235,green,6423,T2C
68,0,0,1,235,green,6423,T2C
69,0,0,1,235,green,6423,T2C
70,1,0,0,235,green,6423,T2C
71,1,0,0,235,green,6423,T2C
72,1,0,0,235,green,6423,T2C
73,1,0,0,235,green,6423,T2C
74,1,0,0,235,green,6423,T2C
75,1,0,0,235,green,6423,T2C
76,1,0,0,235,green,6423,T2C
77,1,0,0,235,green,6423,T2C
78,1,0,0,235,green,6423,T2C
79,1,0,0,235,green,6423,T2C
80,1,0,0,235,green,6423,T2C
81,1,0,0,235,green,6423,T2C
82,1,0,0,235,green,6423,T2C
83,1,0,0,235,green,6423,T2C
84,1,0,0,235,green,6423,T2C
85,1,0,0,235,green,6423,T2C
86,1,0,0,235,green,6423,T2C
87,1,0,0,235,green,6423,T2C
88,1,0,0,235,green,6423,T2C
89,1,0,0,235,green,6423,T2C
90,1,0,0,235,green,6423,T2C
91,1,0,0,235,green,6423,T2C
92,1,0,0,235,green,6423,T2C
93,1,0,0,235,green,6423,T2C
94,1,0,0,235,green,6423,T2C
95,1,0,0,235,green,6423,T2C
96,1,0,0,235,green,6423,T2C
97,1,0,0,235,green,6423,T2C
98,1,0,0,235,green,6423,T2C
99,1,0,0,235,green,6423,T2C
100,1,0,0,235,green,6423,T2C
101,1,0,0,235,green,6423,T2C
102,1,0,0,235,green,6423,T2C
103,1,0,0,235,green,6423,T2C
104,1,0,0,235,green,6423,T2C
105,1,0,0,235,green,6423,T2C
106,1,0,0,235,green,6423,T2C
107,1,0,0,235,green,6423,T2C
108,1,0,0,235,green,6423,T2C
109,1,0,0,235,green,6423,T2C
110,1,0,0,235,green,6423,T2C
111,1,0,0,235,green,6423,T2C
112,1,0,0,235,green,6423,T2C
113,1,0,0,235,green,6423,T2C
114,1,0,0,235,green,6423,T2C
115,1,0,0,235,green,6423,T2C
116,1,0,0,235,green,6423,T2C
117,1,0,0,235,green,6423,T2C
118,1,0,0,235,green,6423,T2C
119,1,0,0,235,green,6423,T2C
120,1,0,0,235,green,6423,T2C
121,1,0,0,235,green,6423,T2C
122,1,0,0,235,green,6423,T2C
123,1,0,0,235,green,6423,T2C
124,1,0,0,235,green,6423,T2C
125,1,0,0,235,green,6423,T2C
126,1,0,0,235,green,6423,T2C
127,1,0,0,235,green,6423,T2C
128,1,0,0,235,green,6423,T2C
129,1,0,0,235,green,6423,T2C
130,1,0,0,235,green,6423,T2C
131,1,0,0,235,green,6423,T2C
132,1,0,0,235,green,6423,T2C
133,1,0,0,235,green,6423,T2C
134,1,0,0,235,green,6423,T2C
135,1,0,0,235,green,6423,T2C
136,1,0,0,235,green,6423,T2C
137,1,0,0,235,green,6423,T2C
138,1,0,0,235,green,6423,T2C
139,1,0,0,235,green,6423,T2C
140,1,0,0,235,green,6423,T2C
141,1,0,0,235,green,6423,T2C
142,1,0,0,235,green,6423,T2C
143,1,0,0,235,green,6423,T2C
144,1,0,0,235,green,6423,T2C
145,1,0,0,235,green,6423,T2C
146,1,0,0,235,green,6423,T2C
147,1,0,0,235,green,6423,T2C
148,1,0,0,235,green,6423,T2C
149,1,0,0,235,green,6423,T2C
150,1,0,0,235,green,6423,T2C
151,1,0,0,235,green,6423,T2C
152,1,0,0,235,green,6423,T2C
153,1,0,0,235,green,6423,T2C
154,1,0,0,235,green,6423,T2C
155,1,0,0,235,green,6423,T2C
156,1,0,0,235,green,6423,T2C
157,1,0,0,235,green,6423,T2C
158,1,0,0,235,green,6423,T2C
159,1,0,0,235,green,6423,T2C
160,1,0,0,235,green,6423,T2C
161,1,0,0,235,green,6423,T2C
162,1,0,0,235,green,6423,T2C
163,1,0,0,235,green,6423,T2C
164,1,0,0,235,green,6423,T2C
165,1,0,0,235,green,6423,T2C
166,1,0,0,235,green,6423,T2C
167,1,0,0,235,green,6423,T2C
168,1,0,0,235,green,6423,T2C
169,1,0,0,235,green,6423,T2C
170,1,0,0,235,green,6423,T2C
171,0,0,1,235,green,6423,T2C
172,0,0,1,235,green,6423,T2C
173,0,1,0,235,green,6423,T2C
174,0,1,0,235,green,6423,T2C
175,0,1,0,235,green,6423,T2C
176,0,1,0,235,green,6423,T2C
177,0,1,0,235,green,6423,T2C
178,0,1,0,235,green,6423,T2C
179,0,1,0,235,green,6423,T2C
180,0,1,0,235,green,6423,T2C
181,0,1,0,235,green,6423,T2C
182,0,1,0,235,green,6423,T2C
183,0,1,0,235,green,6423,T2C
184,0,1,0,235,green,6423,T2C
185,0,1,0,235,green,6423,T2C
186,0,1,0,235,green,6423,T2C
187,0,1,0,235,green,6423,T2C
188,0,1,0,235,green,6423,T2C
189,0,1,0,235,green,6423,T2C
190,0,1,0,235,green,6423,T2C
191,0,1,0,235,green,6423,T2C
192,0,1,0,235,green,6423,T2C
193,0,1,0,235,green,6423,T2C
194,0,1,0,235,green,6423,T2C
195,0,1,0,235,green,6423,T2C
196,0,1,0,235,green,6423,T2C
197,0,1,0,235,green,6423,T2C
0,0,0,1,236,green,4748,T2C
1,0,0,1,236,green,4748,T2C
2,0,0,1,236,green,4748,T2C
3,0,0,1,236,green,4748,T2C
4,0,0,1,236,green,4748,T2C
5,0,0,1,236,green,4748,T2C
6,0,0,1,236,green,4748,T2C
7,0,0,1,236,green,4748,T2C
8,0,0,1,236,green,4748,T2C
9,0,0,1,236,green,4748,T2C
10,0,0,1,236,green,4748,T2C
11,0,0,1,236,green,4748,T2C
12,0,0,1,236,green,4748,T2C
13,0,0,1,236,green,4748,T2C
14,0,0,1,236,green,4748,T2C
15,0,0,1,236,green,4748,T2C
16,0,0,1,236,green,4748,T2C
17,0,0,1,236,green,4748,T2C
18,0,0,1,236,green,4748,T2C
19,0,0,1,236,green,4748,T2C
20,0,0,1,236,green,4748,T2C
21,0,0,1,236,green,4748,T2C
22,0,0,1,236,green,4748,T2C
23,0,0,1,236,green,4748,T2C
24,0,0,1,236,green,4748,T2C
25,0,0,1,236,green,4748,T2C
26,0,0,1,236,green,4748,T2C
27,0,0,1,236,green,4748,T2C
28,0,0,1,236,green,4748,T2C
29,0,0,1,236,green,4748,T2C
30,0,1,0,236,green,4748,T2C
31,0,1,0,236,green,4748,T2C
32,0,1,0,236,green,4748,T2C
33,0,1,0,236,green,4748,T2C
34,0,1,0,236,green,4748,T2C
35,0,1,0,236,green,4748,T2C
36,0,1,0,236,green,4748,T2C
37,0,1,0,236,green,4748,T2C
38,0,1,0,236,green,4748,T2C
39,0,1,0,236,green,4748,T2C
40,0,1,0,236,green,4748,T2C
41,0,1,0,236,green,4748,T2C
42,0,0,1,236,green,4748,T2C
43,0,0,1,236,green,4748,T2C
44,0,0,1,236,green,4748,T2C
45,0,0,1,236,green,4748,T2C
46,0,0,1,236,green,4748,T2C
47,0,0,1,236,green,4748,T2C
48,0,0,1,236,green,4748,T2C
49,0,0,1,236,green,4748,T2C
50,0,1,0,236,green,4748,T2C
51,0,1,0,236,green,4748,T2C
52,0,1,0,236,green,4748,T2C
53,0,1,0,236,green,4748,T2C
54,0,1,0,236,green,4748,T2C
55,0,1,0,236,green,4748,T2C
56,0,1,0,236,green,4748,T2C
57,0,1,0,236,green,4748,T2C
58,0,1,0,236,green,4748,T2C
59,0,1,0,236,green,4748,T2C
60,0,1,0,236,green,4748,T2C
61,0,1,0,236,green,4748,T2C
62,0,1,0,236,green,4748,T2C
63,0,1,0,236,green,4748,T2C
64,0,1,0,236,green,4748,T2C
65,0,1,0,236,green,4748,T2C
66,0,1,0,236,green,4748,T2C
67,0,1,0,236,green,4748,T2C
68,0,1,0,236,green,4748,T2C
69,0,1,0,236,green,4748,T2C
70,0,1,0,236,green,4748,T2C
71,0,1,0,236,green,4748,T2C
72,0,1,0,236,green,4748,T2C
73,0,1,0,236,green,4748,T2C
74,0,1,0,236,green,4748,T2C
75,0,1,0,236,green,4748,T2C
76,0,1,0,236,green,4748,T2C
77,0,1,0,236,green,4748,T2C
78,0,1,0,236,green,4748,T2C
79,0,1,0,236,green,4748,T2C
80,0,1,0,236,green,4748,T2C
81,0,1,0,236,green,4748,T2C
82,0,1,0,236,green,4748,T2C
83,0,1,0,236,green,4748,T2C
84,0,1,0,236,green,4748,T2C
85,0,1,0,236,green,4748,T2C
86,0,1,0,236,green,4748,T2C
87,0,1,0,236,green,4748,T2C
88,0,1,0,236,green,4748,T2C
89,0,1,0,236,green,4748,T2C
90,0,1,0,236,green,4748,T2C
91,0,1,0,236,green,4748,T2C
92,0,1,0,236,green,4748,T2C
93,0,1,0,236,green,4748,T2C
94,0,1,0,236,green,4748,T2C
95,0,1,0,236,green,4748,T2C
96,0,1,0,236,green,4748,T2C
97,1,0,0,236,green,4748,T2C
98,1,0,0,236,green,4748,T2C
99,1,0,0,236,green,4748,T2C
100,1,0,0,236,green,4748,T2C
101,1,0,0,236,green,4748,T2C
102,1,0,0,236,green,4748,T2C
103,1,0,0,236,green,4748,T2C
104,1,0,0,236,green,4748,T2C
105,1,0,0,236,green,4748,T2C
106,1,0,0,236,green,4748,T2C
107,1,0,0,236,green,4748,T2C
108,1,0,0,236,green,4748,T2C
109,1,0,0,236,green,4748,T2C
110,1,0,0,236,green,4748,T2C
111,1,0,0,236,green,4748,T2C
112,1,0,0,236,green,4748,T2C
113,1,0,0,236,green,4748,T2C
114,1,0,0,236,green,4748,T2C
115,1,0,0,236,green,4748,T2C
116,1,0,0,236,green,4748,T2C
117,1,0,0,236,green,4748,T2C
118,1,0,0,236,green,4748,T2C
119,1,0,0,236,green,4748,T2C
120,1,0,0,236,green,4748,T2C
121,1,0,0,236,green,4748,T2C
122,1,0,0,236,green,4748,T2C
123,1,0,0,236,green,4748,T2C
124,1,0,0,236,green,4748,T2C
125,1,0,0,236,green,4748,T2C
126,1,0,0,236,green,4748,T2C
127,1,0,0,236,green,4748,T2C
128,1,0,0,236,green,4748,T2C
129,1,0,0,236,green,4748,T2C
130,1,0,0,236,green,4748,T2C
131,1,0,0,236,green,4748,T2C
132,1,0,0,236,green,4748,T2C
133,1,0,0,236,green,4748,T2C
134,1,0,0,236,green,4748,T2C
135,1,0,0,236,green,4748,T2C
136,1,0,0,236,green,4748,T2C
137,1,0,0,236,green,4748,T2C
138,1,0,0,236,green,4748,T2C
139,1,0,0,236,green,4748,T2C
140,1,0,0,236,green,4748,T2C
141,1,0,0,236,green,4748,T2C
142,1,0,0,236,green,4748,T2C
143,1,0,0,236,green,4748,T2C
144,1,0,0,236,green,4748,T2C
145,1,0,0,236,green,4748,T2C
146,1,0,0,236,green,4748,T2C
147,1,0,0,236,green,4748,T2C
148,1,0,0,236,green,4748,T2C
149,1,0,0,236,green,4748,T2C
150,1,0,0,236,green,4748,T2C
151,1,0,0,236,green,4748,T2C
152,1,0,0,236,green,4748,T2C
153,1,0,0,236,green,4748,T2C
154,1,0,0,236,green,4748,T2C
155,1,0,0,236,green,4748,T2C
156,1,0,0,236,green,4748,T2C
157,1,0,0,236,green,4748,T2C
158,1,0,0,236,green,4748,T2C
159,1,0,0,236,green,4748,T2C
160,1,0,0,236,green,4748,T2C
161,1,0,0,236,green,4748,T2C
162,1,0,0,236,green,4748,T2C
163,1,0,0,236,green,4748,T2C
164,1,0,0,236,green,4748,T2C
165,1,0,0,236,green,4748,T2C
166,1,0,0,236,green,4748,T2C
167,1,0,0,236,green,4748,T2C
168,1,0,0,236,green,4748,T2C
169,1,0,0,236,green,4748,T2C
170,1,0,0,236,green,4748,T2C
171,1,0,0,236,green,4748,T2C
172,1,0,0,236,green,4748,T2C
173,0,1,0,236,green,4748,T2C
174,0,1,0,236,green,4748,T2C
175,0,1,0,236,green,4748,T2C
176,0,1,0,236,green,4748,T2C
177,0,1,0,236,green,4748,T2C
178,0,1,0,236,green,4748,T2C
179,0,1,0,236,green,4748,T2C
180,0,1,0,236,green,4748,T2C
181,0,1,0,236,green,4748,T2C
182,0,1,0,236,green,4748,T2C
183,0,1,0,236,green,4748,T2C
184,0,1,0,236,green,4748,T2C
185,0,1,0,236,green,4748,T2C
186,0,1,0,236,green,4748,T2C
187,0,1,0,236,green,4748,T2C
188,0,1,0,236,green,4748,T2C
189,0,1,0,236,green,4748,T2C
190,0,1,0,236,green,4748,T2C
191,0,1,0,236,green,4748,T2C
192,0,1,0,236,green,4748,T2C
193,0,1,0,236,green,4748,T2C
194,0,1,0,236,green,4748,T2C
195,0,1,0,236,green,4748,T2C
196,0,1,0,236,green,4748,T2C
197,0,1,0,236,green,4748,T2C
0,0,1,0,237,green,6358,T2C
1,0,1,0,237,green,6358,T2C
2,0,1,0,237,green,6358,T2C
3,0,1,0,237,green,6358,T2C
4,0,1,0,237,green,6358,T2C
5,0,1,0,237,green,6358,T2C
6,0,1,0,237,green,6358,T2C
7,0,1,0,237,green,6358,T2C
8,0,1,0,237,green,6358,T2C
9,0,1,0,237,green,6358,T2C
10,0,1,0,237,green,6358,T2C
11,0,1,0,237,green,6358,T2C
12,0,1,0,237,green,6358,T2C
13,0,1,0,237,green,6358,T2C
14,0,1,0,237,green,6358,T2C
15,0,1,0,237,green,6358,T2C
16,0,1,0,237,green,6358,T2C
17,0,1,0,237,green,6358,T2C
18,0,1,0,237,green,6358,T2C
19,0,1,0,237,green,6358,T2C
20,0,1,0,237,green,6358,T2C
21,0,1,0,237,green,6358,T2C
22,0,1,0,237,green,6358,T2C
23,0,1,0,237,green,6358,T2C
24,0,1,0,237,green,6358,T2C
25,0,1,0,237,green,6358,T2C
26,0,1,0,237,green,6358,T2C
27,0,1,0,237,green,6358,T2C
28,0,1,0,237,green,6358,T2C
29,0,1,0,237,green,6358,T2C
30,0,1,0,237,green,6358,T2C
31,0,1,0,237,green,6358,T2C
32,0,1,0,237,green,6358,T2C
33,0,1,0,237,green,6358,T2C
34,0,1,0,237,green,6358,T2C
35,0,1,0,237,green,6358,T2C
36,0,1,0,237,green,6358,T2C
37,0,1,0,237,green,6358,T2C
38,0,1,0,237,green,6358,T2C
39,0,1,0,237,green,6358,T2C
40,0,1,0,237,green,6358,T2C
41,0,1,0,237,green,6358,T2C
42,0,1,0,237,green,6358,T2C
43,0,1,0,237,green,6358,T2C
44,0,1,0,237,green,6358,T2C
45,0,1,0,237,green,6358,T2C
46,0,1,0,237,green,6358,T2C
47,0,1,0,237,green,6358,T2C
48,0,1,0,237,green,6358,T2C
49,0,1,0,237,green,6358,T2C
50,0,1,0,237,green,6358,T2C
51,0,1,0,237,green,6358,T2C
52,0,1,0,237,green,6358,T2C
53,0,1,0,237,green,6358,T2C
54,0,1,0,237,green,6358,T2C
55,0,1,0,237,green,6358,T2C
56,0,1,0,237,green,6358,T2C
57,0,1,0,237,green,6358,T2C
58,0,1,0,237,green,6358,T2C
59,0,1,0,237,green,6358,T2C
60,0,1,0,237,green,6358,T2C
61,0,1,0,237,green,6358,T2C
62,0,1,0,237,green,6358,T2C
63,0,1,0,237,green,6358,T2C
64,0,1,0,237,green,6358,T2C
65,0,1,0,237,green,6358,T2C
66,0,1,0,237,green,6358,T2C
67,0,1,0,237,green,6358,T2C
68,0,1,0,237,green,6358,T2C
69,0,1,0,237,green,6358,T2C
70,0,1,0,237,green,6358,T2C
71,0,1,0,237,green,6358,T2C
72,0,1,0,237,green,6358,T2C
73,0,1,0,237,green,6358,T2C
74,0,1,0,237,green,6358,T2C
75,0,1,0,237,green,6358,T2C
76,0,1,0,237,green,6358,T2C
77,0,1,0,237,green,6358,T2C
78,0,1,0,237,green,6358,T2C
79,0,1,0,237,green,6358,T2C
80,0,1,0,237,green,6358,T2C
81,0,1,0,237,green,6358,T2C
82,0,1,0,237,green,6358,T2C
83,0,1,0,237,green,6358,T2C
84,0,1,0,237,green,6358,T2C
85,0,1,0,237,green,6358,T2C
86,0,1,0,237,green,6358,T2C
87,0,1,0,237,green,6358,T2C
88,0,1,0,237,green,6358,T2C
89,0,1,0,237,green,6358,T2C
90,0,1,0,237,green,6358,T2C
91,0,1,0,237,green,6358,T2C
92,0,1,0,237,green,6358,T2C
93,0,1,0,237,green,6358,T2C
94,0,1,0,237,green,6358,T2C
95,0,1,0,237,green,6358,T2C
96,0,1,0,237,green,6358,T2C
97,0,1,0,237,green,6358,T2C
98,0,1,0,237,green,6358,T2C
99,0,1,0,237,green,6358,T2C
100,0,1,0,237,green,6358,T2C
101,0,1,0,237,green,6358,T2C
102,0,1,0,237,green,6358,T2C
103,0,1,0,237,green,6358,T2C
104,0,1,0,237,green,6358,T2C
105,0,1,0,237,green,6358,T2C
106,0,1,0,237,green,6358,T2C
107,0,1,0,237,green,6358,T2C
108,0,1,0,237,green,6358,T2C
109,0,1,0,237,green,6358,T2C
110,0,1,0,237,green,6358,T2C
111,0,1,0,237,green,6358,T2C
112,0,1,0,237,green,6358,T2C
113,0,1,0,237,green,6358,T2C
114,0,1,0,237,green,6358,T2C
115,0,1,0,237,green,6358,T2C
116,0,1,0,237,green,6358,T2C
117,0,0,1,237,green,6358,T2C
118,0,0,1,237,green,6358,T2C
119,1,0,0,237,green,6358,T2C
120,1,0,0,237,green,6358,T2C
121,1,0,0,237,green,6358,T2C
122,1,0,0,237,green,6358,T2C
123,1,0,0,237,green,6358,T2C
124,1,0,0,237,green,6358,T2C
125,1,0,0,237,green,6358,T2C
126,1,0,0,237,green,6358,T2C
127,1,0,0,237,green,6358,T2C
128,1,0,0,237,green,6358,T2C
129,1,0,0,237,green,6358,T2C
130,1,0,0,237,green,6358,T2C
131,1,0,0,237,green,6358,T2C
132,1,0,0,237,green,6358,T2C
133,1,0,0,237,green,6358,T2C
134,1,0,0,237,green,6358,T2C
135,1,0,0,237,green,6358,T2C
136,1,0,0,237,green,6358,T2C
137,1,0,0,237,green,6358,T2C
138,1,0,0,237,green,6358,T2C
139,1,0,0,237,green,6358,T2C
140,1,0,0,237,green,6358,T2C
141,1,0,0,237,green,6358,T2C
142,1,0,0,237,green,6358,T2C
143,1,0,0,237,green,6358,T2C
144,1,0,0,237,green,6358,T2C
145,1,0,0,237,green,6358,T2C
146,1,0,0,237,green,6358,T2C
147,1,0,0,237,green,6358,T2C
148,1,0,0,237,green,6358,T2C
149,1,0,0,237,green,6358,T2C
150,1,0,0,237,green,6358,T2C
151,1,0,0,237,green,6358,T2C
152,1,0,0,237,green,6358,T2C
153,1,0,0,237,green,6358,T2C
154,1,0,0,237,green,6358,T2C
155,1,0,0,237,green,6358,T2C
156,1,0,0,237,green,6358,T2C
157,1,0,0,237,green,6358,T2C
158,1,0,0,237,green,6358,T2C
159,1,0,0,237,green,6358,T2C
160,1,0,0,237,green,6358,T2C
161,1,0,0,237,green,6358,T2C
162,0,0,1,237,green,6358,T2C
163,0,1,0,237,green,6358,T2C
164,0,1,0,237,green,6358,T2C
165,0,1,0,237,green,6358,T2C
166,0,1,0,237,green,6358,T2C
167,0,1,0,237,green,6358,T2C
168,0,1,0,237,green,6358,T2C
169,0,0,1,237,green,6358,T2C
170,1,0,0,237,green,6358,T2C
171,1,0,0,237,green,6358,T2C
172,1,0,0,237,green,6358,T2C
173,1,0,0,237,green,6358,T2C
174,1,0,0,237,green,6358,T2C
175,1,0,0,237,green,6358,T2C
176,1,0,0,237,green,6358,T2C
177,1,0,0,237,green,6358,T2C
178,1,0,0,237,green,6358,T2C
179,1,0,0,237,green,6358,T2C
180,1,0,0,237,green,6358,T2C
181,1,0,0,237,green,6358,T2C
182,1,0,0,237,green,6358,T2C
183,1,0,0,237,green,6358,T2C
184,1,0,0,237,green,6358,T2C
185,1,0,0,237,green,6358,T2C
186,1,0,0,237,green,6358,T2C
187,1,0,0,237,green,6358,T2C
188,0,0,1,237,green,6358,T2C
189,0,1,0,237,green,6358,T2C
190,0,1,0,237,green,6358,T2C
191,0,1,0,237,green,6358,T2C
192,0,1,0,237,green,6358,T2C
193,0,1,0,237,green,6358,T2C
194,0,1,0,237,green,6358,T2C
195,0,1,0,237,green,6358,T2C
196,0,1,0,237,green,6358,T2C
197,0,1,0,237,green,6358,T2C
0,0,0,1,238,green,5828,T2C
1,0,0,1,238,green,5828,T2C
2,0,0,1,238,green,5828,T2C
3,0,0,1,238,green,5828,T2C
4,0,0,1,238,green,5828,T2C
5,0,0,1,238,green,5828,T2C
6,0,0,1,238,green,5828,T2C
7,0,0,1,238,green,5828,T2C
8,0,0,1,238,green,5828,T2C
9,0,0,1,238,green,5828,T2C
10,0,0,1,238,green,5828,T2C
11,0,0,1,238,green,5828,T2C
12,0,0,1,238,green,5828,T2C
13,0,0,1,238,green,5828,T2C
14,0,0,1,238,green,5828,T2C
15,0,0,1,238,green,5828,T2C
16,0,0,1,238,green,5828,T2C
17,0,0,1,238,green,5828,T2C
18,0,0,1,238,green,5828,T2C
19,0,0,1,238,green,5828,T2C
20,0,0,1,238,green,5828,T2C
21,0,0,1,238,green,5828,T2C
22,0,0,1,238,green,5828,T2C
23,0,0,1,238,green,5828,T2C
24,0,0,1,238,green,5828,T2C
25,0,0,1,238,green,5828,T2C
26,0,0,1,238,green,5828,T2C
27,0,0,1,238,green,5828,T2C
28,0,0,1,238,green,5828,T2C
29,0,0,1,238,green,5828,T2C
30,0,0,1,238,green,5828,T2C
31,0,0,1,238,green,5828,T2C
32,0,0,1,238,green,5828,T2C
33,0,0,1,238,green,5828,T2C
34,0,0,1,238,green,5828,T2C
35,0,0,1,238,green,5828,T2C
36,0,0,1,238,green,5828,T2C
37,0,0,1,238,green,5828,T2C
38,0,0,1,238,green,5828,T2C
39,0,0,1,238,green,5828,T2C
40,0,0,1,238,green,5828,T2C
41,0,0,1,238,green,5828,T2C
42,0,0,1,238,green,5828,T2C
43,0,0,1,238,green,5828,T2C
44,0,0,1,238,green,5828,T2C
45,0,0,1,238,green,5828,T2C
46,0,0,1,238,green,5828,T2C
47,0,0,1,238,green,5828,T2C
48,0,0,1,238,green,5828,T2C
49,0,0,1,238,green,5828,T2C
50,0,0,1,238,green,5828,T2C
51,0,0,1,238,green,5828,T2C
52,0,0,1,238,green,5828,T2C
53,0,0,1,238,green,5828,T2C
54,0,0,1,238,green,5828,T2C
55,0,0,1,238,green,5828,T2C
56,0,0,1,238,green,5828,T2C
57,0,0,1,238,green,5828,T2C
58,0,0,1,238,green,5828,T2C
59,0,0,1,238,green,5828,T2C
60,0,0,1,238,green,5828,T2C
61,0,0,1,238,green,5828,T2C
62,0,0,1,238,green,5828,T2C
63,0,0,1,238,green,5828,T2C
64,0,0,1,238,green,5828,T2C
65,0,0,1,238,green,5828,T2C
66,0,0,1,238,green,5828,T2C
67,0,0,1,238,green,5828,T2C
68,0,0,1,238,green,5828,T2C
69,0,0,1,238,green,5828,T2C
70,0,0,1,238,green,5828,T2C
71,0,0,1,238,green,5828,T2C
72,0,0,1,238,green,5828,T2C
73,0,0,1,238,green,5828,T2C
74,0,0,1,238,green,5828,T2C
75,0,0,1,238,green,5828,T2C
76,0,0,1,238,green,5828,T2C
77,0,0,1,238,green,5828,T2C
78,0,0,1,238,green,5828,T2C
79,0,0,1,238,green,5828,T2C
80,0,0,1,238,green,5828,T2C
81,0,0,1,238,green,5828,T2C
82,0,0,1,238,green,5828,T2C
83,0,0,1,238,green,5828,T2C
84,0,0,1,238,green,5828,T2C
85,0,0,1,238,green,5828,T2C
86,0,0,1,238,green,5828,T2C
87,1,0,0,238,green,5828,T2C
88,1,0,0,238,green,5828,T2C
89,1,0,0,238,green,5828,T2C
90,1,0,0,238,green,5828,T2C
91,1,0,0,238,green,5828,T2C
92,1,0,0,238,green,5828,T2C
93,1,0,0,238,green,5828,T2C
94,1,0,0,238,green,5828,T2C
95,1,0,0,238,green,5828,T2C
96,1,0,0,238,green,5828,T2C
97,1,0,0,238,green,5828,T2C
98,1,0,0,238,green,5828,T2C
99,1,0,0,238,green,5828,T2C
100,1,0,0,238,green,5828,T2C
101,1,0,0,238,green,5828,T2C
102,1,0,0,238,green,5828,T2C
103,1,0,0,238,green,5828,T2C
104,1,0,0,238,green,5828,T2C
105,1,0,0,238,green,5828,T2C
106,1,0,0,238,green,5828,T2C
107,1,0,0,238,green,5828,T2C
108,1,0,0,238,green,5828,T2C
109,1,0,0,238,green,5828,T2C
110,1,0,0,238,green,5828,T2C
111,1,0,0,238,green,5828,T2C
112,1,0,0,238,green,5828,T2C
113,1,0,0,238,green,5828,T2C
114,1,0,0,238,green,5828,T2C
115,1,0,0,238,green,5828,T2C
116,1,0,0,238,green,5828,T2C
117,1,0,0,238,green,5828,T2C
118,1,0,0,238,green,5828,T2C
119,1,0,0,238,green,5828,T2C
120,1,0,0,238,green,5828,T2C
121,1,0,0,238,green,5828,T2C
122,1,0,0,238,green,5828,T2C
123,1,0,0,238,green,5828,T2C
124,1,0,0,238,green,5828,T2C
125,1,0,0,238,green,5828,T2C
126,1,0,0,238,green,5828,T2C
127,1,0,0,238,green,5828,T2C
128,1,0,0,238,green,5828,T2C
129,1,0,0,238,green,5828,T2C
130,1,0,0,238,green,5828,T2C
131,1,0,0,238,green,5828,T2C
132,1,0,0,238,green,5828,T2C
133,1,0,0,238,green,5828,T2C
134,1,0,0,238,green,5828,T2C
135,1,0,0,238,green,5828,T2C
136,1,0,0,238,green,5828,T2C
137,1,0,0,238,green,5828,T2C
138,1,0,0,238,green,5828,T2C
139,1,0,0,238,green,5828,T2C
140,1,0,0,238,green,5828,T2C
141,1,0,0,238,green,5828,T2C
142,1,0,0,238,green,5828,T2C
143,1,0,0,238,green,5828,T2C
144,1,0,0,238,green,5828,T2C
145,1,0,0,238,green,5828,T2C
146,1,0,0,238,green,5828,T2C
147,1,0,0,238,green,5828,T2C
148,1,0,0,238,green,5828,T2C
149,1,0,0,238,green,5828,T2C
150,1,0,0,238,green,5828,T2C
151,1,0,0,238,green,5828,T2C
152,1,0,0,238,green,5828,T2C
153,1,0,0,238,green,5828,T2C
154,1,0,0,238,green,5828,T2C
155,1,0,0,238,green,5828,T2C
156,1,0,0,238,green,5828,T2C
157,1,0,0,238,green,5828,T2C
158,1,0,0,238,green,5828,T2C
159,1,0,0,238,green,5828,T2C
160,1,0,0,238,green,5828,T2C
161,1,0,0,238,green,5828,T2C
162,1,0,0,238,green,5828,T2C
163,1,0,0,238,green,5828,T2C
164,1,0,0,238,green,5828,T2C
165,1,0,0,238,green,5828,T2C
166,1,0,0,238,green,5828,T2C
167,1,0,0,238,green,5828,T2C
168,1,0,0,238,green,5828,T2C
169,1,0,0,238,green,5828,T2C
170,1,0,0,238,green,5828,T2C
171,1,0,0,238,green,5828,T2C
172,1,0,0,238,green,5828,T2C
173,1,0,0,238,green,5828,T2C
174,1,0,0,238,green,5828,T2C
175,1,0,0,238,green,5828,T2C
176,1,0,0,238,green,5828,T2C
177,1,0,0,238,green,5828,T2C
178,1,0,0,238,green,5828,T2C
179,1,0,0,238,green,5828,T2C
180,1,0,0,238,green,5828,T2C
181,0,0,1,238,green,5828,T2C
182,0,1,0,238,green,5828,T2C
183,0,1,0,238,green,5828,T2C
184,0,1,0,238,green,5828,T2C
185,0,1,0,238,green,5828,T2C
186,0,1,0,238,green,5828,T2C
187,0,1,0,238,green,5828,T2C
188,0,1,0,238,green,5828,T2C
189,0,1,0,238,green,5828,T2C
190,0,1,0,238,green,5828,T2C
191,0,1,0,238,green,5828,T2C
192,0,1,0,238,green,5828,T2C
193,0,1,0,238,green,5828,T2C
194,0,1,0,238,green,5828,T2C
195,0,1,0,238,green,5828,T2C
196,0,1,0,238,green,5828,T2C
197,0,1,0,238,green,5828,T2C
0,0,1,0,239,green,5942,T2C
1,0,1,0,239,green,5942,T2C
2,0,1,0,239,green,5942,T2C
3,0,1,0,239,green,5942,T2C
4,0,1,0,239,green,5942,T2C
5,0,1,0,239,green,5942,T2C
6,0,1,0,239,green,5942,T2C
7,0,1,0,239,green,5942,T2C
8,0,1,0,239,green,5942,T2C
9,0,1,0,239,green,5942,T2C
10,0,1,0,239,green,5942,T2C
11,0,1,0,239,green,5942,T2C
12,0,1,0,239,green,5942,T2C
13,0,0,1,239,green,5942,T2C
14,0,0,1,239,green,5942,T2C
15,0,0,1,239,green,5942,T2C
16,0,0,1,239,green,5942,T2C
17,0,0,1,239,green,5942,T2C
18,0,0,1,239,green,5942,T2C
19,0,0,1,239,green,5942,T2C
20,0,0,1,239,green,5942,T2C
21,0,0,1,239,green,5942,T2C
22,0,0,1,239,green,5942,T2C
23,0,0,1,239,green,5942,T2C
24,0,0,1,239,green,5942,T2C
25,0,0,1,239,green,5942,T2C
26,0,0,1,239,green,5942,T2C
27,0,0,1,239,green,5942,T2C
28,0,0,1,239,green,5942,T2C
29,0,0,1,239,green,5942,T2C
30,0,0,1,239,green,5942,T2C
31,0,0,1,239,green,5942,T2C
32,0,0,1,239,green,5942,T2C
33,0,0,1,239,green,5942,T2C
34,0,0,1,239,green,5942,T2C
35,0,0,1,239,green,5942,T2C
36,0,0,1,239,green,5942,T2C
37,0,0,1,239,green,5942,T2C
38,0,0,1,239,green,5942,T2C
39,0,0,1,239,green,5942,T2C
40,0,0,1,239,green,5942,T2C
41,0,0,1,239,green,5942,T2C
42,0,0,1,239,green,5942,T2C
43,0,0,1,239,green,5942,T2C
44,0,0,1,239,green,5942,T2C
45,0,0,1,239,green,5942,T2C
46,0,0,1,239,green,5942,T2C
47,0,0,1,239,green,5942,T2C
48,0,0,1,239,green,5942,T2C
49,0,0,1,239,green,5942,T2C
50,0,0,1,239,green,5942,T2C
51,0,0,1,239,green,5942,T2C
52,0,0,1,239,green,5942,T2C
53,0,0,1,239,green,5942,T2C
54,0,0,1,239,green,5942,T2C
55,0,0,1,239,green,5942,T2C
56,0,0,1,239,green,5942,T2C
57,0,0,1,239,green,5942,T2C
58,0,0,1,239,green,5942,T2C
59,0,0,1,239,green,5942,T2C
60,0,0,1,239,green,5942,T2C
61,0,0,1,239,green,5942,T2C
62,0,0,1,239,green,5942,T2C
63,0,0,1,239,green,5942,T2C
64,0,0,1,239,green,5942,T2C
65,0,0,1,239,green,5942,T2C
66,0,0,1,239,green,5942,T2C
67,0,0,1,239,green,5942,T2C
68,0,0,1,239,green,5942,T2C
69,0,0,1,239,green,5942,T2C
70,0,0,1,239,green,5942,T2C
71,0,0,1,239,green,5942,T2C
72,0,0,1,239,green,5942,T2C
73,0,0,1,239,green,5942,T2C
74,0,0,1,239,green,5942,T2C
75,0,0,1,239,green,5942,T2C
76,0,0,1,239,green,5942,T2C
77,0,0,1,239,green,5942,T2C
78,0,0,1,239,green,5942,T2C
79,0,0,1,239,green,5942,T2C
80,0,0,1,239,green,5942,T2C
81,0,0,1,239,green,5942,T2C
82,0,0,1,239,green,5942,T2C
83,0,0,1,239,green,5942,T2C
84,0,0,1,239,green,5942,T2C
85,0,0,1,239,green,5942,T2C
86,0,0,1,239,green,5942,T2C
87,0,0,1,239,green,5942,T2C
88,0,0,1,239,green,5942,T2C
89,0,0,1,239,green,5942,T2C
90,0,0,1,239,green,5942,T2C
91,0,0,1,239,green,5942,T2C
92,0,0,1,239,green,5942,T2C
93,0,0,1,239,green,5942,T2C
94,0,0,1,239,green,5942,T2C
95,0,0,1,239,green,5942,T2C
96,0,0,1,239,green,5942,T2C
97,0,0,1,239,green,5942,T2C
98,0,0,1,239,green,5942,T2C
99,0,0,1,239,green,5942,T2C
100,0,0,1,239,green,5942,T2C
101,0,0,1,239,green,5942,T2C
102,0,0,1,239,green,5942,T2C
103,0,0,1,239,green,5942,T2C
104,0,0,1,239,green,5942,T2C
105,0,0,1,239,green,5942,T2C
106,0,0,1,239,green,5942,T2C
107,0,0,1,239,green,5942,T2C
108,0,0,1,239,green,5942,T2C
109,0,0,1,239,green,5942,T2C
110,0,0,1,239,green,5942,T2C
111,0,0,1,239,green,5942,T2C
112,0,0,1,239,green,5942,T2C
113,0,0,1,239,green,5942,T2C
114,0,0,1,239,green,5942,T2C
115,0,0,1,239,green,5942,T2C
116,0,0,1,239,green,5942,T2C
117,0,0,1,239,green,5942,T2C
118,0,0,1,239,green,5942,T2C
119,0,0,1,239,green,5942,T2C
120,0,0,1,239,green,5942,T2C
121,0,0,1,239,green,5942,T2C
122,0,0,1,239,green,5942,T2C
123,0,0,1,239,green,5942,T2C
124,0,0,1,239,green,5942,T2C
125,0,0,1,239,green,5942,T2C
126,0,0,1,239,green,5942,T2C
127,0,0,1,239,green,5942,T2C
128,0,0,1,239,green,5942,T2C
129,0,0,1,239,green,5942,T2C
130,0,0,1,239,green,5942,T2C
131,0,0,1,239,green,5942,T2C
132,0,0,1,239,green,5942,T2C
133,0,0,1,239,green,5942,T2C
134,0,0,1,239,green,5942,T2C
135,0,0,1,239,green,5942,T2C
136,0,0,1,239,green,5942,T2C
137,0,0,1,239,green,5942,T2C
138,0,0,1,239,green,5942,T2C
139,0,0,1,239,green,5942,T2C
140,0,0,1,239,green,5942,T2C
141,0,0,1,239,green,5942,T2C
142,0,0,1,239,green,5942,T2C
143,0,0,1,239,green,5942,T2C
144,0,0,1,239,green,5942,T2C
145,0,0,1,239,green,5942,T2C
146,0,0,1,239,green,5942,T2C
147,0,0,1,239,green,5942,T2C
148,0,0,1,239,green,5942,T2C
149,0,0,1,239,green,5942,T2C
150,0,0,1,239,green,5942,T2C
151,0,0,1,239,green,5942,T2C
152,0,0,1,239,green,5942,T2C
153,0,0,1,239,green,5942,T2C
154,0,0,1,239,green,5942,T2C
155,0,0,1,239,green,5942,T2C
156,0,0,1,239,green,5942,T2C
157,0,0,1,239,green,5942,T2C
158,0,0,1,239,green,5942,T2C
159,0,0,1,239,green,5942,T2C
160,0,0,1,239,green,5942,T2C
161,0,0,1,239,green,5942,T2C
162,0,0,1,239,green,5942,T2C
163,0,0,1,239,green,5942,T2C
164,0,0,1,239,green,5942,T2C
165,0,0,1,239,green,5942,T2C
166,0,0,1,239,green,5942,T2C
167,0,0,1,239,green,5942,T2C
168,0,0,1,239,green,5942,T2C
169,0,0,1,239,green,5942,T2C
170,0,0,1,239,green,5942,T2C
171,0,0,1,239,green,5942,T2C
172,0,0,1,239,green,5942,T2C
173,0,0,1,239,green,5942,T2C
174,0,1,0,239,green,5942,T2C
175,0,1,0,239,green,5942,T2C
176,0,1,0,239,green,5942,T2C
177,0,1,0,239,green,5942,T2C
178,0,1,0,239,green,5942,T2C
179,0,1,0,239,green,5942,T2C
180,0,1,0,239,green,5942,T2C
181,0,1,0,239,green,5942,T2C
182,0,1,0,239,green,5942,T2C
183,0,1,0,239,green,5942,T2C
184,0,1,0,239,green,5942,T2C
185,0,1,0,239,green,5942,T2C
186,0,1,0,239,green,5942,T2C
187,0,1,0,239,green,5942,T2C
188,0,1,0,239,green,5942,T2C
189,0,1,0,239,green,5942,T2C
190,0,1,0,239,green,5942,T2C
191,0,1,0,239,green,5942,T2C
192,0,1,0,239,green,5942,T2C
193,0,1,0,239,green,5942,T2C
194,0,1,0,239,green,5942,T2C
195,0,1,0,239,green,5942,T2C
196,0,1,0,239,green,5942,T2C
197,0,1,0,239,green,5942,T2C
0,0,0,1,240,green,6105,T2C
1,0,0,1,240,green,6105,T2C
2,0,0,1,240,green,6105,T2C
3,0,0,1,240,green,6105,T2C
4,0,0,1,240,green,6105,T2C
5,0,0,1,240,green,6105,T2C
6,0,0,1,240,green,6105,T2C
7,0,0,1,240,green,6105,T2C
8,0,0,1,240,green,6105,T2C
9,0,0,1,240,green,6105,T2C
10,0,0,1,240,green,6105,T2C
11,0,0,1,240,green,6105,T2C
12,0,0,1,240,green,6105,T2C
13,0,0,1,240,green,6105,T2C
14,0,0,1,240,green,6105,T2C
15,0,0,1,240,green,6105,T2C
16,0,0,1,240,green,6105,T2C
17,0,0,1,240,green,6105,T2C
18,0,0,1,240,green,6105,T2C
19,0,0,1,240,green,6105,T2C
20,0,0,1,240,green,6105,T2C
21,0,0,1,240,green,6105,T2C
22,0,0,1,240,green,6105,T2C
23,0,0,1,240,green,6105,T2C
24,0,0,1,240,green,6105,T2C
25,0,0,1,240,green,6105,T2C
26,0,0,1,240,green,6105,T2C
27,1,0,0,240,green,6105,T2C
28,1,0,0,240,green,6105,T2C
29,1,0,0,240,green,6105,T2C
30,1,0,0,240,green,6105,T2C
31,1,0,0,240,green,6105,T2C
32,1,0,0,240,green,6105,T2C
33,1,0,0,240,green,6105,T2C
34,1,0,0,240,green,6105,T2C
35,0,0,1,240,green,6105,T2C
36,0,1,0,240,green,6105,T2C
37,0,1,0,240,green,6105,T2C
38,0,1,0,240,green,6105,T2C
39,0,1,0,240,green,6105,T2C
40,0,1,0,240,green,6105,T2C
41,0,1,0,240,green,6105,T2C
42,0,1,0,240,green,6105,T2C
43,0,1,0,240,green,6105,T2C
44,0,1,0,240,green,6105,T2C
45,0,1,0,240,green,6105,T2C
46,0,1,0,240,green,6105,T2C
47,0,1,0,240,green,6105,T2C
48,0,1,0,240,green,6105,T2C
49,0,1,0,240,green,6105,T2C
50,0,1,0,240,green,6105,T2C
51,0,1,0,240,green,6105,T2C
52,0,1,0,240,green,6105,T2C
53,0,1,0,240,green,6105,T2C
54,0,1,0,240,green,6105,T2C
55,0,1,0,240,green,6105,T2C
56,0,1,0,240,green,6105,T2C
57,0,1,0,240,green,6105,T2C
58,0,1,0,240,green,6105,T2C
59,0,1,0,240,green,6105,T2C
60,0,1,0,240,green,6105,T2C
61,0,1,0,240,green,6105,T2C
62,0,1,0,240,green,6105,T2C
63,0,1,0,240,green,6105,T2C
64,0,1,0,240,green,6105,T2C
65,0,1,0,240,green,6105,T2C
66,0,1,0,240,green,6105,T2C
67,0,1,0,240,green,6105,T2C
68,0,1,0,240,green,6105,T2C
69,0,1,0,240,green,6105,T2C
70,0,1,0,240,green,6105,T2C
71,0,1,0,240,green,6105,T2C
72,0,1,0,240,green,6105,T2C
73,0,1,0,240,green,6105,T2C
74,0,1,0,240,green,6105,T2C
75,0,1,0,240,green,6105,T2C
76,0,1,0,240,green,6105,T2C
77,0,1,0,240,green,6105,T2C
78,0,1,0,240,green,6105,T2C
79,0,1,0,240,green,6105,T2C
80,0,1,0,240,green,6105,T2C
81,0,1,0,240,green,6105,T2C
82,0,1,0,240,green,6105,T2C
83,0,1,0,240,green,6105,T2C
84,0,1,0,240,green,6105,T2C
85,0,1,0,240,green,6105,T2C
86,0,1,0,240,green,6105,T2C
87,0,1,0,240,green,6105,T2C
88,0,1,0,240,green,6105,T2C
89,0,1,0,240,green,6105,T2C
90,0,1,0,240,green,6105,T2C
91,0,1,0,240,green,6105,T2C
92,0,1,0,240,green,6105,T2C
93,0,1,0,240,green,6105,T2C
94,0,1,0,240,green,6105,T2C
95,0,1,0,240,green,6105,T2C
96,0,1,0,240,green,6105,T2C
97,0,1,0,240,green,6105,T2C
98,0,1,0,240,green,6105,T2C
99,0,1,0,240,green,6105,T2C
100,0,1,0,240,green,6105,T2C
101,0,1,0,240,green,6105,T2C
102,0,1,0,240,green,6105,T2C
103,0,1,0,240,green,6105,T2C
104,0,1,0,240,green,6105,T2C
105,0,1,0,240,green,6105,T2C
106,0,1,0,240,green,6105,T2C
107,0,1,0,240,green,6105,T2C
108,0,1,0,240,green,6105,T2C
109,0,1,0,240,green,6105,T2C
110,0,1,0,240,green,6105,T2C
111,0,1,0,240,green,6105,T2C
112,0,1,0,240,green,6105,T2C
113,0,1,0,240,green,6105,T2C
114,0,1,0,240,green,6105,T2C
115,0,1,0,240,green,6105,T2C
116,0,1,0,240,green,6105,T2C
117,0,1,0,240,green,6105,T2C
118,0,1,0,240,green,6105,T2C
119,0,1,0,240,green,6105,T2C
120,0,1,0,240,green,6105,T2C
121,0,1,0,240,green,6105,T2C
122,0,1,0,240,green,6105,T2C
123,0,1,0,240,green,6105,T2C
124,0,1,0,240,green,6105,T2C
125,0,1,0,240,green,6105,T2C
126,0,1,0,240,green,6105,T2C
127,0,1,0,240,green,6105,T2C
128,0,1,0,240,green,6105,T2C
129,0,1,0,240,green,6105,T2C
130,0,1,0,240,green,6105,T2C
131,0,1,0,240,green,6105,T2C
132,0,1,0,240,green,6105,T2C
133,0,1,0,240,green,6105,T2C
134,0,1,0,240,green,6105,T2C
135,0,1,0,240,green,6105,T2C
136,0,1,0,240,green,6105,T2C
137,0,1,0,240,green,6105,T2C
138,0,1,0,240,green,6105,T2C
139,0,1,0,240,green,6105,T2C
140,0,1,0,240,green,6105,T2C
141,0,1,0,240,green,6105,T2C
142,0,1,0,240,green,6105,T2C
143,0,1,0,240,green,6105,T2C
144,0,1,0,240,green,6105,T2C
145,0,1,0,240,green,6105,T2C
146,0,1,0,240,green,6105,T2C
147,0,1,0,240,green,6105,T2C
148,0,1,0,240,green,6105,T2C
149,0,1,0,240,green,6105,T2C
150,0,1,0,240,green,6105,T2C
151,0,1,0,240,green,6105,T2C
152,0,1,0,240,green,6105,T2C
153,0,1,0,240,green,6105,T2C
154,0,1,0,240,green,6105,T2C
155,0,1,0,240,green,6105,T2C
156,0,1,0,240,green,6105,T2C
157,0,1,0,240,green,6105,T2C
158,0,1,0,240,green,6105,T2C
159,0,1,0,240,green,6105,T2C
160,0,1,0,240,green,6105,T2C
161,0,1,0,240,green,6105,T2C
162,0,1,0,240,green,6105,T2C
163,0,1,0,240,green,6105,T2C
164,0,1,0,240,green,6105,T2C
165,0,1,0,240,green,6105,T2C
166,0,1,0,240,green,6105,T2C
167,0,1,0,240,green,6105,T2C
168,0,1,0,240,green,6105,T2C
169,0,1,0,240,green,6105,T2C
170,0,1,0,240,green,6105,T2C
171,0,1,0,240,green,6105,T2C
172,0,1,0,240,green,6105,T2C
173,0,1,0,240,green,6105,T2C
174,0,1,0,240,green,6105,T2C
175,0,1,0,240,green,6105,T2C
176,0,1,0,240,green,6105,T2C
177,0,1,0,240,green,6105,T2C
178,0,1,0,240,green,6105,T2C
179,0,1,0,240,green,6105,T2C
180,0,1,0,240,green,6105,T2C
181,0,1,0,240,green,6105,T2C
182,0,1,0,240,green,6105,T2C
183,0,1,0,240,green,6105,T2C
184,0,1,0,240,green,6105,T2C
185,0,1,0,240,green,6105,T2C
186,0,1,0,240,green,6105,T2C
187,0,1,0,240,green,6105,T2C
188,0,1,0,240,green,6105,T2C
189,0,1,0,240,green,6105,T2C
190,0,1,0,240,green,6105,T2C
191,0,1,0,240,green,6105,T2C
192,0,1,0,240,green,6105,T2C
193,0,1,0,240,green,6105,T2C
194,0,1,0,240,green,6105,T2C
195,0,1,0,240,green,6105,T2C
196,0,1,0,240,green,6105,T2C
197,0,1,0,240,green,6105,T2C
0,0,0,1,241,green,6730,T2C
1,0,0,1,241,green,6730,T2C
2,0,0,1,241,green,6730,T2C
3,0,0,1,241,green,6730,T2C
4,0,0,1,241,green,6730,T2C
5,0,0,1,241,green,6730,T2C
6,0,0,1,241,green,6730,T2C
7,0,0,1,241,green,6730,T2C
8,0,0,1,241,green,6730,T2C
9,0,0,1,241,green,6730,T2C
10,0,0,1,241,green,6730,T2C
11,0,0,1,241,green,6730,T2C
12,0,0,1,241,green,6730,T2C
13,0,0,1,241,green,6730,T2C
14,0,0,1,241,green,6730,T2C
15,0,0,1,241,green,6730,T2C
16,0,0,1,241,green,6730,T2C
17,0,0,1,241,green,6730,T2C
18,0,0,1,241,green,6730,T2C
19,0,0,1,241,green,6730,T2C
20,0,0,1,241,green,6730,T2C
21,0,0,1,241,green,6730,T2C
22,0,0,1,241,green,6730,T2C
23,0,0,1,241,green,6730,T2C
24,0,0,1,241,green,6730,T2C
25,0,0,1,241,green,6730,T2C
26,0,0,1,241,green,6730,T2C
27,0,0,1,241,green,6730,T2C
28,0,0,1,241,green,6730,T2C
29,0,0,1,241,green,6730,T2C
30,0,0,1,241,green,6730,T2C
31,0,0,1,241,green,6730,T2C
32,0,0,1,241,green,6730,T2C
33,0,0,1,241,green,6730,T2C
34,0,0,1,241,green,6730,T2C
35,0,0,1,241,green,6730,T2C
36,0,0,1,241,green,6730,T2C
37,0,0,1,241,green,6730,T2C
38,0,0,1,241,green,6730,T2C
39,0,0,1,241,green,6730,T2C
40,0,0,1,241,green,6730,T2C
41,0,0,1,241,green,6730,T2C
42,0,0,1,241,green,6730,T2C
43,0,0,1,241,green,6730,T2C
44,0,0,1,241,green,6730,T2C
45,0,0,1,241,green,6730,T2C
46,0,0,1,241,green,6730,T2C
47,0,0,1,241,green,6730,T2C
48,0,0,1,241,green,6730,T2C
49,0,0,1,241,green,6730,T2C
50,0,0,1,241,green,6730,T2C
51,0,0,1,241,green,6730,T2C
52,0,0,1,241,green,6730,T2C
53,0,0,1,241,green,6730,T2C
54,0,0,1,241,green,6730,T2C
55,0,0,1,241,green,6730,T2C
56,0,0,1,241,green,6730,T2C
57,0,0,1,241,green,6730,T2C
58,0,0,1,241,green,6730,T2C
59,0,0,1,241,green,6730,T2C
60,0,0,1,241,green,6730,T2C
61,0,0,1,241,green,6730,T2C
62,0,0,1,241,green,6730,T2C
63,0,0,1,241,green,6730,T2C
64,0,0,1,241,green,6730,T2C
65,0,0,1,241,green,6730,T2C
66,0,0,1,241,green,6730,T2C
67,0,0,1,241,green,6730,T2C
68,0,0,1,241,green,6730,T2C
69,0,0,1,241,green,6730,T2C
70,0,0,1,241,green,6730,T2C
71,0,0,1,241,green,6730,T2C
72,0,0,1,241,green,6730,T2C
73,0,0,1,241,green,6730,T2C
74,0,0,1,241,green,6730,T2C
75,0,0,1,241,green,6730,T2C
76,0,0,1,241,green,6730,T2C
77,0,0,1,241,green,6730,T2C
78,0,0,1,241,green,6730,T2C
79,0,0,1,241,green,6730,T2C
80,0,0,1,241,green,6730,T2C
81,0,0,1,241,green,6730,T2C
82,0,0,1,241,green,6730,T2C
83,0,0,1,241,green,6730,T2C
84,0,0,1,241,green,6730,T2C
85,0,0,1,241,green,6730,T2C
86,0,0,1,241,green,6730,T2C
87,0,0,1,241,green,6730,T2C
88,0,0,1,241,green,6730,T2C
89,0,0,1,241,green,6730,T2C
90,0,0,1,241,green,6730,T2C
91,0,0,1,241,green,6730,T2C
92,0,0,1,241,green,6730,T2C
93,0,0,1,241,green,6730,T2C
94,0,0,1,241,green,6730,T2C
95,0,0,1,241,green,6730,T2C
96,1,0,0,241,green,6730,T2C
97,1,0,0,241,green,6730,T2C
98,1,0,0,241,green,6730,T2C
99,1,0,0,241,green,6730,T2C
100,1,0,0,241,green,6730,T2C
101,1,0,0,241,green,6730,T2C
102,1,0,0,241,green,6730,T2C
103,1,0,0,241,green,6730,T2C
104,1,0,0,241,green,6730,T2C
105,1,0,0,241,green,6730,T2C
106,1,0,0,241,green,6730,T2C
107,1,0,0,241,green,6730,T2C
108,1,0,0,241,green,6730,T2C
109,1,0,0,241,green,6730,T2C
110,1,0,0,241,green,6730,T2C
111,1,0,0,241,green,6730,T2C
112,1,0,0,241,green,6730,T2C
113,1,0,0,241,green,6730,T2C
114,1,0,0,241,green,6730,T2C
115,1,0,0,241,green,6730,T2C
116,1,0,0,241,green,6730,T2C
117,1,0,0,241,green,6730,T2C
118,1,0,0,241,green,6730,T2C
119,1,0,0,241,green,6730,T2C
120,1,0,0,241,green,6730,T2C
121,1,0,0,241,green,6730,T2C
122,1,0,0,241,green,6730,T2C
123,1,0,0,241,green,6730,T2C
124,1,0,0,241,green,6730,T2C
125,1,0,0,241,green,6730,T2C
126,1,0,0,241,green,6730,T2C
127,1,0,0,241,green,6730,T2C
128,1,0,0,241,green,6730,T2C
129,1,0,0,241,green,6730,T2C
130,1,0,0,241,green,6730,T2C
131,1,0,0,241,green,6730,T2C
132,1,0,0,241,green,6730,T2C
133,1,0,0,241,green,6730,T2C
134,1,0,0,241,green,6730,T2C
135,1,0,0,241,green,6730,T2C
136,1,0,0,241,green,6730,T2C
137,1,0,0,241,green,6730,T2C
138,1,0,0,241,green,6730,T2C
139,1,0,0,241,green,6730,T2C
140,1,0,0,241,green,6730,T2C
141,1,0,0,241,green,6730,T2C
142,0,1,0,241,green,6730,T2C
143,0,1,0,241,green,6730,T2C
144,0,1,0,241,green,6730,T2C
145,0,1,0,241,green,6730,T2C
146,0,1,0,241,green,6730,T2C
147,0,1,0,241,green,6730,T2C
148,0,1,0,241,green,6730,T2C
149,0,1,0,241,green,6730,T2C
150,0,1,0,241,green,6730,T2C
151,0,1,0,241,green,6730,T2C
152,0,1,0,241,green,6730,T2C
153,0,1,0,241,green,6730,T2C
154,0,1,0,241,green,6730,T2C
155,0,1,0,241,green,6730,T2C
156,0,1,0,241,green,6730,T2C
157,0,1,0,241,green,6730,T2C
158,0,0,1,241,green,6730,T2C
159,1,0,0,241,green,6730,T2C
160,1,0,0,241,green,6730,T2C
161,1,0,0,241,green,6730,T2C
162,1,0,0,241,green,6730,T2C
163,1,0,0,241,green,6730,T2C
164,1,0,0,241,green,6730,T2C
165,1,0,0,241,green,6730,T2C
166,1,0,0,241,green,6730,T2C
167,1,0,0,241,green,6730,T2C
168,1,0,0,241,green,6730,T2C
169,1,0,0,241,green,6730,T2C
170,1,0,0,241,green,6730,T2C
171,1,0,0,241,green,6730,T2C
172,1,0,0,241,green,6730,T2C
173,1,0,0,241,green,6730,T2C
174,1,0,0,241,green,6730,T2C
175,1,0,0,241,green,6730,T2C
176,1,0,0,241,green,6730,T2C
177,1,0,0,241,green,6730,T2C
178,1,0,0,241,green,6730,T2C
179,0,0,1,241,green,6730,T2C
180,0,1,0,241,green,6730,T2C
181,0,1,0,241,green,6730,T2C
182,0,1,0,241,green,6730,T2C
183,0,1,0,241,green,6730,T2C
184,0,1,0,241,green,6730,T2C
185,0,1,0,241,green,6730,T2C
186,0,1,0,241,green,6730,T2C
187,0,1,0,241,green,6730,T2C
188,0,1,0,241,green,6730,T2C
189,0,1,0,241,green,6730,T2C
190,0,1,0,241,green,6730,T2C
191,0,1,0,241,green,6730,T2C
192,0,1,0,241,green,6730,T2C
193,0,1,0,241,green,6730,T2C
194,0,1,0,241,green,6730,T2C
195,0,1,0,241,green,6730,T2C
196,0,1,0,241,green,6730,T2C
197,0,1,0,241,green,6730,T2C
0,0,0,1,242,green,6675,T2C
1,0,0,1,242,green,6675,T2C
2,0,0,1,242,green,6675,T2C
3,0,0,1,242,green,6675,T2C
4,0,0,1,242,green,6675,T2C
5,0,0,1,242,green,6675,T2C
6,0,0,1,242,green,6675,T2C
7,0,0,1,242,green,6675,T2C
8,0,0,1,242,green,6675,T2C
9,0,0,1,242,green,6675,T2C
10,0,0,1,242,green,6675,T2C
11,0,0,1,242,green,6675,T2C
12,0,0,1,242,green,6675,T2C
13,0,0,1,242,green,6675,T2C
14,0,0,1,242,green,6675,T2C
15,0,0,1,242,green,6675,T2C
16,0,0,1,242,green,6675,T2C
17,0,0,1,242,green,6675,T2C
18,0,0,1,242,green,6675,T2C
19,0,0,1,242,green,6675,T2C
20,0,0,1,242,green,6675,T2C
21,0,0,1,242,green,6675,T2C
22,0,0,1,242,green,6675,T2C
23,0,0,1,242,green,6675,T2C
24,0,0,1,242,green,6675,T2C
25,0,0,1,242,green,6675,T2C
26,0,0,1,242,green,6675,T2C
27,0,0,1,242,green,6675,T2C
28,0,0,1,242,green,6675,T2C
29,0,0,1,242,green,6675,T2C
30,0,0,1,242,green,6675,T2C
31,0,0,1,242,green,6675,T2C
32,0,0,1,242,green,6675,T2C
33,0,0,1,242,green,6675,T2C
34,0,0,1,242,green,6675,T2C
35,0,0,1,242,green,6675,T2C
36,0,0,1,242,green,6675,T2C
37,0,0,1,242,green,6675,T2C
38,0,0,1,242,green,6675,T2C
39,0,0,1,242,green,6675,T2C
40,0,0,1,242,green,6675,T2C
41,0,0,1,242,green,6675,T2C
42,0,0,1,242,green,6675,T2C
43,0,0,1,242,green,6675,T2C
44,0,0,1,242,green,6675,T2C
45,0,0,1,242,green,6675,T2C
46,0,0,1,242,green,6675,T2C
47,0,0,1,242,green,6675,T2C
48,0,0,1,242,green,6675,T2C
49,0,0,1,242,green,6675,T2C
50,0,0,1,242,green,6675,T2C
51,0,0,1,242,green,6675,T2C
52,0,0,1,242,green,6675,T2C
53,0,0,1,242,green,6675,T2C
54,0,0,1,242,green,6675,T2C
55,0,0,1,242,green,6675,T2C
56,0,0,1,242,green,6675,T2C
57,0,0,1,242,green,6675,T2C
58,0,0,1,242,green,6675,T2C
59,0,0,1,242,green,6675,T2C
60,0,0,1,242,green,6675,T2C
61,0,0,1,242,green,6675,T2C
62,0,0,1,242,green,6675,T2C
63,0,0,1,242,green,6675,T2C
64,0,0,1,242,green,6675,T2C
65,0,0,1,242,green,6675,T2C
66,0,0,1,242,green,6675,T2C
67,1,0,0,242,green,6675,T2C
68,1,0,0,242,green,6675,T2C
69,1,0,0,242,green,6675,T2C
70,1,0,0,242,green,6675,T2C
71,1,0,0,242,green,6675,T2C
72,1,0,0,242,green,6675,T2C
73,1,0,0,242,green,6675,T2C
74,1,0,0,242,green,6675,T2C
75,1,0,0,242,green,6675,T2C
76,1,0,0,242,green,6675,T2C
77,1,0,0,242,green,6675,T2C
78,0,0,1,242,green,6675,T2C
79,0,0,1,242,green,6675,T2C
80,0,0,1,242,green,6675,T2C
81,0,0,1,242,green,6675,T2C
82,0,0,1,242,green,6675,T2C
83,0,0,1,242,green,6675,T2C
84,0,0,1,242,green,6675,T2C
85,0,0,1,242,green,6675,T2C
86,0,0,1,242,green,6675,T2C
87,0,0,1,242,green,6675,T2C
88,0,0,1,242,green,6675,T2C
89,0,0,1,242,green,6675,T2C
90,0,0,1,242,green,6675,T2C
91,0,0,1,242,green,6675,T2C
92,0,0,1,242,green,6675,T2C
93,0,0,1,242,green,6675,T2C
94,0,0,1,242,green,6675,T2C
95,0,0,1,242,green,6675,T2C
96,0,0,1,242,green,6675,T2C
97,0,0,1,242,green,6675,T2C
98,0,0,1,242,green,6675,T2C
99,0,0,1,242,green,6675,T2C
100,0,0,1,242,green,6675,T2C
101,0,0,1,242,green,6675,T2C
102,0,0,1,242,green,6675,T2C
103,0,0,1,242,green,6675,T2C
104,0,0,1,242,green,6675,T2C
105,0,0,1,242,green,6675,T2C
106,0,0,1,242,green,6675,T2C
107,0,0,1,242,green,6675,T2C
108,0,0,1,242,green,6675,T2C
109,0,0,1,242,green,6675,T2C
110,0,0,1,242,green,6675,T2C
111,0,0,1,242,green,6675,T2C
112,0,0,1,242,green,6675,T2C
113,0,0,1,242,green,6675,T2C
114,0,0,1,242,green,6675,T2C
115,0,0,1,242,green,6675,T2C
116,0,0,1,242,green,6675,T2C
117,0,0,1,242,green,6675,T2C
118,0,0,1,242,green,6675,T2C
119,0,0,1,242,green,6675,T2C
120,0,0,1,242,green,6675,T2C
121,1,0,0,242,green,6675,T2C
122,1,0,0,242,green,6675,T2C
123,1,0,0,242,green,6675,T2C
124,1,0,0,242,green,6675,T2C
125,1,0,0,242,green,6675,T2C
126,1,0,0,242,green,6675,T2C
127,0,0,1,242,green,6675,T2C
128,0,0,1,242,green,6675,T2C
129,0,0,1,242,green,6675,T2C
130,0,0,1,242,green,6675,T2C
131,0,0,1,242,green,6675,T2C
132,0,0,1,242,green,6675,T2C
133,0,0,1,242,green,6675,T2C
134,0,0,1,242,green,6675,T2C
135,0,0,1,242,green,6675,T2C
136,0,0,1,242,green,6675,T2C
137,0,0,1,242,green,6675,T2C
138,0,0,1,242,green,6675,T2C
139,0,0,1,242,green,6675,T2C
140,0,0,1,242,green,6675,T2C
141,0,0,1,242,green,6675,T2C
142,0,0,1,242,green,6675,T2C
143,0,0,1,242,green,6675,T2C
144,0,0,1,242,green,6675,T2C
145,0,0,1,242,green,6675,T2C
146,0,0,1,242,green,6675,T2C
147,0,0,1,242,green,6675,T2C
148,0,0,1,242,green,6675,T2C
149,0,0,1,242,green,6675,T2C
150,0,0,1,242,green,6675,T2C
151,0,0,1,242,green,6675,T2C
152,0,0,1,242,green,6675,T2C
153,0,0,1,242,green,6675,T2C
154,0,0,1,242,green,6675,T2C
155,0,0,1,242,green,6675,T2C
156,0,0,1,242,green,6675,T2C
157,0,0,1,242,green,6675,T2C
158,0,0,1,242,green,6675,T2C
159,0,0,1,242,green,6675,T2C
160,0,0,1,242,green,6675,T2C
161,0,0,1,242,green,6675,T2C
162,0,0,1,242,green,6675,T2C
163,0,0,1,242,green,6675,T2C
164,0,0,1,242,green,6675,T2C
165,0,0,1,242,green,6675,T2C
166,0,0,1,242,green,6675,T2C
167,0,0,1,242,green,6675,T2C
168,0,0,1,242,green,6675,T2C
169,0,0,1,242,green,6675,T2C
170,0,0,1,242,green,6675,T2C
171,0,1,0,242,green,6675,T2C
172,0,1,0,242,green,6675,T2C
173,0,1,0,242,green,6675,T2C
174,0,1,0,242,green,6675,T2C
175,0,1,0,242,green,6675,T2C
176,0,1,0,242,green,6675,T2C
177,0,1,0,242,green,6675,T2C
178,0,1,0,242,green,6675,T2C
179,0,1,0,242,green,6675,T2C
180,0,1,0,242,green,6675,T2C
181,0,1,0,242,green,6675,T2C
182,0,1,0,242,green,6675,T2C
183,0,1,0,242,green,6675,T2C
184,0,1,0,242,green,6675,T2C
185,0,1,0,242,green,6675,T2C
186,0,1,0,242,green,6675,T2C
187,0,1,0,242,green,6675,T2C
188,0,1,0,242,green,6675,T2C
189,0,1,0,242,green,6675,T2C
190,0,1,0,242,green,6675,T2C
191,0,1,0,242,green,6675,T2C
192,0,1,0,242,green,6675,T2C
193,0,1,0,242,green,6675,T2C
194,0,1,0,242,green,6675,T2C
195,0,1,0,242,green,6675,T2C
196,0,1,0,242,green,6675,T2C
197,0,1,0,242,green,6675,T2C
0,0,0,1,243,green,6486,T2C
1,0,0,1,243,green,6486,T2C
2,0,0,1,243,green,6486,T2C
3,0,0,1,243,green,6486,T2C
4,0,0,1,243,green,6486,T2C
5,0,0,1,243,green,6486,T2C
6,0,0,1,243,green,6486,T2C
7,0,0,1,243,green,6486,T2C
8,0,0,1,243,green,6486,T2C
9,0,0,1,243,green,6486,T2C
10,0,0,1,243,green,6486,T2C
11,0,0,1,243,green,6486,T2C
12,0,0,1,243,green,6486,T2C
13,0,0,1,243,green,6486,T2C
14,0,0,1,243,green,6486,T2C
15,0,0,1,243,green,6486,T2C
16,0,0,1,243,green,6486,T2C
17,0,0,1,243,green,6486,T2C
18,0,0,1,243,green,6486,T2C
19,0,0,1,243,green,6486,T2C
20,0,0,1,243,green,6486,T2C
21,0,0,1,243,green,6486,T2C
22,0,0,1,243,green,6486,T2C
23,0,0,1,243,green,6486,T2C
24,0,0,1,243,green,6486,T2C
25,0,0,1,243,green,6486,T2C
26,0,0,1,243,green,6486,T2C
27,0,0,1,243,green,6486,T2C
28,0,0,1,243,green,6486,T2C
29,0,0,1,243,green,6486,T2C
30,0,0,1,243,green,6486,T2C
31,0,0,1,243,green,6486,T2C
32,0,0,1,243,green,6486,T2C
33,0,0,1,243,green,6486,T2C
34,0,0,1,243,green,6486,T2C
35,0,0,1,243,green,6486,T2C
36,0,0,1,243,green,6486,T2C
37,0,0,1,243,green,6486,T2C
38,0,0,1,243,green,6486,T2C
39,0,0,1,243,green,6486,T2C
40,0,0,1,243,green,6486,T2C
41,0,0,1,243,green,6486,T2C
42,0,0,1,243,green,6486,T2C
43,0,0,1,243,green,6486,T2C
44,0,0,1,243,green,6486,T2C
45,0,0,1,243,green,6486,T2C
46,0,0,1,243,green,6486,T2C
47,0,0,1,243,green,6486,T2C
48,0,0,1,243,green,6486,T2C
49,0,0,1,243,green,6486,T2C
50,0,0,1,243,green,6486,T2C
51,0,0,1,243,green,6486,T2C
52,0,0,1,243,green,6486,T2C
53,0,0,1,243,green,6486,T2C
54,0,0,1,243,green,6486,T2C
55,0,0,1,243,green,6486,T2C
56,0,0,1,243,green,6486,T2C
57,0,0,1,243,green,6486,T2C
58,0,0,1,243,green,6486,T2C
59,0,0,1,243,green,6486,T2C
60,0,0,1,243,green,6486,T2C
61,0,0,1,243,green,6486,T2C
62,0,0,1,243,green,6486,T2C
63,0,0,1,243,green,6486,T2C
64,1,0,0,243,green,6486,T2C
65,1,0,0,243,green,6486,T2C
66,1,0,0,243,green,6486,T2C
67,1,0,0,243,green,6486,T2C
68,1,0,0,243,green,6486,T2C
69,1,0,0,243,green,6486,T2C
70,1,0,0,243,green,6486,T2C
71,1,0,0,243,green,6486,T2C
72,1,0,0,243,green,6486,T2C
73,1,0,0,243,green,6486,T2C
74,1,0,0,243,green,6486,T2C
75,1,0,0,243,green,6486,T2C
76,1,0,0,243,green,6486,T2C
77,1,0,0,243,green,6486,T2C
78,1,0,0,243,green,6486,T2C
79,1,0,0,243,green,6486,T2C
80,1,0,0,243,green,6486,T2C
81,1,0,0,243,green,6486,T2C
82,1,0,0,243,green,6486,T2C
83,1,0,0,243,green,6486,T2C
84,1,0,0,243,green,6486,T2C
85,1,0,0,243,green,6486,T2C
86,1,0,0,243,green,6486,T2C
87,1,0,0,243,green,6486,T2C
88,1,0,0,243,green,6486,T2C
89,1,0,0,243,green,6486,T2C
90,1,0,0,243,green,6486,T2C
91,1,0,0,243,green,6486,T2C
92,1,0,0,243,green,6486,T2C
93,1,0,0,243,green,6486,T2C
94,1,0,0,243,green,6486,T2C
95,1,0,0,243,green,6486,T2C
96,1,0,0,243,green,6486,T2C
97,1,0,0,243,green,6486,T2C
98,1,0,0,243,green,6486,T2C
99,1,0,0,243,green,6486,T2C
100,1,0,0,243,green,6486,T2C
101,1,0,0,243,green,6486,T2C
102,1,0,0,243,green,6486,T2C
103,1,0,0,243,green,6486,T2C
104,1,0,0,243,green,6486,T2C
105,1,0,0,243,green,6486,T2C
106,1,0,0,243,green,6486,T2C
107,1,0,0,243,green,6486,T2C
108,1,0,0,243,green,6486,T2C
109,1,0,0,243,green,6486,T2C
110,1,0,0,243,green,6486,T2C
111,1,0,0,243,green,6486,T2C
112,1,0,0,243,green,6486,T2C
113,1,0,0,243,green,6486,T2C
114,1,0,0,243,green,6486,T2C
115,1,0,0,243,green,6486,T2C
116,1,0,0,243,green,6486,T2C
117,1,0,0,243,green,6486,T2C
118,1,0,0,243,green,6486,T2C
119,1,0,0,243,green,6486,T2C
120,1,0,0,243,green,6486,T2C
121,1,0,0,243,green,6486,T2C
122,1,0,0,243,green,6486,T2C
123,1,0,0,243,green,6486,T2C
124,1,0,0,243,green,6486,T2C
125,1,0,0,243,green,6486,T2C
126,1,0,0,243,green,6486,T2C
127,1,0,0,243,green,6486,T2C
128,1,0,0,243,green,6486,T2C
129,1,0,0,243,green,6486,T2C
130,1,0,0,243,green,6486,T2C
131,1,0,0,243,green,6486,T2C
132,1,0,0,243,green,6486,T2C
133,1,0,0,243,green,6486,T2C
134,1,0,0,243,green,6486,T2C
135,1,0,0,243,green,6486,T2C
136,1,0,0,243,green,6486,T2C
137,1,0,0,243,green,6486,T2C
138,1,0,0,243,green,6486,T2C
139,1,0,0,243,green,6486,T2C
140,1,0,0,243,green,6486,T2C
141,1,0,0,243,green,6486,T2C
142,1,0,0,243,green,6486,T2C
143,1,0,0,243,green,6486,T2C
144,1,0,0,243,green,6486,T2C
145,1,0,0,243,green,6486,T2C
146,1,0,0,243,green,6486,T2C
147,1,0,0,243,green,6486,T2C
148,1,0,0,243,green,6486,T2C
149,1,0,0,243,green,6486,T2C
150,1,0,0,243,green,6486,T2C
151,1,0,0,243,green,6486,T2C
152,1,0,0,243,green,6486,T2C
153,1,0,0,243,green,6486,T2C
154,1,0,0,243,green,6486,T2C
155,1,0,0,243,green,6486,T2C
156,1,0,0,243,green,6486,T2C
157,1,0,0,243,green,6486,T2C
158,1,0,0,243,green,6486,T2C
159,1,0,0,243,green,6486,T2C
160,1,0,0,243,green,6486,T2C
161,1,0,0,243,green,6486,T2C
162,1,0,0,243,green,6486,T2C
163,1,0,0,243,green,6486,T2C
164,1,0,0,243,green,6486,T2C
165,1,0,0,243,green,6486,T2C
166,1,0,0,243,green,6486,T2C
167,1,0,0,243,green,6486,T2C
168,1,0,0,243,green,6486,T2C
169,1,0,0,243,green,6486,T2C
170,1,0,0,243,green,6486,T2C
171,1,0,0,243,green,6486,T2C
172,1,0,0,243,green,6486,T2C
173,1,0,0,243,green,6486,T2C
174,1,0,0,243,green,6486,T2C
175,1,0,0,243,green,6486,T2C
176,1,0,0,243,green,6486,T2C
177,1,0,0,243,green,6486,T2C
178,1,0,0,243,green,6486,T2C
179,0,0,1,243,green,6486,T2C
180,0,1,0,243,green,6486,T2C
181,0,1,0,243,green,6486,T2C
182,0,1,0,243,green,6486,T2C
183,0,1,0,243,green,6486,T2C
184,0,1,0,243,green,6486,T2C
185,0,1,0,243,green,6486,T2C
186,0,1,0,243,green,6486,T2C
187,0,1,0,243,green,6486,T2C
188,0,1,0,243,green,6486,T2C
189,0,1,0,243,green,6486,T2C
190,0,1,0,243,green,6486,T2C
191,0,1,0,243,green,6486,T2C
192,0,1,0,243,green,6486,T2C
193,0,1,0,243,green,6486,T2C
194,0,1,0,243,green,6486,T2C
195,0,1,0,243,green,6486,T2C
196,0,1,0,243,green,6486,T2C
197,0,1,0,243,green,6486,T2C
0,0,0,1,244,green,6318,T2C
1,0,0,1,244,green,6318,T2C
2,0,0,1,244,green,6318,T2C
3,0,0,1,244,green,6318,T2C
4,0,0,1,244,green,6318,T2C
5,0,0,1,244,green,6318,T2C
6,0,0,1,244,green,6318,T2C
7,0,0,1,244,green,6318,T2C
8,0,0,1,244,green,6318,T2C
9,0,0,1,244,green,6318,T2C
10,0,0,1,244,green,6318,T2C
11,0,0,1,244,green,6318,T2C
12,0,0,1,244,green,6318,T2C
13,0,0,1,244,green,6318,T2C
14,0,0,1,244,green,6318,T2C
15,0,0,1,244,green,6318,T2C
16,0,0,1,244,green,6318,T2C
17,0,0,1,244,green,6318,T2C
18,0,0,1,244,green,6318,T2C
19,0,0,1,244,green,6318,T2C
20,0,0,1,244,green,6318,T2C
21,0,0,1,244,green,6318,T2C
22,0,0,1,244,green,6318,T2C
23,0,0,1,244,green,6318,T2C
24,0,0,1,244,green,6318,T2C
25,0,0,1,244,green,6318,T2C
26,0,0,1,244,green,6318,T2C
27,0,0,1,244,green,6318,T2C
28,0,0,1,244,green,6318,T2C
29,0,0,1,244,green,6318,T2C
30,0,0,1,244,green,6318,T2C
31,0,0,1,244,green,6318,T2C
32,0,0,1,244,green,6318,T2C
33,0,0,1,244,green,6318,T2C
34,0,0,1,244,green,6318,T2C
35,0,0,1,244,green,6318,T2C
36,0,0,1,244,green,6318,T2C
37,0,0,1,244,green,6318,T2C
38,0,0,1,244,green,6318,T2C
39,0,0,1,244,green,6318,T2C
40,0,0,1,244,green,6318,T2C
41,0,0,1,244,green,6318,T2C
42,0,0,1,244,green,6318,T2C
43,0,0,1,244,green,6318,T2C
44,0,0,1,244,green,6318,T2C
45,0,0,1,244,green,6318,T2C
46,0,0,1,244,green,6318,T2C
47,0,0,1,244,green,6318,T2C
48,0,0,1,244,green,6318,T2C
49,0,0,1,244,green,6318,T2C
50,0,0,1,244,green,6318,T2C
51,0,0,1,244,green,6318,T2C
52,0,1,0,244,green,6318,T2C
53,0,1,0,244,green,6318,T2C
54,0,1,0,244,green,6318,T2C
55,0,1,0,244,green,6318,T2C
56,0,1,0,244,green,6318,T2C
57,0,1,0,244,green,6318,T2C
58,0,1,0,244,green,6318,T2C
59,0,1,0,244,green,6318,T2C
60,0,1,0,244,green,6318,T2C
61,0,1,0,244,green,6318,T2C
62,0,1,0,244,green,6318,T2C
63,0,1,0,244,green,6318,T2C
64,0,1,0,244,green,6318,T2C
65,0,1,0,244,green,6318,T2C
66,0,1,0,244,green,6318,T2C
67,0,1,0,244,green,6318,T2C
68,0,1,0,244,green,6318,T2C
69,0,1,0,244,green,6318,T2C
70,0,1,0,244,green,6318,T2C
71,0,1,0,244,green,6318,T2C
72,0,1,0,244,green,6318,T2C
73,0,1,0,244,green,6318,T2C
74,0,1,0,244,green,6318,T2C
75,0,1,0,244,green,6318,T2C
76,0,1,0,244,green,6318,T2C
77,0,1,0,244,green,6318,T2C
78,0,1,0,244,green,6318,T2C
79,0,1,0,244,green,6318,T2C
80,0,1,0,244,green,6318,T2C
81,0,1,0,244,green,6318,T2C
82,0,1,0,244,green,6318,T2C
83,0,1,0,244,green,6318,T2C
84,0,1,0,244,green,6318,T2C
85,0,1,0,244,green,6318,T2C
86,0,1,0,244,green,6318,T2C
87,0,1,0,244,green,6318,T2C
88,0,1,0,244,green,6318,T2C
89,0,1,0,244,green,6318,T2C
90,0,1,0,244,green,6318,T2C
91,0,1,0,244,green,6318,T2C
92,0,1,0,244,green,6318,T2C
93,0,1,0,244,green,6318,T2C
94,0,1,0,244,green,6318,T2C
95,0,1,0,244,green,6318,T2C
96,0,1,0,244,green,6318,T2C
97,0,1,0,244,green,6318,T2C
98,0,1,0,244,green,6318,T2C
99,0,1,0,244,green,6318,T2C
100,0,1,0,244,green,6318,T2C
101,0,1,0,244,green,6318,T2C
102,0,1,0,244,green,6318,T2C
103,0,1,0,244,green,6318,T2C
104,0,1,0,244,green,6318,T2C
105,0,1,0,244,green,6318,T2C
106,0,1,0,244,green,6318,T2C
107,0,1,0,244,green,6318,T2C
108,0,1,0,244,green,6318,T2C
109,0,1,0,244,green,6318,T2C
110,0,1,0,244,green,6318,T2C
111,0,1,0,244,green,6318,T2C
112,0,1,0,244,green,6318,T2C
113,0,1,0,244,green,6318,T2C
114,0,1,0,244,green,6318,T2C
115,0,1,0,244,green,6318,T2C
116,0,1,0,244,green,6318,T2C
117,0,1,0,244,green,6318,T2C
118,0,1,0,244,green,6318,T2C
119,0,1,0,244,green,6318,T2C
120,0,1,0,244,green,6318,T2C
121,0,1,0,244,green,6318,T2C
122,0,1,0,244,green,6318,T2C
123,0,1,0,244,green,6318,T2C
124,0,1,0,244,green,6318,T2C
125,0,1,0,244,green,6318,T2C
126,0,1,0,244,green,6318,T2C
127,0,1,0,244,green,6318,T2C
128,0,1,0,244,green,6318,T2C
129,0,1,0,244,green,6318,T2C
130,0,1,0,244,green,6318,T2C
131,0,1,0,244,green,6318,T2C
132,0,1,0,244,green,6318,T2C
133,0,1,0,244,green,6318,T2C
134,0,1,0,244,green,6318,T2C
135,0,1,0,244,green,6318,T2C
136,0,1,0,244,green,6318,T2C
137,0,1,0,244,green,6318,T2C
138,0,1,0,244,green,6318,T2C
139,0,1,0,244,green,6318,T2C
140,0,1,0,244,green,6318,T2C
141,0,1,0,244,green,6318,T2C
142,0,1,0,244,green,6318,T2C
143,0,1,0,244,green,6318,T2C
144,0,1,0,244,green,6318,T2C
145,0,1,0,244,green,6318,T2C
146,0,1,0,244,green,6318,T2C
147,0,1,0,244,green,6318,T2C
148,0,1,0,244,green,6318,T2C
149,0,1,0,244,green,6318,T2C
150,0,1,0,244,green,6318,T2C
151,0,1,0,244,green,6318,T2C
152,0,1,0,244,green,6318,T2C
153,0,1,0,244,green,6318,T2C
154,0,1,0,244,green,6318,T2C
155,0,1,0,244,green,6318,T2C
156,0,1,0,244,green,6318,T2C
157,0,1,0,244,green,6318,T2C
158,0,1,0,244,green,6318,T2C
159,0,1,0,244,green,6318,T2C
160,0,1,0,244,green,6318,T2C
161,0,1,0,244,green,6318,T2C
162,0,1,0,244,green,6318,T2C
163,0,1,0,244,green,6318,T2C
164,0,1,0,244,green,6318,T2C
165,0,1,0,244,green,6318,T2C
166,0,1,0,244,green,6318,T2C
167,0,1,0,244,green,6318,T2C
168,0,1,0,244,green,6318,T2C
169,0,1,0,244,green,6318,T2C
170,0,1,0,244,green,6318,T2C
171,0,1,0,244,green,6318,T2C
172,0,1,0,244,green,6318,T2C
173,0,1,0,244,green,6318,T2C
174,0,1,0,244,green,6318,T2C
175,0,1,0,244,green,6318,T2C
176,0,1,0,244,green,6318,T2C
177,0,1,0,244,green,6318,T2C
178,0,1,0,244,green,6318,T2C
179,0,1,0,244,green,6318,T2C
180,0,1,0,244,green,6318,T2C
181,0,1,0,244,green,6318,T2C
182,0,1,0,244,green,6318,T2C
183,0,1,0,244,green,6318,T2C
184,0,1,0,244,green,6318,T2C
185,0,1,0,244,green,6318,T2C
186,0,1,0,244,green,6318,T2C
187,0,1,0,244,green,6318,T2C
188,0,1,0,244,green,6318,T2C
189,0,1,0,244,green,6318,T2C
190,0,1,0,244,green,6318,T2C
191,0,1,0,244,green,6318,T2C
192,0,1,0,244,green,6318,T2C
193,0,1,0,244,green,6318,T2C
194,0,1,0,244,green,6318,T2C
195,0,1,0,244,green,6318,T2C
196,0,1,0,244,green,6318,T2C
197,0,1,0,244,green,6318,T2C
0,0,0,1,245,green,6653,T2C
1,0,0,1,245,green,6653,T2C
2,0,0,1,245,green,6653,T2C
3,0,0,1,245,green,6653,T2C
4,0,0,1,245,green,6653,T2C
5,0,0,1,245,green,6653,T2C
6,0,0,1,245,green,6653,T2C
7,0,0,1,245,green,6653,T2C
8,0,0,1,245,green,6653,T2C
9,0,0,1,245,green,6653,T2C
10,0,0,1,245,green,6653,T2C
11,0,0,1,245,green,6653,T2C
12,0,0,1,245,green,6653,T2C
13,0,0,1,245,green,6653,T2C
14,0,0,1,245,green,6653,T2C
15,0,0,1,245,green,6653,T2C
16,0,0,1,245,green,6653,T2C
17,0,0,1,245,green,6653,T2C
18,0,0,1,245,green,6653,T2C
19,0,0,1,245,green,6653,T2C
20,0,0,1,245,green,6653,T2C
21,0,0,1,245,green,6653,T2C
22,0,0,1,245,green,6653,T2C
23,0,0,1,245,green,6653,T2C
24,0,0,1,245,green,6653,T2C
25,0,0,1,245,green,6653,T2C
26,0,0,1,245,green,6653,T2C
27,0,0,1,245,green,6653,T2C
28,0,0,1,245,green,6653,T2C
29,0,0,1,245,green,6653,T2C
30,0,0,1,245,green,6653,T2C
31,0,0,1,245,green,6653,T2C
32,0,0,1,245,green,6653,T2C
33,0,0,1,245,green,6653,T2C
34,0,0,1,245,green,6653,T2C
35,0,0,1,245,green,6653,T2C
36,0,0,1,245,green,6653,T2C
37,0,0,1,245,green,6653,T2C
38,0,1,0,245,green,6653,T2C
39,0,1,0,245,green,6653,T2C
40,0,1,0,245,green,6653,T2C
41,0,1,0,245,green,6653,T2C
42,0,1,0,245,green,6653,T2C
43,0,1,0,245,green,6653,T2C
44,0,1,0,245,green,6653,T2C
45,0,1,0,245,green,6653,T2C
46,0,1,0,245,green,6653,T2C
47,0,1,0,245,green,6653,T2C
48,0,1,0,245,green,6653,T2C
49,0,1,0,245,green,6653,T2C
50,0,1,0,245,green,6653,T2C
51,0,0,1,245,green,6653,T2C
52,0,0,1,245,green,6653,T2C
53,0,0,1,245,green,6653,T2C
54,0,0,1,245,green,6653,T2C
55,0,0,1,245,green,6653,T2C
56,0,0,1,245,green,6653,T2C
57,0,0,1,245,green,6653,T2C
58,0,0,1,245,green,6653,T2C
59,1,0,0,245,green,6653,T2C
60,1,0,0,245,green,6653,T2C
61,1,0,0,245,green,6653,T2C
62,1,0,0,245,green,6653,T2C
63,1,0,0,245,green,6653,T2C
64,1,0,0,245,green,6653,T2C
65,1,0,0,245,green,6653,T2C
66,1,0,0,245,green,6653,T2C
67,1,0,0,245,green,6653,T2C
68,1,0,0,245,green,6653,T2C
69,1,0,0,245,green,6653,T2C
70,1,0,0,245,green,6653,T2C
71,1,0,0,245,green,6653,T2C
72,1,0,0,245,green,6653,T2C
73,1,0,0,245,green,6653,T2C
74,1,0,0,245,green,6653,T2C
75,1,0,0,245,green,6653,T2C
76,1,0,0,245,green,6653,T2C
77,1,0,0,245,green,6653,T2C
78,1,0,0,245,green,6653,T2C
79,1,0,0,245,green,6653,T2C
80,1,0,0,245,green,6653,T2C
81,1,0,0,245,green,6653,T2C
82,1,0,0,245,green,6653,T2C
83,1,0,0,245,green,6653,T2C
84,1,0,0,245,green,6653,T2C
85,1,0,0,245,green,6653,T2C
86,1,0,0,245,green,6653,T2C
87,1,0,0,245,green,6653,T2C
88,1,0,0,245,green,6653,T2C
89,1,0,0,245,green,6653,T2C
90,1,0,0,245,green,6653,T2C
91,1,0,0,245,green,6653,T2C
92,1,0,0,245,green,6653,T2C
93,1,0,0,245,green,6653,T2C
94,1,0,0,245,green,6653,T2C
95,1,0,0,245,green,6653,T2C
96,1,0,0,245,green,6653,T2C
97,1,0,0,245,green,6653,T2C
98,1,0,0,245,green,6653,T2C
99,1,0,0,245,green,6653,T2C
100,1,0,0,245,green,6653,T2C
101,1,0,0,245,green,6653,T2C
102,1,0,0,245,green,6653,T2C
103,1,0,0,245,green,6653,T2C
104,1,0,0,245,green,6653,T2C
105,1,0,0,245,green,6653,T2C
106,1,0,0,245,green,6653,T2C
107,1,0,0,245,green,6653,T2C
108,1,0,0,245,green,6653,T2C
109,1,0,0,245,green,6653,T2C
110,1,0,0,245,green,6653,T2C
111,1,0,0,245,green,6653,T2C
112,1,0,0,245,green,6653,T2C
113,1,0,0,245,green,6653,T2C
114,1,0,0,245,green,6653,T2C
115,1,0,0,245,green,6653,T2C
116,1,0,0,245,green,6653,T2C
117,1,0,0,245,green,6653,T2C
118,1,0,0,245,green,6653,T2C
119,1,0,0,245,green,6653,T2C
120,1,0,0,245,green,6653,T2C
121,1,0,0,245,green,6653,T2C
122,1,0,0,245,green,6653,T2C
123,1,0,0,245,green,6653,T2C
124,1,0,0,245,green,6653,T2C
125,1,0,0,245,green,6653,T2C
126,1,0,0,245,green,6653,T2C
127,1,0,0,245,green,6653,T2C
128,1,0,0,245,green,6653,T2C
129,1,0,0,245,green,6653,T2C
130,1,0,0,245,green,6653,T2C
131,1,0,0,245,green,6653,T2C
132,1,0,0,245,green,6653,T2C
133,1,0,0,245,green,6653,T2C
134,1,0,0,245,green,6653,T2C
135,1,0,0,245,green,6653,T2C
136,1,0,0,245,green,6653,T2C
137,1,0,0,245,green,6653,T2C
138,1,0,0,245,green,6653,T2C
139,1,0,0,245,green,6653,T2C
140,1,0,0,245,green,6653,T2C
141,1,0,0,245,green,6653,T2C
142,1,0,0,245,green,6653,T2C
143,1,0,0,245,green,6653,T2C
144,1,0,0,245,green,6653,T2C
145,1,0,0,245,green,6653,T2C
146,1,0,0,245,green,6653,T2C
147,1,0,0,245,green,6653,T2C
148,1,0,0,245,green,6653,T2C
149,1,0,0,245,green,6653,T2C
150,1,0,0,245,green,6653,T2C
151,1,0,0,245,green,6653,T2C
152,1,0,0,245,green,6653,T2C
153,1,0,0,245,green,6653,T2C
154,1,0,0,245,green,6653,T2C
155,1,0,0,245,green,6653,T2C
156,1,0,0,245,green,6653,T2C
157,1,0,0,245,green,6653,T2C
158,1,0,0,245,green,6653,T2C
159,1,0,0,245,green,6653,T2C
160,1,0,0,245,green,6653,T2C
161,1,0,0,245,green,6653,T2C
162,1,0,0,245,green,6653,T2C
163,1,0,0,245,green,6653,T2C
164,1,0,0,245,green,6653,T2C
165,1,0,0,245,green,6653,T2C
166,1,0,0,245,green,6653,T2C
167,1,0,0,245,green,6653,T2C
168,1,0,0,245,green,6653,T2C
169,1,0,0,245,green,6653,T2C
170,0,1,0,245,green,6653,T2C
171,0,1,0,245,green,6653,T2C
172,0,1,0,245,green,6653,T2C
173,0,1,0,245,green,6653,T2C
174,0,1,0,245,green,6653,T2C
175,0,1,0,245,green,6653,T2C
176,0,1,0,245,green,6653,T2C
177,0,1,0,245,green,6653,T2C
178,0,1,0,245,green,6653,T2C
179,0,1,0,245,green,6653,T2C
180,0,1,0,245,green,6653,T2C
181,0,1,0,245,green,6653,T2C
182,0,1,0,245,green,6653,T2C
183,0,1,0,245,green,6653,T2C
184,0,1,0,245,green,6653,T2C
185,0,1,0,245,green,6653,T2C
186,0,1,0,245,green,6653,T2C
187,0,1,0,245,green,6653,T2C
188,0,1,0,245,green,6653,T2C
189,0,1,0,245,green,6653,T2C
190,0,1,0,245,green,6653,T2C
191,0,1,0,245,green,6653,T2C
192,0,1,0,245,green,6653,T2C
193,0,1,0,245,green,6653,T2C
194,0,1,0,245,green,6653,T2C
195,0,1,0,245,green,6653,T2C
196,0,1,0,245,green,6653,T2C
197,0,1,0,245,green,6653,T2C
0,0,0,1,246,green,7440,T2C
1,0,0,1,246,green,7440,T2C
2,0,0,1,246,green,7440,T2C
3,0,0,1,246,green,7440,T2C
4,0,0,1,246,green,7440,T2C
5,0,0,1,246,green,7440,T2C
6,0,0,1,246,green,7440,T2C
7,0,0,1,246,green,7440,T2C
8,0,0,1,246,green,7440,T2C
9,0,0,1,246,green,7440,T2C
10,0,0,1,246,green,7440,T2C
11,0,0,1,246,green,7440,T2C
12,0,0,1,246,green,7440,T2C
13,0,0,1,246,green,7440,T2C
14,0,0,1,246,green,7440,T2C
15,0,0,1,246,green,7440,T2C
16,0,0,1,246,green,7440,T2C
17,0,0,1,246,green,7440,T2C
18,0,0,1,246,green,7440,T2C
19,0,0,1,246,green,7440,T2C
20,0,0,1,246,green,7440,T2C
21,0,0,1,246,green,7440,T2C
22,0,0,1,246,green,7440,T2C
23,0,0,1,246,green,7440,T2C
24,0,0,1,246,green,7440,T2C
25,0,0,1,246,green,7440,T2C
26,0,0,1,246,green,7440,T2C
27,0,0,1,246,green,7440,T2C
28,0,0,1,246,green,7440,T2C
29,0,0,1,246,green,7440,T2C
30,0,0,1,246,green,7440,T2C
31,0,0,1,246,green,7440,T2C
32,0,0,1,246,green,7440,T2C
33,0,0,1,246,green,7440,T2C
34,0,0,1,246,green,7440,T2C
35,0,0,1,246,green,7440,T2C
36,0,0,1,246,green,7440,T2C
37,0,0,1,246,green,7440,T2C
38,0,0,1,246,green,7440,T2C
39,0,0,1,246,green,7440,T2C
40,0,0,1,246,green,7440,T2C
41,0,0,1,246,green,7440,T2C
42,0,0,1,246,green,7440,T2C
43,0,0,1,246,green,7440,T2C
44,0,0,1,246,green,7440,T2C
45,0,0,1,246,green,7440,T2C
46,0,0,1,246,green,7440,T2C
47,0,0,1,246,green,7440,T2C
48,0,0,1,246,green,7440,T2C
49,0,0,1,246,green,7440,T2C
50,0,0,1,246,green,7440,T2C
51,0,0,1,246,green,7440,T2C
52,0,0,1,246,green,7440,T2C
53,0,0,1,246,green,7440,T2C
54,0,0,1,246,green,7440,T2C
55,0,0,1,246,green,7440,T2C
56,0,0,1,246,green,7440,T2C
57,0,0,1,246,green,7440,T2C
58,0,0,1,246,green,7440,T2C
59,0,0,1,246,green,7440,T2C
60,0,0,1,246,green,7440,T2C
61,0,0,1,246,green,7440,T2C
62,0,0,1,246,green,7440,T2C
63,0,0,1,246,green,7440,T2C
64,0,0,1,246,green,7440,T2C
65,0,0,1,246,green,7440,T2C
66,0,0,1,246,green,7440,T2C
67,0,0,1,246,green,7440,T2C
68,0,0,1,246,green,7440,T2C
69,0,0,1,246,green,7440,T2C
70,0,0,1,246,green,7440,T2C
71,0,0,1,246,green,7440,T2C
72,0,0,1,246,green,7440,T2C
73,0,0,1,246,green,7440,T2C
74,0,0,1,246,green,7440,T2C
75,0,0,1,246,green,7440,T2C
76,0,0,1,246,green,7440,T2C
77,0,0,1,246,green,7440,T2C
78,0,0,1,246,green,7440,T2C
79,0,0,1,246,green,7440,T2C
80,0,0,1,246,green,7440,T2C
81,0,0,1,246,green,7440,T2C
82,0,0,1,246,green,7440,T2C
83,0,0,1,246,green,7440,T2C
84,0,0,1,246,green,7440,T2C
85,0,0,1,246,green,7440,T2C
86,0,0,1,246,green,7440,T2C
87,0,0,1,246,green,7440,T2C
88,0,0,1,246,green,7440,T2C
89,0,0,1,246,green,7440,T2C
90,0,0,1,246,green,7440,T2C
91,0,0,1,246,green,7440,T2C
92,0,0,1,246,green,7440,T2C
93,0,0,1,246,green,7440,T2C
94,0,0,1,246,green,7440,T2C
95,0,0,1,246,green,7440,T2C
96,0,0,1,246,green,7440,T2C
97,0,0,1,246,green,7440,T2C
98,0,0,1,246,green,7440,T2C
99,0,0,1,246,green,7440,T2C
100,0,0,1,246,green,7440,T2C
101,0,0,1,246,green,7440,T2C
102,0,0,1,246,green,7440,T2C
103,0,0,1,246,green,7440,T2C
104,0,0,1,246,green,7440,T2C
105,0,0,1,246,green,7440,T2C
106,0,0,1,246,green,7440,T2C
107,0,0,1,246,green,7440,T2C
108,0,0,1,246,green,7440,T2C
109,0,0,1,246,green,7440,T2C
110,0,0,1,246,green,7440,T2C
111,0,0,1,246,green,7440,T2C
112,0,0,1,246,green,7440,T2C
113,0,0,1,246,green,7440,T2C
114,0,0,1,246,green,7440,T2C
115,0,0,1,246,green,7440,T2C
116,0,0,1,246,green,7440,T2C
117,0,0,1,246,green,7440,T2C
118,0,0,1,246,green,7440,T2C
119,0,0,1,246,green,7440,T2C
120,0,0,1,246,green,7440,T2C
121,0,0,1,246,green,7440,T2C
122,0,0,1,246,green,7440,T2C
123,0,0,1,246,green,7440,T2C
124,0,0,1,246,green,7440,T2C
125,0,0,1,246,green,7440,T2C
126,0,0,1,246,green,7440,T2C
127,0,0,1,246,green,7440,T2C
128,0,0,1,246,green,7440,T2C
129,0,0,1,246,green,7440,T2C
130,0,0,1,246,green,7440,T2C
131,0,0,1,246,green,7440,T2C
132,0,0,1,246,green,7440,T2C
133,0,0,1,246,green,7440,T2C
134,0,0,1,246,green,7440,T2C
135,0,0,1,246,green,7440,T2C
136,0,0,1,246,green,7440,T2C
137,0,0,1,246,green,7440,T2C
138,0,0,1,246,green,7440,T2C
139,0,0,1,246,green,7440,T2C
140,0,0,1,246,green,7440,T2C
141,0,0,1,246,green,7440,T2C
142,0,0,1,246,green,7440,T2C
143,0,0,1,246,green,7440,T2C
144,0,0,1,246,green,7440,T2C
145,0,0,1,246,green,7440,T2C
146,0,0,1,246,green,7440,T2C
147,0,0,1,246,green,7440,T2C
148,0,0,1,246,green,7440,T2C
149,0,0,1,246,green,7440,T2C
150,0,0,1,246,green,7440,T2C
151,0,0,1,246,green,7440,T2C
152,0,0,1,246,green,7440,T2C
153,0,0,1,246,green,7440,T2C
154,0,0,1,246,green,7440,T2C
155,0,0,1,246,green,7440,T2C
156,0,0,1,246,green,7440,T2C
157,0,0,1,246,green,7440,T2C
158,0,0,1,246,green,7440,T2C
159,0,0,1,246,green,7440,T2C
160,0,0,1,246,green,7440,T2C
161,0,0,1,246,green,7440,T2C
162,0,0,1,246,green,7440,T2C
163,0,0,1,246,green,7440,T2C
164,0,0,1,246,green,7440,T2C
165,0,0,1,246,green,7440,T2C
166,0,0,1,246,green,7440,T2C
167,0,0,1,246,green,7440,T2C
168,0,0,1,246,green,7440,T2C
169,0,0,1,246,green,7440,T2C
170,0,0,1,246,green,7440,T2C
171,0,0,1,246,green,7440,T2C
172,0,0,1,246,green,7440,T2C
173,0,0,1,246,green,7440,T2C
174,0,0,1,246,green,7440,T2C
175,0,0,1,246,green,7440,T2C
176,0,0,1,246,green,7440,T2C
177,0,1,0,246,green,7440,T2C
178,0,1,0,246,green,7440,T2C
179,0,1,0,246,green,7440,T2C
180,0,1,0,246,green,7440,T2C
181,0,1,0,246,green,7440,T2C
182,0,1,0,246,green,7440,T2C
183,0,1,0,246,green,7440,T2C
184,0,1,0,246,green,7440,T2C
185,0,1,0,246,green,7440,T2C
186,0,1,0,246,green,7440,T2C
187,0,1,0,246,green,7440,T2C
188,0,1,0,246,green,7440,T2C
189,0,1,0,246,green,7440,T2C
190,0,1,0,246,green,7440,T2C
191,0,1,0,246,green,7440,T2C
192,0,1,0,246,green,7440,T2C
193,0,1,0,246,green,7440,T2C
194,0,1,0,246,green,7440,T2C
195,0,1,0,246,green,7440,T2C
196,0,1,0,246,green,7440,T2C
197,0,1,0,246,green,7440,T2C
0,0,0,1,247,green,7564,T2C
1,0,0,1,247,green,7564,T2C
2,0,0,1,247,green,7564,T2C
3,0,0,1,247,green,7564,T2C
4,0,0,1,247,green,7564,T2C
5,0,0,1,247,green,7564,T2C
6,0,0,1,247,green,7564,T2C
7,0,0,1,247,green,7564,T2C
8,0,0,1,247,green,7564,T2C
9,0,0,1,247,green,7564,T2C
10,0,0,1,247,green,7564,T2C
11,0,0,1,247,green,7564,T2C
12,0,0,1,247,green,7564,T2C
13,0,0,1,247,green,7564,T2C
14,0,0,1,247,green,7564,T2C
15,0,0,1,247,green,7564,T2C
16,0,0,1,247,green,7564,T2C
17,0,0,1,247,green,7564,T2C
18,0,0,1,247,green,7564,T2C
19,0,1,0,247,green,7564,T2C
20,0,1,0,247,green,7564,T2C
21,0,1,0,247,green,7564,T2C
22,0,1,0,247,green,7564,T2C
23,0,1,0,247,green,7564,T2C
24,0,1,0,247,green,7564,T2C
25,0,1,0,247,green,7564,T2C
26,0,1,0,247,green,7564,T2C
27,0,1,0,247,green,7564,T2C
28,0,1,0,247,green,7564,T2C
29,0,1,0,247,green,7564,T2C
30,0,1,0,247,green,7564,T2C
31,0,1,0,247,green,7564,T2C
32,0,1,0,247,green,7564,T2C
33,0,1,0,247,green,7564,T2C
34,0,0,1,247,green,7564,T2C
35,0,0,1,247,green,7564,T2C
36,0,0,1,247,green,7564,T2C
37,0,0,1,247,green,7564,T2C
38,0,0,1,247,green,7564,T2C
39,1,0,0,247,green,7564,T2C
40,1,0,0,247,green,7564,T2C
41,1,0,0,247,green,7564,T2C
42,1,0,0,247,green,7564,T2C
43,1,0,0,247,green,7564,T2C
44,1,0,0,247,green,7564,T2C
45,1,0,0,247,green,7564,T2C
46,1,0,0,247,green,7564,T2C
47,1,0,0,247,green,7564,T2C
48,1,0,0,247,green,7564,T2C
49,1,0,0,247,green,7564,T2C
50,1,0,0,247,green,7564,T2C
51,1,0,0,247,green,7564,T2C
52,1,0,0,247,green,7564,T2C
53,1,0,0,247,green,7564,T2C
54,1,0,0,247,green,7564,T2C
55,1,0,0,247,green,7564,T2C
56,1,0,0,247,green,7564,T2C
57,1,0,0,247,green,7564,T2C
58,1,0,0,247,green,7564,T2C
59,1,0,0,247,green,7564,T2C
60,1,0,0,247,green,7564,T2C
61,1,0,0,247,green,7564,T2C
62,1,0,0,247,green,7564,T2C
63,0,0,1,247,green,7564,T2C
64,0,0,1,247,green,7564,T2C
65,0,1,0,247,green,7564,T2C
66,0,1,0,247,green,7564,T2C
67,0,1,0,247,green,7564,T2C
68,0,1,0,247,green,7564,T2C
69,0,1,0,247,green,7564,T2C
70,0,1,0,247,green,7564,T2C
71,0,1,0,247,green,7564,T2C
72,0,1,0,247,green,7564,T2C
73,0,1,0,247,green,7564,T2C
74,0,1,0,247,green,7564,T2C
75,0,1,0,247,green,7564,T2C
76,0,1,0,247,green,7564,T2C
77,0,1,0,247,green,7564,T2C
78,0,1,0,247,green,7564,T2C
79,0,1,0,247,green,7564,T2C
80,0,1,0,247,green,7564,T2C
81,0,1,0,247,green,7564,T2C
82,0,1,0,247,green,7564,T2C
83,0,1,0,247,green,7564,T2C
84,0,1,0,247,green,7564,T2C
85,0,1,0,247,green,7564,T2C
86,0,1,0,247,green,7564,T2C
87,0,1,0,247,green,7564,T2C
88,0,1,0,247,green,7564,T2C
89,0,0,1,247,green,7564,T2C
90,1,0,0,247,green,7564,T2C
91,1,0,0,247,green,7564,T2C
92,1,0,0,247,green,7564,T2C
93,1,0,0,247,green,7564,T2C
94,1,0,0,247,green,7564,T2C
95,1,0,0,247,green,7564,T2C
96,1,0,0,247,green,7564,T2C
97,1,0,0,247,green,7564,T2C
98,1,0,0,247,green,7564,T2C
99,1,0,0,247,green,7564,T2C
100,1,0,0,247,green,7564,T2C
101,0,0,1,247,green,7564,T2C
102,0,0,1,247,green,7564,T2C
103,0,0,1,247,green,7564,T2C
104,0,0,1,247,green,7564,T2C
105,0,1,0,247,green,7564,T2C
106,0,1,0,247,green,7564,T2C
107,0,1,0,247,green,7564,T2C
108,0,1,0,247,green,7564,T2C
109,0,1,0,247,green,7564,T2C
110,0,1,0,247,green,7564,T2C
111,0,1,0,247,green,7564,T2C
112,0,1,0,247,green,7564,T2C
113,0,1,0,247,green,7564,T2C
114,0,1,0,247,green,7564,T2C
115,0,1,0,247,green,7564,T2C
116,0,1,0,247,green,7564,T2C
117,0,1,0,247,green,7564,T2C
118,0,1,0,247,green,7564,T2C
119,0,1,0,247,green,7564,T2C
120,0,1,0,247,green,7564,T2C
121,0,1,0,247,green,7564,T2C
122,0,1,0,247,green,7564,T2C
123,0,1,0,247,green,7564,T2C
124,0,1,0,247,green,7564,T2C
125,0,1,0,247,green,7564,T2C
126,0,1,0,247,green,7564,T2C
127,0,1,0,247,green,7564,T2C
128,0,1,0,247,green,7564,T2C
129,0,1,0,247,green,7564,T2C
130,0,1,0,247,green,7564,T2C
131,0,1,0,247,green,7564,T2C
132,0,1,0,247,green,7564,T2C
133,0,1,0,247,green,7564,T2C
134,0,1,0,247,green,7564,T2C
135,0,1,0,247,green,7564,T2C
136,0,1,0,247,green,7564,T2C
137,0,1,0,247,green,7564,T2C
138,0,1,0,247,green,7564,T2C
139,0,1,0,247,green,7564,T2C
140,0,1,0,247,green,7564,T2C
141,0,1,0,247,green,7564,T2C
142,0,1,0,247,green,7564,T2C
143,0,1,0,247,green,7564,T2C
144,0,1,0,247,green,7564,T2C
145,0,1,0,247,green,7564,T2C
146,0,1,0,247,green,7564,T2C
147,0,1,0,247,green,7564,T2C
148,0,1,0,247,green,7564,T2C
149,0,1,0,247,green,7564,T2C
150,0,1,0,247,green,7564,T2C
151,0,1,0,247,green,7564,T2C
152,0,1,0,247,green,7564,T2C
153,0,1,0,247,green,7564,T2C
154,0,1,0,247,green,7564,T2C
155,0,1,0,247,green,7564,T2C
156,0,1,0,247,green,7564,T2C
157,0,1,0,247,green,7564,T2C
158,0,1,0,247,green,7564,T2C
159,0,1,0,247,green,7564,T2C
160,0,1,0,247,green,7564,T2C
161,0,1,0,247,green,7564,T2C
162,0,1,0,247,green,7564,T2C
163,0,1,0,247,green,7564,T2C
164,0,1,0,247,green,7564,T2C
165,0,1,0,247,green,7564,T2C
166,0,1,0,247,green,7564,T2C
167,0,1,0,247,green,7564,T2C
168,0,1,0,247,green,7564,T2C
169,0,1,0,247,green,7564,T2C
170,0,1,0,247,green,7564,T2C
171,0,1,0,247,green,7564,T2C
172,0,1,0,247,green,7564,T2C
173,0,1,0,247,green,7564,T2C
174,0,1,0,247,green,7564,T2C
175,0,1,0,247,green,7564,T2C
176,0,1,0,247,green,7564,T2C
177,0,1,0,247,green,7564,T2C
178,0,1,0,247,green,7564,T2C
179,0,1,0,247,green,7564,T2C
180,0,1,0,247,green,7564,T2C
181,0,1,0,247,green,7564,T2C
182,0,1,0,247,green,7564,T2C
183,0,1,0,247,green,7564,T2C
184,0,1,0,247,green,7564,T2C
185,0,1,0,247,green,7564,T2C
186,0,1,0,247,green,7564,T2C
187,0,1,0,247,green,7564,T2C
188,0,1,0,247,green,7564,T2C
189,0,1,0,247,green,7564,T2C
190,0,1,0,247,green,7564,T2C
191,0,1,0,247,green,7564,T2C
192,0,1,0,247,green,7564,T2C
193,0,1,0,247,green,7564,T2C
194,0,1,0,247,green,7564,T2C
195,0,1,0,247,green,7564,T2C
196,0,1,0,247,green,7564,T2C
197,0,1,0,247,green,7564,T2C
0,0,0,1,248,green,7868,T2C
1,0,0,1,248,green,7868,T2C
2,0,0,1,248,green,7868,T2C
3,0,0,1,248,green,7868,T2C
4,0,0,1,248,green,7868,T2C
5,0,0,1,248,green,7868,T2C
6,0,0,1,248,green,7868,T2C
7,0,0,1,248,green,7868,T2C
8,0,0,1,248,green,7868,T2C
9,0,0,1,248,green,7868,T2C
10,0,0,1,248,green,7868,T2C
11,0,0,1,248,green,7868,T2C
12,0,0,1,248,green,7868,T2C
13,0,0,1,248,green,7868,T2C
14,0,0,1,248,green,7868,T2C
15,0,0,1,248,green,7868,T2C
16,0,0,1,248,green,7868,T2C
17,0,0,1,248,green,7868,T2C
18,0,0,1,248,green,7868,T2C
19,0,0,1,248,green,7868,T2C
20,0,0,1,248,green,7868,T2C
21,0,0,1,248,green,7868,T2C
22,0,0,1,248,green,7868,T2C
23,0,0,1,248,green,7868,T2C
24,0,0,1,248,green,7868,T2C
25,0,0,1,248,green,7868,T2C
26,0,0,1,248,green,7868,T2C
27,0,0,1,248,green,7868,T2C
28,0,0,1,248,green,7868,T2C
29,0,0,1,248,green,7868,T2C
30,0,0,1,248,green,7868,T2C
31,0,0,1,248,green,7868,T2C
32,0,0,1,248,green,7868,T2C
33,0,0,1,248,green,7868,T2C
34,0,0,1,248,green,7868,T2C
35,0,0,1,248,green,7868,T2C
36,0,0,1,248,green,7868,T2C
37,0,0,1,248,green,7868,T2C
38,0,0,1,248,green,7868,T2C
39,0,0,1,248,green,7868,T2C
40,0,0,1,248,green,7868,T2C
41,0,0,1,248,green,7868,T2C
42,0,0,1,248,green,7868,T2C
43,0,1,0,248,green,7868,T2C
44,0,1,0,248,green,7868,T2C
45,0,1,0,248,green,7868,T2C
46,0,1,0,248,green,7868,T2C
47,0,1,0,248,green,7868,T2C
48,0,1,0,248,green,7868,T2C
49,0,1,0,248,green,7868,T2C
50,0,1,0,248,green,7868,T2C
51,0,1,0,248,green,7868,T2C
52,0,1,0,248,green,7868,T2C
53,0,1,0,248,green,7868,T2C
54,0,1,0,248,green,7868,T2C
55,0,1,0,248,green,7868,T2C
56,0,1,0,248,green,7868,T2C
57,0,1,0,248,green,7868,T2C
58,0,1,0,248,green,7868,T2C
59,0,1,0,248,green,7868,T2C
60,0,1,0,248,green,7868,T2C
61,0,1,0,248,green,7868,T2C
62,0,1,0,248,green,7868,T2C
63,0,1,0,248,green,7868,T2C
64,0,1,0,248,green,7868,T2C
65,0,1,0,248,green,7868,T2C
66,0,1,0,248,green,7868,T2C
67,0,1,0,248,green,7868,T2C
68,0,1,0,248,green,7868,T2C
69,0,1,0,248,green,7868,T2C
70,0,1,0,248,green,7868,T2C
71,0,1,0,248,green,7868,T2C
72,0,1,0,248,green,7868,T2C
73,0,1,0,248,green,7868,T2C
74,0,1,0,248,green,7868,T2C
75,0,1,0,248,green,7868,T2C
76,0,1,0,248,green,7868,T2C
77,0,1,0,248,green,7868,T2C
78,0,1,0,248,green,7868,T2C
79,0,1,0,248,green,7868,T2C
80,0,1,0,248,green,7868,T2C
81,0,1,0,248,green,7868,T2C
82,0,1,0,248,green,7868,T2C
83,0,1,0,248,green,7868,T2C
84,0,1,0,248,green,7868,T2C
85,0,1,0,248,green,7868,T2C
86,0,1,0,248,green,7868,T2C
87,0,1,0,248,green,7868,T2C
88,0,1,0,248,green,7868,T2C
89,0,1,0,248,green,7868,T2C
90,0,1,0,248,green,7868,T2C
91,0,1,0,248,green,7868,T2C
92,0,1,0,248,green,7868,T2C
93,0,1,0,248,green,7868,T2C
94,0,1,0,248,green,7868,T2C
95,0,1,0,248,green,7868,T2C
96,0,1,0,248,green,7868,T2C
97,0,1,0,248,green,7868,T2C
98,0,1,0,248,green,7868,T2C
99,0,1,0,248,green,7868,T2C
100,0,1,0,248,green,7868,T2C
101,0,1,0,248,green,7868,T2C
102,0,1,0,248,green,7868,T2C
103,0,1,0,248,green,7868,T2C
104,0,1,0,248,green,7868,T2C
105,0,1,0,248,green,7868,T2C
106,0,1,0,248,green,7868,T2C
107,0,1,0,248,green,7868,T2C
108,0,1,0,248,green,7868,T2C
109,0,1,0,248,green,7868,T2C
110,0,1,0,248,green,7868,T2C
111,0,1,0,248,green,7868,T2C
112,0,1,0,248,green,7868,T2C
113,0,1,0,248,green,7868,T2C
114,0,1,0,248,green,7868,T2C
115,0,1,0,248,green,7868,T2C
116,0,1,0,248,green,7868,T2C
117,0,1,0,248,green,7868,T2C
118,0,1,0,248,green,7868,T2C
119,0,1,0,248,green,7868,T2C
120,0,1,0,248,green,7868,T2C
121,0,1,0,248,green,7868,T2C
122,0,1,0,248,green,7868,T2C
123,0,1,0,248,green,7868,T2C
124,0,1,0,248,green,7868,T2C
125,0,1,0,248,green,7868,T2C
126,0,1,0,248,green,7868,T2C
127,0,1,0,248,green,7868,T2C
128,0,1,0,248,green,7868,T2C
129,0,1,0,248,green,7868,T2C
130,0,1,0,248,green,7868,T2C
131,0,1,0,248,green,7868,T2C
132,0,1,0,248,green,7868,T2C
133,0,1,0,248,green,7868,T2C
134,0,1,0,248,green,7868,T2C
135,0,1,0,248,green,7868,T2C
136,0,1,0,248,green,7868,T2C
137,0,1,0,248,green,7868,T2C
138,0,1,0,248,green,7868,T2C
139,0,1,0,248,green,7868,T2C
140,0,1,0,248,green,7868,T2C
141,0,1,0,248,green,7868,T2C
142,0,1,0,248,green,7868,T2C
143,0,1,0,248,green,7868,T2C
144,0,1,0,248,green,7868,T2C
145,0,1,0,248,green,7868,T2C
146,0,1,0,248,green,7868,T2C
147,0,1,0,248,green,7868,T2C
148,0,1,0,248,green,7868,T2C
149,0,1,0,248,green,7868,T2C
150,0,1,0,248,green,7868,T2C
151,0,1,0,248,green,7868,T2C
152,0,1,0,248,green,7868,T2C
153,0,1,0,248,green,7868,T2C
154,0,1,0,248,green,7868,T2C
155,0,1,0,248,green,7868,T2C
156,0,1,0,248,green,7868,T2C
157,0,1,0,248,green,7868,T2C
158,0,1,0,248,green,7868,T2C
159,0,1,0,248,green,7868,T2C
160,0,1,0,248,green,7868,T2C
161,0,1,0,248,green,7868,T2C
162,0,1,0,248,green,7868,T2C
163,0,1,0,248,green,7868,T2C
164,0,1,0,248,green,7868,T2C
165,0,1,0,248,green,7868,T2C
166,0,1,0,248,green,7868,T2C
167,0,1,0,248,green,7868,T2C
168,0,1,0,248,green,7868,T2C
169,0,1,0,248,green,7868,T2C
170,0,1,0,248,green,7868,T2C
171,0,1,0,248,green,7868,T2C
172,0,1,0,248,green,7868,T2C
173,0,1,0,248,green,7868,T2C
174,0,1,0,248,green,7868,T2C
175,0,1,0,248,green,7868,T2C
176,0,1,0,248,green,7868,T2C
177,0,1,0,248,green,7868,T2C
178,0,1,0,248,green,7868,T2C
179,0,1,0,248,green,7868,T2C
180,0,1,0,248,green,7868,T2C
181,0,1,0,248,green,7868,T2C
182,0,1,0,248,green,7868,T2C
183,0,1,0,248,green,7868,T2C
184,0,1,0,248,green,7868,T2C
185,0,1,0,248,green,7868,T2C
186,0,1,0,248,green,7868,T2C
187,0,1,0,248,green,7868,T2C
188,0,1,0,248,green,7868,T2C
189,0,1,0,248,green,7868,T2C
190,0,1,0,248,green,7868,T2C
191,0,1,0,248,green,7868,T2C
192,0,1,0,248,green,7868,T2C
193,0,1,0,248,green,7868,T2C
194,0,1,0,248,green,7868,T2C
195,0,1,0,248,green,7868,T2C
196,0,1,0,248,green,7868,T2C
197,0,1,0,248,green,7868,T2C
0,0,0,1,249,green,6633,T2C
1,0,0,1,249,green,6633,T2C
2,0,0,1,249,green,6633,T2C
3,0,0,1,249,green,6633,T2C
4,0,0,1,249,green,6633,T2C
5,0,0,1,249,green,6633,T2C
6,0,0,1,249,green,6633,T2C
7,0,0,1,249,green,6633,T2C
8,0,0,1,249,green,6633,T2C
9,0,0,1,249,green,6633,T2C
10,0,0,1,249,green,6633,T2C
11,0,0,1,249,green,6633,T2C
12,0,0,1,249,green,6633,T2C
13,0,0,1,249,green,6633,T2C
14,0,0,1,249,green,6633,T2C
15,0,0,1,249,green,6633,T2C
16,0,0,1,249,green,6633,T2C
17,0,0,1,249,green,6633,T2C
18,0,0,1,249,green,6633,T2C
19,0,0,1,249,green,6633,T2C
20,0,0,1,249,green,6633,T2C
21,0,0,1,249,green,6633,T2C
22,0,0,1,249,green,6633,T2C
23,0,0,1,249,green,6633,T2C
24,0,0,1,249,green,6633,T2C
25,0,0,1,249,green,6633,T2C
26,0,0,1,249,green,6633,T2C
27,0,0,1,249,green,6633,T2C
28,0,0,1,249,green,6633,T2C
29,0,0,1,249,green,6633,T2C
30,0,0,1,249,green,6633,T2C
31,0,0,1,249,green,6633,T2C
32,0,0,1,249,green,6633,T2C
33,0,0,1,249,green,6633,T2C
34,0,0,1,249,green,6633,T2C
35,0,0,1,249,green,6633,T2C
36,0,0,1,249,green,6633,T2C
37,0,0,1,249,green,6633,T2C
38,0,0,1,249,green,6633,T2C
39,0,0,1,249,green,6633,T2C
40,0,0,1,249,green,6633,T2C
41,0,0,1,249,green,6633,T2C
42,0,0,1,249,green,6633,T2C
43,0,0,1,249,green,6633,T2C
44,0,0,1,249,green,6633,T2C
45,0,0,1,249,green,6633,T2C
46,0,0,1,249,green,6633,T2C
47,0,0,1,249,green,6633,T2C
48,0,0,1,249,green,6633,T2C
49,0,0,1,249,green,6633,T2C
50,0,0,1,249,green,6633,T2C
51,0,0,1,249,green,6633,T2C
52,0,0,1,249,green,6633,T2C
53,0,0,1,249,green,6633,T2C
54,0,0,1,249,green,6633,T2C
55,0,0,1,249,green,6633,T2C
56,0,0,1,249,green,6633,T2C
57,0,0,1,249,green,6633,T2C
58,0,0,1,249,green,6633,T2C
59,0,0,1,249,green,6633,T2C
60,0,0,1,249,green,6633,T2C
61,0,0,1,249,green,6633,T2C
62,0,0,1,249,green,6633,T2C
63,0,0,1,249,green,6633,T2C
64,0,0,1,249,green,6633,T2C
65,0,0,1,249,green,6633,T2C
66,0,0,1,249,green,6633,T2C
67,0,0,1,249,green,6633,T2C
68,0,0,1,249,green,6633,T2C
69,0,0,1,249,green,6633,T2C
70,0,0,1,249,green,6633,T2C
71,0,0,1,249,green,6633,T2C
72,0,0,1,249,green,6633,T2C
73,0,0,1,249,green,6633,T2C
74,0,0,1,249,green,6633,T2C
75,0,0,1,249,green,6633,T2C
76,0,0,1,249,green,6633,T2C
77,0,0,1,249,green,6633,T2C
78,0,0,1,249,green,6633,T2C
79,0,0,1,249,green,6633,T2C
80,0,0,1,249,green,6633,T2C
81,0,0,1,249,green,6633,T2C
82,0,0,1,249,green,6633,T2C
83,0,0,1,249,green,6633,T2C
84,0,0,1,249,green,6633,T2C
85,0,0,1,249,green,6633,T2C
86,0,0,1,249,green,6633,T2C
87,0,0,1,249,green,6633,T2C
88,0,0,1,249,green,6633,T2C
89,0,0,1,249,green,6633,T2C
90,0,0,1,249,green,6633,T2C
91,0,0,1,249,green,6633,T2C
92,0,0,1,249,green,6633,T2C
93,0,0,1,249,green,6633,T2C
94,0,0,1,249,green,6633,T2C
95,0,0,1,249,green,6633,T2C
96,0,0,1,249,green,6633,T2C
97,0,0,1,249,green,6633,T2C
98,0,0,1,249,green,6633,T2C
99,0,0,1,249,green,6633,T2C
100,0,0,1,249,green,6633,T2C
101,0,0,1,249,green,6633,T2C
102,1,0,0,249,green,6633,T2C
103,1,0,0,249,green,6633,T2C
104,1,0,0,249,green,6633,T2C
105,1,0,0,249,green,6633,T2C
106,1,0,0,249,green,6633,T2C
107,1,0,0,249,green,6633,T2C
108,1,0,0,249,green,6633,T2C
109,1,0,0,249,green,6633,T2C
110,1,0,0,249,green,6633,T2C
111,1,0,0,249,green,6633,T2C
112,1,0,0,249,green,6633,T2C
113,1,0,0,249,green,6633,T2C
114,1,0,0,249,green,6633,T2C
115,1,0,0,249,green,6633,T2C
116,1,0,0,249,green,6633,T2C
117,1,0,0,249,green,6633,T2C
118,1,0,0,249,green,6633,T2C
119,1,0,0,249,green,6633,T2C
120,1,0,0,249,green,6633,T2C
121,1,0,0,249,green,6633,T2C
122,1,0,0,249,green,6633,T2C
123,1,0,0,249,green,6633,T2C
124,1,0,0,249,green,6633,T2C
125,1,0,0,249,green,6633,T2C
126,1,0,0,249,green,6633,T2C
127,1,0,0,249,green,6633,T2C
128,1,0,0,249,green,6633,T2C
129,1,0,0,249,green,6633,T2C
130,1,0,0,249,green,6633,T2C
131,1,0,0,249,green,6633,T2C
132,1,0,0,249,green,6633,T2C
133,1,0,0,249,green,6633,T2C
134,1,0,0,249,green,6633,T2C
135,1,0,0,249,green,6633,T2C
136,1,0,0,249,green,6633,T2C
137,1,0,0,249,green,6633,T2C
138,1,0,0,249,green,6633,T2C
139,1,0,0,249,green,6633,T2C
140,1,0,0,249,green,6633,T2C
141,1,0,0,249,green,6633,T2C
142,1,0,0,249,green,6633,T2C
143,1,0,0,249,green,6633,T2C
144,1,0,0,249,green,6633,T2C
145,1,0,0,249,green,6633,T2C
146,1,0,0,249,green,6633,T2C
147,1,0,0,249,green,6633,T2C
148,1,0,0,249,green,6633,T2C
149,1,0,0,249,green,6633,T2C
150,1,0,0,249,green,6633,T2C
151,1,0,0,249,green,6633,T2C
152,1,0,0,249,green,6633,T2C
153,1,0,0,249,green,6633,T2C
154,1,0,0,249,green,6633,T2C
155,1,0,0,249,green,6633,T2C
156,1,0,0,249,green,6633,T2C
157,1,0,0,249,green,6633,T2C
158,1,0,0,249,green,6633,T2C
159,1,0,0,249,green,6633,T2C
160,1,0,0,249,green,6633,T2C
161,1,0,0,249,green,6633,T2C
162,1,0,0,249,green,6633,T2C
163,1,0,0,249,green,6633,T2C
164,1,0,0,249,green,6633,T2C
165,1,0,0,249,green,6633,T2C
166,1,0,0,249,green,6633,T2C
167,1,0,0,249,green,6633,T2C
168,1,0,0,249,green,6633,T2C
169,1,0,0,249,green,6633,T2C
170,1,0,0,249,green,6633,T2C
171,1,0,0,249,green,6633,T2C
172,1,0,0,249,green,6633,T2C
173,0,0,1,249,green,6633,T2C
174,0,1,0,249,green,6633,T2C
175,0,1,0,249,green,6633,T2C
176,0,1,0,249,green,6633,T2C
177,0,1,0,249,green,6633,T2C
178,0,1,0,249,green,6633,T2C
179,0,1,0,249,green,6633,T2C
180,0,1,0,249,green,6633,T2C
181,0,1,0,249,green,6633,T2C
182,0,1,0,249,green,6633,T2C
183,0,1,0,249,green,6633,T2C
184,0,1,0,249,green,6633,T2C
185,0,1,0,249,green,6633,T2C
186,0,1,0,249,green,6633,T2C
187,0,1,0,249,green,6633,T2C
188,0,1,0,249,green,6633,T2C
189,0,1,0,249,green,6633,T2C
190,0,1,0,249,green,6633,T2C
191,0,1,0,249,green,6633,T2C
192,0,1,0,249,green,6633,T2C
193,0,1,0,249,green,6633,T2C
194,0,1,0,249,green,6633,T2C
195,0,1,0,249,green,6633,T2C
196,0,1,0,249,green,6633,T2C
197,0,1,0,249,green,6633,T2C
0,0,0,1,250,green,7447,T2C
1,0,0,1,250,green,7447,T2C
2,0,0,1,250,green,7447,T2C
3,0,0,1,250,green,7447,T2C
4,0,0,1,250,green,7447,T2C
5,0,0,1,250,green,7447,T2C
6,0,0,1,250,green,7447,T2C
7,0,0,1,250,green,7447,T2C
8,0,0,1,250,green,7447,T2C
9,0,0,1,250,green,7447,T2C
10,0,0,1,250,green,7447,T2C
11,0,0,1,250,green,7447,T2C
12,0,0,1,250,green,7447,T2C
13,0,0,1,250,green,7447,T2C
14,0,0,1,250,green,7447,T2C
15,0,0,1,250,green,7447,T2C
16,0,0,1,250,green,7447,T2C
17,0,0,1,250,green,7447,T2C
18,0,0,1,250,green,7447,T2C
19,0,0,1,250,green,7447,T2C
20,0,0,1,250,green,7447,T2C
21,0,0,1,250,green,7447,T2C
22,0,0,1,250,green,7447,T2C
23,0,0,1,250,green,7447,T2C
24,0,0,1,250,green,7447,T2C
25,0,0,1,250,green,7447,T2C
26,0,0,1,250,green,7447,T2C
27,0,0,1,250,green,7447,T2C
28,0,0,1,250,green,7447,T2C
29,0,0,1,250,green,7447,T2C
30,0,0,1,250,green,7447,T2C
31,0,0,1,250,green,7447,T2C
32,0,0,1,250,green,7447,T2C
33,0,0,1,250,green,7447,T2C
34,0,0,1,250,green,7447,T2C
35,0,0,1,250,green,7447,T2C
36,0,0,1,250,green,7447,T2C
37,0,0,1,250,green,7447,T2C
38,0,0,1,250,green,7447,T2C
39,0,0,1,250,green,7447,T2C
40,0,0,1,250,green,7447,T2C
41,0,0,1,250,green,7447,T2C
42,0,0,1,250,green,7447,T2C
43,0,0,1,250,green,7447,T2C
44,0,0,1,250,green,7447,T2C
45,0,0,1,250,green,7447,T2C
46,0,1,0,250,green,7447,T2C
47,0,1,0,250,green,7447,T2C
48,0,1,0,250,green,7447,T2C
49,0,1,0,250,green,7447,T2C
50,0,1,0,250,green,7447,T2C
51,0,1,0,250,green,7447,T2C
52,0,1,0,250,green,7447,T2C
53,0,1,0,250,green,7447,T2C
54,0,1,0,250,green,7447,T2C
55,0,1,0,250,green,7447,T2C
56,0,1,0,250,green,7447,T2C
57,0,1,0,250,green,7447,T2C
58,0,1,0,250,green,7447,T2C
59,0,1,0,250,green,7447,T2C
60,0,1,0,250,green,7447,T2C
61,0,1,0,250,green,7447,T2C
62,0,1,0,250,green,7447,T2C
63,0,1,0,250,green,7447,T2C
64,0,1,0,250,green,7447,T2C
65,0,1,0,250,green,7447,T2C
66,0,1,0,250,green,7447,T2C
67,0,0,1,250,green,7447,T2C
68,0,0,1,250,green,7447,T2C
69,0,0,1,250,green,7447,T2C
70,0,0,1,250,green,7447,T2C
71,0,0,1,250,green,7447,T2C
72,0,0,1,250,green,7447,T2C
73,0,0,1,250,green,7447,T2C
74,0,0,1,250,green,7447,T2C
75,0,0,1,250,green,7447,T2C
76,0,0,1,250,green,7447,T2C
77,0,0,1,250,green,7447,T2C
78,0,0,1,250,green,7447,T2C
79,0,0,1,250,green,7447,T2C
80,1,0,0,250,green,7447,T2C
81,1,0,0,250,green,7447,T2C
82,1,0,0,250,green,7447,T2C
83,1,0,0,250,green,7447,T2C
84,1,0,0,250,green,7447,T2C
85,1,0,0,250,green,7447,T2C
86,1,0,0,250,green,7447,T2C
87,1,0,0,250,green,7447,T2C
88,1,0,0,250,green,7447,T2C
89,1,0,0,250,green,7447,T2C
90,1,0,0,250,green,7447,T2C
91,1,0,0,250,green,7447,T2C
92,1,0,0,250,green,7447,T2C
93,1,0,0,250,green,7447,T2C
94,1,0,0,250,green,7447,T2C
95,1,0,0,250,green,7447,T2C
96,1,0,0,250,green,7447,T2C
97,1,0,0,250,green,7447,T2C
98,1,0,0,250,green,7447,T2C
99,1,0,0,250,green,7447,T2C
100,1,0,0,250,green,7447,T2C
101,1,0,0,250,green,7447,T2C
102,1,0,0,250,green,7447,T2C
103,1,0,0,250,green,7447,T2C
104,1,0,0,250,green,7447,T2C
105,1,0,0,250,green,7447,T2C
106,1,0,0,250,green,7447,T2C
107,1,0,0,250,green,7447,T2C
108,1,0,0,250,green,7447,T2C
109,1,0,0,250,green,7447,T2C
110,1,0,0,250,green,7447,T2C
111,1,0,0,250,green,7447,T2C
112,1,0,0,250,green,7447,T2C
113,1,0,0,250,green,7447,T2C
114,1,0,0,250,green,7447,T2C
115,1,0,0,250,green,7447,T2C
116,1,0,0,250,green,7447,T2C
117,1,0,0,250,green,7447,T2C
118,1,0,0,250,green,7447,T2C
119,1,0,0,250,green,7447,T2C
120,1,0,0,250,green,7447,T2C
121,1,0,0,250,green,7447,T2C
122,1,0,0,250,green,7447,T2C
123,1,0,0,250,green,7447,T2C
124,1,0,0,250,green,7447,T2C
125,1,0,0,250,green,7447,T2C
126,1,0,0,250,green,7447,T2C
127,1,0,0,250,green,7447,T2C
128,1,0,0,250,green,7447,T2C
129,1,0,0,250,green,7447,T2C
130,1,0,0,250,green,7447,T2C
131,1,0,0,250,green,7447,T2C
132,1,0,0,250,green,7447,T2C
133,1,0,0,250,green,7447,T2C
134,1,0,0,250,green,7447,T2C
135,1,0,0,250,green,7447,T2C
136,1,0,0,250,green,7447,T2C
137,1,0,0,250,green,7447,T2C
138,1,0,0,250,green,7447,T2C
139,1,0,0,250,green,7447,T2C
140,1,0,0,250,green,7447,T2C
141,1,0,0,250,green,7447,T2C
142,1,0,0,250,green,7447,T2C
143,1,0,0,250,green,7447,T2C
144,1,0,0,250,green,7447,T2C
145,1,0,0,250,green,7447,T2C
146,1,0,0,250,green,7447,T2C
147,1,0,0,250,green,7447,T2C
148,1,0,0,250,green,7447,T2C
149,1,0,0,250,green,7447,T2C
150,1,0,0,250,green,7447,T2C
151,1,0,0,250,green,7447,T2C
152,1,0,0,250,green,7447,T2C
153,1,0,0,250,green,7447,T2C
154,1,0,0,250,green,7447,T2C
155,1,0,0,250,green,7447,T2C
156,1,0,0,250,green,7447,T2C
157,1,0,0,250,green,7447,T2C
158,1,0,0,250,green,7447,T2C
159,1,0,0,250,green,7447,T2C
160,1,0,0,250,green,7447,T2C
161,1,0,0,250,green,7447,T2C
162,1,0,0,250,green,7447,T2C
163,1,0,0,250,green,7447,T2C
164,1,0,0,250,green,7447,T2C
165,1,0,0,250,green,7447,T2C
166,1,0,0,250,green,7447,T2C
167,1,0,0,250,green,7447,T2C
168,1,0,0,250,green,7447,T2C
169,1,0,0,250,green,7447,T2C
170,1,0,0,250,green,7447,T2C
171,1,0,0,250,green,7447,T2C
172,1,0,0,250,green,7447,T2C
173,1,0,0,250,green,7447,T2C
174,1,0,0,250,green,7447,T2C
175,1,0,0,250,green,7447,T2C
176,1,0,0,250,green,7447,T2C
177,1,0,0,250,green,7447,T2C
178,1,0,0,250,green,7447,T2C
179,1,0,0,250,green,7447,T2C
180,1,0,0,250,green,7447,T2C
181,1,0,0,250,green,7447,T2C
182,1,0,0,250,green,7447,T2C
183,1,0,0,250,green,7447,T2C
184,1,0,0,250,green,7447,T2C
185,1,0,0,250,green,7447,T2C
186,1,0,0,250,green,7447,T2C
187,1,0,0,250,green,7447,T2C
188,1,0,0,250,green,7447,T2C
189,1,0,0,250,green,7447,T2C
190,1,0,0,250,green,7447,T2C
191,1,0,0,250,green,7447,T2C
192,1,0,0,250,green,7447,T2C
193,0,0,1,250,green,7447,T2C
194,0,0,1,250,green,7447,T2C
195,0,0,1,250,green,7447,T2C
196,0,0,1,250,green,7447,T2C
197,0,0,1,250,green,7447,T2C
0,0,0,1,252,green,10534,T2C
1,0,0,1,252,green,10534,T2C
2,0,0,1,252,green,10534,T2C
3,0,0,1,252,green,10534,T2C
4,0,0,1,252,green,10534,T2C
5,0,0,1,252,green,10534,T2C
6,0,0,1,252,green,10534,T2C
7,0,0,1,252,green,10534,T2C
8,0,0,1,252,green,10534,T2C
9,0,0,1,252,green,10534,T2C
10,0,0,1,252,green,10534,T2C
11,0,0,1,252,green,10534,T2C
12,0,0,1,252,green,10534,T2C
13,0,0,1,252,green,10534,T2C
14,0,0,1,252,green,10534,T2C
15,0,0,1,252,green,10534,T2C
16,0,0,1,252,green,10534,T2C
17,0,0,1,252,green,10534,T2C
18,0,0,1,252,green,10534,T2C
19,0,0,1,252,green,10534,T2C
20,0,0,1,252,green,10534,T2C
21,0,0,1,252,green,10534,T2C
22,0,0,1,252,green,10534,T2C
23,0,0,1,252,green,10534,T2C
24,0,0,1,252,green,10534,T2C
25,0,0,1,252,green,10534,T2C
26,0,0,1,252,green,10534,T2C
27,0,0,1,252,green,10534,T2C
28,0,0,1,252,green,10534,T2C
29,0,0,1,252,green,10534,T2C
30,0,0,1,252,green,10534,T2C
31,0,0,1,252,green,10534,T2C
32,0,0,1,252,green,10534,T2C
33,0,0,1,252,green,10534,T2C
34,0,0,1,252,green,10534,T2C
35,0,0,1,252,green,10534,T2C
36,0,0,1,252,green,10534,T2C
37,0,0,1,252,green,10534,T2C
38,0,0,1,252,green,10534,T2C
39,0,0,1,252,green,10534,T2C
40,0,0,1,252,green,10534,T2C
41,0,0,1,252,green,10534,T2C
42,0,0,1,252,green,10534,T2C
43,0,0,1,252,green,10534,T2C
44,0,0,1,252,green,10534,T2C
45,0,0,1,252,green,10534,T2C
46,0,0,1,252,green,10534,T2C
47,0,0,1,252,green,10534,T2C
48,0,0,1,252,green,10534,T2C
49,0,0,1,252,green,10534,T2C
50,0,0,1,252,green,10534,T2C
51,0,0,1,252,green,10534,T2C
52,0,0,1,252,green,10534,T2C
53,0,0,1,252,green,10534,T2C
54,0,0,1,252,green,10534,T2C
55,0,0,1,252,green,10534,T2C
56,0,0,1,252,green,10534,T2C
57,0,0,1,252,green,10534,T2C
58,0,0,1,252,green,10534,T2C
59,0,0,1,252,green,10534,T2C
60,0,0,1,252,green,10534,T2C
61,0,0,1,252,green,10534,T2C
62,0,0,1,252,green,10534,T2C
63,0,0,1,252,green,10534,T2C
64,0,0,1,252,green,10534,T2C
65,0,0,1,252,green,10534,T2C
66,0,0,1,252,green,10534,T2C
67,0,0,1,252,green,10534,T2C
68,0,0,1,252,green,10534,T2C
69,0,0,1,252,green,10534,T2C
70,0,0,1,252,green,10534,T2C
71,0,0,1,252,green,10534,T2C
72,0,0,1,252,green,10534,T2C
73,0,0,1,252,green,10534,T2C
74,0,0,1,252,green,10534,T2C
75,0,0,1,252,green,10534,T2C
76,0,0,1,252,green,10534,T2C
77,0,0,1,252,green,10534,T2C
78,0,0,1,252,green,10534,T2C
79,0,0,1,252,green,10534,T2C
80,0,0,1,252,green,10534,T2C
81,0,0,1,252,green,10534,T2C
82,0,0,1,252,green,10534,T2C
83,0,0,1,252,green,10534,T2C
84,0,0,1,252,green,10534,T2C
85,0,0,1,252,green,10534,T2C
86,0,0,1,252,green,10534,T2C
87,0,0,1,252,green,10534,T2C
88,0,0,1,252,green,10534,T2C
89,0,0,1,252,green,10534,T2C
90,0,0,1,252,green,10534,T2C
91,0,0,1,252,green,10534,T2C
92,0,0,1,252,green,10534,T2C
93,0,0,1,252,green,10534,T2C
94,0,0,1,252,green,10534,T2C
95,0,0,1,252,green,10534,T2C
96,0,0,1,252,green,10534,T2C
97,0,0,1,252,green,10534,T2C
98,0,0,1,252,green,10534,T2C
99,0,0,1,252,green,10534,T2C
100,0,0,1,252,green,10534,T2C
101,0,0,1,252,green,10534,T2C
102,0,0,1,252,green,10534,T2C
103,0,0,1,252,green,10534,T2C
104,0,0,1,252,green,10534,T2C
105,0,0,1,252,green,10534,T2C
106,0,0,1,252,green,10534,T2C
107,0,0,1,252,green,10534,T2C
108,0,0,1,252,green,10534,T2C
109,0,0,1,252,green,10534,T2C
110,0,0,1,252,green,10534,T2C
111,0,0,1,252,green,10534,T2C
112,0,0,1,252,green,10534,T2C
113,0,0,1,252,green,10534,T2C
114,0,0,1,252,green,10534,T2C
115,0,0,1,252,green,10534,T2C
116,0,0,1,252,green,10534,T2C
117,0,0,1,252,green,10534,T2C
118,0,0,1,252,green,10534,T2C
119,0,0,1,252,green,10534,T2C
120,0,0,1,252,green,10534,T2C
121,0,0,1,252,green,10534,T2C
122,0,0,1,252,green,10534,T2C
123,0,0,1,252,green,10534,T2C
124,0,0,1,252,green,10534,T2C
125,0,0,1,252,green,10534,T2C
126,0,0,1,252,green,10534,T2C
127,0,0,1,252,green,10534,T2C
128,0,0,1,252,green,10534,T2C
129,0,0,1,252,green,10534,T2C
130,0,0,1,252,green,10534,T2C
131,0,0,1,252,green,10534,T2C
132,0,0,1,252,green,10534,T2C
133,0,0,1,252,green,10534,T2C
134,0,0,1,252,green,10534,T2C
135,0,0,1,252,green,10534,T2C
136,0,1,0,252,green,10534,T2C
137,0,1,0,252,green,10534,T2C
138,0,1,0,252,green,10534,T2C
139,0,1,0,252,green,10534,T2C
140,0,1,0,252,green,10534,T2C
141,0,0,1,252,green,10534,T2C
142,0,0,1,252,green,10534,T2C
143,0,0,1,252,green,10534,T2C
144,0,0,1,252,green,10534,T2C
145,0,0,1,252,green,10534,T2C
146,0,0,1,252,green,10534,T2C
147,0,0,1,252,green,10534,T2C
148,0,0,1,252,green,10534,T2C
149,0,1,0,252,green,10534,T2C
150,0,1,0,252,green,10534,T2C
151,0,1,0,252,green,10534,T2C
152,0,1,0,252,green,10534,T2C
153,0,1,0,252,green,10534,T2C
154,0,0,1,252,green,10534,T2C
155,0,0,1,252,green,10534,T2C
156,0,0,1,252,green,10534,T2C
157,0,0,1,252,green,10534,T2C
158,0,0,1,252,green,10534,T2C
159,0,0,1,252,green,10534,T2C
160,0,0,1,252,green,10534,T2C
161,0,0,1,252,green,10534,T2C
162,0,0,1,252,green,10534,T2C
163,0,0,1,252,green,10534,T2C
164,0,0,1,252,green,10534,T2C
165,0,0,1,252,green,10534,T2C
166,0,0,1,252,green,10534,T2C
167,0,0,1,252,green,10534,T2C
168,0,0,1,252,green,10534,T2C
169,0,1,0,252,green,10534,T2C
170,0,1,0,252,green,10534,T2C
171,0,1,0,252,green,10534,T2C
172,0,1,0,252,green,10534,T2C
173,0,1,0,252,green,10534,T2C
174,0,0,1,252,green,10534,T2C
175,0,0,1,252,green,10534,T2C
176,0,0,1,252,green,10534,T2C
177,0,0,1,252,green,10534,T2C
178,0,1,0,252,green,10534,T2C
179,0,1,0,252,green,10534,T2C
180,0,1,0,252,green,10534,T2C
181,0,0,1,252,green,10534,T2C
182,0,0,1,252,green,10534,T2C
183,0,0,1,252,green,10534,T2C
184,0,0,1,252,green,10534,T2C
185,0,1,0,252,green,10534,T2C
186,0,1,0,252,green,10534,T2C
187,0,1,0,252,green,10534,T2C
188,0,0,1,252,green,10534,T2C
189,0,0,1,252,green,10534,T2C
190,0,0,1,252,green,10534,T2C
191,0,0,1,252,green,10534,T2C
192,0,1,0,252,green,10534,T2C
193,0,1,0,252,green,10534,T2C
194,0,1,0,252,green,10534,T2C
195,0,1,0,252,green,10534,T2C
196,0,0,1,252,green,10534,T2C
197,0,0,1,252,green,10534,T2C
0,0,0,1,254,green,7829,T2C
1,0,0,1,254,green,7829,T2C
2,0,0,1,254,green,7829,T2C
3,0,0,1,254,green,7829,T2C
4,0,0,1,254,green,7829,T2C
5,0,0,1,254,green,7829,T2C
6,0,0,1,254,green,7829,T2C
7,0,0,1,254,green,7829,T2C
8,0,0,1,254,green,7829,T2C
9,0,0,1,254,green,7829,T2C
10,0,0,1,254,green,7829,T2C
11,0,0,1,254,green,7829,T2C
12,0,0,1,254,green,7829,T2C
13,0,0,1,254,green,7829,T2C
14,0,0,1,254,green,7829,T2C
15,0,0,1,254,green,7829,T2C
16,0,0,1,254,green,7829,T2C
17,0,0,1,254,green,7829,T2C
18,0,0,1,254,green,7829,T2C
19,0,0,1,254,green,7829,T2C
20,0,0,1,254,green,7829,T2C
21,0,0,1,254,green,7829,T2C
22,0,0,1,254,green,7829,T2C
23,0,0,1,254,green,7829,T2C
24,0,0,1,254,green,7829,T2C
25,0,0,1,254,green,7829,T2C
26,0,0,1,254,green,7829,T2C
27,0,0,1,254,green,7829,T2C
28,0,0,1,254,green,7829,T2C
29,0,0,1,254,green,7829,T2C
30,1,0,0,254,green,7829,T2C
31,1,0,0,254,green,7829,T2C
32,1,0,0,254,green,7829,T2C
33,1,0,0,254,green,7829,T2C
34,1,0,0,254,green,7829,T2C
35,1,0,0,254,green,7829,T2C
36,1,0,0,254,green,7829,T2C
37,1,0,0,254,green,7829,T2C
38,1,0,0,254,green,7829,T2C
39,1,0,0,254,green,7829,T2C
40,1,0,0,254,green,7829,T2C
41,1,0,0,254,green,7829,T2C
42,1,0,0,254,green,7829,T2C
43,1,0,0,254,green,7829,T2C
44,1,0,0,254,green,7829,T2C
45,1,0,0,254,green,7829,T2C
46,1,0,0,254,green,7829,T2C
47,1,0,0,254,green,7829,T2C
48,1,0,0,254,green,7829,T2C
49,1,0,0,254,green,7829,T2C
50,1,0,0,254,green,7829,T2C
51,1,0,0,254,green,7829,T2C
52,1,0,0,254,green,7829,T2C
53,1,0,0,254,green,7829,T2C
54,1,0,0,254,green,7829,T2C
55,1,0,0,254,green,7829,T2C
56,1,0,0,254,green,7829,T2C
57,1,0,0,254,green,7829,T2C
58,1,0,0,254,green,7829,T2C
59,1,0,0,254,green,7829,T2C
60,1,0,0,254,green,7829,T2C
61,1,0,0,254,green,7829,T2C
62,1,0,0,254,green,7829,T2C
63,1,0,0,254,green,7829,T2C
64,1,0,0,254,green,7829,T2C
65,1,0,0,254,green,7829,T2C
66,1,0,0,254,green,7829,T2C
67,1,0,0,254,green,7829,T2C
68,1,0,0,254,green,7829,T2C
69,1,0,0,254,green,7829,T2C
70,1,0,0,254,green,7829,T2C
71,1,0,0,254,green,7829,T2C
72,1,0,0,254,green,7829,T2C
73,1,0,0,254,green,7829,T2C
74,1,0,0,254,green,7829,T2C
75,1,0,0,254,green,7829,T2C
76,1,0,0,254,green,7829,T2C
77,1,0,0,254,green,7829,T2C
78,1,0,0,254,green,7829,T2C
79,1,0,0,254,green,7829,T2C
80,1,0,0,254,green,7829,T2C
81,1,0,0,254,green,7829,T2C
82,1,0,0,254,green,7829,T2C
83,1,0,0,254,green,7829,T2C
84,1,0,0,254,green,7829,T2C
85,1,0,0,254,green,7829,T2C
86,1,0,0,254,green,7829,T2C
87,1,0,0,254,green,7829,T2C
88,1,0,0,254,green,7829,T2C
89,1,0,0,254,green,7829,T2C
90,1,0,0,254,green,7829,T2C
91,1,0,0,254,green,7829,T2C
92,1,0,0,254,green,7829,T2C
93,1,0,0,254,green,7829,T2C
94,1,0,0,254,green,7829,T2C
95,1,0,0,254,green,7829,T2C
96,1,0,0,254,green,7829,T2C
97,1,0,0,254,green,7829,T2C
98,1,0,0,254,green,7829,T2C
99,1,0,0,254,green,7829,T2C
100,1,0,0,254,green,7829,T2C
101,1,0,0,254,green,7829,T2C
102,1,0,0,254,green,7829,T2C
103,1,0,0,254,green,7829,T2C
104,1,0,0,254,green,7829,T2C
105,1,0,0,254,green,7829,T2C
106,1,0,0,254,green,7829,T2C
107,1,0,0,254,green,7829,T2C
108,1,0,0,254,green,7829,T2C
109,1,0,0,254,green,7829,T2C
110,1,0,0,254,green,7829,T2C
111,1,0,0,254,green,7829,T2C
112,1,0,0,254,green,7829,T2C
113,1,0,0,254,green,7829,T2C
114,1,0,0,254,green,7829,T2C
115,1,0,0,254,green,7829,T2C
116,1,0,0,254,green,7829,T2C
117,1,0,0,254,green,7829,T2C
118,1,0,0,254,green,7829,T2C
119,1,0,0,254,green,7829,T2C
120,1,0,0,254,green,7829,T2C
121,1,0,0,254,green,7829,T2C
122,1,0,0,254,green,7829,T2C
123,1,0,0,254,green,7829,T2C
124,1,0,0,254,green,7829,T2C
125,1,0,0,254,green,7829,T2C
126,1,0,0,254,green,7829,T2C
127,1,0,0,254,green,7829,T2C
128,1,0,0,254,green,7829,T2C
129,1,0,0,254,green,7829,T2C
130,1,0,0,254,green,7829,T2C
131,1,0,0,254,green,7829,T2C
132,1,0,0,254,green,7829,T2C
133,1,0,0,254,green,7829,T2C
134,1,0,0,254,green,7829,T2C
135,1,0,0,254,green,7829,T2C
136,1,0,0,254,green,7829,T2C
137,1,0,0,254,green,7829,T2C
138,1,0,0,254,green,7829,T2C
139,1,0,0,254,green,7829,T2C
140,1,0,0,254,green,7829,T2C
141,1,0,0,254,green,7829,T2C
142,1,0,0,254,green,7829,T2C
143,1,0,0,254,green,7829,T2C
144,1,0,0,254,green,7829,T2C
145,1,0,0,254,green,7829,T2C
146,1,0,0,254,green,7829,T2C
147,1,0,0,254,green,7829,T2C
148,1,0,0,254,green,7829,T2C
149,1,0,0,254,green,7829,T2C
150,1,0,0,254,green,7829,T2C
151,1,0,0,254,green,7829,T2C
152,1,0,0,254,green,7829,T2C
153,1,0,0,254,green,7829,T2C
154,1,0,0,254,green,7829,T2C
155,1,0,0,254,green,7829,T2C
156,1,0,0,254,green,7829,T2C
157,1,0,0,254,green,7829,T2C
158,1,0,0,254,green,7829,T2C
159,1,0,0,254,green,7829,T2C
160,1,0,0,254,green,7829,T2C
161,1,0,0,254,green,7829,T2C
162,1,0,0,254,green,7829,T2C
163,1,0,0,254,green,7829,T2C
164,1,0,0,254,green,7829,T2C
165,1,0,0,254,green,7829,T2C
166,1,0,0,254,green,7829,T2C
167,1,0,0,254,green,7829,T2C
168,1,0,0,254,green,7829,T2C
169,1,0,0,254,green,7829,T2C
170,1,0,0,254,green,7829,T2C
171,1,0,0,254,green,7829,T2C
172,1,0,0,254,green,7829,T2C
173,1,0,0,254,green,7829,T2C
174,0,1,0,254,green,7829,T2C
175,0,1,0,254,green,7829,T2C
176,0,1,0,254,green,7829,T2C
177,0,1,0,254,green,7829,T2C
178,0,1,0,254,green,7829,T2C
179,0,1,0,254,green,7829,T2C
180,0,1,0,254,green,7829,T2C
181,0,1,0,254,green,7829,T2C
182,0,1,0,254,green,7829,T2C
183,0,1,0,254,green,7829,T2C
184,0,1,0,254,green,7829,T2C
185,0,1,0,254,green,7829,T2C
186,0,1,0,254,green,7829,T2C
187,0,1,0,254,green,7829,T2C
188,0,1,0,254,green,7829,T2C
189,0,1,0,254,green,7829,T2C
190,0,1,0,254,green,7829,T2C
191,0,1,0,254,green,7829,T2C
192,0,1,0,254,green,7829,T2C
193,0,1,0,254,green,7829,T2C
194,0,1,0,254,green,7829,T2C
195,0,1,0,254,green,7829,T2C
196,0,1,0,254,green,7829,T2C
197,0,1,0,254,green,7829,T2C
0,0,0,1,255,green,7643,T2C
1,0,0,1,255,green,7643,T2C
2,0,0,1,255,green,7643,T2C
3,0,0,1,255,green,7643,T2C
4,0,0,1,255,green,7643,T2C
5,0,0,1,255,green,7643,T2C
6,0,0,1,255,green,7643,T2C
7,0,0,1,255,green,7643,T2C
8,0,0,1,255,green,7643,T2C
9,0,0,1,255,green,7643,T2C
10,0,0,1,255,green,7643,T2C
11,0,0,1,255,green,7643,T2C
12,0,0,1,255,green,7643,T2C
13,0,0,1,255,green,7643,T2C
14,0,0,1,255,green,7643,T2C
15,0,0,1,255,green,7643,T2C
16,0,0,1,255,green,7643,T2C
17,0,0,1,255,green,7643,T2C
18,0,0,1,255,green,7643,T2C
19,0,0,1,255,green,7643,T2C
20,1,0,0,255,green,7643,T2C
21,1,0,0,255,green,7643,T2C
22,1,0,0,255,green,7643,T2C
23,1,0,0,255,green,7643,T2C
24,1,0,0,255,green,7643,T2C
25,1,0,0,255,green,7643,T2C
26,1,0,0,255,green,7643,T2C
27,1,0,0,255,green,7643,T2C
28,1,0,0,255,green,7643,T2C
29,1,0,0,255,green,7643,T2C
30,1,0,0,255,green,7643,T2C
31,0,0,1,255,green,7643,T2C
32,0,0,1,255,green,7643,T2C
33,0,0,1,255,green,7643,T2C
34,0,1,0,255,green,7643,T2C
35,0,1,0,255,green,7643,T2C
36,0,1,0,255,green,7643,T2C
37,0,1,0,255,green,7643,T2C
38,0,1,0,255,green,7643,T2C
39,0,1,0,255,green,7643,T2C
40,0,1,0,255,green,7643,T2C
41,0,1,0,255,green,7643,T2C
42,0,1,0,255,green,7643,T2C
43,0,1,0,255,green,7643,T2C
44,0,1,0,255,green,7643,T2C
45,0,1,0,255,green,7643,T2C
46,0,1,0,255,green,7643,T2C
47,0,1,0,255,green,7643,T2C
48,0,1,0,255,green,7643,T2C
49,0,1,0,255,green,7643,T2C
50,0,1,0,255,green,7643,T2C
51,0,1,0,255,green,7643,T2C
52,0,1,0,255,green,7643,T2C
53,0,1,0,255,green,7643,T2C
54,0,1,0,255,green,7643,T2C
55,0,1,0,255,green,7643,T2C
56,0,1,0,255,green,7643,T2C
57,0,1,0,255,green,7643,T2C
58,0,1,0,255,green,7643,T2C
59,0,1,0,255,green,7643,T2C
60,0,1,0,255,green,7643,T2C
61,0,1,0,255,green,7643,T2C
62,0,1,0,255,green,7643,T2C
63,0,1,0,255,green,7643,T2C
64,0,1,0,255,green,7643,T2C
65,0,1,0,255,green,7643,T2C
66,0,1,0,255,green,7643,T2C
67,0,1,0,255,green,7643,T2C
68,1,0,0,255,green,7643,T2C
69,1,0,0,255,green,7643,T2C
70,1,0,0,255,green,7643,T2C
71,1,0,0,255,green,7643,T2C
72,1,0,0,255,green,7643,T2C
73,1,0,0,255,green,7643,T2C
74,1,0,0,255,green,7643,T2C
75,1,0,0,255,green,7643,T2C
76,1,0,0,255,green,7643,T2C
77,1,0,0,255,green,7643,T2C
78,1,0,0,255,green,7643,T2C
79,1,0,0,255,green,7643,T2C
80,1,0,0,255,green,7643,T2C
81,1,0,0,255,green,7643,T2C
82,1,0,0,255,green,7643,T2C
83,1,0,0,255,green,7643,T2C
84,1,0,0,255,green,7643,T2C
85,1,0,0,255,green,7643,T2C
86,1,0,0,255,green,7643,T2C
87,1,0,0,255,green,7643,T2C
88,1,0,0,255,green,7643,T2C
89,1,0,0,255,green,7643,T2C
90,1,0,0,255,green,7643,T2C
91,1,0,0,255,green,7643,T2C
92,1,0,0,255,green,7643,T2C
93,1,0,0,255,green,7643,T2C
94,1,0,0,255,green,7643,T2C
95,1,0,0,255,green,7643,T2C
96,1,0,0,255,green,7643,T2C
97,1,0,0,255,green,7643,T2C
98,1,0,0,255,green,7643,T2C
99,1,0,0,255,green,7643,T2C
100,1,0,0,255,green,7643,T2C
101,1,0,0,255,green,7643,T2C
102,1,0,0,255,green,7643,T2C
103,1,0,0,255,green,7643,T2C
104,1,0,0,255,green,7643,T2C
105,1,0,0,255,green,7643,T2C
106,1,0,0,255,green,7643,T2C
107,1,0,0,255,green,7643,T2C
108,1,0,0,255,green,7643,T2C
109,1,0,0,255,green,7643,T2C
110,1,0,0,255,green,7643,T2C
111,1,0,0,255,green,7643,T2C
112,1,0,0,255,green,7643,T2C
113,1,0,0,255,green,7643,T2C
114,1,0,0,255,green,7643,T2C
115,1,0,0,255,green,7643,T2C
116,1,0,0,255,green,7643,T2C
117,1,0,0,255,green,7643,T2C
118,1,0,0,255,green,7643,T2C
119,1,0,0,255,green,7643,T2C
120,1,0,0,255,green,7643,T2C
121,1,0,0,255,green,7643,T2C
122,1,0,0,255,green,7643,T2C
123,1,0,0,255,green,7643,T2C
124,1,0,0,255,green,7643,T2C
125,1,0,0,255,green,7643,T2C
126,1,0,0,255,green,7643,T2C
127,1,0,0,255,green,7643,T2C
128,1,0,0,255,green,7643,T2C
129,1,0,0,255,green,7643,T2C
130,1,0,0,255,green,7643,T2C
131,1,0,0,255,green,7643,T2C
132,1,0,0,255,green,7643,T2C
133,1,0,0,255,green,7643,T2C
134,1,0,0,255,green,7643,T2C
135,1,0,0,255,green,7643,T2C
136,1,0,0,255,green,7643,T2C
137,1,0,0,255,green,7643,T2C
138,1,0,0,255,green,7643,T2C
139,1,0,0,255,green,7643,T2C
140,1,0,0,255,green,7643,T2C
141,1,0,0,255,green,7643,T2C
142,1,0,0,255,green,7643,T2C
143,1,0,0,255,green,7643,T2C
144,1,0,0,255,green,7643,T2C
145,1,0,0,255,green,7643,T2C
146,1,0,0,255,green,7643,T2C
147,1,0,0,255,green,7643,T2C
148,1,0,0,255,green,7643,T2C
149,1,0,0,255,green,7643,T2C
150,1,0,0,255,green,7643,T2C
151,1,0,0,255,green,7643,T2C
152,1,0,0,255,green,7643,T2C
153,1,0,0,255,green,7643,T2C
154,1,0,0,255,green,7643,T2C
155,1,0,0,255,green,7643,T2C
156,1,0,0,255,green,7643,T2C
157,1,0,0,255,green,7643,T2C
158,1,0,0,255,green,7643,T2C
159,1,0,0,255,green,7643,T2C
160,1,0,0,255,green,7643,T2C
161,1,0,0,255,green,7643,T2C
162,1,0,0,255,green,7643,T2C
163,1,0,0,255,green,7643,T2C
164,1,0,0,255,green,7643,T2C
165,1,0,0,255,green,7643,T2C
166,1,0,0,255,green,7643,T2C
167,0,0,1,255,green,7643,T2C
168,0,1,0,255,green,7643,T2C
169,0,1,0,255,green,7643,T2C
170,0,1,0,255,green,7643,T2C
171,0,1,0,255,green,7643,T2C
172,0,1,0,255,green,7643,T2C
173,0,1,0,255,green,7643,T2C
174,0,1,0,255,green,7643,T2C
175,0,1,0,255,green,7643,T2C
176,0,1,0,255,green,7643,T2C
177,0,1,0,255,green,7643,T2C
178,0,1,0,255,green,7643,T2C
179,0,1,0,255,green,7643,T2C
180,0,1,0,255,green,7643,T2C
181,0,1,0,255,green,7643,T2C
182,0,1,0,255,green,7643,T2C
183,0,1,0,255,green,7643,T2C
184,0,1,0,255,green,7643,T2C
185,0,1,0,255,green,7643,T2C
186,0,1,0,255,green,7643,T2C
187,0,1,0,255,green,7643,T2C
188,0,1,0,255,green,7643,T2C
189,0,1,0,255,green,7643,T2C
190,0,1,0,255,green,7643,T2C
191,0,1,0,255,green,7643,T2C
192,0,1,0,255,green,7643,T2C
193,0,1,0,255,green,7643,T2C
194,0,1,0,255,green,7643,T2C
195,0,1,0,255,green,7643,T2C
196,0,1,0,255,green,7643,T2C
197,0,1,0,255,green,7643,T2C
0,0,0,1,256,green,7260,T2C
1,0,0,1,256,green,7260,T2C
2,0,0,1,256,green,7260,T2C
3,0,0,1,256,green,7260,T2C
4,0,0,1,256,green,7260,T2C
5,0,0,1,256,green,7260,T2C
6,0,0,1,256,green,7260,T2C
7,0,0,1,256,green,7260,T2C
8,0,0,1,256,green,7260,T2C
9,0,0,1,256,green,7260,T2C
10,0,0,1,256,green,7260,T2C
11,0,0,1,256,green,7260,T2C
12,0,0,1,256,green,7260,T2C
13,0,0,1,256,green,7260,T2C
14,0,0,1,256,green,7260,T2C
15,0,0,1,256,green,7260,T2C
16,0,0,1,256,green,7260,T2C
17,0,0,1,256,green,7260,T2C
18,0,0,1,256,green,7260,T2C
19,0,0,1,256,green,7260,T2C
20,0,0,1,256,green,7260,T2C
21,0,0,1,256,green,7260,T2C
22,0,0,1,256,green,7260,T2C
23,0,0,1,256,green,7260,T2C
24,0,0,1,256,green,7260,T2C
25,0,0,1,256,green,7260,T2C
26,0,0,1,256,green,7260,T2C
27,0,0,1,256,green,7260,T2C
28,0,0,1,256,green,7260,T2C
29,0,0,1,256,green,7260,T2C
30,0,0,1,256,green,7260,T2C
31,0,0,1,256,green,7260,T2C
32,1,0,0,256,green,7260,T2C
33,1,0,0,256,green,7260,T2C
34,1,0,0,256,green,7260,T2C
35,1,0,0,256,green,7260,T2C
36,1,0,0,256,green,7260,T2C
37,1,0,0,256,green,7260,T2C
38,1,0,0,256,green,7260,T2C
39,1,0,0,256,green,7260,T2C
40,1,0,0,256,green,7260,T2C
41,1,0,0,256,green,7260,T2C
42,1,0,0,256,green,7260,T2C
43,1,0,0,256,green,7260,T2C
44,1,0,0,256,green,7260,T2C
45,1,0,0,256,green,7260,T2C
46,1,0,0,256,green,7260,T2C
47,1,0,0,256,green,7260,T2C
48,1,0,0,256,green,7260,T2C
49,1,0,0,256,green,7260,T2C
50,1,0,0,256,green,7260,T2C
51,1,0,0,256,green,7260,T2C
52,1,0,0,256,green,7260,T2C
53,1,0,0,256,green,7260,T2C
54,1,0,0,256,green,7260,T2C
55,1,0,0,256,green,7260,T2C
56,1,0,0,256,green,7260,T2C
57,1,0,0,256,green,7260,T2C
58,1,0,0,256,green,7260,T2C
59,1,0,0,256,green,7260,T2C
60,1,0,0,256,green,7260,T2C
61,1,0,0,256,green,7260,T2C
62,1,0,0,256,green,7260,T2C
63,1,0,0,256,green,7260,T2C
64,1,0,0,256,green,7260,T2C
65,1,0,0,256,green,7260,T2C
66,1,0,0,256,green,7260,T2C
67,1,0,0,256,green,7260,T2C
68,1,0,0,256,green,7260,T2C
69,1,0,0,256,green,7260,T2C
70,1,0,0,256,green,7260,T2C
71,1,0,0,256,green,7260,T2C
72,1,0,0,256,green,7260,T2C
73,1,0,0,256,green,7260,T2C
74,1,0,0,256,green,7260,T2C
75,1,0,0,256,green,7260,T2C
76,1,0,0,256,green,7260,T2C
77,1,0,0,256,green,7260,T2C
78,1,0,0,256,green,7260,T2C
79,1,0,0,256,green,7260,T2C
80,1,0,0,256,green,7260,T2C
81,1,0,0,256,green,7260,T2C
82,1,0,0,256,green,7260,T2C
83,1,0,0,256,green,7260,T2C
84,1,0,0,256,green,7260,T2C
85,1,0,0,256,green,7260,T2C
86,1,0,0,256,green,7260,T2C
87,1,0,0,256,green,7260,T2C
88,1,0,0,256,green,7260,T2C
89,1,0,0,256,green,7260,T2C
90,1,0,0,256,green,7260,T2C
91,1,0,0,256,green,7260,T2C
92,1,0,0,256,green,7260,T2C
93,1,0,0,256,green,7260,T2C
94,1,0,0,256,green,7260,T2C
95,1,0,0,256,green,7260,T2C
96,1,0,0,256,green,7260,T2C
97,1,0,0,256,green,7260,T2C
98,1,0,0,256,green,7260,T2C
99,1,0,0,256,green,7260,T2C
100,1,0,0,256,green,7260,T2C
101,1,0,0,256,green,7260,T2C
102,1,0,0,256,green,7260,T2C
103,1,0,0,256,green,7260,T2C
104,1,0,0,256,green,7260,T2C
105,1,0,0,256,green,7260,T2C
106,1,0,0,256,green,7260,T2C
107,1,0,0,256,green,7260,T2C
108,1,0,0,256,green,7260,T2C
109,1,0,0,256,green,7260,T2C
110,1,0,0,256,green,7260,T2C
111,1,0,0,256,green,7260,T2C
112,1,0,0,256,green,7260,T2C
113,1,0,0,256,green,7260,T2C
114,1,0,0,256,green,7260,T2C
115,1,0,0,256,green,7260,T2C
116,1,0,0,256,green,7260,T2C
117,1,0,0,256,green,7260,T2C
118,1,0,0,256,green,7260,T2C
119,1,0,0,256,green,7260,T2C
120,1,0,0,256,green,7260,T2C
121,1,0,0,256,green,7260,T2C
122,1,0,0,256,green,7260,T2C
123,1,0,0,256,green,7260,T2C
124,1,0,0,256,green,7260,T2C
125,1,0,0,256,green,7260,T2C
126,1,0,0,256,green,7260,T2C
127,1,0,0,256,green,7260,T2C
128,1,0,0,256,green,7260,T2C
129,1,0,0,256,green,7260,T2C
130,1,0,0,256,green,7260,T2C
131,1,0,0,256,green,7260,T2C
132,1,0,0,256,green,7260,T2C
133,1,0,0,256,green,7260,T2C
134,1,0,0,256,green,7260,T2C
135,1,0,0,256,green,7260,T2C
136,1,0,0,256,green,7260,T2C
137,1,0,0,256,green,7260,T2C
138,1,0,0,256,green,7260,T2C
139,1,0,0,256,green,7260,T2C
140,1,0,0,256,green,7260,T2C
141,1,0,0,256,green,7260,T2C
142,1,0,0,256,green,7260,T2C
143,1,0,0,256,green,7260,T2C
144,1,0,0,256,green,7260,T2C
145,1,0,0,256,green,7260,T2C
146,1,0,0,256,green,7260,T2C
147,1,0,0,256,green,7260,T2C
148,1,0,0,256,green,7260,T2C
149,1,0,0,256,green,7260,T2C
150,1,0,0,256,green,7260,T2C
151,1,0,0,256,green,7260,T2C
152,1,0,0,256,green,7260,T2C
153,1,0,0,256,green,7260,T2C
154,1,0,0,256,green,7260,T2C
155,1,0,0,256,green,7260,T2C
156,1,0,0,256,green,7260,T2C
157,1,0,0,256,green,7260,T2C
158,1,0,0,256,green,7260,T2C
159,1,0,0,256,green,7260,T2C
160,1,0,0,256,green,7260,T2C
161,1,0,0,256,green,7260,T2C
162,1,0,0,256,green,7260,T2C
163,1,0,0,256,green,7260,T2C
164,1,0,0,256,green,7260,T2C
165,1,0,0,256,green,7260,T2C
166,1,0,0,256,green,7260,T2C
167,1,0,0,256,green,7260,T2C
168,1,0,0,256,green,7260,T2C
169,1,0,0,256,green,7260,T2C
170,1,0,0,256,green,7260,T2C
171,1,0,0,256,green,7260,T2C
172,1,0,0,256,green,7260,T2C
173,1,0,0,256,green,7260,T2C
174,1,0,0,256,green,7260,T2C
175,0,0,1,256,green,7260,T2C
176,0,1,0,256,green,7260,T2C
177,0,1,0,256,green,7260,T2C
178,0,1,0,256,green,7260,T2C
179,0,1,0,256,green,7260,T2C
180,0,1,0,256,green,7260,T2C
181,0,1,0,256,green,7260,T2C
182,0,1,0,256,green,7260,T2C
183,0,1,0,256,green,7260,T2C
184,0,1,0,256,green,7260,T2C
185,0,1,0,256,green,7260,T2C
186,0,1,0,256,green,7260,T2C
187,0,1,0,256,green,7260,T2C
188,0,1,0,256,green,7260,T2C
189,0,1,0,256,green,7260,T2C
190,0,1,0,256,green,7260,T2C
191,0,1,0,256,green,7260,T2C
192,0,1,0,256,green,7260,T2C
193,0,1,0,256,green,7260,T2C
194,0,1,0,256,green,7260,T2C
195,0,1,0,256,green,7260,T2C
196,0,1,0,256,green,7260,T2C
197,0,1,0,256,green,7260,T2C
0,0,0,1,257,green,6862,T2C
1,0,0,1,257,green,6862,T2C
2,0,0,1,257,green,6862,T2C
3,0,0,1,257,green,6862,T2C
4,0,0,1,257,green,6862,T2C
5,0,0,1,257,green,6862,T2C
6,0,0,1,257,green,6862,T2C
7,0,0,1,257,green,6862,T2C
8,0,0,1,257,green,6862,T2C
9,0,0,1,257,green,6862,T2C
10,0,0,1,257,green,6862,T2C
11,0,0,1,257,green,6862,T2C
12,0,0,1,257,green,6862,T2C
13,0,0,1,257,green,6862,T2C
14,0,0,1,257,green,6862,T2C
15,0,0,1,257,green,6862,T2C
16,0,0,1,257,green,6862,T2C
17,0,0,1,257,green,6862,T2C
18,0,0,1,257,green,6862,T2C
19,0,0,1,257,green,6862,T2C
20,0,0,1,257,green,6862,T2C
21,0,0,1,257,green,6862,T2C
22,0,0,1,257,green,6862,T2C
23,0,0,1,257,green,6862,T2C
24,0,0,1,257,green,6862,T2C
25,0,0,1,257,green,6862,T2C
26,0,0,1,257,green,6862,T2C
27,0,0,1,257,green,6862,T2C
28,0,0,1,257,green,6862,T2C
29,0,0,1,257,green,6862,T2C
30,0,0,1,257,green,6862,T2C
31,0,0,1,257,green,6862,T2C
32,0,0,1,257,green,6862,T2C
33,0,0,1,257,green,6862,T2C
34,0,0,1,257,green,6862,T2C
35,0,0,1,257,green,6862,T2C
36,0,0,1,257,green,6862,T2C
37,0,0,1,257,green,6862,T2C
38,0,0,1,257,green,6862,T2C
39,0,0,1,257,green,6862,T2C
40,0,0,1,257,green,6862,T2C
41,0,0,1,257,green,6862,T2C
42,0,0,1,257,green,6862,T2C
43,0,0,1,257,green,6862,T2C
44,0,0,1,257,green,6862,T2C
45,0,0,1,257,green,6862,T2C
46,0,0,1,257,green,6862,T2C
47,0,0,1,257,green,6862,T2C
48,0,0,1,257,green,6862,T2C
49,0,0,1,257,green,6862,T2C
50,0,0,1,257,green,6862,T2C
51,0,0,1,257,green,6862,T2C
52,0,0,1,257,green,6862,T2C
53,0,0,1,257,green,6862,T2C
54,0,0,1,257,green,6862,T2C
55,0,0,1,257,green,6862,T2C
56,0,0,1,257,green,6862,T2C
57,0,0,1,257,green,6862,T2C
58,0,0,1,257,green,6862,T2C
59,0,0,1,257,green,6862,T2C
60,0,0,1,257,green,6862,T2C
61,0,0,1,257,green,6862,T2C
62,0,0,1,257,green,6862,T2C
63,0,0,1,257,green,6862,T2C
64,0,0,1,257,green,6862,T2C
65,0,0,1,257,green,6862,T2C
66,0,0,1,257,green,6862,T2C
67,0,0,1,257,green,6862,T2C
68,0,0,1,257,green,6862,T2C
69,0,0,1,257,green,6862,T2C
70,0,0,1,257,green,6862,T2C
71,0,0,1,257,green,6862,T2C
72,0,0,1,257,green,6862,T2C
73,0,0,1,257,green,6862,T2C
74,0,0,1,257,green,6862,T2C
75,0,0,1,257,green,6862,T2C
76,0,0,1,257,green,6862,T2C
77,0,0,1,257,green,6862,T2C
78,0,0,1,257,green,6862,T2C
79,0,0,1,257,green,6862,T2C
80,0,0,1,257,green,6862,T2C
81,1,0,0,257,green,6862,T2C
82,1,0,0,257,green,6862,T2C
83,1,0,0,257,green,6862,T2C
84,1,0,0,257,green,6862,T2C
85,1,0,0,257,green,6862,T2C
86,1,0,0,257,green,6862,T2C
87,1,0,0,257,green,6862,T2C
88,1,0,0,257,green,6862,T2C
89,1,0,0,257,green,6862,T2C
90,1,0,0,257,green,6862,T2C
91,1,0,0,257,green,6862,T2C
92,1,0,0,257,green,6862,T2C
93,1,0,0,257,green,6862,T2C
94,1,0,0,257,green,6862,T2C
95,1,0,0,257,green,6862,T2C
96,1,0,0,257,green,6862,T2C
97,1,0,0,257,green,6862,T2C
98,1,0,0,257,green,6862,T2C
99,1,0,0,257,green,6862,T2C
100,1,0,0,257,green,6862,T2C
101,1,0,0,257,green,6862,T2C
102,1,0,0,257,green,6862,T2C
103,1,0,0,257,green,6862,T2C
104,1,0,0,257,green,6862,T2C
105,1,0,0,257,green,6862,T2C
106,1,0,0,257,green,6862,T2C
107,1,0,0,257,green,6862,T2C
108,1,0,0,257,green,6862,T2C
109,1,0,0,257,green,6862,T2C
110,1,0,0,257,green,6862,T2C
111,1,0,0,257,green,6862,T2C
112,1,0,0,257,green,6862,T2C
113,1,0,0,257,green,6862,T2C
114,1,0,0,257,green,6862,T2C
115,1,0,0,257,green,6862,T2C
116,1,0,0,257,green,6862,T2C
117,1,0,0,257,green,6862,T2C
118,1,0,0,257,green,6862,T2C
119,1,0,0,257,green,6862,T2C
120,1,0,0,257,green,6862,T2C
121,1,0,0,257,green,6862,T2C
122,1,0,0,257,green,6862,T2C
123,1,0,0,257,green,6862,T2C
124,1,0,0,257,green,6862,T2C
125,1,0,0,257,green,6862,T2C
126,1,0,0,257,green,6862,T2C
127,1,0,0,257,green,6862,T2C
128,1,0,0,257,green,6862,T2C
129,1,0,0,257,green,6862,T2C
130,1,0,0,257,green,6862,T2C
131,1,0,0,257,green,6862,T2C
132,1,0,0,257,green,6862,T2C
133,1,0,0,257,green,6862,T2C
134,1,0,0,257,green,6862,T2C
135,1,0,0,257,green,6862,T2C
136,1,0,0,257,green,6862,T2C
137,1,0,0,257,green,6862,T2C
138,1,0,0,257,green,6862,T2C
139,1,0,0,257,green,6862,T2C
140,1,0,0,257,green,6862,T2C
141,1,0,0,257,green,6862,T2C
142,1,0,0,257,green,6862,T2C
143,1,0,0,257,green,6862,T2C
144,1,0,0,257,green,6862,T2C
145,1,0,0,257,green,6862,T2C
146,1,0,0,257,green,6862,T2C
147,1,0,0,257,green,6862,T2C
148,1,0,0,257,green,6862,T2C
149,1,0,0,257,green,6862,T2C
150,1,0,0,257,green,6862,T2C
151,1,0,0,257,green,6862,T2C
152,1,0,0,257,green,6862,T2C
153,1,0,0,257,green,6862,T2C
154,1,0,0,257,green,6862,T2C
155,1,0,0,257,green,6862,T2C
156,1,0,0,257,green,6862,T2C
157,1,0,0,257,green,6862,T2C
158,1,0,0,257,green,6862,T2C
159,1,0,0,257,green,6862,T2C
160,1,0,0,257,green,6862,T2C
161,1,0,0,257,green,6862,T2C
162,1,0,0,257,green,6862,T2C
163,1,0,0,257,green,6862,T2C
164,1,0,0,257,green,6862,T2C
165,1,0,0,257,green,6862,T2C
166,0,0,1,257,green,6862,T2C
167,0,1,0,257,green,6862,T2C
168,0,1,0,257,green,6862,T2C
169,0,1,0,257,green,6862,T2C
170,0,1,0,257,green,6862,T2C
171,0,1,0,257,green,6862,T2C
172,0,1,0,257,green,6862,T2C
173,0,1,0,257,green,6862,T2C
174,0,1,0,257,green,6862,T2C
175,0,1,0,257,green,6862,T2C
176,0,1,0,257,green,6862,T2C
177,0,1,0,257,green,6862,T2C
178,0,1,0,257,green,6862,T2C
179,0,1,0,257,green,6862,T2C
180,0,1,0,257,green,6862,T2C
181,0,1,0,257,green,6862,T2C
182,0,1,0,257,green,6862,T2C
183,0,1,0,257,green,6862,T2C
184,0,1,0,257,green,6862,T2C
185,0,1,0,257,green,6862,T2C
186,0,1,0,257,green,6862,T2C
187,0,1,0,257,green,6862,T2C
188,0,1,0,257,green,6862,T2C
189,0,1,0,257,green,6862,T2C
190,0,1,0,257,green,6862,T2C
191,0,1,0,257,green,6862,T2C
192,0,1,0,257,green,6862,T2C
193,0,1,0,257,green,6862,T2C
194,0,1,0,257,green,6862,T2C
195,0,1,0,257,green,6862,T2C
196,0,1,0,257,green,6862,T2C
197,0,1,0,257,green,6862,T2C
0,0,0,1,258,green,8297,T2C
1,0,0,1,258,green,8297,T2C
2,0,0,1,258,green,8297,T2C
3,0,0,1,258,green,8297,T2C
4,0,0,1,258,green,8297,T2C
5,0,0,1,258,green,8297,T2C
6,0,0,1,258,green,8297,T2C
7,0,0,1,258,green,8297,T2C
8,0,0,1,258,green,8297,T2C
9,0,0,1,258,green,8297,T2C
10,0,0,1,258,green,8297,T2C
11,0,0,1,258,green,8297,T2C
12,0,0,1,258,green,8297,T2C
13,0,0,1,258,green,8297,T2C
14,0,0,1,258,green,8297,T2C
15,0,0,1,258,green,8297,T2C
16,0,0,1,258,green,8297,T2C
17,0,0,1,258,green,8297,T2C
18,0,0,1,258,green,8297,T2C
19,0,0,1,258,green,8297,T2C
20,0,0,1,258,green,8297,T2C
21,0,0,1,258,green,8297,T2C
22,0,0,1,258,green,8297,T2C
23,0,0,1,258,green,8297,T2C
24,0,0,1,258,green,8297,T2C
25,0,0,1,258,green,8297,T2C
26,0,0,1,258,green,8297,T2C
27,0,0,1,258,green,8297,T2C
28,0,0,1,258,green,8297,T2C
29,0,0,1,258,green,8297,T2C
30,0,0,1,258,green,8297,T2C
31,0,0,1,258,green,8297,T2C
32,0,0,1,258,green,8297,T2C
33,0,0,1,258,green,8297,T2C
34,0,0,1,258,green,8297,T2C
35,0,0,1,258,green,8297,T2C
36,0,0,1,258,green,8297,T2C
37,0,0,1,258,green,8297,T2C
38,0,0,1,258,green,8297,T2C
39,0,1,0,258,green,8297,T2C
40,0,1,0,258,green,8297,T2C
41,0,1,0,258,green,8297,T2C
42,0,1,0,258,green,8297,T2C
43,0,1,0,258,green,8297,T2C
44,0,1,0,258,green,8297,T2C
45,0,1,0,258,green,8297,T2C
46,0,1,0,258,green,8297,T2C
47,0,1,0,258,green,8297,T2C
48,0,1,0,258,green,8297,T2C
49,0,1,0,258,green,8297,T2C
50,0,1,0,258,green,8297,T2C
51,0,1,0,258,green,8297,T2C
52,0,1,0,258,green,8297,T2C
53,0,1,0,258,green,8297,T2C
54,0,1,0,258,green,8297,T2C
55,0,1,0,258,green,8297,T2C
56,0,1,0,258,green,8297,T2C
57,0,1,0,258,green,8297,T2C
58,0,1,0,258,green,8297,T2C
59,0,1,0,258,green,8297,T2C
60,0,1,0,258,green,8297,T2C
61,0,1,0,258,green,8297,T2C
62,0,1,0,258,green,8297,T2C
63,0,1,0,258,green,8297,T2C
64,0,1,0,258,green,8297,T2C
65,0,1,0,258,green,8297,T2C
66,0,1,0,258,green,8297,T2C
67,0,1,0,258,green,8297,T2C
68,0,1,0,258,green,8297,T2C
69,0,1,0,258,green,8297,T2C
70,0,1,0,258,green,8297,T2C
71,0,1,0,258,green,8297,T2C
72,0,1,0,258,green,8297,T2C
73,0,1,0,258,green,8297,T2C
74,0,1,0,258,green,8297,T2C
75,0,1,0,258,green,8297,T2C
76,0,1,0,258,green,8297,T2C
77,0,1,0,258,green,8297,T2C
78,0,1,0,258,green,8297,T2C
79,0,1,0,258,green,8297,T2C
80,0,1,0,258,green,8297,T2C
81,0,1,0,258,green,8297,T2C
82,0,1,0,258,green,8297,T2C
83,0,1,0,258,green,8297,T2C
84,0,1,0,258,green,8297,T2C
85,0,1,0,258,green,8297,T2C
86,0,1,0,258,green,8297,T2C
87,0,1,0,258,green,8297,T2C
88,0,1,0,258,green,8297,T2C
89,0,1,0,258,green,8297,T2C
90,0,1,0,258,green,8297,T2C
91,0,1,0,258,green,8297,T2C
92,0,1,0,258,green,8297,T2C
93,0,1,0,258,green,8297,T2C
94,0,1,0,258,green,8297,T2C
95,0,1,0,258,green,8297,T2C
96,0,1,0,258,green,8297,T2C
97,0,1,0,258,green,8297,T2C
98,0,1,0,258,green,8297,T2C
99,0,1,0,258,green,8297,T2C
100,0,1,0,258,green,8297,T2C
101,0,1,0,258,green,8297,T2C
102,0,1,0,258,green,8297,T2C
103,0,1,0,258,green,8297,T2C
104,0,1,0,258,green,8297,T2C
105,0,1,0,258,green,8297,T2C
106,0,1,0,258,green,8297,T2C
107,0,1,0,258,green,8297,T2C
108,0,1,0,258,green,8297,T2C
109,0,1,0,258,green,8297,T2C
110,0,1,0,258,green,8297,T2C
111,0,1,0,258,green,8297,T2C
112,0,1,0,258,green,8297,T2C
113,0,1,0,258,green,8297,T2C
114,0,1,0,258,green,8297,T2C
115,0,1,0,258,green,8297,T2C
116,0,1,0,258,green,8297,T2C
117,0,1,0,258,green,8297,T2C
118,0,1,0,258,green,8297,T2C
119,0,1,0,258,green,8297,T2C
120,0,1,0,258,green,8297,T2C
121,0,1,0,258,green,8297,T2C
122,0,1,0,258,green,8297,T2C
123,0,1,0,258,green,8297,T2C
124,0,1,0,258,green,8297,T2C
125,0,1,0,258,green,8297,T2C
126,0,1,0,258,green,8297,T2C
127,0,1,0,258,green,8297,T2C
128,0,1,0,258,green,8297,T2C
129,0,1,0,258,green,8297,T2C
130,0,1,0,258,green,8297,T2C
131,0,1,0,258,green,8297,T2C
132,0,1,0,258,green,8297,T2C
133,0,1,0,258,green,8297,T2C
134,0,1,0,258,green,8297,T2C
135,0,1,0,258,green,8297,T2C
136,0,1,0,258,green,8297,T2C
137,0,1,0,258,green,8297,T2C
138,0,1,0,258,green,8297,T2C
139,0,1,0,258,green,8297,T2C
140,0,1,0,258,green,8297,T2C
141,0,1,0,258,green,8297,T2C
142,0,1,0,258,green,8297,T2C
143,0,1,0,258,green,8297,T2C
144,0,1,0,258,green,8297,T2C
145,0,1,0,258,green,8297,T2C
146,0,1,0,258,green,8297,T2C
147,0,1,0,258,green,8297,T2C
148,0,1,0,258,green,8297,T2C
149,0,1,0,258,green,8297,T2C
150,0,1,0,258,green,8297,T2C
151,0,1,0,258,green,8297,T2C
152,0,1,0,258,green,8297,T2C
153,0,1,0,258,green,8297,T2C
154,0,1,0,258,green,8297,T2C
155,0,1,0,258,green,8297,T2C
156,0,1,0,258,green,8297,T2C
157,0,1,0,258,green,8297,T2C
158,0,1,0,258,green,8297,T2C
159,0,1,0,258,green,8297,T2C
160,0,1,0,258,green,8297,T2C
161,0,1,0,258,green,8297,T2C
162,0,1,0,258,green,8297,T2C
163,0,1,0,258,green,8297,T2C
164,0,1,0,258,green,8297,T2C
165,0,1,0,258,green,8297,T2C
166,0,1,0,258,green,8297,T2C
167,0,1,0,258,green,8297,T2C
168,0,1,0,258,green,8297,T2C
169,0,1,0,258,green,8297,T2C
170,0,1,0,258,green,8297,T2C
171,0,1,0,258,green,8297,T2C
172,0,1,0,258,green,8297,T2C
173,0,1,0,258,green,8297,T2C
174,0,1,0,258,green,8297,T2C
175,0,1,0,258,green,8297,T2C
176,0,1,0,258,green,8297,T2C
177,0,1,0,258,green,8297,T2C
178,0,1,0,258,green,8297,T2C
179,0,1,0,258,green,8297,T2C
180,0,1,0,258,green,8297,T2C
181,0,1,0,258,green,8297,T2C
182,0,1,0,258,green,8297,T2C
183,0,1,0,258,green,8297,T2C
184,0,1,0,258,green,8297,T2C
185,0,1,0,258,green,8297,T2C
186,0,1,0,258,green,8297,T2C
187,0,1,0,258,green,8297,T2C
188,0,1,0,258,green,8297,T2C
189,0,1,0,258,green,8297,T2C
190,0,1,0,258,green,8297,T2C
191,0,1,0,258,green,8297,T2C
192,0,1,0,258,green,8297,T2C
193,0,1,0,258,green,8297,T2C
194,0,1,0,258,green,8297,T2C
195,0,1,0,258,green,8297,T2C
196,0,1,0,258,green,8297,T2C
197,0,1,0,258,green,8297,T2C
0,0,0,1,259,green,7622,T2C
1,0,0,1,259,green,7622,T2C
2,0,0,1,259,green,7622,T2C
3,0,0,1,259,green,7622,T2C
4,0,0,1,259,green,7622,T2C
5,0,0,1,259,green,7622,T2C
6,0,0,1,259,green,7622,T2C
7,0,0,1,259,green,7622,T2C
8,0,0,1,259,green,7622,T2C
9,0,0,1,259,green,7622,T2C
10,0,0,1,259,green,7622,T2C
11,0,0,1,259,green,7622,T2C
12,0,0,1,259,green,7622,T2C
13,0,0,1,259,green,7622,T2C
14,0,0,1,259,green,7622,T2C
15,0,0,1,259,green,7622,T2C
16,0,0,1,259,green,7622,T2C
17,0,0,1,259,green,7622,T2C
18,0,0,1,259,green,7622,T2C
19,0,0,1,259,green,7622,T2C
20,0,0,1,259,green,7622,T2C
21,0,0,1,259,green,7622,T2C
22,0,0,1,259,green,7622,T2C
23,0,0,1,259,green,7622,T2C
24,0,0,1,259,green,7622,T2C
25,1,0,0,259,green,7622,T2C
26,1,0,0,259,green,7622,T2C
27,1,0,0,259,green,7622,T2C
28,1,0,0,259,green,7622,T2C
29,1,0,0,259,green,7622,T2C
30,1,0,0,259,green,7622,T2C
31,1,0,0,259,green,7622,T2C
32,1,0,0,259,green,7622,T2C
33,1,0,0,259,green,7622,T2C
34,1,0,0,259,green,7622,T2C
35,1,0,0,259,green,7622,T2C
36,1,0,0,259,green,7622,T2C
37,1,0,0,259,green,7622,T2C
38,1,0,0,259,green,7622,T2C
39,1,0,0,259,green,7622,T2C
40,1,0,0,259,green,7622,T2C
41,1,0,0,259,green,7622,T2C
42,1,0,0,259,green,7622,T2C
43,1,0,0,259,green,7622,T2C
44,1,0,0,259,green,7622,T2C
45,1,0,0,259,green,7622,T2C
46,1,0,0,259,green,7622,T2C
47,1,0,0,259,green,7622,T2C
48,1,0,0,259,green,7622,T2C
49,0,1,0,259,green,7622,T2C
50,0,1,0,259,green,7622,T2C
51,0,1,0,259,green,7622,T2C
52,0,1,0,259,green,7622,T2C
53,0,1,0,259,green,7622,T2C
54,0,1,0,259,green,7622,T2C
55,0,1,0,259,green,7622,T2C
56,0,0,1,259,green,7622,T2C
57,1,0,0,259,green,7622,T2C
58,1,0,0,259,green,7622,T2C
59,1,0,0,259,green,7622,T2C
60,1,0,0,259,green,7622,T2C
61,1,0,0,259,green,7622,T2C
62,1,0,0,259,green,7622,T2C
63,1,0,0,259,green,7622,T2C
64,1,0,0,259,green,7622,T2C
65,1,0,0,259,green,7622,T2C
66,1,0,0,259,green,7622,T2C
67,1,0,0,259,green,7622,T2C
68,1,0,0,259,green,7622,T2C
69,1,0,0,259,green,7622,T2C
70,1,0,0,259,green,7622,T2C
71,1,0,0,259,green,7622,T2C
72,1,0,0,259,green,7622,T2C
73,1,0,0,259,green,7622,T2C
74,1,0,0,259,green,7622,T2C
75,1,0,0,259,green,7622,T2C
76,1,0,0,259,green,7622,T2C
77,1,0,0,259,green,7622,T2C
78,1,0,0,259,green,7622,T2C
79,1,0,0,259,green,7622,T2C
80,1,0,0,259,green,7622,T2C
81,1,0,0,259,green,7622,T2C
82,1,0,0,259,green,7622,T2C
83,1,0,0,259,green,7622,T2C
84,1,0,0,259,green,7622,T2C
85,1,0,0,259,green,7622,T2C
86,1,0,0,259,green,7622,T2C
87,1,0,0,259,green,7622,T2C
88,1,0,0,259,green,7622,T2C
89,1,0,0,259,green,7622,T2C
90,1,0,0,259,green,7622,T2C
91,1,0,0,259,green,7622,T2C
92,1,0,0,259,green,7622,T2C
93,1,0,0,259,green,7622,T2C
94,1,0,0,259,green,7622,T2C
95,1,0,0,259,green,7622,T2C
96,1,0,0,259,green,7622,T2C
97,1,0,0,259,green,7622,T2C
98,1,0,0,259,green,7622,T2C
99,1,0,0,259,green,7622,T2C
100,1,0,0,259,green,7622,T2C
101,1,0,0,259,green,7622,T2C
102,1,0,0,259,green,7622,T2C
103,1,0,0,259,green,7622,T2C
104,1,0,0,259,green,7622,T2C
105,1,0,0,259,green,7622,T2C
106,1,0,0,259,green,7622,T2C
107,1,0,0,259,green,7622,T2C
108,1,0,0,259,green,7622,T2C
109,1,0,0,259,green,7622,T2C
110,1,0,0,259,green,7622,T2C
111,1,0,0,259,green,7622,T2C
112,1,0,0,259,green,7622,T2C
113,1,0,0,259,green,7622,T2C
114,1,0,0,259,green,7622,T2C
115,1,0,0,259,green,7622,T2C
116,1,0,0,259,green,7622,T2C
117,1,0,0,259,green,7622,T2C
118,1,0,0,259,green,7622,T2C
119,1,0,0,259,green,7622,T2C
120,1,0,0,259,green,7622,T2C
121,1,0,0,259,green,7622,T2C
122,1,0,0,259,green,7622,T2C
123,1,0,0,259,green,7622,T2C
124,1,0,0,259,green,7622,T2C
125,1,0,0,259,green,7622,T2C
126,1,0,0,259,green,7622,T2C
127,1,0,0,259,green,7622,T2C
128,1,0,0,259,green,7622,T2C
129,1,0,0,259,green,7622,T2C
130,1,0,0,259,green,7622,T2C
131,1,0,0,259,green,7622,T2C
132,1,0,0,259,green,7622,T2C
133,1,0,0,259,green,7622,T2C
134,1,0,0,259,green,7622,T2C
135,1,0,0,259,green,7622,T2C
136,1,0,0,259,green,7622,T2C
137,1,0,0,259,green,7622,T2C
138,1,0,0,259,green,7622,T2C
139,1,0,0,259,green,7622,T2C
140,1,0,0,259,green,7622,T2C
141,1,0,0,259,green,7622,T2C
142,1,0,0,259,green,7622,T2C
143,1,0,0,259,green,7622,T2C
144,1,0,0,259,green,7622,T2C
145,1,0,0,259,green,7622,T2C
146,1,0,0,259,green,7622,T2C
147,1,0,0,259,green,7622,T2C
148,1,0,0,259,green,7622,T2C
149,1,0,0,259,green,7622,T2C
150,1,0,0,259,green,7622,T2C
151,1,0,0,259,green,7622,T2C
152,1,0,0,259,green,7622,T2C
153,1,0,0,259,green,7622,T2C
154,1,0,0,259,green,7622,T2C
155,1,0,0,259,green,7622,T2C
156,1,0,0,259,green,7622,T2C
157,1,0,0,259,green,7622,T2C
158,1,0,0,259,green,7622,T2C
159,1,0,0,259,green,7622,T2C
160,1,0,0,259,green,7622,T2C
161,1,0,0,259,green,7622,T2C
162,1,0,0,259,green,7622,T2C
163,1,0,0,259,green,7622,T2C
164,1,0,0,259,green,7622,T2C
165,1,0,0,259,green,7622,T2C
166,1,0,0,259,green,7622,T2C
167,1,0,0,259,green,7622,T2C
168,0,0,1,259,green,7622,T2C
169,0,1,0,259,green,7622,T2C
170,0,1,0,259,green,7622,T2C
171,0,1,0,259,green,7622,T2C
172,0,1,0,259,green,7622,T2C
173,0,1,0,259,green,7622,T2C
174,0,1,0,259,green,7622,T2C
175,0,1,0,259,green,7622,T2C
176,0,1,0,259,green,7622,T2C
177,0,1,0,259,green,7622,T2C
178,0,1,0,259,green,7622,T2C
179,0,1,0,259,green,7622,T2C
180,0,1,0,259,green,7622,T2C
181,0,1,0,259,green,7622,T2C
182,0,1,0,259,green,7622,T2C
183,0,1,0,259,green,7622,T2C
184,0,1,0,259,green,7622,T2C
185,0,1,0,259,green,7622,T2C
186,0,1,0,259,green,7622,T2C
187,0,1,0,259,green,7622,T2C
188,0,1,0,259,green,7622,T2C
189,0,1,0,259,green,7622,T2C
190,0,1,0,259,green,7622,T2C
191,0,1,0,259,green,7622,T2C
192,0,1,0,259,green,7622,T2C
193,0,1,0,259,green,7622,T2C
194,0,1,0,259,green,7622,T2C
195,0,1,0,259,green,7622,T2C
196,0,1,0,259,green,7622,T2C
197,0,1,0,259,green,7622,T2C
0,0,0,1,260,green,10846,T2C
1,0,0,1,260,green,10846,T2C
2,0,0,1,260,green,10846,T2C
3,0,0,1,260,green,10846,T2C
4,0,0,1,260,green,10846,T2C
5,0,0,1,260,green,10846,T2C
6,0,0,1,260,green,10846,T2C
7,0,0,1,260,green,10846,T2C
8,0,0,1,260,green,10846,T2C
9,0,0,1,260,green,10846,T2C
10,0,0,1,260,green,10846,T2C
11,0,0,1,260,green,10846,T2C
12,0,0,1,260,green,10846,T2C
13,0,0,1,260,green,10846,T2C
14,0,0,1,260,green,10846,T2C
15,0,0,1,260,green,10846,T2C
16,0,0,1,260,green,10846,T2C
17,0,0,1,260,green,10846,T2C
18,0,0,1,260,green,10846,T2C
19,0,0,1,260,green,10846,T2C
20,0,0,1,260,green,10846,T2C
21,0,0,1,260,green,10846,T2C
22,0,0,1,260,green,10846,T2C
23,0,0,1,260,green,10846,T2C
24,0,0,1,260,green,10846,T2C
25,0,0,1,260,green,10846,T2C
26,0,0,1,260,green,10846,T2C
27,0,0,1,260,green,10846,T2C
28,0,0,1,260,green,10846,T2C
29,0,0,1,260,green,10846,T2C
30,0,0,1,260,green,10846,T2C
31,0,0,1,260,green,10846,T2C
32,0,0,1,260,green,10846,T2C
33,0,0,1,260,green,10846,T2C
34,0,0,1,260,green,10846,T2C
35,0,0,1,260,green,10846,T2C
36,0,0,1,260,green,10846,T2C
37,0,0,1,260,green,10846,T2C
38,0,0,1,260,green,10846,T2C
39,0,0,1,260,green,10846,T2C
40,0,0,1,260,green,10846,T2C
41,0,0,1,260,green,10846,T2C
42,0,0,1,260,green,10846,T2C
43,0,1,0,260,green,10846,T2C
44,0,1,0,260,green,10846,T2C
45,0,1,0,260,green,10846,T2C
46,0,1,0,260,green,10846,T2C
47,0,1,0,260,green,10846,T2C
48,0,1,0,260,green,10846,T2C
49,0,1,0,260,green,10846,T2C
50,0,1,0,260,green,10846,T2C
51,0,1,0,260,green,10846,T2C
52,0,1,0,260,green,10846,T2C
53,0,1,0,260,green,10846,T2C
54,0,1,0,260,green,10846,T2C
55,0,1,0,260,green,10846,T2C
56,0,1,0,260,green,10846,T2C
57,0,1,0,260,green,10846,T2C
58,0,1,0,260,green,10846,T2C
59,0,1,0,260,green,10846,T2C
60,0,1,0,260,green,10846,T2C
61,0,1,0,260,green,10846,T2C
62,0,1,0,260,green,10846,T2C
63,0,1,0,260,green,10846,T2C
64,0,1,0,260,green,10846,T2C
65,0,1,0,260,green,10846,T2C
66,0,1,0,260,green,10846,T2C
67,0,1,0,260,green,10846,T2C
68,0,1,0,260,green,10846,T2C
69,0,1,0,260,green,10846,T2C
70,0,1,0,260,green,10846,T2C
71,0,1,0,260,green,10846,T2C
72,0,1,0,260,green,10846,T2C
73,0,1,0,260,green,10846,T2C
74,0,1,0,260,green,10846,T2C
75,0,1,0,260,green,10846,T2C
76,0,1,0,260,green,10846,T2C
77,0,1,0,260,green,10846,T2C
78,0,1,0,260,green,10846,T2C
79,0,1,0,260,green,10846,T2C
80,0,1,0,260,green,10846,T2C
81,0,1,0,260,green,10846,T2C
82,0,1,0,260,green,10846,T2C
83,0,1,0,260,green,10846,T2C
84,0,1,0,260,green,10846,T2C
85,0,1,0,260,green,10846,T2C
86,0,1,0,260,green,10846,T2C
87,0,1,0,260,green,10846,T2C
88,0,1,0,260,green,10846,T2C
89,0,1,0,260,green,10846,T2C
90,0,1,0,260,green,10846,T2C
91,0,1,0,260,green,10846,T2C
92,0,1,0,260,green,10846,T2C
93,0,1,0,260,green,10846,T2C
94,0,1,0,260,green,10846,T2C
95,0,1,0,260,green,10846,T2C
96,0,1,0,260,green,10846,T2C
97,0,1,0,260,green,10846,T2C
98,0,1,0,260,green,10846,T2C
99,0,1,0,260,green,10846,T2C
100,0,1,0,260,green,10846,T2C
101,0,1,0,260,green,10846,T2C
102,0,1,0,260,green,10846,T2C
103,0,1,0,260,green,10846,T2C
104,0,1,0,260,green,10846,T2C
105,0,1,0,260,green,10846,T2C
106,0,1,0,260,green,10846,T2C
107,0,1,0,260,green,10846,T2C
108,0,1,0,260,green,10846,T2C
109,0,1,0,260,green,10846,T2C
110,0,1,0,260,green,10846,T2C
111,0,1,0,260,green,10846,T2C
112,0,1,0,260,green,10846,T2C
113,0,1,0,260,green,10846,T2C
114,0,1,0,260,green,10846,T2C
115,0,1,0,260,green,10846,T2C
116,0,1,0,260,green,10846,T2C
117,0,1,0,260,green,10846,T2C
118,0,1,0,260,green,10846,T2C
119,0,1,0,260,green,10846,T2C
120,0,1,0,260,green,10846,T2C
121,0,1,0,260,green,10846,T2C
122,0,1,0,260,green,10846,T2C
123,0,1,0,260,green,10846,T2C
124,0,1,0,260,green,10846,T2C
125,0,1,0,260,green,10846,T2C
126,0,1,0,260,green,10846,T2C
127,0,1,0,260,green,10846,T2C
128,0,1,0,260,green,10846,T2C
129,0,1,0,260,green,10846,T2C
130,0,1,0,260,green,10846,T2C
131,0,1,0,260,green,10846,T2C
132,0,1,0,260,green,10846,T2C
133,0,1,0,260,green,10846,T2C
134,0,1,0,260,green,10846,T2C
135,0,1,0,260,green,10846,T2C
136,0,1,0,260,green,10846,T2C
137,0,1,0,260,green,10846,T2C
138,0,1,0,260,green,10846,T2C
139,0,1,0,260,green,10846,T2C
140,0,1,0,260,green,10846,T2C
141,0,1,0,260,green,10846,T2C
142,0,1,0,260,green,10846,T2C
143,0,1,0,260,green,10846,T2C
144,0,1,0,260,green,10846,T2C
145,0,1,0,260,green,10846,T2C
146,0,1,0,260,green,10846,T2C
147,0,1,0,260,green,10846,T2C
148,0,1,0,260,green,10846,T2C
149,0,1,0,260,green,10846,T2C
150,0,1,0,260,green,10846,T2C
151,0,1,0,260,green,10846,T2C
152,0,1,0,260,green,10846,T2C
153,0,1,0,260,green,10846,T2C
154,0,1,0,260,green,10846,T2C
155,0,1,0,260,green,10846,T2C
156,0,1,0,260,green,10846,T2C
157,0,1,0,260,green,10846,T2C
158,0,1,0,260,green,10846,T2C
159,0,1,0,260,green,10846,T2C
160,0,1,0,260,green,10846,T2C
161,0,1,0,260,green,10846,T2C
162,0,1,0,260,green,10846,T2C
163,0,1,0,260,green,10846,T2C
164,0,1,0,260,green,10846,T2C
165,0,1,0,260,green,10846,T2C
166,0,1,0,260,green,10846,T2C
167,0,1,0,260,green,10846,T2C
168,0,1,0,260,green,10846,T2C
169,0,1,0,260,green,10846,T2C
170,0,1,0,260,green,10846,T2C
171,0,1,0,260,green,10846,T2C
172,0,1,0,260,green,10846,T2C
173,0,1,0,260,green,10846,T2C
174,0,1,0,260,green,10846,T2C
175,0,1,0,260,green,10846,T2C
176,0,1,0,260,green,10846,T2C
177,0,1,0,260,green,10846,T2C
178,0,1,0,260,green,10846,T2C
179,0,1,0,260,green,10846,T2C
180,0,1,0,260,green,10846,T2C
181,0,1,0,260,green,10846,T2C
182,0,1,0,260,green,10846,T2C
183,0,1,0,260,green,10846,T2C
184,0,1,0,260,green,10846,T2C
185,0,1,0,260,green,10846,T2C
186,0,1,0,260,green,10846,T2C
187,0,1,0,260,green,10846,T2C
188,0,1,0,260,green,10846,T2C
189,0,1,0,260,green,10846,T2C
190,0,1,0,260,green,10846,T2C
191,0,1,0,260,green,10846,T2C
192,0,1,0,260,green,10846,T2C
193,0,1,0,260,green,10846,T2C
194,0,1,0,260,green,10846,T2C
195,0,1,0,260,green,10846,T2C
196,0,1,0,260,green,10846,T2C
197,0,1,0,260,green,10846,T2C
0,0,0,1,261,green,7069,T2C
1,0,0,1,261,green,7069,T2C
2,0,0,1,261,green,7069,T2C
3,0,0,1,261,green,7069,T2C
4,0,0,1,261,green,7069,T2C
5,0,0,1,261,green,7069,T2C
6,0,0,1,261,green,7069,T2C
7,0,0,1,261,green,7069,T2C
8,0,0,1,261,green,7069,T2C
9,0,0,1,261,green,7069,T2C
10,0,0,1,261,green,7069,T2C
11,0,0,1,261,green,7069,T2C
12,0,0,1,261,green,7069,T2C
13,0,0,1,261,green,7069,T2C
14,0,0,1,261,green,7069,T2C
15,0,0,1,261,green,7069,T2C
16,0,0,1,261,green,7069,T2C
17,0,0,1,261,green,7069,T2C
18,0,0,1,261,green,7069,T2C
19,0,0,1,261,green,7069,T2C
20,0,0,1,261,green,7069,T2C
21,0,0,1,261,green,7069,T2C
22,0,0,1,261,green,7069,T2C
23,0,0,1,261,green,7069,T2C
24,0,0,1,261,green,7069,T2C
25,0,0,1,261,green,7069,T2C
26,0,0,1,261,green,7069,T2C
27,0,0,1,261,green,7069,T2C
28,0,0,1,261,green,7069,T2C
29,1,0,0,261,green,7069,T2C
30,1,0,0,261,green,7069,T2C
31,1,0,0,261,green,7069,T2C
32,1,0,0,261,green,7069,T2C
33,1,0,0,261,green,7069,T2C
34,1,0,0,261,green,7069,T2C
35,1,0,0,261,green,7069,T2C
36,1,0,0,261,green,7069,T2C
37,1,0,0,261,green,7069,T2C
38,1,0,0,261,green,7069,T2C
39,1,0,0,261,green,7069,T2C
40,1,0,0,261,green,7069,T2C
41,1,0,0,261,green,7069,T2C
42,1,0,0,261,green,7069,T2C
43,1,0,0,261,green,7069,T2C
44,1,0,0,261,green,7069,T2C
45,1,0,0,261,green,7069,T2C
46,1,0,0,261,green,7069,T2C
47,1,0,0,261,green,7069,T2C
48,1,0,0,261,green,7069,T2C
49,1,0,0,261,green,7069,T2C
50,1,0,0,261,green,7069,T2C
51,1,0,0,261,green,7069,T2C
52,1,0,0,261,green,7069,T2C
53,1,0,0,261,green,7069,T2C
54,1,0,0,261,green,7069,T2C
55,1,0,0,261,green,7069,T2C
56,1,0,0,261,green,7069,T2C
57,1,0,0,261,green,7069,T2C
58,1,0,0,261,green,7069,T2C
59,1,0,0,261,green,7069,T2C
60,1,0,0,261,green,7069,T2C
61,1,0,0,261,green,7069,T2C
62,0,0,1,261,green,7069,T2C
63,0,0,1,261,green,7069,T2C
64,0,0,1,261,green,7069,T2C
65,0,0,1,261,green,7069,T2C
66,0,0,1,261,green,7069,T2C
67,0,0,1,261,green,7069,T2C
68,0,0,1,261,green,7069,T2C
69,0,1,0,261,green,7069,T2C
70,0,1,0,261,green,7069,T2C
71,0,1,0,261,green,7069,T2C
72,0,1,0,261,green,7069,T2C
73,0,1,0,261,green,7069,T2C
74,0,1,0,261,green,7069,T2C
75,0,1,0,261,green,7069,T2C
76,0,1,0,261,green,7069,T2C
77,0,1,0,261,green,7069,T2C
78,0,1,0,261,green,7069,T2C
79,0,1,0,261,green,7069,T2C
80,0,1,0,261,green,7069,T2C
81,0,1,0,261,green,7069,T2C
82,0,1,0,261,green,7069,T2C
83,0,1,0,261,green,7069,T2C
84,0,1,0,261,green,7069,T2C
85,0,1,0,261,green,7069,T2C
86,0,1,0,261,green,7069,T2C
87,0,1,0,261,green,7069,T2C
88,0,1,0,261,green,7069,T2C
89,0,1,0,261,green,7069,T2C
90,0,1,0,261,green,7069,T2C
91,0,1,0,261,green,7069,T2C
92,0,1,0,261,green,7069,T2C
93,0,1,0,261,green,7069,T2C
94,0,1,0,261,green,7069,T2C
95,0,1,0,261,green,7069,T2C
96,0,1,0,261,green,7069,T2C
97,0,1,0,261,green,7069,T2C
98,0,1,0,261,green,7069,T2C
99,0,1,0,261,green,7069,T2C
100,0,1,0,261,green,7069,T2C
101,0,1,0,261,green,7069,T2C
102,0,1,0,261,green,7069,T2C
103,0,1,0,261,green,7069,T2C
104,0,1,0,261,green,7069,T2C
105,0,1,0,261,green,7069,T2C
106,0,1,0,261,green,7069,T2C
107,0,1,0,261,green,7069,T2C
108,0,1,0,261,green,7069,T2C
109,0,1,0,261,green,7069,T2C
110,0,1,0,261,green,7069,T2C
111,0,1,0,261,green,7069,T2C
112,0,1,0,261,green,7069,T2C
113,0,1,0,261,green,7069,T2C
114,0,1,0,261,green,7069,T2C
115,0,1,0,261,green,7069,T2C
116,0,1,0,261,green,7069,T2C
117,0,1,0,261,green,7069,T2C
118,0,1,0,261,green,7069,T2C
119,0,1,0,261,green,7069,T2C
120,0,1,0,261,green,7069,T2C
121,0,1,0,261,green,7069,T2C
122,0,1,0,261,green,7069,T2C
123,0,1,0,261,green,7069,T2C
124,0,1,0,261,green,7069,T2C
125,0,1,0,261,green,7069,T2C
126,0,1,0,261,green,7069,T2C
127,0,1,0,261,green,7069,T2C
128,0,1,0,261,green,7069,T2C
129,0,1,0,261,green,7069,T2C
130,0,1,0,261,green,7069,T2C
131,0,1,0,261,green,7069,T2C
132,0,1,0,261,green,7069,T2C
133,0,1,0,261,green,7069,T2C
134,0,1,0,261,green,7069,T2C
135,0,1,0,261,green,7069,T2C
136,0,1,0,261,green,7069,T2C
137,0,1,0,261,green,7069,T2C
138,0,1,0,261,green,7069,T2C
139,0,1,0,261,green,7069,T2C
140,0,1,0,261,green,7069,T2C
141,0,1,0,261,green,7069,T2C
142,0,1,0,261,green,7069,T2C
143,0,1,0,261,green,7069,T2C
144,0,1,0,261,green,7069,T2C
145,0,1,0,261,green,7069,T2C
146,0,1,0,261,green,7069,T2C
147,0,1,0,261,green,7069,T2C
148,0,1,0,261,green,7069,T2C
149,0,1,0,261,green,7069,T2C
150,0,1,0,261,green,7069,T2C
151,0,1,0,261,green,7069,T2C
152,0,1,0,261,green,7069,T2C
153,0,1,0,261,green,7069,T2C
154,0,1,0,261,green,7069,T2C
155,0,1,0,261,green,7069,T2C
156,0,1,0,261,green,7069,T2C
157,0,1,0,261,green,7069,T2C
158,0,1,0,261,green,7069,T2C
159,0,1,0,261,green,7069,T2C
160,0,1,0,261,green,7069,T2C
161,0,1,0,261,green,7069,T2C
162,0,1,0,261,green,7069,T2C
163,0,1,0,261,green,7069,T2C
164,0,1,0,261,green,7069,T2C
165,0,1,0,261,green,7069,T2C
166,0,1,0,261,green,7069,T2C
167,0,1,0,261,green,7069,T2C
168,0,1,0,261,green,7069,T2C
169,0,1,0,261,green,7069,T2C
170,0,1,0,261,green,7069,T2C
171,0,1,0,261,green,7069,T2C
172,0,1,0,261,green,7069,T2C
173,0,1,0,261,green,7069,T2C
174,0,1,0,261,green,7069,T2C
175,0,1,0,261,green,7069,T2C
176,0,1,0,261,green,7069,T2C
177,0,1,0,261,green,7069,T2C
178,0,1,0,261,green,7069,T2C
179,0,1,0,261,green,7069,T2C
180,0,1,0,261,green,7069,T2C
181,0,1,0,261,green,7069,T2C
182,0,1,0,261,green,7069,T2C
183,0,1,0,261,green,7069,T2C
184,0,1,0,261,green,7069,T2C
185,0,1,0,261,green,7069,T2C
186,0,1,0,261,green,7069,T2C
187,0,1,0,261,green,7069,T2C
188,0,1,0,261,green,7069,T2C
189,0,1,0,261,green,7069,T2C
190,0,1,0,261,green,7069,T2C
191,0,1,0,261,green,7069,T2C
192,0,1,0,261,green,7069,T2C
193,0,1,0,261,green,7069,T2C
194,0,1,0,261,green,7069,T2C
195,0,1,0,261,green,7069,T2C
196,0,1,0,261,green,7069,T2C
197,0,1,0,261,green,7069,T2C
0,0,0,1,262,green,9525,T2C
1,0,0,1,262,green,9525,T2C
2,0,0,1,262,green,9525,T2C
3,0,0,1,262,green,9525,T2C
4,0,0,1,262,green,9525,T2C
5,0,0,1,262,green,9525,T2C
6,0,0,1,262,green,9525,T2C
7,0,0,1,262,green,9525,T2C
8,0,0,1,262,green,9525,T2C
9,0,0,1,262,green,9525,T2C
10,0,0,1,262,green,9525,T2C
11,0,0,1,262,green,9525,T2C
12,0,0,1,262,green,9525,T2C
13,0,0,1,262,green,9525,T2C
14,0,0,1,262,green,9525,T2C
15,0,0,1,262,green,9525,T2C
16,0,0,1,262,green,9525,T2C
17,0,0,1,262,green,9525,T2C
18,0,0,1,262,green,9525,T2C
19,0,0,1,262,green,9525,T2C
20,0,0,1,262,green,9525,T2C
21,0,0,1,262,green,9525,T2C
22,0,0,1,262,green,9525,T2C
23,0,0,1,262,green,9525,T2C
24,0,0,1,262,green,9525,T2C
25,0,0,1,262,green,9525,T2C
26,0,0,1,262,green,9525,T2C
27,0,0,1,262,green,9525,T2C
28,0,0,1,262,green,9525,T2C
29,0,0,1,262,green,9525,T2C
30,0,0,1,262,green,9525,T2C
31,0,0,1,262,green,9525,T2C
32,0,0,1,262,green,9525,T2C
33,0,0,1,262,green,9525,T2C
34,0,0,1,262,green,9525,T2C
35,0,0,1,262,green,9525,T2C
36,0,0,1,262,green,9525,T2C
37,0,0,1,262,green,9525,T2C
38,0,0,1,262,green,9525,T2C
39,0,0,1,262,green,9525,T2C
40,0,0,1,262,green,9525,T2C
41,0,0,1,262,green,9525,T2C
42,0,0,1,262,green,9525,T2C
43,0,0,1,262,green,9525,T2C
44,0,0,1,262,green,9525,T2C
45,0,0,1,262,green,9525,T2C
46,0,0,1,262,green,9525,T2C
47,0,0,1,262,green,9525,T2C
48,0,0,1,262,green,9525,T2C
49,0,0,1,262,green,9525,T2C
50,0,0,1,262,green,9525,T2C
51,0,0,1,262,green,9525,T2C
52,0,0,1,262,green,9525,T2C
53,0,0,1,262,green,9525,T2C
54,0,0,1,262,green,9525,T2C
55,0,0,1,262,green,9525,T2C
56,0,0,1,262,green,9525,T2C
57,0,0,1,262,green,9525,T2C
58,0,0,1,262,green,9525,T2C
59,0,0,1,262,green,9525,T2C
60,0,0,1,262,green,9525,T2C
61,0,0,1,262,green,9525,T2C
62,0,0,1,262,green,9525,T2C
63,0,0,1,262,green,9525,T2C
64,0,0,1,262,green,9525,T2C
65,0,0,1,262,green,9525,T2C
66,0,0,1,262,green,9525,T2C
67,0,0,1,262,green,9525,T2C
68,0,0,1,262,green,9525,T2C
69,0,0,1,262,green,9525,T2C
70,0,0,1,262,green,9525,T2C
71,0,0,1,262,green,9525,T2C
72,0,0,1,262,green,9525,T2C
73,0,0,1,262,green,9525,T2C
74,0,1,0,262,green,9525,T2C
75,0,1,0,262,green,9525,T2C
76,0,1,0,262,green,9525,T2C
77,0,1,0,262,green,9525,T2C
78,0,1,0,262,green,9525,T2C
79,0,1,0,262,green,9525,T2C
80,0,1,0,262,green,9525,T2C
81,0,1,0,262,green,9525,T2C
82,0,1,0,262,green,9525,T2C
83,0,1,0,262,green,9525,T2C
84,0,1,0,262,green,9525,T2C
85,0,1,0,262,green,9525,T2C
86,0,1,0,262,green,9525,T2C
87,0,1,0,262,green,9525,T2C
88,0,1,0,262,green,9525,T2C
89,0,1,0,262,green,9525,T2C
90,0,1,0,262,green,9525,T2C
91,0,1,0,262,green,9525,T2C
92,0,1,0,262,green,9525,T2C
93,0,1,0,262,green,9525,T2C
94,0,1,0,262,green,9525,T2C
95,0,1,0,262,green,9525,T2C
96,0,1,0,262,green,9525,T2C
97,0,1,0,262,green,9525,T2C
98,0,1,0,262,green,9525,T2C
99,0,1,0,262,green,9525,T2C
100,0,1,0,262,green,9525,T2C
101,0,1,0,262,green,9525,T2C
102,0,1,0,262,green,9525,T2C
103,0,1,0,262,green,9525,T2C
104,0,1,0,262,green,9525,T2C
105,0,1,0,262,green,9525,T2C
106,0,1,0,262,green,9525,T2C
107,0,1,0,262,green,9525,T2C
108,0,1,0,262,green,9525,T2C
109,0,1,0,262,green,9525,T2C
110,0,1,0,262,green,9525,T2C
111,0,1,0,262,green,9525,T2C
112,0,1,0,262,green,9525,T2C
113,0,1,0,262,green,9525,T2C
114,0,1,0,262,green,9525,T2C
115,0,1,0,262,green,9525,T2C
116,0,1,0,262,green,9525,T2C
117,0,1,0,262,green,9525,T2C
118,0,1,0,262,green,9525,T2C
119,0,1,0,262,green,9525,T2C
120,0,1,0,262,green,9525,T2C
121,0,1,0,262,green,9525,T2C
122,0,1,0,262,green,9525,T2C
123,0,1,0,262,green,9525,T2C
124,0,1,0,262,green,9525,T2C
125,0,1,0,262,green,9525,T2C
126,0,1,0,262,green,9525,T2C
127,0,1,0,262,green,9525,T2C
128,0,1,0,262,green,9525,T2C
129,0,1,0,262,green,9525,T2C
130,0,1,0,262,green,9525,T2C
131,0,1,0,262,green,9525,T2C
132,0,1,0,262,green,9525,T2C
133,0,1,0,262,green,9525,T2C
134,0,1,0,262,green,9525,T2C
135,0,1,0,262,green,9525,T2C
136,0,1,0,262,green,9525,T2C
137,0,1,0,262,green,9525,T2C
138,0,1,0,262,green,9525,T2C
139,0,1,0,262,green,9525,T2C
140,0,1,0,262,green,9525,T2C
141,0,1,0,262,green,9525,T2C
142,0,1,0,262,green,9525,T2C
143,0,1,0,262,green,9525,T2C
144,0,0,1,262,green,9525,T2C
145,0,0,1,262,green,9525,T2C
146,0,0,1,262,green,9525,T2C
147,0,0,1,262,green,9525,T2C
148,0,0,1,262,green,9525,T2C
149,0,0,1,262,green,9525,T2C
150,0,0,1,262,green,9525,T2C
151,0,0,1,262,green,9525,T2C
152,0,0,1,262,green,9525,T2C
153,0,0,1,262,green,9525,T2C
154,0,0,1,262,green,9525,T2C
155,0,0,1,262,green,9525,T2C
156,0,0,1,262,green,9525,T2C
157,0,0,1,262,green,9525,T2C
158,0,0,1,262,green,9525,T2C
159,0,0,1,262,green,9525,T2C
160,0,0,1,262,green,9525,T2C
161,0,0,1,262,green,9525,T2C
162,0,0,1,262,green,9525,T2C
163,0,0,1,262,green,9525,T2C
164,0,0,1,262,green,9525,T2C
165,0,0,1,262,green,9525,T2C
166,0,0,1,262,green,9525,T2C
167,0,0,1,262,green,9525,T2C
168,0,0,1,262,green,9525,T2C
169,0,0,1,262,green,9525,T2C
170,0,0,1,262,green,9525,T2C
171,0,0,1,262,green,9525,T2C
172,0,0,1,262,green,9525,T2C
173,0,0,1,262,green,9525,T2C
174,0,0,1,262,green,9525,T2C
175,0,1,0,262,green,9525,T2C
176,0,1,0,262,green,9525,T2C
177,0,1,0,262,green,9525,T2C
178,0,1,0,262,green,9525,T2C
179,0,1,0,262,green,9525,T2C
180,0,1,0,262,green,9525,T2C
181,0,1,0,262,green,9525,T2C
182,0,1,0,262,green,9525,T2C
183,0,1,0,262,green,9525,T2C
184,0,1,0,262,green,9525,T2C
185,0,1,0,262,green,9525,T2C
186,0,1,0,262,green,9525,T2C
187,0,1,0,262,green,9525,T2C
188,0,1,0,262,green,9525,T2C
189,0,1,0,262,green,9525,T2C
190,0,1,0,262,green,9525,T2C
191,0,1,0,262,green,9525,T2C
192,0,1,0,262,green,9525,T2C
193,0,1,0,262,green,9525,T2C
194,0,1,0,262,green,9525,T2C
195,0,1,0,262,green,9525,T2C
196,0,1,0,262,green,9525,T2C
197,0,1,0,262,green,9525,T2C
0,0,0,1,263,green,9094,T2C
1,0,0,1,263,green,9094,T2C
2,0,0,1,263,green,9094,T2C
3,0,0,1,263,green,9094,T2C
4,0,0,1,263,green,9094,T2C
5,0,0,1,263,green,9094,T2C
6,0,0,1,263,green,9094,T2C
7,0,0,1,263,green,9094,T2C
8,0,0,1,263,green,9094,T2C
9,0,0,1,263,green,9094,T2C
10,0,0,1,263,green,9094,T2C
11,0,0,1,263,green,9094,T2C
12,0,0,1,263,green,9094,T2C
13,0,0,1,263,green,9094,T2C
14,0,0,1,263,green,9094,T2C
15,0,0,1,263,green,9094,T2C
16,0,0,1,263,green,9094,T2C
17,0,0,1,263,green,9094,T2C
18,0,0,1,263,green,9094,T2C
19,0,0,1,263,green,9094,T2C
20,0,0,1,263,green,9094,T2C
21,0,0,1,263,green,9094,T2C
22,0,0,1,263,green,9094,T2C
23,0,0,1,263,green,9094,T2C
24,0,0,1,263,green,9094,T2C
25,0,0,1,263,green,9094,T2C
26,0,0,1,263,green,9094,T2C
27,0,0,1,263,green,9094,T2C
28,0,0,1,263,green,9094,T2C
29,0,0,1,263,green,9094,T2C
30,0,0,1,263,green,9094,T2C
31,0,0,1,263,green,9094,T2C
32,0,0,1,263,green,9094,T2C
33,0,0,1,263,green,9094,T2C
34,0,0,1,263,green,9094,T2C
35,0,0,1,263,green,9094,T2C
36,0,0,1,263,green,9094,T2C
37,0,0,1,263,green,9094,T2C
38,0,0,1,263,green,9094,T2C
39,0,0,1,263,green,9094,T2C
40,0,0,1,263,green,9094,T2C
41,0,0,1,263,green,9094,T2C
42,0,0,1,263,green,9094,T2C
43,0,0,1,263,green,9094,T2C
44,0,0,1,263,green,9094,T2C
45,0,0,1,263,green,9094,T2C
46,0,0,1,263,green,9094,T2C
47,0,0,1,263,green,9094,T2C
48,0,0,1,263,green,9094,T2C
49,0,0,1,263,green,9094,T2C
50,0,0,1,263,green,9094,T2C
51,0,0,1,263,green,9094,T2C
52,0,0,1,263,green,9094,T2C
53,0,0,1,263,green,9094,T2C
54,0,0,1,263,green,9094,T2C
55,0,0,1,263,green,9094,T2C
56,0,0,1,263,green,9094,T2C
57,0,0,1,263,green,9094,T2C
58,0,0,1,263,green,9094,T2C
59,0,0,1,263,green,9094,T2C
60,0,0,1,263,green,9094,T2C
61,0,0,1,263,green,9094,T2C
62,0,0,1,263,green,9094,T2C
63,0,0,1,263,green,9094,T2C
64,0,0,1,263,green,9094,T2C
65,0,0,1,263,green,9094,T2C
66,0,0,1,263,green,9094,T2C
67,0,0,1,263,green,9094,T2C
68,0,0,1,263,green,9094,T2C
69,0,0,1,263,green,9094,T2C
70,0,0,1,263,green,9094,T2C
71,0,0,1,263,green,9094,T2C
72,0,0,1,263,green,9094,T2C
73,0,0,1,263,green,9094,T2C
74,0,0,1,263,green,9094,T2C
75,0,0,1,263,green,9094,T2C
76,0,0,1,263,green,9094,T2C
77,0,0,1,263,green,9094,T2C
78,0,0,1,263,green,9094,T2C
79,0,0,1,263,green,9094,T2C
80,0,0,1,263,green,9094,T2C
81,0,0,1,263,green,9094,T2C
82,0,0,1,263,green,9094,T2C
83,0,0,1,263,green,9094,T2C
84,0,0,1,263,green,9094,T2C
85,0,0,1,263,green,9094,T2C
86,0,0,1,263,green,9094,T2C
87,0,0,1,263,green,9094,T2C
88,0,0,1,263,green,9094,T2C
89,0,0,1,263,green,9094,T2C
90,0,0,1,263,green,9094,T2C
91,0,0,1,263,green,9094,T2C
92,0,0,1,263,green,9094,T2C
93,0,0,1,263,green,9094,T2C
94,0,0,1,263,green,9094,T2C
95,0,0,1,263,green,9094,T2C
96,0,0,1,263,green,9094,T2C
97,0,0,1,263,green,9094,T2C
98,0,0,1,263,green,9094,T2C
99,0,0,1,263,green,9094,T2C
100,0,0,1,263,green,9094,T2C
101,0,0,1,263,green,9094,T2C
102,0,0,1,263,green,9094,T2C
103,0,0,1,263,green,9094,T2C
104,0,0,1,263,green,9094,T2C
105,0,0,1,263,green,9094,T2C
106,0,0,1,263,green,9094,T2C
107,0,0,1,263,green,9094,T2C
108,0,0,1,263,green,9094,T2C
109,0,0,1,263,green,9094,T2C
110,0,0,1,263,green,9094,T2C
111,0,0,1,263,green,9094,T2C
112,0,0,1,263,green,9094,T2C
113,0,0,1,263,green,9094,T2C
114,0,0,1,263,green,9094,T2C
115,0,0,1,263,green,9094,T2C
116,0,0,1,263,green,9094,T2C
117,0,0,1,263,green,9094,T2C
118,0,0,1,263,green,9094,T2C
119,0,0,1,263,green,9094,T2C
120,0,0,1,263,green,9094,T2C
121,0,0,1,263,green,9094,T2C
122,0,0,1,263,green,9094,T2C
123,0,0,1,263,green,9094,T2C
124,0,0,1,263,green,9094,T2C
125,0,0,1,263,green,9094,T2C
126,0,0,1,263,green,9094,T2C
127,0,0,1,263,green,9094,T2C
128,0,0,1,263,green,9094,T2C
129,0,0,1,263,green,9094,T2C
130,0,0,1,263,green,9094,T2C
131,0,0,1,263,green,9094,T2C
132,0,0,1,263,green,9094,T2C
133,0,0,1,263,green,9094,T2C
134,0,0,1,263,green,9094,T2C
135,0,0,1,263,green,9094,T2C
136,0,0,1,263,green,9094,T2C
137,0,0,1,263,green,9094,T2C
138,0,0,1,263,green,9094,T2C
139,0,0,1,263,green,9094,T2C
140,0,0,1,263,green,9094,T2C
141,0,0,1,263,green,9094,T2C
142,0,0,1,263,green,9094,T2C
143,0,0,1,263,green,9094,T2C
144,0,0,1,263,green,9094,T2C
145,0,0,1,263,green,9094,T2C
146,0,0,1,263,green,9094,T2C
147,0,0,1,263,green,9094,T2C
148,0,0,1,263,green,9094,T2C
149,0,0,1,263,green,9094,T2C
150,0,0,1,263,green,9094,T2C
151,0,0,1,263,green,9094,T2C
152,0,0,1,263,green,9094,T2C
153,0,0,1,263,green,9094,T2C
154,0,0,1,263,green,9094,T2C
155,0,0,1,263,green,9094,T2C
156,0,0,1,263,green,9094,T2C
157,0,0,1,263,green,9094,T2C
158,0,0,1,263,green,9094,T2C
159,0,0,1,263,green,9094,T2C
160,0,0,1,263,green,9094,T2C
161,0,0,1,263,green,9094,T2C
162,0,0,1,263,green,9094,T2C
163,0,0,1,263,green,9094,T2C
164,0,0,1,263,green,9094,T2C
165,0,0,1,263,green,9094,T2C
166,0,0,1,263,green,9094,T2C
167,0,0,1,263,green,9094,T2C
168,0,0,1,263,green,9094,T2C
169,0,0,1,263,green,9094,T2C
170,0,0,1,263,green,9094,T2C
171,0,0,1,263,green,9094,T2C
172,0,0,1,263,green,9094,T2C
173,0,0,1,263,green,9094,T2C
174,0,0,1,263,green,9094,T2C
175,0,1,0,263,green,9094,T2C
176,0,1,0,263,green,9094,T2C
177,0,1,0,263,green,9094,T2C
178,0,1,0,263,green,9094,T2C
179,0,1,0,263,green,9094,T2C
180,0,1,0,263,green,9094,T2C
181,0,1,0,263,green,9094,T2C
182,0,1,0,263,green,9094,T2C
183,0,1,0,263,green,9094,T2C
184,0,1,0,263,green,9094,T2C
185,0,1,0,263,green,9094,T2C
186,0,1,0,263,green,9094,T2C
187,0,1,0,263,green,9094,T2C
188,0,1,0,263,green,9094,T2C
189,0,1,0,263,green,9094,T2C
190,0,1,0,263,green,9094,T2C
191,0,1,0,263,green,9094,T2C
192,0,1,0,263,green,9094,T2C
193,0,1,0,263,green,9094,T2C
194,0,1,0,263,green,9094,T2C
195,0,1,0,263,green,9094,T2C
196,0,1,0,263,green,9094,T2C
197,0,1,0,263,green,9094,T2C
0,0,0,1,264,green,7298,T2C
1,0,0,1,264,green,7298,T2C
2,0,0,1,264,green,7298,T2C
3,0,0,1,264,green,7298,T2C
4,0,0,1,264,green,7298,T2C
5,0,0,1,264,green,7298,T2C
6,0,0,1,264,green,7298,T2C
7,0,0,1,264,green,7298,T2C
8,0,0,1,264,green,7298,T2C
9,0,0,1,264,green,7298,T2C
10,0,0,1,264,green,7298,T2C
11,0,0,1,264,green,7298,T2C
12,0,0,1,264,green,7298,T2C
13,0,0,1,264,green,7298,T2C
14,0,0,1,264,green,7298,T2C
15,0,0,1,264,green,7298,T2C
16,0,0,1,264,green,7298,T2C
17,0,0,1,264,green,7298,T2C
18,0,0,1,264,green,7298,T2C
19,0,0,1,264,green,7298,T2C
20,1,0,0,264,green,7298,T2C
21,1,0,0,264,green,7298,T2C
22,1,0,0,264,green,7298,T2C
23,1,0,0,264,green,7298,T2C
24,1,0,0,264,green,7298,T2C
25,1,0,0,264,green,7298,T2C
26,1,0,0,264,green,7298,T2C
27,1,0,0,264,green,7298,T2C
28,0,0,1,264,green,7298,T2C
29,0,0,1,264,green,7298,T2C
30,0,1,0,264,green,7298,T2C
31,0,1,0,264,green,7298,T2C
32,0,1,0,264,green,7298,T2C
33,0,1,0,264,green,7298,T2C
34,0,1,0,264,green,7298,T2C
35,0,1,0,264,green,7298,T2C
36,0,0,1,264,green,7298,T2C
37,0,0,1,264,green,7298,T2C
38,0,0,1,264,green,7298,T2C
39,0,0,1,264,green,7298,T2C
40,0,0,1,264,green,7298,T2C
41,0,0,1,264,green,7298,T2C
42,1,0,0,264,green,7298,T2C
43,1,0,0,264,green,7298,T2C
44,1,0,0,264,green,7298,T2C
45,1,0,0,264,green,7298,T2C
46,1,0,0,264,green,7298,T2C
47,1,0,0,264,green,7298,T2C
48,1,0,0,264,green,7298,T2C
49,1,0,0,264,green,7298,T2C
50,1,0,0,264,green,7298,T2C
51,1,0,0,264,green,7298,T2C
52,1,0,0,264,green,7298,T2C
53,1,0,0,264,green,7298,T2C
54,1,0,0,264,green,7298,T2C
55,1,0,0,264,green,7298,T2C
56,1,0,0,264,green,7298,T2C
57,1,0,0,264,green,7298,T2C
58,1,0,0,264,green,7298,T2C
59,1,0,0,264,green,7298,T2C
60,1,0,0,264,green,7298,T2C
61,1,0,0,264,green,7298,T2C
62,1,0,0,264,green,7298,T2C
63,1,0,0,264,green,7298,T2C
64,1,0,0,264,green,7298,T2C
65,1,0,0,264,green,7298,T2C
66,1,0,0,264,green,7298,T2C
67,1,0,0,264,green,7298,T2C
68,1,0,0,264,green,7298,T2C
69,1,0,0,264,green,7298,T2C
70,1,0,0,264,green,7298,T2C
71,1,0,0,264,green,7298,T2C
72,1,0,0,264,green,7298,T2C
73,1,0,0,264,green,7298,T2C
74,1,0,0,264,green,7298,T2C
75,1,0,0,264,green,7298,T2C
76,1,0,0,264,green,7298,T2C
77,1,0,0,264,green,7298,T2C
78,1,0,0,264,green,7298,T2C
79,1,0,0,264,green,7298,T2C
80,1,0,0,264,green,7298,T2C
81,1,0,0,264,green,7298,T2C
82,1,0,0,264,green,7298,T2C
83,1,0,0,264,green,7298,T2C
84,1,0,0,264,green,7298,T2C
85,1,0,0,264,green,7298,T2C
86,1,0,0,264,green,7298,T2C
87,1,0,0,264,green,7298,T2C
88,1,0,0,264,green,7298,T2C
89,1,0,0,264,green,7298,T2C
90,1,0,0,264,green,7298,T2C
91,1,0,0,264,green,7298,T2C
92,1,0,0,264,green,7298,T2C
93,1,0,0,264,green,7298,T2C
94,1,0,0,264,green,7298,T2C
95,1,0,0,264,green,7298,T2C
96,1,0,0,264,green,7298,T2C
97,1,0,0,264,green,7298,T2C
98,1,0,0,264,green,7298,T2C
99,1,0,0,264,green,7298,T2C
100,1,0,0,264,green,7298,T2C
101,1,0,0,264,green,7298,T2C
102,1,0,0,264,green,7298,T2C
103,1,0,0,264,green,7298,T2C
104,1,0,0,264,green,7298,T2C
105,1,0,0,264,green,7298,T2C
106,1,0,0,264,green,7298,T2C
107,0,0,1,264,green,7298,T2C
108,0,0,1,264,green,7298,T2C
109,0,0,1,264,green,7298,T2C
110,0,0,1,264,green,7298,T2C
111,0,0,1,264,green,7298,T2C
112,0,0,1,264,green,7298,T2C
113,0,1,0,264,green,7298,T2C
114,0,1,0,264,green,7298,T2C
115,0,1,0,264,green,7298,T2C
116,0,1,0,264,green,7298,T2C
117,0,1,0,264,green,7298,T2C
118,0,1,0,264,green,7298,T2C
119,0,1,0,264,green,7298,T2C
120,0,1,0,264,green,7298,T2C
121,0,1,0,264,green,7298,T2C
122,0,1,0,264,green,7298,T2C
123,0,1,0,264,green,7298,T2C
124,0,1,0,264,green,7298,T2C
125,0,1,0,264,green,7298,T2C
126,0,1,0,264,green,7298,T2C
127,0,1,0,264,green,7298,T2C
128,0,1,0,264,green,7298,T2C
129,0,1,0,264,green,7298,T2C
130,0,1,0,264,green,7298,T2C
131,0,1,0,264,green,7298,T2C
132,0,1,0,264,green,7298,T2C
133,0,1,0,264,green,7298,T2C
134,0,1,0,264,green,7298,T2C
135,0,1,0,264,green,7298,T2C
136,0,1,0,264,green,7298,T2C
137,0,1,0,264,green,7298,T2C
138,0,1,0,264,green,7298,T2C
139,0,1,0,264,green,7298,T2C
140,0,1,0,264,green,7298,T2C
141,0,1,0,264,green,7298,T2C
142,0,1,0,264,green,7298,T2C
143,0,1,0,264,green,7298,T2C
144,0,1,0,264,green,7298,T2C
145,0,1,0,264,green,7298,T2C
146,0,1,0,264,green,7298,T2C
147,0,1,0,264,green,7298,T2C
148,0,1,0,264,green,7298,T2C
149,0,1,0,264,green,7298,T2C
150,0,1,0,264,green,7298,T2C
151,0,1,0,264,green,7298,T2C
152,0,1,0,264,green,7298,T2C
153,0,1,0,264,green,7298,T2C
154,0,1,0,264,green,7298,T2C
155,0,1,0,264,green,7298,T2C
156,0,1,0,264,green,7298,T2C
157,0,1,0,264,green,7298,T2C
158,0,1,0,264,green,7298,T2C
159,0,1,0,264,green,7298,T2C
160,0,1,0,264,green,7298,T2C
161,0,1,0,264,green,7298,T2C
162,0,1,0,264,green,7298,T2C
163,0,1,0,264,green,7298,T2C
164,0,1,0,264,green,7298,T2C
165,0,1,0,264,green,7298,T2C
166,0,1,0,264,green,7298,T2C
167,0,1,0,264,green,7298,T2C
168,0,1,0,264,green,7298,T2C
169,0,1,0,264,green,7298,T2C
170,0,1,0,264,green,7298,T2C
171,0,1,0,264,green,7298,T2C
172,0,1,0,264,green,7298,T2C
173,0,1,0,264,green,7298,T2C
174,0,1,0,264,green,7298,T2C
175,0,1,0,264,green,7298,T2C
176,0,1,0,264,green,7298,T2C
177,0,1,0,264,green,7298,T2C
178,0,1,0,264,green,7298,T2C
179,0,1,0,264,green,7298,T2C
180,0,1,0,264,green,7298,T2C
181,0,1,0,264,green,7298,T2C
182,0,1,0,264,green,7298,T2C
183,0,1,0,264,green,7298,T2C
184,0,1,0,264,green,7298,T2C
185,0,1,0,264,green,7298,T2C
186,0,1,0,264,green,7298,T2C
187,0,1,0,264,green,7298,T2C
188,0,1,0,264,green,7298,T2C
189,0,1,0,264,green,7298,T2C
190,0,1,0,264,green,7298,T2C
191,0,1,0,264,green,7298,T2C
192,0,1,0,264,green,7298,T2C
193,0,1,0,264,green,7298,T2C
194,0,1,0,264,green,7298,T2C
195,0,1,0,264,green,7298,T2C
196,0,1,0,264,green,7298,T2C
197,0,1,0,264,green,7298,T2C
0,0,0,1,265,green,9025,T2C
1,0,0,1,265,green,9025,T2C
2,0,0,1,265,green,9025,T2C
3,0,0,1,265,green,9025,T2C
4,0,0,1,265,green,9025,T2C
5,0,0,1,265,green,9025,T2C
6,0,0,1,265,green,9025,T2C
7,0,0,1,265,green,9025,T2C
8,0,0,1,265,green,9025,T2C
9,0,0,1,265,green,9025,T2C
10,0,0,1,265,green,9025,T2C
11,0,0,1,265,green,9025,T2C
12,0,0,1,265,green,9025,T2C
13,0,0,1,265,green,9025,T2C
14,0,0,1,265,green,9025,T2C
15,0,0,1,265,green,9025,T2C
16,0,0,1,265,green,9025,T2C
17,0,0,1,265,green,9025,T2C
18,0,0,1,265,green,9025,T2C
19,0,0,1,265,green,9025,T2C
20,0,0,1,265,green,9025,T2C
21,0,0,1,265,green,9025,T2C
22,0,0,1,265,green,9025,T2C
23,0,0,1,265,green,9025,T2C
24,0,0,1,265,green,9025,T2C
25,0,0,1,265,green,9025,T2C
26,0,0,1,265,green,9025,T2C
27,0,0,1,265,green,9025,T2C
28,0,0,1,265,green,9025,T2C
29,0,0,1,265,green,9025,T2C
30,0,0,1,265,green,9025,T2C
31,0,0,1,265,green,9025,T2C
32,0,0,1,265,green,9025,T2C
33,0,0,1,265,green,9025,T2C
34,0,0,1,265,green,9025,T2C
35,0,0,1,265,green,9025,T2C
36,0,0,1,265,green,9025,T2C
37,0,0,1,265,green,9025,T2C
38,0,0,1,265,green,9025,T2C
39,0,0,1,265,green,9025,T2C
40,0,0,1,265,green,9025,T2C
41,0,0,1,265,green,9025,T2C
42,0,0,1,265,green,9025,T2C
43,0,0,1,265,green,9025,T2C
44,0,0,1,265,green,9025,T2C
45,0,0,1,265,green,9025,T2C
46,0,0,1,265,green,9025,T2C
47,0,0,1,265,green,9025,T2C
48,0,0,1,265,green,9025,T2C
49,0,0,1,265,green,9025,T2C
50,0,0,1,265,green,9025,T2C
51,0,0,1,265,green,9025,T2C
52,0,0,1,265,green,9025,T2C
53,0,0,1,265,green,9025,T2C
54,0,0,1,265,green,9025,T2C
55,0,0,1,265,green,9025,T2C
56,0,0,1,265,green,9025,T2C
57,1,0,0,265,green,9025,T2C
58,1,0,0,265,green,9025,T2C
59,1,0,0,265,green,9025,T2C
60,1,0,0,265,green,9025,T2C
61,1,0,0,265,green,9025,T2C
62,1,0,0,265,green,9025,T2C
63,0,0,1,265,green,9025,T2C
64,0,0,1,265,green,9025,T2C
65,0,0,1,265,green,9025,T2C
66,0,0,1,265,green,9025,T2C
67,0,0,1,265,green,9025,T2C
68,0,0,1,265,green,9025,T2C
69,0,0,1,265,green,9025,T2C
70,1,0,0,265,green,9025,T2C
71,1,0,0,265,green,9025,T2C
72,1,0,0,265,green,9025,T2C
73,1,0,0,265,green,9025,T2C
74,1,0,0,265,green,9025,T2C
75,1,0,0,265,green,9025,T2C
76,1,0,0,265,green,9025,T2C
77,1,0,0,265,green,9025,T2C
78,0,0,1,265,green,9025,T2C
79,0,0,1,265,green,9025,T2C
80,0,0,1,265,green,9025,T2C
81,0,0,1,265,green,9025,T2C
82,0,0,1,265,green,9025,T2C
83,0,0,1,265,green,9025,T2C
84,0,0,1,265,green,9025,T2C
85,1,0,0,265,green,9025,T2C
86,1,0,0,265,green,9025,T2C
87,1,0,0,265,green,9025,T2C
88,1,0,0,265,green,9025,T2C
89,1,0,0,265,green,9025,T2C
90,1,0,0,265,green,9025,T2C
91,0,0,1,265,green,9025,T2C
92,0,0,1,265,green,9025,T2C
93,0,0,1,265,green,9025,T2C
94,0,0,1,265,green,9025,T2C
95,0,0,1,265,green,9025,T2C
96,0,0,1,265,green,9025,T2C
97,0,0,1,265,green,9025,T2C
98,0,0,1,265,green,9025,T2C
99,0,0,1,265,green,9025,T2C
100,0,0,1,265,green,9025,T2C
101,0,0,1,265,green,9025,T2C
102,0,0,1,265,green,9025,T2C
103,0,0,1,265,green,9025,T2C
104,0,0,1,265,green,9025,T2C
105,0,0,1,265,green,9025,T2C
106,1,0,0,265,green,9025,T2C
107,1,0,0,265,green,9025,T2C
108,1,0,0,265,green,9025,T2C
109,1,0,0,265,green,9025,T2C
110,1,0,0,265,green,9025,T2C
111,1,0,0,265,green,9025,T2C
112,0,0,1,265,green,9025,T2C
113,0,0,1,265,green,9025,T2C
114,0,0,1,265,green,9025,T2C
115,0,0,1,265,green,9025,T2C
116,0,0,1,265,green,9025,T2C
117,0,0,1,265,green,9025,T2C
118,0,0,1,265,green,9025,T2C
119,1,0,0,265,green,9025,T2C
120,1,0,0,265,green,9025,T2C
121,1,0,0,265,green,9025,T2C
122,1,0,0,265,green,9025,T2C
123,1,0,0,265,green,9025,T2C
124,0,0,1,265,green,9025,T2C
125,0,0,1,265,green,9025,T2C
126,0,0,1,265,green,9025,T2C
127,0,0,1,265,green,9025,T2C
128,0,0,1,265,green,9025,T2C
129,0,0,1,265,green,9025,T2C
130,0,1,0,265,green,9025,T2C
131,0,1,0,265,green,9025,T2C
132,0,1,0,265,green,9025,T2C
133,0,1,0,265,green,9025,T2C
134,0,1,0,265,green,9025,T2C
135,0,1,0,265,green,9025,T2C
136,0,1,0,265,green,9025,T2C
137,0,1,0,265,green,9025,T2C
138,0,1,0,265,green,9025,T2C
139,0,1,0,265,green,9025,T2C
140,0,1,0,265,green,9025,T2C
141,0,1,0,265,green,9025,T2C
142,0,1,0,265,green,9025,T2C
143,0,0,1,265,green,9025,T2C
144,0,0,1,265,green,9025,T2C
145,0,0,1,265,green,9025,T2C
146,0,0,1,265,green,9025,T2C
147,0,0,1,265,green,9025,T2C
148,0,1,0,265,green,9025,T2C
149,0,1,0,265,green,9025,T2C
150,0,1,0,265,green,9025,T2C
151,0,1,0,265,green,9025,T2C
152,0,1,0,265,green,9025,T2C
153,0,0,1,265,green,9025,T2C
154,0,0,1,265,green,9025,T2C
155,0,0,1,265,green,9025,T2C
156,1,0,0,265,green,9025,T2C
157,1,0,0,265,green,9025,T2C
158,1,0,0,265,green,9025,T2C
159,1,0,0,265,green,9025,T2C
160,1,0,0,265,green,9025,T2C
161,1,0,0,265,green,9025,T2C
162,1,0,0,265,green,9025,T2C
163,1,0,0,265,green,9025,T2C
164,1,0,0,265,green,9025,T2C
165,1,0,0,265,green,9025,T2C
166,1,0,0,265,green,9025,T2C
167,1,0,0,265,green,9025,T2C
168,0,0,1,265,green,9025,T2C
169,0,0,1,265,green,9025,T2C
170,0,0,1,265,green,9025,T2C
171,0,0,1,265,green,9025,T2C
172,0,1,0,265,green,9025,T2C
173,0,1,0,265,green,9025,T2C
174,0,1,0,265,green,9025,T2C
175,0,1,0,265,green,9025,T2C
176,0,1,0,265,green,9025,T2C
177,0,1,0,265,green,9025,T2C
178,0,1,0,265,green,9025,T2C
179,0,1,0,265,green,9025,T2C
180,0,1,0,265,green,9025,T2C
181,0,1,0,265,green,9025,T2C
182,0,1,0,265,green,9025,T2C
183,0,1,0,265,green,9025,T2C
184,0,1,0,265,green,9025,T2C
185,0,1,0,265,green,9025,T2C
186,0,1,0,265,green,9025,T2C
187,0,1,0,265,green,9025,T2C
188,0,1,0,265,green,9025,T2C
189,0,1,0,265,green,9025,T2C
190,0,1,0,265,green,9025,T2C
191,0,1,0,265,green,9025,T2C
192,0,1,0,265,green,9025,T2C
193,0,1,0,265,green,9025,T2C
194,0,1,0,265,green,9025,T2C
195,0,1,0,265,green,9025,T2C
196,0,1,0,265,green,9025,T2C
197,0,1,0,265,green,9025,T2C
0,0,0,1,266,green,8123,T2C
1,0,0,1,266,green,8123,T2C
2,0,0,1,266,green,8123,T2C
3,0,0,1,266,green,8123,T2C
4,0,0,1,266,green,8123,T2C
5,0,0,1,266,green,8123,T2C
6,0,0,1,266,green,8123,T2C
7,0,0,1,266,green,8123,T2C
8,0,0,1,266,green,8123,T2C
9,0,0,1,266,green,8123,T2C
10,0,0,1,266,green,8123,T2C
11,0,0,1,266,green,8123,T2C
12,0,0,1,266,green,8123,T2C
13,0,0,1,266,green,8123,T2C
14,0,0,1,266,green,8123,T2C
15,0,0,1,266,green,8123,T2C
16,0,0,1,266,green,8123,T2C
17,0,0,1,266,green,8123,T2C
18,0,0,1,266,green,8123,T2C
19,0,0,1,266,green,8123,T2C
20,0,0,1,266,green,8123,T2C
21,0,0,1,266,green,8123,T2C
22,0,0,1,266,green,8123,T2C
23,0,0,1,266,green,8123,T2C
24,0,0,1,266,green,8123,T2C
25,0,0,1,266,green,8123,T2C
26,0,0,1,266,green,8123,T2C
27,0,0,1,266,green,8123,T2C
28,0,0,1,266,green,8123,T2C
29,0,0,1,266,green,8123,T2C
30,0,0,1,266,green,8123,T2C
31,0,0,1,266,green,8123,T2C
32,0,0,1,266,green,8123,T2C
33,0,0,1,266,green,8123,T2C
34,0,0,1,266,green,8123,T2C
35,0,0,1,266,green,8123,T2C
36,0,0,1,266,green,8123,T2C
37,0,0,1,266,green,8123,T2C
38,0,0,1,266,green,8123,T2C
39,0,0,1,266,green,8123,T2C
40,0,0,1,266,green,8123,T2C
41,0,0,1,266,green,8123,T2C
42,0,0,1,266,green,8123,T2C
43,0,0,1,266,green,8123,T2C
44,0,0,1,266,green,8123,T2C
45,0,0,1,266,green,8123,T2C
46,0,0,1,266,green,8123,T2C
47,0,1,0,266,green,8123,T2C
48,0,1,0,266,green,8123,T2C
49,0,1,0,266,green,8123,T2C
50,0,1,0,266,green,8123,T2C
51,0,1,0,266,green,8123,T2C
52,0,1,0,266,green,8123,T2C
53,0,1,0,266,green,8123,T2C
54,0,1,0,266,green,8123,T2C
55,0,1,0,266,green,8123,T2C
56,0,1,0,266,green,8123,T2C
57,0,1,0,266,green,8123,T2C
58,0,1,0,266,green,8123,T2C
59,0,1,0,266,green,8123,T2C
60,0,1,0,266,green,8123,T2C
61,0,1,0,266,green,8123,T2C
62,0,1,0,266,green,8123,T2C
63,0,1,0,266,green,8123,T2C
64,0,1,0,266,green,8123,T2C
65,0,0,1,266,green,8123,T2C
66,0,0,1,266,green,8123,T2C
67,0,0,1,266,green,8123,T2C
68,0,0,1,266,green,8123,T2C
69,0,0,1,266,green,8123,T2C
70,0,0,1,266,green,8123,T2C
71,0,0,1,266,green,8123,T2C
72,0,0,1,266,green,8123,T2C
73,0,0,1,266,green,8123,T2C
74,0,0,1,266,green,8123,T2C
75,0,0,1,266,green,8123,T2C
76,0,0,1,266,green,8123,T2C
77,0,0,1,266,green,8123,T2C
78,0,0,1,266,green,8123,T2C
79,0,0,1,266,green,8123,T2C
80,0,0,1,266,green,8123,T2C
81,0,0,1,266,green,8123,T2C
82,0,0,1,266,green,8123,T2C
83,0,0,1,266,green,8123,T2C
84,0,0,1,266,green,8123,T2C
85,0,0,1,266,green,8123,T2C
86,0,0,1,266,green,8123,T2C
87,0,0,1,266,green,8123,T2C
88,0,0,1,266,green,8123,T2C
89,0,0,1,266,green,8123,T2C
90,0,1,0,266,green,8123,T2C
91,0,1,0,266,green,8123,T2C
92,0,1,0,266,green,8123,T2C
93,0,1,0,266,green,8123,T2C
94,0,0,1,266,green,8123,T2C
95,0,0,1,266,green,8123,T2C
96,0,0,1,266,green,8123,T2C
97,0,0,1,266,green,8123,T2C
98,0,0,1,266,green,8123,T2C
99,0,0,1,266,green,8123,T2C
100,0,0,1,266,green,8123,T2C
101,0,0,1,266,green,8123,T2C
102,0,0,1,266,green,8123,T2C
103,0,0,1,266,green,8123,T2C
104,0,0,1,266,green,8123,T2C
105,0,0,1,266,green,8123,T2C
106,0,1,0,266,green,8123,T2C
107,0,1,0,266,green,8123,T2C
108,0,1,0,266,green,8123,T2C
109,0,1,0,266,green,8123,T2C
110,0,1,0,266,green,8123,T2C
111,0,1,0,266,green,8123,T2C
112,0,1,0,266,green,8123,T2C
113,0,1,0,266,green,8123,T2C
114,0,1,0,266,green,8123,T2C
115,0,1,0,266,green,8123,T2C
116,0,1,0,266,green,8123,T2C
117,0,1,0,266,green,8123,T2C
118,0,1,0,266,green,8123,T2C
119,0,1,0,266,green,8123,T2C
120,0,1,0,266,green,8123,T2C
121,0,1,0,266,green,8123,T2C
122,0,1,0,266,green,8123,T2C
123,0,1,0,266,green,8123,T2C
124,0,1,0,266,green,8123,T2C
125,0,1,0,266,green,8123,T2C
126,0,1,0,266,green,8123,T2C
127,0,1,0,266,green,8123,T2C
128,0,1,0,266,green,8123,T2C
129,0,1,0,266,green,8123,T2C
130,0,1,0,266,green,8123,T2C
131,0,1,0,266,green,8123,T2C
132,0,1,0,266,green,8123,T2C
133,0,1,0,266,green,8123,T2C
134,0,1,0,266,green,8123,T2C
135,0,1,0,266,green,8123,T2C
136,0,1,0,266,green,8123,T2C
137,0,1,0,266,green,8123,T2C
138,0,1,0,266,green,8123,T2C
139,0,1,0,266,green,8123,T2C
140,0,1,0,266,green,8123,T2C
141,0,1,0,266,green,8123,T2C
142,0,1,0,266,green,8123,T2C
143,0,1,0,266,green,8123,T2C
144,0,1,0,266,green,8123,T2C
145,0,1,0,266,green,8123,T2C
146,0,1,0,266,green,8123,T2C
147,0,1,0,266,green,8123,T2C
148,0,1,0,266,green,8123,T2C
149,0,1,0,266,green,8123,T2C
150,0,1,0,266,green,8123,T2C
151,0,1,0,266,green,8123,T2C
152,0,1,0,266,green,8123,T2C
153,0,1,0,266,green,8123,T2C
154,0,1,0,266,green,8123,T2C
155,0,1,0,266,green,8123,T2C
156,0,1,0,266,green,8123,T2C
157,0,1,0,266,green,8123,T2C
158,0,1,0,266,green,8123,T2C
159,0,1,0,266,green,8123,T2C
160,0,1,0,266,green,8123,T2C
161,0,1,0,266,green,8123,T2C
162,0,1,0,266,green,8123,T2C
163,0,1,0,266,green,8123,T2C
164,0,1,0,266,green,8123,T2C
165,0,1,0,266,green,8123,T2C
166,0,1,0,266,green,8123,T2C
167,0,1,0,266,green,8123,T2C
168,0,1,0,266,green,8123,T2C
169,0,1,0,266,green,8123,T2C
170,0,1,0,266,green,8123,T2C
171,0,1,0,266,green,8123,T2C
172,0,1,0,266,green,8123,T2C
173,0,1,0,266,green,8123,T2C
174,0,1,0,266,green,8123,T2C
175,0,1,0,266,green,8123,T2C
176,0,1,0,266,green,8123,T2C
177,0,1,0,266,green,8123,T2C
178,0,1,0,266,green,8123,T2C
179,0,1,0,266,green,8123,T2C
180,0,1,0,266,green,8123,T2C
181,0,1,0,266,green,8123,T2C
182,0,1,0,266,green,8123,T2C
183,0,1,0,266,green,8123,T2C
184,0,1,0,266,green,8123,T2C
185,0,1,0,266,green,8123,T2C
186,0,1,0,266,green,8123,T2C
187,0,1,0,266,green,8123,T2C
188,0,1,0,266,green,8123,T2C
189,0,1,0,266,green,8123,T2C
190,0,1,0,266,green,8123,T2C
191,0,1,0,266,green,8123,T2C
192,0,1,0,266,green,8123,T2C
193,0,1,0,266,green,8123,T2C
194,0,1,0,266,green,8123,T2C
195,0,1,0,266,green,8123,T2C
196,0,1,0,266,green,8123,T2C
197,0,1,0,266,green,8123,T2C
0,0,0,1,267,green,7049,T2C
1,0,0,1,267,green,7049,T2C
2,0,0,1,267,green,7049,T2C
3,0,0,1,267,green,7049,T2C
4,0,0,1,267,green,7049,T2C
5,0,0,1,267,green,7049,T2C
6,0,0,1,267,green,7049,T2C
7,0,0,1,267,green,7049,T2C
8,0,0,1,267,green,7049,T2C
9,0,0,1,267,green,7049,T2C
10,0,0,1,267,green,7049,T2C
11,0,0,1,267,green,7049,T2C
12,0,0,1,267,green,7049,T2C
13,0,0,1,267,green,7049,T2C
14,0,0,1,267,green,7049,T2C
15,0,0,1,267,green,7049,T2C
16,0,0,1,267,green,7049,T2C
17,0,0,1,267,green,7049,T2C
18,0,0,1,267,green,7049,T2C
19,0,0,1,267,green,7049,T2C
20,0,0,1,267,green,7049,T2C
21,0,0,1,267,green,7049,T2C
22,0,0,1,267,green,7049,T2C
23,0,0,1,267,green,7049,T2C
24,0,0,1,267,green,7049,T2C
25,0,0,1,267,green,7049,T2C
26,0,0,1,267,green,7049,T2C
27,0,0,1,267,green,7049,T2C
28,0,0,1,267,green,7049,T2C
29,0,0,1,267,green,7049,T2C
30,0,0,1,267,green,7049,T2C
31,0,0,1,267,green,7049,T2C
32,0,0,1,267,green,7049,T2C
33,0,0,1,267,green,7049,T2C
34,0,0,1,267,green,7049,T2C
35,0,0,1,267,green,7049,T2C
36,0,0,1,267,green,7049,T2C
37,0,0,1,267,green,7049,T2C
38,0,0,1,267,green,7049,T2C
39,0,0,1,267,green,7049,T2C
40,0,0,1,267,green,7049,T2C
41,0,0,1,267,green,7049,T2C
42,0,0,1,267,green,7049,T2C
43,0,0,1,267,green,7049,T2C
44,0,0,1,267,green,7049,T2C
45,0,0,1,267,green,7049,T2C
46,0,0,1,267,green,7049,T2C
47,0,0,1,267,green,7049,T2C
48,0,0,1,267,green,7049,T2C
49,0,0,1,267,green,7049,T2C
50,0,0,1,267,green,7049,T2C
51,0,0,1,267,green,7049,T2C
52,0,0,1,267,green,7049,T2C
53,0,0,1,267,green,7049,T2C
54,0,0,1,267,green,7049,T2C
55,0,0,1,267,green,7049,T2C
56,0,0,1,267,green,7049,T2C
57,0,0,1,267,green,7049,T2C
58,0,0,1,267,green,7049,T2C
59,0,0,1,267,green,7049,T2C
60,0,0,1,267,green,7049,T2C
61,0,0,1,267,green,7049,T2C
62,0,0,1,267,green,7049,T2C
63,0,0,1,267,green,7049,T2C
64,0,0,1,267,green,7049,T2C
65,0,0,1,267,green,7049,T2C
66,0,0,1,267,green,7049,T2C
67,0,0,1,267,green,7049,T2C
68,0,0,1,267,green,7049,T2C
69,0,0,1,267,green,7049,T2C
70,0,0,1,267,green,7049,T2C
71,0,0,1,267,green,7049,T2C
72,0,0,1,267,green,7049,T2C
73,0,0,1,267,green,7049,T2C
74,0,0,1,267,green,7049,T2C
75,0,0,1,267,green,7049,T2C
76,0,0,1,267,green,7049,T2C
77,0,0,1,267,green,7049,T2C
78,0,0,1,267,green,7049,T2C
79,0,0,1,267,green,7049,T2C
80,0,0,1,267,green,7049,T2C
81,0,0,1,267,green,7049,T2C
82,0,0,1,267,green,7049,T2C
83,0,0,1,267,green,7049,T2C
84,0,0,1,267,green,7049,T2C
85,0,0,1,267,green,7049,T2C
86,0,0,1,267,green,7049,T2C
87,0,0,1,267,green,7049,T2C
88,0,0,1,267,green,7049,T2C
89,0,0,1,267,green,7049,T2C
90,0,0,1,267,green,7049,T2C
91,0,0,1,267,green,7049,T2C
92,0,1,0,267,green,7049,T2C
93,0,1,0,267,green,7049,T2C
94,0,1,0,267,green,7049,T2C
95,0,1,0,267,green,7049,T2C
96,0,1,0,267,green,7049,T2C
97,0,1,0,267,green,7049,T2C
98,0,1,0,267,green,7049,T2C
99,0,1,0,267,green,7049,T2C
100,0,1,0,267,green,7049,T2C
101,0,1,0,267,green,7049,T2C
102,0,1,0,267,green,7049,T2C
103,0,1,0,267,green,7049,T2C
104,0,1,0,267,green,7049,T2C
105,0,1,0,267,green,7049,T2C
106,0,1,0,267,green,7049,T2C
107,0,1,0,267,green,7049,T2C
108,0,1,0,267,green,7049,T2C
109,0,1,0,267,green,7049,T2C
110,0,1,0,267,green,7049,T2C
111,0,1,0,267,green,7049,T2C
112,0,1,0,267,green,7049,T2C
113,0,1,0,267,green,7049,T2C
114,0,1,0,267,green,7049,T2C
115,0,1,0,267,green,7049,T2C
116,0,1,0,267,green,7049,T2C
117,0,1,0,267,green,7049,T2C
118,0,1,0,267,green,7049,T2C
119,0,1,0,267,green,7049,T2C
120,0,1,0,267,green,7049,T2C
121,0,1,0,267,green,7049,T2C
122,0,1,0,267,green,7049,T2C
123,0,1,0,267,green,7049,T2C
124,0,1,0,267,green,7049,T2C
125,0,1,0,267,green,7049,T2C
126,0,1,0,267,green,7049,T2C
127,0,1,0,267,green,7049,T2C
128,0,1,0,267,green,7049,T2C
129,0,1,0,267,green,7049,T2C
130,0,1,0,267,green,7049,T2C
131,0,1,0,267,green,7049,T2C
132,0,1,0,267,green,7049,T2C
133,0,1,0,267,green,7049,T2C
134,0,1,0,267,green,7049,T2C
135,0,1,0,267,green,7049,T2C
136,0,1,0,267,green,7049,T2C
137,0,1,0,267,green,7049,T2C
138,0,1,0,267,green,7049,T2C
139,0,1,0,267,green,7049,T2C
140,0,1,0,267,green,7049,T2C
141,0,1,0,267,green,7049,T2C
142,0,1,0,267,green,7049,T2C
143,0,1,0,267,green,7049,T2C
144,0,1,0,267,green,7049,T2C
145,0,1,0,267,green,7049,T2C
146,0,1,0,267,green,7049,T2C
147,0,1,0,267,green,7049,T2C
148,0,1,0,267,green,7049,T2C
149,0,1,0,267,green,7049,T2C
150,0,1,0,267,green,7049,T2C
151,0,1,0,267,green,7049,T2C
152,0,1,0,267,green,7049,T2C
153,0,1,0,267,green,7049,T2C
154,0,1,0,267,green,7049,T2C
155,0,1,0,267,green,7049,T2C
156,0,1,0,267,green,7049,T2C
157,0,1,0,267,green,7049,T2C
158,0,1,0,267,green,7049,T2C
159,0,1,0,267,green,7049,T2C
160,0,1,0,267,green,7049,T2C
161,0,1,0,267,green,7049,T2C
162,0,1,0,267,green,7049,T2C
163,0,1,0,267,green,7049,T2C
164,0,1,0,267,green,7049,T2C
165,0,1,0,267,green,7049,T2C
166,0,1,0,267,green,7049,T2C
167,0,1,0,267,green,7049,T2C
168,0,1,0,267,green,7049,T2C
169,0,1,0,267,green,7049,T2C
170,0,1,0,267,green,7049,T2C
171,0,1,0,267,green,7049,T2C
172,0,1,0,267,green,7049,T2C
173,0,1,0,267,green,7049,T2C
174,0,1,0,267,green,7049,T2C
175,0,1,0,267,green,7049,T2C
176,0,1,0,267,green,7049,T2C
177,0,1,0,267,green,7049,T2C
178,0,1,0,267,green,7049,T2C
179,0,1,0,267,green,7049,T2C
180,0,1,0,267,green,7049,T2C
181,0,1,0,267,green,7049,T2C
182,0,1,0,267,green,7049,T2C
183,0,1,0,267,green,7049,T2C
184,0,1,0,267,green,7049,T2C
185,0,1,0,267,green,7049,T2C
186,0,1,0,267,green,7049,T2C
187,0,1,0,267,green,7049,T2C
188,0,1,0,267,green,7049,T2C
189,0,1,0,267,green,7049,T2C
190,0,1,0,267,green,7049,T2C
191,0,1,0,267,green,7049,T2C
192,0,1,0,267,green,7049,T2C
193,0,1,0,267,green,7049,T2C
194,0,1,0,267,green,7049,T2C
195,0,1,0,267,green,7049,T2C
196,0,1,0,267,green,7049,T2C
197,0,1,0,267,green,7049,T2C
0,0,0,1,269,green,7917,T2C
1,0,0,1,269,green,7917,T2C
2,0,0,1,269,green,7917,T2C
3,0,0,1,269,green,7917,T2C
4,0,0,1,269,green,7917,T2C
5,0,0,1,269,green,7917,T2C
6,0,0,1,269,green,7917,T2C
7,0,0,1,269,green,7917,T2C
8,0,0,1,269,green,7917,T2C
9,0,0,1,269,green,7917,T2C
10,0,0,1,269,green,7917,T2C
11,0,0,1,269,green,7917,T2C
12,0,0,1,269,green,7917,T2C
13,0,0,1,269,green,7917,T2C
14,0,0,1,269,green,7917,T2C
15,0,0,1,269,green,7917,T2C
16,0,0,1,269,green,7917,T2C
17,0,0,1,269,green,7917,T2C
18,0,0,1,269,green,7917,T2C
19,0,0,1,269,green,7917,T2C
20,0,0,1,269,green,7917,T2C
21,0,0,1,269,green,7917,T2C
22,0,0,1,269,green,7917,T2C
23,0,0,1,269,green,7917,T2C
24,0,0,1,269,green,7917,T2C
25,0,0,1,269,green,7917,T2C
26,0,0,1,269,green,7917,T2C
27,0,0,1,269,green,7917,T2C
28,0,0,1,269,green,7917,T2C
29,0,0,1,269,green,7917,T2C
30,0,0,1,269,green,7917,T2C
31,0,0,1,269,green,7917,T2C
32,0,0,1,269,green,7917,T2C
33,0,0,1,269,green,7917,T2C
34,0,0,1,269,green,7917,T2C
35,0,0,1,269,green,7917,T2C
36,0,0,1,269,green,7917,T2C
37,0,0,1,269,green,7917,T2C
38,0,0,1,269,green,7917,T2C
39,0,0,1,269,green,7917,T2C
40,0,0,1,269,green,7917,T2C
41,0,0,1,269,green,7917,T2C
42,0,0,1,269,green,7917,T2C
43,0,0,1,269,green,7917,T2C
44,0,0,1,269,green,7917,T2C
45,0,0,1,269,green,7917,T2C
46,0,0,1,269,green,7917,T2C
47,0,0,1,269,green,7917,T2C
48,0,0,1,269,green,7917,T2C
49,0,0,1,269,green,7917,T2C
50,0,0,1,269,green,7917,T2C
51,0,0,1,269,green,7917,T2C
52,0,0,1,269,green,7917,T2C
53,0,0,1,269,green,7917,T2C
54,0,0,1,269,green,7917,T2C
55,0,0,1,269,green,7917,T2C
56,0,0,1,269,green,7917,T2C
57,0,0,1,269,green,7917,T2C
58,0,0,1,269,green,7917,T2C
59,0,0,1,269,green,7917,T2C
60,0,0,1,269,green,7917,T2C
61,0,0,1,269,green,7917,T2C
62,0,0,1,269,green,7917,T2C
63,0,0,1,269,green,7917,T2C
64,0,0,1,269,green,7917,T2C
65,0,0,1,269,green,7917,T2C
66,0,0,1,269,green,7917,T2C
67,0,0,1,269,green,7917,T2C
68,0,0,1,269,green,7917,T2C
69,0,0,1,269,green,7917,T2C
70,0,0,1,269,green,7917,T2C
71,0,0,1,269,green,7917,T2C
72,0,0,1,269,green,7917,T2C
73,0,0,1,269,green,7917,T2C
74,0,0,1,269,green,7917,T2C
75,0,0,1,269,green,7917,T2C
76,0,0,1,269,green,7917,T2C
77,0,0,1,269,green,7917,T2C
78,0,0,1,269,green,7917,T2C
79,0,0,1,269,green,7917,T2C
80,0,0,1,269,green,7917,T2C
81,0,0,1,269,green,7917,T2C
82,0,0,1,269,green,7917,T2C
83,0,0,1,269,green,7917,T2C
84,0,0,1,269,green,7917,T2C
85,0,0,1,269,green,7917,T2C
86,0,0,1,269,green,7917,T2C
87,0,0,1,269,green,7917,T2C
88,0,0,1,269,green,7917,T2C
89,0,0,1,269,green,7917,T2C
90,0,0,1,269,green,7917,T2C
91,0,0,1,269,green,7917,T2C
92,0,0,1,269,green,7917,T2C
93,0,0,1,269,green,7917,T2C
94,0,0,1,269,green,7917,T2C
95,0,0,1,269,green,7917,T2C
96,0,0,1,269,green,7917,T2C
97,0,0,1,269,green,7917,T2C
98,0,0,1,269,green,7917,T2C
99,0,0,1,269,green,7917,T2C
100,0,0,1,269,green,7917,T2C
101,0,0,1,269,green,7917,T2C
102,0,0,1,269,green,7917,T2C
103,0,0,1,269,green,7917,T2C
104,0,0,1,269,green,7917,T2C
105,0,0,1,269,green,7917,T2C
106,0,1,0,269,green,7917,T2C
107,0,1,0,269,green,7917,T2C
108,0,1,0,269,green,7917,T2C
109,0,1,0,269,green,7917,T2C
110,0,1,0,269,green,7917,T2C
111,0,1,0,269,green,7917,T2C
112,0,1,0,269,green,7917,T2C
113,0,1,0,269,green,7917,T2C
114,0,1,0,269,green,7917,T2C
115,0,1,0,269,green,7917,T2C
116,0,1,0,269,green,7917,T2C
117,0,0,1,269,green,7917,T2C
118,0,0,1,269,green,7917,T2C
119,0,0,1,269,green,7917,T2C
120,0,0,1,269,green,7917,T2C
121,0,0,1,269,green,7917,T2C
122,0,0,1,269,green,7917,T2C
123,0,0,1,269,green,7917,T2C
124,0,0,1,269,green,7917,T2C
125,0,0,1,269,green,7917,T2C
126,0,0,1,269,green,7917,T2C
127,0,0,1,269,green,7917,T2C
128,0,0,1,269,green,7917,T2C
129,0,0,1,269,green,7917,T2C
130,0,0,1,269,green,7917,T2C
131,0,0,1,269,green,7917,T2C
132,0,1,0,269,green,7917,T2C
133,0,1,0,269,green,7917,T2C
134,0,1,0,269,green,7917,T2C
135,0,1,0,269,green,7917,T2C
136,0,1,0,269,green,7917,T2C
137,0,1,0,269,green,7917,T2C
138,0,1,0,269,green,7917,T2C
139,0,1,0,269,green,7917,T2C
140,0,1,0,269,green,7917,T2C
141,0,1,0,269,green,7917,T2C
142,0,1,0,269,green,7917,T2C
143,0,1,0,269,green,7917,T2C
144,0,1,0,269,green,7917,T2C
145,0,1,0,269,green,7917,T2C
146,0,1,0,269,green,7917,T2C
147,0,1,0,269,green,7917,T2C
148,0,1,0,269,green,7917,T2C
149,0,1,0,269,green,7917,T2C
150,0,1,0,269,green,7917,T2C
151,0,1,0,269,green,7917,T2C
152,0,1,0,269,green,7917,T2C
153,0,1,0,269,green,7917,T2C
154,0,1,0,269,green,7917,T2C
155,0,1,0,269,green,7917,T2C
156,0,1,0,269,green,7917,T2C
157,0,1,0,269,green,7917,T2C
158,0,1,0,269,green,7917,T2C
159,0,1,0,269,green,7917,T2C
160,0,1,0,269,green,7917,T2C
161,0,1,0,269,green,7917,T2C
162,0,1,0,269,green,7917,T2C
163,0,1,0,269,green,7917,T2C
164,0,1,0,269,green,7917,T2C
165,0,1,0,269,green,7917,T2C
166,0,1,0,269,green,7917,T2C
167,0,1,0,269,green,7917,T2C
168,0,1,0,269,green,7917,T2C
169,0,1,0,269,green,7917,T2C
170,0,1,0,269,green,7917,T2C
171,0,1,0,269,green,7917,T2C
172,0,1,0,269,green,7917,T2C
173,0,1,0,269,green,7917,T2C
174,0,1,0,269,green,7917,T2C
175,0,1,0,269,green,7917,T2C
176,0,1,0,269,green,7917,T2C
177,0,1,0,269,green,7917,T2C
178,0,1,0,269,green,7917,T2C
179,0,1,0,269,green,7917,T2C
180,0,1,0,269,green,7917,T2C
181,0,1,0,269,green,7917,T2C
182,0,1,0,269,green,7917,T2C
183,0,1,0,269,green,7917,T2C
184,0,1,0,269,green,7917,T2C
185,0,1,0,269,green,7917,T2C
186,0,1,0,269,green,7917,T2C
187,0,1,0,269,green,7917,T2C
188,0,1,0,269,green,7917,T2C
189,0,1,0,269,green,7917,T2C
190,0,1,0,269,green,7917,T2C
191,0,1,0,269,green,7917,T2C
192,0,1,0,269,green,7917,T2C
193,0,1,0,269,green,7917,T2C
194,0,1,0,269,green,7917,T2C
195,0,1,0,269,green,7917,T2C
196,0,1,0,269,green,7917,T2C
197,0,1,0,269,green,7917,T2C
0,0,0,1,270,green,9125,T2C
1,0,0,1,270,green,9125,T2C
2,0,0,1,270,green,9125,T2C
3,0,0,1,270,green,9125,T2C
4,0,0,1,270,green,9125,T2C
5,0,0,1,270,green,9125,T2C
6,0,0,1,270,green,9125,T2C
7,0,0,1,270,green,9125,T2C
8,0,0,1,270,green,9125,T2C
9,0,0,1,270,green,9125,T2C
10,0,0,1,270,green,9125,T2C
11,0,0,1,270,green,9125,T2C
12,0,0,1,270,green,9125,T2C
13,0,0,1,270,green,9125,T2C
14,0,0,1,270,green,9125,T2C
15,0,0,1,270,green,9125,T2C
16,0,0,1,270,green,9125,T2C
17,0,0,1,270,green,9125,T2C
18,0,0,1,270,green,9125,T2C
19,0,0,1,270,green,9125,T2C
20,0,0,1,270,green,9125,T2C
21,0,0,1,270,green,9125,T2C
22,0,0,1,270,green,9125,T2C
23,0,0,1,270,green,9125,T2C
24,0,0,1,270,green,9125,T2C
25,0,0,1,270,green,9125,T2C
26,0,0,1,270,green,9125,T2C
27,0,0,1,270,green,9125,T2C
28,0,0,1,270,green,9125,T2C
29,0,0,1,270,green,9125,T2C
30,0,0,1,270,green,9125,T2C
31,0,0,1,270,green,9125,T2C
32,0,0,1,270,green,9125,T2C
33,0,0,1,270,green,9125,T2C
34,0,0,1,270,green,9125,T2C
35,0,0,1,270,green,9125,T2C
36,0,0,1,270,green,9125,T2C
37,0,0,1,270,green,9125,T2C
38,0,0,1,270,green,9125,T2C
39,0,0,1,270,green,9125,T2C
40,0,0,1,270,green,9125,T2C
41,0,0,1,270,green,9125,T2C
42,0,0,1,270,green,9125,T2C
43,0,0,1,270,green,9125,T2C
44,0,0,1,270,green,9125,T2C
45,0,0,1,270,green,9125,T2C
46,0,0,1,270,green,9125,T2C
47,0,0,1,270,green,9125,T2C
48,0,0,1,270,green,9125,T2C
49,0,0,1,270,green,9125,T2C
50,0,0,1,270,green,9125,T2C
51,0,0,1,270,green,9125,T2C
52,0,0,1,270,green,9125,T2C
53,0,0,1,270,green,9125,T2C
54,0,0,1,270,green,9125,T2C
55,0,0,1,270,green,9125,T2C
56,0,0,1,270,green,9125,T2C
57,0,0,1,270,green,9125,T2C
58,0,0,1,270,green,9125,T2C
59,0,0,1,270,green,9125,T2C
60,0,0,1,270,green,9125,T2C
61,0,0,1,270,green,9125,T2C
62,0,0,1,270,green,9125,T2C
63,0,0,1,270,green,9125,T2C
64,0,0,1,270,green,9125,T2C
65,0,0,1,270,green,9125,T2C
66,0,0,1,270,green,9125,T2C
67,0,0,1,270,green,9125,T2C
68,0,0,1,270,green,9125,T2C
69,0,0,1,270,green,9125,T2C
70,0,0,1,270,green,9125,T2C
71,0,0,1,270,green,9125,T2C
72,0,0,1,270,green,9125,T2C
73,0,0,1,270,green,9125,T2C
74,0,0,1,270,green,9125,T2C
75,0,0,1,270,green,9125,T2C
76,0,0,1,270,green,9125,T2C
77,0,0,1,270,green,9125,T2C
78,0,0,1,270,green,9125,T2C
79,0,0,1,270,green,9125,T2C
80,0,0,1,270,green,9125,T2C
81,0,0,1,270,green,9125,T2C
82,0,0,1,270,green,9125,T2C
83,0,1,0,270,green,9125,T2C
84,0,1,0,270,green,9125,T2C
85,0,1,0,270,green,9125,T2C
86,0,1,0,270,green,9125,T2C
87,0,1,0,270,green,9125,T2C
88,0,1,0,270,green,9125,T2C
89,0,1,0,270,green,9125,T2C
90,0,1,0,270,green,9125,T2C
91,0,1,0,270,green,9125,T2C
92,0,1,0,270,green,9125,T2C
93,0,1,0,270,green,9125,T2C
94,0,1,0,270,green,9125,T2C
95,0,1,0,270,green,9125,T2C
96,0,1,0,270,green,9125,T2C
97,0,1,0,270,green,9125,T2C
98,0,1,0,270,green,9125,T2C
99,0,1,0,270,green,9125,T2C
100,0,1,0,270,green,9125,T2C
101,0,1,0,270,green,9125,T2C
102,0,1,0,270,green,9125,T2C
103,0,1,0,270,green,9125,T2C
104,0,1,0,270,green,9125,T2C
105,0,1,0,270,green,9125,T2C
106,0,1,0,270,green,9125,T2C
107,0,1,0,270,green,9125,T2C
108,0,1,0,270,green,9125,T2C
109,0,1,0,270,green,9125,T2C
110,0,1,0,270,green,9125,T2C
111,0,1,0,270,green,9125,T2C
112,0,1,0,270,green,9125,T2C
113,0,1,0,270,green,9125,T2C
114,0,1,0,270,green,9125,T2C
115,0,1,0,270,green,9125,T2C
116,0,1,0,270,green,9125,T2C
117,0,1,0,270,green,9125,T2C
118,0,1,0,270,green,9125,T2C
119,0,1,0,270,green,9125,T2C
120,0,1,0,270,green,9125,T2C
121,0,1,0,270,green,9125,T2C
122,0,1,0,270,green,9125,T2C
123,0,1,0,270,green,9125,T2C
124,0,1,0,270,green,9125,T2C
125,0,1,0,270,green,9125,T2C
126,0,1,0,270,green,9125,T2C
127,0,1,0,270,green,9125,T2C
128,0,1,0,270,green,9125,T2C
129,0,1,0,270,green,9125,T2C
130,0,1,0,270,green,9125,T2C
131,0,1,0,270,green,9125,T2C
132,0,1,0,270,green,9125,T2C
133,0,1,0,270,green,9125,T2C
134,0,1,0,270,green,9125,T2C
135,0,1,0,270,green,9125,T2C
136,0,1,0,270,green,9125,T2C
137,0,1,0,270,green,9125,T2C
138,0,1,0,270,green,9125,T2C
139,0,1,0,270,green,9125,T2C
140,0,1,0,270,green,9125,T2C
141,0,1,0,270,green,9125,T2C
142,0,1,0,270,green,9125,T2C
143,0,1,0,270,green,9125,T2C
144,0,1,0,270,green,9125,T2C
145,0,1,0,270,green,9125,T2C
146,0,1,0,270,green,9125,T2C
147,0,1,0,270,green,9125,T2C
148,0,1,0,270,green,9125,T2C
149,0,1,0,270,green,9125,T2C
150,0,1,0,270,green,9125,T2C
151,0,1,0,270,green,9125,T2C
152,0,1,0,270,green,9125,T2C
153,0,1,0,270,green,9125,T2C
154,0,1,0,270,green,9125,T2C
155,0,1,0,270,green,9125,T2C
156,0,1,0,270,green,9125,T2C
157,0,1,0,270,green,9125,T2C
158,0,1,0,270,green,9125,T2C
159,0,1,0,270,green,9125,T2C
160,0,1,0,270,green,9125,T2C
161,0,1,0,270,green,9125,T2C
162,0,1,0,270,green,9125,T2C
163,0,1,0,270,green,9125,T2C
164,0,1,0,270,green,9125,T2C
165,0,1,0,270,green,9125,T2C
166,0,1,0,270,green,9125,T2C
167,0,1,0,270,green,9125,T2C
168,0,1,0,270,green,9125,T2C
169,0,1,0,270,green,9125,T2C
170,0,1,0,270,green,9125,T2C
171,0,1,0,270,green,9125,T2C
172,0,1,0,270,green,9125,T2C
173,0,1,0,270,green,9125,T2C
174,0,1,0,270,green,9125,T2C
175,0,1,0,270,green,9125,T2C
176,0,1,0,270,green,9125,T2C
177,0,1,0,270,green,9125,T2C
178,0,1,0,270,green,9125,T2C
179,0,1,0,270,green,9125,T2C
180,0,1,0,270,green,9125,T2C
181,0,1,0,270,green,9125,T2C
182,0,1,0,270,green,9125,T2C
183,0,1,0,270,green,9125,T2C
184,0,1,0,270,green,9125,T2C
185,0,1,0,270,green,9125,T2C
186,0,1,0,270,green,9125,T2C
187,0,1,0,270,green,9125,T2C
188,0,1,0,270,green,9125,T2C
189,0,1,0,270,green,9125,T2C
190,0,1,0,270,green,9125,T2C
191,0,1,0,270,green,9125,T2C
192,0,1,0,270,green,9125,T2C
193,0,1,0,270,green,9125,T2C
194,0,1,0,270,green,9125,T2C
195,0,1,0,270,green,9125,T2C
196,0,1,0,270,green,9125,T2C
197,0,1,0,270,green,9125,T2C
0,0,0,1,272,green,8967,T2C
1,0,0,1,272,green,8967,T2C
2,0,0,1,272,green,8967,T2C
3,0,0,1,272,green,8967,T2C
4,0,0,1,272,green,8967,T2C
5,0,0,1,272,green,8967,T2C
6,0,0,1,272,green,8967,T2C
7,0,0,1,272,green,8967,T2C
8,0,0,1,272,green,8967,T2C
9,0,0,1,272,green,8967,T2C
10,0,0,1,272,green,8967,T2C
11,0,0,1,272,green,8967,T2C
12,0,0,1,272,green,8967,T2C
13,0,0,1,272,green,8967,T2C
14,0,0,1,272,green,8967,T2C
15,0,0,1,272,green,8967,T2C
16,0,0,1,272,green,8967,T2C
17,0,0,1,272,green,8967,T2C
18,0,0,1,272,green,8967,T2C
19,0,0,1,272,green,8967,T2C
20,0,0,1,272,green,8967,T2C
21,0,0,1,272,green,8967,T2C
22,0,0,1,272,green,8967,T2C
23,0,0,1,272,green,8967,T2C
24,0,0,1,272,green,8967,T2C
25,0,0,1,272,green,8967,T2C
26,0,0,1,272,green,8967,T2C
27,0,0,1,272,green,8967,T2C
28,0,0,1,272,green,8967,T2C
29,0,0,1,272,green,8967,T2C
30,0,0,1,272,green,8967,T2C
31,0,0,1,272,green,8967,T2C
32,0,0,1,272,green,8967,T2C
33,0,0,1,272,green,8967,T2C
34,0,0,1,272,green,8967,T2C
35,0,0,1,272,green,8967,T2C
36,0,0,1,272,green,8967,T2C
37,0,0,1,272,green,8967,T2C
38,0,0,1,272,green,8967,T2C
39,0,0,1,272,green,8967,T2C
40,0,0,1,272,green,8967,T2C
41,0,0,1,272,green,8967,T2C
42,0,0,1,272,green,8967,T2C
43,0,0,1,272,green,8967,T2C
44,0,0,1,272,green,8967,T2C
45,0,0,1,272,green,8967,T2C
46,0,0,1,272,green,8967,T2C
47,0,0,1,272,green,8967,T2C
48,1,0,0,272,green,8967,T2C
49,1,0,0,272,green,8967,T2C
50,1,0,0,272,green,8967,T2C
51,1,0,0,272,green,8967,T2C
52,1,0,0,272,green,8967,T2C
53,1,0,0,272,green,8967,T2C
54,1,0,0,272,green,8967,T2C
55,1,0,0,272,green,8967,T2C
56,1,0,0,272,green,8967,T2C
57,1,0,0,272,green,8967,T2C
58,1,0,0,272,green,8967,T2C
59,1,0,0,272,green,8967,T2C
60,1,0,0,272,green,8967,T2C
61,1,0,0,272,green,8967,T2C
62,1,0,0,272,green,8967,T2C
63,1,0,0,272,green,8967,T2C
64,1,0,0,272,green,8967,T2C
65,1,0,0,272,green,8967,T2C
66,1,0,0,272,green,8967,T2C
67,1,0,0,272,green,8967,T2C
68,1,0,0,272,green,8967,T2C
69,1,0,0,272,green,8967,T2C
70,1,0,0,272,green,8967,T2C
71,1,0,0,272,green,8967,T2C
72,1,0,0,272,green,8967,T2C
73,1,0,0,272,green,8967,T2C
74,1,0,0,272,green,8967,T2C
75,1,0,0,272,green,8967,T2C
76,1,0,0,272,green,8967,T2C
77,1,0,0,272,green,8967,T2C
78,1,0,0,272,green,8967,T2C
79,1,0,0,272,green,8967,T2C
80,1,0,0,272,green,8967,T2C
81,1,0,0,272,green,8967,T2C
82,1,0,0,272,green,8967,T2C
83,1,0,0,272,green,8967,T2C
84,1,0,0,272,green,8967,T2C
85,1,0,0,272,green,8967,T2C
86,1,0,0,272,green,8967,T2C
87,1,0,0,272,green,8967,T2C
88,1,0,0,272,green,8967,T2C
89,1,0,0,272,green,8967,T2C
90,1,0,0,272,green,8967,T2C
91,1,0,0,272,green,8967,T2C
92,1,0,0,272,green,8967,T2C
93,1,0,0,272,green,8967,T2C
94,1,0,0,272,green,8967,T2C
95,1,0,0,272,green,8967,T2C
96,1,0,0,272,green,8967,T2C
97,1,0,0,272,green,8967,T2C
98,1,0,0,272,green,8967,T2C
99,1,0,0,272,green,8967,T2C
100,1,0,0,272,green,8967,T2C
101,1,0,0,272,green,8967,T2C
102,1,0,0,272,green,8967,T2C
103,1,0,0,272,green,8967,T2C
104,1,0,0,272,green,8967,T2C
105,1,0,0,272,green,8967,T2C
106,1,0,0,272,green,8967,T2C
107,1,0,0,272,green,8967,T2C
108,1,0,0,272,green,8967,T2C
109,1,0,0,272,green,8967,T2C
110,1,0,0,272,green,8967,T2C
111,1,0,0,272,green,8967,T2C
112,1,0,0,272,green,8967,T2C
113,1,0,0,272,green,8967,T2C
114,1,0,0,272,green,8967,T2C
115,1,0,0,272,green,8967,T2C
116,1,0,0,272,green,8967,T2C
117,1,0,0,272,green,8967,T2C
118,1,0,0,272,green,8967,T2C
119,1,0,0,272,green,8967,T2C
120,1,0,0,272,green,8967,T2C
121,1,0,0,272,green,8967,T2C
122,1,0,0,272,green,8967,T2C
123,1,0,0,272,green,8967,T2C
124,1,0,0,272,green,8967,T2C
125,1,0,0,272,green,8967,T2C
126,1,0,0,272,green,8967,T2C
127,1,0,0,272,green,8967,T2C
128,1,0,0,272,green,8967,T2C
129,1,0,0,272,green,8967,T2C
130,1,0,0,272,green,8967,T2C
131,1,0,0,272,green,8967,T2C
132,1,0,0,272,green,8967,T2C
133,1,0,0,272,green,8967,T2C
134,1,0,0,272,green,8967,T2C
135,1,0,0,272,green,8967,T2C
136,1,0,0,272,green,8967,T2C
137,1,0,0,272,green,8967,T2C
138,1,0,0,272,green,8967,T2C
139,1,0,0,272,green,8967,T2C
140,1,0,0,272,green,8967,T2C
141,1,0,0,272,green,8967,T2C
142,1,0,0,272,green,8967,T2C
143,1,0,0,272,green,8967,T2C
144,1,0,0,272,green,8967,T2C
145,1,0,0,272,green,8967,T2C
146,1,0,0,272,green,8967,T2C
147,1,0,0,272,green,8967,T2C
148,1,0,0,272,green,8967,T2C
149,1,0,0,272,green,8967,T2C
150,1,0,0,272,green,8967,T2C
151,1,0,0,272,green,8967,T2C
152,1,0,0,272,green,8967,T2C
153,1,0,0,272,green,8967,T2C
154,1,0,0,272,green,8967,T2C
155,1,0,0,272,green,8967,T2C
156,1,0,0,272,green,8967,T2C
157,1,0,0,272,green,8967,T2C
158,1,0,0,272,green,8967,T2C
159,1,0,0,272,green,8967,T2C
160,1,0,0,272,green,8967,T2C
161,1,0,0,272,green,8967,T2C
162,1,0,0,272,green,8967,T2C
163,1,0,0,272,green,8967,T2C
164,1,0,0,272,green,8967,T2C
165,1,0,0,272,green,8967,T2C
166,1,0,0,272,green,8967,T2C
167,1,0,0,272,green,8967,T2C
168,1,0,0,272,green,8967,T2C
169,1,0,0,272,green,8967,T2C
170,1,0,0,272,green,8967,T2C
171,0,0,1,272,green,8967,T2C
172,0,0,1,272,green,8967,T2C
173,0,0,1,272,green,8967,T2C
174,0,1,0,272,green,8967,T2C
175,0,1,0,272,green,8967,T2C
176,0,1,0,272,green,8967,T2C
177,0,1,0,272,green,8967,T2C
178,0,1,0,272,green,8967,T2C
179,0,1,0,272,green,8967,T2C
180,0,1,0,272,green,8967,T2C
181,0,1,0,272,green,8967,T2C
182,0,1,0,272,green,8967,T2C
183,0,1,0,272,green,8967,T2C
184,0,1,0,272,green,8967,T2C
185,0,1,0,272,green,8967,T2C
186,0,1,0,272,green,8967,T2C
187,0,1,0,272,green,8967,T2C
188,0,1,0,272,green,8967,T2C
189,0,1,0,272,green,8967,T2C
190,0,1,0,272,green,8967,T2C
191,0,1,0,272,green,8967,T2C
192,0,1,0,272,green,8967,T2C
193,0,1,0,272,green,8967,T2C
194,0,1,0,272,green,8967,T2C
195,0,1,0,272,green,8967,T2C
196,0,1,0,272,green,8967,T2C
197,0,1,0,272,green,8967,T2C
0,0,0,1,273,green,10341,T2C
1,0,0,1,273,green,10341,T2C
2,0,0,1,273,green,10341,T2C
3,0,0,1,273,green,10341,T2C
4,0,0,1,273,green,10341,T2C
5,0,0,1,273,green,10341,T2C
6,0,0,1,273,green,10341,T2C
7,0,0,1,273,green,10341,T2C
8,0,0,1,273,green,10341,T2C
9,0,0,1,273,green,10341,T2C
10,0,0,1,273,green,10341,T2C
11,0,0,1,273,green,10341,T2C
12,0,0,1,273,green,10341,T2C
13,0,0,1,273,green,10341,T2C
14,0,0,1,273,green,10341,T2C
15,0,0,1,273,green,10341,T2C
16,0,0,1,273,green,10341,T2C
17,0,0,1,273,green,10341,T2C
18,0,0,1,273,green,10341,T2C
19,0,0,1,273,green,10341,T2C
20,0,0,1,273,green,10341,T2C
21,0,0,1,273,green,10341,T2C
22,0,0,1,273,green,10341,T2C
23,0,0,1,273,green,10341,T2C
24,0,0,1,273,green,10341,T2C
25,0,0,1,273,green,10341,T2C
26,0,0,1,273,green,10341,T2C
27,0,0,1,273,green,10341,T2C
28,0,0,1,273,green,10341,T2C
29,0,0,1,273,green,10341,T2C
30,0,0,1,273,green,10341,T2C
31,0,0,1,273,green,10341,T2C
32,0,0,1,273,green,10341,T2C
33,0,0,1,273,green,10341,T2C
34,0,0,1,273,green,10341,T2C
35,0,0,1,273,green,10341,T2C
36,0,0,1,273,green,10341,T2C
37,0,0,1,273,green,10341,T2C
38,0,0,1,273,green,10341,T2C
39,0,0,1,273,green,10341,T2C
40,0,0,1,273,green,10341,T2C
41,0,0,1,273,green,10341,T2C
42,0,0,1,273,green,10341,T2C
43,0,0,1,273,green,10341,T2C
44,0,0,1,273,green,10341,T2C
45,0,0,1,273,green,10341,T2C
46,0,0,1,273,green,10341,T2C
47,0,0,1,273,green,10341,T2C
48,0,0,1,273,green,10341,T2C
49,0,0,1,273,green,10341,T2C
50,0,1,0,273,green,10341,T2C
51,0,1,0,273,green,10341,T2C
52,0,1,0,273,green,10341,T2C
53,0,1,0,273,green,10341,T2C
54,0,1,0,273,green,10341,T2C
55,0,1,0,273,green,10341,T2C
56,0,1,0,273,green,10341,T2C
57,0,1,0,273,green,10341,T2C
58,0,1,0,273,green,10341,T2C
59,0,1,0,273,green,10341,T2C
60,0,1,0,273,green,10341,T2C
61,0,1,0,273,green,10341,T2C
62,0,1,0,273,green,10341,T2C
63,0,1,0,273,green,10341,T2C
64,0,1,0,273,green,10341,T2C
65,0,1,0,273,green,10341,T2C
66,0,1,0,273,green,10341,T2C
67,0,1,0,273,green,10341,T2C
68,0,1,0,273,green,10341,T2C
69,0,1,0,273,green,10341,T2C
70,0,1,0,273,green,10341,T2C
71,0,1,0,273,green,10341,T2C
72,0,1,0,273,green,10341,T2C
73,0,1,0,273,green,10341,T2C
74,0,1,0,273,green,10341,T2C
75,0,1,0,273,green,10341,T2C
76,0,1,0,273,green,10341,T2C
77,0,1,0,273,green,10341,T2C
78,0,1,0,273,green,10341,T2C
79,0,1,0,273,green,10341,T2C
80,0,1,0,273,green,10341,T2C
81,0,1,0,273,green,10341,T2C
82,0,1,0,273,green,10341,T2C
83,0,1,0,273,green,10341,T2C
84,0,1,0,273,green,10341,T2C
85,0,1,0,273,green,10341,T2C
86,0,1,0,273,green,10341,T2C
87,0,1,0,273,green,10341,T2C
88,0,1,0,273,green,10341,T2C
89,0,1,0,273,green,10341,T2C
90,0,1,0,273,green,10341,T2C
91,0,1,0,273,green,10341,T2C
92,0,1,0,273,green,10341,T2C
93,0,1,0,273,green,10341,T2C
94,0,1,0,273,green,10341,T2C
95,0,1,0,273,green,10341,T2C
96,0,1,0,273,green,10341,T2C
97,0,1,0,273,green,10341,T2C
98,0,1,0,273,green,10341,T2C
99,0,1,0,273,green,10341,T2C
100,0,1,0,273,green,10341,T2C
101,0,1,0,273,green,10341,T2C
102,0,1,0,273,green,10341,T2C
103,0,1,0,273,green,10341,T2C
104,0,1,0,273,green,10341,T2C
105,0,1,0,273,green,10341,T2C
106,0,1,0,273,green,10341,T2C
107,0,1,0,273,green,10341,T2C
108,0,1,0,273,green,10341,T2C
109,0,1,0,273,green,10341,T2C
110,0,1,0,273,green,10341,T2C
111,0,1,0,273,green,10341,T2C
112,0,1,0,273,green,10341,T2C
113,0,1,0,273,green,10341,T2C
114,0,1,0,273,green,10341,T2C
115,0,1,0,273,green,10341,T2C
116,0,1,0,273,green,10341,T2C
117,0,1,0,273,green,10341,T2C
118,0,1,0,273,green,10341,T2C
119,0,1,0,273,green,10341,T2C
120,0,1,0,273,green,10341,T2C
121,0,1,0,273,green,10341,T2C
122,0,1,0,273,green,10341,T2C
123,0,1,0,273,green,10341,T2C
124,0,1,0,273,green,10341,T2C
125,0,1,0,273,green,10341,T2C
126,0,1,0,273,green,10341,T2C
127,0,1,0,273,green,10341,T2C
128,0,1,0,273,green,10341,T2C
129,0,1,0,273,green,10341,T2C
130,0,1,0,273,green,10341,T2C
131,0,1,0,273,green,10341,T2C
132,0,1,0,273,green,10341,T2C
133,0,1,0,273,green,10341,T2C
134,0,1,0,273,green,10341,T2C
135,0,1,0,273,green,10341,T2C
136,0,1,0,273,green,10341,T2C
137,0,1,0,273,green,10341,T2C
138,0,1,0,273,green,10341,T2C
139,0,1,0,273,green,10341,T2C
140,0,1,0,273,green,10341,T2C
141,0,1,0,273,green,10341,T2C
142,0,1,0,273,green,10341,T2C
143,0,1,0,273,green,10341,T2C
144,0,1,0,273,green,10341,T2C
145,0,1,0,273,green,10341,T2C
146,0,1,0,273,green,10341,T2C
147,0,1,0,273,green,10341,T2C
148,0,1,0,273,green,10341,T2C
149,0,1,0,273,green,10341,T2C
150,0,1,0,273,green,10341,T2C
151,0,1,0,273,green,10341,T2C
152,0,1,0,273,green,10341,T2C
153,0,1,0,273,green,10341,T2C
154,0,1,0,273,green,10341,T2C
155,0,1,0,273,green,10341,T2C
156,0,1,0,273,green,10341,T2C
157,0,1,0,273,green,10341,T2C
158,0,1,0,273,green,10341,T2C
159,0,1,0,273,green,10341,T2C
160,0,1,0,273,green,10341,T2C
161,0,1,0,273,green,10341,T2C
162,0,1,0,273,green,10341,T2C
163,0,1,0,273,green,10341,T2C
164,0,1,0,273,green,10341,T2C
165,0,1,0,273,green,10341,T2C
166,0,1,0,273,green,10341,T2C
167,0,1,0,273,green,10341,T2C
168,0,1,0,273,green,10341,T2C
169,0,1,0,273,green,10341,T2C
170,0,1,0,273,green,10341,T2C
171,0,1,0,273,green,10341,T2C
172,0,1,0,273,green,10341,T2C
173,0,1,0,273,green,10341,T2C
174,0,1,0,273,green,10341,T2C
175,0,1,0,273,green,10341,T2C
176,0,1,0,273,green,10341,T2C
177,0,1,0,273,green,10341,T2C
178,0,1,0,273,green,10341,T2C
179,0,1,0,273,green,10341,T2C
180,0,1,0,273,green,10341,T2C
181,0,1,0,273,green,10341,T2C
182,0,1,0,273,green,10341,T2C
183,0,1,0,273,green,10341,T2C
184,0,1,0,273,green,10341,T2C
185,0,1,0,273,green,10341,T2C
186,0,1,0,273,green,10341,T2C
187,0,1,0,273,green,10341,T2C
188,0,1,0,273,green,10341,T2C
189,0,1,0,273,green,10341,T2C
190,0,1,0,273,green,10341,T2C
191,0,1,0,273,green,10341,T2C
192,0,1,0,273,green,10341,T2C
193,0,1,0,273,green,10341,T2C
194,0,1,0,273,green,10341,T2C
195,0,1,0,273,green,10341,T2C
196,0,1,0,273,green,10341,T2C
197,0,1,0,273,green,10341,T2C
0,0,0,1,274,green,8272,T2C
1,0,0,1,274,green,8272,T2C
2,0,0,1,274,green,8272,T2C
3,0,0,1,274,green,8272,T2C
4,0,0,1,274,green,8272,T2C
5,0,0,1,274,green,8272,T2C
6,0,0,1,274,green,8272,T2C
7,0,0,1,274,green,8272,T2C
8,0,0,1,274,green,8272,T2C
9,0,0,1,274,green,8272,T2C
10,0,0,1,274,green,8272,T2C
11,0,0,1,274,green,8272,T2C
12,0,0,1,274,green,8272,T2C
13,0,0,1,274,green,8272,T2C
14,0,0,1,274,green,8272,T2C
15,0,0,1,274,green,8272,T2C
16,0,0,1,274,green,8272,T2C
17,0,0,1,274,green,8272,T2C
18,0,0,1,274,green,8272,T2C
19,0,0,1,274,green,8272,T2C
20,0,0,1,274,green,8272,T2C
21,0,0,1,274,green,8272,T2C
22,0,0,1,274,green,8272,T2C
23,0,0,1,274,green,8272,T2C
24,0,0,1,274,green,8272,T2C
25,0,0,1,274,green,8272,T2C
26,0,0,1,274,green,8272,T2C
27,0,0,1,274,green,8272,T2C
28,0,0,1,274,green,8272,T2C
29,0,0,1,274,green,8272,T2C
30,0,0,1,274,green,8272,T2C
31,0,0,1,274,green,8272,T2C
32,0,0,1,274,green,8272,T2C
33,0,0,1,274,green,8272,T2C
34,0,0,1,274,green,8272,T2C
35,0,0,1,274,green,8272,T2C
36,0,0,1,274,green,8272,T2C
37,0,0,1,274,green,8272,T2C
38,0,0,1,274,green,8272,T2C
39,0,0,1,274,green,8272,T2C
40,0,0,1,274,green,8272,T2C
41,0,0,1,274,green,8272,T2C
42,0,0,1,274,green,8272,T2C
43,0,0,1,274,green,8272,T2C
44,0,0,1,274,green,8272,T2C
45,0,0,1,274,green,8272,T2C
46,0,0,1,274,green,8272,T2C
47,0,0,1,274,green,8272,T2C
48,1,0,0,274,green,8272,T2C
49,1,0,0,274,green,8272,T2C
50,1,0,0,274,green,8272,T2C
51,1,0,0,274,green,8272,T2C
52,1,0,0,274,green,8272,T2C
53,1,0,0,274,green,8272,T2C
54,1,0,0,274,green,8272,T2C
55,1,0,0,274,green,8272,T2C
56,1,0,0,274,green,8272,T2C
57,1,0,0,274,green,8272,T2C
58,1,0,0,274,green,8272,T2C
59,1,0,0,274,green,8272,T2C
60,0,0,1,274,green,8272,T2C
61,0,0,1,274,green,8272,T2C
62,0,0,1,274,green,8272,T2C
63,0,0,1,274,green,8272,T2C
64,0,0,1,274,green,8272,T2C
65,0,0,1,274,green,8272,T2C
66,1,0,0,274,green,8272,T2C
67,1,0,0,274,green,8272,T2C
68,1,0,0,274,green,8272,T2C
69,1,0,0,274,green,8272,T2C
70,1,0,0,274,green,8272,T2C
71,1,0,0,274,green,8272,T2C
72,1,0,0,274,green,8272,T2C
73,1,0,0,274,green,8272,T2C
74,1,0,0,274,green,8272,T2C
75,1,0,0,274,green,8272,T2C
76,1,0,0,274,green,8272,T2C
77,0,0,1,274,green,8272,T2C
78,0,0,1,274,green,8272,T2C
79,0,1,0,274,green,8272,T2C
80,0,1,0,274,green,8272,T2C
81,0,1,0,274,green,8272,T2C
82,0,0,1,274,green,8272,T2C
83,1,0,0,274,green,8272,T2C
84,1,0,0,274,green,8272,T2C
85,1,0,0,274,green,8272,T2C
86,1,0,0,274,green,8272,T2C
87,1,0,0,274,green,8272,T2C
88,1,0,0,274,green,8272,T2C
89,1,0,0,274,green,8272,T2C
90,1,0,0,274,green,8272,T2C
91,1,0,0,274,green,8272,T2C
92,1,0,0,274,green,8272,T2C
93,1,0,0,274,green,8272,T2C
94,1,0,0,274,green,8272,T2C
95,1,0,0,274,green,8272,T2C
96,1,0,0,274,green,8272,T2C
97,1,0,0,274,green,8272,T2C
98,1,0,0,274,green,8272,T2C
99,1,0,0,274,green,8272,T2C
100,1,0,0,274,green,8272,T2C
101,1,0,0,274,green,8272,T2C
102,1,0,0,274,green,8272,T2C
103,1,0,0,274,green,8272,T2C
104,1,0,0,274,green,8272,T2C
105,1,0,0,274,green,8272,T2C
106,1,0,0,274,green,8272,T2C
107,1,0,0,274,green,8272,T2C
108,1,0,0,274,green,8272,T2C
109,1,0,0,274,green,8272,T2C
110,1,0,0,274,green,8272,T2C
111,1,0,0,274,green,8272,T2C
112,1,0,0,274,green,8272,T2C
113,1,0,0,274,green,8272,T2C
114,1,0,0,274,green,8272,T2C
115,1,0,0,274,green,8272,T2C
116,1,0,0,274,green,8272,T2C
117,1,0,0,274,green,8272,T2C
118,1,0,0,274,green,8272,T2C
119,1,0,0,274,green,8272,T2C
120,1,0,0,274,green,8272,T2C
121,1,0,0,274,green,8272,T2C
122,1,0,0,274,green,8272,T2C
123,1,0,0,274,green,8272,T2C
124,1,0,0,274,green,8272,T2C
125,1,0,0,274,green,8272,T2C
126,1,0,0,274,green,8272,T2C
127,1,0,0,274,green,8272,T2C
128,1,0,0,274,green,8272,T2C
129,1,0,0,274,green,8272,T2C
130,1,0,0,274,green,8272,T2C
131,1,0,0,274,green,8272,T2C
132,1,0,0,274,green,8272,T2C
133,1,0,0,274,green,8272,T2C
134,1,0,0,274,green,8272,T2C
135,1,0,0,274,green,8272,T2C
136,1,0,0,274,green,8272,T2C
137,1,0,0,274,green,8272,T2C
138,1,0,0,274,green,8272,T2C
139,1,0,0,274,green,8272,T2C
140,1,0,0,274,green,8272,T2C
141,1,0,0,274,green,8272,T2C
142,1,0,0,274,green,8272,T2C
143,1,0,0,274,green,8272,T2C
144,1,0,0,274,green,8272,T2C
145,1,0,0,274,green,8272,T2C
146,1,0,0,274,green,8272,T2C
147,1,0,0,274,green,8272,T2C
148,1,0,0,274,green,8272,T2C
149,1,0,0,274,green,8272,T2C
150,1,0,0,274,green,8272,T2C
151,0,0,1,274,green,8272,T2C
152,0,0,1,274,green,8272,T2C
153,0,0,1,274,green,8272,T2C
154,0,0,1,274,green,8272,T2C
155,0,0,1,274,green,8272,T2C
156,1,0,0,274,green,8272,T2C
157,1,0,0,274,green,8272,T2C
158,1,0,0,274,green,8272,T2C
159,1,0,0,274,green,8272,T2C
160,1,0,0,274,green,8272,T2C
161,1,0,0,274,green,8272,T2C
162,1,0,0,274,green,8272,T2C
163,1,0,0,274,green,8272,T2C
164,1,0,0,274,green,8272,T2C
165,1,0,0,274,green,8272,T2C
166,1,0,0,274,green,8272,T2C
167,1,0,0,274,green,8272,T2C
168,1,0,0,274,green,8272,T2C
169,0,0,1,274,green,8272,T2C
170,0,0,1,274,green,8272,T2C
171,0,0,1,274,green,8272,T2C
172,0,1,0,274,green,8272,T2C
173,0,1,0,274,green,8272,T2C
174,0,1,0,274,green,8272,T2C
175,0,1,0,274,green,8272,T2C
176,0,1,0,274,green,8272,T2C
177,0,1,0,274,green,8272,T2C
178,0,1,0,274,green,8272,T2C
179,0,1,0,274,green,8272,T2C
180,0,1,0,274,green,8272,T2C
181,0,1,0,274,green,8272,T2C
182,0,1,0,274,green,8272,T2C
183,0,1,0,274,green,8272,T2C
184,0,1,0,274,green,8272,T2C
185,0,1,0,274,green,8272,T2C
186,0,1,0,274,green,8272,T2C
187,0,1,0,274,green,8272,T2C
188,0,1,0,274,green,8272,T2C
189,0,1,0,274,green,8272,T2C
190,0,1,0,274,green,8272,T2C
191,0,1,0,274,green,8272,T2C
192,0,1,0,274,green,8272,T2C
193,0,1,0,274,green,8272,T2C
194,0,1,0,274,green,8272,T2C
195,0,1,0,274,green,8272,T2C
196,0,1,0,274,green,8272,T2C
197,0,1,0,274,green,8272,T2C
0,0,0,1,276,green,9310,T2C
1,0,0,1,276,green,9310,T2C
2,0,0,1,276,green,9310,T2C
3,0,0,1,276,green,9310,T2C
4,0,0,1,276,green,9310,T2C
5,0,0,1,276,green,9310,T2C
6,0,0,1,276,green,9310,T2C
7,0,0,1,276,green,9310,T2C
8,0,0,1,276,green,9310,T2C
9,0,0,1,276,green,9310,T2C
10,0,0,1,276,green,9310,T2C
11,0,0,1,276,green,9310,T2C
12,0,0,1,276,green,9310,T2C
13,0,0,1,276,green,9310,T2C
14,0,0,1,276,green,9310,T2C
15,0,0,1,276,green,9310,T2C
16,0,0,1,276,green,9310,T2C
17,0,0,1,276,green,9310,T2C
18,0,0,1,276,green,9310,T2C
19,0,0,1,276,green,9310,T2C
20,0,0,1,276,green,9310,T2C
21,0,0,1,276,green,9310,T2C
22,0,0,1,276,green,9310,T2C
23,0,0,1,276,green,9310,T2C
24,0,0,1,276,green,9310,T2C
25,0,0,1,276,green,9310,T2C
26,0,0,1,276,green,9310,T2C
27,0,0,1,276,green,9310,T2C
28,0,0,1,276,green,9310,T2C
29,0,0,1,276,green,9310,T2C
30,0,0,1,276,green,9310,T2C
31,0,0,1,276,green,9310,T2C
32,0,0,1,276,green,9310,T2C
33,0,0,1,276,green,9310,T2C
34,0,0,1,276,green,9310,T2C
35,0,0,1,276,green,9310,T2C
36,0,0,1,276,green,9310,T2C
37,0,0,1,276,green,9310,T2C
38,0,0,1,276,green,9310,T2C
39,0,0,1,276,green,9310,T2C
40,0,0,1,276,green,9310,T2C
41,0,0,1,276,green,9310,T2C
42,0,0,1,276,green,9310,T2C
43,0,0,1,276,green,9310,T2C
44,0,0,1,276,green,9310,T2C
45,0,0,1,276,green,9310,T2C
46,0,0,1,276,green,9310,T2C
47,0,0,1,276,green,9310,T2C
48,0,0,1,276,green,9310,T2C
49,0,0,1,276,green,9310,T2C
50,0,0,1,276,green,9310,T2C
51,0,0,1,276,green,9310,T2C
52,0,0,1,276,green,9310,T2C
53,0,0,1,276,green,9310,T2C
54,0,0,1,276,green,9310,T2C
55,0,0,1,276,green,9310,T2C
56,0,0,1,276,green,9310,T2C
57,0,0,1,276,green,9310,T2C
58,0,0,1,276,green,9310,T2C
59,0,0,1,276,green,9310,T2C
60,0,0,1,276,green,9310,T2C
61,0,0,1,276,green,9310,T2C
62,0,0,1,276,green,9310,T2C
63,0,0,1,276,green,9310,T2C
64,0,0,1,276,green,9310,T2C
65,0,0,1,276,green,9310,T2C
66,0,0,1,276,green,9310,T2C
67,0,0,1,276,green,9310,T2C
68,0,0,1,276,green,9310,T2C
69,0,0,1,276,green,9310,T2C
70,0,0,1,276,green,9310,T2C
71,0,0,1,276,green,9310,T2C
72,0,0,1,276,green,9310,T2C
73,0,1,0,276,green,9310,T2C
74,0,1,0,276,green,9310,T2C
75,0,1,0,276,green,9310,T2C
76,0,1,0,276,green,9310,T2C
77,0,1,0,276,green,9310,T2C
78,0,1,0,276,green,9310,T2C
79,0,1,0,276,green,9310,T2C
80,0,1,0,276,green,9310,T2C
81,0,1,0,276,green,9310,T2C
82,0,1,0,276,green,9310,T2C
83,0,1,0,276,green,9310,T2C
84,0,1,0,276,green,9310,T2C
85,0,1,0,276,green,9310,T2C
86,0,1,0,276,green,9310,T2C
87,0,1,0,276,green,9310,T2C
88,0,1,0,276,green,9310,T2C
89,0,1,0,276,green,9310,T2C
90,0,1,0,276,green,9310,T2C
91,0,1,0,276,green,9310,T2C
92,0,1,0,276,green,9310,T2C
93,0,1,0,276,green,9310,T2C
94,0,1,0,276,green,9310,T2C
95,0,1,0,276,green,9310,T2C
96,0,1,0,276,green,9310,T2C
97,0,1,0,276,green,9310,T2C
98,0,1,0,276,green,9310,T2C
99,0,1,0,276,green,9310,T2C
100,0,1,0,276,green,9310,T2C
101,0,1,0,276,green,9310,T2C
102,0,1,0,276,green,9310,T2C
103,0,1,0,276,green,9310,T2C
104,0,1,0,276,green,9310,T2C
105,0,1,0,276,green,9310,T2C
106,0,1,0,276,green,9310,T2C
107,0,1,0,276,green,9310,T2C
108,0,1,0,276,green,9310,T2C
109,0,1,0,276,green,9310,T2C
110,0,1,0,276,green,9310,T2C
111,0,1,0,276,green,9310,T2C
112,0,1,0,276,green,9310,T2C
113,0,1,0,276,green,9310,T2C
114,0,1,0,276,green,9310,T2C
115,0,1,0,276,green,9310,T2C
116,0,1,0,276,green,9310,T2C
117,0,1,0,276,green,9310,T2C
118,0,1,0,276,green,9310,T2C
119,0,1,0,276,green,9310,T2C
120,0,1,0,276,green,9310,T2C
121,0,1,0,276,green,9310,T2C
122,0,1,0,276,green,9310,T2C
123,0,1,0,276,green,9310,T2C
124,0,1,0,276,green,9310,T2C
125,0,1,0,276,green,9310,T2C
126,0,1,0,276,green,9310,T2C
127,0,1,0,276,green,9310,T2C
128,0,1,0,276,green,9310,T2C
129,0,1,0,276,green,9310,T2C
130,0,1,0,276,green,9310,T2C
131,0,1,0,276,green,9310,T2C
132,0,1,0,276,green,9310,T2C
133,0,1,0,276,green,9310,T2C
134,0,1,0,276,green,9310,T2C
135,0,1,0,276,green,9310,T2C
136,0,1,0,276,green,9310,T2C
137,0,1,0,276,green,9310,T2C
138,0,1,0,276,green,9310,T2C
139,0,1,0,276,green,9310,T2C
140,0,1,0,276,green,9310,T2C
141,0,1,0,276,green,9310,T2C
142,0,1,0,276,green,9310,T2C
143,0,1,0,276,green,9310,T2C
144,0,1,0,276,green,9310,T2C
145,0,1,0,276,green,9310,T2C
146,0,1,0,276,green,9310,T2C
147,0,1,0,276,green,9310,T2C
148,0,1,0,276,green,9310,T2C
149,0,1,0,276,green,9310,T2C
150,0,1,0,276,green,9310,T2C
151,0,1,0,276,green,9310,T2C
152,0,1,0,276,green,9310,T2C
153,0,1,0,276,green,9310,T2C
154,0,1,0,276,green,9310,T2C
155,0,1,0,276,green,9310,T2C
156,0,1,0,276,green,9310,T2C
157,0,1,0,276,green,9310,T2C
158,0,1,0,276,green,9310,T2C
159,0,1,0,276,green,9310,T2C
160,0,1,0,276,green,9310,T2C
161,0,1,0,276,green,9310,T2C
162,0,1,0,276,green,9310,T2C
163,0,1,0,276,green,9310,T2C
164,0,1,0,276,green,9310,T2C
165,0,1,0,276,green,9310,T2C
166,0,1,0,276,green,9310,T2C
167,0,1,0,276,green,9310,T2C
168,0,1,0,276,green,9310,T2C
169,0,1,0,276,green,9310,T2C
170,0,1,0,276,green,9310,T2C
171,0,1,0,276,green,9310,T2C
172,0,1,0,276,green,9310,T2C
173,0,1,0,276,green,9310,T2C
174,0,1,0,276,green,9310,T2C
175,0,1,0,276,green,9310,T2C
176,0,1,0,276,green,9310,T2C
177,0,1,0,276,green,9310,T2C
178,0,1,0,276,green,9310,T2C
179,0,1,0,276,green,9310,T2C
180,0,1,0,276,green,9310,T2C
181,0,1,0,276,green,9310,T2C
182,0,1,0,276,green,9310,T2C
183,0,1,0,276,green,9310,T2C
184,0,1,0,276,green,9310,T2C
185,0,1,0,276,green,9310,T2C
186,0,1,0,276,green,9310,T2C
187,0,1,0,276,green,9310,T2C
188,0,1,0,276,green,9310,T2C
189,0,1,0,276,green,9310,T2C
190,0,1,0,276,green,9310,T2C
191,0,1,0,276,green,9310,T2C
192,0,1,0,276,green,9310,T2C
193,0,1,0,276,green,9310,T2C
194,0,1,0,276,green,9310,T2C
195,0,1,0,276,green,9310,T2C
196,0,1,0,276,green,9310,T2C
197,0,1,0,276,green,9310,T2C
0,0,0,1,277,green,8408,T2C
1,0,0,1,277,green,8408,T2C
2,0,0,1,277,green,8408,T2C
3,0,0,1,277,green,8408,T2C
4,0,0,1,277,green,8408,T2C
5,0,0,1,277,green,8408,T2C
6,0,0,1,277,green,8408,T2C
7,0,0,1,277,green,8408,T2C
8,0,0,1,277,green,8408,T2C
9,0,0,1,277,green,8408,T2C
10,0,0,1,277,green,8408,T2C
11,0,0,1,277,green,8408,T2C
12,0,0,1,277,green,8408,T2C
13,0,0,1,277,green,8408,T2C
14,0,0,1,277,green,8408,T2C
15,0,0,1,277,green,8408,T2C
16,0,0,1,277,green,8408,T2C
17,0,0,1,277,green,8408,T2C
18,0,0,1,277,green,8408,T2C
19,0,0,1,277,green,8408,T2C
20,0,0,1,277,green,8408,T2C
21,0,0,1,277,green,8408,T2C
22,0,0,1,277,green,8408,T2C
23,0,0,1,277,green,8408,T2C
24,0,0,1,277,green,8408,T2C
25,0,0,1,277,green,8408,T2C
26,0,0,1,277,green,8408,T2C
27,1,0,0,277,green,8408,T2C
28,1,0,0,277,green,8408,T2C
29,1,0,0,277,green,8408,T2C
30,1,0,0,277,green,8408,T2C
31,1,0,0,277,green,8408,T2C
32,1,0,0,277,green,8408,T2C
33,1,0,0,277,green,8408,T2C
34,1,0,0,277,green,8408,T2C
35,1,0,0,277,green,8408,T2C
36,1,0,0,277,green,8408,T2C
37,1,0,0,277,green,8408,T2C
38,1,0,0,277,green,8408,T2C
39,1,0,0,277,green,8408,T2C
40,1,0,0,277,green,8408,T2C
41,1,0,0,277,green,8408,T2C
42,1,0,0,277,green,8408,T2C
43,1,0,0,277,green,8408,T2C
44,1,0,0,277,green,8408,T2C
45,1,0,0,277,green,8408,T2C
46,1,0,0,277,green,8408,T2C
47,1,0,0,277,green,8408,T2C
48,1,0,0,277,green,8408,T2C
49,1,0,0,277,green,8408,T2C
50,1,0,0,277,green,8408,T2C
51,0,0,1,277,green,8408,T2C
52,0,0,1,277,green,8408,T2C
53,0,0,1,277,green,8408,T2C
54,0,0,1,277,green,8408,T2C
55,0,0,1,277,green,8408,T2C
56,0,0,1,277,green,8408,T2C
57,0,0,1,277,green,8408,T2C
58,0,0,1,277,green,8408,T2C
59,0,0,1,277,green,8408,T2C
60,0,1,0,277,green,8408,T2C
61,0,1,0,277,green,8408,T2C
62,0,1,0,277,green,8408,T2C
63,0,1,0,277,green,8408,T2C
64,0,1,0,277,green,8408,T2C
65,0,1,0,277,green,8408,T2C
66,0,1,0,277,green,8408,T2C
67,0,1,0,277,green,8408,T2C
68,0,1,0,277,green,8408,T2C
69,0,1,0,277,green,8408,T2C
70,0,1,0,277,green,8408,T2C
71,0,1,0,277,green,8408,T2C
72,0,1,0,277,green,8408,T2C
73,0,1,0,277,green,8408,T2C
74,0,1,0,277,green,8408,T2C
75,0,1,0,277,green,8408,T2C
76,0,1,0,277,green,8408,T2C
77,0,1,0,277,green,8408,T2C
78,0,1,0,277,green,8408,T2C
79,0,1,0,277,green,8408,T2C
80,0,1,0,277,green,8408,T2C
81,0,1,0,277,green,8408,T2C
82,0,1,0,277,green,8408,T2C
83,0,1,0,277,green,8408,T2C
84,0,1,0,277,green,8408,T2C
85,0,1,0,277,green,8408,T2C
86,0,1,0,277,green,8408,T2C
87,0,1,0,277,green,8408,T2C
88,0,1,0,277,green,8408,T2C
89,0,1,0,277,green,8408,T2C
90,0,1,0,277,green,8408,T2C
91,0,1,0,277,green,8408,T2C
92,0,1,0,277,green,8408,T2C
93,0,1,0,277,green,8408,T2C
94,0,1,0,277,green,8408,T2C
95,0,1,0,277,green,8408,T2C
96,0,1,0,277,green,8408,T2C
97,0,1,0,277,green,8408,T2C
98,0,1,0,277,green,8408,T2C
99,0,1,0,277,green,8408,T2C
100,0,1,0,277,green,8408,T2C
101,0,1,0,277,green,8408,T2C
102,0,1,0,277,green,8408,T2C
103,0,1,0,277,green,8408,T2C
104,0,1,0,277,green,8408,T2C
105,0,1,0,277,green,8408,T2C
106,0,1,0,277,green,8408,T2C
107,0,1,0,277,green,8408,T2C
108,0,1,0,277,green,8408,T2C
109,0,1,0,277,green,8408,T2C
110,0,1,0,277,green,8408,T2C
111,0,1,0,277,green,8408,T2C
112,0,1,0,277,green,8408,T2C
113,0,1,0,277,green,8408,T2C
114,0,1,0,277,green,8408,T2C
115,0,1,0,277,green,8408,T2C
116,0,1,0,277,green,8408,T2C
117,0,1,0,277,green,8408,T2C
118,0,1,0,277,green,8408,T2C
119,0,1,0,277,green,8408,T2C
120,0,1,0,277,green,8408,T2C
121,0,1,0,277,green,8408,T2C
122,0,1,0,277,green,8408,T2C
123,0,1,0,277,green,8408,T2C
124,0,1,0,277,green,8408,T2C
125,0,1,0,277,green,8408,T2C
126,0,1,0,277,green,8408,T2C
127,0,1,0,277,green,8408,T2C
128,0,1,0,277,green,8408,T2C
129,0,1,0,277,green,8408,T2C
130,0,1,0,277,green,8408,T2C
131,0,1,0,277,green,8408,T2C
132,0,1,0,277,green,8408,T2C
133,0,1,0,277,green,8408,T2C
134,0,1,0,277,green,8408,T2C
135,0,1,0,277,green,8408,T2C
136,0,1,0,277,green,8408,T2C
137,0,1,0,277,green,8408,T2C
138,0,1,0,277,green,8408,T2C
139,0,1,0,277,green,8408,T2C
140,0,1,0,277,green,8408,T2C
141,0,1,0,277,green,8408,T2C
142,0,1,0,277,green,8408,T2C
143,0,1,0,277,green,8408,T2C
144,0,1,0,277,green,8408,T2C
145,0,1,0,277,green,8408,T2C
146,0,1,0,277,green,8408,T2C
147,0,1,0,277,green,8408,T2C
148,0,1,0,277,green,8408,T2C
149,0,1,0,277,green,8408,T2C
150,0,1,0,277,green,8408,T2C
151,0,1,0,277,green,8408,T2C
152,0,1,0,277,green,8408,T2C
153,0,1,0,277,green,8408,T2C
154,0,1,0,277,green,8408,T2C
155,0,1,0,277,green,8408,T2C
156,0,1,0,277,green,8408,T2C
157,0,1,0,277,green,8408,T2C
158,0,1,0,277,green,8408,T2C
159,0,1,0,277,green,8408,T2C
160,0,1,0,277,green,8408,T2C
161,0,1,0,277,green,8408,T2C
162,0,1,0,277,green,8408,T2C
163,0,1,0,277,green,8408,T2C
164,0,1,0,277,green,8408,T2C
165,0,1,0,277,green,8408,T2C
166,0,1,0,277,green,8408,T2C
167,0,1,0,277,green,8408,T2C
168,0,1,0,277,green,8408,T2C
169,0,1,0,277,green,8408,T2C
170,0,1,0,277,green,8408,T2C
171,0,1,0,277,green,8408,T2C
172,0,1,0,277,green,8408,T2C
173,0,1,0,277,green,8408,T2C
174,0,1,0,277,green,8408,T2C
175,0,1,0,277,green,8408,T2C
176,0,1,0,277,green,8408,T2C
177,0,1,0,277,green,8408,T2C
178,0,1,0,277,green,8408,T2C
179,0,1,0,277,green,8408,T2C
180,0,1,0,277,green,8408,T2C
181,0,1,0,277,green,8408,T2C
182,0,1,0,277,green,8408,T2C
183,0,1,0,277,green,8408,T2C
184,0,1,0,277,green,8408,T2C
185,0,1,0,277,green,8408,T2C
186,0,1,0,277,green,8408,T2C
187,0,1,0,277,green,8408,T2C
188,0,1,0,277,green,8408,T2C
189,0,1,0,277,green,8408,T2C
190,0,1,0,277,green,8408,T2C
191,0,1,0,277,green,8408,T2C
192,0,1,0,277,green,8408,T2C
193,0,1,0,277,green,8408,T2C
194,0,1,0,277,green,8408,T2C
195,0,1,0,277,green,8408,T2C
196,0,1,0,277,green,8408,T2C
197,0,1,0,277,green,8408,T2C
0,1,0,0,278,green,10636,T2C
1,1,0,0,278,green,10636,T2C
2,1,0,0,278,green,10636,T2C
3,1,0,0,278,green,10636,T2C
4,1,0,0,278,green,10636,T2C
5,1,0,0,278,green,10636,T2C
6,1,0,0,278,green,10636,T2C
7,1,0,0,278,green,10636,T2C
8,1,0,0,278,green,10636,T2C
9,1,0,0,278,green,10636,T2C
10,1,0,0,278,green,10636,T2C
11,1,0,0,278,green,10636,T2C
12,1,0,0,278,green,10636,T2C
13,1,0,0,278,green,10636,T2C
14,1,0,0,278,green,10636,T2C
15,1,0,0,278,green,10636,T2C
16,1,0,0,278,green,10636,T2C
17,1,0,0,278,green,10636,T2C
18,1,0,0,278,green,10636,T2C
19,1,0,0,278,green,10636,T2C
20,1,0,0,278,green,10636,T2C
21,1,0,0,278,green,10636,T2C
22,1,0,0,278,green,10636,T2C
23,1,0,0,278,green,10636,T2C
24,1,0,0,278,green,10636,T2C
25,1,0,0,278,green,10636,T2C
26,1,0,0,278,green,10636,T2C
27,1,0,0,278,green,10636,T2C
28,1,0,0,278,green,10636,T2C
29,0,0,1,278,green,10636,T2C
30,0,1,0,278,green,10636,T2C
31,0,1,0,278,green,10636,T2C
32,0,1,0,278,green,10636,T2C
33,0,1,0,278,green,10636,T2C
34,0,1,0,278,green,10636,T2C
35,0,1,0,278,green,10636,T2C
36,0,1,0,278,green,10636,T2C
37,0,1,0,278,green,10636,T2C
38,0,1,0,278,green,10636,T2C
39,0,1,0,278,green,10636,T2C
40,0,1,0,278,green,10636,T2C
41,0,1,0,278,green,10636,T2C
42,0,1,0,278,green,10636,T2C
43,0,1,0,278,green,10636,T2C
44,0,1,0,278,green,10636,T2C
45,0,1,0,278,green,10636,T2C
46,0,1,0,278,green,10636,T2C
47,0,1,0,278,green,10636,T2C
48,0,1,0,278,green,10636,T2C
49,0,1,0,278,green,10636,T2C
50,0,1,0,278,green,10636,T2C
51,0,1,0,278,green,10636,T2C
52,0,1,0,278,green,10636,T2C
53,0,1,0,278,green,10636,T2C
54,0,1,0,278,green,10636,T2C
55,0,1,0,278,green,10636,T2C
56,0,1,0,278,green,10636,T2C
57,0,1,0,278,green,10636,T2C
58,0,1,0,278,green,10636,T2C
59,0,1,0,278,green,10636,T2C
60,0,1,0,278,green,10636,T2C
61,0,1,0,278,green,10636,T2C
62,0,1,0,278,green,10636,T2C
63,0,1,0,278,green,10636,T2C
64,0,1,0,278,green,10636,T2C
65,0,1,0,278,green,10636,T2C
66,0,1,0,278,green,10636,T2C
67,0,1,0,278,green,10636,T2C
68,0,1,0,278,green,10636,T2C
69,0,1,0,278,green,10636,T2C
70,0,1,0,278,green,10636,T2C
71,0,1,0,278,green,10636,T2C
72,0,1,0,278,green,10636,T2C
73,0,1,0,278,green,10636,T2C
74,0,1,0,278,green,10636,T2C
75,0,1,0,278,green,10636,T2C
76,0,1,0,278,green,10636,T2C
77,0,1,0,278,green,10636,T2C
78,0,1,0,278,green,10636,T2C
79,0,1,0,278,green,10636,T2C
80,0,1,0,278,green,10636,T2C
81,0,1,0,278,green,10636,T2C
82,0,1,0,278,green,10636,T2C
83,0,1,0,278,green,10636,T2C
84,0,1,0,278,green,10636,T2C
85,0,1,0,278,green,10636,T2C
86,0,1,0,278,green,10636,T2C
87,0,1,0,278,green,10636,T2C
88,0,1,0,278,green,10636,T2C
89,0,1,0,278,green,10636,T2C
90,0,1,0,278,green,10636,T2C
91,0,1,0,278,green,10636,T2C
92,0,1,0,278,green,10636,T2C
93,0,1,0,278,green,10636,T2C
94,0,1,0,278,green,10636,T2C
95,0,1,0,278,green,10636,T2C
96,0,1,0,278,green,10636,T2C
97,0,1,0,278,green,10636,T2C
98,0,1,0,278,green,10636,T2C
99,0,1,0,278,green,10636,T2C
100,0,1,0,278,green,10636,T2C
101,0,1,0,278,green,10636,T2C
102,0,1,0,278,green,10636,T2C
103,0,1,0,278,green,10636,T2C
104,0,1,0,278,green,10636,T2C
105,0,1,0,278,green,10636,T2C
106,0,1,0,278,green,10636,T2C
107,0,1,0,278,green,10636,T2C
108,0,1,0,278,green,10636,T2C
109,0,1,0,278,green,10636,T2C
110,0,1,0,278,green,10636,T2C
111,0,1,0,278,green,10636,T2C
112,0,1,0,278,green,10636,T2C
113,0,1,0,278,green,10636,T2C
114,0,1,0,278,green,10636,T2C
115,0,1,0,278,green,10636,T2C
116,0,1,0,278,green,10636,T2C
117,0,1,0,278,green,10636,T2C
118,0,1,0,278,green,10636,T2C
119,0,1,0,278,green,10636,T2C
120,0,1,0,278,green,10636,T2C
121,0,1,0,278,green,10636,T2C
122,0,1,0,278,green,10636,T2C
123,0,1,0,278,green,10636,T2C
124,0,1,0,278,green,10636,T2C
125,0,1,0,278,green,10636,T2C
126,0,1,0,278,green,10636,T2C
127,0,1,0,278,green,10636,T2C
128,0,1,0,278,green,10636,T2C
129,0,1,0,278,green,10636,T2C
130,0,1,0,278,green,10636,T2C
131,0,1,0,278,green,10636,T2C
132,0,1,0,278,green,10636,T2C
133,0,1,0,278,green,10636,T2C
134,0,1,0,278,green,10636,T2C
135,0,1,0,278,green,10636,T2C
136,0,1,0,278,green,10636,T2C
137,0,1,0,278,green,10636,T2C
138,0,1,0,278,green,10636,T2C
139,0,1,0,278,green,10636,T2C
140,0,1,0,278,green,10636,T2C
141,0,1,0,278,green,10636,T2C
142,0,1,0,278,green,10636,T2C
143,0,1,0,278,green,10636,T2C
144,0,1,0,278,green,10636,T2C
145,0,1,0,278,green,10636,T2C
146,0,1,0,278,green,10636,T2C
147,0,1,0,278,green,10636,T2C
148,0,1,0,278,green,10636,T2C
149,0,1,0,278,green,10636,T2C
150,0,1,0,278,green,10636,T2C
151,0,1,0,278,green,10636,T2C
152,0,1,0,278,green,10636,T2C
153,0,1,0,278,green,10636,T2C
154,0,1,0,278,green,10636,T2C
155,0,1,0,278,green,10636,T2C
156,0,1,0,278,green,10636,T2C
157,0,1,0,278,green,10636,T2C
158,0,1,0,278,green,10636,T2C
159,0,1,0,278,green,10636,T2C
160,0,1,0,278,green,10636,T2C
161,0,1,0,278,green,10636,T2C
162,0,1,0,278,green,10636,T2C
163,0,1,0,278,green,10636,T2C
164,0,1,0,278,green,10636,T2C
165,0,1,0,278,green,10636,T2C
166,0,1,0,278,green,10636,T2C
167,0,1,0,278,green,10636,T2C
168,0,1,0,278,green,10636,T2C
169,0,1,0,278,green,10636,T2C
170,0,1,0,278,green,10636,T2C
171,0,1,0,278,green,10636,T2C
172,0,1,0,278,green,10636,T2C
173,0,1,0,278,green,10636,T2C
174,0,1,0,278,green,10636,T2C
175,0,1,0,278,green,10636,T2C
176,0,1,0,278,green,10636,T2C
177,0,1,0,278,green,10636,T2C
178,0,1,0,278,green,10636,T2C
179,0,1,0,278,green,10636,T2C
180,0,1,0,278,green,10636,T2C
181,0,1,0,278,green,10636,T2C
182,0,1,0,278,green,10636,T2C
183,0,1,0,278,green,10636,T2C
184,0,1,0,278,green,10636,T2C
185,0,1,0,278,green,10636,T2C
186,0,1,0,278,green,10636,T2C
187,0,1,0,278,green,10636,T2C
188,0,1,0,278,green,10636,T2C
189,0,1,0,278,green,10636,T2C
190,0,1,0,278,green,10636,T2C
191,0,1,0,278,green,10636,T2C
192,0,1,0,278,green,10636,T2C
193,0,1,0,278,green,10636,T2C
194,0,1,0,278,green,10636,T2C
195,0,1,0,278,green,10636,T2C
196,0,1,0,278,green,10636,T2C
197,0,1,0,278,green,10636,T2C
0,0,0,1,279,green,9122,T2C
1,0,0,1,279,green,9122,T2C
2,0,0,1,279,green,9122,T2C
3,0,0,1,279,green,9122,T2C
4,0,0,1,279,green,9122,T2C
5,0,0,1,279,green,9122,T2C
6,0,0,1,279,green,9122,T2C
7,0,0,1,279,green,9122,T2C
8,0,0,1,279,green,9122,T2C
9,0,0,1,279,green,9122,T2C
10,0,0,1,279,green,9122,T2C
11,0,0,1,279,green,9122,T2C
12,0,0,1,279,green,9122,T2C
13,0,0,1,279,green,9122,T2C
14,0,0,1,279,green,9122,T2C
15,0,0,1,279,green,9122,T2C
16,0,0,1,279,green,9122,T2C
17,0,0,1,279,green,9122,T2C
18,0,0,1,279,green,9122,T2C
19,0,0,1,279,green,9122,T2C
20,0,0,1,279,green,9122,T2C
21,0,0,1,279,green,9122,T2C
22,0,0,1,279,green,9122,T2C
23,0,0,1,279,green,9122,T2C
24,0,0,1,279,green,9122,T2C
25,0,0,1,279,green,9122,T2C
26,0,0,1,279,green,9122,T2C
27,0,0,1,279,green,9122,T2C
28,0,0,1,279,green,9122,T2C
29,0,0,1,279,green,9122,T2C
30,0,0,1,279,green,9122,T2C
31,0,0,1,279,green,9122,T2C
32,0,0,1,279,green,9122,T2C
33,0,0,1,279,green,9122,T2C
34,0,0,1,279,green,9122,T2C
35,0,0,1,279,green,9122,T2C
36,0,0,1,279,green,9122,T2C
37,0,0,1,279,green,9122,T2C
38,0,0,1,279,green,9122,T2C
39,0,0,1,279,green,9122,T2C
40,0,1,0,279,green,9122,T2C
41,0,1,0,279,green,9122,T2C
42,0,0,1,279,green,9122,T2C
43,0,0,1,279,green,9122,T2C
44,0,0,1,279,green,9122,T2C
45,0,0,1,279,green,9122,T2C
46,0,0,1,279,green,9122,T2C
47,0,0,1,279,green,9122,T2C
48,0,0,1,279,green,9122,T2C
49,0,0,1,279,green,9122,T2C
50,0,0,1,279,green,9122,T2C
51,0,0,1,279,green,9122,T2C
52,0,0,1,279,green,9122,T2C
53,0,0,1,279,green,9122,T2C
54,0,0,1,279,green,9122,T2C
55,0,0,1,279,green,9122,T2C
56,0,0,1,279,green,9122,T2C
57,0,0,1,279,green,9122,T2C
58,0,0,1,279,green,9122,T2C
59,0,0,1,279,green,9122,T2C
60,0,0,1,279,green,9122,T2C
61,0,0,1,279,green,9122,T2C
62,0,0,1,279,green,9122,T2C
63,0,0,1,279,green,9122,T2C
64,0,0,1,279,green,9122,T2C
65,0,0,1,279,green,9122,T2C
66,0,0,1,279,green,9122,T2C
67,1,0,0,279,green,9122,T2C
68,1,0,0,279,green,9122,T2C
69,1,0,0,279,green,9122,T2C
70,1,0,0,279,green,9122,T2C
71,1,0,0,279,green,9122,T2C
72,1,0,0,279,green,9122,T2C
73,1,0,0,279,green,9122,T2C
74,1,0,0,279,green,9122,T2C
75,1,0,0,279,green,9122,T2C
76,1,0,0,279,green,9122,T2C
77,1,0,0,279,green,9122,T2C
78,1,0,0,279,green,9122,T2C
79,1,0,0,279,green,9122,T2C
80,1,0,0,279,green,9122,T2C
81,1,0,0,279,green,9122,T2C
82,1,0,0,279,green,9122,T2C
83,1,0,0,279,green,9122,T2C
84,1,0,0,279,green,9122,T2C
85,1,0,0,279,green,9122,T2C
86,1,0,0,279,green,9122,T2C
87,1,0,0,279,green,9122,T2C
88,1,0,0,279,green,9122,T2C
89,1,0,0,279,green,9122,T2C
90,1,0,0,279,green,9122,T2C
91,1,0,0,279,green,9122,T2C
92,1,0,0,279,green,9122,T2C
93,1,0,0,279,green,9122,T2C
94,1,0,0,279,green,9122,T2C
95,1,0,0,279,green,9122,T2C
96,1,0,0,279,green,9122,T2C
97,1,0,0,279,green,9122,T2C
98,1,0,0,279,green,9122,T2C
99,1,0,0,279,green,9122,T2C
100,1,0,0,279,green,9122,T2C
101,1,0,0,279,green,9122,T2C
102,1,0,0,279,green,9122,T2C
103,1,0,0,279,green,9122,T2C
104,1,0,0,279,green,9122,T2C
105,1,0,0,279,green,9122,T2C
106,1,0,0,279,green,9122,T2C
107,1,0,0,279,green,9122,T2C
108,1,0,0,279,green,9122,T2C
109,1,0,0,279,green,9122,T2C
110,1,0,0,279,green,9122,T2C
111,1,0,0,279,green,9122,T2C
112,1,0,0,279,green,9122,T2C
113,1,0,0,279,green,9122,T2C
114,1,0,0,279,green,9122,T2C
115,1,0,0,279,green,9122,T2C
116,1,0,0,279,green,9122,T2C
117,1,0,0,279,green,9122,T2C
118,1,0,0,279,green,9122,T2C
119,1,0,0,279,green,9122,T2C
120,1,0,0,279,green,9122,T2C
121,1,0,0,279,green,9122,T2C
122,1,0,0,279,green,9122,T2C
123,1,0,0,279,green,9122,T2C
124,1,0,0,279,green,9122,T2C
125,1,0,0,279,green,9122,T2C
126,1,0,0,279,green,9122,T2C
127,1,0,0,279,green,9122,T2C
128,1,0,0,279,green,9122,T2C
129,1,0,0,279,green,9122,T2C
130,1,0,0,279,green,9122,T2C
131,1,0,0,279,green,9122,T2C
132,1,0,0,279,green,9122,T2C
133,1,0,0,279,green,9122,T2C
134,1,0,0,279,green,9122,T2C
135,1,0,0,279,green,9122,T2C
136,1,0,0,279,green,9122,T2C
137,1,0,0,279,green,9122,T2C
138,1,0,0,279,green,9122,T2C
139,1,0,0,279,green,9122,T2C
140,1,0,0,279,green,9122,T2C
141,1,0,0,279,green,9122,T2C
142,1,0,0,279,green,9122,T2C
143,1,0,0,279,green,9122,T2C
144,1,0,0,279,green,9122,T2C
145,1,0,0,279,green,9122,T2C
146,1,0,0,279,green,9122,T2C
147,1,0,0,279,green,9122,T2C
148,1,0,0,279,green,9122,T2C
149,1,0,0,279,green,9122,T2C
150,1,0,0,279,green,9122,T2C
151,1,0,0,279,green,9122,T2C
152,1,0,0,279,green,9122,T2C
153,1,0,0,279,green,9122,T2C
154,1,0,0,279,green,9122,T2C
155,1,0,0,279,green,9122,T2C
156,1,0,0,279,green,9122,T2C
157,1,0,0,279,green,9122,T2C
158,1,0,0,279,green,9122,T2C
159,1,0,0,279,green,9122,T2C
160,1,0,0,279,green,9122,T2C
161,1,0,0,279,green,9122,T2C
162,1,0,0,279,green,9122,T2C
163,1,0,0,279,green,9122,T2C
164,1,0,0,279,green,9122,T2C
165,1,0,0,279,green,9122,T2C
166,1,0,0,279,green,9122,T2C
167,1,0,0,279,green,9122,T2C
168,1,0,0,279,green,9122,T2C
169,1,0,0,279,green,9122,T2C
170,0,1,0,279,green,9122,T2C
171,0,1,0,279,green,9122,T2C
172,0,1,0,279,green,9122,T2C
173,0,1,0,279,green,9122,T2C
174,0,1,0,279,green,9122,T2C
175,0,1,0,279,green,9122,T2C
176,0,1,0,279,green,9122,T2C
177,0,1,0,279,green,9122,T2C
178,0,1,0,279,green,9122,T2C
179,0,1,0,279,green,9122,T2C
180,0,1,0,279,green,9122,T2C
181,0,1,0,279,green,9122,T2C
182,0,1,0,279,green,9122,T2C
183,0,1,0,279,green,9122,T2C
184,0,1,0,279,green,9122,T2C
185,0,1,0,279,green,9122,T2C
186,0,1,0,279,green,9122,T2C
187,0,1,0,279,green,9122,T2C
188,0,1,0,279,green,9122,T2C
189,0,1,0,279,green,9122,T2C
190,0,1,0,279,green,9122,T2C
191,0,1,0,279,green,9122,T2C
192,0,1,0,279,green,9122,T2C
193,0,1,0,279,green,9122,T2C
194,0,1,0,279,green,9122,T2C
195,0,1,0,279,green,9122,T2C
196,0,1,0,279,green,9122,T2C
197,0,1,0,279,green,9122,T2C
0,0,0,1,280,green,10385,T2C
1,0,0,1,280,green,10385,T2C
2,0,0,1,280,green,10385,T2C
3,0,0,1,280,green,10385,T2C
4,0,0,1,280,green,10385,T2C
5,0,0,1,280,green,10385,T2C
6,0,0,1,280,green,10385,T2C
7,0,0,1,280,green,10385,T2C
8,0,0,1,280,green,10385,T2C
9,0,0,1,280,green,10385,T2C
10,0,0,1,280,green,10385,T2C
11,0,0,1,280,green,10385,T2C
12,0,0,1,280,green,10385,T2C
13,0,0,1,280,green,10385,T2C
14,0,0,1,280,green,10385,T2C
15,0,0,1,280,green,10385,T2C
16,0,0,1,280,green,10385,T2C
17,0,0,1,280,green,10385,T2C
18,0,0,1,280,green,10385,T2C
19,0,0,1,280,green,10385,T2C
20,0,0,1,280,green,10385,T2C
21,0,0,1,280,green,10385,T2C
22,0,0,1,280,green,10385,T2C
23,0,0,1,280,green,10385,T2C
24,0,0,1,280,green,10385,T2C
25,0,0,1,280,green,10385,T2C
26,0,0,1,280,green,10385,T2C
27,0,0,1,280,green,10385,T2C
28,0,0,1,280,green,10385,T2C
29,0,0,1,280,green,10385,T2C
30,0,0,1,280,green,10385,T2C
31,0,0,1,280,green,10385,T2C
32,0,0,1,280,green,10385,T2C
33,0,0,1,280,green,10385,T2C
34,0,0,1,280,green,10385,T2C
35,0,0,1,280,green,10385,T2C
36,0,0,1,280,green,10385,T2C
37,0,0,1,280,green,10385,T2C
38,0,0,1,280,green,10385,T2C
39,0,0,1,280,green,10385,T2C
40,0,0,1,280,green,10385,T2C
41,0,0,1,280,green,10385,T2C
42,0,0,1,280,green,10385,T2C
43,0,0,1,280,green,10385,T2C
44,0,0,1,280,green,10385,T2C
45,0,0,1,280,green,10385,T2C
46,0,0,1,280,green,10385,T2C
47,0,0,1,280,green,10385,T2C
48,0,0,1,280,green,10385,T2C
49,0,0,1,280,green,10385,T2C
50,0,0,1,280,green,10385,T2C
51,0,0,1,280,green,10385,T2C
52,0,0,1,280,green,10385,T2C
53,0,0,1,280,green,10385,T2C
54,0,0,1,280,green,10385,T2C
55,0,0,1,280,green,10385,T2C
56,0,0,1,280,green,10385,T2C
57,0,0,1,280,green,10385,T2C
58,0,0,1,280,green,10385,T2C
59,0,0,1,280,green,10385,T2C
60,0,0,1,280,green,10385,T2C
61,0,0,1,280,green,10385,T2C
62,0,0,1,280,green,10385,T2C
63,0,0,1,280,green,10385,T2C
64,0,0,1,280,green,10385,T2C
65,0,0,1,280,green,10385,T2C
66,0,0,1,280,green,10385,T2C
67,0,0,1,280,green,10385,T2C
68,0,0,1,280,green,10385,T2C
69,0,0,1,280,green,10385,T2C
70,0,0,1,280,green,10385,T2C
71,0,0,1,280,green,10385,T2C
72,0,0,1,280,green,10385,T2C
73,0,0,1,280,green,10385,T2C
74,0,0,1,280,green,10385,T2C
75,0,0,1,280,green,10385,T2C
76,0,0,1,280,green,10385,T2C
77,1,0,0,280,green,10385,T2C
78,1,0,0,280,green,10385,T2C
79,1,0,0,280,green,10385,T2C
80,0,0,1,280,green,10385,T2C
81,0,0,1,280,green,10385,T2C
82,0,0,1,280,green,10385,T2C
83,1,0,0,280,green,10385,T2C
84,1,0,0,280,green,10385,T2C
85,0,0,1,280,green,10385,T2C
86,0,0,1,280,green,10385,T2C
87,0,0,1,280,green,10385,T2C
88,0,0,1,280,green,10385,T2C
89,0,0,1,280,green,10385,T2C
90,0,0,1,280,green,10385,T2C
91,0,0,1,280,green,10385,T2C
92,0,0,1,280,green,10385,T2C
93,0,0,1,280,green,10385,T2C
94,0,0,1,280,green,10385,T2C
95,0,0,1,280,green,10385,T2C
96,0,0,1,280,green,10385,T2C
97,0,0,1,280,green,10385,T2C
98,1,0,0,280,green,10385,T2C
99,1,0,0,280,green,10385,T2C
100,0,0,1,280,green,10385,T2C
101,0,0,1,280,green,10385,T2C
102,0,0,1,280,green,10385,T2C
103,0,0,1,280,green,10385,T2C
104,0,0,1,280,green,10385,T2C
105,0,0,1,280,green,10385,T2C
106,0,0,1,280,green,10385,T2C
107,0,0,1,280,green,10385,T2C
108,0,0,1,280,green,10385,T2C
109,0,0,1,280,green,10385,T2C
110,0,0,1,280,green,10385,T2C
111,1,0,0,280,green,10385,T2C
112,1,0,0,280,green,10385,T2C
113,0,0,1,280,green,10385,T2C
114,0,0,1,280,green,10385,T2C
115,0,0,1,280,green,10385,T2C
116,0,0,1,280,green,10385,T2C
117,0,0,1,280,green,10385,T2C
118,0,0,1,280,green,10385,T2C
119,0,0,1,280,green,10385,T2C
120,0,0,1,280,green,10385,T2C
121,0,0,1,280,green,10385,T2C
122,0,0,1,280,green,10385,T2C
123,0,0,1,280,green,10385,T2C
124,0,0,1,280,green,10385,T2C
125,0,0,1,280,green,10385,T2C
126,0,0,1,280,green,10385,T2C
127,0,0,1,280,green,10385,T2C
128,0,0,1,280,green,10385,T2C
129,0,0,1,280,green,10385,T2C
130,0,0,1,280,green,10385,T2C
131,0,0,1,280,green,10385,T2C
132,0,0,1,280,green,10385,T2C
133,0,0,1,280,green,10385,T2C
134,0,0,1,280,green,10385,T2C
135,0,0,1,280,green,10385,T2C
136,0,0,1,280,green,10385,T2C
137,0,0,1,280,green,10385,T2C
138,0,0,1,280,green,10385,T2C
139,0,0,1,280,green,10385,T2C
140,0,0,1,280,green,10385,T2C
141,0,0,1,280,green,10385,T2C
142,0,0,1,280,green,10385,T2C
143,0,0,1,280,green,10385,T2C
144,0,0,1,280,green,10385,T2C
145,0,0,1,280,green,10385,T2C
146,0,0,1,280,green,10385,T2C
147,0,0,1,280,green,10385,T2C
148,0,0,1,280,green,10385,T2C
149,0,0,1,280,green,10385,T2C
150,0,0,1,280,green,10385,T2C
151,0,0,1,280,green,10385,T2C
152,0,0,1,280,green,10385,T2C
153,0,0,1,280,green,10385,T2C
154,0,0,1,280,green,10385,T2C
155,0,0,1,280,green,10385,T2C
156,0,0,1,280,green,10385,T2C
157,0,0,1,280,green,10385,T2C
158,0,0,1,280,green,10385,T2C
159,0,0,1,280,green,10385,T2C
160,0,0,1,280,green,10385,T2C
161,0,0,1,280,green,10385,T2C
162,0,0,1,280,green,10385,T2C
163,0,0,1,280,green,10385,T2C
164,0,0,1,280,green,10385,T2C
165,0,0,1,280,green,10385,T2C
166,0,0,1,280,green,10385,T2C
167,0,0,1,280,green,10385,T2C
168,0,0,1,280,green,10385,T2C
169,0,0,1,280,green,10385,T2C
170,0,0,1,280,green,10385,T2C
171,0,0,1,280,green,10385,T2C
172,0,0,1,280,green,10385,T2C
173,0,0,1,280,green,10385,T2C
174,0,0,1,280,green,10385,T2C
175,0,1,0,280,green,10385,T2C
176,0,1,0,280,green,10385,T2C
177,0,1,0,280,green,10385,T2C
178,0,1,0,280,green,10385,T2C
179,0,1,0,280,green,10385,T2C
180,0,1,0,280,green,10385,T2C
181,0,1,0,280,green,10385,T2C
182,0,1,0,280,green,10385,T2C
183,0,1,0,280,green,10385,T2C
184,0,1,0,280,green,10385,T2C
185,0,1,0,280,green,10385,T2C
186,0,1,0,280,green,10385,T2C
187,0,1,0,280,green,10385,T2C
188,0,1,0,280,green,10385,T2C
189,0,1,0,280,green,10385,T2C
190,0,1,0,280,green,10385,T2C
191,0,1,0,280,green,10385,T2C
192,0,1,0,280,green,10385,T2C
193,0,1,0,280,green,10385,T2C
194,0,1,0,280,green,10385,T2C
195,0,1,0,280,green,10385,T2C
196,0,1,0,280,green,10385,T2C
197,0,1,0,280,green,10385,T2C
0,0,0,1,281,green,8252,T2C
1,0,0,1,281,green,8252,T2C
2,0,0,1,281,green,8252,T2C
3,0,0,1,281,green,8252,T2C
4,0,0,1,281,green,8252,T2C
5,0,0,1,281,green,8252,T2C
6,0,0,1,281,green,8252,T2C
7,0,0,1,281,green,8252,T2C
8,0,0,1,281,green,8252,T2C
9,0,0,1,281,green,8252,T2C
10,0,0,1,281,green,8252,T2C
11,0,0,1,281,green,8252,T2C
12,0,0,1,281,green,8252,T2C
13,0,0,1,281,green,8252,T2C
14,0,0,1,281,green,8252,T2C
15,0,1,0,281,green,8252,T2C
16,0,1,0,281,green,8252,T2C
17,0,0,1,281,green,8252,T2C
18,0,0,1,281,green,8252,T2C
19,0,1,0,281,green,8252,T2C
20,0,1,0,281,green,8252,T2C
21,0,1,0,281,green,8252,T2C
22,0,1,0,281,green,8252,T2C
23,0,1,0,281,green,8252,T2C
24,0,1,0,281,green,8252,T2C
25,0,1,0,281,green,8252,T2C
26,0,1,0,281,green,8252,T2C
27,0,1,0,281,green,8252,T2C
28,0,1,0,281,green,8252,T2C
29,0,1,0,281,green,8252,T2C
30,0,1,0,281,green,8252,T2C
31,0,1,0,281,green,8252,T2C
32,0,1,0,281,green,8252,T2C
33,0,1,0,281,green,8252,T2C
34,0,1,0,281,green,8252,T2C
35,0,1,0,281,green,8252,T2C
36,0,1,0,281,green,8252,T2C
37,0,1,0,281,green,8252,T2C
38,0,1,0,281,green,8252,T2C
39,0,1,0,281,green,8252,T2C
40,0,1,0,281,green,8252,T2C
41,0,1,0,281,green,8252,T2C
42,0,1,0,281,green,8252,T2C
43,0,1,0,281,green,8252,T2C
44,0,1,0,281,green,8252,T2C
45,0,1,0,281,green,8252,T2C
46,0,1,0,281,green,8252,T2C
47,0,1,0,281,green,8252,T2C
48,0,1,0,281,green,8252,T2C
49,0,1,0,281,green,8252,T2C
50,0,1,0,281,green,8252,T2C
51,0,1,0,281,green,8252,T2C
52,0,1,0,281,green,8252,T2C
53,0,1,0,281,green,8252,T2C
54,0,1,0,281,green,8252,T2C
55,0,1,0,281,green,8252,T2C
56,0,1,0,281,green,8252,T2C
57,0,1,0,281,green,8252,T2C
58,0,1,0,281,green,8252,T2C
59,0,1,0,281,green,8252,T2C
60,0,1,0,281,green,8252,T2C
61,0,1,0,281,green,8252,T2C
62,0,1,0,281,green,8252,T2C
63,0,1,0,281,green,8252,T2C
64,0,1,0,281,green,8252,T2C
65,0,1,0,281,green,8252,T2C
66,0,1,0,281,green,8252,T2C
67,0,1,0,281,green,8252,T2C
68,0,1,0,281,green,8252,T2C
69,0,1,0,281,green,8252,T2C
70,0,1,0,281,green,8252,T2C
71,0,1,0,281,green,8252,T2C
72,0,1,0,281,green,8252,T2C
73,0,1,0,281,green,8252,T2C
74,0,1,0,281,green,8252,T2C
75,0,1,0,281,green,8252,T2C
76,0,1,0,281,green,8252,T2C
77,0,1,0,281,green,8252,T2C
78,0,1,0,281,green,8252,T2C
79,0,1,0,281,green,8252,T2C
80,0,1,0,281,green,8252,T2C
81,0,1,0,281,green,8252,T2C
82,0,1,0,281,green,8252,T2C
83,0,1,0,281,green,8252,T2C
84,0,1,0,281,green,8252,T2C
85,0,1,0,281,green,8252,T2C
86,0,1,0,281,green,8252,T2C
87,0,1,0,281,green,8252,T2C
88,0,1,0,281,green,8252,T2C
89,0,1,0,281,green,8252,T2C
90,0,1,0,281,green,8252,T2C
91,0,1,0,281,green,8252,T2C
92,0,1,0,281,green,8252,T2C
93,0,1,0,281,green,8252,T2C
94,0,1,0,281,green,8252,T2C
95,0,1,0,281,green,8252,T2C
96,0,1,0,281,green,8252,T2C
97,0,1,0,281,green,8252,T2C
98,0,1,0,281,green,8252,T2C
99,0,1,0,281,green,8252,T2C
100,0,1,0,281,green,8252,T2C
101,0,1,0,281,green,8252,T2C
102,0,1,0,281,green,8252,T2C
103,0,1,0,281,green,8252,T2C
104,0,1,0,281,green,8252,T2C
105,0,1,0,281,green,8252,T2C
106,0,1,0,281,green,8252,T2C
107,0,1,0,281,green,8252,T2C
108,0,1,0,281,green,8252,T2C
109,0,1,0,281,green,8252,T2C
110,0,1,0,281,green,8252,T2C
111,0,1,0,281,green,8252,T2C
112,0,1,0,281,green,8252,T2C
113,0,1,0,281,green,8252,T2C
114,0,1,0,281,green,8252,T2C
115,0,1,0,281,green,8252,T2C
116,0,1,0,281,green,8252,T2C
117,0,1,0,281,green,8252,T2C
118,0,1,0,281,green,8252,T2C
119,0,1,0,281,green,8252,T2C
120,0,1,0,281,green,8252,T2C
121,0,1,0,281,green,8252,T2C
122,0,1,0,281,green,8252,T2C
123,0,1,0,281,green,8252,T2C
124,0,1,0,281,green,8252,T2C
125,0,1,0,281,green,8252,T2C
126,0,1,0,281,green,8252,T2C
127,0,1,0,281,green,8252,T2C
128,0,1,0,281,green,8252,T2C
129,0,1,0,281,green,8252,T2C
130,0,1,0,281,green,8252,T2C
131,0,1,0,281,green,8252,T2C
132,0,1,0,281,green,8252,T2C
133,0,1,0,281,green,8252,T2C
134,0,1,0,281,green,8252,T2C
135,0,1,0,281,green,8252,T2C
136,0,1,0,281,green,8252,T2C
137,0,1,0,281,green,8252,T2C
138,0,1,0,281,green,8252,T2C
139,0,1,0,281,green,8252,T2C
140,0,1,0,281,green,8252,T2C
141,0,1,0,281,green,8252,T2C
142,0,1,0,281,green,8252,T2C
143,0,1,0,281,green,8252,T2C
144,0,1,0,281,green,8252,T2C
145,0,1,0,281,green,8252,T2C
146,0,1,0,281,green,8252,T2C
147,0,1,0,281,green,8252,T2C
148,1,0,0,281,green,8252,T2C
149,1,0,0,281,green,8252,T2C
150,1,0,0,281,green,8252,T2C
151,1,0,0,281,green,8252,T2C
152,1,0,0,281,green,8252,T2C
153,1,0,0,281,green,8252,T2C
154,1,0,0,281,green,8252,T2C
155,1,0,0,281,green,8252,T2C
156,1,0,0,281,green,8252,T2C
157,1,0,0,281,green,8252,T2C
158,1,0,0,281,green,8252,T2C
159,1,0,0,281,green,8252,T2C
160,1,0,0,281,green,8252,T2C
161,1,0,0,281,green,8252,T2C
162,1,0,0,281,green,8252,T2C
163,1,0,0,281,green,8252,T2C
164,1,0,0,281,green,8252,T2C
165,1,0,0,281,green,8252,T2C
166,1,0,0,281,green,8252,T2C
167,1,0,0,281,green,8252,T2C
168,1,0,0,281,green,8252,T2C
169,1,0,0,281,green,8252,T2C
170,1,0,0,281,green,8252,T2C
171,1,0,0,281,green,8252,T2C
172,0,1,0,281,green,8252,T2C
173,0,1,0,281,green,8252,T2C
174,0,1,0,281,green,8252,T2C
175,0,1,0,281,green,8252,T2C
176,0,1,0,281,green,8252,T2C
177,0,1,0,281,green,8252,T2C
178,0,1,0,281,green,8252,T2C
179,0,1,0,281,green,8252,T2C
180,0,1,0,281,green,8252,T2C
181,0,1,0,281,green,8252,T2C
182,0,1,0,281,green,8252,T2C
183,0,1,0,281,green,8252,T2C
184,0,1,0,281,green,8252,T2C
185,0,1,0,281,green,8252,T2C
186,0,1,0,281,green,8252,T2C
187,0,1,0,281,green,8252,T2C
188,0,1,0,281,green,8252,T2C
189,0,1,0,281,green,8252,T2C
190,0,1,0,281,green,8252,T2C
191,0,1,0,281,green,8252,T2C
192,0,1,0,281,green,8252,T2C
193,0,1,0,281,green,8252,T2C
194,0,1,0,281,green,8252,T2C
195,0,1,0,281,green,8252,T2C
196,0,1,0,281,green,8252,T2C
197,0,1,0,281,green,8252,T2C
0,0,1,0,282,green,10540,T2C
1,0,1,0,282,green,10540,T2C
2,0,1,0,282,green,10540,T2C
3,0,1,0,282,green,10540,T2C
4,0,1,0,282,green,10540,T2C
5,0,1,0,282,green,10540,T2C
6,0,1,0,282,green,10540,T2C
7,0,1,0,282,green,10540,T2C
8,0,1,0,282,green,10540,T2C
9,0,1,0,282,green,10540,T2C
10,0,1,0,282,green,10540,T2C
11,0,1,0,282,green,10540,T2C
12,0,1,0,282,green,10540,T2C
13,0,1,0,282,green,10540,T2C
14,0,1,0,282,green,10540,T2C
15,0,1,0,282,green,10540,T2C
16,0,1,0,282,green,10540,T2C
17,0,1,0,282,green,10540,T2C
18,0,1,0,282,green,10540,T2C
19,0,1,0,282,green,10540,T2C
20,0,1,0,282,green,10540,T2C
21,0,1,0,282,green,10540,T2C
22,0,1,0,282,green,10540,T2C
23,0,1,0,282,green,10540,T2C
24,0,1,0,282,green,10540,T2C
25,0,1,0,282,green,10540,T2C
26,0,1,0,282,green,10540,T2C
27,0,1,0,282,green,10540,T2C
28,0,1,0,282,green,10540,T2C
29,0,1,0,282,green,10540,T2C
30,0,1,0,282,green,10540,T2C
31,0,1,0,282,green,10540,T2C
32,0,1,0,282,green,10540,T2C
33,0,1,0,282,green,10540,T2C
34,0,1,0,282,green,10540,T2C
35,0,1,0,282,green,10540,T2C
36,0,1,0,282,green,10540,T2C
37,0,1,0,282,green,10540,T2C
38,0,1,0,282,green,10540,T2C
39,0,1,0,282,green,10540,T2C
40,0,1,0,282,green,10540,T2C
41,0,1,0,282,green,10540,T2C
42,0,1,0,282,green,10540,T2C
43,0,1,0,282,green,10540,T2C
44,0,1,0,282,green,10540,T2C
45,0,1,0,282,green,10540,T2C
46,0,1,0,282,green,10540,T2C
47,0,1,0,282,green,10540,T2C
48,0,1,0,282,green,10540,T2C
49,0,1,0,282,green,10540,T2C
50,0,1,0,282,green,10540,T2C
51,0,1,0,282,green,10540,T2C
52,0,1,0,282,green,10540,T2C
53,0,1,0,282,green,10540,T2C
54,0,1,0,282,green,10540,T2C
55,0,1,0,282,green,10540,T2C
56,0,1,0,282,green,10540,T2C
57,0,1,0,282,green,10540,T2C
58,0,1,0,282,green,10540,T2C
59,0,1,0,282,green,10540,T2C
60,0,1,0,282,green,10540,T2C
61,0,1,0,282,green,10540,T2C
62,0,1,0,282,green,10540,T2C
63,0,1,0,282,green,10540,T2C
64,0,1,0,282,green,10540,T2C
65,0,1,0,282,green,10540,T2C
66,0,1,0,282,green,10540,T2C
67,0,1,0,282,green,10540,T2C
68,0,1,0,282,green,10540,T2C
69,0,1,0,282,green,10540,T2C
70,0,1,0,282,green,10540,T2C
71,0,1,0,282,green,10540,T2C
72,0,1,0,282,green,10540,T2C
73,0,1,0,282,green,10540,T2C
74,0,1,0,282,green,10540,T2C
75,0,1,0,282,green,10540,T2C
76,0,1,0,282,green,10540,T2C
77,0,1,0,282,green,10540,T2C
78,0,1,0,282,green,10540,T2C
79,0,1,0,282,green,10540,T2C
80,0,1,0,282,green,10540,T2C
81,0,1,0,282,green,10540,T2C
82,0,1,0,282,green,10540,T2C
83,0,1,0,282,green,10540,T2C
84,0,1,0,282,green,10540,T2C
85,0,0,1,282,green,10540,T2C
86,1,0,0,282,green,10540,T2C
87,1,0,0,282,green,10540,T2C
88,1,0,0,282,green,10540,T2C
89,1,0,0,282,green,10540,T2C
90,1,0,0,282,green,10540,T2C
91,1,0,0,282,green,10540,T2C
92,1,0,0,282,green,10540,T2C
93,1,0,0,282,green,10540,T2C
94,1,0,0,282,green,10540,T2C
95,1,0,0,282,green,10540,T2C
96,1,0,0,282,green,10540,T2C
97,1,0,0,282,green,10540,T2C
98,1,0,0,282,green,10540,T2C
99,1,0,0,282,green,10540,T2C
100,1,0,0,282,green,10540,T2C
101,1,0,0,282,green,10540,T2C
102,1,0,0,282,green,10540,T2C
103,1,0,0,282,green,10540,T2C
104,1,0,0,282,green,10540,T2C
105,1,0,0,282,green,10540,T2C
106,1,0,0,282,green,10540,T2C
107,1,0,0,282,green,10540,T2C
108,1,0,0,282,green,10540,T2C
109,1,0,0,282,green,10540,T2C
110,1,0,0,282,green,10540,T2C
111,1,0,0,282,green,10540,T2C
112,1,0,0,282,green,10540,T2C
113,1,0,0,282,green,10540,T2C
114,1,0,0,282,green,10540,T2C
115,1,0,0,282,green,10540,T2C
116,1,0,0,282,green,10540,T2C
117,1,0,0,282,green,10540,T2C
118,1,0,0,282,green,10540,T2C
119,1,0,0,282,green,10540,T2C
120,1,0,0,282,green,10540,T2C
121,1,0,0,282,green,10540,T2C
122,1,0,0,282,green,10540,T2C
123,1,0,0,282,green,10540,T2C
124,1,0,0,282,green,10540,T2C
125,1,0,0,282,green,10540,T2C
126,1,0,0,282,green,10540,T2C
127,1,0,0,282,green,10540,T2C
128,1,0,0,282,green,10540,T2C
129,1,0,0,282,green,10540,T2C
130,1,0,0,282,green,10540,T2C
131,1,0,0,282,green,10540,T2C
132,1,0,0,282,green,10540,T2C
133,1,0,0,282,green,10540,T2C
134,1,0,0,282,green,10540,T2C
135,1,0,0,282,green,10540,T2C
136,1,0,0,282,green,10540,T2C
137,1,0,0,282,green,10540,T2C
138,1,0,0,282,green,10540,T2C
139,1,0,0,282,green,10540,T2C
140,1,0,0,282,green,10540,T2C
141,1,0,0,282,green,10540,T2C
142,1,0,0,282,green,10540,T2C
143,1,0,0,282,green,10540,T2C
144,1,0,0,282,green,10540,T2C
145,1,0,0,282,green,10540,T2C
146,1,0,0,282,green,10540,T2C
147,1,0,0,282,green,10540,T2C
148,1,0,0,282,green,10540,T2C
149,1,0,0,282,green,10540,T2C
150,1,0,0,282,green,10540,T2C
151,1,0,0,282,green,10540,T2C
152,1,0,0,282,green,10540,T2C
153,1,0,0,282,green,10540,T2C
154,1,0,0,282,green,10540,T2C
155,1,0,0,282,green,10540,T2C
156,1,0,0,282,green,10540,T2C
157,1,0,0,282,green,10540,T2C
158,1,0,0,282,green,10540,T2C
159,1,0,0,282,green,10540,T2C
160,1,0,0,282,green,10540,T2C
161,1,0,0,282,green,10540,T2C
162,1,0,0,282,green,10540,T2C
163,1,0,0,282,green,10540,T2C
164,1,0,0,282,green,10540,T2C
165,1,0,0,282,green,10540,T2C
166,1,0,0,282,green,10540,T2C
167,1,0,0,282,green,10540,T2C
168,1,0,0,282,green,10540,T2C
169,1,0,0,282,green,10540,T2C
170,1,0,0,282,green,10540,T2C
171,1,0,0,282,green,10540,T2C
172,1,0,0,282,green,10540,T2C
173,1,0,0,282,green,10540,T2C
174,1,0,0,282,green,10540,T2C
175,1,0,0,282,green,10540,T2C
176,0,0,1,282,green,10540,T2C
177,0,1,0,282,green,10540,T2C
178,0,1,0,282,green,10540,T2C
179,0,1,0,282,green,10540,T2C
180,0,1,0,282,green,10540,T2C
181,0,1,0,282,green,10540,T2C
182,0,1,0,282,green,10540,T2C
183,0,1,0,282,green,10540,T2C
184,0,1,0,282,green,10540,T2C
185,0,1,0,282,green,10540,T2C
186,0,1,0,282,green,10540,T2C
187,0,1,0,282,green,10540,T2C
188,0,1,0,282,green,10540,T2C
189,0,1,0,282,green,10540,T2C
190,0,1,0,282,green,10540,T2C
191,0,1,0,282,green,10540,T2C
192,0,1,0,282,green,10540,T2C
193,0,1,0,282,green,10540,T2C
194,0,1,0,282,green,10540,T2C
195,0,1,0,282,green,10540,T2C
196,0,1,0,282,green,10540,T2C
197,0,1,0,282,green,10540,T2C
0,0,0,1,283,green,9026,T2C
1,0,0,1,283,green,9026,T2C
2,0,0,1,283,green,9026,T2C
3,0,0,1,283,green,9026,T2C
4,0,0,1,283,green,9026,T2C
5,0,0,1,283,green,9026,T2C
6,0,0,1,283,green,9026,T2C
7,0,0,1,283,green,9026,T2C
8,0,0,1,283,green,9026,T2C
9,0,0,1,283,green,9026,T2C
10,0,0,1,283,green,9026,T2C
11,0,0,1,283,green,9026,T2C
12,0,0,1,283,green,9026,T2C
13,0,0,1,283,green,9026,T2C
14,0,0,1,283,green,9026,T2C
15,0,0,1,283,green,9026,T2C
16,0,0,1,283,green,9026,T2C
17,0,0,1,283,green,9026,T2C
18,0,0,1,283,green,9026,T2C
19,0,0,1,283,green,9026,T2C
20,0,0,1,283,green,9026,T2C
21,0,0,1,283,green,9026,T2C
22,0,0,1,283,green,9026,T2C
23,0,0,1,283,green,9026,T2C
24,0,0,1,283,green,9026,T2C
25,0,0,1,283,green,9026,T2C
26,0,0,1,283,green,9026,T2C
27,0,0,1,283,green,9026,T2C
28,1,0,0,283,green,9026,T2C
29,1,0,0,283,green,9026,T2C
30,1,0,0,283,green,9026,T2C
31,1,0,0,283,green,9026,T2C
32,1,0,0,283,green,9026,T2C
33,1,0,0,283,green,9026,T2C
34,1,0,0,283,green,9026,T2C
35,1,0,0,283,green,9026,T2C
36,1,0,0,283,green,9026,T2C
37,1,0,0,283,green,9026,T2C
38,1,0,0,283,green,9026,T2C
39,1,0,0,283,green,9026,T2C
40,1,0,0,283,green,9026,T2C
41,1,0,0,283,green,9026,T2C
42,1,0,0,283,green,9026,T2C
43,1,0,0,283,green,9026,T2C
44,1,0,0,283,green,9026,T2C
45,1,0,0,283,green,9026,T2C
46,1,0,0,283,green,9026,T2C
47,1,0,0,283,green,9026,T2C
48,1,0,0,283,green,9026,T2C
49,1,0,0,283,green,9026,T2C
50,1,0,0,283,green,9026,T2C
51,1,0,0,283,green,9026,T2C
52,1,0,0,283,green,9026,T2C
53,1,0,0,283,green,9026,T2C
54,1,0,0,283,green,9026,T2C
55,1,0,0,283,green,9026,T2C
56,1,0,0,283,green,9026,T2C
57,1,0,0,283,green,9026,T2C
58,1,0,0,283,green,9026,T2C
59,1,0,0,283,green,9026,T2C
60,1,0,0,283,green,9026,T2C
61,1,0,0,283,green,9026,T2C
62,1,0,0,283,green,9026,T2C
63,1,0,0,283,green,9026,T2C
64,1,0,0,283,green,9026,T2C
65,1,0,0,283,green,9026,T2C
66,1,0,0,283,green,9026,T2C
67,1,0,0,283,green,9026,T2C
68,1,0,0,283,green,9026,T2C
69,1,0,0,283,green,9026,T2C
70,1,0,0,283,green,9026,T2C
71,1,0,0,283,green,9026,T2C
72,1,0,0,283,green,9026,T2C
73,1,0,0,283,green,9026,T2C
74,1,0,0,283,green,9026,T2C
75,1,0,0,283,green,9026,T2C
76,1,0,0,283,green,9026,T2C
77,1,0,0,283,green,9026,T2C
78,1,0,0,283,green,9026,T2C
79,1,0,0,283,green,9026,T2C
80,1,0,0,283,green,9026,T2C
81,1,0,0,283,green,9026,T2C
82,1,0,0,283,green,9026,T2C
83,1,0,0,283,green,9026,T2C
84,1,0,0,283,green,9026,T2C
85,1,0,0,283,green,9026,T2C
86,1,0,0,283,green,9026,T2C
87,1,0,0,283,green,9026,T2C
88,1,0,0,283,green,9026,T2C
89,1,0,0,283,green,9026,T2C
90,1,0,0,283,green,9026,T2C
91,1,0,0,283,green,9026,T2C
92,1,0,0,283,green,9026,T2C
93,1,0,0,283,green,9026,T2C
94,1,0,0,283,green,9026,T2C
95,1,0,0,283,green,9026,T2C
96,1,0,0,283,green,9026,T2C
97,1,0,0,283,green,9026,T2C
98,1,0,0,283,green,9026,T2C
99,1,0,0,283,green,9026,T2C
100,1,0,0,283,green,9026,T2C
101,1,0,0,283,green,9026,T2C
102,1,0,0,283,green,9026,T2C
103,1,0,0,283,green,9026,T2C
104,1,0,0,283,green,9026,T2C
105,1,0,0,283,green,9026,T2C
106,1,0,0,283,green,9026,T2C
107,1,0,0,283,green,9026,T2C
108,1,0,0,283,green,9026,T2C
109,1,0,0,283,green,9026,T2C
110,1,0,0,283,green,9026,T2C
111,1,0,0,283,green,9026,T2C
112,1,0,0,283,green,9026,T2C
113,1,0,0,283,green,9026,T2C
114,1,0,0,283,green,9026,T2C
115,1,0,0,283,green,9026,T2C
116,1,0,0,283,green,9026,T2C
117,1,0,0,283,green,9026,T2C
118,1,0,0,283,green,9026,T2C
119,1,0,0,283,green,9026,T2C
120,1,0,0,283,green,9026,T2C
121,1,0,0,283,green,9026,T2C
122,1,0,0,283,green,9026,T2C
123,1,0,0,283,green,9026,T2C
124,1,0,0,283,green,9026,T2C
125,1,0,0,283,green,9026,T2C
126,1,0,0,283,green,9026,T2C
127,1,0,0,283,green,9026,T2C
128,1,0,0,283,green,9026,T2C
129,1,0,0,283,green,9026,T2C
130,1,0,0,283,green,9026,T2C
131,1,0,0,283,green,9026,T2C
132,1,0,0,283,green,9026,T2C
133,1,0,0,283,green,9026,T2C
134,1,0,0,283,green,9026,T2C
135,1,0,0,283,green,9026,T2C
136,1,0,0,283,green,9026,T2C
137,1,0,0,283,green,9026,T2C
138,1,0,0,283,green,9026,T2C
139,1,0,0,283,green,9026,T2C
140,1,0,0,283,green,9026,T2C
141,1,0,0,283,green,9026,T2C
142,1,0,0,283,green,9026,T2C
143,1,0,0,283,green,9026,T2C
144,1,0,0,283,green,9026,T2C
145,1,0,0,283,green,9026,T2C
146,1,0,0,283,green,9026,T2C
147,1,0,0,283,green,9026,T2C
148,1,0,0,283,green,9026,T2C
149,1,0,0,283,green,9026,T2C
150,1,0,0,283,green,9026,T2C
151,1,0,0,283,green,9026,T2C
152,1,0,0,283,green,9026,T2C
153,1,0,0,283,green,9026,T2C
154,1,0,0,283,green,9026,T2C
155,1,0,0,283,green,9026,T2C
156,1,0,0,283,green,9026,T2C
157,1,0,0,283,green,9026,T2C
158,1,0,0,283,green,9026,T2C
159,1,0,0,283,green,9026,T2C
160,1,0,0,283,green,9026,T2C
161,1,0,0,283,green,9026,T2C
162,1,0,0,283,green,9026,T2C
163,1,0,0,283,green,9026,T2C
164,1,0,0,283,green,9026,T2C
165,1,0,0,283,green,9026,T2C
166,1,0,0,283,green,9026,T2C
167,1,0,0,283,green,9026,T2C
168,1,0,0,283,green,9026,T2C
169,1,0,0,283,green,9026,T2C
170,1,0,0,283,green,9026,T2C
171,1,0,0,283,green,9026,T2C
172,1,0,0,283,green,9026,T2C
173,1,0,0,283,green,9026,T2C
174,1,0,0,283,green,9026,T2C
175,0,0,1,283,green,9026,T2C
176,0,0,1,283,green,9026,T2C
177,0,0,1,283,green,9026,T2C
178,0,1,0,283,green,9026,T2C
179,0,1,0,283,green,9026,T2C
180,0,1,0,283,green,9026,T2C
181,0,1,0,283,green,9026,T2C
182,0,1,0,283,green,9026,T2C
183,0,1,0,283,green,9026,T2C
184,0,1,0,283,green,9026,T2C
185,0,1,0,283,green,9026,T2C
186,0,1,0,283,green,9026,T2C
187,0,1,0,283,green,9026,T2C
188,0,1,0,283,green,9026,T2C
189,0,1,0,283,green,9026,T2C
190,0,1,0,283,green,9026,T2C
191,0,1,0,283,green,9026,T2C
192,0,1,0,283,green,9026,T2C
193,0,1,0,283,green,9026,T2C
194,0,1,0,283,green,9026,T2C
195,0,1,0,283,green,9026,T2C
196,0,1,0,283,green,9026,T2C
197,0,1,0,283,green,9026,T2C
0,0,0,1,285,green,8448,T2C
1,0,0,1,285,green,8448,T2C
2,0,0,1,285,green,8448,T2C
3,0,0,1,285,green,8448,T2C
4,0,0,1,285,green,8448,T2C
5,0,0,1,285,green,8448,T2C
6,0,0,1,285,green,8448,T2C
7,0,0,1,285,green,8448,T2C
8,0,0,1,285,green,8448,T2C
9,0,0,1,285,green,8448,T2C
10,0,0,1,285,green,8448,T2C
11,0,0,1,285,green,8448,T2C
12,0,0,1,285,green,8448,T2C
13,0,0,1,285,green,8448,T2C
14,0,0,1,285,green,8448,T2C
15,0,0,1,285,green,8448,T2C
16,0,0,1,285,green,8448,T2C
17,0,0,1,285,green,8448,T2C
18,0,0,1,285,green,8448,T2C
19,0,0,1,285,green,8448,T2C
20,0,0,1,285,green,8448,T2C
21,0,0,1,285,green,8448,T2C
22,0,0,1,285,green,8448,T2C
23,0,0,1,285,green,8448,T2C
24,0,0,1,285,green,8448,T2C
25,0,0,1,285,green,8448,T2C
26,0,0,1,285,green,8448,T2C
27,0,0,1,285,green,8448,T2C
28,0,0,1,285,green,8448,T2C
29,0,0,1,285,green,8448,T2C
30,0,0,1,285,green,8448,T2C
31,0,0,1,285,green,8448,T2C
32,0,0,1,285,green,8448,T2C
33,0,0,1,285,green,8448,T2C
34,0,0,1,285,green,8448,T2C
35,0,0,1,285,green,8448,T2C
36,0,0,1,285,green,8448,T2C
37,0,0,1,285,green,8448,T2C
38,0,0,1,285,green,8448,T2C
39,0,0,1,285,green,8448,T2C
40,0,0,1,285,green,8448,T2C
41,0,0,1,285,green,8448,T2C
42,0,0,1,285,green,8448,T2C
43,0,0,1,285,green,8448,T2C
44,0,0,1,285,green,8448,T2C
45,0,0,1,285,green,8448,T2C
46,0,0,1,285,green,8448,T2C
47,0,0,1,285,green,8448,T2C
48,0,0,1,285,green,8448,T2C
49,0,0,1,285,green,8448,T2C
50,0,0,1,285,green,8448,T2C
51,0,0,1,285,green,8448,T2C
52,0,0,1,285,green,8448,T2C
53,0,0,1,285,green,8448,T2C
54,0,0,1,285,green,8448,T2C
55,0,0,1,285,green,8448,T2C
56,0,0,1,285,green,8448,T2C
57,0,0,1,285,green,8448,T2C
58,0,0,1,285,green,8448,T2C
59,0,0,1,285,green,8448,T2C
60,0,0,1,285,green,8448,T2C
61,0,0,1,285,green,8448,T2C
62,0,0,1,285,green,8448,T2C
63,0,0,1,285,green,8448,T2C
64,0,0,1,285,green,8448,T2C
65,0,0,1,285,green,8448,T2C
66,0,0,1,285,green,8448,T2C
67,0,0,1,285,green,8448,T2C
68,0,0,1,285,green,8448,T2C
69,0,0,1,285,green,8448,T2C
70,0,0,1,285,green,8448,T2C
71,0,0,1,285,green,8448,T2C
72,0,0,1,285,green,8448,T2C
73,0,0,1,285,green,8448,T2C
74,0,0,1,285,green,8448,T2C
75,0,0,1,285,green,8448,T2C
76,1,0,0,285,green,8448,T2C
77,1,0,0,285,green,8448,T2C
78,1,0,0,285,green,8448,T2C
79,1,0,0,285,green,8448,T2C
80,1,0,0,285,green,8448,T2C
81,1,0,0,285,green,8448,T2C
82,1,0,0,285,green,8448,T2C
83,1,0,0,285,green,8448,T2C
84,1,0,0,285,green,8448,T2C
85,1,0,0,285,green,8448,T2C
86,1,0,0,285,green,8448,T2C
87,1,0,0,285,green,8448,T2C
88,1,0,0,285,green,8448,T2C
89,1,0,0,285,green,8448,T2C
90,1,0,0,285,green,8448,T2C
91,0,0,1,285,green,8448,T2C
92,0,0,1,285,green,8448,T2C
93,0,1,0,285,green,8448,T2C
94,0,1,0,285,green,8448,T2C
95,0,1,0,285,green,8448,T2C
96,0,1,0,285,green,8448,T2C
97,0,1,0,285,green,8448,T2C
98,0,1,0,285,green,8448,T2C
99,0,1,0,285,green,8448,T2C
100,0,1,0,285,green,8448,T2C
101,0,1,0,285,green,8448,T2C
102,0,1,0,285,green,8448,T2C
103,0,1,0,285,green,8448,T2C
104,0,1,0,285,green,8448,T2C
105,0,1,0,285,green,8448,T2C
106,0,1,0,285,green,8448,T2C
107,0,1,0,285,green,8448,T2C
108,0,1,0,285,green,8448,T2C
109,0,1,0,285,green,8448,T2C
110,0,1,0,285,green,8448,T2C
111,0,1,0,285,green,8448,T2C
112,0,1,0,285,green,8448,T2C
113,0,1,0,285,green,8448,T2C
114,0,1,0,285,green,8448,T2C
115,0,1,0,285,green,8448,T2C
116,0,1,0,285,green,8448,T2C
117,0,1,0,285,green,8448,T2C
118,0,1,0,285,green,8448,T2C
119,0,1,0,285,green,8448,T2C
120,0,1,0,285,green,8448,T2C
121,0,1,0,285,green,8448,T2C
122,0,1,0,285,green,8448,T2C
123,0,1,0,285,green,8448,T2C
124,0,1,0,285,green,8448,T2C
125,0,1,0,285,green,8448,T2C
126,0,1,0,285,green,8448,T2C
127,0,1,0,285,green,8448,T2C
128,0,1,0,285,green,8448,T2C
129,0,1,0,285,green,8448,T2C
130,0,1,0,285,green,8448,T2C
131,0,1,0,285,green,8448,T2C
132,0,1,0,285,green,8448,T2C
133,0,1,0,285,green,8448,T2C
134,0,1,0,285,green,8448,T2C
135,0,1,0,285,green,8448,T2C
136,0,1,0,285,green,8448,T2C
137,0,1,0,285,green,8448,T2C
138,0,1,0,285,green,8448,T2C
139,0,1,0,285,green,8448,T2C
140,0,1,0,285,green,8448,T2C
141,0,1,0,285,green,8448,T2C
142,0,1,0,285,green,8448,T2C
143,0,1,0,285,green,8448,T2C
144,0,1,0,285,green,8448,T2C
145,0,1,0,285,green,8448,T2C
146,0,1,0,285,green,8448,T2C
147,0,1,0,285,green,8448,T2C
148,0,1,0,285,green,8448,T2C
149,0,1,0,285,green,8448,T2C
150,0,1,0,285,green,8448,T2C
151,0,1,0,285,green,8448,T2C
152,0,1,0,285,green,8448,T2C
153,0,1,0,285,green,8448,T2C
154,0,1,0,285,green,8448,T2C
155,0,1,0,285,green,8448,T2C
156,0,1,0,285,green,8448,T2C
157,0,1,0,285,green,8448,T2C
158,0,1,0,285,green,8448,T2C
159,0,1,0,285,green,8448,T2C
160,0,1,0,285,green,8448,T2C
161,0,1,0,285,green,8448,T2C
162,0,1,0,285,green,8448,T2C
163,0,1,0,285,green,8448,T2C
164,0,1,0,285,green,8448,T2C
165,0,1,0,285,green,8448,T2C
166,0,1,0,285,green,8448,T2C
167,0,1,0,285,green,8448,T2C
168,0,1,0,285,green,8448,T2C
169,0,1,0,285,green,8448,T2C
170,0,1,0,285,green,8448,T2C
171,0,1,0,285,green,8448,T2C
172,0,1,0,285,green,8448,T2C
173,0,1,0,285,green,8448,T2C
174,0,1,0,285,green,8448,T2C
175,0,1,0,285,green,8448,T2C
176,0,1,0,285,green,8448,T2C
177,0,1,0,285,green,8448,T2C
178,0,1,0,285,green,8448,T2C
179,0,1,0,285,green,8448,T2C
180,0,1,0,285,green,8448,T2C
181,0,1,0,285,green,8448,T2C
182,0,1,0,285,green,8448,T2C
183,0,1,0,285,green,8448,T2C
184,0,1,0,285,green,8448,T2C
185,0,1,0,285,green,8448,T2C
186,0,1,0,285,green,8448,T2C
187,0,1,0,285,green,8448,T2C
188,0,1,0,285,green,8448,T2C
189,0,1,0,285,green,8448,T2C
190,0,1,0,285,green,8448,T2C
191,0,1,0,285,green,8448,T2C
192,0,1,0,285,green,8448,T2C
193,0,1,0,285,green,8448,T2C
194,0,1,0,285,green,8448,T2C
195,0,1,0,285,green,8448,T2C
196,0,1,0,285,green,8448,T2C
197,0,1,0,285,green,8448,T2C
0,0,0,1,286,green,10200,T2C
1,0,0,1,286,green,10200,T2C
2,0,0,1,286,green,10200,T2C
3,0,0,1,286,green,10200,T2C
4,0,0,1,286,green,10200,T2C
5,0,0,1,286,green,10200,T2C
6,0,0,1,286,green,10200,T2C
7,0,0,1,286,green,10200,T2C
8,0,0,1,286,green,10200,T2C
9,0,0,1,286,green,10200,T2C
10,0,0,1,286,green,10200,T2C
11,0,0,1,286,green,10200,T2C
12,0,0,1,286,green,10200,T2C
13,0,0,1,286,green,10200,T2C
14,0,0,1,286,green,10200,T2C
15,0,0,1,286,green,10200,T2C
16,0,0,1,286,green,10200,T2C
17,0,0,1,286,green,10200,T2C
18,0,0,1,286,green,10200,T2C
19,0,0,1,286,green,10200,T2C
20,0,0,1,286,green,10200,T2C
21,0,0,1,286,green,10200,T2C
22,0,0,1,286,green,10200,T2C
23,0,0,1,286,green,10200,T2C
24,0,0,1,286,green,10200,T2C
25,0,0,1,286,green,10200,T2C
26,0,0,1,286,green,10200,T2C
27,0,0,1,286,green,10200,T2C
28,0,0,1,286,green,10200,T2C
29,0,0,1,286,green,10200,T2C
30,0,0,1,286,green,10200,T2C
31,0,0,1,286,green,10200,T2C
32,0,0,1,286,green,10200,T2C
33,0,0,1,286,green,10200,T2C
34,0,0,1,286,green,10200,T2C
35,0,0,1,286,green,10200,T2C
36,0,0,1,286,green,10200,T2C
37,0,0,1,286,green,10200,T2C
38,0,0,1,286,green,10200,T2C
39,1,0,0,286,green,10200,T2C
40,1,0,0,286,green,10200,T2C
41,1,0,0,286,green,10200,T2C
42,1,0,0,286,green,10200,T2C
43,1,0,0,286,green,10200,T2C
44,1,0,0,286,green,10200,T2C
45,1,0,0,286,green,10200,T2C
46,1,0,0,286,green,10200,T2C
47,1,0,0,286,green,10200,T2C
48,1,0,0,286,green,10200,T2C
49,1,0,0,286,green,10200,T2C
50,1,0,0,286,green,10200,T2C
51,1,0,0,286,green,10200,T2C
52,1,0,0,286,green,10200,T2C
53,1,0,0,286,green,10200,T2C
54,1,0,0,286,green,10200,T2C
55,0,1,0,286,green,10200,T2C
56,0,1,0,286,green,10200,T2C
57,0,1,0,286,green,10200,T2C
58,0,1,0,286,green,10200,T2C
59,0,1,0,286,green,10200,T2C
60,0,1,0,286,green,10200,T2C
61,0,1,0,286,green,10200,T2C
62,0,1,0,286,green,10200,T2C
63,0,1,0,286,green,10200,T2C
64,0,1,0,286,green,10200,T2C
65,0,1,0,286,green,10200,T2C
66,0,1,0,286,green,10200,T2C
67,0,1,0,286,green,10200,T2C
68,0,1,0,286,green,10200,T2C
69,0,1,0,286,green,10200,T2C
70,0,1,0,286,green,10200,T2C
71,0,1,0,286,green,10200,T2C
72,0,1,0,286,green,10200,T2C
73,0,1,0,286,green,10200,T2C
74,0,1,0,286,green,10200,T2C
75,0,1,0,286,green,10200,T2C
76,0,1,0,286,green,10200,T2C
77,0,1,0,286,green,10200,T2C
78,0,1,0,286,green,10200,T2C
79,0,1,0,286,green,10200,T2C
80,0,1,0,286,green,10200,T2C
81,0,1,0,286,green,10200,T2C
82,0,1,0,286,green,10200,T2C
83,0,1,0,286,green,10200,T2C
84,0,1,0,286,green,10200,T2C
85,0,1,0,286,green,10200,T2C
86,0,1,0,286,green,10200,T2C
87,0,1,0,286,green,10200,T2C
88,0,1,0,286,green,10200,T2C
89,0,1,0,286,green,10200,T2C
90,0,1,0,286,green,10200,T2C
91,0,1,0,286,green,10200,T2C
92,0,1,0,286,green,10200,T2C
93,0,1,0,286,green,10200,T2C
94,0,1,0,286,green,10200,T2C
95,0,1,0,286,green,10200,T2C
96,0,1,0,286,green,10200,T2C
97,0,1,0,286,green,10200,T2C
98,0,1,0,286,green,10200,T2C
99,0,1,0,286,green,10200,T2C
100,0,1,0,286,green,10200,T2C
101,0,1,0,286,green,10200,T2C
102,0,1,0,286,green,10200,T2C
103,0,1,0,286,green,10200,T2C
104,0,1,0,286,green,10200,T2C
105,0,1,0,286,green,10200,T2C
106,0,1,0,286,green,10200,T2C
107,0,1,0,286,green,10200,T2C
108,0,1,0,286,green,10200,T2C
109,0,1,0,286,green,10200,T2C
110,0,1,0,286,green,10200,T2C
111,0,1,0,286,green,10200,T2C
112,0,1,0,286,green,10200,T2C
113,0,1,0,286,green,10200,T2C
114,0,1,0,286,green,10200,T2C
115,0,1,0,286,green,10200,T2C
116,0,1,0,286,green,10200,T2C
117,0,1,0,286,green,10200,T2C
118,0,1,0,286,green,10200,T2C
119,0,1,0,286,green,10200,T2C
120,0,1,0,286,green,10200,T2C
121,0,1,0,286,green,10200,T2C
122,0,1,0,286,green,10200,T2C
123,0,1,0,286,green,10200,T2C
124,0,1,0,286,green,10200,T2C
125,0,1,0,286,green,10200,T2C
126,0,1,0,286,green,10200,T2C
127,0,1,0,286,green,10200,T2C
128,0,1,0,286,green,10200,T2C
129,0,1,0,286,green,10200,T2C
130,0,1,0,286,green,10200,T2C
131,0,1,0,286,green,10200,T2C
132,0,1,0,286,green,10200,T2C
133,0,1,0,286,green,10200,T2C
134,0,1,0,286,green,10200,T2C
135,0,1,0,286,green,10200,T2C
136,0,1,0,286,green,10200,T2C
137,0,1,0,286,green,10200,T2C
138,0,1,0,286,green,10200,T2C
139,0,1,0,286,green,10200,T2C
140,0,1,0,286,green,10200,T2C
141,0,1,0,286,green,10200,T2C
142,0,1,0,286,green,10200,T2C
143,0,1,0,286,green,10200,T2C
144,0,1,0,286,green,10200,T2C
145,0,1,0,286,green,10200,T2C
146,0,1,0,286,green,10200,T2C
147,0,1,0,286,green,10200,T2C
148,0,1,0,286,green,10200,T2C
149,0,1,0,286,green,10200,T2C
150,0,1,0,286,green,10200,T2C
151,0,1,0,286,green,10200,T2C
152,0,1,0,286,green,10200,T2C
153,0,1,0,286,green,10200,T2C
154,0,1,0,286,green,10200,T2C
155,0,1,0,286,green,10200,T2C
156,0,1,0,286,green,10200,T2C
157,0,1,0,286,green,10200,T2C
158,0,1,0,286,green,10200,T2C
159,0,1,0,286,green,10200,T2C
160,0,1,0,286,green,10200,T2C
161,0,1,0,286,green,10200,T2C
162,0,1,0,286,green,10200,T2C
163,0,1,0,286,green,10200,T2C
164,0,1,0,286,green,10200,T2C
165,0,1,0,286,green,10200,T2C
166,0,1,0,286,green,10200,T2C
167,0,1,0,286,green,10200,T2C
168,0,1,0,286,green,10200,T2C
169,0,1,0,286,green,10200,T2C
170,0,1,0,286,green,10200,T2C
171,0,1,0,286,green,10200,T2C
172,0,1,0,286,green,10200,T2C
173,0,1,0,286,green,10200,T2C
174,0,1,0,286,green,10200,T2C
175,0,1,0,286,green,10200,T2C
176,0,1,0,286,green,10200,T2C
177,0,1,0,286,green,10200,T2C
178,0,1,0,286,green,10200,T2C
179,0,1,0,286,green,10200,T2C
180,0,1,0,286,green,10200,T2C
181,0,1,0,286,green,10200,T2C
182,0,1,0,286,green,10200,T2C
183,0,1,0,286,green,10200,T2C
184,0,1,0,286,green,10200,T2C
185,0,1,0,286,green,10200,T2C
186,0,1,0,286,green,10200,T2C
187,0,1,0,286,green,10200,T2C
188,0,1,0,286,green,10200,T2C
189,0,1,0,286,green,10200,T2C
190,0,1,0,286,green,10200,T2C
191,0,1,0,286,green,10200,T2C
192,0,1,0,286,green,10200,T2C
193,0,1,0,286,green,10200,T2C
194,0,1,0,286,green,10200,T2C
195,0,1,0,286,green,10200,T2C
196,0,1,0,286,green,10200,T2C
197,0,1,0,286,green,10200,T2C
0,0,0,1,287,green,8782,T2C
1,0,0,1,287,green,8782,T2C
2,0,0,1,287,green,8782,T2C
3,0,0,1,287,green,8782,T2C
4,0,0,1,287,green,8782,T2C
5,0,0,1,287,green,8782,T2C
6,0,0,1,287,green,8782,T2C
7,0,0,1,287,green,8782,T2C
8,0,0,1,287,green,8782,T2C
9,0,0,1,287,green,8782,T2C
10,0,0,1,287,green,8782,T2C
11,0,0,1,287,green,8782,T2C
12,0,0,1,287,green,8782,T2C
13,0,0,1,287,green,8782,T2C
14,0,0,1,287,green,8782,T2C
15,0,0,1,287,green,8782,T2C
16,0,0,1,287,green,8782,T2C
17,0,0,1,287,green,8782,T2C
18,0,0,1,287,green,8782,T2C
19,0,0,1,287,green,8782,T2C
20,0,0,1,287,green,8782,T2C
21,0,0,1,287,green,8782,T2C
22,0,0,1,287,green,8782,T2C
23,0,0,1,287,green,8782,T2C
24,1,0,0,287,green,8782,T2C
25,1,0,0,287,green,8782,T2C
26,1,0,0,287,green,8782,T2C
27,1,0,0,287,green,8782,T2C
28,1,0,0,287,green,8782,T2C
29,1,0,0,287,green,8782,T2C
30,1,0,0,287,green,8782,T2C
31,1,0,0,287,green,8782,T2C
32,1,0,0,287,green,8782,T2C
33,1,0,0,287,green,8782,T2C
34,1,0,0,287,green,8782,T2C
35,1,0,0,287,green,8782,T2C
36,1,0,0,287,green,8782,T2C
37,1,0,0,287,green,8782,T2C
38,1,0,0,287,green,8782,T2C
39,1,0,0,287,green,8782,T2C
40,1,0,0,287,green,8782,T2C
41,1,0,0,287,green,8782,T2C
42,1,0,0,287,green,8782,T2C
43,1,0,0,287,green,8782,T2C
44,1,0,0,287,green,8782,T2C
45,1,0,0,287,green,8782,T2C
46,1,0,0,287,green,8782,T2C
47,1,0,0,287,green,8782,T2C
48,1,0,0,287,green,8782,T2C
49,1,0,0,287,green,8782,T2C
50,1,0,0,287,green,8782,T2C
51,1,0,0,287,green,8782,T2C
52,1,0,0,287,green,8782,T2C
53,1,0,0,287,green,8782,T2C
54,1,0,0,287,green,8782,T2C
55,1,0,0,287,green,8782,T2C
56,1,0,0,287,green,8782,T2C
57,1,0,0,287,green,8782,T2C
58,1,0,0,287,green,8782,T2C
59,1,0,0,287,green,8782,T2C
60,1,0,0,287,green,8782,T2C
61,1,0,0,287,green,8782,T2C
62,1,0,0,287,green,8782,T2C
63,1,0,0,287,green,8782,T2C
64,1,0,0,287,green,8782,T2C
65,1,0,0,287,green,8782,T2C
66,1,0,0,287,green,8782,T2C
67,1,0,0,287,green,8782,T2C
68,1,0,0,287,green,8782,T2C
69,0,0,1,287,green,8782,T2C
70,0,0,1,287,green,8782,T2C
71,0,0,1,287,green,8782,T2C
72,0,0,1,287,green,8782,T2C
73,0,0,1,287,green,8782,T2C
74,0,1,0,287,green,8782,T2C
75,0,1,0,287,green,8782,T2C
76,0,1,0,287,green,8782,T2C
77,0,1,0,287,green,8782,T2C
78,0,1,0,287,green,8782,T2C
79,0,1,0,287,green,8782,T2C
80,0,1,0,287,green,8782,T2C
81,0,1,0,287,green,8782,T2C
82,0,1,0,287,green,8782,T2C
83,0,1,0,287,green,8782,T2C
84,0,1,0,287,green,8782,T2C
85,0,1,0,287,green,8782,T2C
86,0,1,0,287,green,8782,T2C
87,0,1,0,287,green,8782,T2C
88,0,1,0,287,green,8782,T2C
89,0,1,0,287,green,8782,T2C
90,0,1,0,287,green,8782,T2C
91,0,1,0,287,green,8782,T2C
92,0,1,0,287,green,8782,T2C
93,0,1,0,287,green,8782,T2C
94,0,1,0,287,green,8782,T2C
95,0,1,0,287,green,8782,T2C
96,0,1,0,287,green,8782,T2C
97,0,1,0,287,green,8782,T2C
98,0,1,0,287,green,8782,T2C
99,0,1,0,287,green,8782,T2C
100,0,1,0,287,green,8782,T2C
101,0,1,0,287,green,8782,T2C
102,0,1,0,287,green,8782,T2C
103,0,1,0,287,green,8782,T2C
104,0,1,0,287,green,8782,T2C
105,0,1,0,287,green,8782,T2C
106,0,1,0,287,green,8782,T2C
107,0,1,0,287,green,8782,T2C
108,0,1,0,287,green,8782,T2C
109,0,1,0,287,green,8782,T2C
110,0,1,0,287,green,8782,T2C
111,0,1,0,287,green,8782,T2C
112,0,1,0,287,green,8782,T2C
113,0,1,0,287,green,8782,T2C
114,0,1,0,287,green,8782,T2C
115,0,1,0,287,green,8782,T2C
116,0,1,0,287,green,8782,T2C
117,0,1,0,287,green,8782,T2C
118,0,1,0,287,green,8782,T2C
119,0,1,0,287,green,8782,T2C
120,0,1,0,287,green,8782,T2C
121,0,1,0,287,green,8782,T2C
122,0,1,0,287,green,8782,T2C
123,0,1,0,287,green,8782,T2C
124,0,1,0,287,green,8782,T2C
125,0,1,0,287,green,8782,T2C
126,0,1,0,287,green,8782,T2C
127,0,1,0,287,green,8782,T2C
128,0,1,0,287,green,8782,T2C
129,0,1,0,287,green,8782,T2C
130,0,1,0,287,green,8782,T2C
131,0,1,0,287,green,8782,T2C
132,0,1,0,287,green,8782,T2C
133,0,1,0,287,green,8782,T2C
134,0,1,0,287,green,8782,T2C
135,0,1,0,287,green,8782,T2C
136,0,1,0,287,green,8782,T2C
137,0,1,0,287,green,8782,T2C
138,0,1,0,287,green,8782,T2C
139,0,1,0,287,green,8782,T2C
140,0,1,0,287,green,8782,T2C
141,0,1,0,287,green,8782,T2C
142,0,1,0,287,green,8782,T2C
143,0,1,0,287,green,8782,T2C
144,0,1,0,287,green,8782,T2C
145,0,1,0,287,green,8782,T2C
146,0,1,0,287,green,8782,T2C
147,0,1,0,287,green,8782,T2C
148,0,1,0,287,green,8782,T2C
149,0,1,0,287,green,8782,T2C
150,0,1,0,287,green,8782,T2C
151,0,1,0,287,green,8782,T2C
152,0,1,0,287,green,8782,T2C
153,0,1,0,287,green,8782,T2C
154,0,1,0,287,green,8782,T2C
155,0,1,0,287,green,8782,T2C
156,0,1,0,287,green,8782,T2C
157,0,1,0,287,green,8782,T2C
158,0,1,0,287,green,8782,T2C
159,0,1,0,287,green,8782,T2C
160,0,1,0,287,green,8782,T2C
161,0,1,0,287,green,8782,T2C
162,0,1,0,287,green,8782,T2C
163,0,1,0,287,green,8782,T2C
164,0,1,0,287,green,8782,T2C
165,0,1,0,287,green,8782,T2C
166,0,1,0,287,green,8782,T2C
167,0,1,0,287,green,8782,T2C
168,0,1,0,287,green,8782,T2C
169,0,1,0,287,green,8782,T2C
170,0,1,0,287,green,8782,T2C
171,0,1,0,287,green,8782,T2C
172,0,1,0,287,green,8782,T2C
173,0,1,0,287,green,8782,T2C
174,0,1,0,287,green,8782,T2C
175,0,1,0,287,green,8782,T2C
176,0,1,0,287,green,8782,T2C
177,0,1,0,287,green,8782,T2C
178,0,1,0,287,green,8782,T2C
179,0,1,0,287,green,8782,T2C
180,0,1,0,287,green,8782,T2C
181,0,1,0,287,green,8782,T2C
182,0,1,0,287,green,8782,T2C
183,0,1,0,287,green,8782,T2C
184,0,1,0,287,green,8782,T2C
185,0,1,0,287,green,8782,T2C
186,0,1,0,287,green,8782,T2C
187,0,1,0,287,green,8782,T2C
188,0,1,0,287,green,8782,T2C
189,0,1,0,287,green,8782,T2C
190,0,1,0,287,green,8782,T2C
191,0,1,0,287,green,8782,T2C
192,0,1,0,287,green,8782,T2C
193,0,1,0,287,green,8782,T2C
194,0,1,0,287,green,8782,T2C
195,0,1,0,287,green,8782,T2C
196,0,1,0,287,green,8782,T2C
197,0,1,0,287,green,8782,T2C
0,0,0,1,289,green,10575,T2C
1,0,0,1,289,green,10575,T2C
2,0,0,1,289,green,10575,T2C
3,0,0,1,289,green,10575,T2C
4,0,0,1,289,green,10575,T2C
5,0,0,1,289,green,10575,T2C
6,0,0,1,289,green,10575,T2C
7,0,0,1,289,green,10575,T2C
8,0,0,1,289,green,10575,T2C
9,0,0,1,289,green,10575,T2C
10,0,0,1,289,green,10575,T2C
11,0,0,1,289,green,10575,T2C
12,0,0,1,289,green,10575,T2C
13,0,0,1,289,green,10575,T2C
14,0,0,1,289,green,10575,T2C
15,0,0,1,289,green,10575,T2C
16,0,0,1,289,green,10575,T2C
17,0,0,1,289,green,10575,T2C
18,0,0,1,289,green,10575,T2C
19,0,0,1,289,green,10575,T2C
20,0,0,1,289,green,10575,T2C
21,0,0,1,289,green,10575,T2C
22,0,0,1,289,green,10575,T2C
23,0,0,1,289,green,10575,T2C
24,0,0,1,289,green,10575,T2C
25,0,0,1,289,green,10575,T2C
26,0,0,1,289,green,10575,T2C
27,0,0,1,289,green,10575,T2C
28,0,0,1,289,green,10575,T2C
29,0,0,1,289,green,10575,T2C
30,0,0,1,289,green,10575,T2C
31,0,0,1,289,green,10575,T2C
32,0,0,1,289,green,10575,T2C
33,0,0,1,289,green,10575,T2C
34,0,0,1,289,green,10575,T2C
35,0,0,1,289,green,10575,T2C
36,0,0,1,289,green,10575,T2C
37,0,0,1,289,green,10575,T2C
38,0,0,1,289,green,10575,T2C
39,0,0,1,289,green,10575,T2C
40,0,0,1,289,green,10575,T2C
41,0,0,1,289,green,10575,T2C
42,0,0,1,289,green,10575,T2C
43,0,0,1,289,green,10575,T2C
44,0,0,1,289,green,10575,T2C
45,0,0,1,289,green,10575,T2C
46,0,0,1,289,green,10575,T2C
47,0,1,0,289,green,10575,T2C
48,0,1,0,289,green,10575,T2C
49,0,1,0,289,green,10575,T2C
50,0,1,0,289,green,10575,T2C
51,0,1,0,289,green,10575,T2C
52,0,1,0,289,green,10575,T2C
53,0,1,0,289,green,10575,T2C
54,0,1,0,289,green,10575,T2C
55,0,1,0,289,green,10575,T2C
56,0,1,0,289,green,10575,T2C
57,0,1,0,289,green,10575,T2C
58,0,1,0,289,green,10575,T2C
59,0,1,0,289,green,10575,T2C
60,0,1,0,289,green,10575,T2C
61,0,1,0,289,green,10575,T2C
62,0,1,0,289,green,10575,T2C
63,0,1,0,289,green,10575,T2C
64,0,1,0,289,green,10575,T2C
65,0,1,0,289,green,10575,T2C
66,0,1,0,289,green,10575,T2C
67,0,1,0,289,green,10575,T2C
68,0,1,0,289,green,10575,T2C
69,0,1,0,289,green,10575,T2C
70,0,1,0,289,green,10575,T2C
71,0,1,0,289,green,10575,T2C
72,0,1,0,289,green,10575,T2C
73,0,1,0,289,green,10575,T2C
74,0,1,0,289,green,10575,T2C
75,0,1,0,289,green,10575,T2C
76,0,1,0,289,green,10575,T2C
77,0,1,0,289,green,10575,T2C
78,0,1,0,289,green,10575,T2C
79,0,1,0,289,green,10575,T2C
80,0,1,0,289,green,10575,T2C
81,0,1,0,289,green,10575,T2C
82,0,1,0,289,green,10575,T2C
83,0,1,0,289,green,10575,T2C
84,0,1,0,289,green,10575,T2C
85,0,1,0,289,green,10575,T2C
86,0,1,0,289,green,10575,T2C
87,0,1,0,289,green,10575,T2C
88,0,1,0,289,green,10575,T2C
89,0,1,0,289,green,10575,T2C
90,0,1,0,289,green,10575,T2C
91,0,1,0,289,green,10575,T2C
92,0,1,0,289,green,10575,T2C
93,0,1,0,289,green,10575,T2C
94,0,1,0,289,green,10575,T2C
95,0,1,0,289,green,10575,T2C
96,0,1,0,289,green,10575,T2C
97,0,1,0,289,green,10575,T2C
98,0,1,0,289,green,10575,T2C
99,0,1,0,289,green,10575,T2C
100,0,1,0,289,green,10575,T2C
101,0,1,0,289,green,10575,T2C
102,0,1,0,289,green,10575,T2C
103,0,1,0,289,green,10575,T2C
104,0,1,0,289,green,10575,T2C
105,0,1,0,289,green,10575,T2C
106,0,1,0,289,green,10575,T2C
107,0,1,0,289,green,10575,T2C
108,0,1,0,289,green,10575,T2C
109,0,1,0,289,green,10575,T2C
110,0,1,0,289,green,10575,T2C
111,0,1,0,289,green,10575,T2C
112,0,1,0,289,green,10575,T2C
113,0,1,0,289,green,10575,T2C
114,0,1,0,289,green,10575,T2C
115,0,1,0,289,green,10575,T2C
116,0,1,0,289,green,10575,T2C
117,0,1,0,289,green,10575,T2C
118,0,1,0,289,green,10575,T2C
119,0,1,0,289,green,10575,T2C
120,0,1,0,289,green,10575,T2C
121,0,1,0,289,green,10575,T2C
122,0,1,0,289,green,10575,T2C
123,0,1,0,289,green,10575,T2C
124,0,1,0,289,green,10575,T2C
125,0,1,0,289,green,10575,T2C
126,0,1,0,289,green,10575,T2C
127,0,1,0,289,green,10575,T2C
128,0,1,0,289,green,10575,T2C
129,0,1,0,289,green,10575,T2C
130,0,1,0,289,green,10575,T2C
131,0,1,0,289,green,10575,T2C
132,0,1,0,289,green,10575,T2C
133,0,1,0,289,green,10575,T2C
134,0,1,0,289,green,10575,T2C
135,0,1,0,289,green,10575,T2C
136,0,1,0,289,green,10575,T2C
137,0,1,0,289,green,10575,T2C
138,0,1,0,289,green,10575,T2C
139,0,1,0,289,green,10575,T2C
140,0,1,0,289,green,10575,T2C
141,0,1,0,289,green,10575,T2C
142,0,1,0,289,green,10575,T2C
143,0,1,0,289,green,10575,T2C
144,0,1,0,289,green,10575,T2C
145,0,1,0,289,green,10575,T2C
146,0,1,0,289,green,10575,T2C
147,0,1,0,289,green,10575,T2C
148,0,1,0,289,green,10575,T2C
149,0,1,0,289,green,10575,T2C
150,0,1,0,289,green,10575,T2C
151,0,1,0,289,green,10575,T2C
152,0,1,0,289,green,10575,T2C
153,0,1,0,289,green,10575,T2C
154,0,1,0,289,green,10575,T2C
155,0,1,0,289,green,10575,T2C
156,0,1,0,289,green,10575,T2C
157,0,1,0,289,green,10575,T2C
158,0,1,0,289,green,10575,T2C
159,0,1,0,289,green,10575,T2C
160,0,1,0,289,green,10575,T2C
161,0,1,0,289,green,10575,T2C
162,0,1,0,289,green,10575,T2C
163,0,1,0,289,green,10575,T2C
164,0,1,0,289,green,10575,T2C
165,0,1,0,289,green,10575,T2C
166,0,1,0,289,green,10575,T2C
167,0,1,0,289,green,10575,T2C
168,0,1,0,289,green,10575,T2C
169,0,1,0,289,green,10575,T2C
170,0,1,0,289,green,10575,T2C
171,0,1,0,289,green,10575,T2C
172,0,1,0,289,green,10575,T2C
173,0,1,0,289,green,10575,T2C
174,0,1,0,289,green,10575,T2C
175,0,1,0,289,green,10575,T2C
176,0,1,0,289,green,10575,T2C
177,0,1,0,289,green,10575,T2C
178,0,1,0,289,green,10575,T2C
179,0,1,0,289,green,10575,T2C
180,0,1,0,289,green,10575,T2C
181,0,1,0,289,green,10575,T2C
182,0,1,0,289,green,10575,T2C
183,0,1,0,289,green,10575,T2C
184,0,1,0,289,green,10575,T2C
185,0,1,0,289,green,10575,T2C
186,0,1,0,289,green,10575,T2C
187,0,1,0,289,green,10575,T2C
188,0,1,0,289,green,10575,T2C
189,0,1,0,289,green,10575,T2C
190,0,1,0,289,green,10575,T2C
191,0,1,0,289,green,10575,T2C
192,0,1,0,289,green,10575,T2C
193,0,1,0,289,green,10575,T2C
194,0,1,0,289,green,10575,T2C
195,0,1,0,289,green,10575,T2C
196,0,1,0,289,green,10575,T2C
197,0,1,0,289,green,10575,T2C
0,0,0,1,290,green,10224,T2C
1,0,0,1,290,green,10224,T2C
2,0,0,1,290,green,10224,T2C
3,0,0,1,290,green,10224,T2C
4,0,0,1,290,green,10224,T2C
5,0,0,1,290,green,10224,T2C
6,0,0,1,290,green,10224,T2C
7,0,0,1,290,green,10224,T2C
8,0,0,1,290,green,10224,T2C
9,0,0,1,290,green,10224,T2C
10,0,0,1,290,green,10224,T2C
11,0,0,1,290,green,10224,T2C
12,0,0,1,290,green,10224,T2C
13,0,0,1,290,green,10224,T2C
14,0,0,1,290,green,10224,T2C
15,0,0,1,290,green,10224,T2C
16,0,0,1,290,green,10224,T2C
17,0,0,1,290,green,10224,T2C
18,0,0,1,290,green,10224,T2C
19,0,0,1,290,green,10224,T2C
20,0,0,1,290,green,10224,T2C
21,0,0,1,290,green,10224,T2C
22,0,0,1,290,green,10224,T2C
23,0,0,1,290,green,10224,T2C
24,0,0,1,290,green,10224,T2C
25,0,0,1,290,green,10224,T2C
26,0,0,1,290,green,10224,T2C
27,0,0,1,290,green,10224,T2C
28,0,0,1,290,green,10224,T2C
29,0,0,1,290,green,10224,T2C
30,0,0,1,290,green,10224,T2C
31,0,0,1,290,green,10224,T2C
32,0,0,1,290,green,10224,T2C
33,0,0,1,290,green,10224,T2C
34,0,0,1,290,green,10224,T2C
35,0,0,1,290,green,10224,T2C
36,0,0,1,290,green,10224,T2C
37,0,0,1,290,green,10224,T2C
38,0,0,1,290,green,10224,T2C
39,0,0,1,290,green,10224,T2C
40,0,0,1,290,green,10224,T2C
41,0,0,1,290,green,10224,T2C
42,0,0,1,290,green,10224,T2C
43,0,0,1,290,green,10224,T2C
44,0,0,1,290,green,10224,T2C
45,0,1,0,290,green,10224,T2C
46,0,1,0,290,green,10224,T2C
47,0,1,0,290,green,10224,T2C
48,0,1,0,290,green,10224,T2C
49,0,1,0,290,green,10224,T2C
50,0,1,0,290,green,10224,T2C
51,0,1,0,290,green,10224,T2C
52,0,1,0,290,green,10224,T2C
53,0,1,0,290,green,10224,T2C
54,0,1,0,290,green,10224,T2C
55,0,1,0,290,green,10224,T2C
56,0,1,0,290,green,10224,T2C
57,0,1,0,290,green,10224,T2C
58,0,1,0,290,green,10224,T2C
59,0,1,0,290,green,10224,T2C
60,0,1,0,290,green,10224,T2C
61,0,1,0,290,green,10224,T2C
62,0,1,0,290,green,10224,T2C
63,0,1,0,290,green,10224,T2C
64,0,1,0,290,green,10224,T2C
65,0,1,0,290,green,10224,T2C
66,0,1,0,290,green,10224,T2C
67,0,1,0,290,green,10224,T2C
68,0,1,0,290,green,10224,T2C
69,0,1,0,290,green,10224,T2C
70,0,1,0,290,green,10224,T2C
71,0,1,0,290,green,10224,T2C
72,0,1,0,290,green,10224,T2C
73,0,1,0,290,green,10224,T2C
74,0,1,0,290,green,10224,T2C
75,0,1,0,290,green,10224,T2C
76,0,1,0,290,green,10224,T2C
77,0,1,0,290,green,10224,T2C
78,0,1,0,290,green,10224,T2C
79,0,1,0,290,green,10224,T2C
80,0,1,0,290,green,10224,T2C
81,0,1,0,290,green,10224,T2C
82,0,1,0,290,green,10224,T2C
83,0,1,0,290,green,10224,T2C
84,0,1,0,290,green,10224,T2C
85,0,1,0,290,green,10224,T2C
86,0,1,0,290,green,10224,T2C
87,0,1,0,290,green,10224,T2C
88,0,1,0,290,green,10224,T2C
89,0,1,0,290,green,10224,T2C
90,0,1,0,290,green,10224,T2C
91,0,1,0,290,green,10224,T2C
92,0,1,0,290,green,10224,T2C
93,0,1,0,290,green,10224,T2C
94,0,1,0,290,green,10224,T2C
95,0,1,0,290,green,10224,T2C
96,0,1,0,290,green,10224,T2C
97,0,1,0,290,green,10224,T2C
98,0,1,0,290,green,10224,T2C
99,0,1,0,290,green,10224,T2C
100,0,1,0,290,green,10224,T2C
101,0,1,0,290,green,10224,T2C
102,0,1,0,290,green,10224,T2C
103,0,1,0,290,green,10224,T2C
104,0,1,0,290,green,10224,T2C
105,0,1,0,290,green,10224,T2C
106,0,1,0,290,green,10224,T2C
107,0,1,0,290,green,10224,T2C
108,0,1,0,290,green,10224,T2C
109,0,1,0,290,green,10224,T2C
110,0,1,0,290,green,10224,T2C
111,0,1,0,290,green,10224,T2C
112,0,1,0,290,green,10224,T2C
113,0,1,0,290,green,10224,T2C
114,0,1,0,290,green,10224,T2C
115,0,1,0,290,green,10224,T2C
116,0,1,0,290,green,10224,T2C
117,0,1,0,290,green,10224,T2C
118,0,1,0,290,green,10224,T2C
119,0,1,0,290,green,10224,T2C
120,0,0,1,290,green,10224,T2C
121,0,0,1,290,green,10224,T2C
122,0,0,1,290,green,10224,T2C
123,0,0,1,290,green,10224,T2C
124,0,0,1,290,green,10224,T2C
125,0,0,1,290,green,10224,T2C
126,0,0,1,290,green,10224,T2C
127,0,0,1,290,green,10224,T2C
128,0,0,1,290,green,10224,T2C
129,0,0,1,290,green,10224,T2C
130,0,0,1,290,green,10224,T2C
131,0,0,1,290,green,10224,T2C
132,0,0,1,290,green,10224,T2C
133,0,0,1,290,green,10224,T2C
134,0,0,1,290,green,10224,T2C
135,0,0,1,290,green,10224,T2C
136,0,0,1,290,green,10224,T2C
137,0,1,0,290,green,10224,T2C
138,0,1,0,290,green,10224,T2C
139,0,1,0,290,green,10224,T2C
140,0,1,0,290,green,10224,T2C
141,0,1,0,290,green,10224,T2C
142,0,1,0,290,green,10224,T2C
143,0,1,0,290,green,10224,T2C
144,0,1,0,290,green,10224,T2C
145,0,0,1,290,green,10224,T2C
146,0,0,1,290,green,10224,T2C
147,0,0,1,290,green,10224,T2C
148,0,0,1,290,green,10224,T2C
149,0,0,1,290,green,10224,T2C
150,0,1,0,290,green,10224,T2C
151,0,1,0,290,green,10224,T2C
152,0,1,0,290,green,10224,T2C
153,0,1,0,290,green,10224,T2C
154,0,1,0,290,green,10224,T2C
155,0,1,0,290,green,10224,T2C
156,0,1,0,290,green,10224,T2C
157,0,1,0,290,green,10224,T2C
158,0,1,0,290,green,10224,T2C
159,0,1,0,290,green,10224,T2C
160,0,1,0,290,green,10224,T2C
161,0,0,1,290,green,10224,T2C
162,0,1,0,290,green,10224,T2C
163,0,1,0,290,green,10224,T2C
164,0,1,0,290,green,10224,T2C
165,0,1,0,290,green,10224,T2C
166,0,0,1,290,green,10224,T2C
167,0,1,0,290,green,10224,T2C
168,0,1,0,290,green,10224,T2C
169,0,1,0,290,green,10224,T2C
170,0,1,0,290,green,10224,T2C
171,0,1,0,290,green,10224,T2C
172,0,1,0,290,green,10224,T2C
173,0,1,0,290,green,10224,T2C
174,0,1,0,290,green,10224,T2C
175,0,1,0,290,green,10224,T2C
176,0,1,0,290,green,10224,T2C
177,0,1,0,290,green,10224,T2C
178,0,1,0,290,green,10224,T2C
179,0,1,0,290,green,10224,T2C
180,0,1,0,290,green,10224,T2C
181,0,1,0,290,green,10224,T2C
182,0,1,0,290,green,10224,T2C
183,0,1,0,290,green,10224,T2C
184,0,1,0,290,green,10224,T2C
185,0,1,0,290,green,10224,T2C
186,0,1,0,290,green,10224,T2C
187,0,1,0,290,green,10224,T2C
188,0,1,0,290,green,10224,T2C
189,0,1,0,290,green,10224,T2C
190,0,1,0,290,green,10224,T2C
191,0,1,0,290,green,10224,T2C
192,0,1,0,290,green,10224,T2C
193,0,1,0,290,green,10224,T2C
194,0,1,0,290,green,10224,T2C
195,0,1,0,290,green,10224,T2C
196,0,1,0,290,green,10224,T2C
197,0,1,0,290,green,10224,T2C
0,0,0,1,291,green,10118,T2C
1,0,0,1,291,green,10118,T2C
2,0,0,1,291,green,10118,T2C
3,0,0,1,291,green,10118,T2C
4,0,0,1,291,green,10118,T2C
5,0,0,1,291,green,10118,T2C
6,0,0,1,291,green,10118,T2C
7,0,0,1,291,green,10118,T2C
8,0,0,1,291,green,10118,T2C
9,0,0,1,291,green,10118,T2C
10,0,0,1,291,green,10118,T2C
11,0,0,1,291,green,10118,T2C
12,0,0,1,291,green,10118,T2C
13,0,0,1,291,green,10118,T2C
14,0,0,1,291,green,10118,T2C
15,0,0,1,291,green,10118,T2C
16,0,0,1,291,green,10118,T2C
17,0,0,1,291,green,10118,T2C
18,0,0,1,291,green,10118,T2C
19,0,0,1,291,green,10118,T2C
20,1,0,0,291,green,10118,T2C
21,1,0,0,291,green,10118,T2C
22,1,0,0,291,green,10118,T2C
23,1,0,0,291,green,10118,T2C
24,1,0,0,291,green,10118,T2C
25,1,0,0,291,green,10118,T2C
26,1,0,0,291,green,10118,T2C
27,1,0,0,291,green,10118,T2C
28,1,0,0,291,green,10118,T2C
29,1,0,0,291,green,10118,T2C
30,0,1,0,291,green,10118,T2C
31,0,1,0,291,green,10118,T2C
32,0,1,0,291,green,10118,T2C
33,0,1,0,291,green,10118,T2C
34,0,1,0,291,green,10118,T2C
35,0,1,0,291,green,10118,T2C
36,0,1,0,291,green,10118,T2C
37,0,1,0,291,green,10118,T2C
38,0,1,0,291,green,10118,T2C
39,0,1,0,291,green,10118,T2C
40,0,1,0,291,green,10118,T2C
41,0,1,0,291,green,10118,T2C
42,0,1,0,291,green,10118,T2C
43,0,1,0,291,green,10118,T2C
44,0,1,0,291,green,10118,T2C
45,0,1,0,291,green,10118,T2C
46,0,1,0,291,green,10118,T2C
47,0,1,0,291,green,10118,T2C
48,0,1,0,291,green,10118,T2C
49,0,1,0,291,green,10118,T2C
50,0,1,0,291,green,10118,T2C
51,0,1,0,291,green,10118,T2C
52,0,1,0,291,green,10118,T2C
53,0,1,0,291,green,10118,T2C
54,0,1,0,291,green,10118,T2C
55,0,1,0,291,green,10118,T2C
56,0,1,0,291,green,10118,T2C
57,0,1,0,291,green,10118,T2C
58,0,1,0,291,green,10118,T2C
59,0,1,0,291,green,10118,T2C
60,0,1,0,291,green,10118,T2C
61,0,1,0,291,green,10118,T2C
62,0,1,0,291,green,10118,T2C
63,0,1,0,291,green,10118,T2C
64,0,1,0,291,green,10118,T2C
65,0,1,0,291,green,10118,T2C
66,0,1,0,291,green,10118,T2C
67,0,1,0,291,green,10118,T2C
68,0,1,0,291,green,10118,T2C
69,0,1,0,291,green,10118,T2C
70,0,1,0,291,green,10118,T2C
71,0,1,0,291,green,10118,T2C
72,0,1,0,291,green,10118,T2C
73,0,1,0,291,green,10118,T2C
74,0,1,0,291,green,10118,T2C
75,0,1,0,291,green,10118,T2C
76,0,1,0,291,green,10118,T2C
77,0,1,0,291,green,10118,T2C
78,0,1,0,291,green,10118,T2C
79,0,1,0,291,green,10118,T2C
80,0,1,0,291,green,10118,T2C
81,0,1,0,291,green,10118,T2C
82,0,1,0,291,green,10118,T2C
83,0,1,0,291,green,10118,T2C
84,0,1,0,291,green,10118,T2C
85,0,1,0,291,green,10118,T2C
86,0,1,0,291,green,10118,T2C
87,0,1,0,291,green,10118,T2C
88,0,1,0,291,green,10118,T2C
89,0,1,0,291,green,10118,T2C
90,0,1,0,291,green,10118,T2C
91,0,1,0,291,green,10118,T2C
92,0,1,0,291,green,10118,T2C
93,0,1,0,291,green,10118,T2C
94,0,1,0,291,green,10118,T2C
95,0,1,0,291,green,10118,T2C
96,0,1,0,291,green,10118,T2C
97,0,1,0,291,green,10118,T2C
98,0,1,0,291,green,10118,T2C
99,0,1,0,291,green,10118,T2C
100,0,1,0,291,green,10118,T2C
101,0,1,0,291,green,10118,T2C
102,0,1,0,291,green,10118,T2C
103,0,1,0,291,green,10118,T2C
104,0,1,0,291,green,10118,T2C
105,0,1,0,291,green,10118,T2C
106,0,1,0,291,green,10118,T2C
107,0,1,0,291,green,10118,T2C
108,0,1,0,291,green,10118,T2C
109,0,1,0,291,green,10118,T2C
110,0,1,0,291,green,10118,T2C
111,0,1,0,291,green,10118,T2C
112,0,1,0,291,green,10118,T2C
113,0,1,0,291,green,10118,T2C
114,0,1,0,291,green,10118,T2C
115,0,1,0,291,green,10118,T2C
116,0,1,0,291,green,10118,T2C
117,0,1,0,291,green,10118,T2C
118,0,1,0,291,green,10118,T2C
119,0,1,0,291,green,10118,T2C
120,0,1,0,291,green,10118,T2C
121,0,1,0,291,green,10118,T2C
122,0,1,0,291,green,10118,T2C
123,0,1,0,291,green,10118,T2C
124,0,1,0,291,green,10118,T2C
125,0,1,0,291,green,10118,T2C
126,0,1,0,291,green,10118,T2C
127,0,1,0,291,green,10118,T2C
128,0,1,0,291,green,10118,T2C
129,0,1,0,291,green,10118,T2C
130,0,1,0,291,green,10118,T2C
131,0,1,0,291,green,10118,T2C
132,0,1,0,291,green,10118,T2C
133,0,1,0,291,green,10118,T2C
134,0,1,0,291,green,10118,T2C
135,0,1,0,291,green,10118,T2C
136,0,1,0,291,green,10118,T2C
137,0,1,0,291,green,10118,T2C
138,0,1,0,291,green,10118,T2C
139,0,1,0,291,green,10118,T2C
140,0,1,0,291,green,10118,T2C
141,0,1,0,291,green,10118,T2C
142,0,1,0,291,green,10118,T2C
143,0,1,0,291,green,10118,T2C
144,0,1,0,291,green,10118,T2C
145,0,1,0,291,green,10118,T2C
146,0,1,0,291,green,10118,T2C
147,0,1,0,291,green,10118,T2C
148,0,1,0,291,green,10118,T2C
149,0,1,0,291,green,10118,T2C
150,0,1,0,291,green,10118,T2C
151,0,1,0,291,green,10118,T2C
152,0,1,0,291,green,10118,T2C
153,0,1,0,291,green,10118,T2C
154,0,1,0,291,green,10118,T2C
155,0,1,0,291,green,10118,T2C
156,0,1,0,291,green,10118,T2C
157,0,1,0,291,green,10118,T2C
158,0,1,0,291,green,10118,T2C
159,0,1,0,291,green,10118,T2C
160,0,1,0,291,green,10118,T2C
161,0,1,0,291,green,10118,T2C
162,0,1,0,291,green,10118,T2C
163,0,1,0,291,green,10118,T2C
164,0,1,0,291,green,10118,T2C
165,0,1,0,291,green,10118,T2C
166,0,1,0,291,green,10118,T2C
167,0,1,0,291,green,10118,T2C
168,0,1,0,291,green,10118,T2C
169,0,1,0,291,green,10118,T2C
170,0,1,0,291,green,10118,T2C
171,0,1,0,291,green,10118,T2C
172,0,1,0,291,green,10118,T2C
173,0,1,0,291,green,10118,T2C
174,0,1,0,291,green,10118,T2C
175,0,1,0,291,green,10118,T2C
176,0,1,0,291,green,10118,T2C
177,0,1,0,291,green,10118,T2C
178,0,1,0,291,green,10118,T2C
179,0,1,0,291,green,10118,T2C
180,0,1,0,291,green,10118,T2C
181,0,1,0,291,green,10118,T2C
182,0,1,0,291,green,10118,T2C
183,0,1,0,291,green,10118,T2C
184,0,1,0,291,green,10118,T2C
185,0,1,0,291,green,10118,T2C
186,0,1,0,291,green,10118,T2C
187,0,1,0,291,green,10118,T2C
188,0,1,0,291,green,10118,T2C
189,0,1,0,291,green,10118,T2C
190,0,1,0,291,green,10118,T2C
191,0,1,0,291,green,10118,T2C
192,0,1,0,291,green,10118,T2C
193,0,1,0,291,green,10118,T2C
194,0,1,0,291,green,10118,T2C
195,0,1,0,291,green,10118,T2C
196,0,1,0,291,green,10118,T2C
197,0,1,0,291,green,10118,T2C
0,0,0,1,292,green,9760,T2C
1,0,0,1,292,green,9760,T2C
2,0,0,1,292,green,9760,T2C
3,0,0,1,292,green,9760,T2C
4,0,0,1,292,green,9760,T2C
5,0,0,1,292,green,9760,T2C
6,0,0,1,292,green,9760,T2C
7,0,0,1,292,green,9760,T2C
8,0,0,1,292,green,9760,T2C
9,0,0,1,292,green,9760,T2C
10,0,0,1,292,green,9760,T2C
11,0,0,1,292,green,9760,T2C
12,0,0,1,292,green,9760,T2C
13,0,0,1,292,green,9760,T2C
14,0,0,1,292,green,9760,T2C
15,0,0,1,292,green,9760,T2C
16,0,0,1,292,green,9760,T2C
17,0,0,1,292,green,9760,T2C
18,0,0,1,292,green,9760,T2C
19,0,1,0,292,green,9760,T2C
20,0,1,0,292,green,9760,T2C
21,0,1,0,292,green,9760,T2C
22,0,1,0,292,green,9760,T2C
23,0,1,0,292,green,9760,T2C
24,0,1,0,292,green,9760,T2C
25,0,1,0,292,green,9760,T2C
26,0,1,0,292,green,9760,T2C
27,0,0,1,292,green,9760,T2C
28,0,0,1,292,green,9760,T2C
29,0,0,1,292,green,9760,T2C
30,0,0,1,292,green,9760,T2C
31,0,0,1,292,green,9760,T2C
32,0,0,1,292,green,9760,T2C
33,0,0,1,292,green,9760,T2C
34,0,0,1,292,green,9760,T2C
35,0,0,1,292,green,9760,T2C
36,0,1,0,292,green,9760,T2C
37,0,1,0,292,green,9760,T2C
38,0,1,0,292,green,9760,T2C
39,0,1,0,292,green,9760,T2C
40,0,1,0,292,green,9760,T2C
41,0,1,0,292,green,9760,T2C
42,0,1,0,292,green,9760,T2C
43,0,1,0,292,green,9760,T2C
44,0,1,0,292,green,9760,T2C
45,0,1,0,292,green,9760,T2C
46,0,1,0,292,green,9760,T2C
47,0,1,0,292,green,9760,T2C
48,0,1,0,292,green,9760,T2C
49,0,1,0,292,green,9760,T2C
50,0,1,0,292,green,9760,T2C
51,0,0,1,292,green,9760,T2C
52,0,0,1,292,green,9760,T2C
53,0,0,1,292,green,9760,T2C
54,0,0,1,292,green,9760,T2C
55,0,0,1,292,green,9760,T2C
56,0,0,1,292,green,9760,T2C
57,0,0,1,292,green,9760,T2C
58,0,0,1,292,green,9760,T2C
59,0,0,1,292,green,9760,T2C
60,0,0,1,292,green,9760,T2C
61,0,0,1,292,green,9760,T2C
62,0,0,1,292,green,9760,T2C
63,0,0,1,292,green,9760,T2C
64,0,0,1,292,green,9760,T2C
65,0,0,1,292,green,9760,T2C
66,1,0,0,292,green,9760,T2C
67,1,0,0,292,green,9760,T2C
68,1,0,0,292,green,9760,T2C
69,1,0,0,292,green,9760,T2C
70,1,0,0,292,green,9760,T2C
71,1,0,0,292,green,9760,T2C
72,1,0,0,292,green,9760,T2C
73,1,0,0,292,green,9760,T2C
74,1,0,0,292,green,9760,T2C
75,1,0,0,292,green,9760,T2C
76,1,0,0,292,green,9760,T2C
77,1,0,0,292,green,9760,T2C
78,1,0,0,292,green,9760,T2C
79,1,0,0,292,green,9760,T2C
80,1,0,0,292,green,9760,T2C
81,1,0,0,292,green,9760,T2C
82,1,0,0,292,green,9760,T2C
83,1,0,0,292,green,9760,T2C
84,1,0,0,292,green,9760,T2C
85,1,0,0,292,green,9760,T2C
86,1,0,0,292,green,9760,T2C
87,1,0,0,292,green,9760,T2C
88,1,0,0,292,green,9760,T2C
89,1,0,0,292,green,9760,T2C
90,1,0,0,292,green,9760,T2C
91,1,0,0,292,green,9760,T2C
92,1,0,0,292,green,9760,T2C
93,1,0,0,292,green,9760,T2C
94,1,0,0,292,green,9760,T2C
95,1,0,0,292,green,9760,T2C
96,1,0,0,292,green,9760,T2C
97,1,0,0,292,green,9760,T2C
98,0,0,1,292,green,9760,T2C
99,0,0,1,292,green,9760,T2C
100,0,0,1,292,green,9760,T2C
101,0,0,1,292,green,9760,T2C
102,0,0,1,292,green,9760,T2C
103,0,1,0,292,green,9760,T2C
104,0,1,0,292,green,9760,T2C
105,0,1,0,292,green,9760,T2C
106,0,1,0,292,green,9760,T2C
107,0,1,0,292,green,9760,T2C
108,0,1,0,292,green,9760,T2C
109,0,1,0,292,green,9760,T2C
110,0,1,0,292,green,9760,T2C
111,0,1,0,292,green,9760,T2C
112,0,1,0,292,green,9760,T2C
113,0,1,0,292,green,9760,T2C
114,0,1,0,292,green,9760,T2C
115,0,1,0,292,green,9760,T2C
116,0,1,0,292,green,9760,T2C
117,0,1,0,292,green,9760,T2C
118,0,1,0,292,green,9760,T2C
119,0,1,0,292,green,9760,T2C
120,0,1,0,292,green,9760,T2C
121,0,1,0,292,green,9760,T2C
122,0,1,0,292,green,9760,T2C
123,0,1,0,292,green,9760,T2C
124,0,1,0,292,green,9760,T2C
125,0,1,0,292,green,9760,T2C
126,0,1,0,292,green,9760,T2C
127,0,1,0,292,green,9760,T2C
128,0,1,0,292,green,9760,T2C
129,0,1,0,292,green,9760,T2C
130,0,1,0,292,green,9760,T2C
131,0,1,0,292,green,9760,T2C
132,0,1,0,292,green,9760,T2C
133,0,1,0,292,green,9760,T2C
134,0,0,1,292,green,9760,T2C
135,0,0,1,292,green,9760,T2C
136,0,0,1,292,green,9760,T2C
137,0,0,1,292,green,9760,T2C
138,0,0,1,292,green,9760,T2C
139,0,0,1,292,green,9760,T2C
140,0,0,1,292,green,9760,T2C
141,0,0,1,292,green,9760,T2C
142,0,0,1,292,green,9760,T2C
143,0,1,0,292,green,9760,T2C
144,0,1,0,292,green,9760,T2C
145,0,1,0,292,green,9760,T2C
146,0,1,0,292,green,9760,T2C
147,0,1,0,292,green,9760,T2C
148,0,1,0,292,green,9760,T2C
149,0,1,0,292,green,9760,T2C
150,0,0,1,292,green,9760,T2C
151,0,0,1,292,green,9760,T2C
152,0,0,1,292,green,9760,T2C
153,0,0,1,292,green,9760,T2C
154,0,0,1,292,green,9760,T2C
155,0,0,1,292,green,9760,T2C
156,0,0,1,292,green,9760,T2C
157,0,0,1,292,green,9760,T2C
158,0,0,1,292,green,9760,T2C
159,0,1,0,292,green,9760,T2C
160,0,1,0,292,green,9760,T2C
161,0,1,0,292,green,9760,T2C
162,0,1,0,292,green,9760,T2C
163,0,1,0,292,green,9760,T2C
164,0,0,1,292,green,9760,T2C
165,0,0,1,292,green,9760,T2C
166,0,0,1,292,green,9760,T2C
167,0,0,1,292,green,9760,T2C
168,0,0,1,292,green,9760,T2C
169,0,0,1,292,green,9760,T2C
170,0,1,0,292,green,9760,T2C
171,0,1,0,292,green,9760,T2C
172,0,1,0,292,green,9760,T2C
173,0,1,0,292,green,9760,T2C
174,0,1,0,292,green,9760,T2C
175,0,1,0,292,green,9760,T2C
176,0,1,0,292,green,9760,T2C
177,0,1,0,292,green,9760,T2C
178,0,1,0,292,green,9760,T2C
179,0,1,0,292,green,9760,T2C
180,0,1,0,292,green,9760,T2C
181,0,1,0,292,green,9760,T2C
182,0,1,0,292,green,9760,T2C
183,0,1,0,292,green,9760,T2C
184,0,1,0,292,green,9760,T2C
185,0,1,0,292,green,9760,T2C
186,0,1,0,292,green,9760,T2C
187,0,1,0,292,green,9760,T2C
188,0,1,0,292,green,9760,T2C
189,0,1,0,292,green,9760,T2C
190,0,1,0,292,green,9760,T2C
191,0,1,0,292,green,9760,T2C
192,0,1,0,292,green,9760,T2C
193,0,1,0,292,green,9760,T2C
194,0,1,0,292,green,9760,T2C
195,0,1,0,292,green,9760,T2C
196,0,1,0,292,green,9760,T2C
197,0,1,0,292,green,9760,T2C
0,0,0,1,293,green,10811,T2C
1,0,0,1,293,green,10811,T2C
2,0,0,1,293,green,10811,T2C
3,0,0,1,293,green,10811,T2C
4,0,0,1,293,green,10811,T2C
5,0,0,1,293,green,10811,T2C
6,0,0,1,293,green,10811,T2C
7,0,0,1,293,green,10811,T2C
8,0,0,1,293,green,10811,T2C
9,0,0,1,293,green,10811,T2C
10,0,0,1,293,green,10811,T2C
11,0,0,1,293,green,10811,T2C
12,0,0,1,293,green,10811,T2C
13,0,0,1,293,green,10811,T2C
14,0,0,1,293,green,10811,T2C
15,0,0,1,293,green,10811,T2C
16,0,0,1,293,green,10811,T2C
17,0,0,1,293,green,10811,T2C
18,0,0,1,293,green,10811,T2C
19,0,0,1,293,green,10811,T2C
20,0,0,1,293,green,10811,T2C
21,0,0,1,293,green,10811,T2C
22,0,0,1,293,green,10811,T2C
23,0,0,1,293,green,10811,T2C
24,0,0,1,293,green,10811,T2C
25,0,0,1,293,green,10811,T2C
26,0,0,1,293,green,10811,T2C
27,0,0,1,293,green,10811,T2C
28,0,0,1,293,green,10811,T2C
29,0,0,1,293,green,10811,T2C
30,0,0,1,293,green,10811,T2C
31,0,0,1,293,green,10811,T2C
32,0,0,1,293,green,10811,T2C
33,0,0,1,293,green,10811,T2C
34,0,0,1,293,green,10811,T2C
35,0,0,1,293,green,10811,T2C
36,0,0,1,293,green,10811,T2C
37,0,0,1,293,green,10811,T2C
38,0,0,1,293,green,10811,T2C
39,0,0,1,293,green,10811,T2C
40,0,0,1,293,green,10811,T2C
41,0,0,1,293,green,10811,T2C
42,0,0,1,293,green,10811,T2C
43,0,0,1,293,green,10811,T2C
44,0,0,1,293,green,10811,T2C
45,0,0,1,293,green,10811,T2C
46,0,0,1,293,green,10811,T2C
47,0,0,1,293,green,10811,T2C
48,0,0,1,293,green,10811,T2C
49,0,0,1,293,green,10811,T2C
50,0,0,1,293,green,10811,T2C
51,0,0,1,293,green,10811,T2C
52,0,0,1,293,green,10811,T2C
53,0,0,1,293,green,10811,T2C
54,0,0,1,293,green,10811,T2C
55,0,0,1,293,green,10811,T2C
56,0,0,1,293,green,10811,T2C
57,0,0,1,293,green,10811,T2C
58,0,0,1,293,green,10811,T2C
59,0,0,1,293,green,10811,T2C
60,0,0,1,293,green,10811,T2C
61,0,0,1,293,green,10811,T2C
62,0,0,1,293,green,10811,T2C
63,0,0,1,293,green,10811,T2C
64,0,0,1,293,green,10811,T2C
65,0,0,1,293,green,10811,T2C
66,0,0,1,293,green,10811,T2C
67,0,0,1,293,green,10811,T2C
68,0,0,1,293,green,10811,T2C
69,0,0,1,293,green,10811,T2C
70,0,0,1,293,green,10811,T2C
71,0,0,1,293,green,10811,T2C
72,0,0,1,293,green,10811,T2C
73,0,0,1,293,green,10811,T2C
74,0,0,1,293,green,10811,T2C
75,0,0,1,293,green,10811,T2C
76,0,0,1,293,green,10811,T2C
77,0,0,1,293,green,10811,T2C
78,0,0,1,293,green,10811,T2C
79,0,0,1,293,green,10811,T2C
80,0,0,1,293,green,10811,T2C
81,0,0,1,293,green,10811,T2C
82,0,0,1,293,green,10811,T2C
83,0,0,1,293,green,10811,T2C
84,0,0,1,293,green,10811,T2C
85,0,0,1,293,green,10811,T2C
86,0,0,1,293,green,10811,T2C
87,0,0,1,293,green,10811,T2C
88,0,0,1,293,green,10811,T2C
89,0,0,1,293,green,10811,T2C
90,0,0,1,293,green,10811,T2C
91,0,0,1,293,green,10811,T2C
92,0,0,1,293,green,10811,T2C
93,0,0,1,293,green,10811,T2C
94,0,0,1,293,green,10811,T2C
95,0,0,1,293,green,10811,T2C
96,0,1,0,293,green,10811,T2C
97,0,1,0,293,green,10811,T2C
98,0,1,0,293,green,10811,T2C
99,0,1,0,293,green,10811,T2C
100,0,1,0,293,green,10811,T2C
101,0,1,0,293,green,10811,T2C
102,0,1,0,293,green,10811,T2C
103,0,1,0,293,green,10811,T2C
104,0,1,0,293,green,10811,T2C
105,0,1,0,293,green,10811,T2C
106,0,1,0,293,green,10811,T2C
107,0,1,0,293,green,10811,T2C
108,0,1,0,293,green,10811,T2C
109,0,1,0,293,green,10811,T2C
110,0,1,0,293,green,10811,T2C
111,0,1,0,293,green,10811,T2C
112,0,1,0,293,green,10811,T2C
113,0,1,0,293,green,10811,T2C
114,0,1,0,293,green,10811,T2C
115,0,1,0,293,green,10811,T2C
116,0,1,0,293,green,10811,T2C
117,0,1,0,293,green,10811,T2C
118,0,1,0,293,green,10811,T2C
119,0,1,0,293,green,10811,T2C
120,0,1,0,293,green,10811,T2C
121,0,1,0,293,green,10811,T2C
122,0,1,0,293,green,10811,T2C
123,0,1,0,293,green,10811,T2C
124,0,1,0,293,green,10811,T2C
125,0,1,0,293,green,10811,T2C
126,0,1,0,293,green,10811,T2C
127,0,1,0,293,green,10811,T2C
128,0,1,0,293,green,10811,T2C
129,0,1,0,293,green,10811,T2C
130,0,1,0,293,green,10811,T2C
131,0,1,0,293,green,10811,T2C
132,0,1,0,293,green,10811,T2C
133,0,1,0,293,green,10811,T2C
134,0,1,0,293,green,10811,T2C
135,0,1,0,293,green,10811,T2C
136,0,1,0,293,green,10811,T2C
137,0,1,0,293,green,10811,T2C
138,0,1,0,293,green,10811,T2C
139,0,1,0,293,green,10811,T2C
140,0,1,0,293,green,10811,T2C
141,0,1,0,293,green,10811,T2C
142,0,1,0,293,green,10811,T2C
143,0,1,0,293,green,10811,T2C
144,0,1,0,293,green,10811,T2C
145,0,1,0,293,green,10811,T2C
146,0,1,0,293,green,10811,T2C
147,0,1,0,293,green,10811,T2C
148,0,1,0,293,green,10811,T2C
149,0,1,0,293,green,10811,T2C
150,0,1,0,293,green,10811,T2C
151,0,1,0,293,green,10811,T2C
152,0,1,0,293,green,10811,T2C
153,0,1,0,293,green,10811,T2C
154,0,1,0,293,green,10811,T2C
155,0,1,0,293,green,10811,T2C
156,0,1,0,293,green,10811,T2C
157,0,1,0,293,green,10811,T2C
158,0,1,0,293,green,10811,T2C
159,0,1,0,293,green,10811,T2C
160,0,1,0,293,green,10811,T2C
161,0,1,0,293,green,10811,T2C
162,0,1,0,293,green,10811,T2C
163,0,1,0,293,green,10811,T2C
164,0,1,0,293,green,10811,T2C
165,0,1,0,293,green,10811,T2C
166,0,1,0,293,green,10811,T2C
167,0,1,0,293,green,10811,T2C
168,0,1,0,293,green,10811,T2C
169,0,1,0,293,green,10811,T2C
170,0,1,0,293,green,10811,T2C
171,0,1,0,293,green,10811,T2C
172,0,1,0,293,green,10811,T2C
173,0,1,0,293,green,10811,T2C
174,0,1,0,293,green,10811,T2C
175,0,1,0,293,green,10811,T2C
176,0,1,0,293,green,10811,T2C
177,0,1,0,293,green,10811,T2C
178,0,1,0,293,green,10811,T2C
179,0,1,0,293,green,10811,T2C
180,0,1,0,293,green,10811,T2C
181,0,1,0,293,green,10811,T2C
182,0,1,0,293,green,10811,T2C
183,0,1,0,293,green,10811,T2C
184,0,1,0,293,green,10811,T2C
185,0,1,0,293,green,10811,T2C
186,0,1,0,293,green,10811,T2C
187,0,1,0,293,green,10811,T2C
188,0,1,0,293,green,10811,T2C
189,0,1,0,293,green,10811,T2C
190,0,1,0,293,green,10811,T2C
191,0,1,0,293,green,10811,T2C
192,0,1,0,293,green,10811,T2C
193,0,1,0,293,green,10811,T2C
194,0,1,0,293,green,10811,T2C
195,0,1,0,293,green,10811,T2C
196,0,1,0,293,green,10811,T2C
197,0,1,0,293,green,10811,T2C
0,0,0,1,294,green,9992,T2C
1,0,0,1,294,green,9992,T2C
2,0,0,1,294,green,9992,T2C
3,0,0,1,294,green,9992,T2C
4,0,0,1,294,green,9992,T2C
5,0,0,1,294,green,9992,T2C
6,0,0,1,294,green,9992,T2C
7,0,0,1,294,green,9992,T2C
8,0,0,1,294,green,9992,T2C
9,0,0,1,294,green,9992,T2C
10,0,0,1,294,green,9992,T2C
11,0,0,1,294,green,9992,T2C
12,0,0,1,294,green,9992,T2C
13,0,0,1,294,green,9992,T2C
14,0,0,1,294,green,9992,T2C
15,0,0,1,294,green,9992,T2C
16,0,0,1,294,green,9992,T2C
17,0,0,1,294,green,9992,T2C
18,0,0,1,294,green,9992,T2C
19,0,0,1,294,green,9992,T2C
20,0,0,1,294,green,9992,T2C
21,0,0,1,294,green,9992,T2C
22,0,0,1,294,green,9992,T2C
23,0,0,1,294,green,9992,T2C
24,0,0,1,294,green,9992,T2C
25,0,0,1,294,green,9992,T2C
26,0,0,1,294,green,9992,T2C
27,0,0,1,294,green,9992,T2C
28,0,0,1,294,green,9992,T2C
29,0,0,1,294,green,9992,T2C
30,0,0,1,294,green,9992,T2C
31,0,0,1,294,green,9992,T2C
32,0,0,1,294,green,9992,T2C
33,0,0,1,294,green,9992,T2C
34,0,0,1,294,green,9992,T2C
35,0,0,1,294,green,9992,T2C
36,0,0,1,294,green,9992,T2C
37,0,0,1,294,green,9992,T2C
38,0,0,1,294,green,9992,T2C
39,0,0,1,294,green,9992,T2C
40,0,0,1,294,green,9992,T2C
41,0,0,1,294,green,9992,T2C
42,0,0,1,294,green,9992,T2C
43,0,0,1,294,green,9992,T2C
44,0,0,1,294,green,9992,T2C
45,0,0,1,294,green,9992,T2C
46,0,0,1,294,green,9992,T2C
47,0,0,1,294,green,9992,T2C
48,0,0,1,294,green,9992,T2C
49,0,0,1,294,green,9992,T2C
50,0,0,1,294,green,9992,T2C
51,0,0,1,294,green,9992,T2C
52,0,0,1,294,green,9992,T2C
53,0,0,1,294,green,9992,T2C
54,0,0,1,294,green,9992,T2C
55,0,0,1,294,green,9992,T2C
56,0,0,1,294,green,9992,T2C
57,0,0,1,294,green,9992,T2C
58,0,0,1,294,green,9992,T2C
59,0,0,1,294,green,9992,T2C
60,0,0,1,294,green,9992,T2C
61,0,0,1,294,green,9992,T2C
62,0,0,1,294,green,9992,T2C
63,0,0,1,294,green,9992,T2C
64,0,0,1,294,green,9992,T2C
65,0,0,1,294,green,9992,T2C
66,0,0,1,294,green,9992,T2C
67,0,0,1,294,green,9992,T2C
68,0,0,1,294,green,9992,T2C
69,0,0,1,294,green,9992,T2C
70,0,0,1,294,green,9992,T2C
71,0,0,1,294,green,9992,T2C
72,0,0,1,294,green,9992,T2C
73,0,0,1,294,green,9992,T2C
74,0,1,0,294,green,9992,T2C
75,0,1,0,294,green,9992,T2C
76,0,1,0,294,green,9992,T2C
77,0,1,0,294,green,9992,T2C
78,0,1,0,294,green,9992,T2C
79,0,1,0,294,green,9992,T2C
80,0,1,0,294,green,9992,T2C
81,0,1,0,294,green,9992,T2C
82,0,1,0,294,green,9992,T2C
83,0,1,0,294,green,9992,T2C
84,0,1,0,294,green,9992,T2C
85,0,1,0,294,green,9992,T2C
86,0,1,0,294,green,9992,T2C
87,0,1,0,294,green,9992,T2C
88,0,1,0,294,green,9992,T2C
89,0,1,0,294,green,9992,T2C
90,0,1,0,294,green,9992,T2C
91,0,1,0,294,green,9992,T2C
92,0,1,0,294,green,9992,T2C
93,0,1,0,294,green,9992,T2C
94,0,1,0,294,green,9992,T2C
95,0,1,0,294,green,9992,T2C
96,0,1,0,294,green,9992,T2C
97,0,1,0,294,green,9992,T2C
98,0,1,0,294,green,9992,T2C
99,0,1,0,294,green,9992,T2C
100,0,1,0,294,green,9992,T2C
101,0,1,0,294,green,9992,T2C
102,0,1,0,294,green,9992,T2C
103,0,1,0,294,green,9992,T2C
104,0,1,0,294,green,9992,T2C
105,0,1,0,294,green,9992,T2C
106,0,1,0,294,green,9992,T2C
107,0,1,0,294,green,9992,T2C
108,0,1,0,294,green,9992,T2C
109,0,1,0,294,green,9992,T2C
110,0,1,0,294,green,9992,T2C
111,0,1,0,294,green,9992,T2C
112,0,1,0,294,green,9992,T2C
113,0,1,0,294,green,9992,T2C
114,0,1,0,294,green,9992,T2C
115,0,1,0,294,green,9992,T2C
116,0,1,0,294,green,9992,T2C
117,0,1,0,294,green,9992,T2C
118,0,1,0,294,green,9992,T2C
119,0,1,0,294,green,9992,T2C
120,0,1,0,294,green,9992,T2C
121,0,1,0,294,green,9992,T2C
122,0,1,0,294,green,9992,T2C
123,0,1,0,294,green,9992,T2C
124,0,1,0,294,green,9992,T2C
125,0,1,0,294,green,9992,T2C
126,0,1,0,294,green,9992,T2C
127,0,1,0,294,green,9992,T2C
128,0,1,0,294,green,9992,T2C
129,0,1,0,294,green,9992,T2C
130,0,1,0,294,green,9992,T2C
131,0,1,0,294,green,9992,T2C
132,0,1,0,294,green,9992,T2C
133,0,1,0,294,green,9992,T2C
134,0,1,0,294,green,9992,T2C
135,0,1,0,294,green,9992,T2C
136,0,1,0,294,green,9992,T2C
137,0,1,0,294,green,9992,T2C
138,0,1,0,294,green,9992,T2C
139,0,1,0,294,green,9992,T2C
140,0,1,0,294,green,9992,T2C
141,0,1,0,294,green,9992,T2C
142,0,1,0,294,green,9992,T2C
143,0,1,0,294,green,9992,T2C
144,0,1,0,294,green,9992,T2C
145,0,1,0,294,green,9992,T2C
146,0,1,0,294,green,9992,T2C
147,0,1,0,294,green,9992,T2C
148,0,1,0,294,green,9992,T2C
149,0,1,0,294,green,9992,T2C
150,0,1,0,294,green,9992,T2C
151,0,1,0,294,green,9992,T2C
152,0,1,0,294,green,9992,T2C
153,0,1,0,294,green,9992,T2C
154,0,1,0,294,green,9992,T2C
155,0,1,0,294,green,9992,T2C
156,0,1,0,294,green,9992,T2C
157,0,1,0,294,green,9992,T2C
158,0,1,0,294,green,9992,T2C
159,0,1,0,294,green,9992,T2C
160,0,1,0,294,green,9992,T2C
161,0,1,0,294,green,9992,T2C
162,0,1,0,294,green,9992,T2C
163,0,1,0,294,green,9992,T2C
164,0,1,0,294,green,9992,T2C
165,0,1,0,294,green,9992,T2C
166,0,1,0,294,green,9992,T2C
167,0,1,0,294,green,9992,T2C
168,0,1,0,294,green,9992,T2C
169,0,1,0,294,green,9992,T2C
170,0,1,0,294,green,9992,T2C
171,0,1,0,294,green,9992,T2C
172,0,1,0,294,green,9992,T2C
173,0,1,0,294,green,9992,T2C
174,0,1,0,294,green,9992,T2C
175,0,1,0,294,green,9992,T2C
176,0,1,0,294,green,9992,T2C
177,0,1,0,294,green,9992,T2C
178,0,1,0,294,green,9992,T2C
179,0,1,0,294,green,9992,T2C
180,0,1,0,294,green,9992,T2C
181,0,1,0,294,green,9992,T2C
182,0,1,0,294,green,9992,T2C
183,0,1,0,294,green,9992,T2C
184,0,1,0,294,green,9992,T2C
185,0,1,0,294,green,9992,T2C
186,0,1,0,294,green,9992,T2C
187,0,1,0,294,green,9992,T2C
188,0,1,0,294,green,9992,T2C
189,0,1,0,294,green,9992,T2C
190,0,1,0,294,green,9992,T2C
191,0,1,0,294,green,9992,T2C
192,0,1,0,294,green,9992,T2C
193,0,1,0,294,green,9992,T2C
194,0,1,0,294,green,9992,T2C
195,0,1,0,294,green,9992,T2C
196,0,1,0,294,green,9992,T2C
197,0,1,0,294,green,9992,T2C
0,0,0,1,296,green,10767,T2C
1,0,0,1,296,green,10767,T2C
2,0,0,1,296,green,10767,T2C
3,0,0,1,296,green,10767,T2C
4,0,0,1,296,green,10767,T2C
5,0,0,1,296,green,10767,T2C
6,0,0,1,296,green,10767,T2C
7,0,0,1,296,green,10767,T2C
8,0,0,1,296,green,10767,T2C
9,0,0,1,296,green,10767,T2C
10,0,0,1,296,green,10767,T2C
11,0,0,1,296,green,10767,T2C
12,0,0,1,296,green,10767,T2C
13,0,0,1,296,green,10767,T2C
14,0,0,1,296,green,10767,T2C
15,0,0,1,296,green,10767,T2C
16,0,0,1,296,green,10767,T2C
17,0,0,1,296,green,10767,T2C
18,0,0,1,296,green,10767,T2C
19,0,0,1,296,green,10767,T2C
20,0,0,1,296,green,10767,T2C
21,0,0,1,296,green,10767,T2C
22,0,0,1,296,green,10767,T2C
23,0,0,1,296,green,10767,T2C
24,0,0,1,296,green,10767,T2C
25,0,0,1,296,green,10767,T2C
26,0,0,1,296,green,10767,T2C
27,0,0,1,296,green,10767,T2C
28,0,1,0,296,green,10767,T2C
29,0,1,0,296,green,10767,T2C
30,0,1,0,296,green,10767,T2C
31,0,1,0,296,green,10767,T2C
32,0,1,0,296,green,10767,T2C
33,0,1,0,296,green,10767,T2C
34,0,1,0,296,green,10767,T2C
35,0,1,0,296,green,10767,T2C
36,0,1,0,296,green,10767,T2C
37,0,1,0,296,green,10767,T2C
38,0,1,0,296,green,10767,T2C
39,0,1,0,296,green,10767,T2C
40,0,1,0,296,green,10767,T2C
41,0,1,0,296,green,10767,T2C
42,0,1,0,296,green,10767,T2C
43,0,1,0,296,green,10767,T2C
44,0,1,0,296,green,10767,T2C
45,0,1,0,296,green,10767,T2C
46,0,1,0,296,green,10767,T2C
47,0,1,0,296,green,10767,T2C
48,0,1,0,296,green,10767,T2C
49,0,1,0,296,green,10767,T2C
50,0,1,0,296,green,10767,T2C
51,0,1,0,296,green,10767,T2C
52,0,1,0,296,green,10767,T2C
53,0,1,0,296,green,10767,T2C
54,0,1,0,296,green,10767,T2C
55,0,1,0,296,green,10767,T2C
56,0,1,0,296,green,10767,T2C
57,0,1,0,296,green,10767,T2C
58,0,1,0,296,green,10767,T2C
59,0,1,0,296,green,10767,T2C
60,0,1,0,296,green,10767,T2C
61,0,1,0,296,green,10767,T2C
62,0,1,0,296,green,10767,T2C
63,0,1,0,296,green,10767,T2C
64,0,1,0,296,green,10767,T2C
65,0,1,0,296,green,10767,T2C
66,0,1,0,296,green,10767,T2C
67,0,1,0,296,green,10767,T2C
68,0,1,0,296,green,10767,T2C
69,0,1,0,296,green,10767,T2C
70,0,1,0,296,green,10767,T2C
71,0,1,0,296,green,10767,T2C
72,1,0,0,296,green,10767,T2C
73,1,0,0,296,green,10767,T2C
74,1,0,0,296,green,10767,T2C
75,1,0,0,296,green,10767,T2C
76,1,0,0,296,green,10767,T2C
77,1,0,0,296,green,10767,T2C
78,1,0,0,296,green,10767,T2C
79,1,0,0,296,green,10767,T2C
80,1,0,0,296,green,10767,T2C
81,1,0,0,296,green,10767,T2C
82,1,0,0,296,green,10767,T2C
83,1,0,0,296,green,10767,T2C
84,1,0,0,296,green,10767,T2C
85,1,0,0,296,green,10767,T2C
86,1,0,0,296,green,10767,T2C
87,1,0,0,296,green,10767,T2C
88,1,0,0,296,green,10767,T2C
89,1,0,0,296,green,10767,T2C
90,1,0,0,296,green,10767,T2C
91,1,0,0,296,green,10767,T2C
92,1,0,0,296,green,10767,T2C
93,1,0,0,296,green,10767,T2C
94,1,0,0,296,green,10767,T2C
95,1,0,0,296,green,10767,T2C
96,1,0,0,296,green,10767,T2C
97,1,0,0,296,green,10767,T2C
98,1,0,0,296,green,10767,T2C
99,1,0,0,296,green,10767,T2C
100,1,0,0,296,green,10767,T2C
101,1,0,0,296,green,10767,T2C
102,1,0,0,296,green,10767,T2C
103,1,0,0,296,green,10767,T2C
104,1,0,0,296,green,10767,T2C
105,1,0,0,296,green,10767,T2C
106,1,0,0,296,green,10767,T2C
107,1,0,0,296,green,10767,T2C
108,1,0,0,296,green,10767,T2C
109,1,0,0,296,green,10767,T2C
110,1,0,0,296,green,10767,T2C
111,1,0,0,296,green,10767,T2C
112,1,0,0,296,green,10767,T2C
113,1,0,0,296,green,10767,T2C
114,1,0,0,296,green,10767,T2C
115,1,0,0,296,green,10767,T2C
116,1,0,0,296,green,10767,T2C
117,1,0,0,296,green,10767,T2C
118,1,0,0,296,green,10767,T2C
119,1,0,0,296,green,10767,T2C
120,1,0,0,296,green,10767,T2C
121,1,0,0,296,green,10767,T2C
122,1,0,0,296,green,10767,T2C
123,1,0,0,296,green,10767,T2C
124,1,0,0,296,green,10767,T2C
125,1,0,0,296,green,10767,T2C
126,1,0,0,296,green,10767,T2C
127,1,0,0,296,green,10767,T2C
128,1,0,0,296,green,10767,T2C
129,1,0,0,296,green,10767,T2C
130,1,0,0,296,green,10767,T2C
131,1,0,0,296,green,10767,T2C
132,1,0,0,296,green,10767,T2C
133,1,0,0,296,green,10767,T2C
134,1,0,0,296,green,10767,T2C
135,1,0,0,296,green,10767,T2C
136,1,0,0,296,green,10767,T2C
137,1,0,0,296,green,10767,T2C
138,1,0,0,296,green,10767,T2C
139,1,0,0,296,green,10767,T2C
140,1,0,0,296,green,10767,T2C
141,1,0,0,296,green,10767,T2C
142,1,0,0,296,green,10767,T2C
143,1,0,0,296,green,10767,T2C
144,1,0,0,296,green,10767,T2C
145,1,0,0,296,green,10767,T2C
146,1,0,0,296,green,10767,T2C
147,1,0,0,296,green,10767,T2C
148,1,0,0,296,green,10767,T2C
149,1,0,0,296,green,10767,T2C
150,1,0,0,296,green,10767,T2C
151,1,0,0,296,green,10767,T2C
152,1,0,0,296,green,10767,T2C
153,1,0,0,296,green,10767,T2C
154,1,0,0,296,green,10767,T2C
155,1,0,0,296,green,10767,T2C
156,1,0,0,296,green,10767,T2C
157,1,0,0,296,green,10767,T2C
158,1,0,0,296,green,10767,T2C
159,1,0,0,296,green,10767,T2C
160,1,0,0,296,green,10767,T2C
161,1,0,0,296,green,10767,T2C
162,1,0,0,296,green,10767,T2C
163,1,0,0,296,green,10767,T2C
164,1,0,0,296,green,10767,T2C
165,1,0,0,296,green,10767,T2C
166,1,0,0,296,green,10767,T2C
167,1,0,0,296,green,10767,T2C
168,1,0,0,296,green,10767,T2C
169,0,0,1,296,green,10767,T2C
170,0,1,0,296,green,10767,T2C
171,0,1,0,296,green,10767,T2C
172,0,1,0,296,green,10767,T2C
173,0,1,0,296,green,10767,T2C
174,0,1,0,296,green,10767,T2C
175,0,1,0,296,green,10767,T2C
176,0,1,0,296,green,10767,T2C
177,0,1,0,296,green,10767,T2C
178,0,1,0,296,green,10767,T2C
179,0,1,0,296,green,10767,T2C
180,0,1,0,296,green,10767,T2C
181,0,1,0,296,green,10767,T2C
182,0,1,0,296,green,10767,T2C
183,0,1,0,296,green,10767,T2C
184,0,1,0,296,green,10767,T2C
185,0,1,0,296,green,10767,T2C
186,0,1,0,296,green,10767,T2C
187,0,1,0,296,green,10767,T2C
188,0,1,0,296,green,10767,T2C
189,0,1,0,296,green,10767,T2C
190,0,1,0,296,green,10767,T2C
191,0,1,0,296,green,10767,T2C
192,0,1,0,296,green,10767,T2C
193,0,1,0,296,green,10767,T2C
194,0,1,0,296,green,10767,T2C
195,0,1,0,296,green,10767,T2C
196,0,1,0,296,green,10767,T2C
197,0,1,0,296,green,10767,T2C
0,0,0,1,297,green,10803,T2C
1,0,0,1,297,green,10803,T2C
2,0,0,1,297,green,10803,T2C
3,0,0,1,297,green,10803,T2C
4,0,0,1,297,green,10803,T2C
5,0,0,1,297,green,10803,T2C
6,0,0,1,297,green,10803,T2C
7,0,0,1,297,green,10803,T2C
8,0,0,1,297,green,10803,T2C
9,0,0,1,297,green,10803,T2C
10,0,0,1,297,green,10803,T2C
11,0,0,1,297,green,10803,T2C
12,0,0,1,297,green,10803,T2C
13,0,0,1,297,green,10803,T2C
14,0,0,1,297,green,10803,T2C
15,0,0,1,297,green,10803,T2C
16,0,0,1,297,green,10803,T2C
17,0,0,1,297,green,10803,T2C
18,0,0,1,297,green,10803,T2C
19,0,0,1,297,green,10803,T2C
20,0,0,1,297,green,10803,T2C
21,0,0,1,297,green,10803,T2C
22,0,0,1,297,green,10803,T2C
23,0,0,1,297,green,10803,T2C
24,0,0,1,297,green,10803,T2C
25,0,0,1,297,green,10803,T2C
26,0,0,1,297,green,10803,T2C
27,0,0,1,297,green,10803,T2C
28,0,0,1,297,green,10803,T2C
29,0,0,1,297,green,10803,T2C
30,0,0,1,297,green,10803,T2C
31,0,0,1,297,green,10803,T2C
32,0,0,1,297,green,10803,T2C
33,0,0,1,297,green,10803,T2C
34,0,0,1,297,green,10803,T2C
35,0,0,1,297,green,10803,T2C
36,0,0,1,297,green,10803,T2C
37,0,0,1,297,green,10803,T2C
38,0,0,1,297,green,10803,T2C
39,0,0,1,297,green,10803,T2C
40,0,0,1,297,green,10803,T2C
41,0,0,1,297,green,10803,T2C
42,0,0,1,297,green,10803,T2C
43,0,0,1,297,green,10803,T2C
44,0,0,1,297,green,10803,T2C
45,0,0,1,297,green,10803,T2C
46,0,0,1,297,green,10803,T2C
47,0,0,1,297,green,10803,T2C
48,0,0,1,297,green,10803,T2C
49,0,0,1,297,green,10803,T2C
50,0,0,1,297,green,10803,T2C
51,0,0,1,297,green,10803,T2C
52,0,0,1,297,green,10803,T2C
53,0,0,1,297,green,10803,T2C
54,0,0,1,297,green,10803,T2C
55,0,0,1,297,green,10803,T2C
56,0,0,1,297,green,10803,T2C
57,0,0,1,297,green,10803,T2C
58,1,0,0,297,green,10803,T2C
59,1,0,0,297,green,10803,T2C
60,1,0,0,297,green,10803,T2C
61,1,0,0,297,green,10803,T2C
62,1,0,0,297,green,10803,T2C
63,1,0,0,297,green,10803,T2C
64,1,0,0,297,green,10803,T2C
65,1,0,0,297,green,10803,T2C
66,1,0,0,297,green,10803,T2C
67,1,0,0,297,green,10803,T2C
68,1,0,0,297,green,10803,T2C
69,1,0,0,297,green,10803,T2C
70,1,0,0,297,green,10803,T2C
71,1,0,0,297,green,10803,T2C
72,1,0,0,297,green,10803,T2C
73,1,0,0,297,green,10803,T2C
74,1,0,0,297,green,10803,T2C
75,1,0,0,297,green,10803,T2C
76,1,0,0,297,green,10803,T2C
77,1,0,0,297,green,10803,T2C
78,1,0,0,297,green,10803,T2C
79,1,0,0,297,green,10803,T2C
80,1,0,0,297,green,10803,T2C
81,1,0,0,297,green,10803,T2C
82,1,0,0,297,green,10803,T2C
83,0,0,1,297,green,10803,T2C
84,0,0,1,297,green,10803,T2C
85,0,0,1,297,green,10803,T2C
86,0,0,1,297,green,10803,T2C
87,0,0,1,297,green,10803,T2C
88,0,0,1,297,green,10803,T2C
89,0,0,1,297,green,10803,T2C
90,0,0,1,297,green,10803,T2C
91,0,0,1,297,green,10803,T2C
92,0,0,1,297,green,10803,T2C
93,0,0,1,297,green,10803,T2C
94,0,0,1,297,green,10803,T2C
95,0,0,1,297,green,10803,T2C
96,0,0,1,297,green,10803,T2C
97,0,0,1,297,green,10803,T2C
98,0,0,1,297,green,10803,T2C
99,0,0,1,297,green,10803,T2C
100,1,0,0,297,green,10803,T2C
101,1,0,0,297,green,10803,T2C
102,1,0,0,297,green,10803,T2C
103,1,0,0,297,green,10803,T2C
104,1,0,0,297,green,10803,T2C
105,1,0,0,297,green,10803,T2C
106,1,0,0,297,green,10803,T2C
107,1,0,0,297,green,10803,T2C
108,1,0,0,297,green,10803,T2C
109,1,0,0,297,green,10803,T2C
110,1,0,0,297,green,10803,T2C
111,1,0,0,297,green,10803,T2C
112,1,0,0,297,green,10803,T2C
113,1,0,0,297,green,10803,T2C
114,1,0,0,297,green,10803,T2C
115,1,0,0,297,green,10803,T2C
116,1,0,0,297,green,10803,T2C
117,1,0,0,297,green,10803,T2C
118,1,0,0,297,green,10803,T2C
119,1,0,0,297,green,10803,T2C
120,1,0,0,297,green,10803,T2C
121,1,0,0,297,green,10803,T2C
122,1,0,0,297,green,10803,T2C
123,1,0,0,297,green,10803,T2C
124,1,0,0,297,green,10803,T2C
125,1,0,0,297,green,10803,T2C
126,1,0,0,297,green,10803,T2C
127,1,0,0,297,green,10803,T2C
128,1,0,0,297,green,10803,T2C
129,1,0,0,297,green,10803,T2C
130,1,0,0,297,green,10803,T2C
131,1,0,0,297,green,10803,T2C
132,1,0,0,297,green,10803,T2C
133,1,0,0,297,green,10803,T2C
134,1,0,0,297,green,10803,T2C
135,1,0,0,297,green,10803,T2C
136,1,0,0,297,green,10803,T2C
137,1,0,0,297,green,10803,T2C
138,1,0,0,297,green,10803,T2C
139,1,0,0,297,green,10803,T2C
140,1,0,0,297,green,10803,T2C
141,1,0,0,297,green,10803,T2C
142,1,0,0,297,green,10803,T2C
143,1,0,0,297,green,10803,T2C
144,1,0,0,297,green,10803,T2C
145,1,0,0,297,green,10803,T2C
146,1,0,0,297,green,10803,T2C
147,1,0,0,297,green,10803,T2C
148,1,0,0,297,green,10803,T2C
149,1,0,0,297,green,10803,T2C
150,1,0,0,297,green,10803,T2C
151,1,0,0,297,green,10803,T2C
152,1,0,0,297,green,10803,T2C
153,1,0,0,297,green,10803,T2C
154,1,0,0,297,green,10803,T2C
155,1,0,0,297,green,10803,T2C
156,1,0,0,297,green,10803,T2C
157,1,0,0,297,green,10803,T2C
158,1,0,0,297,green,10803,T2C
159,1,0,0,297,green,10803,T2C
160,1,0,0,297,green,10803,T2C
161,1,0,0,297,green,10803,T2C
162,1,0,0,297,green,10803,T2C
163,1,0,0,297,green,10803,T2C
164,1,0,0,297,green,10803,T2C
165,1,0,0,297,green,10803,T2C
166,1,0,0,297,green,10803,T2C
167,1,0,0,297,green,10803,T2C
168,1,0,0,297,green,10803,T2C
169,1,0,0,297,green,10803,T2C
170,0,1,0,297,green,10803,T2C
171,0,1,0,297,green,10803,T2C
172,0,1,0,297,green,10803,T2C
173,0,1,0,297,green,10803,T2C
174,0,1,0,297,green,10803,T2C
175,0,1,0,297,green,10803,T2C
176,0,1,0,297,green,10803,T2C
177,0,1,0,297,green,10803,T2C
178,0,1,0,297,green,10803,T2C
179,0,1,0,297,green,10803,T2C
180,0,1,0,297,green,10803,T2C
181,0,1,0,297,green,10803,T2C
182,0,1,0,297,green,10803,T2C
183,0,1,0,297,green,10803,T2C
184,0,1,0,297,green,10803,T2C
185,0,1,0,297,green,10803,T2C
186,0,1,0,297,green,10803,T2C
187,0,1,0,297,green,10803,T2C
188,0,1,0,297,green,10803,T2C
189,0,1,0,297,green,10803,T2C
190,0,1,0,297,green,10803,T2C
191,0,1,0,297,green,10803,T2C
192,0,1,0,297,green,10803,T2C
193,0,1,0,297,green,10803,T2C
194,0,1,0,297,green,10803,T2C
195,0,1,0,297,green,10803,T2C
196,0,1,0,297,green,10803,T2C
197,0,1,0,297,green,10803,T2C
0,0,0,1,298,green,10723,T2C
1,0,0,1,298,green,10723,T2C
2,0,0,1,298,green,10723,T2C
3,0,0,1,298,green,10723,T2C
4,0,0,1,298,green,10723,T2C
5,0,0,1,298,green,10723,T2C
6,0,0,1,298,green,10723,T2C
7,0,0,1,298,green,10723,T2C
8,0,0,1,298,green,10723,T2C
9,0,0,1,298,green,10723,T2C
10,0,0,1,298,green,10723,T2C
11,0,0,1,298,green,10723,T2C
12,0,0,1,298,green,10723,T2C
13,0,0,1,298,green,10723,T2C
14,0,0,1,298,green,10723,T2C
15,0,0,1,298,green,10723,T2C
16,0,0,1,298,green,10723,T2C
17,0,0,1,298,green,10723,T2C
18,0,0,1,298,green,10723,T2C
19,0,0,1,298,green,10723,T2C
20,0,0,1,298,green,10723,T2C
21,0,0,1,298,green,10723,T2C
22,0,0,1,298,green,10723,T2C
23,0,0,1,298,green,10723,T2C
24,0,0,1,298,green,10723,T2C
25,0,0,1,298,green,10723,T2C
26,0,0,1,298,green,10723,T2C
27,0,0,1,298,green,10723,T2C
28,0,0,1,298,green,10723,T2C
29,0,0,1,298,green,10723,T2C
30,0,0,1,298,green,10723,T2C
31,0,0,1,298,green,10723,T2C
32,0,0,1,298,green,10723,T2C
33,0,0,1,298,green,10723,T2C
34,0,1,0,298,green,10723,T2C
35,0,1,0,298,green,10723,T2C
36,0,1,0,298,green,10723,T2C
37,0,1,0,298,green,10723,T2C
38,0,1,0,298,green,10723,T2C
39,0,1,0,298,green,10723,T2C
40,0,1,0,298,green,10723,T2C
41,0,1,0,298,green,10723,T2C
42,0,1,0,298,green,10723,T2C
43,0,1,0,298,green,10723,T2C
44,0,1,0,298,green,10723,T2C
45,0,1,0,298,green,10723,T2C
46,0,1,0,298,green,10723,T2C
47,0,1,0,298,green,10723,T2C
48,0,1,0,298,green,10723,T2C
49,0,1,0,298,green,10723,T2C
50,0,1,0,298,green,10723,T2C
51,0,1,0,298,green,10723,T2C
52,0,1,0,298,green,10723,T2C
53,0,1,0,298,green,10723,T2C
54,0,1,0,298,green,10723,T2C
55,0,1,0,298,green,10723,T2C
56,0,1,0,298,green,10723,T2C
57,0,1,0,298,green,10723,T2C
58,0,1,0,298,green,10723,T2C
59,0,1,0,298,green,10723,T2C
60,0,1,0,298,green,10723,T2C
61,0,1,0,298,green,10723,T2C
62,0,1,0,298,green,10723,T2C
63,0,1,0,298,green,10723,T2C
64,0,1,0,298,green,10723,T2C
65,0,1,0,298,green,10723,T2C
66,0,1,0,298,green,10723,T2C
67,0,1,0,298,green,10723,T2C
68,0,1,0,298,green,10723,T2C
69,0,1,0,298,green,10723,T2C
70,0,1,0,298,green,10723,T2C
71,0,1,0,298,green,10723,T2C
72,0,1,0,298,green,10723,T2C
73,0,1,0,298,green,10723,T2C
74,0,1,0,298,green,10723,T2C
75,0,1,0,298,green,10723,T2C
76,0,1,0,298,green,10723,T2C
77,0,1,0,298,green,10723,T2C
78,0,1,0,298,green,10723,T2C
79,0,1,0,298,green,10723,T2C
80,0,1,0,298,green,10723,T2C
81,0,1,0,298,green,10723,T2C
82,0,1,0,298,green,10723,T2C
83,0,1,0,298,green,10723,T2C
84,0,1,0,298,green,10723,T2C
85,0,1,0,298,green,10723,T2C
86,0,1,0,298,green,10723,T2C
87,0,1,0,298,green,10723,T2C
88,0,1,0,298,green,10723,T2C
89,0,1,0,298,green,10723,T2C
90,0,1,0,298,green,10723,T2C
91,0,1,0,298,green,10723,T2C
92,0,1,0,298,green,10723,T2C
93,0,1,0,298,green,10723,T2C
94,0,1,0,298,green,10723,T2C
95,0,1,0,298,green,10723,T2C
96,0,1,0,298,green,10723,T2C
97,0,1,0,298,green,10723,T2C
98,0,1,0,298,green,10723,T2C
99,0,1,0,298,green,10723,T2C
100,0,1,0,298,green,10723,T2C
101,0,1,0,298,green,10723,T2C
102,0,1,0,298,green,10723,T2C
103,0,1,0,298,green,10723,T2C
104,0,1,0,298,green,10723,T2C
105,0,1,0,298,green,10723,T2C
106,0,1,0,298,green,10723,T2C
107,0,1,0,298,green,10723,T2C
108,0,1,0,298,green,10723,T2C
109,0,1,0,298,green,10723,T2C
110,0,1,0,298,green,10723,T2C
111,0,1,0,298,green,10723,T2C
112,0,1,0,298,green,10723,T2C
113,0,1,0,298,green,10723,T2C
114,0,1,0,298,green,10723,T2C
115,0,1,0,298,green,10723,T2C
116,0,1,0,298,green,10723,T2C
117,0,1,0,298,green,10723,T2C
118,0,1,0,298,green,10723,T2C
119,0,1,0,298,green,10723,T2C
120,0,1,0,298,green,10723,T2C
121,0,1,0,298,green,10723,T2C
122,0,1,0,298,green,10723,T2C
123,0,1,0,298,green,10723,T2C
124,0,1,0,298,green,10723,T2C
125,0,1,0,298,green,10723,T2C
126,0,1,0,298,green,10723,T2C
127,0,1,0,298,green,10723,T2C
128,0,1,0,298,green,10723,T2C
129,0,1,0,298,green,10723,T2C
130,0,1,0,298,green,10723,T2C
131,0,1,0,298,green,10723,T2C
132,0,1,0,298,green,10723,T2C
133,0,1,0,298,green,10723,T2C
134,0,1,0,298,green,10723,T2C
135,0,1,0,298,green,10723,T2C
136,0,1,0,298,green,10723,T2C
137,0,1,0,298,green,10723,T2C
138,0,1,0,298,green,10723,T2C
139,0,1,0,298,green,10723,T2C
140,0,1,0,298,green,10723,T2C
141,0,1,0,298,green,10723,T2C
142,0,1,0,298,green,10723,T2C
143,0,1,0,298,green,10723,T2C
144,0,1,0,298,green,10723,T2C
145,0,1,0,298,green,10723,T2C
146,0,1,0,298,green,10723,T2C
147,0,1,0,298,green,10723,T2C
148,0,1,0,298,green,10723,T2C
149,0,1,0,298,green,10723,T2C
150,0,1,0,298,green,10723,T2C
151,0,1,0,298,green,10723,T2C
152,0,1,0,298,green,10723,T2C
153,0,1,0,298,green,10723,T2C
154,0,1,0,298,green,10723,T2C
155,0,1,0,298,green,10723,T2C
156,0,1,0,298,green,10723,T2C
157,0,1,0,298,green,10723,T2C
158,0,1,0,298,green,10723,T2C
159,0,1,0,298,green,10723,T2C
160,0,1,0,298,green,10723,T2C
161,0,1,0,298,green,10723,T2C
162,0,1,0,298,green,10723,T2C
163,0,1,0,298,green,10723,T2C
164,0,1,0,298,green,10723,T2C
165,0,1,0,298,green,10723,T2C
166,0,1,0,298,green,10723,T2C
167,0,1,0,298,green,10723,T2C
168,0,1,0,298,green,10723,T2C
169,0,1,0,298,green,10723,T2C
170,0,1,0,298,green,10723,T2C
171,0,1,0,298,green,10723,T2C
172,0,1,0,298,green,10723,T2C
173,0,1,0,298,green,10723,T2C
174,0,1,0,298,green,10723,T2C
175,0,1,0,298,green,10723,T2C
176,0,1,0,298,green,10723,T2C
177,0,1,0,298,green,10723,T2C
178,0,1,0,298,green,10723,T2C
179,0,1,0,298,green,10723,T2C
180,0,1,0,298,green,10723,T2C
181,0,1,0,298,green,10723,T2C
182,0,1,0,298,green,10723,T2C
183,0,1,0,298,green,10723,T2C
184,0,1,0,298,green,10723,T2C
185,0,1,0,298,green,10723,T2C
186,0,1,0,298,green,10723,T2C
187,0,1,0,298,green,10723,T2C
188,0,1,0,298,green,10723,T2C
189,0,1,0,298,green,10723,T2C
190,0,1,0,298,green,10723,T2C
191,0,1,0,298,green,10723,T2C
192,0,1,0,298,green,10723,T2C
193,0,1,0,298,green,10723,T2C
194,0,1,0,298,green,10723,T2C
195,0,1,0,298,green,10723,T2C
196,0,1,0,298,green,10723,T2C
197,0,1,0,298,green,10723,T2C
0,0,0,1,299,green,10371,T2C
1,0,0,1,299,green,10371,T2C
2,0,0,1,299,green,10371,T2C
3,0,0,1,299,green,10371,T2C
4,0,0,1,299,green,10371,T2C
5,0,0,1,299,green,10371,T2C
6,0,0,1,299,green,10371,T2C
7,0,0,1,299,green,10371,T2C
8,0,0,1,299,green,10371,T2C
9,0,0,1,299,green,10371,T2C
10,0,0,1,299,green,10371,T2C
11,0,0,1,299,green,10371,T2C
12,0,0,1,299,green,10371,T2C
13,0,0,1,299,green,10371,T2C
14,0,0,1,299,green,10371,T2C
15,0,0,1,299,green,10371,T2C
16,0,0,1,299,green,10371,T2C
17,0,0,1,299,green,10371,T2C
18,0,0,1,299,green,10371,T2C
19,0,0,1,299,green,10371,T2C
20,0,0,1,299,green,10371,T2C
21,0,0,1,299,green,10371,T2C
22,0,0,1,299,green,10371,T2C
23,0,0,1,299,green,10371,T2C
24,0,0,1,299,green,10371,T2C
25,0,0,1,299,green,10371,T2C
26,0,0,1,299,green,10371,T2C
27,0,0,1,299,green,10371,T2C
28,0,0,1,299,green,10371,T2C
29,0,0,1,299,green,10371,T2C
30,0,0,1,299,green,10371,T2C
31,0,0,1,299,green,10371,T2C
32,0,0,1,299,green,10371,T2C
33,0,0,1,299,green,10371,T2C
34,0,1,0,299,green,10371,T2C
35,0,1,0,299,green,10371,T2C
36,0,1,0,299,green,10371,T2C
37,0,1,0,299,green,10371,T2C
38,0,1,0,299,green,10371,T2C
39,0,1,0,299,green,10371,T2C
40,0,1,0,299,green,10371,T2C
41,0,1,0,299,green,10371,T2C
42,0,1,0,299,green,10371,T2C
43,0,1,0,299,green,10371,T2C
44,0,1,0,299,green,10371,T2C
45,0,1,0,299,green,10371,T2C
46,0,1,0,299,green,10371,T2C
47,0,1,0,299,green,10371,T2C
48,0,1,0,299,green,10371,T2C
49,0,1,0,299,green,10371,T2C
50,0,1,0,299,green,10371,T2C
51,0,1,0,299,green,10371,T2C
52,0,1,0,299,green,10371,T2C
53,0,1,0,299,green,10371,T2C
54,0,1,0,299,green,10371,T2C
55,0,1,0,299,green,10371,T2C
56,0,1,0,299,green,10371,T2C
57,0,1,0,299,green,10371,T2C
58,0,1,0,299,green,10371,T2C
59,0,1,0,299,green,10371,T2C
60,0,1,0,299,green,10371,T2C
61,0,1,0,299,green,10371,T2C
62,0,1,0,299,green,10371,T2C
63,0,1,0,299,green,10371,T2C
64,0,1,0,299,green,10371,T2C
65,0,1,0,299,green,10371,T2C
66,0,1,0,299,green,10371,T2C
67,0,1,0,299,green,10371,T2C
68,0,1,0,299,green,10371,T2C
69,0,1,0,299,green,10371,T2C
70,0,1,0,299,green,10371,T2C
71,0,1,0,299,green,10371,T2C
72,0,1,0,299,green,10371,T2C
73,0,1,0,299,green,10371,T2C
74,0,1,0,299,green,10371,T2C
75,0,1,0,299,green,10371,T2C
76,0,1,0,299,green,10371,T2C
77,0,1,0,299,green,10371,T2C
78,0,1,0,299,green,10371,T2C
79,0,1,0,299,green,10371,T2C
80,0,1,0,299,green,10371,T2C
81,0,1,0,299,green,10371,T2C
82,0,1,0,299,green,10371,T2C
83,0,1,0,299,green,10371,T2C
84,0,1,0,299,green,10371,T2C
85,0,1,0,299,green,10371,T2C
86,0,1,0,299,green,10371,T2C
87,0,1,0,299,green,10371,T2C
88,0,1,0,299,green,10371,T2C
89,0,1,0,299,green,10371,T2C
90,0,1,0,299,green,10371,T2C
91,0,1,0,299,green,10371,T2C
92,0,1,0,299,green,10371,T2C
93,0,1,0,299,green,10371,T2C
94,0,1,0,299,green,10371,T2C
95,0,1,0,299,green,10371,T2C
96,0,1,0,299,green,10371,T2C
97,0,1,0,299,green,10371,T2C
98,0,1,0,299,green,10371,T2C
99,0,1,0,299,green,10371,T2C
100,0,1,0,299,green,10371,T2C
101,0,1,0,299,green,10371,T2C
102,0,1,0,299,green,10371,T2C
103,0,1,0,299,green,10371,T2C
104,0,1,0,299,green,10371,T2C
105,0,1,0,299,green,10371,T2C
106,0,1,0,299,green,10371,T2C
107,0,1,0,299,green,10371,T2C
108,0,1,0,299,green,10371,T2C
109,0,1,0,299,green,10371,T2C
110,0,1,0,299,green,10371,T2C
111,0,1,0,299,green,10371,T2C
112,0,1,0,299,green,10371,T2C
113,0,1,0,299,green,10371,T2C
114,0,1,0,299,green,10371,T2C
115,0,1,0,299,green,10371,T2C
116,0,1,0,299,green,10371,T2C
117,0,1,0,299,green,10371,T2C
118,0,1,0,299,green,10371,T2C
119,0,1,0,299,green,10371,T2C
120,0,1,0,299,green,10371,T2C
121,0,1,0,299,green,10371,T2C
122,0,1,0,299,green,10371,T2C
123,0,1,0,299,green,10371,T2C
124,0,1,0,299,green,10371,T2C
125,0,1,0,299,green,10371,T2C
126,0,1,0,299,green,10371,T2C
127,0,1,0,299,green,10371,T2C
128,0,1,0,299,green,10371,T2C
129,0,1,0,299,green,10371,T2C
130,0,1,0,299,green,10371,T2C
131,0,1,0,299,green,10371,T2C
132,0,1,0,299,green,10371,T2C
133,0,1,0,299,green,10371,T2C
134,0,1,0,299,green,10371,T2C
135,0,1,0,299,green,10371,T2C
136,0,1,0,299,green,10371,T2C
137,0,1,0,299,green,10371,T2C
138,0,1,0,299,green,10371,T2C
139,0,1,0,299,green,10371,T2C
140,0,1,0,299,green,10371,T2C
141,0,1,0,299,green,10371,T2C
142,0,1,0,299,green,10371,T2C
143,0,1,0,299,green,10371,T2C
144,0,1,0,299,green,10371,T2C
145,0,1,0,299,green,10371,T2C
146,0,1,0,299,green,10371,T2C
147,0,1,0,299,green,10371,T2C
148,0,1,0,299,green,10371,T2C
149,0,1,0,299,green,10371,T2C
150,0,1,0,299,green,10371,T2C
151,0,1,0,299,green,10371,T2C
152,0,1,0,299,green,10371,T2C
153,0,1,0,299,green,10371,T2C
154,0,1,0,299,green,10371,T2C
155,0,1,0,299,green,10371,T2C
156,0,1,0,299,green,10371,T2C
157,0,1,0,299,green,10371,T2C
158,0,1,0,299,green,10371,T2C
159,0,1,0,299,green,10371,T2C
160,0,1,0,299,green,10371,T2C
161,0,1,0,299,green,10371,T2C
162,0,1,0,299,green,10371,T2C
163,0,1,0,299,green,10371,T2C
164,0,1,0,299,green,10371,T2C
165,0,1,0,299,green,10371,T2C
166,0,1,0,299,green,10371,T2C
167,0,1,0,299,green,10371,T2C
168,0,1,0,299,green,10371,T2C
169,0,1,0,299,green,10371,T2C
170,0,1,0,299,green,10371,T2C
171,0,1,0,299,green,10371,T2C
172,0,1,0,299,green,10371,T2C
173,0,1,0,299,green,10371,T2C
174,0,1,0,299,green,10371,T2C
175,0,1,0,299,green,10371,T2C
176,0,1,0,299,green,10371,T2C
177,0,1,0,299,green,10371,T2C
178,0,1,0,299,green,10371,T2C
179,0,1,0,299,green,10371,T2C
180,0,1,0,299,green,10371,T2C
181,0,1,0,299,green,10371,T2C
182,0,1,0,299,green,10371,T2C
183,0,1,0,299,green,10371,T2C
184,0,1,0,299,green,10371,T2C
185,0,1,0,299,green,10371,T2C
186,0,1,0,299,green,10371,T2C
187,0,1,0,299,green,10371,T2C
188,0,1,0,299,green,10371,T2C
189,0,1,0,299,green,10371,T2C
190,0,1,0,299,green,10371,T2C
191,0,1,0,299,green,10371,T2C
192,0,1,0,299,green,10371,T2C
193,0,1,0,299,green,10371,T2C
194,0,1,0,299,green,10371,T2C
195,0,1,0,299,green,10371,T2C
196,0,1,0,299,green,10371,T2C
197,0,1,0,299,green,10371,T2C
0,0,0,1,301,green,10874,T2C
1,0,0,1,301,green,10874,T2C
2,0,0,1,301,green,10874,T2C
3,0,0,1,301,green,10874,T2C
4,0,0,1,301,green,10874,T2C
5,0,0,1,301,green,10874,T2C
6,0,0,1,301,green,10874,T2C
7,0,0,1,301,green,10874,T2C
8,0,0,1,301,green,10874,T2C
9,0,0,1,301,green,10874,T2C
10,0,0,1,301,green,10874,T2C
11,0,0,1,301,green,10874,T2C
12,0,0,1,301,green,10874,T2C
13,0,0,1,301,green,10874,T2C
14,0,0,1,301,green,10874,T2C
15,0,0,1,301,green,10874,T2C
16,0,0,1,301,green,10874,T2C
17,0,0,1,301,green,10874,T2C
18,0,0,1,301,green,10874,T2C
19,0,0,1,301,green,10874,T2C
20,0,0,1,301,green,10874,T2C
21,0,0,1,301,green,10874,T2C
22,0,0,1,301,green,10874,T2C
23,0,0,1,301,green,10874,T2C
24,0,0,1,301,green,10874,T2C
25,0,0,1,301,green,10874,T2C
26,0,0,1,301,green,10874,T2C
27,0,0,1,301,green,10874,T2C
28,0,0,1,301,green,10874,T2C
29,0,0,1,301,green,10874,T2C
30,0,0,1,301,green,10874,T2C
31,0,0,1,301,green,10874,T2C
32,0,0,1,301,green,10874,T2C
33,0,0,1,301,green,10874,T2C
34,0,0,1,301,green,10874,T2C
35,0,0,1,301,green,10874,T2C
36,0,0,1,301,green,10874,T2C
37,0,0,1,301,green,10874,T2C
38,0,0,1,301,green,10874,T2C
39,0,0,1,301,green,10874,T2C
40,0,0,1,301,green,10874,T2C
41,0,0,1,301,green,10874,T2C
42,0,0,1,301,green,10874,T2C
43,0,0,1,301,green,10874,T2C
44,0,0,1,301,green,10874,T2C
45,0,0,1,301,green,10874,T2C
46,0,0,1,301,green,10874,T2C
47,0,0,1,301,green,10874,T2C
48,0,0,1,301,green,10874,T2C
49,0,0,1,301,green,10874,T2C
50,0,0,1,301,green,10874,T2C
51,0,0,1,301,green,10874,T2C
52,0,0,1,301,green,10874,T2C
53,0,0,1,301,green,10874,T2C
54,0,0,1,301,green,10874,T2C
55,0,0,1,301,green,10874,T2C
56,0,0,1,301,green,10874,T2C
57,0,0,1,301,green,10874,T2C
58,0,0,1,301,green,10874,T2C
59,0,0,1,301,green,10874,T2C
60,0,0,1,301,green,10874,T2C
61,0,0,1,301,green,10874,T2C
62,0,0,1,301,green,10874,T2C
63,0,0,1,301,green,10874,T2C
64,0,0,1,301,green,10874,T2C
65,0,0,1,301,green,10874,T2C
66,0,0,1,301,green,10874,T2C
67,0,0,1,301,green,10874,T2C
68,0,0,1,301,green,10874,T2C
69,0,0,1,301,green,10874,T2C
70,0,0,1,301,green,10874,T2C
71,0,0,1,301,green,10874,T2C
72,0,0,1,301,green,10874,T2C
73,0,0,1,301,green,10874,T2C
74,0,0,1,301,green,10874,T2C
75,0,0,1,301,green,10874,T2C
76,0,0,1,301,green,10874,T2C
77,0,0,1,301,green,10874,T2C
78,0,0,1,301,green,10874,T2C
79,0,0,1,301,green,10874,T2C
80,0,0,1,301,green,10874,T2C
81,0,0,1,301,green,10874,T2C
82,0,0,1,301,green,10874,T2C
83,0,0,1,301,green,10874,T2C
84,0,0,1,301,green,10874,T2C
85,0,0,1,301,green,10874,T2C
86,0,0,1,301,green,10874,T2C
87,0,0,1,301,green,10874,T2C
88,0,0,1,301,green,10874,T2C
89,0,0,1,301,green,10874,T2C
90,0,0,1,301,green,10874,T2C
91,0,1,0,301,green,10874,T2C
92,0,1,0,301,green,10874,T2C
93,0,1,0,301,green,10874,T2C
94,0,1,0,301,green,10874,T2C
95,0,1,0,301,green,10874,T2C
96,0,1,0,301,green,10874,T2C
97,0,1,0,301,green,10874,T2C
98,0,1,0,301,green,10874,T2C
99,0,1,0,301,green,10874,T2C
100,0,1,0,301,green,10874,T2C
101,0,1,0,301,green,10874,T2C
102,0,1,0,301,green,10874,T2C
103,0,1,0,301,green,10874,T2C
104,0,1,0,301,green,10874,T2C
105,0,1,0,301,green,10874,T2C
106,0,1,0,301,green,10874,T2C
107,0,1,0,301,green,10874,T2C
108,0,1,0,301,green,10874,T2C
109,0,1,0,301,green,10874,T2C
110,0,1,0,301,green,10874,T2C
111,0,1,0,301,green,10874,T2C
112,0,1,0,301,green,10874,T2C
113,0,1,0,301,green,10874,T2C
114,0,1,0,301,green,10874,T2C
115,0,1,0,301,green,10874,T2C
116,0,1,0,301,green,10874,T2C
117,0,1,0,301,green,10874,T2C
118,0,1,0,301,green,10874,T2C
119,0,1,0,301,green,10874,T2C
120,0,1,0,301,green,10874,T2C
121,0,1,0,301,green,10874,T2C
122,0,1,0,301,green,10874,T2C
123,0,1,0,301,green,10874,T2C
124,0,1,0,301,green,10874,T2C
125,0,1,0,301,green,10874,T2C
126,0,1,0,301,green,10874,T2C
127,0,1,0,301,green,10874,T2C
128,0,1,0,301,green,10874,T2C
129,0,1,0,301,green,10874,T2C
130,0,1,0,301,green,10874,T2C
131,0,1,0,301,green,10874,T2C
132,0,1,0,301,green,10874,T2C
133,0,1,0,301,green,10874,T2C
134,0,1,0,301,green,10874,T2C
135,0,1,0,301,green,10874,T2C
136,0,1,0,301,green,10874,T2C
137,0,1,0,301,green,10874,T2C
138,0,1,0,301,green,10874,T2C
139,0,1,0,301,green,10874,T2C
140,0,1,0,301,green,10874,T2C
141,0,1,0,301,green,10874,T2C
142,0,1,0,301,green,10874,T2C
143,0,1,0,301,green,10874,T2C
144,0,1,0,301,green,10874,T2C
145,0,1,0,301,green,10874,T2C
146,0,1,0,301,green,10874,T2C
147,0,1,0,301,green,10874,T2C
148,0,1,0,301,green,10874,T2C
149,0,1,0,301,green,10874,T2C
150,0,1,0,301,green,10874,T2C
151,0,1,0,301,green,10874,T2C
152,0,1,0,301,green,10874,T2C
153,0,1,0,301,green,10874,T2C
154,0,1,0,301,green,10874,T2C
155,0,1,0,301,green,10874,T2C
156,0,1,0,301,green,10874,T2C
157,0,1,0,301,green,10874,T2C
158,0,1,0,301,green,10874,T2C
159,0,1,0,301,green,10874,T2C
160,0,1,0,301,green,10874,T2C
161,0,1,0,301,green,10874,T2C
162,0,1,0,301,green,10874,T2C
163,0,1,0,301,green,10874,T2C
164,0,1,0,301,green,10874,T2C
165,0,1,0,301,green,10874,T2C
166,0,1,0,301,green,10874,T2C
167,0,1,0,301,green,10874,T2C
168,0,1,0,301,green,10874,T2C
169,0,1,0,301,green,10874,T2C
170,0,1,0,301,green,10874,T2C
171,0,1,0,301,green,10874,T2C
172,0,1,0,301,green,10874,T2C
173,0,1,0,301,green,10874,T2C
174,0,1,0,301,green,10874,T2C
175,0,1,0,301,green,10874,T2C
176,0,1,0,301,green,10874,T2C
177,0,1,0,301,green,10874,T2C
178,0,1,0,301,green,10874,T2C
179,0,1,0,301,green,10874,T2C
180,0,1,0,301,green,10874,T2C
181,0,1,0,301,green,10874,T2C
182,0,1,0,301,green,10874,T2C
183,0,1,0,301,green,10874,T2C
184,0,1,0,301,green,10874,T2C
185,0,1,0,301,green,10874,T2C
186,0,1,0,301,green,10874,T2C
187,0,1,0,301,green,10874,T2C
188,0,1,0,301,green,10874,T2C
189,0,1,0,301,green,10874,T2C
190,0,1,0,301,green,10874,T2C
191,0,1,0,301,green,10874,T2C
192,0,1,0,301,green,10874,T2C
193,0,1,0,301,green,10874,T2C
194,0,1,0,301,green,10874,T2C
195,0,1,0,301,green,10874,T2C
196,0,1,0,301,green,10874,T2C
197,0,1,0,301,green,10874,T2C
0,0,0,1,302,green,11017,T2C
1,0,0,1,302,green,11017,T2C
2,0,0,1,302,green,11017,T2C
3,0,0,1,302,green,11017,T2C
4,0,0,1,302,green,11017,T2C
5,0,0,1,302,green,11017,T2C
6,0,0,1,302,green,11017,T2C
7,0,0,1,302,green,11017,T2C
8,0,0,1,302,green,11017,T2C
9,0,0,1,302,green,11017,T2C
10,0,0,1,302,green,11017,T2C
11,0,0,1,302,green,11017,T2C
12,0,0,1,302,green,11017,T2C
13,0,0,1,302,green,11017,T2C
14,0,0,1,302,green,11017,T2C
15,0,0,1,302,green,11017,T2C
16,0,0,1,302,green,11017,T2C
17,0,0,1,302,green,11017,T2C
18,0,0,1,302,green,11017,T2C
19,0,0,1,302,green,11017,T2C
20,0,0,1,302,green,11017,T2C
21,0,0,1,302,green,11017,T2C
22,0,0,1,302,green,11017,T2C
23,0,0,1,302,green,11017,T2C
24,0,0,1,302,green,11017,T2C
25,0,0,1,302,green,11017,T2C
26,0,0,1,302,green,11017,T2C
27,0,0,1,302,green,11017,T2C
28,0,0,1,302,green,11017,T2C
29,0,0,1,302,green,11017,T2C
30,0,0,1,302,green,11017,T2C
31,0,0,1,302,green,11017,T2C
32,0,0,1,302,green,11017,T2C
33,0,0,1,302,green,11017,T2C
34,0,0,1,302,green,11017,T2C
35,0,0,1,302,green,11017,T2C
36,0,0,1,302,green,11017,T2C
37,0,0,1,302,green,11017,T2C
38,0,0,1,302,green,11017,T2C
39,0,0,1,302,green,11017,T2C
40,0,0,1,302,green,11017,T2C
41,0,0,1,302,green,11017,T2C
42,0,0,1,302,green,11017,T2C
43,0,0,1,302,green,11017,T2C
44,0,0,1,302,green,11017,T2C
45,0,0,1,302,green,11017,T2C
46,0,0,1,302,green,11017,T2C
47,0,0,1,302,green,11017,T2C
48,0,0,1,302,green,11017,T2C
49,0,0,1,302,green,11017,T2C
50,0,0,1,302,green,11017,T2C
51,0,0,1,302,green,11017,T2C
52,0,0,1,302,green,11017,T2C
53,0,0,1,302,green,11017,T2C
54,0,0,1,302,green,11017,T2C
55,0,0,1,302,green,11017,T2C
56,0,0,1,302,green,11017,T2C
57,0,0,1,302,green,11017,T2C
58,0,0,1,302,green,11017,T2C
59,0,0,1,302,green,11017,T2C
60,0,0,1,302,green,11017,T2C
61,0,0,1,302,green,11017,T2C
62,0,0,1,302,green,11017,T2C
63,0,0,1,302,green,11017,T2C
64,0,0,1,302,green,11017,T2C
65,0,0,1,302,green,11017,T2C
66,0,0,1,302,green,11017,T2C
67,0,0,1,302,green,11017,T2C
68,0,0,1,302,green,11017,T2C
69,0,0,1,302,green,11017,T2C
70,0,0,1,302,green,11017,T2C
71,0,0,1,302,green,11017,T2C
72,0,0,1,302,green,11017,T2C
73,0,0,1,302,green,11017,T2C
74,0,0,1,302,green,11017,T2C
75,0,0,1,302,green,11017,T2C
76,0,0,1,302,green,11017,T2C
77,0,0,1,302,green,11017,T2C
78,0,0,1,302,green,11017,T2C
79,0,0,1,302,green,11017,T2C
80,0,0,1,302,green,11017,T2C
81,0,0,1,302,green,11017,T2C
82,0,0,1,302,green,11017,T2C
83,0,0,1,302,green,11017,T2C
84,0,0,1,302,green,11017,T2C
85,0,0,1,302,green,11017,T2C
86,0,0,1,302,green,11017,T2C
87,0,0,1,302,green,11017,T2C
88,0,0,1,302,green,11017,T2C
89,0,0,1,302,green,11017,T2C
90,0,0,1,302,green,11017,T2C
91,0,0,1,302,green,11017,T2C
92,0,0,1,302,green,11017,T2C
93,0,0,1,302,green,11017,T2C
94,0,0,1,302,green,11017,T2C
95,0,0,1,302,green,11017,T2C
96,0,0,1,302,green,11017,T2C
97,0,0,1,302,green,11017,T2C
98,0,0,1,302,green,11017,T2C
99,0,0,1,302,green,11017,T2C
100,0,0,1,302,green,11017,T2C
101,0,0,1,302,green,11017,T2C
102,0,0,1,302,green,11017,T2C
103,0,0,1,302,green,11017,T2C
104,0,0,1,302,green,11017,T2C
105,0,0,1,302,green,11017,T2C
106,0,0,1,302,green,11017,T2C
107,0,0,1,302,green,11017,T2C
108,0,0,1,302,green,11017,T2C
109,0,0,1,302,green,11017,T2C
110,0,0,1,302,green,11017,T2C
111,0,0,1,302,green,11017,T2C
112,0,0,1,302,green,11017,T2C
113,0,0,1,302,green,11017,T2C
114,0,0,1,302,green,11017,T2C
115,0,0,1,302,green,11017,T2C
116,0,0,1,302,green,11017,T2C
117,0,0,1,302,green,11017,T2C
118,0,0,1,302,green,11017,T2C
119,0,0,1,302,green,11017,T2C
120,0,0,1,302,green,11017,T2C
121,0,0,1,302,green,11017,T2C
122,0,0,1,302,green,11017,T2C
123,0,0,1,302,green,11017,T2C
124,0,0,1,302,green,11017,T2C
125,0,0,1,302,green,11017,T2C
126,0,0,1,302,green,11017,T2C
127,0,0,1,302,green,11017,T2C
128,0,0,1,302,green,11017,T2C
129,0,0,1,302,green,11017,T2C
130,0,0,1,302,green,11017,T2C
131,0,0,1,302,green,11017,T2C
132,0,0,1,302,green,11017,T2C
133,0,0,1,302,green,11017,T2C
134,0,0,1,302,green,11017,T2C
135,0,0,1,302,green,11017,T2C
136,0,0,1,302,green,11017,T2C
137,0,0,1,302,green,11017,T2C
138,0,0,1,302,green,11017,T2C
139,0,0,1,302,green,11017,T2C
140,0,0,1,302,green,11017,T2C
141,0,0,1,302,green,11017,T2C
142,0,0,1,302,green,11017,T2C
143,0,0,1,302,green,11017,T2C
144,0,0,1,302,green,11017,T2C
145,0,0,1,302,green,11017,T2C
146,0,0,1,302,green,11017,T2C
147,0,0,1,302,green,11017,T2C
148,0,0,1,302,green,11017,T2C
149,0,0,1,302,green,11017,T2C
150,0,0,1,302,green,11017,T2C
151,0,0,1,302,green,11017,T2C
152,0,0,1,302,green,11017,T2C
153,0,0,1,302,green,11017,T2C
154,0,0,1,302,green,11017,T2C
155,0,0,1,302,green,11017,T2C
156,0,0,1,302,green,11017,T2C
157,0,0,1,302,green,11017,T2C
158,0,0,1,302,green,11017,T2C
159,1,0,0,302,green,11017,T2C
160,1,0,0,302,green,11017,T2C
161,1,0,0,302,green,11017,T2C
162,1,0,0,302,green,11017,T2C
163,1,0,0,302,green,11017,T2C
164,1,0,0,302,green,11017,T2C
165,1,0,0,302,green,11017,T2C
166,1,0,0,302,green,11017,T2C
167,1,0,0,302,green,11017,T2C
168,1,0,0,302,green,11017,T2C
169,1,0,0,302,green,11017,T2C
170,1,0,0,302,green,11017,T2C
171,1,0,0,302,green,11017,T2C
172,0,0,1,302,green,11017,T2C
173,0,0,1,302,green,11017,T2C
174,0,1,0,302,green,11017,T2C
175,0,1,0,302,green,11017,T2C
176,0,1,0,302,green,11017,T2C
177,0,1,0,302,green,11017,T2C
178,0,1,0,302,green,11017,T2C
179,0,1,0,302,green,11017,T2C
180,0,1,0,302,green,11017,T2C
181,0,1,0,302,green,11017,T2C
182,0,1,0,302,green,11017,T2C
183,0,1,0,302,green,11017,T2C
184,0,1,0,302,green,11017,T2C
185,0,1,0,302,green,11017,T2C
186,0,1,0,302,green,11017,T2C
187,0,1,0,302,green,11017,T2C
188,0,1,0,302,green,11017,T2C
189,0,1,0,302,green,11017,T2C
190,0,1,0,302,green,11017,T2C
191,0,1,0,302,green,11017,T2C
192,0,1,0,302,green,11017,T2C
193,0,1,0,302,green,11017,T2C
194,0,1,0,302,green,11017,T2C
195,0,1,0,302,green,11017,T2C
196,0,1,0,302,green,11017,T2C
197,0,1,0,302,green,11017,T2C
0,0,0,1,304,green,11073,T2C
1,0,0,1,304,green,11073,T2C
2,0,0,1,304,green,11073,T2C
3,0,0,1,304,green,11073,T2C
4,0,0,1,304,green,11073,T2C
5,0,0,1,304,green,11073,T2C
6,0,0,1,304,green,11073,T2C
7,0,0,1,304,green,11073,T2C
8,0,0,1,304,green,11073,T2C
9,0,0,1,304,green,11073,T2C
10,0,0,1,304,green,11073,T2C
11,0,0,1,304,green,11073,T2C
12,0,0,1,304,green,11073,T2C
13,0,0,1,304,green,11073,T2C
14,0,0,1,304,green,11073,T2C
15,0,0,1,304,green,11073,T2C
16,0,0,1,304,green,11073,T2C
17,0,0,1,304,green,11073,T2C
18,0,0,1,304,green,11073,T2C
19,0,0,1,304,green,11073,T2C
20,0,0,1,304,green,11073,T2C
21,0,0,1,304,green,11073,T2C
22,1,0,0,304,green,11073,T2C
23,1,0,0,304,green,11073,T2C
24,1,0,0,304,green,11073,T2C
25,1,0,0,304,green,11073,T2C
26,1,0,0,304,green,11073,T2C
27,1,0,0,304,green,11073,T2C
28,1,0,0,304,green,11073,T2C
29,1,0,0,304,green,11073,T2C
30,1,0,0,304,green,11073,T2C
31,0,1,0,304,green,11073,T2C
32,0,1,0,304,green,11073,T2C
33,0,1,0,304,green,11073,T2C
34,0,1,0,304,green,11073,T2C
35,0,1,0,304,green,11073,T2C
36,0,1,0,304,green,11073,T2C
37,0,1,0,304,green,11073,T2C
38,0,1,0,304,green,11073,T2C
39,0,1,0,304,green,11073,T2C
40,0,1,0,304,green,11073,T2C
41,0,1,0,304,green,11073,T2C
42,0,1,0,304,green,11073,T2C
43,0,1,0,304,green,11073,T2C
44,0,1,0,304,green,11073,T2C
45,0,1,0,304,green,11073,T2C
46,0,1,0,304,green,11073,T2C
47,0,1,0,304,green,11073,T2C
48,0,1,0,304,green,11073,T2C
49,0,1,0,304,green,11073,T2C
50,0,1,0,304,green,11073,T2C
51,0,1,0,304,green,11073,T2C
52,0,1,0,304,green,11073,T2C
53,0,1,0,304,green,11073,T2C
54,0,1,0,304,green,11073,T2C
55,0,1,0,304,green,11073,T2C
56,0,1,0,304,green,11073,T2C
57,0,1,0,304,green,11073,T2C
58,0,1,0,304,green,11073,T2C
59,0,0,1,304,green,11073,T2C
60,0,0,1,304,green,11073,T2C
61,0,0,1,304,green,11073,T2C
62,0,1,0,304,green,11073,T2C
63,0,1,0,304,green,11073,T2C
64,0,1,0,304,green,11073,T2C
65,0,1,0,304,green,11073,T2C
66,0,1,0,304,green,11073,T2C
67,0,1,0,304,green,11073,T2C
68,0,1,0,304,green,11073,T2C
69,0,1,0,304,green,11073,T2C
70,0,1,0,304,green,11073,T2C
71,0,1,0,304,green,11073,T2C
72,1,0,0,304,green,11073,T2C
73,1,0,0,304,green,11073,T2C
74,1,0,0,304,green,11073,T2C
75,1,0,0,304,green,11073,T2C
76,1,0,0,304,green,11073,T2C
77,1,0,0,304,green,11073,T2C
78,1,0,0,304,green,11073,T2C
79,1,0,0,304,green,11073,T2C
80,1,0,0,304,green,11073,T2C
81,1,0,0,304,green,11073,T2C
82,1,0,0,304,green,11073,T2C
83,1,0,0,304,green,11073,T2C
84,1,0,0,304,green,11073,T2C
85,1,0,0,304,green,11073,T2C
86,1,0,0,304,green,11073,T2C
87,1,0,0,304,green,11073,T2C
88,1,0,0,304,green,11073,T2C
89,1,0,0,304,green,11073,T2C
90,1,0,0,304,green,11073,T2C
91,1,0,0,304,green,11073,T2C
92,1,0,0,304,green,11073,T2C
93,1,0,0,304,green,11073,T2C
94,1,0,0,304,green,11073,T2C
95,1,0,0,304,green,11073,T2C
96,1,0,0,304,green,11073,T2C
97,1,0,0,304,green,11073,T2C
98,1,0,0,304,green,11073,T2C
99,1,0,0,304,green,11073,T2C
100,1,0,0,304,green,11073,T2C
101,1,0,0,304,green,11073,T2C
102,1,0,0,304,green,11073,T2C
103,1,0,0,304,green,11073,T2C
104,1,0,0,304,green,11073,T2C
105,1,0,0,304,green,11073,T2C
106,1,0,0,304,green,11073,T2C
107,1,0,0,304,green,11073,T2C
108,1,0,0,304,green,11073,T2C
109,1,0,0,304,green,11073,T2C
110,1,0,0,304,green,11073,T2C
111,1,0,0,304,green,11073,T2C
112,1,0,0,304,green,11073,T2C
113,1,0,0,304,green,11073,T2C
114,1,0,0,304,green,11073,T2C
115,1,0,0,304,green,11073,T2C
116,1,0,0,304,green,11073,T2C
117,1,0,0,304,green,11073,T2C
118,1,0,0,304,green,11073,T2C
119,1,0,0,304,green,11073,T2C
120,1,0,0,304,green,11073,T2C
121,1,0,0,304,green,11073,T2C
122,1,0,0,304,green,11073,T2C
123,1,0,0,304,green,11073,T2C
124,1,0,0,304,green,11073,T2C
125,1,0,0,304,green,11073,T2C
126,1,0,0,304,green,11073,T2C
127,1,0,0,304,green,11073,T2C
128,1,0,0,304,green,11073,T2C
129,1,0,0,304,green,11073,T2C
130,1,0,0,304,green,11073,T2C
131,1,0,0,304,green,11073,T2C
132,1,0,0,304,green,11073,T2C
133,1,0,0,304,green,11073,T2C
134,1,0,0,304,green,11073,T2C
135,1,0,0,304,green,11073,T2C
136,1,0,0,304,green,11073,T2C
137,1,0,0,304,green,11073,T2C
138,1,0,0,304,green,11073,T2C
139,1,0,0,304,green,11073,T2C
140,1,0,0,304,green,11073,T2C
141,1,0,0,304,green,11073,T2C
142,1,0,0,304,green,11073,T2C
143,1,0,0,304,green,11073,T2C
144,1,0,0,304,green,11073,T2C
145,1,0,0,304,green,11073,T2C
146,1,0,0,304,green,11073,T2C
147,1,0,0,304,green,11073,T2C
148,1,0,0,304,green,11073,T2C
149,1,0,0,304,green,11073,T2C
150,1,0,0,304,green,11073,T2C
151,1,0,0,304,green,11073,T2C
152,1,0,0,304,green,11073,T2C
153,1,0,0,304,green,11073,T2C
154,1,0,0,304,green,11073,T2C
155,1,0,0,304,green,11073,T2C
156,1,0,0,304,green,11073,T2C
157,1,0,0,304,green,11073,T2C
158,1,0,0,304,green,11073,T2C
159,1,0,0,304,green,11073,T2C
160,1,0,0,304,green,11073,T2C
161,1,0,0,304,green,11073,T2C
162,1,0,0,304,green,11073,T2C
163,1,0,0,304,green,11073,T2C
164,1,0,0,304,green,11073,T2C
165,1,0,0,304,green,11073,T2C
166,1,0,0,304,green,11073,T2C
167,1,0,0,304,green,11073,T2C
168,1,0,0,304,green,11073,T2C
169,1,0,0,304,green,11073,T2C
170,1,0,0,304,green,11073,T2C
171,1,0,0,304,green,11073,T2C
172,0,0,1,304,green,11073,T2C
173,0,1,0,304,green,11073,T2C
174,0,1,0,304,green,11073,T2C
175,0,1,0,304,green,11073,T2C
176,0,1,0,304,green,11073,T2C
177,0,1,0,304,green,11073,T2C
178,0,1,0,304,green,11073,T2C
179,0,1,0,304,green,11073,T2C
180,0,1,0,304,green,11073,T2C
181,0,1,0,304,green,11073,T2C
182,0,1,0,304,green,11073,T2C
183,0,1,0,304,green,11073,T2C
184,0,1,0,304,green,11073,T2C
185,0,1,0,304,green,11073,T2C
186,0,1,0,304,green,11073,T2C
187,0,1,0,304,green,11073,T2C
188,0,1,0,304,green,11073,T2C
189,0,1,0,304,green,11073,T2C
190,0,1,0,304,green,11073,T2C
191,0,1,0,304,green,11073,T2C
192,0,1,0,304,green,11073,T2C
193,0,1,0,304,green,11073,T2C
194,0,1,0,304,green,11073,T2C
195,0,1,0,304,green,11073,T2C
196,0,1,0,304,green,11073,T2C
197,0,1,0,304,green,11073,T2C
0,0,0,1,305,green,11229,T2C
1,0,0,1,305,green,11229,T2C
2,0,0,1,305,green,11229,T2C
3,0,0,1,305,green,11229,T2C
4,0,0,1,305,green,11229,T2C
5,0,0,1,305,green,11229,T2C
6,0,0,1,305,green,11229,T2C
7,0,0,1,305,green,11229,T2C
8,0,0,1,305,green,11229,T2C
9,0,0,1,305,green,11229,T2C
10,0,0,1,305,green,11229,T2C
11,0,0,1,305,green,11229,T2C
12,0,0,1,305,green,11229,T2C
13,0,0,1,305,green,11229,T2C
14,0,0,1,305,green,11229,T2C
15,0,0,1,305,green,11229,T2C
16,0,0,1,305,green,11229,T2C
17,0,0,1,305,green,11229,T2C
18,0,0,1,305,green,11229,T2C
19,0,0,1,305,green,11229,T2C
20,0,0,1,305,green,11229,T2C
21,0,0,1,305,green,11229,T2C
22,0,0,1,305,green,11229,T2C
23,0,0,1,305,green,11229,T2C
24,0,0,1,305,green,11229,T2C
25,0,0,1,305,green,11229,T2C
26,0,0,1,305,green,11229,T2C
27,0,0,1,305,green,11229,T2C
28,0,0,1,305,green,11229,T2C
29,0,0,1,305,green,11229,T2C
30,0,0,1,305,green,11229,T2C
31,0,0,1,305,green,11229,T2C
32,0,0,1,305,green,11229,T2C
33,0,0,1,305,green,11229,T2C
34,0,0,1,305,green,11229,T2C
35,0,0,1,305,green,11229,T2C
36,0,0,1,305,green,11229,T2C
37,0,0,1,305,green,11229,T2C
38,0,0,1,305,green,11229,T2C
39,0,0,1,305,green,11229,T2C
40,0,0,1,305,green,11229,T2C
41,0,0,1,305,green,11229,T2C
42,0,0,1,305,green,11229,T2C
43,0,0,1,305,green,11229,T2C
44,0,0,1,305,green,11229,T2C
45,0,0,1,305,green,11229,T2C
46,0,0,1,305,green,11229,T2C
47,0,0,1,305,green,11229,T2C
48,0,0,1,305,green,11229,T2C
49,0,0,1,305,green,11229,T2C
50,0,0,1,305,green,11229,T2C
51,0,0,1,305,green,11229,T2C
52,0,0,1,305,green,11229,T2C
53,0,0,1,305,green,11229,T2C
54,0,0,1,305,green,11229,T2C
55,0,0,1,305,green,11229,T2C
56,0,0,1,305,green,11229,T2C
57,0,0,1,305,green,11229,T2C
58,0,0,1,305,green,11229,T2C
59,0,0,1,305,green,11229,T2C
60,1,0,0,305,green,11229,T2C
61,1,0,0,305,green,11229,T2C
62,1,0,0,305,green,11229,T2C
63,1,0,0,305,green,11229,T2C
64,1,0,0,305,green,11229,T2C
65,1,0,0,305,green,11229,T2C
66,1,0,0,305,green,11229,T2C
67,1,0,0,305,green,11229,T2C
68,1,0,0,305,green,11229,T2C
69,1,0,0,305,green,11229,T2C
70,1,0,0,305,green,11229,T2C
71,1,0,0,305,green,11229,T2C
72,1,0,0,305,green,11229,T2C
73,1,0,0,305,green,11229,T2C
74,1,0,0,305,green,11229,T2C
75,1,0,0,305,green,11229,T2C
76,1,0,0,305,green,11229,T2C
77,1,0,0,305,green,11229,T2C
78,1,0,0,305,green,11229,T2C
79,1,0,0,305,green,11229,T2C
80,1,0,0,305,green,11229,T2C
81,1,0,0,305,green,11229,T2C
82,1,0,0,305,green,11229,T2C
83,1,0,0,305,green,11229,T2C
84,1,0,0,305,green,11229,T2C
85,1,0,0,305,green,11229,T2C
86,1,0,0,305,green,11229,T2C
87,1,0,0,305,green,11229,T2C
88,1,0,0,305,green,11229,T2C
89,1,0,0,305,green,11229,T2C
90,1,0,0,305,green,11229,T2C
91,1,0,0,305,green,11229,T2C
92,1,0,0,305,green,11229,T2C
93,1,0,0,305,green,11229,T2C
94,1,0,0,305,green,11229,T2C
95,1,0,0,305,green,11229,T2C
96,1,0,0,305,green,11229,T2C
97,1,0,0,305,green,11229,T2C
98,1,0,0,305,green,11229,T2C
99,1,0,0,305,green,11229,T2C
100,1,0,0,305,green,11229,T2C
101,1,0,0,305,green,11229,T2C
102,1,0,0,305,green,11229,T2C
103,1,0,0,305,green,11229,T2C
104,1,0,0,305,green,11229,T2C
105,1,0,0,305,green,11229,T2C
106,1,0,0,305,green,11229,T2C
107,1,0,0,305,green,11229,T2C
108,1,0,0,305,green,11229,T2C
109,1,0,0,305,green,11229,T2C
110,1,0,0,305,green,11229,T2C
111,1,0,0,305,green,11229,T2C
112,1,0,0,305,green,11229,T2C
113,1,0,0,305,green,11229,T2C
114,1,0,0,305,green,11229,T2C
115,1,0,0,305,green,11229,T2C
116,1,0,0,305,green,11229,T2C
117,1,0,0,305,green,11229,T2C
118,1,0,0,305,green,11229,T2C
119,1,0,0,305,green,11229,T2C
120,1,0,0,305,green,11229,T2C
121,1,0,0,305,green,11229,T2C
122,1,0,0,305,green,11229,T2C
123,1,0,0,305,green,11229,T2C
124,1,0,0,305,green,11229,T2C
125,1,0,0,305,green,11229,T2C
126,1,0,0,305,green,11229,T2C
127,1,0,0,305,green,11229,T2C
128,1,0,0,305,green,11229,T2C
129,1,0,0,305,green,11229,T2C
130,1,0,0,305,green,11229,T2C
131,1,0,0,305,green,11229,T2C
132,1,0,0,305,green,11229,T2C
133,1,0,0,305,green,11229,T2C
134,1,0,0,305,green,11229,T2C
135,1,0,0,305,green,11229,T2C
136,1,0,0,305,green,11229,T2C
137,1,0,0,305,green,11229,T2C
138,1,0,0,305,green,11229,T2C
139,1,0,0,305,green,11229,T2C
140,1,0,0,305,green,11229,T2C
141,1,0,0,305,green,11229,T2C
142,1,0,0,305,green,11229,T2C
143,1,0,0,305,green,11229,T2C
144,1,0,0,305,green,11229,T2C
145,1,0,0,305,green,11229,T2C
146,1,0,0,305,green,11229,T2C
147,1,0,0,305,green,11229,T2C
148,1,0,0,305,green,11229,T2C
149,0,0,1,305,green,11229,T2C
150,0,0,1,305,green,11229,T2C
151,0,0,1,305,green,11229,T2C
152,0,0,1,305,green,11229,T2C
153,0,0,1,305,green,11229,T2C
154,0,0,1,305,green,11229,T2C
155,0,0,1,305,green,11229,T2C
156,0,0,1,305,green,11229,T2C
157,0,0,1,305,green,11229,T2C
158,0,0,1,305,green,11229,T2C
159,0,0,1,305,green,11229,T2C
160,0,0,1,305,green,11229,T2C
161,0,0,1,305,green,11229,T2C
162,0,0,1,305,green,11229,T2C
163,0,0,1,305,green,11229,T2C
164,0,0,1,305,green,11229,T2C
165,0,0,1,305,green,11229,T2C
166,0,0,1,305,green,11229,T2C
167,0,1,0,305,green,11229,T2C
168,0,1,0,305,green,11229,T2C
169,0,1,0,305,green,11229,T2C
170,0,1,0,305,green,11229,T2C
171,0,1,0,305,green,11229,T2C
172,0,1,0,305,green,11229,T2C
173,0,1,0,305,green,11229,T2C
174,0,1,0,305,green,11229,T2C
175,0,1,0,305,green,11229,T2C
176,0,1,0,305,green,11229,T2C
177,0,1,0,305,green,11229,T2C
178,0,1,0,305,green,11229,T2C
179,0,1,0,305,green,11229,T2C
180,0,1,0,305,green,11229,T2C
181,0,1,0,305,green,11229,T2C
182,0,1,0,305,green,11229,T2C
183,0,1,0,305,green,11229,T2C
184,0,1,0,305,green,11229,T2C
185,0,1,0,305,green,11229,T2C
186,0,1,0,305,green,11229,T2C
187,0,1,0,305,green,11229,T2C
188,0,1,0,305,green,11229,T2C
189,0,1,0,305,green,11229,T2C
190,0,1,0,305,green,11229,T2C
191,0,1,0,305,green,11229,T2C
192,0,1,0,305,green,11229,T2C
193,0,1,0,305,green,11229,T2C
194,0,1,0,305,green,11229,T2C
195,0,1,0,305,green,11229,T2C
196,0,1,0,305,green,11229,T2C
197,0,1,0,305,green,11229,T2C
0,0,0,1,306,green,11330,T2C
1,0,0,1,306,green,11330,T2C
2,0,0,1,306,green,11330,T2C
3,0,0,1,306,green,11330,T2C
4,0,0,1,306,green,11330,T2C
5,0,0,1,306,green,11330,T2C
6,0,0,1,306,green,11330,T2C
7,0,0,1,306,green,11330,T2C
8,0,0,1,306,green,11330,T2C
9,0,0,1,306,green,11330,T2C
10,0,0,1,306,green,11330,T2C
11,0,0,1,306,green,11330,T2C
12,0,0,1,306,green,11330,T2C
13,0,0,1,306,green,11330,T2C
14,0,0,1,306,green,11330,T2C
15,0,0,1,306,green,11330,T2C
16,0,0,1,306,green,11330,T2C
17,0,0,1,306,green,11330,T2C
18,0,0,1,306,green,11330,T2C
19,0,0,1,306,green,11330,T2C
20,0,0,1,306,green,11330,T2C
21,0,0,1,306,green,11330,T2C
22,0,0,1,306,green,11330,T2C
23,0,0,1,306,green,11330,T2C
24,0,0,1,306,green,11330,T2C
25,0,0,1,306,green,11330,T2C
26,0,0,1,306,green,11330,T2C
27,0,0,1,306,green,11330,T2C
28,0,0,1,306,green,11330,T2C
29,0,0,1,306,green,11330,T2C
30,0,0,1,306,green,11330,T2C
31,0,0,1,306,green,11330,T2C
32,0,0,1,306,green,11330,T2C
33,0,0,1,306,green,11330,T2C
34,0,0,1,306,green,11330,T2C
35,0,0,1,306,green,11330,T2C
36,0,0,1,306,green,11330,T2C
37,0,0,1,306,green,11330,T2C
38,0,0,1,306,green,11330,T2C
39,0,0,1,306,green,11330,T2C
40,0,0,1,306,green,11330,T2C
41,0,0,1,306,green,11330,T2C
42,0,0,1,306,green,11330,T2C
43,0,0,1,306,green,11330,T2C
44,0,0,1,306,green,11330,T2C
45,0,0,1,306,green,11330,T2C
46,0,0,1,306,green,11330,T2C
47,0,0,1,306,green,11330,T2C
48,0,0,1,306,green,11330,T2C
49,0,0,1,306,green,11330,T2C
50,0,0,1,306,green,11330,T2C
51,0,0,1,306,green,11330,T2C
52,0,0,1,306,green,11330,T2C
53,0,0,1,306,green,11330,T2C
54,0,0,1,306,green,11330,T2C
55,0,0,1,306,green,11330,T2C
56,0,0,1,306,green,11330,T2C
57,0,0,1,306,green,11330,T2C
58,0,0,1,306,green,11330,T2C
59,0,0,1,306,green,11330,T2C
60,0,0,1,306,green,11330,T2C
61,0,0,1,306,green,11330,T2C
62,0,0,1,306,green,11330,T2C
63,0,0,1,306,green,11330,T2C
64,0,0,1,306,green,11330,T2C
65,0,0,1,306,green,11330,T2C
66,0,0,1,306,green,11330,T2C
67,0,0,1,306,green,11330,T2C
68,0,0,1,306,green,11330,T2C
69,0,0,1,306,green,11330,T2C
70,0,0,1,306,green,11330,T2C
71,0,0,1,306,green,11330,T2C
72,0,0,1,306,green,11330,T2C
73,0,0,1,306,green,11330,T2C
74,0,0,1,306,green,11330,T2C
75,0,0,1,306,green,11330,T2C
76,0,0,1,306,green,11330,T2C
77,0,0,1,306,green,11330,T2C
78,0,0,1,306,green,11330,T2C
79,0,0,1,306,green,11330,T2C
80,0,0,1,306,green,11330,T2C
81,0,0,1,306,green,11330,T2C
82,0,0,1,306,green,11330,T2C
83,0,0,1,306,green,11330,T2C
84,0,0,1,306,green,11330,T2C
85,0,0,1,306,green,11330,T2C
86,0,0,1,306,green,11330,T2C
87,0,0,1,306,green,11330,T2C
88,0,0,1,306,green,11330,T2C
89,0,0,1,306,green,11330,T2C
90,0,0,1,306,green,11330,T2C
91,0,0,1,306,green,11330,T2C
92,0,0,1,306,green,11330,T2C
93,0,0,1,306,green,11330,T2C
94,0,0,1,306,green,11330,T2C
95,0,0,1,306,green,11330,T2C
96,0,0,1,306,green,11330,T2C
97,0,0,1,306,green,11330,T2C
98,0,0,1,306,green,11330,T2C
99,0,0,1,306,green,11330,T2C
100,0,0,1,306,green,11330,T2C
101,0,0,1,306,green,11330,T2C
102,0,0,1,306,green,11330,T2C
103,0,0,1,306,green,11330,T2C
104,0,0,1,306,green,11330,T2C
105,0,0,1,306,green,11330,T2C
106,0,0,1,306,green,11330,T2C
107,0,0,1,306,green,11330,T2C
108,0,0,1,306,green,11330,T2C
109,0,0,1,306,green,11330,T2C
110,0,0,1,306,green,11330,T2C
111,0,0,1,306,green,11330,T2C
112,0,0,1,306,green,11330,T2C
113,0,0,1,306,green,11330,T2C
114,0,0,1,306,green,11330,T2C
115,0,0,1,306,green,11330,T2C
116,0,0,1,306,green,11330,T2C
117,0,0,1,306,green,11330,T2C
118,0,0,1,306,green,11330,T2C
119,0,0,1,306,green,11330,T2C
120,0,0,1,306,green,11330,T2C
121,0,0,1,306,green,11330,T2C
122,0,0,1,306,green,11330,T2C
123,0,0,1,306,green,11330,T2C
124,0,0,1,306,green,11330,T2C
125,0,0,1,306,green,11330,T2C
126,0,0,1,306,green,11330,T2C
127,0,0,1,306,green,11330,T2C
128,0,0,1,306,green,11330,T2C
129,0,0,1,306,green,11330,T2C
130,0,0,1,306,green,11330,T2C
131,0,0,1,306,green,11330,T2C
132,0,0,1,306,green,11330,T2C
133,0,0,1,306,green,11330,T2C
134,0,0,1,306,green,11330,T2C
135,0,0,1,306,green,11330,T2C
136,0,0,1,306,green,11330,T2C
137,0,1,0,306,green,11330,T2C
138,0,1,0,306,green,11330,T2C
139,0,1,0,306,green,11330,T2C
140,0,1,0,306,green,11330,T2C
141,0,1,0,306,green,11330,T2C
142,0,1,0,306,green,11330,T2C
143,0,1,0,306,green,11330,T2C
144,0,1,0,306,green,11330,T2C
145,0,1,0,306,green,11330,T2C
146,0,1,0,306,green,11330,T2C
147,0,1,0,306,green,11330,T2C
148,0,1,0,306,green,11330,T2C
149,0,1,0,306,green,11330,T2C
150,0,1,0,306,green,11330,T2C
151,0,1,0,306,green,11330,T2C
152,0,1,0,306,green,11330,T2C
153,0,1,0,306,green,11330,T2C
154,0,1,0,306,green,11330,T2C
155,0,1,0,306,green,11330,T2C
156,0,1,0,306,green,11330,T2C
157,0,1,0,306,green,11330,T2C
158,0,1,0,306,green,11330,T2C
159,0,1,0,306,green,11330,T2C
160,0,1,0,306,green,11330,T2C
161,0,1,0,306,green,11330,T2C
162,0,1,0,306,green,11330,T2C
163,0,1,0,306,green,11330,T2C
164,0,1,0,306,green,11330,T2C
165,0,1,0,306,green,11330,T2C
166,0,1,0,306,green,11330,T2C
167,0,1,0,306,green,11330,T2C
168,0,1,0,306,green,11330,T2C
169,0,1,0,306,green,11330,T2C
170,0,1,0,306,green,11330,T2C
171,0,1,0,306,green,11330,T2C
172,0,1,0,306,green,11330,T2C
173,0,1,0,306,green,11330,T2C
174,0,1,0,306,green,11330,T2C
175,0,1,0,306,green,11330,T2C
176,0,1,0,306,green,11330,T2C
177,0,1,0,306,green,11330,T2C
178,0,1,0,306,green,11330,T2C
179,0,1,0,306,green,11330,T2C
180,0,1,0,306,green,11330,T2C
181,0,1,0,306,green,11330,T2C
182,0,1,0,306,green,11330,T2C
183,0,1,0,306,green,11330,T2C
184,0,1,0,306,green,11330,T2C
185,0,1,0,306,green,11330,T2C
186,0,1,0,306,green,11330,T2C
187,0,1,0,306,green,11330,T2C
188,0,1,0,306,green,11330,T2C
189,0,1,0,306,green,11330,T2C
190,0,1,0,306,green,11330,T2C
191,0,1,0,306,green,11330,T2C
192,0,1,0,306,green,11330,T2C
193,0,1,0,306,green,11330,T2C
194,0,1,0,306,green,11330,T2C
195,0,1,0,306,green,11330,T2C
196,0,1,0,306,green,11330,T2C
197,0,1,0,306,green,11330,T2C
0,0,0,1,307,green,11429,T2C
1,0,0,1,307,green,11429,T2C
2,0,0,1,307,green,11429,T2C
3,0,0,1,307,green,11429,T2C
4,0,0,1,307,green,11429,T2C
5,0,0,1,307,green,11429,T2C
6,0,0,1,307,green,11429,T2C
7,0,0,1,307,green,11429,T2C
8,0,0,1,307,green,11429,T2C
9,0,0,1,307,green,11429,T2C
10,0,0,1,307,green,11429,T2C
11,0,0,1,307,green,11429,T2C
12,0,0,1,307,green,11429,T2C
13,0,0,1,307,green,11429,T2C
14,0,0,1,307,green,11429,T2C
15,0,0,1,307,green,11429,T2C
16,0,0,1,307,green,11429,T2C
17,0,0,1,307,green,11429,T2C
18,0,0,1,307,green,11429,T2C
19,0,0,1,307,green,11429,T2C
20,0,0,1,307,green,11429,T2C
21,0,0,1,307,green,11429,T2C
22,0,0,1,307,green,11429,T2C
23,0,0,1,307,green,11429,T2C
24,0,0,1,307,green,11429,T2C
25,0,0,1,307,green,11429,T2C
26,0,0,1,307,green,11429,T2C
27,0,0,1,307,green,11429,T2C
28,0,0,1,307,green,11429,T2C
29,0,0,1,307,green,11429,T2C
30,0,0,1,307,green,11429,T2C
31,0,0,1,307,green,11429,T2C
32,0,0,1,307,green,11429,T2C
33,0,0,1,307,green,11429,T2C
34,0,0,1,307,green,11429,T2C
35,0,0,1,307,green,11429,T2C
36,0,0,1,307,green,11429,T2C
37,0,0,1,307,green,11429,T2C
38,0,0,1,307,green,11429,T2C
39,0,0,1,307,green,11429,T2C
40,0,0,1,307,green,11429,T2C
41,0,0,1,307,green,11429,T2C
42,0,0,1,307,green,11429,T2C
43,0,0,1,307,green,11429,T2C
44,0,0,1,307,green,11429,T2C
45,0,0,1,307,green,11429,T2C
46,0,0,1,307,green,11429,T2C
47,0,0,1,307,green,11429,T2C
48,0,0,1,307,green,11429,T2C
49,0,0,1,307,green,11429,T2C
50,0,0,1,307,green,11429,T2C
51,0,0,1,307,green,11429,T2C
52,0,0,1,307,green,11429,T2C
53,0,0,1,307,green,11429,T2C
54,0,0,1,307,green,11429,T2C
55,0,0,1,307,green,11429,T2C
56,1,0,0,307,green,11429,T2C
57,1,0,0,307,green,11429,T2C
58,1,0,0,307,green,11429,T2C
59,1,0,0,307,green,11429,T2C
60,1,0,0,307,green,11429,T2C
61,1,0,0,307,green,11429,T2C
62,1,0,0,307,green,11429,T2C
63,1,0,0,307,green,11429,T2C
64,1,0,0,307,green,11429,T2C
65,1,0,0,307,green,11429,T2C
66,1,0,0,307,green,11429,T2C
67,1,0,0,307,green,11429,T2C
68,1,0,0,307,green,11429,T2C
69,1,0,0,307,green,11429,T2C
70,1,0,0,307,green,11429,T2C
71,1,0,0,307,green,11429,T2C
72,1,0,0,307,green,11429,T2C
73,1,0,0,307,green,11429,T2C
74,1,0,0,307,green,11429,T2C
75,1,0,0,307,green,11429,T2C
76,1,0,0,307,green,11429,T2C
77,1,0,0,307,green,11429,T2C
78,1,0,0,307,green,11429,T2C
79,1,0,0,307,green,11429,T2C
80,1,0,0,307,green,11429,T2C
81,1,0,0,307,green,11429,T2C
82,1,0,0,307,green,11429,T2C
83,1,0,0,307,green,11429,T2C
84,1,0,0,307,green,11429,T2C
85,1,0,0,307,green,11429,T2C
86,1,0,0,307,green,11429,T2C
87,1,0,0,307,green,11429,T2C
88,1,0,0,307,green,11429,T2C
89,1,0,0,307,green,11429,T2C
90,1,0,0,307,green,11429,T2C
91,1,0,0,307,green,11429,T2C
92,1,0,0,307,green,11429,T2C
93,1,0,0,307,green,11429,T2C
94,1,0,0,307,green,11429,T2C
95,1,0,0,307,green,11429,T2C
96,1,0,0,307,green,11429,T2C
97,1,0,0,307,green,11429,T2C
98,1,0,0,307,green,11429,T2C
99,1,0,0,307,green,11429,T2C
100,1,0,0,307,green,11429,T2C
101,1,0,0,307,green,11429,T2C
102,1,0,0,307,green,11429,T2C
103,1,0,0,307,green,11429,T2C
104,1,0,0,307,green,11429,T2C
105,1,0,0,307,green,11429,T2C
106,1,0,0,307,green,11429,T2C
107,1,0,0,307,green,11429,T2C
108,1,0,0,307,green,11429,T2C
109,1,0,0,307,green,11429,T2C
110,1,0,0,307,green,11429,T2C
111,1,0,0,307,green,11429,T2C
112,1,0,0,307,green,11429,T2C
113,1,0,0,307,green,11429,T2C
114,1,0,0,307,green,11429,T2C
115,1,0,0,307,green,11429,T2C
116,1,0,0,307,green,11429,T2C
117,1,0,0,307,green,11429,T2C
118,1,0,0,307,green,11429,T2C
119,1,0,0,307,green,11429,T2C
120,1,0,0,307,green,11429,T2C
121,1,0,0,307,green,11429,T2C
122,1,0,0,307,green,11429,T2C
123,1,0,0,307,green,11429,T2C
124,1,0,0,307,green,11429,T2C
125,1,0,0,307,green,11429,T2C
126,1,0,0,307,green,11429,T2C
127,1,0,0,307,green,11429,T2C
128,1,0,0,307,green,11429,T2C
129,1,0,0,307,green,11429,T2C
130,1,0,0,307,green,11429,T2C
131,1,0,0,307,green,11429,T2C
132,1,0,0,307,green,11429,T2C
133,1,0,0,307,green,11429,T2C
134,1,0,0,307,green,11429,T2C
135,1,0,0,307,green,11429,T2C
136,1,0,0,307,green,11429,T2C
137,1,0,0,307,green,11429,T2C
138,1,0,0,307,green,11429,T2C
139,1,0,0,307,green,11429,T2C
140,1,0,0,307,green,11429,T2C
141,1,0,0,307,green,11429,T2C
142,1,0,0,307,green,11429,T2C
143,1,0,0,307,green,11429,T2C
144,1,0,0,307,green,11429,T2C
145,1,0,0,307,green,11429,T2C
146,1,0,0,307,green,11429,T2C
147,1,0,0,307,green,11429,T2C
148,1,0,0,307,green,11429,T2C
149,1,0,0,307,green,11429,T2C
150,1,0,0,307,green,11429,T2C
151,1,0,0,307,green,11429,T2C
152,1,0,0,307,green,11429,T2C
153,1,0,0,307,green,11429,T2C
154,1,0,0,307,green,11429,T2C
155,1,0,0,307,green,11429,T2C
156,1,0,0,307,green,11429,T2C
157,1,0,0,307,green,11429,T2C
158,1,0,0,307,green,11429,T2C
159,1,0,0,307,green,11429,T2C
160,1,0,0,307,green,11429,T2C
161,1,0,0,307,green,11429,T2C
162,1,0,0,307,green,11429,T2C
163,1,0,0,307,green,11429,T2C
164,1,0,0,307,green,11429,T2C
165,1,0,0,307,green,11429,T2C
166,1,0,0,307,green,11429,T2C
167,1,0,0,307,green,11429,T2C
168,1,0,0,307,green,11429,T2C
169,1,0,0,307,green,11429,T2C
170,1,0,0,307,green,11429,T2C
171,1,0,0,307,green,11429,T2C
172,0,0,1,307,green,11429,T2C
173,0,1,0,307,green,11429,T2C
174,0,1,0,307,green,11429,T2C
175,0,1,0,307,green,11429,T2C
176,0,1,0,307,green,11429,T2C
177,0,1,0,307,green,11429,T2C
178,0,1,0,307,green,11429,T2C
179,0,1,0,307,green,11429,T2C
180,0,1,0,307,green,11429,T2C
181,0,1,0,307,green,11429,T2C
182,0,1,0,307,green,11429,T2C
183,0,1,0,307,green,11429,T2C
184,0,1,0,307,green,11429,T2C
185,0,1,0,307,green,11429,T2C
186,0,1,0,307,green,11429,T2C
187,0,1,0,307,green,11429,T2C
188,0,1,0,307,green,11429,T2C
189,0,1,0,307,green,11429,T2C
190,0,1,0,307,green,11429,T2C
191,0,1,0,307,green,11429,T2C
192,0,1,0,307,green,11429,T2C
193,0,1,0,307,green,11429,T2C
194,0,1,0,307,green,11429,T2C
195,0,1,0,307,green,11429,T2C
196,0,1,0,307,green,11429,T2C
197,0,1,0,307,green,11429,T2C
0,0,0,1,308,green,11473,T2C
1,0,0,1,308,green,11473,T2C
2,0,0,1,308,green,11473,T2C
3,0,0,1,308,green,11473,T2C
4,0,0,1,308,green,11473,T2C
5,0,0,1,308,green,11473,T2C
6,0,0,1,308,green,11473,T2C
7,0,0,1,308,green,11473,T2C
8,0,0,1,308,green,11473,T2C
9,0,0,1,308,green,11473,T2C
10,0,0,1,308,green,11473,T2C
11,0,0,1,308,green,11473,T2C
12,0,0,1,308,green,11473,T2C
13,0,0,1,308,green,11473,T2C
14,0,0,1,308,green,11473,T2C
15,0,0,1,308,green,11473,T2C
16,0,0,1,308,green,11473,T2C
17,0,0,1,308,green,11473,T2C
18,0,0,1,308,green,11473,T2C
19,0,0,1,308,green,11473,T2C
20,0,0,1,308,green,11473,T2C
21,0,0,1,308,green,11473,T2C
22,0,0,1,308,green,11473,T2C
23,0,0,1,308,green,11473,T2C
24,0,0,1,308,green,11473,T2C
25,0,0,1,308,green,11473,T2C
26,0,0,1,308,green,11473,T2C
27,0,0,1,308,green,11473,T2C
28,0,0,1,308,green,11473,T2C
29,0,0,1,308,green,11473,T2C
30,0,0,1,308,green,11473,T2C
31,0,0,1,308,green,11473,T2C
32,0,0,1,308,green,11473,T2C
33,0,0,1,308,green,11473,T2C
34,0,0,1,308,green,11473,T2C
35,0,0,1,308,green,11473,T2C
36,0,0,1,308,green,11473,T2C
37,0,0,1,308,green,11473,T2C
38,0,0,1,308,green,11473,T2C
39,0,0,1,308,green,11473,T2C
40,0,0,1,308,green,11473,T2C
41,0,0,1,308,green,11473,T2C
42,0,0,1,308,green,11473,T2C
43,0,0,1,308,green,11473,T2C
44,0,0,1,308,green,11473,T2C
45,0,0,1,308,green,11473,T2C
46,0,0,1,308,green,11473,T2C
47,0,0,1,308,green,11473,T2C
48,0,0,1,308,green,11473,T2C
49,0,0,1,308,green,11473,T2C
50,0,0,1,308,green,11473,T2C
51,0,0,1,308,green,11473,T2C
52,0,0,1,308,green,11473,T2C
53,0,0,1,308,green,11473,T2C
54,1,0,0,308,green,11473,T2C
55,1,0,0,308,green,11473,T2C
56,1,0,0,308,green,11473,T2C
57,0,0,1,308,green,11473,T2C
58,0,0,1,308,green,11473,T2C
59,0,0,1,308,green,11473,T2C
60,0,0,1,308,green,11473,T2C
61,0,0,1,308,green,11473,T2C
62,0,0,1,308,green,11473,T2C
63,0,0,1,308,green,11473,T2C
64,0,0,1,308,green,11473,T2C
65,0,0,1,308,green,11473,T2C
66,0,0,1,308,green,11473,T2C
67,0,0,1,308,green,11473,T2C
68,0,0,1,308,green,11473,T2C
69,0,0,1,308,green,11473,T2C
70,0,0,1,308,green,11473,T2C
71,0,0,1,308,green,11473,T2C
72,0,0,1,308,green,11473,T2C
73,0,0,1,308,green,11473,T2C
74,0,0,1,308,green,11473,T2C
75,0,0,1,308,green,11473,T2C
76,0,0,1,308,green,11473,T2C
77,0,0,1,308,green,11473,T2C
78,0,0,1,308,green,11473,T2C
79,0,0,1,308,green,11473,T2C
80,0,0,1,308,green,11473,T2C
81,0,0,1,308,green,11473,T2C
82,0,0,1,308,green,11473,T2C
83,0,0,1,308,green,11473,T2C
84,0,0,1,308,green,11473,T2C
85,0,0,1,308,green,11473,T2C
86,0,0,1,308,green,11473,T2C
87,0,0,1,308,green,11473,T2C
88,0,1,0,308,green,11473,T2C
89,0,1,0,308,green,11473,T2C
90,0,1,0,308,green,11473,T2C
91,0,0,1,308,green,11473,T2C
92,0,0,1,308,green,11473,T2C
93,0,0,1,308,green,11473,T2C
94,0,0,1,308,green,11473,T2C
95,0,0,1,308,green,11473,T2C
96,0,0,1,308,green,11473,T2C
97,0,0,1,308,green,11473,T2C
98,0,0,1,308,green,11473,T2C
99,0,0,1,308,green,11473,T2C
100,0,0,1,308,green,11473,T2C
101,0,0,1,308,green,11473,T2C
102,0,0,1,308,green,11473,T2C
103,0,0,1,308,green,11473,T2C
104,0,0,1,308,green,11473,T2C
105,0,0,1,308,green,11473,T2C
106,0,0,1,308,green,11473,T2C
107,0,0,1,308,green,11473,T2C
108,0,0,1,308,green,11473,T2C
109,0,0,1,308,green,11473,T2C
110,0,0,1,308,green,11473,T2C
111,0,0,1,308,green,11473,T2C
112,0,0,1,308,green,11473,T2C
113,0,0,1,308,green,11473,T2C
114,0,0,1,308,green,11473,T2C
115,0,0,1,308,green,11473,T2C
116,0,0,1,308,green,11473,T2C
117,0,0,1,308,green,11473,T2C
118,0,0,1,308,green,11473,T2C
119,0,0,1,308,green,11473,T2C
120,1,0,0,308,green,11473,T2C
121,0,0,1,308,green,11473,T2C
122,0,0,1,308,green,11473,T2C
123,0,0,1,308,green,11473,T2C
124,0,0,1,308,green,11473,T2C
125,0,0,1,308,green,11473,T2C
126,0,0,1,308,green,11473,T2C
127,0,0,1,308,green,11473,T2C
128,1,0,0,308,green,11473,T2C
129,1,0,0,308,green,11473,T2C
130,1,0,0,308,green,11473,T2C
131,0,0,1,308,green,11473,T2C
132,0,0,1,308,green,11473,T2C
133,0,0,1,308,green,11473,T2C
134,0,0,1,308,green,11473,T2C
135,0,0,1,308,green,11473,T2C
136,0,0,1,308,green,11473,T2C
137,1,0,0,308,green,11473,T2C
138,1,0,0,308,green,11473,T2C
139,1,0,0,308,green,11473,T2C
140,0,0,1,308,green,11473,T2C
141,0,0,1,308,green,11473,T2C
142,0,0,1,308,green,11473,T2C
143,0,0,1,308,green,11473,T2C
144,0,0,1,308,green,11473,T2C
145,0,0,1,308,green,11473,T2C
146,0,0,1,308,green,11473,T2C
147,0,0,1,308,green,11473,T2C
148,0,0,1,308,green,11473,T2C
149,0,0,1,308,green,11473,T2C
150,0,0,1,308,green,11473,T2C
151,0,0,1,308,green,11473,T2C
152,0,0,1,308,green,11473,T2C
153,0,0,1,308,green,11473,T2C
154,0,0,1,308,green,11473,T2C
155,0,0,1,308,green,11473,T2C
156,0,0,1,308,green,11473,T2C
157,0,0,1,308,green,11473,T2C
158,0,0,1,308,green,11473,T2C
159,0,0,1,308,green,11473,T2C
160,0,0,1,308,green,11473,T2C
161,0,0,1,308,green,11473,T2C
162,0,0,1,308,green,11473,T2C
163,0,0,1,308,green,11473,T2C
164,0,0,1,308,green,11473,T2C
165,0,0,1,308,green,11473,T2C
166,0,0,1,308,green,11473,T2C
167,0,0,1,308,green,11473,T2C
168,0,0,1,308,green,11473,T2C
169,0,0,1,308,green,11473,T2C
170,0,0,1,308,green,11473,T2C
171,0,0,1,308,green,11473,T2C
172,0,0,1,308,green,11473,T2C
173,0,0,1,308,green,11473,T2C
174,0,0,1,308,green,11473,T2C
175,0,0,1,308,green,11473,T2C
176,0,0,1,308,green,11473,T2C
177,0,0,1,308,green,11473,T2C
178,0,0,1,308,green,11473,T2C
179,0,0,1,308,green,11473,T2C
180,0,0,1,308,green,11473,T2C
181,0,0,1,308,green,11473,T2C
182,0,0,1,308,green,11473,T2C
183,0,0,1,308,green,11473,T2C
184,0,0,1,308,green,11473,T2C
185,0,0,1,308,green,11473,T2C
186,0,0,1,308,green,11473,T2C
187,0,0,1,308,green,11473,T2C
188,0,0,1,308,green,11473,T2C
189,0,0,1,308,green,11473,T2C
190,0,0,1,308,green,11473,T2C
191,0,0,1,308,green,11473,T2C
192,0,0,1,308,green,11473,T2C
193,0,0,1,308,green,11473,T2C
194,0,0,1,308,green,11473,T2C
195,0,0,1,308,green,11473,T2C
196,0,0,1,308,green,11473,T2C
197,0,0,1,308,green,11473,T2C
0,0,0,1,309,green,11553,T2C
1,0,0,1,309,green,11553,T2C
2,0,0,1,309,green,11553,T2C
3,0,0,1,309,green,11553,T2C
4,0,0,1,309,green,11553,T2C
5,0,0,1,309,green,11553,T2C
6,0,0,1,309,green,11553,T2C
7,0,0,1,309,green,11553,T2C
8,0,0,1,309,green,11553,T2C
9,0,0,1,309,green,11553,T2C
10,0,0,1,309,green,11553,T2C
11,0,0,1,309,green,11553,T2C
12,0,0,1,309,green,11553,T2C
13,0,0,1,309,green,11553,T2C
14,0,0,1,309,green,11553,T2C
15,0,0,1,309,green,11553,T2C
16,0,0,1,309,green,11553,T2C
17,0,0,1,309,green,11553,T2C
18,0,0,1,309,green,11553,T2C
19,0,0,1,309,green,11553,T2C
20,0,0,1,309,green,11553,T2C
21,0,0,1,309,green,11553,T2C
22,0,0,1,309,green,11553,T2C
23,0,0,1,309,green,11553,T2C
24,0,0,1,309,green,11553,T2C
25,0,0,1,309,green,11553,T2C
26,0,0,1,309,green,11553,T2C
27,0,0,1,309,green,11553,T2C
28,0,0,1,309,green,11553,T2C
29,0,0,1,309,green,11553,T2C
30,0,0,1,309,green,11553,T2C
31,0,0,1,309,green,11553,T2C
32,0,0,1,309,green,11553,T2C
33,0,0,1,309,green,11553,T2C
34,0,0,1,309,green,11553,T2C
35,0,0,1,309,green,11553,T2C
36,0,0,1,309,green,11553,T2C
37,0,0,1,309,green,11553,T2C
38,0,0,1,309,green,11553,T2C
39,0,0,1,309,green,11553,T2C
40,0,0,1,309,green,11553,T2C
41,0,0,1,309,green,11553,T2C
42,0,0,1,309,green,11553,T2C
43,0,0,1,309,green,11553,T2C
44,0,0,1,309,green,11553,T2C
45,0,0,1,309,green,11553,T2C
46,0,0,1,309,green,11553,T2C
47,0,0,1,309,green,11553,T2C
48,0,0,1,309,green,11553,T2C
49,0,0,1,309,green,11553,T2C
50,0,0,1,309,green,11553,T2C
51,0,0,1,309,green,11553,T2C
52,0,0,1,309,green,11553,T2C
53,0,0,1,309,green,11553,T2C
54,0,0,1,309,green,11553,T2C
55,0,0,1,309,green,11553,T2C
56,0,0,1,309,green,11553,T2C
57,0,0,1,309,green,11553,T2C
58,0,0,1,309,green,11553,T2C
59,0,0,1,309,green,11553,T2C
60,0,0,1,309,green,11553,T2C
61,0,0,1,309,green,11553,T2C
62,0,0,1,309,green,11553,T2C
63,0,0,1,309,green,11553,T2C
64,0,0,1,309,green,11553,T2C
65,0,0,1,309,green,11553,T2C
66,0,1,0,309,green,11553,T2C
67,0,1,0,309,green,11553,T2C
68,0,1,0,309,green,11553,T2C
69,0,1,0,309,green,11553,T2C
70,0,1,0,309,green,11553,T2C
71,0,1,0,309,green,11553,T2C
72,0,1,0,309,green,11553,T2C
73,0,1,0,309,green,11553,T2C
74,0,1,0,309,green,11553,T2C
75,0,1,0,309,green,11553,T2C
76,0,1,0,309,green,11553,T2C
77,0,1,0,309,green,11553,T2C
78,0,1,0,309,green,11553,T2C
79,0,1,0,309,green,11553,T2C
80,0,1,0,309,green,11553,T2C
81,0,1,0,309,green,11553,T2C
82,0,1,0,309,green,11553,T2C
83,0,1,0,309,green,11553,T2C
84,0,1,0,309,green,11553,T2C
85,0,1,0,309,green,11553,T2C
86,0,1,0,309,green,11553,T2C
87,0,1,0,309,green,11553,T2C
88,0,1,0,309,green,11553,T2C
89,0,1,0,309,green,11553,T2C
90,0,1,0,309,green,11553,T2C
91,0,1,0,309,green,11553,T2C
92,0,1,0,309,green,11553,T2C
93,0,1,0,309,green,11553,T2C
94,0,1,0,309,green,11553,T2C
95,0,1,0,309,green,11553,T2C
96,0,1,0,309,green,11553,T2C
97,0,1,0,309,green,11553,T2C
98,0,1,0,309,green,11553,T2C
99,0,1,0,309,green,11553,T2C
100,0,1,0,309,green,11553,T2C
101,0,1,0,309,green,11553,T2C
102,0,1,0,309,green,11553,T2C
103,0,1,0,309,green,11553,T2C
104,0,1,0,309,green,11553,T2C
105,0,1,0,309,green,11553,T2C
106,0,1,0,309,green,11553,T2C
107,0,1,0,309,green,11553,T2C
108,0,1,0,309,green,11553,T2C
109,0,1,0,309,green,11553,T2C
110,0,1,0,309,green,11553,T2C
111,0,1,0,309,green,11553,T2C
112,0,1,0,309,green,11553,T2C
113,0,1,0,309,green,11553,T2C
114,0,1,0,309,green,11553,T2C
115,0,1,0,309,green,11553,T2C
116,0,1,0,309,green,11553,T2C
117,0,1,0,309,green,11553,T2C
118,0,1,0,309,green,11553,T2C
119,0,1,0,309,green,11553,T2C
120,0,1,0,309,green,11553,T2C
121,0,1,0,309,green,11553,T2C
122,0,1,0,309,green,11553,T2C
123,0,1,0,309,green,11553,T2C
124,0,1,0,309,green,11553,T2C
125,0,1,0,309,green,11553,T2C
126,0,1,0,309,green,11553,T2C
127,0,1,0,309,green,11553,T2C
128,0,1,0,309,green,11553,T2C
129,0,1,0,309,green,11553,T2C
130,0,1,0,309,green,11553,T2C
131,0,1,0,309,green,11553,T2C
132,0,1,0,309,green,11553,T2C
133,0,1,0,309,green,11553,T2C
134,0,1,0,309,green,11553,T2C
135,0,1,0,309,green,11553,T2C
136,0,1,0,309,green,11553,T2C
137,0,0,1,309,green,11553,T2C
138,0,0,1,309,green,11553,T2C
139,0,0,1,309,green,11553,T2C
140,0,0,1,309,green,11553,T2C
141,0,0,1,309,green,11553,T2C
142,0,0,1,309,green,11553,T2C
143,0,0,1,309,green,11553,T2C
144,0,0,1,309,green,11553,T2C
145,0,0,1,309,green,11553,T2C
146,0,0,1,309,green,11553,T2C
147,0,0,1,309,green,11553,T2C
148,0,0,1,309,green,11553,T2C
149,0,0,1,309,green,11553,T2C
150,0,0,1,309,green,11553,T2C
151,0,0,1,309,green,11553,T2C
152,0,0,1,309,green,11553,T2C
153,0,0,1,309,green,11553,T2C
154,0,0,1,309,green,11553,T2C
155,0,0,1,309,green,11553,T2C
156,0,0,1,309,green,11553,T2C
157,0,0,1,309,green,11553,T2C
158,0,0,1,309,green,11553,T2C
159,0,0,1,309,green,11553,T2C
160,0,0,1,309,green,11553,T2C
161,0,0,1,309,green,11553,T2C
162,0,0,1,309,green,11553,T2C
163,0,0,1,309,green,11553,T2C
164,0,0,1,309,green,11553,T2C
165,0,0,1,309,green,11553,T2C
166,0,0,1,309,green,11553,T2C
167,0,0,1,309,green,11553,T2C
168,0,1,0,309,green,11553,T2C
169,0,1,0,309,green,11553,T2C
170,0,1,0,309,green,11553,T2C
171,0,1,0,309,green,11553,T2C
172,0,1,0,309,green,11553,T2C
173,0,1,0,309,green,11553,T2C
174,0,1,0,309,green,11553,T2C
175,0,1,0,309,green,11553,T2C
176,0,1,0,309,green,11553,T2C
177,0,1,0,309,green,11553,T2C
178,0,1,0,309,green,11553,T2C
179,0,1,0,309,green,11553,T2C
180,0,1,0,309,green,11553,T2C
181,0,1,0,309,green,11553,T2C
182,0,1,0,309,green,11553,T2C
183,0,1,0,309,green,11553,T2C
184,0,1,0,309,green,11553,T2C
185,0,1,0,309,green,11553,T2C
186,0,1,0,309,green,11553,T2C
187,0,1,0,309,green,11553,T2C
188,0,1,0,309,green,11553,T2C
189,0,1,0,309,green,11553,T2C
190,0,1,0,309,green,11553,T2C
191,0,1,0,309,green,11553,T2C
192,0,1,0,309,green,11553,T2C
193,0,1,0,309,green,11553,T2C
194,0,1,0,309,green,11553,T2C
195,0,1,0,309,green,11553,T2C
196,0,1,0,309,green,11553,T2C
197,0,1,0,309,green,11553,T2C
0,0,0,1,310,green,11612,T2C
1,0,0,1,310,green,11612,T2C
2,0,0,1,310,green,11612,T2C
3,0,0,1,310,green,11612,T2C
4,0,0,1,310,green,11612,T2C
5,0,0,1,310,green,11612,T2C
6,0,0,1,310,green,11612,T2C
7,0,0,1,310,green,11612,T2C
8,0,0,1,310,green,11612,T2C
9,0,0,1,310,green,11612,T2C
10,0,0,1,310,green,11612,T2C
11,0,0,1,310,green,11612,T2C
12,0,0,1,310,green,11612,T2C
13,0,0,1,310,green,11612,T2C
14,0,0,1,310,green,11612,T2C
15,0,0,1,310,green,11612,T2C
16,0,0,1,310,green,11612,T2C
17,0,0,1,310,green,11612,T2C
18,0,0,1,310,green,11612,T2C
19,0,0,1,310,green,11612,T2C
20,0,0,1,310,green,11612,T2C
21,0,0,1,310,green,11612,T2C
22,0,0,1,310,green,11612,T2C
23,0,0,1,310,green,11612,T2C
24,0,0,1,310,green,11612,T2C
25,0,0,1,310,green,11612,T2C
26,0,0,1,310,green,11612,T2C
27,0,0,1,310,green,11612,T2C
28,0,0,1,310,green,11612,T2C
29,0,0,1,310,green,11612,T2C
30,0,0,1,310,green,11612,T2C
31,0,0,1,310,green,11612,T2C
32,0,0,1,310,green,11612,T2C
33,0,0,1,310,green,11612,T2C
34,0,0,1,310,green,11612,T2C
35,0,0,1,310,green,11612,T2C
36,0,0,1,310,green,11612,T2C
37,0,0,1,310,green,11612,T2C
38,0,0,1,310,green,11612,T2C
39,0,0,1,310,green,11612,T2C
40,0,0,1,310,green,11612,T2C
41,0,0,1,310,green,11612,T2C
42,0,0,1,310,green,11612,T2C
43,0,0,1,310,green,11612,T2C
44,0,0,1,310,green,11612,T2C
45,0,0,1,310,green,11612,T2C
46,0,0,1,310,green,11612,T2C
47,0,0,1,310,green,11612,T2C
48,0,0,1,310,green,11612,T2C
49,0,0,1,310,green,11612,T2C
50,0,0,1,310,green,11612,T2C
51,0,0,1,310,green,11612,T2C
52,0,0,1,310,green,11612,T2C
53,0,0,1,310,green,11612,T2C
54,0,0,1,310,green,11612,T2C
55,0,0,1,310,green,11612,T2C
56,0,0,1,310,green,11612,T2C
57,0,0,1,310,green,11612,T2C
58,0,0,1,310,green,11612,T2C
59,0,0,1,310,green,11612,T2C
60,0,0,1,310,green,11612,T2C
61,0,0,1,310,green,11612,T2C
62,0,0,1,310,green,11612,T2C
63,0,0,1,310,green,11612,T2C
64,0,0,1,310,green,11612,T2C
65,0,0,1,310,green,11612,T2C
66,0,0,1,310,green,11612,T2C
67,0,0,1,310,green,11612,T2C
68,0,0,1,310,green,11612,T2C
69,0,0,1,310,green,11612,T2C
70,0,0,1,310,green,11612,T2C
71,0,0,1,310,green,11612,T2C
72,0,0,1,310,green,11612,T2C
73,0,0,1,310,green,11612,T2C
74,0,0,1,310,green,11612,T2C
75,0,0,1,310,green,11612,T2C
76,0,0,1,310,green,11612,T2C
77,0,0,1,310,green,11612,T2C
78,0,0,1,310,green,11612,T2C
79,0,0,1,310,green,11612,T2C
80,0,0,1,310,green,11612,T2C
81,0,0,1,310,green,11612,T2C
82,0,0,1,310,green,11612,T2C
83,0,0,1,310,green,11612,T2C
84,0,0,1,310,green,11612,T2C
85,0,0,1,310,green,11612,T2C
86,0,0,1,310,green,11612,T2C
87,0,0,1,310,green,11612,T2C
88,0,0,1,310,green,11612,T2C
89,0,0,1,310,green,11612,T2C
90,0,0,1,310,green,11612,T2C
91,0,0,1,310,green,11612,T2C
92,0,0,1,310,green,11612,T2C
93,0,0,1,310,green,11612,T2C
94,0,0,1,310,green,11612,T2C
95,0,0,1,310,green,11612,T2C
96,0,0,1,310,green,11612,T2C
97,0,0,1,310,green,11612,T2C
98,0,0,1,310,green,11612,T2C
99,0,0,1,310,green,11612,T2C
100,0,0,1,310,green,11612,T2C
101,0,0,1,310,green,11612,T2C
102,0,0,1,310,green,11612,T2C
103,0,0,1,310,green,11612,T2C
104,0,0,1,310,green,11612,T2C
105,0,0,1,310,green,11612,T2C
106,0,0,1,310,green,11612,T2C
107,0,0,1,310,green,11612,T2C
108,0,0,1,310,green,11612,T2C
109,0,0,1,310,green,11612,T2C
110,0,0,1,310,green,11612,T2C
111,0,0,1,310,green,11612,T2C
112,0,0,1,310,green,11612,T2C
113,0,0,1,310,green,11612,T2C
114,0,0,1,310,green,11612,T2C
115,0,0,1,310,green,11612,T2C
116,0,0,1,310,green,11612,T2C
117,0,0,1,310,green,11612,T2C
118,0,0,1,310,green,11612,T2C
119,0,0,1,310,green,11612,T2C
120,0,0,1,310,green,11612,T2C
121,0,0,1,310,green,11612,T2C
122,0,0,1,310,green,11612,T2C
123,0,0,1,310,green,11612,T2C
124,0,0,1,310,green,11612,T2C
125,0,0,1,310,green,11612,T2C
126,0,0,1,310,green,11612,T2C
127,0,0,1,310,green,11612,T2C
128,0,0,1,310,green,11612,T2C
129,0,0,1,310,green,11612,T2C
130,0,0,1,310,green,11612,T2C
131,0,0,1,310,green,11612,T2C
132,0,0,1,310,green,11612,T2C
133,0,0,1,310,green,11612,T2C
134,0,0,1,310,green,11612,T2C
135,0,0,1,310,green,11612,T2C
136,0,0,1,310,green,11612,T2C
137,0,0,1,310,green,11612,T2C
138,0,0,1,310,green,11612,T2C
139,0,0,1,310,green,11612,T2C
140,0,0,1,310,green,11612,T2C
141,0,0,1,310,green,11612,T2C
142,0,0,1,310,green,11612,T2C
143,0,0,1,310,green,11612,T2C
144,0,0,1,310,green,11612,T2C
145,0,0,1,310,green,11612,T2C
146,0,0,1,310,green,11612,T2C
147,0,0,1,310,green,11612,T2C
148,0,0,1,310,green,11612,T2C
149,0,0,1,310,green,11612,T2C
150,0,0,1,310,green,11612,T2C
151,0,0,1,310,green,11612,T2C
152,0,0,1,310,green,11612,T2C
153,0,0,1,310,green,11612,T2C
154,0,0,1,310,green,11612,T2C
155,0,0,1,310,green,11612,T2C
156,0,0,1,310,green,11612,T2C
157,0,0,1,310,green,11612,T2C
158,0,0,1,310,green,11612,T2C
159,0,0,1,310,green,11612,T2C
160,0,0,1,310,green,11612,T2C
161,0,0,1,310,green,11612,T2C
162,0,0,1,310,green,11612,T2C
163,0,0,1,310,green,11612,T2C
164,0,0,1,310,green,11612,T2C
165,0,0,1,310,green,11612,T2C
166,0,0,1,310,green,11612,T2C
167,0,0,1,310,green,11612,T2C
168,0,0,1,310,green,11612,T2C
169,0,0,1,310,green,11612,T2C
170,0,0,1,310,green,11612,T2C
171,0,1,0,310,green,11612,T2C
172,0,1,0,310,green,11612,T2C
173,0,1,0,310,green,11612,T2C
174,0,1,0,310,green,11612,T2C
175,0,1,0,310,green,11612,T2C
176,0,1,0,310,green,11612,T2C
177,0,1,0,310,green,11612,T2C
178,0,1,0,310,green,11612,T2C
179,0,1,0,310,green,11612,T2C
180,0,1,0,310,green,11612,T2C
181,0,1,0,310,green,11612,T2C
182,0,1,0,310,green,11612,T2C
183,0,1,0,310,green,11612,T2C
184,0,1,0,310,green,11612,T2C
185,0,1,0,310,green,11612,T2C
186,0,1,0,310,green,11612,T2C
187,0,1,0,310,green,11612,T2C
188,0,1,0,310,green,11612,T2C
189,0,1,0,310,green,11612,T2C
190,0,1,0,310,green,11612,T2C
191,0,1,0,310,green,11612,T2C
192,0,1,0,310,green,11612,T2C
193,0,1,0,310,green,11612,T2C
194,0,1,0,310,green,11612,T2C
195,0,1,0,310,green,11612,T2C
196,0,1,0,310,green,11612,T2C
197,0,1,0,310,green,11612,T2C
0,0,0,1,313,green,11792,T2C
1,0,0,1,313,green,11792,T2C
2,0,0,1,313,green,11792,T2C
3,0,0,1,313,green,11792,T2C
4,0,0,1,313,green,11792,T2C
5,0,0,1,313,green,11792,T2C
6,0,0,1,313,green,11792,T2C
7,0,0,1,313,green,11792,T2C
8,0,0,1,313,green,11792,T2C
9,0,0,1,313,green,11792,T2C
10,0,0,1,313,green,11792,T2C
11,0,0,1,313,green,11792,T2C
12,0,0,1,313,green,11792,T2C
13,0,0,1,313,green,11792,T2C
14,0,0,1,313,green,11792,T2C
15,0,0,1,313,green,11792,T2C
16,0,0,1,313,green,11792,T2C
17,0,0,1,313,green,11792,T2C
18,0,0,1,313,green,11792,T2C
19,0,0,1,313,green,11792,T2C
20,0,0,1,313,green,11792,T2C
21,0,0,1,313,green,11792,T2C
22,0,0,1,313,green,11792,T2C
23,0,0,1,313,green,11792,T2C
24,0,0,1,313,green,11792,T2C
25,0,0,1,313,green,11792,T2C
26,0,0,1,313,green,11792,T2C
27,0,0,1,313,green,11792,T2C
28,0,0,1,313,green,11792,T2C
29,0,0,1,313,green,11792,T2C
30,0,0,1,313,green,11792,T2C
31,0,0,1,313,green,11792,T2C
32,0,0,1,313,green,11792,T2C
33,0,0,1,313,green,11792,T2C
34,0,0,1,313,green,11792,T2C
35,0,0,1,313,green,11792,T2C
36,0,0,1,313,green,11792,T2C
37,0,0,1,313,green,11792,T2C
38,0,0,1,313,green,11792,T2C
39,0,0,1,313,green,11792,T2C
40,0,0,1,313,green,11792,T2C
41,0,0,1,313,green,11792,T2C
42,0,0,1,313,green,11792,T2C
43,0,0,1,313,green,11792,T2C
44,0,0,1,313,green,11792,T2C
45,0,0,1,313,green,11792,T2C
46,0,0,1,313,green,11792,T2C
47,0,0,1,313,green,11792,T2C
48,0,0,1,313,green,11792,T2C
49,0,0,1,313,green,11792,T2C
50,0,0,1,313,green,11792,T2C
51,0,0,1,313,green,11792,T2C
52,0,0,1,313,green,11792,T2C
53,1,0,0,313,green,11792,T2C
54,1,0,0,313,green,11792,T2C
55,1,0,0,313,green,11792,T2C
56,1,0,0,313,green,11792,T2C
57,1,0,0,313,green,11792,T2C
58,1,0,0,313,green,11792,T2C
59,1,0,0,313,green,11792,T2C
60,1,0,0,313,green,11792,T2C
61,1,0,0,313,green,11792,T2C
62,1,0,0,313,green,11792,T2C
63,1,0,0,313,green,11792,T2C
64,1,0,0,313,green,11792,T2C
65,1,0,0,313,green,11792,T2C
66,1,0,0,313,green,11792,T2C
67,1,0,0,313,green,11792,T2C
68,1,0,0,313,green,11792,T2C
69,1,0,0,313,green,11792,T2C
70,0,0,1,313,green,11792,T2C
71,0,1,0,313,green,11792,T2C
72,0,1,0,313,green,11792,T2C
73,0,1,0,313,green,11792,T2C
74,0,1,0,313,green,11792,T2C
75,0,1,0,313,green,11792,T2C
76,0,1,0,313,green,11792,T2C
77,0,1,0,313,green,11792,T2C
78,0,1,0,313,green,11792,T2C
79,0,1,0,313,green,11792,T2C
80,0,1,0,313,green,11792,T2C
81,0,1,0,313,green,11792,T2C
82,0,1,0,313,green,11792,T2C
83,0,1,0,313,green,11792,T2C
84,0,1,0,313,green,11792,T2C
85,0,1,0,313,green,11792,T2C
86,0,1,0,313,green,11792,T2C
87,0,1,0,313,green,11792,T2C
88,0,1,0,313,green,11792,T2C
89,0,1,0,313,green,11792,T2C
90,0,1,0,313,green,11792,T2C
91,0,1,0,313,green,11792,T2C
92,0,1,0,313,green,11792,T2C
93,0,1,0,313,green,11792,T2C
94,0,1,0,313,green,11792,T2C
95,0,1,0,313,green,11792,T2C
96,0,1,0,313,green,11792,T2C
97,0,1,0,313,green,11792,T2C
98,0,1,0,313,green,11792,T2C
99,0,1,0,313,green,11792,T2C
100,0,1,0,313,green,11792,T2C
101,0,1,0,313,green,11792,T2C
102,0,1,0,313,green,11792,T2C
103,0,1,0,313,green,11792,T2C
104,0,1,0,313,green,11792,T2C
105,0,1,0,313,green,11792,T2C
106,0,1,0,313,green,11792,T2C
107,0,1,0,313,green,11792,T2C
108,0,1,0,313,green,11792,T2C
109,0,1,0,313,green,11792,T2C
110,0,1,0,313,green,11792,T2C
111,0,1,0,313,green,11792,T2C
112,0,1,0,313,green,11792,T2C
113,0,1,0,313,green,11792,T2C
114,0,1,0,313,green,11792,T2C
115,0,1,0,313,green,11792,T2C
116,0,1,0,313,green,11792,T2C
117,0,1,0,313,green,11792,T2C
118,0,1,0,313,green,11792,T2C
119,0,1,0,313,green,11792,T2C
120,0,1,0,313,green,11792,T2C
121,0,1,0,313,green,11792,T2C
122,0,1,0,313,green,11792,T2C
123,0,1,0,313,green,11792,T2C
124,0,1,0,313,green,11792,T2C
125,0,1,0,313,green,11792,T2C
126,0,1,0,313,green,11792,T2C
127,0,1,0,313,green,11792,T2C
128,0,1,0,313,green,11792,T2C
129,0,1,0,313,green,11792,T2C
130,0,1,0,313,green,11792,T2C
131,0,1,0,313,green,11792,T2C
132,0,1,0,313,green,11792,T2C
133,0,1,0,313,green,11792,T2C
134,0,1,0,313,green,11792,T2C
135,0,1,0,313,green,11792,T2C
136,0,1,0,313,green,11792,T2C
137,0,1,0,313,green,11792,T2C
138,0,1,0,313,green,11792,T2C
139,0,1,0,313,green,11792,T2C
140,0,1,0,313,green,11792,T2C
141,0,1,0,313,green,11792,T2C
142,0,1,0,313,green,11792,T2C
143,0,1,0,313,green,11792,T2C
144,0,1,0,313,green,11792,T2C
145,0,1,0,313,green,11792,T2C
146,0,1,0,313,green,11792,T2C
147,0,1,0,313,green,11792,T2C
148,0,1,0,313,green,11792,T2C
149,0,1,0,313,green,11792,T2C
150,0,1,0,313,green,11792,T2C
151,0,1,0,313,green,11792,T2C
152,0,1,0,313,green,11792,T2C
153,0,1,0,313,green,11792,T2C
154,0,1,0,313,green,11792,T2C
155,0,1,0,313,green,11792,T2C
156,0,1,0,313,green,11792,T2C
157,0,1,0,313,green,11792,T2C
158,0,1,0,313,green,11792,T2C
159,0,1,0,313,green,11792,T2C
160,0,1,0,313,green,11792,T2C
161,0,1,0,313,green,11792,T2C
162,0,1,0,313,green,11792,T2C
163,0,1,0,313,green,11792,T2C
164,0,1,0,313,green,11792,T2C
165,0,1,0,313,green,11792,T2C
166,0,1,0,313,green,11792,T2C
167,0,1,0,313,green,11792,T2C
168,0,1,0,313,green,11792,T2C
169,0,1,0,313,green,11792,T2C
170,0,1,0,313,green,11792,T2C
171,0,1,0,313,green,11792,T2C
172,0,1,0,313,green,11792,T2C
173,0,1,0,313,green,11792,T2C
174,0,1,0,313,green,11792,T2C
175,0,1,0,313,green,11792,T2C
176,0,1,0,313,green,11792,T2C
177,0,1,0,313,green,11792,T2C
178,0,1,0,313,green,11792,T2C
179,0,1,0,313,green,11792,T2C
180,0,1,0,313,green,11792,T2C
181,0,1,0,313,green,11792,T2C
182,0,1,0,313,green,11792,T2C
183,0,1,0,313,green,11792,T2C
184,0,1,0,313,green,11792,T2C
185,0,1,0,313,green,11792,T2C
186,0,1,0,313,green,11792,T2C
187,0,1,0,313,green,11792,T2C
188,0,1,0,313,green,11792,T2C
189,0,1,0,313,green,11792,T2C
190,0,1,0,313,green,11792,T2C
191,0,1,0,313,green,11792,T2C
192,0,1,0,313,green,11792,T2C
193,0,1,0,313,green,11792,T2C
194,0,1,0,313,green,11792,T2C
195,0,1,0,313,green,11792,T2C
196,0,1,0,313,green,11792,T2C
197,0,1,0,313,green,11792,T2C
0,0,0,1,314,green,11716,T2C
1,0,0,1,314,green,11716,T2C
2,0,0,1,314,green,11716,T2C
3,0,0,1,314,green,11716,T2C
4,0,0,1,314,green,11716,T2C
5,0,0,1,314,green,11716,T2C
6,0,0,1,314,green,11716,T2C
7,0,0,1,314,green,11716,T2C
8,0,0,1,314,green,11716,T2C
9,0,0,1,314,green,11716,T2C
10,0,0,1,314,green,11716,T2C
11,0,0,1,314,green,11716,T2C
12,0,0,1,314,green,11716,T2C
13,0,0,1,314,green,11716,T2C
14,0,0,1,314,green,11716,T2C
15,0,0,1,314,green,11716,T2C
16,0,0,1,314,green,11716,T2C
17,0,0,1,314,green,11716,T2C
18,0,0,1,314,green,11716,T2C
19,0,0,1,314,green,11716,T2C
20,0,0,1,314,green,11716,T2C
21,0,0,1,314,green,11716,T2C
22,0,0,1,314,green,11716,T2C
23,0,0,1,314,green,11716,T2C
24,0,0,1,314,green,11716,T2C
25,0,0,1,314,green,11716,T2C
26,0,0,1,314,green,11716,T2C
27,0,0,1,314,green,11716,T2C
28,0,0,1,314,green,11716,T2C
29,0,0,1,314,green,11716,T2C
30,0,0,1,314,green,11716,T2C
31,0,0,1,314,green,11716,T2C
32,0,0,1,314,green,11716,T2C
33,0,0,1,314,green,11716,T2C
34,0,0,1,314,green,11716,T2C
35,0,0,1,314,green,11716,T2C
36,0,0,1,314,green,11716,T2C
37,0,0,1,314,green,11716,T2C
38,0,0,1,314,green,11716,T2C
39,0,0,1,314,green,11716,T2C
40,0,0,1,314,green,11716,T2C
41,0,0,1,314,green,11716,T2C
42,0,0,1,314,green,11716,T2C
43,0,0,1,314,green,11716,T2C
44,0,0,1,314,green,11716,T2C
45,0,0,1,314,green,11716,T2C
46,0,0,1,314,green,11716,T2C
47,0,0,1,314,green,11716,T2C
48,0,0,1,314,green,11716,T2C
49,0,0,1,314,green,11716,T2C
50,0,0,1,314,green,11716,T2C
51,0,0,1,314,green,11716,T2C
52,0,0,1,314,green,11716,T2C
53,0,0,1,314,green,11716,T2C
54,0,0,1,314,green,11716,T2C
55,0,0,1,314,green,11716,T2C
56,0,0,1,314,green,11716,T2C
57,0,0,1,314,green,11716,T2C
58,0,0,1,314,green,11716,T2C
59,0,0,1,314,green,11716,T2C
60,0,0,1,314,green,11716,T2C
61,0,0,1,314,green,11716,T2C
62,0,0,1,314,green,11716,T2C
63,0,0,1,314,green,11716,T2C
64,0,0,1,314,green,11716,T2C
65,0,0,1,314,green,11716,T2C
66,0,0,1,314,green,11716,T2C
67,0,0,1,314,green,11716,T2C
68,0,1,0,314,green,11716,T2C
69,0,1,0,314,green,11716,T2C
70,0,0,1,314,green,11716,T2C
71,0,0,1,314,green,11716,T2C
72,0,0,1,314,green,11716,T2C
73,0,0,1,314,green,11716,T2C
74,0,1,0,314,green,11716,T2C
75,0,0,1,314,green,11716,T2C
76,0,0,1,314,green,11716,T2C
77,0,0,1,314,green,11716,T2C
78,0,1,0,314,green,11716,T2C
79,0,1,0,314,green,11716,T2C
80,0,1,0,314,green,11716,T2C
81,0,0,1,314,green,11716,T2C
82,0,1,0,314,green,11716,T2C
83,0,1,0,314,green,11716,T2C
84,0,1,0,314,green,11716,T2C
85,0,0,1,314,green,11716,T2C
86,0,0,1,314,green,11716,T2C
87,0,0,1,314,green,11716,T2C
88,0,0,1,314,green,11716,T2C
89,0,0,1,314,green,11716,T2C
90,0,0,1,314,green,11716,T2C
91,0,0,1,314,green,11716,T2C
92,0,0,1,314,green,11716,T2C
93,0,0,1,314,green,11716,T2C
94,0,0,1,314,green,11716,T2C
95,0,0,1,314,green,11716,T2C
96,0,0,1,314,green,11716,T2C
97,0,0,1,314,green,11716,T2C
98,0,0,1,314,green,11716,T2C
99,0,1,0,314,green,11716,T2C
100,0,0,1,314,green,11716,T2C
101,0,0,1,314,green,11716,T2C
102,0,1,0,314,green,11716,T2C
103,0,1,0,314,green,11716,T2C
104,0,0,1,314,green,11716,T2C
105,0,0,1,314,green,11716,T2C
106,0,0,1,314,green,11716,T2C
107,0,1,0,314,green,11716,T2C
108,0,1,0,314,green,11716,T2C
109,0,0,1,314,green,11716,T2C
110,0,0,1,314,green,11716,T2C
111,0,0,1,314,green,11716,T2C
112,0,1,0,314,green,11716,T2C
113,0,0,1,314,green,11716,T2C
114,0,0,1,314,green,11716,T2C
115,0,0,1,314,green,11716,T2C
116,0,1,0,314,green,11716,T2C
117,0,1,0,314,green,11716,T2C
118,0,0,1,314,green,11716,T2C
119,0,0,1,314,green,11716,T2C
120,0,0,1,314,green,11716,T2C
121,0,1,0,314,green,11716,T2C
122,0,0,1,314,green,11716,T2C
123,0,0,1,314,green,11716,T2C
124,0,0,1,314,green,11716,T2C
125,0,0,1,314,green,11716,T2C
126,0,1,0,314,green,11716,T2C
127,0,0,1,314,green,11716,T2C
128,0,0,1,314,green,11716,T2C
129,0,0,1,314,green,11716,T2C
130,0,0,1,314,green,11716,T2C
131,0,1,0,314,green,11716,T2C
132,0,0,1,314,green,11716,T2C
133,0,0,1,314,green,11716,T2C
134,0,0,1,314,green,11716,T2C
135,0,1,0,314,green,11716,T2C
136,0,0,1,314,green,11716,T2C
137,0,0,1,314,green,11716,T2C
138,0,0,1,314,green,11716,T2C
139,0,0,1,314,green,11716,T2C
140,0,0,1,314,green,11716,T2C
141,0,0,1,314,green,11716,T2C
142,0,0,1,314,green,11716,T2C
143,0,0,1,314,green,11716,T2C
144,0,0,1,314,green,11716,T2C
145,0,1,0,314,green,11716,T2C
146,0,0,1,314,green,11716,T2C
147,0,0,1,314,green,11716,T2C
148,0,0,1,314,green,11716,T2C
149,0,1,0,314,green,11716,T2C
150,0,1,0,314,green,11716,T2C
151,0,1,0,314,green,11716,T2C
152,0,1,0,314,green,11716,T2C
153,0,1,0,314,green,11716,T2C
154,0,1,0,314,green,11716,T2C
155,0,1,0,314,green,11716,T2C
156,0,0,1,314,green,11716,T2C
157,0,0,1,314,green,11716,T2C
158,0,0,1,314,green,11716,T2C
159,0,0,1,314,green,11716,T2C
160,0,1,0,314,green,11716,T2C
161,0,0,1,314,green,11716,T2C
162,0,0,1,314,green,11716,T2C
163,0,0,1,314,green,11716,T2C
164,0,1,0,314,green,11716,T2C
165,0,1,0,314,green,11716,T2C
166,0,0,1,314,green,11716,T2C
167,0,1,0,314,green,11716,T2C
168,0,1,0,314,green,11716,T2C
169,0,1,0,314,green,11716,T2C
170,0,1,0,314,green,11716,T2C
171,0,1,0,314,green,11716,T2C
172,0,1,0,314,green,11716,T2C
173,0,1,0,314,green,11716,T2C
174,0,1,0,314,green,11716,T2C
175,0,1,0,314,green,11716,T2C
176,0,1,0,314,green,11716,T2C
177,0,1,0,314,green,11716,T2C
178,0,1,0,314,green,11716,T2C
179,0,1,0,314,green,11716,T2C
180,0,1,0,314,green,11716,T2C
181,0,1,0,314,green,11716,T2C
182,0,1,0,314,green,11716,T2C
183,0,1,0,314,green,11716,T2C
184,0,1,0,314,green,11716,T2C
185,0,1,0,314,green,11716,T2C
186,0,1,0,314,green,11716,T2C
187,0,1,0,314,green,11716,T2C
188,0,1,0,314,green,11716,T2C
189,0,1,0,314,green,11716,T2C
190,0,1,0,314,green,11716,T2C
191,0,1,0,314,green,11716,T2C
192,0,1,0,314,green,11716,T2C
193,0,1,0,314,green,11716,T2C
194,0,1,0,314,green,11716,T2C
195,0,1,0,314,green,11716,T2C
196,0,1,0,314,green,11716,T2C
197,0,1,0,314,green,11716,T2C
0,0,0,1,315,green,11758,T2C
1,0,0,1,315,green,11758,T2C
2,0,0,1,315,green,11758,T2C
3,0,0,1,315,green,11758,T2C
4,0,0,1,315,green,11758,T2C
5,0,0,1,315,green,11758,T2C
6,0,0,1,315,green,11758,T2C
7,0,0,1,315,green,11758,T2C
8,0,0,1,315,green,11758,T2C
9,0,0,1,315,green,11758,T2C
10,0,0,1,315,green,11758,T2C
11,0,0,1,315,green,11758,T2C
12,0,0,1,315,green,11758,T2C
13,0,0,1,315,green,11758,T2C
14,0,0,1,315,green,11758,T2C
15,0,0,1,315,green,11758,T2C
16,0,0,1,315,green,11758,T2C
17,0,0,1,315,green,11758,T2C
18,0,0,1,315,green,11758,T2C
19,0,0,1,315,green,11758,T2C
20,0,0,1,315,green,11758,T2C
21,0,0,1,315,green,11758,T2C
22,0,0,1,315,green,11758,T2C
23,0,0,1,315,green,11758,T2C
24,0,0,1,315,green,11758,T2C
25,0,0,1,315,green,11758,T2C
26,0,0,1,315,green,11758,T2C
27,1,0,0,315,green,11758,T2C
28,1,0,0,315,green,11758,T2C
29,1,0,0,315,green,11758,T2C
30,1,0,0,315,green,11758,T2C
31,1,0,0,315,green,11758,T2C
32,1,0,0,315,green,11758,T2C
33,1,0,0,315,green,11758,T2C
34,1,0,0,315,green,11758,T2C
35,1,0,0,315,green,11758,T2C
36,1,0,0,315,green,11758,T2C
37,1,0,0,315,green,11758,T2C
38,1,0,0,315,green,11758,T2C
39,1,0,0,315,green,11758,T2C
40,1,0,0,315,green,11758,T2C
41,1,0,0,315,green,11758,T2C
42,1,0,0,315,green,11758,T2C
43,1,0,0,315,green,11758,T2C
44,1,0,0,315,green,11758,T2C
45,1,0,0,315,green,11758,T2C
46,1,0,0,315,green,11758,T2C
47,1,0,0,315,green,11758,T2C
48,1,0,0,315,green,11758,T2C
49,1,0,0,315,green,11758,T2C
50,1,0,0,315,green,11758,T2C
51,1,0,0,315,green,11758,T2C
52,1,0,0,315,green,11758,T2C
53,1,0,0,315,green,11758,T2C
54,1,0,0,315,green,11758,T2C
55,1,0,0,315,green,11758,T2C
56,1,0,0,315,green,11758,T2C
57,1,0,0,315,green,11758,T2C
58,1,0,0,315,green,11758,T2C
59,1,0,0,315,green,11758,T2C
60,1,0,0,315,green,11758,T2C
61,1,0,0,315,green,11758,T2C
62,1,0,0,315,green,11758,T2C
63,1,0,0,315,green,11758,T2C
64,1,0,0,315,green,11758,T2C
65,1,0,0,315,green,11758,T2C
66,1,0,0,315,green,11758,T2C
67,1,0,0,315,green,11758,T2C
68,1,0,0,315,green,11758,T2C
69,1,0,0,315,green,11758,T2C
70,1,0,0,315,green,11758,T2C
71,1,0,0,315,green,11758,T2C
72,1,0,0,315,green,11758,T2C
73,1,0,0,315,green,11758,T2C
74,1,0,0,315,green,11758,T2C
75,1,0,0,315,green,11758,T2C
76,1,0,0,315,green,11758,T2C
77,1,0,0,315,green,11758,T2C
78,1,0,0,315,green,11758,T2C
79,1,0,0,315,green,11758,T2C
80,1,0,0,315,green,11758,T2C
81,1,0,0,315,green,11758,T2C
82,1,0,0,315,green,11758,T2C
83,1,0,0,315,green,11758,T2C
84,1,0,0,315,green,11758,T2C
85,1,0,0,315,green,11758,T2C
86,1,0,0,315,green,11758,T2C
87,1,0,0,315,green,11758,T2C
88,1,0,0,315,green,11758,T2C
89,1,0,0,315,green,11758,T2C
90,1,0,0,315,green,11758,T2C
91,1,0,0,315,green,11758,T2C
92,1,0,0,315,green,11758,T2C
93,1,0,0,315,green,11758,T2C
94,1,0,0,315,green,11758,T2C
95,1,0,0,315,green,11758,T2C
96,1,0,0,315,green,11758,T2C
97,1,0,0,315,green,11758,T2C
98,1,0,0,315,green,11758,T2C
99,1,0,0,315,green,11758,T2C
100,1,0,0,315,green,11758,T2C
101,1,0,0,315,green,11758,T2C
102,1,0,0,315,green,11758,T2C
103,1,0,0,315,green,11758,T2C
104,1,0,0,315,green,11758,T2C
105,1,0,0,315,green,11758,T2C
106,1,0,0,315,green,11758,T2C
107,1,0,0,315,green,11758,T2C
108,1,0,0,315,green,11758,T2C
109,1,0,0,315,green,11758,T2C
110,1,0,0,315,green,11758,T2C
111,1,0,0,315,green,11758,T2C
112,1,0,0,315,green,11758,T2C
113,1,0,0,315,green,11758,T2C
114,1,0,0,315,green,11758,T2C
115,1,0,0,315,green,11758,T2C
116,1,0,0,315,green,11758,T2C
117,1,0,0,315,green,11758,T2C
118,1,0,0,315,green,11758,T2C
119,1,0,0,315,green,11758,T2C
120,1,0,0,315,green,11758,T2C
121,1,0,0,315,green,11758,T2C
122,1,0,0,315,green,11758,T2C
123,1,0,0,315,green,11758,T2C
124,1,0,0,315,green,11758,T2C
125,1,0,0,315,green,11758,T2C
126,1,0,0,315,green,11758,T2C
127,1,0,0,315,green,11758,T2C
128,1,0,0,315,green,11758,T2C
129,1,0,0,315,green,11758,T2C
130,1,0,0,315,green,11758,T2C
131,1,0,0,315,green,11758,T2C
132,1,0,0,315,green,11758,T2C
133,1,0,0,315,green,11758,T2C
134,1,0,0,315,green,11758,T2C
135,1,0,0,315,green,11758,T2C
136,1,0,0,315,green,11758,T2C
137,1,0,0,315,green,11758,T2C
138,1,0,0,315,green,11758,T2C
139,1,0,0,315,green,11758,T2C
140,1,0,0,315,green,11758,T2C
141,1,0,0,315,green,11758,T2C
142,1,0,0,315,green,11758,T2C
143,1,0,0,315,green,11758,T2C
144,1,0,0,315,green,11758,T2C
145,1,0,0,315,green,11758,T2C
146,1,0,0,315,green,11758,T2C
147,1,0,0,315,green,11758,T2C
148,1,0,0,315,green,11758,T2C
149,1,0,0,315,green,11758,T2C
150,1,0,0,315,green,11758,T2C
151,1,0,0,315,green,11758,T2C
152,1,0,0,315,green,11758,T2C
153,1,0,0,315,green,11758,T2C
154,1,0,0,315,green,11758,T2C
155,1,0,0,315,green,11758,T2C
156,1,0,0,315,green,11758,T2C
157,1,0,0,315,green,11758,T2C
158,1,0,0,315,green,11758,T2C
159,1,0,0,315,green,11758,T2C
160,1,0,0,315,green,11758,T2C
161,1,0,0,315,green,11758,T2C
162,1,0,0,315,green,11758,T2C
163,1,0,0,315,green,11758,T2C
164,1,0,0,315,green,11758,T2C
165,1,0,0,315,green,11758,T2C
166,1,0,0,315,green,11758,T2C
167,1,0,0,315,green,11758,T2C
168,1,0,0,315,green,11758,T2C
169,1,0,0,315,green,11758,T2C
170,1,0,0,315,green,11758,T2C
171,1,0,0,315,green,11758,T2C
172,1,0,0,315,green,11758,T2C
173,0,0,1,315,green,11758,T2C
174,0,1,0,315,green,11758,T2C
175,0,1,0,315,green,11758,T2C
176,0,1,0,315,green,11758,T2C
177,0,1,0,315,green,11758,T2C
178,0,1,0,315,green,11758,T2C
179,0,1,0,315,green,11758,T2C
180,0,1,0,315,green,11758,T2C
181,0,1,0,315,green,11758,T2C
182,0,1,0,315,green,11758,T2C
183,0,1,0,315,green,11758,T2C
184,0,1,0,315,green,11758,T2C
185,0,1,0,315,green,11758,T2C
186,0,1,0,315,green,11758,T2C
187,0,1,0,315,green,11758,T2C
188,0,1,0,315,green,11758,T2C
189,0,1,0,315,green,11758,T2C
190,0,1,0,315,green,11758,T2C
191,0,1,0,315,green,11758,T2C
192,0,1,0,315,green,11758,T2C
193,0,1,0,315,green,11758,T2C
194,0,1,0,315,green,11758,T2C
195,0,1,0,315,green,11758,T2C
196,0,1,0,315,green,11758,T2C
197,0,1,0,315,green,11758,T2C
0,0,0,1,316,green,11846,T2C
1,0,0,1,316,green,11846,T2C
2,0,0,1,316,green,11846,T2C
3,0,0,1,316,green,11846,T2C
4,0,0,1,316,green,11846,T2C
5,0,0,1,316,green,11846,T2C
6,0,0,1,316,green,11846,T2C
7,0,0,1,316,green,11846,T2C
8,0,0,1,316,green,11846,T2C
9,0,0,1,316,green,11846,T2C
10,0,0,1,316,green,11846,T2C
11,0,0,1,316,green,11846,T2C
12,0,0,1,316,green,11846,T2C
13,0,0,1,316,green,11846,T2C
14,0,0,1,316,green,11846,T2C
15,0,0,1,316,green,11846,T2C
16,0,0,1,316,green,11846,T2C
17,0,0,1,316,green,11846,T2C
18,0,0,1,316,green,11846,T2C
19,0,0,1,316,green,11846,T2C
20,0,0,1,316,green,11846,T2C
21,0,0,1,316,green,11846,T2C
22,0,0,1,316,green,11846,T2C
23,0,0,1,316,green,11846,T2C
24,0,0,1,316,green,11846,T2C
25,0,0,1,316,green,11846,T2C
26,0,0,1,316,green,11846,T2C
27,1,0,0,316,green,11846,T2C
28,1,0,0,316,green,11846,T2C
29,1,0,0,316,green,11846,T2C
30,1,0,0,316,green,11846,T2C
31,1,0,0,316,green,11846,T2C
32,1,0,0,316,green,11846,T2C
33,0,0,1,316,green,11846,T2C
34,0,0,1,316,green,11846,T2C
35,0,0,1,316,green,11846,T2C
36,0,1,0,316,green,11846,T2C
37,0,1,0,316,green,11846,T2C
38,0,1,0,316,green,11846,T2C
39,0,1,0,316,green,11846,T2C
40,0,1,0,316,green,11846,T2C
41,0,1,0,316,green,11846,T2C
42,0,1,0,316,green,11846,T2C
43,0,1,0,316,green,11846,T2C
44,0,1,0,316,green,11846,T2C
45,0,1,0,316,green,11846,T2C
46,0,1,0,316,green,11846,T2C
47,0,1,0,316,green,11846,T2C
48,0,1,0,316,green,11846,T2C
49,0,1,0,316,green,11846,T2C
50,0,1,0,316,green,11846,T2C
51,0,1,0,316,green,11846,T2C
52,0,1,0,316,green,11846,T2C
53,0,1,0,316,green,11846,T2C
54,0,1,0,316,green,11846,T2C
55,0,1,0,316,green,11846,T2C
56,0,1,0,316,green,11846,T2C
57,0,1,0,316,green,11846,T2C
58,0,1,0,316,green,11846,T2C
59,0,1,0,316,green,11846,T2C
60,0,1,0,316,green,11846,T2C
61,0,1,0,316,green,11846,T2C
62,0,1,0,316,green,11846,T2C
63,0,1,0,316,green,11846,T2C
64,0,1,0,316,green,11846,T2C
65,0,1,0,316,green,11846,T2C
66,0,1,0,316,green,11846,T2C
67,0,1,0,316,green,11846,T2C
68,0,1,0,316,green,11846,T2C
69,0,1,0,316,green,11846,T2C
70,0,1,0,316,green,11846,T2C
71,0,1,0,316,green,11846,T2C
72,0,1,0,316,green,11846,T2C
73,0,1,0,316,green,11846,T2C
74,0,1,0,316,green,11846,T2C
75,0,1,0,316,green,11846,T2C
76,0,1,0,316,green,11846,T2C
77,0,1,0,316,green,11846,T2C
78,0,1,0,316,green,11846,T2C
79,0,1,0,316,green,11846,T2C
80,0,1,0,316,green,11846,T2C
81,0,1,0,316,green,11846,T2C
82,0,1,0,316,green,11846,T2C
83,0,1,0,316,green,11846,T2C
84,0,1,0,316,green,11846,T2C
85,0,1,0,316,green,11846,T2C
86,0,1,0,316,green,11846,T2C
87,0,1,0,316,green,11846,T2C
88,0,1,0,316,green,11846,T2C
89,0,1,0,316,green,11846,T2C
90,0,1,0,316,green,11846,T2C
91,0,1,0,316,green,11846,T2C
92,0,1,0,316,green,11846,T2C
93,0,1,0,316,green,11846,T2C
94,0,1,0,316,green,11846,T2C
95,0,1,0,316,green,11846,T2C
96,0,1,0,316,green,11846,T2C
97,0,1,0,316,green,11846,T2C
98,0,1,0,316,green,11846,T2C
99,0,1,0,316,green,11846,T2C
100,0,1,0,316,green,11846,T2C
101,0,1,0,316,green,11846,T2C
102,0,1,0,316,green,11846,T2C
103,0,1,0,316,green,11846,T2C
104,0,1,0,316,green,11846,T2C
105,0,1,0,316,green,11846,T2C
106,0,1,0,316,green,11846,T2C
107,0,1,0,316,green,11846,T2C
108,0,1,0,316,green,11846,T2C
109,0,1,0,316,green,11846,T2C
110,0,1,0,316,green,11846,T2C
111,0,1,0,316,green,11846,T2C
112,0,1,0,316,green,11846,T2C
113,0,1,0,316,green,11846,T2C
114,0,1,0,316,green,11846,T2C
115,0,1,0,316,green,11846,T2C
116,0,1,0,316,green,11846,T2C
117,0,1,0,316,green,11846,T2C
118,0,1,0,316,green,11846,T2C
119,0,1,0,316,green,11846,T2C
120,0,1,0,316,green,11846,T2C
121,0,1,0,316,green,11846,T2C
122,0,1,0,316,green,11846,T2C
123,0,1,0,316,green,11846,T2C
124,0,1,0,316,green,11846,T2C
125,0,1,0,316,green,11846,T2C
126,0,1,0,316,green,11846,T2C
127,0,1,0,316,green,11846,T2C
128,0,1,0,316,green,11846,T2C
129,0,1,0,316,green,11846,T2C
130,0,1,0,316,green,11846,T2C
131,0,1,0,316,green,11846,T2C
132,0,1,0,316,green,11846,T2C
133,0,1,0,316,green,11846,T2C
134,0,1,0,316,green,11846,T2C
135,0,1,0,316,green,11846,T2C
136,0,1,0,316,green,11846,T2C
137,0,1,0,316,green,11846,T2C
138,0,1,0,316,green,11846,T2C
139,0,1,0,316,green,11846,T2C
140,0,1,0,316,green,11846,T2C
141,0,1,0,316,green,11846,T2C
142,0,1,0,316,green,11846,T2C
143,0,1,0,316,green,11846,T2C
144,0,1,0,316,green,11846,T2C
145,0,1,0,316,green,11846,T2C
146,0,1,0,316,green,11846,T2C
147,0,1,0,316,green,11846,T2C
148,0,1,0,316,green,11846,T2C
149,0,1,0,316,green,11846,T2C
150,0,1,0,316,green,11846,T2C
151,0,1,0,316,green,11846,T2C
152,0,1,0,316,green,11846,T2C
153,0,1,0,316,green,11846,T2C
154,0,1,0,316,green,11846,T2C
155,0,1,0,316,green,11846,T2C
156,0,1,0,316,green,11846,T2C
157,0,1,0,316,green,11846,T2C
158,0,1,0,316,green,11846,T2C
159,0,1,0,316,green,11846,T2C
160,0,1,0,316,green,11846,T2C
161,0,1,0,316,green,11846,T2C
162,0,1,0,316,green,11846,T2C
163,0,1,0,316,green,11846,T2C
164,0,1,0,316,green,11846,T2C
165,0,1,0,316,green,11846,T2C
166,0,1,0,316,green,11846,T2C
167,0,1,0,316,green,11846,T2C
168,0,1,0,316,green,11846,T2C
169,0,1,0,316,green,11846,T2C
170,0,1,0,316,green,11846,T2C
171,0,1,0,316,green,11846,T2C
172,0,1,0,316,green,11846,T2C
173,0,1,0,316,green,11846,T2C
174,0,1,0,316,green,11846,T2C
175,0,1,0,316,green,11846,T2C
176,0,1,0,316,green,11846,T2C
177,0,1,0,316,green,11846,T2C
178,0,1,0,316,green,11846,T2C
179,0,1,0,316,green,11846,T2C
180,0,1,0,316,green,11846,T2C
181,0,1,0,316,green,11846,T2C
182,0,1,0,316,green,11846,T2C
183,0,1,0,316,green,11846,T2C
184,0,1,0,316,green,11846,T2C
185,0,1,0,316,green,11846,T2C
186,0,1,0,316,green,11846,T2C
187,0,1,0,316,green,11846,T2C
188,0,1,0,316,green,11846,T2C
189,0,1,0,316,green,11846,T2C
190,0,1,0,316,green,11846,T2C
191,0,1,0,316,green,11846,T2C
192,0,1,0,316,green,11846,T2C
193,0,1,0,316,green,11846,T2C
194,0,1,0,316,green,11846,T2C
195,0,1,0,316,green,11846,T2C
196,0,1,0,316,green,11846,T2C
197,0,1,0,316,green,11846,T2C
0,0,0,1,317,green,12029,T2C
1,0,0,1,317,green,12029,T2C
2,0,0,1,317,green,12029,T2C
3,0,0,1,317,green,12029,T2C
4,0,0,1,317,green,12029,T2C
5,0,0,1,317,green,12029,T2C
6,0,0,1,317,green,12029,T2C
7,0,0,1,317,green,12029,T2C
8,0,0,1,317,green,12029,T2C
9,0,0,1,317,green,12029,T2C
10,0,0,1,317,green,12029,T2C
11,0,0,1,317,green,12029,T2C
12,0,0,1,317,green,12029,T2C
13,0,0,1,317,green,12029,T2C
14,0,0,1,317,green,12029,T2C
15,0,0,1,317,green,12029,T2C
16,0,0,1,317,green,12029,T2C
17,0,0,1,317,green,12029,T2C
18,0,0,1,317,green,12029,T2C
19,0,0,1,317,green,12029,T2C
20,0,0,1,317,green,12029,T2C
21,0,0,1,317,green,12029,T2C
22,0,0,1,317,green,12029,T2C
23,0,0,1,317,green,12029,T2C
24,0,0,1,317,green,12029,T2C
25,0,0,1,317,green,12029,T2C
26,0,0,1,317,green,12029,T2C
27,0,0,1,317,green,12029,T2C
28,0,0,1,317,green,12029,T2C
29,0,0,1,317,green,12029,T2C
30,0,0,1,317,green,12029,T2C
31,0,0,1,317,green,12029,T2C
32,0,0,1,317,green,12029,T2C
33,0,0,1,317,green,12029,T2C
34,0,0,1,317,green,12029,T2C
35,0,0,1,317,green,12029,T2C
36,0,0,1,317,green,12029,T2C
37,0,0,1,317,green,12029,T2C
38,0,0,1,317,green,12029,T2C
39,0,0,1,317,green,12029,T2C
40,0,0,1,317,green,12029,T2C
41,0,0,1,317,green,12029,T2C
42,0,0,1,317,green,12029,T2C
43,0,0,1,317,green,12029,T2C
44,0,0,1,317,green,12029,T2C
45,0,0,1,317,green,12029,T2C
46,0,0,1,317,green,12029,T2C
47,0,0,1,317,green,12029,T2C
48,0,0,1,317,green,12029,T2C
49,0,0,1,317,green,12029,T2C
50,0,0,1,317,green,12029,T2C
51,0,0,1,317,green,12029,T2C
52,0,0,1,317,green,12029,T2C
53,0,0,1,317,green,12029,T2C
54,0,0,1,317,green,12029,T2C
55,0,0,1,317,green,12029,T2C
56,0,0,1,317,green,12029,T2C
57,0,0,1,317,green,12029,T2C
58,0,0,1,317,green,12029,T2C
59,0,0,1,317,green,12029,T2C
60,0,0,1,317,green,12029,T2C
61,0,0,1,317,green,12029,T2C
62,0,0,1,317,green,12029,T2C
63,0,0,1,317,green,12029,T2C
64,0,0,1,317,green,12029,T2C
65,0,0,1,317,green,12029,T2C
66,0,0,1,317,green,12029,T2C
67,0,0,1,317,green,12029,T2C
68,0,0,1,317,green,12029,T2C
69,0,0,1,317,green,12029,T2C
70,0,0,1,317,green,12029,T2C
71,0,0,1,317,green,12029,T2C
72,0,0,1,317,green,12029,T2C
73,0,0,1,317,green,12029,T2C
74,0,0,1,317,green,12029,T2C
75,0,0,1,317,green,12029,T2C
76,0,0,1,317,green,12029,T2C
77,0,0,1,317,green,12029,T2C
78,0,0,1,317,green,12029,T2C
79,0,0,1,317,green,12029,T2C
80,0,0,1,317,green,12029,T2C
81,0,0,1,317,green,12029,T2C
82,0,0,1,317,green,12029,T2C
83,0,0,1,317,green,12029,T2C
84,0,0,1,317,green,12029,T2C
85,0,0,1,317,green,12029,T2C
86,0,0,1,317,green,12029,T2C
87,0,0,1,317,green,12029,T2C
88,0,0,1,317,green,12029,T2C
89,0,0,1,317,green,12029,T2C
90,0,0,1,317,green,12029,T2C
91,0,0,1,317,green,12029,T2C
92,0,0,1,317,green,12029,T2C
93,0,0,1,317,green,12029,T2C
94,0,0,1,317,green,12029,T2C
95,0,1,0,317,green,12029,T2C
96,0,1,0,317,green,12029,T2C
97,0,1,0,317,green,12029,T2C
98,0,1,0,317,green,12029,T2C
99,0,1,0,317,green,12029,T2C
100,0,1,0,317,green,12029,T2C
101,0,1,0,317,green,12029,T2C
102,0,1,0,317,green,12029,T2C
103,0,1,0,317,green,12029,T2C
104,0,1,0,317,green,12029,T2C
105,0,1,0,317,green,12029,T2C
106,0,1,0,317,green,12029,T2C
107,0,1,0,317,green,12029,T2C
108,0,1,0,317,green,12029,T2C
109,0,1,0,317,green,12029,T2C
110,0,1,0,317,green,12029,T2C
111,0,1,0,317,green,12029,T2C
112,0,1,0,317,green,12029,T2C
113,0,1,0,317,green,12029,T2C
114,0,1,0,317,green,12029,T2C
115,0,1,0,317,green,12029,T2C
116,0,1,0,317,green,12029,T2C
117,0,1,0,317,green,12029,T2C
118,0,1,0,317,green,12029,T2C
119,0,1,0,317,green,12029,T2C
120,0,1,0,317,green,12029,T2C
121,0,1,0,317,green,12029,T2C
122,0,1,0,317,green,12029,T2C
123,0,1,0,317,green,12029,T2C
124,0,1,0,317,green,12029,T2C
125,0,1,0,317,green,12029,T2C
126,0,1,0,317,green,12029,T2C
127,0,1,0,317,green,12029,T2C
128,0,1,0,317,green,12029,T2C
129,0,1,0,317,green,12029,T2C
130,0,1,0,317,green,12029,T2C
131,0,1,0,317,green,12029,T2C
132,0,1,0,317,green,12029,T2C
133,0,1,0,317,green,12029,T2C
134,0,1,0,317,green,12029,T2C
135,0,1,0,317,green,12029,T2C
136,0,1,0,317,green,12029,T2C
137,0,1,0,317,green,12029,T2C
138,0,1,0,317,green,12029,T2C
139,0,1,0,317,green,12029,T2C
140,0,1,0,317,green,12029,T2C
141,0,1,0,317,green,12029,T2C
142,0,1,0,317,green,12029,T2C
143,0,1,0,317,green,12029,T2C
144,0,1,0,317,green,12029,T2C
145,0,1,0,317,green,12029,T2C
146,0,1,0,317,green,12029,T2C
147,0,1,0,317,green,12029,T2C
148,0,1,0,317,green,12029,T2C
149,0,1,0,317,green,12029,T2C
150,0,1,0,317,green,12029,T2C
151,0,1,0,317,green,12029,T2C
152,0,1,0,317,green,12029,T2C
153,0,1,0,317,green,12029,T2C
154,0,1,0,317,green,12029,T2C
155,0,1,0,317,green,12029,T2C
156,0,1,0,317,green,12029,T2C
157,0,1,0,317,green,12029,T2C
158,0,1,0,317,green,12029,T2C
159,0,1,0,317,green,12029,T2C
160,0,1,0,317,green,12029,T2C
161,0,1,0,317,green,12029,T2C
162,0,1,0,317,green,12029,T2C
163,0,1,0,317,green,12029,T2C
164,0,1,0,317,green,12029,T2C
165,0,1,0,317,green,12029,T2C
166,0,1,0,317,green,12029,T2C
167,0,1,0,317,green,12029,T2C
168,0,1,0,317,green,12029,T2C
169,0,1,0,317,green,12029,T2C
170,0,1,0,317,green,12029,T2C
171,0,1,0,317,green,12029,T2C
172,0,1,0,317,green,12029,T2C
173,0,1,0,317,green,12029,T2C
174,0,1,0,317,green,12029,T2C
175,0,1,0,317,green,12029,T2C
176,0,1,0,317,green,12029,T2C
177,0,1,0,317,green,12029,T2C
178,0,1,0,317,green,12029,T2C
179,0,1,0,317,green,12029,T2C
180,0,1,0,317,green,12029,T2C
181,0,1,0,317,green,12029,T2C
182,0,1,0,317,green,12029,T2C
183,0,1,0,317,green,12029,T2C
184,0,1,0,317,green,12029,T2C
185,0,1,0,317,green,12029,T2C
186,0,1,0,317,green,12029,T2C
187,0,1,0,317,green,12029,T2C
188,0,1,0,317,green,12029,T2C
189,0,1,0,317,green,12029,T2C
190,0,1,0,317,green,12029,T2C
191,0,1,0,317,green,12029,T2C
192,0,1,0,317,green,12029,T2C
193,0,1,0,317,green,12029,T2C
194,0,1,0,317,green,12029,T2C
195,0,1,0,317,green,12029,T2C
196,0,1,0,317,green,12029,T2C
197,0,1,0,317,green,12029,T2C
