{
  "barriers": [
    {
      "x": 40.3,
      "y": 19.1,
      "width": 16.5,
      "height": 25.0
    },
    {
      "x": 43.6,
      "y": 6.9,
      "width": 25.2,
      "height": 9.3
    }
  ],
  "occluders": [],
  "step_data": {
    "0": {
      "x": 85.7,
      "y": 19.8,
      "speed": 1.0,
      "dir": 0.0,
      "vx": 0.0,
      "vy": 0.0
    },
    "1": {
      "x": 85.9,
      "y": 18.3,
      "speed": 1.0,
      "dir": -1.4382447944982206,
      "vx": 0.13216372009101982,
      "vy": -0.9912279006826344
    },
    "2": {
      "x": 86.1,
      "y": 16.9,
      "speed": 1.0,
      "dir": -1.428899272190741,
      "vx": 0.14142135623730143,
      "vy": -0.9899494936611678
    },
    "3": {
      "x": 86.1,
      "y": 15.399999999999999,
      "speed": 1.0,
      "dir": -1.5707963267948966,
      "vx": 0.0,
      "vy": -1.0
    },
    "4": {
      "x": 86.3,
      "y": 13.9,
      "speed": 1.0,
      "dir": -1.4382447944982206,
      "vx": 0.13216372009101995,
      "vy": -0.9912279006826344
    },
    "5": {
      "x": 86.45,
      "y": 12.35,
      "speed": 1.0,
      "dir": -1.4743225516123062,
      "vx": 0.09632419486019392,
      "vy": -0.9953500135552997
    },
    "6": {
      "x": 86.7,
      "y": 10.9,
      "speed": 1.0,
      "dir": -1.4000611153196136,
      "vx": 0.16990691650764628,
      "vy": -0.985460115744348
    },
    "7": {
      "x": 86.85,
      "y": 9.35,
      "speed": 1.0,
      "dir": -1.4743225516123153,
      "vx": 0.09632419486018486,
      "vy": -0.9953500135553006
    },
    "8": {
      "x": 87.0,
      "y": 7.9,
      "speed": 1.0,
      "dir": -1.4677147182721924,
      "vx": 0.1028991510855092,
      "vy": -0.9946917938265508
    },
    "9": {
      "x": 87.15,
      "y": 6.35,
      "speed": 1.0,
      "dir": -1.4743225516123062,
      "vx": 0.09632419486019392,
      "vy": -0.9953500135552997
    },
    "10": {
      "x": 87.3,
      "y": 4.9,
      "speed": 1.0,
      "dir": -1.4677147182722021,
      "vx": 0.10289915108549956,
      "vy": -0.9946917938265518
    },
    "11": {
      "x": 87.45,
      "y": 3.3499999999999996,
      "speed": 1.0,
      "dir": -1.4743225516123062,
      "vx": 0.09632419486019392,
      "vy": -0.9953500135552997
    },
    "12": {
      "x": 87.65,
      "y": 1.9500000000000002,
      "speed": 1.0,
      "dir": -1.4288992721907305,
      "vx": 0.14142135623731153,
      "vy": -0.9899494936611662
    },
    "13": {
      "x": 87.7,
      "y": 0.3999999999999999,
      "speed": 1.0,
      "dir": -1.5385494443596446,
      "vx": 0.03224129401095621,
      "vy": -0.9994801143396996
    },
    "14": {
      "x": 87.9,
      "y": 1.2000000000000002,
      "speed": 1.0,
      "dir": 1.3258176636680292,
      "vx": 0.24253562503633616,
      "vy": 0.9701425001453311
    },
    "15": {
      "x": 88.05,
      "y": 2.75,
      "speed": 1.0,
      "dir": 1.474322551612315,
      "vx": 0.09632419486018491,
      "vy": 0.9953500135553006
    },
    "16": {
      "x": 88.25,
      "y": 4.25,
      "speed": 1.0,
      "dir": 1.4382447944982206,
      "vx": 0.13216372009101982,
      "vy": 0.9912279006826344
    },
    "17": {
      "x": 88.35,
      "y": 5.75,
      "speed": 1.0,
      "dir": 1.5042281630190766,
      "vx": 0.06651901052377017,
      "vy": 0.9977851578566092
    },
    "18": {
      "x": 88.6,
      "y": 7.300000000000001,
      "speed": 1.0,
      "dir": 1.4108832036366774,
      "vx": 0.15923243882462043,
      "vy": 0.9872411207126471
    },
    "19": {
      "x": 88.7,
      "y": 8.7,
      "speed": 1.0,
      "dir": 1.4994888620096,
      "vx": 0.07124704998791576,
      "vy": 0.9974586998307345
    },
    "20": {
      "x": 88.85,
      "y": 10.15,
      "speed": 1.0,
      "dir": 1.4677147182722023,
      "vx": 0.10289915108549944,
      "vy": 0.9946917938265518
    },
    "21": {
      "x": 89.05,
      "y": 11.65,
      "speed": 1.0,
      "dir": 1.4382447944982206,
      "vx": 0.13216372009101982,
      "vy": 0.9912279006826344
    },
    "22": {
      "x": 89.15,
      "y": 13.15,
      "speed": 1.0,
      "dir": 1.5042281630190673,
      "vx": 0.06651901052377958,
      "vy": 0.9977851578566086
    },
    "23": {
      "x": 89.35,
      "y": 14.649999999999999,
      "speed": 1.0,
      "dir": 1.43824479449823,
      "vx": 0.13216372009101074,
      "vy": 0.9912279006826357
    },
    "24": {
      "x": 89.55,
      "y": 16.15,
      "speed": 1.0,
      "dir": 1.4382447944982206,
      "vx": 0.13216372009101982,
      "vy": 0.9912279006826344
    },
    "25": {
      "x": 89.6,
      "y": 17.7,
      "speed": 1.0,
      "dir": 1.5385494443596446,
      "vx": 0.032241294010956205,
      "vy": 0.9994801143396996
    },
    "26": {
      "x": 89.85,
      "y": 19.15,
      "speed": 1.0,
      "dir": 1.4000611153196136,
      "vx": 0.16990691650764628,
      "vy": 0.985460115744348
    },
    "27": {
      "x": 89.95,
      "y": 20.65,
      "speed": 1.0,
      "dir": 1.5042281630190673,
      "vx": 0.06651901052377958,
      "vy": 0.9977851578566086
    },
    "28": {
      "x": 90.15,
      "y": 22.15,
      "speed": 1.0,
      "dir": 1.4382447944982206,
      "vx": 0.13216372009101982,
      "vy": 0.9912279006826344
    },
    "29": {
      "x": 90.3,
      "y": 23.6,
      "speed": 1.0,
      "dir": 1.4677147182722023,
      "vx": 0.10289915108549931,
      "vy": 0.9946917938265518
    },
    "30": {
      "x": 90.45,
      "y": 25.15,
      "speed": 1.0,
      "dir": 1.474322551612306,
      "vx": 0.09632419486019414,
      "vy": 0.9953500135552997
    },
    "31": {
      "x": 90.7,
      "y": 26.7,
      "speed": 1.0,
      "dir": 1.4108832036366774,
      "vx": 0.15923243882462043,
      "vy": 0.9872411207126471
    },
    "32": {
      "x": 90.75,
      "y": 28.05,
      "speed": 1.0,
      "dir": 1.5337762109209687,
      "vx": 0.03701166050987812,
      "vy": 0.9993148337667672
    },
    "33": {
      "x": 91.0,
      "y": 29.5,
      "speed": 1.0,
      "dir": 1.4000611153196136,
      "vx": 0.16990691650764628,
      "vy": 0.985460115744348
    },
    "34": {
      "x": 91.0,
      "y": 31.0,
      "speed": 1.0,
      "dir": 1.5707963267948966,
      "vx": 0.0,
      "vy": 1.0
    },
    "35": {
      "x": 91.3,
      "y": 32.6,
      "speed": 1.0,
      "dir": 1.3854483767992036,
      "vx": 0.1842885350501835,
      "vy": 0.9828721869343222
    },
    "36": {
      "x": 91.5,
      "y": 34.1,
      "speed": 1.0,
      "dir": 1.4382447944982206,
      "vx": 0.13216372009101982,
      "vy": 0.9912279006826344
    },
    "37": {
      "x": 91.55,
      "y": 35.55,
      "speed": 1.0,
      "dir": 1.5363272257953904,
      "vx": 0.034462275839777026,
      "vy": 0.9994059993535876
    },
    "38": {
      "x": 91.8,
      "y": 37.0,
      "speed": 1.0,
      "dir": 1.400061115319614,
      "vx": 0.1699069165076459,
      "vy": 0.985460115744348
    },
    "39": {
      "x": 91.85,
      "y": 38.55,
      "speed": 1.0,
      "dir": 1.5385494443596446,
      "vx": 0.03224129401095628,
      "vy": 0.9994801143396996
    },
    "40": {
      "x": 92.05,
      "y": 40.05,
      "speed": 1.0,
      "dir": 1.4382447944982206,
      "vx": 0.13216372009101982,
      "vy": 0.9912279006826344
    },
    "41": {
      "x": 92.25,
      "y": 41.55,
      "speed": 1.0,
      "dir": 1.4382447944982206,
      "vx": 0.13216372009101982,
      "vy": 0.9912279006826344
    },
    "42": {
      "x": 92.35,
      "y": 43.05,
      "speed": 1.0,
      "dir": 1.5042281630190766,
      "vx": 0.06651901052377017,
      "vy": 0.9977851578566092
    },
    "43": {
      "x": 92.55,
      "y": 44.55,
      "speed": 1.0,
      "dir": 1.4382447944982206,
      "vx": 0.13216372009101982,
      "vy": 0.9912279006826344
    },
    "44": {
      "x": 92.65,
      "y": 45.95,
      "speed": 1.0,
      "dir": 1.4994888620096005,
      "vx": 0.0712470499879154,
      "vy": 0.9974586998307345
    },
    "45": {
      "x": 92.8,
      "y": 47.5,
      "speed": 1.0,