{
  "barriers": [
    {
      "x": 24.6,
      "y": 14.1,
      "width": 5.7,
      "height": 9.0
    }
  ],
  "occluders": [],
  "step_data": {
    "0": {
      "x": 25.0,
      "y": 2.9000000000000004,
      "speed": 1.0,
      "dir": 0.0,
      "vx": 0.0,
      "vy": 0.0
    },
    "1": {
      "x": 25.95,
      "y": 1.85,
      "speed": 1.0,
      "dir": -0.8353565591193916,
      "vx": 0.670913323969126,
      "vy": -0.7415357791237716
    },
    "2": {
      "x": 27.1,
      "y": 0.7999999999999998,
      "speed": 1.0,
      "dir": -0.7399748839758704,
      "vx": 0.7384854939281265,
      "vy": -0.6742693640213318
    },
    "3": {
      "x": 28.15,
      "y": 0.4500000000000002,
      "speed": 1.0,
      "dir": -0.3217505543966427,
      "vx": 0.9486832980505137,
      "vy": -0.3162277660168384
    },
    "4": {
      "x": 29.15,
      "y": 1.4500000000000002,
      "speed": 1.0,
      "dir": 0.7853981633974483,
      "vx": 0.7071067811865476,
      "vy": 0.7071067811865476
    },
    "5": {
      "x": 30.200000000000003,
      "y": 2.5,
      "speed": 1.0,
      "dir": 0.7853981633974462,
      "vx": 0.707106781186549,
      "vy": 0.707106781186546
    },
    "6": {
      "x": 31.299999999999997,
      "y": 3.5999999999999996,
      "speed": 1.0,
      "dir": 0.7853981633974507,
      "vx": 0.7071067811865458,
      "vy": 0.7071067811865492
    },
    "7": {
      "x": 32.5,
      "y": 4.6,
      "speed": 1.0,
      "dir": 0.694738276196702,
      "vx": 0.7682212795973765,
      "vy": 0.6401843996644789
    },
    "8": {
      "x": 33.5,
      "y": 5.6,
      "speed": 1.0,
      "dir": 0.7853981633974483,
      "vx": 0.7071067811865476,
      "vy": 0.7071067811865476
    },
    "9": {
      "x": 34.5,
      "y": 6.800000000000001,
      "speed": 1.0,
      "dir": 0.8760580505981939,
      "vx": 0.6401843996644796,
      "vy": 0.7682212795973762
    },
    "10": {
      "x": 35.65,
      "y": 7.75,
      "speed": 1.0,
      "dir": 0.6904464570546922,
      "vx": 0.7709617516270894,
      "vy": 0.6368814469962916
    },
    "11": {
      "x": 36.75,
      "y": 8.85,
      "speed": 1.0,
      "dir": 0.7853981633974475,
      "vx": 0.7071067811865481,
      "vy": 0.707106781186547
    },
    "12": {
      "x": 37.8,
      "y": 9.8,
      "speed": 1.0,
      "dir": 0.7354397676755074,
      "vx": 0.7415357791237699,
      "vy": 0.6709133239691276
    },
    "13": {
      "x": 38.85,
      "y": 10.95,
      "speed": 1.0,
      "dir": 0.8308214428190227,
      "vx": 0.6742693640213343,
      "vy": 0.7384854939281241
    },
    "14": {
      "x": 40.0,
      "y": 11.9,
      "speed": 1.0,
      "dir": 0.6904464570546932,
      "vx": 0.7709617516270888,
      "vy": 0.6368814469962923
    },
    "15": {
      "x": 41.05,
      "y": 12.95,
      "speed": 1.0,
      "dir": 0.7853981633974492,
      "vx": 0.7071067811865469,
      "vy": 0.7071067811865481
    },
    "16": {
      "x": 42.05,
      "y": 14.05,
      "speed": 1.0,
      "dir": 0.8329812666744323,
      "vx": 0.672672793996312,
      "vy": 0.739940073395944
    },
    "17": {
      "x": 43.15,
      "y": 15.05,
      "speed": 1.0,
      "dir": 0.7378150601204643,
      "vx": 0.739940073395944,
      "vy": 0.672672793996312
    },
    "18": {
      "x": 44.25,
      "y": 16.15,
      "speed": 1.0,
      "dir": 0.7853981633974467,
      "vx": 0.7071067811865486,
      "vy": 0.7071067811865465
    },
    "19": {
      "x": 45.25,
      "y": 17.15,
      "speed": 1.0,
      "dir": 0.7853981633974483,
      "vx": 0.7071067811865476,
      "vy": 0.7071067811865476
    },
    "20": {
      "x": 46.35,
      "y": 18.25,
      "speed": 1.0,
      "dir": 0.7853981633974483,
      "vx": 0.7071067811865476,
      "vy": 0.7071067811865476
    },
    "21": {
      "x": 47.45,
      "y": 19.25,
      "speed": 1.0,
      "dir": 0.7378150601204643,
      "vx": 0.739940073395944,
      "vy": 0.672672793996312
    },
    "22": {
      "x": 48.55,
      "y": 20.35,
      "speed": 1.0,
      "dir": 0.7853981633974515,
      "vx": 0.7071067811865452,
      "vy": 0.7071067811865498
    },
    "23": {
      "x": 49.55,
      "y": 21.35,
      "speed": 1.0,
      "dir": 0.7853981633974483,
      "vx": 0.7071067811865476,
      "vy": 0.7071067811865476
    },
    "24": {
      "x": 50.65,
      "y": 22.45,
      "speed": 1.0,
      "dir": 0.7853981633974467,
      "vx": 0.7071067811865486,
      "vy": 0.7071067811865465
    },
    "25": {
      "x": 51.8,
      "y": 23.45,
      "speed": 1.0,
      "dir": 0.7157435896688807,
      "vx": 0.7546055221635043,
      "vy": 0.6561787149247872
    },
    "26": {
      "x": 52.85,
      "y": 24.55,
      "speed": 1.0,
      "dir": 0.8086497862079098,
      "vx": 0.6904757466825016,
      "vy": 0.7233555441435711
    },
    "27": {
      "x": 53.85,
      "y": 25.55,
      "speed": 1.0,
      "dir": 0.7853981633974483,
      "vx": 0.7071067811865476,
      "vy": 0.7071067811865476
    },
    "28": {
      "x": 55.0,
      "y": 26.7,
      "speed": 1.0,
      "dir": 0.7853981633974483,
      "vx": 0.7071067811865476,
      "vy": 0.7071067811865476
    },
    "29": {
      "x": 56.0,
      "y": 27.65,
      "speed": 1.0,
      "dir": 0.7597627548757704,
      "vx": 0.724999433594414,
      "vy": 0.6887494619146927
    },
    "30": {
      "x": 57.15,
      "y": 28.75,
      "speed": 1.0,
      "dir": 0.7631795980707305,
      "vx": 0.7226418571476982,
      "vy": 0.6912226459673653
    },
    "31": {
      "x": 58.15,
      "y": 29.75,
      "speed": 1.0,
      "dir": 0.7853981633974483,
      "vx": 0.7071067811865476,
      "vy": 0.7071067811865476
    },
    "32": {
      "x": 59.2,
      "y": 30.799999999999997,
      "speed": 1.0,
      "dir": 0.785398163397445,
      "vx": 0.7071067811865499,
      "vy": 0.7071067811865451
    },
    "33": {
      "x": 60.35,
      "y": 31.85,
      "speed": 1.0,
      "dir": 0.739974883975874,
      "vx": 0.7384854939281241,
      "vy": 0.6742693640213343
    },
    "34": {
      "x": 61.45,
      "y": 32.95,
      "speed": 1.0,
      "dir": 0.7853981633974483,
      "vx": 0.7071067811865476,
      "vy": 0.7071067811865476
    },
    "35": {
      "x": 62.45,
      "y": 33.95,
      "speed": 1.0,
      "dir": 0.7853981633974483,
      "vx": 0.7071067811865476,
      "vy": 0.7071067811865476
    },
    "36": {
      "x": 63.55,
      "y": 34.95,
      "speed": 1.0,
      "dir": 0.7378150601204675,
      "vx": 0.739940073395942,
      "vy": 0.6726727939963144
    },
    "37": {
      "x": 64.7,
      "y": 36.1,
      "speed": 1.0,
      "dir": 0.7853981633974452,
      "vx": 0.7071067811865498,
      "vy": 0.7071067811865454
    },
    "38": {
      "x": 65.65,
      "y": 37.1,
      "speed": 1.0,
      "dir": 0.8110335719191243,
      "vx": 0.6887494619146942,
      "vy": 0.7249994335944128
    },
    "39": {
      "x": 66.75,
      "y": 38.15,
      "speed": 1.0,
      "dir": 0.7621465405869866,
      "vx": 0.7233555441435713,
      "vy": 0.6904757466825016
    },
    "40": {
      "x": 67.8,
      "y": 39.2,
      "speed": 1.0,
      "dir": 0.7853981633974516,
      "vx": 0.7071067811865451,
      "vy": 0.7071067811865499
    },
    "41": {
      "x": 68.9,
      "y": 40.3,
      "speed": 1.0,
      "dir": 0.7853981633974418,
      "vx": 0.7071067811865521,
      "vy": 0.7071067811865429
    },
    "42": {
      "x": 69.9,
      "y": 41.2,
      "speed": 1.0,
      "dir": 0.7328151017865098,
      "vx": 0.7432941462471642,
      "vy": 0.668964731622452
    },
    "43": {
      "x": 71.0,
      "y": 42.4,
      "speed": 1.0,
      "dir": 0.82884905878898,
      "vx": 0.6757246285173457,
      "vy": 0.7371541402007419
    },
    "44": {
      "x": 72.15,
      "y": 43.35,
      "speed": 1.0,
      "dir": 0.690446457054691,
      "vx": 0.7709617516270901,
      "vy": 0.6368814469962906
    },
    "45": {
      "x": 73.25,
      "y": 44.45,
      "speed": 1.0,
      "dir": 0.7853981633974515,
      "vx": 0.7071067811865452,