{
  "barriers": [
    {
      "x": 60.0,
      "y": 11.5,
      "width": 23.8,
      "height": 24.9
    }
  ],
  "occluders": [],
  "step_data": {
    "0": {
      "x": 81.6,
      "y": 53.8,
      "speed": 1.0,
      "dir": 0.0,
      "vx": 0.0,
      "vy": 0.0
    },
    "1": {
      "x": 81.7,
      "y": 52.5,
      "speed": 1.0,
      "dir": -1.494024435525112,
      "vx": 0.07669649888474371,
      "vy": -0.9970544855015812
    },
    "2": {
      "x": 81.85,
      "y": 50.95,
      "speed": 1.0,
      "dir": -1.474322551612315,
      "vx": 0.09632419486018508,
      "vy": -0.9953500135553006
    },
    "3": {
      "x": 82.1,
      "y": 49.5,
      "speed": 1.0,
      "dir": -1.400061115319614,
      "vx": 0.1699069165076459,
      "vy": -0.985460115744348
    },
    "4": {
      "x": 82.15,
      "y": 47.95,
      "speed": 1.0,
      "dir": -1.5385494443596353,
      "vx": 0.032241294010965434,
      "vy": -0.9994801143396993
    },
    "5": {
      "x": 82.35,
      "y": 46.45,
      "speed": 1.0,
      "dir": -1.43824479449823,
      "vx": 0.13216372009101057,
      "vy": -0.9912279006826357
    },
    "6": {
      "x": 82.45,
      "y": 44.95,
      "speed": 1.0,
      "dir": -1.5042281630190673,
      "vx": 0.06651901052377958,
      "vy": -0.9977851578566086
    },
    "7": {
      "x": 82.55,
      "y": 43.45,
      "speed": 1.0,
      "dir": -1.5042281630190766,
      "vx": 0.06651901052377017,
      "vy": -0.9977851578566092
    },
    "8": {
      "x": 82.75,
      "y": 41.95,
      "speed": 1.0,
      "dir": -1.4382447944982206,
      "vx": 0.13216372009101982,
      "vy": -0.9912279006826344
    },
    "9": {
      "x": 82.9,
      "y": 40.4,
      "speed": 1.0,
      "dir": -1.4743225516123064,
      "vx": 0.0963241948601937,
      "vy": -0.9953500135552998
    },
    "10": {
      "x": 83.1,
      "y": 38.9,
      "speed": 1.0,
      "dir": -1.43824479449823,
      "vx": 0.13216372009101057,
      "vy": -0.9912279006826357
    },
    "11": {
      "x": 83.2,
      "y": 37.5,
      "speed": 1.0,
      "dir": -1.4994888620096,
      "vx": 0.07124704998791576,
      "vy": -0.9974586998307345
    },
    "12": {
      "x": 83.35,
      "y": 35.95,
      "speed": 1.0,
      "dir": -1.474322551612315,
      "vx": 0.09632419486018508,
      "vy": -0.9953500135553006
    },
    "13": {
      "x": 84.35,
      "y": 35.15,
      "speed": 1.0,
      "dir": -0.6747409422235553,
      "vx": 0.7808688094430287,
      "vy": -0.6246950475544263
    },
    "14": {
      "x": 85.8,
      "y": 34.5,
      "speed": 1.0,
      "dir": -0.4214192068878027,
      "vx": 0.9125093245149519,
      "vy": -0.4090559040929078
    },
    "15": {
      "x": 87.05,
      "y": 33.75,
      "speed": 1.0,
      "dir": -0.540419500270584,
      "vx": 0.8574929257125442,
      "vy": -0.5144957554275265
    },
    "16": {
      "x": 88.35,
      "y": 33.05,
      "speed": 1.0,
      "dir": -0.4939413689195838,
      "vx": 0.8804710999221741,
      "vy": -0.4740998230350197
    },
    "17": {
      "x": 89.75,
      "y": 32.35,
      "speed": 1.0,
      "dir": -0.4636476090008021,
      "vx": 0.8944271909999176,
      "vy": -0.4472135954999543
    },
    "18": {
      "x": 91.05,
      "y": 31.75,
      "speed": 1.0,
      "dir": -0.43240777557053955,
      "vx": 0.907959384500451,
      "vy": -0.4190581774617485
    },
    "19": {
      "x": 92.35,
      "y": 31.049999999999997,
      "speed": 1.0,
      "dir": -0.4939413689195838,
      "vx": 0.8804710999221741,
      "vy": -0.4740998230350197
    },
    "20": {
      "x": 93.75,
      "y": 30.35,
      "speed": 1.0,
      "dir": -0.4636476090008021,
      "vx": 0.8944271909999176,
      "vy": -0.4472135954999543
    },
    "21": {
      "x": 95.1,
      "y": 29.7,
      "speed": 1.0,
      "dir": -0.44872334401072406,
      "vx": 0.9010016697590985,
      "vy": -0.4338156187729025
    },
    "22": {
      "x": 95.5,
      "y": 29.1,
      "speed": 1.0,
      "dir": -0.9827937232473208,
      "vx": 0.554700196225236,
      "vy": -0.8320502943378392
    },
    "23": {
      "x": 94.15,
      "y": 28.35,
      "speed": 1.0,
      "dir": -2.6344941491974545,
      "vx": -0.8741572761215369,
      "vy": -0.4856429311786336
    },
    "24": {
      "x": 92.75,
      "y": 27.65,
      "speed": 1.0,
      "dir": -2.677945044588987,
      "vx": -0.8944271909999159,
      "vy": -0.4472135954999579
    },
    "25": {
      "x": 91.45,
      "y": 26.95,
      "speed": 1.0,
      "dir": -2.6476512846702116,
      "vx": -0.8804710999221751,
      "vy": -0.47409982303501785
    },
    "26": {
      "x": 90.05,
      "y": 26.35,
      "speed": 1.0,
      "dir": -2.7367008673047124,
      "vx": -0.9191450300180589,
      "vy": -0.39391929857916513
    },
    "27": {
      "x": 88.7,
      "y": 25.6,
      "speed": 1.0,
      "dir": -2.6344941491974545,
      "vx": -0.8741572761215369,
      "vy": -0.4856429311786336
    },
    "28": {
      "x": 87.45,
      "y": 24.95,
      "speed": 1.0,
      "dir": -2.6620733615971957,
      "vx": -0.8872168012345945,
      "vy": -0.4613527366419906
    },
    "29": {
      "x": 86.05,
      "y": 24.25,
      "speed": 1.0,
      "dir": -2.677945044588989,
      "vx": -0.8944271909999167,
      "vy": -0.4472135954999561
    },
    "30": {
      "x": 84.7,
      "y": 23.6,
      "speed": 1.0,
      "dir": -2.6928693095790712,
      "vx": -0.9010016697590995,
      "vy": -0.43381561877290065
    },
    "31": {
      "x": 83.95,
      "y": 22.95,
      "speed": 1.0,
      "dir": -2.4275019549776338,
      "vx": -0.7556890827898165,
      "vy": -0.6549305384178431
    },
    "32": {
      "x": 85.4,
      "y": 22.2,
      "speed": 1.0,
      "dir": -0.4773453823736711,
      "vx": 0.8882176431559492,
      "vy": -0.4594229188737659
    },
    "33": {
      "x": 86.6,
      "y": 21.6,
      "speed": 1.0,
      "dir": -0.4636476090008085,
      "vx": 0.894427190999915,
      "vy": -0.4472135954999601
    },
    "34": {
      "x": 88.05,
      "y": 20.85,
      "speed": 1.0,
      "dir": -0.4773453823736711,
      "vx": 0.8882176431559492,
      "vy": -0.4594229188737659
    },
    "35": {
      "x": 89.4,
      "y": 20.3,
      "speed": 1.0,
      "dir": -0.3868757177310263,
      "vx": 0.9260923597695484,
      "vy": -0.3772968873135178
    },
    "36": {
      "x": 90.65,
      "y": 19.55,
      "speed": 1.0,
      "dir": -0.540419500270584,
      "vx": 0.8574929257125442,
      "vy": -0.5144957554275265
    },
    "37": {
      "x": 92.1,
      "y": 18.9,
      "speed": 1.0,
      "dir": -0.4214192068878084,
      "vx": 0.9125093245149496,
      "vy": -0.409055904092913
    },
    "38": {
      "x": 93.35,
      "y": 18.15,
      "speed": 1.0,
      "dir": -0.540419500270584,
      "vx": 0.8574929257125442,
      "vy": -0.5144957554275265
    },
    "39": {
      "x": 94.7,
      "y": 17.5,
      "speed": 1.0,
      "dir": -0.44872334401071784,
      "vx": 0.9010016697591012,
      "vy": -0.4338156187728969
    },
    "40": {
      "x": 95.9,
      "y": 16.9,
      "speed": 1.0,
      "dir": -0.4636476090008061,
      "vx": 0.894427190999916,
      "vy": -0.447213595499958
    },
    "41": {
      "x": 94.45,
      "y": 16.15,
      "speed": 1.0,
      "dir": -2.664247271216122,
      "vx": -0.8882176431559492,
      "vy": -0.4594229188737659
    },
    "42": {
      "x": 93.15,
      "y": 15.45,
      "speed": 1.0,
      "dir": -2.6476512846702116,
      "vx": -0.8804710999221751,
      "vy": -0.47409982303501785
    },
    "43": {
      "x": 91.85,
      "y": 14.75,
      "speed": 1.0,
      "dir": -2.647651284670216,
      "vx": -0.8804710999221772,
      "vy": -0.4740998230350139
    },
    "44": {
      "x": 90.45,
      "y": 14.149999999999999,
      "speed": 1.0,
      "dir": -2.7367008673047066,
      "vx": -0.9191450300180566,
      "vy": -0.39391929857917046
    },
    "45": {
      "x": 89.15,
      "y": 13.45,
      "speed": 1.0,
      "dir": -2.6476512846702116,