frame,red,green,uncertain,session_id,rg_outcome,trial_id,global_trial_name
0,0,0,1,203,green,3924,T27
1,0,0,1,203,green,3924,T27
2,0,0,1,203,green,3924,T27
3,0,0,1,203,green,3924,T27
4,0,0,1,203,green,3924,T27
5,0,0,1,203,green,3924,T27
6,0,0,1,203,green,3924,T27
7,0,0,1,203,green,3924,T27
8,0,0,1,203,green,3924,T27
9,0,0,1,203,green,3924,T27
10,0,0,1,203,green,3924,T27
11,0,0,1,203,green,3924,T27
12,0,0,1,203,green,3924,T27
13,0,0,1,203,green,3924,T27
14,0,0,1,203,green,3924,T27
15,0,0,1,203,green,3924,T27
16,0,0,1,203,green,3924,T27
17,0,0,1,203,green,3924,T27
18,0,0,1,203,green,3924,T27
19,0,0,1,203,green,3924,T27
20,0,0,1,203,green,3924,T27
21,0,0,1,203,green,3924,T27
22,0,0,1,203,green,3924,T27
23,0,0,1,203,green,3924,T27
24,0,0,1,203,green,3924,T27
25,0,0,1,203,green,3924,T27
26,0,0,1,203,green,3924,T27
27,0,0,1,203,green,3924,T27
28,0,1,0,203,green,3924,T27
29,0,1,0,203,green,3924,T27
30,0,1,0,203,green,3924,T27
31,0,1,0,203,green,3924,T27
32,0,1,0,203,green,3924,T27
33,0,1,0,203,green,3924,T27
34,0,1,0,203,green,3924,T27
35,0,1,0,203,green,3924,T27
36,0,1,0,203,green,3924,T27
37,0,1,0,203,green,3924,T27
38,0,1,0,203,green,3924,T27
39,0,1,0,203,green,3924,T27
40,0,1,0,203,green,3924,T27
41,0,1,0,203,green,3924,T27
42,0,1,0,203,green,3924,T27
43,0,1,0,203,green,3924,T27
44,0,1,0,203,green,3924,T27
45,0,1,0,203,green,3924,T27
46,0,1,0,203,green,3924,T27
47,0,1,0,203,green,3924,T27
48,0,1,0,203,green,3924,T27
49,0,1,0,203,green,3924,T27
50,0,1,0,203,green,3924,T27
51,0,1,0,203,green,3924,T27
52,0,1,0,203,green,3924,T27
53,0,1,0,203,green,3924,T27
54,0,1,0,203,green,3924,T27
55,0,1,0,203,green,3924,T27
56,0,1,0,203,green,3924,T27
57,0,1,0,203,green,3924,T27
58,0,1,0,203,green,3924,T27
59,0,1,0,203,green,3924,T27
60,0,1,0,203,green,3924,T27
61,0,1,0,203,green,3924,T27
62,0,1,0,203,green,3924,T27
63,0,1,0,203,green,3924,T27
64,0,1,0,203,green,3924,T27
65,0,1,0,203,green,3924,T27
66,0,1,0,203,green,3924,T27
67,0,1,0,203,green,3924,T27
68,0,1,0,203,green,3924,T27
69,0,1,0,203,green,3924,T27
70,0,1,0,203,green,3924,T27
71,0,1,0,203,green,3924,T27
72,0,1,0,203,green,3924,T27
73,0,1,0,203,green,3924,T27
74,0,1,0,203,green,3924,T27
75,0,1,0,203,green,3924,T27
76,0,1,0,203,green,3924,T27
77,0,1,0,203,green,3924,T27
78,0,1,0,203,green,3924,T27
79,0,1,0,203,green,3924,T27
80,0,1,0,203,green,3924,T27
81,0,1,0,203,green,3924,T27
82,0,1,0,203,green,3924,T27
83,0,1,0,203,green,3924,T27
84,0,1,0,203,green,3924,T27
85,0,1,0,203,green,3924,T27
86,0,1,0,203,green,3924,T27
87,0,1,0,203,green,3924,T27
88,0,1,0,203,green,3924,T27
89,0,1,0,203,green,3924,T27
90,0,1,0,203,green,3924,T27
91,0,1,0,203,green,3924,T27
92,0,1,0,203,green,3924,T27
93,0,1,0,203,green,3924,T27
94,0,1,0,203,green,3924,T27
95,0,1,0,203,green,3924,T27
96,0,1,0,203,green,3924,T27
97,0,1,0,203,green,3924,T27
98,0,1,0,203,green,3924,T27
99,0,1,0,203,green,3924,T27
100,0,1,0,203,green,3924,T27
101,0,1,0,203,green,3924,T27
102,0,1,0,203,green,3924,T27
103,0,1,0,203,green,3924,T27
104,0,1,0,203,green,3924,T27
105,0,1,0,203,green,3924,T27
106,0,1,0,203,green,3924,T27
107,0,1,0,203,green,3924,T27
108,0,1,0,203,green,3924,T27
109,0,1,0,203,green,3924,T27
110,0,1,0,203,green,3924,T27
111,0,1,0,203,green,3924,T27
112,0,1,0,203,green,3924,T27
113,0,1,0,203,green,3924,T27
114,0,1,0,203,green,3924,T27
115,0,1,0,203,green,3924,T27
116,0,1,0,203,green,3924,T27
117,0,1,0,203,green,3924,T27
118,0,1,0,203,green,3924,T27
119,0,1,0,203,green,3924,T27
120,0,1,0,203,green,3924,T27
121,0,1,0,203,green,3924,T27
122,0,1,0,203,green,3924,T27
123,0,1,0,203,green,3924,T27
124,0,1,0,203,green,3924,T27
125,0,1,0,203,green,3924,T27
126,0,1,0,203,green,3924,T27
127,0,1,0,203,green,3924,T27
128,0,1,0,203,green,3924,T27
129,0,1,0,203,green,3924,T27
130,0,1,0,203,green,3924,T27
131,0,1,0,203,green,3924,T27
132,0,1,0,203,green,3924,T27
133,0,1,0,203,green,3924,T27
134,0,1,0,203,green,3924,T27
135,0,1,0,203,green,3924,T27
136,0,1,0,203,green,3924,T27
137,0,1,0,203,green,3924,T27
138,0,1,0,203,green,3924,T27
139,0,1,0,203,green,3924,T27
140,0,1,0,203,green,3924,T27
141,0,1,0,203,green,3924,T27
142,0,1,0,203,green,3924,T27
143,0,1,0,203,green,3924,T27
144,0,1,0,203,green,3924,T27
145,0,1,0,203,green,3924,T27
146,0,1,0,203,green,3924,T27
147,0,1,0,203,green,3924,T27
148,0,1,0,203,green,3924,T27
149,0,1,0,203,green,3924,T27
150,0,1,0,203,green,3924,T27
151,0,1,0,203,green,3924,T27
152,0,1,0,203,green,3924,T27
153,0,1,0,203,green,3924,T27
154,0,1,0,203,green,3924,T27
155,0,1,0,203,green,3924,T27
156,0,1,0,203,green,3924,T27
157,0,1,0,203,green,3924,T27
158,0,1,0,203,green,3924,T27
159,0,1,0,203,green,3924,T27
160,0,1,0,203,green,3924,T27
161,0,1,0,203,green,3924,T27
162,0,1,0,203,green,3924,T27
163,0,1,0,203,green,3924,T27
164,0,1,0,203,green,3924,T27
165,0,1,0,203,green,3924,T27
166,0,1,0,203,green,3924,T27
167,0,1,0,203,green,3924,T27
168,0,1,0,203,green,3924,T27
169,0,1,0,203,green,3924,T27
170,0,1,0,203,green,3924,T27
0,0,0,1,204,green,3502,T27
1,0,0,1,204,green,3502,T27
2,0,0,1,204,green,3502,T27
3,0,0,1,204,green,3502,T27
4,0,0,1,204,green,3502,T27
5,0,0,1,204,green,3502,T27
6,0,0,1,204,green,3502,T27
7,0,0,1,204,green,3502,T27
8,0,0,1,204,green,3502,T27
9,0,0,1,204,green,3502,T27
10,0,0,1,204,green,3502,T27
11,0,0,1,204,green,3502,T27
12,0,0,1,204,green,3502,T27
13,0,0,1,204,green,3502,T27
14,0,0,1,204,green,3502,T27
15,0,0,1,204,green,3502,T27
16,0,0,1,204,green,3502,T27
17,0,0,1,204,green,3502,T27
18,0,0,1,204,green,3502,T27
19,0,0,1,204,green,3502,T27
20,0,0,1,204,green,3502,T27
21,0,0,1,204,green,3502,T27
22,0,0,1,204,green,3502,T27
23,0,0,1,204,green,3502,T27
24,0,1,0,204,green,3502,T27
25,0,1,0,204,green,3502,T27
26,0,1,0,204,green,3502,T27
27,0,1,0,204,green,3502,T27
28,0,1,0,204,green,3502,T27
29,0,1,0,204,green,3502,T27
30,0,1,0,204,green,3502,T27
31,0,1,0,204,green,3502,T27
32,0,1,0,204,green,3502,T27
33,0,1,0,204,green,3502,T27
34,0,1,0,204,green,3502,T27
35,0,1,0,204,green,3502,T27
36,0,1,0,204,green,3502,T27
37,0,1,0,204,green,3502,T27
38,0,1,0,204,green,3502,T27
39,0,1,0,204,green,3502,T27
40,0,1,0,204,green,3502,T27
41,0,1,0,204,green,3502,T27
42,0,1,0,204,green,3502,T27
43,0,1,0,204,green,3502,T27
44,0,1,0,204,green,3502,T27
45,0,1,0,204,green,3502,T27
46,0,1,0,204,green,3502,T27
47,0,1,0,204,green,3502,T27
48,0,1,0,204,green,3502,T27
49,0,1,0,204,green,3502,T27
50,0,1,0,204,green,3502,T27
51,0,1,0,204,green,3502,T27
52,0,1,0,204,green,3502,T27
53,0,1,0,204,green,3502,T27
54,0,1,0,204,green,3502,T27
55,0,1,0,204,green,3502,T27
56,0,1,0,204,green,3502,T27
57,0,1,0,204,green,3502,T27
58,0,1,0,204,green,3502,T27
59,0,1,0,204,green,3502,T27
60,0,1,0,204,green,3502,T27
61,0,1,0,204,green,3502,T27
62,0,1,0,204,green,3502,T27
63,0,1,0,204,green,3502,T27
64,0,1,0,204,green,3502,T27
65,0,1,0,204,green,3502,T27
66,0,1,0,204,green,3502,T27
67,0,1,0,204,green,3502,T27
68,0,1,0,204,green,3502,T27
69,0,1,0,204,green,3502,T27
70,0,1,0,204,green,3502,T27
71,0,1,0,204,green,3502,T27
72,0,1,0,204,green,3502,T27
73,0,1,0,204,green,3502,T27
74,0,1,0,204,green,3502,T27
75,0,1,0,204,green,3502,T27
76,0,1,0,204,green,3502,T27
77,0,1,0,204,green,3502,T27
78,0,1,0,204,green,3502,T27
79,0,1,0,204,green,3502,T27
80,0,1,0,204,green,3502,T27
81,0,1,0,204,green,3502,T27
82,0,1,0,204,green,3502,T27
83,0,1,0,204,green,3502,T27
84,0,1,0,204,green,3502,T27
85,0,1,0,204,green,3502,T27
86,0,1,0,204,green,3502,T27
87,0,1,0,204,green,3502,T27
88,0,1,0,204,green,3502,T27
89,0,1,0,204,green,3502,T27
90,0,1,0,204,green,3502,T27
91,0,1,0,204,green,3502,T27
92,0,1,0,204,green,3502,T27
93,0,1,0,204,green,3502,T27
94,0,1,0,204,green,3502,T27
95,0,1,0,204,green,3502,T27
96,0,1,0,204,green,3502,T27
97,0,1,0,204,green,3502,T27
98,0,1,0,204,green,3502,T27
99,0,1,0,204,green,3502,T27
100,0,1,0,204,green,3502,T27
101,0,1,0,204,green,3502,T27
102,0,1,0,204,green,3502,T27
103,0,1,0,204,green,3502,T27
104,0,1,0,204,green,3502,T27
105,0,1,0,204,green,3502,T27
106,0,1,0,204,green,3502,T27
107,0,1,0,204,green,3502,T27
108,0,1,0,204,green,3502,T27
109,0,1,0,204,green,3502,T27
110,0,1,0,204,green,3502,T27
111,0,1,0,204,green,3502,T27
112,0,1,0,204,green,3502,T27
113,0,1,0,204,green,3502,T27
114,0,1,0,204,green,3502,T27
115,0,1,0,204,green,3502,T27
116,0,1,0,204,green,3502,T27
117,0,1,0,204,green,3502,T27
118,0,1,0,204,green,3502,T27
119,0,1,0,204,green,3502,T27
120,0,1,0,204,green,3502,T27
121,0,1,0,204,green,3502,T27
122,0,1,0,204,green,3502,T27
123,0,1,0,204,green,3502,T27
124,0,1,0,204,green,3502,T27
125,0,1,0,204,green,3502,T27
126,0,1,0,204,green,3502,T27
127,0,1,0,204,green,3502,T27
128,0,1,0,204,green,3502,T27
129,0,1,0,204,green,3502,T27
130,0,1,0,204,green,3502,T27
131,0,1,0,204,green,3502,T27
132,0,1,0,204,green,3502,T27
133,0,1,0,204,green,3502,T27
134,0,1,0,204,green,3502,T27
135,0,1,0,204,green,3502,T27
136,0,1,0,204,green,3502,T27
137,0,1,0,204,green,3502,T27
138,0,1,0,204,green,3502,T27
139,0,1,0,204,green,3502,T27
140,0,1,0,204,green,3502,T27
141,0,1,0,204,green,3502,T27
142,0,1,0,204,green,3502,T27
143,0,1,0,204,green,3502,T27
144,0,1,0,204,green,3502,T27
145,0,1,0,204,green,3502,T27
146,0,1,0,204,green,3502,T27
147,0,1,0,204,green,3502,T27
148,0,1,0,204,green,3502,T27
149,0,1,0,204,green,3502,T27
150,0,1,0,204,green,3502,T27
151,0,1,0,204,green,3502,T27
152,0,1,0,204,green,3502,T27
153,0,1,0,204,green,3502,T27
154,0,1,0,204,green,3502,T27
155,0,1,0,204,green,3502,T27
156,0,1,0,204,green,3502,T27
157,0,1,0,204,green,3502,T27
158,0,1,0,204,green,3502,T27
159,0,1,0,204,green,3502,T27
160,0,1,0,204,green,3502,T27
161,0,1,0,204,green,3502,T27
162,0,1,0,204,green,3502,T27
163,0,1,0,204,green,3502,T27
164,0,1,0,204,green,3502,T27
165,0,1,0,204,green,3502,T27
166,0,1,0,204,green,3502,T27
167,0,1,0,204,green,3502,T27
168,0,1,0,204,green,3502,T27
169,0,1,0,204,green,3502,T27
170,0,1,0,204,green,3502,T27
0,0,0,1,206,green,5673,T27
1,0,0,1,206,green,5673,T27
2,0,0,1,206,green,5673,T27
3,0,0,1,206,green,5673,T27
4,0,0,1,206,green,5673,T27
5,0,0,1,206,green,5673,T27
6,0,0,1,206,green,5673,T27
7,0,0,1,206,green,5673,T27
8,0,0,1,206,green,5673,T27
9,0,0,1,206,green,5673,T27
10,0,0,1,206,green,5673,T27
11,0,0,1,206,green,5673,T27
12,0,0,1,206,green,5673,T27
13,0,0,1,206,green,5673,T27
14,0,0,1,206,green,5673,T27
15,0,0,1,206,green,5673,T27
16,0,0,1,206,green,5673,T27
17,0,0,1,206,green,5673,T27
18,0,0,1,206,green,5673,T27
19,0,0,1,206,green,5673,T27
20,0,0,1,206,green,5673,T27
21,0,0,1,206,green,5673,T27
22,0,0,1,206,green,5673,T27
23,0,0,1,206,green,5673,T27
24,0,0,1,206,green,5673,T27
25,0,0,1,206,green,5673,T27
26,0,0,1,206,green,5673,T27
27,0,0,1,206,green,5673,T27
28,0,0,1,206,green,5673,T27
29,0,0,1,206,green,5673,T27
30,0,0,1,206,green,5673,T27
31,0,0,1,206,green,5673,T27
32,0,0,1,206,green,5673,T27
33,0,0,1,206,green,5673,T27
34,0,0,1,206,green,5673,T27
35,0,0,1,206,green,5673,T27
36,0,0,1,206,green,5673,T27
37,0,0,1,206,green,5673,T27
38,0,0,1,206,green,5673,T27
39,1,0,0,206,green,5673,T27
40,1,0,0,206,green,5673,T27
41,1,0,0,206,green,5673,T27
42,1,0,0,206,green,5673,T27
43,1,0,0,206,green,5673,T27
44,1,0,0,206,green,5673,T27
45,1,0,0,206,green,5673,T27
46,1,0,0,206,green,5673,T27
47,1,0,0,206,green,5673,T27
48,0,0,1,206,green,5673,T27
49,0,0,1,206,green,5673,T27
50,0,0,1,206,green,5673,T27
51,0,0,1,206,green,5673,T27
52,0,0,1,206,green,5673,T27
53,0,0,1,206,green,5673,T27
54,0,0,1,206,green,5673,T27
55,0,0,1,206,green,5673,T27
56,0,0,1,206,green,5673,T27
57,1,0,0,206,green,5673,T27
58,1,0,0,206,green,5673,T27
59,1,0,0,206,green,5673,T27
60,1,0,0,206,green,5673,T27
61,1,0,0,206,green,5673,T27
62,1,0,0,206,green,5673,T27
63,1,0,0,206,green,5673,T27
64,0,0,1,206,green,5673,T27
65,0,0,1,206,green,5673,T27
66,0,0,1,206,green,5673,T27
67,0,0,1,206,green,5673,T27
68,0,0,1,206,green,5673,T27
69,0,0,1,206,green,5673,T27
70,1,0,0,206,green,5673,T27
71,1,0,0,206,green,5673,T27
72,1,0,0,206,green,5673,T27
73,1,0,0,206,green,5673,T27
74,1,0,0,206,green,5673,T27
75,1,0,0,206,green,5673,T27
76,1,0,0,206,green,5673,T27
77,1,0,0,206,green,5673,T27
78,1,0,0,206,green,5673,T27
79,1,0,0,206,green,5673,T27
80,1,0,0,206,green,5673,T27
81,1,0,0,206,green,5673,T27
82,1,0,0,206,green,5673,T27
83,0,0,1,206,green,5673,T27
84,0,0,1,206,green,5673,T27
85,0,0,1,206,green,5673,T27
86,0,0,1,206,green,5673,T27
87,0,0,1,206,green,5673,T27
88,0,0,1,206,green,5673,T27
89,0,0,1,206,green,5673,T27
90,0,0,1,206,green,5673,T27
91,0,0,1,206,green,5673,T27
92,0,0,1,206,green,5673,T27
93,1,0,0,206,green,5673,T27
94,1,0,0,206,green,5673,T27
95,1,0,0,206,green,5673,T27
96,1,0,0,206,green,5673,T27
97,1,0,0,206,green,5673,T27
98,1,0,0,206,green,5673,T27
99,1,0,0,206,green,5673,T27
100,1,0,0,206,green,5673,T27
101,1,0,0,206,green,5673,T27
102,1,0,0,206,green,5673,T27
103,1,0,0,206,green,5673,T27
104,1,0,0,206,green,5673,T27
105,1,0,0,206,green,5673,T27
106,1,0,0,206,green,5673,T27
107,1,0,0,206,green,5673,T27
108,1,0,0,206,green,5673,T27
109,1,0,0,206,green,5673,T27
110,1,0,0,206,green,5673,T27
111,1,0,0,206,green,5673,T27
112,1,0,0,206,green,5673,T27
113,1,0,0,206,green,5673,T27
114,1,0,0,206,green,5673,T27
115,1,0,0,206,green,5673,T27
116,1,0,0,206,green,5673,T27
117,1,0,0,206,green,5673,T27
118,1,0,0,206,green,5673,T27
119,1,0,0,206,green,5673,T27
120,1,0,0,206,green,5673,T27
121,1,0,0,206,green,5673,T27
122,1,0,0,206,green,5673,T27
123,0,0,1,206,green,5673,T27
124,0,0,1,206,green,5673,T27
125,0,0,1,206,green,5673,T27
126,0,0,1,206,green,5673,T27
127,0,0,1,206,green,5673,T27
128,0,0,1,206,green,5673,T27
129,0,0,1,206,green,5673,T27
130,0,0,1,206,green,5673,T27
131,0,0,1,206,green,5673,T27
132,0,1,0,206,green,5673,T27
133,0,1,0,206,green,5673,T27
134,0,1,0,206,green,5673,T27
135,0,1,0,206,green,5673,T27
136,0,1,0,206,green,5673,T27
137,0,1,0,206,green,5673,T27
138,0,1,0,206,green,5673,T27
139,0,1,0,206,green,5673,T27
140,0,1,0,206,green,5673,T27
141,0,1,0,206,green,5673,T27
142,0,1,0,206,green,5673,T27
143,0,1,0,206,green,5673,T27
144,0,1,0,206,green,5673,T27
145,0,1,0,206,green,5673,T27
146,0,1,0,206,green,5673,T27
147,0,1,0,206,green,5673,T27
148,0,1,0,206,green,5673,T27
149,0,1,0,206,green,5673,T27
150,0,1,0,206,green,5673,T27
151,0,1,0,206,green,5673,T27
152,0,1,0,206,green,5673,T27
153,0,1,0,206,green,5673,T27
154,0,1,0,206,green,5673,T27
155,0,1,0,206,green,5673,T27
156,0,1,0,206,green,5673,T27
157,0,1,0,206,green,5673,T27
158,0,1,0,206,green,5673,T27
159,0,1,0,206,green,5673,T27
160,0,1,0,206,green,5673,T27
161,0,1,0,206,green,5673,T27
162,0,1,0,206,green,5673,T27
163,0,1,0,206,green,5673,T27
164,0,1,0,206,green,5673,T27
165,0,1,0,206,green,5673,T27
166,0,1,0,206,green,5673,T27
167,0,1,0,206,green,5673,T27
168,0,1,0,206,green,5673,T27
169,0,1,0,206,green,5673,T27
170,0,1,0,206,green,5673,T27
0,0,0,1,207,green,5968,T27
1,0,0,1,207,green,5968,T27
2,0,0,1,207,green,5968,T27
3,0,0,1,207,green,5968,T27
4,0,0,1,207,green,5968,T27
5,0,0,1,207,green,5968,T27
6,0,0,1,207,green,5968,T27
7,0,0,1,207,green,5968,T27
8,0,0,1,207,green,5968,T27
9,0,0,1,207,green,5968,T27
10,0,0,1,207,green,5968,T27
11,0,0,1,207,green,5968,T27
12,0,0,1,207,green,5968,T27
13,0,0,1,207,green,5968,T27
14,0,0,1,207,green,5968,T27
15,0,0,1,207,green,5968,T27
16,0,0,1,207,green,5968,T27
17,0,0,1,207,green,5968,T27
18,0,0,1,207,green,5968,T27
19,0,0,1,207,green,5968,T27
20,0,0,1,207,green,5968,T27
21,0,0,1,207,green,5968,T27
22,0,0,1,207,green,5968,T27
23,0,0,1,207,green,5968,T27
24,0,0,1,207,green,5968,T27
25,0,0,1,207,green,5968,T27
26,0,0,1,207,green,5968,T27
27,0,0,1,207,green,5968,T27
28,0,0,1,207,green,5968,T27
29,0,0,1,207,green,5968,T27
30,0,0,1,207,green,5968,T27
31,0,0,1,207,green,5968,T27
32,0,0,1,207,green,5968,T27
33,0,0,1,207,green,5968,T27
34,0,0,1,207,green,5968,T27
35,0,0,1,207,green,5968,T27
36,0,0,1,207,green,5968,T27
37,0,0,1,207,green,5968,T27
38,0,0,1,207,green,5968,T27
39,0,0,1,207,green,5968,T27
40,0,0,1,207,green,5968,T27
41,0,0,1,207,green,5968,T27
42,0,0,1,207,green,5968,T27
43,0,0,1,207,green,5968,T27
44,0,0,1,207,green,5968,T27
45,0,0,1,207,green,5968,T27
46,0,0,1,207,green,5968,T27
47,0,0,1,207,green,5968,T27
48,0,0,1,207,green,5968,T27
49,0,0,1,207,green,5968,T27
50,0,0,1,207,green,5968,T27
51,0,0,1,207,green,5968,T27
52,0,0,1,207,green,5968,T27
53,0,0,1,207,green,5968,T27
54,0,0,1,207,green,5968,T27
55,0,0,1,207,green,5968,T27
56,0,0,1,207,green,5968,T27
57,0,0,1,207,green,5968,T27
58,0,0,1,207,green,5968,T27
59,0,0,1,207,green,5968,T27
60,0,0,1,207,green,5968,T27
61,0,0,1,207,green,5968,T27
62,0,0,1,207,green,5968,T27
63,0,0,1,207,green,5968,T27
64,0,0,1,207,green,5968,T27
65,0,0,1,207,green,5968,T27
66,0,0,1,207,green,5968,T27
67,0,0,1,207,green,5968,T27
68,0,0,1,207,green,5968,T27
69,0,0,1,207,green,5968,T27
70,0,0,1,207,green,5968,T27
71,0,0,1,207,green,5968,T27
72,0,0,1,207,green,5968,T27
73,0,0,1,207,green,5968,T27
74,0,0,1,207,green,5968,T27
75,0,0,1,207,green,5968,T27
76,0,0,1,207,green,5968,T27
77,0,0,1,207,green,5968,T27
78,0,0,1,207,green,5968,T27
79,0,0,1,207,green,5968,T27
80,0,0,1,207,green,5968,T27
81,0,0,1,207,green,5968,T27
82,0,0,1,207,green,5968,T27
83,0,0,1,207,green,5968,T27
84,0,0,1,207,green,5968,T27
85,0,0,1,207,green,5968,T27
86,0,0,1,207,green,5968,T27
87,0,0,1,207,green,5968,T27
88,0,0,1,207,green,5968,T27
89,0,0,1,207,green,5968,T27
90,0,0,1,207,green,5968,T27
91,0,0,1,207,green,5968,T27
92,0,0,1,207,green,5968,T27
93,0,0,1,207,green,5968,T27
94,0,0,1,207,green,5968,T27
95,0,0,1,207,green,5968,T27
96,0,0,1,207,green,5968,T27
97,1,0,0,207,green,5968,T27
98,1,0,0,207,green,5968,T27
99,1,0,0,207,green,5968,T27
100,1,0,0,207,green,5968,T27
101,1,0,0,207,green,5968,T27
102,1,0,0,207,green,5968,T27
103,1,0,0,207,green,5968,T27
104,1,0,0,207,green,5968,T27
105,1,0,0,207,green,5968,T27
106,1,0,0,207,green,5968,T27
107,1,0,0,207,green,5968,T27
108,1,0,0,207,green,5968,T27
109,1,0,0,207,green,5968,T27
110,1,0,0,207,green,5968,T27
111,1,0,0,207,green,5968,T27
112,1,0,0,207,green,5968,T27
113,1,0,0,207,green,5968,T27
114,1,0,0,207,green,5968,T27
115,1,0,0,207,green,5968,T27
116,1,0,0,207,green,5968,T27
117,1,0,0,207,green,5968,T27
118,1,0,0,207,green,5968,T27
119,1,0,0,207,green,5968,T27
120,1,0,0,207,green,5968,T27
121,1,0,0,207,green,5968,T27
122,1,0,0,207,green,5968,T27
123,1,0,0,207,green,5968,T27
124,1,0,0,207,green,5968,T27
125,1,0,0,207,green,5968,T27
126,1,0,0,207,green,5968,T27
127,1,0,0,207,green,5968,T27
128,1,0,0,207,green,5968,T27
129,1,0,0,207,green,5968,T27
130,1,0,0,207,green,5968,T27
131,1,0,0,207,green,5968,T27
132,1,0,0,207,green,5968,T27
133,1,0,0,207,green,5968,T27
134,1,0,0,207,green,5968,T27
135,1,0,0,207,green,5968,T27
136,1,0,0,207,green,5968,T27
137,1,0,0,207,green,5968,T27
138,1,0,0,207,green,5968,T27
139,1,0,0,207,green,5968,T27
140,1,0,0,207,green,5968,T27
141,1,0,0,207,green,5968,T27
142,1,0,0,207,green,5968,T27
143,1,0,0,207,green,5968,T27
144,1,0,0,207,green,5968,T27
145,1,0,0,207,green,5968,T27
146,1,0,0,207,green,5968,T27
147,1,0,0,207,green,5968,T27
148,1,0,0,207,green,5968,T27
149,1,0,0,207,green,5968,T27
150,1,0,0,207,green,5968,T27
151,1,0,0,207,green,5968,T27
152,1,0,0,207,green,5968,T27
153,1,0,0,207,green,5968,T27
154,1,0,0,207,green,5968,T27
155,1,0,0,207,green,5968,T27
156,1,0,0,207,green,5968,T27
157,1,0,0,207,green,5968,T27
158,1,0,0,207,green,5968,T27
159,1,0,0,207,green,5968,T27
160,1,0,0,207,green,5968,T27
161,1,0,0,207,green,5968,T27
162,1,0,0,207,green,5968,T27
163,1,0,0,207,green,5968,T27
164,1,0,0,207,green,5968,T27
165,0,0,1,207,green,5968,T27
166,0,0,1,207,green,5968,T27
167,0,0,1,207,green,5968,T27
168,0,0,1,207,green,5968,T27
169,0,0,1,207,green,5968,T27
170,0,0,1,207,green,5968,T27
0,0,0,1,208,green,4905,T27
1,0,0,1,208,green,4905,T27
2,0,0,1,208,green,4905,T27
3,0,0,1,208,green,4905,T27
4,0,0,1,208,green,4905,T27
5,0,0,1,208,green,4905,T27
6,0,0,1,208,green,4905,T27
7,0,0,1,208,green,4905,T27
8,0,0,1,208,green,4905,T27
9,0,0,1,208,green,4905,T27
10,0,0,1,208,green,4905,T27
11,0,0,1,208,green,4905,T27
12,0,0,1,208,green,4905,T27
13,0,0,1,208,green,4905,T27
14,0,0,1,208,green,4905,T27
15,0,0,1,208,green,4905,T27
16,0,0,1,208,green,4905,T27
17,0,0,1,208,green,4905,T27
18,0,0,1,208,green,4905,T27
19,0,0,1,208,green,4905,T27
20,0,0,1,208,green,4905,T27
21,0,0,1,208,green,4905,T27
22,0,0,1,208,green,4905,T27
23,0,0,1,208,green,4905,T27
24,0,0,1,208,green,4905,T27
25,0,0,1,208,green,4905,T27
26,0,0,1,208,green,4905,T27
27,0,0,1,208,green,4905,T27
28,0,0,1,208,green,4905,T27
29,0,0,1,208,green,4905,T27
30,0,0,1,208,green,4905,T27
31,0,0,1,208,green,4905,T27
32,0,0,1,208,green,4905,T27
33,0,0,1,208,green,4905,T27
34,0,0,1,208,green,4905,T27
35,0,0,1,208,green,4905,T27
36,0,0,1,208,green,4905,T27
37,0,0,1,208,green,4905,T27
38,0,0,1,208,green,4905,T27
39,0,0,1,208,green,4905,T27
40,0,0,1,208,green,4905,T27
41,0,0,1,208,green,4905,T27
42,0,0,1,208,green,4905,T27
43,0,0,1,208,green,4905,T27
44,0,0,1,208,green,4905,T27
45,0,0,1,208,green,4905,T27
46,0,0,1,208,green,4905,T27
47,0,0,1,208,green,4905,T27
48,0,0,1,208,green,4905,T27
49,0,0,1,208,green,4905,T27
50,0,0,1,208,green,4905,T27
51,0,0,1,208,green,4905,T27
52,0,0,1,208,green,4905,T27
53,0,0,1,208,green,4905,T27
54,0,0,1,208,green,4905,T27
55,0,0,1,208,green,4905,T27
56,0,0,1,208,green,4905,T27
57,0,0,1,208,green,4905,T27
58,0,0,1,208,green,4905,T27
59,0,0,1,208,green,4905,T27
60,0,0,1,208,green,4905,T27
61,0,0,1,208,green,4905,T27
62,0,0,1,208,green,4905,T27
63,0,0,1,208,green,4905,T27
64,0,0,1,208,green,4905,T27
65,0,0,1,208,green,4905,T27
66,0,0,1,208,green,4905,T27
67,0,0,1,208,green,4905,T27
68,0,0,1,208,green,4905,T27
69,0,0,1,208,green,4905,T27
70,0,0,1,208,green,4905,T27
71,0,0,1,208,green,4905,T27
72,0,0,1,208,green,4905,T27
73,0,0,1,208,green,4905,T27
74,0,0,1,208,green,4905,T27
75,0,0,1,208,green,4905,T27
76,0,0,1,208,green,4905,T27
77,0,0,1,208,green,4905,T27
78,1,0,0,208,green,4905,T27
79,1,0,0,208,green,4905,T27
80,1,0,0,208,green,4905,T27
81,1,0,0,208,green,4905,T27
82,1,0,0,208,green,4905,T27
83,1,0,0,208,green,4905,T27
84,1,0,0,208,green,4905,T27
85,1,0,0,208,green,4905,T27
86,1,0,0,208,green,4905,T27
87,1,0,0,208,green,4905,T27
88,1,0,0,208,green,4905,T27
89,1,0,0,208,green,4905,T27
90,1,0,0,208,green,4905,T27
91,1,0,0,208,green,4905,T27
92,1,0,0,208,green,4905,T27
93,1,0,0,208,green,4905,T27
94,1,0,0,208,green,4905,T27
95,1,0,0,208,green,4905,T27
96,1,0,0,208,green,4905,T27
97,1,0,0,208,green,4905,T27
98,1,0,0,208,green,4905,T27
99,1,0,0,208,green,4905,T27
100,1,0,0,208,green,4905,T27
101,1,0,0,208,green,4905,T27
102,1,0,0,208,green,4905,T27
103,1,0,0,208,green,4905,T27
104,1,0,0,208,green,4905,T27
105,1,0,0,208,green,4905,T27
106,1,0,0,208,green,4905,T27
107,1,0,0,208,green,4905,T27
108,1,0,0,208,green,4905,T27
109,1,0,0,208,green,4905,T27
110,1,0,0,208,green,4905,T27
111,1,0,0,208,green,4905,T27
112,1,0,0,208,green,4905,T27
113,1,0,0,208,green,4905,T27
114,1,0,0,208,green,4905,T27
115,1,0,0,208,green,4905,T27
116,1,0,0,208,green,4905,T27
117,1,0,0,208,green,4905,T27
118,1,0,0,208,green,4905,T27
119,1,0,0,208,green,4905,T27
120,1,0,0,208,green,4905,T27
121,1,0,0,208,green,4905,T27
122,1,0,0,208,green,4905,T27
123,1,0,0,208,green,4905,T27
124,1,0,0,208,green,4905,T27
125,1,0,0,208,green,4905,T27
126,1,0,0,208,green,4905,T27
127,1,0,0,208,green,4905,T27
128,1,0,0,208,green,4905,T27
129,1,0,0,208,green,4905,T27
130,1,0,0,208,green,4905,T27
131,1,0,0,208,green,4905,T27
132,1,0,0,208,green,4905,T27
133,1,0,0,208,green,4905,T27
134,1,0,0,208,green,4905,T27
135,1,0,0,208,green,4905,T27
136,1,0,0,208,green,4905,T27
137,1,0,0,208,green,4905,T27
138,1,0,0,208,green,4905,T27
139,1,0,0,208,green,4905,T27
140,1,0,0,208,green,4905,T27
141,1,0,0,208,green,4905,T27
142,1,0,0,208,green,4905,T27
143,1,0,0,208,green,4905,T27
144,1,0,0,208,green,4905,T27
145,1,0,0,208,green,4905,T27
146,1,0,0,208,green,4905,T27
147,1,0,0,208,green,4905,T27
148,1,0,0,208,green,4905,T27
149,1,0,0,208,green,4905,T27
150,1,0,0,208,green,4905,T27
151,1,0,0,208,green,4905,T27
152,0,0,1,208,green,4905,T27
153,0,1,0,208,green,4905,T27
154,0,1,0,208,green,4905,T27
155,0,1,0,208,green,4905,T27
156,0,1,0,208,green,4905,T27
157,0,1,0,208,green,4905,T27
158,0,1,0,208,green,4905,T27
159,0,1,0,208,green,4905,T27
160,0,1,0,208,green,4905,T27
161,0,1,0,208,green,4905,T27
162,0,1,0,208,green,4905,T27
163,0,1,0,208,green,4905,T27
164,0,1,0,208,green,4905,T27
165,0,1,0,208,green,4905,T27
166,0,1,0,208,green,4905,T27
167,0,1,0,208,green,4905,T27
168,0,1,0,208,green,4905,T27
169,0,1,0,208,green,4905,T27
170,0,1,0,208,green,4905,T27
0,0,0,1,209,green,4111,T27
1,0,0,1,209,green,4111,T27
2,0,0,1,209,green,4111,T27
3,0,0,1,209,green,4111,T27
4,0,0,1,209,green,4111,T27
5,0,0,1,209,green,4111,T27
6,0,0,1,209,green,4111,T27
7,0,0,1,209,green,4111,T27
8,0,0,1,209,green,4111,T27
9,0,0,1,209,green,4111,T27
10,0,0,1,209,green,4111,T27
11,0,0,1,209,green,4111,T27
12,0,0,1,209,green,4111,T27
13,0,0,1,209,green,4111,T27
14,0,0,1,209,green,4111,T27
15,0,0,1,209,green,4111,T27
16,0,0,1,209,green,4111,T27
17,0,0,1,209,green,4111,T27
18,0,0,1,209,green,4111,T27
19,0,0,1,209,green,4111,T27
20,0,0,1,209,green,4111,T27
21,0,0,1,209,green,4111,T27
22,0,0,1,209,green,4111,T27
23,0,0,1,209,green,4111,T27
24,0,0,1,209,green,4111,T27
25,0,0,1,209,green,4111,T27
26,0,0,1,209,green,4111,T27
27,0,0,1,209,green,4111,T27
28,0,0,1,209,green,4111,T27
29,0,0,1,209,green,4111,T27
30,0,0,1,209,green,4111,T27
31,0,0,1,209,green,4111,T27
32,0,0,1,209,green,4111,T27
33,0,0,1,209,green,4111,T27
34,0,0,1,209,green,4111,T27
35,0,0,1,209,green,4111,T27
36,0,0,1,209,green,4111,T27
37,0,0,1,209,green,4111,T27
38,0,0,1,209,green,4111,T27
39,0,0,1,209,green,4111,T27
40,0,0,1,209,green,4111,T27
41,0,0,1,209,green,4111,T27
42,0,0,1,209,green,4111,T27
43,0,0,1,209,green,4111,T27
44,0,0,1,209,green,4111,T27
45,0,0,1,209,green,4111,T27
46,0,0,1,209,green,4111,T27
47,0,0,1,209,green,4111,T27
48,0,0,1,209,green,4111,T27
49,0,0,1,209,green,4111,T27
50,0,0,1,209,green,4111,T27
51,0,0,1,209,green,4111,T27
52,0,0,1,209,green,4111,T27
53,0,0,1,209,green,4111,T27
54,0,0,1,209,green,4111,T27
55,0,0,1,209,green,4111,T27
56,0,0,1,209,green,4111,T27
57,0,0,1,209,green,4111,T27
58,0,0,1,209,green,4111,T27
59,0,0,1,209,green,4111,T27
60,0,0,1,209,green,4111,T27
61,0,0,1,209,green,4111,T27
62,0,0,1,209,green,4111,T27
63,0,0,1,209,green,4111,T27
64,0,0,1,209,green,4111,T27
65,0,0,1,209,green,4111,T27
66,0,0,1,209,green,4111,T27
67,0,0,1,209,green,4111,T27
68,0,0,1,209,green,4111,T27
69,0,0,1,209,green,4111,T27
70,0,0,1,209,green,4111,T27
71,0,0,1,209,green,4111,T27
72,0,0,1,209,green,4111,T27
73,0,0,1,209,green,4111,T27
74,0,0,1,209,green,4111,T27
75,0,0,1,209,green,4111,T27
76,0,0,1,209,green,4111,T27
77,0,0,1,209,green,4111,T27
78,0,0,1,209,green,4111,T27
79,0,0,1,209,green,4111,T27
80,0,0,1,209,green,4111,T27
81,0,0,1,209,green,4111,T27
82,0,0,1,209,green,4111,T27
83,0,0,1,209,green,4111,T27
84,0,0,1,209,green,4111,T27
85,0,0,1,209,green,4111,T27
86,0,0,1,209,green,4111,T27
87,0,0,1,209,green,4111,T27
88,0,0,1,209,green,4111,T27
89,0,0,1,209,green,4111,T27
90,0,0,1,209,green,4111,T27
91,0,0,1,209,green,4111,T27
92,0,0,1,209,green,4111,T27
93,0,0,1,209,green,4111,T27
94,0,0,1,209,green,4111,T27
95,0,0,1,209,green,4111,T27
96,0,0,1,209,green,4111,T27
97,0,0,1,209,green,4111,T27
98,0,1,0,209,green,4111,T27
99,0,1,0,209,green,4111,T27
100,0,1,0,209,green,4111,T27
101,0,1,0,209,green,4111,T27
102,0,1,0,209,green,4111,T27
103,0,1,0,209,green,4111,T27
104,0,1,0,209,green,4111,T27
105,0,1,0,209,green,4111,T27
106,0,1,0,209,green,4111,T27
107,0,1,0,209,green,4111,T27
108,0,1,0,209,green,4111,T27
109,0,0,1,209,green,4111,T27
110,0,0,1,209,green,4111,T27
111,0,0,1,209,green,4111,T27
112,0,0,1,209,green,4111,T27
113,1,0,0,209,green,4111,T27
114,1,0,0,209,green,4111,T27
115,1,0,0,209,green,4111,T27
116,1,0,0,209,green,4111,T27
117,1,0,0,209,green,4111,T27
118,1,0,0,209,green,4111,T27
119,1,0,0,209,green,4111,T27
120,1,0,0,209,green,4111,T27
121,1,0,0,209,green,4111,T27
122,1,0,0,209,green,4111,T27
123,1,0,0,209,green,4111,T27
124,1,0,0,209,green,4111,T27
125,1,0,0,209,green,4111,T27
126,1,0,0,209,green,4111,T27
127,1,0,0,209,green,4111,T27
128,1,0,0,209,green,4111,T27
129,1,0,0,209,green,4111,T27
130,1,0,0,209,green,4111,T27
131,1,0,0,209,green,4111,T27
132,1,0,0,209,green,4111,T27
133,1,0,0,209,green,4111,T27
134,1,0,0,209,green,4111,T27
135,1,0,0,209,green,4111,T27
136,1,0,0,209,green,4111,T27
137,1,0,0,209,green,4111,T27
138,1,0,0,209,green,4111,T27
139,1,0,0,209,green,4111,T27
140,1,0,0,209,green,4111,T27
141,1,0,0,209,green,4111,T27
142,1,0,0,209,green,4111,T27
143,1,0,0,209,green,4111,T27
144,1,0,0,209,green,4111,T27
145,1,0,0,209,green,4111,T27
146,1,0,0,209,green,4111,T27
147,1,0,0,209,green,4111,T27
148,1,0,0,209,green,4111,T27
149,1,0,0,209,green,4111,T27
150,1,0,0,209,green,4111,T27
151,1,0,0,209,green,4111,T27
152,1,0,0,209,green,4111,T27
153,1,0,0,209,green,4111,T27
154,1,0,0,209,green,4111,T27
155,1,0,0,209,green,4111,T27
156,1,0,0,209,green,4111,T27
157,1,0,0,209,green,4111,T27
158,0,1,0,209,green,4111,T27
159,0,1,0,209,green,4111,T27
160,0,1,0,209,green,4111,T27
161,0,1,0,209,green,4111,T27
162,0,1,0,209,green,4111,T27
163,0,1,0,209,green,4111,T27
164,0,1,0,209,green,4111,T27
165,0,1,0,209,green,4111,T27
166,0,1,0,209,green,4111,T27
167,0,1,0,209,green,4111,T27
168,0,1,0,209,green,4111,T27
169,0,1,0,209,green,4111,T27
170,0,1,0,209,green,4111,T27
0,0,0,1,210,green,5499,T27
1,0,0,1,210,green,5499,T27
2,0,0,1,210,green,5499,T27
3,0,0,1,210,green,5499,T27
4,0,0,1,210,green,5499,T27
5,0,0,1,210,green,5499,T27
6,0,0,1,210,green,5499,T27
7,0,0,1,210,green,5499,T27
8,0,0,1,210,green,5499,T27
9,0,0,1,210,green,5499,T27
10,0,0,1,210,green,5499,T27
11,0,0,1,210,green,5499,T27
12,0,0,1,210,green,5499,T27
13,0,0,1,210,green,5499,T27
14,0,0,1,210,green,5499,T27
15,0,0,1,210,green,5499,T27
16,0,0,1,210,green,5499,T27
17,0,0,1,210,green,5499,T27
18,0,0,1,210,green,5499,T27
19,0,0,1,210,green,5499,T27
20,0,0,1,210,green,5499,T27
21,0,0,1,210,green,5499,T27
22,0,0,1,210,green,5499,T27
23,0,0,1,210,green,5499,T27
24,0,0,1,210,green,5499,T27
25,0,0,1,210,green,5499,T27
26,0,0,1,210,green,5499,T27
27,0,0,1,210,green,5499,T27
28,0,0,1,210,green,5499,T27
29,0,0,1,210,green,5499,T27
30,0,0,1,210,green,5499,T27
31,0,0,1,210,green,5499,T27
32,0,0,1,210,green,5499,T27
33,0,0,1,210,green,5499,T27
34,0,0,1,210,green,5499,T27
35,0,0,1,210,green,5499,T27
36,0,0,1,210,green,5499,T27
37,0,0,1,210,green,5499,T27
38,0,0,1,210,green,5499,T27
39,0,0,1,210,green,5499,T27
40,0,0,1,210,green,5499,T27
41,0,0,1,210,green,5499,T27
42,0,0,1,210,green,5499,T27
43,0,0,1,210,green,5499,T27
44,0,0,1,210,green,5499,T27
45,0,0,1,210,green,5499,T27
46,0,0,1,210,green,5499,T27
47,0,0,1,210,green,5499,T27
48,0,0,1,210,green,5499,T27
49,0,0,1,210,green,5499,T27
50,0,0,1,210,green,5499,T27
51,0,0,1,210,green,5499,T27
52,0,1,0,210,green,5499,T27
53,0,1,0,210,green,5499,T27
54,0,1,0,210,green,5499,T27
55,0,1,0,210,green,5499,T27
56,0,1,0,210,green,5499,T27
57,0,1,0,210,green,5499,T27
58,0,1,0,210,green,5499,T27
59,0,1,0,210,green,5499,T27
60,0,1,0,210,green,5499,T27
61,0,0,1,210,green,5499,T27
62,0,0,1,210,green,5499,T27
63,0,0,1,210,green,5499,T27
64,0,0,1,210,green,5499,T27
65,0,0,1,210,green,5499,T27
66,0,0,1,210,green,5499,T27
67,0,0,1,210,green,5499,T27
68,0,0,1,210,green,5499,T27
69,0,0,1,210,green,5499,T27
70,0,0,1,210,green,5499,T27
71,0,0,1,210,green,5499,T27
72,0,0,1,210,green,5499,T27
73,0,0,1,210,green,5499,T27
74,0,0,1,210,green,5499,T27
75,0,0,1,210,green,5499,T27
76,0,0,1,210,green,5499,T27
77,0,0,1,210,green,5499,T27
78,0,0,1,210,green,5499,T27
79,0,0,1,210,green,5499,T27
80,0,0,1,210,green,5499,T27
81,0,0,1,210,green,5499,T27
82,0,0,1,210,green,5499,T27
83,0,0,1,210,green,5499,T27
84,0,0,1,210,green,5499,T27
85,0,0,1,210,green,5499,T27
86,0,0,1,210,green,5499,T27
87,0,0,1,210,green,5499,T27
88,0,0,1,210,green,5499,T27
89,0,0,1,210,green,5499,T27
90,0,0,1,210,green,5499,T27
91,0,0,1,210,green,5499,T27
92,0,0,1,210,green,5499,T27
93,0,0,1,210,green,5499,T27
94,0,0,1,210,green,5499,T27
95,0,0,1,210,green,5499,T27
96,0,0,1,210,green,5499,T27
97,0,0,1,210,green,5499,T27
98,0,0,1,210,green,5499,T27
99,0,0,1,210,green,5499,T27
100,0,0,1,210,green,5499,T27
101,0,0,1,210,green,5499,T27
102,0,0,1,210,green,5499,T27
103,0,0,1,210,green,5499,T27
104,0,0,1,210,green,5499,T27
105,0,0,1,210,green,5499,T27
106,0,0,1,210,green,5499,T27
107,0,0,1,210,green,5499,T27
108,0,0,1,210,green,5499,T27
109,0,0,1,210,green,5499,T27
110,0,0,1,210,green,5499,T27
111,0,0,1,210,green,5499,T27
112,0,0,1,210,green,5499,T27
113,0,0,1,210,green,5499,T27
114,0,0,1,210,green,5499,T27
115,0,0,1,210,green,5499,T27
116,0,0,1,210,green,5499,T27
117,0,0,1,210,green,5499,T27
118,0,0,1,210,green,5499,T27
119,0,0,1,210,green,5499,T27
120,0,0,1,210,green,5499,T27
121,0,0,1,210,green,5499,T27
122,0,0,1,210,green,5499,T27
123,0,0,1,210,green,5499,T27
124,0,0,1,210,green,5499,T27
125,0,0,1,210,green,5499,T27
126,0,0,1,210,green,5499,T27
127,0,0,1,210,green,5499,T27
128,0,0,1,210,green,5499,T27
129,0,0,1,210,green,5499,T27
130,0,0,1,210,green,5499,T27
131,0,0,1,210,green,5499,T27
132,0,0,1,210,green,5499,T27
133,0,0,1,210,green,5499,T27
134,0,0,1,210,green,5499,T27
135,0,0,1,210,green,5499,T27
136,0,0,1,210,green,5499,T27
137,0,0,1,210,green,5499,T27
138,0,0,1,210,green,5499,T27
139,0,0,1,210,green,5499,T27
140,0,0,1,210,green,5499,T27
141,0,0,1,210,green,5499,T27
142,0,0,1,210,green,5499,T27
143,0,0,1,210,green,5499,T27
144,0,0,1,210,green,5499,T27
145,0,0,1,210,green,5499,T27
146,0,0,1,210,green,5499,T27
147,0,0,1,210,green,5499,T27
148,1,0,0,210,green,5499,T27
149,1,0,0,210,green,5499,T27
150,1,0,0,210,green,5499,T27
151,1,0,0,210,green,5499,T27
152,1,0,0,210,green,5499,T27
153,1,0,0,210,green,5499,T27
154,1,0,0,210,green,5499,T27
155,1,0,0,210,green,5499,T27
156,1,0,0,210,green,5499,T27
157,1,0,0,210,green,5499,T27
158,1,0,0,210,green,5499,T27
159,1,0,0,210,green,5499,T27
160,1,0,0,210,green,5499,T27
161,1,0,0,210,green,5499,T27
162,1,0,0,210,green,5499,T27
163,1,0,0,210,green,5499,T27
164,0,0,1,210,green,5499,T27
165,0,0,1,210,green,5499,T27
166,0,0,1,210,green,5499,T27
167,0,1,0,210,green,5499,T27
168,0,1,0,210,green,5499,T27
169,0,1,0,210,green,5499,T27
170,0,1,0,210,green,5499,T27
0,0,0,1,211,green,5458,T27
1,0,0,1,211,green,5458,T27
2,0,0,1,211,green,5458,T27
3,0,0,1,211,green,5458,T27
4,0,0,1,211,green,5458,T27
5,0,0,1,211,green,5458,T27
6,0,0,1,211,green,5458,T27
7,0,0,1,211,green,5458,T27
8,0,0,1,211,green,5458,T27
9,0,0,1,211,green,5458,T27
10,0,0,1,211,green,5458,T27
11,0,0,1,211,green,5458,T27
12,0,0,1,211,green,5458,T27
13,0,0,1,211,green,5458,T27
14,0,0,1,211,green,5458,T27
15,0,0,1,211,green,5458,T27
16,0,0,1,211,green,5458,T27
17,0,0,1,211,green,5458,T27
18,0,0,1,211,green,5458,T27
19,0,0,1,211,green,5458,T27
20,0,1,0,211,green,5458,T27
21,0,1,0,211,green,5458,T27
22,0,1,0,211,green,5458,T27
23,0,1,0,211,green,5458,T27
24,0,1,0,211,green,5458,T27
25,0,1,0,211,green,5458,T27
26,0,1,0,211,green,5458,T27
27,0,1,0,211,green,5458,T27
28,0,1,0,211,green,5458,T27
29,0,1,0,211,green,5458,T27
30,0,1,0,211,green,5458,T27
31,0,1,0,211,green,5458,T27
32,0,1,0,211,green,5458,T27
33,0,1,0,211,green,5458,T27
34,0,1,0,211,green,5458,T27
35,0,1,0,211,green,5458,T27
36,0,1,0,211,green,5458,T27
37,0,1,0,211,green,5458,T27
38,0,1,0,211,green,5458,T27
39,0,1,0,211,green,5458,T27
40,0,1,0,211,green,5458,T27
41,0,1,0,211,green,5458,T27
42,0,1,0,211,green,5458,T27
43,0,1,0,211,green,5458,T27
44,0,1,0,211,green,5458,T27
45,0,1,0,211,green,5458,T27
46,0,1,0,211,green,5458,T27
47,0,1,0,211,green,5458,T27
48,0,1,0,211,green,5458,T27
49,0,1,0,211,green,5458,T27
50,0,1,0,211,green,5458,T27
51,0,1,0,211,green,5458,T27
52,0,1,0,211,green,5458,T27
53,0,1,0,211,green,5458,T27
54,0,1,0,211,green,5458,T27
55,0,1,0,211,green,5458,T27
56,0,1,0,211,green,5458,T27
57,0,1,0,211,green,5458,T27
58,0,1,0,211,green,5458,T27
59,0,1,0,211,green,5458,T27
60,0,1,0,211,green,5458,T27
61,0,1,0,211,green,5458,T27
62,0,1,0,211,green,5458,T27
63,0,1,0,211,green,5458,T27
64,0,1,0,211,green,5458,T27
65,0,1,0,211,green,5458,T27
66,0,1,0,211,green,5458,T27
67,0,1,0,211,green,5458,T27
68,0,1,0,211,green,5458,T27
69,0,1,0,211,green,5458,T27
70,0,1,0,211,green,5458,T27
71,0,1,0,211,green,5458,T27
72,0,1,0,211,green,5458,T27
73,0,1,0,211,green,5458,T27
74,0,1,0,211,green,5458,T27
75,0,1,0,211,green,5458,T27
76,0,1,0,211,green,5458,T27
77,0,1,0,211,green,5458,T27
78,0,1,0,211,green,5458,T27
79,0,1,0,211,green,5458,T27
80,0,1,0,211,green,5458,T27
81,0,1,0,211,green,5458,T27
82,0,1,0,211,green,5458,T27
83,0,1,0,211,green,5458,T27
84,0,1,0,211,green,5458,T27
85,0,1,0,211,green,5458,T27
86,0,1,0,211,green,5458,T27
87,0,1,0,211,green,5458,T27
88,0,1,0,211,green,5458,T27
89,0,1,0,211,green,5458,T27
90,0,1,0,211,green,5458,T27
91,0,1,0,211,green,5458,T27
92,0,1,0,211,green,5458,T27
93,0,1,0,211,green,5458,T27
94,0,1,0,211,green,5458,T27
95,0,1,0,211,green,5458,T27
96,0,1,0,211,green,5458,T27
97,0,1,0,211,green,5458,T27
98,0,1,0,211,green,5458,T27
99,0,1,0,211,green,5458,T27
100,0,1,0,211,green,5458,T27
101,0,1,0,211,green,5458,T27
102,0,1,0,211,green,5458,T27
103,0,1,0,211,green,5458,T27
104,0,1,0,211,green,5458,T27
105,0,1,0,211,green,5458,T27
106,0,1,0,211,green,5458,T27
107,0,1,0,211,green,5458,T27
108,0,1,0,211,green,5458,T27
109,0,1,0,211,green,5458,T27
110,0,1,0,211,green,5458,T27
111,0,1,0,211,green,5458,T27
112,0,1,0,211,green,5458,T27
113,0,1,0,211,green,5458,T27
114,0,1,0,211,green,5458,T27
115,0,1,0,211,green,5458,T27
116,0,1,0,211,green,5458,T27
117,0,1,0,211,green,5458,T27
118,0,1,0,211,green,5458,T27
119,0,1,0,211,green,5458,T27
120,0,1,0,211,green,5458,T27
121,0,1,0,211,green,5458,T27
122,0,1,0,211,green,5458,T27
123,0,1,0,211,green,5458,T27
124,0,1,0,211,green,5458,T27
125,0,1,0,211,green,5458,T27
126,0,1,0,211,green,5458,T27
127,0,1,0,211,green,5458,T27
128,0,1,0,211,green,5458,T27
129,0,1,0,211,green,5458,T27
130,0,1,0,211,green,5458,T27
131,0,1,0,211,green,5458,T27
132,0,1,0,211,green,5458,T27
133,0,1,0,211,green,5458,T27
134,0,1,0,211,green,5458,T27
135,0,1,0,211,green,5458,T27
136,0,1,0,211,green,5458,T27
137,0,1,0,211,green,5458,T27
138,0,1,0,211,green,5458,T27
139,0,1,0,211,green,5458,T27
140,0,1,0,211,green,5458,T27
141,0,1,0,211,green,5458,T27
142,0,1,0,211,green,5458,T27
143,0,1,0,211,green,5458,T27
144,0,1,0,211,green,5458,T27
145,0,1,0,211,green,5458,T27
146,0,1,0,211,green,5458,T27
147,0,1,0,211,green,5458,T27
148,0,1,0,211,green,5458,T27
149,0,1,0,211,green,5458,T27
150,0,1,0,211,green,5458,T27
151,0,1,0,211,green,5458,T27
152,0,1,0,211,green,5458,T27
153,0,1,0,211,green,5458,T27
154,0,1,0,211,green,5458,T27
155,0,1,0,211,green,5458,T27
156,0,1,0,211,green,5458,T27
157,0,1,0,211,green,5458,T27
158,0,1,0,211,green,5458,T27
159,0,1,0,211,green,5458,T27
160,0,1,0,211,green,5458,T27
161,0,1,0,211,green,5458,T27
162,0,1,0,211,green,5458,T27
163,0,1,0,211,green,5458,T27
164,0,1,0,211,green,5458,T27
165,0,1,0,211,green,5458,T27
166,0,1,0,211,green,5458,T27
167,0,1,0,211,green,5458,T27
168,0,1,0,211,green,5458,T27
169,0,1,0,211,green,5458,T27
170,0,1,0,211,green,5458,T27
0,0,0,1,212,green,5678,T27
1,0,0,1,212,green,5678,T27
2,0,0,1,212,green,5678,T27
3,0,0,1,212,green,5678,T27
4,0,0,1,212,green,5678,T27
5,0,0,1,212,green,5678,T27
6,0,0,1,212,green,5678,T27
7,0,0,1,212,green,5678,T27
8,0,0,1,212,green,5678,T27
9,0,0,1,212,green,5678,T27
10,0,0,1,212,green,5678,T27
11,0,0,1,212,green,5678,T27
12,0,0,1,212,green,5678,T27
13,0,0,1,212,green,5678,T27
14,0,0,1,212,green,5678,T27
15,0,0,1,212,green,5678,T27
16,0,0,1,212,green,5678,T27
17,0,0,1,212,green,5678,T27
18,0,0,1,212,green,5678,T27
19,0,0,1,212,green,5678,T27
20,0,0,1,212,green,5678,T27
21,0,0,1,212,green,5678,T27
22,0,0,1,212,green,5678,T27
23,0,0,1,212,green,5678,T27
24,0,0,1,212,green,5678,T27
25,0,0,1,212,green,5678,T27
26,0,0,1,212,green,5678,T27
27,0,0,1,212,green,5678,T27
28,0,0,1,212,green,5678,T27
29,0,1,0,212,green,5678,T27
30,0,1,0,212,green,5678,T27
31,0,1,0,212,green,5678,T27
32,0,1,0,212,green,5678,T27
33,0,1,0,212,green,5678,T27
34,0,1,0,212,green,5678,T27
35,0,1,0,212,green,5678,T27
36,0,1,0,212,green,5678,T27
37,0,1,0,212,green,5678,T27
38,0,1,0,212,green,5678,T27
39,0,1,0,212,green,5678,T27
40,0,1,0,212,green,5678,T27
41,0,1,0,212,green,5678,T27
42,0,1,0,212,green,5678,T27
43,0,1,0,212,green,5678,T27
44,0,1,0,212,green,5678,T27
45,0,1,0,212,green,5678,T27
46,0,1,0,212,green,5678,T27
47,0,1,0,212,green,5678,T27
48,0,1,0,212,green,5678,T27
49,0,1,0,212,green,5678,T27
50,0,1,0,212,green,5678,T27
51,0,1,0,212,green,5678,T27
52,0,1,0,212,green,5678,T27
53,0,1,0,212,green,5678,T27
54,0,1,0,212,green,5678,T27
55,0,1,0,212,green,5678,T27
56,0,1,0,212,green,5678,T27
57,0,1,0,212,green,5678,T27
58,0,1,0,212,green,5678,T27
59,0,1,0,212,green,5678,T27
60,0,1,0,212,green,5678,T27
61,0,1,0,212,green,5678,T27
62,0,1,0,212,green,5678,T27
63,0,1,0,212,green,5678,T27
64,0,1,0,212,green,5678,T27
65,0,1,0,212,green,5678,T27
66,0,1,0,212,green,5678,T27
67,0,1,0,212,green,5678,T27
68,0,1,0,212,green,5678,T27
69,0,1,0,212,green,5678,T27
70,0,1,0,212,green,5678,T27
71,0,1,0,212,green,5678,T27
72,0,1,0,212,green,5678,T27
73,0,1,0,212,green,5678,T27
74,0,1,0,212,green,5678,T27
75,0,1,0,212,green,5678,T27
76,0,1,0,212,green,5678,T27
77,0,1,0,212,green,5678,T27
78,0,1,0,212,green,5678,T27
79,0,1,0,212,green,5678,T27
80,0,1,0,212,green,5678,T27
81,0,1,0,212,green,5678,T27
82,0,1,0,212,green,5678,T27
83,0,1,0,212,green,5678,T27
84,0,1,0,212,green,5678,T27
85,0,1,0,212,green,5678,T27
86,0,1,0,212,green,5678,T27
87,0,1,0,212,green,5678,T27
88,0,1,0,212,green,5678,T27
89,0,1,0,212,green,5678,T27
90,0,1,0,212,green,5678,T27
91,0,1,0,212,green,5678,T27
92,0,1,0,212,green,5678,T27
93,0,1,0,212,green,5678,T27
94,0,1,0,212,green,5678,T27
95,0,1,0,212,green,5678,T27
96,0,1,0,212,green,5678,T27
97,0,1,0,212,green,5678,T27
98,0,1,0,212,green,5678,T27
99,0,1,0,212,green,5678,T27
100,0,1,0,212,green,5678,T27
101,0,1,0,212,green,5678,T27
102,0,1,0,212,green,5678,T27
103,0,1,0,212,green,5678,T27
104,0,1,0,212,green,5678,T27
105,0,1,0,212,green,5678,T27
106,0,1,0,212,green,5678,T27
107,0,1,0,212,green,5678,T27
108,0,1,0,212,green,5678,T27
109,0,1,0,212,green,5678,T27
110,0,1,0,212,green,5678,T27
111,0,1,0,212,green,5678,T27
112,0,1,0,212,green,5678,T27
113,0,1,0,212,green,5678,T27
114,0,1,0,212,green,5678,T27
115,0,1,0,212,green,5678,T27
116,0,1,0,212,green,5678,T27
117,0,1,0,212,green,5678,T27
118,0,1,0,212,green,5678,T27
119,0,1,0,212,green,5678,T27
120,0,1,0,212,green,5678,T27
121,0,1,0,212,green,5678,T27
122,0,1,0,212,green,5678,T27
123,0,1,0,212,green,5678,T27
124,0,1,0,212,green,5678,T27
125,0,1,0,212,green,5678,T27
126,0,1,0,212,green,5678,T27
127,0,1,0,212,green,5678,T27
128,0,1,0,212,green,5678,T27
129,0,1,0,212,green,5678,T27
130,0,1,0,212,green,5678,T27
131,0,1,0,212,green,5678,T27
132,0,1,0,212,green,5678,T27
133,0,1,0,212,green,5678,T27
134,0,1,0,212,green,5678,T27
135,0,1,0,212,green,5678,T27
136,0,1,0,212,green,5678,T27
137,0,1,0,212,green,5678,T27
138,0,1,0,212,green,5678,T27
139,0,1,0,212,green,5678,T27
140,0,1,0,212,green,5678,T27
141,0,1,0,212,green,5678,T27
142,0,1,0,212,green,5678,T27
143,0,1,0,212,green,5678,T27
144,0,1,0,212,green,5678,T27
145,0,1,0,212,green,5678,T27
146,0,1,0,212,green,5678,T27
147,0,1,0,212,green,5678,T27
148,0,1,0,212,green,5678,T27
149,0,1,0,212,green,5678,T27
150,0,1,0,212,green,5678,T27
151,0,1,0,212,green,5678,T27
152,0,1,0,212,green,5678,T27
153,0,1,0,212,green,5678,T27
154,0,1,0,212,green,5678,T27
155,0,1,0,212,green,5678,T27
156,0,1,0,212,green,5678,T27
157,0,1,0,212,green,5678,T27
158,0,1,0,212,green,5678,T27
159,0,1,0,212,green,5678,T27
160,0,1,0,212,green,5678,T27
161,0,1,0,212,green,5678,T27
162,0,1,0,212,green,5678,T27
163,0,1,0,212,green,5678,T27
164,0,1,0,212,green,5678,T27
165,0,1,0,212,green,5678,T27
166,0,1,0,212,green,5678,T27
167,0,1,0,212,green,5678,T27
168,0,1,0,212,green,5678,T27
169,0,1,0,212,green,5678,T27
170,0,1,0,212,green,5678,T27
0,0,0,1,213,green,5108,T27
1,0,0,1,213,green,5108,T27
2,0,0,1,213,green,5108,T27
3,0,0,1,213,green,5108,T27
4,0,0,1,213,green,5108,T27
5,0,0,1,213,green,5108,T27
6,0,0,1,213,green,5108,T27
7,0,0,1,213,green,5108,T27
8,0,0,1,213,green,5108,T27
9,0,0,1,213,green,5108,T27
10,0,0,1,213,green,5108,T27
11,0,0,1,213,green,5108,T27
12,0,0,1,213,green,5108,T27
13,0,0,1,213,green,5108,T27
14,0,0,1,213,green,5108,T27
15,0,0,1,213,green,5108,T27
16,0,0,1,213,green,5108,T27
17,0,0,1,213,green,5108,T27
18,0,0,1,213,green,5108,T27
19,0,0,1,213,green,5108,T27
20,0,0,1,213,green,5108,T27
21,0,0,1,213,green,5108,T27
22,0,0,1,213,green,5108,T27
23,0,0,1,213,green,5108,T27
24,0,0,1,213,green,5108,T27
25,0,0,1,213,green,5108,T27
26,0,0,1,213,green,5108,T27
27,0,0,1,213,green,5108,T27
28,0,0,1,213,green,5108,T27
29,0,0,1,213,green,5108,T27
30,0,0,1,213,green,5108,T27
31,0,0,1,213,green,5108,T27
32,0,0,1,213,green,5108,T27
33,0,0,1,213,green,5108,T27
34,0,0,1,213,green,5108,T27
35,0,0,1,213,green,5108,T27
36,0,0,1,213,green,5108,T27
37,0,0,1,213,green,5108,T27
38,0,0,1,213,green,5108,T27
39,0,0,1,213,green,5108,T27
40,0,0,1,213,green,5108,T27
41,0,0,1,213,green,5108,T27
42,0,0,1,213,green,5108,T27
43,0,0,1,213,green,5108,T27
44,0,0,1,213,green,5108,T27
45,0,0,1,213,green,5108,T27
46,0,0,1,213,green,5108,T27
47,0,0,1,213,green,5108,T27
48,0,0,1,213,green,5108,T27
49,0,0,1,213,green,5108,T27
50,0,0,1,213,green,5108,T27
51,0,0,1,213,green,5108,T27
52,0,0,1,213,green,5108,T27
53,0,0,1,213,green,5108,T27
54,0,0,1,213,green,5108,T27
55,0,0,1,213,green,5108,T27
56,0,0,1,213,green,5108,T27
57,0,0,1,213,green,5108,T27
58,0,0,1,213,green,5108,T27
59,0,0,1,213,green,5108,T27
60,0,0,1,213,green,5108,T27
61,0,0,1,213,green,5108,T27
62,0,0,1,213,green,5108,T27
63,0,0,1,213,green,5108,T27
64,0,0,1,213,green,5108,T27
65,0,0,1,213,green,5108,T27
66,0,0,1,213,green,5108,T27
67,0,0,1,213,green,5108,T27
68,0,1,0,213,green,5108,T27
69,0,1,0,213,green,5108,T27
70,0,1,0,213,green,5108,T27
71,0,1,0,213,green,5108,T27
72,0,1,0,213,green,5108,T27
73,0,1,0,213,green,5108,T27
74,0,1,0,213,green,5108,T27
75,0,1,0,213,green,5108,T27
76,0,1,0,213,green,5108,T27
77,0,1,0,213,green,5108,T27
78,0,1,0,213,green,5108,T27
79,0,1,0,213,green,5108,T27
80,0,1,0,213,green,5108,T27
81,0,1,0,213,green,5108,T27
82,0,1,0,213,green,5108,T27
83,0,1,0,213,green,5108,T27
84,0,1,0,213,green,5108,T27
85,0,1,0,213,green,5108,T27
86,0,1,0,213,green,5108,T27
87,0,1,0,213,green,5108,T27
88,0,1,0,213,green,5108,T27
89,0,1,0,213,green,5108,T27
90,0,1,0,213,green,5108,T27
91,0,1,0,213,green,5108,T27
92,0,1,0,213,green,5108,T27
93,0,1,0,213,green,5108,T27
94,0,1,0,213,green,5108,T27
95,0,1,0,213,green,5108,T27
96,0,1,0,213,green,5108,T27
97,0,1,0,213,green,5108,T27
98,0,1,0,213,green,5108,T27
99,0,1,0,213,green,5108,T27
100,0,1,0,213,green,5108,T27
101,0,1,0,213,green,5108,T27
102,0,1,0,213,green,5108,T27
103,0,1,0,213,green,5108,T27
104,0,1,0,213,green,5108,T27
105,0,1,0,213,green,5108,T27
106,0,1,0,213,green,5108,T27
107,0,1,0,213,green,5108,T27
108,0,1,0,213,green,5108,T27
109,0,1,0,213,green,5108,T27
110,0,1,0,213,green,5108,T27
111,0,1,0,213,green,5108,T27
112,0,1,0,213,green,5108,T27
113,0,1,0,213,green,5108,T27
114,0,1,0,213,green,5108,T27
115,0,1,0,213,green,5108,T27
116,0,1,0,213,green,5108,T27
117,0,1,0,213,green,5108,T27
118,0,1,0,213,green,5108,T27
119,0,1,0,213,green,5108,T27
120,0,1,0,213,green,5108,T27
121,0,1,0,213,green,5108,T27
122,0,1,0,213,green,5108,T27
123,0,1,0,213,green,5108,T27
124,0,1,0,213,green,5108,T27
125,0,1,0,213,green,5108,T27
126,0,1,0,213,green,5108,T27
127,0,1,0,213,green,5108,T27
128,0,1,0,213,green,5108,T27
129,0,1,0,213,green,5108,T27
130,0,1,0,213,green,5108,T27
131,0,1,0,213,green,5108,T27
132,0,1,0,213,green,5108,T27
133,0,1,0,213,green,5108,T27
134,0,1,0,213,green,5108,T27
135,0,1,0,213,green,5108,T27
136,0,1,0,213,green,5108,T27
137,0,1,0,213,green,5108,T27
138,0,1,0,213,green,5108,T27
139,0,1,0,213,green,5108,T27
140,0,1,0,213,green,5108,T27
141,0,1,0,213,green,5108,T27
142,0,1,0,213,green,5108,T27
143,0,1,0,213,green,5108,T27
144,0,1,0,213,green,5108,T27
145,0,1,0,213,green,5108,T27
146,0,1,0,213,green,5108,T27
147,0,1,0,213,green,5108,T27
148,0,1,0,213,green,5108,T27
149,0,1,0,213,green,5108,T27
150,0,1,0,213,green,5108,T27
151,0,1,0,213,green,5108,T27
152,0,1,0,213,green,5108,T27
153,0,1,0,213,green,5108,T27
154,0,1,0,213,green,5108,T27
155,0,1,0,213,green,5108,T27
156,0,1,0,213,green,5108,T27
157,0,1,0,213,green,5108,T27
158,0,1,0,213,green,5108,T27
159,0,1,0,213,green,5108,T27
160,0,1,0,213,green,5108,T27
161,0,1,0,213,green,5108,T27
162,0,1,0,213,green,5108,T27
163,0,1,0,213,green,5108,T27
164,0,1,0,213,green,5108,T27
165,0,1,0,213,green,5108,T27
166,0,1,0,213,green,5108,T27
167,0,1,0,213,green,5108,T27
168,0,1,0,213,green,5108,T27
169,0,1,0,213,green,5108,T27
170,0,1,0,213,green,5108,T27
0,0,0,1,214,green,3490,T27
1,0,0,1,214,green,3490,T27
2,0,0,1,214,green,3490,T27
3,0,0,1,214,green,3490,T27
4,0,0,1,214,green,3490,T27
5,0,0,1,214,green,3490,T27
6,0,0,1,214,green,3490,T27
7,0,0,1,214,green,3490,T27
8,0,0,1,214,green,3490,T27
9,0,0,1,214,green,3490,T27
10,0,0,1,214,green,3490,T27
11,0,0,1,214,green,3490,T27
12,0,0,1,214,green,3490,T27
13,0,0,1,214,green,3490,T27
14,0,0,1,214,green,3490,T27
15,0,0,1,214,green,3490,T27
16,0,0,1,214,green,3490,T27
17,0,0,1,214,green,3490,T27
18,0,0,1,214,green,3490,T27
19,0,0,1,214,green,3490,T27
20,0,0,1,214,green,3490,T27
21,0,0,1,214,green,3490,T27
22,0,0,1,214,green,3490,T27
23,0,0,1,214,green,3490,T27
24,0,0,1,214,green,3490,T27
25,0,0,1,214,green,3490,T27
26,0,0,1,214,green,3490,T27
27,0,0,1,214,green,3490,T27
28,0,0,1,214,green,3490,T27
29,0,0,1,214,green,3490,T27
30,0,0,1,214,green,3490,T27
31,0,0,1,214,green,3490,T27
32,0,0,1,214,green,3490,T27
33,0,0,1,214,green,3490,T27
34,0,0,1,214,green,3490,T27
35,0,0,1,214,green,3490,T27
36,0,0,1,214,green,3490,T27
37,0,0,1,214,green,3490,T27
38,0,0,1,214,green,3490,T27
39,0,0,1,214,green,3490,T27
40,0,0,1,214,green,3490,T27
41,0,0,1,214,green,3490,T27
42,0,0,1,214,green,3490,T27
43,0,0,1,214,green,3490,T27
44,0,0,1,214,green,3490,T27
45,0,0,1,214,green,3490,T27
46,0,0,1,214,green,3490,T27
47,0,0,1,214,green,3490,T27
48,0,0,1,214,green,3490,T27
49,0,0,1,214,green,3490,T27
50,0,0,1,214,green,3490,T27
51,0,0,1,214,green,3490,T27
52,0,0,1,214,green,3490,T27
53,0,0,1,214,green,3490,T27
54,0,0,1,214,green,3490,T27
55,0,0,1,214,green,3490,T27
56,0,0,1,214,green,3490,T27
57,0,0,1,214,green,3490,T27
58,0,0,1,214,green,3490,T27
59,0,0,1,214,green,3490,T27
60,0,0,1,214,green,3490,T27
61,0,0,1,214,green,3490,T27
62,0,0,1,214,green,3490,T27
63,0,0,1,214,green,3490,T27
64,0,0,1,214,green,3490,T27
65,0,0,1,214,green,3490,T27
66,0,0,1,214,green,3490,T27
67,0,0,1,214,green,3490,T27
68,0,0,1,214,green,3490,T27
69,0,0,1,214,green,3490,T27
70,0,0,1,214,green,3490,T27
71,0,0,1,214,green,3490,T27
72,0,0,1,214,green,3490,T27
73,0,0,1,214,green,3490,T27
74,0,0,1,214,green,3490,T27
75,0,0,1,214,green,3490,T27
76,0,0,1,214,green,3490,T27
77,0,0,1,214,green,3490,T27
78,0,0,1,214,green,3490,T27
79,0,0,1,214,green,3490,T27
80,0,0,1,214,green,3490,T27
81,0,0,1,214,green,3490,T27
82,0,0,1,214,green,3490,T27
83,0,0,1,214,green,3490,T27
84,0,0,1,214,green,3490,T27
85,0,0,1,214,green,3490,T27
86,0,0,1,214,green,3490,T27
87,0,0,1,214,green,3490,T27
88,0,0,1,214,green,3490,T27
89,0,0,1,214,green,3490,T27
90,0,0,1,214,green,3490,T27
91,0,0,1,214,green,3490,T27
92,0,0,1,214,green,3490,T27
93,0,0,1,214,green,3490,T27
94,0,0,1,214,green,3490,T27
95,0,0,1,214,green,3490,T27
96,0,0,1,214,green,3490,T27
97,0,1,0,214,green,3490,T27
98,0,1,0,214,green,3490,T27
99,0,1,0,214,green,3490,T27
100,0,0,1,214,green,3490,T27
101,0,0,1,214,green,3490,T27
102,0,0,1,214,green,3490,T27
103,0,0,1,214,green,3490,T27
104,0,0,1,214,green,3490,T27
105,0,0,1,214,green,3490,T27
106,0,0,1,214,green,3490,T27
107,0,0,1,214,green,3490,T27
108,0,0,1,214,green,3490,T27
109,0,0,1,214,green,3490,T27
110,0,0,1,214,green,3490,T27
111,0,0,1,214,green,3490,T27
112,0,0,1,214,green,3490,T27
113,0,0,1,214,green,3490,T27
114,0,0,1,214,green,3490,T27
115,0,0,1,214,green,3490,T27
116,0,0,1,214,green,3490,T27
117,0,0,1,214,green,3490,T27
118,0,0,1,214,green,3490,T27
119,0,0,1,214,green,3490,T27
120,0,0,1,214,green,3490,T27
121,0,0,1,214,green,3490,T27
122,0,0,1,214,green,3490,T27
123,0,0,1,214,green,3490,T27
124,0,0,1,214,green,3490,T27
125,0,0,1,214,green,3490,T27
126,0,0,1,214,green,3490,T27
127,0,0,1,214,green,3490,T27
128,0,0,1,214,green,3490,T27
129,0,0,1,214,green,3490,T27
130,0,0,1,214,green,3490,T27
131,0,0,1,214,green,3490,T27
132,0,0,1,214,green,3490,T27
133,0,0,1,214,green,3490,T27
134,0,0,1,214,green,3490,T27
135,0,0,1,214,green,3490,T27
136,0,0,1,214,green,3490,T27
137,0,0,1,214,green,3490,T27
138,0,0,1,214,green,3490,T27
139,0,0,1,214,green,3490,T27
140,0,0,1,214,green,3490,T27
141,0,0,1,214,green,3490,T27
142,0,0,1,214,green,3490,T27
143,0,0,1,214,green,3490,T27
144,0,0,1,214,green,3490,T27
145,0,0,1,214,green,3490,T27
146,0,0,1,214,green,3490,T27
147,0,0,1,214,green,3490,T27
148,0,0,1,214,green,3490,T27
149,0,0,1,214,green,3490,T27
150,0,0,1,214,green,3490,T27
151,0,0,1,214,green,3490,T27
152,0,0,1,214,green,3490,T27
153,0,0,1,214,green,3490,T27
154,0,0,1,214,green,3490,T27
155,0,0,1,214,green,3490,T27
156,0,0,1,214,green,3490,T27
157,0,0,1,214,green,3490,T27
158,0,0,1,214,green,3490,T27
159,0,0,1,214,green,3490,T27
160,0,0,1,214,green,3490,T27
161,0,0,1,214,green,3490,T27
162,0,0,1,214,green,3490,T27
163,0,0,1,214,green,3490,T27
164,0,0,1,214,green,3490,T27
165,0,0,1,214,green,3490,T27
166,0,0,1,214,green,3490,T27
167,0,0,1,214,green,3490,T27
168,0,0,1,214,green,3490,T27
169,0,0,1,214,green,3490,T27
170,0,0,1,214,green,3490,T27
0,0,0,1,215,green,3993,T27
1,0,0,1,215,green,3993,T27
2,0,0,1,215,green,3993,T27
3,0,0,1,215,green,3993,T27
4,0,0,1,215,green,3993,T27
5,0,0,1,215,green,3993,T27
6,0,0,1,215,green,3993,T27
7,0,0,1,215,green,3993,T27
8,0,0,1,215,green,3993,T27
9,0,0,1,215,green,3993,T27
10,0,0,1,215,green,3993,T27
11,0,0,1,215,green,3993,T27
12,0,0,1,215,green,3993,T27
13,0,0,1,215,green,3993,T27
14,0,0,1,215,green,3993,T27
15,0,0,1,215,green,3993,T27
16,0,0,1,215,green,3993,T27
17,0,0,1,215,green,3993,T27
18,0,0,1,215,green,3993,T27
19,0,0,1,215,green,3993,T27
20,0,0,1,215,green,3993,T27
21,0,0,1,215,green,3993,T27
22,0,0,1,215,green,3993,T27
23,1,0,0,215,green,3993,T27
24,1,0,0,215,green,3993,T27
25,1,0,0,215,green,3993,T27
26,1,0,0,215,green,3993,T27
27,1,0,0,215,green,3993,T27
28,1,0,0,215,green,3993,T27
29,1,0,0,215,green,3993,T27
30,1,0,0,215,green,3993,T27
31,1,0,0,215,green,3993,T27
32,1,0,0,215,green,3993,T27
33,1,0,0,215,green,3993,T27
34,1,0,0,215,green,3993,T27
35,1,0,0,215,green,3993,T27
36,1,0,0,215,green,3993,T27
37,1,0,0,215,green,3993,T27
38,1,0,0,215,green,3993,T27
39,1,0,0,215,green,3993,T27
40,1,0,0,215,green,3993,T27
41,1,0,0,215,green,3993,T27
42,1,0,0,215,green,3993,T27
43,1,0,0,215,green,3993,T27
44,1,0,0,215,green,3993,T27
45,1,0,0,215,green,3993,T27
46,1,0,0,215,green,3993,T27
47,1,0,0,215,green,3993,T27
48,1,0,0,215,green,3993,T27
49,1,0,0,215,green,3993,T27
50,1,0,0,215,green,3993,T27
51,1,0,0,215,green,3993,T27
52,1,0,0,215,green,3993,T27
53,1,0,0,215,green,3993,T27
54,1,0,0,215,green,3993,T27
55,1,0,0,215,green,3993,T27
56,1,0,0,215,green,3993,T27
57,1,0,0,215,green,3993,T27
58,1,0,0,215,green,3993,T27
59,1,0,0,215,green,3993,T27
60,1,0,0,215,green,3993,T27
61,1,0,0,215,green,3993,T27
62,1,0,0,215,green,3993,T27
63,1,0,0,215,green,3993,T27
64,1,0,0,215,green,3993,T27
65,1,0,0,215,green,3993,T27
66,1,0,0,215,green,3993,T27
67,1,0,0,215,green,3993,T27
68,1,0,0,215,green,3993,T27
69,0,1,0,215,green,3993,T27
70,0,1,0,215,green,3993,T27
71,0,1,0,215,green,3993,T27
72,0,1,0,215,green,3993,T27
73,0,1,0,215,green,3993,T27
74,0,1,0,215,green,3993,T27
75,0,1,0,215,green,3993,T27
76,0,1,0,215,green,3993,T27
77,0,1,0,215,green,3993,T27
78,0,1,0,215,green,3993,T27
79,0,1,0,215,green,3993,T27
80,0,1,0,215,green,3993,T27
81,0,1,0,215,green,3993,T27
82,0,1,0,215,green,3993,T27
83,0,1,0,215,green,3993,T27
84,0,1,0,215,green,3993,T27
85,0,1,0,215,green,3993,T27
86,0,1,0,215,green,3993,T27
87,0,1,0,215,green,3993,T27
88,0,1,0,215,green,3993,T27
89,0,1,0,215,green,3993,T27
90,0,1,0,215,green,3993,T27
91,0,1,0,215,green,3993,T27
92,0,1,0,215,green,3993,T27
93,0,1,0,215,green,3993,T27
94,0,1,0,215,green,3993,T27
95,0,1,0,215,green,3993,T27
96,0,1,0,215,green,3993,T27
97,0,1,0,215,green,3993,T27
98,0,1,0,215,green,3993,T27
99,0,1,0,215,green,3993,T27
100,0,1,0,215,green,3993,T27
101,0,1,0,215,green,3993,T27
102,0,1,0,215,green,3993,T27
103,0,1,0,215,green,3993,T27
104,0,1,0,215,green,3993,T27
105,0,1,0,215,green,3993,T27
106,0,1,0,215,green,3993,T27
107,0,1,0,215,green,3993,T27
108,0,1,0,215,green,3993,T27
109,0,1,0,215,green,3993,T27
110,0,1,0,215,green,3993,T27
111,0,1,0,215,green,3993,T27
112,0,1,0,215,green,3993,T27
113,0,1,0,215,green,3993,T27
114,0,1,0,215,green,3993,T27
115,0,1,0,215,green,3993,T27
116,0,1,0,215,green,3993,T27
117,0,1,0,215,green,3993,T27
118,0,1,0,215,green,3993,T27
119,0,1,0,215,green,3993,T27
120,0,1,0,215,green,3993,T27
121,0,1,0,215,green,3993,T27
122,0,1,0,215,green,3993,T27
123,0,1,0,215,green,3993,T27
124,0,1,0,215,green,3993,T27
125,0,1,0,215,green,3993,T27
126,0,1,0,215,green,3993,T27
127,0,1,0,215,green,3993,T27
128,0,1,0,215,green,3993,T27
129,0,1,0,215,green,3993,T27
130,0,1,0,215,green,3993,T27
131,0,1,0,215,green,3993,T27
132,0,1,0,215,green,3993,T27
133,0,1,0,215,green,3993,T27
134,0,1,0,215,green,3993,T27
135,0,1,0,215,green,3993,T27
136,0,1,0,215,green,3993,T27
137,0,1,0,215,green,3993,T27
138,0,1,0,215,green,3993,T27
139,0,1,0,215,green,3993,T27
140,0,1,0,215,green,3993,T27
141,0,1,0,215,green,3993,T27
142,0,1,0,215,green,3993,T27
143,0,1,0,215,green,3993,T27
144,0,1,0,215,green,3993,T27
145,0,1,0,215,green,3993,T27
146,0,1,0,215,green,3993,T27
147,0,1,0,215,green,3993,T27
148,0,1,0,215,green,3993,T27
149,0,1,0,215,green,3993,T27
150,0,1,0,215,green,3993,T27
151,0,1,0,215,green,3993,T27
152,0,1,0,215,green,3993,T27
153,0,1,0,215,green,3993,T27
154,0,1,0,215,green,3993,T27
155,0,1,0,215,green,3993,T27
156,0,1,0,215,green,3993,T27
157,0,1,0,215,green,3993,T27
158,0,1,0,215,green,3993,T27
159,0,1,0,215,green,3993,T27
160,0,1,0,215,green,3993,T27
161,0,1,0,215,green,3993,T27
162,0,1,0,215,green,3993,T27
163,0,1,0,215,green,3993,T27
164,0,1,0,215,green,3993,T27
165,0,1,0,215,green,3993,T27
166,0,1,0,215,green,3993,T27
167,0,1,0,215,green,3993,T27
168,0,1,0,215,green,3993,T27
169,0,1,0,215,green,3993,T27
170,0,1,0,215,green,3993,T27
0,0,0,1,216,green,4357,T27
1,0,0,1,216,green,4357,T27
2,0,0,1,216,green,4357,T27
3,0,0,1,216,green,4357,T27
4,0,0,1,216,green,4357,T27
5,0,0,1,216,green,4357,T27
6,0,0,1,216,green,4357,T27
7,0,0,1,216,green,4357,T27
8,0,0,1,216,green,4357,T27
9,0,0,1,216,green,4357,T27
10,0,0,1,216,green,4357,T27
11,0,0,1,216,green,4357,T27
12,0,0,1,216,green,4357,T27
13,0,0,1,216,green,4357,T27
14,0,0,1,216,green,4357,T27
15,0,0,1,216,green,4357,T27
16,0,0,1,216,green,4357,T27
17,0,0,1,216,green,4357,T27
18,0,0,1,216,green,4357,T27
19,0,0,1,216,green,4357,T27
20,0,0,1,216,green,4357,T27
21,0,0,1,216,green,4357,T27
22,0,0,1,216,green,4357,T27
23,0,0,1,216,green,4357,T27
24,0,0,1,216,green,4357,T27
25,0,0,1,216,green,4357,T27
26,0,0,1,216,green,4357,T27
27,0,0,1,216,green,4357,T27
28,0,0,1,216,green,4357,T27
29,0,0,1,216,green,4357,T27
30,0,0,1,216,green,4357,T27
31,0,0,1,216,green,4357,T27
32,0,0,1,216,green,4357,T27
33,0,0,1,216,green,4357,T27
34,0,0,1,216,green,4357,T27
35,0,0,1,216,green,4357,T27
36,0,0,1,216,green,4357,T27
37,0,0,1,216,green,4357,T27
38,0,0,1,216,green,4357,T27
39,0,0,1,216,green,4357,T27
40,0,0,1,216,green,4357,T27
41,0,0,1,216,green,4357,T27
42,0,0,1,216,green,4357,T27
43,0,0,1,216,green,4357,T27
44,0,0,1,216,green,4357,T27
45,0,0,1,216,green,4357,T27
46,0,0,1,216,green,4357,T27
47,0,0,1,216,green,4357,T27
48,0,0,1,216,green,4357,T27
49,0,0,1,216,green,4357,T27
50,0,0,1,216,green,4357,T27
51,0,0,1,216,green,4357,T27
52,0,0,1,216,green,4357,T27
53,0,0,1,216,green,4357,T27
54,0,0,1,216,green,4357,T27
55,0,0,1,216,green,4357,T27
56,0,0,1,216,green,4357,T27
57,0,0,1,216,green,4357,T27
58,0,0,1,216,green,4357,T27
59,0,0,1,216,green,4357,T27
60,0,0,1,216,green,4357,T27
61,0,0,1,216,green,4357,T27
62,0,0,1,216,green,4357,T27
63,0,0,1,216,green,4357,T27
64,0,0,1,216,green,4357,T27
65,0,0,1,216,green,4357,T27
66,0,0,1,216,green,4357,T27
67,0,0,1,216,green,4357,T27
68,0,0,1,216,green,4357,T27
69,0,0,1,216,green,4357,T27
70,0,0,1,216,green,4357,T27
71,0,0,1,216,green,4357,T27
72,0,0,1,216,green,4357,T27
73,0,0,1,216,green,4357,T27
74,0,0,1,216,green,4357,T27
75,0,0,1,216,green,4357,T27
76,0,0,1,216,green,4357,T27
77,0,0,1,216,green,4357,T27
78,0,0,1,216,green,4357,T27
79,0,0,1,216,green,4357,T27
80,0,0,1,216,green,4357,T27
81,0,0,1,216,green,4357,T27
82,0,0,1,216,green,4357,T27
83,0,0,1,216,green,4357,T27
84,0,0,1,216,green,4357,T27
85,0,0,1,216,green,4357,T27
86,0,0,1,216,green,4357,T27
87,0,0,1,216,green,4357,T27
88,0,0,1,216,green,4357,T27
89,0,0,1,216,green,4357,T27
90,0,0,1,216,green,4357,T27
91,0,0,1,216,green,4357,T27
92,0,0,1,216,green,4357,T27
93,0,0,1,216,green,4357,T27
94,0,0,1,216,green,4357,T27
95,0,0,1,216,green,4357,T27
96,0,0,1,216,green,4357,T27
97,0,0,1,216,green,4357,T27
98,0,0,1,216,green,4357,T27
99,0,0,1,216,green,4357,T27
100,0,0,1,216,green,4357,T27
101,0,0,1,216,green,4357,T27
102,0,0,1,216,green,4357,T27
103,0,0,1,216,green,4357,T27
104,0,0,1,216,green,4357,T27
105,0,0,1,216,green,4357,T27
106,0,0,1,216,green,4357,T27
107,0,0,1,216,green,4357,T27
108,0,0,1,216,green,4357,T27
109,0,0,1,216,green,4357,T27
110,0,0,1,216,green,4357,T27
111,0,0,1,216,green,4357,T27
112,0,0,1,216,green,4357,T27
113,0,0,1,216,green,4357,T27
114,0,0,1,216,green,4357,T27
115,0,0,1,216,green,4357,T27
116,0,0,1,216,green,4357,T27
117,0,0,1,216,green,4357,T27
118,0,0,1,216,green,4357,T27
119,0,0,1,216,green,4357,T27
120,0,0,1,216,green,4357,T27
121,0,0,1,216,green,4357,T27
122,0,0,1,216,green,4357,T27
123,0,0,1,216,green,4357,T27
124,0,0,1,216,green,4357,T27
125,0,0,1,216,green,4357,T27
126,0,0,1,216,green,4357,T27
127,0,0,1,216,green,4357,T27
128,0,0,1,216,green,4357,T27
129,0,0,1,216,green,4357,T27
130,0,0,1,216,green,4357,T27
131,0,0,1,216,green,4357,T27
132,0,0,1,216,green,4357,T27
133,0,0,1,216,green,4357,T27
134,0,0,1,216,green,4357,T27
135,0,0,1,216,green,4357,T27
136,0,0,1,216,green,4357,T27
137,0,0,1,216,green,4357,T27
138,0,0,1,216,green,4357,T27
139,0,1,0,216,green,4357,T27
140,0,1,0,216,green,4357,T27
141,0,1,0,216,green,4357,T27
142,0,1,0,216,green,4357,T27
143,0,1,0,216,green,4357,T27
144,0,1,0,216,green,4357,T27
145,0,1,0,216,green,4357,T27
146,0,1,0,216,green,4357,T27
147,0,1,0,216,green,4357,T27
148,0,1,0,216,green,4357,T27
149,0,1,0,216,green,4357,T27
150,0,1,0,216,green,4357,T27
151,0,1,0,216,green,4357,T27
152,0,1,0,216,green,4357,T27
153,0,1,0,216,green,4357,T27
154,0,1,0,216,green,4357,T27
155,0,1,0,216,green,4357,T27
156,0,1,0,216,green,4357,T27
157,0,1,0,216,green,4357,T27
158,0,1,0,216,green,4357,T27
159,0,1,0,216,green,4357,T27
160,0,1,0,216,green,4357,T27
161,0,1,0,216,green,4357,T27
162,0,1,0,216,green,4357,T27
163,0,1,0,216,green,4357,T27
164,0,1,0,216,green,4357,T27
165,0,1,0,216,green,4357,T27
166,0,1,0,216,green,4357,T27
167,0,1,0,216,green,4357,T27
168,0,1,0,216,green,4357,T27
169,0,1,0,216,green,4357,T27
170,0,1,0,216,green,4357,T27
0,0,0,1,217,green,3989,T27
1,0,0,1,217,green,3989,T27
2,0,0,1,217,green,3989,T27
3,0,0,1,217,green,3989,T27
4,0,0,1,217,green,3989,T27
5,0,0,1,217,green,3989,T27
6,0,0,1,217,green,3989,T27
7,0,0,1,217,green,3989,T27
8,0,0,1,217,green,3989,T27
9,0,0,1,217,green,3989,T27
10,0,0,1,217,green,3989,T27
11,0,0,1,217,green,3989,T27
12,0,0,1,217,green,3989,T27
13,0,0,1,217,green,3989,T27
14,0,0,1,217,green,3989,T27
15,0,0,1,217,green,3989,T27
16,0,0,1,217,green,3989,T27
17,0,0,1,217,green,3989,T27
18,0,0,1,217,green,3989,T27
19,0,0,1,217,green,3989,T27
20,1,0,0,217,green,3989,T27
21,1,0,0,217,green,3989,T27
22,1,0,0,217,green,3989,T27
23,1,0,0,217,green,3989,T27
24,1,0,0,217,green,3989,T27
25,1,0,0,217,green,3989,T27
26,1,0,0,217,green,3989,T27
27,1,0,0,217,green,3989,T27
28,1,0,0,217,green,3989,T27
29,1,0,0,217,green,3989,T27
30,1,0,0,217,green,3989,T27
31,1,0,0,217,green,3989,T27
32,1,0,0,217,green,3989,T27
33,1,0,0,217,green,3989,T27
34,1,0,0,217,green,3989,T27
35,1,0,0,217,green,3989,T27
36,1,0,0,217,green,3989,T27
37,1,0,0,217,green,3989,T27
38,1,0,0,217,green,3989,T27
39,1,0,0,217,green,3989,T27
40,1,0,0,217,green,3989,T27
41,1,0,0,217,green,3989,T27
42,1,0,0,217,green,3989,T27
43,1,0,0,217,green,3989,T27
44,1,0,0,217,green,3989,T27
45,1,0,0,217,green,3989,T27
46,1,0,0,217,green,3989,T27
47,1,0,0,217,green,3989,T27
48,1,0,0,217,green,3989,T27
49,1,0,0,217,green,3989,T27
50,1,0,0,217,green,3989,T27
51,1,0,0,217,green,3989,T27
52,1,0,0,217,green,3989,T27
53,1,0,0,217,green,3989,T27
54,1,0,0,217,green,3989,T27
55,1,0,0,217,green,3989,T27
56,1,0,0,217,green,3989,T27
57,1,0,0,217,green,3989,T27
58,1,0,0,217,green,3989,T27
59,1,0,0,217,green,3989,T27
60,1,0,0,217,green,3989,T27
61,1,0,0,217,green,3989,T27
62,1,0,0,217,green,3989,T27
63,1,0,0,217,green,3989,T27
64,1,0,0,217,green,3989,T27
65,1,0,0,217,green,3989,T27
66,1,0,0,217,green,3989,T27
67,1,0,0,217,green,3989,T27
68,1,0,0,217,green,3989,T27
69,1,0,0,217,green,3989,T27
70,1,0,0,217,green,3989,T27
71,1,0,0,217,green,3989,T27
72,1,0,0,217,green,3989,T27
73,1,0,0,217,green,3989,T27
74,1,0,0,217,green,3989,T27
75,1,0,0,217,green,3989,T27
76,1,0,0,217,green,3989,T27
77,1,0,0,217,green,3989,T27
78,1,0,0,217,green,3989,T27
79,1,0,0,217,green,3989,T27
80,1,0,0,217,green,3989,T27
81,1,0,0,217,green,3989,T27
82,1,0,0,217,green,3989,T27
83,1,0,0,217,green,3989,T27
84,1,0,0,217,green,3989,T27
85,1,0,0,217,green,3989,T27
86,1,0,0,217,green,3989,T27
87,1,0,0,217,green,3989,T27
88,1,0,0,217,green,3989,T27
89,1,0,0,217,green,3989,T27
90,1,0,0,217,green,3989,T27
91,1,0,0,217,green,3989,T27
92,1,0,0,217,green,3989,T27
93,1,0,0,217,green,3989,T27
94,1,0,0,217,green,3989,T27
95,1,0,0,217,green,3989,T27
96,1,0,0,217,green,3989,T27
97,1,0,0,217,green,3989,T27
98,1,0,0,217,green,3989,T27
99,1,0,0,217,green,3989,T27
100,1,0,0,217,green,3989,T27
101,1,0,0,217,green,3989,T27
102,1,0,0,217,green,3989,T27
103,1,0,0,217,green,3989,T27
104,1,0,0,217,green,3989,T27
105,1,0,0,217,green,3989,T27
106,1,0,0,217,green,3989,T27
107,1,0,0,217,green,3989,T27
108,1,0,0,217,green,3989,T27
109,1,0,0,217,green,3989,T27
110,1,0,0,217,green,3989,T27
111,1,0,0,217,green,3989,T27
112,1,0,0,217,green,3989,T27
113,1,0,0,217,green,3989,T27
114,1,0,0,217,green,3989,T27
115,1,0,0,217,green,3989,T27
116,1,0,0,217,green,3989,T27
117,1,0,0,217,green,3989,T27
118,1,0,0,217,green,3989,T27
119,1,0,0,217,green,3989,T27
120,1,0,0,217,green,3989,T27
121,1,0,0,217,green,3989,T27
122,1,0,0,217,green,3989,T27
123,1,0,0,217,green,3989,T27
124,1,0,0,217,green,3989,T27
125,1,0,0,217,green,3989,T27
126,1,0,0,217,green,3989,T27
127,1,0,0,217,green,3989,T27
128,1,0,0,217,green,3989,T27
129,1,0,0,217,green,3989,T27
130,1,0,0,217,green,3989,T27
131,1,0,0,217,green,3989,T27
132,1,0,0,217,green,3989,T27
133,1,0,0,217,green,3989,T27
134,1,0,0,217,green,3989,T27
135,1,0,0,217,green,3989,T27
136,1,0,0,217,green,3989,T27
137,1,0,0,217,green,3989,T27
138,1,0,0,217,green,3989,T27
139,0,0,1,217,green,3989,T27
140,0,1,0,217,green,3989,T27
141,0,1,0,217,green,3989,T27
142,0,1,0,217,green,3989,T27
143,0,1,0,217,green,3989,T27
144,0,1,0,217,green,3989,T27
145,0,1,0,217,green,3989,T27
146,0,1,0,217,green,3989,T27
147,0,1,0,217,green,3989,T27
148,0,1,0,217,green,3989,T27
149,0,1,0,217,green,3989,T27
150,0,1,0,217,green,3989,T27
151,0,1,0,217,green,3989,T27
152,0,1,0,217,green,3989,T27
153,0,1,0,217,green,3989,T27
154,0,1,0,217,green,3989,T27
155,0,1,0,217,green,3989,T27
156,0,1,0,217,green,3989,T27
157,0,1,0,217,green,3989,T27
158,0,1,0,217,green,3989,T27
159,0,1,0,217,green,3989,T27
160,0,1,0,217,green,3989,T27
161,0,1,0,217,green,3989,T27
162,0,1,0,217,green,3989,T27
163,0,1,0,217,green,3989,T27
164,0,1,0,217,green,3989,T27
165,0,1,0,217,green,3989,T27
166,0,1,0,217,green,3989,T27
167,0,1,0,217,green,3989,T27
168,0,1,0,217,green,3989,T27
169,0,1,0,217,green,3989,T27
170,0,1,0,217,green,3989,T27
0,0,0,1,218,green,4631,T27
1,0,0,1,218,green,4631,T27
2,0,0,1,218,green,4631,T27
3,0,0,1,218,green,4631,T27
4,0,0,1,218,green,4631,T27
5,0,0,1,218,green,4631,T27
6,0,0,1,218,green,4631,T27
7,0,0,1,218,green,4631,T27
8,0,0,1,218,green,4631,T27
9,0,0,1,218,green,4631,T27
10,0,0,1,218,green,4631,T27
11,0,0,1,218,green,4631,T27
12,0,0,1,218,green,4631,T27
13,0,0,1,218,green,4631,T27
14,0,0,1,218,green,4631,T27
15,0,0,1,218,green,4631,T27
16,0,0,1,218,green,4631,T27
17,0,0,1,218,green,4631,T27
18,0,0,1,218,green,4631,T27
19,0,0,1,218,green,4631,T27
20,0,0,1,218,green,4631,T27
21,0,0,1,218,green,4631,T27
22,0,0,1,218,green,4631,T27
23,0,0,1,218,green,4631,T27
24,0,0,1,218,green,4631,T27
25,0,0,1,218,green,4631,T27
26,0,0,1,218,green,4631,T27
27,0,0,1,218,green,4631,T27
28,0,0,1,218,green,4631,T27
29,0,0,1,218,green,4631,T27
30,0,0,1,218,green,4631,T27
31,0,0,1,218,green,4631,T27
32,0,0,1,218,green,4631,T27
33,0,0,1,218,green,4631,T27
34,0,1,0,218,green,4631,T27
35,0,1,0,218,green,4631,T27
36,0,1,0,218,green,4631,T27
37,0,1,0,218,green,4631,T27
38,0,1,0,218,green,4631,T27
39,0,1,0,218,green,4631,T27
40,0,1,0,218,green,4631,T27
41,0,1,0,218,green,4631,T27
42,0,1,0,218,green,4631,T27
43,0,1,0,218,green,4631,T27
44,0,1,0,218,green,4631,T27
45,0,1,0,218,green,4631,T27
46,0,1,0,218,green,4631,T27
47,0,1,0,218,green,4631,T27
48,0,1,0,218,green,4631,T27
49,0,1,0,218,green,4631,T27
50,0,1,0,218,green,4631,T27
51,0,1,0,218,green,4631,T27
52,0,1,0,218,green,4631,T27
53,0,1,0,218,green,4631,T27
54,0,1,0,218,green,4631,T27
55,0,1,0,218,green,4631,T27
56,0,1,0,218,green,4631,T27
57,0,1,0,218,green,4631,T27
58,0,1,0,218,green,4631,T27
59,0,1,0,218,green,4631,T27
60,0,1,0,218,green,4631,T27
61,0,1,0,218,green,4631,T27
62,0,1,0,218,green,4631,T27
63,0,1,0,218,green,4631,T27
64,0,1,0,218,green,4631,T27
65,0,1,0,218,green,4631,T27
66,0,1,0,218,green,4631,T27
67,0,1,0,218,green,4631,T27
68,0,1,0,218,green,4631,T27
69,0,1,0,218,green,4631,T27
70,0,1,0,218,green,4631,T27
71,0,1,0,218,green,4631,T27
72,0,1,0,218,green,4631,T27
73,0,1,0,218,green,4631,T27
74,0,1,0,218,green,4631,T27
75,0,1,0,218,green,4631,T27
76,0,1,0,218,green,4631,T27
77,0,1,0,218,green,4631,T27
78,0,1,0,218,green,4631,T27
79,0,1,0,218,green,4631,T27
80,0,1,0,218,green,4631,T27
81,0,1,0,218,green,4631,T27
82,0,1,0,218,green,4631,T27
83,0,1,0,218,green,4631,T27
84,0,1,0,218,green,4631,T27
85,0,1,0,218,green,4631,T27
86,0,1,0,218,green,4631,T27
87,0,1,0,218,green,4631,T27
88,0,1,0,218,green,4631,T27
89,0,1,0,218,green,4631,T27
90,0,1,0,218,green,4631,T27
91,0,1,0,218,green,4631,T27
92,0,1,0,218,green,4631,T27
93,0,1,0,218,green,4631,T27
94,0,1,0,218,green,4631,T27
95,0,1,0,218,green,4631,T27
96,0,1,0,218,green,4631,T27
97,0,1,0,218,green,4631,T27
98,0,1,0,218,green,4631,T27
99,0,1,0,218,green,4631,T27
100,0,1,0,218,green,4631,T27
101,0,1,0,218,green,4631,T27
102,0,1,0,218,green,4631,T27
103,0,1,0,218,green,4631,T27
104,0,1,0,218,green,4631,T27
105,0,1,0,218,green,4631,T27
106,0,1,0,218,green,4631,T27
107,0,1,0,218,green,4631,T27
108,0,1,0,218,green,4631,T27
109,0,0,1,218,green,4631,T27
110,1,0,0,218,green,4631,T27
111,1,0,0,218,green,4631,T27
112,1,0,0,218,green,4631,T27
113,1,0,0,218,green,4631,T27
114,1,0,0,218,green,4631,T27
115,1,0,0,218,green,4631,T27
116,1,0,0,218,green,4631,T27
117,1,0,0,218,green,4631,T27
118,1,0,0,218,green,4631,T27
119,1,0,0,218,green,4631,T27
120,1,0,0,218,green,4631,T27
121,1,0,0,218,green,4631,T27
122,1,0,0,218,green,4631,T27
123,1,0,0,218,green,4631,T27
124,1,0,0,218,green,4631,T27
125,1,0,0,218,green,4631,T27
126,1,0,0,218,green,4631,T27
127,1,0,0,218,green,4631,T27
128,1,0,0,218,green,4631,T27
129,1,0,0,218,green,4631,T27
130,1,0,0,218,green,4631,T27
131,1,0,0,218,green,4631,T27
132,1,0,0,218,green,4631,T27
133,1,0,0,218,green,4631,T27
134,1,0,0,218,green,4631,T27
135,1,0,0,218,green,4631,T27
136,1,0,0,218,green,4631,T27
137,1,0,0,218,green,4631,T27
138,1,0,0,218,green,4631,T27
139,1,0,0,218,green,4631,T27
140,1,0,0,218,green,4631,T27
141,1,0,0,218,green,4631,T27
142,1,0,0,218,green,4631,T27
143,1,0,0,218,green,4631,T27
144,1,0,0,218,green,4631,T27
145,0,1,0,218,green,4631,T27
146,0,1,0,218,green,4631,T27
147,0,1,0,218,green,4631,T27
148,0,1,0,218,green,4631,T27
149,0,1,0,218,green,4631,T27
150,0,1,0,218,green,4631,T27
151,0,1,0,218,green,4631,T27
152,0,1,0,218,green,4631,T27
153,0,1,0,218,green,4631,T27
154,0,1,0,218,green,4631,T27
155,0,1,0,218,green,4631,T27
156,0,1,0,218,green,4631,T27
157,0,1,0,218,green,4631,T27
158,0,1,0,218,green,4631,T27
159,0,1,0,218,green,4631,T27
160,0,1,0,218,green,4631,T27
161,0,1,0,218,green,4631,T27
162,0,1,0,218,green,4631,T27
163,0,1,0,218,green,4631,T27
164,0,1,0,218,green,4631,T27
165,0,1,0,218,green,4631,T27
166,0,1,0,218,green,4631,T27
167,0,1,0,218,green,4631,T27
168,0,1,0,218,green,4631,T27
169,0,1,0,218,green,4631,T27
170,0,1,0,218,green,4631,T27
0,0,0,1,219,green,5414,T27
1,0,0,1,219,green,5414,T27
2,0,0,1,219,green,5414,T27
3,0,0,1,219,green,5414,T27
4,0,0,1,219,green,5414,T27
5,0,0,1,219,green,5414,T27
6,0,0,1,219,green,5414,T27
7,0,0,1,219,green,5414,T27
8,0,0,1,219,green,5414,T27
9,0,0,1,219,green,5414,T27
10,0,0,1,219,green,5414,T27
11,0,0,1,219,green,5414,T27
12,0,0,1,219,green,5414,T27
13,0,0,1,219,green,5414,T27
14,0,0,1,219,green,5414,T27
15,0,0,1,219,green,5414,T27
16,0,0,1,219,green,5414,T27
17,0,0,1,219,green,5414,T27
18,0,0,1,219,green,5414,T27
19,0,0,1,219,green,5414,T27
20,1,0,0,219,green,5414,T27
21,1,0,0,219,green,5414,T27
22,1,0,0,219,green,5414,T27
23,1,0,0,219,green,5414,T27
24,1,0,0,219,green,5414,T27
25,1,0,0,219,green,5414,T27
26,1,0,0,219,green,5414,T27
27,1,0,0,219,green,5414,T27
28,1,0,0,219,green,5414,T27
29,1,0,0,219,green,5414,T27
30,1,0,0,219,green,5414,T27
31,1,0,0,219,green,5414,T27
32,1,0,0,219,green,5414,T27
33,1,0,0,219,green,5414,T27
34,1,0,0,219,green,5414,T27
35,1,0,0,219,green,5414,T27
36,1,0,0,219,green,5414,T27
37,1,0,0,219,green,5414,T27
38,1,0,0,219,green,5414,T27
39,1,0,0,219,green,5414,T27
40,1,0,0,219,green,5414,T27
41,1,0,0,219,green,5414,T27
42,1,0,0,219,green,5414,T27
43,1,0,0,219,green,5414,T27
44,1,0,0,219,green,5414,T27
45,1,0,0,219,green,5414,T27
46,1,0,0,219,green,5414,T27
47,1,0,0,219,green,5414,T27
48,1,0,0,219,green,5414,T27
49,1,0,0,219,green,5414,T27
50,1,0,0,219,green,5414,T27
51,1,0,0,219,green,5414,T27
52,0,1,0,219,green,5414,T27
53,0,1,0,219,green,5414,T27
54,0,1,0,219,green,5414,T27
55,0,1,0,219,green,5414,T27
56,0,1,0,219,green,5414,T27
57,0,1,0,219,green,5414,T27
58,0,1,0,219,green,5414,T27
59,0,1,0,219,green,5414,T27
60,0,1,0,219,green,5414,T27
61,0,1,0,219,green,5414,T27
62,0,1,0,219,green,5414,T27
63,0,1,0,219,green,5414,T27
64,0,1,0,219,green,5414,T27
65,0,1,0,219,green,5414,T27
66,0,1,0,219,green,5414,T27
67,0,1,0,219,green,5414,T27
68,0,1,0,219,green,5414,T27
69,0,1,0,219,green,5414,T27
70,0,1,0,219,green,5414,T27
71,0,1,0,219,green,5414,T27
72,0,1,0,219,green,5414,T27
73,0,1,0,219,green,5414,T27
74,0,1,0,219,green,5414,T27
75,0,1,0,219,green,5414,T27
76,0,1,0,219,green,5414,T27
77,0,1,0,219,green,5414,T27
78,0,1,0,219,green,5414,T27
79,0,1,0,219,green,5414,T27
80,0,1,0,219,green,5414,T27
81,0,1,0,219,green,5414,T27
82,0,1,0,219,green,5414,T27
83,0,1,0,219,green,5414,T27
84,0,1,0,219,green,5414,T27
85,0,1,0,219,green,5414,T27
86,0,1,0,219,green,5414,T27
87,0,1,0,219,green,5414,T27
88,0,1,0,219,green,5414,T27
89,0,1,0,219,green,5414,T27
90,0,1,0,219,green,5414,T27
91,0,1,0,219,green,5414,T27
92,0,1,0,219,green,5414,T27
93,0,1,0,219,green,5414,T27
94,0,1,0,219,green,5414,T27
95,0,1,0,219,green,5414,T27
96,0,1,0,219,green,5414,T27
97,0,1,0,219,green,5414,T27
98,0,1,0,219,green,5414,T27
99,0,1,0,219,green,5414,T27
100,0,1,0,219,green,5414,T27
101,0,1,0,219,green,5414,T27
102,0,1,0,219,green,5414,T27
103,0,1,0,219,green,5414,T27
104,0,1,0,219,green,5414,T27
105,0,1,0,219,green,5414,T27
106,0,1,0,219,green,5414,T27
107,0,1,0,219,green,5414,T27
108,0,1,0,219,green,5414,T27
109,0,1,0,219,green,5414,T27
110,0,1,0,219,green,5414,T27
111,0,1,0,219,green,5414,T27
112,0,1,0,219,green,5414,T27
113,0,1,0,219,green,5414,T27
114,0,1,0,219,green,5414,T27
115,0,1,0,219,green,5414,T27
116,0,1,0,219,green,5414,T27
117,0,1,0,219,green,5414,T27
118,0,1,0,219,green,5414,T27
119,0,1,0,219,green,5414,T27
120,0,1,0,219,green,5414,T27
121,0,1,0,219,green,5414,T27
122,0,1,0,219,green,5414,T27
123,0,1,0,219,green,5414,T27
124,0,1,0,219,green,5414,T27
125,0,1,0,219,green,5414,T27
126,0,1,0,219,green,5414,T27
127,0,1,0,219,green,5414,T27
128,0,1,0,219,green,5414,T27
129,0,1,0,219,green,5414,T27
130,0,1,0,219,green,5414,T27
131,0,1,0,219,green,5414,T27
132,0,1,0,219,green,5414,T27
133,0,1,0,219,green,5414,T27
134,0,1,0,219,green,5414,T27
135,0,1,0,219,green,5414,T27
136,0,1,0,219,green,5414,T27
137,0,1,0,219,green,5414,T27
138,0,1,0,219,green,5414,T27
139,0,1,0,219,green,5414,T27
140,0,1,0,219,green,5414,T27
141,0,1,0,219,green,5414,T27
142,0,1,0,219,green,5414,T27
143,0,1,0,219,green,5414,T27
144,0,1,0,219,green,5414,T27
145,0,1,0,219,green,5414,T27
146,0,1,0,219,green,5414,T27
147,0,1,0,219,green,5414,T27
148,0,1,0,219,green,5414,T27
149,0,1,0,219,green,5414,T27
150,0,1,0,219,green,5414,T27
151,0,1,0,219,green,5414,T27
152,0,1,0,219,green,5414,T27
153,0,1,0,219,green,5414,T27
154,0,1,0,219,green,5414,T27
155,0,1,0,219,green,5414,T27
156,0,1,0,219,green,5414,T27
157,0,1,0,219,green,5414,T27
158,0,1,0,219,green,5414,T27
159,0,1,0,219,green,5414,T27
160,0,1,0,219,green,5414,T27
161,0,1,0,219,green,5414,T27
162,0,1,0,219,green,5414,T27
163,0,1,0,219,green,5414,T27
164,0,1,0,219,green,5414,T27
165,0,1,0,219,green,5414,T27
166,0,1,0,219,green,5414,T27
167,0,1,0,219,green,5414,T27
168,0,1,0,219,green,5414,T27
169,0,1,0,219,green,5414,T27
170,0,1,0,219,green,5414,T27
0,0,0,1,220,green,4199,T27
1,0,0,1,220,green,4199,T27
2,0,0,1,220,green,4199,T27
3,0,0,1,220,green,4199,T27
4,0,0,1,220,green,4199,T27
5,0,0,1,220,green,4199,T27
6,0,0,1,220,green,4199,T27
7,0,0,1,220,green,4199,T27
8,0,0,1,220,green,4199,T27
9,0,0,1,220,green,4199,T27
10,0,0,1,220,green,4199,T27
11,0,0,1,220,green,4199,T27
12,0,0,1,220,green,4199,T27
13,0,0,1,220,green,4199,T27
14,0,0,1,220,green,4199,T27
15,0,0,1,220,green,4199,T27
16,0,0,1,220,green,4199,T27
17,0,0,1,220,green,4199,T27
18,0,0,1,220,green,4199,T27
19,0,0,1,220,green,4199,T27
20,0,0,1,220,green,4199,T27
21,0,0,1,220,green,4199,T27
22,0,0,1,220,green,4199,T27
23,0,0,1,220,green,4199,T27
24,0,0,1,220,green,4199,T27
25,0,0,1,220,green,4199,T27
26,0,0,1,220,green,4199,T27
27,0,0,1,220,green,4199,T27
28,0,0,1,220,green,4199,T27
29,0,0,1,220,green,4199,T27
30,0,0,1,220,green,4199,T27
31,0,0,1,220,green,4199,T27
32,0,0,1,220,green,4199,T27
33,0,0,1,220,green,4199,T27
34,0,0,1,220,green,4199,T27
35,0,0,1,220,green,4199,T27
36,0,0,1,220,green,4199,T27
37,0,0,1,220,green,4199,T27
38,0,0,1,220,green,4199,T27
39,0,0,1,220,green,4199,T27
40,0,0,1,220,green,4199,T27
41,0,0,1,220,green,4199,T27
42,0,0,1,220,green,4199,T27
43,0,0,1,220,green,4199,T27
44,0,0,1,220,green,4199,T27
45,0,0,1,220,green,4199,T27
46,0,0,1,220,green,4199,T27
47,0,0,1,220,green,4199,T27
48,0,0,1,220,green,4199,T27
49,0,0,1,220,green,4199,T27
50,0,0,1,220,green,4199,T27
51,0,0,1,220,green,4199,T27
52,0,0,1,220,green,4199,T27
53,0,0,1,220,green,4199,T27
54,0,0,1,220,green,4199,T27
55,0,0,1,220,green,4199,T27
56,0,0,1,220,green,4199,T27
57,0,0,1,220,green,4199,T27
58,0,0,1,220,green,4199,T27
59,0,0,1,220,green,4199,T27
60,0,0,1,220,green,4199,T27
61,0,0,1,220,green,4199,T27
62,0,0,1,220,green,4199,T27
63,0,0,1,220,green,4199,T27
64,0,0,1,220,green,4199,T27
65,0,0,1,220,green,4199,T27
66,0,0,1,220,green,4199,T27
67,0,0,1,220,green,4199,T27
68,0,0,1,220,green,4199,T27
69,0,0,1,220,green,4199,T27
70,0,0,1,220,green,4199,T27
71,0,0,1,220,green,4199,T27
72,0,0,1,220,green,4199,T27
73,0,0,1,220,green,4199,T27
74,0,0,1,220,green,4199,T27
75,0,0,1,220,green,4199,T27
76,0,0,1,220,green,4199,T27
77,0,0,1,220,green,4199,T27
78,0,0,1,220,green,4199,T27
79,0,0,1,220,green,4199,T27
80,0,0,1,220,green,4199,T27
81,0,0,1,220,green,4199,T27
82,0,0,1,220,green,4199,T27
83,0,0,1,220,green,4199,T27
84,0,0,1,220,green,4199,T27
85,0,0,1,220,green,4199,T27
86,0,0,1,220,green,4199,T27
87,0,0,1,220,green,4199,T27
88,0,0,1,220,green,4199,T27
89,0,0,1,220,green,4199,T27
90,0,0,1,220,green,4199,T27
91,0,0,1,220,green,4199,T27
92,0,0,1,220,green,4199,T27
93,0,0,1,220,green,4199,T27
94,0,0,1,220,green,4199,T27
95,0,0,1,220,green,4199,T27
96,0,0,1,220,green,4199,T27
97,0,0,1,220,green,4199,T27
98,0,0,1,220,green,4199,T27
99,0,0,1,220,green,4199,T27
100,0,0,1,220,green,4199,T27
101,0,0,1,220,green,4199,T27
102,1,0,0,220,green,4199,T27
103,1,0,0,220,green,4199,T27
104,1,0,0,220,green,4199,T27
105,1,0,0,220,green,4199,T27
106,1,0,0,220,green,4199,T27
107,1,0,0,220,green,4199,T27
108,1,0,0,220,green,4199,T27
109,1,0,0,220,green,4199,T27
110,1,0,0,220,green,4199,T27
111,1,0,0,220,green,4199,T27
112,1,0,0,220,green,4199,T27
113,1,0,0,220,green,4199,T27
114,1,0,0,220,green,4199,T27
115,1,0,0,220,green,4199,T27
116,1,0,0,220,green,4199,T27
117,1,0,0,220,green,4199,T27
118,1,0,0,220,green,4199,T27
119,1,0,0,220,green,4199,T27
120,1,0,0,220,green,4199,T27
121,1,0,0,220,green,4199,T27
122,1,0,0,220,green,4199,T27
123,1,0,0,220,green,4199,T27
124,1,0,0,220,green,4199,T27
125,1,0,0,220,green,4199,T27
126,1,0,0,220,green,4199,T27
127,1,0,0,220,green,4199,T27
128,1,0,0,220,green,4199,T27
129,1,0,0,220,green,4199,T27
130,1,0,0,220,green,4199,T27
131,1,0,0,220,green,4199,T27
132,1,0,0,220,green,4199,T27
133,1,0,0,220,green,4199,T27
134,1,0,0,220,green,4199,T27
135,1,0,0,220,green,4199,T27
136,1,0,0,220,green,4199,T27
137,1,0,0,220,green,4199,T27
138,0,1,0,220,green,4199,T27
139,0,1,0,220,green,4199,T27
140,0,1,0,220,green,4199,T27
141,0,1,0,220,green,4199,T27
142,0,1,0,220,green,4199,T27
143,0,1,0,220,green,4199,T27
144,0,1,0,220,green,4199,T27
145,0,1,0,220,green,4199,T27
146,0,1,0,220,green,4199,T27
147,0,1,0,220,green,4199,T27
148,0,1,0,220,green,4199,T27
149,0,1,0,220,green,4199,T27
150,0,1,0,220,green,4199,T27
151,0,1,0,220,green,4199,T27
152,0,1,0,220,green,4199,T27
153,0,1,0,220,green,4199,T27
154,0,1,0,220,green,4199,T27
155,0,1,0,220,green,4199,T27
156,0,1,0,220,green,4199,T27
157,0,1,0,220,green,4199,T27
158,0,1,0,220,green,4199,T27
159,0,1,0,220,green,4199,T27
160,0,1,0,220,green,4199,T27
161,0,1,0,220,green,4199,T27
162,0,1,0,220,green,4199,T27
163,0,1,0,220,green,4199,T27
164,0,1,0,220,green,4199,T27
165,0,1,0,220,green,4199,T27
166,0,1,0,220,green,4199,T27
167,0,1,0,220,green,4199,T27
168,0,1,0,220,green,4199,T27
169,0,1,0,220,green,4199,T27
170,0,1,0,220,green,4199,T27
0,0,0,1,221,green,5017,T27
1,0,0,1,221,green,5017,T27
2,0,0,1,221,green,5017,T27
3,0,0,1,221,green,5017,T27
4,0,0,1,221,green,5017,T27
5,0,0,1,221,green,5017,T27
6,0,0,1,221,green,5017,T27
7,0,0,1,221,green,5017,T27
8,0,0,1,221,green,5017,T27
9,0,0,1,221,green,5017,T27
10,0,0,1,221,green,5017,T27
11,0,0,1,221,green,5017,T27
12,0,0,1,221,green,5017,T27
13,0,0,1,221,green,5017,T27
14,0,0,1,221,green,5017,T27
15,0,0,1,221,green,5017,T27
16,0,0,1,221,green,5017,T27
17,0,0,1,221,green,5017,T27
18,0,0,1,221,green,5017,T27
19,0,0,1,221,green,5017,T27
20,0,0,1,221,green,5017,T27
21,0,0,1,221,green,5017,T27
22,0,0,1,221,green,5017,T27
23,0,0,1,221,green,5017,T27
24,0,0,1,221,green,5017,T27
25,0,0,1,221,green,5017,T27
26,0,0,1,221,green,5017,T27
27,0,0,1,221,green,5017,T27
28,0,0,1,221,green,5017,T27
29,0,0,1,221,green,5017,T27
30,0,0,1,221,green,5017,T27
31,0,0,1,221,green,5017,T27
32,0,0,1,221,green,5017,T27
33,0,0,1,221,green,5017,T27
34,0,0,1,221,green,5017,T27
35,0,0,1,221,green,5017,T27
36,0,0,1,221,green,5017,T27
37,0,0,1,221,green,5017,T27
38,0,0,1,221,green,5017,T27
39,0,0,1,221,green,5017,T27
40,0,0,1,221,green,5017,T27
41,0,0,1,221,green,5017,T27
42,0,0,1,221,green,5017,T27
43,0,0,1,221,green,5017,T27
44,0,0,1,221,green,5017,T27
45,0,0,1,221,green,5017,T27
46,0,0,1,221,green,5017,T27
47,0,0,1,221,green,5017,T27
48,0,0,1,221,green,5017,T27
49,0,0,1,221,green,5017,T27
50,0,0,1,221,green,5017,T27
51,0,0,1,221,green,5017,T27
52,0,0,1,221,green,5017,T27
53,0,0,1,221,green,5017,T27
54,0,0,1,221,green,5017,T27
55,0,0,1,221,green,5017,T27
56,0,0,1,221,green,5017,T27
57,0,0,1,221,green,5017,T27
58,0,0,1,221,green,5017,T27
59,0,0,1,221,green,5017,T27
60,0,0,1,221,green,5017,T27
61,0,0,1,221,green,5017,T27
62,0,0,1,221,green,5017,T27
63,0,0,1,221,green,5017,T27
64,0,0,1,221,green,5017,T27
65,0,0,1,221,green,5017,T27
66,0,0,1,221,green,5017,T27
67,0,0,1,221,green,5017,T27
68,0,1,0,221,green,5017,T27
69,0,1,0,221,green,5017,T27
70,0,1,0,221,green,5017,T27
71,0,0,1,221,green,5017,T27
72,0,0,1,221,green,5017,T27
73,0,0,1,221,green,5017,T27
74,0,0,1,221,green,5017,T27
75,0,0,1,221,green,5017,T27
76,0,0,1,221,green,5017,T27
77,0,0,1,221,green,5017,T27
78,0,0,1,221,green,5017,T27
79,0,0,1,221,green,5017,T27
80,0,1,0,221,green,5017,T27
81,0,1,0,221,green,5017,T27
82,0,1,0,221,green,5017,T27
83,0,1,0,221,green,5017,T27
84,0,1,0,221,green,5017,T27
85,0,1,0,221,green,5017,T27
86,0,1,0,221,green,5017,T27
87,0,1,0,221,green,5017,T27
88,0,1,0,221,green,5017,T27
89,0,1,0,221,green,5017,T27
90,0,1,0,221,green,5017,T27
91,0,1,0,221,green,5017,T27
92,0,1,0,221,green,5017,T27
93,0,1,0,221,green,5017,T27
94,0,1,0,221,green,5017,T27
95,0,1,0,221,green,5017,T27
96,0,1,0,221,green,5017,T27
97,0,1,0,221,green,5017,T27
98,0,1,0,221,green,5017,T27
99,0,1,0,221,green,5017,T27
100,0,1,0,221,green,5017,T27
101,0,1,0,221,green,5017,T27
102,0,1,0,221,green,5017,T27
103,0,1,0,221,green,5017,T27
104,0,1,0,221,green,5017,T27
105,0,1,0,221,green,5017,T27
106,0,1,0,221,green,5017,T27
107,0,1,0,221,green,5017,T27
108,0,1,0,221,green,5017,T27
109,0,1,0,221,green,5017,T27
110,0,1,0,221,green,5017,T27
111,0,1,0,221,green,5017,T27
112,0,1,0,221,green,5017,T27
113,0,1,0,221,green,5017,T27
114,0,1,0,221,green,5017,T27
115,0,1,0,221,green,5017,T27
116,0,1,0,221,green,5017,T27
117,0,1,0,221,green,5017,T27
118,0,1,0,221,green,5017,T27
119,0,1,0,221,green,5017,T27
120,0,1,0,221,green,5017,T27
121,0,1,0,221,green,5017,T27
122,0,1,0,221,green,5017,T27
123,0,1,0,221,green,5017,T27
124,0,1,0,221,green,5017,T27
125,0,1,0,221,green,5017,T27
126,0,1,0,221,green,5017,T27
127,0,1,0,221,green,5017,T27
128,0,1,0,221,green,5017,T27
129,0,1,0,221,green,5017,T27
130,0,1,0,221,green,5017,T27
131,0,1,0,221,green,5017,T27
132,0,1,0,221,green,5017,T27
133,0,1,0,221,green,5017,T27
134,0,1,0,221,green,5017,T27
135,0,1,0,221,green,5017,T27
136,0,1,0,221,green,5017,T27
137,0,1,0,221,green,5017,T27
138,0,1,0,221,green,5017,T27
139,0,1,0,221,green,5017,T27
140,0,1,0,221,green,5017,T27
141,0,1,0,221,green,5017,T27
142,0,1,0,221,green,5017,T27
143,0,1,0,221,green,5017,T27
144,0,1,0,221,green,5017,T27
145,0,1,0,221,green,5017,T27
146,0,1,0,221,green,5017,T27
147,0,1,0,221,green,5017,T27
148,0,1,0,221,green,5017,T27
149,0,1,0,221,green,5017,T27
150,0,1,0,221,green,5017,T27
151,0,1,0,221,green,5017,T27
152,0,1,0,221,green,5017,T27
153,0,1,0,221,green,5017,T27
154,0,1,0,221,green,5017,T27
155,0,1,0,221,green,5017,T27
156,0,1,0,221,green,5017,T27
157,0,1,0,221,green,5017,T27
158,0,1,0,221,green,5017,T27
159,0,1,0,221,green,5017,T27
160,0,1,0,221,green,5017,T27
161,0,1,0,221,green,5017,T27
162,0,1,0,221,green,5017,T27
163,0,1,0,221,green,5017,T27
164,0,1,0,221,green,5017,T27
165,0,1,0,221,green,5017,T27
166,0,1,0,221,green,5017,T27
167,0,1,0,221,green,5017,T27
168,0,1,0,221,green,5017,T27
169,0,1,0,221,green,5017,T27
170,0,1,0,221,green,5017,T27
0,0,0,1,222,green,5325,T27
1,0,0,1,222,green,5325,T27
2,0,0,1,222,green,5325,T27
3,0,0,1,222,green,5325,T27
4,0,0,1,222,green,5325,T27
5,0,0,1,222,green,5325,T27
6,0,0,1,222,green,5325,T27
7,0,0,1,222,green,5325,T27
8,0,0,1,222,green,5325,T27
9,0,0,1,222,green,5325,T27
10,0,0,1,222,green,5325,T27
11,0,0,1,222,green,5325,T27
12,0,0,1,222,green,5325,T27
13,0,0,1,222,green,5325,T27
14,0,0,1,222,green,5325,T27
15,0,0,1,222,green,5325,T27
16,0,0,1,222,green,5325,T27
17,0,0,1,222,green,5325,T27
18,0,0,1,222,green,5325,T27
19,0,0,1,222,green,5325,T27
20,0,0,1,222,green,5325,T27
21,0,0,1,222,green,5325,T27
22,0,0,1,222,green,5325,T27
23,0,0,1,222,green,5325,T27
24,0,0,1,222,green,5325,T27
25,0,0,1,222,green,5325,T27
26,0,0,1,222,green,5325,T27
27,0,0,1,222,green,5325,T27
28,0,0,1,222,green,5325,T27
29,0,0,1,222,green,5325,T27
30,0,0,1,222,green,5325,T27
31,0,0,1,222,green,5325,T27
32,0,0,1,222,green,5325,T27
33,0,0,1,222,green,5325,T27
34,0,0,1,222,green,5325,T27
35,0,0,1,222,green,5325,T27
36,0,0,1,222,green,5325,T27
37,0,0,1,222,green,5325,T27
38,0,1,0,222,green,5325,T27
39,0,1,0,222,green,5325,T27
40,0,1,0,222,green,5325,T27
41,0,1,0,222,green,5325,T27
42,0,1,0,222,green,5325,T27
43,0,1,0,222,green,5325,T27
44,0,1,0,222,green,5325,T27
45,0,1,0,222,green,5325,T27
46,0,1,0,222,green,5325,T27
47,0,1,0,222,green,5325,T27
48,0,1,0,222,green,5325,T27
49,0,1,0,222,green,5325,T27
50,0,1,0,222,green,5325,T27
51,0,1,0,222,green,5325,T27
52,0,1,0,222,green,5325,T27
53,0,1,0,222,green,5325,T27
54,0,1,0,222,green,5325,T27
55,0,1,0,222,green,5325,T27
56,0,1,0,222,green,5325,T27
57,0,1,0,222,green,5325,T27
58,0,1,0,222,green,5325,T27
59,0,1,0,222,green,5325,T27
60,0,1,0,222,green,5325,T27
61,0,1,0,222,green,5325,T27
62,0,1,0,222,green,5325,T27
63,0,1,0,222,green,5325,T27
64,0,1,0,222,green,5325,T27
65,0,1,0,222,green,5325,T27
66,0,1,0,222,green,5325,T27
67,0,1,0,222,green,5325,T27
68,0,1,0,222,green,5325,T27
69,0,1,0,222,green,5325,T27
70,0,1,0,222,green,5325,T27
71,0,1,0,222,green,5325,T27
72,0,1,0,222,green,5325,T27
73,0,1,0,222,green,5325,T27
74,0,1,0,222,green,5325,T27
75,0,1,0,222,green,5325,T27
76,0,1,0,222,green,5325,T27
77,0,1,0,222,green,5325,T27
78,0,1,0,222,green,5325,T27
79,0,1,0,222,green,5325,T27
80,0,1,0,222,green,5325,T27
81,0,1,0,222,green,5325,T27
82,0,1,0,222,green,5325,T27
83,0,1,0,222,green,5325,T27
84,0,1,0,222,green,5325,T27
85,0,1,0,222,green,5325,T27
86,0,1,0,222,green,5325,T27
87,0,1,0,222,green,5325,T27
88,0,1,0,222,green,5325,T27
89,0,1,0,222,green,5325,T27
90,0,1,0,222,green,5325,T27
91,0,1,0,222,green,5325,T27
92,0,1,0,222,green,5325,T27
93,0,1,0,222,green,5325,T27
94,0,1,0,222,green,5325,T27
95,0,1,0,222,green,5325,T27
96,0,1,0,222,green,5325,T27
97,0,1,0,222,green,5325,T27
98,0,1,0,222,green,5325,T27
99,0,1,0,222,green,5325,T27
100,0,1,0,222,green,5325,T27
101,0,1,0,222,green,5325,T27
102,0,1,0,222,green,5325,T27
103,0,1,0,222,green,5325,T27
104,0,1,0,222,green,5325,T27
105,0,1,0,222,green,5325,T27
106,0,1,0,222,green,5325,T27
107,0,1,0,222,green,5325,T27
108,0,1,0,222,green,5325,T27
109,0,1,0,222,green,5325,T27
110,0,1,0,222,green,5325,T27
111,0,1,0,222,green,5325,T27
112,0,1,0,222,green,5325,T27
113,0,1,0,222,green,5325,T27
114,0,1,0,222,green,5325,T27
115,0,1,0,222,green,5325,T27
116,0,1,0,222,green,5325,T27
117,0,1,0,222,green,5325,T27
118,0,1,0,222,green,5325,T27
119,0,1,0,222,green,5325,T27
120,0,1,0,222,green,5325,T27
121,0,1,0,222,green,5325,T27
122,0,1,0,222,green,5325,T27
123,0,1,0,222,green,5325,T27
124,0,1,0,222,green,5325,T27
125,0,1,0,222,green,5325,T27
126,0,1,0,222,green,5325,T27
127,0,1,0,222,green,5325,T27
128,0,1,0,222,green,5325,T27
129,0,1,0,222,green,5325,T27
130,0,1,0,222,green,5325,T27
131,0,1,0,222,green,5325,T27
132,0,1,0,222,green,5325,T27
133,0,1,0,222,green,5325,T27
134,0,1,0,222,green,5325,T27
135,0,1,0,222,green,5325,T27
136,0,1,0,222,green,5325,T27
137,0,1,0,222,green,5325,T27
138,0,1,0,222,green,5325,T27
139,0,1,0,222,green,5325,T27
140,0,1,0,222,green,5325,T27
141,0,1,0,222,green,5325,T27
142,0,1,0,222,green,5325,T27
143,0,1,0,222,green,5325,T27
144,0,1,0,222,green,5325,T27
145,0,1,0,222,green,5325,T27
146,0,1,0,222,green,5325,T27
147,0,1,0,222,green,5325,T27
148,0,1,0,222,green,5325,T27
149,0,1,0,222,green,5325,T27
150,0,1,0,222,green,5325,T27
151,0,1,0,222,green,5325,T27
152,0,1,0,222,green,5325,T27
153,0,1,0,222,green,5325,T27
154,0,1,0,222,green,5325,T27
155,0,1,0,222,green,5325,T27
156,0,1,0,222,green,5325,T27
157,0,1,0,222,green,5325,T27
158,0,1,0,222,green,5325,T27
159,0,1,0,222,green,5325,T27
160,0,1,0,222,green,5325,T27
161,0,1,0,222,green,5325,T27
162,0,1,0,222,green,5325,T27
163,0,1,0,222,green,5325,T27
164,0,1,0,222,green,5325,T27
165,0,1,0,222,green,5325,T27
166,0,1,0,222,green,5325,T27
167,0,1,0,222,green,5325,T27
168,0,1,0,222,green,5325,T27
169,0,1,0,222,green,5325,T27
170,0,1,0,222,green,5325,T27
0,0,0,1,223,green,6601,T27
1,0,0,1,223,green,6601,T27
2,0,0,1,223,green,6601,T27
3,0,0,1,223,green,6601,T27
4,0,0,1,223,green,6601,T27
5,0,0,1,223,green,6601,T27
6,0,0,1,223,green,6601,T27
7,0,0,1,223,green,6601,T27
8,0,0,1,223,green,6601,T27
9,0,0,1,223,green,6601,T27
10,0,0,1,223,green,6601,T27
11,0,0,1,223,green,6601,T27
12,0,0,1,223,green,6601,T27
13,0,0,1,223,green,6601,T27
14,0,0,1,223,green,6601,T27
15,0,0,1,223,green,6601,T27
16,0,0,1,223,green,6601,T27
17,0,0,1,223,green,6601,T27
18,0,0,1,223,green,6601,T27
19,0,0,1,223,green,6601,T27
20,0,0,1,223,green,6601,T27
21,0,0,1,223,green,6601,T27
22,0,0,1,223,green,6601,T27
23,0,0,1,223,green,6601,T27
24,0,0,1,223,green,6601,T27
25,0,0,1,223,green,6601,T27
26,0,0,1,223,green,6601,T27
27,0,0,1,223,green,6601,T27
28,0,0,1,223,green,6601,T27
29,0,0,1,223,green,6601,T27
30,0,0,1,223,green,6601,T27
31,0,0,1,223,green,6601,T27
32,0,0,1,223,green,6601,T27
33,0,0,1,223,green,6601,T27
34,0,0,1,223,green,6601,T27
35,0,0,1,223,green,6601,T27
36,0,0,1,223,green,6601,T27
37,0,0,1,223,green,6601,T27
38,0,0,1,223,green,6601,T27
39,0,0,1,223,green,6601,T27
40,0,0,1,223,green,6601,T27
41,0,0,1,223,green,6601,T27
42,0,0,1,223,green,6601,T27
43,0,0,1,223,green,6601,T27
44,0,0,1,223,green,6601,T27
45,0,0,1,223,green,6601,T27
46,0,0,1,223,green,6601,T27
47,0,0,1,223,green,6601,T27
48,0,0,1,223,green,6601,T27
49,0,0,1,223,green,6601,T27
50,0,0,1,223,green,6601,T27
51,0,0,1,223,green,6601,T27
52,0,0,1,223,green,6601,T27
53,0,0,1,223,green,6601,T27
54,0,0,1,223,green,6601,T27
55,0,0,1,223,green,6601,T27
56,0,1,0,223,green,6601,T27
57,0,1,0,223,green,6601,T27
58,0,1,0,223,green,6601,T27
59,0,1,0,223,green,6601,T27
60,0,1,0,223,green,6601,T27
61,0,1,0,223,green,6601,T27
62,0,1,0,223,green,6601,T27
63,0,1,0,223,green,6601,T27
64,0,1,0,223,green,6601,T27
65,0,1,0,223,green,6601,T27
66,0,1,0,223,green,6601,T27
67,0,1,0,223,green,6601,T27
68,0,1,0,223,green,6601,T27
69,0,1,0,223,green,6601,T27
70,0,1,0,223,green,6601,T27
71,0,1,0,223,green,6601,T27
72,0,1,0,223,green,6601,T27
73,0,1,0,223,green,6601,T27
74,0,1,0,223,green,6601,T27
75,0,1,0,223,green,6601,T27
76,0,1,0,223,green,6601,T27
77,0,1,0,223,green,6601,T27
78,0,1,0,223,green,6601,T27
79,0,1,0,223,green,6601,T27
80,0,1,0,223,green,6601,T27
81,0,1,0,223,green,6601,T27
82,0,1,0,223,green,6601,T27
83,0,0,1,223,green,6601,T27
84,0,0,1,223,green,6601,T27
85,0,0,1,223,green,6601,T27
86,0,0,1,223,green,6601,T27
87,0,0,1,223,green,6601,T27
88,1,0,0,223,green,6601,T27
89,1,0,0,223,green,6601,T27
90,1,0,0,223,green,6601,T27
91,1,0,0,223,green,6601,T27
92,1,0,0,223,green,6601,T27
93,1,0,0,223,green,6601,T27
94,1,0,0,223,green,6601,T27
95,1,0,0,223,green,6601,T27
96,1,0,0,223,green,6601,T27
97,1,0,0,223,green,6601,T27
98,1,0,0,223,green,6601,T27
99,1,0,0,223,green,6601,T27
100,1,0,0,223,green,6601,T27
101,1,0,0,223,green,6601,T27
102,1,0,0,223,green,6601,T27
103,1,0,0,223,green,6601,T27
104,1,0,0,223,green,6601,T27
105,1,0,0,223,green,6601,T27
106,1,0,0,223,green,6601,T27
107,1,0,0,223,green,6601,T27
108,1,0,0,223,green,6601,T27
109,1,0,0,223,green,6601,T27
110,1,0,0,223,green,6601,T27
111,1,0,0,223,green,6601,T27
112,1,0,0,223,green,6601,T27
113,1,0,0,223,green,6601,T27
114,0,0,1,223,green,6601,T27
115,0,0,1,223,green,6601,T27
116,0,0,1,223,green,6601,T27
117,0,0,1,223,green,6601,T27
118,0,0,1,223,green,6601,T27
119,0,0,1,223,green,6601,T27
120,0,1,0,223,green,6601,T27
121,0,1,0,223,green,6601,T27
122,0,1,0,223,green,6601,T27
123,0,1,0,223,green,6601,T27
124,0,1,0,223,green,6601,T27
125,0,1,0,223,green,6601,T27
126,0,1,0,223,green,6601,T27
127,0,1,0,223,green,6601,T27
128,0,1,0,223,green,6601,T27
129,0,0,1,223,green,6601,T27
130,0,0,1,223,green,6601,T27
131,0,0,1,223,green,6601,T27
132,0,0,1,223,green,6601,T27
133,0,0,1,223,green,6601,T27
134,0,0,1,223,green,6601,T27
135,0,0,1,223,green,6601,T27
136,0,0,1,223,green,6601,T27
137,0,0,1,223,green,6601,T27
138,1,0,0,223,green,6601,T27
139,1,0,0,223,green,6601,T27
140,1,0,0,223,green,6601,T27
141,1,0,0,223,green,6601,T27
142,1,0,0,223,green,6601,T27
143,1,0,0,223,green,6601,T27
144,0,0,1,223,green,6601,T27
145,0,0,1,223,green,6601,T27
146,0,1,0,223,green,6601,T27
147,0,1,0,223,green,6601,T27
148,0,1,0,223,green,6601,T27
149,0,1,0,223,green,6601,T27
150,0,1,0,223,green,6601,T27
151,0,1,0,223,green,6601,T27
152,0,1,0,223,green,6601,T27
153,0,1,0,223,green,6601,T27
154,0,1,0,223,green,6601,T27
155,0,1,0,223,green,6601,T27
156,0,1,0,223,green,6601,T27
157,0,1,0,223,green,6601,T27
158,0,1,0,223,green,6601,T27
159,0,1,0,223,green,6601,T27
160,0,1,0,223,green,6601,T27
161,0,1,0,223,green,6601,T27
162,0,1,0,223,green,6601,T27
163,0,1,0,223,green,6601,T27
164,0,1,0,223,green,6601,T27
165,0,1,0,223,green,6601,T27
166,0,1,0,223,green,6601,T27
167,0,1,0,223,green,6601,T27
168,0,1,0,223,green,6601,T27
169,0,1,0,223,green,6601,T27
170,0,1,0,223,green,6601,T27
0,0,0,1,224,green,4619,T27
1,0,0,1,224,green,4619,T27
2,0,0,1,224,green,4619,T27
3,0,0,1,224,green,4619,T27
4,0,0,1,224,green,4619,T27
5,0,0,1,224,green,4619,T27
6,0,0,1,224,green,4619,T27
7,0,0,1,224,green,4619,T27
8,0,0,1,224,green,4619,T27
9,0,0,1,224,green,4619,T27
10,0,0,1,224,green,4619,T27
11,0,0,1,224,green,4619,T27
12,0,0,1,224,green,4619,T27
13,0,0,1,224,green,4619,T27
14,0,0,1,224,green,4619,T27
15,0,0,1,224,green,4619,T27
16,0,0,1,224,green,4619,T27
17,0,0,1,224,green,4619,T27
18,0,0,1,224,green,4619,T27
19,0,0,1,224,green,4619,T27
20,0,0,1,224,green,4619,T27
21,0,0,1,224,green,4619,T27
22,0,0,1,224,green,4619,T27
23,0,0,1,224,green,4619,T27
24,0,0,1,224,green,4619,T27
25,0,0,1,224,green,4619,T27
26,0,0,1,224,green,4619,T27
27,0,0,1,224,green,4619,T27
28,0,0,1,224,green,4619,T27
29,0,0,1,224,green,4619,T27
30,0,0,1,224,green,4619,T27
31,0,0,1,224,green,4619,T27
32,0,0,1,224,green,4619,T27
33,0,0,1,224,green,4619,T27
34,0,0,1,224,green,4619,T27
35,0,0,1,224,green,4619,T27
36,0,0,1,224,green,4619,T27
37,0,0,1,224,green,4619,T27
38,0,0,1,224,green,4619,T27
39,0,0,1,224,green,4619,T27
40,0,0,1,224,green,4619,T27
41,0,0,1,224,green,4619,T27
42,0,0,1,224,green,4619,T27
43,0,0,1,224,green,4619,T27
44,0,0,1,224,green,4619,T27
45,0,0,1,224,green,4619,T27
46,0,0,1,224,green,4619,T27
47,0,0,1,224,green,4619,T27
48,0,0,1,224,green,4619,T27
49,0,0,1,224,green,4619,T27
50,0,0,1,224,green,4619,T27
51,0,0,1,224,green,4619,T27
52,0,0,1,224,green,4619,T27
53,0,0,1,224,green,4619,T27
54,0,0,1,224,green,4619,T27
55,0,0,1,224,green,4619,T27
56,0,0,1,224,green,4619,T27
57,0,0,1,224,green,4619,T27
58,0,0,1,224,green,4619,T27
59,0,0,1,224,green,4619,T27
60,0,0,1,224,green,4619,T27
61,0,0,1,224,green,4619,T27
62,0,0,1,224,green,4619,T27
63,0,0,1,224,green,4619,T27
64,0,0,1,224,green,4619,T27
65,0,0,1,224,green,4619,T27
66,0,0,1,224,green,4619,T27
67,0,0,1,224,green,4619,T27
68,0,0,1,224,green,4619,T27
69,0,0,1,224,green,4619,T27
70,0,0,1,224,green,4619,T27
71,0,0,1,224,green,4619,T27
72,0,0,1,224,green,4619,T27
73,0,0,1,224,green,4619,T27
74,0,0,1,224,green,4619,T27
75,0,0,1,224,green,4619,T27
76,0,0,1,224,green,4619,T27
77,0,0,1,224,green,4619,T27
78,0,0,1,224,green,4619,T27
79,0,0,1,224,green,4619,T27
80,1,0,0,224,green,4619,T27
81,1,0,0,224,green,4619,T27
82,1,0,0,224,green,4619,T27
83,1,0,0,224,green,4619,T27
84,1,0,0,224,green,4619,T27
85,1,0,0,224,green,4619,T27
86,1,0,0,224,green,4619,T27
87,1,0,0,224,green,4619,T27
88,1,0,0,224,green,4619,T27
89,1,0,0,224,green,4619,T27
90,1,0,0,224,green,4619,T27
91,1,0,0,224,green,4619,T27
92,1,0,0,224,green,4619,T27
93,1,0,0,224,green,4619,T27
94,1,0,0,224,green,4619,T27
95,1,0,0,224,green,4619,T27
96,1,0,0,224,green,4619,T27
97,1,0,0,224,green,4619,T27
98,1,0,0,224,green,4619,T27
99,1,0,0,224,green,4619,T27
100,1,0,0,224,green,4619,T27
101,1,0,0,224,green,4619,T27
102,1,0,0,224,green,4619,T27
103,1,0,0,224,green,4619,T27
104,1,0,0,224,green,4619,T27
105,1,0,0,224,green,4619,T27
106,1,0,0,224,green,4619,T27
107,1,0,0,224,green,4619,T27
108,1,0,0,224,green,4619,T27
109,1,0,0,224,green,4619,T27
110,1,0,0,224,green,4619,T27
111,1,0,0,224,green,4619,T27
112,1,0,0,224,green,4619,T27
113,1,0,0,224,green,4619,T27
114,1,0,0,224,green,4619,T27
115,1,0,0,224,green,4619,T27
116,1,0,0,224,green,4619,T27
117,1,0,0,224,green,4619,T27
118,1,0,0,224,green,4619,T27
119,1,0,0,224,green,4619,T27
120,1,0,0,224,green,4619,T27
121,1,0,0,224,green,4619,T27
122,1,0,0,224,green,4619,T27
123,1,0,0,224,green,4619,T27
124,1,0,0,224,green,4619,T27
125,1,0,0,224,green,4619,T27
126,1,0,0,224,green,4619,T27
127,1,0,0,224,green,4619,T27
128,1,0,0,224,green,4619,T27
129,1,0,0,224,green,4619,T27
130,1,0,0,224,green,4619,T27
131,1,0,0,224,green,4619,T27
132,1,0,0,224,green,4619,T27
133,1,0,0,224,green,4619,T27
134,1,0,0,224,green,4619,T27
135,1,0,0,224,green,4619,T27
136,1,0,0,224,green,4619,T27
137,1,0,0,224,green,4619,T27
138,1,0,0,224,green,4619,T27
139,1,0,0,224,green,4619,T27
140,1,0,0,224,green,4619,T27
141,1,0,0,224,green,4619,T27
142,1,0,0,224,green,4619,T27
143,1,0,0,224,green,4619,T27
144,1,0,0,224,green,4619,T27
145,1,0,0,224,green,4619,T27
146,1,0,0,224,green,4619,T27
147,1,0,0,224,green,4619,T27
148,1,0,0,224,green,4619,T27
149,1,0,0,224,green,4619,T27
150,1,0,0,224,green,4619,T27
151,1,0,0,224,green,4619,T27
152,1,0,0,224,green,4619,T27
153,1,0,0,224,green,4619,T27
154,1,0,0,224,green,4619,T27
155,1,0,0,224,green,4619,T27
156,1,0,0,224,green,4619,T27
157,1,0,0,224,green,4619,T27
158,1,0,0,224,green,4619,T27
159,1,0,0,224,green,4619,T27
160,1,0,0,224,green,4619,T27
161,1,0,0,224,green,4619,T27
162,1,0,0,224,green,4619,T27
163,1,0,0,224,green,4619,T27
164,1,0,0,224,green,4619,T27
165,1,0,0,224,green,4619,T27
166,1,0,0,224,green,4619,T27
167,1,0,0,224,green,4619,T27
168,1,0,0,224,green,4619,T27
169,1,0,0,224,green,4619,T27
170,1,0,0,224,green,4619,T27
0,0,0,1,225,green,3698,T27
1,0,0,1,225,green,3698,T27
2,0,0,1,225,green,3698,T27
3,0,0,1,225,green,3698,T27
4,0,0,1,225,green,3698,T27
5,0,0,1,225,green,3698,T27
6,0,0,1,225,green,3698,T27
7,0,0,1,225,green,3698,T27
8,0,0,1,225,green,3698,T27
9,0,0,1,225,green,3698,T27
10,0,0,1,225,green,3698,T27
11,0,0,1,225,green,3698,T27
12,0,0,1,225,green,3698,T27
13,0,0,1,225,green,3698,T27
14,0,0,1,225,green,3698,T27
15,0,0,1,225,green,3698,T27
16,0,0,1,225,green,3698,T27
17,0,0,1,225,green,3698,T27
18,0,0,1,225,green,3698,T27
19,0,0,1,225,green,3698,T27
20,0,0,1,225,green,3698,T27
21,0,0,1,225,green,3698,T27
22,0,0,1,225,green,3698,T27
23,0,0,1,225,green,3698,T27
24,0,0,1,225,green,3698,T27
25,0,0,1,225,green,3698,T27
26,0,0,1,225,green,3698,T27
27,0,0,1,225,green,3698,T27
28,0,0,1,225,green,3698,T27
29,0,0,1,225,green,3698,T27
30,0,0,1,225,green,3698,T27
31,0,0,1,225,green,3698,T27
32,0,0,1,225,green,3698,T27
33,0,0,1,225,green,3698,T27
34,0,0,1,225,green,3698,T27
35,0,0,1,225,green,3698,T27
36,0,0,1,225,green,3698,T27
37,0,0,1,225,green,3698,T27
38,0,0,1,225,green,3698,T27
39,0,0,1,225,green,3698,T27
40,0,0,1,225,green,3698,T27
41,0,0,1,225,green,3698,T27
42,0,0,1,225,green,3698,T27
43,0,0,1,225,green,3698,T27
44,0,0,1,225,green,3698,T27
45,0,0,1,225,green,3698,T27
46,0,0,1,225,green,3698,T27
47,0,0,1,225,green,3698,T27
48,0,0,1,225,green,3698,T27
49,0,0,1,225,green,3698,T27
50,0,0,1,225,green,3698,T27
51,0,0,1,225,green,3698,T27
52,0,0,1,225,green,3698,T27
53,0,0,1,225,green,3698,T27
54,0,0,1,225,green,3698,T27
55,0,0,1,225,green,3698,T27
56,0,0,1,225,green,3698,T27
57,0,0,1,225,green,3698,T27
58,0,0,1,225,green,3698,T27
59,0,0,1,225,green,3698,T27
60,0,0,1,225,green,3698,T27
61,0,0,1,225,green,3698,T27
62,0,0,1,225,green,3698,T27
63,0,0,1,225,green,3698,T27
64,0,0,1,225,green,3698,T27
65,0,0,1,225,green,3698,T27
66,0,0,1,225,green,3698,T27
67,0,0,1,225,green,3698,T27
68,0,0,1,225,green,3698,T27
69,0,0,1,225,green,3698,T27
70,0,0,1,225,green,3698,T27
71,0,0,1,225,green,3698,T27
72,0,0,1,225,green,3698,T27
73,0,0,1,225,green,3698,T27
74,0,0,1,225,green,3698,T27
75,0,1,0,225,green,3698,T27
76,0,1,0,225,green,3698,T27
77,0,1,0,225,green,3698,T27
78,0,1,0,225,green,3698,T27
79,0,0,1,225,green,3698,T27
80,0,0,1,225,green,3698,T27
81,0,0,1,225,green,3698,T27
82,0,0,1,225,green,3698,T27
83,0,0,1,225,green,3698,T27
84,0,0,1,225,green,3698,T27
85,0,0,1,225,green,3698,T27
86,0,0,1,225,green,3698,T27
87,0,0,1,225,green,3698,T27
88,0,0,1,225,green,3698,T27
89,0,0,1,225,green,3698,T27
90,0,0,1,225,green,3698,T27
91,0,0,1,225,green,3698,T27
92,0,0,1,225,green,3698,T27
93,0,1,0,225,green,3698,T27
94,0,1,0,225,green,3698,T27
95,0,1,0,225,green,3698,T27
96,0,1,0,225,green,3698,T27
97,0,1,0,225,green,3698,T27
98,0,1,0,225,green,3698,T27
99,0,1,0,225,green,3698,T27
100,0,1,0,225,green,3698,T27
101,0,1,0,225,green,3698,T27
102,0,1,0,225,green,3698,T27
103,0,1,0,225,green,3698,T27
104,0,1,0,225,green,3698,T27
105,0,1,0,225,green,3698,T27
106,0,1,0,225,green,3698,T27
107,0,1,0,225,green,3698,T27
108,0,1,0,225,green,3698,T27
109,0,1,0,225,green,3698,T27
110,0,1,0,225,green,3698,T27
111,0,1,0,225,green,3698,T27
112,0,1,0,225,green,3698,T27
113,0,1,0,225,green,3698,T27
114,0,1,0,225,green,3698,T27
115,0,1,0,225,green,3698,T27
116,0,1,0,225,green,3698,T27
117,0,1,0,225,green,3698,T27
118,0,1,0,225,green,3698,T27
119,0,1,0,225,green,3698,T27
120,0,1,0,225,green,3698,T27
121,0,1,0,225,green,3698,T27
122,0,1,0,225,green,3698,T27
123,0,1,0,225,green,3698,T27
124,0,1,0,225,green,3698,T27
125,0,1,0,225,green,3698,T27
126,0,1,0,225,green,3698,T27
127,0,1,0,225,green,3698,T27
128,0,1,0,225,green,3698,T27
129,0,1,0,225,green,3698,T27
130,0,1,0,225,green,3698,T27
131,0,1,0,225,green,3698,T27
132,0,1,0,225,green,3698,T27
133,0,1,0,225,green,3698,T27
134,0,1,0,225,green,3698,T27
135,0,1,0,225,green,3698,T27
136,0,1,0,225,green,3698,T27
137,0,1,0,225,green,3698,T27
138,0,1,0,225,green,3698,T27
139,0,1,0,225,green,3698,T27
140,0,1,0,225,green,3698,T27
141,0,1,0,225,green,3698,T27
142,0,1,0,225,green,3698,T27
143,0,1,0,225,green,3698,T27
144,0,1,0,225,green,3698,T27
145,0,1,0,225,green,3698,T27
146,0,1,0,225,green,3698,T27
147,0,1,0,225,green,3698,T27
148,0,1,0,225,green,3698,T27
149,0,1,0,225,green,3698,T27
150,0,1,0,225,green,3698,T27
151,0,1,0,225,green,3698,T27
152,0,1,0,225,green,3698,T27
153,0,1,0,225,green,3698,T27
154,0,1,0,225,green,3698,T27
155,0,1,0,225,green,3698,T27
156,0,1,0,225,green,3698,T27
157,0,1,0,225,green,3698,T27
158,0,1,0,225,green,3698,T27
159,0,1,0,225,green,3698,T27
160,0,1,0,225,green,3698,T27
161,0,1,0,225,green,3698,T27
162,0,1,0,225,green,3698,T27
163,0,1,0,225,green,3698,T27
164,0,1,0,225,green,3698,T27
165,0,1,0,225,green,3698,T27
166,0,1,0,225,green,3698,T27
167,0,1,0,225,green,3698,T27
168,0,1,0,225,green,3698,T27
169,0,1,0,225,green,3698,T27
170,0,1,0,225,green,3698,T27
0,0,0,1,226,green,4744,T27
1,0,0,1,226,green,4744,T27
2,0,0,1,226,green,4744,T27
3,0,0,1,226,green,4744,T27
4,0,0,1,226,green,4744,T27
5,0,0,1,226,green,4744,T27
6,0,0,1,226,green,4744,T27
7,0,0,1,226,green,4744,T27
8,0,0,1,226,green,4744,T27
9,0,0,1,226,green,4744,T27
10,0,0,1,226,green,4744,T27
11,0,0,1,226,green,4744,T27
12,0,0,1,226,green,4744,T27
13,0,0,1,226,green,4744,T27
14,0,0,1,226,green,4744,T27
15,0,0,1,226,green,4744,T27
16,0,0,1,226,green,4744,T27
17,0,0,1,226,green,4744,T27
18,1,0,0,226,green,4744,T27
19,1,0,0,226,green,4744,T27
20,1,0,0,226,green,4744,T27
21,1,0,0,226,green,4744,T27
22,1,0,0,226,green,4744,T27
23,1,0,0,226,green,4744,T27
24,1,0,0,226,green,4744,T27
25,1,0,0,226,green,4744,T27
26,1,0,0,226,green,4744,T27
27,1,0,0,226,green,4744,T27
28,1,0,0,226,green,4744,T27
29,1,0,0,226,green,4744,T27
30,1,0,0,226,green,4744,T27
31,1,0,0,226,green,4744,T27
32,1,0,0,226,green,4744,T27
33,1,0,0,226,green,4744,T27
34,1,0,0,226,green,4744,T27
35,1,0,0,226,green,4744,T27
36,1,0,0,226,green,4744,T27
37,1,0,0,226,green,4744,T27
38,1,0,0,226,green,4744,T27
39,1,0,0,226,green,4744,T27
40,1,0,0,226,green,4744,T27
41,1,0,0,226,green,4744,T27
42,1,0,0,226,green,4744,T27
43,1,0,0,226,green,4744,T27
44,1,0,0,226,green,4744,T27
45,1,0,0,226,green,4744,T27
46,1,0,0,226,green,4744,T27
47,1,0,0,226,green,4744,T27
48,1,0,0,226,green,4744,T27
49,1,0,0,226,green,4744,T27
50,1,0,0,226,green,4744,T27
51,1,0,0,226,green,4744,T27
52,1,0,0,226,green,4744,T27
53,1,0,0,226,green,4744,T27
54,1,0,0,226,green,4744,T27
55,1,0,0,226,green,4744,T27
56,1,0,0,226,green,4744,T27
57,1,0,0,226,green,4744,T27
58,1,0,0,226,green,4744,T27
59,1,0,0,226,green,4744,T27
60,0,1,0,226,green,4744,T27
61,0,1,0,226,green,4744,T27
62,0,1,0,226,green,4744,T27
63,0,1,0,226,green,4744,T27
64,0,1,0,226,green,4744,T27
65,0,1,0,226,green,4744,T27
66,0,1,0,226,green,4744,T27
67,0,1,0,226,green,4744,T27
68,0,1,0,226,green,4744,T27
69,0,1,0,226,green,4744,T27
70,0,1,0,226,green,4744,T27
71,0,1,0,226,green,4744,T27
72,0,1,0,226,green,4744,T27
73,0,1,0,226,green,4744,T27
74,0,1,0,226,green,4744,T27
75,0,0,1,226,green,4744,T27
76,1,0,0,226,green,4744,T27
77,1,0,0,226,green,4744,T27
78,1,0,0,226,green,4744,T27
79,1,0,0,226,green,4744,T27
80,1,0,0,226,green,4744,T27
81,1,0,0,226,green,4744,T27
82,1,0,0,226,green,4744,T27
83,1,0,0,226,green,4744,T27
84,1,0,0,226,green,4744,T27
85,1,0,0,226,green,4744,T27
86,1,0,0,226,green,4744,T27
87,1,0,0,226,green,4744,T27
88,1,0,0,226,green,4744,T27
89,1,0,0,226,green,4744,T27
90,1,0,0,226,green,4744,T27
91,1,0,0,226,green,4744,T27
92,1,0,0,226,green,4744,T27
93,1,0,0,226,green,4744,T27
94,1,0,0,226,green,4744,T27
95,1,0,0,226,green,4744,T27
96,1,0,0,226,green,4744,T27
97,1,0,0,226,green,4744,T27
98,1,0,0,226,green,4744,T27
99,1,0,0,226,green,4744,T27
100,1,0,0,226,green,4744,T27
101,1,0,0,226,green,4744,T27
102,1,0,0,226,green,4744,T27
103,1,0,0,226,green,4744,T27
104,1,0,0,226,green,4744,T27
105,1,0,0,226,green,4744,T27
106,1,0,0,226,green,4744,T27
107,1,0,0,226,green,4744,T27
108,1,0,0,226,green,4744,T27
109,1,0,0,226,green,4744,T27
110,1,0,0,226,green,4744,T27
111,1,0,0,226,green,4744,T27
112,1,0,0,226,green,4744,T27
113,1,0,0,226,green,4744,T27
114,1,0,0,226,green,4744,T27
115,1,0,0,226,green,4744,T27
116,1,0,0,226,green,4744,T27
117,1,0,0,226,green,4744,T27
118,1,0,0,226,green,4744,T27
119,1,0,0,226,green,4744,T27
120,1,0,0,226,green,4744,T27
121,0,0,1,226,green,4744,T27
122,0,0,1,226,green,4744,T27
123,0,0,1,226,green,4744,T27
124,0,0,1,226,green,4744,T27
125,0,0,1,226,green,4744,T27
126,1,0,0,226,green,4744,T27
127,1,0,0,226,green,4744,T27
128,1,0,0,226,green,4744,T27
129,1,0,0,226,green,4744,T27
130,0,0,1,226,green,4744,T27
131,0,0,1,226,green,4744,T27
132,0,0,1,226,green,4744,T27
133,0,1,0,226,green,4744,T27
134,0,1,0,226,green,4744,T27
135,0,1,0,226,green,4744,T27
136,0,1,0,226,green,4744,T27
137,0,1,0,226,green,4744,T27
138,0,1,0,226,green,4744,T27
139,0,1,0,226,green,4744,T27
140,0,1,0,226,green,4744,T27
141,0,1,0,226,green,4744,T27
142,0,1,0,226,green,4744,T27
143,0,1,0,226,green,4744,T27
144,0,1,0,226,green,4744,T27
145,0,1,0,226,green,4744,T27
146,0,1,0,226,green,4744,T27
147,0,1,0,226,green,4744,T27
148,0,1,0,226,green,4744,T27
149,0,1,0,226,green,4744,T27
150,0,1,0,226,green,4744,T27
151,0,1,0,226,green,4744,T27
152,0,1,0,226,green,4744,T27
153,0,1,0,226,green,4744,T27
154,0,1,0,226,green,4744,T27
155,0,1,0,226,green,4744,T27
156,0,1,0,226,green,4744,T27
157,0,1,0,226,green,4744,T27
158,0,1,0,226,green,4744,T27
159,0,1,0,226,green,4744,T27
160,0,1,0,226,green,4744,T27
161,0,1,0,226,green,4744,T27
162,0,1,0,226,green,4744,T27
163,0,1,0,226,green,4744,T27
164,0,1,0,226,green,4744,T27
165,0,1,0,226,green,4744,T27
166,0,1,0,226,green,4744,T27
167,0,1,0,226,green,4744,T27
168,0,1,0,226,green,4744,T27
169,0,1,0,226,green,4744,T27
170,0,1,0,226,green,4744,T27
0,0,0,1,227,green,5626,T27
1,0,0,1,227,green,5626,T27
2,0,0,1,227,green,5626,T27
3,0,0,1,227,green,5626,T27
4,0,0,1,227,green,5626,T27
5,0,0,1,227,green,5626,T27
6,0,0,1,227,green,5626,T27
7,0,0,1,227,green,5626,T27
8,0,0,1,227,green,5626,T27
9,0,0,1,227,green,5626,T27
10,0,0,1,227,green,5626,T27
11,0,0,1,227,green,5626,T27
12,0,0,1,227,green,5626,T27
13,0,0,1,227,green,5626,T27
14,0,0,1,227,green,5626,T27
15,0,0,1,227,green,5626,T27
16,0,0,1,227,green,5626,T27
17,0,0,1,227,green,5626,T27
18,0,0,1,227,green,5626,T27
19,0,0,1,227,green,5626,T27
20,0,0,1,227,green,5626,T27
21,0,0,1,227,green,5626,T27
22,0,0,1,227,green,5626,T27
23,0,0,1,227,green,5626,T27
24,0,0,1,227,green,5626,T27
25,0,0,1,227,green,5626,T27
26,0,0,1,227,green,5626,T27
27,0,0,1,227,green,5626,T27
28,0,0,1,227,green,5626,T27
29,0,0,1,227,green,5626,T27
30,0,0,1,227,green,5626,T27
31,0,0,1,227,green,5626,T27
32,0,0,1,227,green,5626,T27
33,0,0,1,227,green,5626,T27
34,0,0,1,227,green,5626,T27
35,0,0,1,227,green,5626,T27
36,0,0,1,227,green,5626,T27
37,0,0,1,227,green,5626,T27
38,0,0,1,227,green,5626,T27
39,0,0,1,227,green,5626,T27
40,0,0,1,227,green,5626,T27
41,0,0,1,227,green,5626,T27
42,0,0,1,227,green,5626,T27
43,0,0,1,227,green,5626,T27
44,0,0,1,227,green,5626,T27
45,0,0,1,227,green,5626,T27
46,0,0,1,227,green,5626,T27
47,0,0,1,227,green,5626,T27
48,0,0,1,227,green,5626,T27
49,0,0,1,227,green,5626,T27
50,0,0,1,227,green,5626,T27
51,0,0,1,227,green,5626,T27
52,0,0,1,227,green,5626,T27
53,0,0,1,227,green,5626,T27
54,0,0,1,227,green,5626,T27
55,0,0,1,227,green,5626,T27
56,0,1,0,227,green,5626,T27
57,0,1,0,227,green,5626,T27
58,0,1,0,227,green,5626,T27
59,0,1,0,227,green,5626,T27
60,0,1,0,227,green,5626,T27
61,0,1,0,227,green,5626,T27
62,0,1,0,227,green,5626,T27
63,0,1,0,227,green,5626,T27
64,0,1,0,227,green,5626,T27
65,0,1,0,227,green,5626,T27
66,0,1,0,227,green,5626,T27
67,0,1,0,227,green,5626,T27
68,0,1,0,227,green,5626,T27
69,0,1,0,227,green,5626,T27
70,0,1,0,227,green,5626,T27
71,0,1,0,227,green,5626,T27
72,0,1,0,227,green,5626,T27
73,0,1,0,227,green,5626,T27
74,0,1,0,227,green,5626,T27
75,0,1,0,227,green,5626,T27
76,0,1,0,227,green,5626,T27
77,0,1,0,227,green,5626,T27
78,0,1,0,227,green,5626,T27
79,0,1,0,227,green,5626,T27
80,0,1,0,227,green,5626,T27
81,0,1,0,227,green,5626,T27
82,0,1,0,227,green,5626,T27
83,0,1,0,227,green,5626,T27
84,0,1,0,227,green,5626,T27
85,0,1,0,227,green,5626,T27
86,0,1,0,227,green,5626,T27
87,0,1,0,227,green,5626,T27
88,0,1,0,227,green,5626,T27
89,0,1,0,227,green,5626,T27
90,0,1,0,227,green,5626,T27
91,0,1,0,227,green,5626,T27
92,0,1,0,227,green,5626,T27
93,0,1,0,227,green,5626,T27
94,0,1,0,227,green,5626,T27
95,0,1,0,227,green,5626,T27
96,0,1,0,227,green,5626,T27
97,0,1,0,227,green,5626,T27
98,0,1,0,227,green,5626,T27
99,0,1,0,227,green,5626,T27
100,0,1,0,227,green,5626,T27
101,0,1,0,227,green,5626,T27
102,0,1,0,227,green,5626,T27
103,0,1,0,227,green,5626,T27
104,0,1,0,227,green,5626,T27
105,0,1,0,227,green,5626,T27
106,0,1,0,227,green,5626,T27
107,0,1,0,227,green,5626,T27
108,0,1,0,227,green,5626,T27
109,0,1,0,227,green,5626,T27
110,0,1,0,227,green,5626,T27
111,0,1,0,227,green,5626,T27
112,0,1,0,227,green,5626,T27
113,0,1,0,227,green,5626,T27
114,0,1,0,227,green,5626,T27
115,0,1,0,227,green,5626,T27
116,0,1,0,227,green,5626,T27
117,0,1,0,227,green,5626,T27
118,0,1,0,227,green,5626,T27
119,0,1,0,227,green,5626,T27
120,0,1,0,227,green,5626,T27
121,0,1,0,227,green,5626,T27
122,0,1,0,227,green,5626,T27
123,0,1,0,227,green,5626,T27
124,0,1,0,227,green,5626,T27
125,0,1,0,227,green,5626,T27
126,0,1,0,227,green,5626,T27
127,0,1,0,227,green,5626,T27
128,0,1,0,227,green,5626,T27
129,0,1,0,227,green,5626,T27
130,0,1,0,227,green,5626,T27
131,0,1,0,227,green,5626,T27
132,0,1,0,227,green,5626,T27
133,0,1,0,227,green,5626,T27
134,0,1,0,227,green,5626,T27
135,0,1,0,227,green,5626,T27
136,0,1,0,227,green,5626,T27
137,0,1,0,227,green,5626,T27
138,0,1,0,227,green,5626,T27
139,0,1,0,227,green,5626,T27
140,0,1,0,227,green,5626,T27
141,0,1,0,227,green,5626,T27
142,0,1,0,227,green,5626,T27
143,0,1,0,227,green,5626,T27
144,0,1,0,227,green,5626,T27
145,0,1,0,227,green,5626,T27
146,0,1,0,227,green,5626,T27
147,0,1,0,227,green,5626,T27
148,0,1,0,227,green,5626,T27
149,0,1,0,227,green,5626,T27
150,0,1,0,227,green,5626,T27
151,0,1,0,227,green,5626,T27
152,0,1,0,227,green,5626,T27
153,0,1,0,227,green,5626,T27
154,0,1,0,227,green,5626,T27
155,0,1,0,227,green,5626,T27
156,0,1,0,227,green,5626,T27
157,0,1,0,227,green,5626,T27
158,0,1,0,227,green,5626,T27
159,0,1,0,227,green,5626,T27
160,0,1,0,227,green,5626,T27
161,0,1,0,227,green,5626,T27
162,0,1,0,227,green,5626,T27
163,0,1,0,227,green,5626,T27
164,0,1,0,227,green,5626,T27
165,0,1,0,227,green,5626,T27
166,0,1,0,227,green,5626,T27
167,0,1,0,227,green,5626,T27
168,0,1,0,227,green,5626,T27
169,0,1,0,227,green,5626,T27
170,0,1,0,227,green,5626,T27
0,0,0,1,228,green,4562,T27
1,0,0,1,228,green,4562,T27
2,0,0,1,228,green,4562,T27
3,0,0,1,228,green,4562,T27
4,0,0,1,228,green,4562,T27
5,0,0,1,228,green,4562,T27
6,0,0,1,228,green,4562,T27
7,0,0,1,228,green,4562,T27
8,0,0,1,228,green,4562,T27
9,0,0,1,228,green,4562,T27
10,0,0,1,228,green,4562,T27
11,0,0,1,228,green,4562,T27
12,0,0,1,228,green,4562,T27
13,0,0,1,228,green,4562,T27
14,0,0,1,228,green,4562,T27
15,0,0,1,228,green,4562,T27
16,0,0,1,228,green,4562,T27
17,0,0,1,228,green,4562,T27
18,0,0,1,228,green,4562,T27
19,0,0,1,228,green,4562,T27
20,0,0,1,228,green,4562,T27
21,0,0,1,228,green,4562,T27
22,0,0,1,228,green,4562,T27
23,0,0,1,228,green,4562,T27
24,0,0,1,228,green,4562,T27
25,0,0,1,228,green,4562,T27
26,0,0,1,228,green,4562,T27
27,0,0,1,228,green,4562,T27
28,0,0,1,228,green,4562,T27
29,0,0,1,228,green,4562,T27
30,0,0,1,228,green,4562,T27
31,0,0,1,228,green,4562,T27
32,0,0,1,228,green,4562,T27
33,0,0,1,228,green,4562,T27
34,0,0,1,228,green,4562,T27
35,0,0,1,228,green,4562,T27
36,0,0,1,228,green,4562,T27
37,0,0,1,228,green,4562,T27
38,0,1,0,228,green,4562,T27
39,0,1,0,228,green,4562,T27
40,0,1,0,228,green,4562,T27
41,0,1,0,228,green,4562,T27
42,0,1,0,228,green,4562,T27
43,0,1,0,228,green,4562,T27
44,0,1,0,228,green,4562,T27
45,0,1,0,228,green,4562,T27
46,0,1,0,228,green,4562,T27
47,0,1,0,228,green,4562,T27
48,0,1,0,228,green,4562,T27
49,0,1,0,228,green,4562,T27
50,0,1,0,228,green,4562,T27
51,0,1,0,228,green,4562,T27
52,0,1,0,228,green,4562,T27
53,0,1,0,228,green,4562,T27
54,0,1,0,228,green,4562,T27
55,0,1,0,228,green,4562,T27
56,0,1,0,228,green,4562,T27
57,0,1,0,228,green,4562,T27
58,0,1,0,228,green,4562,T27
59,0,1,0,228,green,4562,T27
60,0,1,0,228,green,4562,T27
61,0,1,0,228,green,4562,T27
62,0,1,0,228,green,4562,T27
63,0,1,0,228,green,4562,T27
64,0,1,0,228,green,4562,T27
65,0,1,0,228,green,4562,T27
66,0,1,0,228,green,4562,T27
67,0,1,0,228,green,4562,T27
68,0,1,0,228,green,4562,T27
69,0,1,0,228,green,4562,T27
70,0,1,0,228,green,4562,T27
71,0,1,0,228,green,4562,T27
72,0,1,0,228,green,4562,T27
73,0,1,0,228,green,4562,T27
74,0,1,0,228,green,4562,T27
75,0,1,0,228,green,4562,T27
76,0,1,0,228,green,4562,T27
77,0,1,0,228,green,4562,T27
78,0,1,0,228,green,4562,T27
79,0,1,0,228,green,4562,T27
80,0,1,0,228,green,4562,T27
81,0,1,0,228,green,4562,T27
82,0,1,0,228,green,4562,T27
83,0,1,0,228,green,4562,T27
84,0,1,0,228,green,4562,T27
85,0,1,0,228,green,4562,T27
86,0,1,0,228,green,4562,T27
87,0,1,0,228,green,4562,T27
88,0,1,0,228,green,4562,T27
89,0,1,0,228,green,4562,T27
90,0,1,0,228,green,4562,T27
91,0,1,0,228,green,4562,T27
92,0,1,0,228,green,4562,T27
93,0,1,0,228,green,4562,T27
94,0,1,0,228,green,4562,T27
95,0,1,0,228,green,4562,T27
96,0,1,0,228,green,4562,T27
97,0,1,0,228,green,4562,T27
98,0,1,0,228,green,4562,T27
99,0,1,0,228,green,4562,T27
100,0,1,0,228,green,4562,T27
101,0,1,0,228,green,4562,T27
102,0,1,0,228,green,4562,T27
103,0,1,0,228,green,4562,T27
104,0,1,0,228,green,4562,T27
105,0,1,0,228,green,4562,T27
106,0,1,0,228,green,4562,T27
107,0,1,0,228,green,4562,T27
108,0,1,0,228,green,4562,T27
109,0,1,0,228,green,4562,T27
110,0,1,0,228,green,4562,T27
111,0,1,0,228,green,4562,T27
112,0,1,0,228,green,4562,T27
113,0,1,0,228,green,4562,T27
114,0,1,0,228,green,4562,T27
115,0,1,0,228,green,4562,T27
116,0,1,0,228,green,4562,T27
117,0,1,0,228,green,4562,T27
118,0,1,0,228,green,4562,T27
119,0,1,0,228,green,4562,T27
120,0,1,0,228,green,4562,T27
121,0,1,0,228,green,4562,T27
122,0,1,0,228,green,4562,T27
123,0,1,0,228,green,4562,T27
124,0,1,0,228,green,4562,T27
125,0,1,0,228,green,4562,T27
126,0,1,0,228,green,4562,T27
127,0,1,0,228,green,4562,T27
128,0,1,0,228,green,4562,T27
129,0,1,0,228,green,4562,T27
130,0,1,0,228,green,4562,T27
131,0,1,0,228,green,4562,T27
132,0,1,0,228,green,4562,T27
133,0,1,0,228,green,4562,T27
134,0,1,0,228,green,4562,T27
135,0,1,0,228,green,4562,T27
136,0,1,0,228,green,4562,T27
137,0,1,0,228,green,4562,T27
138,0,1,0,228,green,4562,T27
139,0,1,0,228,green,4562,T27
140,0,1,0,228,green,4562,T27
141,0,1,0,228,green,4562,T27
142,0,1,0,228,green,4562,T27
143,0,1,0,228,green,4562,T27
144,0,1,0,228,green,4562,T27
145,0,1,0,228,green,4562,T27
146,0,1,0,228,green,4562,T27
147,0,1,0,228,green,4562,T27
148,0,1,0,228,green,4562,T27
149,0,1,0,228,green,4562,T27
150,0,1,0,228,green,4562,T27
151,0,1,0,228,green,4562,T27
152,0,1,0,228,green,4562,T27
153,0,1,0,228,green,4562,T27
154,0,1,0,228,green,4562,T27
155,0,1,0,228,green,4562,T27
156,0,1,0,228,green,4562,T27
157,0,1,0,228,green,4562,T27
158,0,1,0,228,green,4562,T27
159,0,1,0,228,green,4562,T27
160,0,1,0,228,green,4562,T27
161,0,1,0,228,green,4562,T27
162,0,1,0,228,green,4562,T27
163,0,1,0,228,green,4562,T27
164,0,1,0,228,green,4562,T27
165,0,1,0,228,green,4562,T27
166,0,1,0,228,green,4562,T27
167,0,1,0,228,green,4562,T27
168,0,1,0,228,green,4562,T27
169,0,1,0,228,green,4562,T27
170,0,1,0,228,green,4562,T27
0,0,0,1,230,green,5294,T27
1,0,1,0,230,green,5294,T27
2,0,1,0,230,green,5294,T27
3,0,1,0,230,green,5294,T27
4,0,1,0,230,green,5294,T27
5,0,1,0,230,green,5294,T27
6,0,1,0,230,green,5294,T27
7,0,1,0,230,green,5294,T27
8,0,1,0,230,green,5294,T27
9,0,1,0,230,green,5294,T27
10,0,1,0,230,green,5294,T27
11,0,1,0,230,green,5294,T27
12,0,1,0,230,green,5294,T27
13,0,1,0,230,green,5294,T27
14,0,1,0,230,green,5294,T27
15,0,1,0,230,green,5294,T27
16,0,1,0,230,green,5294,T27
17,0,1,0,230,green,5294,T27
18,0,1,0,230,green,5294,T27
19,0,1,0,230,green,5294,T27
20,0,1,0,230,green,5294,T27
21,0,1,0,230,green,5294,T27
22,0,1,0,230,green,5294,T27
23,0,1,0,230,green,5294,T27
24,0,1,0,230,green,5294,T27
25,0,1,0,230,green,5294,T27
26,0,1,0,230,green,5294,T27
27,0,1,0,230,green,5294,T27
28,0,1,0,230,green,5294,T27
29,0,1,0,230,green,5294,T27
30,0,1,0,230,green,5294,T27
31,0,1,0,230,green,5294,T27
32,0,1,0,230,green,5294,T27
33,0,1,0,230,green,5294,T27
34,0,1,0,230,green,5294,T27
35,0,1,0,230,green,5294,T27
36,0,1,0,230,green,5294,T27
37,0,1,0,230,green,5294,T27
38,0,1,0,230,green,5294,T27
39,0,1,0,230,green,5294,T27
40,0,1,0,230,green,5294,T27
41,0,1,0,230,green,5294,T27
42,0,1,0,230,green,5294,T27
43,0,1,0,230,green,5294,T27
44,0,1,0,230,green,5294,T27
45,0,1,0,230,green,5294,T27
46,0,1,0,230,green,5294,T27
47,0,1,0,230,green,5294,T27
48,0,1,0,230,green,5294,T27
49,0,1,0,230,green,5294,T27
50,0,1,0,230,green,5294,T27
51,0,1,0,230,green,5294,T27
52,0,1,0,230,green,5294,T27
53,0,1,0,230,green,5294,T27
54,0,1,0,230,green,5294,T27
55,0,1,0,230,green,5294,T27
56,0,1,0,230,green,5294,T27
57,0,1,0,230,green,5294,T27
58,0,1,0,230,green,5294,T27
59,0,1,0,230,green,5294,T27
60,0,1,0,230,green,5294,T27
61,0,1,0,230,green,5294,T27
62,0,1,0,230,green,5294,T27
63,0,1,0,230,green,5294,T27
64,0,1,0,230,green,5294,T27
65,0,1,0,230,green,5294,T27
66,0,1,0,230,green,5294,T27
67,0,1,0,230,green,5294,T27
68,0,1,0,230,green,5294,T27
69,0,1,0,230,green,5294,T27
70,0,1,0,230,green,5294,T27
71,0,1,0,230,green,5294,T27
72,0,1,0,230,green,5294,T27
73,0,1,0,230,green,5294,T27
74,0,1,0,230,green,5294,T27
75,0,1,0,230,green,5294,T27
76,0,1,0,230,green,5294,T27
77,0,1,0,230,green,5294,T27
78,0,1,0,230,green,5294,T27
79,0,1,0,230,green,5294,T27
80,0,1,0,230,green,5294,T27
81,0,1,0,230,green,5294,T27
82,0,1,0,230,green,5294,T27
83,0,1,0,230,green,5294,T27
84,0,1,0,230,green,5294,T27
85,0,1,0,230,green,5294,T27
86,0,1,0,230,green,5294,T27
87,0,1,0,230,green,5294,T27
88,0,1,0,230,green,5294,T27
89,0,1,0,230,green,5294,T27
90,0,1,0,230,green,5294,T27
91,0,1,0,230,green,5294,T27
92,0,1,0,230,green,5294,T27
93,0,1,0,230,green,5294,T27
94,0,1,0,230,green,5294,T27
95,0,1,0,230,green,5294,T27
96,0,1,0,230,green,5294,T27
97,0,1,0,230,green,5294,T27
98,0,1,0,230,green,5294,T27
99,0,1,0,230,green,5294,T27
100,0,1,0,230,green,5294,T27
101,0,1,0,230,green,5294,T27
102,0,1,0,230,green,5294,T27
103,0,1,0,230,green,5294,T27
104,0,1,0,230,green,5294,T27
105,0,1,0,230,green,5294,T27
106,0,1,0,230,green,5294,T27
107,0,1,0,230,green,5294,T27
108,0,1,0,230,green,5294,T27
109,0,1,0,230,green,5294,T27
110,0,1,0,230,green,5294,T27
111,0,1,0,230,green,5294,T27
112,0,1,0,230,green,5294,T27
113,0,1,0,230,green,5294,T27
114,0,1,0,230,green,5294,T27
115,0,1,0,230,green,5294,T27
116,0,1,0,230,green,5294,T27
117,0,1,0,230,green,5294,T27
118,0,1,0,230,green,5294,T27
119,0,1,0,230,green,5294,T27
120,0,1,0,230,green,5294,T27
121,0,1,0,230,green,5294,T27
122,0,1,0,230,green,5294,T27
123,0,1,0,230,green,5294,T27
124,0,1,0,230,green,5294,T27
125,0,1,0,230,green,5294,T27
126,0,1,0,230,green,5294,T27
127,0,1,0,230,green,5294,T27
128,0,1,0,230,green,5294,T27
129,0,1,0,230,green,5294,T27
130,0,1,0,230,green,5294,T27
131,0,1,0,230,green,5294,T27
132,0,1,0,230,green,5294,T27
133,0,1,0,230,green,5294,T27
134,0,1,0,230,green,5294,T27
135,0,1,0,230,green,5294,T27
136,0,1,0,230,green,5294,T27
137,0,1,0,230,green,5294,T27
138,0,1,0,230,green,5294,T27
139,0,1,0,230,green,5294,T27
140,0,1,0,230,green,5294,T27
141,0,1,0,230,green,5294,T27
142,0,1,0,230,green,5294,T27
143,0,1,0,230,green,5294,T27
144,0,1,0,230,green,5294,T27
145,0,1,0,230,green,5294,T27
146,0,1,0,230,green,5294,T27
147,0,1,0,230,green,5294,T27
148,0,1,0,230,green,5294,T27
149,0,1,0,230,green,5294,T27
150,0,1,0,230,green,5294,T27
151,0,1,0,230,green,5294,T27
152,0,1,0,230,green,5294,T27
153,0,1,0,230,green,5294,T27
154,0,1,0,230,green,5294,T27
155,0,1,0,230,green,5294,T27
156,0,1,0,230,green,5294,T27
157,0,1,0,230,green,5294,T27
158,0,1,0,230,green,5294,T27
159,0,1,0,230,green,5294,T27
160,0,1,0,230,green,5294,T27
161,0,1,0,230,green,5294,T27
162,0,1,0,230,green,5294,T27
163,0,1,0,230,green,5294,T27
164,0,1,0,230,green,5294,T27
165,0,1,0,230,green,5294,T27
166,0,1,0,230,green,5294,T27
167,0,1,0,230,green,5294,T27
168,0,1,0,230,green,5294,T27
169,0,1,0,230,green,5294,T27
170,0,1,0,230,green,5294,T27
0,0,0,1,232,green,6565,T27
1,0,0,1,232,green,6565,T27
2,0,0,1,232,green,6565,T27
3,0,0,1,232,green,6565,T27
4,0,0,1,232,green,6565,T27
5,0,0,1,232,green,6565,T27
6,0,0,1,232,green,6565,T27
7,0,0,1,232,green,6565,T27
8,0,0,1,232,green,6565,T27
9,0,0,1,232,green,6565,T27
10,0,0,1,232,green,6565,T27
11,0,0,1,232,green,6565,T27
12,0,0,1,232,green,6565,T27
13,0,0,1,232,green,6565,T27
14,0,0,1,232,green,6565,T27
15,0,0,1,232,green,6565,T27
16,0,0,1,232,green,6565,T27
17,0,0,1,232,green,6565,T27
18,0,0,1,232,green,6565,T27
19,0,0,1,232,green,6565,T27
20,0,0,1,232,green,6565,T27
21,1,0,0,232,green,6565,T27
22,1,0,0,232,green,6565,T27
23,1,0,0,232,green,6565,T27
24,1,0,0,232,green,6565,T27
25,1,0,0,232,green,6565,T27
26,1,0,0,232,green,6565,T27
27,1,0,0,232,green,6565,T27
28,1,0,0,232,green,6565,T27
29,1,0,0,232,green,6565,T27
30,1,0,0,232,green,6565,T27
31,1,0,0,232,green,6565,T27
32,1,0,0,232,green,6565,T27
33,1,0,0,232,green,6565,T27
34,1,0,0,232,green,6565,T27
35,1,0,0,232,green,6565,T27
36,1,0,0,232,green,6565,T27
37,1,0,0,232,green,6565,T27
38,1,0,0,232,green,6565,T27
39,1,0,0,232,green,6565,T27
40,1,0,0,232,green,6565,T27
41,1,0,0,232,green,6565,T27
42,1,0,0,232,green,6565,T27
43,1,0,0,232,green,6565,T27
44,1,0,0,232,green,6565,T27
45,1,0,0,232,green,6565,T27
46,1,0,0,232,green,6565,T27
47,1,0,0,232,green,6565,T27
48,1,0,0,232,green,6565,T27
49,1,0,0,232,green,6565,T27
50,0,0,1,232,green,6565,T27
51,0,0,1,232,green,6565,T27
52,0,1,0,232,green,6565,T27
53,0,1,0,232,green,6565,T27
54,0,1,0,232,green,6565,T27
55,0,1,0,232,green,6565,T27
56,0,1,0,232,green,6565,T27
57,0,1,0,232,green,6565,T27
58,0,1,0,232,green,6565,T27
59,0,1,0,232,green,6565,T27
60,0,1,0,232,green,6565,T27
61,0,1,0,232,green,6565,T27
62,0,1,0,232,green,6565,T27
63,0,1,0,232,green,6565,T27
64,0,1,0,232,green,6565,T27
65,0,1,0,232,green,6565,T27
66,0,1,0,232,green,6565,T27
67,0,1,0,232,green,6565,T27
68,0,1,0,232,green,6565,T27
69,0,1,0,232,green,6565,T27
70,0,1,0,232,green,6565,T27
71,0,1,0,232,green,6565,T27
72,0,1,0,232,green,6565,T27
73,0,1,0,232,green,6565,T27
74,0,1,0,232,green,6565,T27
75,0,1,0,232,green,6565,T27
76,0,1,0,232,green,6565,T27
77,0,1,0,232,green,6565,T27
78,0,1,0,232,green,6565,T27
79,0,1,0,232,green,6565,T27
80,0,1,0,232,green,6565,T27
81,0,1,0,232,green,6565,T27
82,0,1,0,232,green,6565,T27
83,0,1,0,232,green,6565,T27
84,0,1,0,232,green,6565,T27
85,0,1,0,232,green,6565,T27
86,0,1,0,232,green,6565,T27
87,0,1,0,232,green,6565,T27
88,0,1,0,232,green,6565,T27
89,0,1,0,232,green,6565,T27
90,0,1,0,232,green,6565,T27
91,0,1,0,232,green,6565,T27
92,0,1,0,232,green,6565,T27
93,0,1,0,232,green,6565,T27
94,0,1,0,232,green,6565,T27
95,0,1,0,232,green,6565,T27
96,0,1,0,232,green,6565,T27
97,0,1,0,232,green,6565,T27
98,0,1,0,232,green,6565,T27
99,0,1,0,232,green,6565,T27
100,0,1,0,232,green,6565,T27
101,0,1,0,232,green,6565,T27
102,0,1,0,232,green,6565,T27
103,0,1,0,232,green,6565,T27
104,0,1,0,232,green,6565,T27
105,0,1,0,232,green,6565,T27
106,0,1,0,232,green,6565,T27
107,0,1,0,232,green,6565,T27
108,0,1,0,232,green,6565,T27
109,0,1,0,232,green,6565,T27
110,0,1,0,232,green,6565,T27
111,0,1,0,232,green,6565,T27
112,0,1,0,232,green,6565,T27
113,0,1,0,232,green,6565,T27
114,0,1,0,232,green,6565,T27
115,0,1,0,232,green,6565,T27
116,0,1,0,232,green,6565,T27
117,0,1,0,232,green,6565,T27
118,0,1,0,232,green,6565,T27
119,0,1,0,232,green,6565,T27
120,0,1,0,232,green,6565,T27
121,0,1,0,232,green,6565,T27
122,0,1,0,232,green,6565,T27
123,0,1,0,232,green,6565,T27
124,0,1,0,232,green,6565,T27
125,0,1,0,232,green,6565,T27
126,0,1,0,232,green,6565,T27
127,0,1,0,232,green,6565,T27
128,0,1,0,232,green,6565,T27
129,0,1,0,232,green,6565,T27
130,0,1,0,232,green,6565,T27
131,0,1,0,232,green,6565,T27
132,0,1,0,232,green,6565,T27
133,0,1,0,232,green,6565,T27
134,0,1,0,232,green,6565,T27
135,0,1,0,232,green,6565,T27
136,0,1,0,232,green,6565,T27
137,0,1,0,232,green,6565,T27
138,0,1,0,232,green,6565,T27
139,0,1,0,232,green,6565,T27
140,0,1,0,232,green,6565,T27
141,0,1,0,232,green,6565,T27
142,0,1,0,232,green,6565,T27
143,0,1,0,232,green,6565,T27
144,0,1,0,232,green,6565,T27
145,0,1,0,232,green,6565,T27
146,0,1,0,232,green,6565,T27
147,0,1,0,232,green,6565,T27
148,0,1,0,232,green,6565,T27
149,0,1,0,232,green,6565,T27
150,0,1,0,232,green,6565,T27
151,0,1,0,232,green,6565,T27
152,0,1,0,232,green,6565,T27
153,0,1,0,232,green,6565,T27
154,0,1,0,232,green,6565,T27
155,0,1,0,232,green,6565,T27
156,0,1,0,232,green,6565,T27
157,0,1,0,232,green,6565,T27
158,0,1,0,232,green,6565,T27
159,0,1,0,232,green,6565,T27
160,0,1,0,232,green,6565,T27
161,0,1,0,232,green,6565,T27
162,0,1,0,232,green,6565,T27
163,0,1,0,232,green,6565,T27
164,0,1,0,232,green,6565,T27
165,0,1,0,232,green,6565,T27
166,0,1,0,232,green,6565,T27
167,0,1,0,232,green,6565,T27
168,0,1,0,232,green,6565,T27
169,0,1,0,232,green,6565,T27
170,0,1,0,232,green,6565,T27
0,0,0,1,233,green,4241,T27
1,0,0,1,233,green,4241,T27
2,0,0,1,233,green,4241,T27
3,0,0,1,233,green,4241,T27
4,0,0,1,233,green,4241,T27
5,0,0,1,233,green,4241,T27
6,0,0,1,233,green,4241,T27
7,0,0,1,233,green,4241,T27
8,0,0,1,233,green,4241,T27
9,0,0,1,233,green,4241,T27
10,0,0,1,233,green,4241,T27
11,0,0,1,233,green,4241,T27
12,0,1,0,233,green,4241,T27
13,0,1,0,233,green,4241,T27
14,0,1,0,233,green,4241,T27
15,0,1,0,233,green,4241,T27
16,0,1,0,233,green,4241,T27
17,0,1,0,233,green,4241,T27
18,0,1,0,233,green,4241,T27
19,0,1,0,233,green,4241,T27
20,0,1,0,233,green,4241,T27
21,0,1,0,233,green,4241,T27
22,0,1,0,233,green,4241,T27
23,0,1,0,233,green,4241,T27
24,0,1,0,233,green,4241,T27
25,0,1,0,233,green,4241,T27
26,0,1,0,233,green,4241,T27
27,0,1,0,233,green,4241,T27
28,0,1,0,233,green,4241,T27
29,0,1,0,233,green,4241,T27
30,0,1,0,233,green,4241,T27
31,0,1,0,233,green,4241,T27
32,0,1,0,233,green,4241,T27
33,0,1,0,233,green,4241,T27
34,0,1,0,233,green,4241,T27
35,0,1,0,233,green,4241,T27
36,0,1,0,233,green,4241,T27
37,0,1,0,233,green,4241,T27
38,0,1,0,233,green,4241,T27
39,0,1,0,233,green,4241,T27
40,0,1,0,233,green,4241,T27
41,0,1,0,233,green,4241,T27
42,0,1,0,233,green,4241,T27
43,0,1,0,233,green,4241,T27
44,0,1,0,233,green,4241,T27
45,0,1,0,233,green,4241,T27
46,0,1,0,233,green,4241,T27
47,0,1,0,233,green,4241,T27
48,0,1,0,233,green,4241,T27
49,0,1,0,233,green,4241,T27
50,0,1,0,233,green,4241,T27
51,0,1,0,233,green,4241,T27
52,0,1,0,233,green,4241,T27
53,0,1,0,233,green,4241,T27
54,0,1,0,233,green,4241,T27
55,0,1,0,233,green,4241,T27
56,0,1,0,233,green,4241,T27
57,0,1,0,233,green,4241,T27
58,0,1,0,233,green,4241,T27
59,0,1,0,233,green,4241,T27
60,0,1,0,233,green,4241,T27
61,0,1,0,233,green,4241,T27
62,0,1,0,233,green,4241,T27
63,0,1,0,233,green,4241,T27
64,0,1,0,233,green,4241,T27
65,0,1,0,233,green,4241,T27
66,0,1,0,233,green,4241,T27
67,0,1,0,233,green,4241,T27
68,0,1,0,233,green,4241,T27
69,0,1,0,233,green,4241,T27
70,0,1,0,233,green,4241,T27
71,0,1,0,233,green,4241,T27
72,0,1,0,233,green,4241,T27
73,0,1,0,233,green,4241,T27
74,0,1,0,233,green,4241,T27
75,0,1,0,233,green,4241,T27
76,0,1,0,233,green,4241,T27
77,0,1,0,233,green,4241,T27
78,0,1,0,233,green,4241,T27
79,0,1,0,233,green,4241,T27
80,0,1,0,233,green,4241,T27
81,0,1,0,233,green,4241,T27
82,0,1,0,233,green,4241,T27
83,0,1,0,233,green,4241,T27
84,0,1,0,233,green,4241,T27
85,0,1,0,233,green,4241,T27
86,0,1,0,233,green,4241,T27
87,0,1,0,233,green,4241,T27
88,0,1,0,233,green,4241,T27
89,0,1,0,233,green,4241,T27
90,0,1,0,233,green,4241,T27
91,0,1,0,233,green,4241,T27
92,0,1,0,233,green,4241,T27
93,0,1,0,233,green,4241,T27
94,0,1,0,233,green,4241,T27
95,0,1,0,233,green,4241,T27
96,0,1,0,233,green,4241,T27
97,0,1,0,233,green,4241,T27
98,0,0,1,233,green,4241,T27
99,0,0,1,233,green,4241,T27
100,0,0,1,233,green,4241,T27
101,0,0,1,233,green,4241,T27
102,0,0,1,233,green,4241,T27
103,0,0,1,233,green,4241,T27
104,1,0,0,233,green,4241,T27
105,1,0,0,233,green,4241,T27
106,1,0,0,233,green,4241,T27
107,1,0,0,233,green,4241,T27
108,1,0,0,233,green,4241,T27
109,1,0,0,233,green,4241,T27
110,1,0,0,233,green,4241,T27
111,0,0,1,233,green,4241,T27
112,0,1,0,233,green,4241,T27
113,0,1,0,233,green,4241,T27
114,0,1,0,233,green,4241,T27
115,0,1,0,233,green,4241,T27
116,0,1,0,233,green,4241,T27
117,0,1,0,233,green,4241,T27
118,0,1,0,233,green,4241,T27
119,0,1,0,233,green,4241,T27
120,0,1,0,233,green,4241,T27
121,0,1,0,233,green,4241,T27
122,0,1,0,233,green,4241,T27
123,0,1,0,233,green,4241,T27
124,0,1,0,233,green,4241,T27
125,0,1,0,233,green,4241,T27
126,0,1,0,233,green,4241,T27
127,0,1,0,233,green,4241,T27
128,0,1,0,233,green,4241,T27
129,0,1,0,233,green,4241,T27
130,0,1,0,233,green,4241,T27
131,0,1,0,233,green,4241,T27
132,0,1,0,233,green,4241,T27
133,0,1,0,233,green,4241,T27
134,0,1,0,233,green,4241,T27
135,0,1,0,233,green,4241,T27
136,0,1,0,233,green,4241,T27
137,0,1,0,233,green,4241,T27
138,0,1,0,233,green,4241,T27
139,0,1,0,233,green,4241,T27
140,0,1,0,233,green,4241,T27
141,0,1,0,233,green,4241,T27
142,0,1,0,233,green,4241,T27
143,0,1,0,233,green,4241,T27
144,0,1,0,233,green,4241,T27
145,0,1,0,233,green,4241,T27
146,0,1,0,233,green,4241,T27
147,0,1,0,233,green,4241,T27
148,0,1,0,233,green,4241,T27
149,0,1,0,233,green,4241,T27
150,0,1,0,233,green,4241,T27
151,0,1,0,233,green,4241,T27
152,0,1,0,233,green,4241,T27
153,0,1,0,233,green,4241,T27
154,0,1,0,233,green,4241,T27
155,0,1,0,233,green,4241,T27
156,0,1,0,233,green,4241,T27
157,0,1,0,233,green,4241,T27
158,0,1,0,233,green,4241,T27
159,0,1,0,233,green,4241,T27
160,0,1,0,233,green,4241,T27
161,0,1,0,233,green,4241,T27
162,0,1,0,233,green,4241,T27
163,0,1,0,233,green,4241,T27
164,0,1,0,233,green,4241,T27
165,0,1,0,233,green,4241,T27
166,0,1,0,233,green,4241,T27
167,0,1,0,233,green,4241,T27
168,0,1,0,233,green,4241,T27
169,0,1,0,233,green,4241,T27
170,0,1,0,233,green,4241,T27
0,0,0,1,234,green,5068,T27
1,0,0,1,234,green,5068,T27
2,0,0,1,234,green,5068,T27
3,0,0,1,234,green,5068,T27
4,0,0,1,234,green,5068,T27
5,0,0,1,234,green,5068,T27
6,0,0,1,234,green,5068,T27
7,0,0,1,234,green,5068,T27
8,0,0,1,234,green,5068,T27
9,0,0,1,234,green,5068,T27
10,0,0,1,234,green,5068,T27
11,0,0,1,234,green,5068,T27
12,0,0,1,234,green,5068,T27
13,0,0,1,234,green,5068,T27
14,0,0,1,234,green,5068,T27
15,0,0,1,234,green,5068,T27
16,0,0,1,234,green,5068,T27
17,0,0,1,234,green,5068,T27
18,0,0,1,234,green,5068,T27
19,0,0,1,234,green,5068,T27
20,0,0,1,234,green,5068,T27
21,0,0,1,234,green,5068,T27
22,0,0,1,234,green,5068,T27
23,0,0,1,234,green,5068,T27
24,0,0,1,234,green,5068,T27
25,0,0,1,234,green,5068,T27
26,0,0,1,234,green,5068,T27
27,0,0,1,234,green,5068,T27
28,0,0,1,234,green,5068,T27
29,0,0,1,234,green,5068,T27
30,0,0,1,234,green,5068,T27
31,0,0,1,234,green,5068,T27
32,0,0,1,234,green,5068,T27
33,0,0,1,234,green,5068,T27
34,0,0,1,234,green,5068,T27
35,0,0,1,234,green,5068,T27
36,0,0,1,234,green,5068,T27
37,0,0,1,234,green,5068,T27
38,0,0,1,234,green,5068,T27
39,0,0,1,234,green,5068,T27
40,0,0,1,234,green,5068,T27
41,0,0,1,234,green,5068,T27
42,0,0,1,234,green,5068,T27
43,0,0,1,234,green,5068,T27
44,0,0,1,234,green,5068,T27
45,0,0,1,234,green,5068,T27
46,0,0,1,234,green,5068,T27
47,0,0,1,234,green,5068,T27
48,0,0,1,234,green,5068,T27
49,0,0,1,234,green,5068,T27
50,0,0,1,234,green,5068,T27
51,0,0,1,234,green,5068,T27
52,0,0,1,234,green,5068,T27
53,0,0,1,234,green,5068,T27
54,0,0,1,234,green,5068,T27
55,0,0,1,234,green,5068,T27
56,0,0,1,234,green,5068,T27
57,0,0,1,234,green,5068,T27
58,0,0,1,234,green,5068,T27
59,0,0,1,234,green,5068,T27
60,0,0,1,234,green,5068,T27
61,0,0,1,234,green,5068,T27
62,0,0,1,234,green,5068,T27
63,0,0,1,234,green,5068,T27
64,0,0,1,234,green,5068,T27
65,0,0,1,234,green,5068,T27
66,0,0,1,234,green,5068,T27
67,0,0,1,234,green,5068,T27
68,0,0,1,234,green,5068,T27
69,0,0,1,234,green,5068,T27
70,0,0,1,234,green,5068,T27
71,0,0,1,234,green,5068,T27
72,0,0,1,234,green,5068,T27
73,0,0,1,234,green,5068,T27
74,0,0,1,234,green,5068,T27
75,0,0,1,234,green,5068,T27
76,1,0,0,234,green,5068,T27
77,1,0,0,234,green,5068,T27
78,1,0,0,234,green,5068,T27
79,1,0,0,234,green,5068,T27
80,1,0,0,234,green,5068,T27
81,1,0,0,234,green,5068,T27
82,1,0,0,234,green,5068,T27
83,1,0,0,234,green,5068,T27
84,1,0,0,234,green,5068,T27
85,1,0,0,234,green,5068,T27
86,1,0,0,234,green,5068,T27
87,1,0,0,234,green,5068,T27
88,1,0,0,234,green,5068,T27
89,1,0,0,234,green,5068,T27
90,1,0,0,234,green,5068,T27
91,1,0,0,234,green,5068,T27
92,1,0,0,234,green,5068,T27
93,1,0,0,234,green,5068,T27
94,1,0,0,234,green,5068,T27
95,1,0,0,234,green,5068,T27
96,1,0,0,234,green,5068,T27
97,1,0,0,234,green,5068,T27
98,1,0,0,234,green,5068,T27
99,1,0,0,234,green,5068,T27
100,1,0,0,234,green,5068,T27
101,1,0,0,234,green,5068,T27
102,1,0,0,234,green,5068,T27
103,1,0,0,234,green,5068,T27
104,1,0,0,234,green,5068,T27
105,1,0,0,234,green,5068,T27
106,1,0,0,234,green,5068,T27
107,1,0,0,234,green,5068,T27
108,1,0,0,234,green,5068,T27
109,1,0,0,234,green,5068,T27
110,1,0,0,234,green,5068,T27
111,1,0,0,234,green,5068,T27
112,1,0,0,234,green,5068,T27
113,1,0,0,234,green,5068,T27
114,1,0,0,234,green,5068,T27
115,1,0,0,234,green,5068,T27
116,1,0,0,234,green,5068,T27
117,1,0,0,234,green,5068,T27
118,1,0,0,234,green,5068,T27
119,1,0,0,234,green,5068,T27
120,1,0,0,234,green,5068,T27
121,1,0,0,234,green,5068,T27
122,1,0,0,234,green,5068,T27
123,1,0,0,234,green,5068,T27
124,1,0,0,234,green,5068,T27
125,1,0,0,234,green,5068,T27
126,1,0,0,234,green,5068,T27
127,1,0,0,234,green,5068,T27
128,1,0,0,234,green,5068,T27
129,1,0,0,234,green,5068,T27
130,1,0,0,234,green,5068,T27
131,1,0,0,234,green,5068,T27
132,1,0,0,234,green,5068,T27
133,1,0,0,234,green,5068,T27
134,1,0,0,234,green,5068,T27
135,1,0,0,234,green,5068,T27
136,1,0,0,234,green,5068,T27
137,1,0,0,234,green,5068,T27
138,1,0,0,234,green,5068,T27
139,1,0,0,234,green,5068,T27
140,1,0,0,234,green,5068,T27
141,0,1,0,234,green,5068,T27
142,0,1,0,234,green,5068,T27
143,0,1,0,234,green,5068,T27
144,0,1,0,234,green,5068,T27
145,0,1,0,234,green,5068,T27
146,0,1,0,234,green,5068,T27
147,0,1,0,234,green,5068,T27
148,0,1,0,234,green,5068,T27
149,0,1,0,234,green,5068,T27
150,0,1,0,234,green,5068,T27
151,0,1,0,234,green,5068,T27
152,0,1,0,234,green,5068,T27
153,0,1,0,234,green,5068,T27
154,0,1,0,234,green,5068,T27
155,0,1,0,234,green,5068,T27
156,0,1,0,234,green,5068,T27
157,0,1,0,234,green,5068,T27
158,0,1,0,234,green,5068,T27
159,0,1,0,234,green,5068,T27
160,0,1,0,234,green,5068,T27
161,0,1,0,234,green,5068,T27
162,0,1,0,234,green,5068,T27
163,0,1,0,234,green,5068,T27
164,0,1,0,234,green,5068,T27
165,0,1,0,234,green,5068,T27
166,0,1,0,234,green,5068,T27
167,0,1,0,234,green,5068,T27
168,0,1,0,234,green,5068,T27
169,0,1,0,234,green,5068,T27
170,0,1,0,234,green,5068,T27
0,0,0,1,235,green,4328,T27
1,0,0,1,235,green,4328,T27
2,0,0,1,235,green,4328,T27
3,0,0,1,235,green,4328,T27
4,0,0,1,235,green,4328,T27
5,0,0,1,235,green,4328,T27
6,0,0,1,235,green,4328,T27
7,0,0,1,235,green,4328,T27
8,0,0,1,235,green,4328,T27
9,0,0,1,235,green,4328,T27
10,0,0,1,235,green,4328,T27
11,0,0,1,235,green,4328,T27
12,0,0,1,235,green,4328,T27
13,0,0,1,235,green,4328,T27
14,0,0,1,235,green,4328,T27
15,0,0,1,235,green,4328,T27
16,0,0,1,235,green,4328,T27
17,0,0,1,235,green,4328,T27
18,0,0,1,235,green,4328,T27
19,0,0,1,235,green,4328,T27
20,0,0,1,235,green,4328,T27
21,0,0,1,235,green,4328,T27
22,0,0,1,235,green,4328,T27
23,0,0,1,235,green,4328,T27
24,0,0,1,235,green,4328,T27
25,0,0,1,235,green,4328,T27
26,0,0,1,235,green,4328,T27
27,0,0,1,235,green,4328,T27
28,0,0,1,235,green,4328,T27
29,0,0,1,235,green,4328,T27
30,0,0,1,235,green,4328,T27
31,0,0,1,235,green,4328,T27
32,0,0,1,235,green,4328,T27
33,0,0,1,235,green,4328,T27
34,0,0,1,235,green,4328,T27
35,0,0,1,235,green,4328,T27
36,0,0,1,235,green,4328,T27
37,0,0,1,235,green,4328,T27
38,0,0,1,235,green,4328,T27
39,0,0,1,235,green,4328,T27
40,0,0,1,235,green,4328,T27
41,0,0,1,235,green,4328,T27
42,0,0,1,235,green,4328,T27
43,0,0,1,235,green,4328,T27
44,0,0,1,235,green,4328,T27
45,0,0,1,235,green,4328,T27
46,0,0,1,235,green,4328,T27
47,0,0,1,235,green,4328,T27
48,0,0,1,235,green,4328,T27
49,0,0,1,235,green,4328,T27
50,0,0,1,235,green,4328,T27
51,0,0,1,235,green,4328,T27
52,0,0,1,235,green,4328,T27
53,0,0,1,235,green,4328,T27
54,0,0,1,235,green,4328,T27
55,0,0,1,235,green,4328,T27
56,0,0,1,235,green,4328,T27
57,0,0,1,235,green,4328,T27
58,0,0,1,235,green,4328,T27
59,0,0,1,235,green,4328,T27
60,0,0,1,235,green,4328,T27
61,0,0,1,235,green,4328,T27
62,0,0,1,235,green,4328,T27
63,0,0,1,235,green,4328,T27
64,0,0,1,235,green,4328,T27
65,0,0,1,235,green,4328,T27
66,0,0,1,235,green,4328,T27
67,0,0,1,235,green,4328,T27
68,0,0,1,235,green,4328,T27
69,0,0,1,235,green,4328,T27
70,0,0,1,235,green,4328,T27
71,0,0,1,235,green,4328,T27
72,0,0,1,235,green,4328,T27
73,0,0,1,235,green,4328,T27
74,0,0,1,235,green,4328,T27
75,0,0,1,235,green,4328,T27
76,0,0,1,235,green,4328,T27
77,0,0,1,235,green,4328,T27
78,0,0,1,235,green,4328,T27
79,0,0,1,235,green,4328,T27
80,0,0,1,235,green,4328,T27
81,0,0,1,235,green,4328,T27
82,0,0,1,235,green,4328,T27
83,0,0,1,235,green,4328,T27
84,0,0,1,235,green,4328,T27
85,0,0,1,235,green,4328,T27
86,0,0,1,235,green,4328,T27
87,0,0,1,235,green,4328,T27
88,0,0,1,235,green,4328,T27
89,0,0,1,235,green,4328,T27
90,0,0,1,235,green,4328,T27
91,0,0,1,235,green,4328,T27
92,0,0,1,235,green,4328,T27
93,0,0,1,235,green,4328,T27
94,0,0,1,235,green,4328,T27
95,0,1,0,235,green,4328,T27
96,0,1,0,235,green,4328,T27
97,0,1,0,235,green,4328,T27
98,0,1,0,235,green,4328,T27
99,0,1,0,235,green,4328,T27
100,0,1,0,235,green,4328,T27
101,0,1,0,235,green,4328,T27
102,0,1,0,235,green,4328,T27
103,0,1,0,235,green,4328,T27
104,0,1,0,235,green,4328,T27
105,0,1,0,235,green,4328,T27
106,0,1,0,235,green,4328,T27
107,0,1,0,235,green,4328,T27
108,0,1,0,235,green,4328,T27
109,0,1,0,235,green,4328,T27
110,0,1,0,235,green,4328,T27
111,0,1,0,235,green,4328,T27
112,0,1,0,235,green,4328,T27
113,0,1,0,235,green,4328,T27
114,0,1,0,235,green,4328,T27
115,0,1,0,235,green,4328,T27
116,0,1,0,235,green,4328,T27
117,0,1,0,235,green,4328,T27
118,0,1,0,235,green,4328,T27
119,0,1,0,235,green,4328,T27
120,0,1,0,235,green,4328,T27
121,0,1,0,235,green,4328,T27
122,0,1,0,235,green,4328,T27
123,0,1,0,235,green,4328,T27
124,0,1,0,235,green,4328,T27
125,0,1,0,235,green,4328,T27
126,0,1,0,235,green,4328,T27
127,0,1,0,235,green,4328,T27
128,0,1,0,235,green,4328,T27
129,0,1,0,235,green,4328,T27
130,0,1,0,235,green,4328,T27
131,0,1,0,235,green,4328,T27
132,0,1,0,235,green,4328,T27
133,0,1,0,235,green,4328,T27
134,0,1,0,235,green,4328,T27
135,0,1,0,235,green,4328,T27
136,0,1,0,235,green,4328,T27
137,0,1,0,235,green,4328,T27
138,0,1,0,235,green,4328,T27
139,0,1,0,235,green,4328,T27
140,0,1,0,235,green,4328,T27
141,0,1,0,235,green,4328,T27
142,0,1,0,235,green,4328,T27
143,0,1,0,235,green,4328,T27
144,0,1,0,235,green,4328,T27
145,0,1,0,235,green,4328,T27
146,0,1,0,235,green,4328,T27
147,0,1,0,235,green,4328,T27
148,0,1,0,235,green,4328,T27
149,0,1,0,235,green,4328,T27
150,0,1,0,235,green,4328,T27
151,0,1,0,235,green,4328,T27
152,0,1,0,235,green,4328,T27
153,0,1,0,235,green,4328,T27
154,0,1,0,235,green,4328,T27
155,0,1,0,235,green,4328,T27
156,0,1,0,235,green,4328,T27
157,0,1,0,235,green,4328,T27
158,0,1,0,235,green,4328,T27
159,0,1,0,235,green,4328,T27
160,0,1,0,235,green,4328,T27
161,0,1,0,235,green,4328,T27
162,0,1,0,235,green,4328,T27
163,0,1,0,235,green,4328,T27
164,0,1,0,235,green,4328,T27
165,0,1,0,235,green,4328,T27
166,0,1,0,235,green,4328,T27
167,0,1,0,235,green,4328,T27
168,0,1,0,235,green,4328,T27
169,0,1,0,235,green,4328,T27
170,0,1,0,235,green,4328,T27
0,0,0,1,236,green,5028,T27
1,0,0,1,236,green,5028,T27
2,0,0,1,236,green,5028,T27
3,0,0,1,236,green,5028,T27
4,0,0,1,236,green,5028,T27
5,0,0,1,236,green,5028,T27
6,0,0,1,236,green,5028,T27
7,0,0,1,236,green,5028,T27
8,0,0,1,236,green,5028,T27
9,0,0,1,236,green,5028,T27
10,0,0,1,236,green,5028,T27
11,0,0,1,236,green,5028,T27
12,0,0,1,236,green,5028,T27
13,0,0,1,236,green,5028,T27
14,0,0,1,236,green,5028,T27
15,0,0,1,236,green,5028,T27
16,0,1,0,236,green,5028,T27
17,0,1,0,236,green,5028,T27
18,0,1,0,236,green,5028,T27
19,0,1,0,236,green,5028,T27
20,0,1,0,236,green,5028,T27
21,0,1,0,236,green,5028,T27
22,0,1,0,236,green,5028,T27
23,0,1,0,236,green,5028,T27
24,0,1,0,236,green,5028,T27
25,0,1,0,236,green,5028,T27
26,0,1,0,236,green,5028,T27
27,0,1,0,236,green,5028,T27
28,0,1,0,236,green,5028,T27
29,0,1,0,236,green,5028,T27
30,0,1,0,236,green,5028,T27
31,0,1,0,236,green,5028,T27
32,0,1,0,236,green,5028,T27
33,0,1,0,236,green,5028,T27
34,0,1,0,236,green,5028,T27
35,0,1,0,236,green,5028,T27
36,0,1,0,236,green,5028,T27
37,0,1,0,236,green,5028,T27
38,0,1,0,236,green,5028,T27
39,0,1,0,236,green,5028,T27
40,0,1,0,236,green,5028,T27
41,0,1,0,236,green,5028,T27
42,0,1,0,236,green,5028,T27
43,0,1,0,236,green,5028,T27
44,0,1,0,236,green,5028,T27
45,0,1,0,236,green,5028,T27
46,0,1,0,236,green,5028,T27
47,0,1,0,236,green,5028,T27
48,0,1,0,236,green,5028,T27
49,0,1,0,236,green,5028,T27
50,0,1,0,236,green,5028,T27
51,0,1,0,236,green,5028,T27
52,0,1,0,236,green,5028,T27
53,0,1,0,236,green,5028,T27
54,0,1,0,236,green,5028,T27
55,0,1,0,236,green,5028,T27
56,0,1,0,236,green,5028,T27
57,0,1,0,236,green,5028,T27
58,0,1,0,236,green,5028,T27
59,0,1,0,236,green,5028,T27
60,0,1,0,236,green,5028,T27
61,0,1,0,236,green,5028,T27
62,0,1,0,236,green,5028,T27
63,0,1,0,236,green,5028,T27
64,0,1,0,236,green,5028,T27
65,0,1,0,236,green,5028,T27
66,0,1,0,236,green,5028,T27
67,0,1,0,236,green,5028,T27
68,0,1,0,236,green,5028,T27
69,0,1,0,236,green,5028,T27
70,0,1,0,236,green,5028,T27
71,0,1,0,236,green,5028,T27
72,0,1,0,236,green,5028,T27
73,0,1,0,236,green,5028,T27
74,0,1,0,236,green,5028,T27
75,0,1,0,236,green,5028,T27
76,0,1,0,236,green,5028,T27
77,0,1,0,236,green,5028,T27
78,0,1,0,236,green,5028,T27
79,0,1,0,236,green,5028,T27
80,0,1,0,236,green,5028,T27
81,0,1,0,236,green,5028,T27
82,0,1,0,236,green,5028,T27
83,0,1,0,236,green,5028,T27
84,0,1,0,236,green,5028,T27
85,0,1,0,236,green,5028,T27
86,0,1,0,236,green,5028,T27
87,0,1,0,236,green,5028,T27
88,0,1,0,236,green,5028,T27
89,0,1,0,236,green,5028,T27
90,0,1,0,236,green,5028,T27
91,0,1,0,236,green,5028,T27
92,0,1,0,236,green,5028,T27
93,0,1,0,236,green,5028,T27
94,0,1,0,236,green,5028,T27
95,0,1,0,236,green,5028,T27
96,0,1,0,236,green,5028,T27
97,0,1,0,236,green,5028,T27
98,0,1,0,236,green,5028,T27
99,0,1,0,236,green,5028,T27
100,0,1,0,236,green,5028,T27
101,0,1,0,236,green,5028,T27
102,0,1,0,236,green,5028,T27
103,0,1,0,236,green,5028,T27
104,0,1,0,236,green,5028,T27
105,0,1,0,236,green,5028,T27
106,0,1,0,236,green,5028,T27
107,0,1,0,236,green,5028,T27
108,0,1,0,236,green,5028,T27
109,0,1,0,236,green,5028,T27
110,0,1,0,236,green,5028,T27
111,0,1,0,236,green,5028,T27
112,0,1,0,236,green,5028,T27
113,0,1,0,236,green,5028,T27
114,0,1,0,236,green,5028,T27
115,0,1,0,236,green,5028,T27
116,0,1,0,236,green,5028,T27
117,0,1,0,236,green,5028,T27
118,0,1,0,236,green,5028,T27
119,0,1,0,236,green,5028,T27
120,0,1,0,236,green,5028,T27
121,0,1,0,236,green,5028,T27
122,0,1,0,236,green,5028,T27
123,0,1,0,236,green,5028,T27
124,0,1,0,236,green,5028,T27
125,0,1,0,236,green,5028,T27
126,0,1,0,236,green,5028,T27
127,0,1,0,236,green,5028,T27
128,0,1,0,236,green,5028,T27
129,0,1,0,236,green,5028,T27
130,0,1,0,236,green,5028,T27
131,0,1,0,236,green,5028,T27
132,0,1,0,236,green,5028,T27
133,0,1,0,236,green,5028,T27
134,0,1,0,236,green,5028,T27
135,0,1,0,236,green,5028,T27
136,0,1,0,236,green,5028,T27
137,0,1,0,236,green,5028,T27
138,0,1,0,236,green,5028,T27
139,0,1,0,236,green,5028,T27
140,0,1,0,236,green,5028,T27
141,0,1,0,236,green,5028,T27
142,0,1,0,236,green,5028,T27
143,0,1,0,236,green,5028,T27
144,0,1,0,236,green,5028,T27
145,0,1,0,236,green,5028,T27
146,0,1,0,236,green,5028,T27
147,0,1,0,236,green,5028,T27
148,0,1,0,236,green,5028,T27
149,0,1,0,236,green,5028,T27
150,0,1,0,236,green,5028,T27
151,0,1,0,236,green,5028,T27
152,0,1,0,236,green,5028,T27
153,0,1,0,236,green,5028,T27
154,0,1,0,236,green,5028,T27
155,0,1,0,236,green,5028,T27
156,0,1,0,236,green,5028,T27
157,0,1,0,236,green,5028,T27
158,0,1,0,236,green,5028,T27
159,0,1,0,236,green,5028,T27
160,0,1,0,236,green,5028,T27
161,0,1,0,236,green,5028,T27
162,0,1,0,236,green,5028,T27
163,0,1,0,236,green,5028,T27
164,0,1,0,236,green,5028,T27
165,0,1,0,236,green,5028,T27
166,0,1,0,236,green,5028,T27
167,0,1,0,236,green,5028,T27
168,0,1,0,236,green,5028,T27
169,0,1,0,236,green,5028,T27
170,0,1,0,236,green,5028,T27
0,1,0,0,237,green,5004,T27
1,1,0,0,237,green,5004,T27
2,1,0,0,237,green,5004,T27
3,1,0,0,237,green,5004,T27
4,1,0,0,237,green,5004,T27
5,1,0,0,237,green,5004,T27
6,1,0,0,237,green,5004,T27
7,1,0,0,237,green,5004,T27
8,1,0,0,237,green,5004,T27
9,1,0,0,237,green,5004,T27
10,1,0,0,237,green,5004,T27
11,1,0,0,237,green,5004,T27
12,1,0,0,237,green,5004,T27
13,1,0,0,237,green,5004,T27
14,1,0,0,237,green,5004,T27
15,1,0,0,237,green,5004,T27
16,1,0,0,237,green,5004,T27
17,1,0,0,237,green,5004,T27
18,1,0,0,237,green,5004,T27
19,1,0,0,237,green,5004,T27
20,1,0,0,237,green,5004,T27
21,1,0,0,237,green,5004,T27
22,1,0,0,237,green,5004,T27
23,1,0,0,237,green,5004,T27
24,1,0,0,237,green,5004,T27
25,1,0,0,237,green,5004,T27
26,1,0,0,237,green,5004,T27
27,1,0,0,237,green,5004,T27
28,1,0,0,237,green,5004,T27
29,1,0,0,237,green,5004,T27
30,1,0,0,237,green,5004,T27
31,1,0,0,237,green,5004,T27
32,1,0,0,237,green,5004,T27
33,1,0,0,237,green,5004,T27
34,1,0,0,237,green,5004,T27
35,1,0,0,237,green,5004,T27
36,1,0,0,237,green,5004,T27
37,1,0,0,237,green,5004,T27
38,1,0,0,237,green,5004,T27
39,1,0,0,237,green,5004,T27
40,1,0,0,237,green,5004,T27
41,0,0,1,237,green,5004,T27
42,0,1,0,237,green,5004,T27
43,0,1,0,237,green,5004,T27
44,0,1,0,237,green,5004,T27
45,0,1,0,237,green,5004,T27
46,0,1,0,237,green,5004,T27
47,0,1,0,237,green,5004,T27
48,0,1,0,237,green,5004,T27
49,0,1,0,237,green,5004,T27
50,0,1,0,237,green,5004,T27
51,0,1,0,237,green,5004,T27
52,0,1,0,237,green,5004,T27
53,0,1,0,237,green,5004,T27
54,0,1,0,237,green,5004,T27
55,0,1,0,237,green,5004,T27
56,0,1,0,237,green,5004,T27
57,0,1,0,237,green,5004,T27
58,0,1,0,237,green,5004,T27
59,0,1,0,237,green,5004,T27
60,0,1,0,237,green,5004,T27
61,0,1,0,237,green,5004,T27
62,0,1,0,237,green,5004,T27
63,0,1,0,237,green,5004,T27
64,0,1,0,237,green,5004,T27
65,0,1,0,237,green,5004,T27
66,0,1,0,237,green,5004,T27
67,0,1,0,237,green,5004,T27
68,0,1,0,237,green,5004,T27
69,0,1,0,237,green,5004,T27
70,0,1,0,237,green,5004,T27
71,0,1,0,237,green,5004,T27
72,0,1,0,237,green,5004,T27
73,0,1,0,237,green,5004,T27
74,0,1,0,237,green,5004,T27
75,0,1,0,237,green,5004,T27
76,0,1,0,237,green,5004,T27
77,0,1,0,237,green,5004,T27
78,0,1,0,237,green,5004,T27
79,0,1,0,237,green,5004,T27
80,0,1,0,237,green,5004,T27
81,0,1,0,237,green,5004,T27
82,0,1,0,237,green,5004,T27
83,0,1,0,237,green,5004,T27
84,0,1,0,237,green,5004,T27
85,0,1,0,237,green,5004,T27
86,0,1,0,237,green,5004,T27
87,0,1,0,237,green,5004,T27
88,0,1,0,237,green,5004,T27
89,0,1,0,237,green,5004,T27
90,0,1,0,237,green,5004,T27
91,0,1,0,237,green,5004,T27
92,0,1,0,237,green,5004,T27
93,0,1,0,237,green,5004,T27
94,0,1,0,237,green,5004,T27
95,0,1,0,237,green,5004,T27
96,0,1,0,237,green,5004,T27
97,0,1,0,237,green,5004,T27
98,0,1,0,237,green,5004,T27
99,0,1,0,237,green,5004,T27
100,0,1,0,237,green,5004,T27
101,0,1,0,237,green,5004,T27
102,0,1,0,237,green,5004,T27
103,0,1,0,237,green,5004,T27
104,0,1,0,237,green,5004,T27
105,0,1,0,237,green,5004,T27
106,0,1,0,237,green,5004,T27
107,0,1,0,237,green,5004,T27
108,0,1,0,237,green,5004,T27
109,0,1,0,237,green,5004,T27
110,0,1,0,237,green,5004,T27
111,0,1,0,237,green,5004,T27
112,0,1,0,237,green,5004,T27
113,0,1,0,237,green,5004,T27
114,0,1,0,237,green,5004,T27
115,0,1,0,237,green,5004,T27
116,0,1,0,237,green,5004,T27
117,0,1,0,237,green,5004,T27
118,0,1,0,237,green,5004,T27
119,0,1,0,237,green,5004,T27
120,0,1,0,237,green,5004,T27
121,0,1,0,237,green,5004,T27
122,0,1,0,237,green,5004,T27
123,0,1,0,237,green,5004,T27
124,0,1,0,237,green,5004,T27
125,0,1,0,237,green,5004,T27
126,0,1,0,237,green,5004,T27
127,0,1,0,237,green,5004,T27
128,0,1,0,237,green,5004,T27
129,0,1,0,237,green,5004,T27
130,0,1,0,237,green,5004,T27
131,0,1,0,237,green,5004,T27
132,0,1,0,237,green,5004,T27
133,0,1,0,237,green,5004,T27
134,0,1,0,237,green,5004,T27
135,0,1,0,237,green,5004,T27
136,0,1,0,237,green,5004,T27
137,0,1,0,237,green,5004,T27
138,0,1,0,237,green,5004,T27
139,0,1,0,237,green,5004,T27
140,0,1,0,237,green,5004,T27
141,0,1,0,237,green,5004,T27
142,0,1,0,237,green,5004,T27
143,0,1,0,237,green,5004,T27
144,0,1,0,237,green,5004,T27
145,0,1,0,237,green,5004,T27
146,0,1,0,237,green,5004,T27
147,0,1,0,237,green,5004,T27
148,0,1,0,237,green,5004,T27
149,0,1,0,237,green,5004,T27
150,0,1,0,237,green,5004,T27
151,0,1,0,237,green,5004,T27
152,1,0,0,237,green,5004,T27
153,1,0,0,237,green,5004,T27
154,1,0,0,237,green,5004,T27
155,1,0,0,237,green,5004,T27
156,1,0,0,237,green,5004,T27
157,1,0,0,237,green,5004,T27
158,1,0,0,237,green,5004,T27
159,1,0,0,237,green,5004,T27
160,1,0,0,237,green,5004,T27
161,1,0,0,237,green,5004,T27
162,0,0,1,237,green,5004,T27
163,0,1,0,237,green,5004,T27
164,0,1,0,237,green,5004,T27
165,0,1,0,237,green,5004,T27
166,0,1,0,237,green,5004,T27
167,0,1,0,237,green,5004,T27
168,0,1,0,237,green,5004,T27
169,0,1,0,237,green,5004,T27
170,0,1,0,237,green,5004,T27
0,0,1,0,238,green,5770,T27
1,0,1,0,238,green,5770,T27
2,0,0,1,238,green,5770,T27
3,0,0,1,238,green,5770,T27
4,0,0,1,238,green,5770,T27
5,0,0,1,238,green,5770,T27
6,0,0,1,238,green,5770,T27
7,0,0,1,238,green,5770,T27
8,0,0,1,238,green,5770,T27
9,0,0,1,238,green,5770,T27
10,0,0,1,238,green,5770,T27
11,0,0,1,238,green,5770,T27
12,0,0,1,238,green,5770,T27
13,0,0,1,238,green,5770,T27
14,0,0,1,238,green,5770,T27
15,0,0,1,238,green,5770,T27
16,0,0,1,238,green,5770,T27
17,0,0,1,238,green,5770,T27
18,0,0,1,238,green,5770,T27
19,0,0,1,238,green,5770,T27
20,0,0,1,238,green,5770,T27
21,0,0,1,238,green,5770,T27
22,0,0,1,238,green,5770,T27
23,0,0,1,238,green,5770,T27
24,0,0,1,238,green,5770,T27
25,0,0,1,238,green,5770,T27
26,0,0,1,238,green,5770,T27
27,0,0,1,238,green,5770,T27
28,0,0,1,238,green,5770,T27
29,0,0,1,238,green,5770,T27
30,0,0,1,238,green,5770,T27
31,0,0,1,238,green,5770,T27
32,0,0,1,238,green,5770,T27
33,0,0,1,238,green,5770,T27
34,0,0,1,238,green,5770,T27
35,0,0,1,238,green,5770,T27
36,0,0,1,238,green,5770,T27
37,0,0,1,238,green,5770,T27
38,0,0,1,238,green,5770,T27
39,0,0,1,238,green,5770,T27
40,1,0,0,238,green,5770,T27
41,1,0,0,238,green,5770,T27
42,1,0,0,238,green,5770,T27
43,1,0,0,238,green,5770,T27
44,1,0,0,238,green,5770,T27
45,1,0,0,238,green,5770,T27
46,1,0,0,238,green,5770,T27
47,1,0,0,238,green,5770,T27
48,1,0,0,238,green,5770,T27
49,1,0,0,238,green,5770,T27
50,1,0,0,238,green,5770,T27
51,1,0,0,238,green,5770,T27
52,1,0,0,238,green,5770,T27
53,1,0,0,238,green,5770,T27
54,1,0,0,238,green,5770,T27
55,1,0,0,238,green,5770,T27
56,0,0,1,238,green,5770,T27
57,0,1,0,238,green,5770,T27
58,0,1,0,238,green,5770,T27
59,0,1,0,238,green,5770,T27
60,0,1,0,238,green,5770,T27
61,0,1,0,238,green,5770,T27
62,0,1,0,238,green,5770,T27
63,0,1,0,238,green,5770,T27
64,0,1,0,238,green,5770,T27
65,0,1,0,238,green,5770,T27
66,0,1,0,238,green,5770,T27
67,0,1,0,238,green,5770,T27
68,0,1,0,238,green,5770,T27
69,0,1,0,238,green,5770,T27
70,0,1,0,238,green,5770,T27
71,0,1,0,238,green,5770,T27
72,0,1,0,238,green,5770,T27
73,0,1,0,238,green,5770,T27
74,0,1,0,238,green,5770,T27
75,0,0,1,238,green,5770,T27
76,1,0,0,238,green,5770,T27
77,1,0,0,238,green,5770,T27
78,1,0,0,238,green,5770,T27
79,1,0,0,238,green,5770,T27
80,1,0,0,238,green,5770,T27
81,1,0,0,238,green,5770,T27
82,1,0,0,238,green,5770,T27
83,1,0,0,238,green,5770,T27
84,1,0,0,238,green,5770,T27
85,1,0,0,238,green,5770,T27
86,1,0,0,238,green,5770,T27
87,1,0,0,238,green,5770,T27
88,1,0,0,238,green,5770,T27
89,1,0,0,238,green,5770,T27
90,1,0,0,238,green,5770,T27
91,1,0,0,238,green,5770,T27
92,1,0,0,238,green,5770,T27
93,1,0,0,238,green,5770,T27
94,1,0,0,238,green,5770,T27
95,1,0,0,238,green,5770,T27
96,1,0,0,238,green,5770,T27
97,1,0,0,238,green,5770,T27
98,1,0,0,238,green,5770,T27
99,1,0,0,238,green,5770,T27
100,1,0,0,238,green,5770,T27
101,1,0,0,238,green,5770,T27
102,1,0,0,238,green,5770,T27
103,1,0,0,238,green,5770,T27
104,1,0,0,238,green,5770,T27
105,1,0,0,238,green,5770,T27
106,1,0,0,238,green,5770,T27
107,1,0,0,238,green,5770,T27
108,1,0,0,238,green,5770,T27
109,1,0,0,238,green,5770,T27
110,1,0,0,238,green,5770,T27
111,1,0,0,238,green,5770,T27
112,1,0,0,238,green,5770,T27
113,1,0,0,238,green,5770,T27
114,1,0,0,238,green,5770,T27
115,1,0,0,238,green,5770,T27
116,1,0,0,238,green,5770,T27
117,1,0,0,238,green,5770,T27
118,1,0,0,238,green,5770,T27
119,1,0,0,238,green,5770,T27
120,1,0,0,238,green,5770,T27
121,1,0,0,238,green,5770,T27
122,1,0,0,238,green,5770,T27
123,1,0,0,238,green,5770,T27
124,1,0,0,238,green,5770,T27
125,1,0,0,238,green,5770,T27
126,1,0,0,238,green,5770,T27
127,1,0,0,238,green,5770,T27
128,1,0,0,238,green,5770,T27
129,1,0,0,238,green,5770,T27
130,1,0,0,238,green,5770,T27
131,1,0,0,238,green,5770,T27
132,1,0,0,238,green,5770,T27
133,1,0,0,238,green,5770,T27
134,1,0,0,238,green,5770,T27
135,1,0,0,238,green,5770,T27
136,0,0,1,238,green,5770,T27
137,0,0,1,238,green,5770,T27
138,0,0,1,238,green,5770,T27
139,0,1,0,238,green,5770,T27
140,0,1,0,238,green,5770,T27
141,0,1,0,238,green,5770,T27
142,0,1,0,238,green,5770,T27
143,0,1,0,238,green,5770,T27
144,0,1,0,238,green,5770,T27
145,0,1,0,238,green,5770,T27
146,0,1,0,238,green,5770,T27
147,0,1,0,238,green,5770,T27
148,0,1,0,238,green,5770,T27
149,0,1,0,238,green,5770,T27
150,0,1,0,238,green,5770,T27
151,0,1,0,238,green,5770,T27
152,0,1,0,238,green,5770,T27
153,0,1,0,238,green,5770,T27
154,0,1,0,238,green,5770,T27
155,0,1,0,238,green,5770,T27
156,0,1,0,238,green,5770,T27
157,0,1,0,238,green,5770,T27
158,0,1,0,238,green,5770,T27
159,0,1,0,238,green,5770,T27
160,0,1,0,238,green,5770,T27
161,0,1,0,238,green,5770,T27
162,0,1,0,238,green,5770,T27
163,0,1,0,238,green,5770,T27
164,0,1,0,238,green,5770,T27
165,0,1,0,238,green,5770,T27
166,0,1,0,238,green,5770,T27
167,0,1,0,238,green,5770,T27
168,0,1,0,238,green,5770,T27
169,0,1,0,238,green,5770,T27
170,0,1,0,238,green,5770,T27
0,0,0,1,239,green,6221,T27
1,0,0,1,239,green,6221,T27
2,0,0,1,239,green,6221,T27
3,0,0,1,239,green,6221,T27
4,0,0,1,239,green,6221,T27
5,0,0,1,239,green,6221,T27
6,0,0,1,239,green,6221,T27
7,0,0,1,239,green,6221,T27
8,0,0,1,239,green,6221,T27
9,0,0,1,239,green,6221,T27
10,0,0,1,239,green,6221,T27
11,0,0,1,239,green,6221,T27
12,0,0,1,239,green,6221,T27
13,0,0,1,239,green,6221,T27
14,0,0,1,239,green,6221,T27
15,0,0,1,239,green,6221,T27
16,0,0,1,239,green,6221,T27
17,0,0,1,239,green,6221,T27
18,0,0,1,239,green,6221,T27
19,0,0,1,239,green,6221,T27
20,0,0,1,239,green,6221,T27
21,0,0,1,239,green,6221,T27
22,0,0,1,239,green,6221,T27
23,0,0,1,239,green,6221,T27
24,0,0,1,239,green,6221,T27
25,0,0,1,239,green,6221,T27
26,0,0,1,239,green,6221,T27
27,0,0,1,239,green,6221,T27
28,0,0,1,239,green,6221,T27
29,0,0,1,239,green,6221,T27
30,0,0,1,239,green,6221,T27
31,0,0,1,239,green,6221,T27
32,0,0,1,239,green,6221,T27
33,0,0,1,239,green,6221,T27
34,0,0,1,239,green,6221,T27
35,0,0,1,239,green,6221,T27
36,0,0,1,239,green,6221,T27
37,0,0,1,239,green,6221,T27
38,0,0,1,239,green,6221,T27
39,0,0,1,239,green,6221,T27
40,0,0,1,239,green,6221,T27
41,0,0,1,239,green,6221,T27
42,0,0,1,239,green,6221,T27
43,0,0,1,239,green,6221,T27
44,0,0,1,239,green,6221,T27
45,0,0,1,239,green,6221,T27
46,0,0,1,239,green,6221,T27
47,0,0,1,239,green,6221,T27
48,0,0,1,239,green,6221,T27
49,0,0,1,239,green,6221,T27
50,0,0,1,239,green,6221,T27
51,0,0,1,239,green,6221,T27
52,0,0,1,239,green,6221,T27
53,0,0,1,239,green,6221,T27
54,0,0,1,239,green,6221,T27
55,0,0,1,239,green,6221,T27
56,0,0,1,239,green,6221,T27
57,0,0,1,239,green,6221,T27
58,0,0,1,239,green,6221,T27
59,0,0,1,239,green,6221,T27
60,0,0,1,239,green,6221,T27
61,0,0,1,239,green,6221,T27
62,0,0,1,239,green,6221,T27
63,0,0,1,239,green,6221,T27
64,0,1,0,239,green,6221,T27
65,0,1,0,239,green,6221,T27
66,0,1,0,239,green,6221,T27
67,0,1,0,239,green,6221,T27
68,0,1,0,239,green,6221,T27
69,0,1,0,239,green,6221,T27
70,0,1,0,239,green,6221,T27
71,0,1,0,239,green,6221,T27
72,0,1,0,239,green,6221,T27
73,0,1,0,239,green,6221,T27
74,0,1,0,239,green,6221,T27
75,0,1,0,239,green,6221,T27
76,0,1,0,239,green,6221,T27
77,0,1,0,239,green,6221,T27
78,0,1,0,239,green,6221,T27
79,0,1,0,239,green,6221,T27
80,0,1,0,239,green,6221,T27
81,0,1,0,239,green,6221,T27
82,0,1,0,239,green,6221,T27
83,0,1,0,239,green,6221,T27
84,0,1,0,239,green,6221,T27
85,0,1,0,239,green,6221,T27
86,0,1,0,239,green,6221,T27
87,0,1,0,239,green,6221,T27
88,0,1,0,239,green,6221,T27
89,0,1,0,239,green,6221,T27
90,0,1,0,239,green,6221,T27
91,0,1,0,239,green,6221,T27
92,0,1,0,239,green,6221,T27
93,0,1,0,239,green,6221,T27
94,0,1,0,239,green,6221,T27
95,0,1,0,239,green,6221,T27
96,0,1,0,239,green,6221,T27
97,0,1,0,239,green,6221,T27
98,0,1,0,239,green,6221,T27
99,0,1,0,239,green,6221,T27
100,0,1,0,239,green,6221,T27
101,0,1,0,239,green,6221,T27
102,0,1,0,239,green,6221,T27
103,0,1,0,239,green,6221,T27
104,0,1,0,239,green,6221,T27
105,0,1,0,239,green,6221,T27
106,0,1,0,239,green,6221,T27
107,0,1,0,239,green,6221,T27
108,0,1,0,239,green,6221,T27
109,0,1,0,239,green,6221,T27
110,0,1,0,239,green,6221,T27
111,0,1,0,239,green,6221,T27
112,0,1,0,239,green,6221,T27
113,0,1,0,239,green,6221,T27
114,0,1,0,239,green,6221,T27
115,0,1,0,239,green,6221,T27
116,0,1,0,239,green,6221,T27
117,0,1,0,239,green,6221,T27
118,0,1,0,239,green,6221,T27
119,0,1,0,239,green,6221,T27
120,0,1,0,239,green,6221,T27
121,0,1,0,239,green,6221,T27
122,0,1,0,239,green,6221,T27
123,0,1,0,239,green,6221,T27
124,0,1,0,239,green,6221,T27
125,0,1,0,239,green,6221,T27
126,0,1,0,239,green,6221,T27
127,0,1,0,239,green,6221,T27
128,0,1,0,239,green,6221,T27
129,0,1,0,239,green,6221,T27
130,0,1,0,239,green,6221,T27
131,0,1,0,239,green,6221,T27
132,0,1,0,239,green,6221,T27
133,0,1,0,239,green,6221,T27
134,0,1,0,239,green,6221,T27
135,0,1,0,239,green,6221,T27
136,0,1,0,239,green,6221,T27
137,0,1,0,239,green,6221,T27
138,0,1,0,239,green,6221,T27
139,0,1,0,239,green,6221,T27
140,0,1,0,239,green,6221,T27
141,0,1,0,239,green,6221,T27
142,0,1,0,239,green,6221,T27
143,0,1,0,239,green,6221,T27
144,0,1,0,239,green,6221,T27
145,0,1,0,239,green,6221,T27
146,0,1,0,239,green,6221,T27
147,0,1,0,239,green,6221,T27
148,0,1,0,239,green,6221,T27
149,0,1,0,239,green,6221,T27
150,0,1,0,239,green,6221,T27
151,0,1,0,239,green,6221,T27
152,0,1,0,239,green,6221,T27
153,0,1,0,239,green,6221,T27
154,0,1,0,239,green,6221,T27
155,0,1,0,239,green,6221,T27
156,0,1,0,239,green,6221,T27
157,0,1,0,239,green,6221,T27
158,0,1,0,239,green,6221,T27
159,0,1,0,239,green,6221,T27
160,0,1,0,239,green,6221,T27
161,0,1,0,239,green,6221,T27
162,0,1,0,239,green,6221,T27
163,0,1,0,239,green,6221,T27
164,0,1,0,239,green,6221,T27
165,0,1,0,239,green,6221,T27
166,0,1,0,239,green,6221,T27
167,0,1,0,239,green,6221,T27
168,0,1,0,239,green,6221,T27
169,0,1,0,239,green,6221,T27
170,0,1,0,239,green,6221,T27
0,0,0,1,240,green,4835,T27
1,0,0,1,240,green,4835,T27
2,0,0,1,240,green,4835,T27
3,0,0,1,240,green,4835,T27
4,0,0,1,240,green,4835,T27
5,0,0,1,240,green,4835,T27
6,0,0,1,240,green,4835,T27
7,0,0,1,240,green,4835,T27
8,0,0,1,240,green,4835,T27
9,0,0,1,240,green,4835,T27
10,0,0,1,240,green,4835,T27
11,0,0,1,240,green,4835,T27
12,0,0,1,240,green,4835,T27
13,0,0,1,240,green,4835,T27
14,0,0,1,240,green,4835,T27
15,0,0,1,240,green,4835,T27
16,0,0,1,240,green,4835,T27
17,0,0,1,240,green,4835,T27
18,0,0,1,240,green,4835,T27
19,0,0,1,240,green,4835,T27
20,0,0,1,240,green,4835,T27
21,0,0,1,240,green,4835,T27
22,0,0,1,240,green,4835,T27
23,0,0,1,240,green,4835,T27
24,0,0,1,240,green,4835,T27
25,0,0,1,240,green,4835,T27
26,0,1,0,240,green,4835,T27
27,0,1,0,240,green,4835,T27
28,0,1,0,240,green,4835,T27
29,0,1,0,240,green,4835,T27
30,0,1,0,240,green,4835,T27
31,0,1,0,240,green,4835,T27
32,0,1,0,240,green,4835,T27
33,0,1,0,240,green,4835,T27
34,0,1,0,240,green,4835,T27
35,0,1,0,240,green,4835,T27
36,0,1,0,240,green,4835,T27
37,0,1,0,240,green,4835,T27
38,0,1,0,240,green,4835,T27
39,0,1,0,240,green,4835,T27
40,0,1,0,240,green,4835,T27
41,0,1,0,240,green,4835,T27
42,0,1,0,240,green,4835,T27
43,0,1,0,240,green,4835,T27
44,0,1,0,240,green,4835,T27
45,0,1,0,240,green,4835,T27
46,0,1,0,240,green,4835,T27
47,0,1,0,240,green,4835,T27
48,0,1,0,240,green,4835,T27
49,0,1,0,240,green,4835,T27
50,0,1,0,240,green,4835,T27
51,0,1,0,240,green,4835,T27
52,0,1,0,240,green,4835,T27
53,0,1,0,240,green,4835,T27
54,0,1,0,240,green,4835,T27
55,0,1,0,240,green,4835,T27
56,0,1,0,240,green,4835,T27
57,0,1,0,240,green,4835,T27
58,0,1,0,240,green,4835,T27
59,0,1,0,240,green,4835,T27
60,0,1,0,240,green,4835,T27
61,0,1,0,240,green,4835,T27
62,0,1,0,240,green,4835,T27
63,0,1,0,240,green,4835,T27
64,0,1,0,240,green,4835,T27
65,0,1,0,240,green,4835,T27
66,0,1,0,240,green,4835,T27
67,0,1,0,240,green,4835,T27
68,0,1,0,240,green,4835,T27
69,0,1,0,240,green,4835,T27
70,0,1,0,240,green,4835,T27
71,0,1,0,240,green,4835,T27
72,0,1,0,240,green,4835,T27
73,0,1,0,240,green,4835,T27
74,0,1,0,240,green,4835,T27
75,0,1,0,240,green,4835,T27
76,0,1,0,240,green,4835,T27
77,0,1,0,240,green,4835,T27
78,0,1,0,240,green,4835,T27
79,0,1,0,240,green,4835,T27
80,0,1,0,240,green,4835,T27
81,0,1,0,240,green,4835,T27
82,0,1,0,240,green,4835,T27
83,0,1,0,240,green,4835,T27
84,0,1,0,240,green,4835,T27
85,0,1,0,240,green,4835,T27
86,0,1,0,240,green,4835,T27
87,0,1,0,240,green,4835,T27
88,0,1,0,240,green,4835,T27
89,0,1,0,240,green,4835,T27
90,0,1,0,240,green,4835,T27
91,0,1,0,240,green,4835,T27
92,0,1,0,240,green,4835,T27
93,0,1,0,240,green,4835,T27
94,0,1,0,240,green,4835,T27
95,0,1,0,240,green,4835,T27
96,0,1,0,240,green,4835,T27
97,0,1,0,240,green,4835,T27
98,0,1,0,240,green,4835,T27
99,0,1,0,240,green,4835,T27
100,0,1,0,240,green,4835,T27
101,0,1,0,240,green,4835,T27
102,0,1,0,240,green,4835,T27
103,0,1,0,240,green,4835,T27
104,0,1,0,240,green,4835,T27
105,0,1,0,240,green,4835,T27
106,0,1,0,240,green,4835,T27
107,0,1,0,240,green,4835,T27
108,0,1,0,240,green,4835,T27
109,0,1,0,240,green,4835,T27
110,0,1,0,240,green,4835,T27
111,0,1,0,240,green,4835,T27
112,0,1,0,240,green,4835,T27
113,0,1,0,240,green,4835,T27
114,0,1,0,240,green,4835,T27
115,0,1,0,240,green,4835,T27
116,0,1,0,240,green,4835,T27
117,0,1,0,240,green,4835,T27
118,0,1,0,240,green,4835,T27
119,0,1,0,240,green,4835,T27
120,0,1,0,240,green,4835,T27
121,0,1,0,240,green,4835,T27
122,0,1,0,240,green,4835,T27
123,0,1,0,240,green,4835,T27
124,0,1,0,240,green,4835,T27
125,0,1,0,240,green,4835,T27
126,0,1,0,240,green,4835,T27
127,0,1,0,240,green,4835,T27
128,0,1,0,240,green,4835,T27
129,0,1,0,240,green,4835,T27
130,0,1,0,240,green,4835,T27
131,0,1,0,240,green,4835,T27
132,0,1,0,240,green,4835,T27
133,0,1,0,240,green,4835,T27
134,0,1,0,240,green,4835,T27
135,0,1,0,240,green,4835,T27
136,0,1,0,240,green,4835,T27
137,0,1,0,240,green,4835,T27
138,0,1,0,240,green,4835,T27
139,0,1,0,240,green,4835,T27
140,0,1,0,240,green,4835,T27
141,0,1,0,240,green,4835,T27
142,0,1,0,240,green,4835,T27
143,0,1,0,240,green,4835,T27
144,0,1,0,240,green,4835,T27
145,0,1,0,240,green,4835,T27
146,0,1,0,240,green,4835,T27
147,0,1,0,240,green,4835,T27
148,0,1,0,240,green,4835,T27
149,0,1,0,240,green,4835,T27
150,0,1,0,240,green,4835,T27
151,0,1,0,240,green,4835,T27
152,0,1,0,240,green,4835,T27
153,0,1,0,240,green,4835,T27
154,0,1,0,240,green,4835,T27
155,0,1,0,240,green,4835,T27
156,0,1,0,240,green,4835,T27
157,0,1,0,240,green,4835,T27
158,0,1,0,240,green,4835,T27
159,0,1,0,240,green,4835,T27
160,0,1,0,240,green,4835,T27
161,0,1,0,240,green,4835,T27
162,0,1,0,240,green,4835,T27
163,0,1,0,240,green,4835,T27
164,0,1,0,240,green,4835,T27
165,0,1,0,240,green,4835,T27
166,0,1,0,240,green,4835,T27
167,0,1,0,240,green,4835,T27
168,0,1,0,240,green,4835,T27
169,0,1,0,240,green,4835,T27
170,0,1,0,240,green,4835,T27
0,0,0,1,241,green,7231,T27
1,0,0,1,241,green,7231,T27
2,0,0,1,241,green,7231,T27
3,0,0,1,241,green,7231,T27
4,0,0,1,241,green,7231,T27
5,0,0,1,241,green,7231,T27
6,0,0,1,241,green,7231,T27
7,0,0,1,241,green,7231,T27
8,0,0,1,241,green,7231,T27
9,0,0,1,241,green,7231,T27
10,0,0,1,241,green,7231,T27
11,0,0,1,241,green,7231,T27
12,0,0,1,241,green,7231,T27
13,0,0,1,241,green,7231,T27
14,0,0,1,241,green,7231,T27
15,0,0,1,241,green,7231,T27
16,0,0,1,241,green,7231,T27
17,0,0,1,241,green,7231,T27
18,0,0,1,241,green,7231,T27
19,0,0,1,241,green,7231,T27
20,0,0,1,241,green,7231,T27
21,0,0,1,241,green,7231,T27
22,0,0,1,241,green,7231,T27
23,0,0,1,241,green,7231,T27
24,0,0,1,241,green,7231,T27
25,0,0,1,241,green,7231,T27
26,0,0,1,241,green,7231,T27
27,0,1,0,241,green,7231,T27
28,0,1,0,241,green,7231,T27
29,0,1,0,241,green,7231,T27
30,0,1,0,241,green,7231,T27
31,0,1,0,241,green,7231,T27
32,0,1,0,241,green,7231,T27
33,0,0,1,241,green,7231,T27
34,0,0,1,241,green,7231,T27
35,0,0,1,241,green,7231,T27
36,0,0,1,241,green,7231,T27
37,0,0,1,241,green,7231,T27
38,0,0,1,241,green,7231,T27
39,0,0,1,241,green,7231,T27
40,0,0,1,241,green,7231,T27
41,0,1,0,241,green,7231,T27
42,0,1,0,241,green,7231,T27
43,0,1,0,241,green,7231,T27
44,0,1,0,241,green,7231,T27
45,0,1,0,241,green,7231,T27
46,0,1,0,241,green,7231,T27
47,0,1,0,241,green,7231,T27
48,0,1,0,241,green,7231,T27
49,0,1,0,241,green,7231,T27
50,0,1,0,241,green,7231,T27
51,0,1,0,241,green,7231,T27
52,0,1,0,241,green,7231,T27
53,0,0,1,241,green,7231,T27
54,0,0,1,241,green,7231,T27
55,0,0,1,241,green,7231,T27
56,0,1,0,241,green,7231,T27
57,0,1,0,241,green,7231,T27
58,0,1,0,241,green,7231,T27
59,0,1,0,241,green,7231,T27
60,0,1,0,241,green,7231,T27
61,0,1,0,241,green,7231,T27
62,0,1,0,241,green,7231,T27
63,0,1,0,241,green,7231,T27
64,0,1,0,241,green,7231,T27
65,0,0,1,241,green,7231,T27
66,0,0,1,241,green,7231,T27
67,0,0,1,241,green,7231,T27
68,0,0,1,241,green,7231,T27
69,0,0,1,241,green,7231,T27
70,0,0,1,241,green,7231,T27
71,0,0,1,241,green,7231,T27
72,0,0,1,241,green,7231,T27
73,1,0,0,241,green,7231,T27
74,1,0,0,241,green,7231,T27
75,1,0,0,241,green,7231,T27
76,1,0,0,241,green,7231,T27
77,1,0,0,241,green,7231,T27
78,1,0,0,241,green,7231,T27
79,1,0,0,241,green,7231,T27
80,1,0,0,241,green,7231,T27
81,1,0,0,241,green,7231,T27
82,1,0,0,241,green,7231,T27
83,1,0,0,241,green,7231,T27
84,1,0,0,241,green,7231,T27
85,1,0,0,241,green,7231,T27
86,1,0,0,241,green,7231,T27
87,1,0,0,241,green,7231,T27
88,1,0,0,241,green,7231,T27
89,1,0,0,241,green,7231,T27
90,1,0,0,241,green,7231,T27
91,1,0,0,241,green,7231,T27
92,1,0,0,241,green,7231,T27
93,1,0,0,241,green,7231,T27
94,1,0,0,241,green,7231,T27
95,1,0,0,241,green,7231,T27
96,1,0,0,241,green,7231,T27
97,1,0,0,241,green,7231,T27
98,1,0,0,241,green,7231,T27
99,1,0,0,241,green,7231,T27
100,1,0,0,241,green,7231,T27
101,1,0,0,241,green,7231,T27
102,1,0,0,241,green,7231,T27
103,1,0,0,241,green,7231,T27
104,1,0,0,241,green,7231,T27
105,1,0,0,241,green,7231,T27
106,1,0,0,241,green,7231,T27
107,1,0,0,241,green,7231,T27
108,1,0,0,241,green,7231,T27
109,1,0,0,241,green,7231,T27
110,1,0,0,241,green,7231,T27
111,1,0,0,241,green,7231,T27
112,1,0,0,241,green,7231,T27
113,1,0,0,241,green,7231,T27
114,1,0,0,241,green,7231,T27
115,1,0,0,241,green,7231,T27
116,1,0,0,241,green,7231,T27
117,1,0,0,241,green,7231,T27
118,1,0,0,241,green,7231,T27
119,1,0,0,241,green,7231,T27
120,1,0,0,241,green,7231,T27
121,1,0,0,241,green,7231,T27
122,1,0,0,241,green,7231,T27
123,1,0,0,241,green,7231,T27
124,1,0,0,241,green,7231,T27
125,1,0,0,241,green,7231,T27
126,1,0,0,241,green,7231,T27
127,1,0,0,241,green,7231,T27
128,1,0,0,241,green,7231,T27
129,1,0,0,241,green,7231,T27
130,1,0,0,241,green,7231,T27
131,1,0,0,241,green,7231,T27
132,1,0,0,241,green,7231,T27
133,1,0,0,241,green,7231,T27
134,1,0,0,241,green,7231,T27
135,1,0,0,241,green,7231,T27
136,1,0,0,241,green,7231,T27
137,1,0,0,241,green,7231,T27
138,1,0,0,241,green,7231,T27
139,1,0,0,241,green,7231,T27
140,1,0,0,241,green,7231,T27
141,1,0,0,241,green,7231,T27
142,1,0,0,241,green,7231,T27
143,1,0,0,241,green,7231,T27
144,1,0,0,241,green,7231,T27
145,1,0,0,241,green,7231,T27
146,1,0,0,241,green,7231,T27
147,1,0,0,241,green,7231,T27
148,1,0,0,241,green,7231,T27
149,1,0,0,241,green,7231,T27
150,1,0,0,241,green,7231,T27
151,1,0,0,241,green,7231,T27
152,1,0,0,241,green,7231,T27
153,0,0,1,241,green,7231,T27
154,0,1,0,241,green,7231,T27
155,0,1,0,241,green,7231,T27
156,0,1,0,241,green,7231,T27
157,0,1,0,241,green,7231,T27
158,0,1,0,241,green,7231,T27
159,0,1,0,241,green,7231,T27
160,0,1,0,241,green,7231,T27
161,0,1,0,241,green,7231,T27
162,0,1,0,241,green,7231,T27
163,0,1,0,241,green,7231,T27
164,0,1,0,241,green,7231,T27
165,0,1,0,241,green,7231,T27
166,0,1,0,241,green,7231,T27
167,0,1,0,241,green,7231,T27
168,0,1,0,241,green,7231,T27
169,0,1,0,241,green,7231,T27
170,0,1,0,241,green,7231,T27
0,0,0,1,242,green,7056,T27
1,0,0,1,242,green,7056,T27
2,0,0,1,242,green,7056,T27
3,0,0,1,242,green,7056,T27
4,0,0,1,242,green,7056,T27
5,0,0,1,242,green,7056,T27
6,0,0,1,242,green,7056,T27
7,0,0,1,242,green,7056,T27
8,0,0,1,242,green,7056,T27
9,0,0,1,242,green,7056,T27
10,0,0,1,242,green,7056,T27
11,0,0,1,242,green,7056,T27
12,0,0,1,242,green,7056,T27
13,0,0,1,242,green,7056,T27
14,0,0,1,242,green,7056,T27
15,0,0,1,242,green,7056,T27
16,0,0,1,242,green,7056,T27
17,0,0,1,242,green,7056,T27
18,0,0,1,242,green,7056,T27
19,0,0,1,242,green,7056,T27
20,0,0,1,242,green,7056,T27
21,0,0,1,242,green,7056,T27
22,0,0,1,242,green,7056,T27
23,0,0,1,242,green,7056,T27
24,0,0,1,242,green,7056,T27
25,0,0,1,242,green,7056,T27
26,0,0,1,242,green,7056,T27
27,0,0,1,242,green,7056,T27
28,0,0,1,242,green,7056,T27
29,0,0,1,242,green,7056,T27
30,0,0,1,242,green,7056,T27
31,0,0,1,242,green,7056,T27
32,0,0,1,242,green,7056,T27
33,0,0,1,242,green,7056,T27
34,0,0,1,242,green,7056,T27
35,0,0,1,242,green,7056,T27
36,0,0,1,242,green,7056,T27
37,0,0,1,242,green,7056,T27
38,0,0,1,242,green,7056,T27
39,0,0,1,242,green,7056,T27
40,0,0,1,242,green,7056,T27
41,0,0,1,242,green,7056,T27
42,0,0,1,242,green,7056,T27
43,0,0,1,242,green,7056,T27
44,0,0,1,242,green,7056,T27
45,0,0,1,242,green,7056,T27
46,0,0,1,242,green,7056,T27
47,0,0,1,242,green,7056,T27
48,0,0,1,242,green,7056,T27
49,0,0,1,242,green,7056,T27
50,0,0,1,242,green,7056,T27
51,0,0,1,242,green,7056,T27
52,0,0,1,242,green,7056,T27
53,0,0,1,242,green,7056,T27
54,0,0,1,242,green,7056,T27
55,0,0,1,242,green,7056,T27
56,0,0,1,242,green,7056,T27
57,0,0,1,242,green,7056,T27
58,0,0,1,242,green,7056,T27
59,0,0,1,242,green,7056,T27
60,0,0,1,242,green,7056,T27
61,0,0,1,242,green,7056,T27
62,0,1,0,242,green,7056,T27
63,0,1,0,242,green,7056,T27
64,0,1,0,242,green,7056,T27
65,0,1,0,242,green,7056,T27
66,0,1,0,242,green,7056,T27
67,0,1,0,242,green,7056,T27
68,0,1,0,242,green,7056,T27
69,0,1,0,242,green,7056,T27
70,0,1,0,242,green,7056,T27
71,0,1,0,242,green,7056,T27
72,0,1,0,242,green,7056,T27
73,0,1,0,242,green,7056,T27
74,0,0,1,242,green,7056,T27
75,0,0,1,242,green,7056,T27
76,0,0,1,242,green,7056,T27
77,0,0,1,242,green,7056,T27
78,0,0,1,242,green,7056,T27
79,0,0,1,242,green,7056,T27
80,0,0,1,242,green,7056,T27
81,0,0,1,242,green,7056,T27
82,0,0,1,242,green,7056,T27
83,0,0,1,242,green,7056,T27
84,0,0,1,242,green,7056,T27
85,0,0,1,242,green,7056,T27
86,0,0,1,242,green,7056,T27
87,0,0,1,242,green,7056,T27
88,0,0,1,242,green,7056,T27
89,0,0,1,242,green,7056,T27
90,0,0,1,242,green,7056,T27
91,0,0,1,242,green,7056,T27
92,0,0,1,242,green,7056,T27
93,0,0,1,242,green,7056,T27
94,0,0,1,242,green,7056,T27
95,0,0,1,242,green,7056,T27
96,0,0,1,242,green,7056,T27
97,0,0,1,242,green,7056,T27
98,0,0,1,242,green,7056,T27
99,0,0,1,242,green,7056,T27
100,1,0,0,242,green,7056,T27
101,1,0,0,242,green,7056,T27
102,1,0,0,242,green,7056,T27
103,1,0,0,242,green,7056,T27
104,1,0,0,242,green,7056,T27
105,1,0,0,242,green,7056,T27
106,1,0,0,242,green,7056,T27
107,1,0,0,242,green,7056,T27
108,1,0,0,242,green,7056,T27
109,1,0,0,242,green,7056,T27
110,1,0,0,242,green,7056,T27
111,1,0,0,242,green,7056,T27
112,1,0,0,242,green,7056,T27
113,1,0,0,242,green,7056,T27
114,1,0,0,242,green,7056,T27
115,1,0,0,242,green,7056,T27
116,1,0,0,242,green,7056,T27
117,1,0,0,242,green,7056,T27
118,1,0,0,242,green,7056,T27
119,1,0,0,242,green,7056,T27
120,1,0,0,242,green,7056,T27
121,1,0,0,242,green,7056,T27
122,1,0,0,242,green,7056,T27
123,1,0,0,242,green,7056,T27
124,1,0,0,242,green,7056,T27
125,1,0,0,242,green,7056,T27
126,1,0,0,242,green,7056,T27
127,1,0,0,242,green,7056,T27
128,1,0,0,242,green,7056,T27
129,1,0,0,242,green,7056,T27
130,1,0,0,242,green,7056,T27
131,1,0,0,242,green,7056,T27
132,1,0,0,242,green,7056,T27
133,1,0,0,242,green,7056,T27
134,1,0,0,242,green,7056,T27
135,1,0,0,242,green,7056,T27
136,1,0,0,242,green,7056,T27
137,1,0,0,242,green,7056,T27
138,0,0,1,242,green,7056,T27
139,0,0,1,242,green,7056,T27
140,0,0,1,242,green,7056,T27
141,0,0,1,242,green,7056,T27
142,0,0,1,242,green,7056,T27
143,0,1,0,242,green,7056,T27
144,0,1,0,242,green,7056,T27
145,0,1,0,242,green,7056,T27
146,0,1,0,242,green,7056,T27
147,0,1,0,242,green,7056,T27
148,0,1,0,242,green,7056,T27
149,0,1,0,242,green,7056,T27
150,0,1,0,242,green,7056,T27
151,0,1,0,242,green,7056,T27
152,0,1,0,242,green,7056,T27
153,0,1,0,242,green,7056,T27
154,0,1,0,242,green,7056,T27
155,0,1,0,242,green,7056,T27
156,0,1,0,242,green,7056,T27
157,0,1,0,242,green,7056,T27
158,0,1,0,242,green,7056,T27
159,0,1,0,242,green,7056,T27
160,0,1,0,242,green,7056,T27
161,0,1,0,242,green,7056,T27
162,0,1,0,242,green,7056,T27
163,0,1,0,242,green,7056,T27
164,0,1,0,242,green,7056,T27
165,0,1,0,242,green,7056,T27
166,0,1,0,242,green,7056,T27
167,0,1,0,242,green,7056,T27
168,0,1,0,242,green,7056,T27
169,0,1,0,242,green,7056,T27
170,0,1,0,242,green,7056,T27
0,1,0,0,243,green,7954,T27
1,1,0,0,243,green,7954,T27
2,1,0,0,243,green,7954,T27
3,1,0,0,243,green,7954,T27
4,1,0,0,243,green,7954,T27
5,1,0,0,243,green,7954,T27
6,1,0,0,243,green,7954,T27
7,1,0,0,243,green,7954,T27
8,1,0,0,243,green,7954,T27
9,1,0,0,243,green,7954,T27
10,1,0,0,243,green,7954,T27
11,1,0,0,243,green,7954,T27
12,1,0,0,243,green,7954,T27
13,1,0,0,243,green,7954,T27
14,1,0,0,243,green,7954,T27
15,1,0,0,243,green,7954,T27
16,1,0,0,243,green,7954,T27
17,1,0,0,243,green,7954,T27
18,1,0,0,243,green,7954,T27
19,1,0,0,243,green,7954,T27
20,1,0,0,243,green,7954,T27
21,1,0,0,243,green,7954,T27
22,1,0,0,243,green,7954,T27
23,1,0,0,243,green,7954,T27
24,1,0,0,243,green,7954,T27
25,1,0,0,243,green,7954,T27
26,1,0,0,243,green,7954,T27
27,1,0,0,243,green,7954,T27
28,1,0,0,243,green,7954,T27
29,1,0,0,243,green,7954,T27
30,1,0,0,243,green,7954,T27
31,1,0,0,243,green,7954,T27
32,1,0,0,243,green,7954,T27
33,1,0,0,243,green,7954,T27
34,1,0,0,243,green,7954,T27
35,1,0,0,243,green,7954,T27
36,1,0,0,243,green,7954,T27
37,1,0,0,243,green,7954,T27
38,1,0,0,243,green,7954,T27
39,1,0,0,243,green,7954,T27
40,1,0,0,243,green,7954,T27
41,1,0,0,243,green,7954,T27
42,1,0,0,243,green,7954,T27
43,1,0,0,243,green,7954,T27
44,1,0,0,243,green,7954,T27
45,1,0,0,243,green,7954,T27
46,1,0,0,243,green,7954,T27
47,1,0,0,243,green,7954,T27
48,1,0,0,243,green,7954,T27
49,1,0,0,243,green,7954,T27
50,1,0,0,243,green,7954,T27
51,1,0,0,243,green,7954,T27
52,1,0,0,243,green,7954,T27
53,1,0,0,243,green,7954,T27
54,1,0,0,243,green,7954,T27
55,1,0,0,243,green,7954,T27
56,1,0,0,243,green,7954,T27
57,1,0,0,243,green,7954,T27
58,1,0,0,243,green,7954,T27
59,1,0,0,243,green,7954,T27
60,1,0,0,243,green,7954,T27
61,1,0,0,243,green,7954,T27
62,1,0,0,243,green,7954,T27
63,1,0,0,243,green,7954,T27
64,1,0,0,243,green,7954,T27
65,1,0,0,243,green,7954,T27
66,1,0,0,243,green,7954,T27
67,1,0,0,243,green,7954,T27
68,1,0,0,243,green,7954,T27
69,1,0,0,243,green,7954,T27
70,1,0,0,243,green,7954,T27
71,1,0,0,243,green,7954,T27
72,1,0,0,243,green,7954,T27
73,1,0,0,243,green,7954,T27
74,1,0,0,243,green,7954,T27
75,1,0,0,243,green,7954,T27
76,1,0,0,243,green,7954,T27
77,1,0,0,243,green,7954,T27
78,1,0,0,243,green,7954,T27
79,1,0,0,243,green,7954,T27
80,1,0,0,243,green,7954,T27
81,1,0,0,243,green,7954,T27
82,1,0,0,243,green,7954,T27
83,1,0,0,243,green,7954,T27
84,1,0,0,243,green,7954,T27
85,1,0,0,243,green,7954,T27
86,1,0,0,243,green,7954,T27
87,1,0,0,243,green,7954,T27
88,1,0,0,243,green,7954,T27
89,1,0,0,243,green,7954,T27
90,1,0,0,243,green,7954,T27
91,1,0,0,243,green,7954,T27
92,1,0,0,243,green,7954,T27
93,1,0,0,243,green,7954,T27
94,1,0,0,243,green,7954,T27
95,1,0,0,243,green,7954,T27
96,1,0,0,243,green,7954,T27
97,1,0,0,243,green,7954,T27
98,1,0,0,243,green,7954,T27
99,1,0,0,243,green,7954,T27
100,1,0,0,243,green,7954,T27
101,1,0,0,243,green,7954,T27
102,1,0,0,243,green,7954,T27
103,1,0,0,243,green,7954,T27
104,1,0,0,243,green,7954,T27
105,1,0,0,243,green,7954,T27
106,1,0,0,243,green,7954,T27
107,1,0,0,243,green,7954,T27
108,1,0,0,243,green,7954,T27
109,1,0,0,243,green,7954,T27
110,1,0,0,243,green,7954,T27
111,1,0,0,243,green,7954,T27
112,1,0,0,243,green,7954,T27
113,1,0,0,243,green,7954,T27
114,1,0,0,243,green,7954,T27
115,1,0,0,243,green,7954,T27
116,1,0,0,243,green,7954,T27
117,1,0,0,243,green,7954,T27
118,1,0,0,243,green,7954,T27
119,1,0,0,243,green,7954,T27
120,1,0,0,243,green,7954,T27
121,1,0,0,243,green,7954,T27
122,1,0,0,243,green,7954,T27
123,1,0,0,243,green,7954,T27
124,1,0,0,243,green,7954,T27
125,1,0,0,243,green,7954,T27
126,1,0,0,243,green,7954,T27
127,1,0,0,243,green,7954,T27
128,1,0,0,243,green,7954,T27
129,1,0,0,243,green,7954,T27
130,1,0,0,243,green,7954,T27
131,1,0,0,243,green,7954,T27
132,1,0,0,243,green,7954,T27
133,1,0,0,243,green,7954,T27
134,1,0,0,243,green,7954,T27
135,1,0,0,243,green,7954,T27
136,1,0,0,243,green,7954,T27
137,1,0,0,243,green,7954,T27
138,1,0,0,243,green,7954,T27
139,1,0,0,243,green,7954,T27
140,1,0,0,243,green,7954,T27
141,1,0,0,243,green,7954,T27
142,1,0,0,243,green,7954,T27
143,1,0,0,243,green,7954,T27
144,1,0,0,243,green,7954,T27
145,1,0,0,243,green,7954,T27
146,1,0,0,243,green,7954,T27
147,1,0,0,243,green,7954,T27
148,1,0,0,243,green,7954,T27
149,1,0,0,243,green,7954,T27
150,1,0,0,243,green,7954,T27
151,1,0,0,243,green,7954,T27
152,1,0,0,243,green,7954,T27
153,1,0,0,243,green,7954,T27
154,1,0,0,243,green,7954,T27
155,1,0,0,243,green,7954,T27
156,1,0,0,243,green,7954,T27
157,1,0,0,243,green,7954,T27
158,1,0,0,243,green,7954,T27
159,1,0,0,243,green,7954,T27
160,1,0,0,243,green,7954,T27
161,1,0,0,243,green,7954,T27
162,1,0,0,243,green,7954,T27
163,1,0,0,243,green,7954,T27
164,1,0,0,243,green,7954,T27
165,1,0,0,243,green,7954,T27
166,1,0,0,243,green,7954,T27
167,1,0,0,243,green,7954,T27
168,1,0,0,243,green,7954,T27
169,1,0,0,243,green,7954,T27
170,1,0,0,243,green,7954,T27
0,0,0,1,244,green,6994,T27
1,0,0,1,244,green,6994,T27
2,0,0,1,244,green,6994,T27
3,0,0,1,244,green,6994,T27
4,0,0,1,244,green,6994,T27
5,0,0,1,244,green,6994,T27
6,0,0,1,244,green,6994,T27
7,0,0,1,244,green,6994,T27
8,0,0,1,244,green,6994,T27
9,0,0,1,244,green,6994,T27
10,0,0,1,244,green,6994,T27
11,0,0,1,244,green,6994,T27
12,0,0,1,244,green,6994,T27
13,0,0,1,244,green,6994,T27
14,0,0,1,244,green,6994,T27
15,0,0,1,244,green,6994,T27
16,0,0,1,244,green,6994,T27
17,0,0,1,244,green,6994,T27
18,0,0,1,244,green,6994,T27
19,0,0,1,244,green,6994,T27
20,0,0,1,244,green,6994,T27
21,0,0,1,244,green,6994,T27
22,0,0,1,244,green,6994,T27
23,0,0,1,244,green,6994,T27
24,0,0,1,244,green,6994,T27
25,0,0,1,244,green,6994,T27
26,0,0,1,244,green,6994,T27
27,0,0,1,244,green,6994,T27
28,0,0,1,244,green,6994,T27
29,0,0,1,244,green,6994,T27
30,0,0,1,244,green,6994,T27
31,0,0,1,244,green,6994,T27
32,0,0,1,244,green,6994,T27
33,0,0,1,244,green,6994,T27
34,0,0,1,244,green,6994,T27
35,0,0,1,244,green,6994,T27
36,0,0,1,244,green,6994,T27
37,0,1,0,244,green,6994,T27
38,0,1,0,244,green,6994,T27
39,0,1,0,244,green,6994,T27
40,0,1,0,244,green,6994,T27
41,0,1,0,244,green,6994,T27
42,0,1,0,244,green,6994,T27
43,0,1,0,244,green,6994,T27
44,0,1,0,244,green,6994,T27
45,0,1,0,244,green,6994,T27
46,0,1,0,244,green,6994,T27
47,0,1,0,244,green,6994,T27
48,0,1,0,244,green,6994,T27
49,0,1,0,244,green,6994,T27
50,0,1,0,244,green,6994,T27
51,0,1,0,244,green,6994,T27
52,0,1,0,244,green,6994,T27
53,0,1,0,244,green,6994,T27
54,0,1,0,244,green,6994,T27
55,0,1,0,244,green,6994,T27
56,0,1,0,244,green,6994,T27
57,0,1,0,244,green,6994,T27
58,0,1,0,244,green,6994,T27
59,0,1,0,244,green,6994,T27
60,0,1,0,244,green,6994,T27
61,0,1,0,244,green,6994,T27
62,0,1,0,244,green,6994,T27
63,0,1,0,244,green,6994,T27
64,0,1,0,244,green,6994,T27
65,0,1,0,244,green,6994,T27
66,0,1,0,244,green,6994,T27
67,0,1,0,244,green,6994,T27
68,0,1,0,244,green,6994,T27
69,0,1,0,244,green,6994,T27
70,0,1,0,244,green,6994,T27
71,0,1,0,244,green,6994,T27
72,0,1,0,244,green,6994,T27
73,0,1,0,244,green,6994,T27
74,0,1,0,244,green,6994,T27
75,0,1,0,244,green,6994,T27
76,0,1,0,244,green,6994,T27
77,0,1,0,244,green,6994,T27
78,0,1,0,244,green,6994,T27
79,0,1,0,244,green,6994,T27
80,0,1,0,244,green,6994,T27
81,0,1,0,244,green,6994,T27
82,0,1,0,244,green,6994,T27
83,0,1,0,244,green,6994,T27
84,0,1,0,244,green,6994,T27
85,0,1,0,244,green,6994,T27
86,0,1,0,244,green,6994,T27
87,0,1,0,244,green,6994,T27
88,0,1,0,244,green,6994,T27
89,0,1,0,244,green,6994,T27
90,0,1,0,244,green,6994,T27
91,0,1,0,244,green,6994,T27
92,0,1,0,244,green,6994,T27
93,0,1,0,244,green,6994,T27
94,0,1,0,244,green,6994,T27
95,0,1,0,244,green,6994,T27
96,0,1,0,244,green,6994,T27
97,0,1,0,244,green,6994,T27
98,0,1,0,244,green,6994,T27
99,0,1,0,244,green,6994,T27
100,0,1,0,244,green,6994,T27
101,0,1,0,244,green,6994,T27
102,0,1,0,244,green,6994,T27
103,0,1,0,244,green,6994,T27
104,0,1,0,244,green,6994,T27
105,0,1,0,244,green,6994,T27
106,0,1,0,244,green,6994,T27
107,0,1,0,244,green,6994,T27
108,0,1,0,244,green,6994,T27
109,0,1,0,244,green,6994,T27
110,0,1,0,244,green,6994,T27
111,0,1,0,244,green,6994,T27
112,0,1,0,244,green,6994,T27
113,0,1,0,244,green,6994,T27
114,0,1,0,244,green,6994,T27
115,0,1,0,244,green,6994,T27
116,0,1,0,244,green,6994,T27
117,0,1,0,244,green,6994,T27
118,0,1,0,244,green,6994,T27
119,0,1,0,244,green,6994,T27
120,0,1,0,244,green,6994,T27
121,0,1,0,244,green,6994,T27
122,0,1,0,244,green,6994,T27
123,0,1,0,244,green,6994,T27
124,0,1,0,244,green,6994,T27
125,0,1,0,244,green,6994,T27
126,0,1,0,244,green,6994,T27
127,0,1,0,244,green,6994,T27
128,0,1,0,244,green,6994,T27
129,0,1,0,244,green,6994,T27
130,0,1,0,244,green,6994,T27
131,0,1,0,244,green,6994,T27
132,0,1,0,244,green,6994,T27
133,0,1,0,244,green,6994,T27
134,0,1,0,244,green,6994,T27
135,0,1,0,244,green,6994,T27
136,0,1,0,244,green,6994,T27
137,0,1,0,244,green,6994,T27
138,0,1,0,244,green,6994,T27
139,0,1,0,244,green,6994,T27
140,0,1,0,244,green,6994,T27
141,0,1,0,244,green,6994,T27
142,0,1,0,244,green,6994,T27
143,0,1,0,244,green,6994,T27
144,0,1,0,244,green,6994,T27
145,0,1,0,244,green,6994,T27
146,0,1,0,244,green,6994,T27
147,0,1,0,244,green,6994,T27
148,0,1,0,244,green,6994,T27
149,0,1,0,244,green,6994,T27
150,0,1,0,244,green,6994,T27
151,0,1,0,244,green,6994,T27
152,0,1,0,244,green,6994,T27
153,0,1,0,244,green,6994,T27
154,0,1,0,244,green,6994,T27
155,0,1,0,244,green,6994,T27
156,0,1,0,244,green,6994,T27
157,0,1,0,244,green,6994,T27
158,0,1,0,244,green,6994,T27
159,0,1,0,244,green,6994,T27
160,0,1,0,244,green,6994,T27
161,0,1,0,244,green,6994,T27
162,0,1,0,244,green,6994,T27
163,0,1,0,244,green,6994,T27
164,0,1,0,244,green,6994,T27
165,0,1,0,244,green,6994,T27
166,0,1,0,244,green,6994,T27
167,0,1,0,244,green,6994,T27
168,0,1,0,244,green,6994,T27
169,0,1,0,244,green,6994,T27
170,0,1,0,244,green,6994,T27
0,0,0,1,245,green,6882,T27
1,0,0,1,245,green,6882,T27
2,0,0,1,245,green,6882,T27
3,0,0,1,245,green,6882,T27
4,0,0,1,245,green,6882,T27
5,0,0,1,245,green,6882,T27
6,0,0,1,245,green,6882,T27
7,0,0,1,245,green,6882,T27
8,0,0,1,245,green,6882,T27
9,0,0,1,245,green,6882,T27
10,0,0,1,245,green,6882,T27
11,0,0,1,245,green,6882,T27
12,0,0,1,245,green,6882,T27
13,0,0,1,245,green,6882,T27
14,0,0,1,245,green,6882,T27
15,0,0,1,245,green,6882,T27
16,0,0,1,245,green,6882,T27
17,0,0,1,245,green,6882,T27
18,0,0,1,245,green,6882,T27
19,0,0,1,245,green,6882,T27
20,0,0,1,245,green,6882,T27
21,0,0,1,245,green,6882,T27
22,0,0,1,245,green,6882,T27
23,0,1,0,245,green,6882,T27
24,0,1,0,245,green,6882,T27
25,0,1,0,245,green,6882,T27
26,0,1,0,245,green,6882,T27
27,0,1,0,245,green,6882,T27
28,0,1,0,245,green,6882,T27
29,0,1,0,245,green,6882,T27
30,0,1,0,245,green,6882,T27
31,0,1,0,245,green,6882,T27
32,0,1,0,245,green,6882,T27
33,0,1,0,245,green,6882,T27
34,0,1,0,245,green,6882,T27
35,0,1,0,245,green,6882,T27
36,0,1,0,245,green,6882,T27
37,0,1,0,245,green,6882,T27
38,0,1,0,245,green,6882,T27
39,0,1,0,245,green,6882,T27
40,0,1,0,245,green,6882,T27
41,0,1,0,245,green,6882,T27
42,0,1,0,245,green,6882,T27
43,0,1,0,245,green,6882,T27
44,0,1,0,245,green,6882,T27
45,0,1,0,245,green,6882,T27
46,0,1,0,245,green,6882,T27
47,0,1,0,245,green,6882,T27
48,0,1,0,245,green,6882,T27
49,0,1,0,245,green,6882,T27
50,0,1,0,245,green,6882,T27
51,0,1,0,245,green,6882,T27
52,0,1,0,245,green,6882,T27
53,0,1,0,245,green,6882,T27
54,0,1,0,245,green,6882,T27
55,0,1,0,245,green,6882,T27
56,0,1,0,245,green,6882,T27
57,0,1,0,245,green,6882,T27
58,0,1,0,245,green,6882,T27
59,0,1,0,245,green,6882,T27
60,0,1,0,245,green,6882,T27
61,0,1,0,245,green,6882,T27
62,0,1,0,245,green,6882,T27
63,0,1,0,245,green,6882,T27
64,0,1,0,245,green,6882,T27
65,0,1,0,245,green,6882,T27
66,0,1,0,245,green,6882,T27
67,0,1,0,245,green,6882,T27
68,0,1,0,245,green,6882,T27
69,0,1,0,245,green,6882,T27
70,0,1,0,245,green,6882,T27
71,0,1,0,245,green,6882,T27
72,0,1,0,245,green,6882,T27
73,0,1,0,245,green,6882,T27
74,0,1,0,245,green,6882,T27
75,0,1,0,245,green,6882,T27
76,0,1,0,245,green,6882,T27
77,0,1,0,245,green,6882,T27
78,0,1,0,245,green,6882,T27
79,0,1,0,245,green,6882,T27
80,0,1,0,245,green,6882,T27
81,0,1,0,245,green,6882,T27
82,0,1,0,245,green,6882,T27
83,0,1,0,245,green,6882,T27
84,0,1,0,245,green,6882,T27
85,0,1,0,245,green,6882,T27
86,0,1,0,245,green,6882,T27
87,0,1,0,245,green,6882,T27
88,0,1,0,245,green,6882,T27
89,0,1,0,245,green,6882,T27
90,0,1,0,245,green,6882,T27
91,0,1,0,245,green,6882,T27
92,0,1,0,245,green,6882,T27
93,0,1,0,245,green,6882,T27
94,0,1,0,245,green,6882,T27
95,0,1,0,245,green,6882,T27
96,0,1,0,245,green,6882,T27
97,0,1,0,245,green,6882,T27
98,0,1,0,245,green,6882,T27
99,0,1,0,245,green,6882,T27
100,0,1,0,245,green,6882,T27
101,0,1,0,245,green,6882,T27
102,0,1,0,245,green,6882,T27
103,0,1,0,245,green,6882,T27
104,0,1,0,245,green,6882,T27
105,0,1,0,245,green,6882,T27
106,0,1,0,245,green,6882,T27
107,0,1,0,245,green,6882,T27
108,0,1,0,245,green,6882,T27
109,0,1,0,245,green,6882,T27
110,0,1,0,245,green,6882,T27
111,0,1,0,245,green,6882,T27
112,0,1,0,245,green,6882,T27
113,0,1,0,245,green,6882,T27
114,0,1,0,245,green,6882,T27
115,0,1,0,245,green,6882,T27
116,0,1,0,245,green,6882,T27
117,0,1,0,245,green,6882,T27
118,0,1,0,245,green,6882,T27
119,0,1,0,245,green,6882,T27
120,0,1,0,245,green,6882,T27
121,0,1,0,245,green,6882,T27
122,0,1,0,245,green,6882,T27
123,0,1,0,245,green,6882,T27
124,0,1,0,245,green,6882,T27
125,0,1,0,245,green,6882,T27
126,0,1,0,245,green,6882,T27
127,0,1,0,245,green,6882,T27
128,0,1,0,245,green,6882,T27
129,0,1,0,245,green,6882,T27
130,0,1,0,245,green,6882,T27
131,0,1,0,245,green,6882,T27
132,0,1,0,245,green,6882,T27
133,0,1,0,245,green,6882,T27
134,0,1,0,245,green,6882,T27
135,0,1,0,245,green,6882,T27
136,0,1,0,245,green,6882,T27
137,0,1,0,245,green,6882,T27
138,0,1,0,245,green,6882,T27
139,0,1,0,245,green,6882,T27
140,0,0,1,245,green,6882,T27
141,1,0,0,245,green,6882,T27
142,1,0,0,245,green,6882,T27
143,1,0,0,245,green,6882,T27
144,1,0,0,245,green,6882,T27
145,1,0,0,245,green,6882,T27
146,1,0,0,245,green,6882,T27
147,1,0,0,245,green,6882,T27
148,1,0,0,245,green,6882,T27
149,1,0,0,245,green,6882,T27
150,1,0,0,245,green,6882,T27
151,1,0,0,245,green,6882,T27
152,1,0,0,245,green,6882,T27
153,1,0,0,245,green,6882,T27
154,1,0,0,245,green,6882,T27
155,1,0,0,245,green,6882,T27
156,1,0,0,245,green,6882,T27
157,1,0,0,245,green,6882,T27
158,0,1,0,245,green,6882,T27
159,0,1,0,245,green,6882,T27
160,0,1,0,245,green,6882,T27
161,0,1,0,245,green,6882,T27
162,0,1,0,245,green,6882,T27
163,0,1,0,245,green,6882,T27
164,0,1,0,245,green,6882,T27
165,0,1,0,245,green,6882,T27
166,0,1,0,245,green,6882,T27
167,0,1,0,245,green,6882,T27
168,0,1,0,245,green,6882,T27
169,0,1,0,245,green,6882,T27
170,0,1,0,245,green,6882,T27
0,0,0,1,246,green,6436,T27
1,0,0,1,246,green,6436,T27
2,0,0,1,246,green,6436,T27
3,0,0,1,246,green,6436,T27
4,0,0,1,246,green,6436,T27
5,0,0,1,246,green,6436,T27
6,0,0,1,246,green,6436,T27
7,0,0,1,246,green,6436,T27
8,0,0,1,246,green,6436,T27
9,0,0,1,246,green,6436,T27
10,0,0,1,246,green,6436,T27
11,0,0,1,246,green,6436,T27
12,0,0,1,246,green,6436,T27
13,0,0,1,246,green,6436,T27
14,0,0,1,246,green,6436,T27
15,0,0,1,246,green,6436,T27
16,0,0,1,246,green,6436,T27
17,0,0,1,246,green,6436,T27
18,0,0,1,246,green,6436,T27
19,0,0,1,246,green,6436,T27
20,0,0,1,246,green,6436,T27
21,0,0,1,246,green,6436,T27
22,0,0,1,246,green,6436,T27
23,0,0,1,246,green,6436,T27
24,0,0,1,246,green,6436,T27
25,0,0,1,246,green,6436,T27
26,0,0,1,246,green,6436,T27
27,0,0,1,246,green,6436,T27
28,0,0,1,246,green,6436,T27
29,0,0,1,246,green,6436,T27
30,0,0,1,246,green,6436,T27
31,0,0,1,246,green,6436,T27
32,0,0,1,246,green,6436,T27
33,0,0,1,246,green,6436,T27
34,0,0,1,246,green,6436,T27
35,0,0,1,246,green,6436,T27
36,0,0,1,246,green,6436,T27
37,0,0,1,246,green,6436,T27
38,0,0,1,246,green,6436,T27
39,0,0,1,246,green,6436,T27
40,0,0,1,246,green,6436,T27
41,0,0,1,246,green,6436,T27
42,0,0,1,246,green,6436,T27
43,0,0,1,246,green,6436,T27
44,0,0,1,246,green,6436,T27
45,0,0,1,246,green,6436,T27
46,0,0,1,246,green,6436,T27
47,0,0,1,246,green,6436,T27
48,0,0,1,246,green,6436,T27
49,0,0,1,246,green,6436,T27
50,0,0,1,246,green,6436,T27
51,0,0,1,246,green,6436,T27
52,0,0,1,246,green,6436,T27
53,0,0,1,246,green,6436,T27
54,0,0,1,246,green,6436,T27
55,0,0,1,246,green,6436,T27
56,0,0,1,246,green,6436,T27
57,0,0,1,246,green,6436,T27
58,0,0,1,246,green,6436,T27
59,0,0,1,246,green,6436,T27
60,0,0,1,246,green,6436,T27
61,0,0,1,246,green,6436,T27
62,0,0,1,246,green,6436,T27
63,0,0,1,246,green,6436,T27
64,0,0,1,246,green,6436,T27
65,0,0,1,246,green,6436,T27
66,0,0,1,246,green,6436,T27
67,0,0,1,246,green,6436,T27
68,0,0,1,246,green,6436,T27
69,0,0,1,246,green,6436,T27
70,0,0,1,246,green,6436,T27
71,0,0,1,246,green,6436,T27
72,0,0,1,246,green,6436,T27
73,0,0,1,246,green,6436,T27
74,0,0,1,246,green,6436,T27
75,0,0,1,246,green,6436,T27
76,0,0,1,246,green,6436,T27
77,0,0,1,246,green,6436,T27
78,0,0,1,246,green,6436,T27
79,0,0,1,246,green,6436,T27
80,0,0,1,246,green,6436,T27
81,0,0,1,246,green,6436,T27
82,0,0,1,246,green,6436,T27
83,0,0,1,246,green,6436,T27
84,0,0,1,246,green,6436,T27
85,0,0,1,246,green,6436,T27
86,0,0,1,246,green,6436,T27
87,0,0,1,246,green,6436,T27
88,0,0,1,246,green,6436,T27
89,0,0,1,246,green,6436,T27
90,0,0,1,246,green,6436,T27
91,0,0,1,246,green,6436,T27
92,0,0,1,246,green,6436,T27
93,0,0,1,246,green,6436,T27
94,0,0,1,246,green,6436,T27
95,0,0,1,246,green,6436,T27
96,0,0,1,246,green,6436,T27
97,0,0,1,246,green,6436,T27
98,0,0,1,246,green,6436,T27
99,0,0,1,246,green,6436,T27
100,0,0,1,246,green,6436,T27
101,0,0,1,246,green,6436,T27
102,0,0,1,246,green,6436,T27
103,0,0,1,246,green,6436,T27
104,0,0,1,246,green,6436,T27
105,0,0,1,246,green,6436,T27
106,0,0,1,246,green,6436,T27
107,0,0,1,246,green,6436,T27
108,0,0,1,246,green,6436,T27
109,0,0,1,246,green,6436,T27
110,0,0,1,246,green,6436,T27
111,0,0,1,246,green,6436,T27
112,0,0,1,246,green,6436,T27
113,0,0,1,246,green,6436,T27
114,0,0,1,246,green,6436,T27
115,0,0,1,246,green,6436,T27
116,0,0,1,246,green,6436,T27
117,0,0,1,246,green,6436,T27
118,0,0,1,246,green,6436,T27
119,0,0,1,246,green,6436,T27
120,0,0,1,246,green,6436,T27
121,0,0,1,246,green,6436,T27
122,0,0,1,246,green,6436,T27
123,0,0,1,246,green,6436,T27
124,0,0,1,246,green,6436,T27
125,0,0,1,246,green,6436,T27
126,0,0,1,246,green,6436,T27
127,0,0,1,246,green,6436,T27
128,0,0,1,246,green,6436,T27
129,0,0,1,246,green,6436,T27
130,0,0,1,246,green,6436,T27
131,0,0,1,246,green,6436,T27
132,0,0,1,246,green,6436,T27
133,0,0,1,246,green,6436,T27
134,0,0,1,246,green,6436,T27
135,0,0,1,246,green,6436,T27
136,0,0,1,246,green,6436,T27
137,0,0,1,246,green,6436,T27
138,0,0,1,246,green,6436,T27
139,0,0,1,246,green,6436,T27
140,0,0,1,246,green,6436,T27
141,0,0,1,246,green,6436,T27
142,0,0,1,246,green,6436,T27
143,0,0,1,246,green,6436,T27
144,0,0,1,246,green,6436,T27
145,0,0,1,246,green,6436,T27
146,0,0,1,246,green,6436,T27
147,0,0,1,246,green,6436,T27
148,0,0,1,246,green,6436,T27
149,0,1,0,246,green,6436,T27
150,0,1,0,246,green,6436,T27
151,0,1,0,246,green,6436,T27
152,0,1,0,246,green,6436,T27
153,0,1,0,246,green,6436,T27
154,0,1,0,246,green,6436,T27
155,0,1,0,246,green,6436,T27
156,0,1,0,246,green,6436,T27
157,0,1,0,246,green,6436,T27
158,0,1,0,246,green,6436,T27
159,0,1,0,246,green,6436,T27
160,0,1,0,246,green,6436,T27
161,0,1,0,246,green,6436,T27
162,0,1,0,246,green,6436,T27
163,0,1,0,246,green,6436,T27
164,0,1,0,246,green,6436,T27
165,0,1,0,246,green,6436,T27
166,0,1,0,246,green,6436,T27
167,0,1,0,246,green,6436,T27
168,0,1,0,246,green,6436,T27
169,0,1,0,246,green,6436,T27
170,0,1,0,246,green,6436,T27
0,0,0,1,247,green,7088,T27
1,0,0,1,247,green,7088,T27
2,0,0,1,247,green,7088,T27
3,0,0,1,247,green,7088,T27
4,0,0,1,247,green,7088,T27
5,0,0,1,247,green,7088,T27
6,0,0,1,247,green,7088,T27
7,0,0,1,247,green,7088,T27
8,0,0,1,247,green,7088,T27
9,0,0,1,247,green,7088,T27
10,0,0,1,247,green,7088,T27
11,0,0,1,247,green,7088,T27
12,0,0,1,247,green,7088,T27
13,0,0,1,247,green,7088,T27
14,0,0,1,247,green,7088,T27
15,0,0,1,247,green,7088,T27
16,0,0,1,247,green,7088,T27
17,0,0,1,247,green,7088,T27
18,0,0,1,247,green,7088,T27
19,0,0,1,247,green,7088,T27
20,0,0,1,247,green,7088,T27
21,0,0,1,247,green,7088,T27
22,0,0,1,247,green,7088,T27
23,0,0,1,247,green,7088,T27
24,0,0,1,247,green,7088,T27
25,0,0,1,247,green,7088,T27
26,0,0,1,247,green,7088,T27
27,0,0,1,247,green,7088,T27
28,0,0,1,247,green,7088,T27
29,0,0,1,247,green,7088,T27
30,0,0,1,247,green,7088,T27
31,0,0,1,247,green,7088,T27
32,0,0,1,247,green,7088,T27
33,0,0,1,247,green,7088,T27
34,0,0,1,247,green,7088,T27
35,0,0,1,247,green,7088,T27
36,0,0,1,247,green,7088,T27
37,0,0,1,247,green,7088,T27
38,0,0,1,247,green,7088,T27
39,0,0,1,247,green,7088,T27
40,0,0,1,247,green,7088,T27
41,0,0,1,247,green,7088,T27
42,0,0,1,247,green,7088,T27
43,0,0,1,247,green,7088,T27
44,0,0,1,247,green,7088,T27
45,0,0,1,247,green,7088,T27
46,0,0,1,247,green,7088,T27
47,0,0,1,247,green,7088,T27
48,0,0,1,247,green,7088,T27
49,0,0,1,247,green,7088,T27
50,0,1,0,247,green,7088,T27
51,0,1,0,247,green,7088,T27
52,0,1,0,247,green,7088,T27
53,0,1,0,247,green,7088,T27
54,0,1,0,247,green,7088,T27
55,0,1,0,247,green,7088,T27
56,0,1,0,247,green,7088,T27
57,0,1,0,247,green,7088,T27
58,0,1,0,247,green,7088,T27
59,0,1,0,247,green,7088,T27
60,0,1,0,247,green,7088,T27
61,0,1,0,247,green,7088,T27
62,0,1,0,247,green,7088,T27
63,0,1,0,247,green,7088,T27
64,0,1,0,247,green,7088,T27
65,0,1,0,247,green,7088,T27
66,0,1,0,247,green,7088,T27
67,0,1,0,247,green,7088,T27
68,0,1,0,247,green,7088,T27
69,0,1,0,247,green,7088,T27
70,0,1,0,247,green,7088,T27
71,0,1,0,247,green,7088,T27
72,0,1,0,247,green,7088,T27
73,0,1,0,247,green,7088,T27
74,0,1,0,247,green,7088,T27
75,0,1,0,247,green,7088,T27
76,0,1,0,247,green,7088,T27
77,0,1,0,247,green,7088,T27
78,0,1,0,247,green,7088,T27
79,0,1,0,247,green,7088,T27
80,0,1,0,247,green,7088,T27
81,0,1,0,247,green,7088,T27
82,0,1,0,247,green,7088,T27
83,0,1,0,247,green,7088,T27
84,0,1,0,247,green,7088,T27
85,0,1,0,247,green,7088,T27
86,0,1,0,247,green,7088,T27
87,0,1,0,247,green,7088,T27
88,0,1,0,247,green,7088,T27
89,0,1,0,247,green,7088,T27
90,0,1,0,247,green,7088,T27
91,0,1,0,247,green,7088,T27
92,0,1,0,247,green,7088,T27
93,0,1,0,247,green,7088,T27
94,0,1,0,247,green,7088,T27
95,0,1,0,247,green,7088,T27
96,0,1,0,247,green,7088,T27
97,0,1,0,247,green,7088,T27
98,0,1,0,247,green,7088,T27
99,0,1,0,247,green,7088,T27
100,0,1,0,247,green,7088,T27
101,0,1,0,247,green,7088,T27
102,0,1,0,247,green,7088,T27
103,0,1,0,247,green,7088,T27
104,0,1,0,247,green,7088,T27
105,0,1,0,247,green,7088,T27
106,0,1,0,247,green,7088,T27
107,0,1,0,247,green,7088,T27
108,0,1,0,247,green,7088,T27
109,0,1,0,247,green,7088,T27
110,0,1,0,247,green,7088,T27
111,0,1,0,247,green,7088,T27
112,0,1,0,247,green,7088,T27
113,0,1,0,247,green,7088,T27
114,0,1,0,247,green,7088,T27
115,0,1,0,247,green,7088,T27
116,0,1,0,247,green,7088,T27
117,0,1,0,247,green,7088,T27
118,0,1,0,247,green,7088,T27
119,0,1,0,247,green,7088,T27
120,0,1,0,247,green,7088,T27
121,0,1,0,247,green,7088,T27
122,0,1,0,247,green,7088,T27
123,0,1,0,247,green,7088,T27
124,0,1,0,247,green,7088,T27
125,0,1,0,247,green,7088,T27
126,0,1,0,247,green,7088,T27
127,0,1,0,247,green,7088,T27
128,0,1,0,247,green,7088,T27
129,0,1,0,247,green,7088,T27
130,0,1,0,247,green,7088,T27
131,0,1,0,247,green,7088,T27
132,0,1,0,247,green,7088,T27
133,0,1,0,247,green,7088,T27
134,0,1,0,247,green,7088,T27
135,0,1,0,247,green,7088,T27
136,0,1,0,247,green,7088,T27
137,0,1,0,247,green,7088,T27
138,0,1,0,247,green,7088,T27
139,0,1,0,247,green,7088,T27
140,0,1,0,247,green,7088,T27
141,0,1,0,247,green,7088,T27
142,0,1,0,247,green,7088,T27
143,0,1,0,247,green,7088,T27
144,0,1,0,247,green,7088,T27
145,0,1,0,247,green,7088,T27
146,0,1,0,247,green,7088,T27
147,0,1,0,247,green,7088,T27
148,0,1,0,247,green,7088,T27
149,0,1,0,247,green,7088,T27
150,0,1,0,247,green,7088,T27
151,0,1,0,247,green,7088,T27
152,0,1,0,247,green,7088,T27
153,0,1,0,247,green,7088,T27
154,0,1,0,247,green,7088,T27
155,0,1,0,247,green,7088,T27
156,0,1,0,247,green,7088,T27
157,0,1,0,247,green,7088,T27
158,0,1,0,247,green,7088,T27
159,0,1,0,247,green,7088,T27
160,0,1,0,247,green,7088,T27
161,0,1,0,247,green,7088,T27
162,0,1,0,247,green,7088,T27
163,0,1,0,247,green,7088,T27
164,0,1,0,247,green,7088,T27
165,0,1,0,247,green,7088,T27
166,0,1,0,247,green,7088,T27
167,0,1,0,247,green,7088,T27
168,0,1,0,247,green,7088,T27
169,0,1,0,247,green,7088,T27
170,0,1,0,247,green,7088,T27
0,0,0,1,248,green,6546,T27
1,0,0,1,248,green,6546,T27
2,0,0,1,248,green,6546,T27
3,0,0,1,248,green,6546,T27
4,0,0,1,248,green,6546,T27
5,0,0,1,248,green,6546,T27
6,0,0,1,248,green,6546,T27
7,0,0,1,248,green,6546,T27
8,0,0,1,248,green,6546,T27
9,0,0,1,248,green,6546,T27
10,0,0,1,248,green,6546,T27
11,0,0,1,248,green,6546,T27
12,0,0,1,248,green,6546,T27
13,0,0,1,248,green,6546,T27
14,0,0,1,248,green,6546,T27
15,0,0,1,248,green,6546,T27
16,0,0,1,248,green,6546,T27
17,0,0,1,248,green,6546,T27
18,0,0,1,248,green,6546,T27
19,0,0,1,248,green,6546,T27
20,0,0,1,248,green,6546,T27
21,0,0,1,248,green,6546,T27
22,0,0,1,248,green,6546,T27
23,0,0,1,248,green,6546,T27
24,0,0,1,248,green,6546,T27
25,0,0,1,248,green,6546,T27
26,0,0,1,248,green,6546,T27
27,0,0,1,248,green,6546,T27
28,0,0,1,248,green,6546,T27
29,0,0,1,248,green,6546,T27
30,0,0,1,248,green,6546,T27
31,0,0,1,248,green,6546,T27
32,0,0,1,248,green,6546,T27
33,0,0,1,248,green,6546,T27
34,0,0,1,248,green,6546,T27
35,0,0,1,248,green,6546,T27
36,1,0,0,248,green,6546,T27
37,1,0,0,248,green,6546,T27
38,1,0,0,248,green,6546,T27
39,1,0,0,248,green,6546,T27
40,1,0,0,248,green,6546,T27
41,1,0,0,248,green,6546,T27
42,1,0,0,248,green,6546,T27
43,1,0,0,248,green,6546,T27
44,1,0,0,248,green,6546,T27
45,1,0,0,248,green,6546,T27
46,1,0,0,248,green,6546,T27
47,1,0,0,248,green,6546,T27
48,1,0,0,248,green,6546,T27
49,1,0,0,248,green,6546,T27
50,1,0,0,248,green,6546,T27
51,1,0,0,248,green,6546,T27
52,1,0,0,248,green,6546,T27
53,1,0,0,248,green,6546,T27
54,1,0,0,248,green,6546,T27
55,1,0,0,248,green,6546,T27
56,1,0,0,248,green,6546,T27
57,1,0,0,248,green,6546,T27
58,1,0,0,248,green,6546,T27
59,1,0,0,248,green,6546,T27
60,1,0,0,248,green,6546,T27
61,1,0,0,248,green,6546,T27
62,1,0,0,248,green,6546,T27
63,1,0,0,248,green,6546,T27
64,1,0,0,248,green,6546,T27
65,1,0,0,248,green,6546,T27
66,1,0,0,248,green,6546,T27
67,1,0,0,248,green,6546,T27
68,1,0,0,248,green,6546,T27
69,1,0,0,248,green,6546,T27
70,1,0,0,248,green,6546,T27
71,1,0,0,248,green,6546,T27
72,1,0,0,248,green,6546,T27
73,0,1,0,248,green,6546,T27
74,0,1,0,248,green,6546,T27
75,0,1,0,248,green,6546,T27
76,0,1,0,248,green,6546,T27
77,0,1,0,248,green,6546,T27
78,0,1,0,248,green,6546,T27
79,0,1,0,248,green,6546,T27
80,0,1,0,248,green,6546,T27
81,0,1,0,248,green,6546,T27
82,0,1,0,248,green,6546,T27
83,0,1,0,248,green,6546,T27
84,0,1,0,248,green,6546,T27
85,0,1,0,248,green,6546,T27
86,0,1,0,248,green,6546,T27
87,0,1,0,248,green,6546,T27
88,0,1,0,248,green,6546,T27
89,0,1,0,248,green,6546,T27
90,0,1,0,248,green,6546,T27
91,0,1,0,248,green,6546,T27
92,0,1,0,248,green,6546,T27
93,0,1,0,248,green,6546,T27
94,0,1,0,248,green,6546,T27
95,0,1,0,248,green,6546,T27
96,0,1,0,248,green,6546,T27
97,0,1,0,248,green,6546,T27
98,0,1,0,248,green,6546,T27
99,0,1,0,248,green,6546,T27
100,0,1,0,248,green,6546,T27
101,0,1,0,248,green,6546,T27
102,0,1,0,248,green,6546,T27
103,0,1,0,248,green,6546,T27
104,0,1,0,248,green,6546,T27
105,0,1,0,248,green,6546,T27
106,0,1,0,248,green,6546,T27
107,0,1,0,248,green,6546,T27
108,0,1,0,248,green,6546,T27
109,0,1,0,248,green,6546,T27
110,0,1,0,248,green,6546,T27
111,0,1,0,248,green,6546,T27
112,0,1,0,248,green,6546,T27
113,0,1,0,248,green,6546,T27
114,0,1,0,248,green,6546,T27
115,0,1,0,248,green,6546,T27
116,0,1,0,248,green,6546,T27
117,0,1,0,248,green,6546,T27
118,0,1,0,248,green,6546,T27
119,0,1,0,248,green,6546,T27
120,0,1,0,248,green,6546,T27
121,0,1,0,248,green,6546,T27
122,0,1,0,248,green,6546,T27
123,0,1,0,248,green,6546,T27
124,0,1,0,248,green,6546,T27
125,0,1,0,248,green,6546,T27
126,0,1,0,248,green,6546,T27
127,0,1,0,248,green,6546,T27
128,0,1,0,248,green,6546,T27
129,0,1,0,248,green,6546,T27
130,0,1,0,248,green,6546,T27
131,0,1,0,248,green,6546,T27
132,0,1,0,248,green,6546,T27
133,0,1,0,248,green,6546,T27
134,0,1,0,248,green,6546,T27
135,0,1,0,248,green,6546,T27
136,0,1,0,248,green,6546,T27
137,0,1,0,248,green,6546,T27
138,0,1,0,248,green,6546,T27
139,0,1,0,248,green,6546,T27
140,0,1,0,248,green,6546,T27
141,0,1,0,248,green,6546,T27
142,0,1,0,248,green,6546,T27
143,0,1,0,248,green,6546,T27
144,0,1,0,248,green,6546,T27
145,0,1,0,248,green,6546,T27
146,0,1,0,248,green,6546,T27
147,0,1,0,248,green,6546,T27
148,0,1,0,248,green,6546,T27
149,0,1,0,248,green,6546,T27
150,0,1,0,248,green,6546,T27
151,0,1,0,248,green,6546,T27
152,0,1,0,248,green,6546,T27
153,0,1,0,248,green,6546,T27
154,0,1,0,248,green,6546,T27
155,0,1,0,248,green,6546,T27
156,0,1,0,248,green,6546,T27
157,0,1,0,248,green,6546,T27
158,0,1,0,248,green,6546,T27
159,0,1,0,248,green,6546,T27
160,0,1,0,248,green,6546,T27
161,0,1,0,248,green,6546,T27
162,0,1,0,248,green,6546,T27
163,0,1,0,248,green,6546,T27
164,0,1,0,248,green,6546,T27
165,0,1,0,248,green,6546,T27
166,0,1,0,248,green,6546,T27
167,0,1,0,248,green,6546,T27
168,0,1,0,248,green,6546,T27
169,0,1,0,248,green,6546,T27
170,0,1,0,248,green,6546,T27
0,0,0,1,249,green,7751,T27
1,0,0,1,249,green,7751,T27
2,0,0,1,249,green,7751,T27
3,0,0,1,249,green,7751,T27
4,0,0,1,249,green,7751,T27
5,0,0,1,249,green,7751,T27
6,0,0,1,249,green,7751,T27
7,0,0,1,249,green,7751,T27
8,0,0,1,249,green,7751,T27
9,0,0,1,249,green,7751,T27
10,0,0,1,249,green,7751,T27
11,0,0,1,249,green,7751,T27
12,0,0,1,249,green,7751,T27
13,0,0,1,249,green,7751,T27
14,0,0,1,249,green,7751,T27
15,0,0,1,249,green,7751,T27
16,0,0,1,249,green,7751,T27
17,0,0,1,249,green,7751,T27
18,0,0,1,249,green,7751,T27
19,0,0,1,249,green,7751,T27
20,0,0,1,249,green,7751,T27
21,0,0,1,249,green,7751,T27
22,0,0,1,249,green,7751,T27
23,0,0,1,249,green,7751,T27
24,0,0,1,249,green,7751,T27
25,0,0,1,249,green,7751,T27
26,0,0,1,249,green,7751,T27
27,0,0,1,249,green,7751,T27
28,0,0,1,249,green,7751,T27
29,0,0,1,249,green,7751,T27
30,0,0,1,249,green,7751,T27
31,0,0,1,249,green,7751,T27
32,0,0,1,249,green,7751,T27
33,0,0,1,249,green,7751,T27
34,0,0,1,249,green,7751,T27
35,0,0,1,249,green,7751,T27
36,0,0,1,249,green,7751,T27
37,0,0,1,249,green,7751,T27
38,0,0,1,249,green,7751,T27
39,0,0,1,249,green,7751,T27
40,0,0,1,249,green,7751,T27
41,0,0,1,249,green,7751,T27
42,0,0,1,249,green,7751,T27
43,0,0,1,249,green,7751,T27
44,0,0,1,249,green,7751,T27
45,0,0,1,249,green,7751,T27
46,0,0,1,249,green,7751,T27
47,0,0,1,249,green,7751,T27
48,0,0,1,249,green,7751,T27
49,0,0,1,249,green,7751,T27
50,0,0,1,249,green,7751,T27
51,0,0,1,249,green,7751,T27
52,0,0,1,249,green,7751,T27
53,0,0,1,249,green,7751,T27
54,0,0,1,249,green,7751,T27
55,0,0,1,249,green,7751,T27
56,0,0,1,249,green,7751,T27
57,0,0,1,249,green,7751,T27
58,0,0,1,249,green,7751,T27
59,0,0,1,249,green,7751,T27
60,0,0,1,249,green,7751,T27
61,0,0,1,249,green,7751,T27
62,0,0,1,249,green,7751,T27
63,0,0,1,249,green,7751,T27
64,0,0,1,249,green,7751,T27
65,0,0,1,249,green,7751,T27
66,0,0,1,249,green,7751,T27
67,0,0,1,249,green,7751,T27
68,0,0,1,249,green,7751,T27
69,0,0,1,249,green,7751,T27
70,0,0,1,249,green,7751,T27
71,0,0,1,249,green,7751,T27
72,0,0,1,249,green,7751,T27
73,0,0,1,249,green,7751,T27
74,0,0,1,249,green,7751,T27
75,0,0,1,249,green,7751,T27
76,0,0,1,249,green,7751,T27
77,0,0,1,249,green,7751,T27
78,0,0,1,249,green,7751,T27
79,0,0,1,249,green,7751,T27
80,0,0,1,249,green,7751,T27
81,0,0,1,249,green,7751,T27
82,0,0,1,249,green,7751,T27
83,0,0,1,249,green,7751,T27
84,0,0,1,249,green,7751,T27
85,0,0,1,249,green,7751,T27
86,0,0,1,249,green,7751,T27
87,0,0,1,249,green,7751,T27
88,0,0,1,249,green,7751,T27
89,0,0,1,249,green,7751,T27
90,0,0,1,249,green,7751,T27
91,0,0,1,249,green,7751,T27
92,0,0,1,249,green,7751,T27
93,0,0,1,249,green,7751,T27
94,0,0,1,249,green,7751,T27
95,0,0,1,249,green,7751,T27
96,0,0,1,249,green,7751,T27
97,0,0,1,249,green,7751,T27
98,0,0,1,249,green,7751,T27
99,0,0,1,249,green,7751,T27
100,0,0,1,249,green,7751,T27
101,0,0,1,249,green,7751,T27
102,0,0,1,249,green,7751,T27
103,0,0,1,249,green,7751,T27
104,0,0,1,249,green,7751,T27
105,0,0,1,249,green,7751,T27
106,0,0,1,249,green,7751,T27
107,0,0,1,249,green,7751,T27
108,0,0,1,249,green,7751,T27
109,0,0,1,249,green,7751,T27
110,0,0,1,249,green,7751,T27
111,0,0,1,249,green,7751,T27
112,0,0,1,249,green,7751,T27
113,0,0,1,249,green,7751,T27
114,0,0,1,249,green,7751,T27
115,0,0,1,249,green,7751,T27
116,0,0,1,249,green,7751,T27
117,0,0,1,249,green,7751,T27
118,0,0,1,249,green,7751,T27
119,0,0,1,249,green,7751,T27
120,0,0,1,249,green,7751,T27
121,0,0,1,249,green,7751,T27
122,0,0,1,249,green,7751,T27
123,0,0,1,249,green,7751,T27
124,1,0,0,249,green,7751,T27
125,1,0,0,249,green,7751,T27
126,1,0,0,249,green,7751,T27
127,1,0,0,249,green,7751,T27
128,1,0,0,249,green,7751,T27
129,1,0,0,249,green,7751,T27
130,1,0,0,249,green,7751,T27
131,1,0,0,249,green,7751,T27
132,1,0,0,249,green,7751,T27
133,1,0,0,249,green,7751,T27
134,1,0,0,249,green,7751,T27
135,1,0,0,249,green,7751,T27
136,1,0,0,249,green,7751,T27
137,1,0,0,249,green,7751,T27
138,1,0,0,249,green,7751,T27
139,1,0,0,249,green,7751,T27
140,1,0,0,249,green,7751,T27
141,1,0,0,249,green,7751,T27
142,1,0,0,249,green,7751,T27
143,1,0,0,249,green,7751,T27
144,1,0,0,249,green,7751,T27
145,1,0,0,249,green,7751,T27
146,1,0,0,249,green,7751,T27
147,1,0,0,249,green,7751,T27
148,1,0,0,249,green,7751,T27
149,1,0,0,249,green,7751,T27
150,1,0,0,249,green,7751,T27
151,1,0,0,249,green,7751,T27
152,1,0,0,249,green,7751,T27
153,1,0,0,249,green,7751,T27
154,1,0,0,249,green,7751,T27
155,1,0,0,249,green,7751,T27
156,1,0,0,249,green,7751,T27
157,1,0,0,249,green,7751,T27
158,1,0,0,249,green,7751,T27
159,0,1,0,249,green,7751,T27
160,0,1,0,249,green,7751,T27
161,0,1,0,249,green,7751,T27
162,0,1,0,249,green,7751,T27
163,0,1,0,249,green,7751,T27
164,0,1,0,249,green,7751,T27
165,0,1,0,249,green,7751,T27
166,0,1,0,249,green,7751,T27
167,0,1,0,249,green,7751,T27
168,0,1,0,249,green,7751,T27
169,0,1,0,249,green,7751,T27
170,0,1,0,249,green,7751,T27
0,0,0,1,250,green,8114,T27
1,0,0,1,250,green,8114,T27
2,0,0,1,250,green,8114,T27
3,0,0,1,250,green,8114,T27
4,0,0,1,250,green,8114,T27
5,0,0,1,250,green,8114,T27
6,0,0,1,250,green,8114,T27
7,0,0,1,250,green,8114,T27
8,0,0,1,250,green,8114,T27
9,0,0,1,250,green,8114,T27
10,0,0,1,250,green,8114,T27
11,0,0,1,250,green,8114,T27
12,0,0,1,250,green,8114,T27
13,0,0,1,250,green,8114,T27
14,0,0,1,250,green,8114,T27
15,0,0,1,250,green,8114,T27
16,0,0,1,250,green,8114,T27
17,0,0,1,250,green,8114,T27
18,0,0,1,250,green,8114,T27
19,0,0,1,250,green,8114,T27
20,0,0,1,250,green,8114,T27
21,0,0,1,250,green,8114,T27
22,0,0,1,250,green,8114,T27
23,0,0,1,250,green,8114,T27
24,0,0,1,250,green,8114,T27
25,0,0,1,250,green,8114,T27
26,0,0,1,250,green,8114,T27
27,0,0,1,250,green,8114,T27
28,0,0,1,250,green,8114,T27
29,0,0,1,250,green,8114,T27
30,0,0,1,250,green,8114,T27
31,0,0,1,250,green,8114,T27
32,0,0,1,250,green,8114,T27
33,0,0,1,250,green,8114,T27
34,0,0,1,250,green,8114,T27
35,0,0,1,250,green,8114,T27
36,0,0,1,250,green,8114,T27
37,0,0,1,250,green,8114,T27
38,0,0,1,250,green,8114,T27
39,0,0,1,250,green,8114,T27
40,0,0,1,250,green,8114,T27
41,0,0,1,250,green,8114,T27
42,0,0,1,250,green,8114,T27
43,0,0,1,250,green,8114,T27
44,0,0,1,250,green,8114,T27
45,0,0,1,250,green,8114,T27
46,0,0,1,250,green,8114,T27
47,0,0,1,250,green,8114,T27
48,0,0,1,250,green,8114,T27
49,0,0,1,250,green,8114,T27
50,0,0,1,250,green,8114,T27
51,0,0,1,250,green,8114,T27
52,0,0,1,250,green,8114,T27
53,0,0,1,250,green,8114,T27
54,0,0,1,250,green,8114,T27
55,0,0,1,250,green,8114,T27
56,0,0,1,250,green,8114,T27
57,0,0,1,250,green,8114,T27
58,0,0,1,250,green,8114,T27
59,0,0,1,250,green,8114,T27
60,0,0,1,250,green,8114,T27
61,0,0,1,250,green,8114,T27
62,0,0,1,250,green,8114,T27
63,0,0,1,250,green,8114,T27
64,0,0,1,250,green,8114,T27
65,0,0,1,250,green,8114,T27
66,0,0,1,250,green,8114,T27
67,0,0,1,250,green,8114,T27
68,0,0,1,250,green,8114,T27
69,0,0,1,250,green,8114,T27
70,0,0,1,250,green,8114,T27
71,0,0,1,250,green,8114,T27
72,0,0,1,250,green,8114,T27
73,0,0,1,250,green,8114,T27
74,0,0,1,250,green,8114,T27
75,0,0,1,250,green,8114,T27
76,0,0,1,250,green,8114,T27
77,0,0,1,250,green,8114,T27
78,0,0,1,250,green,8114,T27
79,0,0,1,250,green,8114,T27
80,0,0,1,250,green,8114,T27
81,0,1,0,250,green,8114,T27
82,0,1,0,250,green,8114,T27
83,0,1,0,250,green,8114,T27
84,0,1,0,250,green,8114,T27
85,0,1,0,250,green,8114,T27
86,0,1,0,250,green,8114,T27
87,0,1,0,250,green,8114,T27
88,0,1,0,250,green,8114,T27
89,0,1,0,250,green,8114,T27
90,0,1,0,250,green,8114,T27
91,0,1,0,250,green,8114,T27
92,0,1,0,250,green,8114,T27
93,0,1,0,250,green,8114,T27
94,0,1,0,250,green,8114,T27
95,0,1,0,250,green,8114,T27
96,0,1,0,250,green,8114,T27
97,0,1,0,250,green,8114,T27
98,0,1,0,250,green,8114,T27
99,0,1,0,250,green,8114,T27
100,0,1,0,250,green,8114,T27
101,0,1,0,250,green,8114,T27
102,0,1,0,250,green,8114,T27
103,0,1,0,250,green,8114,T27
104,0,1,0,250,green,8114,T27
105,0,1,0,250,green,8114,T27
106,0,1,0,250,green,8114,T27
107,0,1,0,250,green,8114,T27
108,0,1,0,250,green,8114,T27
109,0,1,0,250,green,8114,T27
110,0,1,0,250,green,8114,T27
111,0,1,0,250,green,8114,T27
112,0,1,0,250,green,8114,T27
113,0,1,0,250,green,8114,T27
114,0,1,0,250,green,8114,T27
115,0,1,0,250,green,8114,T27
116,0,1,0,250,green,8114,T27
117,0,1,0,250,green,8114,T27
118,0,1,0,250,green,8114,T27
119,0,1,0,250,green,8114,T27
120,0,1,0,250,green,8114,T27
121,0,1,0,250,green,8114,T27
122,0,1,0,250,green,8114,T27
123,0,1,0,250,green,8114,T27
124,0,1,0,250,green,8114,T27
125,0,1,0,250,green,8114,T27
126,0,1,0,250,green,8114,T27
127,0,1,0,250,green,8114,T27
128,0,1,0,250,green,8114,T27
129,0,1,0,250,green,8114,T27
130,0,1,0,250,green,8114,T27
131,0,1,0,250,green,8114,T27
132,0,1,0,250,green,8114,T27
133,0,1,0,250,green,8114,T27
134,0,1,0,250,green,8114,T27
135,0,1,0,250,green,8114,T27
136,0,1,0,250,green,8114,T27
137,0,1,0,250,green,8114,T27
138,0,1,0,250,green,8114,T27
139,0,1,0,250,green,8114,T27
140,0,1,0,250,green,8114,T27
141,0,1,0,250,green,8114,T27
142,0,1,0,250,green,8114,T27
143,0,1,0,250,green,8114,T27
144,0,1,0,250,green,8114,T27
145,0,1,0,250,green,8114,T27
146,0,1,0,250,green,8114,T27
147,0,1,0,250,green,8114,T27
148,0,1,0,250,green,8114,T27
149,0,1,0,250,green,8114,T27
150,0,1,0,250,green,8114,T27
151,0,1,0,250,green,8114,T27
152,0,1,0,250,green,8114,T27
153,0,1,0,250,green,8114,T27
154,0,1,0,250,green,8114,T27
155,0,1,0,250,green,8114,T27
156,0,1,0,250,green,8114,T27
157,0,1,0,250,green,8114,T27
158,0,1,0,250,green,8114,T27
159,0,1,0,250,green,8114,T27
160,0,1,0,250,green,8114,T27
161,0,1,0,250,green,8114,T27
162,0,1,0,250,green,8114,T27
163,0,1,0,250,green,8114,T27
164,0,1,0,250,green,8114,T27
165,0,1,0,250,green,8114,T27
166,0,1,0,250,green,8114,T27
167,0,1,0,250,green,8114,T27
168,0,1,0,250,green,8114,T27
169,0,1,0,250,green,8114,T27
170,0,1,0,250,green,8114,T27
0,0,0,1,252,green,8592,T27
1,0,0,1,252,green,8592,T27
2,0,0,1,252,green,8592,T27
3,0,0,1,252,green,8592,T27
4,0,0,1,252,green,8592,T27
5,0,0,1,252,green,8592,T27
6,0,0,1,252,green,8592,T27
7,0,0,1,252,green,8592,T27
8,0,0,1,252,green,8592,T27
9,0,0,1,252,green,8592,T27
10,0,0,1,252,green,8592,T27
11,0,0,1,252,green,8592,T27
12,0,0,1,252,green,8592,T27
13,0,0,1,252,green,8592,T27
14,0,0,1,252,green,8592,T27
15,0,0,1,252,green,8592,T27
16,0,0,1,252,green,8592,T27
17,0,0,1,252,green,8592,T27
18,0,0,1,252,green,8592,T27
19,0,0,1,252,green,8592,T27
20,0,0,1,252,green,8592,T27
21,0,0,1,252,green,8592,T27
22,0,0,1,252,green,8592,T27
23,0,0,1,252,green,8592,T27
24,0,0,1,252,green,8592,T27
25,0,0,1,252,green,8592,T27
26,0,0,1,252,green,8592,T27
27,0,0,1,252,green,8592,T27
28,0,0,1,252,green,8592,T27
29,0,0,1,252,green,8592,T27
30,0,0,1,252,green,8592,T27
31,0,0,1,252,green,8592,T27
32,0,0,1,252,green,8592,T27
33,0,0,1,252,green,8592,T27
34,0,0,1,252,green,8592,T27
35,0,0,1,252,green,8592,T27
36,0,0,1,252,green,8592,T27
37,0,0,1,252,green,8592,T27
38,0,0,1,252,green,8592,T27
39,0,0,1,252,green,8592,T27
40,0,0,1,252,green,8592,T27
41,0,0,1,252,green,8592,T27
42,0,0,1,252,green,8592,T27
43,0,0,1,252,green,8592,T27
44,0,0,1,252,green,8592,T27
45,0,0,1,252,green,8592,T27
46,0,0,1,252,green,8592,T27
47,0,1,0,252,green,8592,T27
48,0,1,0,252,green,8592,T27
49,0,1,0,252,green,8592,T27
50,0,1,0,252,green,8592,T27
51,0,0,1,252,green,8592,T27
52,0,0,1,252,green,8592,T27
53,0,0,1,252,green,8592,T27
54,0,0,1,252,green,8592,T27
55,0,0,1,252,green,8592,T27
56,0,1,0,252,green,8592,T27
57,0,1,0,252,green,8592,T27
58,0,1,0,252,green,8592,T27
59,0,1,0,252,green,8592,T27
60,0,1,0,252,green,8592,T27
61,0,0,1,252,green,8592,T27
62,0,0,1,252,green,8592,T27
63,0,0,1,252,green,8592,T27
64,0,0,1,252,green,8592,T27
65,0,1,0,252,green,8592,T27
66,0,1,0,252,green,8592,T27
67,0,1,0,252,green,8592,T27
68,0,1,0,252,green,8592,T27
69,0,0,1,252,green,8592,T27
70,0,0,1,252,green,8592,T27
71,0,0,1,252,green,8592,T27
72,0,0,1,252,green,8592,T27
73,0,0,1,252,green,8592,T27
74,0,0,1,252,green,8592,T27
75,0,0,1,252,green,8592,T27
76,0,0,1,252,green,8592,T27
77,0,0,1,252,green,8592,T27
78,0,1,0,252,green,8592,T27
79,0,1,0,252,green,8592,T27
80,0,1,0,252,green,8592,T27
81,0,1,0,252,green,8592,T27
82,0,1,0,252,green,8592,T27
83,0,0,1,252,green,8592,T27
84,0,0,1,252,green,8592,T27
85,0,0,1,252,green,8592,T27
86,0,0,1,252,green,8592,T27
87,0,1,0,252,green,8592,T27
88,0,1,0,252,green,8592,T27
89,0,1,0,252,green,8592,T27
90,0,1,0,252,green,8592,T27
91,0,1,0,252,green,8592,T27
92,0,1,0,252,green,8592,T27
93,0,0,1,252,green,8592,T27
94,0,0,1,252,green,8592,T27
95,0,0,1,252,green,8592,T27
96,0,1,0,252,green,8592,T27
97,0,1,0,252,green,8592,T27
98,0,1,0,252,green,8592,T27
99,0,1,0,252,green,8592,T27
100,0,1,0,252,green,8592,T27
101,0,0,1,252,green,8592,T27
102,0,0,1,252,green,8592,T27
103,0,0,1,252,green,8592,T27
104,0,0,1,252,green,8592,T27
105,0,0,1,252,green,8592,T27
106,0,0,1,252,green,8592,T27
107,0,0,1,252,green,8592,T27
108,0,0,1,252,green,8592,T27
109,0,0,1,252,green,8592,T27
110,0,0,1,252,green,8592,T27
111,0,0,1,252,green,8592,T27
112,0,0,1,252,green,8592,T27
113,1,0,0,252,green,8592,T27
114,1,0,0,252,green,8592,T27
115,1,0,0,252,green,8592,T27
116,0,0,1,252,green,8592,T27
117,0,0,1,252,green,8592,T27
118,0,0,1,252,green,8592,T27
119,0,0,1,252,green,8592,T27
120,1,0,0,252,green,8592,T27
121,1,0,0,252,green,8592,T27
122,0,0,1,252,green,8592,T27
123,0,0,1,252,green,8592,T27
124,0,0,1,252,green,8592,T27
125,0,0,1,252,green,8592,T27
126,1,0,0,252,green,8592,T27
127,1,0,0,252,green,8592,T27
128,1,0,0,252,green,8592,T27
129,0,0,1,252,green,8592,T27
130,0,0,1,252,green,8592,T27
131,1,0,0,252,green,8592,T27
132,1,0,0,252,green,8592,T27
133,1,0,0,252,green,8592,T27
134,1,0,0,252,green,8592,T27
135,0,0,1,252,green,8592,T27
136,0,0,1,252,green,8592,T27
137,1,0,0,252,green,8592,T27
138,1,0,0,252,green,8592,T27
139,1,0,0,252,green,8592,T27
140,1,0,0,252,green,8592,T27
141,1,0,0,252,green,8592,T27
142,1,0,0,252,green,8592,T27
143,1,0,0,252,green,8592,T27
144,0,0,1,252,green,8592,T27
145,0,0,1,252,green,8592,T27
146,0,0,1,252,green,8592,T27
147,0,0,1,252,green,8592,T27
148,0,0,1,252,green,8592,T27
149,0,1,0,252,green,8592,T27
150,0,1,0,252,green,8592,T27
151,0,1,0,252,green,8592,T27
152,0,1,0,252,green,8592,T27
153,0,0,1,252,green,8592,T27
154,0,0,1,252,green,8592,T27
155,0,0,1,252,green,8592,T27
156,0,1,0,252,green,8592,T27
157,0,1,0,252,green,8592,T27
158,0,1,0,252,green,8592,T27
159,0,0,1,252,green,8592,T27
160,0,0,1,252,green,8592,T27
161,0,0,1,252,green,8592,T27
162,0,1,0,252,green,8592,T27
163,0,1,0,252,green,8592,T27
164,0,1,0,252,green,8592,T27
165,0,0,1,252,green,8592,T27
166,0,0,1,252,green,8592,T27
167,0,0,1,252,green,8592,T27
168,0,1,0,252,green,8592,T27
169,0,1,0,252,green,8592,T27
170,0,0,1,252,green,8592,T27
0,0,0,1,254,green,7452,T27
1,0,0,1,254,green,7452,T27
2,0,0,1,254,green,7452,T27
3,0,0,1,254,green,7452,T27
4,0,0,1,254,green,7452,T27
5,0,0,1,254,green,7452,T27
6,0,0,1,254,green,7452,T27
7,0,0,1,254,green,7452,T27
8,0,0,1,254,green,7452,T27
9,0,0,1,254,green,7452,T27
10,0,0,1,254,green,7452,T27
11,0,0,1,254,green,7452,T27
12,0,0,1,254,green,7452,T27
13,0,0,1,254,green,7452,T27
14,0,0,1,254,green,7452,T27
15,0,0,1,254,green,7452,T27
16,0,0,1,254,green,7452,T27
17,0,0,1,254,green,7452,T27
18,0,0,1,254,green,7452,T27
19,0,0,1,254,green,7452,T27
20,0,0,1,254,green,7452,T27
21,0,0,1,254,green,7452,T27
22,0,0,1,254,green,7452,T27
23,0,0,1,254,green,7452,T27
24,0,0,1,254,green,7452,T27
25,0,0,1,254,green,7452,T27
26,0,0,1,254,green,7452,T27
27,0,0,1,254,green,7452,T27
28,0,0,1,254,green,7452,T27
29,0,0,1,254,green,7452,T27
30,0,0,1,254,green,7452,T27
31,0,0,1,254,green,7452,T27
32,0,0,1,254,green,7452,T27
33,0,0,1,254,green,7452,T27
34,0,0,1,254,green,7452,T27
35,0,0,1,254,green,7452,T27
36,1,0,0,254,green,7452,T27
37,1,0,0,254,green,7452,T27
38,1,0,0,254,green,7452,T27
39,1,0,0,254,green,7452,T27
40,1,0,0,254,green,7452,T27
41,1,0,0,254,green,7452,T27
42,1,0,0,254,green,7452,T27
43,1,0,0,254,green,7452,T27
44,1,0,0,254,green,7452,T27
45,1,0,0,254,green,7452,T27
46,1,0,0,254,green,7452,T27
47,1,0,0,254,green,7452,T27
48,1,0,0,254,green,7452,T27
49,1,0,0,254,green,7452,T27
50,1,0,0,254,green,7452,T27
51,1,0,0,254,green,7452,T27
52,1,0,0,254,green,7452,T27
53,1,0,0,254,green,7452,T27
54,1,0,0,254,green,7452,T27
55,1,0,0,254,green,7452,T27
56,1,0,0,254,green,7452,T27
57,1,0,0,254,green,7452,T27
58,1,0,0,254,green,7452,T27
59,1,0,0,254,green,7452,T27
60,1,0,0,254,green,7452,T27
61,1,0,0,254,green,7452,T27
62,1,0,0,254,green,7452,T27
63,1,0,0,254,green,7452,T27
64,1,0,0,254,green,7452,T27
65,1,0,0,254,green,7452,T27
66,1,0,0,254,green,7452,T27
67,1,0,0,254,green,7452,T27
68,1,0,0,254,green,7452,T27
69,1,0,0,254,green,7452,T27
70,1,0,0,254,green,7452,T27
71,1,0,0,254,green,7452,T27
72,1,0,0,254,green,7452,T27
73,1,0,0,254,green,7452,T27
74,1,0,0,254,green,7452,T27
75,1,0,0,254,green,7452,T27
76,1,0,0,254,green,7452,T27
77,1,0,0,254,green,7452,T27
78,1,0,0,254,green,7452,T27
79,1,0,0,254,green,7452,T27
80,1,0,0,254,green,7452,T27
81,1,0,0,254,green,7452,T27
82,1,0,0,254,green,7452,T27
83,1,0,0,254,green,7452,T27
84,1,0,0,254,green,7452,T27
85,1,0,0,254,green,7452,T27
86,1,0,0,254,green,7452,T27
87,1,0,0,254,green,7452,T27
88,1,0,0,254,green,7452,T27
89,1,0,0,254,green,7452,T27
90,1,0,0,254,green,7452,T27
91,1,0,0,254,green,7452,T27
92,1,0,0,254,green,7452,T27
93,1,0,0,254,green,7452,T27
94,1,0,0,254,green,7452,T27
95,1,0,0,254,green,7452,T27
96,1,0,0,254,green,7452,T27
97,1,0,0,254,green,7452,T27
98,1,0,0,254,green,7452,T27
99,1,0,0,254,green,7452,T27
100,1,0,0,254,green,7452,T27
101,1,0,0,254,green,7452,T27
102,1,0,0,254,green,7452,T27
103,1,0,0,254,green,7452,T27
104,1,0,0,254,green,7452,T27
105,1,0,0,254,green,7452,T27
106,1,0,0,254,green,7452,T27
107,1,0,0,254,green,7452,T27
108,1,0,0,254,green,7452,T27
109,1,0,0,254,green,7452,T27
110,1,0,0,254,green,7452,T27
111,1,0,0,254,green,7452,T27
112,1,0,0,254,green,7452,T27
113,1,0,0,254,green,7452,T27
114,1,0,0,254,green,7452,T27
115,1,0,0,254,green,7452,T27
116,1,0,0,254,green,7452,T27
117,1,0,0,254,green,7452,T27
118,1,0,0,254,green,7452,T27
119,1,0,0,254,green,7452,T27
120,1,0,0,254,green,7452,T27
121,1,0,0,254,green,7452,T27
122,1,0,0,254,green,7452,T27
123,1,0,0,254,green,7452,T27
124,1,0,0,254,green,7452,T27
125,1,0,0,254,green,7452,T27
126,1,0,0,254,green,7452,T27
127,1,0,0,254,green,7452,T27
128,1,0,0,254,green,7452,T27
129,1,0,0,254,green,7452,T27
130,1,0,0,254,green,7452,T27
131,1,0,0,254,green,7452,T27
132,1,0,0,254,green,7452,T27
133,1,0,0,254,green,7452,T27
134,1,0,0,254,green,7452,T27
135,1,0,0,254,green,7452,T27
136,1,0,0,254,green,7452,T27
137,1,0,0,254,green,7452,T27
138,1,0,0,254,green,7452,T27
139,1,0,0,254,green,7452,T27
140,0,1,0,254,green,7452,T27
141,0,1,0,254,green,7452,T27
142,0,1,0,254,green,7452,T27
143,0,1,0,254,green,7452,T27
144,0,1,0,254,green,7452,T27
145,0,1,0,254,green,7452,T27
146,0,1,0,254,green,7452,T27
147,0,1,0,254,green,7452,T27
148,0,1,0,254,green,7452,T27
149,0,1,0,254,green,7452,T27
150,0,1,0,254,green,7452,T27
151,0,1,0,254,green,7452,T27
152,0,1,0,254,green,7452,T27
153,0,1,0,254,green,7452,T27
154,0,1,0,254,green,7452,T27
155,0,1,0,254,green,7452,T27
156,0,1,0,254,green,7452,T27
157,0,1,0,254,green,7452,T27
158,0,1,0,254,green,7452,T27
159,0,1,0,254,green,7452,T27
160,0,1,0,254,green,7452,T27
161,0,1,0,254,green,7452,T27
162,0,1,0,254,green,7452,T27
163,0,1,0,254,green,7452,T27
164,0,1,0,254,green,7452,T27
165,0,1,0,254,green,7452,T27
166,0,1,0,254,green,7452,T27
167,0,1,0,254,green,7452,T27
168,0,1,0,254,green,7452,T27
169,0,1,0,254,green,7452,T27
170,0,1,0,254,green,7452,T27
0,0,0,1,255,green,8102,T27
1,0,0,1,255,green,8102,T27
2,0,0,1,255,green,8102,T27
3,0,0,1,255,green,8102,T27
4,0,0,1,255,green,8102,T27
5,0,0,1,255,green,8102,T27
6,0,0,1,255,green,8102,T27
7,0,0,1,255,green,8102,T27
8,0,0,1,255,green,8102,T27
9,0,0,1,255,green,8102,T27
10,0,0,1,255,green,8102,T27
11,0,0,1,255,green,8102,T27
12,0,1,0,255,green,8102,T27
13,0,1,0,255,green,8102,T27
14,0,1,0,255,green,8102,T27
15,0,1,0,255,green,8102,T27
16,0,1,0,255,green,8102,T27
17,0,1,0,255,green,8102,T27
18,0,1,0,255,green,8102,T27
19,0,1,0,255,green,8102,T27
20,0,1,0,255,green,8102,T27
21,0,1,0,255,green,8102,T27
22,0,1,0,255,green,8102,T27
23,0,1,0,255,green,8102,T27
24,0,1,0,255,green,8102,T27
25,0,1,0,255,green,8102,T27
26,0,1,0,255,green,8102,T27
27,0,1,0,255,green,8102,T27
28,0,1,0,255,green,8102,T27
29,0,1,0,255,green,8102,T27
30,0,1,0,255,green,8102,T27
31,0,1,0,255,green,8102,T27
32,0,1,0,255,green,8102,T27
33,0,1,0,255,green,8102,T27
34,0,1,0,255,green,8102,T27
35,0,1,0,255,green,8102,T27
36,0,1,0,255,green,8102,T27
37,0,1,0,255,green,8102,T27
38,0,1,0,255,green,8102,T27
39,0,1,0,255,green,8102,T27
40,0,1,0,255,green,8102,T27
41,0,1,0,255,green,8102,T27
42,0,1,0,255,green,8102,T27
43,0,1,0,255,green,8102,T27
44,0,1,0,255,green,8102,T27
45,0,1,0,255,green,8102,T27
46,0,1,0,255,green,8102,T27
47,0,1,0,255,green,8102,T27
48,0,1,0,255,green,8102,T27
49,0,1,0,255,green,8102,T27
50,0,1,0,255,green,8102,T27
51,0,1,0,255,green,8102,T27
52,0,1,0,255,green,8102,T27
53,0,1,0,255,green,8102,T27
54,0,1,0,255,green,8102,T27
55,0,1,0,255,green,8102,T27
56,0,1,0,255,green,8102,T27
57,0,1,0,255,green,8102,T27
58,0,1,0,255,green,8102,T27
59,0,1,0,255,green,8102,T27
60,0,1,0,255,green,8102,T27
61,0,1,0,255,green,8102,T27
62,0,0,1,255,green,8102,T27
63,0,0,1,255,green,8102,T27
64,0,0,1,255,green,8102,T27
65,1,0,0,255,green,8102,T27
66,1,0,0,255,green,8102,T27
67,1,0,0,255,green,8102,T27
68,1,0,0,255,green,8102,T27
69,1,0,0,255,green,8102,T27
70,1,0,0,255,green,8102,T27
71,1,0,0,255,green,8102,T27
72,1,0,0,255,green,8102,T27
73,1,0,0,255,green,8102,T27
74,1,0,0,255,green,8102,T27
75,1,0,0,255,green,8102,T27
76,1,0,0,255,green,8102,T27
77,1,0,0,255,green,8102,T27
78,1,0,0,255,green,8102,T27
79,1,0,0,255,green,8102,T27
80,1,0,0,255,green,8102,T27
81,1,0,0,255,green,8102,T27
82,1,0,0,255,green,8102,T27
83,1,0,0,255,green,8102,T27
84,1,0,0,255,green,8102,T27
85,1,0,0,255,green,8102,T27
86,1,0,0,255,green,8102,T27
87,1,0,0,255,green,8102,T27
88,1,0,0,255,green,8102,T27
89,1,0,0,255,green,8102,T27
90,0,0,1,255,green,8102,T27
91,0,1,0,255,green,8102,T27
92,0,1,0,255,green,8102,T27
93,0,1,0,255,green,8102,T27
94,0,1,0,255,green,8102,T27
95,0,1,0,255,green,8102,T27
96,0,1,0,255,green,8102,T27
97,0,1,0,255,green,8102,T27
98,0,1,0,255,green,8102,T27
99,0,1,0,255,green,8102,T27
100,0,1,0,255,green,8102,T27
101,0,1,0,255,green,8102,T27
102,0,1,0,255,green,8102,T27
103,0,1,0,255,green,8102,T27
104,0,1,0,255,green,8102,T27
105,0,1,0,255,green,8102,T27
106,0,1,0,255,green,8102,T27
107,0,1,0,255,green,8102,T27
108,0,1,0,255,green,8102,T27
109,0,1,0,255,green,8102,T27
110,0,1,0,255,green,8102,T27
111,0,1,0,255,green,8102,T27
112,0,1,0,255,green,8102,T27
113,0,1,0,255,green,8102,T27
114,0,1,0,255,green,8102,T27
115,0,1,0,255,green,8102,T27
116,0,1,0,255,green,8102,T27
117,0,1,0,255,green,8102,T27
118,0,1,0,255,green,8102,T27
119,0,1,0,255,green,8102,T27
120,0,1,0,255,green,8102,T27
121,0,1,0,255,green,8102,T27
122,0,1,0,255,green,8102,T27
123,0,1,0,255,green,8102,T27
124,0,1,0,255,green,8102,T27
125,0,1,0,255,green,8102,T27
126,0,1,0,255,green,8102,T27
127,0,1,0,255,green,8102,T27
128,0,1,0,255,green,8102,T27
129,0,1,0,255,green,8102,T27
130,0,1,0,255,green,8102,T27
131,0,1,0,255,green,8102,T27
132,0,1,0,255,green,8102,T27
133,0,1,0,255,green,8102,T27
134,0,1,0,255,green,8102,T27
135,0,1,0,255,green,8102,T27
136,0,1,0,255,green,8102,T27
137,0,1,0,255,green,8102,T27
138,0,1,0,255,green,8102,T27
139,0,1,0,255,green,8102,T27
140,0,1,0,255,green,8102,T27
141,0,1,0,255,green,8102,T27
142,0,1,0,255,green,8102,T27
143,0,1,0,255,green,8102,T27
144,0,1,0,255,green,8102,T27
145,0,1,0,255,green,8102,T27
146,0,1,0,255,green,8102,T27
147,0,1,0,255,green,8102,T27
148,0,1,0,255,green,8102,T27
149,0,1,0,255,green,8102,T27
150,0,1,0,255,green,8102,T27
151,0,1,0,255,green,8102,T27
152,0,1,0,255,green,8102,T27
153,0,1,0,255,green,8102,T27
154,0,1,0,255,green,8102,T27
155,0,1,0,255,green,8102,T27
156,0,1,0,255,green,8102,T27
157,0,1,0,255,green,8102,T27
158,0,1,0,255,green,8102,T27
159,0,1,0,255,green,8102,T27
160,0,1,0,255,green,8102,T27
161,0,1,0,255,green,8102,T27
162,0,1,0,255,green,8102,T27
163,0,1,0,255,green,8102,T27
164,0,1,0,255,green,8102,T27
165,0,1,0,255,green,8102,T27
166,0,1,0,255,green,8102,T27
167,0,1,0,255,green,8102,T27
168,0,1,0,255,green,8102,T27
169,0,1,0,255,green,8102,T27
170,0,1,0,255,green,8102,T27
0,0,0,1,256,green,8267,T27
1,0,0,1,256,green,8267,T27
2,0,0,1,256,green,8267,T27
3,0,0,1,256,green,8267,T27
4,0,0,1,256,green,8267,T27
5,0,0,1,256,green,8267,T27
6,0,0,1,256,green,8267,T27
7,0,0,1,256,green,8267,T27
8,0,0,1,256,green,8267,T27
9,0,0,1,256,green,8267,T27
10,0,0,1,256,green,8267,T27
11,0,0,1,256,green,8267,T27
12,0,0,1,256,green,8267,T27
13,0,0,1,256,green,8267,T27
14,0,0,1,256,green,8267,T27
15,0,0,1,256,green,8267,T27
16,0,0,1,256,green,8267,T27
17,0,0,1,256,green,8267,T27
18,0,0,1,256,green,8267,T27
19,0,0,1,256,green,8267,T27
20,0,0,1,256,green,8267,T27
21,0,0,1,256,green,8267,T27
22,0,0,1,256,green,8267,T27
23,0,0,1,256,green,8267,T27
24,0,0,1,256,green,8267,T27
25,0,0,1,256,green,8267,T27
26,0,0,1,256,green,8267,T27
27,0,0,1,256,green,8267,T27
28,0,0,1,256,green,8267,T27
29,0,0,1,256,green,8267,T27
30,0,0,1,256,green,8267,T27
31,0,0,1,256,green,8267,T27
32,0,0,1,256,green,8267,T27
33,0,0,1,256,green,8267,T27
34,0,0,1,256,green,8267,T27
35,0,0,1,256,green,8267,T27
36,0,0,1,256,green,8267,T27
37,0,0,1,256,green,8267,T27
38,0,0,1,256,green,8267,T27
39,0,0,1,256,green,8267,T27
40,0,0,1,256,green,8267,T27
41,0,0,1,256,green,8267,T27
42,0,0,1,256,green,8267,T27
43,0,0,1,256,green,8267,T27
44,0,0,1,256,green,8267,T27
45,0,0,1,256,green,8267,T27
46,0,0,1,256,green,8267,T27
47,0,0,1,256,green,8267,T27
48,0,0,1,256,green,8267,T27
49,0,0,1,256,green,8267,T27
50,0,0,1,256,green,8267,T27
51,0,0,1,256,green,8267,T27
52,0,0,1,256,green,8267,T27
53,0,0,1,256,green,8267,T27
54,0,0,1,256,green,8267,T27
55,0,0,1,256,green,8267,T27
56,0,0,1,256,green,8267,T27
57,0,0,1,256,green,8267,T27
58,0,0,1,256,green,8267,T27
59,0,0,1,256,green,8267,T27
60,0,1,0,256,green,8267,T27
61,0,1,0,256,green,8267,T27
62,0,1,0,256,green,8267,T27
63,0,1,0,256,green,8267,T27
64,0,1,0,256,green,8267,T27
65,0,1,0,256,green,8267,T27
66,0,1,0,256,green,8267,T27
67,0,1,0,256,green,8267,T27
68,0,1,0,256,green,8267,T27
69,0,1,0,256,green,8267,T27
70,0,1,0,256,green,8267,T27
71,0,1,0,256,green,8267,T27
72,0,1,0,256,green,8267,T27
73,0,1,0,256,green,8267,T27
74,0,1,0,256,green,8267,T27
75,0,1,0,256,green,8267,T27
76,0,1,0,256,green,8267,T27
77,0,1,0,256,green,8267,T27
78,0,1,0,256,green,8267,T27
79,0,1,0,256,green,8267,T27
80,0,1,0,256,green,8267,T27
81,0,1,0,256,green,8267,T27
82,0,1,0,256,green,8267,T27
83,0,1,0,256,green,8267,T27
84,0,1,0,256,green,8267,T27
85,0,1,0,256,green,8267,T27
86,0,1,0,256,green,8267,T27
87,0,1,0,256,green,8267,T27
88,0,1,0,256,green,8267,T27
89,0,1,0,256,green,8267,T27
90,0,1,0,256,green,8267,T27
91,0,1,0,256,green,8267,T27
92,0,1,0,256,green,8267,T27
93,0,1,0,256,green,8267,T27
94,0,1,0,256,green,8267,T27
95,0,1,0,256,green,8267,T27
96,0,1,0,256,green,8267,T27
97,0,1,0,256,green,8267,T27
98,0,1,0,256,green,8267,T27
99,0,1,0,256,green,8267,T27
100,0,1,0,256,green,8267,T27
101,0,1,0,256,green,8267,T27
102,0,1,0,256,green,8267,T27
103,0,1,0,256,green,8267,T27
104,0,1,0,256,green,8267,T27
105,0,1,0,256,green,8267,T27
106,0,1,0,256,green,8267,T27
107,0,1,0,256,green,8267,T27
108,0,1,0,256,green,8267,T27
109,0,1,0,256,green,8267,T27
110,0,1,0,256,green,8267,T27
111,0,1,0,256,green,8267,T27
112,0,1,0,256,green,8267,T27
113,0,1,0,256,green,8267,T27
114,0,1,0,256,green,8267,T27
115,0,1,0,256,green,8267,T27
116,0,1,0,256,green,8267,T27
117,0,1,0,256,green,8267,T27
118,0,1,0,256,green,8267,T27
119,0,1,0,256,green,8267,T27
120,0,1,0,256,green,8267,T27
121,0,1,0,256,green,8267,T27
122,0,1,0,256,green,8267,T27
123,0,1,0,256,green,8267,T27
124,0,1,0,256,green,8267,T27
125,0,1,0,256,green,8267,T27
126,0,1,0,256,green,8267,T27
127,0,1,0,256,green,8267,T27
128,0,1,0,256,green,8267,T27
129,0,1,0,256,green,8267,T27
130,0,1,0,256,green,8267,T27
131,0,1,0,256,green,8267,T27
132,0,1,0,256,green,8267,T27
133,0,1,0,256,green,8267,T27
134,0,1,0,256,green,8267,T27
135,0,1,0,256,green,8267,T27
136,0,1,0,256,green,8267,T27
137,0,1,0,256,green,8267,T27
138,0,1,0,256,green,8267,T27
139,0,1,0,256,green,8267,T27
140,0,1,0,256,green,8267,T27
141,0,1,0,256,green,8267,T27
142,0,1,0,256,green,8267,T27
143,0,1,0,256,green,8267,T27
144,0,1,0,256,green,8267,T27
145,0,1,0,256,green,8267,T27
146,0,1,0,256,green,8267,T27
147,0,1,0,256,green,8267,T27
148,0,1,0,256,green,8267,T27
149,0,1,0,256,green,8267,T27
150,0,1,0,256,green,8267,T27
151,0,1,0,256,green,8267,T27
152,0,1,0,256,green,8267,T27
153,0,1,0,256,green,8267,T27
154,0,1,0,256,green,8267,T27
155,0,1,0,256,green,8267,T27
156,0,1,0,256,green,8267,T27
157,0,1,0,256,green,8267,T27
158,0,1,0,256,green,8267,T27
159,0,1,0,256,green,8267,T27
160,0,1,0,256,green,8267,T27
161,0,1,0,256,green,8267,T27
162,0,1,0,256,green,8267,T27
163,0,1,0,256,green,8267,T27
164,0,1,0,256,green,8267,T27
165,0,1,0,256,green,8267,T27
166,0,1,0,256,green,8267,T27
167,0,1,0,256,green,8267,T27
168,0,1,0,256,green,8267,T27
169,0,1,0,256,green,8267,T27
170,0,1,0,256,green,8267,T27
0,0,0,1,257,green,7106,T27
1,0,0,1,257,green,7106,T27
2,0,0,1,257,green,7106,T27
3,0,0,1,257,green,7106,T27
4,0,0,1,257,green,7106,T27
5,0,0,1,257,green,7106,T27
6,0,0,1,257,green,7106,T27
7,0,0,1,257,green,7106,T27
8,0,0,1,257,green,7106,T27
9,0,0,1,257,green,7106,T27
10,0,0,1,257,green,7106,T27
11,0,0,1,257,green,7106,T27
12,0,0,1,257,green,7106,T27
13,0,0,1,257,green,7106,T27
14,0,0,1,257,green,7106,T27
15,0,0,1,257,green,7106,T27
16,0,0,1,257,green,7106,T27
17,0,0,1,257,green,7106,T27
18,0,0,1,257,green,7106,T27
19,0,0,1,257,green,7106,T27
20,0,0,1,257,green,7106,T27
21,0,0,1,257,green,7106,T27
22,0,0,1,257,green,7106,T27
23,0,0,1,257,green,7106,T27
24,0,0,1,257,green,7106,T27
25,0,0,1,257,green,7106,T27
26,0,0,1,257,green,7106,T27
27,0,0,1,257,green,7106,T27
28,0,0,1,257,green,7106,T27
29,0,0,1,257,green,7106,T27
30,0,0,1,257,green,7106,T27
31,0,0,1,257,green,7106,T27
32,0,0,1,257,green,7106,T27
33,0,0,1,257,green,7106,T27
34,0,0,1,257,green,7106,T27
35,0,0,1,257,green,7106,T27
36,0,0,1,257,green,7106,T27
37,0,0,1,257,green,7106,T27
38,0,0,1,257,green,7106,T27
39,0,0,1,257,green,7106,T27
40,0,0,1,257,green,7106,T27
41,0,0,1,257,green,7106,T27
42,0,0,1,257,green,7106,T27
43,0,0,1,257,green,7106,T27
44,0,0,1,257,green,7106,T27
45,0,1,0,257,green,7106,T27
46,0,1,0,257,green,7106,T27
47,0,1,0,257,green,7106,T27
48,0,1,0,257,green,7106,T27
49,0,1,0,257,green,7106,T27
50,0,1,0,257,green,7106,T27
51,0,1,0,257,green,7106,T27
52,0,1,0,257,green,7106,T27
53,0,1,0,257,green,7106,T27
54,0,1,0,257,green,7106,T27
55,0,1,0,257,green,7106,T27
56,0,1,0,257,green,7106,T27
57,0,1,0,257,green,7106,T27
58,0,1,0,257,green,7106,T27
59,0,1,0,257,green,7106,T27
60,0,1,0,257,green,7106,T27
61,0,1,0,257,green,7106,T27
62,0,1,0,257,green,7106,T27
63,0,1,0,257,green,7106,T27
64,0,1,0,257,green,7106,T27
65,0,1,0,257,green,7106,T27
66,0,1,0,257,green,7106,T27
67,0,1,0,257,green,7106,T27
68,0,1,0,257,green,7106,T27
69,0,1,0,257,green,7106,T27
70,0,1,0,257,green,7106,T27
71,0,1,0,257,green,7106,T27
72,0,1,0,257,green,7106,T27
73,0,1,0,257,green,7106,T27
74,0,1,0,257,green,7106,T27
75,0,1,0,257,green,7106,T27
76,0,1,0,257,green,7106,T27
77,0,1,0,257,green,7106,T27
78,0,1,0,257,green,7106,T27
79,0,1,0,257,green,7106,T27
80,0,1,0,257,green,7106,T27
81,0,1,0,257,green,7106,T27
82,0,1,0,257,green,7106,T27
83,0,1,0,257,green,7106,T27
84,0,1,0,257,green,7106,T27
85,0,1,0,257,green,7106,T27
86,0,1,0,257,green,7106,T27
87,0,1,0,257,green,7106,T27
88,0,1,0,257,green,7106,T27
89,0,1,0,257,green,7106,T27
90,0,1,0,257,green,7106,T27
91,0,1,0,257,green,7106,T27
92,0,1,0,257,green,7106,T27
93,0,1,0,257,green,7106,T27
94,0,1,0,257,green,7106,T27
95,0,1,0,257,green,7106,T27
96,0,1,0,257,green,7106,T27
97,0,1,0,257,green,7106,T27
98,0,1,0,257,green,7106,T27
99,0,1,0,257,green,7106,T27
100,0,1,0,257,green,7106,T27
101,0,1,0,257,green,7106,T27
102,0,1,0,257,green,7106,T27
103,0,1,0,257,green,7106,T27
104,0,1,0,257,green,7106,T27
105,0,1,0,257,green,7106,T27
106,0,1,0,257,green,7106,T27
107,0,1,0,257,green,7106,T27
108,0,1,0,257,green,7106,T27
109,0,1,0,257,green,7106,T27
110,0,1,0,257,green,7106,T27
111,0,1,0,257,green,7106,T27
112,0,1,0,257,green,7106,T27
113,0,1,0,257,green,7106,T27
114,0,1,0,257,green,7106,T27
115,0,1,0,257,green,7106,T27
116,0,1,0,257,green,7106,T27
117,0,1,0,257,green,7106,T27
118,0,1,0,257,green,7106,T27
119,0,1,0,257,green,7106,T27
120,0,1,0,257,green,7106,T27
121,0,1,0,257,green,7106,T27
122,0,1,0,257,green,7106,T27
123,0,1,0,257,green,7106,T27
124,0,1,0,257,green,7106,T27
125,0,1,0,257,green,7106,T27
126,0,1,0,257,green,7106,T27
127,0,1,0,257,green,7106,T27
128,0,1,0,257,green,7106,T27
129,0,1,0,257,green,7106,T27
130,0,1,0,257,green,7106,T27
131,0,1,0,257,green,7106,T27
132,0,1,0,257,green,7106,T27
133,0,1,0,257,green,7106,T27
134,0,1,0,257,green,7106,T27
135,0,1,0,257,green,7106,T27
136,0,1,0,257,green,7106,T27
137,0,1,0,257,green,7106,T27
138,0,1,0,257,green,7106,T27
139,0,1,0,257,green,7106,T27
140,0,1,0,257,green,7106,T27
141,0,1,0,257,green,7106,T27
142,0,1,0,257,green,7106,T27
143,0,1,0,257,green,7106,T27
144,0,1,0,257,green,7106,T27
145,0,1,0,257,green,7106,T27
146,0,1,0,257,green,7106,T27
147,0,1,0,257,green,7106,T27
148,0,1,0,257,green,7106,T27
149,0,1,0,257,green,7106,T27
150,0,1,0,257,green,7106,T27
151,0,1,0,257,green,7106,T27
152,0,1,0,257,green,7106,T27
153,0,1,0,257,green,7106,T27
154,0,1,0,257,green,7106,T27
155,0,1,0,257,green,7106,T27
156,0,1,0,257,green,7106,T27
157,0,1,0,257,green,7106,T27
158,0,1,0,257,green,7106,T27
159,0,1,0,257,green,7106,T27
160,0,1,0,257,green,7106,T27
161,0,1,0,257,green,7106,T27
162,0,1,0,257,green,7106,T27
163,0,1,0,257,green,7106,T27
164,0,1,0,257,green,7106,T27
165,0,1,0,257,green,7106,T27
166,0,1,0,257,green,7106,T27
167,0,1,0,257,green,7106,T27
168,0,1,0,257,green,7106,T27
169,0,1,0,257,green,7106,T27
170,0,1,0,257,green,7106,T27
0,0,0,1,258,green,8340,T27
1,0,0,1,258,green,8340,T27
2,0,0,1,258,green,8340,T27
3,0,0,1,258,green,8340,T27
4,0,0,1,258,green,8340,T27
5,0,0,1,258,green,8340,T27
6,0,0,1,258,green,8340,T27
7,0,0,1,258,green,8340,T27
8,0,0,1,258,green,8340,T27
9,0,0,1,258,green,8340,T27
10,0,0,1,258,green,8340,T27
11,0,0,1,258,green,8340,T27
12,0,0,1,258,green,8340,T27
13,0,0,1,258,green,8340,T27
14,0,0,1,258,green,8340,T27
15,0,0,1,258,green,8340,T27
16,0,0,1,258,green,8340,T27
17,0,0,1,258,green,8340,T27
18,0,0,1,258,green,8340,T27
19,0,0,1,258,green,8340,T27
20,0,0,1,258,green,8340,T27
21,0,0,1,258,green,8340,T27
22,0,0,1,258,green,8340,T27
23,0,0,1,258,green,8340,T27
24,0,0,1,258,green,8340,T27
25,0,0,1,258,green,8340,T27
26,0,0,1,258,green,8340,T27
27,0,0,1,258,green,8340,T27
28,0,0,1,258,green,8340,T27
29,0,0,1,258,green,8340,T27
30,0,0,1,258,green,8340,T27
31,0,0,1,258,green,8340,T27
32,0,0,1,258,green,8340,T27
33,0,0,1,258,green,8340,T27
34,0,0,1,258,green,8340,T27
35,0,0,1,258,green,8340,T27
36,0,0,1,258,green,8340,T27
37,0,0,1,258,green,8340,T27
38,0,0,1,258,green,8340,T27
39,0,0,1,258,green,8340,T27
40,0,0,1,258,green,8340,T27
41,0,0,1,258,green,8340,T27
42,0,0,1,258,green,8340,T27
43,0,0,1,258,green,8340,T27
44,0,0,1,258,green,8340,T27
45,0,0,1,258,green,8340,T27
46,0,0,1,258,green,8340,T27
47,0,0,1,258,green,8340,T27
48,0,0,1,258,green,8340,T27
49,0,1,0,258,green,8340,T27
50,0,1,0,258,green,8340,T27
51,0,1,0,258,green,8340,T27
52,0,1,0,258,green,8340,T27
53,0,1,0,258,green,8340,T27
54,0,1,0,258,green,8340,T27
55,0,1,0,258,green,8340,T27
56,0,1,0,258,green,8340,T27
57,0,1,0,258,green,8340,T27
58,0,1,0,258,green,8340,T27
59,0,1,0,258,green,8340,T27
60,0,1,0,258,green,8340,T27
61,0,1,0,258,green,8340,T27
62,0,1,0,258,green,8340,T27
63,0,1,0,258,green,8340,T27
64,0,1,0,258,green,8340,T27
65,0,1,0,258,green,8340,T27
66,0,1,0,258,green,8340,T27
67,0,1,0,258,green,8340,T27
68,0,1,0,258,green,8340,T27
69,0,1,0,258,green,8340,T27
70,0,1,0,258,green,8340,T27
71,0,1,0,258,green,8340,T27
72,0,1,0,258,green,8340,T27
73,0,1,0,258,green,8340,T27
74,0,1,0,258,green,8340,T27
75,0,1,0,258,green,8340,T27
76,0,0,1,258,green,8340,T27
77,0,0,1,258,green,8340,T27
78,0,0,1,258,green,8340,T27
79,0,0,1,258,green,8340,T27
80,0,0,1,258,green,8340,T27
81,0,0,1,258,green,8340,T27
82,0,1,0,258,green,8340,T27
83,0,1,0,258,green,8340,T27
84,0,1,0,258,green,8340,T27
85,0,1,0,258,green,8340,T27
86,0,1,0,258,green,8340,T27
87,0,1,0,258,green,8340,T27
88,1,0,0,258,green,8340,T27
89,1,0,0,258,green,8340,T27
90,1,0,0,258,green,8340,T27
91,1,0,0,258,green,8340,T27
92,1,0,0,258,green,8340,T27
93,1,0,0,258,green,8340,T27
94,1,0,0,258,green,8340,T27
95,1,0,0,258,green,8340,T27
96,1,0,0,258,green,8340,T27
97,1,0,0,258,green,8340,T27
98,1,0,0,258,green,8340,T27
99,1,0,0,258,green,8340,T27
100,1,0,0,258,green,8340,T27
101,1,0,0,258,green,8340,T27
102,1,0,0,258,green,8340,T27
103,1,0,0,258,green,8340,T27
104,1,0,0,258,green,8340,T27
105,1,0,0,258,green,8340,T27
106,1,0,0,258,green,8340,T27
107,1,0,0,258,green,8340,T27
108,1,0,0,258,green,8340,T27
109,1,0,0,258,green,8340,T27
110,1,0,0,258,green,8340,T27
111,1,0,0,258,green,8340,T27
112,1,0,0,258,green,8340,T27
113,1,0,0,258,green,8340,T27
114,1,0,0,258,green,8340,T27
115,1,0,0,258,green,8340,T27
116,1,0,0,258,green,8340,T27
117,1,0,0,258,green,8340,T27
118,1,0,0,258,green,8340,T27
119,1,0,0,258,green,8340,T27
120,1,0,0,258,green,8340,T27
121,1,0,0,258,green,8340,T27
122,1,0,0,258,green,8340,T27
123,1,0,0,258,green,8340,T27
124,1,0,0,258,green,8340,T27
125,1,0,0,258,green,8340,T27
126,1,0,0,258,green,8340,T27
127,1,0,0,258,green,8340,T27
128,1,0,0,258,green,8340,T27
129,1,0,0,258,green,8340,T27
130,1,0,0,258,green,8340,T27
131,1,0,0,258,green,8340,T27
132,1,0,0,258,green,8340,T27
133,1,0,0,258,green,8340,T27
134,1,0,0,258,green,8340,T27
135,1,0,0,258,green,8340,T27
136,1,0,0,258,green,8340,T27
137,1,0,0,258,green,8340,T27
138,1,0,0,258,green,8340,T27
139,1,0,0,258,green,8340,T27
140,1,0,0,258,green,8340,T27
141,1,0,0,258,green,8340,T27
142,1,0,0,258,green,8340,T27
143,1,0,0,258,green,8340,T27
144,1,0,0,258,green,8340,T27
145,1,0,0,258,green,8340,T27
146,1,0,0,258,green,8340,T27
147,1,0,0,258,green,8340,T27
148,1,0,0,258,green,8340,T27
149,1,0,0,258,green,8340,T27
150,1,0,0,258,green,8340,T27
151,1,0,0,258,green,8340,T27
152,1,0,0,258,green,8340,T27
153,1,0,0,258,green,8340,T27
154,1,0,0,258,green,8340,T27
155,1,0,0,258,green,8340,T27
156,1,0,0,258,green,8340,T27
157,1,0,0,258,green,8340,T27
158,1,0,0,258,green,8340,T27
159,1,0,0,258,green,8340,T27
160,1,0,0,258,green,8340,T27
161,1,0,0,258,green,8340,T27
162,1,0,0,258,green,8340,T27
163,1,0,0,258,green,8340,T27
164,1,0,0,258,green,8340,T27
165,1,0,0,258,green,8340,T27
166,1,0,0,258,green,8340,T27
167,0,0,1,258,green,8340,T27
168,0,0,1,258,green,8340,T27
169,0,0,1,258,green,8340,T27
170,0,0,1,258,green,8340,T27
0,0,0,1,259,green,8066,T27
1,0,0,1,259,green,8066,T27
2,0,0,1,259,green,8066,T27
3,0,0,1,259,green,8066,T27
4,0,0,1,259,green,8066,T27
5,0,0,1,259,green,8066,T27
6,0,0,1,259,green,8066,T27
7,0,0,1,259,green,8066,T27
8,0,0,1,259,green,8066,T27
9,0,0,1,259,green,8066,T27
10,0,0,1,259,green,8066,T27
11,0,0,1,259,green,8066,T27
12,0,0,1,259,green,8066,T27
13,0,0,1,259,green,8066,T27
14,0,0,1,259,green,8066,T27
15,0,0,1,259,green,8066,T27
16,0,0,1,259,green,8066,T27
17,0,0,1,259,green,8066,T27
18,0,0,1,259,green,8066,T27
19,0,0,1,259,green,8066,T27
20,0,0,1,259,green,8066,T27
21,0,0,1,259,green,8066,T27
22,0,0,1,259,green,8066,T27
23,0,0,1,259,green,8066,T27
24,0,0,1,259,green,8066,T27
25,0,0,1,259,green,8066,T27
26,0,0,1,259,green,8066,T27
27,0,0,1,259,green,8066,T27
28,0,0,1,259,green,8066,T27
29,0,0,1,259,green,8066,T27
30,0,0,1,259,green,8066,T27
31,0,0,1,259,green,8066,T27
32,0,0,1,259,green,8066,T27
33,0,0,1,259,green,8066,T27
34,0,0,1,259,green,8066,T27
35,0,0,1,259,green,8066,T27
36,0,0,1,259,green,8066,T27
37,0,0,1,259,green,8066,T27
38,0,0,1,259,green,8066,T27
39,0,0,1,259,green,8066,T27
40,0,0,1,259,green,8066,T27
41,0,0,1,259,green,8066,T27
42,0,0,1,259,green,8066,T27
43,0,0,1,259,green,8066,T27
44,0,0,1,259,green,8066,T27
45,0,0,1,259,green,8066,T27
46,0,0,1,259,green,8066,T27
47,0,0,1,259,green,8066,T27
48,0,0,1,259,green,8066,T27
49,0,0,1,259,green,8066,T27
50,0,0,1,259,green,8066,T27
51,0,0,1,259,green,8066,T27
52,0,0,1,259,green,8066,T27
53,0,0,1,259,green,8066,T27
54,0,0,1,259,green,8066,T27
55,0,0,1,259,green,8066,T27
56,0,0,1,259,green,8066,T27
57,0,1,0,259,green,8066,T27
58,0,1,0,259,green,8066,T27
59,0,1,0,259,green,8066,T27
60,0,1,0,259,green,8066,T27
61,0,1,0,259,green,8066,T27
62,0,1,0,259,green,8066,T27
63,0,1,0,259,green,8066,T27
64,0,1,0,259,green,8066,T27
65,0,1,0,259,green,8066,T27
66,0,1,0,259,green,8066,T27
67,0,1,0,259,green,8066,T27
68,0,1,0,259,green,8066,T27
69,0,1,0,259,green,8066,T27
70,0,1,0,259,green,8066,T27
71,0,1,0,259,green,8066,T27
72,0,1,0,259,green,8066,T27
73,0,1,0,259,green,8066,T27
74,0,1,0,259,green,8066,T27
75,0,1,0,259,green,8066,T27
76,0,1,0,259,green,8066,T27
77,0,1,0,259,green,8066,T27
78,0,1,0,259,green,8066,T27
79,0,1,0,259,green,8066,T27
80,0,1,0,259,green,8066,T27
81,0,1,0,259,green,8066,T27
82,0,1,0,259,green,8066,T27
83,0,1,0,259,green,8066,T27
84,0,1,0,259,green,8066,T27
85,0,1,0,259,green,8066,T27
86,0,1,0,259,green,8066,T27
87,0,1,0,259,green,8066,T27
88,0,1,0,259,green,8066,T27
89,0,1,0,259,green,8066,T27
90,0,1,0,259,green,8066,T27
91,0,1,0,259,green,8066,T27
92,0,1,0,259,green,8066,T27
93,0,1,0,259,green,8066,T27
94,0,1,0,259,green,8066,T27
95,0,1,0,259,green,8066,T27
96,0,1,0,259,green,8066,T27
97,0,1,0,259,green,8066,T27
98,0,1,0,259,green,8066,T27
99,0,1,0,259,green,8066,T27
100,0,1,0,259,green,8066,T27
101,0,1,0,259,green,8066,T27
102,0,1,0,259,green,8066,T27
103,0,1,0,259,green,8066,T27
104,0,1,0,259,green,8066,T27
105,0,1,0,259,green,8066,T27
106,0,1,0,259,green,8066,T27
107,0,1,0,259,green,8066,T27
108,0,1,0,259,green,8066,T27
109,0,1,0,259,green,8066,T27
110,0,1,0,259,green,8066,T27
111,0,1,0,259,green,8066,T27
112,0,1,0,259,green,8066,T27
113,0,1,0,259,green,8066,T27
114,0,1,0,259,green,8066,T27
115,0,1,0,259,green,8066,T27
116,0,1,0,259,green,8066,T27
117,0,1,0,259,green,8066,T27
118,0,1,0,259,green,8066,T27
119,0,1,0,259,green,8066,T27
120,0,1,0,259,green,8066,T27
121,0,1,0,259,green,8066,T27
122,0,1,0,259,green,8066,T27
123,0,1,0,259,green,8066,T27
124,0,1,0,259,green,8066,T27
125,0,1,0,259,green,8066,T27
126,0,1,0,259,green,8066,T27
127,0,1,0,259,green,8066,T27
128,0,1,0,259,green,8066,T27
129,0,1,0,259,green,8066,T27
130,0,1,0,259,green,8066,T27
131,0,1,0,259,green,8066,T27
132,0,1,0,259,green,8066,T27
133,0,1,0,259,green,8066,T27
134,0,1,0,259,green,8066,T27
135,0,1,0,259,green,8066,T27
136,0,1,0,259,green,8066,T27
137,0,1,0,259,green,8066,T27
138,0,1,0,259,green,8066,T27
139,0,1,0,259,green,8066,T27
140,0,1,0,259,green,8066,T27
141,0,1,0,259,green,8066,T27
142,0,1,0,259,green,8066,T27
143,0,1,0,259,green,8066,T27
144,0,1,0,259,green,8066,T27
145,0,1,0,259,green,8066,T27
146,0,1,0,259,green,8066,T27
147,0,1,0,259,green,8066,T27
148,0,1,0,259,green,8066,T27
149,0,1,0,259,green,8066,T27
150,0,1,0,259,green,8066,T27
151,0,1,0,259,green,8066,T27
152,0,1,0,259,green,8066,T27
153,0,1,0,259,green,8066,T27
154,0,1,0,259,green,8066,T27
155,0,1,0,259,green,8066,T27
156,0,1,0,259,green,8066,T27
157,0,1,0,259,green,8066,T27
158,0,1,0,259,green,8066,T27
159,0,1,0,259,green,8066,T27
160,0,1,0,259,green,8066,T27
161,0,1,0,259,green,8066,T27
162,0,1,0,259,green,8066,T27
163,0,1,0,259,green,8066,T27
164,0,1,0,259,green,8066,T27
165,0,1,0,259,green,8066,T27
166,0,1,0,259,green,8066,T27
167,0,1,0,259,green,8066,T27
168,0,1,0,259,green,8066,T27
169,0,1,0,259,green,8066,T27
170,0,1,0,259,green,8066,T27
0,0,0,1,260,green,11029,T27
1,0,0,1,260,green,11029,T27
2,0,0,1,260,green,11029,T27
3,0,0,1,260,green,11029,T27
4,0,0,1,260,green,11029,T27
5,0,0,1,260,green,11029,T27
6,0,0,1,260,green,11029,T27
7,0,0,1,260,green,11029,T27
8,0,0,1,260,green,11029,T27
9,0,0,1,260,green,11029,T27
10,0,0,1,260,green,11029,T27
11,0,0,1,260,green,11029,T27
12,0,0,1,260,green,11029,T27
13,0,0,1,260,green,11029,T27
14,0,0,1,260,green,11029,T27
15,0,0,1,260,green,11029,T27
16,0,0,1,260,green,11029,T27
17,0,0,1,260,green,11029,T27
18,0,0,1,260,green,11029,T27
19,0,0,1,260,green,11029,T27
20,0,0,1,260,green,11029,T27
21,0,0,1,260,green,11029,T27
22,0,0,1,260,green,11029,T27
23,0,0,1,260,green,11029,T27
24,0,0,1,260,green,11029,T27
25,0,0,1,260,green,11029,T27
26,0,0,1,260,green,11029,T27
27,0,0,1,260,green,11029,T27
28,0,0,1,260,green,11029,T27
29,0,0,1,260,green,11029,T27
30,0,0,1,260,green,11029,T27
31,0,0,1,260,green,11029,T27
32,0,0,1,260,green,11029,T27
33,0,0,1,260,green,11029,T27
34,0,0,1,260,green,11029,T27
35,0,0,1,260,green,11029,T27
36,0,0,1,260,green,11029,T27
37,0,0,1,260,green,11029,T27
38,0,0,1,260,green,11029,T27
39,0,0,1,260,green,11029,T27
40,0,0,1,260,green,11029,T27
41,0,0,1,260,green,11029,T27
42,0,0,1,260,green,11029,T27
43,0,0,1,260,green,11029,T27
44,0,0,1,260,green,11029,T27
45,0,0,1,260,green,11029,T27
46,0,0,1,260,green,11029,T27
47,0,0,1,260,green,11029,T27
48,0,0,1,260,green,11029,T27
49,0,0,1,260,green,11029,T27
50,0,0,1,260,green,11029,T27
51,0,0,1,260,green,11029,T27
52,0,0,1,260,green,11029,T27
53,0,0,1,260,green,11029,T27
54,0,0,1,260,green,11029,T27
55,0,0,1,260,green,11029,T27
56,0,0,1,260,green,11029,T27
57,0,0,1,260,green,11029,T27
58,0,0,1,260,green,11029,T27
59,0,0,1,260,green,11029,T27
60,0,0,1,260,green,11029,T27
61,0,0,1,260,green,11029,T27
62,0,0,1,260,green,11029,T27
63,0,0,1,260,green,11029,T27
64,0,0,1,260,green,11029,T27
65,0,0,1,260,green,11029,T27
66,0,0,1,260,green,11029,T27
67,0,0,1,260,green,11029,T27
68,0,0,1,260,green,11029,T27
69,0,0,1,260,green,11029,T27
70,0,0,1,260,green,11029,T27
71,0,0,1,260,green,11029,T27
72,0,0,1,260,green,11029,T27
73,0,0,1,260,green,11029,T27
74,0,0,1,260,green,11029,T27
75,0,0,1,260,green,11029,T27
76,0,0,1,260,green,11029,T27
77,0,0,1,260,green,11029,T27
78,0,0,1,260,green,11029,T27
79,0,0,1,260,green,11029,T27
80,0,0,1,260,green,11029,T27
81,0,0,1,260,green,11029,T27
82,0,0,1,260,green,11029,T27
83,0,0,1,260,green,11029,T27
84,0,0,1,260,green,11029,T27
85,0,0,1,260,green,11029,T27
86,0,0,1,260,green,11029,T27
87,0,0,1,260,green,11029,T27
88,0,0,1,260,green,11029,T27
89,0,0,1,260,green,11029,T27
90,0,0,1,260,green,11029,T27
91,0,0,1,260,green,11029,T27
92,0,0,1,260,green,11029,T27
93,0,0,1,260,green,11029,T27
94,0,0,1,260,green,11029,T27
95,0,0,1,260,green,11029,T27
96,0,0,1,260,green,11029,T27
97,0,0,1,260,green,11029,T27
98,0,0,1,260,green,11029,T27
99,0,0,1,260,green,11029,T27
100,0,0,1,260,green,11029,T27
101,0,0,1,260,green,11029,T27
102,0,0,1,260,green,11029,T27
103,0,0,1,260,green,11029,T27
104,0,0,1,260,green,11029,T27
105,0,0,1,260,green,11029,T27
106,0,0,1,260,green,11029,T27
107,0,0,1,260,green,11029,T27
108,0,0,1,260,green,11029,T27
109,0,0,1,260,green,11029,T27
110,0,0,1,260,green,11029,T27
111,0,0,1,260,green,11029,T27
112,0,0,1,260,green,11029,T27
113,0,1,0,260,green,11029,T27
114,0,1,0,260,green,11029,T27
115,0,1,0,260,green,11029,T27
116,0,1,0,260,green,11029,T27
117,0,1,0,260,green,11029,T27
118,0,1,0,260,green,11029,T27
119,0,1,0,260,green,11029,T27
120,0,1,0,260,green,11029,T27
121,0,1,0,260,green,11029,T27
122,0,1,0,260,green,11029,T27
123,0,1,0,260,green,11029,T27
124,0,1,0,260,green,11029,T27
125,0,1,0,260,green,11029,T27
126,0,1,0,260,green,11029,T27
127,0,1,0,260,green,11029,T27
128,0,1,0,260,green,11029,T27
129,0,1,0,260,green,11029,T27
130,0,1,0,260,green,11029,T27
131,0,1,0,260,green,11029,T27
132,0,1,0,260,green,11029,T27
133,0,1,0,260,green,11029,T27
134,0,1,0,260,green,11029,T27
135,0,1,0,260,green,11029,T27
136,0,1,0,260,green,11029,T27
137,0,1,0,260,green,11029,T27
138,0,1,0,260,green,11029,T27
139,0,1,0,260,green,11029,T27
140,0,1,0,260,green,11029,T27
141,0,1,0,260,green,11029,T27
142,0,1,0,260,green,11029,T27
143,0,1,0,260,green,11029,T27
144,0,1,0,260,green,11029,T27
145,0,1,0,260,green,11029,T27
146,0,1,0,260,green,11029,T27
147,0,1,0,260,green,11029,T27
148,0,1,0,260,green,11029,T27
149,0,1,0,260,green,11029,T27
150,0,1,0,260,green,11029,T27
151,0,1,0,260,green,11029,T27
152,0,1,0,260,green,11029,T27
153,0,1,0,260,green,11029,T27
154,0,1,0,260,green,11029,T27
155,0,1,0,260,green,11029,T27
156,0,1,0,260,green,11029,T27
157,0,1,0,260,green,11029,T27
158,0,1,0,260,green,11029,T27
159,0,1,0,260,green,11029,T27
160,0,1,0,260,green,11029,T27
161,0,1,0,260,green,11029,T27
162,0,1,0,260,green,11029,T27
163,0,1,0,260,green,11029,T27
164,0,1,0,260,green,11029,T27
165,0,1,0,260,green,11029,T27
166,0,1,0,260,green,11029,T27
167,0,1,0,260,green,11029,T27
168,0,1,0,260,green,11029,T27
169,0,1,0,260,green,11029,T27
170,0,1,0,260,green,11029,T27
0,0,0,1,261,green,9054,T27
1,0,0,1,261,green,9054,T27
2,0,0,1,261,green,9054,T27
3,0,0,1,261,green,9054,T27
4,0,0,1,261,green,9054,T27
5,0,0,1,261,green,9054,T27
6,0,0,1,261,green,9054,T27
7,0,0,1,261,green,9054,T27
8,0,0,1,261,green,9054,T27
9,0,0,1,261,green,9054,T27
10,0,0,1,261,green,9054,T27
11,0,0,1,261,green,9054,T27
12,0,0,1,261,green,9054,T27
13,0,0,1,261,green,9054,T27
14,0,0,1,261,green,9054,T27
15,0,0,1,261,green,9054,T27
16,0,0,1,261,green,9054,T27
17,0,0,1,261,green,9054,T27
18,0,0,1,261,green,9054,T27
19,0,0,1,261,green,9054,T27
20,0,0,1,261,green,9054,T27
21,0,0,1,261,green,9054,T27
22,0,0,1,261,green,9054,T27
23,0,0,1,261,green,9054,T27
24,0,0,1,261,green,9054,T27
25,0,0,1,261,green,9054,T27
26,0,0,1,261,green,9054,T27
27,0,0,1,261,green,9054,T27
28,0,0,1,261,green,9054,T27
29,0,0,1,261,green,9054,T27
30,0,0,1,261,green,9054,T27
31,0,0,1,261,green,9054,T27
32,0,0,1,261,green,9054,T27
33,0,0,1,261,green,9054,T27
34,0,0,1,261,green,9054,T27
35,0,0,1,261,green,9054,T27
36,1,0,0,261,green,9054,T27
37,1,0,0,261,green,9054,T27
38,1,0,0,261,green,9054,T27
39,1,0,0,261,green,9054,T27
40,1,0,0,261,green,9054,T27
41,1,0,0,261,green,9054,T27
42,1,0,0,261,green,9054,T27
43,1,0,0,261,green,9054,T27
44,1,0,0,261,green,9054,T27
45,1,0,0,261,green,9054,T27
46,1,0,0,261,green,9054,T27
47,1,0,0,261,green,9054,T27
48,1,0,0,261,green,9054,T27
49,1,0,0,261,green,9054,T27
50,1,0,0,261,green,9054,T27
51,1,0,0,261,green,9054,T27
52,1,0,0,261,green,9054,T27
53,1,0,0,261,green,9054,T27
54,1,0,0,261,green,9054,T27
55,1,0,0,261,green,9054,T27
56,1,0,0,261,green,9054,T27
57,1,0,0,261,green,9054,T27
58,1,0,0,261,green,9054,T27
59,1,0,0,261,green,9054,T27
60,1,0,0,261,green,9054,T27
61,1,0,0,261,green,9054,T27
62,1,0,0,261,green,9054,T27
63,1,0,0,261,green,9054,T27
64,1,0,0,261,green,9054,T27
65,1,0,0,261,green,9054,T27
66,1,0,0,261,green,9054,T27
67,1,0,0,261,green,9054,T27
68,1,0,0,261,green,9054,T27
69,1,0,0,261,green,9054,T27
70,1,0,0,261,green,9054,T27
71,1,0,0,261,green,9054,T27
72,1,0,0,261,green,9054,T27
73,1,0,0,261,green,9054,T27
74,1,0,0,261,green,9054,T27
75,1,0,0,261,green,9054,T27
76,1,0,0,261,green,9054,T27
77,1,0,0,261,green,9054,T27
78,1,0,0,261,green,9054,T27
79,1,0,0,261,green,9054,T27
80,1,0,0,261,green,9054,T27
81,1,0,0,261,green,9054,T27
82,1,0,0,261,green,9054,T27
83,1,0,0,261,green,9054,T27
84,1,0,0,261,green,9054,T27
85,1,0,0,261,green,9054,T27
86,1,0,0,261,green,9054,T27
87,1,0,0,261,green,9054,T27
88,1,0,0,261,green,9054,T27
89,1,0,0,261,green,9054,T27
90,1,0,0,261,green,9054,T27
91,1,0,0,261,green,9054,T27
92,1,0,0,261,green,9054,T27
93,1,0,0,261,green,9054,T27
94,1,0,0,261,green,9054,T27
95,1,0,0,261,green,9054,T27
96,1,0,0,261,green,9054,T27
97,1,0,0,261,green,9054,T27
98,1,0,0,261,green,9054,T27
99,1,0,0,261,green,9054,T27
100,1,0,0,261,green,9054,T27
101,1,0,0,261,green,9054,T27
102,1,0,0,261,green,9054,T27
103,1,0,0,261,green,9054,T27
104,1,0,0,261,green,9054,T27
105,1,0,0,261,green,9054,T27
106,1,0,0,261,green,9054,T27
107,1,0,0,261,green,9054,T27
108,1,0,0,261,green,9054,T27
109,1,0,0,261,green,9054,T27
110,1,0,0,261,green,9054,T27
111,1,0,0,261,green,9054,T27
112,1,0,0,261,green,9054,T27
113,1,0,0,261,green,9054,T27
114,1,0,0,261,green,9054,T27
115,1,0,0,261,green,9054,T27
116,1,0,0,261,green,9054,T27
117,1,0,0,261,green,9054,T27
118,1,0,0,261,green,9054,T27
119,1,0,0,261,green,9054,T27
120,1,0,0,261,green,9054,T27
121,1,0,0,261,green,9054,T27
122,1,0,0,261,green,9054,T27
123,1,0,0,261,green,9054,T27
124,1,0,0,261,green,9054,T27
125,1,0,0,261,green,9054,T27
126,1,0,0,261,green,9054,T27
127,1,0,0,261,green,9054,T27
128,1,0,0,261,green,9054,T27
129,1,0,0,261,green,9054,T27
130,1,0,0,261,green,9054,T27
131,1,0,0,261,green,9054,T27
132,1,0,0,261,green,9054,T27
133,1,0,0,261,green,9054,T27
134,1,0,0,261,green,9054,T27
135,1,0,0,261,green,9054,T27
136,1,0,0,261,green,9054,T27
137,1,0,0,261,green,9054,T27
138,1,0,0,261,green,9054,T27
139,1,0,0,261,green,9054,T27
140,1,0,0,261,green,9054,T27
141,1,0,0,261,green,9054,T27
142,1,0,0,261,green,9054,T27
143,1,0,0,261,green,9054,T27
144,1,0,0,261,green,9054,T27
145,1,0,0,261,green,9054,T27
146,1,0,0,261,green,9054,T27
147,1,0,0,261,green,9054,T27
148,1,0,0,261,green,9054,T27
149,1,0,0,261,green,9054,T27
150,1,0,0,261,green,9054,T27
151,1,0,0,261,green,9054,T27
152,1,0,0,261,green,9054,T27
153,1,0,0,261,green,9054,T27
154,1,0,0,261,green,9054,T27
155,1,0,0,261,green,9054,T27
156,1,0,0,261,green,9054,T27
157,1,0,0,261,green,9054,T27
158,1,0,0,261,green,9054,T27
159,1,0,0,261,green,9054,T27
160,0,1,0,261,green,9054,T27
161,0,1,0,261,green,9054,T27
162,0,1,0,261,green,9054,T27
163,0,1,0,261,green,9054,T27
164,0,1,0,261,green,9054,T27
165,0,1,0,261,green,9054,T27
166,0,1,0,261,green,9054,T27
167,0,1,0,261,green,9054,T27
168,0,1,0,261,green,9054,T27
169,0,1,0,261,green,9054,T27
170,0,1,0,261,green,9054,T27
0,0,0,1,262,green,10568,T27
1,0,0,1,262,green,10568,T27
2,0,0,1,262,green,10568,T27
3,0,0,1,262,green,10568,T27
4,0,0,1,262,green,10568,T27
5,0,0,1,262,green,10568,T27
6,0,0,1,262,green,10568,T27
7,0,0,1,262,green,10568,T27
8,0,0,1,262,green,10568,T27
9,0,0,1,262,green,10568,T27
10,0,0,1,262,green,10568,T27
11,0,0,1,262,green,10568,T27
12,0,0,1,262,green,10568,T27
13,0,0,1,262,green,10568,T27
14,0,0,1,262,green,10568,T27
15,0,0,1,262,green,10568,T27
16,0,0,1,262,green,10568,T27
17,0,0,1,262,green,10568,T27
18,0,0,1,262,green,10568,T27
19,0,0,1,262,green,10568,T27
20,0,0,1,262,green,10568,T27
21,0,0,1,262,green,10568,T27
22,0,0,1,262,green,10568,T27
23,0,0,1,262,green,10568,T27
24,0,0,1,262,green,10568,T27
25,0,0,1,262,green,10568,T27
26,0,0,1,262,green,10568,T27
27,0,0,1,262,green,10568,T27
28,0,0,1,262,green,10568,T27
29,0,0,1,262,green,10568,T27
30,0,0,1,262,green,10568,T27
31,0,0,1,262,green,10568,T27
32,0,0,1,262,green,10568,T27
33,0,0,1,262,green,10568,T27
34,0,0,1,262,green,10568,T27
35,0,0,1,262,green,10568,T27
36,0,0,1,262,green,10568,T27
37,0,0,1,262,green,10568,T27
38,0,0,1,262,green,10568,T27
39,0,0,1,262,green,10568,T27
40,0,0,1,262,green,10568,T27
41,0,0,1,262,green,10568,T27
42,0,0,1,262,green,10568,T27
43,0,0,1,262,green,10568,T27
44,0,0,1,262,green,10568,T27
45,0,0,1,262,green,10568,T27
46,0,0,1,262,green,10568,T27
47,0,0,1,262,green,10568,T27
48,0,0,1,262,green,10568,T27
49,0,0,1,262,green,10568,T27
50,0,0,1,262,green,10568,T27
51,0,0,1,262,green,10568,T27
52,0,0,1,262,green,10568,T27
53,0,0,1,262,green,10568,T27
54,0,0,1,262,green,10568,T27
55,0,0,1,262,green,10568,T27
56,0,0,1,262,green,10568,T27
57,0,0,1,262,green,10568,T27
58,0,0,1,262,green,10568,T27
59,0,0,1,262,green,10568,T27
60,0,0,1,262,green,10568,T27
61,0,0,1,262,green,10568,T27
62,0,0,1,262,green,10568,T27
63,0,0,1,262,green,10568,T27
64,0,0,1,262,green,10568,T27
65,0,0,1,262,green,10568,T27
66,0,0,1,262,green,10568,T27
67,0,0,1,262,green,10568,T27
68,0,0,1,262,green,10568,T27
69,0,0,1,262,green,10568,T27
70,0,0,1,262,green,10568,T27
71,0,0,1,262,green,10568,T27
72,0,0,1,262,green,10568,T27
73,0,0,1,262,green,10568,T27
74,0,0,1,262,green,10568,T27
75,0,0,1,262,green,10568,T27
76,0,0,1,262,green,10568,T27
77,0,0,1,262,green,10568,T27
78,0,0,1,262,green,10568,T27
79,0,0,1,262,green,10568,T27
80,0,0,1,262,green,10568,T27
81,0,0,1,262,green,10568,T27
82,0,0,1,262,green,10568,T27
83,0,0,1,262,green,10568,T27
84,0,0,1,262,green,10568,T27
85,0,0,1,262,green,10568,T27
86,0,0,1,262,green,10568,T27
87,0,0,1,262,green,10568,T27
88,0,0,1,262,green,10568,T27
89,0,0,1,262,green,10568,T27
90,0,0,1,262,green,10568,T27
91,0,0,1,262,green,10568,T27
92,0,1,0,262,green,10568,T27
93,0,1,0,262,green,10568,T27
94,0,1,0,262,green,10568,T27
95,0,1,0,262,green,10568,T27
96,0,1,0,262,green,10568,T27
97,0,1,0,262,green,10568,T27
98,0,1,0,262,green,10568,T27
99,0,1,0,262,green,10568,T27
100,0,1,0,262,green,10568,T27
101,0,1,0,262,green,10568,T27
102,0,1,0,262,green,10568,T27
103,0,1,0,262,green,10568,T27
104,0,1,0,262,green,10568,T27
105,0,1,0,262,green,10568,T27
106,0,1,0,262,green,10568,T27
107,0,1,0,262,green,10568,T27
108,0,1,0,262,green,10568,T27
109,0,1,0,262,green,10568,T27
110,0,1,0,262,green,10568,T27
111,0,1,0,262,green,10568,T27
112,0,1,0,262,green,10568,T27
113,0,1,0,262,green,10568,T27
114,0,1,0,262,green,10568,T27
115,0,1,0,262,green,10568,T27
116,0,1,0,262,green,10568,T27
117,0,1,0,262,green,10568,T27
118,0,1,0,262,green,10568,T27
119,0,1,0,262,green,10568,T27
120,0,1,0,262,green,10568,T27
121,0,1,0,262,green,10568,T27
122,0,1,0,262,green,10568,T27
123,0,1,0,262,green,10568,T27
124,0,1,0,262,green,10568,T27
125,0,1,0,262,green,10568,T27
126,0,1,0,262,green,10568,T27
127,0,1,0,262,green,10568,T27
128,0,1,0,262,green,10568,T27
129,0,1,0,262,green,10568,T27
130,0,1,0,262,green,10568,T27
131,0,1,0,262,green,10568,T27
132,0,1,0,262,green,10568,T27
133,0,1,0,262,green,10568,T27
134,0,1,0,262,green,10568,T27
135,0,1,0,262,green,10568,T27
136,0,1,0,262,green,10568,T27
137,0,1,0,262,green,10568,T27
138,0,1,0,262,green,10568,T27
139,0,1,0,262,green,10568,T27
140,0,1,0,262,green,10568,T27
141,0,1,0,262,green,10568,T27
142,0,1,0,262,green,10568,T27
143,0,1,0,262,green,10568,T27
144,0,1,0,262,green,10568,T27
145,0,1,0,262,green,10568,T27
146,0,1,0,262,green,10568,T27
147,0,1,0,262,green,10568,T27
148,0,1,0,262,green,10568,T27
149,0,1,0,262,green,10568,T27
150,0,1,0,262,green,10568,T27
151,0,1,0,262,green,10568,T27
152,0,1,0,262,green,10568,T27
153,0,1,0,262,green,10568,T27
154,0,1,0,262,green,10568,T27
155,0,1,0,262,green,10568,T27
156,0,1,0,262,green,10568,T27
157,0,1,0,262,green,10568,T27
158,0,1,0,262,green,10568,T27
159,0,1,0,262,green,10568,T27
160,0,1,0,262,green,10568,T27
161,0,1,0,262,green,10568,T27
162,0,1,0,262,green,10568,T27
163,0,1,0,262,green,10568,T27
164,0,1,0,262,green,10568,T27
165,0,1,0,262,green,10568,T27
166,0,1,0,262,green,10568,T27
167,0,1,0,262,green,10568,T27
168,0,1,0,262,green,10568,T27
169,0,1,0,262,green,10568,T27
170,0,1,0,262,green,10568,T27
0,0,0,1,263,green,9609,T27
1,0,0,1,263,green,9609,T27
2,0,0,1,263,green,9609,T27
3,0,0,1,263,green,9609,T27
4,0,0,1,263,green,9609,T27
5,0,0,1,263,green,9609,T27
6,0,0,1,263,green,9609,T27
7,0,0,1,263,green,9609,T27
8,0,0,1,263,green,9609,T27
9,0,0,1,263,green,9609,T27
10,0,0,1,263,green,9609,T27
11,0,0,1,263,green,9609,T27
12,0,0,1,263,green,9609,T27
13,0,0,1,263,green,9609,T27
14,0,0,1,263,green,9609,T27
15,0,0,1,263,green,9609,T27
16,0,0,1,263,green,9609,T27
17,0,0,1,263,green,9609,T27
18,0,0,1,263,green,9609,T27
19,0,0,1,263,green,9609,T27
20,0,0,1,263,green,9609,T27
21,0,0,1,263,green,9609,T27
22,0,0,1,263,green,9609,T27
23,0,0,1,263,green,9609,T27
24,0,0,1,263,green,9609,T27
25,0,0,1,263,green,9609,T27
26,0,0,1,263,green,9609,T27
27,0,0,1,263,green,9609,T27
28,0,0,1,263,green,9609,T27
29,0,0,1,263,green,9609,T27
30,0,0,1,263,green,9609,T27
31,0,0,1,263,green,9609,T27
32,0,0,1,263,green,9609,T27
33,0,0,1,263,green,9609,T27
34,0,0,1,263,green,9609,T27
35,0,0,1,263,green,9609,T27
36,0,0,1,263,green,9609,T27
37,0,0,1,263,green,9609,T27
38,0,0,1,263,green,9609,T27
39,0,0,1,263,green,9609,T27
40,0,0,1,263,green,9609,T27
41,0,0,1,263,green,9609,T27
42,0,0,1,263,green,9609,T27
43,0,0,1,263,green,9609,T27
44,0,0,1,263,green,9609,T27
45,0,0,1,263,green,9609,T27
46,0,0,1,263,green,9609,T27
47,0,0,1,263,green,9609,T27
48,0,0,1,263,green,9609,T27
49,0,0,1,263,green,9609,T27
50,0,0,1,263,green,9609,T27
51,0,0,1,263,green,9609,T27
52,0,0,1,263,green,9609,T27
53,0,0,1,263,green,9609,T27
54,0,0,1,263,green,9609,T27
55,0,0,1,263,green,9609,T27
56,0,0,1,263,green,9609,T27
57,0,0,1,263,green,9609,T27
58,0,0,1,263,green,9609,T27
59,0,0,1,263,green,9609,T27
60,0,0,1,263,green,9609,T27
61,0,0,1,263,green,9609,T27
62,0,0,1,263,green,9609,T27
63,0,0,1,263,green,9609,T27
64,0,0,1,263,green,9609,T27
65,0,0,1,263,green,9609,T27
66,0,0,1,263,green,9609,T27
67,0,0,1,263,green,9609,T27
68,0,0,1,263,green,9609,T27
69,0,0,1,263,green,9609,T27
70,0,0,1,263,green,9609,T27
71,0,0,1,263,green,9609,T27
72,0,0,1,263,green,9609,T27
73,0,0,1,263,green,9609,T27
74,0,0,1,263,green,9609,T27
75,0,0,1,263,green,9609,T27
76,0,0,1,263,green,9609,T27
77,0,0,1,263,green,9609,T27
78,0,0,1,263,green,9609,T27
79,0,0,1,263,green,9609,T27
80,0,0,1,263,green,9609,T27
81,0,0,1,263,green,9609,T27
82,0,0,1,263,green,9609,T27
83,0,0,1,263,green,9609,T27
84,0,0,1,263,green,9609,T27
85,0,0,1,263,green,9609,T27
86,0,0,1,263,green,9609,T27
87,0,0,1,263,green,9609,T27
88,0,0,1,263,green,9609,T27
89,0,0,1,263,green,9609,T27
90,0,0,1,263,green,9609,T27
91,0,0,1,263,green,9609,T27
92,0,0,1,263,green,9609,T27
93,0,0,1,263,green,9609,T27
94,0,0,1,263,green,9609,T27
95,0,0,1,263,green,9609,T27
96,0,0,1,263,green,9609,T27
97,0,0,1,263,green,9609,T27
98,0,0,1,263,green,9609,T27
99,0,0,1,263,green,9609,T27
100,0,0,1,263,green,9609,T27
101,0,0,1,263,green,9609,T27
102,0,0,1,263,green,9609,T27
103,0,0,1,263,green,9609,T27
104,0,0,1,263,green,9609,T27
105,0,0,1,263,green,9609,T27
106,0,0,1,263,green,9609,T27
107,0,0,1,263,green,9609,T27
108,0,0,1,263,green,9609,T27
109,0,0,1,263,green,9609,T27
110,0,0,1,263,green,9609,T27
111,0,0,1,263,green,9609,T27
112,0,0,1,263,green,9609,T27
113,0,0,1,263,green,9609,T27
114,0,0,1,263,green,9609,T27
115,0,0,1,263,green,9609,T27
116,0,0,1,263,green,9609,T27
117,0,0,1,263,green,9609,T27
118,0,0,1,263,green,9609,T27
119,0,0,1,263,green,9609,T27
120,0,0,1,263,green,9609,T27
121,0,0,1,263,green,9609,T27
122,0,0,1,263,green,9609,T27
123,0,0,1,263,green,9609,T27
124,0,0,1,263,green,9609,T27
125,0,1,0,263,green,9609,T27
126,0,1,0,263,green,9609,T27
127,0,1,0,263,green,9609,T27
128,0,1,0,263,green,9609,T27
129,0,1,0,263,green,9609,T27
130,0,1,0,263,green,9609,T27
131,0,1,0,263,green,9609,T27
132,0,1,0,263,green,9609,T27
133,0,1,0,263,green,9609,T27
134,0,1,0,263,green,9609,T27
135,0,1,0,263,green,9609,T27
136,0,1,0,263,green,9609,T27
137,0,1,0,263,green,9609,T27
138,0,1,0,263,green,9609,T27
139,0,1,0,263,green,9609,T27
140,0,1,0,263,green,9609,T27
141,0,1,0,263,green,9609,T27
142,0,1,0,263,green,9609,T27
143,0,1,0,263,green,9609,T27
144,0,1,0,263,green,9609,T27
145,0,1,0,263,green,9609,T27
146,0,1,0,263,green,9609,T27
147,0,1,0,263,green,9609,T27
148,0,1,0,263,green,9609,T27
149,0,1,0,263,green,9609,T27
150,0,1,0,263,green,9609,T27
151,0,1,0,263,green,9609,T27
152,0,1,0,263,green,9609,T27
153,0,1,0,263,green,9609,T27
154,0,1,0,263,green,9609,T27
155,0,1,0,263,green,9609,T27
156,0,1,0,263,green,9609,T27
157,0,1,0,263,green,9609,T27
158,0,1,0,263,green,9609,T27
159,0,1,0,263,green,9609,T27
160,0,1,0,263,green,9609,T27
161,0,1,0,263,green,9609,T27
162,0,1,0,263,green,9609,T27
163,0,1,0,263,green,9609,T27
164,0,1,0,263,green,9609,T27
165,0,1,0,263,green,9609,T27
166,0,1,0,263,green,9609,T27
167,0,1,0,263,green,9609,T27
168,0,1,0,263,green,9609,T27
169,0,1,0,263,green,9609,T27
170,0,1,0,263,green,9609,T27
0,0,0,1,264,green,9306,T27
1,0,0,1,264,green,9306,T27
2,0,0,1,264,green,9306,T27
3,0,0,1,264,green,9306,T27
4,0,0,1,264,green,9306,T27
5,0,0,1,264,green,9306,T27
6,0,0,1,264,green,9306,T27
7,0,0,1,264,green,9306,T27
8,0,0,1,264,green,9306,T27
9,0,0,1,264,green,9306,T27
10,0,0,1,264,green,9306,T27
11,0,0,1,264,green,9306,T27
12,0,0,1,264,green,9306,T27
13,0,0,1,264,green,9306,T27
14,0,0,1,264,green,9306,T27
15,0,0,1,264,green,9306,T27
16,0,0,1,264,green,9306,T27
17,0,0,1,264,green,9306,T27
18,0,0,1,264,green,9306,T27
19,0,0,1,264,green,9306,T27
20,0,0,1,264,green,9306,T27
21,0,0,1,264,green,9306,T27
22,0,0,1,264,green,9306,T27
23,0,0,1,264,green,9306,T27
24,0,0,1,264,green,9306,T27
25,0,0,1,264,green,9306,T27
26,0,0,1,264,green,9306,T27
27,0,0,1,264,green,9306,T27
28,0,0,1,264,green,9306,T27
29,0,0,1,264,green,9306,T27
30,0,0,1,264,green,9306,T27
31,0,0,1,264,green,9306,T27
32,0,0,1,264,green,9306,T27
33,0,0,1,264,green,9306,T27
34,0,0,1,264,green,9306,T27
35,0,0,1,264,green,9306,T27
36,0,0,1,264,green,9306,T27
37,0,0,1,264,green,9306,T27
38,0,0,1,264,green,9306,T27
39,0,0,1,264,green,9306,T27
40,0,0,1,264,green,9306,T27
41,0,0,1,264,green,9306,T27
42,0,0,1,264,green,9306,T27
43,0,0,1,264,green,9306,T27
44,0,0,1,264,green,9306,T27
45,0,0,1,264,green,9306,T27
46,0,0,1,264,green,9306,T27
47,0,0,1,264,green,9306,T27
48,0,0,1,264,green,9306,T27
49,0,0,1,264,green,9306,T27
50,0,0,1,264,green,9306,T27
51,0,0,1,264,green,9306,T27
52,0,0,1,264,green,9306,T27
53,0,0,1,264,green,9306,T27
54,0,0,1,264,green,9306,T27
55,0,0,1,264,green,9306,T27
56,0,0,1,264,green,9306,T27
57,0,0,1,264,green,9306,T27
58,0,0,1,264,green,9306,T27
59,0,0,1,264,green,9306,T27
60,0,0,1,264,green,9306,T27
61,0,0,1,264,green,9306,T27
62,0,0,1,264,green,9306,T27
63,0,0,1,264,green,9306,T27
64,0,0,1,264,green,9306,T27
65,0,0,1,264,green,9306,T27
66,0,0,1,264,green,9306,T27
67,0,0,1,264,green,9306,T27
68,0,0,1,264,green,9306,T27
69,0,1,0,264,green,9306,T27
70,0,1,0,264,green,9306,T27
71,0,1,0,264,green,9306,T27
72,0,1,0,264,green,9306,T27
73,0,1,0,264,green,9306,T27
74,0,1,0,264,green,9306,T27
75,0,1,0,264,green,9306,T27
76,0,1,0,264,green,9306,T27
77,0,1,0,264,green,9306,T27
78,0,1,0,264,green,9306,T27
79,0,1,0,264,green,9306,T27
80,0,1,0,264,green,9306,T27
81,0,1,0,264,green,9306,T27
82,0,1,0,264,green,9306,T27
83,0,1,0,264,green,9306,T27
84,0,1,0,264,green,9306,T27
85,0,1,0,264,green,9306,T27
86,0,1,0,264,green,9306,T27
87,0,1,0,264,green,9306,T27
88,0,1,0,264,green,9306,T27
89,0,1,0,264,green,9306,T27
90,0,1,0,264,green,9306,T27
91,0,1,0,264,green,9306,T27
92,0,1,0,264,green,9306,T27
93,0,1,0,264,green,9306,T27
94,0,1,0,264,green,9306,T27
95,0,1,0,264,green,9306,T27
96,0,1,0,264,green,9306,T27
97,0,1,0,264,green,9306,T27
98,0,1,0,264,green,9306,T27
99,0,1,0,264,green,9306,T27
100,0,1,0,264,green,9306,T27
101,0,1,0,264,green,9306,T27
102,0,1,0,264,green,9306,T27
103,0,1,0,264,green,9306,T27
104,0,1,0,264,green,9306,T27
105,0,1,0,264,green,9306,T27
106,0,1,0,264,green,9306,T27
107,0,1,0,264,green,9306,T27
108,0,1,0,264,green,9306,T27
109,0,1,0,264,green,9306,T27
110,0,1,0,264,green,9306,T27
111,0,1,0,264,green,9306,T27
112,0,1,0,264,green,9306,T27
113,0,1,0,264,green,9306,T27
114,0,1,0,264,green,9306,T27
115,0,1,0,264,green,9306,T27
116,0,1,0,264,green,9306,T27
117,0,1,0,264,green,9306,T27
118,0,1,0,264,green,9306,T27
119,0,1,0,264,green,9306,T27
120,0,1,0,264,green,9306,T27
121,0,1,0,264,green,9306,T27
122,0,1,0,264,green,9306,T27
123,0,1,0,264,green,9306,T27
124,0,1,0,264,green,9306,T27
125,0,1,0,264,green,9306,T27
126,0,1,0,264,green,9306,T27
127,0,1,0,264,green,9306,T27
128,0,1,0,264,green,9306,T27
129,0,1,0,264,green,9306,T27
130,0,1,0,264,green,9306,T27
131,0,1,0,264,green,9306,T27
132,0,1,0,264,green,9306,T27
133,0,1,0,264,green,9306,T27
134,0,1,0,264,green,9306,T27
135,0,1,0,264,green,9306,T27
136,0,1,0,264,green,9306,T27
137,0,1,0,264,green,9306,T27
138,0,1,0,264,green,9306,T27
139,0,1,0,264,green,9306,T27
140,0,1,0,264,green,9306,T27
141,0,1,0,264,green,9306,T27
142,0,1,0,264,green,9306,T27
143,0,1,0,264,green,9306,T27
144,0,1,0,264,green,9306,T27
145,0,1,0,264,green,9306,T27
146,0,1,0,264,green,9306,T27
147,0,1,0,264,green,9306,T27
148,0,1,0,264,green,9306,T27
149,0,1,0,264,green,9306,T27
150,0,1,0,264,green,9306,T27
151,0,1,0,264,green,9306,T27
152,0,1,0,264,green,9306,T27
153,0,1,0,264,green,9306,T27
154,0,1,0,264,green,9306,T27
155,0,1,0,264,green,9306,T27
156,0,1,0,264,green,9306,T27
157,0,1,0,264,green,9306,T27
158,0,1,0,264,green,9306,T27
159,0,1,0,264,green,9306,T27
160,0,1,0,264,green,9306,T27
161,0,1,0,264,green,9306,T27
162,0,1,0,264,green,9306,T27
163,0,1,0,264,green,9306,T27
164,0,1,0,264,green,9306,T27
165,0,1,0,264,green,9306,T27
166,0,1,0,264,green,9306,T27
167,0,1,0,264,green,9306,T27
168,0,1,0,264,green,9306,T27
169,0,1,0,264,green,9306,T27
170,0,1,0,264,green,9306,T27
0,0,0,1,265,green,7977,T27
1,0,0,1,265,green,7977,T27
2,0,0,1,265,green,7977,T27
3,0,0,1,265,green,7977,T27
4,0,0,1,265,green,7977,T27
5,0,0,1,265,green,7977,T27
6,0,0,1,265,green,7977,T27
7,0,0,1,265,green,7977,T27
8,0,0,1,265,green,7977,T27
9,0,0,1,265,green,7977,T27
10,0,0,1,265,green,7977,T27
11,0,0,1,265,green,7977,T27
12,0,0,1,265,green,7977,T27
13,0,0,1,265,green,7977,T27
14,0,0,1,265,green,7977,T27
15,0,0,1,265,green,7977,T27
16,0,0,1,265,green,7977,T27
17,0,0,1,265,green,7977,T27
18,0,0,1,265,green,7977,T27
19,0,0,1,265,green,7977,T27
20,0,0,1,265,green,7977,T27
21,0,0,1,265,green,7977,T27
22,0,0,1,265,green,7977,T27
23,0,0,1,265,green,7977,T27
24,0,0,1,265,green,7977,T27
25,0,0,1,265,green,7977,T27
26,0,0,1,265,green,7977,T27
27,0,0,1,265,green,7977,T27
28,0,0,1,265,green,7977,T27
29,0,0,1,265,green,7977,T27
30,0,0,1,265,green,7977,T27
31,0,0,1,265,green,7977,T27
32,0,0,1,265,green,7977,T27
33,0,0,1,265,green,7977,T27
34,0,0,1,265,green,7977,T27
35,0,0,1,265,green,7977,T27
36,0,0,1,265,green,7977,T27
37,0,0,1,265,green,7977,T27
38,0,0,1,265,green,7977,T27
39,0,0,1,265,green,7977,T27
40,0,0,1,265,green,7977,T27
41,0,0,1,265,green,7977,T27
42,0,0,1,265,green,7977,T27
43,0,0,1,265,green,7977,T27
44,0,0,1,265,green,7977,T27
45,0,0,1,265,green,7977,T27
46,0,0,1,265,green,7977,T27
47,0,0,1,265,green,7977,T27
48,0,0,1,265,green,7977,T27
49,0,0,1,265,green,7977,T27
50,0,0,1,265,green,7977,T27
51,0,0,1,265,green,7977,T27
52,0,0,1,265,green,7977,T27
53,0,0,1,265,green,7977,T27
54,0,0,1,265,green,7977,T27
55,0,0,1,265,green,7977,T27
56,0,0,1,265,green,7977,T27
57,0,0,1,265,green,7977,T27
58,0,0,1,265,green,7977,T27
59,0,0,1,265,green,7977,T27
60,0,0,1,265,green,7977,T27
61,0,0,1,265,green,7977,T27
62,0,0,1,265,green,7977,T27
63,0,0,1,265,green,7977,T27
64,0,0,1,265,green,7977,T27
65,0,0,1,265,green,7977,T27
66,0,0,1,265,green,7977,T27
67,0,0,1,265,green,7977,T27
68,0,0,1,265,green,7977,T27
69,0,0,1,265,green,7977,T27
70,0,0,1,265,green,7977,T27
71,0,0,1,265,green,7977,T27
72,0,0,1,265,green,7977,T27
73,0,0,1,265,green,7977,T27
74,0,0,1,265,green,7977,T27
75,0,0,1,265,green,7977,T27
76,0,0,1,265,green,7977,T27
77,0,0,1,265,green,7977,T27
78,0,0,1,265,green,7977,T27
79,0,0,1,265,green,7977,T27
80,0,0,1,265,green,7977,T27
81,0,0,1,265,green,7977,T27
82,0,0,1,265,green,7977,T27
83,0,0,1,265,green,7977,T27
84,0,0,1,265,green,7977,T27
85,0,0,1,265,green,7977,T27
86,0,0,1,265,green,7977,T27
87,0,0,1,265,green,7977,T27
88,0,0,1,265,green,7977,T27
89,0,0,1,265,green,7977,T27
90,0,0,1,265,green,7977,T27
91,1,0,0,265,green,7977,T27
92,1,0,0,265,green,7977,T27
93,1,0,0,265,green,7977,T27
94,1,0,0,265,green,7977,T27
95,1,0,0,265,green,7977,T27
96,1,0,0,265,green,7977,T27
97,1,0,0,265,green,7977,T27
98,1,0,0,265,green,7977,T27
99,1,0,0,265,green,7977,T27
100,1,0,0,265,green,7977,T27
101,1,0,0,265,green,7977,T27
102,1,0,0,265,green,7977,T27
103,1,0,0,265,green,7977,T27
104,1,0,0,265,green,7977,T27
105,1,0,0,265,green,7977,T27
106,1,0,0,265,green,7977,T27
107,1,0,0,265,green,7977,T27
108,0,0,1,265,green,7977,T27
109,0,0,1,265,green,7977,T27
110,0,0,1,265,green,7977,T27
111,0,0,1,265,green,7977,T27
112,0,0,1,265,green,7977,T27
113,0,0,1,265,green,7977,T27
114,0,0,1,265,green,7977,T27
115,0,0,1,265,green,7977,T27
116,0,0,1,265,green,7977,T27
117,0,0,1,265,green,7977,T27
118,0,0,1,265,green,7977,T27
119,0,0,1,265,green,7977,T27
120,0,0,1,265,green,7977,T27
121,0,0,1,265,green,7977,T27
122,0,0,1,265,green,7977,T27
123,0,0,1,265,green,7977,T27
124,0,0,1,265,green,7977,T27
125,0,0,1,265,green,7977,T27
126,0,0,1,265,green,7977,T27
127,0,0,1,265,green,7977,T27
128,0,0,1,265,green,7977,T27
129,0,0,1,265,green,7977,T27
130,0,0,1,265,green,7977,T27
131,0,0,1,265,green,7977,T27
132,0,0,1,265,green,7977,T27
133,0,0,1,265,green,7977,T27
134,0,0,1,265,green,7977,T27
135,0,0,1,265,green,7977,T27
136,0,0,1,265,green,7977,T27
137,0,0,1,265,green,7977,T27
138,0,0,1,265,green,7977,T27
139,0,0,1,265,green,7977,T27
140,0,0,1,265,green,7977,T27
141,0,0,1,265,green,7977,T27
142,0,0,1,265,green,7977,T27
143,0,0,1,265,green,7977,T27
144,0,0,1,265,green,7977,T27
145,0,0,1,265,green,7977,T27
146,0,0,1,265,green,7977,T27
147,0,0,1,265,green,7977,T27
148,0,0,1,265,green,7977,T27
149,0,0,1,265,green,7977,T27
150,0,0,1,265,green,7977,T27
151,0,0,1,265,green,7977,T27
152,0,0,1,265,green,7977,T27
153,0,0,1,265,green,7977,T27
154,0,0,1,265,green,7977,T27
155,0,0,1,265,green,7977,T27
156,0,0,1,265,green,7977,T27
157,0,0,1,265,green,7977,T27
158,0,0,1,265,green,7977,T27
159,0,0,1,265,green,7977,T27
160,0,0,1,265,green,7977,T27
161,0,0,1,265,green,7977,T27
162,0,0,1,265,green,7977,T27
163,0,0,1,265,green,7977,T27
164,0,0,1,265,green,7977,T27
165,0,0,1,265,green,7977,T27
166,0,0,1,265,green,7977,T27
167,0,0,1,265,green,7977,T27
168,0,0,1,265,green,7977,T27
169,0,0,1,265,green,7977,T27
170,0,0,1,265,green,7977,T27
0,0,0,1,266,green,9097,T27
1,0,0,1,266,green,9097,T27
2,0,0,1,266,green,9097,T27
3,0,0,1,266,green,9097,T27
4,0,0,1,266,green,9097,T27
5,0,0,1,266,green,9097,T27
6,0,0,1,266,green,9097,T27
7,0,0,1,266,green,9097,T27
8,0,0,1,266,green,9097,T27
9,0,0,1,266,green,9097,T27
10,0,0,1,266,green,9097,T27
11,0,0,1,266,green,9097,T27
12,0,0,1,266,green,9097,T27
13,0,0,1,266,green,9097,T27
14,0,0,1,266,green,9097,T27
15,0,0,1,266,green,9097,T27
16,0,0,1,266,green,9097,T27
17,0,0,1,266,green,9097,T27
18,0,0,1,266,green,9097,T27
19,0,0,1,266,green,9097,T27
20,0,0,1,266,green,9097,T27
21,0,0,1,266,green,9097,T27
22,0,0,1,266,green,9097,T27
23,0,0,1,266,green,9097,T27
24,0,0,1,266,green,9097,T27
25,0,0,1,266,green,9097,T27
26,0,0,1,266,green,9097,T27
27,0,0,1,266,green,9097,T27
28,0,0,1,266,green,9097,T27
29,0,0,1,266,green,9097,T27
30,0,0,1,266,green,9097,T27
31,0,0,1,266,green,9097,T27
32,0,0,1,266,green,9097,T27
33,0,0,1,266,green,9097,T27
34,0,0,1,266,green,9097,T27
35,0,0,1,266,green,9097,T27
36,0,0,1,266,green,9097,T27
37,0,0,1,266,green,9097,T27
38,0,0,1,266,green,9097,T27
39,0,0,1,266,green,9097,T27
40,0,0,1,266,green,9097,T27
41,0,0,1,266,green,9097,T27
42,0,0,1,266,green,9097,T27
43,0,0,1,266,green,9097,T27
44,0,0,1,266,green,9097,T27
45,0,0,1,266,green,9097,T27
46,0,0,1,266,green,9097,T27
47,0,0,1,266,green,9097,T27
48,0,0,1,266,green,9097,T27
49,0,0,1,266,green,9097,T27
50,0,0,1,266,green,9097,T27
51,0,0,1,266,green,9097,T27
52,0,0,1,266,green,9097,T27
53,0,0,1,266,green,9097,T27
54,0,0,1,266,green,9097,T27
55,0,0,1,266,green,9097,T27
56,0,0,1,266,green,9097,T27
57,0,0,1,266,green,9097,T27
58,0,0,1,266,green,9097,T27
59,0,0,1,266,green,9097,T27
60,0,0,1,266,green,9097,T27
61,0,0,1,266,green,9097,T27
62,0,0,1,266,green,9097,T27
63,0,0,1,266,green,9097,T27
64,0,0,1,266,green,9097,T27
65,0,0,1,266,green,9097,T27
66,0,0,1,266,green,9097,T27
67,0,0,1,266,green,9097,T27
68,0,0,1,266,green,9097,T27
69,0,0,1,266,green,9097,T27
70,0,0,1,266,green,9097,T27
71,0,0,1,266,green,9097,T27
72,0,0,1,266,green,9097,T27
73,0,0,1,266,green,9097,T27
74,0,0,1,266,green,9097,T27
75,0,0,1,266,green,9097,T27
76,0,0,1,266,green,9097,T27
77,0,0,1,266,green,9097,T27
78,0,0,1,266,green,9097,T27
79,0,0,1,266,green,9097,T27
80,0,0,1,266,green,9097,T27
81,0,0,1,266,green,9097,T27
82,0,0,1,266,green,9097,T27
83,0,0,1,266,green,9097,T27
84,0,0,1,266,green,9097,T27
85,0,0,1,266,green,9097,T27
86,0,0,1,266,green,9097,T27
87,0,0,1,266,green,9097,T27
88,0,0,1,266,green,9097,T27
89,0,0,1,266,green,9097,T27
90,0,0,1,266,green,9097,T27
91,0,0,1,266,green,9097,T27
92,0,0,1,266,green,9097,T27
93,0,0,1,266,green,9097,T27
94,0,0,1,266,green,9097,T27
95,0,0,1,266,green,9097,T27
96,0,0,1,266,green,9097,T27
97,0,0,1,266,green,9097,T27
98,0,0,1,266,green,9097,T27
99,0,0,1,266,green,9097,T27
100,0,0,1,266,green,9097,T27
101,0,0,1,266,green,9097,T27
102,0,0,1,266,green,9097,T27
103,0,0,1,266,green,9097,T27
104,0,0,1,266,green,9097,T27
105,0,0,1,266,green,9097,T27
106,0,0,1,266,green,9097,T27
107,0,0,1,266,green,9097,T27
108,0,0,1,266,green,9097,T27
109,0,0,1,266,green,9097,T27
110,0,0,1,266,green,9097,T27
111,0,0,1,266,green,9097,T27
112,0,0,1,266,green,9097,T27
113,0,0,1,266,green,9097,T27
114,0,0,1,266,green,9097,T27
115,0,0,1,266,green,9097,T27
116,0,0,1,266,green,9097,T27
117,0,0,1,266,green,9097,T27
118,0,0,1,266,green,9097,T27
119,0,0,1,266,green,9097,T27
120,0,0,1,266,green,9097,T27
121,0,0,1,266,green,9097,T27
122,0,0,1,266,green,9097,T27
123,0,0,1,266,green,9097,T27
124,0,0,1,266,green,9097,T27
125,0,0,1,266,green,9097,T27
126,0,0,1,266,green,9097,T27
127,0,0,1,266,green,9097,T27
128,0,0,1,266,green,9097,T27
129,0,0,1,266,green,9097,T27
130,0,0,1,266,green,9097,T27
131,0,0,1,266,green,9097,T27
132,0,0,1,266,green,9097,T27
133,0,0,1,266,green,9097,T27
134,0,0,1,266,green,9097,T27
135,0,0,1,266,green,9097,T27
136,0,0,1,266,green,9097,T27
137,0,0,1,266,green,9097,T27
138,0,0,1,266,green,9097,T27
139,0,0,1,266,green,9097,T27
140,0,0,1,266,green,9097,T27
141,0,0,1,266,green,9097,T27
142,0,0,1,266,green,9097,T27
143,0,0,1,266,green,9097,T27
144,0,0,1,266,green,9097,T27
145,0,0,1,266,green,9097,T27
146,0,0,1,266,green,9097,T27
147,0,0,1,266,green,9097,T27
148,0,0,1,266,green,9097,T27
149,0,0,1,266,green,9097,T27
150,0,0,1,266,green,9097,T27
151,0,0,1,266,green,9097,T27
152,0,0,1,266,green,9097,T27
153,0,0,1,266,green,9097,T27
154,0,0,1,266,green,9097,T27
155,0,0,1,266,green,9097,T27
156,0,1,0,266,green,9097,T27
157,0,1,0,266,green,9097,T27
158,0,1,0,266,green,9097,T27
159,0,1,0,266,green,9097,T27
160,0,1,0,266,green,9097,T27
161,0,1,0,266,green,9097,T27
162,0,1,0,266,green,9097,T27
163,0,1,0,266,green,9097,T27
164,0,1,0,266,green,9097,T27
165,0,1,0,266,green,9097,T27
166,0,1,0,266,green,9097,T27
167,0,1,0,266,green,9097,T27
168,0,1,0,266,green,9097,T27
169,0,1,0,266,green,9097,T27
170,0,1,0,266,green,9097,T27
0,0,0,1,267,green,7030,T27
1,0,0,1,267,green,7030,T27
2,0,0,1,267,green,7030,T27
3,0,0,1,267,green,7030,T27
4,0,0,1,267,green,7030,T27
5,0,0,1,267,green,7030,T27
6,0,0,1,267,green,7030,T27
7,0,0,1,267,green,7030,T27
8,0,0,1,267,green,7030,T27
9,0,0,1,267,green,7030,T27
10,0,0,1,267,green,7030,T27
11,0,0,1,267,green,7030,T27
12,0,0,1,267,green,7030,T27
13,0,0,1,267,green,7030,T27
14,0,0,1,267,green,7030,T27
15,0,0,1,267,green,7030,T27
16,0,0,1,267,green,7030,T27
17,0,0,1,267,green,7030,T27
18,0,0,1,267,green,7030,T27
19,0,0,1,267,green,7030,T27
20,0,0,1,267,green,7030,T27
21,0,0,1,267,green,7030,T27
22,0,0,1,267,green,7030,T27
23,0,0,1,267,green,7030,T27
24,0,0,1,267,green,7030,T27
25,0,0,1,267,green,7030,T27
26,0,0,1,267,green,7030,T27
27,0,0,1,267,green,7030,T27
28,0,0,1,267,green,7030,T27
29,0,0,1,267,green,7030,T27
30,0,0,1,267,green,7030,T27
31,0,0,1,267,green,7030,T27
32,0,0,1,267,green,7030,T27
33,0,0,1,267,green,7030,T27
34,0,0,1,267,green,7030,T27
35,0,0,1,267,green,7030,T27
36,0,0,1,267,green,7030,T27
37,0,0,1,267,green,7030,T27
38,0,0,1,267,green,7030,T27
39,0,0,1,267,green,7030,T27
40,0,0,1,267,green,7030,T27
41,0,0,1,267,green,7030,T27
42,0,0,1,267,green,7030,T27
43,0,0,1,267,green,7030,T27
44,0,0,1,267,green,7030,T27
45,0,0,1,267,green,7030,T27
46,0,0,1,267,green,7030,T27
47,0,0,1,267,green,7030,T27
48,0,0,1,267,green,7030,T27
49,0,0,1,267,green,7030,T27
50,0,0,1,267,green,7030,T27
51,0,0,1,267,green,7030,T27
52,0,0,1,267,green,7030,T27
53,0,0,1,267,green,7030,T27
54,0,0,1,267,green,7030,T27
55,0,0,1,267,green,7030,T27
56,0,0,1,267,green,7030,T27
57,0,0,1,267,green,7030,T27
58,0,0,1,267,green,7030,T27
59,0,0,1,267,green,7030,T27
60,0,0,1,267,green,7030,T27
61,0,0,1,267,green,7030,T27
62,0,0,1,267,green,7030,T27
63,0,0,1,267,green,7030,T27
64,0,0,1,267,green,7030,T27
65,0,0,1,267,green,7030,T27
66,0,0,1,267,green,7030,T27
67,0,0,1,267,green,7030,T27
68,0,0,1,267,green,7030,T27
69,0,0,1,267,green,7030,T27
70,0,0,1,267,green,7030,T27
71,0,0,1,267,green,7030,T27
72,0,0,1,267,green,7030,T27
73,0,0,1,267,green,7030,T27
74,0,0,1,267,green,7030,T27
75,0,0,1,267,green,7030,T27
76,0,0,1,267,green,7030,T27
77,0,0,1,267,green,7030,T27
78,0,0,1,267,green,7030,T27
79,0,0,1,267,green,7030,T27
80,0,0,1,267,green,7030,T27
81,0,0,1,267,green,7030,T27
82,0,0,1,267,green,7030,T27
83,0,0,1,267,green,7030,T27
84,0,0,1,267,green,7030,T27
85,0,0,1,267,green,7030,T27
86,1,0,0,267,green,7030,T27
87,1,0,0,267,green,7030,T27
88,1,0,0,267,green,7030,T27
89,1,0,0,267,green,7030,T27
90,1,0,0,267,green,7030,T27
91,1,0,0,267,green,7030,T27
92,1,0,0,267,green,7030,T27
93,1,0,0,267,green,7030,T27
94,1,0,0,267,green,7030,T27
95,1,0,0,267,green,7030,T27
96,1,0,0,267,green,7030,T27
97,1,0,0,267,green,7030,T27
98,1,0,0,267,green,7030,T27
99,1,0,0,267,green,7030,T27
100,1,0,0,267,green,7030,T27
101,1,0,0,267,green,7030,T27
102,1,0,0,267,green,7030,T27
103,1,0,0,267,green,7030,T27
104,1,0,0,267,green,7030,T27
105,1,0,0,267,green,7030,T27
106,1,0,0,267,green,7030,T27
107,1,0,0,267,green,7030,T27
108,1,0,0,267,green,7030,T27
109,1,0,0,267,green,7030,T27
110,1,0,0,267,green,7030,T27
111,1,0,0,267,green,7030,T27
112,0,0,1,267,green,7030,T27
113,0,0,1,267,green,7030,T27
114,0,0,1,267,green,7030,T27
115,0,0,1,267,green,7030,T27
116,0,0,1,267,green,7030,T27
117,0,0,1,267,green,7030,T27
118,0,0,1,267,green,7030,T27
119,0,0,1,267,green,7030,T27
120,0,0,1,267,green,7030,T27
121,0,0,1,267,green,7030,T27
122,0,0,1,267,green,7030,T27
123,0,0,1,267,green,7030,T27
124,0,0,1,267,green,7030,T27
125,0,0,1,267,green,7030,T27
126,0,0,1,267,green,7030,T27
127,0,0,1,267,green,7030,T27
128,0,0,1,267,green,7030,T27
129,0,0,1,267,green,7030,T27
130,0,0,1,267,green,7030,T27
131,0,0,1,267,green,7030,T27
132,0,0,1,267,green,7030,T27
133,0,0,1,267,green,7030,T27
134,0,0,1,267,green,7030,T27
135,0,0,1,267,green,7030,T27
136,0,0,1,267,green,7030,T27
137,0,0,1,267,green,7030,T27
138,0,0,1,267,green,7030,T27
139,0,0,1,267,green,7030,T27
140,0,0,1,267,green,7030,T27
141,0,0,1,267,green,7030,T27
142,0,0,1,267,green,7030,T27
143,0,0,1,267,green,7030,T27
144,0,0,1,267,green,7030,T27
145,0,0,1,267,green,7030,T27
146,0,0,1,267,green,7030,T27
147,0,0,1,267,green,7030,T27
148,0,0,1,267,green,7030,T27
149,0,0,1,267,green,7030,T27
150,0,0,1,267,green,7030,T27
151,0,0,1,267,green,7030,T27
152,0,0,1,267,green,7030,T27
153,0,0,1,267,green,7030,T27
154,0,0,1,267,green,7030,T27
155,0,0,1,267,green,7030,T27
156,0,0,1,267,green,7030,T27
157,0,0,1,267,green,7030,T27
158,0,0,1,267,green,7030,T27
159,0,0,1,267,green,7030,T27
160,0,0,1,267,green,7030,T27
161,0,0,1,267,green,7030,T27
162,0,0,1,267,green,7030,T27
163,0,0,1,267,green,7030,T27
164,0,1,0,267,green,7030,T27
165,0,1,0,267,green,7030,T27
166,0,1,0,267,green,7030,T27
167,0,1,0,267,green,7030,T27
168,0,1,0,267,green,7030,T27
169,0,1,0,267,green,7030,T27
170,0,1,0,267,green,7030,T27
0,0,0,1,269,green,8263,T27
1,0,0,1,269,green,8263,T27
2,0,0,1,269,green,8263,T27
3,0,0,1,269,green,8263,T27
4,0,0,1,269,green,8263,T27
5,0,0,1,269,green,8263,T27
6,0,0,1,269,green,8263,T27
7,0,0,1,269,green,8263,T27
8,0,0,1,269,green,8263,T27
9,0,0,1,269,green,8263,T27
10,0,0,1,269,green,8263,T27
11,0,0,1,269,green,8263,T27
12,0,0,1,269,green,8263,T27
13,0,0,1,269,green,8263,T27
14,0,0,1,269,green,8263,T27
15,0,0,1,269,green,8263,T27
16,0,0,1,269,green,8263,T27
17,0,0,1,269,green,8263,T27
18,0,0,1,269,green,8263,T27
19,0,0,1,269,green,8263,T27
20,0,0,1,269,green,8263,T27
21,0,0,1,269,green,8263,T27
22,0,0,1,269,green,8263,T27
23,0,0,1,269,green,8263,T27
24,0,0,1,269,green,8263,T27
25,0,0,1,269,green,8263,T27
26,0,0,1,269,green,8263,T27
27,0,0,1,269,green,8263,T27
28,0,0,1,269,green,8263,T27
29,0,0,1,269,green,8263,T27
30,0,0,1,269,green,8263,T27
31,0,0,1,269,green,8263,T27
32,0,0,1,269,green,8263,T27
33,0,0,1,269,green,8263,T27
34,1,0,0,269,green,8263,T27
35,1,0,0,269,green,8263,T27
36,1,0,0,269,green,8263,T27
37,1,0,0,269,green,8263,T27
38,1,0,0,269,green,8263,T27
39,1,0,0,269,green,8263,T27
40,1,0,0,269,green,8263,T27
41,1,0,0,269,green,8263,T27
42,1,0,0,269,green,8263,T27
43,1,0,0,269,green,8263,T27
44,1,0,0,269,green,8263,T27
45,1,0,0,269,green,8263,T27
46,1,0,0,269,green,8263,T27
47,1,0,0,269,green,8263,T27
48,1,0,0,269,green,8263,T27
49,1,0,0,269,green,8263,T27
50,1,0,0,269,green,8263,T27
51,1,0,0,269,green,8263,T27
52,1,0,0,269,green,8263,T27
53,1,0,0,269,green,8263,T27
54,1,0,0,269,green,8263,T27
55,1,0,0,269,green,8263,T27
56,1,0,0,269,green,8263,T27
57,0,0,1,269,green,8263,T27
58,0,1,0,269,green,8263,T27
59,0,1,0,269,green,8263,T27
60,0,1,0,269,green,8263,T27
61,0,1,0,269,green,8263,T27
62,0,1,0,269,green,8263,T27
63,0,1,0,269,green,8263,T27
64,0,1,0,269,green,8263,T27
65,0,1,0,269,green,8263,T27
66,0,1,0,269,green,8263,T27
67,0,1,0,269,green,8263,T27
68,0,1,0,269,green,8263,T27
69,0,1,0,269,green,8263,T27
70,0,1,0,269,green,8263,T27
71,0,1,0,269,green,8263,T27
72,0,1,0,269,green,8263,T27
73,0,1,0,269,green,8263,T27
74,0,1,0,269,green,8263,T27
75,0,1,0,269,green,8263,T27
76,0,1,0,269,green,8263,T27
77,0,1,0,269,green,8263,T27
78,0,1,0,269,green,8263,T27
79,0,1,0,269,green,8263,T27
80,0,1,0,269,green,8263,T27
81,0,1,0,269,green,8263,T27
82,0,1,0,269,green,8263,T27
83,0,1,0,269,green,8263,T27
84,0,1,0,269,green,8263,T27
85,0,1,0,269,green,8263,T27
86,0,1,0,269,green,8263,T27
87,0,1,0,269,green,8263,T27
88,0,1,0,269,green,8263,T27
89,0,1,0,269,green,8263,T27
90,0,1,0,269,green,8263,T27
91,0,1,0,269,green,8263,T27
92,0,1,0,269,green,8263,T27
93,0,1,0,269,green,8263,T27
94,0,1,0,269,green,8263,T27
95,0,1,0,269,green,8263,T27
96,0,1,0,269,green,8263,T27
97,0,1,0,269,green,8263,T27
98,0,1,0,269,green,8263,T27
99,0,1,0,269,green,8263,T27
100,0,1,0,269,green,8263,T27
101,0,1,0,269,green,8263,T27
102,0,1,0,269,green,8263,T27
103,0,1,0,269,green,8263,T27
104,0,1,0,269,green,8263,T27
105,0,1,0,269,green,8263,T27
106,0,1,0,269,green,8263,T27
107,0,1,0,269,green,8263,T27
108,0,1,0,269,green,8263,T27
109,0,1,0,269,green,8263,T27
110,0,1,0,269,green,8263,T27
111,0,1,0,269,green,8263,T27
112,0,1,0,269,green,8263,T27
113,0,1,0,269,green,8263,T27
114,0,1,0,269,green,8263,T27
115,0,1,0,269,green,8263,T27
116,0,1,0,269,green,8263,T27
117,0,1,0,269,green,8263,T27
118,0,1,0,269,green,8263,T27
119,0,1,0,269,green,8263,T27
120,0,1,0,269,green,8263,T27
121,0,1,0,269,green,8263,T27
122,0,1,0,269,green,8263,T27
123,0,1,0,269,green,8263,T27
124,0,1,0,269,green,8263,T27
125,0,1,0,269,green,8263,T27
126,0,1,0,269,green,8263,T27
127,0,1,0,269,green,8263,T27
128,0,1,0,269,green,8263,T27
129,0,1,0,269,green,8263,T27
130,0,1,0,269,green,8263,T27
131,0,1,0,269,green,8263,T27
132,0,1,0,269,green,8263,T27
133,0,1,0,269,green,8263,T27
134,0,1,0,269,green,8263,T27
135,0,1,0,269,green,8263,T27
136,0,1,0,269,green,8263,T27
137,0,1,0,269,green,8263,T27
138,0,1,0,269,green,8263,T27
139,0,1,0,269,green,8263,T27
140,0,1,0,269,green,8263,T27
141,0,1,0,269,green,8263,T27
142,0,1,0,269,green,8263,T27
143,0,1,0,269,green,8263,T27
144,0,1,0,269,green,8263,T27
145,0,1,0,269,green,8263,T27
146,0,1,0,269,green,8263,T27
147,0,1,0,269,green,8263,T27
148,0,1,0,269,green,8263,T27
149,0,1,0,269,green,8263,T27
150,0,1,0,269,green,8263,T27
151,0,1,0,269,green,8263,T27
152,0,1,0,269,green,8263,T27
153,0,1,0,269,green,8263,T27
154,0,1,0,269,green,8263,T27
155,0,1,0,269,green,8263,T27
156,0,1,0,269,green,8263,T27
157,0,1,0,269,green,8263,T27
158,0,1,0,269,green,8263,T27
159,0,1,0,269,green,8263,T27
160,0,1,0,269,green,8263,T27
161,0,1,0,269,green,8263,T27
162,0,1,0,269,green,8263,T27
163,0,1,0,269,green,8263,T27
164,0,1,0,269,green,8263,T27
165,0,1,0,269,green,8263,T27
166,0,1,0,269,green,8263,T27
167,0,1,0,269,green,8263,T27
168,0,1,0,269,green,8263,T27
169,0,1,0,269,green,8263,T27
170,0,1,0,269,green,8263,T27
0,0,0,1,270,green,7613,T27
1,0,0,1,270,green,7613,T27
2,0,0,1,270,green,7613,T27
3,0,0,1,270,green,7613,T27
4,0,0,1,270,green,7613,T27
5,0,0,1,270,green,7613,T27
6,0,0,1,270,green,7613,T27
7,0,0,1,270,green,7613,T27
8,0,0,1,270,green,7613,T27
9,0,0,1,270,green,7613,T27
10,0,0,1,270,green,7613,T27
11,0,0,1,270,green,7613,T27
12,0,0,1,270,green,7613,T27
13,0,0,1,270,green,7613,T27
14,0,0,1,270,green,7613,T27
15,0,0,1,270,green,7613,T27
16,0,0,1,270,green,7613,T27
17,0,0,1,270,green,7613,T27
18,0,0,1,270,green,7613,T27
19,0,0,1,270,green,7613,T27
20,0,0,1,270,green,7613,T27
21,0,0,1,270,green,7613,T27
22,0,0,1,270,green,7613,T27
23,0,0,1,270,green,7613,T27
24,0,0,1,270,green,7613,T27
25,0,0,1,270,green,7613,T27
26,0,0,1,270,green,7613,T27
27,0,0,1,270,green,7613,T27
28,0,0,1,270,green,7613,T27
29,0,0,1,270,green,7613,T27
30,0,0,1,270,green,7613,T27
31,0,0,1,270,green,7613,T27
32,0,0,1,270,green,7613,T27
33,0,0,1,270,green,7613,T27
34,0,0,1,270,green,7613,T27
35,0,0,1,270,green,7613,T27
36,0,0,1,270,green,7613,T27
37,0,0,1,270,green,7613,T27
38,0,0,1,270,green,7613,T27
39,0,0,1,270,green,7613,T27
40,0,0,1,270,green,7613,T27
41,0,0,1,270,green,7613,T27
42,0,0,1,270,green,7613,T27
43,0,0,1,270,green,7613,T27
44,0,0,1,270,green,7613,T27
45,1,0,0,270,green,7613,T27
46,1,0,0,270,green,7613,T27
47,1,0,0,270,green,7613,T27
48,1,0,0,270,green,7613,T27
49,1,0,0,270,green,7613,T27
50,1,0,0,270,green,7613,T27
51,1,0,0,270,green,7613,T27
52,1,0,0,270,green,7613,T27
53,1,0,0,270,green,7613,T27
54,1,0,0,270,green,7613,T27
55,1,0,0,270,green,7613,T27
56,1,0,0,270,green,7613,T27
57,1,0,0,270,green,7613,T27
58,1,0,0,270,green,7613,T27
59,1,0,0,270,green,7613,T27
60,0,1,0,270,green,7613,T27
61,0,1,0,270,green,7613,T27
62,0,1,0,270,green,7613,T27
63,0,1,0,270,green,7613,T27
64,0,1,0,270,green,7613,T27
65,0,1,0,270,green,7613,T27
66,0,1,0,270,green,7613,T27
67,0,1,0,270,green,7613,T27
68,0,1,0,270,green,7613,T27
69,0,1,0,270,green,7613,T27
70,0,1,0,270,green,7613,T27
71,0,1,0,270,green,7613,T27
72,0,1,0,270,green,7613,T27
73,0,1,0,270,green,7613,T27
74,0,1,0,270,green,7613,T27
75,0,1,0,270,green,7613,T27
76,0,1,0,270,green,7613,T27
77,0,1,0,270,green,7613,T27
78,0,1,0,270,green,7613,T27
79,0,1,0,270,green,7613,T27
80,0,1,0,270,green,7613,T27
81,0,1,0,270,green,7613,T27
82,0,1,0,270,green,7613,T27
83,0,1,0,270,green,7613,T27
84,0,1,0,270,green,7613,T27
85,0,1,0,270,green,7613,T27
86,0,1,0,270,green,7613,T27
87,0,1,0,270,green,7613,T27
88,0,1,0,270,green,7613,T27
89,0,1,0,270,green,7613,T27
90,0,1,0,270,green,7613,T27
91,0,1,0,270,green,7613,T27
92,0,1,0,270,green,7613,T27
93,0,1,0,270,green,7613,T27
94,0,1,0,270,green,7613,T27
95,0,1,0,270,green,7613,T27
96,0,1,0,270,green,7613,T27
97,0,1,0,270,green,7613,T27
98,0,1,0,270,green,7613,T27
99,0,1,0,270,green,7613,T27
100,0,1,0,270,green,7613,T27
101,0,1,0,270,green,7613,T27
102,0,1,0,270,green,7613,T27
103,0,1,0,270,green,7613,T27
104,0,1,0,270,green,7613,T27
105,0,1,0,270,green,7613,T27
106,0,1,0,270,green,7613,T27
107,0,1,0,270,green,7613,T27
108,0,1,0,270,green,7613,T27
109,0,1,0,270,green,7613,T27
110,0,1,0,270,green,7613,T27
111,0,1,0,270,green,7613,T27
112,0,1,0,270,green,7613,T27
113,0,1,0,270,green,7613,T27
114,0,1,0,270,green,7613,T27
115,0,1,0,270,green,7613,T27
116,0,1,0,270,green,7613,T27
117,0,1,0,270,green,7613,T27
118,0,1,0,270,green,7613,T27
119,0,1,0,270,green,7613,T27
120,0,1,0,270,green,7613,T27
121,0,1,0,270,green,7613,T27
122,0,1,0,270,green,7613,T27
123,0,1,0,270,green,7613,T27
124,0,1,0,270,green,7613,T27
125,0,1,0,270,green,7613,T27
126,0,1,0,270,green,7613,T27
127,0,1,0,270,green,7613,T27
128,0,1,0,270,green,7613,T27
129,0,1,0,270,green,7613,T27
130,0,1,0,270,green,7613,T27
131,0,1,0,270,green,7613,T27
132,0,1,0,270,green,7613,T27
133,0,1,0,270,green,7613,T27
134,0,1,0,270,green,7613,T27
135,0,1,0,270,green,7613,T27
136,0,1,0,270,green,7613,T27
137,0,1,0,270,green,7613,T27
138,0,1,0,270,green,7613,T27
139,0,1,0,270,green,7613,T27
140,0,1,0,270,green,7613,T27
141,0,1,0,270,green,7613,T27
142,0,1,0,270,green,7613,T27
143,0,1,0,270,green,7613,T27
144,0,1,0,270,green,7613,T27
145,0,1,0,270,green,7613,T27
146,0,1,0,270,green,7613,T27
147,0,1,0,270,green,7613,T27
148,0,1,0,270,green,7613,T27
149,0,1,0,270,green,7613,T27
150,0,1,0,270,green,7613,T27
151,0,1,0,270,green,7613,T27
152,0,1,0,270,green,7613,T27
153,0,1,0,270,green,7613,T27
154,0,1,0,270,green,7613,T27
155,0,1,0,270,green,7613,T27
156,0,1,0,270,green,7613,T27
157,0,1,0,270,green,7613,T27
158,0,1,0,270,green,7613,T27
159,0,1,0,270,green,7613,T27
160,0,1,0,270,green,7613,T27
161,0,1,0,270,green,7613,T27
162,0,1,0,270,green,7613,T27
163,0,1,0,270,green,7613,T27
164,0,1,0,270,green,7613,T27
165,0,1,0,270,green,7613,T27
166,0,1,0,270,green,7613,T27
167,0,1,0,270,green,7613,T27
168,0,1,0,270,green,7613,T27
169,0,1,0,270,green,7613,T27
170,0,1,0,270,green,7613,T27
0,0,0,1,272,green,9586,T27
1,0,0,1,272,green,9586,T27
2,0,0,1,272,green,9586,T27
3,0,0,1,272,green,9586,T27
4,0,0,1,272,green,9586,T27
5,0,0,1,272,green,9586,T27
6,0,0,1,272,green,9586,T27
7,0,0,1,272,green,9586,T27
8,0,0,1,272,green,9586,T27
9,0,0,1,272,green,9586,T27
10,0,0,1,272,green,9586,T27
11,0,0,1,272,green,9586,T27
12,0,0,1,272,green,9586,T27
13,0,0,1,272,green,9586,T27
14,0,0,1,272,green,9586,T27
15,0,0,1,272,green,9586,T27
16,0,0,1,272,green,9586,T27
17,0,0,1,272,green,9586,T27
18,0,0,1,272,green,9586,T27
19,0,0,1,272,green,9586,T27
20,0,0,1,272,green,9586,T27
21,0,0,1,272,green,9586,T27
22,0,0,1,272,green,9586,T27
23,0,0,1,272,green,9586,T27
24,0,0,1,272,green,9586,T27
25,0,0,1,272,green,9586,T27
26,0,0,1,272,green,9586,T27
27,0,0,1,272,green,9586,T27
28,0,0,1,272,green,9586,T27
29,0,0,1,272,green,9586,T27
30,0,0,1,272,green,9586,T27
31,0,0,1,272,green,9586,T27
32,0,0,1,272,green,9586,T27
33,0,0,1,272,green,9586,T27
34,0,0,1,272,green,9586,T27
35,0,0,1,272,green,9586,T27
36,0,0,1,272,green,9586,T27
37,0,0,1,272,green,9586,T27
38,0,0,1,272,green,9586,T27
39,0,0,1,272,green,9586,T27
40,0,0,1,272,green,9586,T27
41,0,0,1,272,green,9586,T27
42,0,0,1,272,green,9586,T27
43,0,0,1,272,green,9586,T27
44,0,0,1,272,green,9586,T27
45,0,0,1,272,green,9586,T27
46,0,0,1,272,green,9586,T27
47,0,0,1,272,green,9586,T27
48,0,0,1,272,green,9586,T27
49,0,0,1,272,green,9586,T27
50,0,0,1,272,green,9586,T27
51,0,0,1,272,green,9586,T27
52,0,0,1,272,green,9586,T27
53,0,0,1,272,green,9586,T27
54,0,0,1,272,green,9586,T27
55,0,0,1,272,green,9586,T27
56,0,0,1,272,green,9586,T27
57,0,0,1,272,green,9586,T27
58,0,0,1,272,green,9586,T27
59,0,0,1,272,green,9586,T27
60,0,0,1,272,green,9586,T27
61,0,1,0,272,green,9586,T27
62,0,1,0,272,green,9586,T27
63,0,1,0,272,green,9586,T27
64,0,1,0,272,green,9586,T27
65,0,1,0,272,green,9586,T27
66,0,1,0,272,green,9586,T27
67,0,1,0,272,green,9586,T27
68,0,1,0,272,green,9586,T27
69,0,1,0,272,green,9586,T27
70,0,1,0,272,green,9586,T27
71,0,1,0,272,green,9586,T27
72,0,1,0,272,green,9586,T27
73,0,1,0,272,green,9586,T27
74,0,1,0,272,green,9586,T27
75,0,1,0,272,green,9586,T27
76,0,1,0,272,green,9586,T27
77,0,1,0,272,green,9586,T27
78,0,1,0,272,green,9586,T27
79,0,1,0,272,green,9586,T27
80,0,1,0,272,green,9586,T27
81,0,1,0,272,green,9586,T27
82,0,1,0,272,green,9586,T27
83,0,1,0,272,green,9586,T27
84,0,1,0,272,green,9586,T27
85,0,1,0,272,green,9586,T27
86,0,1,0,272,green,9586,T27
87,0,1,0,272,green,9586,T27
88,0,1,0,272,green,9586,T27
89,0,1,0,272,green,9586,T27
90,0,1,0,272,green,9586,T27
91,0,1,0,272,green,9586,T27
92,0,1,0,272,green,9586,T27
93,0,1,0,272,green,9586,T27
94,0,1,0,272,green,9586,T27
95,0,1,0,272,green,9586,T27
96,0,1,0,272,green,9586,T27
97,0,1,0,272,green,9586,T27
98,0,1,0,272,green,9586,T27
99,0,1,0,272,green,9586,T27
100,0,1,0,272,green,9586,T27
101,0,1,0,272,green,9586,T27
102,0,1,0,272,green,9586,T27
103,0,1,0,272,green,9586,T27
104,0,1,0,272,green,9586,T27
105,0,1,0,272,green,9586,T27
106,0,1,0,272,green,9586,T27
107,0,1,0,272,green,9586,T27
108,0,1,0,272,green,9586,T27
109,0,1,0,272,green,9586,T27
110,0,1,0,272,green,9586,T27
111,0,1,0,272,green,9586,T27
112,0,1,0,272,green,9586,T27
113,0,1,0,272,green,9586,T27
114,0,1,0,272,green,9586,T27
115,0,1,0,272,green,9586,T27
116,0,1,0,272,green,9586,T27
117,0,1,0,272,green,9586,T27
118,0,1,0,272,green,9586,T27
119,0,1,0,272,green,9586,T27
120,0,1,0,272,green,9586,T27
121,0,1,0,272,green,9586,T27
122,0,1,0,272,green,9586,T27
123,0,1,0,272,green,9586,T27
124,0,1,0,272,green,9586,T27
125,0,1,0,272,green,9586,T27
126,0,1,0,272,green,9586,T27
127,0,1,0,272,green,9586,T27
128,0,1,0,272,green,9586,T27
129,0,1,0,272,green,9586,T27
130,0,1,0,272,green,9586,T27
131,0,1,0,272,green,9586,T27
132,0,1,0,272,green,9586,T27
133,0,1,0,272,green,9586,T27
134,0,1,0,272,green,9586,T27
135,0,1,0,272,green,9586,T27
136,0,1,0,272,green,9586,T27
137,0,1,0,272,green,9586,T27
138,0,1,0,272,green,9586,T27
139,0,1,0,272,green,9586,T27
140,0,1,0,272,green,9586,T27
141,0,1,0,272,green,9586,T27
142,0,1,0,272,green,9586,T27
143,0,1,0,272,green,9586,T27
144,0,1,0,272,green,9586,T27
145,0,1,0,272,green,9586,T27
146,0,1,0,272,green,9586,T27
147,0,1,0,272,green,9586,T27
148,0,1,0,272,green,9586,T27
149,0,1,0,272,green,9586,T27
150,0,1,0,272,green,9586,T27
151,0,1,0,272,green,9586,T27
152,0,1,0,272,green,9586,T27
153,0,1,0,272,green,9586,T27
154,0,1,0,272,green,9586,T27
155,0,1,0,272,green,9586,T27
156,0,1,0,272,green,9586,T27
157,0,1,0,272,green,9586,T27
158,0,1,0,272,green,9586,T27
159,0,1,0,272,green,9586,T27
160,0,1,0,272,green,9586,T27
161,0,1,0,272,green,9586,T27
162,0,1,0,272,green,9586,T27
163,0,1,0,272,green,9586,T27
164,0,1,0,272,green,9586,T27
165,0,1,0,272,green,9586,T27
166,0,1,0,272,green,9586,T27
167,0,1,0,272,green,9586,T27
168,0,1,0,272,green,9586,T27
169,0,1,0,272,green,9586,T27
170,0,1,0,272,green,9586,T27
0,0,0,1,273,green,9095,T27
1,0,0,1,273,green,9095,T27
2,0,0,1,273,green,9095,T27
3,0,0,1,273,green,9095,T27
4,0,0,1,273,green,9095,T27
5,0,0,1,273,green,9095,T27
6,0,0,1,273,green,9095,T27
7,0,0,1,273,green,9095,T27
8,0,0,1,273,green,9095,T27
9,0,0,1,273,green,9095,T27
10,0,0,1,273,green,9095,T27
11,0,0,1,273,green,9095,T27
12,0,0,1,273,green,9095,T27
13,0,0,1,273,green,9095,T27
14,0,0,1,273,green,9095,T27
15,0,0,1,273,green,9095,T27
16,0,0,1,273,green,9095,T27
17,0,0,1,273,green,9095,T27
18,0,0,1,273,green,9095,T27
19,0,0,1,273,green,9095,T27
20,0,0,1,273,green,9095,T27
21,0,0,1,273,green,9095,T27
22,0,0,1,273,green,9095,T27
23,0,0,1,273,green,9095,T27
24,0,0,1,273,green,9095,T27
25,0,0,1,273,green,9095,T27
26,0,0,1,273,green,9095,T27
27,0,0,1,273,green,9095,T27
28,0,0,1,273,green,9095,T27
29,0,0,1,273,green,9095,T27
30,0,0,1,273,green,9095,T27
31,0,0,1,273,green,9095,T27
32,0,0,1,273,green,9095,T27
33,0,0,1,273,green,9095,T27
34,0,0,1,273,green,9095,T27
35,0,0,1,273,green,9095,T27
36,1,0,0,273,green,9095,T27
37,1,0,0,273,green,9095,T27
38,1,0,0,273,green,9095,T27
39,1,0,0,273,green,9095,T27
40,1,0,0,273,green,9095,T27
41,1,0,0,273,green,9095,T27
42,1,0,0,273,green,9095,T27
43,1,0,0,273,green,9095,T27
44,1,0,0,273,green,9095,T27
45,1,0,0,273,green,9095,T27
46,1,0,0,273,green,9095,T27
47,1,0,0,273,green,9095,T27
48,1,0,0,273,green,9095,T27
49,1,0,0,273,green,9095,T27
50,1,0,0,273,green,9095,T27
51,1,0,0,273,green,9095,T27
52,1,0,0,273,green,9095,T27
53,1,0,0,273,green,9095,T27
54,1,0,0,273,green,9095,T27
55,1,0,0,273,green,9095,T27
56,1,0,0,273,green,9095,T27
57,1,0,0,273,green,9095,T27
58,1,0,0,273,green,9095,T27
59,1,0,0,273,green,9095,T27
60,1,0,0,273,green,9095,T27
61,1,0,0,273,green,9095,T27
62,1,0,0,273,green,9095,T27
63,1,0,0,273,green,9095,T27
64,1,0,0,273,green,9095,T27
65,1,0,0,273,green,9095,T27
66,1,0,0,273,green,9095,T27
67,1,0,0,273,green,9095,T27
68,1,0,0,273,green,9095,T27
69,1,0,0,273,green,9095,T27
70,1,0,0,273,green,9095,T27
71,1,0,0,273,green,9095,T27
72,1,0,0,273,green,9095,T27
73,1,0,0,273,green,9095,T27
74,1,0,0,273,green,9095,T27
75,1,0,0,273,green,9095,T27
76,1,0,0,273,green,9095,T27
77,1,0,0,273,green,9095,T27
78,1,0,0,273,green,9095,T27
79,1,0,0,273,green,9095,T27
80,1,0,0,273,green,9095,T27
81,1,0,0,273,green,9095,T27
82,1,0,0,273,green,9095,T27
83,1,0,0,273,green,9095,T27
84,1,0,0,273,green,9095,T27
85,1,0,0,273,green,9095,T27
86,1,0,0,273,green,9095,T27
87,1,0,0,273,green,9095,T27
88,1,0,0,273,green,9095,T27
89,1,0,0,273,green,9095,T27
90,1,0,0,273,green,9095,T27
91,1,0,0,273,green,9095,T27
92,1,0,0,273,green,9095,T27
93,1,0,0,273,green,9095,T27
94,1,0,0,273,green,9095,T27
95,1,0,0,273,green,9095,T27
96,1,0,0,273,green,9095,T27
97,1,0,0,273,green,9095,T27
98,1,0,0,273,green,9095,T27
99,1,0,0,273,green,9095,T27
100,1,0,0,273,green,9095,T27
101,1,0,0,273,green,9095,T27
102,1,0,0,273,green,9095,T27
103,1,0,0,273,green,9095,T27
104,1,0,0,273,green,9095,T27
105,1,0,0,273,green,9095,T27
106,1,0,0,273,green,9095,T27
107,1,0,0,273,green,9095,T27
108,1,0,0,273,green,9095,T27
109,1,0,0,273,green,9095,T27
110,1,0,0,273,green,9095,T27
111,1,0,0,273,green,9095,T27
112,1,0,0,273,green,9095,T27
113,1,0,0,273,green,9095,T27
114,1,0,0,273,green,9095,T27
115,1,0,0,273,green,9095,T27
116,1,0,0,273,green,9095,T27
117,1,0,0,273,green,9095,T27
118,0,0,1,273,green,9095,T27
119,0,1,0,273,green,9095,T27
120,0,1,0,273,green,9095,T27
121,0,1,0,273,green,9095,T27
122,0,1,0,273,green,9095,T27
123,0,1,0,273,green,9095,T27
124,0,1,0,273,green,9095,T27
125,0,1,0,273,green,9095,T27
126,0,1,0,273,green,9095,T27
127,0,1,0,273,green,9095,T27
128,0,1,0,273,green,9095,T27
129,0,1,0,273,green,9095,T27
130,0,1,0,273,green,9095,T27
131,0,1,0,273,green,9095,T27
132,0,1,0,273,green,9095,T27
133,0,1,0,273,green,9095,T27
134,0,1,0,273,green,9095,T27
135,0,1,0,273,green,9095,T27
136,0,1,0,273,green,9095,T27
137,0,1,0,273,green,9095,T27
138,0,1,0,273,green,9095,T27
139,0,1,0,273,green,9095,T27
140,0,1,0,273,green,9095,T27
141,0,1,0,273,green,9095,T27
142,0,1,0,273,green,9095,T27
143,0,1,0,273,green,9095,T27
144,0,1,0,273,green,9095,T27
145,0,1,0,273,green,9095,T27
146,0,1,0,273,green,9095,T27
147,0,1,0,273,green,9095,T27
148,0,1,0,273,green,9095,T27
149,0,1,0,273,green,9095,T27
150,0,1,0,273,green,9095,T27
151,0,1,0,273,green,9095,T27
152,0,1,0,273,green,9095,T27
153,0,1,0,273,green,9095,T27
154,0,1,0,273,green,9095,T27
155,0,1,0,273,green,9095,T27
156,0,1,0,273,green,9095,T27
157,0,1,0,273,green,9095,T27
158,0,1,0,273,green,9095,T27
159,0,1,0,273,green,9095,T27
160,0,1,0,273,green,9095,T27
161,0,1,0,273,green,9095,T27
162,0,1,0,273,green,9095,T27
163,0,1,0,273,green,9095,T27
164,0,1,0,273,green,9095,T27
165,0,1,0,273,green,9095,T27
166,0,1,0,273,green,9095,T27
167,0,1,0,273,green,9095,T27
168,0,1,0,273,green,9095,T27
169,0,1,0,273,green,9095,T27
170,0,1,0,273,green,9095,T27
0,0,0,1,274,green,9275,T27
1,0,0,1,274,green,9275,T27
2,0,0,1,274,green,9275,T27
3,0,0,1,274,green,9275,T27
4,0,0,1,274,green,9275,T27
5,0,0,1,274,green,9275,T27
6,0,0,1,274,green,9275,T27
7,0,0,1,274,green,9275,T27
8,0,0,1,274,green,9275,T27
9,0,0,1,274,green,9275,T27
10,0,0,1,274,green,9275,T27
11,0,0,1,274,green,9275,T27
12,0,0,1,274,green,9275,T27
13,0,0,1,274,green,9275,T27
14,0,0,1,274,green,9275,T27
15,0,0,1,274,green,9275,T27
16,0,0,1,274,green,9275,T27
17,0,0,1,274,green,9275,T27
18,0,0,1,274,green,9275,T27
19,0,0,1,274,green,9275,T27
20,0,0,1,274,green,9275,T27
21,0,0,1,274,green,9275,T27
22,0,0,1,274,green,9275,T27
23,0,0,1,274,green,9275,T27
24,0,0,1,274,green,9275,T27
25,0,0,1,274,green,9275,T27
26,0,0,1,274,green,9275,T27
27,0,0,1,274,green,9275,T27
28,0,0,1,274,green,9275,T27
29,0,0,1,274,green,9275,T27
30,0,0,1,274,green,9275,T27
31,0,1,0,274,green,9275,T27
32,0,1,0,274,green,9275,T27
33,0,1,0,274,green,9275,T27
34,0,1,0,274,green,9275,T27
35,0,1,0,274,green,9275,T27
36,0,1,0,274,green,9275,T27
37,0,1,0,274,green,9275,T27
38,0,1,0,274,green,9275,T27
39,0,1,0,274,green,9275,T27
40,0,1,0,274,green,9275,T27
41,0,1,0,274,green,9275,T27
42,0,1,0,274,green,9275,T27
43,0,1,0,274,green,9275,T27
44,0,1,0,274,green,9275,T27
45,0,1,0,274,green,9275,T27
46,0,1,0,274,green,9275,T27
47,0,1,0,274,green,9275,T27
48,0,1,0,274,green,9275,T27
49,0,1,0,274,green,9275,T27
50,0,1,0,274,green,9275,T27
51,0,1,0,274,green,9275,T27
52,0,1,0,274,green,9275,T27
53,0,1,0,274,green,9275,T27
54,0,1,0,274,green,9275,T27
55,0,1,0,274,green,9275,T27
56,0,1,0,274,green,9275,T27
57,0,1,0,274,green,9275,T27
58,0,1,0,274,green,9275,T27
59,0,1,0,274,green,9275,T27
60,0,1,0,274,green,9275,T27
61,0,1,0,274,green,9275,T27
62,0,0,1,274,green,9275,T27
63,0,0,1,274,green,9275,T27
64,0,0,1,274,green,9275,T27
65,0,0,1,274,green,9275,T27
66,0,0,1,274,green,9275,T27
67,1,0,0,274,green,9275,T27
68,1,0,0,274,green,9275,T27
69,1,0,0,274,green,9275,T27
70,1,0,0,274,green,9275,T27
71,1,0,0,274,green,9275,T27
72,1,0,0,274,green,9275,T27
73,1,0,0,274,green,9275,T27
74,1,0,0,274,green,9275,T27
75,1,0,0,274,green,9275,T27
76,1,0,0,274,green,9275,T27
77,1,0,0,274,green,9275,T27
78,1,0,0,274,green,9275,T27
79,1,0,0,274,green,9275,T27
80,0,0,1,274,green,9275,T27
81,0,0,1,274,green,9275,T27
82,0,0,1,274,green,9275,T27
83,0,0,1,274,green,9275,T27
84,0,0,1,274,green,9275,T27
85,0,1,0,274,green,9275,T27
86,0,1,0,274,green,9275,T27
87,0,1,0,274,green,9275,T27
88,0,1,0,274,green,9275,T27
89,0,1,0,274,green,9275,T27
90,0,1,0,274,green,9275,T27
91,0,1,0,274,green,9275,T27
92,0,1,0,274,green,9275,T27
93,0,1,0,274,green,9275,T27
94,0,1,0,274,green,9275,T27
95,0,1,0,274,green,9275,T27
96,0,1,0,274,green,9275,T27
97,0,1,0,274,green,9275,T27
98,0,1,0,274,green,9275,T27
99,0,0,1,274,green,9275,T27
100,0,0,1,274,green,9275,T27
101,0,0,1,274,green,9275,T27
102,0,0,1,274,green,9275,T27
103,1,0,0,274,green,9275,T27
104,1,0,0,274,green,9275,T27
105,1,0,0,274,green,9275,T27
106,1,0,0,274,green,9275,T27
107,1,0,0,274,green,9275,T27
108,1,0,0,274,green,9275,T27
109,1,0,0,274,green,9275,T27
110,1,0,0,274,green,9275,T27
111,0,0,1,274,green,9275,T27
112,0,1,0,274,green,9275,T27
113,0,1,0,274,green,9275,T27
114,0,1,0,274,green,9275,T27
115,0,1,0,274,green,9275,T27
116,0,1,0,274,green,9275,T27
117,0,1,0,274,green,9275,T27
118,0,1,0,274,green,9275,T27
119,0,1,0,274,green,9275,T27
120,0,1,0,274,green,9275,T27
121,0,1,0,274,green,9275,T27
122,0,1,0,274,green,9275,T27
123,0,1,0,274,green,9275,T27
124,0,1,0,274,green,9275,T27
125,0,1,0,274,green,9275,T27
126,0,1,0,274,green,9275,T27
127,0,1,0,274,green,9275,T27
128,0,1,0,274,green,9275,T27
129,0,0,1,274,green,9275,T27
130,0,0,1,274,green,9275,T27
131,0,0,1,274,green,9275,T27
132,1,0,0,274,green,9275,T27
133,0,1,0,274,green,9275,T27
134,0,1,0,274,green,9275,T27
135,0,1,0,274,green,9275,T27
136,0,1,0,274,green,9275,T27
137,0,1,0,274,green,9275,T27
138,0,1,0,274,green,9275,T27
139,0,1,0,274,green,9275,T27
140,0,1,0,274,green,9275,T27
141,0,1,0,274,green,9275,T27
142,0,1,0,274,green,9275,T27
143,0,1,0,274,green,9275,T27
144,0,1,0,274,green,9275,T27
145,0,1,0,274,green,9275,T27
146,0,1,0,274,green,9275,T27
147,0,1,0,274,green,9275,T27
148,0,1,0,274,green,9275,T27
149,0,1,0,274,green,9275,T27
150,0,1,0,274,green,9275,T27
151,0,1,0,274,green,9275,T27
152,0,1,0,274,green,9275,T27
153,0,1,0,274,green,9275,T27
154,0,1,0,274,green,9275,T27
155,0,1,0,274,green,9275,T27
156,0,1,0,274,green,9275,T27
157,0,1,0,274,green,9275,T27
158,0,1,0,274,green,9275,T27
159,0,1,0,274,green,9275,T27
160,0,1,0,274,green,9275,T27
161,0,1,0,274,green,9275,T27
162,0,1,0,274,green,9275,T27
163,0,1,0,274,green,9275,T27
164,0,1,0,274,green,9275,T27
165,0,1,0,274,green,9275,T27
166,0,1,0,274,green,9275,T27
167,0,1,0,274,green,9275,T27
168,0,1,0,274,green,9275,T27
169,0,1,0,274,green,9275,T27
170,0,1,0,274,green,9275,T27
0,0,0,1,276,green,9149,T27
1,0,0,1,276,green,9149,T27
2,0,0,1,276,green,9149,T27
3,0,0,1,276,green,9149,T27
4,0,0,1,276,green,9149,T27
5,0,0,1,276,green,9149,T27
6,0,0,1,276,green,9149,T27
7,0,0,1,276,green,9149,T27
8,0,0,1,276,green,9149,T27
9,0,0,1,276,green,9149,T27
10,0,0,1,276,green,9149,T27
11,0,0,1,276,green,9149,T27
12,0,0,1,276,green,9149,T27
13,0,0,1,276,green,9149,T27
14,0,0,1,276,green,9149,T27
15,0,0,1,276,green,9149,T27
16,0,0,1,276,green,9149,T27
17,0,0,1,276,green,9149,T27
18,0,0,1,276,green,9149,T27
19,0,0,1,276,green,9149,T27
20,0,0,1,276,green,9149,T27
21,0,0,1,276,green,9149,T27
22,0,0,1,276,green,9149,T27
23,0,0,1,276,green,9149,T27
24,0,0,1,276,green,9149,T27
25,0,0,1,276,green,9149,T27
26,0,0,1,276,green,9149,T27
27,0,0,1,276,green,9149,T27
28,0,0,1,276,green,9149,T27
29,0,1,0,276,green,9149,T27
30,0,1,0,276,green,9149,T27
31,0,1,0,276,green,9149,T27
32,0,1,0,276,green,9149,T27
33,0,1,0,276,green,9149,T27
34,0,1,0,276,green,9149,T27
35,0,1,0,276,green,9149,T27
36,0,1,0,276,green,9149,T27
37,0,1,0,276,green,9149,T27
38,0,1,0,276,green,9149,T27
39,0,1,0,276,green,9149,T27
40,0,1,0,276,green,9149,T27
41,0,1,0,276,green,9149,T27
42,0,1,0,276,green,9149,T27
43,0,1,0,276,green,9149,T27
44,0,1,0,276,green,9149,T27
45,0,1,0,276,green,9149,T27
46,0,1,0,276,green,9149,T27
47,0,1,0,276,green,9149,T27
48,0,1,0,276,green,9149,T27
49,0,1,0,276,green,9149,T27
50,0,1,0,276,green,9149,T27
51,0,1,0,276,green,9149,T27
52,0,1,0,276,green,9149,T27
53,0,1,0,276,green,9149,T27
54,0,1,0,276,green,9149,T27
55,0,1,0,276,green,9149,T27
56,0,1,0,276,green,9149,T27
57,0,1,0,276,green,9149,T27
58,0,1,0,276,green,9149,T27
59,0,1,0,276,green,9149,T27
60,0,1,0,276,green,9149,T27
61,0,1,0,276,green,9149,T27
62,0,1,0,276,green,9149,T27
63,0,1,0,276,green,9149,T27
64,0,1,0,276,green,9149,T27
65,0,1,0,276,green,9149,T27
66,0,1,0,276,green,9149,T27
67,0,1,0,276,green,9149,T27
68,0,1,0,276,green,9149,T27
69,0,1,0,276,green,9149,T27
70,0,1,0,276,green,9149,T27
71,0,1,0,276,green,9149,T27
72,0,1,0,276,green,9149,T27
73,0,1,0,276,green,9149,T27
74,0,1,0,276,green,9149,T27
75,0,1,0,276,green,9149,T27
76,0,1,0,276,green,9149,T27
77,0,1,0,276,green,9149,T27
78,0,1,0,276,green,9149,T27
79,0,1,0,276,green,9149,T27
80,0,1,0,276,green,9149,T27
81,0,1,0,276,green,9149,T27
82,0,1,0,276,green,9149,T27
83,0,1,0,276,green,9149,T27
84,0,1,0,276,green,9149,T27
85,0,1,0,276,green,9149,T27
86,0,1,0,276,green,9149,T27
87,0,1,0,276,green,9149,T27
88,0,1,0,276,green,9149,T27
89,0,1,0,276,green,9149,T27
90,0,1,0,276,green,9149,T27
91,0,1,0,276,green,9149,T27
92,0,1,0,276,green,9149,T27
93,0,1,0,276,green,9149,T27
94,0,1,0,276,green,9149,T27
95,0,1,0,276,green,9149,T27
96,0,1,0,276,green,9149,T27
97,0,1,0,276,green,9149,T27
98,0,1,0,276,green,9149,T27
99,0,1,0,276,green,9149,T27
100,0,1,0,276,green,9149,T27
101,0,1,0,276,green,9149,T27
102,0,1,0,276,green,9149,T27
103,0,1,0,276,green,9149,T27
104,0,1,0,276,green,9149,T27
105,0,1,0,276,green,9149,T27
106,0,1,0,276,green,9149,T27
107,0,1,0,276,green,9149,T27
108,0,1,0,276,green,9149,T27
109,0,1,0,276,green,9149,T27
110,0,1,0,276,green,9149,T27
111,0,1,0,276,green,9149,T27
112,0,1,0,276,green,9149,T27
113,0,1,0,276,green,9149,T27
114,0,1,0,276,green,9149,T27
115,0,1,0,276,green,9149,T27
116,0,1,0,276,green,9149,T27
117,0,1,0,276,green,9149,T27
118,0,1,0,276,green,9149,T27
119,0,1,0,276,green,9149,T27
120,0,1,0,276,green,9149,T27
121,0,1,0,276,green,9149,T27
122,0,1,0,276,green,9149,T27
123,0,1,0,276,green,9149,T27
124,0,1,0,276,green,9149,T27
125,0,1,0,276,green,9149,T27
126,0,1,0,276,green,9149,T27
127,0,1,0,276,green,9149,T27
128,0,1,0,276,green,9149,T27
129,0,1,0,276,green,9149,T27
130,0,1,0,276,green,9149,T27
131,0,1,0,276,green,9149,T27
132,0,1,0,276,green,9149,T27
133,0,1,0,276,green,9149,T27
134,0,1,0,276,green,9149,T27
135,0,1,0,276,green,9149,T27
136,0,1,0,276,green,9149,T27
137,0,1,0,276,green,9149,T27
138,0,1,0,276,green,9149,T27
139,0,1,0,276,green,9149,T27
140,0,1,0,276,green,9149,T27
141,0,1,0,276,green,9149,T27
142,0,1,0,276,green,9149,T27
143,0,1,0,276,green,9149,T27
144,0,1,0,276,green,9149,T27
145,0,1,0,276,green,9149,T27
146,0,1,0,276,green,9149,T27
147,0,1,0,276,green,9149,T27
148,0,1,0,276,green,9149,T27
149,0,1,0,276,green,9149,T27
150,0,1,0,276,green,9149,T27
151,0,1,0,276,green,9149,T27
152,0,1,0,276,green,9149,T27
153,0,1,0,276,green,9149,T27
154,0,1,0,276,green,9149,T27
155,0,1,0,276,green,9149,T27
156,0,1,0,276,green,9149,T27
157,0,1,0,276,green,9149,T27
158,0,1,0,276,green,9149,T27
159,0,1,0,276,green,9149,T27
160,0,1,0,276,green,9149,T27
161,0,1,0,276,green,9149,T27
162,0,1,0,276,green,9149,T27
163,0,1,0,276,green,9149,T27
164,0,1,0,276,green,9149,T27
165,0,1,0,276,green,9149,T27
166,0,1,0,276,green,9149,T27
167,0,1,0,276,green,9149,T27
168,0,1,0,276,green,9149,T27
169,0,1,0,276,green,9149,T27
170,0,1,0,276,green,9149,T27
0,0,0,1,277,green,9628,T27
1,0,0,1,277,green,9628,T27
2,0,0,1,277,green,9628,T27
3,0,0,1,277,green,9628,T27
4,0,0,1,277,green,9628,T27
5,0,0,1,277,green,9628,T27
6,0,0,1,277,green,9628,T27
7,0,0,1,277,green,9628,T27
8,0,0,1,277,green,9628,T27
9,0,0,1,277,green,9628,T27
10,0,0,1,277,green,9628,T27
11,0,0,1,277,green,9628,T27
12,0,0,1,277,green,9628,T27
13,0,0,1,277,green,9628,T27
14,0,0,1,277,green,9628,T27
15,0,0,1,277,green,9628,T27
16,0,0,1,277,green,9628,T27
17,0,0,1,277,green,9628,T27
18,0,0,1,277,green,9628,T27
19,0,0,1,277,green,9628,T27
20,0,0,1,277,green,9628,T27
21,0,0,1,277,green,9628,T27
22,0,0,1,277,green,9628,T27
23,0,0,1,277,green,9628,T27
24,0,0,1,277,green,9628,T27
25,0,0,1,277,green,9628,T27
26,0,0,1,277,green,9628,T27
27,0,0,1,277,green,9628,T27
28,0,0,1,277,green,9628,T27
29,0,0,1,277,green,9628,T27
30,0,0,1,277,green,9628,T27
31,0,0,1,277,green,9628,T27
32,0,0,1,277,green,9628,T27
33,0,0,1,277,green,9628,T27
34,0,0,1,277,green,9628,T27
35,0,0,1,277,green,9628,T27
36,0,0,1,277,green,9628,T27
37,0,0,1,277,green,9628,T27
38,0,0,1,277,green,9628,T27
39,0,0,1,277,green,9628,T27
40,0,0,1,277,green,9628,T27
41,0,0,1,277,green,9628,T27
42,0,0,1,277,green,9628,T27
43,0,0,1,277,green,9628,T27
44,0,0,1,277,green,9628,T27
45,0,0,1,277,green,9628,T27
46,0,0,1,277,green,9628,T27
47,0,0,1,277,green,9628,T27
48,0,0,1,277,green,9628,T27
49,0,0,1,277,green,9628,T27
50,0,0,1,277,green,9628,T27
51,0,0,1,277,green,9628,T27
52,0,0,1,277,green,9628,T27
53,0,0,1,277,green,9628,T27
54,0,0,1,277,green,9628,T27
55,0,0,1,277,green,9628,T27
56,0,0,1,277,green,9628,T27
57,0,0,1,277,green,9628,T27
58,0,0,1,277,green,9628,T27
59,0,0,1,277,green,9628,T27
60,0,0,1,277,green,9628,T27
61,0,0,1,277,green,9628,T27
62,0,0,1,277,green,9628,T27
63,0,0,1,277,green,9628,T27
64,0,0,1,277,green,9628,T27
65,0,0,1,277,green,9628,T27
66,0,0,1,277,green,9628,T27
67,0,0,1,277,green,9628,T27
68,0,0,1,277,green,9628,T27
69,0,0,1,277,green,9628,T27
70,0,0,1,277,green,9628,T27
71,0,0,1,277,green,9628,T27
72,0,0,1,277,green,9628,T27
73,0,0,1,277,green,9628,T27
74,0,0,1,277,green,9628,T27
75,0,0,1,277,green,9628,T27
76,0,0,1,277,green,9628,T27
77,0,0,1,277,green,9628,T27
78,0,0,1,277,green,9628,T27
79,0,0,1,277,green,9628,T27
80,0,0,1,277,green,9628,T27
81,0,0,1,277,green,9628,T27
82,0,0,1,277,green,9628,T27
83,0,0,1,277,green,9628,T27
84,0,0,1,277,green,9628,T27
85,0,0,1,277,green,9628,T27
86,0,0,1,277,green,9628,T27
87,0,0,1,277,green,9628,T27
88,0,0,1,277,green,9628,T27
89,0,0,1,277,green,9628,T27
90,0,0,1,277,green,9628,T27
91,0,0,1,277,green,9628,T27
92,0,0,1,277,green,9628,T27
93,0,0,1,277,green,9628,T27
94,0,0,1,277,green,9628,T27
95,0,0,1,277,green,9628,T27
96,0,0,1,277,green,9628,T27
97,0,0,1,277,green,9628,T27
98,0,0,1,277,green,9628,T27
99,0,0,1,277,green,9628,T27
100,0,0,1,277,green,9628,T27
101,0,0,1,277,green,9628,T27
102,0,0,1,277,green,9628,T27
103,0,0,1,277,green,9628,T27
104,0,0,1,277,green,9628,T27
105,0,0,1,277,green,9628,T27
106,0,0,1,277,green,9628,T27
107,0,0,1,277,green,9628,T27
108,0,0,1,277,green,9628,T27
109,0,0,1,277,green,9628,T27
110,0,0,1,277,green,9628,T27
111,0,0,1,277,green,9628,T27
112,0,0,1,277,green,9628,T27
113,0,0,1,277,green,9628,T27
114,0,0,1,277,green,9628,T27
115,0,0,1,277,green,9628,T27
116,0,0,1,277,green,9628,T27
117,0,0,1,277,green,9628,T27
118,0,0,1,277,green,9628,T27
119,0,0,1,277,green,9628,T27
120,0,0,1,277,green,9628,T27
121,0,1,0,277,green,9628,T27
122,0,1,0,277,green,9628,T27
123,0,1,0,277,green,9628,T27
124,0,1,0,277,green,9628,T27
125,0,1,0,277,green,9628,T27
126,0,1,0,277,green,9628,T27
127,0,1,0,277,green,9628,T27
128,0,1,0,277,green,9628,T27
129,0,1,0,277,green,9628,T27
130,0,1,0,277,green,9628,T27
131,0,1,0,277,green,9628,T27
132,0,1,0,277,green,9628,T27
133,0,1,0,277,green,9628,T27
134,0,1,0,277,green,9628,T27
135,0,1,0,277,green,9628,T27
136,0,1,0,277,green,9628,T27
137,0,1,0,277,green,9628,T27
138,0,1,0,277,green,9628,T27
139,0,0,1,277,green,9628,T27
140,0,0,1,277,green,9628,T27
141,1,0,0,277,green,9628,T27
142,1,0,0,277,green,9628,T27
143,1,0,0,277,green,9628,T27
144,1,0,0,277,green,9628,T27
145,1,0,0,277,green,9628,T27
146,1,0,0,277,green,9628,T27
147,1,0,0,277,green,9628,T27
148,1,0,0,277,green,9628,T27
149,1,0,0,277,green,9628,T27
150,1,0,0,277,green,9628,T27
151,1,0,0,277,green,9628,T27
152,1,0,0,277,green,9628,T27
153,1,0,0,277,green,9628,T27
154,1,0,0,277,green,9628,T27
155,1,0,0,277,green,9628,T27
156,1,0,0,277,green,9628,T27
157,1,0,0,277,green,9628,T27
158,1,0,0,277,green,9628,T27
159,1,0,0,277,green,9628,T27
160,1,0,0,277,green,9628,T27
161,1,0,0,277,green,9628,T27
162,1,0,0,277,green,9628,T27
163,1,0,0,277,green,9628,T27
164,1,0,0,277,green,9628,T27
165,0,1,0,277,green,9628,T27
166,0,1,0,277,green,9628,T27
167,0,1,0,277,green,9628,T27
168,0,1,0,277,green,9628,T27
169,0,1,0,277,green,9628,T27
170,0,1,0,277,green,9628,T27
0,1,0,0,278,green,7995,T27
1,1,0,0,278,green,7995,T27
2,1,0,0,278,green,7995,T27
3,1,0,0,278,green,7995,T27
4,1,0,0,278,green,7995,T27
5,1,0,0,278,green,7995,T27
6,1,0,0,278,green,7995,T27
7,1,0,0,278,green,7995,T27
8,1,0,0,278,green,7995,T27
9,1,0,0,278,green,7995,T27
10,1,0,0,278,green,7995,T27
11,1,0,0,278,green,7995,T27
12,1,0,0,278,green,7995,T27
13,1,0,0,278,green,7995,T27
14,1,0,0,278,green,7995,T27
15,1,0,0,278,green,7995,T27
16,1,0,0,278,green,7995,T27
17,1,0,0,278,green,7995,T27
18,1,0,0,278,green,7995,T27
19,1,0,0,278,green,7995,T27
20,1,0,0,278,green,7995,T27
21,1,0,0,278,green,7995,T27
22,1,0,0,278,green,7995,T27
23,1,0,0,278,green,7995,T27
24,1,0,0,278,green,7995,T27
25,1,0,0,278,green,7995,T27
26,1,0,0,278,green,7995,T27
27,1,0,0,278,green,7995,T27
28,1,0,0,278,green,7995,T27
29,1,0,0,278,green,7995,T27
30,1,0,0,278,green,7995,T27
31,1,0,0,278,green,7995,T27
32,1,0,0,278,green,7995,T27
33,1,0,0,278,green,7995,T27
34,1,0,0,278,green,7995,T27
35,1,0,0,278,green,7995,T27
36,1,0,0,278,green,7995,T27
37,1,0,0,278,green,7995,T27
38,1,0,0,278,green,7995,T27
39,1,0,0,278,green,7995,T27
40,1,0,0,278,green,7995,T27
41,1,0,0,278,green,7995,T27
42,1,0,0,278,green,7995,T27
43,1,0,0,278,green,7995,T27
44,1,0,0,278,green,7995,T27
45,1,0,0,278,green,7995,T27
46,1,0,0,278,green,7995,T27
47,1,0,0,278,green,7995,T27
48,1,0,0,278,green,7995,T27
49,1,0,0,278,green,7995,T27
50,1,0,0,278,green,7995,T27
51,1,0,0,278,green,7995,T27
52,1,0,0,278,green,7995,T27
53,1,0,0,278,green,7995,T27
54,1,0,0,278,green,7995,T27
55,1,0,0,278,green,7995,T27
56,1,0,0,278,green,7995,T27
57,1,0,0,278,green,7995,T27
58,1,0,0,278,green,7995,T27
59,1,0,0,278,green,7995,T27
60,1,0,0,278,green,7995,T27
61,1,0,0,278,green,7995,T27
62,1,0,0,278,green,7995,T27
63,1,0,0,278,green,7995,T27
64,1,0,0,278,green,7995,T27
65,1,0,0,278,green,7995,T27
66,1,0,0,278,green,7995,T27
67,1,0,0,278,green,7995,T27
68,1,0,0,278,green,7995,T27
69,1,0,0,278,green,7995,T27
70,1,0,0,278,green,7995,T27
71,1,0,0,278,green,7995,T27
72,1,0,0,278,green,7995,T27
73,1,0,0,278,green,7995,T27
74,1,0,0,278,green,7995,T27
75,1,0,0,278,green,7995,T27
76,1,0,0,278,green,7995,T27
77,1,0,0,278,green,7995,T27
78,1,0,0,278,green,7995,T27
79,1,0,0,278,green,7995,T27
80,1,0,0,278,green,7995,T27
81,1,0,0,278,green,7995,T27
82,1,0,0,278,green,7995,T27
83,1,0,0,278,green,7995,T27
84,1,0,0,278,green,7995,T27
85,1,0,0,278,green,7995,T27
86,1,0,0,278,green,7995,T27
87,1,0,0,278,green,7995,T27
88,1,0,0,278,green,7995,T27
89,1,0,0,278,green,7995,T27
90,1,0,0,278,green,7995,T27
91,1,0,0,278,green,7995,T27
92,1,0,0,278,green,7995,T27
93,1,0,0,278,green,7995,T27
94,1,0,0,278,green,7995,T27
95,1,0,0,278,green,7995,T27
96,1,0,0,278,green,7995,T27
97,1,0,0,278,green,7995,T27
98,1,0,0,278,green,7995,T27
99,1,0,0,278,green,7995,T27
100,1,0,0,278,green,7995,T27
101,1,0,0,278,green,7995,T27
102,1,0,0,278,green,7995,T27
103,1,0,0,278,green,7995,T27
104,1,0,0,278,green,7995,T27
105,1,0,0,278,green,7995,T27
106,1,0,0,278,green,7995,T27
107,1,0,0,278,green,7995,T27
108,1,0,0,278,green,7995,T27
109,1,0,0,278,green,7995,T27
110,1,0,0,278,green,7995,T27
111,1,0,0,278,green,7995,T27
112,1,0,0,278,green,7995,T27
113,1,0,0,278,green,7995,T27
114,1,0,0,278,green,7995,T27
115,1,0,0,278,green,7995,T27
116,1,0,0,278,green,7995,T27
117,1,0,0,278,green,7995,T27
118,1,0,0,278,green,7995,T27
119,1,0,0,278,green,7995,T27
120,1,0,0,278,green,7995,T27
121,1,0,0,278,green,7995,T27
122,1,0,0,278,green,7995,T27
123,1,0,0,278,green,7995,T27
124,1,0,0,278,green,7995,T27
125,1,0,0,278,green,7995,T27
126,1,0,0,278,green,7995,T27
127,1,0,0,278,green,7995,T27
128,1,0,0,278,green,7995,T27
129,1,0,0,278,green,7995,T27
130,1,0,0,278,green,7995,T27
131,1,0,0,278,green,7995,T27
132,1,0,0,278,green,7995,T27
133,1,0,0,278,green,7995,T27
134,1,0,0,278,green,7995,T27
135,1,0,0,278,green,7995,T27
136,1,0,0,278,green,7995,T27
137,1,0,0,278,green,7995,T27
138,1,0,0,278,green,7995,T27
139,1,0,0,278,green,7995,T27
140,1,0,0,278,green,7995,T27
141,1,0,0,278,green,7995,T27
142,1,0,0,278,green,7995,T27
143,1,0,0,278,green,7995,T27
144,1,0,0,278,green,7995,T27
145,1,0,0,278,green,7995,T27
146,1,0,0,278,green,7995,T27
147,1,0,0,278,green,7995,T27
148,1,0,0,278,green,7995,T27
149,1,0,0,278,green,7995,T27
150,1,0,0,278,green,7995,T27
151,1,0,0,278,green,7995,T27
152,1,0,0,278,green,7995,T27
153,1,0,0,278,green,7995,T27
154,1,0,0,278,green,7995,T27
155,1,0,0,278,green,7995,T27
156,1,0,0,278,green,7995,T27
157,1,0,0,278,green,7995,T27
158,1,0,0,278,green,7995,T27
159,1,0,0,278,green,7995,T27
160,1,0,0,278,green,7995,T27
161,1,0,0,278,green,7995,T27
162,1,0,0,278,green,7995,T27
163,1,0,0,278,green,7995,T27
164,1,0,0,278,green,7995,T27
165,1,0,0,278,green,7995,T27
166,1,0,0,278,green,7995,T27
167,0,0,1,278,green,7995,T27
168,0,1,0,278,green,7995,T27
169,0,1,0,278,green,7995,T27
170,0,1,0,278,green,7995,T27
0,0,0,1,279,green,8061,T27
1,0,0,1,279,green,8061,T27
2,0,0,1,279,green,8061,T27
3,0,0,1,279,green,8061,T27
4,0,0,1,279,green,8061,T27
5,0,0,1,279,green,8061,T27
6,0,0,1,279,green,8061,T27
7,0,0,1,279,green,8061,T27
8,0,0,1,279,green,8061,T27
9,0,0,1,279,green,8061,T27
10,0,0,1,279,green,8061,T27
11,0,0,1,279,green,8061,T27
12,0,0,1,279,green,8061,T27
13,0,0,1,279,green,8061,T27
14,0,0,1,279,green,8061,T27
15,0,0,1,279,green,8061,T27
16,0,0,1,279,green,8061,T27
17,0,0,1,279,green,8061,T27
18,0,0,1,279,green,8061,T27
19,0,0,1,279,green,8061,T27
20,0,0,1,279,green,8061,T27
21,0,0,1,279,green,8061,T27
22,0,0,1,279,green,8061,T27
23,0,0,1,279,green,8061,T27
24,0,0,1,279,green,8061,T27
25,0,0,1,279,green,8061,T27
26,0,0,1,279,green,8061,T27
27,0,0,1,279,green,8061,T27
28,0,0,1,279,green,8061,T27
29,0,0,1,279,green,8061,T27
30,0,0,1,279,green,8061,T27
31,0,1,0,279,green,8061,T27
32,0,1,0,279,green,8061,T27
33,0,1,0,279,green,8061,T27
34,0,1,0,279,green,8061,T27
35,0,1,0,279,green,8061,T27
36,0,1,0,279,green,8061,T27
37,0,1,0,279,green,8061,T27
38,0,1,0,279,green,8061,T27
39,0,1,0,279,green,8061,T27
40,0,1,0,279,green,8061,T27
41,0,1,0,279,green,8061,T27
42,0,1,0,279,green,8061,T27
43,0,1,0,279,green,8061,T27
44,0,1,0,279,green,8061,T27
45,0,1,0,279,green,8061,T27
46,0,1,0,279,green,8061,T27
47,0,1,0,279,green,8061,T27
48,0,1,0,279,green,8061,T27
49,0,1,0,279,green,8061,T27
50,0,1,0,279,green,8061,T27
51,0,1,0,279,green,8061,T27
52,0,1,0,279,green,8061,T27
53,0,1,0,279,green,8061,T27
54,0,1,0,279,green,8061,T27
55,0,1,0,279,green,8061,T27
56,0,1,0,279,green,8061,T27
57,0,1,0,279,green,8061,T27
58,0,1,0,279,green,8061,T27
59,0,1,0,279,green,8061,T27
60,0,1,0,279,green,8061,T27
61,0,1,0,279,green,8061,T27
62,0,1,0,279,green,8061,T27
63,0,1,0,279,green,8061,T27
64,0,1,0,279,green,8061,T27
65,0,1,0,279,green,8061,T27
66,0,1,0,279,green,8061,T27
67,0,1,0,279,green,8061,T27
68,0,1,0,279,green,8061,T27
69,0,1,0,279,green,8061,T27
70,0,0,1,279,green,8061,T27
71,0,0,1,279,green,8061,T27
72,0,0,1,279,green,8061,T27
73,0,0,1,279,green,8061,T27
74,0,0,1,279,green,8061,T27
75,0,0,1,279,green,8061,T27
76,1,0,0,279,green,8061,T27
77,1,0,0,279,green,8061,T27
78,1,0,0,279,green,8061,T27
79,1,0,0,279,green,8061,T27
80,1,0,0,279,green,8061,T27
81,1,0,0,279,green,8061,T27
82,1,0,0,279,green,8061,T27
83,1,0,0,279,green,8061,T27
84,1,0,0,279,green,8061,T27
85,1,0,0,279,green,8061,T27
86,1,0,0,279,green,8061,T27
87,1,0,0,279,green,8061,T27
88,1,0,0,279,green,8061,T27
89,1,0,0,279,green,8061,T27
90,1,0,0,279,green,8061,T27
91,1,0,0,279,green,8061,T27
92,1,0,0,279,green,8061,T27
93,1,0,0,279,green,8061,T27
94,1,0,0,279,green,8061,T27
95,1,0,0,279,green,8061,T27
96,1,0,0,279,green,8061,T27
97,1,0,0,279,green,8061,T27
98,1,0,0,279,green,8061,T27
99,0,0,1,279,green,8061,T27
100,0,1,0,279,green,8061,T27
101,0,1,0,279,green,8061,T27
102,0,1,0,279,green,8061,T27
103,0,1,0,279,green,8061,T27
104,0,1,0,279,green,8061,T27
105,0,1,0,279,green,8061,T27
106,0,1,0,279,green,8061,T27
107,0,1,0,279,green,8061,T27
108,0,1,0,279,green,8061,T27
109,0,1,0,279,green,8061,T27
110,0,1,0,279,green,8061,T27
111,0,1,0,279,green,8061,T27
112,0,1,0,279,green,8061,T27
113,0,1,0,279,green,8061,T27
114,0,1,0,279,green,8061,T27
115,0,1,0,279,green,8061,T27
116,0,1,0,279,green,8061,T27
117,0,1,0,279,green,8061,T27
118,0,1,0,279,green,8061,T27
119,0,1,0,279,green,8061,T27
120,0,1,0,279,green,8061,T27
121,0,1,0,279,green,8061,T27
122,0,1,0,279,green,8061,T27
123,0,1,0,279,green,8061,T27
124,0,1,0,279,green,8061,T27
125,0,1,0,279,green,8061,T27
126,0,1,0,279,green,8061,T27
127,0,1,0,279,green,8061,T27
128,0,1,0,279,green,8061,T27
129,0,1,0,279,green,8061,T27
130,0,1,0,279,green,8061,T27
131,0,1,0,279,green,8061,T27
132,0,1,0,279,green,8061,T27
133,0,1,0,279,green,8061,T27
134,0,1,0,279,green,8061,T27
135,0,1,0,279,green,8061,T27
136,0,1,0,279,green,8061,T27
137,0,1,0,279,green,8061,T27
138,0,1,0,279,green,8061,T27
139,0,1,0,279,green,8061,T27
140,0,1,0,279,green,8061,T27
141,0,1,0,279,green,8061,T27
142,0,1,0,279,green,8061,T27
143,0,1,0,279,green,8061,T27
144,0,1,0,279,green,8061,T27
145,0,1,0,279,green,8061,T27
146,0,1,0,279,green,8061,T27
147,0,1,0,279,green,8061,T27
148,0,1,0,279,green,8061,T27
149,0,1,0,279,green,8061,T27
150,0,1,0,279,green,8061,T27
151,0,1,0,279,green,8061,T27
152,0,1,0,279,green,8061,T27
153,0,1,0,279,green,8061,T27
154,0,1,0,279,green,8061,T27
155,0,1,0,279,green,8061,T27
156,0,1,0,279,green,8061,T27
157,0,1,0,279,green,8061,T27
158,0,1,0,279,green,8061,T27
159,0,1,0,279,green,8061,T27
160,0,1,0,279,green,8061,T27
161,0,1,0,279,green,8061,T27
162,0,1,0,279,green,8061,T27
163,0,1,0,279,green,8061,T27
164,0,1,0,279,green,8061,T27
165,0,1,0,279,green,8061,T27
166,0,1,0,279,green,8061,T27
167,0,1,0,279,green,8061,T27
168,0,1,0,279,green,8061,T27
169,0,1,0,279,green,8061,T27
170,0,1,0,279,green,8061,T27
0,0,0,1,280,green,10311,T27
1,0,0,1,280,green,10311,T27
2,0,0,1,280,green,10311,T27
3,0,0,1,280,green,10311,T27
4,0,0,1,280,green,10311,T27
5,0,0,1,280,green,10311,T27
6,0,0,1,280,green,10311,T27
7,0,0,1,280,green,10311,T27
8,0,0,1,280,green,10311,T27
9,0,0,1,280,green,10311,T27
10,0,0,1,280,green,10311,T27
11,0,0,1,280,green,10311,T27
12,0,0,1,280,green,10311,T27
13,0,0,1,280,green,10311,T27
14,0,0,1,280,green,10311,T27
15,0,0,1,280,green,10311,T27
16,0,0,1,280,green,10311,T27
17,0,0,1,280,green,10311,T27
18,0,0,1,280,green,10311,T27
19,0,0,1,280,green,10311,T27
20,0,0,1,280,green,10311,T27
21,0,0,1,280,green,10311,T27
22,0,0,1,280,green,10311,T27
23,0,0,1,280,green,10311,T27
24,0,0,1,280,green,10311,T27
25,0,0,1,280,green,10311,T27
26,0,0,1,280,green,10311,T27
27,0,0,1,280,green,10311,T27
28,0,0,1,280,green,10311,T27
29,0,0,1,280,green,10311,T27
30,0,0,1,280,green,10311,T27
31,0,0,1,280,green,10311,T27
32,0,0,1,280,green,10311,T27
33,0,0,1,280,green,10311,T27
34,0,0,1,280,green,10311,T27
35,0,0,1,280,green,10311,T27
36,0,0,1,280,green,10311,T27
37,0,0,1,280,green,10311,T27
38,0,0,1,280,green,10311,T27
39,0,0,1,280,green,10311,T27
40,0,0,1,280,green,10311,T27
41,0,0,1,280,green,10311,T27
42,0,0,1,280,green,10311,T27
43,0,0,1,280,green,10311,T27
44,0,0,1,280,green,10311,T27
45,0,0,1,280,green,10311,T27
46,0,0,1,280,green,10311,T27
47,0,0,1,280,green,10311,T27
48,0,0,1,280,green,10311,T27
49,0,0,1,280,green,10311,T27
50,0,0,1,280,green,10311,T27
51,0,0,1,280,green,10311,T27
52,0,0,1,280,green,10311,T27
53,0,0,1,280,green,10311,T27
54,0,0,1,280,green,10311,T27
55,0,0,1,280,green,10311,T27
56,0,0,1,280,green,10311,T27
57,0,0,1,280,green,10311,T27
58,0,0,1,280,green,10311,T27
59,0,0,1,280,green,10311,T27
60,0,1,0,280,green,10311,T27
61,0,1,0,280,green,10311,T27
62,0,1,0,280,green,10311,T27
63,0,1,0,280,green,10311,T27
64,0,1,0,280,green,10311,T27
65,0,1,0,280,green,10311,T27
66,0,1,0,280,green,10311,T27
67,0,1,0,280,green,10311,T27
68,0,1,0,280,green,10311,T27
69,0,1,0,280,green,10311,T27
70,0,1,0,280,green,10311,T27
71,0,1,0,280,green,10311,T27
72,0,1,0,280,green,10311,T27
73,0,1,0,280,green,10311,T27
74,0,1,0,280,green,10311,T27
75,0,1,0,280,green,10311,T27
76,0,1,0,280,green,10311,T27
77,0,1,0,280,green,10311,T27
78,0,1,0,280,green,10311,T27
79,0,1,0,280,green,10311,T27
80,0,1,0,280,green,10311,T27
81,0,1,0,280,green,10311,T27
82,0,1,0,280,green,10311,T27
83,0,1,0,280,green,10311,T27
84,0,1,0,280,green,10311,T27
85,0,1,0,280,green,10311,T27
86,0,1,0,280,green,10311,T27
87,0,1,0,280,green,10311,T27
88,0,1,0,280,green,10311,T27
89,0,1,0,280,green,10311,T27
90,0,1,0,280,green,10311,T27
91,0,1,0,280,green,10311,T27
92,0,1,0,280,green,10311,T27
93,0,1,0,280,green,10311,T27
94,0,1,0,280,green,10311,T27
95,0,1,0,280,green,10311,T27
96,0,1,0,280,green,10311,T27
97,0,1,0,280,green,10311,T27
98,0,1,0,280,green,10311,T27
99,0,1,0,280,green,10311,T27
100,0,1,0,280,green,10311,T27
101,0,1,0,280,green,10311,T27
102,0,1,0,280,green,10311,T27
103,0,1,0,280,green,10311,T27
104,0,1,0,280,green,10311,T27
105,0,1,0,280,green,10311,T27
106,0,1,0,280,green,10311,T27
107,0,1,0,280,green,10311,T27
108,0,1,0,280,green,10311,T27
109,0,1,0,280,green,10311,T27
110,0,1,0,280,green,10311,T27
111,0,1,0,280,green,10311,T27
112,0,1,0,280,green,10311,T27
113,0,1,0,280,green,10311,T27
114,0,1,0,280,green,10311,T27
115,0,1,0,280,green,10311,T27
116,0,0,1,280,green,10311,T27
117,0,0,1,280,green,10311,T27
118,0,0,1,280,green,10311,T27
119,1,0,0,280,green,10311,T27
120,1,0,0,280,green,10311,T27
121,1,0,0,280,green,10311,T27
122,1,0,0,280,green,10311,T27
123,1,0,0,280,green,10311,T27
124,1,0,0,280,green,10311,T27
125,1,0,0,280,green,10311,T27
126,1,0,0,280,green,10311,T27
127,1,0,0,280,green,10311,T27
128,1,0,0,280,green,10311,T27
129,1,0,0,280,green,10311,T27
130,1,0,0,280,green,10311,T27
131,1,0,0,280,green,10311,T27
132,1,0,0,280,green,10311,T27
133,0,0,1,280,green,10311,T27
134,0,0,1,280,green,10311,T27
135,0,1,0,280,green,10311,T27
136,0,1,0,280,green,10311,T27
137,0,1,0,280,green,10311,T27
138,0,1,0,280,green,10311,T27
139,0,1,0,280,green,10311,T27
140,0,1,0,280,green,10311,T27
141,0,1,0,280,green,10311,T27
142,0,1,0,280,green,10311,T27
143,0,1,0,280,green,10311,T27
144,0,1,0,280,green,10311,T27
145,0,1,0,280,green,10311,T27
146,0,1,0,280,green,10311,T27
147,0,1,0,280,green,10311,T27
148,0,0,1,280,green,10311,T27
149,0,0,1,280,green,10311,T27
150,0,0,1,280,green,10311,T27
151,0,0,1,280,green,10311,T27
152,0,0,1,280,green,10311,T27
153,0,0,1,280,green,10311,T27
154,0,0,1,280,green,10311,T27
155,0,0,1,280,green,10311,T27
156,0,0,1,280,green,10311,T27
157,0,0,1,280,green,10311,T27
158,0,0,1,280,green,10311,T27
159,0,0,1,280,green,10311,T27
160,0,0,1,280,green,10311,T27
161,0,0,1,280,green,10311,T27
162,0,1,0,280,green,10311,T27
163,0,1,0,280,green,10311,T27
164,0,1,0,280,green,10311,T27
165,0,1,0,280,green,10311,T27
166,0,1,0,280,green,10311,T27
167,0,1,0,280,green,10311,T27
168,0,1,0,280,green,10311,T27
169,0,1,0,280,green,10311,T27
170,0,1,0,280,green,10311,T27
0,0,0,1,281,green,8928,T27
1,0,0,1,281,green,8928,T27
2,0,0,1,281,green,8928,T27
3,0,0,1,281,green,8928,T27
4,0,0,1,281,green,8928,T27
5,0,0,1,281,green,8928,T27
6,0,0,1,281,green,8928,T27
7,0,0,1,281,green,8928,T27
8,0,0,1,281,green,8928,T27
9,0,0,1,281,green,8928,T27
10,0,0,1,281,green,8928,T27
11,0,0,1,281,green,8928,T27
12,0,0,1,281,green,8928,T27
13,0,0,1,281,green,8928,T27
14,0,0,1,281,green,8928,T27
15,0,0,1,281,green,8928,T27
16,0,0,1,281,green,8928,T27
17,0,0,1,281,green,8928,T27
18,0,0,1,281,green,8928,T27
19,0,0,1,281,green,8928,T27
20,0,0,1,281,green,8928,T27
21,0,0,1,281,green,8928,T27
22,1,0,0,281,green,8928,T27
23,1,0,0,281,green,8928,T27
24,1,0,0,281,green,8928,T27
25,1,0,0,281,green,8928,T27
26,1,0,0,281,green,8928,T27
27,1,0,0,281,green,8928,T27
28,1,0,0,281,green,8928,T27
29,1,0,0,281,green,8928,T27
30,1,0,0,281,green,8928,T27
31,1,0,0,281,green,8928,T27
32,1,0,0,281,green,8928,T27
33,1,0,0,281,green,8928,T27
34,1,0,0,281,green,8928,T27
35,1,0,0,281,green,8928,T27
36,1,0,0,281,green,8928,T27
37,1,0,0,281,green,8928,T27
38,1,0,0,281,green,8928,T27
39,1,0,0,281,green,8928,T27
40,0,0,1,281,green,8928,T27
41,0,1,0,281,green,8928,T27
42,0,1,0,281,green,8928,T27
43,0,1,0,281,green,8928,T27
44,0,1,0,281,green,8928,T27
45,0,1,0,281,green,8928,T27
46,0,1,0,281,green,8928,T27
47,0,1,0,281,green,8928,T27
48,0,1,0,281,green,8928,T27
49,0,1,0,281,green,8928,T27
50,0,1,0,281,green,8928,T27
51,0,1,0,281,green,8928,T27
52,0,1,0,281,green,8928,T27
53,0,1,0,281,green,8928,T27
54,0,1,0,281,green,8928,T27
55,0,1,0,281,green,8928,T27
56,0,1,0,281,green,8928,T27
57,0,1,0,281,green,8928,T27
58,0,1,0,281,green,8928,T27
59,0,1,0,281,green,8928,T27
60,0,1,0,281,green,8928,T27
61,0,1,0,281,green,8928,T27
62,0,1,0,281,green,8928,T27
63,0,1,0,281,green,8928,T27
64,0,1,0,281,green,8928,T27
65,0,1,0,281,green,8928,T27
66,0,1,0,281,green,8928,T27
67,0,1,0,281,green,8928,T27
68,0,1,0,281,green,8928,T27
69,0,1,0,281,green,8928,T27
70,0,1,0,281,green,8928,T27
71,0,1,0,281,green,8928,T27
72,0,1,0,281,green,8928,T27
73,0,1,0,281,green,8928,T27
74,0,1,0,281,green,8928,T27
75,0,1,0,281,green,8928,T27
76,0,1,0,281,green,8928,T27
77,0,1,0,281,green,8928,T27
78,0,1,0,281,green,8928,T27
79,0,1,0,281,green,8928,T27
80,0,1,0,281,green,8928,T27
81,0,1,0,281,green,8928,T27
82,0,1,0,281,green,8928,T27
83,0,1,0,281,green,8928,T27
84,0,1,0,281,green,8928,T27
85,0,1,0,281,green,8928,T27
86,0,1,0,281,green,8928,T27
87,0,1,0,281,green,8928,T27
88,0,1,0,281,green,8928,T27
89,0,1,0,281,green,8928,T27
90,0,1,0,281,green,8928,T27
91,0,1,0,281,green,8928,T27
92,0,1,0,281,green,8928,T27
93,0,1,0,281,green,8928,T27
94,0,1,0,281,green,8928,T27
95,0,1,0,281,green,8928,T27
96,0,1,0,281,green,8928,T27
97,0,1,0,281,green,8928,T27
98,0,1,0,281,green,8928,T27
99,0,1,0,281,green,8928,T27
100,0,1,0,281,green,8928,T27
101,0,1,0,281,green,8928,T27
102,0,1,0,281,green,8928,T27
103,0,1,0,281,green,8928,T27
104,0,1,0,281,green,8928,T27
105,0,1,0,281,green,8928,T27
106,0,1,0,281,green,8928,T27
107,0,1,0,281,green,8928,T27
108,0,1,0,281,green,8928,T27
109,0,1,0,281,green,8928,T27
110,0,1,0,281,green,8928,T27
111,0,1,0,281,green,8928,T27
112,0,1,0,281,green,8928,T27
113,0,1,0,281,green,8928,T27
114,0,1,0,281,green,8928,T27
115,0,1,0,281,green,8928,T27
116,0,1,0,281,green,8928,T27
117,0,1,0,281,green,8928,T27
118,0,1,0,281,green,8928,T27
119,0,1,0,281,green,8928,T27
120,0,1,0,281,green,8928,T27
121,0,1,0,281,green,8928,T27
122,0,1,0,281,green,8928,T27
123,0,1,0,281,green,8928,T27
124,0,1,0,281,green,8928,T27
125,0,1,0,281,green,8928,T27
126,0,1,0,281,green,8928,T27
127,0,1,0,281,green,8928,T27
128,0,1,0,281,green,8928,T27
129,0,1,0,281,green,8928,T27
130,0,1,0,281,green,8928,T27
131,0,1,0,281,green,8928,T27
132,0,1,0,281,green,8928,T27
133,0,1,0,281,green,8928,T27
134,0,1,0,281,green,8928,T27
135,0,1,0,281,green,8928,T27
136,0,1,0,281,green,8928,T27
137,0,1,0,281,green,8928,T27
138,0,1,0,281,green,8928,T27
139,0,1,0,281,green,8928,T27
140,0,1,0,281,green,8928,T27
141,0,1,0,281,green,8928,T27
142,0,1,0,281,green,8928,T27
143,0,1,0,281,green,8928,T27
144,0,1,0,281,green,8928,T27
145,0,1,0,281,green,8928,T27
146,0,1,0,281,green,8928,T27
147,0,1,0,281,green,8928,T27
148,0,1,0,281,green,8928,T27
149,0,1,0,281,green,8928,T27
150,0,1,0,281,green,8928,T27
151,0,1,0,281,green,8928,T27
152,0,1,0,281,green,8928,T27
153,0,1,0,281,green,8928,T27
154,0,1,0,281,green,8928,T27
155,0,1,0,281,green,8928,T27
156,0,1,0,281,green,8928,T27
157,0,1,0,281,green,8928,T27
158,0,1,0,281,green,8928,T27
159,0,1,0,281,green,8928,T27
160,0,1,0,281,green,8928,T27
161,0,1,0,281,green,8928,T27
162,0,1,0,281,green,8928,T27
163,0,1,0,281,green,8928,T27
164,0,1,0,281,green,8928,T27
165,0,1,0,281,green,8928,T27
166,0,1,0,281,green,8928,T27
167,0,1,0,281,green,8928,T27
168,0,1,0,281,green,8928,T27
169,0,1,0,281,green,8928,T27
170,0,1,0,281,green,8928,T27
0,0,0,1,282,green,8277,T27
1,0,0,1,282,green,8277,T27
2,0,0,1,282,green,8277,T27
3,0,0,1,282,green,8277,T27
4,0,0,1,282,green,8277,T27
5,0,0,1,282,green,8277,T27
6,0,0,1,282,green,8277,T27
7,0,0,1,282,green,8277,T27
8,0,0,1,282,green,8277,T27
9,0,0,1,282,green,8277,T27
10,0,0,1,282,green,8277,T27
11,0,0,1,282,green,8277,T27
12,0,0,1,282,green,8277,T27
13,0,0,1,282,green,8277,T27
14,0,0,1,282,green,8277,T27
15,0,0,1,282,green,8277,T27
16,0,0,1,282,green,8277,T27
17,0,0,1,282,green,8277,T27
18,0,0,1,282,green,8277,T27
19,0,0,1,282,green,8277,T27
20,0,0,1,282,green,8277,T27
21,0,0,1,282,green,8277,T27
22,0,0,1,282,green,8277,T27
23,0,0,1,282,green,8277,T27
24,0,0,1,282,green,8277,T27
25,0,0,1,282,green,8277,T27
26,0,0,1,282,green,8277,T27
27,0,0,1,282,green,8277,T27
28,0,0,1,282,green,8277,T27
29,0,0,1,282,green,8277,T27
30,0,0,1,282,green,8277,T27
31,0,0,1,282,green,8277,T27
32,0,0,1,282,green,8277,T27
33,0,0,1,282,green,8277,T27
34,1,0,0,282,green,8277,T27
35,1,0,0,282,green,8277,T27
36,1,0,0,282,green,8277,T27
37,1,0,0,282,green,8277,T27
38,1,0,0,282,green,8277,T27
39,1,0,0,282,green,8277,T27
40,1,0,0,282,green,8277,T27
41,1,0,0,282,green,8277,T27
42,1,0,0,282,green,8277,T27
43,1,0,0,282,green,8277,T27
44,1,0,0,282,green,8277,T27
45,1,0,0,282,green,8277,T27
46,1,0,0,282,green,8277,T27
47,1,0,0,282,green,8277,T27
48,1,0,0,282,green,8277,T27
49,1,0,0,282,green,8277,T27
50,1,0,0,282,green,8277,T27
51,1,0,0,282,green,8277,T27
52,1,0,0,282,green,8277,T27
53,1,0,0,282,green,8277,T27
54,1,0,0,282,green,8277,T27
55,1,0,0,282,green,8277,T27
56,1,0,0,282,green,8277,T27
57,1,0,0,282,green,8277,T27
58,1,0,0,282,green,8277,T27
59,1,0,0,282,green,8277,T27
60,1,0,0,282,green,8277,T27
61,1,0,0,282,green,8277,T27
62,1,0,0,282,green,8277,T27
63,1,0,0,282,green,8277,T27
64,1,0,0,282,green,8277,T27
65,1,0,0,282,green,8277,T27
66,1,0,0,282,green,8277,T27
67,1,0,0,282,green,8277,T27
68,1,0,0,282,green,8277,T27
69,1,0,0,282,green,8277,T27
70,1,0,0,282,green,8277,T27
71,1,0,0,282,green,8277,T27
72,1,0,0,282,green,8277,T27
73,1,0,0,282,green,8277,T27
74,1,0,0,282,green,8277,T27
75,1,0,0,282,green,8277,T27
76,1,0,0,282,green,8277,T27
77,1,0,0,282,green,8277,T27
78,1,0,0,282,green,8277,T27
79,1,0,0,282,green,8277,T27
80,1,0,0,282,green,8277,T27
81,1,0,0,282,green,8277,T27
82,1,0,0,282,green,8277,T27
83,1,0,0,282,green,8277,T27
84,1,0,0,282,green,8277,T27
85,1,0,0,282,green,8277,T27
86,1,0,0,282,green,8277,T27
87,1,0,0,282,green,8277,T27
88,1,0,0,282,green,8277,T27
89,1,0,0,282,green,8277,T27
90,1,0,0,282,green,8277,T27
91,1,0,0,282,green,8277,T27
92,1,0,0,282,green,8277,T27
93,1,0,0,282,green,8277,T27
94,1,0,0,282,green,8277,T27
95,1,0,0,282,green,8277,T27
96,1,0,0,282,green,8277,T27
97,1,0,0,282,green,8277,T27
98,1,0,0,282,green,8277,T27
99,1,0,0,282,green,8277,T27
100,1,0,0,282,green,8277,T27
101,1,0,0,282,green,8277,T27
102,1,0,0,282,green,8277,T27
103,1,0,0,282,green,8277,T27
104,1,0,0,282,green,8277,T27
105,1,0,0,282,green,8277,T27
106,1,0,0,282,green,8277,T27
107,1,0,0,282,green,8277,T27
108,1,0,0,282,green,8277,T27
109,1,0,0,282,green,8277,T27
110,1,0,0,282,green,8277,T27
111,1,0,0,282,green,8277,T27
112,1,0,0,282,green,8277,T27
113,1,0,0,282,green,8277,T27
114,1,0,0,282,green,8277,T27
115,1,0,0,282,green,8277,T27
116,1,0,0,282,green,8277,T27
117,1,0,0,282,green,8277,T27
118,1,0,0,282,green,8277,T27
119,1,0,0,282,green,8277,T27
120,1,0,0,282,green,8277,T27
121,1,0,0,282,green,8277,T27
122,1,0,0,282,green,8277,T27
123,1,0,0,282,green,8277,T27
124,1,0,0,282,green,8277,T27
125,1,0,0,282,green,8277,T27
126,1,0,0,282,green,8277,T27
127,1,0,0,282,green,8277,T27
128,1,0,0,282,green,8277,T27
129,1,0,0,282,green,8277,T27
130,1,0,0,282,green,8277,T27
131,1,0,0,282,green,8277,T27
132,1,0,0,282,green,8277,T27
133,1,0,0,282,green,8277,T27
134,1,0,0,282,green,8277,T27
135,1,0,0,282,green,8277,T27
136,1,0,0,282,green,8277,T27
137,1,0,0,282,green,8277,T27
138,1,0,0,282,green,8277,T27
139,1,0,0,282,green,8277,T27
140,1,0,0,282,green,8277,T27
141,1,0,0,282,green,8277,T27
142,1,0,0,282,green,8277,T27
143,1,0,0,282,green,8277,T27
144,1,0,0,282,green,8277,T27
145,1,0,0,282,green,8277,T27
146,1,0,0,282,green,8277,T27
147,1,0,0,282,green,8277,T27
148,1,0,0,282,green,8277,T27
149,1,0,0,282,green,8277,T27
150,1,0,0,282,green,8277,T27
151,1,0,0,282,green,8277,T27
152,1,0,0,282,green,8277,T27
153,1,0,0,282,green,8277,T27
154,1,0,0,282,green,8277,T27
155,1,0,0,282,green,8277,T27
156,1,0,0,282,green,8277,T27
157,1,0,0,282,green,8277,T27
158,1,0,0,282,green,8277,T27
159,1,0,0,282,green,8277,T27
160,1,0,0,282,green,8277,T27
161,1,0,0,282,green,8277,T27
162,1,0,0,282,green,8277,T27
163,1,0,0,282,green,8277,T27
164,1,0,0,282,green,8277,T27
165,1,0,0,282,green,8277,T27
166,1,0,0,282,green,8277,T27
167,0,0,1,282,green,8277,T27
168,0,0,1,282,green,8277,T27
169,0,0,1,282,green,8277,T27
170,1,0,0,282,green,8277,T27
0,0,0,1,283,green,8718,T27
1,0,0,1,283,green,8718,T27
2,0,0,1,283,green,8718,T27
3,0,0,1,283,green,8718,T27
4,0,0,1,283,green,8718,T27
5,0,0,1,283,green,8718,T27
6,0,0,1,283,green,8718,T27
7,0,0,1,283,green,8718,T27
8,0,0,1,283,green,8718,T27
9,0,0,1,283,green,8718,T27
10,0,0,1,283,green,8718,T27
11,0,0,1,283,green,8718,T27
12,0,0,1,283,green,8718,T27
13,0,0,1,283,green,8718,T27
14,0,0,1,283,green,8718,T27
15,0,0,1,283,green,8718,T27
16,0,0,1,283,green,8718,T27
17,0,0,1,283,green,8718,T27
18,0,0,1,283,green,8718,T27
19,0,0,1,283,green,8718,T27
20,0,0,1,283,green,8718,T27
21,0,0,1,283,green,8718,T27
22,0,0,1,283,green,8718,T27
23,0,0,1,283,green,8718,T27
24,0,0,1,283,green,8718,T27
25,0,0,1,283,green,8718,T27
26,0,0,1,283,green,8718,T27
27,0,0,1,283,green,8718,T27
28,0,0,1,283,green,8718,T27
29,0,0,1,283,green,8718,T27
30,0,0,1,283,green,8718,T27
31,0,0,1,283,green,8718,T27
32,0,0,1,283,green,8718,T27
33,0,0,1,283,green,8718,T27
34,0,0,1,283,green,8718,T27
35,0,0,1,283,green,8718,T27
36,0,0,1,283,green,8718,T27
37,0,0,1,283,green,8718,T27
38,0,0,1,283,green,8718,T27
39,0,0,1,283,green,8718,T27
40,0,0,1,283,green,8718,T27
41,0,0,1,283,green,8718,T27
42,0,0,1,283,green,8718,T27
43,0,0,1,283,green,8718,T27
44,0,0,1,283,green,8718,T27
45,0,0,1,283,green,8718,T27
46,0,0,1,283,green,8718,T27
47,0,0,1,283,green,8718,T27
48,0,0,1,283,green,8718,T27
49,0,0,1,283,green,8718,T27
50,0,0,1,283,green,8718,T27
51,0,0,1,283,green,8718,T27
52,0,0,1,283,green,8718,T27
53,0,0,1,283,green,8718,T27
54,0,0,1,283,green,8718,T27
55,0,0,1,283,green,8718,T27
56,0,0,1,283,green,8718,T27
57,0,0,1,283,green,8718,T27
58,0,0,1,283,green,8718,T27
59,0,0,1,283,green,8718,T27
60,0,0,1,283,green,8718,T27
61,0,0,1,283,green,8718,T27
62,0,0,1,283,green,8718,T27
63,0,0,1,283,green,8718,T27
64,0,0,1,283,green,8718,T27
65,0,0,1,283,green,8718,T27
66,0,0,1,283,green,8718,T27
67,0,0,1,283,green,8718,T27
68,0,0,1,283,green,8718,T27
69,0,0,1,283,green,8718,T27
70,0,0,1,283,green,8718,T27
71,0,0,1,283,green,8718,T27
72,0,0,1,283,green,8718,T27
73,0,0,1,283,green,8718,T27
74,0,0,1,283,green,8718,T27
75,0,0,1,283,green,8718,T27
76,0,0,1,283,green,8718,T27
77,0,0,1,283,green,8718,T27
78,0,0,1,283,green,8718,T27
79,0,0,1,283,green,8718,T27
80,0,0,1,283,green,8718,T27
81,0,0,1,283,green,8718,T27
82,0,0,1,283,green,8718,T27
83,0,0,1,283,green,8718,T27
84,0,0,1,283,green,8718,T27
85,0,0,1,283,green,8718,T27
86,0,0,1,283,green,8718,T27
87,0,0,1,283,green,8718,T27
88,0,1,0,283,green,8718,T27
89,0,1,0,283,green,8718,T27
90,0,1,0,283,green,8718,T27
91,0,1,0,283,green,8718,T27
92,0,1,0,283,green,8718,T27
93,0,1,0,283,green,8718,T27
94,0,1,0,283,green,8718,T27
95,0,1,0,283,green,8718,T27
96,0,1,0,283,green,8718,T27
97,0,1,0,283,green,8718,T27
98,0,1,0,283,green,8718,T27
99,0,1,0,283,green,8718,T27
100,0,1,0,283,green,8718,T27
101,0,1,0,283,green,8718,T27
102,0,1,0,283,green,8718,T27
103,0,1,0,283,green,8718,T27
104,0,1,0,283,green,8718,T27
105,0,0,1,283,green,8718,T27
106,0,0,1,283,green,8718,T27
107,0,0,1,283,green,8718,T27
108,0,0,1,283,green,8718,T27
109,0,0,1,283,green,8718,T27
110,0,0,1,283,green,8718,T27
111,0,0,1,283,green,8718,T27
112,0,0,1,283,green,8718,T27
113,0,0,1,283,green,8718,T27
114,0,1,0,283,green,8718,T27
115,0,1,0,283,green,8718,T27
116,0,1,0,283,green,8718,T27
117,0,1,0,283,green,8718,T27
118,0,1,0,283,green,8718,T27
119,0,1,0,283,green,8718,T27
120,0,1,0,283,green,8718,T27
121,0,1,0,283,green,8718,T27
122,0,1,0,283,green,8718,T27
123,0,1,0,283,green,8718,T27
124,0,1,0,283,green,8718,T27
125,0,1,0,283,green,8718,T27
126,0,1,0,283,green,8718,T27
127,0,1,0,283,green,8718,T27
128,0,1,0,283,green,8718,T27
129,0,1,0,283,green,8718,T27
130,0,1,0,283,green,8718,T27
131,0,1,0,283,green,8718,T27
132,0,1,0,283,green,8718,T27
133,0,1,0,283,green,8718,T27
134,0,1,0,283,green,8718,T27
135,0,1,0,283,green,8718,T27
136,0,1,0,283,green,8718,T27
137,0,1,0,283,green,8718,T27
138,0,1,0,283,green,8718,T27
139,0,1,0,283,green,8718,T27
140,0,1,0,283,green,8718,T27
141,0,1,0,283,green,8718,T27
142,0,1,0,283,green,8718,T27
143,0,1,0,283,green,8718,T27
144,0,1,0,283,green,8718,T27
145,0,1,0,283,green,8718,T27
146,0,1,0,283,green,8718,T27
147,0,1,0,283,green,8718,T27
148,0,1,0,283,green,8718,T27
149,0,0,1,283,green,8718,T27
150,0,0,1,283,green,8718,T27
151,0,0,1,283,green,8718,T27
152,0,0,1,283,green,8718,T27
153,0,0,1,283,green,8718,T27
154,0,0,1,283,green,8718,T27
155,0,0,1,283,green,8718,T27
156,0,0,1,283,green,8718,T27
157,0,0,1,283,green,8718,T27
158,0,1,0,283,green,8718,T27
159,0,1,0,283,green,8718,T27
160,0,1,0,283,green,8718,T27
161,0,1,0,283,green,8718,T27
162,0,1,0,283,green,8718,T27
163,0,1,0,283,green,8718,T27
164,0,1,0,283,green,8718,T27
165,0,1,0,283,green,8718,T27
166,0,1,0,283,green,8718,T27
167,0,1,0,283,green,8718,T27
168,0,1,0,283,green,8718,T27
169,0,1,0,283,green,8718,T27
170,0,1,0,283,green,8718,T27
0,0,0,1,285,green,11037,T27
1,0,0,1,285,green,11037,T27
2,0,0,1,285,green,11037,T27
3,0,0,1,285,green,11037,T27
4,0,0,1,285,green,11037,T27
5,0,0,1,285,green,11037,T27
6,0,0,1,285,green,11037,T27
7,0,0,1,285,green,11037,T27
8,0,0,1,285,green,11037,T27
9,0,0,1,285,green,11037,T27
10,0,0,1,285,green,11037,T27
11,0,0,1,285,green,11037,T27
12,0,0,1,285,green,11037,T27
13,0,0,1,285,green,11037,T27
14,0,0,1,285,green,11037,T27
15,0,0,1,285,green,11037,T27
16,0,0,1,285,green,11037,T27
17,0,0,1,285,green,11037,T27
18,0,0,1,285,green,11037,T27
19,0,0,1,285,green,11037,T27
20,0,0,1,285,green,11037,T27
21,0,0,1,285,green,11037,T27
22,0,0,1,285,green,11037,T27
23,0,0,1,285,green,11037,T27
24,0,0,1,285,green,11037,T27
25,0,0,1,285,green,11037,T27
26,0,0,1,285,green,11037,T27
27,0,0,1,285,green,11037,T27
28,0,0,1,285,green,11037,T27
29,0,0,1,285,green,11037,T27
30,0,0,1,285,green,11037,T27
31,0,0,1,285,green,11037,T27
32,0,0,1,285,green,11037,T27
33,0,0,1,285,green,11037,T27
34,0,0,1,285,green,11037,T27
35,0,0,1,285,green,11037,T27
36,0,0,1,285,green,11037,T27
37,0,0,1,285,green,11037,T27
38,0,0,1,285,green,11037,T27
39,0,0,1,285,green,11037,T27
40,0,0,1,285,green,11037,T27
41,0,0,1,285,green,11037,T27
42,0,0,1,285,green,11037,T27
43,0,0,1,285,green,11037,T27
44,0,0,1,285,green,11037,T27
45,0,0,1,285,green,11037,T27
46,0,0,1,285,green,11037,T27
47,0,0,1,285,green,11037,T27
48,0,0,1,285,green,11037,T27
49,0,0,1,285,green,11037,T27
50,0,0,1,285,green,11037,T27
51,0,0,1,285,green,11037,T27
52,0,0,1,285,green,11037,T27
53,0,0,1,285,green,11037,T27
54,0,0,1,285,green,11037,T27
55,0,0,1,285,green,11037,T27
56,0,0,1,285,green,11037,T27
57,0,0,1,285,green,11037,T27
58,0,0,1,285,green,11037,T27
59,0,0,1,285,green,11037,T27
60,0,0,1,285,green,11037,T27
61,0,0,1,285,green,11037,T27
62,0,0,1,285,green,11037,T27
63,0,0,1,285,green,11037,T27
64,0,0,1,285,green,11037,T27
65,0,0,1,285,green,11037,T27
66,0,0,1,285,green,11037,T27
67,0,1,0,285,green,11037,T27
68,0,1,0,285,green,11037,T27
69,0,1,0,285,green,11037,T27
70,0,1,0,285,green,11037,T27
71,0,1,0,285,green,11037,T27
72,0,1,0,285,green,11037,T27
73,0,1,0,285,green,11037,T27
74,0,1,0,285,green,11037,T27
75,0,1,0,285,green,11037,T27
76,0,1,0,285,green,11037,T27
77,0,0,1,285,green,11037,T27
78,0,0,1,285,green,11037,T27
79,0,0,1,285,green,11037,T27
80,0,0,1,285,green,11037,T27
81,0,0,1,285,green,11037,T27
82,0,0,1,285,green,11037,T27
83,0,0,1,285,green,11037,T27
84,0,0,1,285,green,11037,T27
85,0,0,1,285,green,11037,T27
86,0,0,1,285,green,11037,T27
87,0,0,1,285,green,11037,T27
88,0,0,1,285,green,11037,T27
89,0,0,1,285,green,11037,T27
90,0,0,1,285,green,11037,T27
91,0,0,1,285,green,11037,T27
92,0,0,1,285,green,11037,T27
93,0,0,1,285,green,11037,T27
94,0,0,1,285,green,11037,T27
95,0,0,1,285,green,11037,T27
96,0,0,1,285,green,11037,T27
97,0,0,1,285,green,11037,T27
98,1,0,0,285,green,11037,T27
99,1,0,0,285,green,11037,T27
100,1,0,0,285,green,11037,T27
101,1,0,0,285,green,11037,T27
102,1,0,0,285,green,11037,T27
103,1,0,0,285,green,11037,T27
104,1,0,0,285,green,11037,T27
105,1,0,0,285,green,11037,T27
106,1,0,0,285,green,11037,T27
107,1,0,0,285,green,11037,T27
108,1,0,0,285,green,11037,T27
109,1,0,0,285,green,11037,T27
110,1,0,0,285,green,11037,T27
111,1,0,0,285,green,11037,T27
112,1,0,0,285,green,11037,T27
113,1,0,0,285,green,11037,T27
114,1,0,0,285,green,11037,T27
115,1,0,0,285,green,11037,T27
116,0,0,1,285,green,11037,T27
117,0,0,1,285,green,11037,T27
118,0,0,1,285,green,11037,T27
119,0,0,1,285,green,11037,T27
120,0,0,1,285,green,11037,T27
121,0,0,1,285,green,11037,T27
122,0,0,1,285,green,11037,T27
123,0,0,1,285,green,11037,T27
124,1,0,0,285,green,11037,T27
125,1,0,0,285,green,11037,T27
126,1,0,0,285,green,11037,T27
127,1,0,0,285,green,11037,T27
128,1,0,0,285,green,11037,T27
129,1,0,0,285,green,11037,T27
130,1,0,0,285,green,11037,T27
131,1,0,0,285,green,11037,T27
132,1,0,0,285,green,11037,T27
133,1,0,0,285,green,11037,T27
134,1,0,0,285,green,11037,T27
135,1,0,0,285,green,11037,T27
136,1,0,0,285,green,11037,T27
137,1,0,0,285,green,11037,T27
138,1,0,0,285,green,11037,T27
139,1,0,0,285,green,11037,T27
140,1,0,0,285,green,11037,T27
141,0,0,1,285,green,11037,T27
142,0,0,1,285,green,11037,T27
143,0,0,1,285,green,11037,T27
144,0,1,0,285,green,11037,T27
145,0,1,0,285,green,11037,T27
146,0,1,0,285,green,11037,T27
147,0,1,0,285,green,11037,T27
148,0,1,0,285,green,11037,T27
149,0,1,0,285,green,11037,T27
150,0,1,0,285,green,11037,T27
151,0,1,0,285,green,11037,T27
152,0,1,0,285,green,11037,T27
153,0,1,0,285,green,11037,T27
154,0,1,0,285,green,11037,T27
155,0,1,0,285,green,11037,T27
156,0,1,0,285,green,11037,T27
157,0,1,0,285,green,11037,T27
158,0,1,0,285,green,11037,T27
159,0,1,0,285,green,11037,T27
160,0,1,0,285,green,11037,T27
161,0,1,0,285,green,11037,T27
162,0,1,0,285,green,11037,T27
163,0,1,0,285,green,11037,T27
164,0,1,0,285,green,11037,T27
165,0,1,0,285,green,11037,T27
166,0,1,0,285,green,11037,T27
167,0,1,0,285,green,11037,T27
168,0,1,0,285,green,11037,T27
169,0,1,0,285,green,11037,T27
170,0,1,0,285,green,11037,T27
0,0,0,1,286,green,10228,T27
1,0,0,1,286,green,10228,T27
2,0,0,1,286,green,10228,T27
3,0,0,1,286,green,10228,T27
4,0,0,1,286,green,10228,T27
5,0,0,1,286,green,10228,T27
6,0,0,1,286,green,10228,T27
7,0,0,1,286,green,10228,T27
8,0,0,1,286,green,10228,T27
9,0,0,1,286,green,10228,T27
10,0,0,1,286,green,10228,T27
11,0,0,1,286,green,10228,T27
12,0,0,1,286,green,10228,T27
13,0,0,1,286,green,10228,T27
14,0,0,1,286,green,10228,T27
15,0,0,1,286,green,10228,T27
16,0,0,1,286,green,10228,T27
17,0,0,1,286,green,10228,T27
18,0,0,1,286,green,10228,T27
19,0,0,1,286,green,10228,T27
20,0,0,1,286,green,10228,T27
21,0,0,1,286,green,10228,T27
22,0,0,1,286,green,10228,T27
23,0,1,0,286,green,10228,T27
24,0,1,0,286,green,10228,T27
25,0,1,0,286,green,10228,T27
26,0,1,0,286,green,10228,T27
27,0,1,0,286,green,10228,T27
28,0,1,0,286,green,10228,T27
29,0,1,0,286,green,10228,T27
30,0,1,0,286,green,10228,T27
31,0,1,0,286,green,10228,T27
32,0,1,0,286,green,10228,T27
33,0,1,0,286,green,10228,T27
34,0,1,0,286,green,10228,T27
35,0,1,0,286,green,10228,T27
36,0,1,0,286,green,10228,T27
37,0,1,0,286,green,10228,T27
38,0,1,0,286,green,10228,T27
39,0,1,0,286,green,10228,T27
40,0,1,0,286,green,10228,T27
41,0,1,0,286,green,10228,T27
42,0,1,0,286,green,10228,T27
43,0,1,0,286,green,10228,T27
44,0,1,0,286,green,10228,T27
45,0,1,0,286,green,10228,T27
46,0,1,0,286,green,10228,T27
47,0,1,0,286,green,10228,T27
48,0,1,0,286,green,10228,T27
49,0,1,0,286,green,10228,T27
50,0,1,0,286,green,10228,T27
51,0,1,0,286,green,10228,T27
52,0,1,0,286,green,10228,T27
53,0,1,0,286,green,10228,T27
54,0,1,0,286,green,10228,T27
55,0,1,0,286,green,10228,T27
56,0,1,0,286,green,10228,T27
57,0,1,0,286,green,10228,T27
58,0,1,0,286,green,10228,T27
59,0,1,0,286,green,10228,T27
60,0,1,0,286,green,10228,T27
61,0,1,0,286,green,10228,T27
62,0,1,0,286,green,10228,T27
63,0,1,0,286,green,10228,T27
64,0,1,0,286,green,10228,T27
65,0,1,0,286,green,10228,T27
66,0,1,0,286,green,10228,T27
67,0,1,0,286,green,10228,T27
68,0,1,0,286,green,10228,T27
69,0,1,0,286,green,10228,T27
70,0,1,0,286,green,10228,T27
71,0,1,0,286,green,10228,T27
72,0,1,0,286,green,10228,T27
73,0,1,0,286,green,10228,T27
74,0,1,0,286,green,10228,T27
75,0,1,0,286,green,10228,T27
76,0,1,0,286,green,10228,T27
77,0,1,0,286,green,10228,T27
78,0,1,0,286,green,10228,T27
79,0,1,0,286,green,10228,T27
80,0,1,0,286,green,10228,T27
81,0,1,0,286,green,10228,T27
82,0,1,0,286,green,10228,T27
83,0,1,0,286,green,10228,T27
84,0,1,0,286,green,10228,T27
85,0,1,0,286,green,10228,T27
86,0,1,0,286,green,10228,T27
87,0,1,0,286,green,10228,T27
88,0,1,0,286,green,10228,T27
89,0,1,0,286,green,10228,T27
90,0,1,0,286,green,10228,T27
91,0,1,0,286,green,10228,T27
92,0,1,0,286,green,10228,T27
93,0,1,0,286,green,10228,T27
94,0,1,0,286,green,10228,T27
95,0,1,0,286,green,10228,T27
96,0,1,0,286,green,10228,T27
97,0,1,0,286,green,10228,T27
98,0,1,0,286,green,10228,T27
99,0,1,0,286,green,10228,T27
100,0,1,0,286,green,10228,T27
101,0,1,0,286,green,10228,T27
102,0,1,0,286,green,10228,T27
103,0,1,0,286,green,10228,T27
104,0,1,0,286,green,10228,T27
105,0,1,0,286,green,10228,T27
106,0,1,0,286,green,10228,T27
107,0,1,0,286,green,10228,T27
108,0,1,0,286,green,10228,T27
109,0,1,0,286,green,10228,T27
110,0,1,0,286,green,10228,T27
111,0,1,0,286,green,10228,T27
112,0,1,0,286,green,10228,T27
113,0,1,0,286,green,10228,T27
114,0,1,0,286,green,10228,T27
115,0,1,0,286,green,10228,T27
116,0,1,0,286,green,10228,T27
117,0,1,0,286,green,10228,T27
118,0,1,0,286,green,10228,T27
119,0,1,0,286,green,10228,T27
120,0,1,0,286,green,10228,T27
121,0,1,0,286,green,10228,T27
122,0,1,0,286,green,10228,T27
123,0,1,0,286,green,10228,T27
124,0,1,0,286,green,10228,T27
125,0,1,0,286,green,10228,T27
126,0,1,0,286,green,10228,T27
127,0,1,0,286,green,10228,T27
128,0,1,0,286,green,10228,T27
129,0,1,0,286,green,10228,T27
130,0,1,0,286,green,10228,T27
131,0,1,0,286,green,10228,T27
132,0,1,0,286,green,10228,T27
133,0,1,0,286,green,10228,T27
134,0,1,0,286,green,10228,T27
135,0,1,0,286,green,10228,T27
136,0,1,0,286,green,10228,T27
137,0,1,0,286,green,10228,T27
138,0,1,0,286,green,10228,T27
139,0,1,0,286,green,10228,T27
140,0,1,0,286,green,10228,T27
141,0,1,0,286,green,10228,T27
142,0,1,0,286,green,10228,T27
143,0,1,0,286,green,10228,T27
144,0,1,0,286,green,10228,T27
145,0,1,0,286,green,10228,T27
146,0,1,0,286,green,10228,T27
147,0,1,0,286,green,10228,T27
148,0,1,0,286,green,10228,T27
149,0,1,0,286,green,10228,T27
150,0,1,0,286,green,10228,T27
151,0,1,0,286,green,10228,T27
152,0,1,0,286,green,10228,T27
153,0,1,0,286,green,10228,T27
154,0,1,0,286,green,10228,T27
155,0,1,0,286,green,10228,T27
156,0,1,0,286,green,10228,T27
157,0,1,0,286,green,10228,T27
158,0,1,0,286,green,10228,T27
159,0,1,0,286,green,10228,T27
160,0,1,0,286,green,10228,T27
161,0,1,0,286,green,10228,T27
162,0,1,0,286,green,10228,T27
163,0,1,0,286,green,10228,T27
164,0,1,0,286,green,10228,T27
165,0,1,0,286,green,10228,T27
166,0,1,0,286,green,10228,T27
167,0,1,0,286,green,10228,T27
168,0,1,0,286,green,10228,T27
169,0,1,0,286,green,10228,T27
170,0,1,0,286,green,10228,T27
0,0,0,1,287,green,10260,T27
1,0,0,1,287,green,10260,T27
2,0,0,1,287,green,10260,T27
3,0,0,1,287,green,10260,T27
4,0,0,1,287,green,10260,T27
5,0,0,1,287,green,10260,T27
6,0,0,1,287,green,10260,T27
7,0,0,1,287,green,10260,T27
8,0,0,1,287,green,10260,T27
9,0,0,1,287,green,10260,T27
10,0,0,1,287,green,10260,T27
11,0,0,1,287,green,10260,T27
12,0,0,1,287,green,10260,T27
13,0,0,1,287,green,10260,T27
14,0,0,1,287,green,10260,T27
15,0,0,1,287,green,10260,T27
16,0,0,1,287,green,10260,T27
17,0,0,1,287,green,10260,T27
18,0,0,1,287,green,10260,T27
19,0,0,1,287,green,10260,T27
20,0,0,1,287,green,10260,T27
21,0,0,1,287,green,10260,T27
22,0,0,1,287,green,10260,T27
23,0,0,1,287,green,10260,T27
24,0,0,1,287,green,10260,T27
25,0,0,1,287,green,10260,T27
26,0,0,1,287,green,10260,T27
27,0,0,1,287,green,10260,T27
28,0,0,1,287,green,10260,T27
29,0,0,1,287,green,10260,T27
30,0,0,1,287,green,10260,T27
31,0,0,1,287,green,10260,T27
32,0,0,1,287,green,10260,T27
33,0,0,1,287,green,10260,T27
34,0,0,1,287,green,10260,T27
35,0,0,1,287,green,10260,T27
36,0,0,1,287,green,10260,T27
37,0,0,1,287,green,10260,T27
38,0,0,1,287,green,10260,T27
39,0,1,0,287,green,10260,T27
40,0,1,0,287,green,10260,T27
41,0,1,0,287,green,10260,T27
42,0,1,0,287,green,10260,T27
43,0,1,0,287,green,10260,T27
44,0,1,0,287,green,10260,T27
45,0,1,0,287,green,10260,T27
46,0,1,0,287,green,10260,T27
47,0,1,0,287,green,10260,T27
48,0,1,0,287,green,10260,T27
49,0,1,0,287,green,10260,T27
50,0,1,0,287,green,10260,T27
51,0,1,0,287,green,10260,T27
52,0,1,0,287,green,10260,T27
53,0,1,0,287,green,10260,T27
54,0,1,0,287,green,10260,T27
55,0,1,0,287,green,10260,T27
56,0,1,0,287,green,10260,T27
57,0,1,0,287,green,10260,T27
58,0,1,0,287,green,10260,T27
59,0,1,0,287,green,10260,T27
60,0,1,0,287,green,10260,T27
61,0,1,0,287,green,10260,T27
62,0,1,0,287,green,10260,T27
63,0,1,0,287,green,10260,T27
64,0,1,0,287,green,10260,T27
65,0,1,0,287,green,10260,T27
66,0,1,0,287,green,10260,T27
67,0,1,0,287,green,10260,T27
68,0,1,0,287,green,10260,T27
69,0,1,0,287,green,10260,T27
70,0,1,0,287,green,10260,T27
71,0,1,0,287,green,10260,T27
72,0,1,0,287,green,10260,T27
73,0,1,0,287,green,10260,T27
74,0,1,0,287,green,10260,T27
75,0,1,0,287,green,10260,T27
76,0,1,0,287,green,10260,T27
77,0,1,0,287,green,10260,T27
78,0,1,0,287,green,10260,T27
79,0,1,0,287,green,10260,T27
80,0,1,0,287,green,10260,T27
81,0,1,0,287,green,10260,T27
82,0,1,0,287,green,10260,T27
83,0,1,0,287,green,10260,T27
84,0,1,0,287,green,10260,T27
85,0,1,0,287,green,10260,T27
86,0,1,0,287,green,10260,T27
87,0,1,0,287,green,10260,T27
88,0,1,0,287,green,10260,T27
89,0,1,0,287,green,10260,T27
90,0,1,0,287,green,10260,T27
91,0,1,0,287,green,10260,T27
92,0,1,0,287,green,10260,T27
93,0,1,0,287,green,10260,T27
94,0,1,0,287,green,10260,T27
95,0,1,0,287,green,10260,T27
96,0,1,0,287,green,10260,T27
97,0,1,0,287,green,10260,T27
98,0,1,0,287,green,10260,T27
99,0,1,0,287,green,10260,T27
100,0,1,0,287,green,10260,T27
101,0,1,0,287,green,10260,T27
102,0,1,0,287,green,10260,T27
103,0,1,0,287,green,10260,T27
104,0,1,0,287,green,10260,T27
105,0,1,0,287,green,10260,T27
106,0,1,0,287,green,10260,T27
107,0,1,0,287,green,10260,T27
108,0,1,0,287,green,10260,T27
109,0,1,0,287,green,10260,T27
110,0,1,0,287,green,10260,T27
111,0,1,0,287,green,10260,T27
112,0,1,0,287,green,10260,T27
113,0,1,0,287,green,10260,T27
114,0,1,0,287,green,10260,T27
115,0,1,0,287,green,10260,T27
116,0,1,0,287,green,10260,T27
117,0,1,0,287,green,10260,T27
118,0,1,0,287,green,10260,T27
119,0,1,0,287,green,10260,T27
120,0,1,0,287,green,10260,T27
121,0,1,0,287,green,10260,T27
122,0,1,0,287,green,10260,T27
123,0,1,0,287,green,10260,T27
124,0,1,0,287,green,10260,T27
125,0,1,0,287,green,10260,T27
126,0,1,0,287,green,10260,T27
127,0,1,0,287,green,10260,T27
128,0,1,0,287,green,10260,T27
129,0,1,0,287,green,10260,T27
130,0,1,0,287,green,10260,T27
131,0,1,0,287,green,10260,T27
132,0,1,0,287,green,10260,T27
133,0,1,0,287,green,10260,T27
134,0,1,0,287,green,10260,T27
135,0,1,0,287,green,10260,T27
136,0,1,0,287,green,10260,T27
137,0,1,0,287,green,10260,T27
138,0,1,0,287,green,10260,T27
139,0,1,0,287,green,10260,T27
140,0,1,0,287,green,10260,T27
141,0,1,0,287,green,10260,T27
142,0,1,0,287,green,10260,T27
143,0,1,0,287,green,10260,T27
144,0,1,0,287,green,10260,T27
145,0,1,0,287,green,10260,T27
146,0,1,0,287,green,10260,T27
147,0,1,0,287,green,10260,T27
148,0,1,0,287,green,10260,T27
149,0,1,0,287,green,10260,T27
150,0,1,0,287,green,10260,T27
151,0,1,0,287,green,10260,T27
152,0,1,0,287,green,10260,T27
153,0,1,0,287,green,10260,T27
154,0,1,0,287,green,10260,T27
155,0,1,0,287,green,10260,T27
156,0,1,0,287,green,10260,T27
157,0,1,0,287,green,10260,T27
158,0,1,0,287,green,10260,T27
159,0,1,0,287,green,10260,T27
160,0,1,0,287,green,10260,T27
161,0,1,0,287,green,10260,T27
162,0,1,0,287,green,10260,T27
163,0,1,0,287,green,10260,T27
164,0,1,0,287,green,10260,T27
165,0,1,0,287,green,10260,T27
166,0,1,0,287,green,10260,T27
167,0,1,0,287,green,10260,T27
168,0,1,0,287,green,10260,T27
169,0,1,0,287,green,10260,T27
170,0,1,0,287,green,10260,T27
0,0,0,1,289,green,10227,T27
1,0,0,1,289,green,10227,T27
2,0,0,1,289,green,10227,T27
3,0,0,1,289,green,10227,T27
4,0,0,1,289,green,10227,T27
5,0,0,1,289,green,10227,T27
6,0,0,1,289,green,10227,T27
7,0,0,1,289,green,10227,T27
8,0,0,1,289,green,10227,T27
9,0,0,1,289,green,10227,T27
10,0,0,1,289,green,10227,T27
11,0,0,1,289,green,10227,T27
12,0,0,1,289,green,10227,T27
13,0,0,1,289,green,10227,T27
14,0,0,1,289,green,10227,T27
15,0,0,1,289,green,10227,T27
16,0,0,1,289,green,10227,T27
17,0,0,1,289,green,10227,T27
18,0,0,1,289,green,10227,T27
19,0,0,1,289,green,10227,T27
20,0,0,1,289,green,10227,T27
21,0,0,1,289,green,10227,T27
22,0,0,1,289,green,10227,T27
23,0,0,1,289,green,10227,T27
24,0,0,1,289,green,10227,T27
25,0,0,1,289,green,10227,T27
26,0,0,1,289,green,10227,T27
27,0,0,1,289,green,10227,T27
28,0,0,1,289,green,10227,T27
29,0,0,1,289,green,10227,T27
30,0,0,1,289,green,10227,T27
31,0,0,1,289,green,10227,T27
32,0,0,1,289,green,10227,T27
33,0,0,1,289,green,10227,T27
34,0,0,1,289,green,10227,T27
35,0,0,1,289,green,10227,T27
36,0,0,1,289,green,10227,T27
37,0,0,1,289,green,10227,T27
38,0,0,1,289,green,10227,T27
39,0,0,1,289,green,10227,T27
40,0,0,1,289,green,10227,T27
41,0,0,1,289,green,10227,T27
42,0,0,1,289,green,10227,T27
43,0,0,1,289,green,10227,T27
44,0,0,1,289,green,10227,T27
45,0,0,1,289,green,10227,T27
46,0,0,1,289,green,10227,T27
47,0,0,1,289,green,10227,T27
48,0,0,1,289,green,10227,T27
49,1,0,0,289,green,10227,T27
50,1,0,0,289,green,10227,T27
51,0,0,1,289,green,10227,T27
52,0,0,1,289,green,10227,T27
53,0,1,0,289,green,10227,T27
54,0,1,0,289,green,10227,T27
55,0,1,0,289,green,10227,T27
56,0,1,0,289,green,10227,T27
57,0,1,0,289,green,10227,T27
58,0,1,0,289,green,10227,T27
59,0,1,0,289,green,10227,T27
60,0,1,0,289,green,10227,T27
61,0,1,0,289,green,10227,T27
62,0,1,0,289,green,10227,T27
63,0,0,1,289,green,10227,T27
64,1,0,0,289,green,10227,T27
65,1,0,0,289,green,10227,T27
66,1,0,0,289,green,10227,T27
67,1,0,0,289,green,10227,T27
68,1,0,0,289,green,10227,T27
69,1,0,0,289,green,10227,T27
70,1,0,0,289,green,10227,T27
71,1,0,0,289,green,10227,T27
72,1,0,0,289,green,10227,T27
73,1,0,0,289,green,10227,T27
74,1,0,0,289,green,10227,T27
75,1,0,0,289,green,10227,T27
76,1,0,0,289,green,10227,T27
77,1,0,0,289,green,10227,T27
78,1,0,0,289,green,10227,T27
79,1,0,0,289,green,10227,T27
80,1,0,0,289,green,10227,T27
81,1,0,0,289,green,10227,T27
82,1,0,0,289,green,10227,T27
83,1,0,0,289,green,10227,T27
84,1,0,0,289,green,10227,T27
85,1,0,0,289,green,10227,T27
86,1,0,0,289,green,10227,T27
87,1,0,0,289,green,10227,T27
88,1,0,0,289,green,10227,T27
89,1,0,0,289,green,10227,T27
90,1,0,0,289,green,10227,T27
91,1,0,0,289,green,10227,T27
92,1,0,0,289,green,10227,T27
93,1,0,0,289,green,10227,T27
94,1,0,0,289,green,10227,T27
95,0,1,0,289,green,10227,T27
96,0,1,0,289,green,10227,T27
97,0,1,0,289,green,10227,T27
98,0,1,0,289,green,10227,T27
99,0,1,0,289,green,10227,T27
100,0,1,0,289,green,10227,T27
101,0,1,0,289,green,10227,T27
102,0,1,0,289,green,10227,T27
103,0,1,0,289,green,10227,T27
104,0,1,0,289,green,10227,T27
105,0,1,0,289,green,10227,T27
106,0,1,0,289,green,10227,T27
107,0,1,0,289,green,10227,T27
108,0,1,0,289,green,10227,T27
109,0,1,0,289,green,10227,T27
110,0,1,0,289,green,10227,T27
111,0,1,0,289,green,10227,T27
112,0,1,0,289,green,10227,T27
113,0,1,0,289,green,10227,T27
114,0,1,0,289,green,10227,T27
115,0,1,0,289,green,10227,T27
116,0,1,0,289,green,10227,T27
117,0,1,0,289,green,10227,T27
118,0,1,0,289,green,10227,T27
119,0,1,0,289,green,10227,T27
120,0,1,0,289,green,10227,T27
121,0,1,0,289,green,10227,T27
122,0,1,0,289,green,10227,T27
123,0,1,0,289,green,10227,T27
124,0,1,0,289,green,10227,T27
125,0,1,0,289,green,10227,T27
126,0,1,0,289,green,10227,T27
127,0,1,0,289,green,10227,T27
128,0,1,0,289,green,10227,T27
129,0,1,0,289,green,10227,T27
130,0,1,0,289,green,10227,T27
131,0,1,0,289,green,10227,T27
132,0,1,0,289,green,10227,T27
133,0,1,0,289,green,10227,T27
134,0,1,0,289,green,10227,T27
135,0,1,0,289,green,10227,T27
136,0,1,0,289,green,10227,T27
137,0,1,0,289,green,10227,T27
138,0,1,0,289,green,10227,T27
139,0,1,0,289,green,10227,T27
140,0,1,0,289,green,10227,T27
141,0,1,0,289,green,10227,T27
142,0,1,0,289,green,10227,T27
143,0,1,0,289,green,10227,T27
144,0,1,0,289,green,10227,T27
145,0,1,0,289,green,10227,T27
146,0,1,0,289,green,10227,T27
147,0,1,0,289,green,10227,T27
148,0,1,0,289,green,10227,T27
149,0,1,0,289,green,10227,T27
150,0,1,0,289,green,10227,T27
151,0,1,0,289,green,10227,T27
152,0,1,0,289,green,10227,T27
153,0,1,0,289,green,10227,T27
154,0,1,0,289,green,10227,T27
155,0,1,0,289,green,10227,T27
156,0,1,0,289,green,10227,T27
157,0,1,0,289,green,10227,T27
158,0,1,0,289,green,10227,T27
159,0,1,0,289,green,10227,T27
160,0,1,0,289,green,10227,T27
161,0,1,0,289,green,10227,T27
162,0,1,0,289,green,10227,T27
163,0,1,0,289,green,10227,T27
164,0,1,0,289,green,10227,T27
165,0,1,0,289,green,10227,T27
166,0,1,0,289,green,10227,T27
167,0,1,0,289,green,10227,T27
168,0,1,0,289,green,10227,T27
169,0,1,0,289,green,10227,T27
170,0,1,0,289,green,10227,T27
0,0,0,1,290,green,8382,T27
1,0,0,1,290,green,8382,T27
2,0,0,1,290,green,8382,T27
3,0,0,1,290,green,8382,T27
4,0,0,1,290,green,8382,T27
5,0,0,1,290,green,8382,T27
6,0,0,1,290,green,8382,T27
7,0,0,1,290,green,8382,T27
8,0,0,1,290,green,8382,T27
9,0,0,1,290,green,8382,T27
10,0,0,1,290,green,8382,T27
11,0,0,1,290,green,8382,T27
12,0,0,1,290,green,8382,T27
13,0,0,1,290,green,8382,T27
14,0,0,1,290,green,8382,T27
15,0,0,1,290,green,8382,T27
16,0,0,1,290,green,8382,T27
17,0,0,1,290,green,8382,T27
18,0,0,1,290,green,8382,T27
19,0,0,1,290,green,8382,T27
20,0,0,1,290,green,8382,T27
21,0,0,1,290,green,8382,T27
22,0,0,1,290,green,8382,T27
23,0,0,1,290,green,8382,T27
24,0,0,1,290,green,8382,T27
25,0,0,1,290,green,8382,T27
26,0,0,1,290,green,8382,T27
27,0,0,1,290,green,8382,T27
28,0,0,1,290,green,8382,T27
29,0,0,1,290,green,8382,T27
30,0,0,1,290,green,8382,T27
31,0,0,1,290,green,8382,T27
32,0,0,1,290,green,8382,T27
33,0,0,1,290,green,8382,T27
34,0,0,1,290,green,8382,T27
35,0,0,1,290,green,8382,T27
36,0,0,1,290,green,8382,T27
37,0,0,1,290,green,8382,T27
38,0,0,1,290,green,8382,T27
39,0,0,1,290,green,8382,T27
40,0,0,1,290,green,8382,T27
41,0,0,1,290,green,8382,T27
42,0,0,1,290,green,8382,T27
43,0,0,1,290,green,8382,T27
44,0,0,1,290,green,8382,T27
45,0,0,1,290,green,8382,T27
46,1,0,0,290,green,8382,T27
47,1,0,0,290,green,8382,T27
48,1,0,0,290,green,8382,T27
49,1,0,0,290,green,8382,T27
50,1,0,0,290,green,8382,T27
51,1,0,0,290,green,8382,T27
52,1,0,0,290,green,8382,T27
53,1,0,0,290,green,8382,T27
54,1,0,0,290,green,8382,T27
55,1,0,0,290,green,8382,T27
56,1,0,0,290,green,8382,T27
57,1,0,0,290,green,8382,T27
58,1,0,0,290,green,8382,T27
59,1,0,0,290,green,8382,T27
60,1,0,0,290,green,8382,T27
61,1,0,0,290,green,8382,T27
62,1,0,0,290,green,8382,T27
63,1,0,0,290,green,8382,T27
64,1,0,0,290,green,8382,T27
65,1,0,0,290,green,8382,T27
66,1,0,0,290,green,8382,T27
67,1,0,0,290,green,8382,T27
68,1,0,0,290,green,8382,T27
69,1,0,0,290,green,8382,T27
70,1,0,0,290,green,8382,T27
71,1,0,0,290,green,8382,T27
72,1,0,0,290,green,8382,T27
73,1,0,0,290,green,8382,T27
74,1,0,0,290,green,8382,T27
75,1,0,0,290,green,8382,T27
76,1,0,0,290,green,8382,T27
77,1,0,0,290,green,8382,T27
78,1,0,0,290,green,8382,T27
79,1,0,0,290,green,8382,T27
80,1,0,0,290,green,8382,T27
81,1,0,0,290,green,8382,T27
82,1,0,0,290,green,8382,T27
83,1,0,0,290,green,8382,T27
84,1,0,0,290,green,8382,T27
85,1,0,0,290,green,8382,T27
86,1,0,0,290,green,8382,T27
87,1,0,0,290,green,8382,T27
88,1,0,0,290,green,8382,T27
89,1,0,0,290,green,8382,T27
90,1,0,0,290,green,8382,T27
91,1,0,0,290,green,8382,T27
92,1,0,0,290,green,8382,T27
93,1,0,0,290,green,8382,T27
94,1,0,0,290,green,8382,T27
95,0,0,1,290,green,8382,T27
96,0,1,0,290,green,8382,T27
97,0,1,0,290,green,8382,T27
98,0,1,0,290,green,8382,T27
99,0,1,0,290,green,8382,T27
100,0,1,0,290,green,8382,T27
101,0,1,0,290,green,8382,T27
102,0,1,0,290,green,8382,T27
103,0,1,0,290,green,8382,T27
104,0,1,0,290,green,8382,T27
105,0,1,0,290,green,8382,T27
106,0,1,0,290,green,8382,T27
107,0,1,0,290,green,8382,T27
108,0,1,0,290,green,8382,T27
109,0,1,0,290,green,8382,T27
110,0,1,0,290,green,8382,T27
111,0,1,0,290,green,8382,T27
112,0,1,0,290,green,8382,T27
113,0,1,0,290,green,8382,T27
114,0,1,0,290,green,8382,T27
115,0,1,0,290,green,8382,T27
116,0,1,0,290,green,8382,T27
117,0,1,0,290,green,8382,T27
118,0,1,0,290,green,8382,T27
119,0,1,0,290,green,8382,T27
120,0,1,0,290,green,8382,T27
121,0,1,0,290,green,8382,T27
122,0,1,0,290,green,8382,T27
123,0,1,0,290,green,8382,T27
124,0,1,0,290,green,8382,T27
125,0,1,0,290,green,8382,T27
126,0,1,0,290,green,8382,T27
127,0,1,0,290,green,8382,T27
128,0,1,0,290,green,8382,T27
129,0,1,0,290,green,8382,T27
130,0,1,0,290,green,8382,T27
131,0,1,0,290,green,8382,T27
132,0,1,0,290,green,8382,T27
133,0,1,0,290,green,8382,T27
134,0,1,0,290,green,8382,T27
135,0,1,0,290,green,8382,T27
136,0,1,0,290,green,8382,T27
137,0,1,0,290,green,8382,T27
138,0,1,0,290,green,8382,T27
139,0,1,0,290,green,8382,T27
140,0,1,0,290,green,8382,T27
141,0,1,0,290,green,8382,T27
142,0,1,0,290,green,8382,T27
143,0,1,0,290,green,8382,T27
144,0,1,0,290,green,8382,T27
145,0,1,0,290,green,8382,T27
146,0,1,0,290,green,8382,T27
147,0,1,0,290,green,8382,T27
148,0,1,0,290,green,8382,T27
149,0,1,0,290,green,8382,T27
150,0,1,0,290,green,8382,T27
151,0,1,0,290,green,8382,T27
152,0,1,0,290,green,8382,T27
153,0,1,0,290,green,8382,T27
154,0,1,0,290,green,8382,T27
155,0,1,0,290,green,8382,T27
156,0,1,0,290,green,8382,T27
157,0,1,0,290,green,8382,T27
158,0,1,0,290,green,8382,T27
159,0,1,0,290,green,8382,T27
160,0,1,0,290,green,8382,T27
161,0,1,0,290,green,8382,T27
162,0,1,0,290,green,8382,T27
163,0,1,0,290,green,8382,T27
164,0,1,0,290,green,8382,T27
165,0,1,0,290,green,8382,T27
166,0,1,0,290,green,8382,T27
167,0,1,0,290,green,8382,T27
168,0,1,0,290,green,8382,T27
169,0,1,0,290,green,8382,T27
170,0,1,0,290,green,8382,T27
0,0,0,1,291,green,9140,T27
1,0,0,1,291,green,9140,T27
2,0,0,1,291,green,9140,T27
3,0,0,1,291,green,9140,T27
4,0,0,1,291,green,9140,T27
5,0,0,1,291,green,9140,T27
6,0,0,1,291,green,9140,T27
7,0,0,1,291,green,9140,T27
8,0,0,1,291,green,9140,T27
9,0,0,1,291,green,9140,T27
10,0,0,1,291,green,9140,T27
11,0,0,1,291,green,9140,T27
12,0,0,1,291,green,9140,T27
13,0,0,1,291,green,9140,T27
14,0,0,1,291,green,9140,T27
15,0,0,1,291,green,9140,T27
16,0,0,1,291,green,9140,T27
17,0,0,1,291,green,9140,T27
18,0,0,1,291,green,9140,T27
19,0,1,0,291,green,9140,T27
20,0,1,0,291,green,9140,T27
21,0,1,0,291,green,9140,T27
22,0,1,0,291,green,9140,T27
23,0,1,0,291,green,9140,T27
24,0,1,0,291,green,9140,T27
25,0,1,0,291,green,9140,T27
26,0,1,0,291,green,9140,T27
27,0,1,0,291,green,9140,T27
28,0,1,0,291,green,9140,T27
29,0,0,1,291,green,9140,T27
30,0,0,1,291,green,9140,T27
31,1,0,0,291,green,9140,T27
32,1,0,0,291,green,9140,T27
33,1,0,0,291,green,9140,T27
34,1,0,0,291,green,9140,T27
35,1,0,0,291,green,9140,T27
36,1,0,0,291,green,9140,T27
37,1,0,0,291,green,9140,T27
38,1,0,0,291,green,9140,T27
39,1,0,0,291,green,9140,T27
40,1,0,0,291,green,9140,T27
41,1,0,0,291,green,9140,T27
42,1,0,0,291,green,9140,T27
43,1,0,0,291,green,9140,T27
44,1,0,0,291,green,9140,T27
45,1,0,0,291,green,9140,T27
46,1,0,0,291,green,9140,T27
47,1,0,0,291,green,9140,T27
48,1,0,0,291,green,9140,T27
49,1,0,0,291,green,9140,T27
50,1,0,0,291,green,9140,T27
51,1,0,0,291,green,9140,T27
52,1,0,0,291,green,9140,T27
53,1,0,0,291,green,9140,T27
54,1,0,0,291,green,9140,T27
55,1,0,0,291,green,9140,T27
56,1,0,0,291,green,9140,T27
57,1,0,0,291,green,9140,T27
58,1,0,0,291,green,9140,T27
59,1,0,0,291,green,9140,T27
60,1,0,0,291,green,9140,T27
61,1,0,0,291,green,9140,T27
62,1,0,0,291,green,9140,T27
63,1,0,0,291,green,9140,T27
64,1,0,0,291,green,9140,T27
65,1,0,0,291,green,9140,T27
66,1,0,0,291,green,9140,T27
67,1,0,0,291,green,9140,T27
68,1,0,0,291,green,9140,T27
69,1,0,0,291,green,9140,T27
70,1,0,0,291,green,9140,T27
71,1,0,0,291,green,9140,T27
72,1,0,0,291,green,9140,T27
73,1,0,0,291,green,9140,T27
74,1,0,0,291,green,9140,T27
75,1,0,0,291,green,9140,T27
76,1,0,0,291,green,9140,T27
77,1,0,0,291,green,9140,T27
78,1,0,0,291,green,9140,T27
79,1,0,0,291,green,9140,T27
80,1,0,0,291,green,9140,T27
81,1,0,0,291,green,9140,T27
82,1,0,0,291,green,9140,T27
83,1,0,0,291,green,9140,T27
84,1,0,0,291,green,9140,T27
85,1,0,0,291,green,9140,T27
86,1,0,0,291,green,9140,T27
87,1,0,0,291,green,9140,T27
88,1,0,0,291,green,9140,T27
89,1,0,0,291,green,9140,T27
90,1,0,0,291,green,9140,T27
91,1,0,0,291,green,9140,T27
92,1,0,0,291,green,9140,T27
93,1,0,0,291,green,9140,T27
94,1,0,0,291,green,9140,T27
95,1,0,0,291,green,9140,T27
96,1,0,0,291,green,9140,T27
97,1,0,0,291,green,9140,T27
98,1,0,0,291,green,9140,T27
99,1,0,0,291,green,9140,T27
100,1,0,0,291,green,9140,T27
101,1,0,0,291,green,9140,T27
102,1,0,0,291,green,9140,T27
103,1,0,0,291,green,9140,T27
104,1,0,0,291,green,9140,T27
105,1,0,0,291,green,9140,T27
106,1,0,0,291,green,9140,T27
107,1,0,0,291,green,9140,T27
108,1,0,0,291,green,9140,T27
109,1,0,0,291,green,9140,T27
110,1,0,0,291,green,9140,T27
111,1,0,0,291,green,9140,T27
112,1,0,0,291,green,9140,T27
113,1,0,0,291,green,9140,T27
114,1,0,0,291,green,9140,T27
115,1,0,0,291,green,9140,T27
116,1,0,0,291,green,9140,T27
117,1,0,0,291,green,9140,T27
118,1,0,0,291,green,9140,T27
119,1,0,0,291,green,9140,T27
120,1,0,0,291,green,9140,T27
121,1,0,0,291,green,9140,T27
122,1,0,0,291,green,9140,T27
123,1,0,0,291,green,9140,T27
124,1,0,0,291,green,9140,T27
125,1,0,0,291,green,9140,T27
126,1,0,0,291,green,9140,T27
127,1,0,0,291,green,9140,T27
128,1,0,0,291,green,9140,T27
129,1,0,0,291,green,9140,T27
130,1,0,0,291,green,9140,T27
131,1,0,0,291,green,9140,T27
132,1,0,0,291,green,9140,T27
133,1,0,0,291,green,9140,T27
134,1,0,0,291,green,9140,T27
135,1,0,0,291,green,9140,T27
136,1,0,0,291,green,9140,T27
137,1,0,0,291,green,9140,T27
138,1,0,0,291,green,9140,T27
139,1,0,0,291,green,9140,T27
140,1,0,0,291,green,9140,T27
141,1,0,0,291,green,9140,T27
142,1,0,0,291,green,9140,T27
143,1,0,0,291,green,9140,T27
144,1,0,0,291,green,9140,T27
145,1,0,0,291,green,9140,T27
146,1,0,0,291,green,9140,T27
147,1,0,0,291,green,9140,T27
148,1,0,0,291,green,9140,T27
149,1,0,0,291,green,9140,T27
150,1,0,0,291,green,9140,T27
151,1,0,0,291,green,9140,T27
152,1,0,0,291,green,9140,T27
153,1,0,0,291,green,9140,T27
154,1,0,0,291,green,9140,T27
155,1,0,0,291,green,9140,T27
156,1,0,0,291,green,9140,T27
157,1,0,0,291,green,9140,T27
158,0,0,1,291,green,9140,T27
159,0,1,0,291,green,9140,T27
160,0,1,0,291,green,9140,T27
161,0,1,0,291,green,9140,T27
162,0,1,0,291,green,9140,T27
163,0,1,0,291,green,9140,T27
164,0,1,0,291,green,9140,T27
165,0,1,0,291,green,9140,T27
166,0,1,0,291,green,9140,T27
167,0,1,0,291,green,9140,T27
168,0,1,0,291,green,9140,T27
169,0,1,0,291,green,9140,T27
170,0,1,0,291,green,9140,T27
0,0,0,1,292,green,10658,T27
1,0,0,1,292,green,10658,T27
2,0,0,1,292,green,10658,T27
3,0,0,1,292,green,10658,T27
4,0,0,1,292,green,10658,T27
5,0,0,1,292,green,10658,T27
6,0,0,1,292,green,10658,T27
7,0,0,1,292,green,10658,T27
8,0,0,1,292,green,10658,T27
9,0,0,1,292,green,10658,T27
10,0,0,1,292,green,10658,T27
11,0,0,1,292,green,10658,T27
12,0,0,1,292,green,10658,T27
13,0,0,1,292,green,10658,T27
14,0,0,1,292,green,10658,T27
15,0,0,1,292,green,10658,T27
16,0,0,1,292,green,10658,T27
17,1,0,0,292,green,10658,T27
18,1,0,0,292,green,10658,T27
19,1,0,0,292,green,10658,T27
20,1,0,0,292,green,10658,T27
21,1,0,0,292,green,10658,T27
22,0,0,1,292,green,10658,T27
23,0,0,1,292,green,10658,T27
24,0,0,1,292,green,10658,T27
25,0,0,1,292,green,10658,T27
26,0,0,1,292,green,10658,T27
27,0,0,1,292,green,10658,T27
28,0,0,1,292,green,10658,T27
29,0,1,0,292,green,10658,T27
30,0,1,0,292,green,10658,T27
31,0,1,0,292,green,10658,T27
32,0,1,0,292,green,10658,T27
33,0,1,0,292,green,10658,T27
34,0,1,0,292,green,10658,T27
35,0,1,0,292,green,10658,T27
36,0,1,0,292,green,10658,T27
37,0,1,0,292,green,10658,T27
38,0,1,0,292,green,10658,T27
39,0,1,0,292,green,10658,T27
40,0,1,0,292,green,10658,T27
41,0,1,0,292,green,10658,T27
42,0,1,0,292,green,10658,T27
43,0,1,0,292,green,10658,T27
44,0,1,0,292,green,10658,T27
45,0,1,0,292,green,10658,T27
46,0,1,0,292,green,10658,T27
47,0,1,0,292,green,10658,T27
48,0,1,0,292,green,10658,T27
49,0,1,0,292,green,10658,T27
50,0,1,0,292,green,10658,T27
51,0,1,0,292,green,10658,T27
52,0,1,0,292,green,10658,T27
53,0,1,0,292,green,10658,T27
54,0,1,0,292,green,10658,T27
55,0,1,0,292,green,10658,T27
56,0,1,0,292,green,10658,T27
57,0,1,0,292,green,10658,T27
58,0,1,0,292,green,10658,T27
59,0,1,0,292,green,10658,T27
60,0,1,0,292,green,10658,T27
61,0,1,0,292,green,10658,T27
62,0,1,0,292,green,10658,T27
63,0,1,0,292,green,10658,T27
64,0,1,0,292,green,10658,T27
65,0,1,0,292,green,10658,T27
66,0,1,0,292,green,10658,T27
67,0,1,0,292,green,10658,T27
68,0,1,0,292,green,10658,T27
69,0,1,0,292,green,10658,T27
70,0,1,0,292,green,10658,T27
71,0,1,0,292,green,10658,T27
72,0,1,0,292,green,10658,T27
73,0,1,0,292,green,10658,T27
74,0,1,0,292,green,10658,T27
75,0,1,0,292,green,10658,T27
76,0,1,0,292,green,10658,T27
77,0,1,0,292,green,10658,T27
78,0,1,0,292,green,10658,T27
79,0,1,0,292,green,10658,T27
80,0,1,0,292,green,10658,T27
81,0,1,0,292,green,10658,T27
82,0,1,0,292,green,10658,T27
83,0,1,0,292,green,10658,T27
84,0,1,0,292,green,10658,T27
85,0,1,0,292,green,10658,T27
86,0,1,0,292,green,10658,T27
87,0,1,0,292,green,10658,T27
88,0,1,0,292,green,10658,T27
89,0,1,0,292,green,10658,T27
90,0,1,0,292,green,10658,T27
91,0,1,0,292,green,10658,T27
92,0,1,0,292,green,10658,T27
93,0,1,0,292,green,10658,T27
94,0,1,0,292,green,10658,T27
95,0,1,0,292,green,10658,T27
96,0,1,0,292,green,10658,T27
97,0,1,0,292,green,10658,T27
98,0,1,0,292,green,10658,T27
99,0,1,0,292,green,10658,T27
100,0,1,0,292,green,10658,T27
101,0,1,0,292,green,10658,T27
102,0,1,0,292,green,10658,T27
103,0,1,0,292,green,10658,T27
104,0,1,0,292,green,10658,T27
105,0,1,0,292,green,10658,T27
106,0,1,0,292,green,10658,T27
107,0,1,0,292,green,10658,T27
108,0,1,0,292,green,10658,T27
109,0,1,0,292,green,10658,T27
110,0,1,0,292,green,10658,T27
111,0,1,0,292,green,10658,T27
112,0,1,0,292,green,10658,T27
113,0,1,0,292,green,10658,T27
114,0,1,0,292,green,10658,T27
115,0,1,0,292,green,10658,T27
116,0,1,0,292,green,10658,T27
117,0,1,0,292,green,10658,T27
118,0,1,0,292,green,10658,T27
119,0,1,0,292,green,10658,T27
120,0,1,0,292,green,10658,T27
121,0,1,0,292,green,10658,T27
122,0,1,0,292,green,10658,T27
123,0,1,0,292,green,10658,T27
124,0,1,0,292,green,10658,T27
125,0,1,0,292,green,10658,T27
126,0,1,0,292,green,10658,T27
127,0,1,0,292,green,10658,T27
128,0,1,0,292,green,10658,T27
129,0,1,0,292,green,10658,T27
130,0,1,0,292,green,10658,T27
131,0,1,0,292,green,10658,T27
132,0,1,0,292,green,10658,T27
133,0,1,0,292,green,10658,T27
134,0,1,0,292,green,10658,T27
135,0,1,0,292,green,10658,T27
136,0,1,0,292,green,10658,T27
137,0,1,0,292,green,10658,T27
138,0,1,0,292,green,10658,T27
139,0,1,0,292,green,10658,T27
140,0,1,0,292,green,10658,T27
141,0,1,0,292,green,10658,T27
142,0,1,0,292,green,10658,T27
143,0,1,0,292,green,10658,T27
144,0,1,0,292,green,10658,T27
145,0,1,0,292,green,10658,T27
146,0,1,0,292,green,10658,T27
147,0,1,0,292,green,10658,T27
148,0,1,0,292,green,10658,T27
149,0,1,0,292,green,10658,T27
150,0,1,0,292,green,10658,T27
151,0,1,0,292,green,10658,T27
152,0,1,0,292,green,10658,T27
153,0,1,0,292,green,10658,T27
154,0,1,0,292,green,10658,T27
155,0,1,0,292,green,10658,T27
156,0,1,0,292,green,10658,T27
157,0,1,0,292,green,10658,T27
158,0,1,0,292,green,10658,T27
159,0,1,0,292,green,10658,T27
160,0,1,0,292,green,10658,T27
161,0,1,0,292,green,10658,T27
162,0,1,0,292,green,10658,T27
163,0,1,0,292,green,10658,T27
164,0,1,0,292,green,10658,T27
165,0,1,0,292,green,10658,T27
166,0,1,0,292,green,10658,T27
167,0,1,0,292,green,10658,T27
168,0,1,0,292,green,10658,T27
169,0,1,0,292,green,10658,T27
170,0,1,0,292,green,10658,T27
0,0,0,1,293,green,10351,T27
1,0,0,1,293,green,10351,T27
2,0,0,1,293,green,10351,T27
3,0,0,1,293,green,10351,T27
4,0,0,1,293,green,10351,T27
5,0,0,1,293,green,10351,T27
6,0,0,1,293,green,10351,T27
7,0,0,1,293,green,10351,T27
8,0,0,1,293,green,10351,T27
9,0,0,1,293,green,10351,T27
10,0,0,1,293,green,10351,T27
11,0,0,1,293,green,10351,T27
12,0,0,1,293,green,10351,T27
13,0,0,1,293,green,10351,T27
14,0,0,1,293,green,10351,T27
15,0,0,1,293,green,10351,T27
16,0,0,1,293,green,10351,T27
17,0,0,1,293,green,10351,T27
18,0,0,1,293,green,10351,T27
19,0,0,1,293,green,10351,T27
20,0,0,1,293,green,10351,T27
21,0,0,1,293,green,10351,T27
22,0,0,1,293,green,10351,T27
23,0,0,1,293,green,10351,T27
24,0,0,1,293,green,10351,T27
25,0,0,1,293,green,10351,T27
26,0,0,1,293,green,10351,T27
27,0,0,1,293,green,10351,T27
28,0,0,1,293,green,10351,T27
29,0,0,1,293,green,10351,T27
30,0,0,1,293,green,10351,T27
31,0,0,1,293,green,10351,T27
32,0,0,1,293,green,10351,T27
33,0,0,1,293,green,10351,T27
34,0,0,1,293,green,10351,T27
35,0,0,1,293,green,10351,T27
36,0,0,1,293,green,10351,T27
37,0,0,1,293,green,10351,T27
38,0,0,1,293,green,10351,T27
39,0,0,1,293,green,10351,T27
40,0,0,1,293,green,10351,T27
41,0,0,1,293,green,10351,T27
42,0,0,1,293,green,10351,T27
43,0,0,1,293,green,10351,T27
44,0,0,1,293,green,10351,T27
45,0,0,1,293,green,10351,T27
46,0,0,1,293,green,10351,T27
47,0,0,1,293,green,10351,T27
48,0,1,0,293,green,10351,T27
49,0,1,0,293,green,10351,T27
50,0,1,0,293,green,10351,T27
51,0,1,0,293,green,10351,T27
52,0,1,0,293,green,10351,T27
53,0,1,0,293,green,10351,T27
54,0,1,0,293,green,10351,T27
55,0,1,0,293,green,10351,T27
56,0,1,0,293,green,10351,T27
57,0,1,0,293,green,10351,T27
58,0,1,0,293,green,10351,T27
59,0,1,0,293,green,10351,T27
60,0,1,0,293,green,10351,T27
61,0,1,0,293,green,10351,T27
62,0,1,0,293,green,10351,T27
63,0,1,0,293,green,10351,T27
64,0,1,0,293,green,10351,T27
65,0,1,0,293,green,10351,T27
66,0,1,0,293,green,10351,T27
67,0,1,0,293,green,10351,T27
68,0,1,0,293,green,10351,T27
69,0,1,0,293,green,10351,T27
70,0,1,0,293,green,10351,T27
71,0,1,0,293,green,10351,T27
72,0,1,0,293,green,10351,T27
73,0,1,0,293,green,10351,T27
74,0,1,0,293,green,10351,T27
75,0,1,0,293,green,10351,T27
76,0,1,0,293,green,10351,T27
77,0,0,1,293,green,10351,T27
78,0,0,1,293,green,10351,T27
79,0,1,0,293,green,10351,T27
80,0,1,0,293,green,10351,T27
81,0,1,0,293,green,10351,T27
82,0,1,0,293,green,10351,T27
83,0,1,0,293,green,10351,T27
84,0,1,0,293,green,10351,T27
85,0,1,0,293,green,10351,T27
86,0,1,0,293,green,10351,T27
87,0,1,0,293,green,10351,T27
88,0,1,0,293,green,10351,T27
89,0,1,0,293,green,10351,T27
90,0,1,0,293,green,10351,T27
91,0,1,0,293,green,10351,T27
92,0,1,0,293,green,10351,T27
93,0,1,0,293,green,10351,T27
94,0,1,0,293,green,10351,T27
95,0,1,0,293,green,10351,T27
96,0,1,0,293,green,10351,T27
97,0,1,0,293,green,10351,T27
98,0,1,0,293,green,10351,T27
99,0,1,0,293,green,10351,T27
100,0,1,0,293,green,10351,T27
101,0,1,0,293,green,10351,T27
102,0,1,0,293,green,10351,T27
103,0,1,0,293,green,10351,T27
104,0,1,0,293,green,10351,T27
105,0,1,0,293,green,10351,T27
106,0,1,0,293,green,10351,T27
107,0,1,0,293,green,10351,T27
108,0,1,0,293,green,10351,T27
109,0,1,0,293,green,10351,T27
110,0,1,0,293,green,10351,T27
111,0,1,0,293,green,10351,T27
112,0,1,0,293,green,10351,T27
113,0,1,0,293,green,10351,T27
114,0,1,0,293,green,10351,T27
115,0,1,0,293,green,10351,T27
116,0,1,0,293,green,10351,T27
117,0,1,0,293,green,10351,T27
118,0,1,0,293,green,10351,T27
119,0,1,0,293,green,10351,T27
120,0,1,0,293,green,10351,T27
121,0,1,0,293,green,10351,T27
122,0,1,0,293,green,10351,T27
123,0,1,0,293,green,10351,T27
124,0,1,0,293,green,10351,T27
125,0,1,0,293,green,10351,T27
126,0,1,0,293,green,10351,T27
127,0,1,0,293,green,10351,T27
128,0,1,0,293,green,10351,T27
129,0,1,0,293,green,10351,T27
130,0,1,0,293,green,10351,T27
131,0,1,0,293,green,10351,T27
132,0,1,0,293,green,10351,T27
133,0,1,0,293,green,10351,T27
134,0,1,0,293,green,10351,T27
135,0,1,0,293,green,10351,T27
136,0,1,0,293,green,10351,T27
137,0,1,0,293,green,10351,T27
138,0,1,0,293,green,10351,T27
139,0,1,0,293,green,10351,T27
140,0,1,0,293,green,10351,T27
141,0,1,0,293,green,10351,T27
142,0,1,0,293,green,10351,T27
143,0,1,0,293,green,10351,T27
144,0,1,0,293,green,10351,T27
145,0,1,0,293,green,10351,T27
146,0,1,0,293,green,10351,T27
147,0,1,0,293,green,10351,T27
148,0,1,0,293,green,10351,T27
149,0,1,0,293,green,10351,T27
150,0,1,0,293,green,10351,T27
151,0,1,0,293,green,10351,T27
152,0,1,0,293,green,10351,T27
153,0,1,0,293,green,10351,T27
154,0,1,0,293,green,10351,T27
155,0,1,0,293,green,10351,T27
156,0,1,0,293,green,10351,T27
157,0,1,0,293,green,10351,T27
158,0,1,0,293,green,10351,T27
159,0,1,0,293,green,10351,T27
160,0,1,0,293,green,10351,T27
161,0,1,0,293,green,10351,T27
162,0,1,0,293,green,10351,T27
163,0,1,0,293,green,10351,T27
164,0,1,0,293,green,10351,T27
165,0,1,0,293,green,10351,T27
166,0,1,0,293,green,10351,T27
167,0,1,0,293,green,10351,T27
168,0,1,0,293,green,10351,T27
169,0,1,0,293,green,10351,T27
170,0,1,0,293,green,10351,T27
0,0,0,1,294,green,10691,T27
1,0,0,1,294,green,10691,T27
2,0,0,1,294,green,10691,T27
3,0,0,1,294,green,10691,T27
4,0,0,1,294,green,10691,T27
5,0,0,1,294,green,10691,T27
6,0,0,1,294,green,10691,T27
7,0,0,1,294,green,10691,T27
8,0,0,1,294,green,10691,T27
9,0,0,1,294,green,10691,T27
10,0,0,1,294,green,10691,T27
11,0,0,1,294,green,10691,T27
12,0,0,1,294,green,10691,T27
13,0,0,1,294,green,10691,T27
14,0,0,1,294,green,10691,T27
15,0,0,1,294,green,10691,T27
16,0,0,1,294,green,10691,T27
17,0,0,1,294,green,10691,T27
18,0,0,1,294,green,10691,T27
19,0,0,1,294,green,10691,T27
20,0,0,1,294,green,10691,T27
21,0,0,1,294,green,10691,T27
22,0,0,1,294,green,10691,T27
23,0,0,1,294,green,10691,T27
24,0,0,1,294,green,10691,T27
25,0,0,1,294,green,10691,T27
26,0,0,1,294,green,10691,T27
27,0,0,1,294,green,10691,T27
28,0,0,1,294,green,10691,T27
29,0,0,1,294,green,10691,T27
30,0,0,1,294,green,10691,T27
31,0,0,1,294,green,10691,T27
32,0,0,1,294,green,10691,T27
33,0,0,1,294,green,10691,T27
34,0,0,1,294,green,10691,T27
35,0,0,1,294,green,10691,T27
36,0,0,1,294,green,10691,T27
37,0,0,1,294,green,10691,T27
38,0,0,1,294,green,10691,T27
39,0,1,0,294,green,10691,T27
40,0,1,0,294,green,10691,T27
41,0,1,0,294,green,10691,T27
42,0,1,0,294,green,10691,T27
43,0,1,0,294,green,10691,T27
44,0,1,0,294,green,10691,T27
45,0,1,0,294,green,10691,T27
46,0,1,0,294,green,10691,T27
47,0,1,0,294,green,10691,T27
48,0,1,0,294,green,10691,T27
49,0,1,0,294,green,10691,T27
50,0,1,0,294,green,10691,T27
51,0,1,0,294,green,10691,T27
52,0,1,0,294,green,10691,T27
53,0,1,0,294,green,10691,T27
54,0,1,0,294,green,10691,T27
55,0,1,0,294,green,10691,T27
56,0,1,0,294,green,10691,T27
57,0,1,0,294,green,10691,T27
58,0,1,0,294,green,10691,T27
59,0,1,0,294,green,10691,T27
60,0,1,0,294,green,10691,T27
61,0,1,0,294,green,10691,T27
62,0,1,0,294,green,10691,T27
63,0,1,0,294,green,10691,T27
64,0,1,0,294,green,10691,T27
65,0,1,0,294,green,10691,T27
66,0,1,0,294,green,10691,T27
67,0,1,0,294,green,10691,T27
68,0,1,0,294,green,10691,T27
69,0,1,0,294,green,10691,T27
70,0,1,0,294,green,10691,T27
71,0,1,0,294,green,10691,T27
72,0,1,0,294,green,10691,T27
73,0,1,0,294,green,10691,T27
74,0,1,0,294,green,10691,T27
75,0,1,0,294,green,10691,T27
76,0,1,0,294,green,10691,T27
77,0,1,0,294,green,10691,T27
78,0,1,0,294,green,10691,T27
79,0,1,0,294,green,10691,T27
80,0,1,0,294,green,10691,T27
81,0,1,0,294,green,10691,T27
82,0,1,0,294,green,10691,T27
83,0,1,0,294,green,10691,T27
84,0,1,0,294,green,10691,T27
85,0,1,0,294,green,10691,T27
86,0,1,0,294,green,10691,T27
87,0,1,0,294,green,10691,T27
88,0,1,0,294,green,10691,T27
89,0,1,0,294,green,10691,T27
90,0,1,0,294,green,10691,T27
91,0,1,0,294,green,10691,T27
92,0,1,0,294,green,10691,T27
93,0,1,0,294,green,10691,T27
94,0,1,0,294,green,10691,T27
95,0,1,0,294,green,10691,T27
96,0,1,0,294,green,10691,T27
97,0,1,0,294,green,10691,T27
98,0,1,0,294,green,10691,T27
99,0,1,0,294,green,10691,T27
100,0,1,0,294,green,10691,T27
101,0,1,0,294,green,10691,T27
102,0,1,0,294,green,10691,T27
103,0,1,0,294,green,10691,T27
104,0,1,0,294,green,10691,T27
105,0,1,0,294,green,10691,T27
106,0,1,0,294,green,10691,T27
107,0,1,0,294,green,10691,T27
108,0,1,0,294,green,10691,T27
109,0,1,0,294,green,10691,T27
110,0,1,0,294,green,10691,T27
111,0,1,0,294,green,10691,T27
112,0,1,0,294,green,10691,T27
113,0,1,0,294,green,10691,T27
114,0,1,0,294,green,10691,T27
115,0,1,0,294,green,10691,T27
116,0,1,0,294,green,10691,T27
117,0,1,0,294,green,10691,T27
118,0,1,0,294,green,10691,T27
119,0,1,0,294,green,10691,T27
120,0,1,0,294,green,10691,T27
121,0,1,0,294,green,10691,T27
122,0,1,0,294,green,10691,T27
123,0,1,0,294,green,10691,T27
124,0,1,0,294,green,10691,T27
125,0,1,0,294,green,10691,T27
126,0,1,0,294,green,10691,T27
127,0,1,0,294,green,10691,T27
128,0,1,0,294,green,10691,T27
129,0,1,0,294,green,10691,T27
130,0,1,0,294,green,10691,T27
131,0,1,0,294,green,10691,T27
132,0,1,0,294,green,10691,T27
133,0,1,0,294,green,10691,T27
134,0,1,0,294,green,10691,T27
135,0,1,0,294,green,10691,T27
136,0,1,0,294,green,10691,T27
137,0,1,0,294,green,10691,T27
138,0,1,0,294,green,10691,T27
139,0,1,0,294,green,10691,T27
140,0,1,0,294,green,10691,T27
141,0,1,0,294,green,10691,T27
142,0,1,0,294,green,10691,T27
143,0,1,0,294,green,10691,T27
144,0,1,0,294,green,10691,T27
145,0,1,0,294,green,10691,T27
146,0,1,0,294,green,10691,T27
147,0,1,0,294,green,10691,T27
148,0,1,0,294,green,10691,T27
149,0,1,0,294,green,10691,T27
150,0,1,0,294,green,10691,T27
151,0,1,0,294,green,10691,T27
152,0,1,0,294,green,10691,T27
153,0,1,0,294,green,10691,T27
154,0,1,0,294,green,10691,T27
155,0,1,0,294,green,10691,T27
156,0,1,0,294,green,10691,T27
157,0,1,0,294,green,10691,T27
158,0,1,0,294,green,10691,T27
159,0,1,0,294,green,10691,T27
160,0,1,0,294,green,10691,T27
161,0,1,0,294,green,10691,T27
162,0,1,0,294,green,10691,T27
163,0,1,0,294,green,10691,T27
164,0,1,0,294,green,10691,T27
165,0,1,0,294,green,10691,T27
166,0,1,0,294,green,10691,T27
167,0,1,0,294,green,10691,T27
168,0,1,0,294,green,10691,T27
169,0,1,0,294,green,10691,T27
170,0,1,0,294,green,10691,T27
0,0,0,1,296,green,10617,T27
1,0,0,1,296,green,10617,T27
2,0,0,1,296,green,10617,T27
3,0,0,1,296,green,10617,T27
4,0,0,1,296,green,10617,T27
5,0,0,1,296,green,10617,T27
6,0,0,1,296,green,10617,T27
7,0,0,1,296,green,10617,T27
8,1,0,0,296,green,10617,T27
9,1,0,0,296,green,10617,T27
10,1,0,0,296,green,10617,T27
11,1,0,0,296,green,10617,T27
12,1,0,0,296,green,10617,T27
13,1,0,0,296,green,10617,T27
14,1,0,0,296,green,10617,T27
15,1,0,0,296,green,10617,T27
16,1,0,0,296,green,10617,T27
17,1,0,0,296,green,10617,T27
18,1,0,0,296,green,10617,T27
19,1,0,0,296,green,10617,T27
20,1,0,0,296,green,10617,T27
21,1,0,0,296,green,10617,T27
22,1,0,0,296,green,10617,T27
23,1,0,0,296,green,10617,T27
24,1,0,0,296,green,10617,T27
25,1,0,0,296,green,10617,T27
26,1,0,0,296,green,10617,T27
27,1,0,0,296,green,10617,T27
28,1,0,0,296,green,10617,T27
29,1,0,0,296,green,10617,T27
30,1,0,0,296,green,10617,T27
31,1,0,0,296,green,10617,T27
32,1,0,0,296,green,10617,T27
33,1,0,0,296,green,10617,T27
34,1,0,0,296,green,10617,T27
35,1,0,0,296,green,10617,T27
36,1,0,0,296,green,10617,T27
37,1,0,0,296,green,10617,T27
38,1,0,0,296,green,10617,T27
39,1,0,0,296,green,10617,T27
40,1,0,0,296,green,10617,T27
41,1,0,0,296,green,10617,T27
42,1,0,0,296,green,10617,T27
43,1,0,0,296,green,10617,T27
44,1,0,0,296,green,10617,T27
45,1,0,0,296,green,10617,T27
46,1,0,0,296,green,10617,T27
47,1,0,0,296,green,10617,T27
48,1,0,0,296,green,10617,T27
49,1,0,0,296,green,10617,T27
50,1,0,0,296,green,10617,T27
51,1,0,0,296,green,10617,T27
52,1,0,0,296,green,10617,T27
53,1,0,0,296,green,10617,T27
54,1,0,0,296,green,10617,T27
55,1,0,0,296,green,10617,T27
56,1,0,0,296,green,10617,T27
57,1,0,0,296,green,10617,T27
58,1,0,0,296,green,10617,T27
59,1,0,0,296,green,10617,T27
60,1,0,0,296,green,10617,T27
61,1,0,0,296,green,10617,T27
62,1,0,0,296,green,10617,T27
63,1,0,0,296,green,10617,T27
64,1,0,0,296,green,10617,T27
65,1,0,0,296,green,10617,T27
66,1,0,0,296,green,10617,T27
67,1,0,0,296,green,10617,T27
68,1,0,0,296,green,10617,T27
69,1,0,0,296,green,10617,T27
70,1,0,0,296,green,10617,T27
71,1,0,0,296,green,10617,T27
72,1,0,0,296,green,10617,T27
73,1,0,0,296,green,10617,T27
74,1,0,0,296,green,10617,T27
75,1,0,0,296,green,10617,T27
76,1,0,0,296,green,10617,T27
77,1,0,0,296,green,10617,T27
78,1,0,0,296,green,10617,T27
79,1,0,0,296,green,10617,T27
80,1,0,0,296,green,10617,T27
81,1,0,0,296,green,10617,T27
82,1,0,0,296,green,10617,T27
83,1,0,0,296,green,10617,T27
84,1,0,0,296,green,10617,T27
85,1,0,0,296,green,10617,T27
86,1,0,0,296,green,10617,T27
87,1,0,0,296,green,10617,T27
88,1,0,0,296,green,10617,T27
89,1,0,0,296,green,10617,T27
90,1,0,0,296,green,10617,T27
91,1,0,0,296,green,10617,T27
92,1,0,0,296,green,10617,T27
93,1,0,0,296,green,10617,T27
94,1,0,0,296,green,10617,T27
95,1,0,0,296,green,10617,T27
96,1,0,0,296,green,10617,T27
97,1,0,0,296,green,10617,T27
98,1,0,0,296,green,10617,T27
99,1,0,0,296,green,10617,T27
100,1,0,0,296,green,10617,T27
101,1,0,0,296,green,10617,T27
102,1,0,0,296,green,10617,T27
103,1,0,0,296,green,10617,T27
104,1,0,0,296,green,10617,T27
105,1,0,0,296,green,10617,T27
106,1,0,0,296,green,10617,T27
107,0,0,1,296,green,10617,T27
108,0,0,1,296,green,10617,T27
109,0,1,0,296,green,10617,T27
110,0,1,0,296,green,10617,T27
111,0,1,0,296,green,10617,T27
112,0,1,0,296,green,10617,T27
113,0,1,0,296,green,10617,T27
114,0,1,0,296,green,10617,T27
115,0,1,0,296,green,10617,T27
116,0,1,0,296,green,10617,T27
117,0,1,0,296,green,10617,T27
118,0,1,0,296,green,10617,T27
119,0,1,0,296,green,10617,T27
120,0,1,0,296,green,10617,T27
121,0,1,0,296,green,10617,T27
122,0,1,0,296,green,10617,T27
123,0,1,0,296,green,10617,T27
124,0,1,0,296,green,10617,T27
125,0,1,0,296,green,10617,T27
126,0,1,0,296,green,10617,T27
127,0,1,0,296,green,10617,T27
128,0,1,0,296,green,10617,T27
129,0,1,0,296,green,10617,T27
130,0,1,0,296,green,10617,T27
131,0,1,0,296,green,10617,T27
132,0,1,0,296,green,10617,T27
133,0,1,0,296,green,10617,T27
134,0,1,0,296,green,10617,T27
135,0,1,0,296,green,10617,T27
136,0,1,0,296,green,10617,T27
137,0,1,0,296,green,10617,T27
138,0,1,0,296,green,10617,T27
139,0,1,0,296,green,10617,T27
140,0,1,0,296,green,10617,T27
141,0,1,0,296,green,10617,T27
142,0,1,0,296,green,10617,T27
143,0,1,0,296,green,10617,T27
144,0,1,0,296,green,10617,T27
145,0,1,0,296,green,10617,T27
146,0,1,0,296,green,10617,T27
147,0,1,0,296,green,10617,T27
148,0,1,0,296,green,10617,T27
149,0,1,0,296,green,10617,T27
150,0,1,0,296,green,10617,T27
151,0,1,0,296,green,10617,T27
152,0,1,0,296,green,10617,T27
153,0,1,0,296,green,10617,T27
154,0,1,0,296,green,10617,T27
155,0,1,0,296,green,10617,T27
156,0,1,0,296,green,10617,T27
157,0,1,0,296,green,10617,T27
158,0,1,0,296,green,10617,T27
159,0,1,0,296,green,10617,T27
160,0,1,0,296,green,10617,T27
161,0,1,0,296,green,10617,T27
162,0,1,0,296,green,10617,T27
163,0,1,0,296,green,10617,T27
164,0,1,0,296,green,10617,T27
165,0,1,0,296,green,10617,T27
166,0,1,0,296,green,10617,T27
167,0,1,0,296,green,10617,T27
168,0,1,0,296,green,10617,T27
169,0,1,0,296,green,10617,T27
170,0,1,0,296,green,10617,T27
0,0,0,1,297,green,10865,T27
1,0,0,1,297,green,10865,T27
2,0,0,1,297,green,10865,T27
3,0,0,1,297,green,10865,T27
4,0,0,1,297,green,10865,T27
5,0,0,1,297,green,10865,T27
6,0,0,1,297,green,10865,T27
7,0,0,1,297,green,10865,T27
8,0,0,1,297,green,10865,T27
9,0,0,1,297,green,10865,T27
10,0,0,1,297,green,10865,T27
11,0,0,1,297,green,10865,T27
12,0,0,1,297,green,10865,T27
13,0,0,1,297,green,10865,T27
14,0,0,1,297,green,10865,T27
15,0,0,1,297,green,10865,T27
16,0,0,1,297,green,10865,T27
17,0,0,1,297,green,10865,T27
18,0,0,1,297,green,10865,T27
19,0,0,1,297,green,10865,T27
20,0,0,1,297,green,10865,T27
21,0,0,1,297,green,10865,T27
22,0,0,1,297,green,10865,T27
23,0,0,1,297,green,10865,T27
24,0,0,1,297,green,10865,T27
25,0,0,1,297,green,10865,T27
26,0,0,1,297,green,10865,T27
27,0,0,1,297,green,10865,T27
28,0,0,1,297,green,10865,T27
29,0,0,1,297,green,10865,T27
30,0,0,1,297,green,10865,T27
31,0,0,1,297,green,10865,T27
32,0,0,1,297,green,10865,T27
33,0,0,1,297,green,10865,T27
34,0,0,1,297,green,10865,T27
35,0,0,1,297,green,10865,T27
36,0,0,1,297,green,10865,T27
37,0,0,1,297,green,10865,T27
38,0,0,1,297,green,10865,T27
39,0,0,1,297,green,10865,T27
40,0,0,1,297,green,10865,T27
41,0,0,1,297,green,10865,T27
42,0,0,1,297,green,10865,T27
43,0,0,1,297,green,10865,T27
44,0,0,1,297,green,10865,T27
45,0,0,1,297,green,10865,T27
46,0,0,1,297,green,10865,T27
47,0,0,1,297,green,10865,T27
48,0,0,1,297,green,10865,T27
49,0,0,1,297,green,10865,T27
50,0,0,1,297,green,10865,T27
51,0,0,1,297,green,10865,T27
52,0,0,1,297,green,10865,T27
53,0,0,1,297,green,10865,T27
54,0,0,1,297,green,10865,T27
55,0,0,1,297,green,10865,T27
56,0,0,1,297,green,10865,T27
57,0,0,1,297,green,10865,T27
58,0,0,1,297,green,10865,T27
59,0,0,1,297,green,10865,T27
60,0,0,1,297,green,10865,T27
61,0,0,1,297,green,10865,T27
62,0,0,1,297,green,10865,T27
63,0,0,1,297,green,10865,T27
64,0,0,1,297,green,10865,T27
65,0,0,1,297,green,10865,T27
66,0,0,1,297,green,10865,T27
67,0,0,1,297,green,10865,T27
68,0,0,1,297,green,10865,T27
69,0,0,1,297,green,10865,T27
70,0,0,1,297,green,10865,T27
71,0,0,1,297,green,10865,T27
72,0,0,1,297,green,10865,T27
73,0,0,1,297,green,10865,T27
74,0,0,1,297,green,10865,T27
75,1,0,0,297,green,10865,T27
76,1,0,0,297,green,10865,T27
77,1,0,0,297,green,10865,T27
78,1,0,0,297,green,10865,T27
79,1,0,0,297,green,10865,T27
80,1,0,0,297,green,10865,T27
81,1,0,0,297,green,10865,T27
82,1,0,0,297,green,10865,T27
83,1,0,0,297,green,10865,T27
84,1,0,0,297,green,10865,T27
85,1,0,0,297,green,10865,T27
86,1,0,0,297,green,10865,T27
87,1,0,0,297,green,10865,T27
88,1,0,0,297,green,10865,T27
89,1,0,0,297,green,10865,T27
90,1,0,0,297,green,10865,T27
91,1,0,0,297,green,10865,T27
92,1,0,0,297,green,10865,T27
93,1,0,0,297,green,10865,T27
94,1,0,0,297,green,10865,T27
95,1,0,0,297,green,10865,T27
96,1,0,0,297,green,10865,T27
97,1,0,0,297,green,10865,T27
98,1,0,0,297,green,10865,T27
99,1,0,0,297,green,10865,T27
100,1,0,0,297,green,10865,T27
101,1,0,0,297,green,10865,T27
102,1,0,0,297,green,10865,T27
103,1,0,0,297,green,10865,T27
104,1,0,0,297,green,10865,T27
105,1,0,0,297,green,10865,T27
106,1,0,0,297,green,10865,T27
107,1,0,0,297,green,10865,T27
108,1,0,0,297,green,10865,T27
109,1,0,0,297,green,10865,T27
110,1,0,0,297,green,10865,T27
111,1,0,0,297,green,10865,T27
112,1,0,0,297,green,10865,T27
113,1,0,0,297,green,10865,T27
114,1,0,0,297,green,10865,T27
115,1,0,0,297,green,10865,T27
116,1,0,0,297,green,10865,T27
117,1,0,0,297,green,10865,T27
118,1,0,0,297,green,10865,T27
119,1,0,0,297,green,10865,T27
120,1,0,0,297,green,10865,T27
121,1,0,0,297,green,10865,T27
122,1,0,0,297,green,10865,T27
123,1,0,0,297,green,10865,T27
124,1,0,0,297,green,10865,T27
125,1,0,0,297,green,10865,T27
126,1,0,0,297,green,10865,T27
127,1,0,0,297,green,10865,T27
128,1,0,0,297,green,10865,T27
129,1,0,0,297,green,10865,T27
130,1,0,0,297,green,10865,T27
131,1,0,0,297,green,10865,T27
132,1,0,0,297,green,10865,T27
133,1,0,0,297,green,10865,T27
134,1,0,0,297,green,10865,T27
135,1,0,0,297,green,10865,T27
136,1,0,0,297,green,10865,T27
137,1,0,0,297,green,10865,T27
138,1,0,0,297,green,10865,T27
139,1,0,0,297,green,10865,T27
140,1,0,0,297,green,10865,T27
141,1,0,0,297,green,10865,T27
142,1,0,0,297,green,10865,T27
143,1,0,0,297,green,10865,T27
144,1,0,0,297,green,10865,T27
145,1,0,0,297,green,10865,T27
146,1,0,0,297,green,10865,T27
147,1,0,0,297,green,10865,T27
148,1,0,0,297,green,10865,T27
149,1,0,0,297,green,10865,T27
150,1,0,0,297,green,10865,T27
151,1,0,0,297,green,10865,T27
152,0,0,1,297,green,10865,T27
153,0,1,0,297,green,10865,T27
154,0,1,0,297,green,10865,T27
155,0,1,0,297,green,10865,T27
156,0,1,0,297,green,10865,T27
157,0,1,0,297,green,10865,T27
158,0,1,0,297,green,10865,T27
159,0,1,0,297,green,10865,T27
160,0,1,0,297,green,10865,T27
161,0,1,0,297,green,10865,T27
162,0,1,0,297,green,10865,T27
163,0,1,0,297,green,10865,T27
164,0,1,0,297,green,10865,T27
165,0,1,0,297,green,10865,T27
166,0,1,0,297,green,10865,T27
167,0,1,0,297,green,10865,T27
168,0,1,0,297,green,10865,T27
169,0,1,0,297,green,10865,T27
170,0,1,0,297,green,10865,T27
0,0,0,1,298,green,10889,T27
1,0,0,1,298,green,10889,T27
2,0,0,1,298,green,10889,T27
3,0,0,1,298,green,10889,T27
4,0,0,1,298,green,10889,T27
5,0,0,1,298,green,10889,T27
6,0,0,1,298,green,10889,T27
7,0,0,1,298,green,10889,T27
8,0,0,1,298,green,10889,T27
9,0,0,1,298,green,10889,T27
10,0,0,1,298,green,10889,T27
11,0,0,1,298,green,10889,T27
12,0,0,1,298,green,10889,T27
13,0,0,1,298,green,10889,T27
14,0,0,1,298,green,10889,T27
15,0,0,1,298,green,10889,T27
16,0,0,1,298,green,10889,T27
17,0,0,1,298,green,10889,T27
18,0,0,1,298,green,10889,T27
19,0,0,1,298,green,10889,T27
20,0,0,1,298,green,10889,T27
21,0,0,1,298,green,10889,T27
22,0,0,1,298,green,10889,T27
23,0,0,1,298,green,10889,T27
24,0,0,1,298,green,10889,T27
25,0,0,1,298,green,10889,T27
26,0,0,1,298,green,10889,T27
27,0,0,1,298,green,10889,T27
28,0,0,1,298,green,10889,T27
29,0,0,1,298,green,10889,T27
30,0,0,1,298,green,10889,T27
31,0,0,1,298,green,10889,T27
32,0,0,1,298,green,10889,T27
33,0,0,1,298,green,10889,T27
34,0,0,1,298,green,10889,T27
35,0,0,1,298,green,10889,T27
36,0,0,1,298,green,10889,T27
37,0,0,1,298,green,10889,T27
38,0,0,1,298,green,10889,T27
39,0,0,1,298,green,10889,T27
40,0,0,1,298,green,10889,T27
41,0,0,1,298,green,10889,T27
42,0,1,0,298,green,10889,T27
43,0,1,0,298,green,10889,T27
44,0,1,0,298,green,10889,T27
45,0,1,0,298,green,10889,T27
46,0,1,0,298,green,10889,T27
47,0,1,0,298,green,10889,T27
48,0,1,0,298,green,10889,T27
49,0,1,0,298,green,10889,T27
50,0,1,0,298,green,10889,T27
51,0,1,0,298,green,10889,T27
52,0,1,0,298,green,10889,T27
53,0,1,0,298,green,10889,T27
54,0,1,0,298,green,10889,T27
55,0,1,0,298,green,10889,T27
56,0,1,0,298,green,10889,T27
57,0,1,0,298,green,10889,T27
58,0,1,0,298,green,10889,T27
59,0,1,0,298,green,10889,T27
60,0,1,0,298,green,10889,T27
61,0,1,0,298,green,10889,T27
62,0,1,0,298,green,10889,T27
63,0,1,0,298,green,10889,T27
64,0,1,0,298,green,10889,T27
65,0,1,0,298,green,10889,T27
66,0,1,0,298,green,10889,T27
67,0,1,0,298,green,10889,T27
68,0,1,0,298,green,10889,T27
69,0,1,0,298,green,10889,T27
70,0,1,0,298,green,10889,T27
71,0,1,0,298,green,10889,T27
72,0,1,0,298,green,10889,T27
73,0,1,0,298,green,10889,T27
74,0,1,0,298,green,10889,T27
75,0,1,0,298,green,10889,T27
76,0,1,0,298,green,10889,T27
77,0,1,0,298,green,10889,T27
78,0,1,0,298,green,10889,T27
79,0,1,0,298,green,10889,T27
80,0,1,0,298,green,10889,T27
81,0,1,0,298,green,10889,T27
82,0,1,0,298,green,10889,T27
83,0,1,0,298,green,10889,T27
84,0,1,0,298,green,10889,T27
85,0,1,0,298,green,10889,T27
86,0,1,0,298,green,10889,T27
87,0,1,0,298,green,10889,T27
88,0,1,0,298,green,10889,T27
89,0,1,0,298,green,10889,T27
90,0,1,0,298,green,10889,T27
91,0,1,0,298,green,10889,T27
92,0,1,0,298,green,10889,T27
93,0,1,0,298,green,10889,T27
94,0,1,0,298,green,10889,T27
95,0,1,0,298,green,10889,T27
96,0,1,0,298,green,10889,T27
97,0,1,0,298,green,10889,T27
98,0,1,0,298,green,10889,T27
99,0,1,0,298,green,10889,T27
100,0,1,0,298,green,10889,T27
101,0,1,0,298,green,10889,T27
102,0,1,0,298,green,10889,T27
103,0,1,0,298,green,10889,T27
104,0,1,0,298,green,10889,T27
105,0,1,0,298,green,10889,T27
106,0,1,0,298,green,10889,T27
107,0,1,0,298,green,10889,T27
108,0,1,0,298,green,10889,T27
109,0,1,0,298,green,10889,T27
110,0,1,0,298,green,10889,T27
111,0,1,0,298,green,10889,T27
112,0,1,0,298,green,10889,T27
113,0,1,0,298,green,10889,T27
114,0,1,0,298,green,10889,T27
115,0,1,0,298,green,10889,T27
116,0,1,0,298,green,10889,T27
117,0,1,0,298,green,10889,T27
118,0,1,0,298,green,10889,T27
119,0,1,0,298,green,10889,T27
120,0,1,0,298,green,10889,T27
121,0,1,0,298,green,10889,T27
122,0,1,0,298,green,10889,T27
123,0,1,0,298,green,10889,T27
124,0,1,0,298,green,10889,T27
125,0,1,0,298,green,10889,T27
126,0,1,0,298,green,10889,T27
127,0,1,0,298,green,10889,T27
128,0,1,0,298,green,10889,T27
129,0,1,0,298,green,10889,T27
130,0,1,0,298,green,10889,T27
131,0,1,0,298,green,10889,T27
132,0,1,0,298,green,10889,T27
133,0,1,0,298,green,10889,T27
134,0,1,0,298,green,10889,T27
135,0,1,0,298,green,10889,T27
136,0,1,0,298,green,10889,T27
137,0,1,0,298,green,10889,T27
138,0,1,0,298,green,10889,T27
139,0,1,0,298,green,10889,T27
140,0,1,0,298,green,10889,T27
141,0,1,0,298,green,10889,T27
142,0,1,0,298,green,10889,T27
143,0,1,0,298,green,10889,T27
144,0,1,0,298,green,10889,T27
145,0,1,0,298,green,10889,T27
146,0,1,0,298,green,10889,T27
147,0,1,0,298,green,10889,T27
148,0,1,0,298,green,10889,T27
149,0,1,0,298,green,10889,T27
150,0,1,0,298,green,10889,T27
151,0,1,0,298,green,10889,T27
152,0,1,0,298,green,10889,T27
153,0,1,0,298,green,10889,T27
154,0,1,0,298,green,10889,T27
155,0,1,0,298,green,10889,T27
156,0,1,0,298,green,10889,T27
157,0,1,0,298,green,10889,T27
158,0,1,0,298,green,10889,T27
159,0,1,0,298,green,10889,T27
160,0,1,0,298,green,10889,T27
161,0,1,0,298,green,10889,T27
162,0,1,0,298,green,10889,T27
163,0,1,0,298,green,10889,T27
164,0,1,0,298,green,10889,T27
165,0,1,0,298,green,10889,T27
166,0,1,0,298,green,10889,T27
167,0,1,0,298,green,10889,T27
168,0,1,0,298,green,10889,T27
169,0,1,0,298,green,10889,T27
170,0,1,0,298,green,10889,T27
0,0,0,1,299,green,10393,T27
1,0,0,1,299,green,10393,T27
2,0,0,1,299,green,10393,T27
3,0,0,1,299,green,10393,T27
4,0,0,1,299,green,10393,T27
5,0,0,1,299,green,10393,T27
6,0,0,1,299,green,10393,T27
7,0,0,1,299,green,10393,T27
8,0,0,1,299,green,10393,T27
9,0,0,1,299,green,10393,T27
10,0,0,1,299,green,10393,T27
11,0,0,1,299,green,10393,T27
12,0,0,1,299,green,10393,T27
13,0,0,1,299,green,10393,T27
14,0,0,1,299,green,10393,T27
15,0,0,1,299,green,10393,T27
16,0,0,1,299,green,10393,T27
17,0,0,1,299,green,10393,T27
18,0,0,1,299,green,10393,T27
19,0,0,1,299,green,10393,T27
20,0,0,1,299,green,10393,T27
21,0,0,1,299,green,10393,T27
22,0,0,1,299,green,10393,T27
23,0,0,1,299,green,10393,T27
24,0,0,1,299,green,10393,T27
25,0,0,1,299,green,10393,T27
26,0,0,1,299,green,10393,T27
27,0,0,1,299,green,10393,T27
28,0,0,1,299,green,10393,T27
29,0,0,1,299,green,10393,T27
30,0,0,1,299,green,10393,T27
31,0,0,1,299,green,10393,T27
32,0,0,1,299,green,10393,T27
33,0,0,1,299,green,10393,T27
34,0,0,1,299,green,10393,T27
35,0,0,1,299,green,10393,T27
36,0,0,1,299,green,10393,T27
37,0,0,1,299,green,10393,T27
38,0,0,1,299,green,10393,T27
39,0,0,1,299,green,10393,T27
40,0,0,1,299,green,10393,T27
41,0,1,0,299,green,10393,T27
42,0,1,0,299,green,10393,T27
43,0,1,0,299,green,10393,T27
44,0,1,0,299,green,10393,T27
45,0,1,0,299,green,10393,T27
46,0,1,0,299,green,10393,T27
47,0,1,0,299,green,10393,T27
48,0,1,0,299,green,10393,T27
49,0,1,0,299,green,10393,T27
50,0,1,0,299,green,10393,T27
51,0,1,0,299,green,10393,T27
52,0,1,0,299,green,10393,T27
53,0,1,0,299,green,10393,T27
54,0,1,0,299,green,10393,T27
55,0,1,0,299,green,10393,T27
56,0,1,0,299,green,10393,T27
57,0,1,0,299,green,10393,T27
58,0,1,0,299,green,10393,T27
59,0,1,0,299,green,10393,T27
60,0,1,0,299,green,10393,T27
61,0,1,0,299,green,10393,T27
62,0,1,0,299,green,10393,T27
63,0,1,0,299,green,10393,T27
64,0,1,0,299,green,10393,T27
65,0,1,0,299,green,10393,T27
66,0,1,0,299,green,10393,T27
67,0,1,0,299,green,10393,T27
68,0,1,0,299,green,10393,T27
69,0,1,0,299,green,10393,T27
70,0,1,0,299,green,10393,T27
71,0,1,0,299,green,10393,T27
72,0,1,0,299,green,10393,T27
73,0,1,0,299,green,10393,T27
74,0,1,0,299,green,10393,T27
75,0,1,0,299,green,10393,T27
76,0,1,0,299,green,10393,T27
77,0,1,0,299,green,10393,T27
78,0,1,0,299,green,10393,T27
79,0,1,0,299,green,10393,T27
80,0,1,0,299,green,10393,T27
81,0,1,0,299,green,10393,T27
82,0,1,0,299,green,10393,T27
83,0,1,0,299,green,10393,T27
84,0,1,0,299,green,10393,T27
85,0,1,0,299,green,10393,T27
86,0,1,0,299,green,10393,T27
87,0,1,0,299,green,10393,T27
88,0,1,0,299,green,10393,T27
89,0,1,0,299,green,10393,T27
90,0,1,0,299,green,10393,T27
91,0,1,0,299,green,10393,T27
92,0,1,0,299,green,10393,T27
93,0,1,0,299,green,10393,T27
94,0,1,0,299,green,10393,T27
95,0,1,0,299,green,10393,T27
96,0,1,0,299,green,10393,T27
97,0,1,0,299,green,10393,T27
98,0,1,0,299,green,10393,T27
99,0,1,0,299,green,10393,T27
100,0,1,0,299,green,10393,T27
101,0,1,0,299,green,10393,T27
102,0,1,0,299,green,10393,T27
103,0,1,0,299,green,10393,T27
104,0,1,0,299,green,10393,T27
105,0,1,0,299,green,10393,T27
106,0,1,0,299,green,10393,T27
107,0,1,0,299,green,10393,T27
108,0,1,0,299,green,10393,T27
109,0,1,0,299,green,10393,T27
110,0,1,0,299,green,10393,T27
111,0,1,0,299,green,10393,T27
112,0,1,0,299,green,10393,T27
113,0,1,0,299,green,10393,T27
114,0,1,0,299,green,10393,T27
115,0,1,0,299,green,10393,T27
116,0,1,0,299,green,10393,T27
117,0,1,0,299,green,10393,T27
118,0,1,0,299,green,10393,T27
119,0,1,0,299,green,10393,T27
120,0,1,0,299,green,10393,T27
121,0,1,0,299,green,10393,T27
122,0,1,0,299,green,10393,T27
123,0,1,0,299,green,10393,T27
124,0,1,0,299,green,10393,T27
125,0,1,0,299,green,10393,T27
126,0,1,0,299,green,10393,T27
127,0,1,0,299,green,10393,T27
128,0,1,0,299,green,10393,T27
129,0,1,0,299,green,10393,T27
130,0,1,0,299,green,10393,T27
131,0,1,0,299,green,10393,T27
132,0,1,0,299,green,10393,T27
133,0,1,0,299,green,10393,T27
134,0,1,0,299,green,10393,T27
135,0,1,0,299,green,10393,T27
136,0,1,0,299,green,10393,T27
137,0,1,0,299,green,10393,T27
138,0,1,0,299,green,10393,T27
139,0,1,0,299,green,10393,T27
140,0,1,0,299,green,10393,T27
141,0,1,0,299,green,10393,T27
142,0,1,0,299,green,10393,T27
143,0,1,0,299,green,10393,T27
144,0,1,0,299,green,10393,T27
145,0,1,0,299,green,10393,T27
146,0,1,0,299,green,10393,T27
147,0,1,0,299,green,10393,T27
148,0,1,0,299,green,10393,T27
149,0,1,0,299,green,10393,T27
150,0,1,0,299,green,10393,T27
151,0,1,0,299,green,10393,T27
152,0,1,0,299,green,10393,T27
153,0,1,0,299,green,10393,T27
154,0,1,0,299,green,10393,T27
155,0,1,0,299,green,10393,T27
156,0,1,0,299,green,10393,T27
157,0,1,0,299,green,10393,T27
158,0,1,0,299,green,10393,T27
159,0,1,0,299,green,10393,T27
160,0,1,0,299,green,10393,T27
161,0,1,0,299,green,10393,T27
162,0,1,0,299,green,10393,T27
163,0,1,0,299,green,10393,T27
164,0,1,0,299,green,10393,T27
165,0,1,0,299,green,10393,T27
166,0,1,0,299,green,10393,T27
167,0,1,0,299,green,10393,T27
168,0,1,0,299,green,10393,T27
169,0,1,0,299,green,10393,T27
170,0,1,0,299,green,10393,T27
0,0,0,1,301,green,10890,T27
1,0,0,1,301,green,10890,T27
2,0,0,1,301,green,10890,T27
3,0,0,1,301,green,10890,T27
4,0,0,1,301,green,10890,T27
5,0,0,1,301,green,10890,T27
6,0,0,1,301,green,10890,T27
7,0,0,1,301,green,10890,T27
8,0,0,1,301,green,10890,T27
9,0,0,1,301,green,10890,T27
10,0,0,1,301,green,10890,T27
11,0,0,1,301,green,10890,T27
12,0,0,1,301,green,10890,T27
13,0,0,1,301,green,10890,T27
14,0,0,1,301,green,10890,T27
15,0,0,1,301,green,10890,T27
16,0,0,1,301,green,10890,T27
17,0,0,1,301,green,10890,T27
18,0,0,1,301,green,10890,T27
19,0,0,1,301,green,10890,T27
20,0,0,1,301,green,10890,T27
21,0,0,1,301,green,10890,T27
22,0,0,1,301,green,10890,T27
23,0,0,1,301,green,10890,T27
24,0,0,1,301,green,10890,T27
25,0,0,1,301,green,10890,T27
26,0,0,1,301,green,10890,T27
27,0,0,1,301,green,10890,T27
28,0,0,1,301,green,10890,T27
29,0,0,1,301,green,10890,T27
30,0,0,1,301,green,10890,T27
31,0,0,1,301,green,10890,T27
32,0,0,1,301,green,10890,T27
33,0,0,1,301,green,10890,T27
34,0,0,1,301,green,10890,T27
35,0,0,1,301,green,10890,T27
36,0,0,1,301,green,10890,T27
37,0,0,1,301,green,10890,T27
38,0,0,1,301,green,10890,T27
39,0,0,1,301,green,10890,T27
40,0,1,0,301,green,10890,T27
41,0,1,0,301,green,10890,T27
42,0,1,0,301,green,10890,T27
43,0,1,0,301,green,10890,T27
44,0,1,0,301,green,10890,T27
45,0,1,0,301,green,10890,T27
46,0,1,0,301,green,10890,T27
47,0,1,0,301,green,10890,T27
48,0,1,0,301,green,10890,T27
49,0,1,0,301,green,10890,T27
50,0,1,0,301,green,10890,T27
51,0,1,0,301,green,10890,T27
52,0,1,0,301,green,10890,T27
53,0,1,0,301,green,10890,T27
54,0,1,0,301,green,10890,T27
55,0,1,0,301,green,10890,T27
56,0,1,0,301,green,10890,T27
57,0,1,0,301,green,10890,T27
58,0,1,0,301,green,10890,T27
59,0,1,0,301,green,10890,T27
60,0,1,0,301,green,10890,T27
61,0,1,0,301,green,10890,T27
62,0,1,0,301,green,10890,T27
63,0,1,0,301,green,10890,T27
64,0,1,0,301,green,10890,T27
65,0,1,0,301,green,10890,T27
66,0,1,0,301,green,10890,T27
67,0,1,0,301,green,10890,T27
68,0,1,0,301,green,10890,T27
69,0,1,0,301,green,10890,T27
70,0,1,0,301,green,10890,T27
71,0,1,0,301,green,10890,T27
72,0,1,0,301,green,10890,T27
73,0,1,0,301,green,10890,T27
74,0,1,0,301,green,10890,T27
75,0,1,0,301,green,10890,T27
76,0,1,0,301,green,10890,T27
77,0,1,0,301,green,10890,T27
78,0,1,0,301,green,10890,T27
79,0,1,0,301,green,10890,T27
80,0,1,0,301,green,10890,T27
81,0,1,0,301,green,10890,T27
82,0,1,0,301,green,10890,T27
83,0,1,0,301,green,10890,T27
84,0,1,0,301,green,10890,T27
85,0,1,0,301,green,10890,T27
86,0,1,0,301,green,10890,T27
87,0,1,0,301,green,10890,T27
88,0,1,0,301,green,10890,T27
89,0,1,0,301,green,10890,T27
90,0,1,0,301,green,10890,T27
91,0,1,0,301,green,10890,T27
92,0,1,0,301,green,10890,T27
93,0,1,0,301,green,10890,T27
94,0,0,1,301,green,10890,T27
95,1,0,0,301,green,10890,T27
96,1,0,0,301,green,10890,T27
97,1,0,0,301,green,10890,T27
98,1,0,0,301,green,10890,T27
99,1,0,0,301,green,10890,T27
100,1,0,0,301,green,10890,T27
101,1,0,0,301,green,10890,T27
102,1,0,0,301,green,10890,T27
103,1,0,0,301,green,10890,T27
104,1,0,0,301,green,10890,T27
105,1,0,0,301,green,10890,T27
106,1,0,0,301,green,10890,T27
107,1,0,0,301,green,10890,T27
108,1,0,0,301,green,10890,T27
109,1,0,0,301,green,10890,T27
110,1,0,0,301,green,10890,T27
111,1,0,0,301,green,10890,T27
112,1,0,0,301,green,10890,T27
113,1,0,0,301,green,10890,T27
114,1,0,0,301,green,10890,T27
115,1,0,0,301,green,10890,T27
116,1,0,0,301,green,10890,T27
117,0,1,0,301,green,10890,T27
118,0,1,0,301,green,10890,T27
119,0,1,0,301,green,10890,T27
120,0,1,0,301,green,10890,T27
121,0,1,0,301,green,10890,T27
122,0,1,0,301,green,10890,T27
123,0,1,0,301,green,10890,T27
124,0,1,0,301,green,10890,T27
125,0,1,0,301,green,10890,T27
126,0,1,0,301,green,10890,T27
127,0,1,0,301,green,10890,T27
128,0,1,0,301,green,10890,T27
129,0,1,0,301,green,10890,T27
130,0,1,0,301,green,10890,T27
131,0,1,0,301,green,10890,T27
132,0,1,0,301,green,10890,T27
133,0,1,0,301,green,10890,T27
134,0,1,0,301,green,10890,T27
135,0,1,0,301,green,10890,T27
136,0,1,0,301,green,10890,T27
137,0,1,0,301,green,10890,T27
138,0,1,0,301,green,10890,T27
139,0,1,0,301,green,10890,T27
140,0,1,0,301,green,10890,T27
141,0,1,0,301,green,10890,T27
142,0,1,0,301,green,10890,T27
143,0,1,0,301,green,10890,T27
144,0,1,0,301,green,10890,T27
145,0,1,0,301,green,10890,T27
146,0,1,0,301,green,10890,T27
147,0,1,0,301,green,10890,T27
148,0,1,0,301,green,10890,T27
149,0,1,0,301,green,10890,T27
150,0,1,0,301,green,10890,T27
151,0,1,0,301,green,10890,T27
152,0,1,0,301,green,10890,T27
153,0,1,0,301,green,10890,T27
154,0,1,0,301,green,10890,T27
155,0,1,0,301,green,10890,T27
156,0,1,0,301,green,10890,T27
157,0,1,0,301,green,10890,T27
158,0,1,0,301,green,10890,T27
159,0,1,0,301,green,10890,T27
160,0,1,0,301,green,10890,T27
161,0,1,0,301,green,10890,T27
162,0,1,0,301,green,10890,T27
163,0,1,0,301,green,10890,T27
164,0,1,0,301,green,10890,T27
165,0,1,0,301,green,10890,T27
166,0,1,0,301,green,10890,T27
167,0,1,0,301,green,10890,T27
168,0,1,0,301,green,10890,T27
169,0,1,0,301,green,10890,T27
170,0,1,0,301,green,10890,T27
0,0,0,1,302,green,11046,T27
1,0,0,1,302,green,11046,T27
2,0,0,1,302,green,11046,T27
3,0,0,1,302,green,11046,T27
4,0,0,1,302,green,11046,T27
5,0,0,1,302,green,11046,T27
6,0,0,1,302,green,11046,T27
7,0,0,1,302,green,11046,T27
8,0,0,1,302,green,11046,T27
9,0,0,1,302,green,11046,T27
10,0,0,1,302,green,11046,T27
11,0,0,1,302,green,11046,T27
12,0,0,1,302,green,11046,T27
13,0,0,1,302,green,11046,T27
14,0,0,1,302,green,11046,T27
15,0,0,1,302,green,11046,T27
16,0,0,1,302,green,11046,T27
17,0,0,1,302,green,11046,T27
18,0,0,1,302,green,11046,T27
19,0,0,1,302,green,11046,T27
20,0,0,1,302,green,11046,T27
21,0,0,1,302,green,11046,T27
22,0,0,1,302,green,11046,T27
23,0,0,1,302,green,11046,T27
24,0,0,1,302,green,11046,T27
25,0,0,1,302,green,11046,T27
26,0,0,1,302,green,11046,T27
27,0,0,1,302,green,11046,T27
28,1,0,0,302,green,11046,T27
29,1,0,0,302,green,11046,T27
30,1,0,0,302,green,11046,T27
31,1,0,0,302,green,11046,T27
32,1,0,0,302,green,11046,T27
33,1,0,0,302,green,11046,T27
34,1,0,0,302,green,11046,T27
35,1,0,0,302,green,11046,T27
36,1,0,0,302,green,11046,T27
37,1,0,0,302,green,11046,T27
38,1,0,0,302,green,11046,T27
39,1,0,0,302,green,11046,T27
40,1,0,0,302,green,11046,T27
41,1,0,0,302,green,11046,T27
42,0,0,1,302,green,11046,T27
43,0,0,1,302,green,11046,T27
44,0,0,1,302,green,11046,T27
45,0,0,1,302,green,11046,T27
46,0,0,1,302,green,11046,T27
47,0,0,1,302,green,11046,T27
48,0,0,1,302,green,11046,T27
49,0,0,1,302,green,11046,T27
50,0,0,1,302,green,11046,T27
51,0,0,1,302,green,11046,T27
52,0,0,1,302,green,11046,T27
53,0,0,1,302,green,11046,T27
54,0,0,1,302,green,11046,T27
55,0,0,1,302,green,11046,T27
56,0,0,1,302,green,11046,T27
57,0,0,1,302,green,11046,T27
58,0,0,1,302,green,11046,T27
59,0,0,1,302,green,11046,T27
60,0,0,1,302,green,11046,T27
61,0,0,1,302,green,11046,T27
62,0,0,1,302,green,11046,T27
63,0,0,1,302,green,11046,T27
64,0,0,1,302,green,11046,T27
65,0,0,1,302,green,11046,T27
66,0,0,1,302,green,11046,T27
67,0,0,1,302,green,11046,T27
68,0,0,1,302,green,11046,T27
69,0,0,1,302,green,11046,T27
70,0,0,1,302,green,11046,T27
71,0,0,1,302,green,11046,T27
72,0,0,1,302,green,11046,T27
73,0,0,1,302,green,11046,T27
74,0,0,1,302,green,11046,T27
75,0,0,1,302,green,11046,T27
76,0,0,1,302,green,11046,T27
77,0,0,1,302,green,11046,T27
78,0,0,1,302,green,11046,T27
79,0,0,1,302,green,11046,T27
80,0,0,1,302,green,11046,T27
81,0,0,1,302,green,11046,T27
82,0,0,1,302,green,11046,T27
83,0,0,1,302,green,11046,T27
84,0,0,1,302,green,11046,T27
85,0,0,1,302,green,11046,T27
86,1,0,0,302,green,11046,T27
87,1,0,0,302,green,11046,T27
88,1,0,0,302,green,11046,T27
89,1,0,0,302,green,11046,T27
90,1,0,0,302,green,11046,T27
91,1,0,0,302,green,11046,T27
92,1,0,0,302,green,11046,T27
93,1,0,0,302,green,11046,T27
94,1,0,0,302,green,11046,T27
95,1,0,0,302,green,11046,T27
96,1,0,0,302,green,11046,T27
97,1,0,0,302,green,11046,T27
98,1,0,0,302,green,11046,T27
99,0,0,1,302,green,11046,T27
100,0,0,1,302,green,11046,T27
101,0,0,1,302,green,11046,T27
102,0,0,1,302,green,11046,T27
103,0,0,1,302,green,11046,T27
104,0,0,1,302,green,11046,T27
105,0,0,1,302,green,11046,T27
106,0,0,1,302,green,11046,T27
107,0,0,1,302,green,11046,T27
108,0,0,1,302,green,11046,T27
109,1,0,0,302,green,11046,T27
110,1,0,0,302,green,11046,T27
111,1,0,0,302,green,11046,T27
112,1,0,0,302,green,11046,T27
113,1,0,0,302,green,11046,T27
114,1,0,0,302,green,11046,T27
115,1,0,0,302,green,11046,T27
116,1,0,0,302,green,11046,T27
117,1,0,0,302,green,11046,T27
118,1,0,0,302,green,11046,T27
119,1,0,0,302,green,11046,T27
120,1,0,0,302,green,11046,T27
121,1,0,0,302,green,11046,T27
122,1,0,0,302,green,11046,T27
123,1,0,0,302,green,11046,T27
124,1,0,0,302,green,11046,T27
125,1,0,0,302,green,11046,T27
126,1,0,0,302,green,11046,T27
127,1,0,0,302,green,11046,T27
128,1,0,0,302,green,11046,T27
129,1,0,0,302,green,11046,T27
130,1,0,0,302,green,11046,T27
131,1,0,0,302,green,11046,T27
132,1,0,0,302,green,11046,T27
133,1,0,0,302,green,11046,T27
134,1,0,0,302,green,11046,T27
135,1,0,0,302,green,11046,T27
136,1,0,0,302,green,11046,T27
137,1,0,0,302,green,11046,T27
138,1,0,0,302,green,11046,T27
139,1,0,0,302,green,11046,T27
140,1,0,0,302,green,11046,T27
141,1,0,0,302,green,11046,T27
142,1,0,0,302,green,11046,T27
143,1,0,0,302,green,11046,T27
144,1,0,0,302,green,11046,T27
145,1,0,0,302,green,11046,T27
146,1,0,0,302,green,11046,T27
147,1,0,0,302,green,11046,T27
148,1,0,0,302,green,11046,T27
149,1,0,0,302,green,11046,T27
150,1,0,0,302,green,11046,T27
151,0,0,1,302,green,11046,T27
152,0,0,1,302,green,11046,T27
153,0,1,0,302,green,11046,T27
154,0,1,0,302,green,11046,T27
155,0,1,0,302,green,11046,T27
156,0,1,0,302,green,11046,T27
157,0,1,0,302,green,11046,T27
158,0,1,0,302,green,11046,T27
159,0,1,0,302,green,11046,T27
160,0,1,0,302,green,11046,T27
161,0,1,0,302,green,11046,T27
162,0,1,0,302,green,11046,T27
163,0,1,0,302,green,11046,T27
164,0,1,0,302,green,11046,T27
165,0,1,0,302,green,11046,T27
166,0,1,0,302,green,11046,T27
167,0,1,0,302,green,11046,T27
168,0,1,0,302,green,11046,T27
169,0,1,0,302,green,11046,T27
170,0,1,0,302,green,11046,T27
0,0,0,1,304,green,11220,T27
1,0,0,1,304,green,11220,T27
2,0,0,1,304,green,11220,T27
3,0,0,1,304,green,11220,T27
4,0,0,1,304,green,11220,T27
5,0,0,1,304,green,11220,T27
6,0,0,1,304,green,11220,T27
7,0,0,1,304,green,11220,T27
8,0,0,1,304,green,11220,T27
9,0,0,1,304,green,11220,T27
10,0,0,1,304,green,11220,T27
11,0,0,1,304,green,11220,T27
12,0,0,1,304,green,11220,T27
13,0,0,1,304,green,11220,T27
14,0,0,1,304,green,11220,T27
15,0,0,1,304,green,11220,T27
16,0,0,1,304,green,11220,T27
17,0,0,1,304,green,11220,T27
18,0,0,1,304,green,11220,T27
19,0,0,1,304,green,11220,T27
20,0,0,1,304,green,11220,T27
21,0,0,1,304,green,11220,T27
22,0,1,0,304,green,11220,T27
23,0,1,0,304,green,11220,T27
24,0,1,0,304,green,11220,T27
25,0,1,0,304,green,11220,T27
26,0,1,0,304,green,11220,T27
27,0,1,0,304,green,11220,T27
28,0,1,0,304,green,11220,T27
29,0,1,0,304,green,11220,T27
30,0,1,0,304,green,11220,T27
31,0,1,0,304,green,11220,T27
32,0,1,0,304,green,11220,T27
33,0,1,0,304,green,11220,T27
34,0,1,0,304,green,11220,T27
35,0,1,0,304,green,11220,T27
36,0,1,0,304,green,11220,T27
37,0,1,0,304,green,11220,T27
38,0,1,0,304,green,11220,T27
39,0,1,0,304,green,11220,T27
40,0,1,0,304,green,11220,T27
41,0,1,0,304,green,11220,T27
42,0,1,0,304,green,11220,T27
43,0,1,0,304,green,11220,T27
44,0,1,0,304,green,11220,T27
45,0,1,0,304,green,11220,T27
46,0,1,0,304,green,11220,T27
47,0,1,0,304,green,11220,T27
48,0,1,0,304,green,11220,T27
49,0,1,0,304,green,11220,T27
50,0,1,0,304,green,11220,T27
51,0,1,0,304,green,11220,T27
52,0,1,0,304,green,11220,T27
53,0,1,0,304,green,11220,T27
54,0,1,0,304,green,11220,T27
55,0,1,0,304,green,11220,T27
56,0,1,0,304,green,11220,T27
57,0,1,0,304,green,11220,T27
58,0,1,0,304,green,11220,T27
59,0,1,0,304,green,11220,T27
60,0,1,0,304,green,11220,T27
61,0,1,0,304,green,11220,T27
62,0,1,0,304,green,11220,T27
63,0,1,0,304,green,11220,T27
64,0,1,0,304,green,11220,T27
65,0,1,0,304,green,11220,T27
66,0,1,0,304,green,11220,T27
67,0,1,0,304,green,11220,T27
68,0,1,0,304,green,11220,T27
69,0,1,0,304,green,11220,T27
70,0,1,0,304,green,11220,T27
71,0,1,0,304,green,11220,T27
72,0,1,0,304,green,11220,T27
73,0,1,0,304,green,11220,T27
74,0,1,0,304,green,11220,T27
75,0,1,0,304,green,11220,T27
76,0,1,0,304,green,11220,T27
77,0,1,0,304,green,11220,T27
78,0,1,0,304,green,11220,T27
79,0,1,0,304,green,11220,T27
80,0,1,0,304,green,11220,T27
81,0,1,0,304,green,11220,T27
82,0,1,0,304,green,11220,T27
83,0,1,0,304,green,11220,T27
84,0,0,1,304,green,11220,T27
85,1,0,0,304,green,11220,T27
86,1,0,0,304,green,11220,T27
87,1,0,0,304,green,11220,T27
88,1,0,0,304,green,11220,T27
89,1,0,0,304,green,11220,T27
90,1,0,0,304,green,11220,T27
91,1,0,0,304,green,11220,T27
92,1,0,0,304,green,11220,T27
93,1,0,0,304,green,11220,T27
94,1,0,0,304,green,11220,T27
95,1,0,0,304,green,11220,T27
96,1,0,0,304,green,11220,T27
97,1,0,0,304,green,11220,T27
98,1,0,0,304,green,11220,T27
99,1,0,0,304,green,11220,T27
100,1,0,0,304,green,11220,T27
101,1,0,0,304,green,11220,T27
102,1,0,0,304,green,11220,T27
103,1,0,0,304,green,11220,T27
104,1,0,0,304,green,11220,T27
105,1,0,0,304,green,11220,T27
106,1,0,0,304,green,11220,T27
107,1,0,0,304,green,11220,T27
108,1,0,0,304,green,11220,T27
109,0,0,1,304,green,11220,T27
110,0,0,1,304,green,11220,T27
111,0,1,0,304,green,11220,T27
112,0,1,0,304,green,11220,T27
113,0,1,0,304,green,11220,T27
114,0,1,0,304,green,11220,T27
115,0,1,0,304,green,11220,T27
116,0,1,0,304,green,11220,T27
117,0,1,0,304,green,11220,T27
118,0,1,0,304,green,11220,T27
119,0,1,0,304,green,11220,T27
120,0,1,0,304,green,11220,T27
121,0,1,0,304,green,11220,T27
122,0,1,0,304,green,11220,T27
123,0,1,0,304,green,11220,T27
124,0,1,0,304,green,11220,T27
125,0,1,0,304,green,11220,T27
126,0,1,0,304,green,11220,T27
127,0,1,0,304,green,11220,T27
128,0,1,0,304,green,11220,T27
129,0,1,0,304,green,11220,T27
130,0,0,1,304,green,11220,T27
131,1,0,0,304,green,11220,T27
132,1,0,0,304,green,11220,T27
133,1,0,0,304,green,11220,T27
134,1,0,0,304,green,11220,T27
135,1,0,0,304,green,11220,T27
136,1,0,0,304,green,11220,T27
137,1,0,0,304,green,11220,T27
138,1,0,0,304,green,11220,T27
139,1,0,0,304,green,11220,T27
140,1,0,0,304,green,11220,T27
141,1,0,0,304,green,11220,T27
142,1,0,0,304,green,11220,T27
143,1,0,0,304,green,11220,T27
144,1,0,0,304,green,11220,T27
145,1,0,0,304,green,11220,T27
146,1,0,0,304,green,11220,T27
147,1,0,0,304,green,11220,T27
148,1,0,0,304,green,11220,T27
149,1,0,0,304,green,11220,T27
150,1,0,0,304,green,11220,T27
151,1,0,0,304,green,11220,T27
152,1,0,0,304,green,11220,T27
153,1,0,0,304,green,11220,T27
154,1,0,0,304,green,11220,T27
155,1,0,0,304,green,11220,T27
156,1,0,0,304,green,11220,T27
157,1,0,0,304,green,11220,T27
158,0,0,1,304,green,11220,T27
159,0,1,0,304,green,11220,T27
160,0,1,0,304,green,11220,T27
161,0,1,0,304,green,11220,T27
162,0,1,0,304,green,11220,T27
163,0,1,0,304,green,11220,T27
164,0,1,0,304,green,11220,T27
165,0,1,0,304,green,11220,T27
166,0,1,0,304,green,11220,T27
167,0,1,0,304,green,11220,T27
168,0,1,0,304,green,11220,T27
169,0,1,0,304,green,11220,T27
170,0,1,0,304,green,11220,T27
0,0,0,1,305,green,11232,T27
1,0,0,1,305,green,11232,T27
2,0,0,1,305,green,11232,T27
3,0,0,1,305,green,11232,T27
4,0,0,1,305,green,11232,T27
5,0,0,1,305,green,11232,T27
6,0,0,1,305,green,11232,T27
7,0,0,1,305,green,11232,T27
8,0,0,1,305,green,11232,T27
9,0,0,1,305,green,11232,T27
10,0,0,1,305,green,11232,T27
11,0,0,1,305,green,11232,T27
12,0,0,1,305,green,11232,T27
13,0,0,1,305,green,11232,T27
14,0,0,1,305,green,11232,T27
15,0,0,1,305,green,11232,T27
16,0,0,1,305,green,11232,T27
17,0,0,1,305,green,11232,T27
18,0,0,1,305,green,11232,T27
19,0,0,1,305,green,11232,T27
20,0,0,1,305,green,11232,T27
21,0,0,1,305,green,11232,T27
22,0,0,1,305,green,11232,T27
23,0,0,1,305,green,11232,T27
24,0,0,1,305,green,11232,T27
25,0,0,1,305,green,11232,T27
26,0,0,1,305,green,11232,T27
27,0,0,1,305,green,11232,T27
28,0,0,1,305,green,11232,T27
29,0,0,1,305,green,11232,T27
30,0,0,1,305,green,11232,T27
31,0,0,1,305,green,11232,T27
32,0,0,1,305,green,11232,T27
33,0,0,1,305,green,11232,T27
34,0,0,1,305,green,11232,T27
35,0,0,1,305,green,11232,T27
36,0,0,1,305,green,11232,T27
37,0,0,1,305,green,11232,T27
38,0,1,0,305,green,11232,T27
39,0,1,0,305,green,11232,T27
40,0,1,0,305,green,11232,T27
41,0,1,0,305,green,11232,T27
42,0,1,0,305,green,11232,T27
43,0,1,0,305,green,11232,T27
44,0,1,0,305,green,11232,T27
45,0,1,0,305,green,11232,T27
46,0,1,0,305,green,11232,T27
47,0,1,0,305,green,11232,T27
48,0,1,0,305,green,11232,T27
49,0,1,0,305,green,11232,T27
50,0,1,0,305,green,11232,T27
51,0,1,0,305,green,11232,T27
52,0,1,0,305,green,11232,T27
53,0,1,0,305,green,11232,T27
54,0,1,0,305,green,11232,T27
55,0,1,0,305,green,11232,T27
56,0,1,0,305,green,11232,T27
57,0,1,0,305,green,11232,T27
58,0,1,0,305,green,11232,T27
59,0,1,0,305,green,11232,T27
60,0,1,0,305,green,11232,T27
61,0,1,0,305,green,11232,T27
62,0,1,0,305,green,11232,T27
63,0,1,0,305,green,11232,T27
64,0,1,0,305,green,11232,T27
65,0,1,0,305,green,11232,T27
66,0,1,0,305,green,11232,T27
67,0,1,0,305,green,11232,T27
68,0,1,0,305,green,11232,T27
69,0,1,0,305,green,11232,T27
70,0,1,0,305,green,11232,T27
71,0,1,0,305,green,11232,T27
72,0,1,0,305,green,11232,T27
73,0,1,0,305,green,11232,T27
74,0,1,0,305,green,11232,T27
75,0,1,0,305,green,11232,T27
76,0,1,0,305,green,11232,T27
77,0,1,0,305,green,11232,T27
78,0,1,0,305,green,11232,T27
79,0,1,0,305,green,11232,T27
80,0,1,0,305,green,11232,T27
81,0,0,1,305,green,11232,T27
82,0,0,1,305,green,11232,T27
83,0,0,1,305,green,11232,T27
84,0,0,1,305,green,11232,T27
85,0,0,1,305,green,11232,T27
86,0,0,1,305,green,11232,T27
87,0,0,1,305,green,11232,T27
88,0,0,1,305,green,11232,T27
89,0,0,1,305,green,11232,T27
90,0,0,1,305,green,11232,T27
91,0,0,1,305,green,11232,T27
92,0,0,1,305,green,11232,T27
93,0,0,1,305,green,11232,T27
94,0,0,1,305,green,11232,T27
95,0,0,1,305,green,11232,T27
96,0,0,1,305,green,11232,T27
97,0,0,1,305,green,11232,T27
98,0,0,1,305,green,11232,T27
99,0,0,1,305,green,11232,T27
100,0,0,1,305,green,11232,T27
101,0,0,1,305,green,11232,T27
102,0,0,1,305,green,11232,T27
103,0,0,1,305,green,11232,T27
104,0,0,1,305,green,11232,T27
105,0,0,1,305,green,11232,T27
106,0,0,1,305,green,11232,T27
107,0,0,1,305,green,11232,T27
108,0,0,1,305,green,11232,T27
109,0,0,1,305,green,11232,T27
110,0,0,1,305,green,11232,T27
111,0,0,1,305,green,11232,T27
112,0,0,1,305,green,11232,T27
113,0,0,1,305,green,11232,T27
114,0,0,1,305,green,11232,T27
115,0,0,1,305,green,11232,T27
116,0,0,1,305,green,11232,T27
117,0,0,1,305,green,11232,T27
118,0,0,1,305,green,11232,T27
119,0,0,1,305,green,11232,T27
120,0,0,1,305,green,11232,T27
121,0,0,1,305,green,11232,T27
122,0,0,1,305,green,11232,T27
123,0,0,1,305,green,11232,T27
124,0,0,1,305,green,11232,T27
125,0,0,1,305,green,11232,T27
126,0,0,1,305,green,11232,T27
127,0,0,1,305,green,11232,T27
128,0,0,1,305,green,11232,T27
129,0,0,1,305,green,11232,T27
130,0,0,1,305,green,11232,T27
131,0,0,1,305,green,11232,T27
132,0,0,1,305,green,11232,T27
133,0,0,1,305,green,11232,T27
134,0,0,1,305,green,11232,T27
135,0,0,1,305,green,11232,T27
136,0,0,1,305,green,11232,T27
137,0,0,1,305,green,11232,T27
138,0,0,1,305,green,11232,T27
139,0,1,0,305,green,11232,T27
140,0,1,0,305,green,11232,T27
141,0,1,0,305,green,11232,T27
142,0,1,0,305,green,11232,T27
143,0,1,0,305,green,11232,T27
144,0,1,0,305,green,11232,T27
145,0,1,0,305,green,11232,T27
146,0,1,0,305,green,11232,T27
147,0,1,0,305,green,11232,T27
148,0,1,0,305,green,11232,T27
149,0,1,0,305,green,11232,T27
150,0,1,0,305,green,11232,T27
151,0,1,0,305,green,11232,T27
152,0,1,0,305,green,11232,T27
153,0,1,0,305,green,11232,T27
154,0,1,0,305,green,11232,T27
155,0,1,0,305,green,11232,T27
156,0,1,0,305,green,11232,T27
157,0,1,0,305,green,11232,T27
158,0,1,0,305,green,11232,T27
159,0,1,0,305,green,11232,T27
160,0,1,0,305,green,11232,T27
161,0,1,0,305,green,11232,T27
162,0,1,0,305,green,11232,T27
163,0,1,0,305,green,11232,T27
164,0,1,0,305,green,11232,T27
165,0,1,0,305,green,11232,T27
166,0,1,0,305,green,11232,T27
167,0,1,0,305,green,11232,T27
168,0,1,0,305,green,11232,T27
169,0,1,0,305,green,11232,T27
170,0,1,0,305,green,11232,T27
0,0,0,1,306,green,11149,T27
1,0,0,1,306,green,11149,T27
2,0,0,1,306,green,11149,T27
3,0,0,1,306,green,11149,T27
4,0,0,1,306,green,11149,T27
5,0,0,1,306,green,11149,T27
6,0,0,1,306,green,11149,T27
7,0,0,1,306,green,11149,T27
8,0,0,1,306,green,11149,T27
9,0,0,1,306,green,11149,T27
10,0,0,1,306,green,11149,T27
11,0,0,1,306,green,11149,T27
12,0,0,1,306,green,11149,T27
13,0,0,1,306,green,11149,T27
14,0,0,1,306,green,11149,T27
15,0,0,1,306,green,11149,T27
16,0,0,1,306,green,11149,T27
17,0,0,1,306,green,11149,T27
18,0,0,1,306,green,11149,T27
19,0,0,1,306,green,11149,T27
20,0,0,1,306,green,11149,T27
21,0,0,1,306,green,11149,T27
22,0,0,1,306,green,11149,T27
23,0,0,1,306,green,11149,T27
24,0,0,1,306,green,11149,T27
25,0,0,1,306,green,11149,T27
26,0,0,1,306,green,11149,T27
27,0,0,1,306,green,11149,T27
28,0,0,1,306,green,11149,T27
29,0,0,1,306,green,11149,T27
30,0,0,1,306,green,11149,T27
31,0,0,1,306,green,11149,T27
32,0,0,1,306,green,11149,T27
33,0,0,1,306,green,11149,T27
34,0,0,1,306,green,11149,T27
35,0,0,1,306,green,11149,T27
36,0,0,1,306,green,11149,T27
37,0,0,1,306,green,11149,T27
38,0,0,1,306,green,11149,T27
39,0,0,1,306,green,11149,T27
40,0,0,1,306,green,11149,T27
41,0,0,1,306,green,11149,T27
42,0,0,1,306,green,11149,T27
43,0,0,1,306,green,11149,T27
44,0,0,1,306,green,11149,T27
45,0,0,1,306,green,11149,T27
46,0,0,1,306,green,11149,T27
47,0,0,1,306,green,11149,T27
48,0,0,1,306,green,11149,T27
49,0,0,1,306,green,11149,T27
50,0,0,1,306,green,11149,T27
51,0,0,1,306,green,11149,T27
52,0,0,1,306,green,11149,T27
53,0,0,1,306,green,11149,T27
54,0,0,1,306,green,11149,T27
55,0,0,1,306,green,11149,T27
56,0,0,1,306,green,11149,T27
57,0,0,1,306,green,11149,T27
58,0,0,1,306,green,11149,T27
59,0,0,1,306,green,11149,T27
60,0,0,1,306,green,11149,T27
61,0,0,1,306,green,11149,T27
62,0,0,1,306,green,11149,T27
63,0,0,1,306,green,11149,T27
64,0,0,1,306,green,11149,T27
65,0,0,1,306,green,11149,T27
66,0,0,1,306,green,11149,T27
67,0,0,1,306,green,11149,T27
68,0,0,1,306,green,11149,T27
69,0,0,1,306,green,11149,T27
70,0,0,1,306,green,11149,T27
71,0,0,1,306,green,11149,T27
72,0,0,1,306,green,11149,T27
73,0,0,1,306,green,11149,T27
74,0,0,1,306,green,11149,T27
75,0,0,1,306,green,11149,T27
76,0,0,1,306,green,11149,T27
77,0,0,1,306,green,11149,T27
78,0,0,1,306,green,11149,T27
79,0,0,1,306,green,11149,T27
80,0,0,1,306,green,11149,T27
81,0,0,1,306,green,11149,T27
82,0,0,1,306,green,11149,T27
83,0,0,1,306,green,11149,T27
84,0,0,1,306,green,11149,T27
85,0,0,1,306,green,11149,T27
86,0,0,1,306,green,11149,T27
87,0,0,1,306,green,11149,T27
88,0,0,1,306,green,11149,T27
89,0,0,1,306,green,11149,T27
90,0,0,1,306,green,11149,T27
91,0,0,1,306,green,11149,T27
92,0,0,1,306,green,11149,T27
93,0,0,1,306,green,11149,T27
94,0,0,1,306,green,11149,T27
95,0,0,1,306,green,11149,T27
96,0,0,1,306,green,11149,T27
97,0,0,1,306,green,11149,T27
98,0,0,1,306,green,11149,T27
99,0,0,1,306,green,11149,T27
100,0,0,1,306,green,11149,T27
101,0,0,1,306,green,11149,T27
102,0,0,1,306,green,11149,T27
103,0,1,0,306,green,11149,T27
104,0,1,0,306,green,11149,T27
105,0,1,0,306,green,11149,T27
106,0,1,0,306,green,11149,T27
107,0,1,0,306,green,11149,T27
108,0,1,0,306,green,11149,T27
109,0,1,0,306,green,11149,T27
110,0,1,0,306,green,11149,T27
111,0,1,0,306,green,11149,T27
112,0,1,0,306,green,11149,T27
113,0,1,0,306,green,11149,T27
114,0,1,0,306,green,11149,T27
115,0,1,0,306,green,11149,T27
116,0,1,0,306,green,11149,T27
117,0,1,0,306,green,11149,T27
118,0,1,0,306,green,11149,T27
119,0,1,0,306,green,11149,T27
120,0,1,0,306,green,11149,T27
121,0,1,0,306,green,11149,T27
122,0,1,0,306,green,11149,T27
123,0,1,0,306,green,11149,T27
124,0,1,0,306,green,11149,T27
125,0,1,0,306,green,11149,T27
126,0,1,0,306,green,11149,T27
127,0,1,0,306,green,11149,T27
128,0,1,0,306,green,11149,T27
129,0,1,0,306,green,11149,T27
130,0,1,0,306,green,11149,T27
131,0,1,0,306,green,11149,T27
132,0,1,0,306,green,11149,T27
133,0,1,0,306,green,11149,T27
134,0,1,0,306,green,11149,T27
135,0,1,0,306,green,11149,T27
136,0,1,0,306,green,11149,T27
137,0,1,0,306,green,11149,T27
138,0,1,0,306,green,11149,T27
139,0,1,0,306,green,11149,T27
140,0,1,0,306,green,11149,T27
141,0,1,0,306,green,11149,T27
142,0,1,0,306,green,11149,T27
143,0,1,0,306,green,11149,T27
144,0,1,0,306,green,11149,T27
145,0,1,0,306,green,11149,T27
146,0,1,0,306,green,11149,T27
147,0,1,0,306,green,11149,T27
148,0,1,0,306,green,11149,T27
149,0,1,0,306,green,11149,T27
150,0,1,0,306,green,11149,T27
151,0,1,0,306,green,11149,T27
152,0,1,0,306,green,11149,T27
153,0,1,0,306,green,11149,T27
154,0,1,0,306,green,11149,T27
155,0,1,0,306,green,11149,T27
156,0,1,0,306,green,11149,T27
157,0,1,0,306,green,11149,T27
158,0,1,0,306,green,11149,T27
159,0,1,0,306,green,11149,T27
160,0,1,0,306,green,11149,T27
161,0,1,0,306,green,11149,T27
162,0,1,0,306,green,11149,T27
163,0,1,0,306,green,11149,T27
164,0,1,0,306,green,11149,T27
165,0,1,0,306,green,11149,T27
166,0,1,0,306,green,11149,T27
167,0,1,0,306,green,11149,T27
168,0,1,0,306,green,11149,T27
169,0,1,0,306,green,11149,T27
170,0,1,0,306,green,11149,T27
0,0,0,1,307,green,11329,T27
1,0,0,1,307,green,11329,T27
2,0,0,1,307,green,11329,T27
3,0,0,1,307,green,11329,T27
4,0,0,1,307,green,11329,T27
5,0,0,1,307,green,11329,T27
6,0,0,1,307,green,11329,T27
7,0,0,1,307,green,11329,T27
8,0,0,1,307,green,11329,T27
9,0,0,1,307,green,11329,T27
10,0,0,1,307,green,11329,T27
11,0,0,1,307,green,11329,T27
12,0,0,1,307,green,11329,T27
13,0,0,1,307,green,11329,T27
14,0,0,1,307,green,11329,T27
15,0,0,1,307,green,11329,T27
16,0,0,1,307,green,11329,T27
17,0,0,1,307,green,11329,T27
18,0,0,1,307,green,11329,T27
19,0,0,1,307,green,11329,T27
20,0,0,1,307,green,11329,T27
21,0,0,1,307,green,11329,T27
22,0,0,1,307,green,11329,T27
23,0,0,1,307,green,11329,T27
24,0,0,1,307,green,11329,T27
25,0,0,1,307,green,11329,T27
26,0,0,1,307,green,11329,T27
27,0,0,1,307,green,11329,T27
28,0,0,1,307,green,11329,T27
29,0,0,1,307,green,11329,T27
30,0,0,1,307,green,11329,T27
31,0,0,1,307,green,11329,T27
32,0,0,1,307,green,11329,T27
33,0,0,1,307,green,11329,T27
34,0,0,1,307,green,11329,T27
35,0,0,1,307,green,11329,T27
36,0,0,1,307,green,11329,T27
37,0,1,0,307,green,11329,T27
38,0,1,0,307,green,11329,T27
39,0,1,0,307,green,11329,T27
40,0,1,0,307,green,11329,T27
41,0,1,0,307,green,11329,T27
42,0,1,0,307,green,11329,T27
43,0,1,0,307,green,11329,T27
44,0,1,0,307,green,11329,T27
45,0,1,0,307,green,11329,T27
46,0,1,0,307,green,11329,T27
47,0,1,0,307,green,11329,T27
48,0,1,0,307,green,11329,T27
49,0,1,0,307,green,11329,T27
50,0,1,0,307,green,11329,T27
51,0,1,0,307,green,11329,T27
52,0,1,0,307,green,11329,T27
53,0,1,0,307,green,11329,T27
54,0,1,0,307,green,11329,T27
55,0,1,0,307,green,11329,T27
56,0,1,0,307,green,11329,T27
57,0,1,0,307,green,11329,T27
58,0,1,0,307,green,11329,T27
59,0,1,0,307,green,11329,T27
60,0,1,0,307,green,11329,T27
61,0,1,0,307,green,11329,T27
62,0,1,0,307,green,11329,T27
63,0,1,0,307,green,11329,T27
64,0,1,0,307,green,11329,T27
65,0,1,0,307,green,11329,T27
66,0,1,0,307,green,11329,T27
67,0,1,0,307,green,11329,T27
68,0,1,0,307,green,11329,T27
69,0,1,0,307,green,11329,T27
70,0,1,0,307,green,11329,T27
71,0,1,0,307,green,11329,T27
72,0,1,0,307,green,11329,T27
73,0,1,0,307,green,11329,T27
74,0,1,0,307,green,11329,T27
75,0,1,0,307,green,11329,T27
76,0,1,0,307,green,11329,T27
77,0,1,0,307,green,11329,T27
78,0,1,0,307,green,11329,T27
79,0,1,0,307,green,11329,T27
80,0,0,1,307,green,11329,T27
81,0,0,1,307,green,11329,T27
82,1,0,0,307,green,11329,T27
83,1,0,0,307,green,11329,T27
84,1,0,0,307,green,11329,T27
85,1,0,0,307,green,11329,T27
86,1,0,0,307,green,11329,T27
87,1,0,0,307,green,11329,T27
88,1,0,0,307,green,11329,T27
89,1,0,0,307,green,11329,T27
90,1,0,0,307,green,11329,T27
91,1,0,0,307,green,11329,T27
92,1,0,0,307,green,11329,T27
93,1,0,0,307,green,11329,T27
94,1,0,0,307,green,11329,T27
95,1,0,0,307,green,11329,T27
96,1,0,0,307,green,11329,T27
97,1,0,0,307,green,11329,T27
98,1,0,0,307,green,11329,T27
99,1,0,0,307,green,11329,T27
100,1,0,0,307,green,11329,T27
101,1,0,0,307,green,11329,T27
102,1,0,0,307,green,11329,T27
103,1,0,0,307,green,11329,T27
104,1,0,0,307,green,11329,T27
105,1,0,0,307,green,11329,T27
106,1,0,0,307,green,11329,T27
107,1,0,0,307,green,11329,T27
108,1,0,0,307,green,11329,T27
109,1,0,0,307,green,11329,T27
110,1,0,0,307,green,11329,T27
111,1,0,0,307,green,11329,T27
112,1,0,0,307,green,11329,T27
113,1,0,0,307,green,11329,T27
114,1,0,0,307,green,11329,T27
115,1,0,0,307,green,11329,T27
116,1,0,0,307,green,11329,T27
117,1,0,0,307,green,11329,T27
118,1,0,0,307,green,11329,T27
119,1,0,0,307,green,11329,T27
120,1,0,0,307,green,11329,T27
121,1,0,0,307,green,11329,T27
122,1,0,0,307,green,11329,T27
123,1,0,0,307,green,11329,T27
124,1,0,0,307,green,11329,T27
125,1,0,0,307,green,11329,T27
126,1,0,0,307,green,11329,T27
127,1,0,0,307,green,11329,T27
128,1,0,0,307,green,11329,T27
129,1,0,0,307,green,11329,T27
130,1,0,0,307,green,11329,T27
131,1,0,0,307,green,11329,T27
132,1,0,0,307,green,11329,T27
133,1,0,0,307,green,11329,T27
134,1,0,0,307,green,11329,T27
135,1,0,0,307,green,11329,T27
136,1,0,0,307,green,11329,T27
137,1,0,0,307,green,11329,T27
138,1,0,0,307,green,11329,T27
139,1,0,0,307,green,11329,T27
140,1,0,0,307,green,11329,T27
141,1,0,0,307,green,11329,T27
142,1,0,0,307,green,11329,T27
143,1,0,0,307,green,11329,T27
144,1,0,0,307,green,11329,T27
145,1,0,0,307,green,11329,T27
146,1,0,0,307,green,11329,T27
147,1,0,0,307,green,11329,T27
148,1,0,0,307,green,11329,T27
149,1,0,0,307,green,11329,T27
150,1,0,0,307,green,11329,T27
151,1,0,0,307,green,11329,T27
152,1,0,0,307,green,11329,T27
153,1,0,0,307,green,11329,T27
154,1,0,0,307,green,11329,T27
155,1,0,0,307,green,11329,T27
156,1,0,0,307,green,11329,T27
157,1,0,0,307,green,11329,T27
158,0,1,0,307,green,11329,T27
159,0,1,0,307,green,11329,T27
160,0,1,0,307,green,11329,T27
161,0,1,0,307,green,11329,T27
162,0,1,0,307,green,11329,T27
163,0,1,0,307,green,11329,T27
164,0,1,0,307,green,11329,T27
165,0,1,0,307,green,11329,T27
166,0,1,0,307,green,11329,T27
167,0,1,0,307,green,11329,T27
168,0,1,0,307,green,11329,T27
169,0,1,0,307,green,11329,T27
170,0,1,0,307,green,11329,T27
0,0,0,1,308,green,11809,T27
1,0,0,1,308,green,11809,T27
2,0,0,1,308,green,11809,T27
3,1,0,0,308,green,11809,T27
4,1,0,0,308,green,11809,T27
5,1,0,0,308,green,11809,T27
6,1,0,0,308,green,11809,T27
7,1,0,0,308,green,11809,T27
8,1,0,0,308,green,11809,T27
9,1,0,0,308,green,11809,T27
10,1,0,0,308,green,11809,T27
11,1,0,0,308,green,11809,T27
12,1,0,0,308,green,11809,T27
13,1,0,0,308,green,11809,T27
14,1,0,0,308,green,11809,T27
15,1,0,0,308,green,11809,T27
16,1,0,0,308,green,11809,T27
17,1,0,0,308,green,11809,T27
18,1,0,0,308,green,11809,T27
19,1,0,0,308,green,11809,T27
20,1,0,0,308,green,11809,T27
21,1,0,0,308,green,11809,T27
22,1,0,0,308,green,11809,T27
23,1,0,0,308,green,11809,T27
24,1,0,0,308,green,11809,T27
25,1,0,0,308,green,11809,T27
26,1,0,0,308,green,11809,T27
27,1,0,0,308,green,11809,T27
28,1,0,0,308,green,11809,T27
29,1,0,0,308,green,11809,T27
30,1,0,0,308,green,11809,T27
31,1,0,0,308,green,11809,T27
32,1,0,0,308,green,11809,T27
33,1,0,0,308,green,11809,T27
34,1,0,0,308,green,11809,T27
35,1,0,0,308,green,11809,T27
36,1,0,0,308,green,11809,T27
37,1,0,0,308,green,11809,T27
38,1,0,0,308,green,11809,T27
39,1,0,0,308,green,11809,T27
40,1,0,0,308,green,11809,T27
41,1,0,0,308,green,11809,T27
42,1,0,0,308,green,11809,T27
43,1,0,0,308,green,11809,T27
44,1,0,0,308,green,11809,T27
45,1,0,0,308,green,11809,T27
46,1,0,0,308,green,11809,T27
47,1,0,0,308,green,11809,T27
48,1,0,0,308,green,11809,T27
49,1,0,0,308,green,11809,T27
50,1,0,0,308,green,11809,T27
51,1,0,0,308,green,11809,T27
52,1,0,0,308,green,11809,T27
53,1,0,0,308,green,11809,T27
54,1,0,0,308,green,11809,T27
55,1,0,0,308,green,11809,T27
56,1,0,0,308,green,11809,T27
57,1,0,0,308,green,11809,T27
58,1,0,0,308,green,11809,T27
59,1,0,0,308,green,11809,T27
60,1,0,0,308,green,11809,T27
61,1,0,0,308,green,11809,T27
62,1,0,0,308,green,11809,T27
63,1,0,0,308,green,11809,T27
64,1,0,0,308,green,11809,T27
65,1,0,0,308,green,11809,T27
66,1,0,0,308,green,11809,T27
67,1,0,0,308,green,11809,T27
68,1,0,0,308,green,11809,T27
69,1,0,0,308,green,11809,T27
70,1,0,0,308,green,11809,T27
71,1,0,0,308,green,11809,T27
72,1,0,0,308,green,11809,T27
73,1,0,0,308,green,11809,T27
74,1,0,0,308,green,11809,T27
75,0,0,1,308,green,11809,T27
76,0,0,1,308,green,11809,T27
77,0,0,1,308,green,11809,T27
78,0,0,1,308,green,11809,T27
79,0,0,1,308,green,11809,T27
80,0,0,1,308,green,11809,T27
81,0,0,1,308,green,11809,T27
82,0,0,1,308,green,11809,T27
83,0,0,1,308,green,11809,T27
84,0,0,1,308,green,11809,T27
85,0,0,1,308,green,11809,T27
86,0,0,1,308,green,11809,T27
87,0,0,1,308,green,11809,T27
88,0,0,1,308,green,11809,T27
89,0,0,1,308,green,11809,T27
90,0,0,1,308,green,11809,T27
91,0,0,1,308,green,11809,T27
92,0,0,1,308,green,11809,T27
93,0,0,1,308,green,11809,T27
94,0,0,1,308,green,11809,T27
95,0,0,1,308,green,11809,T27
96,0,0,1,308,green,11809,T27
97,0,0,1,308,green,11809,T27
98,0,0,1,308,green,11809,T27
99,0,0,1,308,green,11809,T27
100,0,0,1,308,green,11809,T27
101,0,0,1,308,green,11809,T27
102,0,0,1,308,green,11809,T27
103,0,0,1,308,green,11809,T27
104,0,0,1,308,green,11809,T27
105,0,1,0,308,green,11809,T27
106,0,1,0,308,green,11809,T27
107,0,1,0,308,green,11809,T27
108,0,1,0,308,green,11809,T27
109,0,1,0,308,green,11809,T27
110,0,1,0,308,green,11809,T27
111,0,1,0,308,green,11809,T27
112,0,1,0,308,green,11809,T27
113,0,1,0,308,green,11809,T27
114,0,1,0,308,green,11809,T27
115,0,1,0,308,green,11809,T27
116,0,1,0,308,green,11809,T27
117,0,1,0,308,green,11809,T27
118,0,1,0,308,green,11809,T27
119,0,1,0,308,green,11809,T27
120,0,1,0,308,green,11809,T27
121,0,1,0,308,green,11809,T27
122,0,1,0,308,green,11809,T27
123,0,1,0,308,green,11809,T27
124,0,1,0,308,green,11809,T27
125,0,1,0,308,green,11809,T27
126,0,1,0,308,green,11809,T27
127,0,1,0,308,green,11809,T27
128,0,1,0,308,green,11809,T27
129,0,1,0,308,green,11809,T27
130,0,1,0,308,green,11809,T27
131,0,1,0,308,green,11809,T27
132,0,1,0,308,green,11809,T27
133,0,1,0,308,green,11809,T27
134,0,1,0,308,green,11809,T27
135,0,1,0,308,green,11809,T27
136,0,1,0,308,green,11809,T27
137,0,1,0,308,green,11809,T27
138,0,1,0,308,green,11809,T27
139,0,1,0,308,green,11809,T27
140,0,1,0,308,green,11809,T27
141,0,1,0,308,green,11809,T27
142,0,1,0,308,green,11809,T27
143,0,1,0,308,green,11809,T27
144,0,1,0,308,green,11809,T27
145,0,1,0,308,green,11809,T27
146,0,1,0,308,green,11809,T27
147,0,1,0,308,green,11809,T27
148,0,1,0,308,green,11809,T27
149,0,1,0,308,green,11809,T27
150,0,1,0,308,green,11809,T27
151,0,1,0,308,green,11809,T27
152,0,1,0,308,green,11809,T27
153,0,1,0,308,green,11809,T27
154,0,1,0,308,green,11809,T27
155,0,1,0,308,green,11809,T27
156,0,1,0,308,green,11809,T27
157,0,1,0,308,green,11809,T27
158,0,1,0,308,green,11809,T27
159,0,1,0,308,green,11809,T27
160,0,1,0,308,green,11809,T27
161,0,1,0,308,green,11809,T27
162,0,1,0,308,green,11809,T27
163,0,1,0,308,green,11809,T27
164,0,1,0,308,green,11809,T27
165,0,1,0,308,green,11809,T27
166,0,1,0,308,green,11809,T27
167,0,1,0,308,green,11809,T27
168,0,1,0,308,green,11809,T27
169,0,1,0,308,green,11809,T27
170,0,1,0,308,green,11809,T27
0,0,0,1,309,green,11615,T27
1,0,0,1,309,green,11615,T27
2,0,0,1,309,green,11615,T27
3,0,0,1,309,green,11615,T27
4,0,0,1,309,green,11615,T27
5,0,0,1,309,green,11615,T27
6,0,0,1,309,green,11615,T27
7,0,0,1,309,green,11615,T27
8,0,0,1,309,green,11615,T27
9,0,0,1,309,green,11615,T27
10,0,0,1,309,green,11615,T27
11,0,0,1,309,green,11615,T27
12,0,0,1,309,green,11615,T27
13,0,0,1,309,green,11615,T27
14,0,0,1,309,green,11615,T27
15,0,0,1,309,green,11615,T27
16,0,0,1,309,green,11615,T27
17,0,0,1,309,green,11615,T27
18,0,0,1,309,green,11615,T27
19,0,0,1,309,green,11615,T27
20,0,0,1,309,green,11615,T27
21,0,0,1,309,green,11615,T27
22,0,0,1,309,green,11615,T27
23,0,0,1,309,green,11615,T27
24,0,0,1,309,green,11615,T27
25,0,0,1,309,green,11615,T27
26,0,0,1,309,green,11615,T27
27,0,0,1,309,green,11615,T27
28,0,0,1,309,green,11615,T27
29,0,0,1,309,green,11615,T27
30,0,0,1,309,green,11615,T27
31,0,0,1,309,green,11615,T27
32,0,0,1,309,green,11615,T27
33,0,0,1,309,green,11615,T27
34,0,0,1,309,green,11615,T27
35,0,0,1,309,green,11615,T27
36,0,0,1,309,green,11615,T27
37,0,0,1,309,green,11615,T27
38,0,0,1,309,green,11615,T27
39,0,0,1,309,green,11615,T27
40,0,0,1,309,green,11615,T27
41,0,0,1,309,green,11615,T27
42,0,0,1,309,green,11615,T27
43,0,0,1,309,green,11615,T27
44,0,0,1,309,green,11615,T27
45,0,0,1,309,green,11615,T27
46,0,0,1,309,green,11615,T27
47,0,0,1,309,green,11615,T27
48,0,0,1,309,green,11615,T27
49,0,1,0,309,green,11615,T27
50,0,1,0,309,green,11615,T27
51,0,1,0,309,green,11615,T27
52,0,1,0,309,green,11615,T27
53,0,1,0,309,green,11615,T27
54,0,1,0,309,green,11615,T27
55,0,1,0,309,green,11615,T27
56,0,1,0,309,green,11615,T27
57,0,1,0,309,green,11615,T27
58,0,1,0,309,green,11615,T27
59,0,1,0,309,green,11615,T27
60,0,1,0,309,green,11615,T27
61,0,1,0,309,green,11615,T27
62,0,1,0,309,green,11615,T27
63,0,1,0,309,green,11615,T27
64,0,1,0,309,green,11615,T27
65,0,1,0,309,green,11615,T27
66,0,1,0,309,green,11615,T27
67,0,1,0,309,green,11615,T27
68,0,1,0,309,green,11615,T27
69,0,0,1,309,green,11615,T27
70,0,0,1,309,green,11615,T27
71,0,0,1,309,green,11615,T27
72,0,0,1,309,green,11615,T27
73,0,0,1,309,green,11615,T27
74,0,0,1,309,green,11615,T27
75,0,0,1,309,green,11615,T27
76,0,0,1,309,green,11615,T27
77,0,0,1,309,green,11615,T27
78,0,0,1,309,green,11615,T27
79,0,0,1,309,green,11615,T27
80,0,0,1,309,green,11615,T27
81,0,0,1,309,green,11615,T27
82,0,0,1,309,green,11615,T27
83,0,0,1,309,green,11615,T27
84,0,0,1,309,green,11615,T27
85,0,0,1,309,green,11615,T27
86,0,1,0,309,green,11615,T27
87,0,1,0,309,green,11615,T27
88,0,1,0,309,green,11615,T27
89,0,1,0,309,green,11615,T27
90,0,1,0,309,green,11615,T27
91,0,1,0,309,green,11615,T27
92,0,1,0,309,green,11615,T27
93,0,1,0,309,green,11615,T27
94,0,1,0,309,green,11615,T27
95,0,1,0,309,green,11615,T27
96,0,1,0,309,green,11615,T27
97,0,1,0,309,green,11615,T27
98,0,1,0,309,green,11615,T27
99,0,1,0,309,green,11615,T27
100,0,1,0,309,green,11615,T27
101,0,1,0,309,green,11615,T27
102,0,1,0,309,green,11615,T27
103,0,1,0,309,green,11615,T27
104,0,1,0,309,green,11615,T27
105,0,1,0,309,green,11615,T27
106,0,1,0,309,green,11615,T27
107,0,1,0,309,green,11615,T27
108,0,1,0,309,green,11615,T27
109,0,1,0,309,green,11615,T27
110,0,1,0,309,green,11615,T27
111,0,1,0,309,green,11615,T27
112,0,1,0,309,green,11615,T27
113,0,1,0,309,green,11615,T27
114,0,1,0,309,green,11615,T27
115,0,1,0,309,green,11615,T27
116,0,1,0,309,green,11615,T27
117,0,1,0,309,green,11615,T27
118,0,1,0,309,green,11615,T27
119,0,1,0,309,green,11615,T27
120,0,1,0,309,green,11615,T27
121,0,1,0,309,green,11615,T27
122,0,1,0,309,green,11615,T27
123,0,1,0,309,green,11615,T27
124,0,1,0,309,green,11615,T27
125,0,1,0,309,green,11615,T27
126,0,1,0,309,green,11615,T27
127,0,1,0,309,green,11615,T27
128,0,1,0,309,green,11615,T27
129,0,1,0,309,green,11615,T27
130,0,1,0,309,green,11615,T27
131,0,1,0,309,green,11615,T27
132,0,1,0,309,green,11615,T27
133,0,1,0,309,green,11615,T27
134,0,1,0,309,green,11615,T27
135,0,1,0,309,green,11615,T27
136,0,1,0,309,green,11615,T27
137,0,1,0,309,green,11615,T27
138,0,1,0,309,green,11615,T27
139,0,1,0,309,green,11615,T27
140,0,1,0,309,green,11615,T27
141,0,1,0,309,green,11615,T27
142,0,1,0,309,green,11615,T27
143,0,1,0,309,green,11615,T27
144,0,1,0,309,green,11615,T27
145,0,1,0,309,green,11615,T27
146,0,1,0,309,green,11615,T27
147,0,1,0,309,green,11615,T27
148,0,1,0,309,green,11615,T27
149,0,1,0,309,green,11615,T27
150,0,1,0,309,green,11615,T27
151,0,1,0,309,green,11615,T27
152,0,1,0,309,green,11615,T27
153,0,1,0,309,green,11615,T27
154,0,1,0,309,green,11615,T27
155,0,1,0,309,green,11615,T27
156,0,1,0,309,green,11615,T27
157,0,1,0,309,green,11615,T27
158,0,1,0,309,green,11615,T27
159,0,1,0,309,green,11615,T27
160,0,1,0,309,green,11615,T27
161,0,1,0,309,green,11615,T27
162,0,1,0,309,green,11615,T27
163,0,1,0,309,green,11615,T27
164,0,1,0,309,green,11615,T27
165,0,1,0,309,green,11615,T27
166,0,1,0,309,green,11615,T27
167,0,1,0,309,green,11615,T27
168,0,1,0,309,green,11615,T27
169,0,1,0,309,green,11615,T27
170,0,1,0,309,green,11615,T27
0,0,0,1,310,green,11828,T27
1,0,0,1,310,green,11828,T27
2,0,0,1,310,green,11828,T27
3,0,0,1,310,green,11828,T27
4,0,0,1,310,green,11828,T27
5,0,0,1,310,green,11828,T27
6,0,0,1,310,green,11828,T27
7,0,0,1,310,green,11828,T27
8,0,0,1,310,green,11828,T27
9,0,0,1,310,green,11828,T27
10,0,0,1,310,green,11828,T27
11,0,0,1,310,green,11828,T27
12,0,0,1,310,green,11828,T27
13,0,0,1,310,green,11828,T27
14,0,0,1,310,green,11828,T27
15,0,0,1,310,green,11828,T27
16,0,0,1,310,green,11828,T27
17,0,0,1,310,green,11828,T27
18,0,0,1,310,green,11828,T27
19,0,0,1,310,green,11828,T27
20,0,0,1,310,green,11828,T27
21,0,0,1,310,green,11828,T27
22,0,0,1,310,green,11828,T27
23,0,0,1,310,green,11828,T27
24,0,0,1,310,green,11828,T27
25,0,0,1,310,green,11828,T27
26,0,0,1,310,green,11828,T27
27,0,0,1,310,green,11828,T27
28,0,0,1,310,green,11828,T27
29,0,0,1,310,green,11828,T27
30,0,0,1,310,green,11828,T27
31,0,0,1,310,green,11828,T27
32,0,0,1,310,green,11828,T27
33,0,0,1,310,green,11828,T27
34,0,0,1,310,green,11828,T27
35,0,0,1,310,green,11828,T27
36,0,0,1,310,green,11828,T27
37,0,0,1,310,green,11828,T27
38,0,0,1,310,green,11828,T27
39,0,0,1,310,green,11828,T27
40,0,0,1,310,green,11828,T27
41,0,0,1,310,green,11828,T27
42,0,0,1,310,green,11828,T27
43,0,0,1,310,green,11828,T27
44,0,0,1,310,green,11828,T27
45,0,0,1,310,green,11828,T27
46,0,0,1,310,green,11828,T27
47,0,0,1,310,green,11828,T27
48,0,0,1,310,green,11828,T27
49,0,0,1,310,green,11828,T27
50,0,0,1,310,green,11828,T27
51,0,0,1,310,green,11828,T27
52,0,0,1,310,green,11828,T27
53,0,0,1,310,green,11828,T27
54,0,0,1,310,green,11828,T27
55,0,0,1,310,green,11828,T27
56,0,0,1,310,green,11828,T27
57,0,0,1,310,green,11828,T27
58,0,0,1,310,green,11828,T27
59,0,0,1,310,green,11828,T27
60,0,0,1,310,green,11828,T27
61,0,0,1,310,green,11828,T27
62,0,0,1,310,green,11828,T27
63,0,0,1,310,green,11828,T27
64,0,0,1,310,green,11828,T27
65,0,0,1,310,green,11828,T27
66,0,0,1,310,green,11828,T27
67,0,0,1,310,green,11828,T27
68,0,0,1,310,green,11828,T27
69,0,0,1,310,green,11828,T27
70,0,0,1,310,green,11828,T27
71,0,0,1,310,green,11828,T27
72,0,0,1,310,green,11828,T27
73,0,0,1,310,green,11828,T27
74,0,0,1,310,green,11828,T27
75,0,0,1,310,green,11828,T27
76,0,0,1,310,green,11828,T27
77,0,0,1,310,green,11828,T27
78,0,0,1,310,green,11828,T27
79,0,0,1,310,green,11828,T27
80,0,0,1,310,green,11828,T27
81,0,0,1,310,green,11828,T27
82,0,0,1,310,green,11828,T27
83,0,0,1,310,green,11828,T27
84,0,0,1,310,green,11828,T27
85,0,0,1,310,green,11828,T27
86,0,0,1,310,green,11828,T27
87,0,0,1,310,green,11828,T27
88,0,0,1,310,green,11828,T27
89,0,0,1,310,green,11828,T27
90,0,0,1,310,green,11828,T27
91,0,0,1,310,green,11828,T27
92,0,0,1,310,green,11828,T27
93,0,0,1,310,green,11828,T27
94,0,0,1,310,green,11828,T27
95,0,0,1,310,green,11828,T27
96,0,0,1,310,green,11828,T27
97,0,0,1,310,green,11828,T27
98,0,0,1,310,green,11828,T27
99,0,0,1,310,green,11828,T27
100,0,0,1,310,green,11828,T27
101,0,0,1,310,green,11828,T27
102,0,0,1,310,green,11828,T27
103,0,0,1,310,green,11828,T27
104,0,0,1,310,green,11828,T27
105,0,0,1,310,green,11828,T27
106,0,0,1,310,green,11828,T27
107,0,0,1,310,green,11828,T27
108,0,0,1,310,green,11828,T27
109,0,0,1,310,green,11828,T27
110,0,0,1,310,green,11828,T27
111,0,0,1,310,green,11828,T27
112,0,0,1,310,green,11828,T27
113,0,0,1,310,green,11828,T27
114,0,0,1,310,green,11828,T27
115,0,0,1,310,green,11828,T27
116,0,0,1,310,green,11828,T27
117,0,0,1,310,green,11828,T27
118,0,0,1,310,green,11828,T27
119,0,0,1,310,green,11828,T27
120,0,0,1,310,green,11828,T27
121,0,0,1,310,green,11828,T27
122,0,0,1,310,green,11828,T27
123,0,0,1,310,green,11828,T27
124,0,0,1,310,green,11828,T27
125,0,0,1,310,green,11828,T27
126,0,0,1,310,green,11828,T27
127,0,0,1,310,green,11828,T27
128,0,0,1,310,green,11828,T27
129,0,0,1,310,green,11828,T27
130,0,0,1,310,green,11828,T27
131,0,0,1,310,green,11828,T27
132,0,0,1,310,green,11828,T27
133,0,0,1,310,green,11828,T27
134,0,0,1,310,green,11828,T27
135,0,0,1,310,green,11828,T27
136,0,0,1,310,green,11828,T27
137,0,0,1,310,green,11828,T27
138,0,0,1,310,green,11828,T27
139,0,0,1,310,green,11828,T27
140,0,0,1,310,green,11828,T27
141,0,0,1,310,green,11828,T27
142,0,0,1,310,green,11828,T27
143,0,0,1,310,green,11828,T27
144,0,0,1,310,green,11828,T27
145,0,0,1,310,green,11828,T27
146,0,0,1,310,green,11828,T27
147,0,0,1,310,green,11828,T27
148,0,0,1,310,green,11828,T27
149,0,0,1,310,green,11828,T27
150,0,0,1,310,green,11828,T27
151,0,0,1,310,green,11828,T27
152,0,0,1,310,green,11828,T27
153,0,0,1,310,green,11828,T27
154,0,0,1,310,green,11828,T27
155,0,0,1,310,green,11828,T27
156,0,0,1,310,green,11828,T27
157,0,0,1,310,green,11828,T27
158,0,0,1,310,green,11828,T27
159,0,0,1,310,green,11828,T27
160,0,0,1,310,green,11828,T27
161,0,0,1,310,green,11828,T27
162,0,0,1,310,green,11828,T27
163,0,0,1,310,green,11828,T27
164,1,0,0,310,green,11828,T27
165,1,0,0,310,green,11828,T27
166,1,0,0,310,green,11828,T27
167,0,0,1,310,green,11828,T27
168,0,1,0,310,green,11828,T27
169,0,1,0,310,green,11828,T27
170,0,1,0,310,green,11828,T27
0,0,0,1,313,green,11883,T27
1,0,0,1,313,green,11883,T27
2,0,0,1,313,green,11883,T27
3,0,0,1,313,green,11883,T27
4,0,0,1,313,green,11883,T27
5,0,0,1,313,green,11883,T27
6,0,0,1,313,green,11883,T27
7,0,0,1,313,green,11883,T27
8,0,0,1,313,green,11883,T27
9,0,0,1,313,green,11883,T27
10,0,0,1,313,green,11883,T27
11,0,0,1,313,green,11883,T27
12,0,0,1,313,green,11883,T27
13,0,0,1,313,green,11883,T27
14,0,0,1,313,green,11883,T27
15,0,0,1,313,green,11883,T27
16,0,0,1,313,green,11883,T27
17,0,0,1,313,green,11883,T27
18,0,0,1,313,green,11883,T27
19,0,0,1,313,green,11883,T27
20,0,0,1,313,green,11883,T27
21,0,0,1,313,green,11883,T27
22,0,0,1,313,green,11883,T27
23,0,0,1,313,green,11883,T27
24,0,0,1,313,green,11883,T27
25,0,0,1,313,green,11883,T27
26,0,0,1,313,green,11883,T27
27,0,0,1,313,green,11883,T27
28,0,0,1,313,green,11883,T27
29,0,0,1,313,green,11883,T27
30,0,0,1,313,green,11883,T27
31,0,0,1,313,green,11883,T27
32,0,0,1,313,green,11883,T27
33,0,0,1,313,green,11883,T27
34,0,0,1,313,green,11883,T27
35,0,0,1,313,green,11883,T27
36,0,0,1,313,green,11883,T27
37,1,0,0,313,green,11883,T27
38,1,0,0,313,green,11883,T27
39,1,0,0,313,green,11883,T27
40,1,0,0,313,green,11883,T27
41,1,0,0,313,green,11883,T27
42,1,0,0,313,green,11883,T27
43,1,0,0,313,green,11883,T27
44,1,0,0,313,green,11883,T27
45,0,0,1,313,green,11883,T27
46,0,0,1,313,green,11883,T27
47,0,1,0,313,green,11883,T27
48,0,1,0,313,green,11883,T27
49,0,1,0,313,green,11883,T27
50,0,1,0,313,green,11883,T27
51,0,1,0,313,green,11883,T27
52,0,1,0,313,green,11883,T27
53,0,1,0,313,green,11883,T27
54,0,1,0,313,green,11883,T27
55,0,1,0,313,green,11883,T27
56,0,1,0,313,green,11883,T27
57,0,1,0,313,green,11883,T27
58,0,1,0,313,green,11883,T27
59,0,1,0,313,green,11883,T27
60,0,1,0,313,green,11883,T27
61,0,1,0,313,green,11883,T27
62,0,1,0,313,green,11883,T27
63,0,1,0,313,green,11883,T27
64,0,1,0,313,green,11883,T27
65,0,1,0,313,green,11883,T27
66,0,1,0,313,green,11883,T27
67,0,1,0,313,green,11883,T27
68,0,1,0,313,green,11883,T27
69,0,1,0,313,green,11883,T27
70,0,1,0,313,green,11883,T27
71,0,1,0,313,green,11883,T27
72,0,1,0,313,green,11883,T27
73,0,1,0,313,green,11883,T27
74,0,1,0,313,green,11883,T27
75,0,1,0,313,green,11883,T27
76,0,1,0,313,green,11883,T27
77,0,1,0,313,green,11883,T27
78,0,1,0,313,green,11883,T27
79,0,1,0,313,green,11883,T27
80,0,1,0,313,green,11883,T27
81,0,1,0,313,green,11883,T27
82,0,1,0,313,green,11883,T27
83,0,1,0,313,green,11883,T27
84,0,1,0,313,green,11883,T27
85,0,1,0,313,green,11883,T27
86,0,1,0,313,green,11883,T27
87,0,1,0,313,green,11883,T27
88,0,1,0,313,green,11883,T27
89,0,1,0,313,green,11883,T27
90,0,1,0,313,green,11883,T27
91,0,1,0,313,green,11883,T27
92,0,1,0,313,green,11883,T27
93,0,1,0,313,green,11883,T27
94,0,1,0,313,green,11883,T27
95,0,1,0,313,green,11883,T27
96,0,1,0,313,green,11883,T27
97,0,1,0,313,green,11883,T27
98,0,1,0,313,green,11883,T27
99,0,1,0,313,green,11883,T27
100,0,1,0,313,green,11883,T27
101,0,1,0,313,green,11883,T27
102,0,1,0,313,green,11883,T27
103,0,1,0,313,green,11883,T27
104,0,1,0,313,green,11883,T27
105,0,1,0,313,green,11883,T27
106,0,1,0,313,green,11883,T27
107,0,1,0,313,green,11883,T27
108,0,1,0,313,green,11883,T27
109,0,1,0,313,green,11883,T27
110,0,1,0,313,green,11883,T27
111,0,1,0,313,green,11883,T27
112,0,1,0,313,green,11883,T27
113,0,1,0,313,green,11883,T27
114,0,1,0,313,green,11883,T27
115,0,1,0,313,green,11883,T27
116,0,1,0,313,green,11883,T27
117,0,1,0,313,green,11883,T27
118,0,1,0,313,green,11883,T27
119,0,1,0,313,green,11883,T27
120,0,1,0,313,green,11883,T27
121,0,1,0,313,green,11883,T27
122,0,1,0,313,green,11883,T27
123,0,1,0,313,green,11883,T27
124,0,1,0,313,green,11883,T27
125,0,1,0,313,green,11883,T27
126,0,1,0,313,green,11883,T27
127,0,1,0,313,green,11883,T27
128,0,1,0,313,green,11883,T27
129,0,1,0,313,green,11883,T27
130,0,1,0,313,green,11883,T27
131,0,1,0,313,green,11883,T27
132,0,1,0,313,green,11883,T27
133,0,1,0,313,green,11883,T27
134,0,1,0,313,green,11883,T27
135,0,1,0,313,green,11883,T27
136,0,1,0,313,green,11883,T27
137,0,1,0,313,green,11883,T27
138,0,1,0,313,green,11883,T27
139,0,1,0,313,green,11883,T27
140,0,1,0,313,green,11883,T27
141,0,1,0,313,green,11883,T27
142,0,1,0,313,green,11883,T27
143,0,1,0,313,green,11883,T27
144,0,1,0,313,green,11883,T27
145,0,1,0,313,green,11883,T27
146,0,1,0,313,green,11883,T27
147,0,1,0,313,green,11883,T27
148,0,1,0,313,green,11883,T27
149,0,1,0,313,green,11883,T27
150,0,1,0,313,green,11883,T27
151,0,1,0,313,green,11883,T27
152,0,1,0,313,green,11883,T27
153,0,1,0,313,green,11883,T27
154,0,1,0,313,green,11883,T27
155,0,1,0,313,green,11883,T27
156,0,1,0,313,green,11883,T27
157,0,1,0,313,green,11883,T27
158,0,1,0,313,green,11883,T27
159,0,1,0,313,green,11883,T27
160,0,1,0,313,green,11883,T27
161,0,1,0,313,green,11883,T27
162,0,1,0,313,green,11883,T27
163,0,1,0,313,green,11883,T27
164,0,1,0,313,green,11883,T27
165,0,1,0,313,green,11883,T27
166,0,1,0,313,green,11883,T27
167,0,1,0,313,green,11883,T27
168,0,1,0,313,green,11883,T27
169,0,1,0,313,green,11883,T27
170,0,1,0,313,green,11883,T27
0,0,0,1,314,green,11646,T27
1,0,0,1,314,green,11646,T27
2,0,0,1,314,green,11646,T27
3,0,0,1,314,green,11646,T27
4,0,0,1,314,green,11646,T27
5,0,0,1,314,green,11646,T27
6,0,0,1,314,green,11646,T27
7,0,0,1,314,green,11646,T27
8,0,0,1,314,green,11646,T27
9,0,0,1,314,green,11646,T27
10,0,0,1,314,green,11646,T27
11,0,0,1,314,green,11646,T27
12,0,0,1,314,green,11646,T27
13,0,0,1,314,green,11646,T27
14,0,0,1,314,green,11646,T27
15,0,0,1,314,green,11646,T27
16,0,0,1,314,green,11646,T27
17,0,0,1,314,green,11646,T27
18,0,0,1,314,green,11646,T27
19,0,0,1,314,green,11646,T27
20,0,0,1,314,green,11646,T27
21,0,0,1,314,green,11646,T27
22,0,0,1,314,green,11646,T27
23,0,0,1,314,green,11646,T27
24,0,0,1,314,green,11646,T27
25,0,0,1,314,green,11646,T27
26,0,0,1,314,green,11646,T27
27,0,0,1,314,green,11646,T27
28,0,0,1,314,green,11646,T27
29,0,0,1,314,green,11646,T27
30,0,0,1,314,green,11646,T27
31,0,0,1,314,green,11646,T27
32,0,0,1,314,green,11646,T27
33,0,0,1,314,green,11646,T27
34,0,1,0,314,green,11646,T27
35,0,1,0,314,green,11646,T27
36,0,1,0,314,green,11646,T27
37,0,1,0,314,green,11646,T27
38,0,1,0,314,green,11646,T27
39,0,1,0,314,green,11646,T27
40,0,1,0,314,green,11646,T27
41,0,1,0,314,green,11646,T27
42,0,1,0,314,green,11646,T27
43,0,1,0,314,green,11646,T27
44,0,1,0,314,green,11646,T27
45,0,1,0,314,green,11646,T27
46,0,1,0,314,green,11646,T27
47,0,1,0,314,green,11646,T27
48,0,1,0,314,green,11646,T27
49,0,1,0,314,green,11646,T27
50,0,1,0,314,green,11646,T27
51,0,1,0,314,green,11646,T27
52,0,1,0,314,green,11646,T27
53,0,1,0,314,green,11646,T27
54,0,1,0,314,green,11646,T27
55,0,1,0,314,green,11646,T27
56,0,1,0,314,green,11646,T27
57,0,1,0,314,green,11646,T27
58,0,1,0,314,green,11646,T27
59,0,1,0,314,green,11646,T27
60,0,1,0,314,green,11646,T27
61,0,1,0,314,green,11646,T27
62,0,1,0,314,green,11646,T27
63,0,1,0,314,green,11646,T27
64,0,1,0,314,green,11646,T27
65,0,1,0,314,green,11646,T27
66,0,1,0,314,green,11646,T27
67,0,1,0,314,green,11646,T27
68,0,1,0,314,green,11646,T27
69,0,1,0,314,green,11646,T27
70,0,1,0,314,green,11646,T27
71,0,1,0,314,green,11646,T27
72,0,1,0,314,green,11646,T27
73,0,1,0,314,green,11646,T27
74,0,1,0,314,green,11646,T27
75,0,1,0,314,green,11646,T27
76,0,1,0,314,green,11646,T27
77,0,1,0,314,green,11646,T27
78,0,1,0,314,green,11646,T27
79,0,0,1,314,green,11646,T27
80,0,0,1,314,green,11646,T27
81,0,0,1,314,green,11646,T27
82,0,0,1,314,green,11646,T27
83,1,0,0,314,green,11646,T27
84,1,0,0,314,green,11646,T27
85,1,0,0,314,green,11646,T27
86,1,0,0,314,green,11646,T27
87,1,0,0,314,green,11646,T27
88,1,0,0,314,green,11646,T27
89,1,0,0,314,green,11646,T27
90,1,0,0,314,green,11646,T27
91,1,0,0,314,green,11646,T27
92,1,0,0,314,green,11646,T27
93,1,0,0,314,green,11646,T27
94,1,0,0,314,green,11646,T27
95,1,0,0,314,green,11646,T27
96,1,0,0,314,green,11646,T27
97,1,0,0,314,green,11646,T27
98,1,0,0,314,green,11646,T27
99,1,0,0,314,green,11646,T27
100,1,0,0,314,green,11646,T27
101,1,0,0,314,green,11646,T27
102,1,0,0,314,green,11646,T27
103,1,0,0,314,green,11646,T27
104,1,0,0,314,green,11646,T27
105,1,0,0,314,green,11646,T27
106,1,0,0,314,green,11646,T27
107,1,0,0,314,green,11646,T27
108,1,0,0,314,green,11646,T27
109,1,0,0,314,green,11646,T27
110,1,0,0,314,green,11646,T27
111,1,0,0,314,green,11646,T27
112,1,0,0,314,green,11646,T27
113,1,0,0,314,green,11646,T27
114,1,0,0,314,green,11646,T27
115,1,0,0,314,green,11646,T27
116,1,0,0,314,green,11646,T27
117,1,0,0,314,green,11646,T27
118,1,0,0,314,green,11646,T27
119,1,0,0,314,green,11646,T27
120,1,0,0,314,green,11646,T27
121,1,0,0,314,green,11646,T27
122,1,0,0,314,green,11646,T27
123,1,0,0,314,green,11646,T27
124,1,0,0,314,green,11646,T27
125,1,0,0,314,green,11646,T27
126,1,0,0,314,green,11646,T27
127,1,0,0,314,green,11646,T27
128,1,0,0,314,green,11646,T27
129,1,0,0,314,green,11646,T27
130,1,0,0,314,green,11646,T27
131,1,0,0,314,green,11646,T27
132,1,0,0,314,green,11646,T27
133,1,0,0,314,green,11646,T27
134,1,0,0,314,green,11646,T27
135,0,0,1,314,green,11646,T27
136,0,0,1,314,green,11646,T27
137,0,0,1,314,green,11646,T27
138,0,0,1,314,green,11646,T27
139,0,0,1,314,green,11646,T27
140,0,1,0,314,green,11646,T27
141,0,1,0,314,green,11646,T27
142,0,1,0,314,green,11646,T27
143,0,1,0,314,green,11646,T27
144,0,1,0,314,green,11646,T27
145,0,1,0,314,green,11646,T27
146,0,1,0,314,green,11646,T27
147,0,1,0,314,green,11646,T27
148,0,1,0,314,green,11646,T27
149,0,1,0,314,green,11646,T27
150,0,1,0,314,green,11646,T27
151,0,1,0,314,green,11646,T27
152,0,1,0,314,green,11646,T27
153,0,1,0,314,green,11646,T27
154,0,1,0,314,green,11646,T27
155,0,1,0,314,green,11646,T27
156,0,1,0,314,green,11646,T27
157,0,1,0,314,green,11646,T27
158,0,1,0,314,green,11646,T27
159,0,1,0,314,green,11646,T27
160,0,1,0,314,green,11646,T27
161,0,1,0,314,green,11646,T27
162,0,1,0,314,green,11646,T27
163,0,1,0,314,green,11646,T27
164,0,1,0,314,green,11646,T27
165,0,1,0,314,green,11646,T27
166,0,1,0,314,green,11646,T27
167,0,1,0,314,green,11646,T27
168,0,1,0,314,green,11646,T27
169,0,1,0,314,green,11646,T27
170,0,1,0,314,green,11646,T27
0,0,0,1,315,green,11680,T27
1,0,0,1,315,green,11680,T27
2,0,0,1,315,green,11680,T27
3,0,0,1,315,green,11680,T27
4,0,0,1,315,green,11680,T27
5,0,0,1,315,green,11680,T27
6,0,0,1,315,green,11680,T27
7,0,0,1,315,green,11680,T27
8,0,0,1,315,green,11680,T27
9,0,0,1,315,green,11680,T27
10,0,0,1,315,green,11680,T27
11,0,0,1,315,green,11680,T27
12,0,0,1,315,green,11680,T27
13,0,0,1,315,green,11680,T27
14,0,0,1,315,green,11680,T27
15,0,0,1,315,green,11680,T27
16,0,0,1,315,green,11680,T27
17,0,0,1,315,green,11680,T27
18,0,0,1,315,green,11680,T27
19,0,0,1,315,green,11680,T27
20,0,0,1,315,green,11680,T27
21,0,0,1,315,green,11680,T27
22,0,0,1,315,green,11680,T27
23,0,0,1,315,green,11680,T27
24,0,0,1,315,green,11680,T27
25,0,0,1,315,green,11680,T27
26,0,0,1,315,green,11680,T27
27,0,0,1,315,green,11680,T27
28,0,0,1,315,green,11680,T27
29,0,0,1,315,green,11680,T27
30,0,0,1,315,green,11680,T27
31,0,0,1,315,green,11680,T27
32,0,0,1,315,green,11680,T27
33,0,1,0,315,green,11680,T27
34,0,1,0,315,green,11680,T27
35,0,1,0,315,green,11680,T27
36,0,1,0,315,green,11680,T27
37,0,1,0,315,green,11680,T27
38,0,1,0,315,green,11680,T27
39,0,1,0,315,green,11680,T27
40,0,1,0,315,green,11680,T27
41,0,1,0,315,green,11680,T27
42,0,1,0,315,green,11680,T27
43,0,1,0,315,green,11680,T27
44,0,1,0,315,green,11680,T27
45,0,1,0,315,green,11680,T27
46,0,1,0,315,green,11680,T27
47,0,1,0,315,green,11680,T27
48,0,1,0,315,green,11680,T27
49,0,1,0,315,green,11680,T27
50,0,1,0,315,green,11680,T27
51,0,1,0,315,green,11680,T27
52,0,1,0,315,green,11680,T27
53,0,1,0,315,green,11680,T27
54,0,1,0,315,green,11680,T27
55,0,1,0,315,green,11680,T27
56,0,1,0,315,green,11680,T27
57,0,1,0,315,green,11680,T27
58,0,1,0,315,green,11680,T27
59,0,1,0,315,green,11680,T27
60,0,1,0,315,green,11680,T27
61,0,1,0,315,green,11680,T27
62,0,1,0,315,green,11680,T27
63,0,1,0,315,green,11680,T27
64,0,1,0,315,green,11680,T27
65,0,1,0,315,green,11680,T27
66,0,1,0,315,green,11680,T27
67,0,1,0,315,green,11680,T27
68,0,1,0,315,green,11680,T27
69,0,1,0,315,green,11680,T27
70,0,1,0,315,green,11680,T27
71,0,1,0,315,green,11680,T27
72,0,1,0,315,green,11680,T27
73,0,1,0,315,green,11680,T27
74,0,1,0,315,green,11680,T27
75,0,1,0,315,green,11680,T27
76,0,1,0,315,green,11680,T27
77,0,1,0,315,green,11680,T27
78,0,1,0,315,green,11680,T27
79,0,1,0,315,green,11680,T27
80,0,1,0,315,green,11680,T27
81,0,1,0,315,green,11680,T27
82,0,1,0,315,green,11680,T27
83,0,1,0,315,green,11680,T27
84,0,1,0,315,green,11680,T27
85,0,1,0,315,green,11680,T27
86,0,1,0,315,green,11680,T27
87,0,1,0,315,green,11680,T27
88,0,1,0,315,green,11680,T27
89,0,1,0,315,green,11680,T27
90,0,1,0,315,green,11680,T27
91,0,1,0,315,green,11680,T27
92,0,1,0,315,green,11680,T27
93,0,1,0,315,green,11680,T27
94,0,1,0,315,green,11680,T27
95,0,1,0,315,green,11680,T27
96,0,1,0,315,green,11680,T27
97,0,1,0,315,green,11680,T27
98,0,1,0,315,green,11680,T27
99,0,1,0,315,green,11680,T27
100,0,1,0,315,green,11680,T27
101,0,1,0,315,green,11680,T27
102,0,1,0,315,green,11680,T27
103,0,1,0,315,green,11680,T27
104,0,1,0,315,green,11680,T27
105,0,1,0,315,green,11680,T27
106,0,1,0,315,green,11680,T27
107,0,1,0,315,green,11680,T27
108,0,1,0,315,green,11680,T27
109,0,1,0,315,green,11680,T27
110,0,1,0,315,green,11680,T27
111,0,1,0,315,green,11680,T27
112,0,1,0,315,green,11680,T27
113,0,1,0,315,green,11680,T27
114,0,1,0,315,green,11680,T27
115,0,1,0,315,green,11680,T27
116,0,1,0,315,green,11680,T27
117,0,1,0,315,green,11680,T27
118,0,1,0,315,green,11680,T27
119,0,1,0,315,green,11680,T27
120,0,1,0,315,green,11680,T27
121,0,1,0,315,green,11680,T27
122,0,1,0,315,green,11680,T27
123,0,1,0,315,green,11680,T27
124,0,1,0,315,green,11680,T27
125,0,1,0,315,green,11680,T27
126,0,1,0,315,green,11680,T27
127,0,1,0,315,green,11680,T27
128,0,1,0,315,green,11680,T27
129,0,1,0,315,green,11680,T27
130,0,1,0,315,green,11680,T27
131,0,1,0,315,green,11680,T27
132,0,1,0,315,green,11680,T27
133,0,1,0,315,green,11680,T27
134,0,1,0,315,green,11680,T27
135,0,1,0,315,green,11680,T27
136,0,1,0,315,green,11680,T27
137,0,1,0,315,green,11680,T27
138,0,1,0,315,green,11680,T27
139,0,1,0,315,green,11680,T27
140,0,1,0,315,green,11680,T27
141,0,1,0,315,green,11680,T27
142,0,1,0,315,green,11680,T27
143,0,1,0,315,green,11680,T27
144,0,1,0,315,green,11680,T27
145,0,1,0,315,green,11680,T27
146,0,1,0,315,green,11680,T27
147,0,1,0,315,green,11680,T27
148,0,1,0,315,green,11680,T27
149,0,1,0,315,green,11680,T27
150,0,1,0,315,green,11680,T27
151,0,1,0,315,green,11680,T27
152,0,1,0,315,green,11680,T27
153,0,1,0,315,green,11680,T27
154,0,1,0,315,green,11680,T27
155,0,1,0,315,green,11680,T27
156,0,1,0,315,green,11680,T27
157,0,1,0,315,green,11680,T27
158,0,1,0,315,green,11680,T27
159,0,1,0,315,green,11680,T27
160,0,1,0,315,green,11680,T27
161,0,1,0,315,green,11680,T27
162,0,1,0,315,green,11680,T27
163,0,1,0,315,green,11680,T27
164,0,1,0,315,green,11680,T27
165,0,1,0,315,green,11680,T27
166,0,1,0,315,green,11680,T27
167,0,1,0,315,green,11680,T27
168,0,1,0,315,green,11680,T27
169,0,1,0,315,green,11680,T27
170,0,1,0,315,green,11680,T27
0,0,0,1,316,green,11585,T27
1,0,0,1,316,green,11585,T27
2,0,0,1,316,green,11585,T27
3,0,0,1,316,green,11585,T27
4,0,0,1,316,green,11585,T27
5,0,0,1,316,green,11585,T27
6,0,0,1,316,green,11585,T27
7,0,0,1,316,green,11585,T27
8,0,0,1,316,green,11585,T27
9,0,0,1,316,green,11585,T27
10,0,0,1,316,green,11585,T27
11,0,0,1,316,green,11585,T27
12,0,0,1,316,green,11585,T27
13,0,0,1,316,green,11585,T27
14,0,0,1,316,green,11585,T27
15,0,0,1,316,green,11585,T27
16,0,0,1,316,green,11585,T27
17,0,0,1,316,green,11585,T27
18,0,0,1,316,green,11585,T27
19,0,0,1,316,green,11585,T27
20,0,0,1,316,green,11585,T27
21,0,0,1,316,green,11585,T27
22,0,0,1,316,green,11585,T27
23,0,0,1,316,green,11585,T27
24,0,0,1,316,green,11585,T27
25,0,0,1,316,green,11585,T27
26,0,0,1,316,green,11585,T27
27,0,0,1,316,green,11585,T27
28,0,0,1,316,green,11585,T27
29,0,0,1,316,green,11585,T27
30,0,0,1,316,green,11585,T27
31,0,0,1,316,green,11585,T27
32,0,0,1,316,green,11585,T27
33,0,0,1,316,green,11585,T27
34,0,0,1,316,green,11585,T27
35,0,0,1,316,green,11585,T27
36,0,0,1,316,green,11585,T27
37,0,0,1,316,green,11585,T27
38,0,0,1,316,green,11585,T27
39,0,0,1,316,green,11585,T27
40,0,0,1,316,green,11585,T27
41,0,0,1,316,green,11585,T27
42,0,0,1,316,green,11585,T27
43,0,0,1,316,green,11585,T27
44,0,0,1,316,green,11585,T27
45,0,0,1,316,green,11585,T27
46,0,0,1,316,green,11585,T27
47,0,0,1,316,green,11585,T27
48,0,0,1,316,green,11585,T27
49,0,0,1,316,green,11585,T27
50,0,0,1,316,green,11585,T27
51,0,0,1,316,green,11585,T27
52,0,0,1,316,green,11585,T27
53,0,0,1,316,green,11585,T27
54,0,0,1,316,green,11585,T27
55,0,0,1,316,green,11585,T27
56,0,0,1,316,green,11585,T27
57,0,0,1,316,green,11585,T27
58,0,0,1,316,green,11585,T27
59,0,0,1,316,green,11585,T27
60,0,0,1,316,green,11585,T27
61,0,0,1,316,green,11585,T27
62,0,0,1,316,green,11585,T27
63,0,0,1,316,green,11585,T27
64,0,0,1,316,green,11585,T27
65,0,0,1,316,green,11585,T27
66,0,0,1,316,green,11585,T27
67,0,0,1,316,green,11585,T27
68,0,0,1,316,green,11585,T27
69,0,0,1,316,green,11585,T27
70,0,0,1,316,green,11585,T27
71,0,0,1,316,green,11585,T27
72,0,0,1,316,green,11585,T27
73,0,0,1,316,green,11585,T27
74,0,0,1,316,green,11585,T27
75,0,0,1,316,green,11585,T27
76,0,0,1,316,green,11585,T27
77,0,0,1,316,green,11585,T27
78,0,0,1,316,green,11585,T27
79,0,0,1,316,green,11585,T27
80,0,0,1,316,green,11585,T27
81,0,0,1,316,green,11585,T27
82,0,0,1,316,green,11585,T27
83,0,0,1,316,green,11585,T27
84,0,0,1,316,green,11585,T27
85,0,0,1,316,green,11585,T27
86,0,1,0,316,green,11585,T27
87,0,1,0,316,green,11585,T27
88,0,1,0,316,green,11585,T27
89,0,1,0,316,green,11585,T27
90,0,1,0,316,green,11585,T27
91,0,1,0,316,green,11585,T27
92,0,1,0,316,green,11585,T27
93,0,1,0,316,green,11585,T27
94,0,1,0,316,green,11585,T27
95,0,1,0,316,green,11585,T27
96,0,1,0,316,green,11585,T27
97,0,1,0,316,green,11585,T27
98,0,1,0,316,green,11585,T27
99,0,1,0,316,green,11585,T27
100,0,1,0,316,green,11585,T27
101,0,1,0,316,green,11585,T27
102,0,1,0,316,green,11585,T27
103,0,1,0,316,green,11585,T27
104,0,1,0,316,green,11585,T27
105,0,1,0,316,green,11585,T27
106,0,1,0,316,green,11585,T27
107,0,1,0,316,green,11585,T27
108,0,1,0,316,green,11585,T27
109,0,1,0,316,green,11585,T27
110,0,1,0,316,green,11585,T27
111,0,1,0,316,green,11585,T27
112,0,1,0,316,green,11585,T27
113,0,1,0,316,green,11585,T27
114,0,0,1,316,green,11585,T27
115,1,0,0,316,green,11585,T27
116,1,0,0,316,green,11585,T27
117,1,0,0,316,green,11585,T27
118,1,0,0,316,green,11585,T27
119,1,0,0,316,green,11585,T27
120,1,0,0,316,green,11585,T27
121,1,0,0,316,green,11585,T27
122,1,0,0,316,green,11585,T27
123,1,0,0,316,green,11585,T27
124,1,0,0,316,green,11585,T27
125,1,0,0,316,green,11585,T27
126,1,0,0,316,green,11585,T27
127,1,0,0,316,green,11585,T27
128,1,0,0,316,green,11585,T27
129,1,0,0,316,green,11585,T27
130,1,0,0,316,green,11585,T27
131,1,0,0,316,green,11585,T27
132,1,0,0,316,green,11585,T27
133,1,0,0,316,green,11585,T27
134,1,0,0,316,green,11585,T27
135,1,0,0,316,green,11585,T27
136,1,0,0,316,green,11585,T27
137,1,0,0,316,green,11585,T27
138,1,0,0,316,green,11585,T27
139,1,0,0,316,green,11585,T27
140,1,0,0,316,green,11585,T27
141,1,0,0,316,green,11585,T27
142,1,0,0,316,green,11585,T27
143,1,0,0,316,green,11585,T27
144,1,0,0,316,green,11585,T27
145,1,0,0,316,green,11585,T27
146,1,0,0,316,green,11585,T27
147,1,0,0,316,green,11585,T27
148,1,0,0,316,green,11585,T27
149,1,0,0,316,green,11585,T27
150,1,0,0,316,green,11585,T27
151,1,0,0,316,green,11585,T27
152,0,0,1,316,green,11585,T27
153,0,0,1,316,green,11585,T27
154,0,1,0,316,green,11585,T27
155,0,1,0,316,green,11585,T27
156,0,1,0,316,green,11585,T27
157,0,1,0,316,green,11585,T27
158,0,1,0,316,green,11585,T27
159,0,1,0,316,green,11585,T27
160,0,1,0,316,green,11585,T27
161,0,1,0,316,green,11585,T27
162,0,1,0,316,green,11585,T27
163,0,1,0,316,green,11585,T27
164,0,1,0,316,green,11585,T27
165,0,1,0,316,green,11585,T27
166,0,1,0,316,green,11585,T27
167,0,1,0,316,green,11585,T27
168,0,1,0,316,green,11585,T27
169,0,1,0,316,green,11585,T27
170,0,1,0,316,green,11585,T27
0,0,0,1,317,green,12070,T27
1,0,0,1,317,green,12070,T27
2,0,0,1,317,green,12070,T27
3,0,0,1,317,green,12070,T27
4,0,0,1,317,green,12070,T27
5,0,0,1,317,green,12070,T27
6,0,0,1,317,green,12070,T27
7,0,0,1,317,green,12070,T27
8,0,0,1,317,green,12070,T27
9,0,0,1,317,green,12070,T27
10,0,0,1,317,green,12070,T27
11,0,0,1,317,green,12070,T27
12,0,0,1,317,green,12070,T27
13,0,0,1,317,green,12070,T27
14,0,0,1,317,green,12070,T27
15,0,0,1,317,green,12070,T27
16,0,0,1,317,green,12070,T27
17,0,0,1,317,green,12070,T27
18,0,0,1,317,green,12070,T27
19,0,0,1,317,green,12070,T27
20,0,0,1,317,green,12070,T27
21,0,0,1,317,green,12070,T27
22,0,0,1,317,green,12070,T27
23,0,0,1,317,green,12070,T27
24,0,0,1,317,green,12070,T27
25,0,0,1,317,green,12070,T27
26,0,0,1,317,green,12070,T27
27,0,0,1,317,green,12070,T27
28,0,0,1,317,green,12070,T27
29,0,0,1,317,green,12070,T27
30,0,0,1,317,green,12070,T27
31,0,0,1,317,green,12070,T27
32,0,0,1,317,green,12070,T27
33,0,0,1,317,green,12070,T27
34,0,0,1,317,green,12070,T27
35,0,0,1,317,green,12070,T27
36,0,0,1,317,green,12070,T27
37,0,0,1,317,green,12070,T27
38,0,0,1,317,green,12070,T27
39,0,0,1,317,green,12070,T27
40,0,0,1,317,green,12070,T27
41,0,0,1,317,green,12070,T27
42,0,0,1,317,green,12070,T27
43,0,0,1,317,green,12070,T27
44,0,0,1,317,green,12070,T27
45,0,0,1,317,green,12070,T27
46,0,0,1,317,green,12070,T27
47,0,0,1,317,green,12070,T27
48,0,0,1,317,green,12070,T27
49,0,0,1,317,green,12070,T27
50,0,0,1,317,green,12070,T27
51,0,0,1,317,green,12070,T27
52,0,0,1,317,green,12070,T27
53,0,0,1,317,green,12070,T27
54,0,0,1,317,green,12070,T27
55,0,0,1,317,green,12070,T27
56,0,0,1,317,green,12070,T27
57,0,0,1,317,green,12070,T27
58,0,0,1,317,green,12070,T27
59,0,0,1,317,green,12070,T27
60,0,0,1,317,green,12070,T27
61,0,0,1,317,green,12070,T27
62,0,0,1,317,green,12070,T27
63,0,0,1,317,green,12070,T27
64,0,0,1,317,green,12070,T27
65,0,0,1,317,green,12070,T27
66,0,0,1,317,green,12070,T27
67,0,0,1,317,green,12070,T27
68,0,0,1,317,green,12070,T27
69,0,0,1,317,green,12070,T27
70,0,0,1,317,green,12070,T27
71,0,0,1,317,green,12070,T27
72,0,0,1,317,green,12070,T27
73,0,0,1,317,green,12070,T27
74,0,0,1,317,green,12070,T27
75,0,0,1,317,green,12070,T27
76,0,0,1,317,green,12070,T27
77,0,0,1,317,green,12070,T27
78,0,0,1,317,green,12070,T27
79,0,0,1,317,green,12070,T27
80,0,0,1,317,green,12070,T27
81,0,0,1,317,green,12070,T27
82,0,0,1,317,green,12070,T27
83,0,0,1,317,green,12070,T27
84,0,0,1,317,green,12070,T27
85,0,0,1,317,green,12070,T27
86,0,0,1,317,green,12070,T27
87,0,0,1,317,green,12070,T27
88,0,0,1,317,green,12070,T27
89,0,0,1,317,green,12070,T27
90,0,0,1,317,green,12070,T27
91,0,0,1,317,green,12070,T27
92,0,0,1,317,green,12070,T27
93,0,0,1,317,green,12070,T27
94,0,0,1,317,green,12070,T27
95,0,1,0,317,green,12070,T27
96,0,1,0,317,green,12070,T27
97,0,1,0,317,green,12070,T27
98,0,1,0,317,green,12070,T27
99,0,1,0,317,green,12070,T27
100,0,1,0,317,green,12070,T27
101,0,1,0,317,green,12070,T27
102,0,1,0,317,green,12070,T27
103,0,1,0,317,green,12070,T27
104,0,1,0,317,green,12070,T27
105,0,1,0,317,green,12070,T27
106,0,1,0,317,green,12070,T27
107,0,1,0,317,green,12070,T27
108,0,1,0,317,green,12070,T27
109,0,1,0,317,green,12070,T27
110,0,1,0,317,green,12070,T27
111,0,1,0,317,green,12070,T27
112,0,1,0,317,green,12070,T27
113,0,1,0,317,green,12070,T27
114,0,1,0,317,green,12070,T27
115,0,1,0,317,green,12070,T27
116,0,1,0,317,green,12070,T27
117,0,1,0,317,green,12070,T27
118,0,1,0,317,green,12070,T27
119,0,1,0,317,green,12070,T27
120,0,1,0,317,green,12070,T27
121,0,1,0,317,green,12070,T27
122,0,1,0,317,green,12070,T27
123,0,1,0,317,green,12070,T27
124,0,1,0,317,green,12070,T27
125,0,1,0,317,green,12070,T27
126,0,1,0,317,green,12070,T27
127,0,1,0,317,green,12070,T27
128,0,1,0,317,green,12070,T27
129,0,1,0,317,green,12070,T27
130,0,1,0,317,green,12070,T27
131,0,1,0,317,green,12070,T27
132,0,1,0,317,green,12070,T27
133,0,1,0,317,green,12070,T27
134,0,1,0,317,green,12070,T27
135,0,1,0,317,green,12070,T27
136,0,1,0,317,green,12070,T27
137,0,1,0,317,green,12070,T27
138,0,1,0,317,green,12070,T27
139,0,1,0,317,green,12070,T27
140,0,1,0,317,green,12070,T27
141,0,1,0,317,green,12070,T27
142,0,1,0,317,green,12070,T27
143,0,1,0,317,green,12070,T27
144,0,1,0,317,green,12070,T27
145,0,1,0,317,green,12070,T27
146,0,1,0,317,green,12070,T27
147,0,1,0,317,green,12070,T27
148,0,1,0,317,green,12070,T27
149,0,1,0,317,green,12070,T27
150,0,1,0,317,green,12070,T27
151,0,1,0,317,green,12070,T27
152,0,1,0,317,green,12070,T27
153,0,1,0,317,green,12070,T27
154,0,1,0,317,green,12070,T27
155,0,1,0,317,green,12070,T27
156,0,1,0,317,green,12070,T27
157,0,1,0,317,green,12070,T27
158,0,1,0,317,green,12070,T27
159,0,1,0,317,green,12070,T27
160,0,1,0,317,green,12070,T27
161,0,1,0,317,green,12070,T27
162,0,1,0,317,green,12070,T27
163,0,1,0,317,green,12070,T27
164,0,1,0,317,green,12070,T27
165,0,1,0,317,green,12070,T27
166,0,1,0,317,green,12070,T27
167,0,1,0,317,green,12070,T27
168,0,1,0,317,green,12070,T27
169,0,1,0,317,green,12070,T27
170,0,1,0,317,green,12070,T27
