frame,red,green,uncertain,session_id,rg_outcome,trial_id,global_trial_name
0,0,0,1,203,red,3705,T11
1,0,0,1,203,red,3705,T11
2,0,0,1,203,red,3705,T11
3,0,0,1,203,red,3705,T11
4,0,0,1,203,red,3705,T11
5,0,0,1,203,red,3705,T11
6,0,0,1,203,red,3705,T11
7,0,0,1,203,red,3705,T11
8,0,0,1,203,red,3705,T11
9,0,0,1,203,red,3705,T11
10,0,0,1,203,red,3705,T11
11,0,0,1,203,red,3705,T11
12,0,0,1,203,red,3705,T11
13,0,0,1,203,red,3705,T11
14,0,0,1,203,red,3705,T11
15,0,0,1,203,red,3705,T11
16,0,0,1,203,red,3705,T11
17,0,0,1,203,red,3705,T11
18,0,0,1,203,red,3705,T11
19,0,0,1,203,red,3705,T11
20,0,0,1,203,red,3705,T11
21,0,0,1,203,red,3705,T11
22,0,0,1,203,red,3705,T11
23,0,0,1,203,red,3705,T11
24,0,1,0,203,red,3705,T11
25,0,1,0,203,red,3705,T11
26,0,1,0,203,red,3705,T11
27,0,1,0,203,red,3705,T11
28,0,1,0,203,red,3705,T11
29,0,1,0,203,red,3705,T11
30,0,1,0,203,red,3705,T11
31,0,1,0,203,red,3705,T11
32,0,1,0,203,red,3705,T11
33,0,1,0,203,red,3705,T11
34,0,1,0,203,red,3705,T11
35,0,1,0,203,red,3705,T11
36,0,1,0,203,red,3705,T11
37,0,1,0,203,red,3705,T11
38,0,1,0,203,red,3705,T11
39,0,1,0,203,red,3705,T11
40,0,1,0,203,red,3705,T11
41,0,1,0,203,red,3705,T11
42,0,1,0,203,red,3705,T11
43,0,1,0,203,red,3705,T11
44,0,1,0,203,red,3705,T11
45,0,1,0,203,red,3705,T11
46,0,1,0,203,red,3705,T11
47,0,1,0,203,red,3705,T11
48,0,1,0,203,red,3705,T11
49,0,1,0,203,red,3705,T11
50,0,1,0,203,red,3705,T11
51,0,1,0,203,red,3705,T11
52,0,1,0,203,red,3705,T11
53,0,1,0,203,red,3705,T11
54,0,1,0,203,red,3705,T11
55,0,1,0,203,red,3705,T11
56,0,1,0,203,red,3705,T11
57,0,1,0,203,red,3705,T11
58,0,1,0,203,red,3705,T11
59,0,1,0,203,red,3705,T11
60,0,1,0,203,red,3705,T11
61,0,1,0,203,red,3705,T11
62,0,1,0,203,red,3705,T11
63,0,1,0,203,red,3705,T11
64,0,1,0,203,red,3705,T11
65,0,1,0,203,red,3705,T11
66,0,1,0,203,red,3705,T11
67,0,1,0,203,red,3705,T11
68,0,1,0,203,red,3705,T11
69,0,1,0,203,red,3705,T11
70,0,1,0,203,red,3705,T11
71,0,1,0,203,red,3705,T11
72,0,1,0,203,red,3705,T11
73,0,1,0,203,red,3705,T11
74,0,1,0,203,red,3705,T11
75,0,1,0,203,red,3705,T11
76,0,1,0,203,red,3705,T11
77,0,1,0,203,red,3705,T11
78,0,1,0,203,red,3705,T11
79,0,1,0,203,red,3705,T11
80,0,1,0,203,red,3705,T11
81,0,1,0,203,red,3705,T11
82,0,1,0,203,red,3705,T11
83,0,1,0,203,red,3705,T11
84,0,1,0,203,red,3705,T11
85,0,1,0,203,red,3705,T11
86,0,1,0,203,red,3705,T11
87,0,1,0,203,red,3705,T11
88,0,1,0,203,red,3705,T11
89,0,1,0,203,red,3705,T11
90,0,1,0,203,red,3705,T11
91,0,1,0,203,red,3705,T11
92,0,1,0,203,red,3705,T11
93,0,1,0,203,red,3705,T11
94,0,1,0,203,red,3705,T11
95,0,1,0,203,red,3705,T11
96,0,1,0,203,red,3705,T11
97,0,1,0,203,red,3705,T11
98,0,1,0,203,red,3705,T11
99,0,1,0,203,red,3705,T11
100,0,1,0,203,red,3705,T11
101,0,1,0,203,red,3705,T11
102,0,1,0,203,red,3705,T11
103,0,1,0,203,red,3705,T11
104,0,1,0,203,red,3705,T11
105,0,1,0,203,red,3705,T11
106,0,1,0,203,red,3705,T11
107,0,1,0,203,red,3705,T11
108,0,1,0,203,red,3705,T11
109,0,1,0,203,red,3705,T11
110,0,1,0,203,red,3705,T11
111,0,1,0,203,red,3705,T11
112,0,1,0,203,red,3705,T11
113,0,1,0,203,red,3705,T11
114,1,0,0,203,red,3705,T11
115,1,0,0,203,red,3705,T11
116,1,0,0,203,red,3705,T11
117,1,0,0,203,red,3705,T11
118,1,0,0,203,red,3705,T11
119,1,0,0,203,red,3705,T11
120,1,0,0,203,red,3705,T11
121,1,0,0,203,red,3705,T11
122,1,0,0,203,red,3705,T11
123,1,0,0,203,red,3705,T11
124,1,0,0,203,red,3705,T11
125,1,0,0,203,red,3705,T11
126,1,0,0,203,red,3705,T11
127,1,0,0,203,red,3705,T11
128,1,0,0,203,red,3705,T11
129,1,0,0,203,red,3705,T11
130,1,0,0,203,red,3705,T11
131,1,0,0,203,red,3705,T11
132,1,0,0,203,red,3705,T11
133,1,0,0,203,red,3705,T11
134,1,0,0,203,red,3705,T11
135,1,0,0,203,red,3705,T11
136,1,0,0,203,red,3705,T11
137,1,0,0,203,red,3705,T11
138,1,0,0,203,red,3705,T11
139,1,0,0,203,red,3705,T11
140,1,0,0,203,red,3705,T11
141,1,0,0,203,red,3705,T11
142,1,0,0,203,red,3705,T11
143,1,0,0,203,red,3705,T11
144,1,0,0,203,red,3705,T11
145,1,0,0,203,red,3705,T11
146,1,0,0,203,red,3705,T11
147,1,0,0,203,red,3705,T11
148,1,0,0,203,red,3705,T11
149,1,0,0,203,red,3705,T11
150,1,0,0,203,red,3705,T11
151,1,0,0,203,red,3705,T11
152,1,0,0,203,red,3705,T11
153,1,0,0,203,red,3705,T11
154,1,0,0,203,red,3705,T11
155,1,0,0,203,red,3705,T11
156,1,0,0,203,red,3705,T11
157,1,0,0,203,red,3705,T11
158,1,0,0,203,red,3705,T11
159,1,0,0,203,red,3705,T11
160,1,0,0,203,red,3705,T11
161,1,0,0,203,red,3705,T11
162,1,0,0,203,red,3705,T11
163,1,0,0,203,red,3705,T11
164,1,0,0,203,red,3705,T11
165,1,0,0,203,red,3705,T11
166,1,0,0,203,red,3705,T11
167,1,0,0,203,red,3705,T11
168,1,0,0,203,red,3705,T11
169,1,0,0,203,red,3705,T11
170,1,0,0,203,red,3705,T11
171,1,0,0,203,red,3705,T11
172,1,0,0,203,red,3705,T11
173,1,0,0,203,red,3705,T11
174,1,0,0,203,red,3705,T11
175,1,0,0,203,red,3705,T11
176,1,0,0,203,red,3705,T11
177,1,0,0,203,red,3705,T11
178,1,0,0,203,red,3705,T11
179,1,0,0,203,red,3705,T11
180,1,0,0,203,red,3705,T11
181,1,0,0,203,red,3705,T11
182,1,0,0,203,red,3705,T11
183,1,0,0,203,red,3705,T11
184,1,0,0,203,red,3705,T11
185,1,0,0,203,red,3705,T11
186,1,0,0,203,red,3705,T11
187,1,0,0,203,red,3705,T11
188,1,0,0,203,red,3705,T11
189,1,0,0,203,red,3705,T11
190,1,0,0,203,red,3705,T11
191,1,0,0,203,red,3705,T11
192,1,0,0,203,red,3705,T11
193,1,0,0,203,red,3705,T11
194,1,0,0,203,red,3705,T11
195,1,0,0,203,red,3705,T11
196,1,0,0,203,red,3705,T11
197,1,0,0,203,red,3705,T11
198,1,0,0,203,red,3705,T11
199,1,0,0,203,red,3705,T11
200,1,0,0,203,red,3705,T11
201,1,0,0,203,red,3705,T11
202,1,0,0,203,red,3705,T11
203,1,0,0,203,red,3705,T11
204,1,0,0,203,red,3705,T11
205,1,0,0,203,red,3705,T11
206,1,0,0,203,red,3705,T11
207,1,0,0,203,red,3705,T11
208,1,0,0,203,red,3705,T11
209,1,0,0,203,red,3705,T11
210,1,0,0,203,red,3705,T11
211,1,0,0,203,red,3705,T11
212,1,0,0,203,red,3705,T11
213,1,0,0,203,red,3705,T11
214,1,0,0,203,red,3705,T11
215,1,0,0,203,red,3705,T11
216,1,0,0,203,red,3705,T11
217,1,0,0,203,red,3705,T11
218,1,0,0,203,red,3705,T11
219,1,0,0,203,red,3705,T11
220,1,0,0,203,red,3705,T11
221,1,0,0,203,red,3705,T11
0,0,0,1,204,red,3725,T11
1,0,0,1,204,red,3725,T11
2,0,0,1,204,red,3725,T11
3,0,0,1,204,red,3725,T11
4,0,0,1,204,red,3725,T11
5,0,0,1,204,red,3725,T11
6,0,0,1,204,red,3725,T11
7,0,0,1,204,red,3725,T11
8,0,0,1,204,red,3725,T11
9,0,0,1,204,red,3725,T11
10,0,0,1,204,red,3725,T11
11,0,0,1,204,red,3725,T11
12,0,0,1,204,red,3725,T11
13,0,0,1,204,red,3725,T11
14,0,0,1,204,red,3725,T11
15,0,0,1,204,red,3725,T11
16,0,0,1,204,red,3725,T11
17,0,0,1,204,red,3725,T11
18,0,0,1,204,red,3725,T11
19,0,0,1,204,red,3725,T11
20,0,0,1,204,red,3725,T11
21,0,0,1,204,red,3725,T11
22,0,0,1,204,red,3725,T11
23,0,0,1,204,red,3725,T11
24,0,0,1,204,red,3725,T11
25,0,0,1,204,red,3725,T11
26,0,0,1,204,red,3725,T11
27,0,0,1,204,red,3725,T11
28,0,0,1,204,red,3725,T11
29,0,0,1,204,red,3725,T11
30,0,0,1,204,red,3725,T11
31,0,0,1,204,red,3725,T11
32,0,0,1,204,red,3725,T11
33,0,0,1,204,red,3725,T11
34,0,0,1,204,red,3725,T11
35,0,0,1,204,red,3725,T11
36,0,0,1,204,red,3725,T11
37,0,0,1,204,red,3725,T11
38,0,0,1,204,red,3725,T11
39,0,0,1,204,red,3725,T11
40,0,0,1,204,red,3725,T11
41,0,0,1,204,red,3725,T11
42,0,0,1,204,red,3725,T11
43,0,0,1,204,red,3725,T11
44,0,0,1,204,red,3725,T11
45,0,0,1,204,red,3725,T11
46,0,0,1,204,red,3725,T11
47,0,0,1,204,red,3725,T11
48,0,0,1,204,red,3725,T11
49,0,0,1,204,red,3725,T11
50,0,0,1,204,red,3725,T11
51,0,0,1,204,red,3725,T11
52,0,0,1,204,red,3725,T11
53,0,0,1,204,red,3725,T11
54,0,0,1,204,red,3725,T11
55,0,0,1,204,red,3725,T11
56,0,0,1,204,red,3725,T11
57,0,0,1,204,red,3725,T11
58,0,0,1,204,red,3725,T11
59,0,0,1,204,red,3725,T11
60,0,0,1,204,red,3725,T11
61,0,0,1,204,red,3725,T11
62,0,0,1,204,red,3725,T11
63,0,0,1,204,red,3725,T11
64,0,1,0,204,red,3725,T11
65,0,1,0,204,red,3725,T11
66,0,1,0,204,red,3725,T11
67,0,1,0,204,red,3725,T11
68,0,1,0,204,red,3725,T11
69,0,1,0,204,red,3725,T11
70,0,1,0,204,red,3725,T11
71,0,1,0,204,red,3725,T11
72,0,1,0,204,red,3725,T11
73,0,1,0,204,red,3725,T11
74,0,1,0,204,red,3725,T11
75,0,1,0,204,red,3725,T11
76,0,1,0,204,red,3725,T11
77,0,1,0,204,red,3725,T11
78,0,1,0,204,red,3725,T11
79,0,1,0,204,red,3725,T11
80,0,1,0,204,red,3725,T11
81,0,1,0,204,red,3725,T11
82,0,1,0,204,red,3725,T11
83,0,1,0,204,red,3725,T11
84,0,1,0,204,red,3725,T11
85,0,1,0,204,red,3725,T11
86,0,1,0,204,red,3725,T11
87,0,1,0,204,red,3725,T11
88,0,1,0,204,red,3725,T11
89,0,1,0,204,red,3725,T11
90,0,1,0,204,red,3725,T11
91,0,1,0,204,red,3725,T11
92,0,1,0,204,red,3725,T11
93,0,1,0,204,red,3725,T11
94,0,1,0,204,red,3725,T11
95,0,1,0,204,red,3725,T11
96,0,1,0,204,red,3725,T11
97,0,1,0,204,red,3725,T11
98,0,1,0,204,red,3725,T11
99,0,1,0,204,red,3725,T11
100,0,1,0,204,red,3725,T11
101,0,1,0,204,red,3725,T11
102,0,1,0,204,red,3725,T11
103,0,1,0,204,red,3725,T11
104,0,1,0,204,red,3725,T11
105,0,1,0,204,red,3725,T11
106,0,1,0,204,red,3725,T11
107,0,1,0,204,red,3725,T11
108,0,1,0,204,red,3725,T11
109,0,1,0,204,red,3725,T11
110,0,1,0,204,red,3725,T11
111,0,1,0,204,red,3725,T11
112,0,1,0,204,red,3725,T11
113,0,1,0,204,red,3725,T11
114,0,1,0,204,red,3725,T11
115,0,1,0,204,red,3725,T11
116,1,0,0,204,red,3725,T11
117,1,0,0,204,red,3725,T11
118,1,0,0,204,red,3725,T11
119,1,0,0,204,red,3725,T11
120,1,0,0,204,red,3725,T11
121,1,0,0,204,red,3725,T11
122,1,0,0,204,red,3725,T11
123,1,0,0,204,red,3725,T11
124,1,0,0,204,red,3725,T11
125,1,0,0,204,red,3725,T11
126,1,0,0,204,red,3725,T11
127,1,0,0,204,red,3725,T11
128,1,0,0,204,red,3725,T11
129,1,0,0,204,red,3725,T11
130,1,0,0,204,red,3725,T11
131,1,0,0,204,red,3725,T11
132,1,0,0,204,red,3725,T11
133,1,0,0,204,red,3725,T11
134,1,0,0,204,red,3725,T11
135,1,0,0,204,red,3725,T11
136,1,0,0,204,red,3725,T11
137,1,0,0,204,red,3725,T11
138,1,0,0,204,red,3725,T11
139,1,0,0,204,red,3725,T11
140,1,0,0,204,red,3725,T11
141,1,0,0,204,red,3725,T11
142,1,0,0,204,red,3725,T11
143,1,0,0,204,red,3725,T11
144,1,0,0,204,red,3725,T11
145,1,0,0,204,red,3725,T11
146,1,0,0,204,red,3725,T11
147,1,0,0,204,red,3725,T11
148,1,0,0,204,red,3725,T11
149,1,0,0,204,red,3725,T11
150,1,0,0,204,red,3725,T11
151,1,0,0,204,red,3725,T11
152,1,0,0,204,red,3725,T11
153,1,0,0,204,red,3725,T11
154,1,0,0,204,red,3725,T11
155,1,0,0,204,red,3725,T11
156,1,0,0,204,red,3725,T11
157,1,0,0,204,red,3725,T11
158,1,0,0,204,red,3725,T11
159,1,0,0,204,red,3725,T11
160,1,0,0,204,red,3725,T11
161,1,0,0,204,red,3725,T11
162,1,0,0,204,red,3725,T11
163,1,0,0,204,red,3725,T11
164,1,0,0,204,red,3725,T11
165,1,0,0,204,red,3725,T11
166,1,0,0,204,red,3725,T11
167,1,0,0,204,red,3725,T11
168,1,0,0,204,red,3725,T11
169,1,0,0,204,red,3725,T11
170,1,0,0,204,red,3725,T11
171,1,0,0,204,red,3725,T11
172,1,0,0,204,red,3725,T11
173,1,0,0,204,red,3725,T11
174,1,0,0,204,red,3725,T11
175,1,0,0,204,red,3725,T11
176,1,0,0,204,red,3725,T11
177,1,0,0,204,red,3725,T11
178,1,0,0,204,red,3725,T11
179,1,0,0,204,red,3725,T11
180,1,0,0,204,red,3725,T11
181,1,0,0,204,red,3725,T11
182,1,0,0,204,red,3725,T11
183,1,0,0,204,red,3725,T11
184,1,0,0,204,red,3725,T11
185,1,0,0,204,red,3725,T11
186,1,0,0,204,red,3725,T11
187,1,0,0,204,red,3725,T11
188,1,0,0,204,red,3725,T11
189,1,0,0,204,red,3725,T11
190,1,0,0,204,red,3725,T11
191,1,0,0,204,red,3725,T11
192,1,0,0,204,red,3725,T11
193,1,0,0,204,red,3725,T11
194,1,0,0,204,red,3725,T11
195,1,0,0,204,red,3725,T11
196,1,0,0,204,red,3725,T11
197,1,0,0,204,red,3725,T11
198,1,0,0,204,red,3725,T11
199,1,0,0,204,red,3725,T11
200,1,0,0,204,red,3725,T11
201,1,0,0,204,red,3725,T11
202,1,0,0,204,red,3725,T11
203,1,0,0,204,red,3725,T11
204,1,0,0,204,red,3725,T11
205,1,0,0,204,red,3725,T11
206,1,0,0,204,red,3725,T11
207,1,0,0,204,red,3725,T11
208,1,0,0,204,red,3725,T11
209,1,0,0,204,red,3725,T11
210,1,0,0,204,red,3725,T11
211,1,0,0,204,red,3725,T11
212,1,0,0,204,red,3725,T11
213,1,0,0,204,red,3725,T11
214,1,0,0,204,red,3725,T11
215,1,0,0,204,red,3725,T11
216,1,0,0,204,red,3725,T11
217,1,0,0,204,red,3725,T11
218,1,0,0,204,red,3725,T11
219,1,0,0,204,red,3725,T11
220,1,0,0,204,red,3725,T11
221,1,0,0,204,red,3725,T11
0,0,0,1,206,red,4064,T11
1,0,0,1,206,red,4064,T11
2,0,0,1,206,red,4064,T11
3,0,0,1,206,red,4064,T11
4,0,0,1,206,red,4064,T11
5,0,0,1,206,red,4064,T11
6,0,0,1,206,red,4064,T11
7,0,0,1,206,red,4064,T11
8,0,0,1,206,red,4064,T11
9,0,0,1,206,red,4064,T11
10,0,0,1,206,red,4064,T11
11,0,0,1,206,red,4064,T11
12,0,0,1,206,red,4064,T11
13,0,0,1,206,red,4064,T11
14,0,0,1,206,red,4064,T11
15,0,0,1,206,red,4064,T11
16,0,0,1,206,red,4064,T11
17,0,0,1,206,red,4064,T11
18,0,0,1,206,red,4064,T11
19,0,0,1,206,red,4064,T11
20,0,0,1,206,red,4064,T11
21,0,0,1,206,red,4064,T11
22,0,0,1,206,red,4064,T11
23,0,0,1,206,red,4064,T11
24,0,0,1,206,red,4064,T11
25,0,0,1,206,red,4064,T11
26,0,0,1,206,red,4064,T11
27,0,0,1,206,red,4064,T11
28,0,0,1,206,red,4064,T11
29,0,0,1,206,red,4064,T11
30,0,0,1,206,red,4064,T11
31,0,0,1,206,red,4064,T11
32,0,1,0,206,red,4064,T11
33,0,1,0,206,red,4064,T11
34,0,1,0,206,red,4064,T11
35,0,1,0,206,red,4064,T11
36,0,1,0,206,red,4064,T11
37,0,1,0,206,red,4064,T11
38,0,1,0,206,red,4064,T11
39,0,1,0,206,red,4064,T11
40,0,1,0,206,red,4064,T11
41,0,1,0,206,red,4064,T11
42,0,1,0,206,red,4064,T11
43,0,1,0,206,red,4064,T11
44,0,1,0,206,red,4064,T11
45,0,1,0,206,red,4064,T11
46,0,1,0,206,red,4064,T11
47,0,1,0,206,red,4064,T11
48,0,1,0,206,red,4064,T11
49,0,1,0,206,red,4064,T11
50,0,1,0,206,red,4064,T11
51,0,1,0,206,red,4064,T11
52,0,1,0,206,red,4064,T11
53,0,1,0,206,red,4064,T11
54,0,1,0,206,red,4064,T11
55,0,1,0,206,red,4064,T11
56,0,1,0,206,red,4064,T11
57,0,1,0,206,red,4064,T11
58,0,1,0,206,red,4064,T11
59,0,1,0,206,red,4064,T11
60,0,1,0,206,red,4064,T11
61,0,1,0,206,red,4064,T11
62,0,1,0,206,red,4064,T11
63,0,1,0,206,red,4064,T11
64,0,1,0,206,red,4064,T11
65,0,1,0,206,red,4064,T11
66,0,1,0,206,red,4064,T11
67,0,1,0,206,red,4064,T11
68,0,1,0,206,red,4064,T11
69,0,1,0,206,red,4064,T11
70,0,1,0,206,red,4064,T11
71,0,1,0,206,red,4064,T11
72,0,1,0,206,red,4064,T11
73,0,1,0,206,red,4064,T11
74,0,1,0,206,red,4064,T11
75,0,1,0,206,red,4064,T11
76,0,1,0,206,red,4064,T11
77,0,1,0,206,red,4064,T11
78,0,1,0,206,red,4064,T11
79,0,1,0,206,red,4064,T11
80,0,1,0,206,red,4064,T11
81,0,1,0,206,red,4064,T11
82,0,1,0,206,red,4064,T11
83,0,1,0,206,red,4064,T11
84,0,1,0,206,red,4064,T11
85,0,1,0,206,red,4064,T11
86,0,1,0,206,red,4064,T11
87,0,1,0,206,red,4064,T11
88,0,1,0,206,red,4064,T11
89,0,1,0,206,red,4064,T11
90,0,1,0,206,red,4064,T11
91,0,1,0,206,red,4064,T11
92,0,1,0,206,red,4064,T11
93,0,1,0,206,red,4064,T11
94,0,1,0,206,red,4064,T11
95,0,1,0,206,red,4064,T11
96,0,1,0,206,red,4064,T11
97,0,1,0,206,red,4064,T11
98,0,1,0,206,red,4064,T11
99,0,1,0,206,red,4064,T11
100,0,1,0,206,red,4064,T11
101,0,1,0,206,red,4064,T11
102,0,1,0,206,red,4064,T11
103,0,1,0,206,red,4064,T11
104,0,1,0,206,red,4064,T11
105,0,1,0,206,red,4064,T11
106,0,1,0,206,red,4064,T11
107,0,1,0,206,red,4064,T11
108,0,1,0,206,red,4064,T11
109,1,0,0,206,red,4064,T11
110,1,0,0,206,red,4064,T11
111,1,0,0,206,red,4064,T11
112,1,0,0,206,red,4064,T11
113,1,0,0,206,red,4064,T11
114,1,0,0,206,red,4064,T11
115,1,0,0,206,red,4064,T11
116,1,0,0,206,red,4064,T11
117,1,0,0,206,red,4064,T11
118,1,0,0,206,red,4064,T11
119,1,0,0,206,red,4064,T11
120,1,0,0,206,red,4064,T11
121,1,0,0,206,red,4064,T11
122,1,0,0,206,red,4064,T11
123,1,0,0,206,red,4064,T11
124,1,0,0,206,red,4064,T11
125,1,0,0,206,red,4064,T11
126,1,0,0,206,red,4064,T11
127,1,0,0,206,red,4064,T11
128,1,0,0,206,red,4064,T11
129,1,0,0,206,red,4064,T11
130,1,0,0,206,red,4064,T11
131,1,0,0,206,red,4064,T11
132,1,0,0,206,red,4064,T11
133,1,0,0,206,red,4064,T11
134,1,0,0,206,red,4064,T11
135,1,0,0,206,red,4064,T11
136,1,0,0,206,red,4064,T11
137,1,0,0,206,red,4064,T11
138,1,0,0,206,red,4064,T11
139,1,0,0,206,red,4064,T11
140,1,0,0,206,red,4064,T11
141,1,0,0,206,red,4064,T11
142,1,0,0,206,red,4064,T11
143,1,0,0,206,red,4064,T11
144,1,0,0,206,red,4064,T11
145,1,0,0,206,red,4064,T11
146,1,0,0,206,red,4064,T11
147,1,0,0,206,red,4064,T11
148,1,0,0,206,red,4064,T11
149,1,0,0,206,red,4064,T11
150,1,0,0,206,red,4064,T11
151,1,0,0,206,red,4064,T11
152,1,0,0,206,red,4064,T11
153,1,0,0,206,red,4064,T11
154,1,0,0,206,red,4064,T11
155,1,0,0,206,red,4064,T11
156,1,0,0,206,red,4064,T11
157,1,0,0,206,red,4064,T11
158,1,0,0,206,red,4064,T11
159,1,0,0,206,red,4064,T11
160,1,0,0,206,red,4064,T11
161,1,0,0,206,red,4064,T11
162,1,0,0,206,red,4064,T11
163,1,0,0,206,red,4064,T11
164,1,0,0,206,red,4064,T11
165,1,0,0,206,red,4064,T11
166,1,0,0,206,red,4064,T11
167,1,0,0,206,red,4064,T11
168,1,0,0,206,red,4064,T11
169,1,0,0,206,red,4064,T11
170,1,0,0,206,red,4064,T11
171,1,0,0,206,red,4064,T11
172,1,0,0,206,red,4064,T11
173,1,0,0,206,red,4064,T11
174,1,0,0,206,red,4064,T11
175,1,0,0,206,red,4064,T11
176,1,0,0,206,red,4064,T11
177,1,0,0,206,red,4064,T11
178,1,0,0,206,red,4064,T11
179,1,0,0,206,red,4064,T11
180,1,0,0,206,red,4064,T11
181,1,0,0,206,red,4064,T11
182,1,0,0,206,red,4064,T11
183,1,0,0,206,red,4064,T11
184,1,0,0,206,red,4064,T11
185,1,0,0,206,red,4064,T11
186,1,0,0,206,red,4064,T11
187,1,0,0,206,red,4064,T11
188,1,0,0,206,red,4064,T11
189,1,0,0,206,red,4064,T11
190,1,0,0,206,red,4064,T11
191,1,0,0,206,red,4064,T11
192,1,0,0,206,red,4064,T11
193,1,0,0,206,red,4064,T11
194,1,0,0,206,red,4064,T11
195,1,0,0,206,red,4064,T11
196,1,0,0,206,red,4064,T11
197,1,0,0,206,red,4064,T11
198,1,0,0,206,red,4064,T11
199,1,0,0,206,red,4064,T11
200,1,0,0,206,red,4064,T11
201,1,0,0,206,red,4064,T11
202,1,0,0,206,red,4064,T11
203,1,0,0,206,red,4064,T11
204,1,0,0,206,red,4064,T11
205,1,0,0,206,red,4064,T11
206,1,0,0,206,red,4064,T11
207,1,0,0,206,red,4064,T11
208,1,0,0,206,red,4064,T11
209,1,0,0,206,red,4064,T11
210,1,0,0,206,red,4064,T11
211,1,0,0,206,red,4064,T11
212,1,0,0,206,red,4064,T11
213,1,0,0,206,red,4064,T11
214,1,0,0,206,red,4064,T11
215,1,0,0,206,red,4064,T11
216,1,0,0,206,red,4064,T11
217,1,0,0,206,red,4064,T11
218,1,0,0,206,red,4064,T11
219,1,0,0,206,red,4064,T11
220,1,0,0,206,red,4064,T11
221,1,0,0,206,red,4064,T11
0,0,0,1,207,red,3936,T11
1,0,0,1,207,red,3936,T11
2,0,0,1,207,red,3936,T11
3,0,0,1,207,red,3936,T11
4,0,0,1,207,red,3936,T11
5,0,0,1,207,red,3936,T11
6,0,0,1,207,red,3936,T11
7,0,0,1,207,red,3936,T11
8,0,0,1,207,red,3936,T11
9,0,0,1,207,red,3936,T11
10,0,0,1,207,red,3936,T11
11,0,0,1,207,red,3936,T11
12,0,0,1,207,red,3936,T11
13,0,0,1,207,red,3936,T11
14,0,0,1,207,red,3936,T11
15,0,0,1,207,red,3936,T11
16,0,0,1,207,red,3936,T11
17,0,0,1,207,red,3936,T11
18,0,0,1,207,red,3936,T11
19,0,0,1,207,red,3936,T11
20,0,0,1,207,red,3936,T11
21,0,0,1,207,red,3936,T11
22,0,0,1,207,red,3936,T11
23,0,0,1,207,red,3936,T11
24,0,0,1,207,red,3936,T11
25,0,0,1,207,red,3936,T11
26,0,0,1,207,red,3936,T11
27,0,0,1,207,red,3936,T11
28,0,0,1,207,red,3936,T11
29,0,0,1,207,red,3936,T11
30,0,0,1,207,red,3936,T11
31,0,0,1,207,red,3936,T11
32,0,0,1,207,red,3936,T11
33,0,0,1,207,red,3936,T11
34,0,0,1,207,red,3936,T11
35,0,0,1,207,red,3936,T11
36,0,0,1,207,red,3936,T11
37,0,0,1,207,red,3936,T11
38,0,0,1,207,red,3936,T11
39,0,0,1,207,red,3936,T11
40,0,0,1,207,red,3936,T11
41,0,1,0,207,red,3936,T11
42,0,1,0,207,red,3936,T11
43,0,1,0,207,red,3936,T11
44,0,1,0,207,red,3936,T11
45,0,1,0,207,red,3936,T11
46,0,1,0,207,red,3936,T11
47,0,1,0,207,red,3936,T11
48,0,1,0,207,red,3936,T11
49,0,1,0,207,red,3936,T11
50,0,1,0,207,red,3936,T11
51,0,1,0,207,red,3936,T11
52,0,1,0,207,red,3936,T11
53,0,1,0,207,red,3936,T11
54,0,1,0,207,red,3936,T11
55,0,1,0,207,red,3936,T11
56,0,1,0,207,red,3936,T11
57,0,1,0,207,red,3936,T11
58,0,1,0,207,red,3936,T11
59,0,1,0,207,red,3936,T11
60,0,1,0,207,red,3936,T11
61,0,1,0,207,red,3936,T11
62,0,1,0,207,red,3936,T11
63,0,1,0,207,red,3936,T11
64,0,1,0,207,red,3936,T11
65,0,1,0,207,red,3936,T11
66,0,1,0,207,red,3936,T11
67,0,1,0,207,red,3936,T11
68,0,1,0,207,red,3936,T11
69,0,1,0,207,red,3936,T11
70,0,1,0,207,red,3936,T11
71,0,1,0,207,red,3936,T11
72,0,1,0,207,red,3936,T11
73,0,1,0,207,red,3936,T11
74,0,1,0,207,red,3936,T11
75,0,1,0,207,red,3936,T11
76,0,1,0,207,red,3936,T11
77,0,1,0,207,red,3936,T11
78,0,1,0,207,red,3936,T11
79,0,1,0,207,red,3936,T11
80,0,1,0,207,red,3936,T11
81,0,1,0,207,red,3936,T11
82,0,1,0,207,red,3936,T11
83,0,1,0,207,red,3936,T11
84,0,1,0,207,red,3936,T11
85,0,1,0,207,red,3936,T11
86,0,1,0,207,red,3936,T11
87,0,1,0,207,red,3936,T11
88,0,1,0,207,red,3936,T11
89,0,1,0,207,red,3936,T11
90,0,1,0,207,red,3936,T11
91,0,1,0,207,red,3936,T11
92,0,1,0,207,red,3936,T11
93,0,1,0,207,red,3936,T11
94,0,1,0,207,red,3936,T11
95,0,1,0,207,red,3936,T11
96,0,1,0,207,red,3936,T11
97,0,1,0,207,red,3936,T11
98,0,1,0,207,red,3936,T11
99,0,1,0,207,red,3936,T11
100,0,1,0,207,red,3936,T11
101,0,1,0,207,red,3936,T11
102,0,1,0,207,red,3936,T11
103,0,1,0,207,red,3936,T11
104,0,1,0,207,red,3936,T11
105,0,1,0,207,red,3936,T11
106,0,1,0,207,red,3936,T11
107,0,1,0,207,red,3936,T11
108,0,1,0,207,red,3936,T11
109,0,1,0,207,red,3936,T11
110,0,1,0,207,red,3936,T11
111,0,1,0,207,red,3936,T11
112,0,1,0,207,red,3936,T11
113,0,1,0,207,red,3936,T11
114,0,1,0,207,red,3936,T11
115,0,1,0,207,red,3936,T11
116,0,1,0,207,red,3936,T11
117,0,1,0,207,red,3936,T11
118,0,1,0,207,red,3936,T11
119,0,1,0,207,red,3936,T11
120,0,1,0,207,red,3936,T11
121,0,1,0,207,red,3936,T11
122,0,1,0,207,red,3936,T11
123,0,1,0,207,red,3936,T11
124,0,1,0,207,red,3936,T11
125,0,1,0,207,red,3936,T11
126,0,1,0,207,red,3936,T11
127,0,1,0,207,red,3936,T11
128,0,1,0,207,red,3936,T11
129,0,1,0,207,red,3936,T11
130,0,1,0,207,red,3936,T11
131,0,1,0,207,red,3936,T11
132,0,1,0,207,red,3936,T11
133,0,1,0,207,red,3936,T11
134,0,1,0,207,red,3936,T11
135,0,1,0,207,red,3936,T11
136,0,1,0,207,red,3936,T11
137,0,1,0,207,red,3936,T11
138,0,1,0,207,red,3936,T11
139,0,1,0,207,red,3936,T11
140,0,1,0,207,red,3936,T11
141,0,1,0,207,red,3936,T11
142,0,1,0,207,red,3936,T11
143,0,1,0,207,red,3936,T11
144,0,1,0,207,red,3936,T11
145,0,1,0,207,red,3936,T11
146,0,1,0,207,red,3936,T11
147,0,1,0,207,red,3936,T11
148,0,1,0,207,red,3936,T11
149,0,1,0,207,red,3936,T11
150,0,1,0,207,red,3936,T11
151,0,1,0,207,red,3936,T11
152,0,1,0,207,red,3936,T11
153,0,1,0,207,red,3936,T11
154,0,1,0,207,red,3936,T11
155,0,1,0,207,red,3936,T11
156,0,1,0,207,red,3936,T11
157,0,1,0,207,red,3936,T11
158,0,1,0,207,red,3936,T11
159,0,1,0,207,red,3936,T11
160,0,1,0,207,red,3936,T11
161,0,1,0,207,red,3936,T11
162,0,1,0,207,red,3936,T11
163,0,1,0,207,red,3936,T11
164,0,1,0,207,red,3936,T11
165,0,1,0,207,red,3936,T11
166,0,1,0,207,red,3936,T11
167,0,1,0,207,red,3936,T11
168,0,1,0,207,red,3936,T11
169,0,1,0,207,red,3936,T11
170,0,1,0,207,red,3936,T11
171,0,1,0,207,red,3936,T11
172,0,1,0,207,red,3936,T11
173,0,1,0,207,red,3936,T11
174,0,1,0,207,red,3936,T11
175,0,1,0,207,red,3936,T11
176,0,1,0,207,red,3936,T11
177,0,1,0,207,red,3936,T11
178,0,1,0,207,red,3936,T11
179,0,1,0,207,red,3936,T11
180,0,1,0,207,red,3936,T11
181,0,1,0,207,red,3936,T11
182,0,1,0,207,red,3936,T11
183,0,1,0,207,red,3936,T11
184,0,1,0,207,red,3936,T11
185,0,1,0,207,red,3936,T11
186,0,1,0,207,red,3936,T11
187,0,1,0,207,red,3936,T11
188,0,1,0,207,red,3936,T11
189,0,1,0,207,red,3936,T11
190,0,1,0,207,red,3936,T11
191,0,1,0,207,red,3936,T11
192,0,1,0,207,red,3936,T11
193,0,1,0,207,red,3936,T11
194,0,1,0,207,red,3936,T11
195,0,1,0,207,red,3936,T11
196,0,1,0,207,red,3936,T11
197,0,1,0,207,red,3936,T11
198,0,1,0,207,red,3936,T11
199,0,1,0,207,red,3936,T11
200,0,1,0,207,red,3936,T11
201,0,1,0,207,red,3936,T11
202,0,1,0,207,red,3936,T11
203,0,1,0,207,red,3936,T11
204,0,1,0,207,red,3936,T11
205,0,1,0,207,red,3936,T11
206,0,1,0,207,red,3936,T11
207,0,1,0,207,red,3936,T11
208,0,1,0,207,red,3936,T11
209,0,1,0,207,red,3936,T11
210,0,1,0,207,red,3936,T11
211,0,1,0,207,red,3936,T11
212,0,1,0,207,red,3936,T11
213,0,1,0,207,red,3936,T11
214,0,1,0,207,red,3936,T11
215,0,1,0,207,red,3936,T11
216,0,1,0,207,red,3936,T11
217,0,1,0,207,red,3936,T11
218,0,1,0,207,red,3936,T11
219,0,1,0,207,red,3936,T11
220,0,1,0,207,red,3936,T11
221,0,1,0,207,red,3936,T11
0,0,0,1,208,red,4618,T11
1,0,0,1,208,red,4618,T11
2,0,0,1,208,red,4618,T11
3,0,0,1,208,red,4618,T11
4,0,0,1,208,red,4618,T11
5,0,0,1,208,red,4618,T11
6,0,0,1,208,red,4618,T11
7,0,0,1,208,red,4618,T11
8,0,0,1,208,red,4618,T11
9,0,0,1,208,red,4618,T11
10,0,0,1,208,red,4618,T11
11,0,0,1,208,red,4618,T11
12,0,0,1,208,red,4618,T11
13,0,0,1,208,red,4618,T11
14,0,0,1,208,red,4618,T11
15,0,0,1,208,red,4618,T11
16,0,0,1,208,red,4618,T11
17,0,0,1,208,red,4618,T11
18,0,0,1,208,red,4618,T11
19,0,0,1,208,red,4618,T11
20,0,0,1,208,red,4618,T11
21,0,0,1,208,red,4618,T11
22,0,0,1,208,red,4618,T11
23,0,0,1,208,red,4618,T11
24,0,0,1,208,red,4618,T11
25,0,0,1,208,red,4618,T11
26,0,0,1,208,red,4618,T11
27,0,0,1,208,red,4618,T11
28,0,0,1,208,red,4618,T11
29,0,0,1,208,red,4618,T11
30,0,0,1,208,red,4618,T11
31,0,0,1,208,red,4618,T11
32,0,0,1,208,red,4618,T11
33,0,0,1,208,red,4618,T11
34,0,0,1,208,red,4618,T11
35,0,0,1,208,red,4618,T11
36,0,0,1,208,red,4618,T11
37,0,0,1,208,red,4618,T11
38,0,0,1,208,red,4618,T11
39,0,0,1,208,red,4618,T11
40,0,1,0,208,red,4618,T11
41,0,1,0,208,red,4618,T11
42,0,1,0,208,red,4618,T11
43,0,1,0,208,red,4618,T11
44,0,1,0,208,red,4618,T11
45,0,1,0,208,red,4618,T11
46,0,1,0,208,red,4618,T11
47,0,1,0,208,red,4618,T11
48,0,1,0,208,red,4618,T11
49,0,1,0,208,red,4618,T11
50,0,1,0,208,red,4618,T11
51,0,1,0,208,red,4618,T11
52,0,1,0,208,red,4618,T11
53,0,1,0,208,red,4618,T11
54,0,1,0,208,red,4618,T11
55,0,1,0,208,red,4618,T11
56,0,1,0,208,red,4618,T11
57,0,1,0,208,red,4618,T11
58,0,1,0,208,red,4618,T11
59,0,1,0,208,red,4618,T11
60,0,1,0,208,red,4618,T11
61,0,1,0,208,red,4618,T11
62,0,1,0,208,red,4618,T11
63,0,1,0,208,red,4618,T11
64,0,1,0,208,red,4618,T11
65,0,1,0,208,red,4618,T11
66,0,1,0,208,red,4618,T11
67,0,1,0,208,red,4618,T11
68,0,1,0,208,red,4618,T11
69,0,1,0,208,red,4618,T11
70,0,1,0,208,red,4618,T11
71,0,1,0,208,red,4618,T11
72,0,1,0,208,red,4618,T11
73,0,1,0,208,red,4618,T11
74,0,1,0,208,red,4618,T11
75,0,1,0,208,red,4618,T11
76,0,1,0,208,red,4618,T11
77,0,1,0,208,red,4618,T11
78,0,1,0,208,red,4618,T11
79,0,1,0,208,red,4618,T11
80,0,1,0,208,red,4618,T11
81,0,1,0,208,red,4618,T11
82,0,1,0,208,red,4618,T11
83,0,1,0,208,red,4618,T11
84,0,1,0,208,red,4618,T11
85,0,1,0,208,red,4618,T11
86,0,1,0,208,red,4618,T11
87,0,1,0,208,red,4618,T11
88,0,1,0,208,red,4618,T11
89,0,1,0,208,red,4618,T11
90,0,1,0,208,red,4618,T11
91,0,1,0,208,red,4618,T11
92,0,1,0,208,red,4618,T11
93,0,1,0,208,red,4618,T11
94,0,1,0,208,red,4618,T11
95,0,1,0,208,red,4618,T11
96,0,1,0,208,red,4618,T11
97,0,1,0,208,red,4618,T11
98,0,1,0,208,red,4618,T11
99,0,1,0,208,red,4618,T11
100,0,1,0,208,red,4618,T11
101,0,1,0,208,red,4618,T11
102,0,1,0,208,red,4618,T11
103,0,1,0,208,red,4618,T11
104,0,1,0,208,red,4618,T11
105,0,1,0,208,red,4618,T11
106,0,1,0,208,red,4618,T11
107,0,1,0,208,red,4618,T11
108,0,1,0,208,red,4618,T11
109,0,1,0,208,red,4618,T11
110,0,1,0,208,red,4618,T11
111,0,1,0,208,red,4618,T11
112,0,1,0,208,red,4618,T11
113,0,1,0,208,red,4618,T11
114,0,1,0,208,red,4618,T11
115,0,1,0,208,red,4618,T11
116,0,1,0,208,red,4618,T11
117,0,1,0,208,red,4618,T11
118,0,1,0,208,red,4618,T11
119,0,1,0,208,red,4618,T11
120,0,1,0,208,red,4618,T11
121,0,1,0,208,red,4618,T11
122,0,1,0,208,red,4618,T11
123,0,1,0,208,red,4618,T11
124,0,1,0,208,red,4618,T11
125,0,1,0,208,red,4618,T11
126,0,1,0,208,red,4618,T11
127,0,0,1,208,red,4618,T11
128,0,0,1,208,red,4618,T11
129,0,0,1,208,red,4618,T11
130,0,0,1,208,red,4618,T11
131,0,0,1,208,red,4618,T11
132,0,0,1,208,red,4618,T11
133,0,0,1,208,red,4618,T11
134,0,0,1,208,red,4618,T11
135,0,0,1,208,red,4618,T11
136,0,0,1,208,red,4618,T11
137,0,0,1,208,red,4618,T11
138,1,0,0,208,red,4618,T11
139,1,0,0,208,red,4618,T11
140,1,0,0,208,red,4618,T11
141,1,0,0,208,red,4618,T11
142,1,0,0,208,red,4618,T11
143,1,0,0,208,red,4618,T11
144,1,0,0,208,red,4618,T11
145,1,0,0,208,red,4618,T11
146,1,0,0,208,red,4618,T11
147,1,0,0,208,red,4618,T11
148,1,0,0,208,red,4618,T11
149,1,0,0,208,red,4618,T11
150,1,0,0,208,red,4618,T11
151,1,0,0,208,red,4618,T11
152,1,0,0,208,red,4618,T11
153,1,0,0,208,red,4618,T11
154,1,0,0,208,red,4618,T11
155,1,0,0,208,red,4618,T11
156,1,0,0,208,red,4618,T11
157,1,0,0,208,red,4618,T11
158,1,0,0,208,red,4618,T11
159,1,0,0,208,red,4618,T11
160,1,0,0,208,red,4618,T11
161,1,0,0,208,red,4618,T11
162,1,0,0,208,red,4618,T11
163,1,0,0,208,red,4618,T11
164,1,0,0,208,red,4618,T11
165,1,0,0,208,red,4618,T11
166,1,0,0,208,red,4618,T11
167,1,0,0,208,red,4618,T11
168,1,0,0,208,red,4618,T11
169,1,0,0,208,red,4618,T11
170,1,0,0,208,red,4618,T11
171,1,0,0,208,red,4618,T11
172,1,0,0,208,red,4618,T11
173,1,0,0,208,red,4618,T11
174,1,0,0,208,red,4618,T11
175,1,0,0,208,red,4618,T11
176,1,0,0,208,red,4618,T11
177,1,0,0,208,red,4618,T11
178,1,0,0,208,red,4618,T11
179,1,0,0,208,red,4618,T11
180,1,0,0,208,red,4618,T11
181,1,0,0,208,red,4618,T11
182,1,0,0,208,red,4618,T11
183,1,0,0,208,red,4618,T11
184,1,0,0,208,red,4618,T11
185,1,0,0,208,red,4618,T11
186,1,0,0,208,red,4618,T11
187,1,0,0,208,red,4618,T11
188,1,0,0,208,red,4618,T11
189,1,0,0,208,red,4618,T11
190,1,0,0,208,red,4618,T11
191,1,0,0,208,red,4618,T11
192,1,0,0,208,red,4618,T11
193,1,0,0,208,red,4618,T11
194,1,0,0,208,red,4618,T11
195,1,0,0,208,red,4618,T11
196,1,0,0,208,red,4618,T11
197,1,0,0,208,red,4618,T11
198,1,0,0,208,red,4618,T11
199,1,0,0,208,red,4618,T11
200,1,0,0,208,red,4618,T11
201,1,0,0,208,red,4618,T11
202,1,0,0,208,red,4618,T11
203,1,0,0,208,red,4618,T11
204,1,0,0,208,red,4618,T11
205,1,0,0,208,red,4618,T11
206,1,0,0,208,red,4618,T11
207,1,0,0,208,red,4618,T11
208,1,0,0,208,red,4618,T11
209,1,0,0,208,red,4618,T11
210,1,0,0,208,red,4618,T11
211,1,0,0,208,red,4618,T11
212,1,0,0,208,red,4618,T11
213,1,0,0,208,red,4618,T11
214,1,0,0,208,red,4618,T11
215,1,0,0,208,red,4618,T11
216,1,0,0,208,red,4618,T11
217,1,0,0,208,red,4618,T11
218,1,0,0,208,red,4618,T11
219,1,0,0,208,red,4618,T11
220,1,0,0,208,red,4618,T11
221,1,0,0,208,red,4618,T11
0,0,0,1,209,red,4346,T11
1,0,0,1,209,red,4346,T11
2,0,0,1,209,red,4346,T11
3,0,0,1,209,red,4346,T11
4,0,0,1,209,red,4346,T11
5,0,0,1,209,red,4346,T11
6,0,0,1,209,red,4346,T11
7,0,0,1,209,red,4346,T11
8,0,0,1,209,red,4346,T11
9,0,0,1,209,red,4346,T11
10,0,0,1,209,red,4346,T11
11,0,0,1,209,red,4346,T11
12,0,0,1,209,red,4346,T11
13,0,0,1,209,red,4346,T11
14,0,0,1,209,red,4346,T11
15,0,0,1,209,red,4346,T11
16,0,0,1,209,red,4346,T11
17,0,0,1,209,red,4346,T11
18,0,0,1,209,red,4346,T11
19,0,0,1,209,red,4346,T11
20,0,0,1,209,red,4346,T11
21,0,0,1,209,red,4346,T11
22,0,0,1,209,red,4346,T11
23,0,0,1,209,red,4346,T11
24,0,0,1,209,red,4346,T11
25,0,0,1,209,red,4346,T11
26,0,0,1,209,red,4346,T11
27,0,0,1,209,red,4346,T11
28,0,0,1,209,red,4346,T11
29,0,0,1,209,red,4346,T11
30,0,0,1,209,red,4346,T11
31,0,0,1,209,red,4346,T11
32,0,0,1,209,red,4346,T11
33,0,0,1,209,red,4346,T11
34,0,0,1,209,red,4346,T11
35,0,0,1,209,red,4346,T11
36,0,0,1,209,red,4346,T11
37,0,0,1,209,red,4346,T11
38,0,0,1,209,red,4346,T11
39,0,0,1,209,red,4346,T11
40,0,0,1,209,red,4346,T11
41,0,0,1,209,red,4346,T11
42,0,0,1,209,red,4346,T11
43,0,0,1,209,red,4346,T11
44,0,0,1,209,red,4346,T11
45,0,0,1,209,red,4346,T11
46,0,0,1,209,red,4346,T11
47,0,0,1,209,red,4346,T11
48,0,1,0,209,red,4346,T11
49,0,1,0,209,red,4346,T11
50,0,1,0,209,red,4346,T11
51,0,1,0,209,red,4346,T11
52,0,1,0,209,red,4346,T11
53,0,1,0,209,red,4346,T11
54,0,1,0,209,red,4346,T11
55,0,1,0,209,red,4346,T11
56,0,1,0,209,red,4346,T11
57,0,1,0,209,red,4346,T11
58,0,1,0,209,red,4346,T11
59,0,1,0,209,red,4346,T11
60,0,1,0,209,red,4346,T11
61,0,1,0,209,red,4346,T11
62,0,1,0,209,red,4346,T11
63,0,1,0,209,red,4346,T11
64,0,1,0,209,red,4346,T11
65,0,1,0,209,red,4346,T11
66,0,1,0,209,red,4346,T11
67,0,1,0,209,red,4346,T11
68,0,1,0,209,red,4346,T11
69,0,1,0,209,red,4346,T11
70,0,1,0,209,red,4346,T11
71,0,1,0,209,red,4346,T11
72,0,1,0,209,red,4346,T11
73,0,1,0,209,red,4346,T11
74,0,1,0,209,red,4346,T11
75,0,1,0,209,red,4346,T11
76,0,1,0,209,red,4346,T11
77,0,1,0,209,red,4346,T11
78,0,1,0,209,red,4346,T11
79,0,1,0,209,red,4346,T11
80,0,1,0,209,red,4346,T11
81,0,1,0,209,red,4346,T11
82,0,1,0,209,red,4346,T11
83,0,1,0,209,red,4346,T11
84,0,1,0,209,red,4346,T11
85,0,1,0,209,red,4346,T11
86,0,1,0,209,red,4346,T11
87,0,1,0,209,red,4346,T11
88,0,1,0,209,red,4346,T11
89,0,0,1,209,red,4346,T11
90,0,0,1,209,red,4346,T11
91,0,0,1,209,red,4346,T11
92,0,0,1,209,red,4346,T11
93,0,0,1,209,red,4346,T11
94,1,0,0,209,red,4346,T11
95,1,0,0,209,red,4346,T11
96,1,0,0,209,red,4346,T11
97,1,0,0,209,red,4346,T11
98,1,0,0,209,red,4346,T11
99,1,0,0,209,red,4346,T11
100,1,0,0,209,red,4346,T11
101,1,0,0,209,red,4346,T11
102,1,0,0,209,red,4346,T11
103,1,0,0,209,red,4346,T11
104,1,0,0,209,red,4346,T11
105,0,0,1,209,red,4346,T11
106,0,0,1,209,red,4346,T11
107,0,0,1,209,red,4346,T11
108,0,0,1,209,red,4346,T11
109,0,0,1,209,red,4346,T11
110,0,0,1,209,red,4346,T11
111,0,0,1,209,red,4346,T11
112,0,0,1,209,red,4346,T11
113,0,0,1,209,red,4346,T11
114,0,1,0,209,red,4346,T11
115,0,1,0,209,red,4346,T11
116,0,1,0,209,red,4346,T11
117,0,1,0,209,red,4346,T11
118,0,1,0,209,red,4346,T11
119,0,1,0,209,red,4346,T11
120,0,1,0,209,red,4346,T11
121,0,1,0,209,red,4346,T11
122,0,1,0,209,red,4346,T11
123,0,1,0,209,red,4346,T11
124,0,0,1,209,red,4346,T11
125,1,0,0,209,red,4346,T11
126,1,0,0,209,red,4346,T11
127,1,0,0,209,red,4346,T11
128,1,0,0,209,red,4346,T11
129,1,0,0,209,red,4346,T11
130,1,0,0,209,red,4346,T11
131,1,0,0,209,red,4346,T11
132,1,0,0,209,red,4346,T11
133,1,0,0,209,red,4346,T11
134,1,0,0,209,red,4346,T11
135,1,0,0,209,red,4346,T11
136,1,0,0,209,red,4346,T11
137,1,0,0,209,red,4346,T11
138,1,0,0,209,red,4346,T11
139,1,0,0,209,red,4346,T11
140,1,0,0,209,red,4346,T11
141,1,0,0,209,red,4346,T11
142,1,0,0,209,red,4346,T11
143,1,0,0,209,red,4346,T11
144,1,0,0,209,red,4346,T11
145,1,0,0,209,red,4346,T11
146,1,0,0,209,red,4346,T11
147,1,0,0,209,red,4346,T11
148,1,0,0,209,red,4346,T11
149,1,0,0,209,red,4346,T11
150,1,0,0,209,red,4346,T11
151,1,0,0,209,red,4346,T11
152,1,0,0,209,red,4346,T11
153,1,0,0,209,red,4346,T11
154,1,0,0,209,red,4346,T11
155,1,0,0,209,red,4346,T11
156,1,0,0,209,red,4346,T11
157,1,0,0,209,red,4346,T11
158,1,0,0,209,red,4346,T11
159,1,0,0,209,red,4346,T11
160,1,0,0,209,red,4346,T11
161,1,0,0,209,red,4346,T11
162,1,0,0,209,red,4346,T11
163,1,0,0,209,red,4346,T11
164,1,0,0,209,red,4346,T11
165,1,0,0,209,red,4346,T11
166,1,0,0,209,red,4346,T11
167,1,0,0,209,red,4346,T11
168,1,0,0,209,red,4346,T11
169,1,0,0,209,red,4346,T11
170,1,0,0,209,red,4346,T11
171,1,0,0,209,red,4346,T11
172,1,0,0,209,red,4346,T11
173,1,0,0,209,red,4346,T11
174,1,0,0,209,red,4346,T11
175,1,0,0,209,red,4346,T11
176,1,0,0,209,red,4346,T11
177,1,0,0,209,red,4346,T11
178,1,0,0,209,red,4346,T11
179,1,0,0,209,red,4346,T11
180,1,0,0,209,red,4346,T11
181,1,0,0,209,red,4346,T11
182,1,0,0,209,red,4346,T11
183,1,0,0,209,red,4346,T11
184,1,0,0,209,red,4346,T11
185,1,0,0,209,red,4346,T11
186,1,0,0,209,red,4346,T11
187,1,0,0,209,red,4346,T11
188,1,0,0,209,red,4346,T11
189,1,0,0,209,red,4346,T11
190,1,0,0,209,red,4346,T11
191,1,0,0,209,red,4346,T11
192,1,0,0,209,red,4346,T11
193,1,0,0,209,red,4346,T11
194,1,0,0,209,red,4346,T11
195,1,0,0,209,red,4346,T11
196,1,0,0,209,red,4346,T11
197,1,0,0,209,red,4346,T11
198,1,0,0,209,red,4346,T11
199,1,0,0,209,red,4346,T11
200,1,0,0,209,red,4346,T11
201,1,0,0,209,red,4346,T11
202,1,0,0,209,red,4346,T11
203,1,0,0,209,red,4346,T11
204,1,0,0,209,red,4346,T11
205,1,0,0,209,red,4346,T11
206,1,0,0,209,red,4346,T11
207,1,0,0,209,red,4346,T11
208,1,0,0,209,red,4346,T11
209,1,0,0,209,red,4346,T11
210,1,0,0,209,red,4346,T11
211,1,0,0,209,red,4346,T11
212,1,0,0,209,red,4346,T11
213,1,0,0,209,red,4346,T11
214,1,0,0,209,red,4346,T11
215,1,0,0,209,red,4346,T11
216,1,0,0,209,red,4346,T11
217,1,0,0,209,red,4346,T11
218,1,0,0,209,red,4346,T11
219,1,0,0,209,red,4346,T11
220,1,0,0,209,red,4346,T11
221,1,0,0,209,red,4346,T11
0,0,0,1,210,red,4078,T11
1,0,0,1,210,red,4078,T11
2,0,0,1,210,red,4078,T11
3,0,0,1,210,red,4078,T11
4,0,0,1,210,red,4078,T11
5,0,0,1,210,red,4078,T11
6,0,0,1,210,red,4078,T11
7,0,0,1,210,red,4078,T11
8,0,0,1,210,red,4078,T11
9,0,0,1,210,red,4078,T11
10,0,0,1,210,red,4078,T11
11,0,0,1,210,red,4078,T11
12,0,0,1,210,red,4078,T11
13,0,0,1,210,red,4078,T11
14,0,0,1,210,red,4078,T11
15,0,0,1,210,red,4078,T11
16,0,0,1,210,red,4078,T11
17,0,0,1,210,red,4078,T11
18,0,0,1,210,red,4078,T11
19,0,0,1,210,red,4078,T11
20,0,0,1,210,red,4078,T11
21,0,0,1,210,red,4078,T11
22,0,0,1,210,red,4078,T11
23,0,0,1,210,red,4078,T11
24,0,0,1,210,red,4078,T11
25,0,0,1,210,red,4078,T11
26,0,0,1,210,red,4078,T11
27,0,0,1,210,red,4078,T11
28,0,0,1,210,red,4078,T11
29,0,0,1,210,red,4078,T11
30,0,0,1,210,red,4078,T11
31,0,0,1,210,red,4078,T11
32,0,0,1,210,red,4078,T11
33,0,0,1,210,red,4078,T11
34,0,0,1,210,red,4078,T11
35,0,0,1,210,red,4078,T11
36,0,0,1,210,red,4078,T11
37,0,0,1,210,red,4078,T11
38,0,0,1,210,red,4078,T11
39,0,0,1,210,red,4078,T11
40,0,0,1,210,red,4078,T11
41,0,0,1,210,red,4078,T11
42,0,0,1,210,red,4078,T11
43,0,0,1,210,red,4078,T11
44,0,0,1,210,red,4078,T11
45,0,0,1,210,red,4078,T11
46,0,0,1,210,red,4078,T11
47,0,0,1,210,red,4078,T11
48,0,0,1,210,red,4078,T11
49,0,0,1,210,red,4078,T11
50,0,1,0,210,red,4078,T11
51,0,1,0,210,red,4078,T11
52,0,1,0,210,red,4078,T11
53,0,1,0,210,red,4078,T11
54,0,1,0,210,red,4078,T11
55,0,1,0,210,red,4078,T11
56,0,1,0,210,red,4078,T11
57,0,1,0,210,red,4078,T11
58,0,1,0,210,red,4078,T11
59,0,1,0,210,red,4078,T11
60,0,1,0,210,red,4078,T11
61,0,1,0,210,red,4078,T11
62,0,1,0,210,red,4078,T11
63,0,1,0,210,red,4078,T11
64,0,1,0,210,red,4078,T11
65,0,1,0,210,red,4078,T11
66,0,1,0,210,red,4078,T11
67,0,1,0,210,red,4078,T11
68,0,1,0,210,red,4078,T11
69,0,1,0,210,red,4078,T11
70,0,1,0,210,red,4078,T11
71,0,1,0,210,red,4078,T11
72,0,1,0,210,red,4078,T11
73,0,1,0,210,red,4078,T11
74,0,1,0,210,red,4078,T11
75,0,1,0,210,red,4078,T11
76,0,1,0,210,red,4078,T11
77,0,1,0,210,red,4078,T11
78,0,1,0,210,red,4078,T11
79,0,1,0,210,red,4078,T11
80,0,1,0,210,red,4078,T11
81,0,1,0,210,red,4078,T11
82,0,1,0,210,red,4078,T11
83,0,1,0,210,red,4078,T11
84,0,1,0,210,red,4078,T11
85,0,1,0,210,red,4078,T11
86,0,1,0,210,red,4078,T11
87,0,1,0,210,red,4078,T11
88,0,1,0,210,red,4078,T11
89,0,1,0,210,red,4078,T11
90,0,1,0,210,red,4078,T11
91,0,1,0,210,red,4078,T11
92,0,1,0,210,red,4078,T11
93,0,1,0,210,red,4078,T11
94,0,1,0,210,red,4078,T11
95,0,1,0,210,red,4078,T11
96,0,1,0,210,red,4078,T11
97,0,1,0,210,red,4078,T11
98,0,1,0,210,red,4078,T11
99,0,1,0,210,red,4078,T11
100,0,1,0,210,red,4078,T11
101,0,1,0,210,red,4078,T11
102,0,1,0,210,red,4078,T11
103,0,1,0,210,red,4078,T11
104,0,1,0,210,red,4078,T11
105,0,1,0,210,red,4078,T11
106,0,1,0,210,red,4078,T11
107,0,1,0,210,red,4078,T11
108,0,1,0,210,red,4078,T11
109,0,1,0,210,red,4078,T11
110,0,1,0,210,red,4078,T11
111,0,1,0,210,red,4078,T11
112,0,1,0,210,red,4078,T11
113,0,1,0,210,red,4078,T11
114,0,1,0,210,red,4078,T11
115,0,1,0,210,red,4078,T11
116,0,1,0,210,red,4078,T11
117,0,1,0,210,red,4078,T11
118,0,1,0,210,red,4078,T11
119,0,1,0,210,red,4078,T11
120,0,1,0,210,red,4078,T11
121,0,1,0,210,red,4078,T11
122,0,1,0,210,red,4078,T11
123,0,1,0,210,red,4078,T11
124,0,1,0,210,red,4078,T11
125,0,1,0,210,red,4078,T11
126,0,0,1,210,red,4078,T11
127,0,0,1,210,red,4078,T11
128,0,0,1,210,red,4078,T11
129,0,0,1,210,red,4078,T11
130,0,0,1,210,red,4078,T11
131,0,0,1,210,red,4078,T11
132,1,0,0,210,red,4078,T11
133,1,0,0,210,red,4078,T11
134,1,0,0,210,red,4078,T11
135,1,0,0,210,red,4078,T11
136,1,0,0,210,red,4078,T11
137,1,0,0,210,red,4078,T11
138,1,0,0,210,red,4078,T11
139,1,0,0,210,red,4078,T11
140,1,0,0,210,red,4078,T11
141,1,0,0,210,red,4078,T11
142,1,0,0,210,red,4078,T11
143,1,0,0,210,red,4078,T11
144,1,0,0,210,red,4078,T11
145,1,0,0,210,red,4078,T11
146,1,0,0,210,red,4078,T11
147,1,0,0,210,red,4078,T11
148,1,0,0,210,red,4078,T11
149,1,0,0,210,red,4078,T11
150,1,0,0,210,red,4078,T11
151,1,0,0,210,red,4078,T11
152,1,0,0,210,red,4078,T11
153,1,0,0,210,red,4078,T11
154,1,0,0,210,red,4078,T11
155,1,0,0,210,red,4078,T11
156,1,0,0,210,red,4078,T11
157,1,0,0,210,red,4078,T11
158,1,0,0,210,red,4078,T11
159,1,0,0,210,red,4078,T11
160,1,0,0,210,red,4078,T11
161,1,0,0,210,red,4078,T11
162,1,0,0,210,red,4078,T11
163,1,0,0,210,red,4078,T11
164,1,0,0,210,red,4078,T11
165,1,0,0,210,red,4078,T11
166,1,0,0,210,red,4078,T11
167,1,0,0,210,red,4078,T11
168,1,0,0,210,red,4078,T11
169,1,0,0,210,red,4078,T11
170,1,0,0,210,red,4078,T11
171,1,0,0,210,red,4078,T11
172,1,0,0,210,red,4078,T11
173,1,0,0,210,red,4078,T11
174,1,0,0,210,red,4078,T11
175,1,0,0,210,red,4078,T11
176,1,0,0,210,red,4078,T11
177,1,0,0,210,red,4078,T11
178,1,0,0,210,red,4078,T11
179,1,0,0,210,red,4078,T11
180,1,0,0,210,red,4078,T11
181,1,0,0,210,red,4078,T11
182,1,0,0,210,red,4078,T11
183,1,0,0,210,red,4078,T11
184,1,0,0,210,red,4078,T11
185,1,0,0,210,red,4078,T11
186,1,0,0,210,red,4078,T11
187,1,0,0,210,red,4078,T11
188,1,0,0,210,red,4078,T11
189,1,0,0,210,red,4078,T11
190,1,0,0,210,red,4078,T11
191,1,0,0,210,red,4078,T11
192,1,0,0,210,red,4078,T11
193,1,0,0,210,red,4078,T11
194,1,0,0,210,red,4078,T11
195,1,0,0,210,red,4078,T11
196,1,0,0,210,red,4078,T11
197,1,0,0,210,red,4078,T11
198,1,0,0,210,red,4078,T11
199,1,0,0,210,red,4078,T11
200,1,0,0,210,red,4078,T11
201,1,0,0,210,red,4078,T11
202,1,0,0,210,red,4078,T11
203,1,0,0,210,red,4078,T11
204,1,0,0,210,red,4078,T11
205,1,0,0,210,red,4078,T11
206,1,0,0,210,red,4078,T11
207,1,0,0,210,red,4078,T11
208,1,0,0,210,red,4078,T11
209,1,0,0,210,red,4078,T11
210,1,0,0,210,red,4078,T11
211,1,0,0,210,red,4078,T11
212,1,0,0,210,red,4078,T11
213,1,0,0,210,red,4078,T11
214,1,0,0,210,red,4078,T11
215,1,0,0,210,red,4078,T11
216,1,0,0,210,red,4078,T11
217,1,0,0,210,red,4078,T11
218,1,0,0,210,red,4078,T11
219,1,0,0,210,red,4078,T11
220,1,0,0,210,red,4078,T11
221,1,0,0,210,red,4078,T11
0,0,0,1,211,red,4207,T11
1,0,0,1,211,red,4207,T11
2,0,0,1,211,red,4207,T11
3,0,0,1,211,red,4207,T11
4,0,0,1,211,red,4207,T11
5,0,0,1,211,red,4207,T11
6,0,0,1,211,red,4207,T11
7,0,0,1,211,red,4207,T11
8,0,0,1,211,red,4207,T11
9,0,0,1,211,red,4207,T11
10,0,0,1,211,red,4207,T11
11,0,0,1,211,red,4207,T11
12,0,0,1,211,red,4207,T11
13,0,0,1,211,red,4207,T11
14,0,0,1,211,red,4207,T11
15,0,0,1,211,red,4207,T11
16,0,0,1,211,red,4207,T11
17,0,0,1,211,red,4207,T11
18,0,0,1,211,red,4207,T11
19,0,0,1,211,red,4207,T11
20,0,0,1,211,red,4207,T11
21,0,0,1,211,red,4207,T11
22,0,0,1,211,red,4207,T11
23,0,0,1,211,red,4207,T11
24,0,0,1,211,red,4207,T11
25,0,0,1,211,red,4207,T11
26,0,0,1,211,red,4207,T11
27,0,0,1,211,red,4207,T11
28,0,0,1,211,red,4207,T11
29,0,0,1,211,red,4207,T11
30,0,0,1,211,red,4207,T11
31,0,0,1,211,red,4207,T11
32,0,0,1,211,red,4207,T11
33,0,0,1,211,red,4207,T11
34,0,0,1,211,red,4207,T11
35,0,0,1,211,red,4207,T11
36,0,0,1,211,red,4207,T11
37,0,0,1,211,red,4207,T11
38,0,0,1,211,red,4207,T11
39,0,0,1,211,red,4207,T11
40,0,0,1,211,red,4207,T11
41,0,0,1,211,red,4207,T11
42,0,0,1,211,red,4207,T11
43,0,0,1,211,red,4207,T11
44,0,0,1,211,red,4207,T11
45,0,0,1,211,red,4207,T11
46,0,1,0,211,red,4207,T11
47,0,1,0,211,red,4207,T11
48,0,1,0,211,red,4207,T11
49,0,1,0,211,red,4207,T11
50,0,1,0,211,red,4207,T11
51,0,1,0,211,red,4207,T11
52,0,1,0,211,red,4207,T11
53,0,1,0,211,red,4207,T11
54,0,1,0,211,red,4207,T11
55,0,1,0,211,red,4207,T11
56,0,1,0,211,red,4207,T11
57,0,1,0,211,red,4207,T11
58,0,1,0,211,red,4207,T11
59,0,1,0,211,red,4207,T11
60,0,1,0,211,red,4207,T11
61,0,1,0,211,red,4207,T11
62,0,1,0,211,red,4207,T11
63,0,1,0,211,red,4207,T11
64,0,1,0,211,red,4207,T11
65,0,1,0,211,red,4207,T11
66,0,1,0,211,red,4207,T11
67,0,1,0,211,red,4207,T11
68,0,1,0,211,red,4207,T11
69,0,1,0,211,red,4207,T11
70,0,1,0,211,red,4207,T11
71,0,1,0,211,red,4207,T11
72,0,1,0,211,red,4207,T11
73,0,1,0,211,red,4207,T11
74,0,1,0,211,red,4207,T11
75,0,1,0,211,red,4207,T11
76,0,1,0,211,red,4207,T11
77,0,1,0,211,red,4207,T11
78,0,1,0,211,red,4207,T11
79,0,1,0,211,red,4207,T11
80,0,1,0,211,red,4207,T11
81,0,1,0,211,red,4207,T11
82,0,1,0,211,red,4207,T11
83,0,1,0,211,red,4207,T11
84,0,1,0,211,red,4207,T11
85,0,1,0,211,red,4207,T11
86,0,1,0,211,red,4207,T11
87,0,1,0,211,red,4207,T11
88,0,1,0,211,red,4207,T11
89,0,1,0,211,red,4207,T11
90,0,1,0,211,red,4207,T11
91,0,1,0,211,red,4207,T11
92,0,1,0,211,red,4207,T11
93,0,1,0,211,red,4207,T11
94,0,1,0,211,red,4207,T11
95,0,1,0,211,red,4207,T11
96,0,1,0,211,red,4207,T11
97,0,1,0,211,red,4207,T11
98,0,1,0,211,red,4207,T11
99,0,1,0,211,red,4207,T11
100,0,1,0,211,red,4207,T11
101,0,1,0,211,red,4207,T11
102,0,1,0,211,red,4207,T11
103,0,1,0,211,red,4207,T11
104,0,1,0,211,red,4207,T11
105,0,1,0,211,red,4207,T11
106,0,1,0,211,red,4207,T11
107,0,1,0,211,red,4207,T11
108,0,1,0,211,red,4207,T11
109,0,1,0,211,red,4207,T11
110,0,1,0,211,red,4207,T11
111,0,1,0,211,red,4207,T11
112,0,1,0,211,red,4207,T11
113,0,1,0,211,red,4207,T11
114,0,0,1,211,red,4207,T11
115,1,0,0,211,red,4207,T11
116,1,0,0,211,red,4207,T11
117,1,0,0,211,red,4207,T11
118,1,0,0,211,red,4207,T11
119,1,0,0,211,red,4207,T11
120,1,0,0,211,red,4207,T11
121,1,0,0,211,red,4207,T11
122,1,0,0,211,red,4207,T11
123,1,0,0,211,red,4207,T11
124,1,0,0,211,red,4207,T11
125,1,0,0,211,red,4207,T11
126,1,0,0,211,red,4207,T11
127,1,0,0,211,red,4207,T11
128,1,0,0,211,red,4207,T11
129,1,0,0,211,red,4207,T11
130,1,0,0,211,red,4207,T11
131,1,0,0,211,red,4207,T11
132,1,0,0,211,red,4207,T11
133,1,0,0,211,red,4207,T11
134,1,0,0,211,red,4207,T11
135,1,0,0,211,red,4207,T11
136,1,0,0,211,red,4207,T11
137,1,0,0,211,red,4207,T11
138,1,0,0,211,red,4207,T11
139,1,0,0,211,red,4207,T11
140,1,0,0,211,red,4207,T11
141,1,0,0,211,red,4207,T11
142,1,0,0,211,red,4207,T11
143,1,0,0,211,red,4207,T11
144,1,0,0,211,red,4207,T11
145,1,0,0,211,red,4207,T11
146,1,0,0,211,red,4207,T11
147,1,0,0,211,red,4207,T11
148,1,0,0,211,red,4207,T11
149,1,0,0,211,red,4207,T11
150,1,0,0,211,red,4207,T11
151,1,0,0,211,red,4207,T11
152,1,0,0,211,red,4207,T11
153,1,0,0,211,red,4207,T11
154,1,0,0,211,red,4207,T11
155,1,0,0,211,red,4207,T11
156,1,0,0,211,red,4207,T11
157,1,0,0,211,red,4207,T11
158,1,0,0,211,red,4207,T11
159,1,0,0,211,red,4207,T11
160,1,0,0,211,red,4207,T11
161,1,0,0,211,red,4207,T11
162,1,0,0,211,red,4207,T11
163,1,0,0,211,red,4207,T11
164,1,0,0,211,red,4207,T11
165,1,0,0,211,red,4207,T11
166,1,0,0,211,red,4207,T11
167,1,0,0,211,red,4207,T11
168,1,0,0,211,red,4207,T11
169,1,0,0,211,red,4207,T11
170,1,0,0,211,red,4207,T11
171,1,0,0,211,red,4207,T11
172,1,0,0,211,red,4207,T11
173,1,0,0,211,red,4207,T11
174,1,0,0,211,red,4207,T11
175,1,0,0,211,red,4207,T11
176,1,0,0,211,red,4207,T11
177,1,0,0,211,red,4207,T11
178,1,0,0,211,red,4207,T11
179,1,0,0,211,red,4207,T11
180,1,0,0,211,red,4207,T11
181,1,0,0,211,red,4207,T11
182,1,0,0,211,red,4207,T11
183,1,0,0,211,red,4207,T11
184,1,0,0,211,red,4207,T11
185,1,0,0,211,red,4207,T11
186,1,0,0,211,red,4207,T11
187,1,0,0,211,red,4207,T11
188,1,0,0,211,red,4207,T11
189,1,0,0,211,red,4207,T11
190,1,0,0,211,red,4207,T11
191,1,0,0,211,red,4207,T11
192,1,0,0,211,red,4207,T11
193,1,0,0,211,red,4207,T11
194,1,0,0,211,red,4207,T11
195,1,0,0,211,red,4207,T11
196,1,0,0,211,red,4207,T11
197,1,0,0,211,red,4207,T11
198,1,0,0,211,red,4207,T11
199,1,0,0,211,red,4207,T11
200,1,0,0,211,red,4207,T11
201,1,0,0,211,red,4207,T11
202,1,0,0,211,red,4207,T11
203,1,0,0,211,red,4207,T11
204,1,0,0,211,red,4207,T11
205,1,0,0,211,red,4207,T11
206,1,0,0,211,red,4207,T11
207,1,0,0,211,red,4207,T11
208,1,0,0,211,red,4207,T11
209,1,0,0,211,red,4207,T11
210,1,0,0,211,red,4207,T11
211,1,0,0,211,red,4207,T11
212,1,0,0,211,red,4207,T11
213,1,0,0,211,red,4207,T11
214,1,0,0,211,red,4207,T11
215,1,0,0,211,red,4207,T11
216,1,0,0,211,red,4207,T11
217,1,0,0,211,red,4207,T11
218,1,0,0,211,red,4207,T11
219,1,0,0,211,red,4207,T11
220,1,0,0,211,red,4207,T11
221,1,0,0,211,red,4207,T11
0,0,0,1,212,red,3990,T11
1,0,0,1,212,red,3990,T11
2,0,0,1,212,red,3990,T11
3,0,0,1,212,red,3990,T11
4,0,0,1,212,red,3990,T11
5,0,0,1,212,red,3990,T11
6,0,0,1,212,red,3990,T11
7,0,0,1,212,red,3990,T11
8,0,0,1,212,red,3990,T11
9,0,0,1,212,red,3990,T11
10,0,0,1,212,red,3990,T11
11,0,0,1,212,red,3990,T11
12,0,0,1,212,red,3990,T11
13,0,0,1,212,red,3990,T11
14,0,0,1,212,red,3990,T11
15,0,0,1,212,red,3990,T11
16,0,1,0,212,red,3990,T11
17,0,1,0,212,red,3990,T11
18,0,1,0,212,red,3990,T11
19,0,1,0,212,red,3990,T11
20,0,1,0,212,red,3990,T11
21,0,1,0,212,red,3990,T11
22,0,1,0,212,red,3990,T11
23,0,1,0,212,red,3990,T11
24,0,1,0,212,red,3990,T11
25,0,1,0,212,red,3990,T11
26,0,1,0,212,red,3990,T11
27,0,1,0,212,red,3990,T11
28,0,1,0,212,red,3990,T11
29,0,1,0,212,red,3990,T11
30,0,1,0,212,red,3990,T11
31,0,1,0,212,red,3990,T11
32,0,1,0,212,red,3990,T11
33,0,1,0,212,red,3990,T11
34,0,1,0,212,red,3990,T11
35,0,1,0,212,red,3990,T11
36,0,1,0,212,red,3990,T11
37,0,1,0,212,red,3990,T11
38,0,1,0,212,red,3990,T11
39,0,1,0,212,red,3990,T11
40,0,1,0,212,red,3990,T11
41,0,1,0,212,red,3990,T11
42,0,1,0,212,red,3990,T11
43,0,1,0,212,red,3990,T11
44,0,1,0,212,red,3990,T11
45,0,1,0,212,red,3990,T11
46,0,1,0,212,red,3990,T11
47,0,1,0,212,red,3990,T11
48,0,1,0,212,red,3990,T11
49,0,1,0,212,red,3990,T11
50,0,1,0,212,red,3990,T11
51,0,1,0,212,red,3990,T11
52,0,1,0,212,red,3990,T11
53,0,1,0,212,red,3990,T11
54,0,1,0,212,red,3990,T11
55,0,1,0,212,red,3990,T11
56,0,1,0,212,red,3990,T11
57,0,1,0,212,red,3990,T11
58,0,1,0,212,red,3990,T11
59,0,1,0,212,red,3990,T11
60,0,1,0,212,red,3990,T11
61,0,1,0,212,red,3990,T11
62,0,1,0,212,red,3990,T11
63,0,1,0,212,red,3990,T11
64,0,1,0,212,red,3990,T11
65,0,1,0,212,red,3990,T11
66,0,1,0,212,red,3990,T11
67,0,1,0,212,red,3990,T11
68,0,1,0,212,red,3990,T11
69,0,1,0,212,red,3990,T11
70,0,1,0,212,red,3990,T11
71,0,1,0,212,red,3990,T11
72,0,1,0,212,red,3990,T11
73,0,1,0,212,red,3990,T11
74,0,1,0,212,red,3990,T11
75,0,1,0,212,red,3990,T11
76,0,1,0,212,red,3990,T11
77,0,1,0,212,red,3990,T11
78,0,1,0,212,red,3990,T11
79,0,1,0,212,red,3990,T11
80,0,1,0,212,red,3990,T11
81,0,1,0,212,red,3990,T11
82,0,1,0,212,red,3990,T11
83,0,1,0,212,red,3990,T11
84,0,1,0,212,red,3990,T11
85,0,1,0,212,red,3990,T11
86,0,1,0,212,red,3990,T11
87,0,1,0,212,red,3990,T11
88,0,1,0,212,red,3990,T11
89,0,1,0,212,red,3990,T11
90,0,1,0,212,red,3990,T11
91,0,1,0,212,red,3990,T11
92,0,1,0,212,red,3990,T11
93,0,1,0,212,red,3990,T11
94,0,1,0,212,red,3990,T11
95,0,1,0,212,red,3990,T11
96,0,1,0,212,red,3990,T11
97,0,1,0,212,red,3990,T11
98,0,1,0,212,red,3990,T11
99,0,1,0,212,red,3990,T11
100,0,1,0,212,red,3990,T11
101,0,1,0,212,red,3990,T11
102,0,1,0,212,red,3990,T11
103,0,1,0,212,red,3990,T11
104,0,1,0,212,red,3990,T11
105,0,1,0,212,red,3990,T11
106,0,1,0,212,red,3990,T11
107,0,1,0,212,red,3990,T11
108,0,1,0,212,red,3990,T11
109,0,1,0,212,red,3990,T11
110,0,1,0,212,red,3990,T11
111,0,1,0,212,red,3990,T11
112,0,1,0,212,red,3990,T11
113,0,1,0,212,red,3990,T11
114,0,1,0,212,red,3990,T11
115,0,1,0,212,red,3990,T11
116,0,1,0,212,red,3990,T11
117,0,0,1,212,red,3990,T11
118,1,0,0,212,red,3990,T11
119,1,0,0,212,red,3990,T11
120,1,0,0,212,red,3990,T11
121,1,0,0,212,red,3990,T11
122,1,0,0,212,red,3990,T11
123,1,0,0,212,red,3990,T11
124,1,0,0,212,red,3990,T11
125,1,0,0,212,red,3990,T11
126,1,0,0,212,red,3990,T11
127,1,0,0,212,red,3990,T11
128,1,0,0,212,red,3990,T11
129,1,0,0,212,red,3990,T11
130,1,0,0,212,red,3990,T11
131,1,0,0,212,red,3990,T11
132,1,0,0,212,red,3990,T11
133,1,0,0,212,red,3990,T11
134,1,0,0,212,red,3990,T11
135,1,0,0,212,red,3990,T11
136,1,0,0,212,red,3990,T11
137,1,0,0,212,red,3990,T11
138,1,0,0,212,red,3990,T11
139,1,0,0,212,red,3990,T11
140,1,0,0,212,red,3990,T11
141,1,0,0,212,red,3990,T11
142,1,0,0,212,red,3990,T11
143,1,0,0,212,red,3990,T11
144,1,0,0,212,red,3990,T11
145,1,0,0,212,red,3990,T11
146,1,0,0,212,red,3990,T11
147,1,0,0,212,red,3990,T11
148,1,0,0,212,red,3990,T11
149,1,0,0,212,red,3990,T11
150,1,0,0,212,red,3990,T11
151,1,0,0,212,red,3990,T11
152,1,0,0,212,red,3990,T11
153,1,0,0,212,red,3990,T11
154,1,0,0,212,red,3990,T11
155,1,0,0,212,red,3990,T11
156,1,0,0,212,red,3990,T11
157,1,0,0,212,red,3990,T11
158,1,0,0,212,red,3990,T11
159,1,0,0,212,red,3990,T11
160,1,0,0,212,red,3990,T11
161,1,0,0,212,red,3990,T11
162,1,0,0,212,red,3990,T11
163,1,0,0,212,red,3990,T11
164,1,0,0,212,red,3990,T11
165,1,0,0,212,red,3990,T11
166,1,0,0,212,red,3990,T11
167,1,0,0,212,red,3990,T11
168,1,0,0,212,red,3990,T11
169,1,0,0,212,red,3990,T11
170,1,0,0,212,red,3990,T11
171,1,0,0,212,red,3990,T11
172,1,0,0,212,red,3990,T11
173,1,0,0,212,red,3990,T11
174,1,0,0,212,red,3990,T11
175,1,0,0,212,red,3990,T11
176,1,0,0,212,red,3990,T11
177,1,0,0,212,red,3990,T11
178,1,0,0,212,red,3990,T11
179,1,0,0,212,red,3990,T11
180,1,0,0,212,red,3990,T11
181,1,0,0,212,red,3990,T11
182,1,0,0,212,red,3990,T11
183,1,0,0,212,red,3990,T11
184,1,0,0,212,red,3990,T11
185,1,0,0,212,red,3990,T11
186,1,0,0,212,red,3990,T11
187,1,0,0,212,red,3990,T11
188,1,0,0,212,red,3990,T11
189,1,0,0,212,red,3990,T11
190,1,0,0,212,red,3990,T11
191,1,0,0,212,red,3990,T11
192,1,0,0,212,red,3990,T11
193,1,0,0,212,red,3990,T11
194,1,0,0,212,red,3990,T11
195,1,0,0,212,red,3990,T11
196,1,0,0,212,red,3990,T11
197,1,0,0,212,red,3990,T11
198,1,0,0,212,red,3990,T11
199,1,0,0,212,red,3990,T11
200,1,0,0,212,red,3990,T11
201,1,0,0,212,red,3990,T11
202,1,0,0,212,red,3990,T11
203,1,0,0,212,red,3990,T11
204,1,0,0,212,red,3990,T11
205,1,0,0,212,red,3990,T11
206,1,0,0,212,red,3990,T11
207,1,0,0,212,red,3990,T11
208,1,0,0,212,red,3990,T11
209,1,0,0,212,red,3990,T11
210,1,0,0,212,red,3990,T11
211,1,0,0,212,red,3990,T11
212,1,0,0,212,red,3990,T11
213,1,0,0,212,red,3990,T11
214,1,0,0,212,red,3990,T11
215,1,0,0,212,red,3990,T11
216,1,0,0,212,red,3990,T11
217,1,0,0,212,red,3990,T11
218,1,0,0,212,red,3990,T11
219,1,0,0,212,red,3990,T11
220,1,0,0,212,red,3990,T11
221,1,0,0,212,red,3990,T11
0,0,0,1,213,red,4742,T11
1,0,0,1,213,red,4742,T11
2,0,0,1,213,red,4742,T11
3,0,0,1,213,red,4742,T11
4,0,0,1,213,red,4742,T11
5,0,0,1,213,red,4742,T11
6,0,0,1,213,red,4742,T11
7,0,0,1,213,red,4742,T11
8,0,0,1,213,red,4742,T11
9,0,0,1,213,red,4742,T11
10,0,0,1,213,red,4742,T11
11,0,0,1,213,red,4742,T11
12,0,0,1,213,red,4742,T11
13,0,0,1,213,red,4742,T11
14,0,0,1,213,red,4742,T11
15,0,0,1,213,red,4742,T11
16,0,0,1,213,red,4742,T11
17,0,0,1,213,red,4742,T11
18,0,0,1,213,red,4742,T11
19,0,0,1,213,red,4742,T11
20,0,0,1,213,red,4742,T11
21,0,0,1,213,red,4742,T11
22,0,0,1,213,red,4742,T11
23,0,0,1,213,red,4742,T11
24,0,0,1,213,red,4742,T11
25,0,0,1,213,red,4742,T11
26,0,0,1,213,red,4742,T11
27,0,0,1,213,red,4742,T11
28,0,0,1,213,red,4742,T11
29,0,0,1,213,red,4742,T11
30,0,0,1,213,red,4742,T11
31,0,0,1,213,red,4742,T11
32,0,0,1,213,red,4742,T11
33,0,1,0,213,red,4742,T11
34,0,1,0,213,red,4742,T11
35,0,1,0,213,red,4742,T11
36,0,1,0,213,red,4742,T11
37,0,1,0,213,red,4742,T11
38,0,1,0,213,red,4742,T11
39,0,1,0,213,red,4742,T11
40,0,1,0,213,red,4742,T11
41,0,1,0,213,red,4742,T11
42,0,1,0,213,red,4742,T11
43,0,1,0,213,red,4742,T11
44,0,1,0,213,red,4742,T11
45,0,1,0,213,red,4742,T11
46,0,1,0,213,red,4742,T11
47,0,1,0,213,red,4742,T11
48,0,1,0,213,red,4742,T11
49,0,1,0,213,red,4742,T11
50,0,1,0,213,red,4742,T11
51,0,1,0,213,red,4742,T11
52,0,1,0,213,red,4742,T11
53,0,1,0,213,red,4742,T11
54,0,1,0,213,red,4742,T11
55,0,1,0,213,red,4742,T11
56,0,1,0,213,red,4742,T11
57,0,1,0,213,red,4742,T11
58,0,1,0,213,red,4742,T11
59,0,1,0,213,red,4742,T11
60,0,1,0,213,red,4742,T11
61,0,1,0,213,red,4742,T11
62,0,1,0,213,red,4742,T11
63,0,1,0,213,red,4742,T11
64,0,1,0,213,red,4742,T11
65,0,1,0,213,red,4742,T11
66,0,1,0,213,red,4742,T11
67,0,1,0,213,red,4742,T11
68,0,1,0,213,red,4742,T11
69,0,1,0,213,red,4742,T11
70,0,1,0,213,red,4742,T11
71,0,1,0,213,red,4742,T11
72,0,1,0,213,red,4742,T11
73,0,1,0,213,red,4742,T11
74,0,1,0,213,red,4742,T11
75,0,1,0,213,red,4742,T11
76,0,1,0,213,red,4742,T11
77,0,1,0,213,red,4742,T11
78,0,1,0,213,red,4742,T11
79,0,1,0,213,red,4742,T11
80,0,1,0,213,red,4742,T11
81,0,1,0,213,red,4742,T11
82,0,1,0,213,red,4742,T11
83,0,1,0,213,red,4742,T11
84,0,1,0,213,red,4742,T11
85,0,1,0,213,red,4742,T11
86,0,1,0,213,red,4742,T11
87,0,1,0,213,red,4742,T11
88,0,1,0,213,red,4742,T11
89,0,1,0,213,red,4742,T11
90,0,1,0,213,red,4742,T11
91,0,1,0,213,red,4742,T11
92,0,1,0,213,red,4742,T11
93,0,1,0,213,red,4742,T11
94,0,1,0,213,red,4742,T11
95,0,1,0,213,red,4742,T11
96,0,1,0,213,red,4742,T11
97,0,1,0,213,red,4742,T11
98,0,1,0,213,red,4742,T11
99,0,1,0,213,red,4742,T11
100,0,1,0,213,red,4742,T11
101,0,1,0,213,red,4742,T11
102,0,1,0,213,red,4742,T11
103,0,1,0,213,red,4742,T11
104,0,1,0,213,red,4742,T11
105,0,1,0,213,red,4742,T11
106,0,1,0,213,red,4742,T11
107,0,1,0,213,red,4742,T11
108,0,1,0,213,red,4742,T11
109,0,1,0,213,red,4742,T11
110,0,1,0,213,red,4742,T11
111,0,1,0,213,red,4742,T11
112,0,1,0,213,red,4742,T11
113,0,1,0,213,red,4742,T11
114,0,1,0,213,red,4742,T11
115,0,1,0,213,red,4742,T11
116,0,0,1,213,red,4742,T11
117,0,0,1,213,red,4742,T11
118,0,0,1,213,red,4742,T11
119,1,0,0,213,red,4742,T11
120,1,0,0,213,red,4742,T11
121,1,0,0,213,red,4742,T11
122,1,0,0,213,red,4742,T11
123,1,0,0,213,red,4742,T11
124,1,0,0,213,red,4742,T11
125,1,0,0,213,red,4742,T11
126,1,0,0,213,red,4742,T11
127,1,0,0,213,red,4742,T11
128,1,0,0,213,red,4742,T11
129,1,0,0,213,red,4742,T11
130,1,0,0,213,red,4742,T11
131,1,0,0,213,red,4742,T11
132,1,0,0,213,red,4742,T11
133,1,0,0,213,red,4742,T11
134,1,0,0,213,red,4742,T11
135,1,0,0,213,red,4742,T11
136,1,0,0,213,red,4742,T11
137,1,0,0,213,red,4742,T11
138,1,0,0,213,red,4742,T11
139,1,0,0,213,red,4742,T11
140,1,0,0,213,red,4742,T11
141,1,0,0,213,red,4742,T11
142,1,0,0,213,red,4742,T11
143,1,0,0,213,red,4742,T11
144,1,0,0,213,red,4742,T11
145,1,0,0,213,red,4742,T11
146,1,0,0,213,red,4742,T11
147,1,0,0,213,red,4742,T11
148,1,0,0,213,red,4742,T11
149,1,0,0,213,red,4742,T11
150,1,0,0,213,red,4742,T11
151,1,0,0,213,red,4742,T11
152,1,0,0,213,red,4742,T11
153,1,0,0,213,red,4742,T11
154,1,0,0,213,red,4742,T11
155,1,0,0,213,red,4742,T11
156,1,0,0,213,red,4742,T11
157,1,0,0,213,red,4742,T11
158,1,0,0,213,red,4742,T11
159,1,0,0,213,red,4742,T11
160,1,0,0,213,red,4742,T11
161,1,0,0,213,red,4742,T11
162,1,0,0,213,red,4742,T11
163,1,0,0,213,red,4742,T11
164,1,0,0,213,red,4742,T11
165,1,0,0,213,red,4742,T11
166,1,0,0,213,red,4742,T11
167,1,0,0,213,red,4742,T11
168,1,0,0,213,red,4742,T11
169,1,0,0,213,red,4742,T11
170,1,0,0,213,red,4742,T11
171,1,0,0,213,red,4742,T11
172,1,0,0,213,red,4742,T11
173,1,0,0,213,red,4742,T11
174,1,0,0,213,red,4742,T11
175,1,0,0,213,red,4742,T11
176,1,0,0,213,red,4742,T11
177,1,0,0,213,red,4742,T11
178,1,0,0,213,red,4742,T11
179,1,0,0,213,red,4742,T11
180,1,0,0,213,red,4742,T11
181,1,0,0,213,red,4742,T11
182,1,0,0,213,red,4742,T11
183,1,0,0,213,red,4742,T11
184,1,0,0,213,red,4742,T11
185,1,0,0,213,red,4742,T11
186,1,0,0,213,red,4742,T11
187,1,0,0,213,red,4742,T11
188,1,0,0,213,red,4742,T11
189,1,0,0,213,red,4742,T11
190,1,0,0,213,red,4742,T11
191,1,0,0,213,red,4742,T11
192,1,0,0,213,red,4742,T11
193,1,0,0,213,red,4742,T11
194,1,0,0,213,red,4742,T11
195,1,0,0,213,red,4742,T11
196,1,0,0,213,red,4742,T11
197,1,0,0,213,red,4742,T11
198,1,0,0,213,red,4742,T11
199,1,0,0,213,red,4742,T11
200,1,0,0,213,red,4742,T11
201,1,0,0,213,red,4742,T11
202,1,0,0,213,red,4742,T11
203,1,0,0,213,red,4742,T11
204,1,0,0,213,red,4742,T11
205,1,0,0,213,red,4742,T11
206,1,0,0,213,red,4742,T11
207,1,0,0,213,red,4742,T11
208,1,0,0,213,red,4742,T11
209,1,0,0,213,red,4742,T11
210,1,0,0,213,red,4742,T11
211,1,0,0,213,red,4742,T11
212,1,0,0,213,red,4742,T11
213,1,0,0,213,red,4742,T11
214,1,0,0,213,red,4742,T11
215,1,0,0,213,red,4742,T11
216,1,0,0,213,red,4742,T11
217,1,0,0,213,red,4742,T11
218,1,0,0,213,red,4742,T11
219,1,0,0,213,red,4742,T11
220,1,0,0,213,red,4742,T11
221,1,0,0,213,red,4742,T11
0,0,0,1,214,red,3842,T11
1,0,0,1,214,red,3842,T11
2,0,0,1,214,red,3842,T11
3,0,0,1,214,red,3842,T11
4,0,0,1,214,red,3842,T11
5,0,0,1,214,red,3842,T11
6,0,0,1,214,red,3842,T11
7,0,0,1,214,red,3842,T11
8,0,0,1,214,red,3842,T11
9,0,0,1,214,red,3842,T11
10,0,0,1,214,red,3842,T11
11,0,0,1,214,red,3842,T11
12,0,0,1,214,red,3842,T11
13,0,0,1,214,red,3842,T11
14,0,0,1,214,red,3842,T11
15,0,0,1,214,red,3842,T11
16,0,0,1,214,red,3842,T11
17,0,0,1,214,red,3842,T11
18,0,0,1,214,red,3842,T11
19,0,0,1,214,red,3842,T11
20,0,0,1,214,red,3842,T11
21,0,0,1,214,red,3842,T11
22,0,0,1,214,red,3842,T11
23,0,0,1,214,red,3842,T11
24,0,0,1,214,red,3842,T11
25,0,0,1,214,red,3842,T11
26,0,0,1,214,red,3842,T11
27,0,0,1,214,red,3842,T11
28,0,0,1,214,red,3842,T11
29,0,0,1,214,red,3842,T11
30,0,0,1,214,red,3842,T11
31,0,0,1,214,red,3842,T11
32,0,0,1,214,red,3842,T11
33,0,0,1,214,red,3842,T11
34,0,0,1,214,red,3842,T11
35,0,0,1,214,red,3842,T11
36,0,0,1,214,red,3842,T11
37,0,0,1,214,red,3842,T11
38,0,0,1,214,red,3842,T11
39,0,0,1,214,red,3842,T11
40,0,0,1,214,red,3842,T11
41,0,0,1,214,red,3842,T11
42,0,0,1,214,red,3842,T11
43,0,0,1,214,red,3842,T11
44,0,0,1,214,red,3842,T11
45,0,0,1,214,red,3842,T11
46,0,0,1,214,red,3842,T11
47,0,0,1,214,red,3842,T11
48,0,0,1,214,red,3842,T11
49,0,0,1,214,red,3842,T11
50,0,0,1,214,red,3842,T11
51,0,0,1,214,red,3842,T11
52,0,0,1,214,red,3842,T11
53,0,0,1,214,red,3842,T11
54,0,0,1,214,red,3842,T11
55,0,0,1,214,red,3842,T11
56,0,0,1,214,red,3842,T11
57,0,0,1,214,red,3842,T11
58,0,0,1,214,red,3842,T11
59,0,0,1,214,red,3842,T11
60,0,0,1,214,red,3842,T11
61,0,0,1,214,red,3842,T11
62,0,0,1,214,red,3842,T11
63,1,0,0,214,red,3842,T11
64,1,0,0,214,red,3842,T11
65,1,0,0,214,red,3842,T11
66,1,0,0,214,red,3842,T11
67,1,0,0,214,red,3842,T11
68,1,0,0,214,red,3842,T11
69,1,0,0,214,red,3842,T11
70,1,0,0,214,red,3842,T11
71,1,0,0,214,red,3842,T11
72,1,0,0,214,red,3842,T11
73,1,0,0,214,red,3842,T11
74,1,0,0,214,red,3842,T11
75,1,0,0,214,red,3842,T11
76,1,0,0,214,red,3842,T11
77,1,0,0,214,red,3842,T11
78,1,0,0,214,red,3842,T11
79,1,0,0,214,red,3842,T11
80,1,0,0,214,red,3842,T11
81,1,0,0,214,red,3842,T11
82,1,0,0,214,red,3842,T11
83,1,0,0,214,red,3842,T11
84,1,0,0,214,red,3842,T11
85,1,0,0,214,red,3842,T11
86,1,0,0,214,red,3842,T11
87,1,0,0,214,red,3842,T11
88,1,0,0,214,red,3842,T11
89,1,0,0,214,red,3842,T11
90,1,0,0,214,red,3842,T11
91,1,0,0,214,red,3842,T11
92,1,0,0,214,red,3842,T11
93,1,0,0,214,red,3842,T11
94,1,0,0,214,red,3842,T11
95,1,0,0,214,red,3842,T11
96,1,0,0,214,red,3842,T11
97,1,0,0,214,red,3842,T11
98,1,0,0,214,red,3842,T11
99,1,0,0,214,red,3842,T11
100,1,0,0,214,red,3842,T11
101,1,0,0,214,red,3842,T11
102,1,0,0,214,red,3842,T11
103,1,0,0,214,red,3842,T11
104,1,0,0,214,red,3842,T11
105,1,0,0,214,red,3842,T11
106,1,0,0,214,red,3842,T11
107,1,0,0,214,red,3842,T11
108,1,0,0,214,red,3842,T11
109,1,0,0,214,red,3842,T11
110,1,0,0,214,red,3842,T11
111,1,0,0,214,red,3842,T11
112,1,0,0,214,red,3842,T11
113,1,0,0,214,red,3842,T11
114,1,0,0,214,red,3842,T11
115,1,0,0,214,red,3842,T11
116,1,0,0,214,red,3842,T11
117,1,0,0,214,red,3842,T11
118,1,0,0,214,red,3842,T11
119,1,0,0,214,red,3842,T11
120,1,0,0,214,red,3842,T11
121,1,0,0,214,red,3842,T11
122,1,0,0,214,red,3842,T11
123,1,0,0,214,red,3842,T11
124,1,0,0,214,red,3842,T11
125,1,0,0,214,red,3842,T11
126,1,0,0,214,red,3842,T11
127,1,0,0,214,red,3842,T11
128,1,0,0,214,red,3842,T11
129,1,0,0,214,red,3842,T11
130,1,0,0,214,red,3842,T11
131,1,0,0,214,red,3842,T11
132,1,0,0,214,red,3842,T11
133,1,0,0,214,red,3842,T11
134,1,0,0,214,red,3842,T11
135,1,0,0,214,red,3842,T11
136,1,0,0,214,red,3842,T11
137,1,0,0,214,red,3842,T11
138,1,0,0,214,red,3842,T11
139,1,0,0,214,red,3842,T11
140,1,0,0,214,red,3842,T11
141,1,0,0,214,red,3842,T11
142,1,0,0,214,red,3842,T11
143,1,0,0,214,red,3842,T11
144,1,0,0,214,red,3842,T11
145,1,0,0,214,red,3842,T11
146,1,0,0,214,red,3842,T11
147,1,0,0,214,red,3842,T11
148,1,0,0,214,red,3842,T11
149,1,0,0,214,red,3842,T11
150,1,0,0,214,red,3842,T11
151,1,0,0,214,red,3842,T11
152,1,0,0,214,red,3842,T11
153,1,0,0,214,red,3842,T11
154,1,0,0,214,red,3842,T11
155,1,0,0,214,red,3842,T11
156,1,0,0,214,red,3842,T11
157,1,0,0,214,red,3842,T11
158,1,0,0,214,red,3842,T11
159,1,0,0,214,red,3842,T11
160,1,0,0,214,red,3842,T11
161,1,0,0,214,red,3842,T11
162,1,0,0,214,red,3842,T11
163,1,0,0,214,red,3842,T11
164,1,0,0,214,red,3842,T11
165,1,0,0,214,red,3842,T11
166,1,0,0,214,red,3842,T11
167,1,0,0,214,red,3842,T11
168,1,0,0,214,red,3842,T11
169,1,0,0,214,red,3842,T11
170,1,0,0,214,red,3842,T11
171,1,0,0,214,red,3842,T11
172,1,0,0,214,red,3842,T11
173,1,0,0,214,red,3842,T11
174,1,0,0,214,red,3842,T11
175,1,0,0,214,red,3842,T11
176,1,0,0,214,red,3842,T11
177,1,0,0,214,red,3842,T11
178,1,0,0,214,red,3842,T11
179,1,0,0,214,red,3842,T11
180,1,0,0,214,red,3842,T11
181,1,0,0,214,red,3842,T11
182,1,0,0,214,red,3842,T11
183,1,0,0,214,red,3842,T11
184,1,0,0,214,red,3842,T11
185,1,0,0,214,red,3842,T11
186,1,0,0,214,red,3842,T11
187,1,0,0,214,red,3842,T11
188,1,0,0,214,red,3842,T11
189,1,0,0,214,red,3842,T11
190,1,0,0,214,red,3842,T11
191,1,0,0,214,red,3842,T11
192,1,0,0,214,red,3842,T11
193,1,0,0,214,red,3842,T11
194,1,0,0,214,red,3842,T11
195,1,0,0,214,red,3842,T11
196,1,0,0,214,red,3842,T11
197,1,0,0,214,red,3842,T11
198,1,0,0,214,red,3842,T11
199,1,0,0,214,red,3842,T11
200,1,0,0,214,red,3842,T11
201,1,0,0,214,red,3842,T11
202,1,0,0,214,red,3842,T11
203,1,0,0,214,red,3842,T11
204,1,0,0,214,red,3842,T11
205,1,0,0,214,red,3842,T11
206,1,0,0,214,red,3842,T11
207,1,0,0,214,red,3842,T11
208,1,0,0,214,red,3842,T11
209,1,0,0,214,red,3842,T11
210,1,0,0,214,red,3842,T11
211,1,0,0,214,red,3842,T11
212,1,0,0,214,red,3842,T11
213,1,0,0,214,red,3842,T11
214,1,0,0,214,red,3842,T11
215,1,0,0,214,red,3842,T11
216,1,0,0,214,red,3842,T11
217,1,0,0,214,red,3842,T11
218,1,0,0,214,red,3842,T11
219,1,0,0,214,red,3842,T11
220,1,0,0,214,red,3842,T11
221,1,0,0,214,red,3842,T11
0,0,0,1,215,red,4715,T11
1,0,0,1,215,red,4715,T11
2,0,0,1,215,red,4715,T11
3,0,0,1,215,red,4715,T11
4,0,0,1,215,red,4715,T11
5,0,0,1,215,red,4715,T11
6,0,0,1,215,red,4715,T11
7,0,0,1,215,red,4715,T11
8,1,0,0,215,red,4715,T11
9,1,0,0,215,red,4715,T11
10,1,0,0,215,red,4715,T11
11,1,0,0,215,red,4715,T11
12,1,0,0,215,red,4715,T11
13,1,0,0,215,red,4715,T11
14,1,0,0,215,red,4715,T11
15,1,0,0,215,red,4715,T11
16,1,0,0,215,red,4715,T11
17,1,0,0,215,red,4715,T11
18,1,0,0,215,red,4715,T11
19,1,0,0,215,red,4715,T11
20,1,0,0,215,red,4715,T11
21,1,0,0,215,red,4715,T11
22,1,0,0,215,red,4715,T11
23,1,0,0,215,red,4715,T11
24,1,0,0,215,red,4715,T11
25,1,0,0,215,red,4715,T11
26,1,0,0,215,red,4715,T11
27,1,0,0,215,red,4715,T11
28,1,0,0,215,red,4715,T11
29,1,0,0,215,red,4715,T11
30,1,0,0,215,red,4715,T11
31,1,0,0,215,red,4715,T11
32,1,0,0,215,red,4715,T11
33,1,0,0,215,red,4715,T11
34,1,0,0,215,red,4715,T11
35,1,0,0,215,red,4715,T11
36,1,0,0,215,red,4715,T11
37,1,0,0,215,red,4715,T11
38,1,0,0,215,red,4715,T11
39,1,0,0,215,red,4715,T11
40,1,0,0,215,red,4715,T11
41,1,0,0,215,red,4715,T11
42,1,0,0,215,red,4715,T11
43,1,0,0,215,red,4715,T11
44,1,0,0,215,red,4715,T11
45,1,0,0,215,red,4715,T11
46,1,0,0,215,red,4715,T11
47,1,0,0,215,red,4715,T11
48,1,0,0,215,red,4715,T11
49,1,0,0,215,red,4715,T11
50,1,0,0,215,red,4715,T11
51,1,0,0,215,red,4715,T11
52,1,0,0,215,red,4715,T11
53,1,0,0,215,red,4715,T11
54,1,0,0,215,red,4715,T11
55,1,0,0,215,red,4715,T11
56,1,0,0,215,red,4715,T11
57,1,0,0,215,red,4715,T11
58,1,0,0,215,red,4715,T11
59,1,0,0,215,red,4715,T11
60,1,0,0,215,red,4715,T11
61,1,0,0,215,red,4715,T11
62,1,0,0,215,red,4715,T11
63,1,0,0,215,red,4715,T11
64,1,0,0,215,red,4715,T11
65,1,0,0,215,red,4715,T11
66,1,0,0,215,red,4715,T11
67,1,0,0,215,red,4715,T11
68,1,0,0,215,red,4715,T11
69,1,0,0,215,red,4715,T11
70,1,0,0,215,red,4715,T11
71,1,0,0,215,red,4715,T11
72,1,0,0,215,red,4715,T11
73,1,0,0,215,red,4715,T11
74,1,0,0,215,red,4715,T11
75,1,0,0,215,red,4715,T11
76,1,0,0,215,red,4715,T11
77,1,0,0,215,red,4715,T11
78,1,0,0,215,red,4715,T11
79,0,1,0,215,red,4715,T11
80,0,1,0,215,red,4715,T11
81,0,1,0,215,red,4715,T11
82,0,1,0,215,red,4715,T11
83,0,1,0,215,red,4715,T11
84,0,1,0,215,red,4715,T11
85,0,1,0,215,red,4715,T11
86,0,1,0,215,red,4715,T11
87,0,1,0,215,red,4715,T11
88,0,1,0,215,red,4715,T11
89,0,1,0,215,red,4715,T11
90,0,1,0,215,red,4715,T11
91,0,1,0,215,red,4715,T11
92,0,1,0,215,red,4715,T11
93,0,1,0,215,red,4715,T11
94,0,1,0,215,red,4715,T11
95,0,1,0,215,red,4715,T11
96,0,1,0,215,red,4715,T11
97,0,1,0,215,red,4715,T11
98,0,1,0,215,red,4715,T11
99,0,1,0,215,red,4715,T11
100,0,1,0,215,red,4715,T11
101,0,1,0,215,red,4715,T11
102,0,1,0,215,red,4715,T11
103,0,1,0,215,red,4715,T11
104,0,1,0,215,red,4715,T11
105,0,1,0,215,red,4715,T11
106,0,1,0,215,red,4715,T11
107,0,1,0,215,red,4715,T11
108,0,1,0,215,red,4715,T11
109,0,1,0,215,red,4715,T11
110,0,1,0,215,red,4715,T11
111,0,1,0,215,red,4715,T11
112,0,1,0,215,red,4715,T11
113,0,1,0,215,red,4715,T11
114,0,1,0,215,red,4715,T11
115,0,1,0,215,red,4715,T11
116,0,1,0,215,red,4715,T11
117,0,1,0,215,red,4715,T11
118,0,1,0,215,red,4715,T11
119,0,1,0,215,red,4715,T11
120,0,1,0,215,red,4715,T11
121,0,0,1,215,red,4715,T11
122,1,0,0,215,red,4715,T11
123,1,0,0,215,red,4715,T11
124,1,0,0,215,red,4715,T11
125,1,0,0,215,red,4715,T11
126,1,0,0,215,red,4715,T11
127,1,0,0,215,red,4715,T11
128,1,0,0,215,red,4715,T11
129,1,0,0,215,red,4715,T11
130,1,0,0,215,red,4715,T11
131,1,0,0,215,red,4715,T11
132,1,0,0,215,red,4715,T11
133,1,0,0,215,red,4715,T11
134,1,0,0,215,red,4715,T11
135,1,0,0,215,red,4715,T11
136,1,0,0,215,red,4715,T11
137,1,0,0,215,red,4715,T11
138,1,0,0,215,red,4715,T11
139,1,0,0,215,red,4715,T11
140,1,0,0,215,red,4715,T11
141,1,0,0,215,red,4715,T11
142,1,0,0,215,red,4715,T11
143,1,0,0,215,red,4715,T11
144,1,0,0,215,red,4715,T11
145,1,0,0,215,red,4715,T11
146,1,0,0,215,red,4715,T11
147,1,0,0,215,red,4715,T11
148,1,0,0,215,red,4715,T11
149,1,0,0,215,red,4715,T11
150,1,0,0,215,red,4715,T11
151,1,0,0,215,red,4715,T11
152,1,0,0,215,red,4715,T11
153,1,0,0,215,red,4715,T11
154,1,0,0,215,red,4715,T11
155,1,0,0,215,red,4715,T11
156,1,0,0,215,red,4715,T11
157,1,0,0,215,red,4715,T11
158,1,0,0,215,red,4715,T11
159,1,0,0,215,red,4715,T11
160,1,0,0,215,red,4715,T11
161,1,0,0,215,red,4715,T11
162,1,0,0,215,red,4715,T11
163,1,0,0,215,red,4715,T11
164,1,0,0,215,red,4715,T11
165,1,0,0,215,red,4715,T11
166,1,0,0,215,red,4715,T11
167,1,0,0,215,red,4715,T11
168,1,0,0,215,red,4715,T11
169,1,0,0,215,red,4715,T11
170,1,0,0,215,red,4715,T11
171,1,0,0,215,red,4715,T11
172,1,0,0,215,red,4715,T11
173,1,0,0,215,red,4715,T11
174,1,0,0,215,red,4715,T11
175,1,0,0,215,red,4715,T11
176,1,0,0,215,red,4715,T11
177,1,0,0,215,red,4715,T11
178,1,0,0,215,red,4715,T11
179,1,0,0,215,red,4715,T11
180,1,0,0,215,red,4715,T11
181,1,0,0,215,red,4715,T11
182,1,0,0,215,red,4715,T11
183,1,0,0,215,red,4715,T11
184,1,0,0,215,red,4715,T11
185,1,0,0,215,red,4715,T11
186,1,0,0,215,red,4715,T11
187,1,0,0,215,red,4715,T11
188,1,0,0,215,red,4715,T11
189,1,0,0,215,red,4715,T11
190,1,0,0,215,red,4715,T11
191,1,0,0,215,red,4715,T11
192,1,0,0,215,red,4715,T11
193,1,0,0,215,red,4715,T11
194,1,0,0,215,red,4715,T11
195,1,0,0,215,red,4715,T11
196,1,0,0,215,red,4715,T11
197,1,0,0,215,red,4715,T11
198,1,0,0,215,red,4715,T11
199,1,0,0,215,red,4715,T11
200,1,0,0,215,red,4715,T11
201,1,0,0,215,red,4715,T11
202,1,0,0,215,red,4715,T11
203,1,0,0,215,red,4715,T11
204,1,0,0,215,red,4715,T11
205,1,0,0,215,red,4715,T11
206,1,0,0,215,red,4715,T11
207,1,0,0,215,red,4715,T11
208,1,0,0,215,red,4715,T11
209,1,0,0,215,red,4715,T11
210,1,0,0,215,red,4715,T11
211,1,0,0,215,red,4715,T11
212,1,0,0,215,red,4715,T11
213,1,0,0,215,red,4715,T11
214,1,0,0,215,red,4715,T11
215,1,0,0,215,red,4715,T11
216,1,0,0,215,red,4715,T11
217,1,0,0,215,red,4715,T11
218,1,0,0,215,red,4715,T11
219,1,0,0,215,red,4715,T11
220,1,0,0,215,red,4715,T11
221,1,0,0,215,red,4715,T11
0,0,0,1,216,red,4413,T11
1,0,0,1,216,red,4413,T11
2,0,0,1,216,red,4413,T11
3,0,0,1,216,red,4413,T11
4,0,0,1,216,red,4413,T11
5,0,0,1,216,red,4413,T11
6,0,0,1,216,red,4413,T11
7,0,0,1,216,red,4413,T11
8,0,0,1,216,red,4413,T11
9,0,0,1,216,red,4413,T11
10,0,0,1,216,red,4413,T11
11,0,0,1,216,red,4413,T11
12,0,0,1,216,red,4413,T11
13,0,0,1,216,red,4413,T11
14,0,0,1,216,red,4413,T11
15,0,0,1,216,red,4413,T11
16,0,0,1,216,red,4413,T11
17,0,0,1,216,red,4413,T11
18,0,0,1,216,red,4413,T11
19,0,0,1,216,red,4413,T11
20,0,0,1,216,red,4413,T11
21,0,0,1,216,red,4413,T11
22,0,0,1,216,red,4413,T11
23,0,0,1,216,red,4413,T11
24,0,0,1,216,red,4413,T11
25,0,0,1,216,red,4413,T11
26,0,0,1,216,red,4413,T11
27,0,0,1,216,red,4413,T11
28,0,0,1,216,red,4413,T11
29,0,0,1,216,red,4413,T11
30,0,0,1,216,red,4413,T11
31,0,0,1,216,red,4413,T11
32,0,0,1,216,red,4413,T11
33,0,0,1,216,red,4413,T11
34,0,0,1,216,red,4413,T11
35,0,0,1,216,red,4413,T11
36,0,0,1,216,red,4413,T11
37,0,0,1,216,red,4413,T11
38,0,0,1,216,red,4413,T11
39,0,0,1,216,red,4413,T11
40,0,0,1,216,red,4413,T11
41,0,0,1,216,red,4413,T11
42,0,0,1,216,red,4413,T11
43,0,0,1,216,red,4413,T11
44,0,0,1,216,red,4413,T11
45,0,0,1,216,red,4413,T11
46,0,0,1,216,red,4413,T11
47,0,0,1,216,red,4413,T11
48,0,0,1,216,red,4413,T11
49,0,0,1,216,red,4413,T11
50,0,0,1,216,red,4413,T11
51,0,0,1,216,red,4413,T11
52,0,0,1,216,red,4413,T11
53,0,0,1,216,red,4413,T11
54,0,0,1,216,red,4413,T11
55,0,0,1,216,red,4413,T11
56,0,0,1,216,red,4413,T11
57,0,0,1,216,red,4413,T11
58,0,0,1,216,red,4413,T11
59,0,0,1,216,red,4413,T11
60,0,0,1,216,red,4413,T11
61,0,0,1,216,red,4413,T11
62,0,0,1,216,red,4413,T11
63,0,0,1,216,red,4413,T11
64,0,0,1,216,red,4413,T11
65,0,0,1,216,red,4413,T11
66,0,0,1,216,red,4413,T11
67,0,0,1,216,red,4413,T11
68,0,0,1,216,red,4413,T11
69,0,0,1,216,red,4413,T11
70,0,0,1,216,red,4413,T11
71,0,0,1,216,red,4413,T11
72,0,0,1,216,red,4413,T11
73,0,0,1,216,red,4413,T11
74,0,0,1,216,red,4413,T11
75,0,0,1,216,red,4413,T11
76,0,0,1,216,red,4413,T11
77,0,0,1,216,red,4413,T11
78,0,0,1,216,red,4413,T11
79,0,0,1,216,red,4413,T11
80,0,0,1,216,red,4413,T11
81,0,0,1,216,red,4413,T11
82,0,0,1,216,red,4413,T11
83,0,0,1,216,red,4413,T11
84,0,0,1,216,red,4413,T11
85,0,0,1,216,red,4413,T11
86,0,0,1,216,red,4413,T11
87,0,0,1,216,red,4413,T11
88,0,0,1,216,red,4413,T11
89,0,0,1,216,red,4413,T11
90,0,0,1,216,red,4413,T11
91,0,0,1,216,red,4413,T11
92,0,0,1,216,red,4413,T11
93,0,0,1,216,red,4413,T11
94,0,0,1,216,red,4413,T11
95,0,0,1,216,red,4413,T11
96,0,0,1,216,red,4413,T11
97,0,0,1,216,red,4413,T11
98,0,0,1,216,red,4413,T11
99,0,1,0,216,red,4413,T11
100,0,1,0,216,red,4413,T11
101,0,1,0,216,red,4413,T11
102,0,1,0,216,red,4413,T11
103,0,1,0,216,red,4413,T11
104,0,1,0,216,red,4413,T11
105,0,1,0,216,red,4413,T11
106,0,1,0,216,red,4413,T11
107,0,1,0,216,red,4413,T11
108,0,1,0,216,red,4413,T11
109,0,1,0,216,red,4413,T11
110,0,1,0,216,red,4413,T11
111,0,1,0,216,red,4413,T11
112,0,1,0,216,red,4413,T11
113,0,1,0,216,red,4413,T11
114,0,1,0,216,red,4413,T11
115,0,1,0,216,red,4413,T11
116,0,1,0,216,red,4413,T11
117,0,1,0,216,red,4413,T11
118,0,1,0,216,red,4413,T11
119,0,1,0,216,red,4413,T11
120,0,0,1,216,red,4413,T11
121,0,0,1,216,red,4413,T11
122,0,0,1,216,red,4413,T11
123,0,0,1,216,red,4413,T11
124,0,0,1,216,red,4413,T11
125,0,0,1,216,red,4413,T11
126,0,0,1,216,red,4413,T11
127,0,0,1,216,red,4413,T11
128,0,0,1,216,red,4413,T11
129,1,0,0,216,red,4413,T11
130,1,0,0,216,red,4413,T11
131,1,0,0,216,red,4413,T11
132,1,0,0,216,red,4413,T11
133,1,0,0,216,red,4413,T11
134,1,0,0,216,red,4413,T11
135,1,0,0,216,red,4413,T11
136,1,0,0,216,red,4413,T11
137,1,0,0,216,red,4413,T11
138,1,0,0,216,red,4413,T11
139,1,0,0,216,red,4413,T11
140,1,0,0,216,red,4413,T11
141,1,0,0,216,red,4413,T11
142,1,0,0,216,red,4413,T11
143,1,0,0,216,red,4413,T11
144,1,0,0,216,red,4413,T11
145,1,0,0,216,red,4413,T11
146,1,0,0,216,red,4413,T11
147,1,0,0,216,red,4413,T11
148,1,0,0,216,red,4413,T11
149,1,0,0,216,red,4413,T11
150,1,0,0,216,red,4413,T11
151,1,0,0,216,red,4413,T11
152,1,0,0,216,red,4413,T11
153,1,0,0,216,red,4413,T11
154,1,0,0,216,red,4413,T11
155,1,0,0,216,red,4413,T11
156,1,0,0,216,red,4413,T11
157,1,0,0,216,red,4413,T11
158,1,0,0,216,red,4413,T11
159,1,0,0,216,red,4413,T11
160,1,0,0,216,red,4413,T11
161,1,0,0,216,red,4413,T11
162,1,0,0,216,red,4413,T11
163,1,0,0,216,red,4413,T11
164,1,0,0,216,red,4413,T11
165,1,0,0,216,red,4413,T11
166,1,0,0,216,red,4413,T11
167,1,0,0,216,red,4413,T11
168,1,0,0,216,red,4413,T11
169,1,0,0,216,red,4413,T11
170,1,0,0,216,red,4413,T11
171,1,0,0,216,red,4413,T11
172,1,0,0,216,red,4413,T11
173,1,0,0,216,red,4413,T11
174,1,0,0,216,red,4413,T11
175,1,0,0,216,red,4413,T11
176,1,0,0,216,red,4413,T11
177,1,0,0,216,red,4413,T11
178,1,0,0,216,red,4413,T11
179,1,0,0,216,red,4413,T11
180,1,0,0,216,red,4413,T11
181,1,0,0,216,red,4413,T11
182,1,0,0,216,red,4413,T11
183,1,0,0,216,red,4413,T11
184,1,0,0,216,red,4413,T11
185,1,0,0,216,red,4413,T11
186,1,0,0,216,red,4413,T11
187,1,0,0,216,red,4413,T11
188,1,0,0,216,red,4413,T11
189,1,0,0,216,red,4413,T11
190,1,0,0,216,red,4413,T11
191,1,0,0,216,red,4413,T11
192,1,0,0,216,red,4413,T11
193,1,0,0,216,red,4413,T11
194,1,0,0,216,red,4413,T11
195,1,0,0,216,red,4413,T11
196,1,0,0,216,red,4413,T11
197,1,0,0,216,red,4413,T11
198,1,0,0,216,red,4413,T11
199,1,0,0,216,red,4413,T11
200,1,0,0,216,red,4413,T11
201,1,0,0,216,red,4413,T11
202,1,0,0,216,red,4413,T11
203,1,0,0,216,red,4413,T11
204,1,0,0,216,red,4413,T11
205,1,0,0,216,red,4413,T11
206,1,0,0,216,red,4413,T11
207,1,0,0,216,red,4413,T11
208,1,0,0,216,red,4413,T11
209,1,0,0,216,red,4413,T11
210,1,0,0,216,red,4413,T11
211,1,0,0,216,red,4413,T11
212,1,0,0,216,red,4413,T11
213,1,0,0,216,red,4413,T11
214,1,0,0,216,red,4413,T11
215,1,0,0,216,red,4413,T11
216,1,0,0,216,red,4413,T11
217,1,0,0,216,red,4413,T11
218,1,0,0,216,red,4413,T11
219,1,0,0,216,red,4413,T11
220,1,0,0,216,red,4413,T11
221,1,0,0,216,red,4413,T11
0,0,0,1,217,red,4396,T11
1,0,0,1,217,red,4396,T11
2,0,0,1,217,red,4396,T11
3,0,0,1,217,red,4396,T11
4,0,0,1,217,red,4396,T11
5,0,0,1,217,red,4396,T11
6,0,0,1,217,red,4396,T11
7,0,0,1,217,red,4396,T11
8,0,0,1,217,red,4396,T11
9,0,0,1,217,red,4396,T11
10,0,0,1,217,red,4396,T11
11,0,0,1,217,red,4396,T11
12,0,0,1,217,red,4396,T11
13,0,0,1,217,red,4396,T11
14,0,0,1,217,red,4396,T11
15,0,0,1,217,red,4396,T11
16,0,0,1,217,red,4396,T11
17,0,0,1,217,red,4396,T11
18,0,0,1,217,red,4396,T11
19,0,0,1,217,red,4396,T11
20,0,0,1,217,red,4396,T11
21,0,0,1,217,red,4396,T11
22,0,0,1,217,red,4396,T11
23,0,0,1,217,red,4396,T11
24,0,0,1,217,red,4396,T11
25,0,0,1,217,red,4396,T11
26,0,0,1,217,red,4396,T11
27,0,0,1,217,red,4396,T11
28,0,0,1,217,red,4396,T11
29,0,0,1,217,red,4396,T11
30,0,0,1,217,red,4396,T11
31,0,0,1,217,red,4396,T11
32,0,0,1,217,red,4396,T11
33,0,0,1,217,red,4396,T11
34,0,0,1,217,red,4396,T11
35,0,0,1,217,red,4396,T11
36,0,0,1,217,red,4396,T11
37,0,0,1,217,red,4396,T11
38,0,0,1,217,red,4396,T11
39,0,0,1,217,red,4396,T11
40,0,0,1,217,red,4396,T11
41,0,0,1,217,red,4396,T11
42,0,0,1,217,red,4396,T11
43,0,0,1,217,red,4396,T11
44,0,0,1,217,red,4396,T11
45,0,0,1,217,red,4396,T11
46,0,0,1,217,red,4396,T11
47,0,0,1,217,red,4396,T11
48,0,0,1,217,red,4396,T11
49,0,0,1,217,red,4396,T11
50,0,0,1,217,red,4396,T11
51,0,0,1,217,red,4396,T11
52,0,0,1,217,red,4396,T11
53,0,0,1,217,red,4396,T11
54,0,0,1,217,red,4396,T11
55,0,0,1,217,red,4396,T11
56,0,0,1,217,red,4396,T11
57,1,0,0,217,red,4396,T11
58,1,0,0,217,red,4396,T11
59,1,0,0,217,red,4396,T11
60,1,0,0,217,red,4396,T11
61,1,0,0,217,red,4396,T11
62,1,0,0,217,red,4396,T11
63,1,0,0,217,red,4396,T11
64,1,0,0,217,red,4396,T11
65,1,0,0,217,red,4396,T11
66,1,0,0,217,red,4396,T11
67,1,0,0,217,red,4396,T11
68,1,0,0,217,red,4396,T11
69,1,0,0,217,red,4396,T11
70,1,0,0,217,red,4396,T11
71,1,0,0,217,red,4396,T11
72,1,0,0,217,red,4396,T11
73,1,0,0,217,red,4396,T11
74,1,0,0,217,red,4396,T11
75,1,0,0,217,red,4396,T11
76,1,0,0,217,red,4396,T11
77,1,0,0,217,red,4396,T11
78,1,0,0,217,red,4396,T11
79,1,0,0,217,red,4396,T11
80,1,0,0,217,red,4396,T11
81,1,0,0,217,red,4396,T11
82,1,0,0,217,red,4396,T11
83,1,0,0,217,red,4396,T11
84,1,0,0,217,red,4396,T11
85,1,0,0,217,red,4396,T11
86,1,0,0,217,red,4396,T11
87,1,0,0,217,red,4396,T11
88,1,0,0,217,red,4396,T11
89,1,0,0,217,red,4396,T11
90,1,0,0,217,red,4396,T11
91,1,0,0,217,red,4396,T11
92,1,0,0,217,red,4396,T11
93,1,0,0,217,red,4396,T11
94,1,0,0,217,red,4396,T11
95,1,0,0,217,red,4396,T11
96,1,0,0,217,red,4396,T11
97,1,0,0,217,red,4396,T11
98,1,0,0,217,red,4396,T11
99,1,0,0,217,red,4396,T11
100,1,0,0,217,red,4396,T11
101,1,0,0,217,red,4396,T11
102,1,0,0,217,red,4396,T11
103,1,0,0,217,red,4396,T11
104,1,0,0,217,red,4396,T11
105,1,0,0,217,red,4396,T11
106,1,0,0,217,red,4396,T11
107,1,0,0,217,red,4396,T11
108,1,0,0,217,red,4396,T11
109,1,0,0,217,red,4396,T11
110,1,0,0,217,red,4396,T11
111,1,0,0,217,red,4396,T11
112,1,0,0,217,red,4396,T11
113,1,0,0,217,red,4396,T11
114,1,0,0,217,red,4396,T11
115,1,0,0,217,red,4396,T11
116,1,0,0,217,red,4396,T11
117,1,0,0,217,red,4396,T11
118,1,0,0,217,red,4396,T11
119,1,0,0,217,red,4396,T11
120,1,0,0,217,red,4396,T11
121,1,0,0,217,red,4396,T11
122,1,0,0,217,red,4396,T11
123,1,0,0,217,red,4396,T11
124,1,0,0,217,red,4396,T11
125,1,0,0,217,red,4396,T11
126,1,0,0,217,red,4396,T11
127,1,0,0,217,red,4396,T11
128,1,0,0,217,red,4396,T11
129,1,0,0,217,red,4396,T11
130,1,0,0,217,red,4396,T11
131,1,0,0,217,red,4396,T11
132,1,0,0,217,red,4396,T11
133,1,0,0,217,red,4396,T11
134,1,0,0,217,red,4396,T11
135,1,0,0,217,red,4396,T11
136,1,0,0,217,red,4396,T11
137,1,0,0,217,red,4396,T11
138,1,0,0,217,red,4396,T11
139,1,0,0,217,red,4396,T11
140,1,0,0,217,red,4396,T11
141,1,0,0,217,red,4396,T11
142,1,0,0,217,red,4396,T11
143,1,0,0,217,red,4396,T11
144,1,0,0,217,red,4396,T11
145,1,0,0,217,red,4396,T11
146,1,0,0,217,red,4396,T11
147,1,0,0,217,red,4396,T11
148,1,0,0,217,red,4396,T11
149,1,0,0,217,red,4396,T11
150,1,0,0,217,red,4396,T11
151,1,0,0,217,red,4396,T11
152,1,0,0,217,red,4396,T11
153,1,0,0,217,red,4396,T11
154,1,0,0,217,red,4396,T11
155,1,0,0,217,red,4396,T11
156,1,0,0,217,red,4396,T11
157,1,0,0,217,red,4396,T11
158,1,0,0,217,red,4396,T11
159,1,0,0,217,red,4396,T11
160,1,0,0,217,red,4396,T11
161,1,0,0,217,red,4396,T11
162,1,0,0,217,red,4396,T11
163,1,0,0,217,red,4396,T11
164,1,0,0,217,red,4396,T11
165,1,0,0,217,red,4396,T11
166,1,0,0,217,red,4396,T11
167,1,0,0,217,red,4396,T11
168,1,0,0,217,red,4396,T11
169,1,0,0,217,red,4396,T11
170,1,0,0,217,red,4396,T11
171,1,0,0,217,red,4396,T11
172,1,0,0,217,red,4396,T11
173,1,0,0,217,red,4396,T11
174,1,0,0,217,red,4396,T11
175,1,0,0,217,red,4396,T11
176,1,0,0,217,red,4396,T11
177,1,0,0,217,red,4396,T11
178,1,0,0,217,red,4396,T11
179,1,0,0,217,red,4396,T11
180,1,0,0,217,red,4396,T11
181,1,0,0,217,red,4396,T11
182,1,0,0,217,red,4396,T11
183,1,0,0,217,red,4396,T11
184,1,0,0,217,red,4396,T11
185,1,0,0,217,red,4396,T11
186,1,0,0,217,red,4396,T11
187,1,0,0,217,red,4396,T11
188,1,0,0,217,red,4396,T11
189,1,0,0,217,red,4396,T11
190,1,0,0,217,red,4396,T11
191,1,0,0,217,red,4396,T11
192,1,0,0,217,red,4396,T11
193,1,0,0,217,red,4396,T11
194,1,0,0,217,red,4396,T11
195,1,0,0,217,red,4396,T11
196,1,0,0,217,red,4396,T11
197,1,0,0,217,red,4396,T11
198,1,0,0,217,red,4396,T11
199,1,0,0,217,red,4396,T11
200,1,0,0,217,red,4396,T11
201,1,0,0,217,red,4396,T11
202,1,0,0,217,red,4396,T11
203,1,0,0,217,red,4396,T11
204,1,0,0,217,red,4396,T11
205,1,0,0,217,red,4396,T11
206,1,0,0,217,red,4396,T11
207,1,0,0,217,red,4396,T11
208,1,0,0,217,red,4396,T11
209,1,0,0,217,red,4396,T11
210,1,0,0,217,red,4396,T11
211,1,0,0,217,red,4396,T11
212,1,0,0,217,red,4396,T11
213,1,0,0,217,red,4396,T11
214,1,0,0,217,red,4396,T11
215,1,0,0,217,red,4396,T11
216,1,0,0,217,red,4396,T11
217,1,0,0,217,red,4396,T11
218,1,0,0,217,red,4396,T11
219,1,0,0,217,red,4396,T11
220,1,0,0,217,red,4396,T11
221,1,0,0,217,red,4396,T11
0,0,0,1,218,red,4370,T11
1,0,0,1,218,red,4370,T11
2,0,0,1,218,red,4370,T11
3,0,0,1,218,red,4370,T11
4,0,0,1,218,red,4370,T11
5,0,0,1,218,red,4370,T11
6,0,0,1,218,red,4370,T11
7,0,0,1,218,red,4370,T11
8,0,0,1,218,red,4370,T11
9,0,0,1,218,red,4370,T11
10,0,0,1,218,red,4370,T11
11,0,0,1,218,red,4370,T11
12,0,0,1,218,red,4370,T11
13,0,0,1,218,red,4370,T11
14,0,0,1,218,red,4370,T11
15,0,0,1,218,red,4370,T11
16,0,0,1,218,red,4370,T11
17,0,0,1,218,red,4370,T11
18,0,0,1,218,red,4370,T11
19,0,0,1,218,red,4370,T11
20,0,0,1,218,red,4370,T11
21,0,0,1,218,red,4370,T11
22,0,0,1,218,red,4370,T11
23,0,0,1,218,red,4370,T11
24,0,0,1,218,red,4370,T11
25,0,0,1,218,red,4370,T11
26,0,0,1,218,red,4370,T11
27,0,0,1,218,red,4370,T11
28,0,0,1,218,red,4370,T11
29,0,0,1,218,red,4370,T11
30,0,0,1,218,red,4370,T11
31,0,0,1,218,red,4370,T11
32,0,0,1,218,red,4370,T11
33,0,0,1,218,red,4370,T11
34,0,0,1,218,red,4370,T11
35,0,0,1,218,red,4370,T11
36,0,0,1,218,red,4370,T11
37,0,0,1,218,red,4370,T11
38,0,0,1,218,red,4370,T11
39,0,0,1,218,red,4370,T11
40,0,0,1,218,red,4370,T11
41,0,0,1,218,red,4370,T11
42,0,0,1,218,red,4370,T11
43,0,0,1,218,red,4370,T11
44,0,0,1,218,red,4370,T11
45,0,0,1,218,red,4370,T11
46,0,0,1,218,red,4370,T11
47,0,0,1,218,red,4370,T11
48,0,0,1,218,red,4370,T11
49,0,0,1,218,red,4370,T11
50,0,0,1,218,red,4370,T11
51,0,0,1,218,red,4370,T11
52,0,0,1,218,red,4370,T11
53,0,0,1,218,red,4370,T11
54,0,0,1,218,red,4370,T11
55,0,0,1,218,red,4370,T11
56,0,0,1,218,red,4370,T11
57,0,0,1,218,red,4370,T11
58,0,0,1,218,red,4370,T11
59,0,0,1,218,red,4370,T11
60,0,0,1,218,red,4370,T11
61,0,0,1,218,red,4370,T11
62,0,0,1,218,red,4370,T11
63,0,0,1,218,red,4370,T11
64,0,0,1,218,red,4370,T11
65,0,0,1,218,red,4370,T11
66,0,0,1,218,red,4370,T11
67,0,0,1,218,red,4370,T11
68,0,0,1,218,red,4370,T11
69,0,0,1,218,red,4370,T11
70,0,0,1,218,red,4370,T11
71,0,0,1,218,red,4370,T11
72,0,0,1,218,red,4370,T11
73,0,0,1,218,red,4370,T11
74,0,0,1,218,red,4370,T11
75,0,0,1,218,red,4370,T11
76,0,0,1,218,red,4370,T11
77,0,0,1,218,red,4370,T11
78,0,0,1,218,red,4370,T11
79,0,0,1,218,red,4370,T11
80,0,0,1,218,red,4370,T11
81,0,0,1,218,red,4370,T11
82,0,0,1,218,red,4370,T11
83,0,0,1,218,red,4370,T11
84,0,0,1,218,red,4370,T11
85,0,0,1,218,red,4370,T11
86,0,0,1,218,red,4370,T11
87,0,0,1,218,red,4370,T11
88,0,0,1,218,red,4370,T11
89,0,0,1,218,red,4370,T11
90,0,0,1,218,red,4370,T11
91,0,0,1,218,red,4370,T11
92,0,0,1,218,red,4370,T11
93,0,0,1,218,red,4370,T11
94,0,0,1,218,red,4370,T11
95,0,0,1,218,red,4370,T11
96,0,0,1,218,red,4370,T11
97,0,0,1,218,red,4370,T11
98,0,0,1,218,red,4370,T11
99,0,0,1,218,red,4370,T11
100,0,0,1,218,red,4370,T11
101,0,0,1,218,red,4370,T11
102,0,0,1,218,red,4370,T11
103,0,0,1,218,red,4370,T11
104,0,0,1,218,red,4370,T11
105,0,0,1,218,red,4370,T11
106,0,0,1,218,red,4370,T11
107,0,0,1,218,red,4370,T11
108,0,0,1,218,red,4370,T11
109,0,0,1,218,red,4370,T11
110,0,0,1,218,red,4370,T11
111,0,0,1,218,red,4370,T11
112,0,0,1,218,red,4370,T11
113,0,0,1,218,red,4370,T11
114,0,0,1,218,red,4370,T11
115,0,0,1,218,red,4370,T11
116,0,0,1,218,red,4370,T11
117,0,0,1,218,red,4370,T11
118,0,1,0,218,red,4370,T11
119,0,1,0,218,red,4370,T11
120,0,1,0,218,red,4370,T11
121,0,1,0,218,red,4370,T11
122,0,1,0,218,red,4370,T11
123,0,1,0,218,red,4370,T11
124,0,1,0,218,red,4370,T11
125,0,1,0,218,red,4370,T11
126,0,1,0,218,red,4370,T11
127,0,1,0,218,red,4370,T11
128,0,1,0,218,red,4370,T11
129,0,1,0,218,red,4370,T11
130,0,1,0,218,red,4370,T11
131,0,1,0,218,red,4370,T11
132,0,1,0,218,red,4370,T11
133,0,1,0,218,red,4370,T11
134,0,1,0,218,red,4370,T11
135,0,1,0,218,red,4370,T11
136,0,1,0,218,red,4370,T11
137,0,0,1,218,red,4370,T11
138,0,0,1,218,red,4370,T11
139,0,0,1,218,red,4370,T11
140,0,0,1,218,red,4370,T11
141,0,0,1,218,red,4370,T11
142,0,0,1,218,red,4370,T11
143,0,0,1,218,red,4370,T11
144,0,0,1,218,red,4370,T11
145,0,0,1,218,red,4370,T11
146,0,0,1,218,red,4370,T11
147,0,0,1,218,red,4370,T11
148,0,0,1,218,red,4370,T11
149,0,0,1,218,red,4370,T11
150,0,0,1,218,red,4370,T11
151,0,0,1,218,red,4370,T11
152,1,0,0,218,red,4370,T11
153,1,0,0,218,red,4370,T11
154,1,0,0,218,red,4370,T11
155,1,0,0,218,red,4370,T11
156,1,0,0,218,red,4370,T11
157,1,0,0,218,red,4370,T11
158,1,0,0,218,red,4370,T11
159,1,0,0,218,red,4370,T11
160,1,0,0,218,red,4370,T11
161,1,0,0,218,red,4370,T11
162,1,0,0,218,red,4370,T11
163,1,0,0,218,red,4370,T11
164,1,0,0,218,red,4370,T11
165,1,0,0,218,red,4370,T11
166,1,0,0,218,red,4370,T11
167,1,0,0,218,red,4370,T11
168,1,0,0,218,red,4370,T11
169,1,0,0,218,red,4370,T11
170,1,0,0,218,red,4370,T11
171,1,0,0,218,red,4370,T11
172,1,0,0,218,red,4370,T11
173,1,0,0,218,red,4370,T11
174,1,0,0,218,red,4370,T11
175,1,0,0,218,red,4370,T11
176,1,0,0,218,red,4370,T11
177,1,0,0,218,red,4370,T11
178,1,0,0,218,red,4370,T11
179,1,0,0,218,red,4370,T11
180,1,0,0,218,red,4370,T11
181,1,0,0,218,red,4370,T11
182,1,0,0,218,red,4370,T11
183,1,0,0,218,red,4370,T11
184,1,0,0,218,red,4370,T11
185,1,0,0,218,red,4370,T11
186,1,0,0,218,red,4370,T11
187,1,0,0,218,red,4370,T11
188,1,0,0,218,red,4370,T11
189,1,0,0,218,red,4370,T11
190,1,0,0,218,red,4370,T11
191,1,0,0,218,red,4370,T11
192,1,0,0,218,red,4370,T11
193,1,0,0,218,red,4370,T11
194,1,0,0,218,red,4370,T11
195,1,0,0,218,red,4370,T11
196,1,0,0,218,red,4370,T11
197,1,0,0,218,red,4370,T11
198,1,0,0,218,red,4370,T11
199,1,0,0,218,red,4370,T11
200,1,0,0,218,red,4370,T11
201,1,0,0,218,red,4370,T11
202,1,0,0,218,red,4370,T11
203,1,0,0,218,red,4370,T11
204,1,0,0,218,red,4370,T11
205,1,0,0,218,red,4370,T11
206,1,0,0,218,red,4370,T11
207,1,0,0,218,red,4370,T11
208,1,0,0,218,red,4370,T11
209,1,0,0,218,red,4370,T11
210,1,0,0,218,red,4370,T11
211,1,0,0,218,red,4370,T11
212,1,0,0,218,red,4370,T11
213,1,0,0,218,red,4370,T11
214,1,0,0,218,red,4370,T11
215,1,0,0,218,red,4370,T11
216,1,0,0,218,red,4370,T11
217,1,0,0,218,red,4370,T11
218,1,0,0,218,red,4370,T11
219,1,0,0,218,red,4370,T11
220,1,0,0,218,red,4370,T11
221,1,0,0,218,red,4370,T11
0,0,0,1,219,red,4016,T11
1,0,0,1,219,red,4016,T11
2,0,0,1,219,red,4016,T11
3,0,0,1,219,red,4016,T11
4,0,0,1,219,red,4016,T11
5,0,0,1,219,red,4016,T11
6,0,0,1,219,red,4016,T11
7,0,0,1,219,red,4016,T11
8,0,0,1,219,red,4016,T11
9,0,0,1,219,red,4016,T11
10,0,0,1,219,red,4016,T11
11,0,0,1,219,red,4016,T11
12,0,0,1,219,red,4016,T11
13,0,0,1,219,red,4016,T11
14,0,0,1,219,red,4016,T11
15,0,0,1,219,red,4016,T11
16,0,0,1,219,red,4016,T11
17,0,0,1,219,red,4016,T11
18,0,0,1,219,red,4016,T11
19,0,0,1,219,red,4016,T11
20,1,0,0,219,red,4016,T11
21,1,0,0,219,red,4016,T11
22,1,0,0,219,red,4016,T11
23,1,0,0,219,red,4016,T11
24,1,0,0,219,red,4016,T11
25,1,0,0,219,red,4016,T11
26,1,0,0,219,red,4016,T11
27,1,0,0,219,red,4016,T11
28,1,0,0,219,red,4016,T11
29,1,0,0,219,red,4016,T11
30,1,0,0,219,red,4016,T11
31,1,0,0,219,red,4016,T11
32,1,0,0,219,red,4016,T11
33,1,0,0,219,red,4016,T11
34,1,0,0,219,red,4016,T11
35,1,0,0,219,red,4016,T11
36,1,0,0,219,red,4016,T11
37,1,0,0,219,red,4016,T11
38,1,0,0,219,red,4016,T11
39,1,0,0,219,red,4016,T11
40,1,0,0,219,red,4016,T11
41,1,0,0,219,red,4016,T11
42,1,0,0,219,red,4016,T11
43,1,0,0,219,red,4016,T11
44,1,0,0,219,red,4016,T11
45,1,0,0,219,red,4016,T11
46,1,0,0,219,red,4016,T11
47,1,0,0,219,red,4016,T11
48,1,0,0,219,red,4016,T11
49,1,0,0,219,red,4016,T11
50,1,0,0,219,red,4016,T11
51,1,0,0,219,red,4016,T11
52,1,0,0,219,red,4016,T11
53,1,0,0,219,red,4016,T11
54,1,0,0,219,red,4016,T11
55,1,0,0,219,red,4016,T11
56,1,0,0,219,red,4016,T11
57,1,0,0,219,red,4016,T11
58,1,0,0,219,red,4016,T11
59,1,0,0,219,red,4016,T11
60,1,0,0,219,red,4016,T11
61,1,0,0,219,red,4016,T11
62,0,0,1,219,red,4016,T11
63,0,0,1,219,red,4016,T11
64,0,0,1,219,red,4016,T11
65,0,0,1,219,red,4016,T11
66,0,0,1,219,red,4016,T11
67,0,0,1,219,red,4016,T11
68,0,0,1,219,red,4016,T11
69,0,0,1,219,red,4016,T11
70,0,0,1,219,red,4016,T11
71,0,0,1,219,red,4016,T11
72,0,0,1,219,red,4016,T11
73,0,0,1,219,red,4016,T11
74,0,0,1,219,red,4016,T11
75,0,0,1,219,red,4016,T11
76,0,0,1,219,red,4016,T11
77,0,0,1,219,red,4016,T11
78,0,0,1,219,red,4016,T11
79,0,0,1,219,red,4016,T11
80,0,0,1,219,red,4016,T11
81,1,0,0,219,red,4016,T11
82,1,0,0,219,red,4016,T11
83,1,0,0,219,red,4016,T11
84,1,0,0,219,red,4016,T11
85,1,0,0,219,red,4016,T11
86,1,0,0,219,red,4016,T11
87,1,0,0,219,red,4016,T11
88,1,0,0,219,red,4016,T11
89,1,0,0,219,red,4016,T11
90,1,0,0,219,red,4016,T11
91,1,0,0,219,red,4016,T11
92,1,0,0,219,red,4016,T11
93,1,0,0,219,red,4016,T11
94,1,0,0,219,red,4016,T11
95,1,0,0,219,red,4016,T11
96,1,0,0,219,red,4016,T11
97,1,0,0,219,red,4016,T11
98,1,0,0,219,red,4016,T11
99,1,0,0,219,red,4016,T11
100,1,0,0,219,red,4016,T11
101,1,0,0,219,red,4016,T11
102,1,0,0,219,red,4016,T11
103,1,0,0,219,red,4016,T11
104,1,0,0,219,red,4016,T11
105,1,0,0,219,red,4016,T11
106,1,0,0,219,red,4016,T11
107,1,0,0,219,red,4016,T11
108,1,0,0,219,red,4016,T11
109,1,0,0,219,red,4016,T11
110,1,0,0,219,red,4016,T11
111,1,0,0,219,red,4016,T11
112,1,0,0,219,red,4016,T11
113,1,0,0,219,red,4016,T11
114,1,0,0,219,red,4016,T11
115,1,0,0,219,red,4016,T11
116,1,0,0,219,red,4016,T11
117,1,0,0,219,red,4016,T11
118,1,0,0,219,red,4016,T11
119,1,0,0,219,red,4016,T11
120,1,0,0,219,red,4016,T11
121,1,0,0,219,red,4016,T11
122,1,0,0,219,red,4016,T11
123,1,0,0,219,red,4016,T11
124,1,0,0,219,red,4016,T11
125,1,0,0,219,red,4016,T11
126,1,0,0,219,red,4016,T11
127,1,0,0,219,red,4016,T11
128,1,0,0,219,red,4016,T11
129,1,0,0,219,red,4016,T11
130,1,0,0,219,red,4016,T11
131,1,0,0,219,red,4016,T11
132,1,0,0,219,red,4016,T11
133,1,0,0,219,red,4016,T11
134,1,0,0,219,red,4016,T11
135,1,0,0,219,red,4016,T11
136,1,0,0,219,red,4016,T11
137,1,0,0,219,red,4016,T11
138,1,0,0,219,red,4016,T11
139,1,0,0,219,red,4016,T11
140,1,0,0,219,red,4016,T11
141,1,0,0,219,red,4016,T11
142,1,0,0,219,red,4016,T11
143,1,0,0,219,red,4016,T11
144,1,0,0,219,red,4016,T11
145,1,0,0,219,red,4016,T11
146,1,0,0,219,red,4016,T11
147,1,0,0,219,red,4016,T11
148,1,0,0,219,red,4016,T11
149,1,0,0,219,red,4016,T11
150,1,0,0,219,red,4016,T11
151,1,0,0,219,red,4016,T11
152,1,0,0,219,red,4016,T11
153,1,0,0,219,red,4016,T11
154,1,0,0,219,red,4016,T11
155,1,0,0,219,red,4016,T11
156,1,0,0,219,red,4016,T11
157,1,0,0,219,red,4016,T11
158,1,0,0,219,red,4016,T11
159,1,0,0,219,red,4016,T11
160,1,0,0,219,red,4016,T11
161,1,0,0,219,red,4016,T11
162,1,0,0,219,red,4016,T11
163,1,0,0,219,red,4016,T11
164,1,0,0,219,red,4016,T11
165,1,0,0,219,red,4016,T11
166,1,0,0,219,red,4016,T11
167,1,0,0,219,red,4016,T11
168,1,0,0,219,red,4016,T11
169,1,0,0,219,red,4016,T11
170,1,0,0,219,red,4016,T11
171,1,0,0,219,red,4016,T11
172,1,0,0,219,red,4016,T11
173,1,0,0,219,red,4016,T11
174,1,0,0,219,red,4016,T11
175,1,0,0,219,red,4016,T11
176,1,0,0,219,red,4016,T11
177,1,0,0,219,red,4016,T11
178,1,0,0,219,red,4016,T11
179,1,0,0,219,red,4016,T11
180,1,0,0,219,red,4016,T11
181,1,0,0,219,red,4016,T11
182,1,0,0,219,red,4016,T11
183,1,0,0,219,red,4016,T11
184,1,0,0,219,red,4016,T11
185,1,0,0,219,red,4016,T11
186,1,0,0,219,red,4016,T11
187,1,0,0,219,red,4016,T11
188,1,0,0,219,red,4016,T11
189,1,0,0,219,red,4016,T11
190,1,0,0,219,red,4016,T11
191,1,0,0,219,red,4016,T11
192,1,0,0,219,red,4016,T11
193,1,0,0,219,red,4016,T11
194,1,0,0,219,red,4016,T11
195,1,0,0,219,red,4016,T11
196,1,0,0,219,red,4016,T11
197,1,0,0,219,red,4016,T11
198,1,0,0,219,red,4016,T11
199,1,0,0,219,red,4016,T11
200,1,0,0,219,red,4016,T11
201,1,0,0,219,red,4016,T11
202,1,0,0,219,red,4016,T11
203,1,0,0,219,red,4016,T11
204,1,0,0,219,red,4016,T11
205,1,0,0,219,red,4016,T11
206,1,0,0,219,red,4016,T11
207,1,0,0,219,red,4016,T11
208,1,0,0,219,red,4016,T11
209,1,0,0,219,red,4016,T11
210,1,0,0,219,red,4016,T11
211,1,0,0,219,red,4016,T11
212,1,0,0,219,red,4016,T11
213,1,0,0,219,red,4016,T11
214,1,0,0,219,red,4016,T11
215,1,0,0,219,red,4016,T11
216,1,0,0,219,red,4016,T11
217,1,0,0,219,red,4016,T11
218,1,0,0,219,red,4016,T11
219,1,0,0,219,red,4016,T11
220,1,0,0,219,red,4016,T11
221,1,0,0,219,red,4016,T11
0,0,0,1,220,red,4132,T11
1,0,0,1,220,red,4132,T11
2,0,0,1,220,red,4132,T11
3,0,0,1,220,red,4132,T11
4,0,0,1,220,red,4132,T11
5,0,0,1,220,red,4132,T11
6,0,0,1,220,red,4132,T11
7,0,0,1,220,red,4132,T11
8,0,0,1,220,red,4132,T11
9,0,0,1,220,red,4132,T11
10,0,0,1,220,red,4132,T11
11,0,0,1,220,red,4132,T11
12,0,0,1,220,red,4132,T11
13,0,0,1,220,red,4132,T11
14,0,0,1,220,red,4132,T11
15,0,0,1,220,red,4132,T11
16,0,0,1,220,red,4132,T11
17,0,0,1,220,red,4132,T11
18,0,0,1,220,red,4132,T11
19,0,0,1,220,red,4132,T11
20,0,0,1,220,red,4132,T11
21,0,0,1,220,red,4132,T11
22,0,0,1,220,red,4132,T11
23,0,0,1,220,red,4132,T11
24,0,0,1,220,red,4132,T11
25,0,0,1,220,red,4132,T11
26,0,0,1,220,red,4132,T11
27,0,0,1,220,red,4132,T11
28,0,0,1,220,red,4132,T11
29,0,0,1,220,red,4132,T11
30,0,0,1,220,red,4132,T11
31,0,0,1,220,red,4132,T11
32,0,0,1,220,red,4132,T11
33,0,0,1,220,red,4132,T11
34,0,0,1,220,red,4132,T11
35,0,0,1,220,red,4132,T11
36,0,0,1,220,red,4132,T11
37,0,0,1,220,red,4132,T11
38,0,1,0,220,red,4132,T11
39,0,1,0,220,red,4132,T11
40,0,1,0,220,red,4132,T11
41,0,1,0,220,red,4132,T11
42,0,1,0,220,red,4132,T11
43,0,1,0,220,red,4132,T11
44,0,1,0,220,red,4132,T11
45,0,1,0,220,red,4132,T11
46,0,1,0,220,red,4132,T11
47,0,1,0,220,red,4132,T11
48,0,1,0,220,red,4132,T11
49,0,1,0,220,red,4132,T11
50,0,1,0,220,red,4132,T11
51,0,1,0,220,red,4132,T11
52,0,1,0,220,red,4132,T11
53,0,1,0,220,red,4132,T11
54,0,1,0,220,red,4132,T11
55,0,1,0,220,red,4132,T11
56,0,1,0,220,red,4132,T11
57,0,1,0,220,red,4132,T11
58,0,1,0,220,red,4132,T11
59,0,1,0,220,red,4132,T11
60,0,1,0,220,red,4132,T11
61,0,1,0,220,red,4132,T11
62,0,1,0,220,red,4132,T11
63,0,1,0,220,red,4132,T11
64,0,1,0,220,red,4132,T11
65,0,1,0,220,red,4132,T11
66,0,1,0,220,red,4132,T11
67,0,1,0,220,red,4132,T11
68,0,1,0,220,red,4132,T11
69,0,1,0,220,red,4132,T11
70,0,1,0,220,red,4132,T11
71,0,1,0,220,red,4132,T11
72,0,1,0,220,red,4132,T11
73,0,1,0,220,red,4132,T11
74,0,1,0,220,red,4132,T11
75,0,1,0,220,red,4132,T11
76,0,1,0,220,red,4132,T11
77,0,1,0,220,red,4132,T11
78,0,1,0,220,red,4132,T11
79,0,1,0,220,red,4132,T11
80,0,1,0,220,red,4132,T11
81,0,1,0,220,red,4132,T11
82,0,1,0,220,red,4132,T11
83,0,1,0,220,red,4132,T11
84,0,1,0,220,red,4132,T11
85,0,1,0,220,red,4132,T11
86,0,1,0,220,red,4132,T11
87,0,1,0,220,red,4132,T11
88,0,1,0,220,red,4132,T11
89,0,1,0,220,red,4132,T11
90,0,1,0,220,red,4132,T11
91,0,1,0,220,red,4132,T11
92,0,1,0,220,red,4132,T11
93,0,1,0,220,red,4132,T11
94,0,1,0,220,red,4132,T11
95,0,1,0,220,red,4132,T11
96,0,1,0,220,red,4132,T11
97,0,1,0,220,red,4132,T11
98,0,1,0,220,red,4132,T11
99,0,1,0,220,red,4132,T11
100,0,1,0,220,red,4132,T11
101,0,1,0,220,red,4132,T11
102,0,1,0,220,red,4132,T11
103,0,1,0,220,red,4132,T11
104,0,1,0,220,red,4132,T11
105,0,1,0,220,red,4132,T11
106,0,1,0,220,red,4132,T11
107,0,1,0,220,red,4132,T11
108,0,1,0,220,red,4132,T11
109,0,1,0,220,red,4132,T11
110,0,1,0,220,red,4132,T11
111,0,1,0,220,red,4132,T11
112,0,1,0,220,red,4132,T11
113,0,1,0,220,red,4132,T11
114,0,0,1,220,red,4132,T11
115,1,0,0,220,red,4132,T11
116,1,0,0,220,red,4132,T11
117,1,0,0,220,red,4132,T11
118,1,0,0,220,red,4132,T11
119,1,0,0,220,red,4132,T11
120,1,0,0,220,red,4132,T11
121,1,0,0,220,red,4132,T11
122,1,0,0,220,red,4132,T11
123,1,0,0,220,red,4132,T11
124,1,0,0,220,red,4132,T11
125,1,0,0,220,red,4132,T11
126,1,0,0,220,red,4132,T11
127,1,0,0,220,red,4132,T11
128,1,0,0,220,red,4132,T11
129,1,0,0,220,red,4132,T11
130,1,0,0,220,red,4132,T11
131,1,0,0,220,red,4132,T11
132,1,0,0,220,red,4132,T11
133,1,0,0,220,red,4132,T11
134,1,0,0,220,red,4132,T11
135,1,0,0,220,red,4132,T11
136,1,0,0,220,red,4132,T11
137,1,0,0,220,red,4132,T11
138,1,0,0,220,red,4132,T11
139,1,0,0,220,red,4132,T11
140,1,0,0,220,red,4132,T11
141,1,0,0,220,red,4132,T11
142,1,0,0,220,red,4132,T11
143,1,0,0,220,red,4132,T11
144,1,0,0,220,red,4132,T11
145,1,0,0,220,red,4132,T11
146,1,0,0,220,red,4132,T11
147,1,0,0,220,red,4132,T11
148,1,0,0,220,red,4132,T11
149,1,0,0,220,red,4132,T11
150,1,0,0,220,red,4132,T11
151,1,0,0,220,red,4132,T11
152,1,0,0,220,red,4132,T11
153,1,0,0,220,red,4132,T11
154,1,0,0,220,red,4132,T11
155,1,0,0,220,red,4132,T11
156,1,0,0,220,red,4132,T11
157,1,0,0,220,red,4132,T11
158,1,0,0,220,red,4132,T11
159,1,0,0,220,red,4132,T11
160,1,0,0,220,red,4132,T11
161,1,0,0,220,red,4132,T11
162,1,0,0,220,red,4132,T11
163,1,0,0,220,red,4132,T11
164,1,0,0,220,red,4132,T11
165,1,0,0,220,red,4132,T11
166,1,0,0,220,red,4132,T11
167,1,0,0,220,red,4132,T11
168,1,0,0,220,red,4132,T11
169,1,0,0,220,red,4132,T11
170,1,0,0,220,red,4132,T11
171,1,0,0,220,red,4132,T11
172,1,0,0,220,red,4132,T11
173,1,0,0,220,red,4132,T11
174,1,0,0,220,red,4132,T11
175,1,0,0,220,red,4132,T11
176,1,0,0,220,red,4132,T11
177,1,0,0,220,red,4132,T11
178,1,0,0,220,red,4132,T11
179,1,0,0,220,red,4132,T11
180,1,0,0,220,red,4132,T11
181,1,0,0,220,red,4132,T11
182,1,0,0,220,red,4132,T11
183,1,0,0,220,red,4132,T11
184,1,0,0,220,red,4132,T11
185,1,0,0,220,red,4132,T11
186,1,0,0,220,red,4132,T11
187,1,0,0,220,red,4132,T11
188,1,0,0,220,red,4132,T11
189,1,0,0,220,red,4132,T11
190,1,0,0,220,red,4132,T11
191,1,0,0,220,red,4132,T11
192,1,0,0,220,red,4132,T11
193,1,0,0,220,red,4132,T11
194,1,0,0,220,red,4132,T11
195,1,0,0,220,red,4132,T11
196,1,0,0,220,red,4132,T11
197,1,0,0,220,red,4132,T11
198,1,0,0,220,red,4132,T11
199,1,0,0,220,red,4132,T11
200,1,0,0,220,red,4132,T11
201,1,0,0,220,red,4132,T11
202,1,0,0,220,red,4132,T11
203,1,0,0,220,red,4132,T11
204,1,0,0,220,red,4132,T11
205,1,0,0,220,red,4132,T11
206,1,0,0,220,red,4132,T11
207,1,0,0,220,red,4132,T11
208,1,0,0,220,red,4132,T11
209,1,0,0,220,red,4132,T11
210,1,0,0,220,red,4132,T11
211,1,0,0,220,red,4132,T11
212,1,0,0,220,red,4132,T11
213,1,0,0,220,red,4132,T11
214,1,0,0,220,red,4132,T11
215,1,0,0,220,red,4132,T11
216,1,0,0,220,red,4132,T11
217,1,0,0,220,red,4132,T11
218,1,0,0,220,red,4132,T11
219,1,0,0,220,red,4132,T11
220,1,0,0,220,red,4132,T11
221,1,0,0,220,red,4132,T11
0,0,0,1,221,red,4185,T11
1,0,0,1,221,red,4185,T11
2,0,0,1,221,red,4185,T11
3,0,0,1,221,red,4185,T11
4,0,0,1,221,red,4185,T11
5,0,0,1,221,red,4185,T11
6,0,0,1,221,red,4185,T11
7,0,0,1,221,red,4185,T11
8,0,0,1,221,red,4185,T11
9,0,0,1,221,red,4185,T11
10,0,0,1,221,red,4185,T11
11,0,0,1,221,red,4185,T11
12,0,0,1,221,red,4185,T11
13,0,0,1,221,red,4185,T11
14,0,0,1,221,red,4185,T11
15,0,0,1,221,red,4185,T11
16,0,0,1,221,red,4185,T11
17,0,0,1,221,red,4185,T11
18,0,0,1,221,red,4185,T11
19,0,0,1,221,red,4185,T11
20,0,0,1,221,red,4185,T11
21,0,0,1,221,red,4185,T11
22,0,0,1,221,red,4185,T11
23,0,0,1,221,red,4185,T11
24,0,0,1,221,red,4185,T11
25,0,0,1,221,red,4185,T11
26,0,0,1,221,red,4185,T11
27,0,0,1,221,red,4185,T11
28,0,0,1,221,red,4185,T11
29,0,0,1,221,red,4185,T11
30,0,0,1,221,red,4185,T11
31,0,0,1,221,red,4185,T11
32,0,0,1,221,red,4185,T11
33,0,0,1,221,red,4185,T11
34,0,0,1,221,red,4185,T11
35,0,0,1,221,red,4185,T11
36,0,0,1,221,red,4185,T11
37,0,0,1,221,red,4185,T11
38,0,0,1,221,red,4185,T11
39,0,0,1,221,red,4185,T11
40,0,1,0,221,red,4185,T11
41,0,1,0,221,red,4185,T11
42,0,1,0,221,red,4185,T11
43,0,1,0,221,red,4185,T11
44,0,1,0,221,red,4185,T11
45,0,1,0,221,red,4185,T11
46,0,1,0,221,red,4185,T11
47,0,1,0,221,red,4185,T11
48,0,1,0,221,red,4185,T11
49,0,1,0,221,red,4185,T11
50,0,1,0,221,red,4185,T11
51,0,1,0,221,red,4185,T11
52,0,1,0,221,red,4185,T11
53,0,1,0,221,red,4185,T11
54,0,1,0,221,red,4185,T11
55,0,1,0,221,red,4185,T11
56,0,1,0,221,red,4185,T11
57,0,1,0,221,red,4185,T11
58,0,1,0,221,red,4185,T11
59,0,1,0,221,red,4185,T11
60,0,1,0,221,red,4185,T11
61,0,1,0,221,red,4185,T11
62,0,1,0,221,red,4185,T11
63,0,1,0,221,red,4185,T11
64,0,1,0,221,red,4185,T11
65,0,1,0,221,red,4185,T11
66,0,1,0,221,red,4185,T11
67,0,1,0,221,red,4185,T11
68,0,1,0,221,red,4185,T11
69,0,1,0,221,red,4185,T11
70,0,1,0,221,red,4185,T11
71,0,1,0,221,red,4185,T11
72,0,1,0,221,red,4185,T11
73,0,1,0,221,red,4185,T11
74,0,1,0,221,red,4185,T11
75,0,1,0,221,red,4185,T11
76,0,1,0,221,red,4185,T11
77,0,1,0,221,red,4185,T11
78,0,1,0,221,red,4185,T11
79,0,1,0,221,red,4185,T11
80,0,1,0,221,red,4185,T11
81,0,1,0,221,red,4185,T11
82,0,1,0,221,red,4185,T11
83,0,1,0,221,red,4185,T11
84,0,1,0,221,red,4185,T11
85,0,1,0,221,red,4185,T11
86,0,1,0,221,red,4185,T11
87,0,1,0,221,red,4185,T11
88,0,1,0,221,red,4185,T11
89,0,1,0,221,red,4185,T11
90,0,1,0,221,red,4185,T11
91,0,1,0,221,red,4185,T11
92,0,1,0,221,red,4185,T11
93,0,1,0,221,red,4185,T11
94,0,1,0,221,red,4185,T11
95,0,1,0,221,red,4185,T11
96,0,1,0,221,red,4185,T11
97,0,1,0,221,red,4185,T11
98,0,1,0,221,red,4185,T11
99,0,1,0,221,red,4185,T11
100,0,1,0,221,red,4185,T11
101,0,1,0,221,red,4185,T11
102,0,1,0,221,red,4185,T11
103,0,1,0,221,red,4185,T11
104,0,1,0,221,red,4185,T11
105,0,1,0,221,red,4185,T11
106,0,1,0,221,red,4185,T11
107,0,1,0,221,red,4185,T11
108,0,1,0,221,red,4185,T11
109,0,1,0,221,red,4185,T11
110,0,1,0,221,red,4185,T11
111,0,1,0,221,red,4185,T11
112,0,1,0,221,red,4185,T11
113,0,1,0,221,red,4185,T11
114,0,1,0,221,red,4185,T11
115,0,1,0,221,red,4185,T11
116,0,1,0,221,red,4185,T11
117,0,1,0,221,red,4185,T11
118,0,1,0,221,red,4185,T11
119,0,1,0,221,red,4185,T11
120,0,1,0,221,red,4185,T11
121,0,1,0,221,red,4185,T11
122,0,1,0,221,red,4185,T11
123,0,1,0,221,red,4185,T11
124,0,1,0,221,red,4185,T11
125,0,1,0,221,red,4185,T11
126,0,1,0,221,red,4185,T11
127,0,1,0,221,red,4185,T11
128,1,0,0,221,red,4185,T11
129,1,0,0,221,red,4185,T11
130,1,0,0,221,red,4185,T11
131,1,0,0,221,red,4185,T11
132,1,0,0,221,red,4185,T11
133,1,0,0,221,red,4185,T11
134,1,0,0,221,red,4185,T11
135,1,0,0,221,red,4185,T11
136,1,0,0,221,red,4185,T11
137,1,0,0,221,red,4185,T11
138,1,0,0,221,red,4185,T11
139,1,0,0,221,red,4185,T11
140,1,0,0,221,red,4185,T11
141,1,0,0,221,red,4185,T11
142,1,0,0,221,red,4185,T11
143,1,0,0,221,red,4185,T11
144,1,0,0,221,red,4185,T11
145,1,0,0,221,red,4185,T11
146,1,0,0,221,red,4185,T11
147,1,0,0,221,red,4185,T11
148,1,0,0,221,red,4185,T11
149,1,0,0,221,red,4185,T11
150,1,0,0,221,red,4185,T11
151,1,0,0,221,red,4185,T11
152,1,0,0,221,red,4185,T11
153,1,0,0,221,red,4185,T11
154,1,0,0,221,red,4185,T11
155,1,0,0,221,red,4185,T11
156,1,0,0,221,red,4185,T11
157,1,0,0,221,red,4185,T11
158,1,0,0,221,red,4185,T11
159,1,0,0,221,red,4185,T11
160,1,0,0,221,red,4185,T11
161,1,0,0,221,red,4185,T11
162,1,0,0,221,red,4185,T11
163,1,0,0,221,red,4185,T11
164,1,0,0,221,red,4185,T11
165,1,0,0,221,red,4185,T11
166,1,0,0,221,red,4185,T11
167,1,0,0,221,red,4185,T11
168,1,0,0,221,red,4185,T11
169,1,0,0,221,red,4185,T11
170,1,0,0,221,red,4185,T11
171,1,0,0,221,red,4185,T11
172,1,0,0,221,red,4185,T11
173,1,0,0,221,red,4185,T11
174,1,0,0,221,red,4185,T11
175,1,0,0,221,red,4185,T11
176,1,0,0,221,red,4185,T11
177,1,0,0,221,red,4185,T11
178,1,0,0,221,red,4185,T11
179,1,0,0,221,red,4185,T11
180,1,0,0,221,red,4185,T11
181,1,0,0,221,red,4185,T11
182,1,0,0,221,red,4185,T11
183,1,0,0,221,red,4185,T11
184,1,0,0,221,red,4185,T11
185,1,0,0,221,red,4185,T11
186,1,0,0,221,red,4185,T11
187,1,0,0,221,red,4185,T11
188,1,0,0,221,red,4185,T11
189,1,0,0,221,red,4185,T11
190,1,0,0,221,red,4185,T11
191,1,0,0,221,red,4185,T11
192,1,0,0,221,red,4185,T11
193,1,0,0,221,red,4185,T11
194,1,0,0,221,red,4185,T11
195,1,0,0,221,red,4185,T11
196,1,0,0,221,red,4185,T11
197,1,0,0,221,red,4185,T11
198,1,0,0,221,red,4185,T11
199,1,0,0,221,red,4185,T11
200,1,0,0,221,red,4185,T11
201,1,0,0,221,red,4185,T11
202,1,0,0,221,red,4185,T11
203,1,0,0,221,red,4185,T11
204,1,0,0,221,red,4185,T11
205,1,0,0,221,red,4185,T11
206,1,0,0,221,red,4185,T11
207,1,0,0,221,red,4185,T11
208,1,0,0,221,red,4185,T11
209,1,0,0,221,red,4185,T11
210,1,0,0,221,red,4185,T11
211,1,0,0,221,red,4185,T11
212,1,0,0,221,red,4185,T11
213,1,0,0,221,red,4185,T11
214,1,0,0,221,red,4185,T11
215,1,0,0,221,red,4185,T11
216,1,0,0,221,red,4185,T11
217,1,0,0,221,red,4185,T11
218,1,0,0,221,red,4185,T11
219,1,0,0,221,red,4185,T11
220,1,0,0,221,red,4185,T11
221,1,0,0,221,red,4185,T11
0,0,0,1,222,red,4417,T11
1,0,0,1,222,red,4417,T11
2,0,0,1,222,red,4417,T11
3,0,0,1,222,red,4417,T11
4,0,0,1,222,red,4417,T11
5,0,0,1,222,red,4417,T11
6,0,0,1,222,red,4417,T11
7,0,0,1,222,red,4417,T11
8,0,0,1,222,red,4417,T11
9,0,0,1,222,red,4417,T11
10,0,0,1,222,red,4417,T11
11,0,0,1,222,red,4417,T11
12,0,0,1,222,red,4417,T11
13,0,0,1,222,red,4417,T11
14,0,0,1,222,red,4417,T11
15,0,0,1,222,red,4417,T11
16,0,0,1,222,red,4417,T11
17,0,0,1,222,red,4417,T11
18,0,0,1,222,red,4417,T11
19,0,0,1,222,red,4417,T11
20,0,0,1,222,red,4417,T11
21,0,0,1,222,red,4417,T11
22,0,0,1,222,red,4417,T11
23,0,0,1,222,red,4417,T11
24,0,0,1,222,red,4417,T11
25,0,0,1,222,red,4417,T11
26,0,0,1,222,red,4417,T11
27,0,0,1,222,red,4417,T11
28,0,0,1,222,red,4417,T11
29,0,0,1,222,red,4417,T11
30,0,0,1,222,red,4417,T11
31,0,0,1,222,red,4417,T11
32,0,0,1,222,red,4417,T11
33,0,0,1,222,red,4417,T11
34,0,0,1,222,red,4417,T11
35,0,0,1,222,red,4417,T11
36,0,0,1,222,red,4417,T11
37,0,0,1,222,red,4417,T11
38,0,0,1,222,red,4417,T11
39,0,0,1,222,red,4417,T11
40,0,1,0,222,red,4417,T11
41,0,1,0,222,red,4417,T11
42,0,1,0,222,red,4417,T11
43,0,1,0,222,red,4417,T11
44,0,1,0,222,red,4417,T11
45,0,1,0,222,red,4417,T11
46,0,1,0,222,red,4417,T11
47,0,1,0,222,red,4417,T11
48,0,1,0,222,red,4417,T11
49,0,1,0,222,red,4417,T11
50,0,1,0,222,red,4417,T11
51,0,1,0,222,red,4417,T11
52,0,1,0,222,red,4417,T11
53,0,1,0,222,red,4417,T11
54,0,1,0,222,red,4417,T11
55,0,1,0,222,red,4417,T11
56,0,1,0,222,red,4417,T11
57,0,1,0,222,red,4417,T11
58,0,1,0,222,red,4417,T11
59,0,1,0,222,red,4417,T11
60,0,1,0,222,red,4417,T11
61,0,1,0,222,red,4417,T11
62,0,1,0,222,red,4417,T11
63,0,1,0,222,red,4417,T11
64,0,1,0,222,red,4417,T11
65,0,1,0,222,red,4417,T11
66,0,1,0,222,red,4417,T11
67,0,1,0,222,red,4417,T11
68,0,1,0,222,red,4417,T11
69,0,1,0,222,red,4417,T11
70,0,1,0,222,red,4417,T11
71,0,1,0,222,red,4417,T11
72,0,1,0,222,red,4417,T11
73,0,1,0,222,red,4417,T11
74,0,0,1,222,red,4417,T11
75,1,0,0,222,red,4417,T11
76,1,0,0,222,red,4417,T11
77,1,0,0,222,red,4417,T11
78,1,0,0,222,red,4417,T11
79,1,0,0,222,red,4417,T11
80,1,0,0,222,red,4417,T11
81,1,0,0,222,red,4417,T11
82,1,0,0,222,red,4417,T11
83,1,0,0,222,red,4417,T11
84,1,0,0,222,red,4417,T11
85,1,0,0,222,red,4417,T11
86,1,0,0,222,red,4417,T11
87,1,0,0,222,red,4417,T11
88,1,0,0,222,red,4417,T11
89,1,0,0,222,red,4417,T11
90,1,0,0,222,red,4417,T11
91,1,0,0,222,red,4417,T11
92,1,0,0,222,red,4417,T11
93,1,0,0,222,red,4417,T11
94,1,0,0,222,red,4417,T11
95,1,0,0,222,red,4417,T11
96,1,0,0,222,red,4417,T11
97,1,0,0,222,red,4417,T11
98,1,0,0,222,red,4417,T11
99,1,0,0,222,red,4417,T11
100,1,0,0,222,red,4417,T11
101,1,0,0,222,red,4417,T11
102,1,0,0,222,red,4417,T11
103,1,0,0,222,red,4417,T11
104,1,0,0,222,red,4417,T11
105,1,0,0,222,red,4417,T11
106,1,0,0,222,red,4417,T11
107,1,0,0,222,red,4417,T11
108,1,0,0,222,red,4417,T11
109,1,0,0,222,red,4417,T11
110,1,0,0,222,red,4417,T11
111,1,0,0,222,red,4417,T11
112,1,0,0,222,red,4417,T11
113,1,0,0,222,red,4417,T11
114,1,0,0,222,red,4417,T11
115,1,0,0,222,red,4417,T11
116,1,0,0,222,red,4417,T11
117,1,0,0,222,red,4417,T11
118,1,0,0,222,red,4417,T11
119,1,0,0,222,red,4417,T11
120,1,0,0,222,red,4417,T11
121,1,0,0,222,red,4417,T11
122,1,0,0,222,red,4417,T11
123,1,0,0,222,red,4417,T11
124,1,0,0,222,red,4417,T11
125,1,0,0,222,red,4417,T11
126,1,0,0,222,red,4417,T11
127,1,0,0,222,red,4417,T11
128,1,0,0,222,red,4417,T11
129,1,0,0,222,red,4417,T11
130,1,0,0,222,red,4417,T11
131,1,0,0,222,red,4417,T11
132,1,0,0,222,red,4417,T11
133,1,0,0,222,red,4417,T11
134,1,0,0,222,red,4417,T11
135,1,0,0,222,red,4417,T11
136,1,0,0,222,red,4417,T11
137,1,0,0,222,red,4417,T11
138,1,0,0,222,red,4417,T11
139,1,0,0,222,red,4417,T11
140,1,0,0,222,red,4417,T11
141,1,0,0,222,red,4417,T11
142,1,0,0,222,red,4417,T11
143,1,0,0,222,red,4417,T11
144,1,0,0,222,red,4417,T11
145,1,0,0,222,red,4417,T11
146,1,0,0,222,red,4417,T11
147,1,0,0,222,red,4417,T11
148,1,0,0,222,red,4417,T11
149,1,0,0,222,red,4417,T11
150,1,0,0,222,red,4417,T11
151,1,0,0,222,red,4417,T11
152,1,0,0,222,red,4417,T11
153,1,0,0,222,red,4417,T11
154,1,0,0,222,red,4417,T11
155,1,0,0,222,red,4417,T11
156,1,0,0,222,red,4417,T11
157,1,0,0,222,red,4417,T11
158,1,0,0,222,red,4417,T11
159,1,0,0,222,red,4417,T11
160,1,0,0,222,red,4417,T11
161,1,0,0,222,red,4417,T11
162,1,0,0,222,red,4417,T11
163,1,0,0,222,red,4417,T11
164,1,0,0,222,red,4417,T11
165,1,0,0,222,red,4417,T11
166,1,0,0,222,red,4417,T11
167,1,0,0,222,red,4417,T11
168,1,0,0,222,red,4417,T11
169,1,0,0,222,red,4417,T11
170,1,0,0,222,red,4417,T11
171,1,0,0,222,red,4417,T11
172,1,0,0,222,red,4417,T11
173,1,0,0,222,red,4417,T11
174,1,0,0,222,red,4417,T11
175,1,0,0,222,red,4417,T11
176,1,0,0,222,red,4417,T11
177,1,0,0,222,red,4417,T11
178,1,0,0,222,red,4417,T11
179,1,0,0,222,red,4417,T11
180,1,0,0,222,red,4417,T11
181,1,0,0,222,red,4417,T11
182,1,0,0,222,red,4417,T11
183,1,0,0,222,red,4417,T11
184,1,0,0,222,red,4417,T11
185,1,0,0,222,red,4417,T11
186,1,0,0,222,red,4417,T11
187,1,0,0,222,red,4417,T11
188,1,0,0,222,red,4417,T11
189,1,0,0,222,red,4417,T11
190,1,0,0,222,red,4417,T11
191,1,0,0,222,red,4417,T11
192,1,0,0,222,red,4417,T11
193,1,0,0,222,red,4417,T11
194,1,0,0,222,red,4417,T11
195,1,0,0,222,red,4417,T11
196,1,0,0,222,red,4417,T11
197,1,0,0,222,red,4417,T11
198,1,0,0,222,red,4417,T11
199,1,0,0,222,red,4417,T11
200,1,0,0,222,red,4417,T11
201,1,0,0,222,red,4417,T11
202,1,0,0,222,red,4417,T11
203,1,0,0,222,red,4417,T11
204,1,0,0,222,red,4417,T11
205,1,0,0,222,red,4417,T11
206,1,0,0,222,red,4417,T11
207,1,0,0,222,red,4417,T11
208,1,0,0,222,red,4417,T11
209,1,0,0,222,red,4417,T11
210,1,0,0,222,red,4417,T11
211,1,0,0,222,red,4417,T11
212,1,0,0,222,red,4417,T11
213,1,0,0,222,red,4417,T11
214,1,0,0,222,red,4417,T11
215,1,0,0,222,red,4417,T11
216,1,0,0,222,red,4417,T11
217,1,0,0,222,red,4417,T11
218,1,0,0,222,red,4417,T11
219,1,0,0,222,red,4417,T11
220,1,0,0,222,red,4417,T11
221,1,0,0,222,red,4417,T11
0,0,0,1,223,red,5431,T11
1,0,0,1,223,red,5431,T11
2,0,0,1,223,red,5431,T11
3,0,0,1,223,red,5431,T11
4,0,0,1,223,red,5431,T11
5,0,0,1,223,red,5431,T11
6,0,0,1,223,red,5431,T11
7,0,0,1,223,red,5431,T11
8,0,0,1,223,red,5431,T11
9,0,0,1,223,red,5431,T11
10,0,0,1,223,red,5431,T11
11,0,0,1,223,red,5431,T11
12,0,0,1,223,red,5431,T11
13,0,0,1,223,red,5431,T11
14,0,0,1,223,red,5431,T11
15,0,0,1,223,red,5431,T11
16,0,0,1,223,red,5431,T11
17,0,0,1,223,red,5431,T11
18,0,0,1,223,red,5431,T11
19,0,0,1,223,red,5431,T11
20,0,0,1,223,red,5431,T11
21,0,0,1,223,red,5431,T11
22,0,0,1,223,red,5431,T11
23,0,0,1,223,red,5431,T11
24,0,0,1,223,red,5431,T11
25,0,0,1,223,red,5431,T11
26,0,0,1,223,red,5431,T11
27,0,1,0,223,red,5431,T11
28,0,1,0,223,red,5431,T11
29,0,1,0,223,red,5431,T11
30,0,1,0,223,red,5431,T11
31,0,1,0,223,red,5431,T11
32,0,1,0,223,red,5431,T11
33,0,1,0,223,red,5431,T11
34,0,1,0,223,red,5431,T11
35,0,0,1,223,red,5431,T11
36,0,0,1,223,red,5431,T11
37,0,0,1,223,red,5431,T11
38,0,0,1,223,red,5431,T11
39,0,0,1,223,red,5431,T11
40,0,0,1,223,red,5431,T11
41,0,0,1,223,red,5431,T11
42,0,0,1,223,red,5431,T11
43,0,0,1,223,red,5431,T11
44,0,0,1,223,red,5431,T11
45,0,0,1,223,red,5431,T11
46,0,1,0,223,red,5431,T11
47,0,1,0,223,red,5431,T11
48,0,1,0,223,red,5431,T11
49,0,1,0,223,red,5431,T11
50,0,1,0,223,red,5431,T11
51,0,1,0,223,red,5431,T11
52,0,1,0,223,red,5431,T11
53,0,1,0,223,red,5431,T11
54,0,1,0,223,red,5431,T11
55,0,1,0,223,red,5431,T11
56,0,1,0,223,red,5431,T11
57,0,1,0,223,red,5431,T11
58,0,1,0,223,red,5431,T11
59,0,1,0,223,red,5431,T11
60,0,1,0,223,red,5431,T11
61,0,1,0,223,red,5431,T11
62,0,1,0,223,red,5431,T11
63,0,1,0,223,red,5431,T11
64,0,1,0,223,red,5431,T11
65,0,1,0,223,red,5431,T11
66,0,1,0,223,red,5431,T11
67,0,1,0,223,red,5431,T11
68,0,1,0,223,red,5431,T11
69,0,1,0,223,red,5431,T11
70,0,1,0,223,red,5431,T11
71,0,1,0,223,red,5431,T11
72,0,1,0,223,red,5431,T11
73,0,1,0,223,red,5431,T11
74,0,1,0,223,red,5431,T11
75,0,1,0,223,red,5431,T11
76,0,1,0,223,red,5431,T11
77,0,0,1,223,red,5431,T11
78,0,0,1,223,red,5431,T11
79,0,0,1,223,red,5431,T11
80,0,0,1,223,red,5431,T11
81,0,0,1,223,red,5431,T11
82,0,0,1,223,red,5431,T11
83,0,0,1,223,red,5431,T11
84,0,0,1,223,red,5431,T11
85,0,0,1,223,red,5431,T11
86,0,0,1,223,red,5431,T11
87,0,0,1,223,red,5431,T11
88,0,0,1,223,red,5431,T11
89,0,0,1,223,red,5431,T11
90,0,0,1,223,red,5431,T11
91,1,0,0,223,red,5431,T11
92,1,0,0,223,red,5431,T11
93,1,0,0,223,red,5431,T11
94,1,0,0,223,red,5431,T11
95,1,0,0,223,red,5431,T11
96,1,0,0,223,red,5431,T11
97,1,0,0,223,red,5431,T11
98,1,0,0,223,red,5431,T11
99,1,0,0,223,red,5431,T11
100,1,0,0,223,red,5431,T11
101,1,0,0,223,red,5431,T11
102,1,0,0,223,red,5431,T11
103,1,0,0,223,red,5431,T11
104,1,0,0,223,red,5431,T11
105,1,0,0,223,red,5431,T11
106,1,0,0,223,red,5431,T11
107,1,0,0,223,red,5431,T11
108,1,0,0,223,red,5431,T11
109,1,0,0,223,red,5431,T11
110,1,0,0,223,red,5431,T11
111,1,0,0,223,red,5431,T11
112,1,0,0,223,red,5431,T11
113,1,0,0,223,red,5431,T11
114,1,0,0,223,red,5431,T11
115,1,0,0,223,red,5431,T11
116,1,0,0,223,red,5431,T11
117,1,0,0,223,red,5431,T11
118,1,0,0,223,red,5431,T11
119,1,0,0,223,red,5431,T11
120,1,0,0,223,red,5431,T11
121,1,0,0,223,red,5431,T11
122,1,0,0,223,red,5431,T11
123,1,0,0,223,red,5431,T11
124,1,0,0,223,red,5431,T11
125,1,0,0,223,red,5431,T11
126,1,0,0,223,red,5431,T11
127,1,0,0,223,red,5431,T11
128,1,0,0,223,red,5431,T11
129,1,0,0,223,red,5431,T11
130,1,0,0,223,red,5431,T11
131,1,0,0,223,red,5431,T11
132,1,0,0,223,red,5431,T11
133,1,0,0,223,red,5431,T11
134,1,0,0,223,red,5431,T11
135,1,0,0,223,red,5431,T11
136,1,0,0,223,red,5431,T11
137,1,0,0,223,red,5431,T11
138,1,0,0,223,red,5431,T11
139,1,0,0,223,red,5431,T11
140,1,0,0,223,red,5431,T11
141,1,0,0,223,red,5431,T11
142,1,0,0,223,red,5431,T11
143,1,0,0,223,red,5431,T11
144,1,0,0,223,red,5431,T11
145,1,0,0,223,red,5431,T11
146,1,0,0,223,red,5431,T11
147,1,0,0,223,red,5431,T11
148,1,0,0,223,red,5431,T11
149,1,0,0,223,red,5431,T11
150,1,0,0,223,red,5431,T11
151,1,0,0,223,red,5431,T11
152,1,0,0,223,red,5431,T11
153,1,0,0,223,red,5431,T11
154,1,0,0,223,red,5431,T11
155,1,0,0,223,red,5431,T11
156,1,0,0,223,red,5431,T11
157,1,0,0,223,red,5431,T11
158,1,0,0,223,red,5431,T11
159,1,0,0,223,red,5431,T11
160,1,0,0,223,red,5431,T11
161,1,0,0,223,red,5431,T11
162,1,0,0,223,red,5431,T11
163,1,0,0,223,red,5431,T11
164,1,0,0,223,red,5431,T11
165,1,0,0,223,red,5431,T11
166,1,0,0,223,red,5431,T11
167,1,0,0,223,red,5431,T11
168,1,0,0,223,red,5431,T11
169,1,0,0,223,red,5431,T11
170,1,0,0,223,red,5431,T11
171,1,0,0,223,red,5431,T11
172,1,0,0,223,red,5431,T11
173,1,0,0,223,red,5431,T11
174,1,0,0,223,red,5431,T11
175,1,0,0,223,red,5431,T11
176,1,0,0,223,red,5431,T11
177,1,0,0,223,red,5431,T11
178,1,0,0,223,red,5431,T11
179,1,0,0,223,red,5431,T11
180,1,0,0,223,red,5431,T11
181,1,0,0,223,red,5431,T11
182,1,0,0,223,red,5431,T11
183,1,0,0,223,red,5431,T11
184,1,0,0,223,red,5431,T11
185,1,0,0,223,red,5431,T11
186,1,0,0,223,red,5431,T11
187,1,0,0,223,red,5431,T11
188,1,0,0,223,red,5431,T11
189,1,0,0,223,red,5431,T11
190,1,0,0,223,red,5431,T11
191,1,0,0,223,red,5431,T11
192,1,0,0,223,red,5431,T11
193,1,0,0,223,red,5431,T11
194,1,0,0,223,red,5431,T11
195,1,0,0,223,red,5431,T11
196,1,0,0,223,red,5431,T11
197,1,0,0,223,red,5431,T11
198,1,0,0,223,red,5431,T11
199,1,0,0,223,red,5431,T11
200,1,0,0,223,red,5431,T11
201,1,0,0,223,red,5431,T11
202,1,0,0,223,red,5431,T11
203,1,0,0,223,red,5431,T11
204,1,0,0,223,red,5431,T11
205,1,0,0,223,red,5431,T11
206,1,0,0,223,red,5431,T11
207,1,0,0,223,red,5431,T11
208,1,0,0,223,red,5431,T11
209,1,0,0,223,red,5431,T11
210,1,0,0,223,red,5431,T11
211,1,0,0,223,red,5431,T11
212,1,0,0,223,red,5431,T11
213,1,0,0,223,red,5431,T11
214,1,0,0,223,red,5431,T11
215,1,0,0,223,red,5431,T11
216,1,0,0,223,red,5431,T11
217,1,0,0,223,red,5431,T11
218,1,0,0,223,red,5431,T11
219,1,0,0,223,red,5431,T11
220,1,0,0,223,red,5431,T11
221,1,0,0,223,red,5431,T11
0,0,0,1,224,red,4843,T11
1,0,0,1,224,red,4843,T11
2,0,0,1,224,red,4843,T11
3,0,0,1,224,red,4843,T11
4,0,0,1,224,red,4843,T11
5,0,0,1,224,red,4843,T11
6,0,0,1,224,red,4843,T11
7,0,0,1,224,red,4843,T11
8,0,0,1,224,red,4843,T11
9,0,0,1,224,red,4843,T11
10,0,0,1,224,red,4843,T11
11,0,0,1,224,red,4843,T11
12,0,0,1,224,red,4843,T11
13,0,0,1,224,red,4843,T11
14,0,0,1,224,red,4843,T11
15,0,0,1,224,red,4843,T11
16,0,0,1,224,red,4843,T11
17,0,0,1,224,red,4843,T11
18,0,0,1,224,red,4843,T11
19,0,0,1,224,red,4843,T11
20,0,0,1,224,red,4843,T11
21,0,0,1,224,red,4843,T11
22,0,0,1,224,red,4843,T11
23,0,0,1,224,red,4843,T11
24,0,0,1,224,red,4843,T11
25,0,0,1,224,red,4843,T11
26,0,0,1,224,red,4843,T11
27,0,0,1,224,red,4843,T11
28,0,0,1,224,red,4843,T11
29,0,0,1,224,red,4843,T11
30,0,0,1,224,red,4843,T11
31,0,0,1,224,red,4843,T11
32,0,0,1,224,red,4843,T11
33,0,0,1,224,red,4843,T11
34,0,0,1,224,red,4843,T11
35,0,0,1,224,red,4843,T11
36,0,0,1,224,red,4843,T11
37,0,0,1,224,red,4843,T11
38,0,0,1,224,red,4843,T11
39,0,0,1,224,red,4843,T11
40,0,0,1,224,red,4843,T11
41,0,0,1,224,red,4843,T11
42,0,0,1,224,red,4843,T11
43,0,0,1,224,red,4843,T11
44,0,0,1,224,red,4843,T11
45,0,0,1,224,red,4843,T11
46,0,0,1,224,red,4843,T11
47,0,0,1,224,red,4843,T11
48,0,0,1,224,red,4843,T11
49,0,0,1,224,red,4843,T11
50,0,0,1,224,red,4843,T11
51,0,0,1,224,red,4843,T11
52,0,0,1,224,red,4843,T11
53,0,0,1,224,red,4843,T11
54,0,0,1,224,red,4843,T11
55,0,0,1,224,red,4843,T11
56,0,0,1,224,red,4843,T11
57,0,0,1,224,red,4843,T11
58,0,0,1,224,red,4843,T11
59,0,0,1,224,red,4843,T11
60,0,0,1,224,red,4843,T11
61,0,0,1,224,red,4843,T11
62,0,0,1,224,red,4843,T11
63,0,0,1,224,red,4843,T11
64,0,0,1,224,red,4843,T11
65,0,0,1,224,red,4843,T11
66,0,0,1,224,red,4843,T11
67,0,0,1,224,red,4843,T11
68,0,0,1,224,red,4843,T11
69,0,0,1,224,red,4843,T11
70,0,0,1,224,red,4843,T11
71,0,0,1,224,red,4843,T11
72,0,0,1,224,red,4843,T11
73,0,0,1,224,red,4843,T11
74,0,0,1,224,red,4843,T11
75,0,0,1,224,red,4843,T11
76,0,0,1,224,red,4843,T11
77,0,0,1,224,red,4843,T11
78,0,0,1,224,red,4843,T11
79,0,0,1,224,red,4843,T11
80,0,0,1,224,red,4843,T11
81,0,0,1,224,red,4843,T11
82,0,0,1,224,red,4843,T11
83,0,0,1,224,red,4843,T11
84,0,0,1,224,red,4843,T11
85,0,0,1,224,red,4843,T11
86,0,0,1,224,red,4843,T11
87,0,0,1,224,red,4843,T11
88,0,0,1,224,red,4843,T11
89,0,0,1,224,red,4843,T11
90,0,0,1,224,red,4843,T11
91,0,0,1,224,red,4843,T11
92,0,0,1,224,red,4843,T11
93,0,0,1,224,red,4843,T11
94,0,0,1,224,red,4843,T11
95,0,0,1,224,red,4843,T11
96,0,0,1,224,red,4843,T11
97,0,0,1,224,red,4843,T11
98,0,0,1,224,red,4843,T11
99,0,0,1,224,red,4843,T11
100,0,0,1,224,red,4843,T11
101,0,0,1,224,red,4843,T11
102,0,0,1,224,red,4843,T11
103,0,0,1,224,red,4843,T11
104,0,0,1,224,red,4843,T11
105,0,0,1,224,red,4843,T11
106,0,0,1,224,red,4843,T11
107,0,0,1,224,red,4843,T11
108,0,0,1,224,red,4843,T11
109,0,0,1,224,red,4843,T11
110,0,0,1,224,red,4843,T11
111,0,0,1,224,red,4843,T11
112,0,0,1,224,red,4843,T11
113,0,0,1,224,red,4843,T11
114,0,0,1,224,red,4843,T11
115,0,0,1,224,red,4843,T11
116,0,0,1,224,red,4843,T11
117,0,0,1,224,red,4843,T11
118,0,0,1,224,red,4843,T11
119,0,0,1,224,red,4843,T11
120,0,0,1,224,red,4843,T11
121,0,0,1,224,red,4843,T11
122,0,0,1,224,red,4843,T11
123,0,0,1,224,red,4843,T11
124,0,0,1,224,red,4843,T11
125,0,0,1,224,red,4843,T11
126,0,0,1,224,red,4843,T11
127,0,0,1,224,red,4843,T11
128,0,0,1,224,red,4843,T11
129,0,0,1,224,red,4843,T11
130,0,0,1,224,red,4843,T11
131,0,0,1,224,red,4843,T11
132,0,0,1,224,red,4843,T11
133,0,0,1,224,red,4843,T11
134,0,0,1,224,red,4843,T11
135,0,0,1,224,red,4843,T11
136,0,0,1,224,red,4843,T11
137,0,0,1,224,red,4843,T11
138,0,0,1,224,red,4843,T11
139,0,0,1,224,red,4843,T11
140,0,0,1,224,red,4843,T11
141,0,0,1,224,red,4843,T11
142,0,0,1,224,red,4843,T11
143,0,0,1,224,red,4843,T11
144,0,0,1,224,red,4843,T11
145,0,0,1,224,red,4843,T11
146,0,0,1,224,red,4843,T11
147,0,0,1,224,red,4843,T11
148,0,0,1,224,red,4843,T11
149,0,0,1,224,red,4843,T11
150,0,0,1,224,red,4843,T11
151,0,0,1,224,red,4843,T11
152,0,0,1,224,red,4843,T11
153,0,0,1,224,red,4843,T11
154,0,0,1,224,red,4843,T11
155,0,0,1,224,red,4843,T11
156,0,0,1,224,red,4843,T11
157,0,0,1,224,red,4843,T11
158,0,0,1,224,red,4843,T11
159,0,1,0,224,red,4843,T11
160,0,0,1,224,red,4843,T11
161,0,0,1,224,red,4843,T11
162,0,0,1,224,red,4843,T11
163,0,0,1,224,red,4843,T11
164,0,0,1,224,red,4843,T11
165,0,1,0,224,red,4843,T11
166,0,0,1,224,red,4843,T11
167,0,0,1,224,red,4843,T11
168,0,0,1,224,red,4843,T11
169,0,0,1,224,red,4843,T11
170,0,0,1,224,red,4843,T11
171,0,0,1,224,red,4843,T11
172,0,0,1,224,red,4843,T11
173,0,0,1,224,red,4843,T11
174,0,0,1,224,red,4843,T11
175,1,0,0,224,red,4843,T11
176,1,0,0,224,red,4843,T11
177,1,0,0,224,red,4843,T11
178,1,0,0,224,red,4843,T11
179,1,0,0,224,red,4843,T11
180,1,0,0,224,red,4843,T11
181,1,0,0,224,red,4843,T11
182,1,0,0,224,red,4843,T11
183,1,0,0,224,red,4843,T11
184,1,0,0,224,red,4843,T11
185,1,0,0,224,red,4843,T11
186,1,0,0,224,red,4843,T11
187,1,0,0,224,red,4843,T11
188,1,0,0,224,red,4843,T11
189,1,0,0,224,red,4843,T11
190,1,0,0,224,red,4843,T11
191,1,0,0,224,red,4843,T11
192,1,0,0,224,red,4843,T11
193,1,0,0,224,red,4843,T11
194,1,0,0,224,red,4843,T11
195,1,0,0,224,red,4843,T11
196,1,0,0,224,red,4843,T11
197,1,0,0,224,red,4843,T11
198,1,0,0,224,red,4843,T11
199,1,0,0,224,red,4843,T11
200,1,0,0,224,red,4843,T11
201,1,0,0,224,red,4843,T11
202,1,0,0,224,red,4843,T11
203,1,0,0,224,red,4843,T11
204,1,0,0,224,red,4843,T11
205,1,0,0,224,red,4843,T11
206,1,0,0,224,red,4843,T11
207,1,0,0,224,red,4843,T11
208,1,0,0,224,red,4843,T11
209,1,0,0,224,red,4843,T11
210,1,0,0,224,red,4843,T11
211,1,0,0,224,red,4843,T11
212,1,0,0,224,red,4843,T11
213,1,0,0,224,red,4843,T11
214,1,0,0,224,red,4843,T11
215,1,0,0,224,red,4843,T11
216,1,0,0,224,red,4843,T11
217,1,0,0,224,red,4843,T11
218,1,0,0,224,red,4843,T11
219,1,0,0,224,red,4843,T11
220,1,0,0,224,red,4843,T11
221,1,0,0,224,red,4843,T11
0,0,0,1,225,red,4360,T11
1,0,0,1,225,red,4360,T11
2,0,0,1,225,red,4360,T11
3,0,0,1,225,red,4360,T11
4,0,0,1,225,red,4360,T11
5,0,0,1,225,red,4360,T11
6,0,0,1,225,red,4360,T11
7,0,0,1,225,red,4360,T11
8,0,0,1,225,red,4360,T11
9,0,0,1,225,red,4360,T11
10,0,0,1,225,red,4360,T11
11,0,0,1,225,red,4360,T11
12,0,0,1,225,red,4360,T11
13,0,0,1,225,red,4360,T11
14,0,0,1,225,red,4360,T11
15,0,0,1,225,red,4360,T11
16,0,0,1,225,red,4360,T11
17,0,0,1,225,red,4360,T11
18,0,0,1,225,red,4360,T11
19,0,0,1,225,red,4360,T11
20,0,0,1,225,red,4360,T11
21,0,0,1,225,red,4360,T11
22,0,0,1,225,red,4360,T11
23,0,0,1,225,red,4360,T11
24,0,0,1,225,red,4360,T11
25,0,0,1,225,red,4360,T11
26,0,0,1,225,red,4360,T11
27,0,0,1,225,red,4360,T11
28,0,0,1,225,red,4360,T11
29,0,0,1,225,red,4360,T11
30,0,0,1,225,red,4360,T11
31,0,0,1,225,red,4360,T11
32,0,0,1,225,red,4360,T11
33,0,0,1,225,red,4360,T11
34,0,0,1,225,red,4360,T11
35,0,0,1,225,red,4360,T11
36,0,0,1,225,red,4360,T11
37,0,0,1,225,red,4360,T11
38,0,0,1,225,red,4360,T11
39,0,1,0,225,red,4360,T11
40,0,1,0,225,red,4360,T11
41,0,1,0,225,red,4360,T11
42,0,1,0,225,red,4360,T11
43,0,1,0,225,red,4360,T11
44,0,1,0,225,red,4360,T11
45,0,1,0,225,red,4360,T11
46,0,1,0,225,red,4360,T11
47,0,1,0,225,red,4360,T11
48,0,1,0,225,red,4360,T11
49,0,1,0,225,red,4360,T11
50,0,1,0,225,red,4360,T11
51,0,1,0,225,red,4360,T11
52,0,1,0,225,red,4360,T11
53,0,1,0,225,red,4360,T11
54,0,1,0,225,red,4360,T11
55,0,1,0,225,red,4360,T11
56,0,1,0,225,red,4360,T11
57,0,1,0,225,red,4360,T11
58,0,1,0,225,red,4360,T11
59,0,1,0,225,red,4360,T11
60,0,1,0,225,red,4360,T11
61,0,1,0,225,red,4360,T11
62,0,1,0,225,red,4360,T11
63,0,1,0,225,red,4360,T11
64,0,1,0,225,red,4360,T11
65,0,1,0,225,red,4360,T11
66,0,1,0,225,red,4360,T11
67,0,1,0,225,red,4360,T11
68,0,1,0,225,red,4360,T11
69,0,1,0,225,red,4360,T11
70,0,1,0,225,red,4360,T11
71,0,1,0,225,red,4360,T11
72,0,1,0,225,red,4360,T11
73,0,1,0,225,red,4360,T11
74,0,1,0,225,red,4360,T11
75,0,1,0,225,red,4360,T11
76,0,1,0,225,red,4360,T11
77,0,1,0,225,red,4360,T11
78,0,1,0,225,red,4360,T11
79,0,1,0,225,red,4360,T11
80,0,1,0,225,red,4360,T11
81,0,1,0,225,red,4360,T11
82,0,1,0,225,red,4360,T11
83,0,1,0,225,red,4360,T11
84,0,1,0,225,red,4360,T11
85,0,1,0,225,red,4360,T11
86,0,1,0,225,red,4360,T11
87,0,1,0,225,red,4360,T11
88,0,1,0,225,red,4360,T11
89,0,1,0,225,red,4360,T11
90,0,1,0,225,red,4360,T11
91,0,1,0,225,red,4360,T11
92,0,1,0,225,red,4360,T11
93,0,1,0,225,red,4360,T11
94,0,1,0,225,red,4360,T11
95,0,1,0,225,red,4360,T11
96,0,1,0,225,red,4360,T11
97,0,1,0,225,red,4360,T11
98,0,1,0,225,red,4360,T11
99,0,1,0,225,red,4360,T11
100,0,1,0,225,red,4360,T11
101,0,1,0,225,red,4360,T11
102,0,1,0,225,red,4360,T11
103,0,1,0,225,red,4360,T11
104,0,1,0,225,red,4360,T11
105,0,1,0,225,red,4360,T11
106,0,1,0,225,red,4360,T11
107,0,1,0,225,red,4360,T11
108,0,1,0,225,red,4360,T11
109,0,1,0,225,red,4360,T11
110,0,1,0,225,red,4360,T11
111,0,1,0,225,red,4360,T11
112,0,1,0,225,red,4360,T11
113,0,1,0,225,red,4360,T11
114,0,1,0,225,red,4360,T11
115,0,1,0,225,red,4360,T11
116,0,1,0,225,red,4360,T11
117,0,1,0,225,red,4360,T11
118,0,1,0,225,red,4360,T11
119,0,1,0,225,red,4360,T11
120,0,1,0,225,red,4360,T11
121,0,1,0,225,red,4360,T11
122,0,0,1,225,red,4360,T11
123,0,0,1,225,red,4360,T11
124,0,0,1,225,red,4360,T11
125,0,0,1,225,red,4360,T11
126,1,0,0,225,red,4360,T11
127,1,0,0,225,red,4360,T11
128,1,0,0,225,red,4360,T11
129,1,0,0,225,red,4360,T11
130,1,0,0,225,red,4360,T11
131,1,0,0,225,red,4360,T11
132,1,0,0,225,red,4360,T11
133,1,0,0,225,red,4360,T11
134,1,0,0,225,red,4360,T11
135,1,0,0,225,red,4360,T11
136,1,0,0,225,red,4360,T11
137,1,0,0,225,red,4360,T11
138,1,0,0,225,red,4360,T11
139,1,0,0,225,red,4360,T11
140,1,0,0,225,red,4360,T11
141,1,0,0,225,red,4360,T11
142,1,0,0,225,red,4360,T11
143,1,0,0,225,red,4360,T11
144,1,0,0,225,red,4360,T11
145,1,0,0,225,red,4360,T11
146,1,0,0,225,red,4360,T11
147,1,0,0,225,red,4360,T11
148,1,0,0,225,red,4360,T11
149,1,0,0,225,red,4360,T11
150,1,0,0,225,red,4360,T11
151,1,0,0,225,red,4360,T11
152,1,0,0,225,red,4360,T11
153,1,0,0,225,red,4360,T11
154,1,0,0,225,red,4360,T11
155,1,0,0,225,red,4360,T11
156,1,0,0,225,red,4360,T11
157,1,0,0,225,red,4360,T11
158,1,0,0,225,red,4360,T11
159,1,0,0,225,red,4360,T11
160,1,0,0,225,red,4360,T11
161,1,0,0,225,red,4360,T11
162,1,0,0,225,red,4360,T11
163,1,0,0,225,red,4360,T11
164,1,0,0,225,red,4360,T11
165,1,0,0,225,red,4360,T11
166,1,0,0,225,red,4360,T11
167,1,0,0,225,red,4360,T11
168,1,0,0,225,red,4360,T11
169,1,0,0,225,red,4360,T11
170,1,0,0,225,red,4360,T11
171,1,0,0,225,red,4360,T11
172,1,0,0,225,red,4360,T11
173,1,0,0,225,red,4360,T11
174,1,0,0,225,red,4360,T11
175,1,0,0,225,red,4360,T11
176,1,0,0,225,red,4360,T11
177,1,0,0,225,red,4360,T11
178,1,0,0,225,red,4360,T11
179,1,0,0,225,red,4360,T11
180,1,0,0,225,red,4360,T11
181,1,0,0,225,red,4360,T11
182,1,0,0,225,red,4360,T11
183,1,0,0,225,red,4360,T11
184,1,0,0,225,red,4360,T11
185,1,0,0,225,red,4360,T11
186,1,0,0,225,red,4360,T11
187,1,0,0,225,red,4360,T11
188,1,0,0,225,red,4360,T11
189,1,0,0,225,red,4360,T11
190,1,0,0,225,red,4360,T11
191,1,0,0,225,red,4360,T11
192,1,0,0,225,red,4360,T11
193,1,0,0,225,red,4360,T11
194,1,0,0,225,red,4360,T11
195,1,0,0,225,red,4360,T11
196,1,0,0,225,red,4360,T11
197,1,0,0,225,red,4360,T11
198,1,0,0,225,red,4360,T11
199,1,0,0,225,red,4360,T11
200,1,0,0,225,red,4360,T11
201,1,0,0,225,red,4360,T11
202,1,0,0,225,red,4360,T11
203,1,0,0,225,red,4360,T11
204,1,0,0,225,red,4360,T11
205,1,0,0,225,red,4360,T11
206,1,0,0,225,red,4360,T11
207,1,0,0,225,red,4360,T11
208,1,0,0,225,red,4360,T11
209,1,0,0,225,red,4360,T11
210,1,0,0,225,red,4360,T11
211,1,0,0,225,red,4360,T11
212,1,0,0,225,red,4360,T11
213,1,0,0,225,red,4360,T11
214,1,0,0,225,red,4360,T11
215,1,0,0,225,red,4360,T11
216,1,0,0,225,red,4360,T11
217,1,0,0,225,red,4360,T11
218,1,0,0,225,red,4360,T11
219,1,0,0,225,red,4360,T11
220,1,0,0,225,red,4360,T11
221,1,0,0,225,red,4360,T11
0,0,0,1,226,red,4527,T11
1,0,0,1,226,red,4527,T11
2,0,0,1,226,red,4527,T11
3,0,0,1,226,red,4527,T11
4,0,0,1,226,red,4527,T11
5,0,0,1,226,red,4527,T11
6,0,0,1,226,red,4527,T11
7,0,0,1,226,red,4527,T11
8,0,0,1,226,red,4527,T11
9,0,0,1,226,red,4527,T11
10,1,0,0,226,red,4527,T11
11,1,0,0,226,red,4527,T11
12,1,0,0,226,red,4527,T11
13,1,0,0,226,red,4527,T11
14,1,0,0,226,red,4527,T11
15,1,0,0,226,red,4527,T11
16,1,0,0,226,red,4527,T11
17,1,0,0,226,red,4527,T11
18,1,0,0,226,red,4527,T11
19,1,0,0,226,red,4527,T11
20,1,0,0,226,red,4527,T11
21,1,0,0,226,red,4527,T11
22,1,0,0,226,red,4527,T11
23,1,0,0,226,red,4527,T11
24,1,0,0,226,red,4527,T11
25,0,0,1,226,red,4527,T11
26,0,1,0,226,red,4527,T11
27,0,1,0,226,red,4527,T11
28,0,1,0,226,red,4527,T11
29,0,1,0,226,red,4527,T11
30,0,1,0,226,red,4527,T11
31,0,1,0,226,red,4527,T11
32,0,1,0,226,red,4527,T11
33,0,1,0,226,red,4527,T11
34,0,1,0,226,red,4527,T11
35,0,1,0,226,red,4527,T11
36,0,1,0,226,red,4527,T11
37,0,1,0,226,red,4527,T11
38,0,1,0,226,red,4527,T11
39,0,1,0,226,red,4527,T11
40,0,1,0,226,red,4527,T11
41,0,1,0,226,red,4527,T11
42,0,1,0,226,red,4527,T11
43,0,1,0,226,red,4527,T11
44,0,0,1,226,red,4527,T11
45,1,0,0,226,red,4527,T11
46,1,0,0,226,red,4527,T11
47,1,0,0,226,red,4527,T11
48,1,0,0,226,red,4527,T11
49,1,0,0,226,red,4527,T11
50,1,0,0,226,red,4527,T11
51,1,0,0,226,red,4527,T11
52,1,0,0,226,red,4527,T11
53,1,0,0,226,red,4527,T11
54,0,1,0,226,red,4527,T11
55,0,1,0,226,red,4527,T11
56,0,1,0,226,red,4527,T11
57,0,1,0,226,red,4527,T11
58,0,1,0,226,red,4527,T11
59,0,1,0,226,red,4527,T11
60,0,1,0,226,red,4527,T11
61,0,1,0,226,red,4527,T11
62,0,1,0,226,red,4527,T11
63,0,1,0,226,red,4527,T11
64,0,1,0,226,red,4527,T11
65,0,1,0,226,red,4527,T11
66,0,1,0,226,red,4527,T11
67,0,1,0,226,red,4527,T11
68,0,1,0,226,red,4527,T11
69,0,1,0,226,red,4527,T11
70,0,1,0,226,red,4527,T11
71,0,1,0,226,red,4527,T11
72,0,1,0,226,red,4527,T11
73,0,1,0,226,red,4527,T11
74,0,1,0,226,red,4527,T11
75,0,1,0,226,red,4527,T11
76,0,1,0,226,red,4527,T11
77,0,1,0,226,red,4527,T11
78,0,1,0,226,red,4527,T11
79,0,1,0,226,red,4527,T11
80,0,1,0,226,red,4527,T11
81,0,1,0,226,red,4527,T11
82,0,1,0,226,red,4527,T11
83,0,1,0,226,red,4527,T11
84,0,1,0,226,red,4527,T11
85,0,1,0,226,red,4527,T11
86,0,1,0,226,red,4527,T11
87,0,1,0,226,red,4527,T11
88,0,1,0,226,red,4527,T11
89,0,1,0,226,red,4527,T11
90,0,1,0,226,red,4527,T11
91,0,1,0,226,red,4527,T11
92,0,1,0,226,red,4527,T11
93,0,1,0,226,red,4527,T11
94,0,1,0,226,red,4527,T11
95,0,1,0,226,red,4527,T11
96,0,1,0,226,red,4527,T11
97,0,1,0,226,red,4527,T11
98,0,1,0,226,red,4527,T11
99,0,1,0,226,red,4527,T11
100,0,1,0,226,red,4527,T11
101,0,1,0,226,red,4527,T11
102,0,1,0,226,red,4527,T11
103,0,1,0,226,red,4527,T11
104,0,1,0,226,red,4527,T11
105,0,1,0,226,red,4527,T11
106,0,1,0,226,red,4527,T11
107,0,1,0,226,red,4527,T11
108,0,1,0,226,red,4527,T11
109,0,1,0,226,red,4527,T11
110,0,1,0,226,red,4527,T11
111,0,1,0,226,red,4527,T11
112,0,1,0,226,red,4527,T11
113,0,1,0,226,red,4527,T11
114,0,1,0,226,red,4527,T11
115,0,0,1,226,red,4527,T11
116,1,0,0,226,red,4527,T11
117,1,0,0,226,red,4527,T11
118,1,0,0,226,red,4527,T11
119,1,0,0,226,red,4527,T11
120,1,0,0,226,red,4527,T11
121,1,0,0,226,red,4527,T11
122,1,0,0,226,red,4527,T11
123,1,0,0,226,red,4527,T11
124,1,0,0,226,red,4527,T11
125,1,0,0,226,red,4527,T11
126,1,0,0,226,red,4527,T11
127,1,0,0,226,red,4527,T11
128,1,0,0,226,red,4527,T11
129,1,0,0,226,red,4527,T11
130,1,0,0,226,red,4527,T11
131,1,0,0,226,red,4527,T11
132,1,0,0,226,red,4527,T11
133,1,0,0,226,red,4527,T11
134,1,0,0,226,red,4527,T11
135,1,0,0,226,red,4527,T11
136,1,0,0,226,red,4527,T11
137,1,0,0,226,red,4527,T11
138,1,0,0,226,red,4527,T11
139,1,0,0,226,red,4527,T11
140,1,0,0,226,red,4527,T11
141,1,0,0,226,red,4527,T11
142,1,0,0,226,red,4527,T11
143,1,0,0,226,red,4527,T11
144,1,0,0,226,red,4527,T11
145,1,0,0,226,red,4527,T11
146,1,0,0,226,red,4527,T11
147,1,0,0,226,red,4527,T11
148,1,0,0,226,red,4527,T11
149,1,0,0,226,red,4527,T11
150,1,0,0,226,red,4527,T11
151,1,0,0,226,red,4527,T11
152,1,0,0,226,red,4527,T11
153,1,0,0,226,red,4527,T11
154,1,0,0,226,red,4527,T11
155,1,0,0,226,red,4527,T11
156,1,0,0,226,red,4527,T11
157,1,0,0,226,red,4527,T11
158,1,0,0,226,red,4527,T11
159,1,0,0,226,red,4527,T11
160,1,0,0,226,red,4527,T11
161,1,0,0,226,red,4527,T11
162,1,0,0,226,red,4527,T11
163,1,0,0,226,red,4527,T11
164,1,0,0,226,red,4527,T11
165,1,0,0,226,red,4527,T11
166,1,0,0,226,red,4527,T11
167,1,0,0,226,red,4527,T11
168,1,0,0,226,red,4527,T11
169,1,0,0,226,red,4527,T11
170,1,0,0,226,red,4527,T11
171,1,0,0,226,red,4527,T11
172,1,0,0,226,red,4527,T11
173,1,0,0,226,red,4527,T11
174,1,0,0,226,red,4527,T11
175,1,0,0,226,red,4527,T11
176,1,0,0,226,red,4527,T11
177,1,0,0,226,red,4527,T11
178,1,0,0,226,red,4527,T11
179,1,0,0,226,red,4527,T11
180,1,0,0,226,red,4527,T11
181,1,0,0,226,red,4527,T11
182,1,0,0,226,red,4527,T11
183,1,0,0,226,red,4527,T11
184,1,0,0,226,red,4527,T11
185,1,0,0,226,red,4527,T11
186,1,0,0,226,red,4527,T11
187,1,0,0,226,red,4527,T11
188,1,0,0,226,red,4527,T11
189,1,0,0,226,red,4527,T11
190,1,0,0,226,red,4527,T11
191,1,0,0,226,red,4527,T11
192,1,0,0,226,red,4527,T11
193,1,0,0,226,red,4527,T11
194,1,0,0,226,red,4527,T11
195,1,0,0,226,red,4527,T11
196,1,0,0,226,red,4527,T11
197,1,0,0,226,red,4527,T11
198,1,0,0,226,red,4527,T11
199,1,0,0,226,red,4527,T11
200,1,0,0,226,red,4527,T11
201,1,0,0,226,red,4527,T11
202,1,0,0,226,red,4527,T11
203,1,0,0,226,red,4527,T11
204,1,0,0,226,red,4527,T11
205,1,0,0,226,red,4527,T11
206,1,0,0,226,red,4527,T11
207,1,0,0,226,red,4527,T11
208,1,0,0,226,red,4527,T11
209,1,0,0,226,red,4527,T11
210,1,0,0,226,red,4527,T11
211,1,0,0,226,red,4527,T11
212,1,0,0,226,red,4527,T11
213,1,0,0,226,red,4527,T11
214,1,0,0,226,red,4527,T11
215,1,0,0,226,red,4527,T11
216,1,0,0,226,red,4527,T11
217,1,0,0,226,red,4527,T11
218,1,0,0,226,red,4527,T11
219,1,0,0,226,red,4527,T11
220,1,0,0,226,red,4527,T11
221,1,0,0,226,red,4527,T11
0,0,0,1,227,red,5434,T11
1,0,0,1,227,red,5434,T11
2,0,0,1,227,red,5434,T11
3,0,0,1,227,red,5434,T11
4,0,0,1,227,red,5434,T11
5,0,0,1,227,red,5434,T11
6,0,0,1,227,red,5434,T11
7,0,0,1,227,red,5434,T11
8,0,0,1,227,red,5434,T11
9,0,0,1,227,red,5434,T11
10,0,0,1,227,red,5434,T11
11,0,0,1,227,red,5434,T11
12,0,0,1,227,red,5434,T11
13,0,0,1,227,red,5434,T11
14,0,0,1,227,red,5434,T11
15,0,0,1,227,red,5434,T11
16,0,0,1,227,red,5434,T11
17,0,0,1,227,red,5434,T11
18,0,0,1,227,red,5434,T11
19,0,0,1,227,red,5434,T11
20,0,0,1,227,red,5434,T11
21,0,0,1,227,red,5434,T11
22,0,0,1,227,red,5434,T11
23,0,0,1,227,red,5434,T11
24,0,0,1,227,red,5434,T11
25,0,0,1,227,red,5434,T11
26,0,0,1,227,red,5434,T11
27,0,0,1,227,red,5434,T11
28,0,0,1,227,red,5434,T11
29,0,0,1,227,red,5434,T11
30,0,0,1,227,red,5434,T11
31,0,0,1,227,red,5434,T11
32,0,0,1,227,red,5434,T11
33,0,0,1,227,red,5434,T11
34,0,0,1,227,red,5434,T11
35,0,0,1,227,red,5434,T11
36,0,0,1,227,red,5434,T11
37,0,0,1,227,red,5434,T11
38,0,0,1,227,red,5434,T11
39,0,0,1,227,red,5434,T11
40,0,0,1,227,red,5434,T11
41,0,0,1,227,red,5434,T11
42,0,0,1,227,red,5434,T11
43,0,0,1,227,red,5434,T11
44,0,0,1,227,red,5434,T11
45,0,0,1,227,red,5434,T11
46,0,0,1,227,red,5434,T11
47,0,0,1,227,red,5434,T11
48,0,0,1,227,red,5434,T11
49,0,0,1,227,red,5434,T11
50,0,0,1,227,red,5434,T11
51,0,0,1,227,red,5434,T11
52,0,0,1,227,red,5434,T11
53,0,0,1,227,red,5434,T11
54,0,0,1,227,red,5434,T11
55,0,0,1,227,red,5434,T11
56,0,0,1,227,red,5434,T11
57,0,0,1,227,red,5434,T11
58,0,0,1,227,red,5434,T11
59,0,0,1,227,red,5434,T11
60,0,0,1,227,red,5434,T11
61,0,0,1,227,red,5434,T11
62,0,0,1,227,red,5434,T11
63,0,0,1,227,red,5434,T11
64,0,0,1,227,red,5434,T11
65,0,0,1,227,red,5434,T11
66,0,0,1,227,red,5434,T11
67,0,0,1,227,red,5434,T11
68,0,0,1,227,red,5434,T11
69,0,0,1,227,red,5434,T11
70,0,0,1,227,red,5434,T11
71,0,0,1,227,red,5434,T11
72,0,0,1,227,red,5434,T11
73,0,0,1,227,red,5434,T11
74,0,0,1,227,red,5434,T11
75,0,0,1,227,red,5434,T11
76,0,0,1,227,red,5434,T11
77,0,0,1,227,red,5434,T11
78,0,0,1,227,red,5434,T11
79,0,0,1,227,red,5434,T11
80,0,0,1,227,red,5434,T11
81,0,0,1,227,red,5434,T11
82,0,0,1,227,red,5434,T11
83,0,0,1,227,red,5434,T11
84,0,0,1,227,red,5434,T11
85,0,0,1,227,red,5434,T11
86,0,0,1,227,red,5434,T11
87,0,0,1,227,red,5434,T11
88,0,0,1,227,red,5434,T11
89,0,0,1,227,red,5434,T11
90,0,0,1,227,red,5434,T11
91,0,0,1,227,red,5434,T11
92,0,0,1,227,red,5434,T11
93,0,0,1,227,red,5434,T11
94,0,0,1,227,red,5434,T11
95,0,0,1,227,red,5434,T11
96,0,1,0,227,red,5434,T11
97,0,1,0,227,red,5434,T11
98,0,1,0,227,red,5434,T11
99,0,1,0,227,red,5434,T11
100,0,1,0,227,red,5434,T11
101,0,1,0,227,red,5434,T11
102,0,1,0,227,red,5434,T11
103,0,1,0,227,red,5434,T11
104,0,1,0,227,red,5434,T11
105,0,1,0,227,red,5434,T11
106,0,1,0,227,red,5434,T11
107,0,1,0,227,red,5434,T11
108,0,1,0,227,red,5434,T11
109,0,1,0,227,red,5434,T11
110,0,1,0,227,red,5434,T11
111,0,1,0,227,red,5434,T11
112,0,1,0,227,red,5434,T11
113,0,1,0,227,red,5434,T11
114,0,1,0,227,red,5434,T11
115,0,1,0,227,red,5434,T11
116,0,1,0,227,red,5434,T11
117,0,1,0,227,red,5434,T11
118,0,1,0,227,red,5434,T11
119,0,1,0,227,red,5434,T11
120,0,1,0,227,red,5434,T11
121,0,1,0,227,red,5434,T11
122,0,1,0,227,red,5434,T11
123,0,1,0,227,red,5434,T11
124,0,1,0,227,red,5434,T11
125,0,1,0,227,red,5434,T11
126,0,1,0,227,red,5434,T11
127,0,1,0,227,red,5434,T11
128,0,1,0,227,red,5434,T11
129,0,1,0,227,red,5434,T11
130,0,1,0,227,red,5434,T11
131,0,1,0,227,red,5434,T11
132,0,1,0,227,red,5434,T11
133,0,1,0,227,red,5434,T11
134,0,1,0,227,red,5434,T11
135,0,1,0,227,red,5434,T11
136,0,1,0,227,red,5434,T11
137,0,1,0,227,red,5434,T11
138,0,1,0,227,red,5434,T11
139,0,1,0,227,red,5434,T11
140,0,1,0,227,red,5434,T11
141,0,1,0,227,red,5434,T11
142,0,1,0,227,red,5434,T11
143,0,1,0,227,red,5434,T11
144,0,1,0,227,red,5434,T11
145,0,1,0,227,red,5434,T11
146,0,1,0,227,red,5434,T11
147,0,1,0,227,red,5434,T11
148,0,1,0,227,red,5434,T11
149,0,1,0,227,red,5434,T11
150,0,1,0,227,red,5434,T11
151,0,1,0,227,red,5434,T11
152,0,1,0,227,red,5434,T11
153,0,1,0,227,red,5434,T11
154,0,1,0,227,red,5434,T11
155,0,1,0,227,red,5434,T11
156,0,1,0,227,red,5434,T11
157,0,1,0,227,red,5434,T11
158,0,1,0,227,red,5434,T11
159,0,1,0,227,red,5434,T11
160,0,1,0,227,red,5434,T11
161,0,1,0,227,red,5434,T11
162,0,1,0,227,red,5434,T11
163,0,1,0,227,red,5434,T11
164,0,1,0,227,red,5434,T11
165,0,1,0,227,red,5434,T11
166,0,1,0,227,red,5434,T11
167,0,1,0,227,red,5434,T11
168,0,1,0,227,red,5434,T11
169,0,1,0,227,red,5434,T11
170,0,1,0,227,red,5434,T11
171,0,1,0,227,red,5434,T11
172,0,1,0,227,red,5434,T11
173,0,1,0,227,red,5434,T11
174,0,1,0,227,red,5434,T11
175,0,1,0,227,red,5434,T11
176,0,1,0,227,red,5434,T11
177,0,1,0,227,red,5434,T11
178,0,1,0,227,red,5434,T11
179,0,1,0,227,red,5434,T11
180,0,1,0,227,red,5434,T11
181,0,1,0,227,red,5434,T11
182,0,1,0,227,red,5434,T11
183,0,1,0,227,red,5434,T11
184,0,1,0,227,red,5434,T11
185,0,1,0,227,red,5434,T11
186,0,1,0,227,red,5434,T11
187,0,1,0,227,red,5434,T11
188,0,1,0,227,red,5434,T11
189,0,1,0,227,red,5434,T11
190,0,1,0,227,red,5434,T11
191,0,1,0,227,red,5434,T11
192,0,1,0,227,red,5434,T11
193,0,1,0,227,red,5434,T11
194,0,1,0,227,red,5434,T11
195,0,1,0,227,red,5434,T11
196,0,1,0,227,red,5434,T11
197,0,1,0,227,red,5434,T11
198,0,1,0,227,red,5434,T11
199,0,1,0,227,red,5434,T11
200,0,1,0,227,red,5434,T11
201,0,1,0,227,red,5434,T11
202,0,1,0,227,red,5434,T11
203,0,1,0,227,red,5434,T11
204,0,1,0,227,red,5434,T11
205,0,1,0,227,red,5434,T11
206,0,1,0,227,red,5434,T11
207,0,1,0,227,red,5434,T11
208,0,1,0,227,red,5434,T11
209,0,1,0,227,red,5434,T11
210,0,1,0,227,red,5434,T11
211,0,1,0,227,red,5434,T11
212,0,1,0,227,red,5434,T11
213,0,1,0,227,red,5434,T11
214,0,1,0,227,red,5434,T11
215,0,1,0,227,red,5434,T11
216,0,1,0,227,red,5434,T11
217,0,1,0,227,red,5434,T11
218,0,1,0,227,red,5434,T11
219,0,1,0,227,red,5434,T11
220,0,1,0,227,red,5434,T11
221,0,1,0,227,red,5434,T11
0,0,0,1,228,red,4337,T11
1,0,0,1,228,red,4337,T11
2,0,0,1,228,red,4337,T11
3,0,0,1,228,red,4337,T11
4,0,0,1,228,red,4337,T11
5,0,0,1,228,red,4337,T11
6,0,0,1,228,red,4337,T11
7,0,0,1,228,red,4337,T11
8,0,0,1,228,red,4337,T11
9,0,0,1,228,red,4337,T11
10,0,0,1,228,red,4337,T11
11,0,0,1,228,red,4337,T11
12,0,0,1,228,red,4337,T11
13,0,0,1,228,red,4337,T11
14,0,0,1,228,red,4337,T11
15,0,0,1,228,red,4337,T11
16,0,0,1,228,red,4337,T11
17,0,0,1,228,red,4337,T11
18,0,0,1,228,red,4337,T11
19,0,0,1,228,red,4337,T11
20,0,0,1,228,red,4337,T11
21,0,0,1,228,red,4337,T11
22,0,0,1,228,red,4337,T11
23,0,0,1,228,red,4337,T11
24,0,0,1,228,red,4337,T11
25,0,0,1,228,red,4337,T11
26,0,0,1,228,red,4337,T11
27,0,0,1,228,red,4337,T11
28,0,0,1,228,red,4337,T11
29,0,0,1,228,red,4337,T11
30,0,0,1,228,red,4337,T11
31,0,0,1,228,red,4337,T11
32,0,0,1,228,red,4337,T11
33,0,0,1,228,red,4337,T11
34,0,1,0,228,red,4337,T11
35,0,1,0,228,red,4337,T11
36,0,1,0,228,red,4337,T11
37,0,1,0,228,red,4337,T11
38,0,1,0,228,red,4337,T11
39,0,1,0,228,red,4337,T11
40,0,1,0,228,red,4337,T11
41,0,1,0,228,red,4337,T11
42,0,1,0,228,red,4337,T11
43,0,1,0,228,red,4337,T11
44,0,1,0,228,red,4337,T11
45,0,1,0,228,red,4337,T11
46,0,1,0,228,red,4337,T11
47,0,1,0,228,red,4337,T11
48,0,1,0,228,red,4337,T11
49,0,1,0,228,red,4337,T11
50,0,1,0,228,red,4337,T11
51,0,1,0,228,red,4337,T11
52,0,1,0,228,red,4337,T11
53,0,1,0,228,red,4337,T11
54,0,1,0,228,red,4337,T11
55,0,1,0,228,red,4337,T11
56,0,1,0,228,red,4337,T11
57,0,1,0,228,red,4337,T11
58,0,1,0,228,red,4337,T11
59,0,1,0,228,red,4337,T11
60,0,1,0,228,red,4337,T11
61,0,1,0,228,red,4337,T11
62,0,1,0,228,red,4337,T11
63,0,1,0,228,red,4337,T11
64,0,1,0,228,red,4337,T11
65,0,1,0,228,red,4337,T11
66,0,1,0,228,red,4337,T11
67,0,1,0,228,red,4337,T11
68,0,1,0,228,red,4337,T11
69,0,1,0,228,red,4337,T11
70,0,1,0,228,red,4337,T11
71,0,1,0,228,red,4337,T11
72,0,1,0,228,red,4337,T11
73,0,1,0,228,red,4337,T11
74,0,1,0,228,red,4337,T11
75,0,1,0,228,red,4337,T11
76,0,1,0,228,red,4337,T11
77,0,1,0,228,red,4337,T11
78,0,1,0,228,red,4337,T11
79,0,1,0,228,red,4337,T11
80,0,1,0,228,red,4337,T11
81,0,1,0,228,red,4337,T11
82,0,1,0,228,red,4337,T11
83,0,1,0,228,red,4337,T11
84,0,1,0,228,red,4337,T11
85,0,1,0,228,red,4337,T11
86,0,1,0,228,red,4337,T11
87,0,1,0,228,red,4337,T11
88,0,1,0,228,red,4337,T11
89,0,1,0,228,red,4337,T11
90,0,1,0,228,red,4337,T11
91,0,1,0,228,red,4337,T11
92,0,1,0,228,red,4337,T11
93,0,1,0,228,red,4337,T11
94,0,1,0,228,red,4337,T11
95,0,1,0,228,red,4337,T11
96,0,1,0,228,red,4337,T11
97,0,1,0,228,red,4337,T11
98,0,1,0,228,red,4337,T11
99,0,1,0,228,red,4337,T11
100,0,1,0,228,red,4337,T11
101,0,1,0,228,red,4337,T11
102,0,1,0,228,red,4337,T11
103,0,1,0,228,red,4337,T11
104,0,1,0,228,red,4337,T11
105,0,1,0,228,red,4337,T11
106,0,1,0,228,red,4337,T11
107,0,1,0,228,red,4337,T11
108,0,1,0,228,red,4337,T11
109,0,1,0,228,red,4337,T11
110,0,1,0,228,red,4337,T11
111,0,1,0,228,red,4337,T11
112,0,1,0,228,red,4337,T11
113,0,1,0,228,red,4337,T11
114,0,1,0,228,red,4337,T11
115,0,1,0,228,red,4337,T11
116,1,0,0,228,red,4337,T11
117,1,0,0,228,red,4337,T11
118,1,0,0,228,red,4337,T11
119,1,0,0,228,red,4337,T11
120,1,0,0,228,red,4337,T11
121,1,0,0,228,red,4337,T11
122,1,0,0,228,red,4337,T11
123,1,0,0,228,red,4337,T11
124,1,0,0,228,red,4337,T11
125,1,0,0,228,red,4337,T11
126,1,0,0,228,red,4337,T11
127,1,0,0,228,red,4337,T11
128,1,0,0,228,red,4337,T11
129,1,0,0,228,red,4337,T11
130,1,0,0,228,red,4337,T11
131,1,0,0,228,red,4337,T11
132,1,0,0,228,red,4337,T11
133,1,0,0,228,red,4337,T11
134,1,0,0,228,red,4337,T11
135,1,0,0,228,red,4337,T11
136,1,0,0,228,red,4337,T11
137,1,0,0,228,red,4337,T11
138,1,0,0,228,red,4337,T11
139,1,0,0,228,red,4337,T11
140,1,0,0,228,red,4337,T11
141,1,0,0,228,red,4337,T11
142,1,0,0,228,red,4337,T11
143,1,0,0,228,red,4337,T11
144,1,0,0,228,red,4337,T11
145,1,0,0,228,red,4337,T11
146,1,0,0,228,red,4337,T11
147,1,0,0,228,red,4337,T11
148,1,0,0,228,red,4337,T11
149,1,0,0,228,red,4337,T11
150,1,0,0,228,red,4337,T11
151,1,0,0,228,red,4337,T11
152,1,0,0,228,red,4337,T11
153,1,0,0,228,red,4337,T11
154,1,0,0,228,red,4337,T11
155,1,0,0,228,red,4337,T11
156,1,0,0,228,red,4337,T11
157,1,0,0,228,red,4337,T11
158,1,0,0,228,red,4337,T11
159,1,0,0,228,red,4337,T11
160,1,0,0,228,red,4337,T11
161,1,0,0,228,red,4337,T11
162,1,0,0,228,red,4337,T11
163,1,0,0,228,red,4337,T11
164,1,0,0,228,red,4337,T11
165,1,0,0,228,red,4337,T11
166,1,0,0,228,red,4337,T11
167,1,0,0,228,red,4337,T11
168,1,0,0,228,red,4337,T11
169,1,0,0,228,red,4337,T11
170,1,0,0,228,red,4337,T11
171,1,0,0,228,red,4337,T11
172,1,0,0,228,red,4337,T11
173,1,0,0,228,red,4337,T11
174,1,0,0,228,red,4337,T11
175,1,0,0,228,red,4337,T11
176,1,0,0,228,red,4337,T11
177,1,0,0,228,red,4337,T11
178,1,0,0,228,red,4337,T11
179,1,0,0,228,red,4337,T11
180,1,0,0,228,red,4337,T11
181,1,0,0,228,red,4337,T11
182,1,0,0,228,red,4337,T11
183,1,0,0,228,red,4337,T11
184,1,0,0,228,red,4337,T11
185,1,0,0,228,red,4337,T11
186,1,0,0,228,red,4337,T11
187,1,0,0,228,red,4337,T11
188,1,0,0,228,red,4337,T11
189,1,0,0,228,red,4337,T11
190,1,0,0,228,red,4337,T11
191,1,0,0,228,red,4337,T11
192,1,0,0,228,red,4337,T11
193,1,0,0,228,red,4337,T11
194,1,0,0,228,red,4337,T11
195,1,0,0,228,red,4337,T11
196,1,0,0,228,red,4337,T11
197,1,0,0,228,red,4337,T11
198,1,0,0,228,red,4337,T11
199,1,0,0,228,red,4337,T11
200,1,0,0,228,red,4337,T11
201,1,0,0,228,red,4337,T11
202,1,0,0,228,red,4337,T11
203,1,0,0,228,red,4337,T11
204,1,0,0,228,red,4337,T11
205,1,0,0,228,red,4337,T11
206,1,0,0,228,red,4337,T11
207,1,0,0,228,red,4337,T11
208,1,0,0,228,red,4337,T11
209,1,0,0,228,red,4337,T11
210,1,0,0,228,red,4337,T11
211,1,0,0,228,red,4337,T11
212,1,0,0,228,red,4337,T11
213,1,0,0,228,red,4337,T11
214,1,0,0,228,red,4337,T11
215,1,0,0,228,red,4337,T11
216,1,0,0,228,red,4337,T11
217,1,0,0,228,red,4337,T11
218,1,0,0,228,red,4337,T11
219,1,0,0,228,red,4337,T11
220,1,0,0,228,red,4337,T11
221,1,0,0,228,red,4337,T11
0,0,0,1,230,red,4041,T11
1,0,0,1,230,red,4041,T11
2,0,0,1,230,red,4041,T11
3,0,0,1,230,red,4041,T11
4,0,0,1,230,red,4041,T11
5,0,0,1,230,red,4041,T11
6,0,0,1,230,red,4041,T11
7,0,0,1,230,red,4041,T11
8,0,0,1,230,red,4041,T11
9,0,0,1,230,red,4041,T11
10,0,0,1,230,red,4041,T11
11,0,0,1,230,red,4041,T11
12,0,0,1,230,red,4041,T11
13,0,0,1,230,red,4041,T11
14,0,0,1,230,red,4041,T11
15,0,0,1,230,red,4041,T11
16,0,0,1,230,red,4041,T11
17,0,0,1,230,red,4041,T11
18,0,0,1,230,red,4041,T11
19,0,0,1,230,red,4041,T11
20,0,0,1,230,red,4041,T11
21,0,1,0,230,red,4041,T11
22,0,1,0,230,red,4041,T11
23,0,1,0,230,red,4041,T11
24,0,1,0,230,red,4041,T11
25,0,1,0,230,red,4041,T11
26,0,1,0,230,red,4041,T11
27,0,1,0,230,red,4041,T11
28,0,1,0,230,red,4041,T11
29,0,1,0,230,red,4041,T11
30,0,1,0,230,red,4041,T11
31,0,1,0,230,red,4041,T11
32,0,1,0,230,red,4041,T11
33,0,1,0,230,red,4041,T11
34,0,1,0,230,red,4041,T11
35,0,1,0,230,red,4041,T11
36,0,1,0,230,red,4041,T11
37,0,1,0,230,red,4041,T11
38,0,1,0,230,red,4041,T11
39,0,1,0,230,red,4041,T11
40,0,1,0,230,red,4041,T11
41,0,1,0,230,red,4041,T11
42,0,1,0,230,red,4041,T11
43,0,1,0,230,red,4041,T11
44,0,1,0,230,red,4041,T11
45,0,1,0,230,red,4041,T11
46,0,0,1,230,red,4041,T11
47,1,0,0,230,red,4041,T11
48,1,0,0,230,red,4041,T11
49,1,0,0,230,red,4041,T11
50,1,0,0,230,red,4041,T11
51,1,0,0,230,red,4041,T11
52,1,0,0,230,red,4041,T11
53,1,0,0,230,red,4041,T11
54,1,0,0,230,red,4041,T11
55,1,0,0,230,red,4041,T11
56,1,0,0,230,red,4041,T11
57,1,0,0,230,red,4041,T11
58,1,0,0,230,red,4041,T11
59,1,0,0,230,red,4041,T11
60,1,0,0,230,red,4041,T11
61,1,0,0,230,red,4041,T11
62,1,0,0,230,red,4041,T11
63,1,0,0,230,red,4041,T11
64,1,0,0,230,red,4041,T11
65,1,0,0,230,red,4041,T11
66,1,0,0,230,red,4041,T11
67,1,0,0,230,red,4041,T11
68,1,0,0,230,red,4041,T11
69,1,0,0,230,red,4041,T11
70,1,0,0,230,red,4041,T11
71,1,0,0,230,red,4041,T11
72,1,0,0,230,red,4041,T11
73,1,0,0,230,red,4041,T11
74,1,0,0,230,red,4041,T11
75,1,0,0,230,red,4041,T11
76,1,0,0,230,red,4041,T11
77,1,0,0,230,red,4041,T11
78,1,0,0,230,red,4041,T11
79,1,0,0,230,red,4041,T11
80,1,0,0,230,red,4041,T11
81,1,0,0,230,red,4041,T11
82,1,0,0,230,red,4041,T11
83,1,0,0,230,red,4041,T11
84,1,0,0,230,red,4041,T11
85,1,0,0,230,red,4041,T11
86,1,0,0,230,red,4041,T11
87,1,0,0,230,red,4041,T11
88,1,0,0,230,red,4041,T11
89,1,0,0,230,red,4041,T11
90,1,0,0,230,red,4041,T11
91,1,0,0,230,red,4041,T11
92,1,0,0,230,red,4041,T11
93,1,0,0,230,red,4041,T11
94,1,0,0,230,red,4041,T11
95,1,0,0,230,red,4041,T11
96,1,0,0,230,red,4041,T11
97,1,0,0,230,red,4041,T11
98,1,0,0,230,red,4041,T11
99,1,0,0,230,red,4041,T11
100,1,0,0,230,red,4041,T11
101,1,0,0,230,red,4041,T11
102,1,0,0,230,red,4041,T11
103,1,0,0,230,red,4041,T11
104,1,0,0,230,red,4041,T11
105,1,0,0,230,red,4041,T11
106,1,0,0,230,red,4041,T11
107,1,0,0,230,red,4041,T11
108,1,0,0,230,red,4041,T11
109,1,0,0,230,red,4041,T11
110,1,0,0,230,red,4041,T11
111,1,0,0,230,red,4041,T11
112,1,0,0,230,red,4041,T11
113,1,0,0,230,red,4041,T11
114,1,0,0,230,red,4041,T11
115,1,0,0,230,red,4041,T11
116,1,0,0,230,red,4041,T11
117,1,0,0,230,red,4041,T11
118,1,0,0,230,red,4041,T11
119,1,0,0,230,red,4041,T11
120,1,0,0,230,red,4041,T11
121,1,0,0,230,red,4041,T11
122,1,0,0,230,red,4041,T11
123,1,0,0,230,red,4041,T11
124,1,0,0,230,red,4041,T11
125,1,0,0,230,red,4041,T11
126,1,0,0,230,red,4041,T11
127,1,0,0,230,red,4041,T11
128,1,0,0,230,red,4041,T11
129,1,0,0,230,red,4041,T11
130,1,0,0,230,red,4041,T11
131,1,0,0,230,red,4041,T11
132,1,0,0,230,red,4041,T11
133,1,0,0,230,red,4041,T11
134,1,0,0,230,red,4041,T11
135,1,0,0,230,red,4041,T11
136,1,0,0,230,red,4041,T11
137,1,0,0,230,red,4041,T11
138,1,0,0,230,red,4041,T11
139,1,0,0,230,red,4041,T11
140,1,0,0,230,red,4041,T11
141,1,0,0,230,red,4041,T11
142,1,0,0,230,red,4041,T11
143,1,0,0,230,red,4041,T11
144,1,0,0,230,red,4041,T11
145,1,0,0,230,red,4041,T11
146,1,0,0,230,red,4041,T11
147,1,0,0,230,red,4041,T11
148,1,0,0,230,red,4041,T11
149,1,0,0,230,red,4041,T11
150,1,0,0,230,red,4041,T11
151,1,0,0,230,red,4041,T11
152,1,0,0,230,red,4041,T11
153,1,0,0,230,red,4041,T11
154,1,0,0,230,red,4041,T11
155,1,0,0,230,red,4041,T11
156,1,0,0,230,red,4041,T11
157,1,0,0,230,red,4041,T11
158,1,0,0,230,red,4041,T11
159,1,0,0,230,red,4041,T11
160,1,0,0,230,red,4041,T11
161,1,0,0,230,red,4041,T11
162,1,0,0,230,red,4041,T11
163,1,0,0,230,red,4041,T11
164,1,0,0,230,red,4041,T11
165,1,0,0,230,red,4041,T11
166,1,0,0,230,red,4041,T11
167,1,0,0,230,red,4041,T11
168,1,0,0,230,red,4041,T11
169,1,0,0,230,red,4041,T11
170,1,0,0,230,red,4041,T11
171,1,0,0,230,red,4041,T11
172,1,0,0,230,red,4041,T11
173,1,0,0,230,red,4041,T11
174,1,0,0,230,red,4041,T11
175,1,0,0,230,red,4041,T11
176,1,0,0,230,red,4041,T11
177,1,0,0,230,red,4041,T11
178,1,0,0,230,red,4041,T11
179,1,0,0,230,red,4041,T11
180,1,0,0,230,red,4041,T11
181,1,0,0,230,red,4041,T11
182,1,0,0,230,red,4041,T11
183,1,0,0,230,red,4041,T11
184,1,0,0,230,red,4041,T11
185,1,0,0,230,red,4041,T11
186,1,0,0,230,red,4041,T11
187,1,0,0,230,red,4041,T11
188,1,0,0,230,red,4041,T11
189,1,0,0,230,red,4041,T11
190,1,0,0,230,red,4041,T11
191,1,0,0,230,red,4041,T11
192,1,0,0,230,red,4041,T11
193,1,0,0,230,red,4041,T11
194,1,0,0,230,red,4041,T11
195,1,0,0,230,red,4041,T11
196,1,0,0,230,red,4041,T11
197,1,0,0,230,red,4041,T11
198,1,0,0,230,red,4041,T11
199,1,0,0,230,red,4041,T11
200,1,0,0,230,red,4041,T11
201,1,0,0,230,red,4041,T11
202,1,0,0,230,red,4041,T11
203,1,0,0,230,red,4041,T11
204,1,0,0,230,red,4041,T11
205,1,0,0,230,red,4041,T11
206,1,0,0,230,red,4041,T11
207,1,0,0,230,red,4041,T11
208,1,0,0,230,red,4041,T11
209,1,0,0,230,red,4041,T11
210,1,0,0,230,red,4041,T11
211,1,0,0,230,red,4041,T11
212,1,0,0,230,red,4041,T11
213,1,0,0,230,red,4041,T11
214,1,0,0,230,red,4041,T11
215,1,0,0,230,red,4041,T11
216,1,0,0,230,red,4041,T11
217,1,0,0,230,red,4041,T11
218,1,0,0,230,red,4041,T11
219,1,0,0,230,red,4041,T11
220,1,0,0,230,red,4041,T11
221,1,0,0,230,red,4041,T11
0,0,0,1,232,red,5245,T11
1,0,0,1,232,red,5245,T11
2,0,0,1,232,red,5245,T11
3,0,0,1,232,red,5245,T11
4,0,0,1,232,red,5245,T11
5,0,0,1,232,red,5245,T11
6,0,0,1,232,red,5245,T11
7,0,0,1,232,red,5245,T11
8,0,0,1,232,red,5245,T11
9,0,0,1,232,red,5245,T11
10,0,0,1,232,red,5245,T11
11,0,0,1,232,red,5245,T11
12,0,0,1,232,red,5245,T11
13,0,0,1,232,red,5245,T11
14,0,0,1,232,red,5245,T11
15,1,0,0,232,red,5245,T11
16,1,0,0,232,red,5245,T11
17,1,0,0,232,red,5245,T11
18,1,0,0,232,red,5245,T11
19,1,0,0,232,red,5245,T11
20,1,0,0,232,red,5245,T11
21,1,0,0,232,red,5245,T11
22,1,0,0,232,red,5245,T11
23,1,0,0,232,red,5245,T11
24,1,0,0,232,red,5245,T11
25,1,0,0,232,red,5245,T11
26,1,0,0,232,red,5245,T11
27,1,0,0,232,red,5245,T11
28,1,0,0,232,red,5245,T11
29,1,0,0,232,red,5245,T11
30,1,0,0,232,red,5245,T11
31,1,0,0,232,red,5245,T11
32,1,0,0,232,red,5245,T11
33,1,0,0,232,red,5245,T11
34,1,0,0,232,red,5245,T11
35,1,0,0,232,red,5245,T11
36,1,0,0,232,red,5245,T11
37,1,0,0,232,red,5245,T11
38,1,0,0,232,red,5245,T11
39,1,0,0,232,red,5245,T11
40,1,0,0,232,red,5245,T11
41,1,0,0,232,red,5245,T11
42,1,0,0,232,red,5245,T11
43,1,0,0,232,red,5245,T11
44,1,0,0,232,red,5245,T11
45,1,0,0,232,red,5245,T11
46,1,0,0,232,red,5245,T11
47,1,0,0,232,red,5245,T11
48,1,0,0,232,red,5245,T11
49,1,0,0,232,red,5245,T11
50,1,0,0,232,red,5245,T11
51,1,0,0,232,red,5245,T11
52,1,0,0,232,red,5245,T11
53,1,0,0,232,red,5245,T11
54,1,0,0,232,red,5245,T11
55,1,0,0,232,red,5245,T11
56,1,0,0,232,red,5245,T11
57,1,0,0,232,red,5245,T11
58,1,0,0,232,red,5245,T11
59,1,0,0,232,red,5245,T11
60,1,0,0,232,red,5245,T11
61,1,0,0,232,red,5245,T11
62,1,0,0,232,red,5245,T11
63,1,0,0,232,red,5245,T11
64,1,0,0,232,red,5245,T11
65,1,0,0,232,red,5245,T11
66,1,0,0,232,red,5245,T11
67,1,0,0,232,red,5245,T11
68,1,0,0,232,red,5245,T11
69,1,0,0,232,red,5245,T11
70,1,0,0,232,red,5245,T11
71,1,0,0,232,red,5245,T11
72,1,0,0,232,red,5245,T11
73,1,0,0,232,red,5245,T11
74,1,0,0,232,red,5245,T11
75,1,0,0,232,red,5245,T11
76,1,0,0,232,red,5245,T11
77,1,0,0,232,red,5245,T11
78,1,0,0,232,red,5245,T11
79,1,0,0,232,red,5245,T11
80,1,0,0,232,red,5245,T11
81,1,0,0,232,red,5245,T11
82,1,0,0,232,red,5245,T11
83,1,0,0,232,red,5245,T11
84,1,0,0,232,red,5245,T11
85,1,0,0,232,red,5245,T11
86,1,0,0,232,red,5245,T11
87,1,0,0,232,red,5245,T11
88,1,0,0,232,red,5245,T11
89,1,0,0,232,red,5245,T11
90,1,0,0,232,red,5245,T11
91,1,0,0,232,red,5245,T11
92,1,0,0,232,red,5245,T11
93,1,0,0,232,red,5245,T11
94,1,0,0,232,red,5245,T11
95,1,0,0,232,red,5245,T11
96,1,0,0,232,red,5245,T11
97,1,0,0,232,red,5245,T11
98,1,0,0,232,red,5245,T11
99,1,0,0,232,red,5245,T11
100,1,0,0,232,red,5245,T11
101,1,0,0,232,red,5245,T11
102,1,0,0,232,red,5245,T11
103,1,0,0,232,red,5245,T11
104,1,0,0,232,red,5245,T11
105,1,0,0,232,red,5245,T11
106,1,0,0,232,red,5245,T11
107,1,0,0,232,red,5245,T11
108,1,0,0,232,red,5245,T11
109,1,0,0,232,red,5245,T11
110,1,0,0,232,red,5245,T11
111,1,0,0,232,red,5245,T11
112,1,0,0,232,red,5245,T11
113,1,0,0,232,red,5245,T11
114,1,0,0,232,red,5245,T11
115,1,0,0,232,red,5245,T11
116,1,0,0,232,red,5245,T11
117,1,0,0,232,red,5245,T11
118,1,0,0,232,red,5245,T11
119,1,0,0,232,red,5245,T11
120,1,0,0,232,red,5245,T11
121,1,0,0,232,red,5245,T11
122,1,0,0,232,red,5245,T11
123,1,0,0,232,red,5245,T11
124,1,0,0,232,red,5245,T11
125,1,0,0,232,red,5245,T11
126,1,0,0,232,red,5245,T11
127,1,0,0,232,red,5245,T11
128,1,0,0,232,red,5245,T11
129,1,0,0,232,red,5245,T11
130,1,0,0,232,red,5245,T11
131,1,0,0,232,red,5245,T11
132,1,0,0,232,red,5245,T11
133,1,0,0,232,red,5245,T11
134,1,0,0,232,red,5245,T11
135,1,0,0,232,red,5245,T11
136,1,0,0,232,red,5245,T11
137,1,0,0,232,red,5245,T11
138,1,0,0,232,red,5245,T11
139,1,0,0,232,red,5245,T11
140,1,0,0,232,red,5245,T11
141,1,0,0,232,red,5245,T11
142,1,0,0,232,red,5245,T11
143,1,0,0,232,red,5245,T11
144,1,0,0,232,red,5245,T11
145,1,0,0,232,red,5245,T11
146,1,0,0,232,red,5245,T11
147,1,0,0,232,red,5245,T11
148,1,0,0,232,red,5245,T11
149,1,0,0,232,red,5245,T11
150,1,0,0,232,red,5245,T11
151,1,0,0,232,red,5245,T11
152,1,0,0,232,red,5245,T11
153,1,0,0,232,red,5245,T11
154,1,0,0,232,red,5245,T11
155,1,0,0,232,red,5245,T11
156,1,0,0,232,red,5245,T11
157,1,0,0,232,red,5245,T11
158,1,0,0,232,red,5245,T11
159,1,0,0,232,red,5245,T11
160,1,0,0,232,red,5245,T11
161,1,0,0,232,red,5245,T11
162,1,0,0,232,red,5245,T11
163,1,0,0,232,red,5245,T11
164,1,0,0,232,red,5245,T11
165,1,0,0,232,red,5245,T11
166,1,0,0,232,red,5245,T11
167,1,0,0,232,red,5245,T11
168,1,0,0,232,red,5245,T11
169,1,0,0,232,red,5245,T11
170,1,0,0,232,red,5245,T11
171,1,0,0,232,red,5245,T11
172,1,0,0,232,red,5245,T11
173,1,0,0,232,red,5245,T11
174,1,0,0,232,red,5245,T11
175,1,0,0,232,red,5245,T11
176,1,0,0,232,red,5245,T11
177,1,0,0,232,red,5245,T11
178,1,0,0,232,red,5245,T11
179,1,0,0,232,red,5245,T11
180,1,0,0,232,red,5245,T11
181,1,0,0,232,red,5245,T11
182,1,0,0,232,red,5245,T11
183,1,0,0,232,red,5245,T11
184,1,0,0,232,red,5245,T11
185,1,0,0,232,red,5245,T11
186,1,0,0,232,red,5245,T11
187,1,0,0,232,red,5245,T11
188,1,0,0,232,red,5245,T11
189,1,0,0,232,red,5245,T11
190,1,0,0,232,red,5245,T11
191,1,0,0,232,red,5245,T11
192,1,0,0,232,red,5245,T11
193,1,0,0,232,red,5245,T11
194,1,0,0,232,red,5245,T11
195,1,0,0,232,red,5245,T11
196,1,0,0,232,red,5245,T11
197,1,0,0,232,red,5245,T11
198,1,0,0,232,red,5245,T11
199,1,0,0,232,red,5245,T11
200,1,0,0,232,red,5245,T11
201,1,0,0,232,red,5245,T11
202,1,0,0,232,red,5245,T11
203,1,0,0,232,red,5245,T11
204,1,0,0,232,red,5245,T11
205,1,0,0,232,red,5245,T11
206,1,0,0,232,red,5245,T11
207,1,0,0,232,red,5245,T11
208,1,0,0,232,red,5245,T11
209,1,0,0,232,red,5245,T11
210,1,0,0,232,red,5245,T11
211,1,0,0,232,red,5245,T11
212,1,0,0,232,red,5245,T11
213,1,0,0,232,red,5245,T11
214,1,0,0,232,red,5245,T11
215,1,0,0,232,red,5245,T11
216,1,0,0,232,red,5245,T11
217,1,0,0,232,red,5245,T11
218,1,0,0,232,red,5245,T11
219,1,0,0,232,red,5245,T11
220,1,0,0,232,red,5245,T11
221,1,0,0,232,red,5245,T11
0,0,0,1,233,red,4569,T11
1,0,0,1,233,red,4569,T11
2,0,0,1,233,red,4569,T11
3,0,0,1,233,red,4569,T11
4,0,0,1,233,red,4569,T11
5,0,0,1,233,red,4569,T11
6,0,0,1,233,red,4569,T11
7,0,0,1,233,red,4569,T11
8,0,0,1,233,red,4569,T11
9,0,0,1,233,red,4569,T11
10,0,0,1,233,red,4569,T11
11,0,0,1,233,red,4569,T11
12,0,0,1,233,red,4569,T11
13,0,0,1,233,red,4569,T11
14,0,0,1,233,red,4569,T11
15,0,0,1,233,red,4569,T11
16,0,0,1,233,red,4569,T11
17,0,0,1,233,red,4569,T11
18,0,0,1,233,red,4569,T11
19,0,0,1,233,red,4569,T11
20,0,0,1,233,red,4569,T11
21,0,0,1,233,red,4569,T11
22,0,0,1,233,red,4569,T11
23,0,0,1,233,red,4569,T11
24,0,0,1,233,red,4569,T11
25,0,0,1,233,red,4569,T11
26,0,0,1,233,red,4569,T11
27,0,0,1,233,red,4569,T11
28,0,0,1,233,red,4569,T11
29,0,0,1,233,red,4569,T11
30,0,0,1,233,red,4569,T11
31,0,0,1,233,red,4569,T11
32,0,0,1,233,red,4569,T11
33,0,0,1,233,red,4569,T11
34,0,0,1,233,red,4569,T11
35,0,0,1,233,red,4569,T11
36,0,0,1,233,red,4569,T11
37,0,0,1,233,red,4569,T11
38,0,0,1,233,red,4569,T11
39,0,0,1,233,red,4569,T11
40,0,0,1,233,red,4569,T11
41,0,0,1,233,red,4569,T11
42,0,0,1,233,red,4569,T11
43,0,0,1,233,red,4569,T11
44,0,0,1,233,red,4569,T11
45,0,0,1,233,red,4569,T11
46,0,0,1,233,red,4569,T11
47,1,0,0,233,red,4569,T11
48,1,0,0,233,red,4569,T11
49,1,0,0,233,red,4569,T11
50,1,0,0,233,red,4569,T11
51,1,0,0,233,red,4569,T11
52,1,0,0,233,red,4569,T11
53,1,0,0,233,red,4569,T11
54,1,0,0,233,red,4569,T11
55,1,0,0,233,red,4569,T11
56,1,0,0,233,red,4569,T11
57,1,0,0,233,red,4569,T11
58,1,0,0,233,red,4569,T11
59,1,0,0,233,red,4569,T11
60,1,0,0,233,red,4569,T11
61,1,0,0,233,red,4569,T11
62,1,0,0,233,red,4569,T11
63,1,0,0,233,red,4569,T11
64,1,0,0,233,red,4569,T11
65,1,0,0,233,red,4569,T11
66,1,0,0,233,red,4569,T11
67,1,0,0,233,red,4569,T11
68,1,0,0,233,red,4569,T11
69,1,0,0,233,red,4569,T11
70,1,0,0,233,red,4569,T11
71,1,0,0,233,red,4569,T11
72,1,0,0,233,red,4569,T11
73,1,0,0,233,red,4569,T11
74,1,0,0,233,red,4569,T11
75,1,0,0,233,red,4569,T11
76,1,0,0,233,red,4569,T11
77,1,0,0,233,red,4569,T11
78,1,0,0,233,red,4569,T11
79,1,0,0,233,red,4569,T11
80,1,0,0,233,red,4569,T11
81,1,0,0,233,red,4569,T11
82,1,0,0,233,red,4569,T11
83,1,0,0,233,red,4569,T11
84,1,0,0,233,red,4569,T11
85,1,0,0,233,red,4569,T11
86,1,0,0,233,red,4569,T11
87,1,0,0,233,red,4569,T11
88,1,0,0,233,red,4569,T11
89,1,0,0,233,red,4569,T11
90,1,0,0,233,red,4569,T11
91,1,0,0,233,red,4569,T11
92,1,0,0,233,red,4569,T11
93,1,0,0,233,red,4569,T11
94,1,0,0,233,red,4569,T11
95,1,0,0,233,red,4569,T11
96,1,0,0,233,red,4569,T11
97,1,0,0,233,red,4569,T11
98,1,0,0,233,red,4569,T11
99,1,0,0,233,red,4569,T11
100,1,0,0,233,red,4569,T11
101,1,0,0,233,red,4569,T11
102,1,0,0,233,red,4569,T11
103,1,0,0,233,red,4569,T11
104,1,0,0,233,red,4569,T11
105,1,0,0,233,red,4569,T11
106,1,0,0,233,red,4569,T11
107,1,0,0,233,red,4569,T11
108,1,0,0,233,red,4569,T11
109,1,0,0,233,red,4569,T11
110,1,0,0,233,red,4569,T11
111,1,0,0,233,red,4569,T11
112,1,0,0,233,red,4569,T11
113,1,0,0,233,red,4569,T11
114,1,0,0,233,red,4569,T11
115,1,0,0,233,red,4569,T11
116,1,0,0,233,red,4569,T11
117,1,0,0,233,red,4569,T11
118,1,0,0,233,red,4569,T11
119,1,0,0,233,red,4569,T11
120,1,0,0,233,red,4569,T11
121,1,0,0,233,red,4569,T11
122,1,0,0,233,red,4569,T11
123,1,0,0,233,red,4569,T11
124,1,0,0,233,red,4569,T11
125,1,0,0,233,red,4569,T11
126,1,0,0,233,red,4569,T11
127,1,0,0,233,red,4569,T11
128,1,0,0,233,red,4569,T11
129,1,0,0,233,red,4569,T11
130,1,0,0,233,red,4569,T11
131,1,0,0,233,red,4569,T11
132,1,0,0,233,red,4569,T11
133,1,0,0,233,red,4569,T11
134,1,0,0,233,red,4569,T11
135,1,0,0,233,red,4569,T11
136,1,0,0,233,red,4569,T11
137,1,0,0,233,red,4569,T11
138,1,0,0,233,red,4569,T11
139,1,0,0,233,red,4569,T11
140,1,0,0,233,red,4569,T11
141,1,0,0,233,red,4569,T11
142,1,0,0,233,red,4569,T11
143,1,0,0,233,red,4569,T11
144,1,0,0,233,red,4569,T11
145,1,0,0,233,red,4569,T11
146,1,0,0,233,red,4569,T11
147,1,0,0,233,red,4569,T11
148,1,0,0,233,red,4569,T11
149,1,0,0,233,red,4569,T11
150,1,0,0,233,red,4569,T11
151,1,0,0,233,red,4569,T11
152,1,0,0,233,red,4569,T11
153,1,0,0,233,red,4569,T11
154,1,0,0,233,red,4569,T11
155,1,0,0,233,red,4569,T11
156,1,0,0,233,red,4569,T11
157,1,0,0,233,red,4569,T11
158,1,0,0,233,red,4569,T11
159,1,0,0,233,red,4569,T11
160,1,0,0,233,red,4569,T11
161,1,0,0,233,red,4569,T11
162,1,0,0,233,red,4569,T11
163,1,0,0,233,red,4569,T11
164,1,0,0,233,red,4569,T11
165,1,0,0,233,red,4569,T11
166,1,0,0,233,red,4569,T11
167,1,0,0,233,red,4569,T11
168,1,0,0,233,red,4569,T11
169,1,0,0,233,red,4569,T11
170,1,0,0,233,red,4569,T11
171,1,0,0,233,red,4569,T11
172,1,0,0,233,red,4569,T11
173,1,0,0,233,red,4569,T11
174,1,0,0,233,red,4569,T11
175,1,0,0,233,red,4569,T11
176,1,0,0,233,red,4569,T11
177,1,0,0,233,red,4569,T11
178,1,0,0,233,red,4569,T11
179,1,0,0,233,red,4569,T11
180,1,0,0,233,red,4569,T11
181,1,0,0,233,red,4569,T11
182,1,0,0,233,red,4569,T11
183,1,0,0,233,red,4569,T11
184,1,0,0,233,red,4569,T11
185,1,0,0,233,red,4569,T11
186,1,0,0,233,red,4569,T11
187,1,0,0,233,red,4569,T11
188,1,0,0,233,red,4569,T11
189,1,0,0,233,red,4569,T11
190,1,0,0,233,red,4569,T11
191,1,0,0,233,red,4569,T11
192,1,0,0,233,red,4569,T11
193,1,0,0,233,red,4569,T11
194,1,0,0,233,red,4569,T11
195,1,0,0,233,red,4569,T11
196,1,0,0,233,red,4569,T11
197,1,0,0,233,red,4569,T11
198,1,0,0,233,red,4569,T11
199,1,0,0,233,red,4569,T11
200,1,0,0,233,red,4569,T11
201,1,0,0,233,red,4569,T11
202,1,0,0,233,red,4569,T11
203,1,0,0,233,red,4569,T11
204,1,0,0,233,red,4569,T11
205,1,0,0,233,red,4569,T11
206,1,0,0,233,red,4569,T11
207,1,0,0,233,red,4569,T11
208,1,0,0,233,red,4569,T11
209,1,0,0,233,red,4569,T11
210,1,0,0,233,red,4569,T11
211,1,0,0,233,red,4569,T11
212,1,0,0,233,red,4569,T11
213,1,0,0,233,red,4569,T11
214,1,0,0,233,red,4569,T11
215,1,0,0,233,red,4569,T11
216,1,0,0,233,red,4569,T11
217,1,0,0,233,red,4569,T11
218,1,0,0,233,red,4569,T11
219,1,0,0,233,red,4569,T11
220,1,0,0,233,red,4569,T11
221,1,0,0,233,red,4569,T11
0,0,0,1,234,red,4827,T11
1,0,0,1,234,red,4827,T11
2,0,0,1,234,red,4827,T11
3,0,0,1,234,red,4827,T11
4,0,0,1,234,red,4827,T11
5,0,0,1,234,red,4827,T11
6,0,0,1,234,red,4827,T11
7,0,0,1,234,red,4827,T11
8,0,0,1,234,red,4827,T11
9,0,0,1,234,red,4827,T11
10,0,0,1,234,red,4827,T11
11,0,0,1,234,red,4827,T11
12,0,0,1,234,red,4827,T11
13,0,0,1,234,red,4827,T11
14,0,0,1,234,red,4827,T11
15,0,0,1,234,red,4827,T11
16,0,0,1,234,red,4827,T11
17,0,0,1,234,red,4827,T11
18,0,0,1,234,red,4827,T11
19,0,0,1,234,red,4827,T11
20,0,0,1,234,red,4827,T11
21,0,0,1,234,red,4827,T11
22,0,0,1,234,red,4827,T11
23,0,0,1,234,red,4827,T11
24,0,0,1,234,red,4827,T11
25,0,0,1,234,red,4827,T11
26,0,1,0,234,red,4827,T11
27,0,1,0,234,red,4827,T11
28,0,1,0,234,red,4827,T11
29,0,1,0,234,red,4827,T11
30,0,1,0,234,red,4827,T11
31,0,1,0,234,red,4827,T11
32,0,1,0,234,red,4827,T11
33,0,1,0,234,red,4827,T11
34,0,1,0,234,red,4827,T11
35,0,1,0,234,red,4827,T11
36,0,1,0,234,red,4827,T11
37,0,1,0,234,red,4827,T11
38,0,1,0,234,red,4827,T11
39,0,1,0,234,red,4827,T11
40,0,1,0,234,red,4827,T11
41,0,1,0,234,red,4827,T11
42,0,1,0,234,red,4827,T11
43,0,1,0,234,red,4827,T11
44,0,1,0,234,red,4827,T11
45,0,1,0,234,red,4827,T11
46,0,1,0,234,red,4827,T11
47,0,1,0,234,red,4827,T11
48,0,1,0,234,red,4827,T11
49,0,1,0,234,red,4827,T11
50,0,1,0,234,red,4827,T11
51,0,1,0,234,red,4827,T11
52,0,1,0,234,red,4827,T11
53,0,1,0,234,red,4827,T11
54,0,1,0,234,red,4827,T11
55,0,1,0,234,red,4827,T11
56,0,1,0,234,red,4827,T11
57,0,1,0,234,red,4827,T11
58,0,1,0,234,red,4827,T11
59,0,1,0,234,red,4827,T11
60,0,1,0,234,red,4827,T11
61,0,1,0,234,red,4827,T11
62,0,1,0,234,red,4827,T11
63,0,1,0,234,red,4827,T11
64,0,1,0,234,red,4827,T11
65,0,1,0,234,red,4827,T11
66,0,1,0,234,red,4827,T11
67,0,1,0,234,red,4827,T11
68,0,1,0,234,red,4827,T11
69,0,1,0,234,red,4827,T11
70,0,1,0,234,red,4827,T11
71,0,1,0,234,red,4827,T11
72,0,1,0,234,red,4827,T11
73,0,1,0,234,red,4827,T11
74,0,1,0,234,red,4827,T11
75,0,1,0,234,red,4827,T11
76,0,1,0,234,red,4827,T11
77,0,1,0,234,red,4827,T11
78,0,1,0,234,red,4827,T11
79,0,1,0,234,red,4827,T11
80,0,1,0,234,red,4827,T11
81,0,1,0,234,red,4827,T11
82,0,1,0,234,red,4827,T11
83,0,1,0,234,red,4827,T11
84,0,1,0,234,red,4827,T11
85,0,1,0,234,red,4827,T11
86,0,1,0,234,red,4827,T11
87,0,1,0,234,red,4827,T11
88,0,1,0,234,red,4827,T11
89,0,1,0,234,red,4827,T11
90,0,1,0,234,red,4827,T11
91,0,1,0,234,red,4827,T11
92,0,1,0,234,red,4827,T11
93,0,1,0,234,red,4827,T11
94,0,1,0,234,red,4827,T11
95,0,1,0,234,red,4827,T11
96,0,1,0,234,red,4827,T11
97,0,1,0,234,red,4827,T11
98,0,1,0,234,red,4827,T11
99,0,1,0,234,red,4827,T11
100,0,1,0,234,red,4827,T11
101,0,1,0,234,red,4827,T11
102,0,1,0,234,red,4827,T11
103,0,1,0,234,red,4827,T11
104,0,1,0,234,red,4827,T11
105,0,1,0,234,red,4827,T11
106,0,1,0,234,red,4827,T11
107,0,1,0,234,red,4827,T11
108,0,1,0,234,red,4827,T11
109,0,1,0,234,red,4827,T11
110,0,1,0,234,red,4827,T11
111,0,1,0,234,red,4827,T11
112,0,1,0,234,red,4827,T11
113,0,1,0,234,red,4827,T11
114,0,1,0,234,red,4827,T11
115,0,1,0,234,red,4827,T11
116,0,1,0,234,red,4827,T11
117,0,1,0,234,red,4827,T11
118,0,1,0,234,red,4827,T11
119,0,1,0,234,red,4827,T11
120,0,1,0,234,red,4827,T11
121,0,1,0,234,red,4827,T11
122,0,0,1,234,red,4827,T11
123,1,0,0,234,red,4827,T11
124,1,0,0,234,red,4827,T11
125,1,0,0,234,red,4827,T11
126,1,0,0,234,red,4827,T11
127,1,0,0,234,red,4827,T11
128,1,0,0,234,red,4827,T11
129,1,0,0,234,red,4827,T11
130,1,0,0,234,red,4827,T11
131,1,0,0,234,red,4827,T11
132,1,0,0,234,red,4827,T11
133,1,0,0,234,red,4827,T11
134,1,0,0,234,red,4827,T11
135,1,0,0,234,red,4827,T11
136,1,0,0,234,red,4827,T11
137,1,0,0,234,red,4827,T11
138,1,0,0,234,red,4827,T11
139,1,0,0,234,red,4827,T11
140,1,0,0,234,red,4827,T11
141,1,0,0,234,red,4827,T11
142,1,0,0,234,red,4827,T11
143,1,0,0,234,red,4827,T11
144,1,0,0,234,red,4827,T11
145,1,0,0,234,red,4827,T11
146,1,0,0,234,red,4827,T11
147,1,0,0,234,red,4827,T11
148,1,0,0,234,red,4827,T11
149,1,0,0,234,red,4827,T11
150,1,0,0,234,red,4827,T11
151,1,0,0,234,red,4827,T11
152,1,0,0,234,red,4827,T11
153,1,0,0,234,red,4827,T11
154,1,0,0,234,red,4827,T11
155,1,0,0,234,red,4827,T11
156,1,0,0,234,red,4827,T11
157,1,0,0,234,red,4827,T11
158,1,0,0,234,red,4827,T11
159,1,0,0,234,red,4827,T11
160,1,0,0,234,red,4827,T11
161,1,0,0,234,red,4827,T11
162,1,0,0,234,red,4827,T11
163,1,0,0,234,red,4827,T11
164,1,0,0,234,red,4827,T11
165,1,0,0,234,red,4827,T11
166,1,0,0,234,red,4827,T11
167,1,0,0,234,red,4827,T11
168,1,0,0,234,red,4827,T11
169,1,0,0,234,red,4827,T11
170,1,0,0,234,red,4827,T11
171,1,0,0,234,red,4827,T11
172,1,0,0,234,red,4827,T11
173,1,0,0,234,red,4827,T11
174,1,0,0,234,red,4827,T11
175,1,0,0,234,red,4827,T11
176,1,0,0,234,red,4827,T11
177,1,0,0,234,red,4827,T11
178,1,0,0,234,red,4827,T11
179,1,0,0,234,red,4827,T11
180,1,0,0,234,red,4827,T11
181,1,0,0,234,red,4827,T11
182,1,0,0,234,red,4827,T11
183,1,0,0,234,red,4827,T11
184,1,0,0,234,red,4827,T11
185,1,0,0,234,red,4827,T11
186,1,0,0,234,red,4827,T11
187,1,0,0,234,red,4827,T11
188,1,0,0,234,red,4827,T11
189,1,0,0,234,red,4827,T11
190,1,0,0,234,red,4827,T11
191,1,0,0,234,red,4827,T11
192,1,0,0,234,red,4827,T11
193,1,0,0,234,red,4827,T11
194,1,0,0,234,red,4827,T11
195,1,0,0,234,red,4827,T11
196,1,0,0,234,red,4827,T11
197,1,0,0,234,red,4827,T11
198,1,0,0,234,red,4827,T11
199,1,0,0,234,red,4827,T11
200,1,0,0,234,red,4827,T11
201,1,0,0,234,red,4827,T11
202,1,0,0,234,red,4827,T11
203,1,0,0,234,red,4827,T11
204,1,0,0,234,red,4827,T11
205,1,0,0,234,red,4827,T11
206,1,0,0,234,red,4827,T11
207,1,0,0,234,red,4827,T11
208,1,0,0,234,red,4827,T11
209,1,0,0,234,red,4827,T11
210,1,0,0,234,red,4827,T11
211,1,0,0,234,red,4827,T11
212,1,0,0,234,red,4827,T11
213,1,0,0,234,red,4827,T11
214,1,0,0,234,red,4827,T11
215,1,0,0,234,red,4827,T11
216,1,0,0,234,red,4827,T11
217,1,0,0,234,red,4827,T11
218,1,0,0,234,red,4827,T11
219,1,0,0,234,red,4827,T11
220,1,0,0,234,red,4827,T11
221,1,0,0,234,red,4827,T11
0,0,0,1,235,red,4920,T11
1,0,0,1,235,red,4920,T11
2,0,0,1,235,red,4920,T11
3,0,0,1,235,red,4920,T11
4,0,0,1,235,red,4920,T11
5,0,0,1,235,red,4920,T11
6,0,0,1,235,red,4920,T11
7,0,0,1,235,red,4920,T11
8,0,0,1,235,red,4920,T11
9,0,0,1,235,red,4920,T11
10,0,0,1,235,red,4920,T11
11,0,0,1,235,red,4920,T11
12,0,0,1,235,red,4920,T11
13,0,0,1,235,red,4920,T11
14,0,0,1,235,red,4920,T11
15,0,0,1,235,red,4920,T11
16,0,0,1,235,red,4920,T11
17,0,0,1,235,red,4920,T11
18,0,0,1,235,red,4920,T11
19,0,0,1,235,red,4920,T11
20,0,0,1,235,red,4920,T11
21,0,0,1,235,red,4920,T11
22,0,0,1,235,red,4920,T11
23,0,0,1,235,red,4920,T11
24,0,0,1,235,red,4920,T11
25,0,0,1,235,red,4920,T11
26,0,0,1,235,red,4920,T11
27,0,0,1,235,red,4920,T11
28,0,0,1,235,red,4920,T11
29,0,0,1,235,red,4920,T11
30,0,0,1,235,red,4920,T11
31,0,0,1,235,red,4920,T11
32,0,0,1,235,red,4920,T11
33,0,0,1,235,red,4920,T11
34,0,0,1,235,red,4920,T11
35,0,0,1,235,red,4920,T11
36,0,0,1,235,red,4920,T11
37,0,0,1,235,red,4920,T11
38,0,0,1,235,red,4920,T11
39,0,0,1,235,red,4920,T11
40,0,0,1,235,red,4920,T11
41,0,0,1,235,red,4920,T11
42,0,0,1,235,red,4920,T11
43,0,0,1,235,red,4920,T11
44,0,0,1,235,red,4920,T11
45,0,0,1,235,red,4920,T11
46,0,0,1,235,red,4920,T11
47,0,0,1,235,red,4920,T11
48,0,0,1,235,red,4920,T11
49,0,1,0,235,red,4920,T11
50,0,1,0,235,red,4920,T11
51,0,1,0,235,red,4920,T11
52,0,1,0,235,red,4920,T11
53,0,1,0,235,red,4920,T11
54,0,1,0,235,red,4920,T11
55,0,1,0,235,red,4920,T11
56,0,1,0,235,red,4920,T11
57,0,1,0,235,red,4920,T11
58,0,1,0,235,red,4920,T11
59,0,1,0,235,red,4920,T11
60,0,1,0,235,red,4920,T11
61,0,1,0,235,red,4920,T11
62,0,1,0,235,red,4920,T11
63,0,1,0,235,red,4920,T11
64,0,0,1,235,red,4920,T11
65,0,0,1,235,red,4920,T11
66,0,0,1,235,red,4920,T11
67,0,0,1,235,red,4920,T11
68,0,0,1,235,red,4920,T11
69,0,0,1,235,red,4920,T11
70,0,0,1,235,red,4920,T11
71,0,0,1,235,red,4920,T11
72,0,0,1,235,red,4920,T11
73,0,0,1,235,red,4920,T11
74,0,0,1,235,red,4920,T11
75,0,0,1,235,red,4920,T11
76,0,0,1,235,red,4920,T11
77,0,0,1,235,red,4920,T11
78,0,1,0,235,red,4920,T11
79,0,1,0,235,red,4920,T11
80,0,1,0,235,red,4920,T11
81,0,1,0,235,red,4920,T11
82,0,1,0,235,red,4920,T11
83,0,1,0,235,red,4920,T11
84,0,1,0,235,red,4920,T11
85,0,0,1,235,red,4920,T11
86,0,0,1,235,red,4920,T11
87,0,0,1,235,red,4920,T11
88,0,0,1,235,red,4920,T11
89,0,0,1,235,red,4920,T11
90,0,0,1,235,red,4920,T11
91,0,0,1,235,red,4920,T11
92,0,0,1,235,red,4920,T11
93,0,0,1,235,red,4920,T11
94,0,0,1,235,red,4920,T11
95,0,0,1,235,red,4920,T11
96,0,0,1,235,red,4920,T11
97,0,0,1,235,red,4920,T11
98,0,0,1,235,red,4920,T11
99,0,0,1,235,red,4920,T11
100,0,0,1,235,red,4920,T11
101,0,0,1,235,red,4920,T11
102,0,0,1,235,red,4920,T11
103,0,0,1,235,red,4920,T11
104,0,1,0,235,red,4920,T11
105,0,1,0,235,red,4920,T11
106,0,1,0,235,red,4920,T11
107,0,1,0,235,red,4920,T11
108,0,1,0,235,red,4920,T11
109,0,1,0,235,red,4920,T11
110,0,1,0,235,red,4920,T11
111,0,1,0,235,red,4920,T11
112,0,1,0,235,red,4920,T11
113,0,1,0,235,red,4920,T11
114,0,0,1,235,red,4920,T11
115,0,0,1,235,red,4920,T11
116,0,0,1,235,red,4920,T11
117,0,0,1,235,red,4920,T11
118,0,0,1,235,red,4920,T11
119,0,0,1,235,red,4920,T11
120,0,0,1,235,red,4920,T11
121,0,0,1,235,red,4920,T11
122,0,0,1,235,red,4920,T11
123,1,0,0,235,red,4920,T11
124,1,0,0,235,red,4920,T11
125,1,0,0,235,red,4920,T11
126,1,0,0,235,red,4920,T11
127,1,0,0,235,red,4920,T11
128,1,0,0,235,red,4920,T11
129,1,0,0,235,red,4920,T11
130,1,0,0,235,red,4920,T11
131,1,0,0,235,red,4920,T11
132,1,0,0,235,red,4920,T11
133,1,0,0,235,red,4920,T11
134,1,0,0,235,red,4920,T11
135,1,0,0,235,red,4920,T11
136,1,0,0,235,red,4920,T11
137,1,0,0,235,red,4920,T11
138,1,0,0,235,red,4920,T11
139,1,0,0,235,red,4920,T11
140,1,0,0,235,red,4920,T11
141,1,0,0,235,red,4920,T11
142,1,0,0,235,red,4920,T11
143,1,0,0,235,red,4920,T11
144,1,0,0,235,red,4920,T11
145,1,0,0,235,red,4920,T11
146,1,0,0,235,red,4920,T11
147,1,0,0,235,red,4920,T11
148,1,0,0,235,red,4920,T11
149,1,0,0,235,red,4920,T11
150,1,0,0,235,red,4920,T11
151,1,0,0,235,red,4920,T11
152,1,0,0,235,red,4920,T11
153,1,0,0,235,red,4920,T11
154,1,0,0,235,red,4920,T11
155,1,0,0,235,red,4920,T11
156,1,0,0,235,red,4920,T11
157,1,0,0,235,red,4920,T11
158,1,0,0,235,red,4920,T11
159,1,0,0,235,red,4920,T11
160,1,0,0,235,red,4920,T11
161,1,0,0,235,red,4920,T11
162,1,0,0,235,red,4920,T11
163,1,0,0,235,red,4920,T11
164,1,0,0,235,red,4920,T11
165,1,0,0,235,red,4920,T11
166,1,0,0,235,red,4920,T11
167,1,0,0,235,red,4920,T11
168,1,0,0,235,red,4920,T11
169,1,0,0,235,red,4920,T11
170,1,0,0,235,red,4920,T11
171,1,0,0,235,red,4920,T11
172,1,0,0,235,red,4920,T11
173,1,0,0,235,red,4920,T11
174,1,0,0,235,red,4920,T11
175,1,0,0,235,red,4920,T11
176,1,0,0,235,red,4920,T11
177,1,0,0,235,red,4920,T11
178,1,0,0,235,red,4920,T11
179,1,0,0,235,red,4920,T11
180,1,0,0,235,red,4920,T11
181,1,0,0,235,red,4920,T11
182,1,0,0,235,red,4920,T11
183,1,0,0,235,red,4920,T11
184,1,0,0,235,red,4920,T11
185,1,0,0,235,red,4920,T11
186,1,0,0,235,red,4920,T11
187,1,0,0,235,red,4920,T11
188,1,0,0,235,red,4920,T11
189,1,0,0,235,red,4920,T11
190,1,0,0,235,red,4920,T11
191,1,0,0,235,red,4920,T11
192,1,0,0,235,red,4920,T11
193,1,0,0,235,red,4920,T11
194,1,0,0,235,red,4920,T11
195,1,0,0,235,red,4920,T11
196,1,0,0,235,red,4920,T11
197,1,0,0,235,red,4920,T11
198,1,0,0,235,red,4920,T11
199,1,0,0,235,red,4920,T11
200,1,0,0,235,red,4920,T11
201,1,0,0,235,red,4920,T11
202,1,0,0,235,red,4920,T11
203,1,0,0,235,red,4920,T11
204,1,0,0,235,red,4920,T11
205,1,0,0,235,red,4920,T11
206,1,0,0,235,red,4920,T11
207,1,0,0,235,red,4920,T11
208,1,0,0,235,red,4920,T11
209,1,0,0,235,red,4920,T11
210,1,0,0,235,red,4920,T11
211,1,0,0,235,red,4920,T11
212,1,0,0,235,red,4920,T11
213,1,0,0,235,red,4920,T11
214,1,0,0,235,red,4920,T11
215,1,0,0,235,red,4920,T11
216,1,0,0,235,red,4920,T11
217,1,0,0,235,red,4920,T11
218,1,0,0,235,red,4920,T11
219,1,0,0,235,red,4920,T11
220,1,0,0,235,red,4920,T11
221,1,0,0,235,red,4920,T11
0,0,0,1,236,red,5386,T11
1,0,0,1,236,red,5386,T11
2,0,0,1,236,red,5386,T11
3,0,0,1,236,red,5386,T11
4,0,0,1,236,red,5386,T11
5,0,0,1,236,red,5386,T11
6,0,0,1,236,red,5386,T11
7,0,0,1,236,red,5386,T11
8,0,0,1,236,red,5386,T11
9,0,0,1,236,red,5386,T11
10,0,0,1,236,red,5386,T11
11,0,0,1,236,red,5386,T11
12,0,0,1,236,red,5386,T11
13,0,0,1,236,red,5386,T11
14,0,0,1,236,red,5386,T11
15,0,0,1,236,red,5386,T11
16,0,0,1,236,red,5386,T11
17,0,0,1,236,red,5386,T11
18,0,0,1,236,red,5386,T11
19,0,0,1,236,red,5386,T11
20,0,0,1,236,red,5386,T11
21,1,0,0,236,red,5386,T11
22,1,0,0,236,red,5386,T11
23,1,0,0,236,red,5386,T11
24,1,0,0,236,red,5386,T11
25,1,0,0,236,red,5386,T11
26,1,0,0,236,red,5386,T11
27,1,0,0,236,red,5386,T11
28,1,0,0,236,red,5386,T11
29,1,0,0,236,red,5386,T11
30,0,0,1,236,red,5386,T11
31,0,0,1,236,red,5386,T11
32,0,0,1,236,red,5386,T11
33,0,0,1,236,red,5386,T11
34,0,0,1,236,red,5386,T11
35,0,0,1,236,red,5386,T11
36,0,0,1,236,red,5386,T11
37,0,0,1,236,red,5386,T11
38,0,0,1,236,red,5386,T11
39,0,0,1,236,red,5386,T11
40,0,0,1,236,red,5386,T11
41,0,0,1,236,red,5386,T11
42,0,0,1,236,red,5386,T11
43,0,0,1,236,red,5386,T11
44,0,0,1,236,red,5386,T11
45,1,0,0,236,red,5386,T11
46,1,0,0,236,red,5386,T11
47,1,0,0,236,red,5386,T11
48,1,0,0,236,red,5386,T11
49,1,0,0,236,red,5386,T11
50,1,0,0,236,red,5386,T11
51,1,0,0,236,red,5386,T11
52,1,0,0,236,red,5386,T11
53,1,0,0,236,red,5386,T11
54,1,0,0,236,red,5386,T11
55,1,0,0,236,red,5386,T11
56,1,0,0,236,red,5386,T11
57,1,0,0,236,red,5386,T11
58,1,0,0,236,red,5386,T11
59,1,0,0,236,red,5386,T11
60,1,0,0,236,red,5386,T11
61,1,0,0,236,red,5386,T11
62,1,0,0,236,red,5386,T11
63,0,0,1,236,red,5386,T11
64,0,0,1,236,red,5386,T11
65,0,0,1,236,red,5386,T11
66,0,0,1,236,red,5386,T11
67,0,0,1,236,red,5386,T11
68,0,0,1,236,red,5386,T11
69,0,0,1,236,red,5386,T11
70,0,0,1,236,red,5386,T11
71,0,0,1,236,red,5386,T11
72,0,0,1,236,red,5386,T11
73,0,0,1,236,red,5386,T11
74,0,1,0,236,red,5386,T11
75,0,1,0,236,red,5386,T11
76,0,1,0,236,red,5386,T11
77,1,0,0,236,red,5386,T11
78,1,0,0,236,red,5386,T11
79,1,0,0,236,red,5386,T11
80,1,0,0,236,red,5386,T11
81,1,0,0,236,red,5386,T11
82,1,0,0,236,red,5386,T11
83,1,0,0,236,red,5386,T11
84,1,0,0,236,red,5386,T11
85,1,0,0,236,red,5386,T11
86,1,0,0,236,red,5386,T11
87,1,0,0,236,red,5386,T11
88,1,0,0,236,red,5386,T11
89,1,0,0,236,red,5386,T11
90,1,0,0,236,red,5386,T11
91,1,0,0,236,red,5386,T11
92,1,0,0,236,red,5386,T11
93,1,0,0,236,red,5386,T11
94,1,0,0,236,red,5386,T11
95,1,0,0,236,red,5386,T11
96,1,0,0,236,red,5386,T11
97,1,0,0,236,red,5386,T11
98,1,0,0,236,red,5386,T11
99,1,0,0,236,red,5386,T11
100,1,0,0,236,red,5386,T11
101,1,0,0,236,red,5386,T11
102,1,0,0,236,red,5386,T11
103,1,0,0,236,red,5386,T11
104,1,0,0,236,red,5386,T11
105,1,0,0,236,red,5386,T11
106,1,0,0,236,red,5386,T11
107,1,0,0,236,red,5386,T11
108,1,0,0,236,red,5386,T11
109,1,0,0,236,red,5386,T11
110,1,0,0,236,red,5386,T11
111,1,0,0,236,red,5386,T11
112,1,0,0,236,red,5386,T11
113,1,0,0,236,red,5386,T11
114,1,0,0,236,red,5386,T11
115,1,0,0,236,red,5386,T11
116,1,0,0,236,red,5386,T11
117,1,0,0,236,red,5386,T11
118,1,0,0,236,red,5386,T11
119,1,0,0,236,red,5386,T11
120,1,0,0,236,red,5386,T11
121,1,0,0,236,red,5386,T11
122,1,0,0,236,red,5386,T11
123,1,0,0,236,red,5386,T11
124,1,0,0,236,red,5386,T11
125,1,0,0,236,red,5386,T11
126,1,0,0,236,red,5386,T11
127,1,0,0,236,red,5386,T11
128,1,0,0,236,red,5386,T11
129,1,0,0,236,red,5386,T11
130,1,0,0,236,red,5386,T11
131,1,0,0,236,red,5386,T11
132,1,0,0,236,red,5386,T11
133,1,0,0,236,red,5386,T11
134,1,0,0,236,red,5386,T11
135,1,0,0,236,red,5386,T11
136,1,0,0,236,red,5386,T11
137,1,0,0,236,red,5386,T11
138,1,0,0,236,red,5386,T11
139,1,0,0,236,red,5386,T11
140,1,0,0,236,red,5386,T11
141,1,0,0,236,red,5386,T11
142,1,0,0,236,red,5386,T11
143,1,0,0,236,red,5386,T11
144,1,0,0,236,red,5386,T11
145,1,0,0,236,red,5386,T11
146,1,0,0,236,red,5386,T11
147,1,0,0,236,red,5386,T11
148,1,0,0,236,red,5386,T11
149,1,0,0,236,red,5386,T11
150,1,0,0,236,red,5386,T11
151,1,0,0,236,red,5386,T11
152,1,0,0,236,red,5386,T11
153,1,0,0,236,red,5386,T11
154,1,0,0,236,red,5386,T11
155,1,0,0,236,red,5386,T11
156,1,0,0,236,red,5386,T11
157,1,0,0,236,red,5386,T11
158,1,0,0,236,red,5386,T11
159,1,0,0,236,red,5386,T11
160,1,0,0,236,red,5386,T11
161,1,0,0,236,red,5386,T11
162,1,0,0,236,red,5386,T11
163,1,0,0,236,red,5386,T11
164,1,0,0,236,red,5386,T11
165,1,0,0,236,red,5386,T11
166,1,0,0,236,red,5386,T11
167,1,0,0,236,red,5386,T11
168,1,0,0,236,red,5386,T11
169,1,0,0,236,red,5386,T11
170,1,0,0,236,red,5386,T11
171,1,0,0,236,red,5386,T11
172,1,0,0,236,red,5386,T11
173,1,0,0,236,red,5386,T11
174,1,0,0,236,red,5386,T11
175,1,0,0,236,red,5386,T11
176,1,0,0,236,red,5386,T11
177,1,0,0,236,red,5386,T11
178,1,0,0,236,red,5386,T11
179,1,0,0,236,red,5386,T11
180,1,0,0,236,red,5386,T11
181,1,0,0,236,red,5386,T11
182,1,0,0,236,red,5386,T11
183,1,0,0,236,red,5386,T11
184,1,0,0,236,red,5386,T11
185,1,0,0,236,red,5386,T11
186,1,0,0,236,red,5386,T11
187,1,0,0,236,red,5386,T11
188,1,0,0,236,red,5386,T11
189,1,0,0,236,red,5386,T11
190,1,0,0,236,red,5386,T11
191,1,0,0,236,red,5386,T11
192,1,0,0,236,red,5386,T11
193,1,0,0,236,red,5386,T11
194,1,0,0,236,red,5386,T11
195,1,0,0,236,red,5386,T11
196,1,0,0,236,red,5386,T11
197,1,0,0,236,red,5386,T11
198,1,0,0,236,red,5386,T11
199,1,0,0,236,red,5386,T11
200,1,0,0,236,red,5386,T11
201,1,0,0,236,red,5386,T11
202,1,0,0,236,red,5386,T11
203,1,0,0,236,red,5386,T11
204,1,0,0,236,red,5386,T11
205,1,0,0,236,red,5386,T11
206,1,0,0,236,red,5386,T11
207,1,0,0,236,red,5386,T11
208,1,0,0,236,red,5386,T11
209,1,0,0,236,red,5386,T11
210,1,0,0,236,red,5386,T11
211,1,0,0,236,red,5386,T11
212,1,0,0,236,red,5386,T11
213,1,0,0,236,red,5386,T11
214,1,0,0,236,red,5386,T11
215,1,0,0,236,red,5386,T11
216,1,0,0,236,red,5386,T11
217,1,0,0,236,red,5386,T11
218,1,0,0,236,red,5386,T11
219,1,0,0,236,red,5386,T11
220,1,0,0,236,red,5386,T11
221,1,0,0,236,red,5386,T11
0,0,0,1,237,red,4534,T11
1,0,0,1,237,red,4534,T11
2,0,0,1,237,red,4534,T11
3,0,0,1,237,red,4534,T11
4,0,0,1,237,red,4534,T11
5,0,0,1,237,red,4534,T11
6,0,0,1,237,red,4534,T11
7,0,0,1,237,red,4534,T11
8,0,0,1,237,red,4534,T11
9,0,0,1,237,red,4534,T11
10,0,0,1,237,red,4534,T11
11,0,0,1,237,red,4534,T11
12,0,0,1,237,red,4534,T11
13,0,0,1,237,red,4534,T11
14,0,0,1,237,red,4534,T11
15,0,0,1,237,red,4534,T11
16,0,0,1,237,red,4534,T11
17,0,0,1,237,red,4534,T11
18,0,0,1,237,red,4534,T11
19,0,0,1,237,red,4534,T11
20,0,0,1,237,red,4534,T11
21,0,0,1,237,red,4534,T11
22,0,0,1,237,red,4534,T11
23,0,0,1,237,red,4534,T11
24,0,0,1,237,red,4534,T11
25,0,0,1,237,red,4534,T11
26,0,0,1,237,red,4534,T11
27,0,1,0,237,red,4534,T11
28,0,1,0,237,red,4534,T11
29,0,1,0,237,red,4534,T11
30,0,1,0,237,red,4534,T11
31,0,1,0,237,red,4534,T11
32,0,1,0,237,red,4534,T11
33,0,1,0,237,red,4534,T11
34,0,1,0,237,red,4534,T11
35,0,1,0,237,red,4534,T11
36,0,1,0,237,red,4534,T11
37,0,1,0,237,red,4534,T11
38,0,1,0,237,red,4534,T11
39,0,1,0,237,red,4534,T11
40,0,1,0,237,red,4534,T11
41,0,1,0,237,red,4534,T11
42,0,1,0,237,red,4534,T11
43,0,1,0,237,red,4534,T11
44,0,1,0,237,red,4534,T11
45,0,1,0,237,red,4534,T11
46,0,1,0,237,red,4534,T11
47,0,1,0,237,red,4534,T11
48,0,1,0,237,red,4534,T11
49,0,1,0,237,red,4534,T11
50,0,1,0,237,red,4534,T11
51,0,1,0,237,red,4534,T11
52,0,1,0,237,red,4534,T11
53,0,1,0,237,red,4534,T11
54,0,1,0,237,red,4534,T11
55,0,1,0,237,red,4534,T11
56,0,1,0,237,red,4534,T11
57,0,1,0,237,red,4534,T11
58,0,1,0,237,red,4534,T11
59,0,1,0,237,red,4534,T11
60,0,1,0,237,red,4534,T11
61,0,1,0,237,red,4534,T11
62,0,1,0,237,red,4534,T11
63,0,1,0,237,red,4534,T11
64,0,1,0,237,red,4534,T11
65,0,1,0,237,red,4534,T11
66,0,1,0,237,red,4534,T11
67,0,1,0,237,red,4534,T11
68,0,0,1,237,red,4534,T11
69,1,0,0,237,red,4534,T11
70,1,0,0,237,red,4534,T11
71,1,0,0,237,red,4534,T11
72,1,0,0,237,red,4534,T11
73,1,0,0,237,red,4534,T11
74,1,0,0,237,red,4534,T11
75,1,0,0,237,red,4534,T11
76,1,0,0,237,red,4534,T11
77,1,0,0,237,red,4534,T11
78,1,0,0,237,red,4534,T11
79,1,0,0,237,red,4534,T11
80,1,0,0,237,red,4534,T11
81,1,0,0,237,red,4534,T11
82,1,0,0,237,red,4534,T11
83,1,0,0,237,red,4534,T11
84,1,0,0,237,red,4534,T11
85,1,0,0,237,red,4534,T11
86,1,0,0,237,red,4534,T11
87,1,0,0,237,red,4534,T11
88,1,0,0,237,red,4534,T11
89,1,0,0,237,red,4534,T11
90,1,0,0,237,red,4534,T11
91,1,0,0,237,red,4534,T11
92,1,0,0,237,red,4534,T11
93,1,0,0,237,red,4534,T11
94,1,0,0,237,red,4534,T11
95,1,0,0,237,red,4534,T11
96,1,0,0,237,red,4534,T11
97,1,0,0,237,red,4534,T11
98,1,0,0,237,red,4534,T11
99,1,0,0,237,red,4534,T11
100,1,0,0,237,red,4534,T11
101,1,0,0,237,red,4534,T11
102,1,0,0,237,red,4534,T11
103,1,0,0,237,red,4534,T11
104,1,0,0,237,red,4534,T11
105,1,0,0,237,red,4534,T11
106,1,0,0,237,red,4534,T11
107,1,0,0,237,red,4534,T11
108,1,0,0,237,red,4534,T11
109,1,0,0,237,red,4534,T11
110,1,0,0,237,red,4534,T11
111,1,0,0,237,red,4534,T11
112,1,0,0,237,red,4534,T11
113,1,0,0,237,red,4534,T11
114,1,0,0,237,red,4534,T11
115,1,0,0,237,red,4534,T11
116,1,0,0,237,red,4534,T11
117,1,0,0,237,red,4534,T11
118,1,0,0,237,red,4534,T11
119,1,0,0,237,red,4534,T11
120,1,0,0,237,red,4534,T11
121,1,0,0,237,red,4534,T11
122,1,0,0,237,red,4534,T11
123,1,0,0,237,red,4534,T11
124,1,0,0,237,red,4534,T11
125,1,0,0,237,red,4534,T11
126,1,0,0,237,red,4534,T11
127,1,0,0,237,red,4534,T11
128,1,0,0,237,red,4534,T11
129,1,0,0,237,red,4534,T11
130,1,0,0,237,red,4534,T11
131,1,0,0,237,red,4534,T11
132,1,0,0,237,red,4534,T11
133,1,0,0,237,red,4534,T11
134,1,0,0,237,red,4534,T11
135,1,0,0,237,red,4534,T11
136,1,0,0,237,red,4534,T11
137,1,0,0,237,red,4534,T11
138,1,0,0,237,red,4534,T11
139,1,0,0,237,red,4534,T11
140,1,0,0,237,red,4534,T11
141,1,0,0,237,red,4534,T11
142,1,0,0,237,red,4534,T11
143,1,0,0,237,red,4534,T11
144,1,0,0,237,red,4534,T11
145,1,0,0,237,red,4534,T11
146,1,0,0,237,red,4534,T11
147,1,0,0,237,red,4534,T11
148,1,0,0,237,red,4534,T11
149,1,0,0,237,red,4534,T11
150,1,0,0,237,red,4534,T11
151,1,0,0,237,red,4534,T11
152,1,0,0,237,red,4534,T11
153,1,0,0,237,red,4534,T11
154,1,0,0,237,red,4534,T11
155,1,0,0,237,red,4534,T11
156,1,0,0,237,red,4534,T11
157,1,0,0,237,red,4534,T11
158,1,0,0,237,red,4534,T11
159,1,0,0,237,red,4534,T11
160,1,0,0,237,red,4534,T11
161,1,0,0,237,red,4534,T11
162,1,0,0,237,red,4534,T11
163,1,0,0,237,red,4534,T11
164,1,0,0,237,red,4534,T11
165,1,0,0,237,red,4534,T11
166,1,0,0,237,red,4534,T11
167,1,0,0,237,red,4534,T11
168,1,0,0,237,red,4534,T11
169,1,0,0,237,red,4534,T11
170,1,0,0,237,red,4534,T11
171,1,0,0,237,red,4534,T11
172,1,0,0,237,red,4534,T11
173,1,0,0,237,red,4534,T11
174,1,0,0,237,red,4534,T11
175,1,0,0,237,red,4534,T11
176,1,0,0,237,red,4534,T11
177,1,0,0,237,red,4534,T11
178,1,0,0,237,red,4534,T11
179,1,0,0,237,red,4534,T11
180,1,0,0,237,red,4534,T11
181,1,0,0,237,red,4534,T11
182,1,0,0,237,red,4534,T11
183,1,0,0,237,red,4534,T11
184,1,0,0,237,red,4534,T11
185,1,0,0,237,red,4534,T11
186,1,0,0,237,red,4534,T11
187,1,0,0,237,red,4534,T11
188,1,0,0,237,red,4534,T11
189,1,0,0,237,red,4534,T11
190,1,0,0,237,red,4534,T11
191,1,0,0,237,red,4534,T11
192,1,0,0,237,red,4534,T11
193,1,0,0,237,red,4534,T11
194,1,0,0,237,red,4534,T11
195,1,0,0,237,red,4534,T11
196,1,0,0,237,red,4534,T11
197,1,0,0,237,red,4534,T11
198,1,0,0,237,red,4534,T11
199,1,0,0,237,red,4534,T11
200,1,0,0,237,red,4534,T11
201,1,0,0,237,red,4534,T11
202,1,0,0,237,red,4534,T11
203,1,0,0,237,red,4534,T11
204,1,0,0,237,red,4534,T11
205,1,0,0,237,red,4534,T11
206,1,0,0,237,red,4534,T11
207,1,0,0,237,red,4534,T11
208,1,0,0,237,red,4534,T11
209,1,0,0,237,red,4534,T11
210,1,0,0,237,red,4534,T11
211,1,0,0,237,red,4534,T11
212,1,0,0,237,red,4534,T11
213,1,0,0,237,red,4534,T11
214,1,0,0,237,red,4534,T11
215,1,0,0,237,red,4534,T11
216,1,0,0,237,red,4534,T11
217,1,0,0,237,red,4534,T11
218,1,0,0,237,red,4534,T11
219,1,0,0,237,red,4534,T11
220,1,0,0,237,red,4534,T11
221,1,0,0,237,red,4534,T11
0,0,0,1,238,red,5577,T11
1,0,0,1,238,red,5577,T11
2,0,0,1,238,red,5577,T11
3,0,0,1,238,red,5577,T11
4,0,0,1,238,red,5577,T11
5,0,0,1,238,red,5577,T11
6,0,0,1,238,red,5577,T11
7,0,0,1,238,red,5577,T11
8,0,0,1,238,red,5577,T11
9,0,0,1,238,red,5577,T11
10,0,0,1,238,red,5577,T11
11,0,0,1,238,red,5577,T11
12,0,0,1,238,red,5577,T11
13,0,0,1,238,red,5577,T11
14,0,0,1,238,red,5577,T11
15,0,0,1,238,red,5577,T11
16,0,0,1,238,red,5577,T11
17,0,0,1,238,red,5577,T11
18,0,0,1,238,red,5577,T11
19,0,0,1,238,red,5577,T11
20,0,0,1,238,red,5577,T11
21,0,0,1,238,red,5577,T11
22,0,0,1,238,red,5577,T11
23,0,0,1,238,red,5577,T11
24,0,0,1,238,red,5577,T11
25,0,0,1,238,red,5577,T11
26,0,0,1,238,red,5577,T11
27,0,0,1,238,red,5577,T11
28,0,0,1,238,red,5577,T11
29,0,0,1,238,red,5577,T11
30,0,0,1,238,red,5577,T11
31,0,0,1,238,red,5577,T11
32,0,0,1,238,red,5577,T11
33,0,0,1,238,red,5577,T11
34,0,0,1,238,red,5577,T11
35,0,0,1,238,red,5577,T11
36,0,0,1,238,red,5577,T11
37,0,0,1,238,red,5577,T11
38,0,0,1,238,red,5577,T11
39,0,0,1,238,red,5577,T11
40,0,0,1,238,red,5577,T11
41,0,0,1,238,red,5577,T11
42,0,0,1,238,red,5577,T11
43,0,0,1,238,red,5577,T11
44,0,0,1,238,red,5577,T11
45,0,0,1,238,red,5577,T11
46,0,0,1,238,red,5577,T11
47,0,0,1,238,red,5577,T11
48,0,0,1,238,red,5577,T11
49,0,0,1,238,red,5577,T11
50,0,0,1,238,red,5577,T11
51,0,0,1,238,red,5577,T11
52,0,0,1,238,red,5577,T11
53,0,0,1,238,red,5577,T11
54,0,0,1,238,red,5577,T11
55,0,0,1,238,red,5577,T11
56,0,0,1,238,red,5577,T11
57,0,0,1,238,red,5577,T11
58,0,0,1,238,red,5577,T11
59,0,0,1,238,red,5577,T11
60,0,0,1,238,red,5577,T11
61,0,0,1,238,red,5577,T11
62,0,0,1,238,red,5577,T11
63,0,0,1,238,red,5577,T11
64,0,0,1,238,red,5577,T11
65,0,0,1,238,red,5577,T11
66,0,0,1,238,red,5577,T11
67,0,0,1,238,red,5577,T11
68,0,0,1,238,red,5577,T11
69,0,0,1,238,red,5577,T11
70,0,0,1,238,red,5577,T11
71,0,0,1,238,red,5577,T11
72,0,0,1,238,red,5577,T11
73,0,0,1,238,red,5577,T11
74,0,0,1,238,red,5577,T11
75,0,0,1,238,red,5577,T11
76,0,0,1,238,red,5577,T11
77,0,0,1,238,red,5577,T11
78,0,0,1,238,red,5577,T11
79,0,0,1,238,red,5577,T11
80,0,0,1,238,red,5577,T11
81,0,0,1,238,red,5577,T11
82,0,0,1,238,red,5577,T11
83,0,0,1,238,red,5577,T11
84,0,0,1,238,red,5577,T11
85,0,0,1,238,red,5577,T11
86,0,0,1,238,red,5577,T11
87,0,0,1,238,red,5577,T11
88,0,0,1,238,red,5577,T11
89,0,0,1,238,red,5577,T11
90,0,0,1,238,red,5577,T11
91,0,0,1,238,red,5577,T11
92,0,0,1,238,red,5577,T11
93,0,0,1,238,red,5577,T11
94,0,0,1,238,red,5577,T11
95,0,0,1,238,red,5577,T11
96,0,0,1,238,red,5577,T11
97,0,0,1,238,red,5577,T11
98,0,0,1,238,red,5577,T11
99,0,0,1,238,red,5577,T11
100,0,0,1,238,red,5577,T11
101,0,0,1,238,red,5577,T11
102,0,0,1,238,red,5577,T11
103,0,0,1,238,red,5577,T11
104,0,0,1,238,red,5577,T11
105,0,0,1,238,red,5577,T11
106,0,0,1,238,red,5577,T11
107,0,0,1,238,red,5577,T11
108,0,0,1,238,red,5577,T11
109,0,0,1,238,red,5577,T11
110,0,0,1,238,red,5577,T11
111,0,0,1,238,red,5577,T11
112,0,0,1,238,red,5577,T11
113,0,0,1,238,red,5577,T11
114,0,0,1,238,red,5577,T11
115,1,0,0,238,red,5577,T11
116,1,0,0,238,red,5577,T11
117,1,0,0,238,red,5577,T11
118,1,0,0,238,red,5577,T11
119,1,0,0,238,red,5577,T11
120,1,0,0,238,red,5577,T11
121,1,0,0,238,red,5577,T11
122,1,0,0,238,red,5577,T11
123,1,0,0,238,red,5577,T11
124,1,0,0,238,red,5577,T11
125,1,0,0,238,red,5577,T11
126,1,0,0,238,red,5577,T11
127,1,0,0,238,red,5577,T11
128,1,0,0,238,red,5577,T11
129,1,0,0,238,red,5577,T11
130,1,0,0,238,red,5577,T11
131,1,0,0,238,red,5577,T11
132,1,0,0,238,red,5577,T11
133,1,0,0,238,red,5577,T11
134,1,0,0,238,red,5577,T11
135,1,0,0,238,red,5577,T11
136,1,0,0,238,red,5577,T11
137,1,0,0,238,red,5577,T11
138,1,0,0,238,red,5577,T11
139,1,0,0,238,red,5577,T11
140,1,0,0,238,red,5577,T11
141,1,0,0,238,red,5577,T11
142,1,0,0,238,red,5577,T11
143,1,0,0,238,red,5577,T11
144,1,0,0,238,red,5577,T11
145,1,0,0,238,red,5577,T11
146,1,0,0,238,red,5577,T11
147,1,0,0,238,red,5577,T11
148,1,0,0,238,red,5577,T11
149,1,0,0,238,red,5577,T11
150,1,0,0,238,red,5577,T11
151,1,0,0,238,red,5577,T11
152,1,0,0,238,red,5577,T11
153,1,0,0,238,red,5577,T11
154,1,0,0,238,red,5577,T11
155,1,0,0,238,red,5577,T11
156,1,0,0,238,red,5577,T11
157,1,0,0,238,red,5577,T11
158,1,0,0,238,red,5577,T11
159,1,0,0,238,red,5577,T11
160,1,0,0,238,red,5577,T11
161,1,0,0,238,red,5577,T11
162,1,0,0,238,red,5577,T11
163,1,0,0,238,red,5577,T11
164,1,0,0,238,red,5577,T11
165,1,0,0,238,red,5577,T11
166,1,0,0,238,red,5577,T11
167,1,0,0,238,red,5577,T11
168,1,0,0,238,red,5577,T11
169,1,0,0,238,red,5577,T11
170,1,0,0,238,red,5577,T11
171,1,0,0,238,red,5577,T11
172,1,0,0,238,red,5577,T11
173,1,0,0,238,red,5577,T11
174,1,0,0,238,red,5577,T11
175,1,0,0,238,red,5577,T11
176,1,0,0,238,red,5577,T11
177,1,0,0,238,red,5577,T11
178,1,0,0,238,red,5577,T11
179,1,0,0,238,red,5577,T11
180,1,0,0,238,red,5577,T11
181,1,0,0,238,red,5577,T11
182,1,0,0,238,red,5577,T11
183,1,0,0,238,red,5577,T11
184,1,0,0,238,red,5577,T11
185,1,0,0,238,red,5577,T11
186,1,0,0,238,red,5577,T11
187,1,0,0,238,red,5577,T11
188,1,0,0,238,red,5577,T11
189,1,0,0,238,red,5577,T11
190,1,0,0,238,red,5577,T11
191,1,0,0,238,red,5577,T11
192,1,0,0,238,red,5577,T11
193,1,0,0,238,red,5577,T11
194,1,0,0,238,red,5577,T11
195,1,0,0,238,red,5577,T11
196,1,0,0,238,red,5577,T11
197,1,0,0,238,red,5577,T11
198,1,0,0,238,red,5577,T11
199,1,0,0,238,red,5577,T11
200,1,0,0,238,red,5577,T11
201,1,0,0,238,red,5577,T11
202,1,0,0,238,red,5577,T11
203,1,0,0,238,red,5577,T11
204,1,0,0,238,red,5577,T11
205,1,0,0,238,red,5577,T11
206,1,0,0,238,red,5577,T11
207,1,0,0,238,red,5577,T11
208,1,0,0,238,red,5577,T11
209,1,0,0,238,red,5577,T11
210,1,0,0,238,red,5577,T11
211,1,0,0,238,red,5577,T11
212,1,0,0,238,red,5577,T11
213,1,0,0,238,red,5577,T11
214,1,0,0,238,red,5577,T11
215,1,0,0,238,red,5577,T11
216,1,0,0,238,red,5577,T11
217,1,0,0,238,red,5577,T11
218,1,0,0,238,red,5577,T11
219,1,0,0,238,red,5577,T11
220,1,0,0,238,red,5577,T11
221,1,0,0,238,red,5577,T11
0,0,0,1,239,red,6151,T11
1,0,0,1,239,red,6151,T11
2,0,0,1,239,red,6151,T11
3,0,0,1,239,red,6151,T11
4,0,0,1,239,red,6151,T11
5,0,0,1,239,red,6151,T11
6,0,0,1,239,red,6151,T11
7,0,0,1,239,red,6151,T11
8,0,0,1,239,red,6151,T11
9,0,0,1,239,red,6151,T11
10,0,0,1,239,red,6151,T11
11,0,0,1,239,red,6151,T11
12,0,0,1,239,red,6151,T11
13,0,0,1,239,red,6151,T11
14,0,0,1,239,red,6151,T11
15,0,0,1,239,red,6151,T11
16,0,0,1,239,red,6151,T11
17,0,0,1,239,red,6151,T11
18,0,0,1,239,red,6151,T11
19,0,0,1,239,red,6151,T11
20,0,0,1,239,red,6151,T11
21,0,0,1,239,red,6151,T11
22,0,0,1,239,red,6151,T11
23,0,0,1,239,red,6151,T11
24,0,0,1,239,red,6151,T11
25,0,0,1,239,red,6151,T11
26,0,0,1,239,red,6151,T11
27,0,0,1,239,red,6151,T11
28,0,0,1,239,red,6151,T11
29,0,0,1,239,red,6151,T11
30,0,0,1,239,red,6151,T11
31,0,0,1,239,red,6151,T11
32,0,0,1,239,red,6151,T11
33,0,0,1,239,red,6151,T11
34,0,0,1,239,red,6151,T11
35,0,0,1,239,red,6151,T11
36,0,0,1,239,red,6151,T11
37,0,0,1,239,red,6151,T11
38,0,0,1,239,red,6151,T11
39,0,0,1,239,red,6151,T11
40,0,0,1,239,red,6151,T11
41,0,0,1,239,red,6151,T11
42,0,0,1,239,red,6151,T11
43,0,0,1,239,red,6151,T11
44,0,0,1,239,red,6151,T11
45,0,0,1,239,red,6151,T11
46,0,0,1,239,red,6151,T11
47,0,0,1,239,red,6151,T11
48,0,0,1,239,red,6151,T11
49,0,0,1,239,red,6151,T11
50,0,0,1,239,red,6151,T11
51,0,0,1,239,red,6151,T11
52,0,0,1,239,red,6151,T11
53,0,0,1,239,red,6151,T11
54,0,0,1,239,red,6151,T11
55,0,0,1,239,red,6151,T11
56,0,0,1,239,red,6151,T11
57,0,0,1,239,red,6151,T11
58,0,0,1,239,red,6151,T11
59,0,0,1,239,red,6151,T11
60,0,0,1,239,red,6151,T11
61,0,0,1,239,red,6151,T11
62,0,0,1,239,red,6151,T11
63,0,0,1,239,red,6151,T11
64,0,0,1,239,red,6151,T11
65,0,0,1,239,red,6151,T11
66,0,0,1,239,red,6151,T11
67,0,0,1,239,red,6151,T11
68,0,0,1,239,red,6151,T11
69,0,0,1,239,red,6151,T11
70,0,0,1,239,red,6151,T11
71,0,0,1,239,red,6151,T11
72,0,0,1,239,red,6151,T11
73,0,0,1,239,red,6151,T11
74,0,0,1,239,red,6151,T11
75,0,0,1,239,red,6151,T11
76,0,0,1,239,red,6151,T11
77,0,0,1,239,red,6151,T11
78,0,0,1,239,red,6151,T11
79,0,0,1,239,red,6151,T11
80,0,0,1,239,red,6151,T11
81,0,0,1,239,red,6151,T11
82,0,0,1,239,red,6151,T11
83,0,0,1,239,red,6151,T11
84,0,0,1,239,red,6151,T11
85,0,0,1,239,red,6151,T11
86,0,0,1,239,red,6151,T11
87,0,0,1,239,red,6151,T11
88,0,0,1,239,red,6151,T11
89,1,0,0,239,red,6151,T11
90,1,0,0,239,red,6151,T11
91,1,0,0,239,red,6151,T11
92,1,0,0,239,red,6151,T11
93,1,0,0,239,red,6151,T11
94,1,0,0,239,red,6151,T11
95,1,0,0,239,red,6151,T11
96,1,0,0,239,red,6151,T11
97,1,0,0,239,red,6151,T11
98,1,0,0,239,red,6151,T11
99,1,0,0,239,red,6151,T11
100,1,0,0,239,red,6151,T11
101,1,0,0,239,red,6151,T11
102,1,0,0,239,red,6151,T11
103,1,0,0,239,red,6151,T11
104,1,0,0,239,red,6151,T11
105,1,0,0,239,red,6151,T11
106,1,0,0,239,red,6151,T11
107,1,0,0,239,red,6151,T11
108,1,0,0,239,red,6151,T11
109,1,0,0,239,red,6151,T11
110,1,0,0,239,red,6151,T11
111,1,0,0,239,red,6151,T11
112,1,0,0,239,red,6151,T11
113,1,0,0,239,red,6151,T11
114,1,0,0,239,red,6151,T11
115,1,0,0,239,red,6151,T11
116,1,0,0,239,red,6151,T11
117,1,0,0,239,red,6151,T11
118,1,0,0,239,red,6151,T11
119,1,0,0,239,red,6151,T11
120,1,0,0,239,red,6151,T11
121,1,0,0,239,red,6151,T11
122,1,0,0,239,red,6151,T11
123,1,0,0,239,red,6151,T11
124,1,0,0,239,red,6151,T11
125,1,0,0,239,red,6151,T11
126,1,0,0,239,red,6151,T11
127,1,0,0,239,red,6151,T11
128,1,0,0,239,red,6151,T11
129,1,0,0,239,red,6151,T11
130,1,0,0,239,red,6151,T11
131,1,0,0,239,red,6151,T11
132,1,0,0,239,red,6151,T11
133,1,0,0,239,red,6151,T11
134,1,0,0,239,red,6151,T11
135,1,0,0,239,red,6151,T11
136,1,0,0,239,red,6151,T11
137,1,0,0,239,red,6151,T11
138,1,0,0,239,red,6151,T11
139,1,0,0,239,red,6151,T11
140,1,0,0,239,red,6151,T11
141,1,0,0,239,red,6151,T11
142,1,0,0,239,red,6151,T11
143,1,0,0,239,red,6151,T11
144,1,0,0,239,red,6151,T11
145,1,0,0,239,red,6151,T11
146,1,0,0,239,red,6151,T11
147,1,0,0,239,red,6151,T11
148,1,0,0,239,red,6151,T11
149,1,0,0,239,red,6151,T11
150,1,0,0,239,red,6151,T11
151,1,0,0,239,red,6151,T11
152,1,0,0,239,red,6151,T11
153,1,0,0,239,red,6151,T11
154,1,0,0,239,red,6151,T11
155,1,0,0,239,red,6151,T11
156,1,0,0,239,red,6151,T11
157,1,0,0,239,red,6151,T11
158,1,0,0,239,red,6151,T11
159,1,0,0,239,red,6151,T11
160,1,0,0,239,red,6151,T11
161,1,0,0,239,red,6151,T11
162,1,0,0,239,red,6151,T11
163,1,0,0,239,red,6151,T11
164,1,0,0,239,red,6151,T11
165,1,0,0,239,red,6151,T11
166,1,0,0,239,red,6151,T11
167,1,0,0,239,red,6151,T11
168,1,0,0,239,red,6151,T11
169,1,0,0,239,red,6151,T11
170,1,0,0,239,red,6151,T11
171,1,0,0,239,red,6151,T11
172,1,0,0,239,red,6151,T11
173,1,0,0,239,red,6151,T11
174,1,0,0,239,red,6151,T11
175,1,0,0,239,red,6151,T11
176,1,0,0,239,red,6151,T11
177,1,0,0,239,red,6151,T11
178,1,0,0,239,red,6151,T11
179,1,0,0,239,red,6151,T11
180,1,0,0,239,red,6151,T11
181,1,0,0,239,red,6151,T11
182,1,0,0,239,red,6151,T11
183,1,0,0,239,red,6151,T11
184,1,0,0,239,red,6151,T11
185,1,0,0,239,red,6151,T11
186,1,0,0,239,red,6151,T11
187,1,0,0,239,red,6151,T11
188,1,0,0,239,red,6151,T11
189,1,0,0,239,red,6151,T11
190,1,0,0,239,red,6151,T11
191,1,0,0,239,red,6151,T11
192,1,0,0,239,red,6151,T11
193,1,0,0,239,red,6151,T11
194,1,0,0,239,red,6151,T11
195,1,0,0,239,red,6151,T11
196,1,0,0,239,red,6151,T11
197,1,0,0,239,red,6151,T11
198,1,0,0,239,red,6151,T11
199,1,0,0,239,red,6151,T11
200,1,0,0,239,red,6151,T11
201,1,0,0,239,red,6151,T11
202,1,0,0,239,red,6151,T11
203,1,0,0,239,red,6151,T11
204,1,0,0,239,red,6151,T11
205,1,0,0,239,red,6151,T11
206,1,0,0,239,red,6151,T11
207,1,0,0,239,red,6151,T11
208,1,0,0,239,red,6151,T11
209,1,0,0,239,red,6151,T11
210,1,0,0,239,red,6151,T11
211,1,0,0,239,red,6151,T11
212,1,0,0,239,red,6151,T11
213,1,0,0,239,red,6151,T11
214,1,0,0,239,red,6151,T11
215,1,0,0,239,red,6151,T11
216,1,0,0,239,red,6151,T11
217,1,0,0,239,red,6151,T11
218,1,0,0,239,red,6151,T11
219,1,0,0,239,red,6151,T11
220,1,0,0,239,red,6151,T11
221,1,0,0,239,red,6151,T11
0,0,0,1,240,red,5369,T11
1,0,0,1,240,red,5369,T11
2,0,0,1,240,red,5369,T11
3,0,0,1,240,red,5369,T11
4,0,0,1,240,red,5369,T11
5,0,0,1,240,red,5369,T11
6,0,0,1,240,red,5369,T11
7,0,0,1,240,red,5369,T11
8,0,0,1,240,red,5369,T11
9,0,0,1,240,red,5369,T11
10,0,0,1,240,red,5369,T11
11,0,0,1,240,red,5369,T11
12,0,0,1,240,red,5369,T11
13,0,0,1,240,red,5369,T11
14,0,0,1,240,red,5369,T11
15,0,0,1,240,red,5369,T11
16,0,0,1,240,red,5369,T11
17,0,0,1,240,red,5369,T11
18,0,0,1,240,red,5369,T11
19,0,0,1,240,red,5369,T11
20,0,1,0,240,red,5369,T11
21,0,1,0,240,red,5369,T11
22,0,1,0,240,red,5369,T11
23,0,1,0,240,red,5369,T11
24,0,1,0,240,red,5369,T11
25,0,1,0,240,red,5369,T11
26,0,1,0,240,red,5369,T11
27,0,1,0,240,red,5369,T11
28,0,1,0,240,red,5369,T11
29,0,1,0,240,red,5369,T11
30,0,1,0,240,red,5369,T11
31,0,1,0,240,red,5369,T11
32,0,1,0,240,red,5369,T11
33,0,1,0,240,red,5369,T11
34,0,1,0,240,red,5369,T11
35,0,1,0,240,red,5369,T11
36,0,1,0,240,red,5369,T11
37,0,1,0,240,red,5369,T11
38,0,1,0,240,red,5369,T11
39,0,1,0,240,red,5369,T11
40,0,1,0,240,red,5369,T11
41,0,1,0,240,red,5369,T11
42,0,1,0,240,red,5369,T11
43,0,1,0,240,red,5369,T11
44,0,1,0,240,red,5369,T11
45,0,1,0,240,red,5369,T11
46,0,1,0,240,red,5369,T11
47,0,1,0,240,red,5369,T11
48,0,1,0,240,red,5369,T11
49,0,1,0,240,red,5369,T11
50,0,1,0,240,red,5369,T11
51,0,1,0,240,red,5369,T11
52,0,1,0,240,red,5369,T11
53,0,1,0,240,red,5369,T11
54,0,1,0,240,red,5369,T11
55,0,1,0,240,red,5369,T11
56,0,1,0,240,red,5369,T11
57,0,1,0,240,red,5369,T11
58,0,1,0,240,red,5369,T11
59,0,1,0,240,red,5369,T11
60,0,1,0,240,red,5369,T11
61,0,1,0,240,red,5369,T11
62,0,1,0,240,red,5369,T11
63,0,1,0,240,red,5369,T11
64,0,1,0,240,red,5369,T11
65,0,1,0,240,red,5369,T11
66,0,1,0,240,red,5369,T11
67,0,1,0,240,red,5369,T11
68,0,1,0,240,red,5369,T11
69,0,1,0,240,red,5369,T11
70,0,1,0,240,red,5369,T11
71,0,1,0,240,red,5369,T11
72,0,1,0,240,red,5369,T11
73,0,1,0,240,red,5369,T11
74,0,1,0,240,red,5369,T11
75,0,1,0,240,red,5369,T11
76,0,1,0,240,red,5369,T11
77,0,1,0,240,red,5369,T11
78,0,1,0,240,red,5369,T11
79,0,1,0,240,red,5369,T11
80,0,1,0,240,red,5369,T11
81,0,1,0,240,red,5369,T11
82,0,1,0,240,red,5369,T11
83,0,1,0,240,red,5369,T11
84,0,1,0,240,red,5369,T11
85,0,1,0,240,red,5369,T11
86,0,1,0,240,red,5369,T11
87,0,1,0,240,red,5369,T11
88,0,1,0,240,red,5369,T11
89,0,1,0,240,red,5369,T11
90,0,1,0,240,red,5369,T11
91,0,1,0,240,red,5369,T11
92,0,1,0,240,red,5369,T11
93,0,1,0,240,red,5369,T11
94,0,1,0,240,red,5369,T11
95,0,1,0,240,red,5369,T11
96,0,1,0,240,red,5369,T11
97,0,1,0,240,red,5369,T11
98,0,1,0,240,red,5369,T11
99,0,1,0,240,red,5369,T11
100,0,1,0,240,red,5369,T11
101,0,1,0,240,red,5369,T11
102,0,1,0,240,red,5369,T11
103,0,1,0,240,red,5369,T11
104,0,1,0,240,red,5369,T11
105,0,1,0,240,red,5369,T11
106,0,1,0,240,red,5369,T11
107,0,1,0,240,red,5369,T11
108,0,1,0,240,red,5369,T11
109,0,1,0,240,red,5369,T11
110,0,1,0,240,red,5369,T11
111,0,1,0,240,red,5369,T11
112,0,1,0,240,red,5369,T11
113,0,1,0,240,red,5369,T11
114,0,1,0,240,red,5369,T11
115,0,1,0,240,red,5369,T11
116,0,1,0,240,red,5369,T11
117,0,1,0,240,red,5369,T11
118,0,1,0,240,red,5369,T11
119,0,1,0,240,red,5369,T11
120,0,1,0,240,red,5369,T11
121,0,0,1,240,red,5369,T11
122,0,0,1,240,red,5369,T11
123,0,0,1,240,red,5369,T11
124,0,0,1,240,red,5369,T11
125,1,0,0,240,red,5369,T11
126,1,0,0,240,red,5369,T11
127,1,0,0,240,red,5369,T11
128,1,0,0,240,red,5369,T11
129,1,0,0,240,red,5369,T11
130,1,0,0,240,red,5369,T11
131,1,0,0,240,red,5369,T11
132,1,0,0,240,red,5369,T11
133,1,0,0,240,red,5369,T11
134,1,0,0,240,red,5369,T11
135,1,0,0,240,red,5369,T11
136,1,0,0,240,red,5369,T11
137,1,0,0,240,red,5369,T11
138,1,0,0,240,red,5369,T11
139,1,0,0,240,red,5369,T11
140,1,0,0,240,red,5369,T11
141,1,0,0,240,red,5369,T11
142,1,0,0,240,red,5369,T11
143,1,0,0,240,red,5369,T11
144,1,0,0,240,red,5369,T11
145,1,0,0,240,red,5369,T11
146,1,0,0,240,red,5369,T11
147,1,0,0,240,red,5369,T11
148,1,0,0,240,red,5369,T11
149,1,0,0,240,red,5369,T11
150,1,0,0,240,red,5369,T11
151,1,0,0,240,red,5369,T11
152,1,0,0,240,red,5369,T11
153,1,0,0,240,red,5369,T11
154,1,0,0,240,red,5369,T11
155,1,0,0,240,red,5369,T11
156,1,0,0,240,red,5369,T11
157,1,0,0,240,red,5369,T11
158,1,0,0,240,red,5369,T11
159,1,0,0,240,red,5369,T11
160,1,0,0,240,red,5369,T11
161,1,0,0,240,red,5369,T11
162,1,0,0,240,red,5369,T11
163,1,0,0,240,red,5369,T11
164,1,0,0,240,red,5369,T11
165,1,0,0,240,red,5369,T11
166,1,0,0,240,red,5369,T11
167,1,0,0,240,red,5369,T11
168,1,0,0,240,red,5369,T11
169,1,0,0,240,red,5369,T11
170,1,0,0,240,red,5369,T11
171,1,0,0,240,red,5369,T11
172,1,0,0,240,red,5369,T11
173,1,0,0,240,red,5369,T11
174,1,0,0,240,red,5369,T11
175,1,0,0,240,red,5369,T11
176,1,0,0,240,red,5369,T11
177,1,0,0,240,red,5369,T11
178,1,0,0,240,red,5369,T11
179,1,0,0,240,red,5369,T11
180,1,0,0,240,red,5369,T11
181,1,0,0,240,red,5369,T11
182,1,0,0,240,red,5369,T11
183,1,0,0,240,red,5369,T11
184,1,0,0,240,red,5369,T11
185,1,0,0,240,red,5369,T11
186,1,0,0,240,red,5369,T11
187,1,0,0,240,red,5369,T11
188,1,0,0,240,red,5369,T11
189,1,0,0,240,red,5369,T11
190,1,0,0,240,red,5369,T11
191,1,0,0,240,red,5369,T11
192,1,0,0,240,red,5369,T11
193,1,0,0,240,red,5369,T11
194,1,0,0,240,red,5369,T11
195,1,0,0,240,red,5369,T11
196,1,0,0,240,red,5369,T11
197,1,0,0,240,red,5369,T11
198,1,0,0,240,red,5369,T11
199,1,0,0,240,red,5369,T11
200,1,0,0,240,red,5369,T11
201,1,0,0,240,red,5369,T11
202,1,0,0,240,red,5369,T11
203,1,0,0,240,red,5369,T11
204,1,0,0,240,red,5369,T11
205,1,0,0,240,red,5369,T11
206,1,0,0,240,red,5369,T11
207,1,0,0,240,red,5369,T11
208,1,0,0,240,red,5369,T11
209,1,0,0,240,red,5369,T11
210,1,0,0,240,red,5369,T11
211,1,0,0,240,red,5369,T11
212,1,0,0,240,red,5369,T11
213,1,0,0,240,red,5369,T11
214,1,0,0,240,red,5369,T11
215,1,0,0,240,red,5369,T11
216,1,0,0,240,red,5369,T11
217,1,0,0,240,red,5369,T11
218,1,0,0,240,red,5369,T11
219,1,0,0,240,red,5369,T11
220,1,0,0,240,red,5369,T11
221,1,0,0,240,red,5369,T11
0,0,0,1,241,red,6326,T11
1,0,0,1,241,red,6326,T11
2,0,0,1,241,red,6326,T11
3,0,0,1,241,red,6326,T11
4,0,0,1,241,red,6326,T11
5,0,0,1,241,red,6326,T11
6,0,0,1,241,red,6326,T11
7,0,0,1,241,red,6326,T11
8,0,0,1,241,red,6326,T11
9,0,0,1,241,red,6326,T11
10,0,0,1,241,red,6326,T11
11,0,0,1,241,red,6326,T11
12,0,0,1,241,red,6326,T11
13,0,0,1,241,red,6326,T11
14,0,0,1,241,red,6326,T11
15,0,0,1,241,red,6326,T11
16,0,0,1,241,red,6326,T11
17,0,0,1,241,red,6326,T11
18,0,0,1,241,red,6326,T11
19,0,0,1,241,red,6326,T11
20,0,0,1,241,red,6326,T11
21,0,0,1,241,red,6326,T11
22,0,1,0,241,red,6326,T11
23,0,1,0,241,red,6326,T11
24,0,1,0,241,red,6326,T11
25,0,1,0,241,red,6326,T11
26,0,1,0,241,red,6326,T11
27,0,1,0,241,red,6326,T11
28,0,1,0,241,red,6326,T11
29,0,1,0,241,red,6326,T11
30,0,1,0,241,red,6326,T11
31,0,1,0,241,red,6326,T11
32,0,1,0,241,red,6326,T11
33,0,1,0,241,red,6326,T11
34,0,1,0,241,red,6326,T11
35,0,1,0,241,red,6326,T11
36,0,1,0,241,red,6326,T11
37,0,1,0,241,red,6326,T11
38,0,1,0,241,red,6326,T11
39,0,1,0,241,red,6326,T11
40,0,1,0,241,red,6326,T11
41,0,1,0,241,red,6326,T11
42,0,1,0,241,red,6326,T11
43,0,1,0,241,red,6326,T11
44,0,1,0,241,red,6326,T11
45,0,1,0,241,red,6326,T11
46,0,1,0,241,red,6326,T11
47,0,1,0,241,red,6326,T11
48,0,0,1,241,red,6326,T11
49,0,0,1,241,red,6326,T11
50,0,0,1,241,red,6326,T11
51,0,0,1,241,red,6326,T11
52,0,0,1,241,red,6326,T11
53,0,0,1,241,red,6326,T11
54,0,0,1,241,red,6326,T11
55,0,0,1,241,red,6326,T11
56,0,0,1,241,red,6326,T11
57,0,0,1,241,red,6326,T11
58,0,0,1,241,red,6326,T11
59,0,0,1,241,red,6326,T11
60,0,0,1,241,red,6326,T11
61,1,0,0,241,red,6326,T11
62,1,0,0,241,red,6326,T11
63,1,0,0,241,red,6326,T11
64,1,0,0,241,red,6326,T11
65,1,0,0,241,red,6326,T11
66,1,0,0,241,red,6326,T11
67,1,0,0,241,red,6326,T11
68,1,0,0,241,red,6326,T11
69,1,0,0,241,red,6326,T11
70,1,0,0,241,red,6326,T11
71,1,0,0,241,red,6326,T11
72,1,0,0,241,red,6326,T11
73,1,0,0,241,red,6326,T11
74,1,0,0,241,red,6326,T11
75,1,0,0,241,red,6326,T11
76,1,0,0,241,red,6326,T11
77,1,0,0,241,red,6326,T11
78,1,0,0,241,red,6326,T11
79,1,0,0,241,red,6326,T11
80,1,0,0,241,red,6326,T11
81,1,0,0,241,red,6326,T11
82,1,0,0,241,red,6326,T11
83,1,0,0,241,red,6326,T11
84,1,0,0,241,red,6326,T11
85,1,0,0,241,red,6326,T11
86,1,0,0,241,red,6326,T11
87,1,0,0,241,red,6326,T11
88,1,0,0,241,red,6326,T11
89,1,0,0,241,red,6326,T11
90,1,0,0,241,red,6326,T11
91,1,0,0,241,red,6326,T11
92,1,0,0,241,red,6326,T11
93,1,0,0,241,red,6326,T11
94,1,0,0,241,red,6326,T11
95,1,0,0,241,red,6326,T11
96,1,0,0,241,red,6326,T11
97,1,0,0,241,red,6326,T11
98,1,0,0,241,red,6326,T11
99,1,0,0,241,red,6326,T11
100,1,0,0,241,red,6326,T11
101,1,0,0,241,red,6326,T11
102,1,0,0,241,red,6326,T11
103,1,0,0,241,red,6326,T11
104,1,0,0,241,red,6326,T11
105,1,0,0,241,red,6326,T11
106,1,0,0,241,red,6326,T11
107,1,0,0,241,red,6326,T11
108,1,0,0,241,red,6326,T11
109,1,0,0,241,red,6326,T11
110,1,0,0,241,red,6326,T11
111,1,0,0,241,red,6326,T11
112,1,0,0,241,red,6326,T11
113,1,0,0,241,red,6326,T11
114,1,0,0,241,red,6326,T11
115,1,0,0,241,red,6326,T11
116,1,0,0,241,red,6326,T11
117,1,0,0,241,red,6326,T11
118,1,0,0,241,red,6326,T11
119,1,0,0,241,red,6326,T11
120,1,0,0,241,red,6326,T11
121,1,0,0,241,red,6326,T11
122,1,0,0,241,red,6326,T11
123,1,0,0,241,red,6326,T11
124,1,0,0,241,red,6326,T11
125,1,0,0,241,red,6326,T11
126,1,0,0,241,red,6326,T11
127,1,0,0,241,red,6326,T11
128,1,0,0,241,red,6326,T11
129,1,0,0,241,red,6326,T11
130,1,0,0,241,red,6326,T11
131,1,0,0,241,red,6326,T11
132,1,0,0,241,red,6326,T11
133,1,0,0,241,red,6326,T11
134,1,0,0,241,red,6326,T11
135,1,0,0,241,red,6326,T11
136,1,0,0,241,red,6326,T11
137,1,0,0,241,red,6326,T11
138,1,0,0,241,red,6326,T11
139,1,0,0,241,red,6326,T11
140,1,0,0,241,red,6326,T11
141,1,0,0,241,red,6326,T11
142,1,0,0,241,red,6326,T11
143,1,0,0,241,red,6326,T11
144,1,0,0,241,red,6326,T11
145,1,0,0,241,red,6326,T11
146,1,0,0,241,red,6326,T11
147,1,0,0,241,red,6326,T11
148,1,0,0,241,red,6326,T11
149,1,0,0,241,red,6326,T11
150,1,0,0,241,red,6326,T11
151,1,0,0,241,red,6326,T11
152,1,0,0,241,red,6326,T11
153,1,0,0,241,red,6326,T11
154,1,0,0,241,red,6326,T11
155,1,0,0,241,red,6326,T11
156,1,0,0,241,red,6326,T11
157,1,0,0,241,red,6326,T11
158,1,0,0,241,red,6326,T11
159,1,0,0,241,red,6326,T11
160,1,0,0,241,red,6326,T11
161,1,0,0,241,red,6326,T11
162,1,0,0,241,red,6326,T11
163,1,0,0,241,red,6326,T11
164,1,0,0,241,red,6326,T11
165,1,0,0,241,red,6326,T11
166,1,0,0,241,red,6326,T11
167,1,0,0,241,red,6326,T11
168,1,0,0,241,red,6326,T11
169,1,0,0,241,red,6326,T11
170,1,0,0,241,red,6326,T11
171,1,0,0,241,red,6326,T11
172,1,0,0,241,red,6326,T11
173,1,0,0,241,red,6326,T11
174,1,0,0,241,red,6326,T11
175,1,0,0,241,red,6326,T11
176,1,0,0,241,red,6326,T11
177,1,0,0,241,red,6326,T11
178,1,0,0,241,red,6326,T11
179,1,0,0,241,red,6326,T11
180,1,0,0,241,red,6326,T11
181,1,0,0,241,red,6326,T11
182,1,0,0,241,red,6326,T11
183,1,0,0,241,red,6326,T11
184,1,0,0,241,red,6326,T11
185,1,0,0,241,red,6326,T11
186,1,0,0,241,red,6326,T11
187,1,0,0,241,red,6326,T11
188,1,0,0,241,red,6326,T11
189,1,0,0,241,red,6326,T11
190,1,0,0,241,red,6326,T11
191,1,0,0,241,red,6326,T11
192,1,0,0,241,red,6326,T11
193,1,0,0,241,red,6326,T11
194,1,0,0,241,red,6326,T11
195,1,0,0,241,red,6326,T11
196,1,0,0,241,red,6326,T11
197,1,0,0,241,red,6326,T11
198,1,0,0,241,red,6326,T11
199,1,0,0,241,red,6326,T11
200,1,0,0,241,red,6326,T11
201,1,0,0,241,red,6326,T11
202,1,0,0,241,red,6326,T11
203,1,0,0,241,red,6326,T11
204,1,0,0,241,red,6326,T11
205,1,0,0,241,red,6326,T11
206,1,0,0,241,red,6326,T11
207,1,0,0,241,red,6326,T11
208,1,0,0,241,red,6326,T11
209,1,0,0,241,red,6326,T11
210,1,0,0,241,red,6326,T11
211,1,0,0,241,red,6326,T11
212,1,0,0,241,red,6326,T11
213,1,0,0,241,red,6326,T11
214,1,0,0,241,red,6326,T11
215,1,0,0,241,red,6326,T11
216,1,0,0,241,red,6326,T11
217,1,0,0,241,red,6326,T11
218,1,0,0,241,red,6326,T11
219,1,0,0,241,red,6326,T11
220,1,0,0,241,red,6326,T11
221,1,0,0,241,red,6326,T11
0,0,0,1,242,red,5742,T11
1,0,0,1,242,red,5742,T11
2,0,0,1,242,red,5742,T11
3,0,0,1,242,red,5742,T11
4,0,0,1,242,red,5742,T11
5,0,0,1,242,red,5742,T11
6,0,0,1,242,red,5742,T11
7,0,0,1,242,red,5742,T11
8,0,0,1,242,red,5742,T11
9,0,0,1,242,red,5742,T11
10,0,0,1,242,red,5742,T11
11,0,0,1,242,red,5742,T11
12,0,0,1,242,red,5742,T11
13,0,0,1,242,red,5742,T11
14,0,0,1,242,red,5742,T11
15,0,0,1,242,red,5742,T11
16,0,0,1,242,red,5742,T11
17,0,0,1,242,red,5742,T11
18,0,0,1,242,red,5742,T11
19,0,0,1,242,red,5742,T11
20,0,0,1,242,red,5742,T11
21,0,0,1,242,red,5742,T11
22,0,0,1,242,red,5742,T11
23,0,0,1,242,red,5742,T11
24,0,0,1,242,red,5742,T11
25,0,0,1,242,red,5742,T11
26,0,0,1,242,red,5742,T11
27,0,0,1,242,red,5742,T11
28,0,0,1,242,red,5742,T11
29,0,0,1,242,red,5742,T11
30,0,0,1,242,red,5742,T11
31,0,0,1,242,red,5742,T11
32,0,0,1,242,red,5742,T11
33,0,0,1,242,red,5742,T11
34,0,0,1,242,red,5742,T11
35,0,0,1,242,red,5742,T11
36,0,0,1,242,red,5742,T11
37,0,0,1,242,red,5742,T11
38,0,0,1,242,red,5742,T11
39,0,0,1,242,red,5742,T11
40,0,0,1,242,red,5742,T11
41,0,0,1,242,red,5742,T11
42,0,0,1,242,red,5742,T11
43,0,0,1,242,red,5742,T11
44,0,0,1,242,red,5742,T11
45,0,0,1,242,red,5742,T11
46,0,0,1,242,red,5742,T11
47,0,0,1,242,red,5742,T11
48,0,0,1,242,red,5742,T11
49,0,0,1,242,red,5742,T11
50,0,0,1,242,red,5742,T11
51,0,0,1,242,red,5742,T11
52,0,0,1,242,red,5742,T11
53,0,0,1,242,red,5742,T11
54,0,0,1,242,red,5742,T11
55,0,0,1,242,red,5742,T11
56,0,0,1,242,red,5742,T11
57,0,0,1,242,red,5742,T11
58,0,0,1,242,red,5742,T11
59,0,1,0,242,red,5742,T11
60,0,1,0,242,red,5742,T11
61,0,1,0,242,red,5742,T11
62,0,1,0,242,red,5742,T11
63,0,1,0,242,red,5742,T11
64,0,1,0,242,red,5742,T11
65,0,1,0,242,red,5742,T11
66,0,1,0,242,red,5742,T11
67,0,1,0,242,red,5742,T11
68,0,1,0,242,red,5742,T11
69,0,1,0,242,red,5742,T11
70,0,1,0,242,red,5742,T11
71,0,1,0,242,red,5742,T11
72,0,1,0,242,red,5742,T11
73,0,0,1,242,red,5742,T11
74,0,0,1,242,red,5742,T11
75,0,0,1,242,red,5742,T11
76,0,0,1,242,red,5742,T11
77,0,0,1,242,red,5742,T11
78,0,0,1,242,red,5742,T11
79,0,0,1,242,red,5742,T11
80,0,0,1,242,red,5742,T11
81,0,0,1,242,red,5742,T11
82,0,0,1,242,red,5742,T11
83,0,0,1,242,red,5742,T11
84,0,0,1,242,red,5742,T11
85,0,0,1,242,red,5742,T11
86,0,0,1,242,red,5742,T11
87,0,0,1,242,red,5742,T11
88,0,0,1,242,red,5742,T11
89,0,0,1,242,red,5742,T11
90,0,0,1,242,red,5742,T11
91,0,0,1,242,red,5742,T11
92,0,0,1,242,red,5742,T11
93,0,1,0,242,red,5742,T11
94,0,1,0,242,red,5742,T11
95,0,1,0,242,red,5742,T11
96,0,1,0,242,red,5742,T11
97,0,1,0,242,red,5742,T11
98,0,1,0,242,red,5742,T11
99,0,1,0,242,red,5742,T11
100,0,1,0,242,red,5742,T11
101,0,1,0,242,red,5742,T11
102,0,1,0,242,red,5742,T11
103,0,1,0,242,red,5742,T11
104,0,1,0,242,red,5742,T11
105,0,1,0,242,red,5742,T11
106,0,1,0,242,red,5742,T11
107,0,1,0,242,red,5742,T11
108,0,1,0,242,red,5742,T11
109,0,1,0,242,red,5742,T11
110,0,1,0,242,red,5742,T11
111,0,1,0,242,red,5742,T11
112,0,1,0,242,red,5742,T11
113,0,1,0,242,red,5742,T11
114,0,1,0,242,red,5742,T11
115,0,1,0,242,red,5742,T11
116,0,1,0,242,red,5742,T11
117,0,1,0,242,red,5742,T11
118,0,1,0,242,red,5742,T11
119,0,1,0,242,red,5742,T11
120,0,1,0,242,red,5742,T11
121,0,1,0,242,red,5742,T11
122,0,0,1,242,red,5742,T11
123,0,0,1,242,red,5742,T11
124,0,0,1,242,red,5742,T11
125,0,0,1,242,red,5742,T11
126,0,0,1,242,red,5742,T11
127,0,0,1,242,red,5742,T11
128,0,0,1,242,red,5742,T11
129,0,0,1,242,red,5742,T11
130,1,0,0,242,red,5742,T11
131,1,0,0,242,red,5742,T11
132,1,0,0,242,red,5742,T11
133,1,0,0,242,red,5742,T11
134,1,0,0,242,red,5742,T11
135,1,0,0,242,red,5742,T11
136,1,0,0,242,red,5742,T11
137,1,0,0,242,red,5742,T11
138,1,0,0,242,red,5742,T11
139,1,0,0,242,red,5742,T11
140,1,0,0,242,red,5742,T11
141,1,0,0,242,red,5742,T11
142,1,0,0,242,red,5742,T11
143,1,0,0,242,red,5742,T11
144,1,0,0,242,red,5742,T11
145,1,0,0,242,red,5742,T11
146,1,0,0,242,red,5742,T11
147,1,0,0,242,red,5742,T11
148,1,0,0,242,red,5742,T11
149,1,0,0,242,red,5742,T11
150,1,0,0,242,red,5742,T11
151,1,0,0,242,red,5742,T11
152,1,0,0,242,red,5742,T11
153,1,0,0,242,red,5742,T11
154,1,0,0,242,red,5742,T11
155,1,0,0,242,red,5742,T11
156,0,0,1,242,red,5742,T11
157,0,0,1,242,red,5742,T11
158,0,0,1,242,red,5742,T11
159,0,0,1,242,red,5742,T11
160,0,0,1,242,red,5742,T11
161,0,0,1,242,red,5742,T11
162,0,0,1,242,red,5742,T11
163,0,0,1,242,red,5742,T11
164,0,0,1,242,red,5742,T11
165,0,0,1,242,red,5742,T11
166,0,0,1,242,red,5742,T11
167,0,0,1,242,red,5742,T11
168,0,0,1,242,red,5742,T11
169,0,0,1,242,red,5742,T11
170,0,0,1,242,red,5742,T11
171,0,0,1,242,red,5742,T11
172,0,0,1,242,red,5742,T11
173,0,0,1,242,red,5742,T11
174,0,0,1,242,red,5742,T11
175,0,0,1,242,red,5742,T11
176,0,0,1,242,red,5742,T11
177,0,0,1,242,red,5742,T11
178,0,0,1,242,red,5742,T11
179,0,0,1,242,red,5742,T11
180,0,0,1,242,red,5742,T11
181,0,0,1,242,red,5742,T11
182,0,0,1,242,red,5742,T11
183,0,0,1,242,red,5742,T11
184,1,0,0,242,red,5742,T11
185,1,0,0,242,red,5742,T11
186,1,0,0,242,red,5742,T11
187,1,0,0,242,red,5742,T11
188,1,0,0,242,red,5742,T11
189,1,0,0,242,red,5742,T11
190,1,0,0,242,red,5742,T11
191,1,0,0,242,red,5742,T11
192,1,0,0,242,red,5742,T11
193,1,0,0,242,red,5742,T11
194,0,0,1,242,red,5742,T11
195,0,0,1,242,red,5742,T11
196,0,0,1,242,red,5742,T11
197,0,0,1,242,red,5742,T11
198,0,0,1,242,red,5742,T11
199,0,0,1,242,red,5742,T11
200,0,0,1,242,red,5742,T11
201,0,0,1,242,red,5742,T11
202,0,0,1,242,red,5742,T11
203,0,0,1,242,red,5742,T11
204,0,0,1,242,red,5742,T11
205,0,0,1,242,red,5742,T11
206,0,0,1,242,red,5742,T11
207,0,0,1,242,red,5742,T11
208,0,0,1,242,red,5742,T11
209,0,0,1,242,red,5742,T11
210,0,0,1,242,red,5742,T11
211,0,0,1,242,red,5742,T11
212,0,0,1,242,red,5742,T11
213,0,0,1,242,red,5742,T11
214,0,0,1,242,red,5742,T11
215,0,0,1,242,red,5742,T11
216,0,0,1,242,red,5742,T11
217,0,0,1,242,red,5742,T11
218,0,0,1,242,red,5742,T11
219,0,0,1,242,red,5742,T11
220,0,0,1,242,red,5742,T11
221,0,0,1,242,red,5742,T11
0,0,0,1,243,red,6433,T11
1,0,0,1,243,red,6433,T11
2,0,0,1,243,red,6433,T11
3,0,0,1,243,red,6433,T11
4,0,0,1,243,red,6433,T11
5,0,0,1,243,red,6433,T11
6,0,0,1,243,red,6433,T11
7,0,0,1,243,red,6433,T11
8,0,0,1,243,red,6433,T11
9,0,0,1,243,red,6433,T11
10,0,0,1,243,red,6433,T11
11,0,0,1,243,red,6433,T11
12,0,0,1,243,red,6433,T11
13,0,0,1,243,red,6433,T11
14,0,0,1,243,red,6433,T11
15,0,0,1,243,red,6433,T11
16,0,0,1,243,red,6433,T11
17,0,0,1,243,red,6433,T11
18,0,0,1,243,red,6433,T11
19,0,0,1,243,red,6433,T11
20,0,0,1,243,red,6433,T11
21,0,0,1,243,red,6433,T11
22,0,0,1,243,red,6433,T11
23,0,0,1,243,red,6433,T11
24,0,0,1,243,red,6433,T11
25,0,0,1,243,red,6433,T11
26,0,0,1,243,red,6433,T11
27,0,0,1,243,red,6433,T11
28,0,0,1,243,red,6433,T11
29,0,0,1,243,red,6433,T11
30,0,0,1,243,red,6433,T11
31,0,0,1,243,red,6433,T11
32,0,0,1,243,red,6433,T11
33,0,0,1,243,red,6433,T11
34,0,0,1,243,red,6433,T11
35,0,0,1,243,red,6433,T11
36,0,0,1,243,red,6433,T11
37,0,0,1,243,red,6433,T11
38,0,0,1,243,red,6433,T11
39,0,0,1,243,red,6433,T11
40,0,0,1,243,red,6433,T11
41,0,0,1,243,red,6433,T11
42,0,0,1,243,red,6433,T11
43,0,0,1,243,red,6433,T11
44,0,0,1,243,red,6433,T11
45,0,0,1,243,red,6433,T11
46,1,0,0,243,red,6433,T11
47,1,0,0,243,red,6433,T11
48,1,0,0,243,red,6433,T11
49,1,0,0,243,red,6433,T11
50,0,0,1,243,red,6433,T11
51,0,0,1,243,red,6433,T11
52,0,0,1,243,red,6433,T11
53,0,0,1,243,red,6433,T11
54,0,0,1,243,red,6433,T11
55,0,1,0,243,red,6433,T11
56,0,1,0,243,red,6433,T11
57,0,1,0,243,red,6433,T11
58,0,1,0,243,red,6433,T11
59,0,1,0,243,red,6433,T11
60,0,1,0,243,red,6433,T11
61,0,1,0,243,red,6433,T11
62,0,1,0,243,red,6433,T11
63,0,1,0,243,red,6433,T11
64,0,1,0,243,red,6433,T11
65,0,1,0,243,red,6433,T11
66,0,1,0,243,red,6433,T11
67,0,1,0,243,red,6433,T11
68,0,1,0,243,red,6433,T11
69,0,1,0,243,red,6433,T11
70,0,1,0,243,red,6433,T11
71,0,1,0,243,red,6433,T11
72,0,1,0,243,red,6433,T11
73,0,1,0,243,red,6433,T11
74,0,1,0,243,red,6433,T11
75,0,1,0,243,red,6433,T11
76,0,1,0,243,red,6433,T11
77,0,1,0,243,red,6433,T11
78,0,1,0,243,red,6433,T11
79,0,1,0,243,red,6433,T11
80,0,1,0,243,red,6433,T11
81,0,1,0,243,red,6433,T11
82,0,1,0,243,red,6433,T11
83,0,1,0,243,red,6433,T11
84,0,1,0,243,red,6433,T11
85,0,1,0,243,red,6433,T11
86,0,1,0,243,red,6433,T11
87,0,1,0,243,red,6433,T11
88,0,1,0,243,red,6433,T11
89,0,1,0,243,red,6433,T11
90,0,1,0,243,red,6433,T11
91,0,1,0,243,red,6433,T11
92,0,1,0,243,red,6433,T11
93,0,1,0,243,red,6433,T11
94,0,1,0,243,red,6433,T11
95,0,1,0,243,red,6433,T11
96,0,1,0,243,red,6433,T11
97,0,1,0,243,red,6433,T11
98,0,1,0,243,red,6433,T11
99,0,1,0,243,red,6433,T11
100,0,1,0,243,red,6433,T11
101,0,1,0,243,red,6433,T11
102,0,1,0,243,red,6433,T11
103,0,1,0,243,red,6433,T11
104,0,1,0,243,red,6433,T11
105,0,1,0,243,red,6433,T11
106,0,1,0,243,red,6433,T11
107,0,1,0,243,red,6433,T11
108,0,1,0,243,red,6433,T11
109,0,1,0,243,red,6433,T11
110,0,1,0,243,red,6433,T11
111,0,1,0,243,red,6433,T11
112,0,1,0,243,red,6433,T11
113,0,1,0,243,red,6433,T11
114,0,1,0,243,red,6433,T11
115,0,1,0,243,red,6433,T11
116,0,1,0,243,red,6433,T11
117,0,1,0,243,red,6433,T11
118,0,1,0,243,red,6433,T11
119,0,1,0,243,red,6433,T11
120,0,1,0,243,red,6433,T11
121,0,0,1,243,red,6433,T11
122,1,0,0,243,red,6433,T11
123,1,0,0,243,red,6433,T11
124,1,0,0,243,red,6433,T11
125,1,0,0,243,red,6433,T11
126,1,0,0,243,red,6433,T11
127,1,0,0,243,red,6433,T11
128,1,0,0,243,red,6433,T11
129,1,0,0,243,red,6433,T11
130,1,0,0,243,red,6433,T11
131,1,0,0,243,red,6433,T11
132,1,0,0,243,red,6433,T11
133,1,0,0,243,red,6433,T11
134,1,0,0,243,red,6433,T11
135,1,0,0,243,red,6433,T11
136,1,0,0,243,red,6433,T11
137,1,0,0,243,red,6433,T11
138,1,0,0,243,red,6433,T11
139,1,0,0,243,red,6433,T11
140,1,0,0,243,red,6433,T11
141,1,0,0,243,red,6433,T11
142,1,0,0,243,red,6433,T11
143,1,0,0,243,red,6433,T11
144,1,0,0,243,red,6433,T11
145,1,0,0,243,red,6433,T11
146,1,0,0,243,red,6433,T11
147,1,0,0,243,red,6433,T11
148,1,0,0,243,red,6433,T11
149,1,0,0,243,red,6433,T11
150,1,0,0,243,red,6433,T11
151,1,0,0,243,red,6433,T11
152,1,0,0,243,red,6433,T11
153,1,0,0,243,red,6433,T11
154,1,0,0,243,red,6433,T11
155,1,0,0,243,red,6433,T11
156,1,0,0,243,red,6433,T11
157,1,0,0,243,red,6433,T11
158,1,0,0,243,red,6433,T11
159,1,0,0,243,red,6433,T11
160,1,0,0,243,red,6433,T11
161,1,0,0,243,red,6433,T11
162,1,0,0,243,red,6433,T11
163,1,0,0,243,red,6433,T11
164,1,0,0,243,red,6433,T11
165,1,0,0,243,red,6433,T11
166,1,0,0,243,red,6433,T11
167,1,0,0,243,red,6433,T11
168,1,0,0,243,red,6433,T11
169,1,0,0,243,red,6433,T11
170,1,0,0,243,red,6433,T11
171,1,0,0,243,red,6433,T11
172,1,0,0,243,red,6433,T11
173,1,0,0,243,red,6433,T11
174,1,0,0,243,red,6433,T11
175,1,0,0,243,red,6433,T11
176,1,0,0,243,red,6433,T11
177,1,0,0,243,red,6433,T11
178,1,0,0,243,red,6433,T11
179,1,0,0,243,red,6433,T11
180,1,0,0,243,red,6433,T11
181,1,0,0,243,red,6433,T11
182,1,0,0,243,red,6433,T11
183,1,0,0,243,red,6433,T11
184,1,0,0,243,red,6433,T11
185,1,0,0,243,red,6433,T11
186,1,0,0,243,red,6433,T11
187,1,0,0,243,red,6433,T11
188,1,0,0,243,red,6433,T11
189,1,0,0,243,red,6433,T11
190,1,0,0,243,red,6433,T11
191,1,0,0,243,red,6433,T11
192,1,0,0,243,red,6433,T11
193,1,0,0,243,red,6433,T11
194,1,0,0,243,red,6433,T11
195,1,0,0,243,red,6433,T11
196,1,0,0,243,red,6433,T11
197,1,0,0,243,red,6433,T11
198,1,0,0,243,red,6433,T11
199,1,0,0,243,red,6433,T11
200,1,0,0,243,red,6433,T11
201,1,0,0,243,red,6433,T11
202,1,0,0,243,red,6433,T11
203,1,0,0,243,red,6433,T11
204,1,0,0,243,red,6433,T11
205,1,0,0,243,red,6433,T11
206,1,0,0,243,red,6433,T11
207,1,0,0,243,red,6433,T11
208,1,0,0,243,red,6433,T11
209,1,0,0,243,red,6433,T11
210,1,0,0,243,red,6433,T11
211,1,0,0,243,red,6433,T11
212,1,0,0,243,red,6433,T11
213,1,0,0,243,red,6433,T11
214,1,0,0,243,red,6433,T11
215,1,0,0,243,red,6433,T11
216,1,0,0,243,red,6433,T11
217,1,0,0,243,red,6433,T11
218,1,0,0,243,red,6433,T11
219,1,0,0,243,red,6433,T11
220,1,0,0,243,red,6433,T11
221,1,0,0,243,red,6433,T11
0,0,0,1,244,red,6041,T11
1,0,0,1,244,red,6041,T11
2,0,0,1,244,red,6041,T11
3,0,0,1,244,red,6041,T11
4,0,0,1,244,red,6041,T11
5,0,0,1,244,red,6041,T11
6,0,0,1,244,red,6041,T11
7,0,0,1,244,red,6041,T11
8,0,0,1,244,red,6041,T11
9,0,0,1,244,red,6041,T11
10,0,0,1,244,red,6041,T11
11,0,0,1,244,red,6041,T11
12,0,0,1,244,red,6041,T11
13,0,0,1,244,red,6041,T11
14,0,0,1,244,red,6041,T11
15,0,0,1,244,red,6041,T11
16,0,0,1,244,red,6041,T11
17,0,0,1,244,red,6041,T11
18,0,0,1,244,red,6041,T11
19,0,0,1,244,red,6041,T11
20,0,0,1,244,red,6041,T11
21,0,0,1,244,red,6041,T11
22,0,0,1,244,red,6041,T11
23,0,0,1,244,red,6041,T11
24,0,0,1,244,red,6041,T11
25,0,0,1,244,red,6041,T11
26,0,0,1,244,red,6041,T11
27,0,0,1,244,red,6041,T11
28,0,0,1,244,red,6041,T11
29,0,0,1,244,red,6041,T11
30,0,0,1,244,red,6041,T11
31,0,0,1,244,red,6041,T11
32,0,0,1,244,red,6041,T11
33,0,0,1,244,red,6041,T11
34,0,0,1,244,red,6041,T11
35,0,0,1,244,red,6041,T11
36,0,0,1,244,red,6041,T11
37,0,0,1,244,red,6041,T11
38,0,0,1,244,red,6041,T11
39,0,0,1,244,red,6041,T11
40,0,0,1,244,red,6041,T11
41,0,0,1,244,red,6041,T11
42,0,0,1,244,red,6041,T11
43,0,0,1,244,red,6041,T11
44,0,0,1,244,red,6041,T11
45,0,0,1,244,red,6041,T11
46,0,0,1,244,red,6041,T11
47,0,0,1,244,red,6041,T11
48,0,0,1,244,red,6041,T11
49,0,0,1,244,red,6041,T11
50,0,0,1,244,red,6041,T11
51,0,0,1,244,red,6041,T11
52,0,0,1,244,red,6041,T11
53,0,0,1,244,red,6041,T11
54,0,0,1,244,red,6041,T11
55,0,0,1,244,red,6041,T11
56,0,0,1,244,red,6041,T11
57,0,0,1,244,red,6041,T11
58,0,0,1,244,red,6041,T11
59,0,0,1,244,red,6041,T11
60,0,0,1,244,red,6041,T11
61,0,0,1,244,red,6041,T11
62,0,0,1,244,red,6041,T11
63,0,0,1,244,red,6041,T11
64,0,0,1,244,red,6041,T11
65,0,0,1,244,red,6041,T11
66,0,0,1,244,red,6041,T11
67,0,0,1,244,red,6041,T11
68,0,0,1,244,red,6041,T11
69,0,0,1,244,red,6041,T11
70,0,0,1,244,red,6041,T11
71,0,0,1,244,red,6041,T11
72,0,0,1,244,red,6041,T11
73,0,0,1,244,red,6041,T11
74,0,0,1,244,red,6041,T11
75,0,0,1,244,red,6041,T11
76,0,0,1,244,red,6041,T11
77,0,0,1,244,red,6041,T11
78,0,0,1,244,red,6041,T11
79,0,0,1,244,red,6041,T11
80,0,0,1,244,red,6041,T11
81,0,0,1,244,red,6041,T11
82,0,0,1,244,red,6041,T11
83,0,0,1,244,red,6041,T11
84,0,0,1,244,red,6041,T11
85,0,0,1,244,red,6041,T11
86,0,0,1,244,red,6041,T11
87,0,0,1,244,red,6041,T11
88,0,0,1,244,red,6041,T11
89,0,0,1,244,red,6041,T11
90,0,0,1,244,red,6041,T11
91,0,0,1,244,red,6041,T11
92,0,0,1,244,red,6041,T11
93,0,0,1,244,red,6041,T11
94,0,0,1,244,red,6041,T11
95,0,0,1,244,red,6041,T11
96,0,0,1,244,red,6041,T11
97,0,0,1,244,red,6041,T11
98,0,0,1,244,red,6041,T11
99,0,0,1,244,red,6041,T11
100,0,0,1,244,red,6041,T11
101,0,0,1,244,red,6041,T11
102,0,0,1,244,red,6041,T11
103,0,0,1,244,red,6041,T11
104,0,0,1,244,red,6041,T11
105,0,0,1,244,red,6041,T11
106,0,0,1,244,red,6041,T11
107,0,0,1,244,red,6041,T11
108,0,0,1,244,red,6041,T11
109,0,0,1,244,red,6041,T11
110,0,0,1,244,red,6041,T11
111,0,0,1,244,red,6041,T11
112,0,0,1,244,red,6041,T11
113,1,0,0,244,red,6041,T11
114,1,0,0,244,red,6041,T11
115,1,0,0,244,red,6041,T11
116,1,0,0,244,red,6041,T11
117,1,0,0,244,red,6041,T11
118,1,0,0,244,red,6041,T11
119,1,0,0,244,red,6041,T11
120,1,0,0,244,red,6041,T11
121,1,0,0,244,red,6041,T11
122,1,0,0,244,red,6041,T11
123,1,0,0,244,red,6041,T11
124,1,0,0,244,red,6041,T11
125,1,0,0,244,red,6041,T11
126,1,0,0,244,red,6041,T11
127,1,0,0,244,red,6041,T11
128,1,0,0,244,red,6041,T11
129,1,0,0,244,red,6041,T11
130,1,0,0,244,red,6041,T11
131,1,0,0,244,red,6041,T11
132,1,0,0,244,red,6041,T11
133,1,0,0,244,red,6041,T11
134,1,0,0,244,red,6041,T11
135,1,0,0,244,red,6041,T11
136,1,0,0,244,red,6041,T11
137,1,0,0,244,red,6041,T11
138,1,0,0,244,red,6041,T11
139,1,0,0,244,red,6041,T11
140,1,0,0,244,red,6041,T11
141,1,0,0,244,red,6041,T11
142,1,0,0,244,red,6041,T11
143,1,0,0,244,red,6041,T11
144,1,0,0,244,red,6041,T11
145,1,0,0,244,red,6041,T11
146,1,0,0,244,red,6041,T11
147,1,0,0,244,red,6041,T11
148,1,0,0,244,red,6041,T11
149,1,0,0,244,red,6041,T11
150,1,0,0,244,red,6041,T11
151,1,0,0,244,red,6041,T11
152,1,0,0,244,red,6041,T11
153,1,0,0,244,red,6041,T11
154,1,0,0,244,red,6041,T11
155,1,0,0,244,red,6041,T11
156,1,0,0,244,red,6041,T11
157,1,0,0,244,red,6041,T11
158,1,0,0,244,red,6041,T11
159,1,0,0,244,red,6041,T11
160,1,0,0,244,red,6041,T11
161,1,0,0,244,red,6041,T11
162,1,0,0,244,red,6041,T11
163,1,0,0,244,red,6041,T11
164,1,0,0,244,red,6041,T11
165,1,0,0,244,red,6041,T11
166,1,0,0,244,red,6041,T11
167,1,0,0,244,red,6041,T11
168,1,0,0,244,red,6041,T11
169,1,0,0,244,red,6041,T11
170,1,0,0,244,red,6041,T11
171,1,0,0,244,red,6041,T11
172,1,0,0,244,red,6041,T11
173,1,0,0,244,red,6041,T11
174,1,0,0,244,red,6041,T11
175,1,0,0,244,red,6041,T11
176,1,0,0,244,red,6041,T11
177,1,0,0,244,red,6041,T11
178,1,0,0,244,red,6041,T11
179,1,0,0,244,red,6041,T11
180,1,0,0,244,red,6041,T11
181,1,0,0,244,red,6041,T11
182,1,0,0,244,red,6041,T11
183,1,0,0,244,red,6041,T11
184,1,0,0,244,red,6041,T11
185,1,0,0,244,red,6041,T11
186,1,0,0,244,red,6041,T11
187,1,0,0,244,red,6041,T11
188,1,0,0,244,red,6041,T11
189,1,0,0,244,red,6041,T11
190,1,0,0,244,red,6041,T11
191,1,0,0,244,red,6041,T11
192,1,0,0,244,red,6041,T11
193,1,0,0,244,red,6041,T11
194,1,0,0,244,red,6041,T11
195,1,0,0,244,red,6041,T11
196,1,0,0,244,red,6041,T11
197,1,0,0,244,red,6041,T11
198,1,0,0,244,red,6041,T11
199,1,0,0,244,red,6041,T11
200,1,0,0,244,red,6041,T11
201,1,0,0,244,red,6041,T11
202,1,0,0,244,red,6041,T11
203,1,0,0,244,red,6041,T11
204,1,0,0,244,red,6041,T11
205,1,0,0,244,red,6041,T11
206,1,0,0,244,red,6041,T11
207,1,0,0,244,red,6041,T11
208,1,0,0,244,red,6041,T11
209,1,0,0,244,red,6041,T11
210,1,0,0,244,red,6041,T11
211,1,0,0,244,red,6041,T11
212,1,0,0,244,red,6041,T11
213,1,0,0,244,red,6041,T11
214,1,0,0,244,red,6041,T11
215,1,0,0,244,red,6041,T11
216,1,0,0,244,red,6041,T11
217,1,0,0,244,red,6041,T11
218,1,0,0,244,red,6041,T11
219,1,0,0,244,red,6041,T11
220,1,0,0,244,red,6041,T11
221,1,0,0,244,red,6041,T11
0,0,0,1,245,red,5940,T11
1,0,0,1,245,red,5940,T11
2,0,0,1,245,red,5940,T11
3,0,0,1,245,red,5940,T11
4,0,0,1,245,red,5940,T11
5,0,0,1,245,red,5940,T11
6,0,0,1,245,red,5940,T11
7,0,0,1,245,red,5940,T11
8,0,0,1,245,red,5940,T11
9,0,0,1,245,red,5940,T11
10,0,0,1,245,red,5940,T11
11,0,0,1,245,red,5940,T11
12,0,0,1,245,red,5940,T11
13,0,0,1,245,red,5940,T11
14,0,0,1,245,red,5940,T11
15,0,0,1,245,red,5940,T11
16,0,0,1,245,red,5940,T11
17,0,0,1,245,red,5940,T11
18,0,0,1,245,red,5940,T11
19,0,0,1,245,red,5940,T11
20,0,0,1,245,red,5940,T11
21,0,0,1,245,red,5940,T11
22,0,0,1,245,red,5940,T11
23,0,0,1,245,red,5940,T11
24,0,0,1,245,red,5940,T11
25,0,0,1,245,red,5940,T11
26,0,0,1,245,red,5940,T11
27,0,0,1,245,red,5940,T11
28,0,0,1,245,red,5940,T11
29,0,0,1,245,red,5940,T11
30,0,1,0,245,red,5940,T11
31,0,1,0,245,red,5940,T11
32,0,1,0,245,red,5940,T11
33,0,1,0,245,red,5940,T11
34,0,1,0,245,red,5940,T11
35,0,1,0,245,red,5940,T11
36,0,1,0,245,red,5940,T11
37,0,1,0,245,red,5940,T11
38,0,1,0,245,red,5940,T11
39,0,1,0,245,red,5940,T11
40,0,1,0,245,red,5940,T11
41,0,1,0,245,red,5940,T11
42,0,1,0,245,red,5940,T11
43,0,1,0,245,red,5940,T11
44,0,1,0,245,red,5940,T11
45,0,1,0,245,red,5940,T11
46,0,1,0,245,red,5940,T11
47,0,1,0,245,red,5940,T11
48,0,1,0,245,red,5940,T11
49,0,1,0,245,red,5940,T11
50,0,1,0,245,red,5940,T11
51,0,1,0,245,red,5940,T11
52,0,1,0,245,red,5940,T11
53,0,1,0,245,red,5940,T11
54,0,1,0,245,red,5940,T11
55,0,1,0,245,red,5940,T11
56,0,1,0,245,red,5940,T11
57,0,1,0,245,red,5940,T11
58,0,1,0,245,red,5940,T11
59,0,1,0,245,red,5940,T11
60,0,1,0,245,red,5940,T11
61,0,1,0,245,red,5940,T11
62,0,1,0,245,red,5940,T11
63,0,1,0,245,red,5940,T11
64,0,1,0,245,red,5940,T11
65,0,1,0,245,red,5940,T11
66,0,1,0,245,red,5940,T11
67,0,1,0,245,red,5940,T11
68,0,1,0,245,red,5940,T11
69,0,1,0,245,red,5940,T11
70,0,1,0,245,red,5940,T11
71,0,1,0,245,red,5940,T11
72,0,1,0,245,red,5940,T11
73,0,1,0,245,red,5940,T11
74,0,1,0,245,red,5940,T11
75,0,1,0,245,red,5940,T11
76,0,1,0,245,red,5940,T11
77,0,1,0,245,red,5940,T11
78,0,1,0,245,red,5940,T11
79,0,1,0,245,red,5940,T11
80,0,1,0,245,red,5940,T11
81,0,1,0,245,red,5940,T11
82,0,1,0,245,red,5940,T11
83,0,1,0,245,red,5940,T11
84,0,1,0,245,red,5940,T11
85,0,1,0,245,red,5940,T11
86,0,1,0,245,red,5940,T11
87,0,1,0,245,red,5940,T11
88,0,1,0,245,red,5940,T11
89,0,1,0,245,red,5940,T11
90,0,1,0,245,red,5940,T11
91,0,1,0,245,red,5940,T11
92,0,1,0,245,red,5940,T11
93,0,1,0,245,red,5940,T11
94,0,1,0,245,red,5940,T11
95,0,1,0,245,red,5940,T11
96,0,1,0,245,red,5940,T11
97,0,1,0,245,red,5940,T11
98,0,1,0,245,red,5940,T11
99,0,1,0,245,red,5940,T11
100,0,1,0,245,red,5940,T11
101,0,0,1,245,red,5940,T11
102,1,0,0,245,red,5940,T11
103,1,0,0,245,red,5940,T11
104,1,0,0,245,red,5940,T11
105,1,0,0,245,red,5940,T11
106,1,0,0,245,red,5940,T11
107,1,0,0,245,red,5940,T11
108,1,0,0,245,red,5940,T11
109,1,0,0,245,red,5940,T11
110,1,0,0,245,red,5940,T11
111,1,0,0,245,red,5940,T11
112,1,0,0,245,red,5940,T11
113,1,0,0,245,red,5940,T11
114,1,0,0,245,red,5940,T11
115,1,0,0,245,red,5940,T11
116,1,0,0,245,red,5940,T11
117,1,0,0,245,red,5940,T11
118,1,0,0,245,red,5940,T11
119,1,0,0,245,red,5940,T11
120,1,0,0,245,red,5940,T11
121,1,0,0,245,red,5940,T11
122,1,0,0,245,red,5940,T11
123,1,0,0,245,red,5940,T11
124,1,0,0,245,red,5940,T11
125,1,0,0,245,red,5940,T11
126,1,0,0,245,red,5940,T11
127,1,0,0,245,red,5940,T11
128,1,0,0,245,red,5940,T11
129,1,0,0,245,red,5940,T11
130,1,0,0,245,red,5940,T11
131,1,0,0,245,red,5940,T11
132,1,0,0,245,red,5940,T11
133,1,0,0,245,red,5940,T11
134,1,0,0,245,red,5940,T11
135,1,0,0,245,red,5940,T11
136,1,0,0,245,red,5940,T11
137,1,0,0,245,red,5940,T11
138,1,0,0,245,red,5940,T11
139,1,0,0,245,red,5940,T11
140,1,0,0,245,red,5940,T11
141,1,0,0,245,red,5940,T11
142,1,0,0,245,red,5940,T11
143,1,0,0,245,red,5940,T11
144,1,0,0,245,red,5940,T11
145,1,0,0,245,red,5940,T11
146,1,0,0,245,red,5940,T11
147,1,0,0,245,red,5940,T11
148,1,0,0,245,red,5940,T11
149,1,0,0,245,red,5940,T11
150,1,0,0,245,red,5940,T11
151,1,0,0,245,red,5940,T11
152,1,0,0,245,red,5940,T11
153,1,0,0,245,red,5940,T11
154,1,0,0,245,red,5940,T11
155,1,0,0,245,red,5940,T11
156,1,0,0,245,red,5940,T11
157,1,0,0,245,red,5940,T11
158,1,0,0,245,red,5940,T11
159,1,0,0,245,red,5940,T11
160,1,0,0,245,red,5940,T11
161,1,0,0,245,red,5940,T11
162,1,0,0,245,red,5940,T11
163,1,0,0,245,red,5940,T11
164,1,0,0,245,red,5940,T11
165,1,0,0,245,red,5940,T11
166,1,0,0,245,red,5940,T11
167,1,0,0,245,red,5940,T11
168,1,0,0,245,red,5940,T11
169,1,0,0,245,red,5940,T11
170,1,0,0,245,red,5940,T11
171,1,0,0,245,red,5940,T11
172,1,0,0,245,red,5940,T11
173,1,0,0,245,red,5940,T11
174,1,0,0,245,red,5940,T11
175,1,0,0,245,red,5940,T11
176,1,0,0,245,red,5940,T11
177,1,0,0,245,red,5940,T11
178,1,0,0,245,red,5940,T11
179,1,0,0,245,red,5940,T11
180,1,0,0,245,red,5940,T11
181,1,0,0,245,red,5940,T11
182,1,0,0,245,red,5940,T11
183,1,0,0,245,red,5940,T11
184,1,0,0,245,red,5940,T11
185,1,0,0,245,red,5940,T11
186,1,0,0,245,red,5940,T11
187,1,0,0,245,red,5940,T11
188,1,0,0,245,red,5940,T11
189,1,0,0,245,red,5940,T11
190,1,0,0,245,red,5940,T11
191,1,0,0,245,red,5940,T11
192,1,0,0,245,red,5940,T11
193,1,0,0,245,red,5940,T11
194,1,0,0,245,red,5940,T11
195,1,0,0,245,red,5940,T11
196,1,0,0,245,red,5940,T11
197,1,0,0,245,red,5940,T11
198,1,0,0,245,red,5940,T11
199,1,0,0,245,red,5940,T11
200,1,0,0,245,red,5940,T11
201,1,0,0,245,red,5940,T11
202,1,0,0,245,red,5940,T11
203,1,0,0,245,red,5940,T11
204,1,0,0,245,red,5940,T11
205,1,0,0,245,red,5940,T11
206,1,0,0,245,red,5940,T11
207,1,0,0,245,red,5940,T11
208,1,0,0,245,red,5940,T11
209,1,0,0,245,red,5940,T11
210,1,0,0,245,red,5940,T11
211,1,0,0,245,red,5940,T11
212,1,0,0,245,red,5940,T11
213,1,0,0,245,red,5940,T11
214,1,0,0,245,red,5940,T11
215,1,0,0,245,red,5940,T11
216,1,0,0,245,red,5940,T11
217,1,0,0,245,red,5940,T11
218,1,0,0,245,red,5940,T11
219,1,0,0,245,red,5940,T11
220,1,0,0,245,red,5940,T11
221,1,0,0,245,red,5940,T11
0,0,0,1,246,red,6517,T11
1,0,0,1,246,red,6517,T11
2,0,0,1,246,red,6517,T11
3,0,0,1,246,red,6517,T11
4,0,0,1,246,red,6517,T11
5,0,0,1,246,red,6517,T11
6,0,0,1,246,red,6517,T11
7,0,0,1,246,red,6517,T11
8,0,0,1,246,red,6517,T11
9,0,0,1,246,red,6517,T11
10,0,0,1,246,red,6517,T11
11,0,0,1,246,red,6517,T11
12,0,0,1,246,red,6517,T11
13,0,0,1,246,red,6517,T11
14,0,0,1,246,red,6517,T11
15,0,0,1,246,red,6517,T11
16,0,0,1,246,red,6517,T11
17,0,0,1,246,red,6517,T11
18,0,0,1,246,red,6517,T11
19,0,0,1,246,red,6517,T11
20,0,0,1,246,red,6517,T11
21,0,0,1,246,red,6517,T11
22,0,0,1,246,red,6517,T11
23,0,0,1,246,red,6517,T11
24,0,0,1,246,red,6517,T11
25,0,0,1,246,red,6517,T11
26,0,0,1,246,red,6517,T11
27,0,0,1,246,red,6517,T11
28,0,0,1,246,red,6517,T11
29,0,0,1,246,red,6517,T11
30,0,0,1,246,red,6517,T11
31,0,0,1,246,red,6517,T11
32,0,0,1,246,red,6517,T11
33,0,0,1,246,red,6517,T11
34,0,0,1,246,red,6517,T11
35,0,0,1,246,red,6517,T11
36,0,0,1,246,red,6517,T11
37,0,0,1,246,red,6517,T11
38,0,0,1,246,red,6517,T11
39,0,0,1,246,red,6517,T11
40,0,0,1,246,red,6517,T11
41,0,0,1,246,red,6517,T11
42,0,0,1,246,red,6517,T11
43,0,0,1,246,red,6517,T11
44,0,0,1,246,red,6517,T11
45,0,0,1,246,red,6517,T11
46,0,0,1,246,red,6517,T11
47,0,0,1,246,red,6517,T11
48,0,0,1,246,red,6517,T11
49,0,0,1,246,red,6517,T11
50,0,0,1,246,red,6517,T11
51,0,0,1,246,red,6517,T11
52,0,0,1,246,red,6517,T11
53,0,0,1,246,red,6517,T11
54,0,0,1,246,red,6517,T11
55,0,0,1,246,red,6517,T11
56,0,0,1,246,red,6517,T11
57,0,0,1,246,red,6517,T11
58,0,0,1,246,red,6517,T11
59,0,0,1,246,red,6517,T11
60,0,0,1,246,red,6517,T11
61,0,0,1,246,red,6517,T11
62,0,0,1,246,red,6517,T11
63,0,0,1,246,red,6517,T11
64,0,0,1,246,red,6517,T11
65,0,0,1,246,red,6517,T11
66,0,0,1,246,red,6517,T11
67,0,0,1,246,red,6517,T11
68,0,0,1,246,red,6517,T11
69,0,0,1,246,red,6517,T11
70,0,0,1,246,red,6517,T11
71,0,0,1,246,red,6517,T11
72,0,0,1,246,red,6517,T11
73,0,0,1,246,red,6517,T11
74,0,0,1,246,red,6517,T11
75,0,0,1,246,red,6517,T11
76,0,0,1,246,red,6517,T11
77,0,0,1,246,red,6517,T11
78,0,0,1,246,red,6517,T11
79,0,0,1,246,red,6517,T11
80,0,0,1,246,red,6517,T11
81,0,0,1,246,red,6517,T11
82,0,0,1,246,red,6517,T11
83,0,0,1,246,red,6517,T11
84,0,0,1,246,red,6517,T11
85,0,0,1,246,red,6517,T11
86,0,0,1,246,red,6517,T11
87,0,0,1,246,red,6517,T11
88,0,0,1,246,red,6517,T11
89,0,0,1,246,red,6517,T11
90,0,0,1,246,red,6517,T11
91,0,0,1,246,red,6517,T11
92,0,0,1,246,red,6517,T11
93,0,0,1,246,red,6517,T11
94,0,0,1,246,red,6517,T11
95,0,0,1,246,red,6517,T11
96,0,0,1,246,red,6517,T11
97,0,0,1,246,red,6517,T11
98,0,0,1,246,red,6517,T11
99,0,0,1,246,red,6517,T11
100,0,0,1,246,red,6517,T11
101,0,0,1,246,red,6517,T11
102,0,0,1,246,red,6517,T11
103,0,0,1,246,red,6517,T11
104,0,0,1,246,red,6517,T11
105,0,0,1,246,red,6517,T11
106,0,0,1,246,red,6517,T11
107,0,0,1,246,red,6517,T11
108,0,0,1,246,red,6517,T11
109,0,0,1,246,red,6517,T11
110,0,0,1,246,red,6517,T11
111,0,0,1,246,red,6517,T11
112,0,0,1,246,red,6517,T11
113,0,0,1,246,red,6517,T11
114,0,0,1,246,red,6517,T11
115,0,0,1,246,red,6517,T11
116,0,0,1,246,red,6517,T11
117,0,0,1,246,red,6517,T11
118,0,0,1,246,red,6517,T11
119,0,0,1,246,red,6517,T11
120,0,0,1,246,red,6517,T11
121,0,0,1,246,red,6517,T11
122,0,0,1,246,red,6517,T11
123,0,0,1,246,red,6517,T11
124,0,0,1,246,red,6517,T11
125,0,0,1,246,red,6517,T11
126,0,0,1,246,red,6517,T11
127,0,0,1,246,red,6517,T11
128,0,0,1,246,red,6517,T11
129,0,0,1,246,red,6517,T11
130,0,0,1,246,red,6517,T11
131,0,0,1,246,red,6517,T11
132,0,0,1,246,red,6517,T11
133,0,0,1,246,red,6517,T11
134,0,0,1,246,red,6517,T11
135,0,0,1,246,red,6517,T11
136,0,0,1,246,red,6517,T11
137,0,0,1,246,red,6517,T11
138,0,0,1,246,red,6517,T11
139,0,0,1,246,red,6517,T11
140,0,0,1,246,red,6517,T11
141,0,0,1,246,red,6517,T11
142,0,0,1,246,red,6517,T11
143,0,0,1,246,red,6517,T11
144,0,0,1,246,red,6517,T11
145,0,0,1,246,red,6517,T11
146,0,0,1,246,red,6517,T11
147,0,0,1,246,red,6517,T11
148,0,0,1,246,red,6517,T11
149,0,0,1,246,red,6517,T11
150,0,0,1,246,red,6517,T11
151,0,0,1,246,red,6517,T11
152,0,0,1,246,red,6517,T11
153,0,0,1,246,red,6517,T11
154,0,0,1,246,red,6517,T11
155,0,0,1,246,red,6517,T11
156,0,0,1,246,red,6517,T11
157,0,0,1,246,red,6517,T11
158,0,0,1,246,red,6517,T11
159,0,0,1,246,red,6517,T11
160,0,0,1,246,red,6517,T11
161,0,0,1,246,red,6517,T11
162,0,0,1,246,red,6517,T11
163,0,0,1,246,red,6517,T11
164,0,0,1,246,red,6517,T11
165,0,0,1,246,red,6517,T11
166,0,0,1,246,red,6517,T11
167,0,0,1,246,red,6517,T11
168,0,0,1,246,red,6517,T11
169,0,0,1,246,red,6517,T11
170,0,0,1,246,red,6517,T11
171,0,0,1,246,red,6517,T11
172,0,0,1,246,red,6517,T11
173,0,0,1,246,red,6517,T11
174,0,0,1,246,red,6517,T11
175,0,0,1,246,red,6517,T11
176,0,0,1,246,red,6517,T11
177,0,0,1,246,red,6517,T11
178,0,0,1,246,red,6517,T11
179,0,0,1,246,red,6517,T11
180,0,0,1,246,red,6517,T11
181,0,0,1,246,red,6517,T11
182,0,0,1,246,red,6517,T11
183,0,0,1,246,red,6517,T11
184,0,0,1,246,red,6517,T11
185,0,0,1,246,red,6517,T11
186,0,0,1,246,red,6517,T11
187,0,0,1,246,red,6517,T11
188,0,0,1,246,red,6517,T11
189,0,0,1,246,red,6517,T11
190,0,0,1,246,red,6517,T11
191,0,0,1,246,red,6517,T11
192,0,0,1,246,red,6517,T11
193,0,0,1,246,red,6517,T11
194,0,0,1,246,red,6517,T11
195,0,0,1,246,red,6517,T11
196,0,0,1,246,red,6517,T11
197,0,0,1,246,red,6517,T11
198,0,0,1,246,red,6517,T11
199,0,0,1,246,red,6517,T11
200,0,0,1,246,red,6517,T11
201,0,0,1,246,red,6517,T11
202,0,0,1,246,red,6517,T11
203,0,0,1,246,red,6517,T11
204,1,0,0,246,red,6517,T11
205,1,0,0,246,red,6517,T11
206,1,0,0,246,red,6517,T11
207,1,0,0,246,red,6517,T11
208,1,0,0,246,red,6517,T11
209,1,0,0,246,red,6517,T11
210,1,0,0,246,red,6517,T11
211,1,0,0,246,red,6517,T11
212,1,0,0,246,red,6517,T11
213,1,0,0,246,red,6517,T11
214,1,0,0,246,red,6517,T11
215,1,0,0,246,red,6517,T11
216,1,0,0,246,red,6517,T11
217,1,0,0,246,red,6517,T11
218,1,0,0,246,red,6517,T11
219,1,0,0,246,red,6517,T11
220,1,0,0,246,red,6517,T11
221,1,0,0,246,red,6517,T11
0,0,0,1,247,red,7727,T11
1,0,0,1,247,red,7727,T11
2,0,0,1,247,red,7727,T11
3,0,0,1,247,red,7727,T11
4,0,0,1,247,red,7727,T11
5,0,0,1,247,red,7727,T11
6,0,0,1,247,red,7727,T11
7,0,0,1,247,red,7727,T11
8,0,0,1,247,red,7727,T11
9,0,0,1,247,red,7727,T11
10,0,0,1,247,red,7727,T11
11,0,0,1,247,red,7727,T11
12,0,0,1,247,red,7727,T11
13,0,0,1,247,red,7727,T11
14,0,0,1,247,red,7727,T11
15,0,0,1,247,red,7727,T11
16,0,0,1,247,red,7727,T11
17,0,0,1,247,red,7727,T11
18,0,0,1,247,red,7727,T11
19,0,0,1,247,red,7727,T11
20,0,0,1,247,red,7727,T11
21,0,0,1,247,red,7727,T11
22,0,0,1,247,red,7727,T11
23,0,0,1,247,red,7727,T11
24,0,0,1,247,red,7727,T11
25,0,0,1,247,red,7727,T11
26,0,0,1,247,red,7727,T11
27,0,0,1,247,red,7727,T11
28,0,0,1,247,red,7727,T11
29,0,0,1,247,red,7727,T11
30,0,0,1,247,red,7727,T11
31,0,0,1,247,red,7727,T11
32,0,0,1,247,red,7727,T11
33,0,1,0,247,red,7727,T11
34,0,1,0,247,red,7727,T11
35,0,1,0,247,red,7727,T11
36,0,1,0,247,red,7727,T11
37,0,1,0,247,red,7727,T11
38,0,1,0,247,red,7727,T11
39,0,1,0,247,red,7727,T11
40,0,1,0,247,red,7727,T11
41,0,1,0,247,red,7727,T11
42,0,1,0,247,red,7727,T11
43,0,1,0,247,red,7727,T11
44,0,1,0,247,red,7727,T11
45,0,1,0,247,red,7727,T11
46,0,1,0,247,red,7727,T11
47,0,1,0,247,red,7727,T11
48,0,1,0,247,red,7727,T11
49,0,1,0,247,red,7727,T11
50,0,1,0,247,red,7727,T11
51,0,1,0,247,red,7727,T11
52,0,1,0,247,red,7727,T11
53,0,1,0,247,red,7727,T11
54,0,1,0,247,red,7727,T11
55,0,1,0,247,red,7727,T11
56,0,1,0,247,red,7727,T11
57,0,1,0,247,red,7727,T11
58,0,1,0,247,red,7727,T11
59,0,1,0,247,red,7727,T11
60,0,1,0,247,red,7727,T11
61,0,1,0,247,red,7727,T11
62,0,1,0,247,red,7727,T11
63,0,1,0,247,red,7727,T11
64,0,1,0,247,red,7727,T11
65,0,1,0,247,red,7727,T11
66,0,1,0,247,red,7727,T11
67,0,1,0,247,red,7727,T11
68,0,1,0,247,red,7727,T11
69,0,1,0,247,red,7727,T11
70,0,1,0,247,red,7727,T11
71,0,1,0,247,red,7727,T11
72,0,1,0,247,red,7727,T11
73,0,1,0,247,red,7727,T11
74,0,1,0,247,red,7727,T11
75,0,1,0,247,red,7727,T11
76,0,1,0,247,red,7727,T11
77,0,1,0,247,red,7727,T11
78,0,1,0,247,red,7727,T11
79,0,1,0,247,red,7727,T11
80,0,1,0,247,red,7727,T11
81,0,1,0,247,red,7727,T11
82,0,1,0,247,red,7727,T11
83,0,1,0,247,red,7727,T11
84,0,1,0,247,red,7727,T11
85,0,1,0,247,red,7727,T11
86,0,1,0,247,red,7727,T11
87,0,1,0,247,red,7727,T11
88,0,1,0,247,red,7727,T11
89,0,1,0,247,red,7727,T11
90,0,1,0,247,red,7727,T11
91,0,1,0,247,red,7727,T11
92,0,1,0,247,red,7727,T11
93,0,1,0,247,red,7727,T11
94,0,1,0,247,red,7727,T11
95,0,1,0,247,red,7727,T11
96,0,1,0,247,red,7727,T11
97,0,1,0,247,red,7727,T11
98,0,1,0,247,red,7727,T11
99,0,1,0,247,red,7727,T11
100,0,1,0,247,red,7727,T11
101,0,1,0,247,red,7727,T11
102,0,1,0,247,red,7727,T11
103,0,1,0,247,red,7727,T11
104,0,1,0,247,red,7727,T11
105,0,1,0,247,red,7727,T11
106,0,1,0,247,red,7727,T11
107,0,1,0,247,red,7727,T11
108,0,1,0,247,red,7727,T11
109,0,1,0,247,red,7727,T11
110,0,1,0,247,red,7727,T11
111,0,1,0,247,red,7727,T11
112,0,1,0,247,red,7727,T11
113,0,1,0,247,red,7727,T11
114,0,1,0,247,red,7727,T11
115,0,1,0,247,red,7727,T11
116,0,1,0,247,red,7727,T11
117,0,1,0,247,red,7727,T11
118,0,1,0,247,red,7727,T11
119,0,1,0,247,red,7727,T11
120,0,1,0,247,red,7727,T11
121,0,1,0,247,red,7727,T11
122,0,0,1,247,red,7727,T11
123,0,1,0,247,red,7727,T11
124,0,1,0,247,red,7727,T11
125,0,1,0,247,red,7727,T11
126,0,1,0,247,red,7727,T11
127,0,0,1,247,red,7727,T11
128,0,0,1,247,red,7727,T11
129,0,0,1,247,red,7727,T11
130,1,0,0,247,red,7727,T11
131,1,0,0,247,red,7727,T11
132,1,0,0,247,red,7727,T11
133,1,0,0,247,red,7727,T11
134,1,0,0,247,red,7727,T11
135,1,0,0,247,red,7727,T11
136,1,0,0,247,red,7727,T11
137,1,0,0,247,red,7727,T11
138,1,0,0,247,red,7727,T11
139,1,0,0,247,red,7727,T11
140,1,0,0,247,red,7727,T11
141,1,0,0,247,red,7727,T11
142,1,0,0,247,red,7727,T11
143,1,0,0,247,red,7727,T11
144,1,0,0,247,red,7727,T11
145,1,0,0,247,red,7727,T11
146,1,0,0,247,red,7727,T11
147,1,0,0,247,red,7727,T11
148,1,0,0,247,red,7727,T11
149,1,0,0,247,red,7727,T11
150,1,0,0,247,red,7727,T11
151,1,0,0,247,red,7727,T11
152,1,0,0,247,red,7727,T11
153,1,0,0,247,red,7727,T11
154,1,0,0,247,red,7727,T11
155,1,0,0,247,red,7727,T11
156,1,0,0,247,red,7727,T11
157,1,0,0,247,red,7727,T11
158,1,0,0,247,red,7727,T11
159,1,0,0,247,red,7727,T11
160,1,0,0,247,red,7727,T11
161,1,0,0,247,red,7727,T11
162,1,0,0,247,red,7727,T11
163,1,0,0,247,red,7727,T11
164,1,0,0,247,red,7727,T11
165,1,0,0,247,red,7727,T11
166,1,0,0,247,red,7727,T11
167,1,0,0,247,red,7727,T11
168,1,0,0,247,red,7727,T11
169,1,0,0,247,red,7727,T11
170,1,0,0,247,red,7727,T11
171,1,0,0,247,red,7727,T11
172,1,0,0,247,red,7727,T11
173,1,0,0,247,red,7727,T11
174,1,0,0,247,red,7727,T11
175,1,0,0,247,red,7727,T11
176,1,0,0,247,red,7727,T11
177,1,0,0,247,red,7727,T11
178,1,0,0,247,red,7727,T11
179,1,0,0,247,red,7727,T11
180,1,0,0,247,red,7727,T11
181,1,0,0,247,red,7727,T11
182,1,0,0,247,red,7727,T11
183,1,0,0,247,red,7727,T11
184,1,0,0,247,red,7727,T11
185,1,0,0,247,red,7727,T11
186,1,0,0,247,red,7727,T11
187,1,0,0,247,red,7727,T11
188,1,0,0,247,red,7727,T11
189,1,0,0,247,red,7727,T11
190,1,0,0,247,red,7727,T11
191,1,0,0,247,red,7727,T11
192,1,0,0,247,red,7727,T11
193,1,0,0,247,red,7727,T11
194,1,0,0,247,red,7727,T11
195,1,0,0,247,red,7727,T11
196,1,0,0,247,red,7727,T11
197,1,0,0,247,red,7727,T11
198,1,0,0,247,red,7727,T11
199,1,0,0,247,red,7727,T11
200,1,0,0,247,red,7727,T11
201,1,0,0,247,red,7727,T11
202,1,0,0,247,red,7727,T11
203,1,0,0,247,red,7727,T11
204,1,0,0,247,red,7727,T11
205,1,0,0,247,red,7727,T11
206,1,0,0,247,red,7727,T11
207,1,0,0,247,red,7727,T11
208,1,0,0,247,red,7727,T11
209,1,0,0,247,red,7727,T11
210,1,0,0,247,red,7727,T11
211,1,0,0,247,red,7727,T11
212,1,0,0,247,red,7727,T11
213,1,0,0,247,red,7727,T11
214,1,0,0,247,red,7727,T11
215,1,0,0,247,red,7727,T11
216,1,0,0,247,red,7727,T11
217,1,0,0,247,red,7727,T11
218,1,0,0,247,red,7727,T11
219,1,0,0,247,red,7727,T11
220,1,0,0,247,red,7727,T11
221,1,0,0,247,red,7727,T11
0,0,0,1,248,red,7100,T11
1,0,0,1,248,red,7100,T11
2,0,0,1,248,red,7100,T11
3,0,0,1,248,red,7100,T11
4,0,0,1,248,red,7100,T11
5,0,0,1,248,red,7100,T11
6,0,0,1,248,red,7100,T11
7,0,0,1,248,red,7100,T11
8,0,0,1,248,red,7100,T11
9,0,0,1,248,red,7100,T11
10,0,0,1,248,red,7100,T11
11,0,0,1,248,red,7100,T11
12,0,0,1,248,red,7100,T11
13,0,0,1,248,red,7100,T11
14,0,0,1,248,red,7100,T11
15,0,0,1,248,red,7100,T11
16,0,0,1,248,red,7100,T11
17,0,0,1,248,red,7100,T11
18,0,0,1,248,red,7100,T11
19,0,0,1,248,red,7100,T11
20,0,0,1,248,red,7100,T11
21,0,0,1,248,red,7100,T11
22,0,0,1,248,red,7100,T11
23,0,0,1,248,red,7100,T11
24,0,0,1,248,red,7100,T11
25,0,0,1,248,red,7100,T11
26,0,1,0,248,red,7100,T11
27,0,1,0,248,red,7100,T11
28,0,1,0,248,red,7100,T11
29,0,1,0,248,red,7100,T11
30,0,1,0,248,red,7100,T11
31,0,1,0,248,red,7100,T11
32,0,1,0,248,red,7100,T11
33,0,1,0,248,red,7100,T11
34,0,1,0,248,red,7100,T11
35,0,1,0,248,red,7100,T11
36,0,1,0,248,red,7100,T11
37,0,1,0,248,red,7100,T11
38,0,1,0,248,red,7100,T11
39,0,1,0,248,red,7100,T11
40,0,1,0,248,red,7100,T11
41,0,1,0,248,red,7100,T11
42,0,1,0,248,red,7100,T11
43,0,1,0,248,red,7100,T11
44,0,1,0,248,red,7100,T11
45,0,1,0,248,red,7100,T11
46,0,1,0,248,red,7100,T11
47,0,1,0,248,red,7100,T11
48,0,1,0,248,red,7100,T11
49,0,1,0,248,red,7100,T11
50,0,1,0,248,red,7100,T11
51,0,1,0,248,red,7100,T11
52,0,1,0,248,red,7100,T11
53,0,1,0,248,red,7100,T11
54,0,1,0,248,red,7100,T11
55,0,1,0,248,red,7100,T11
56,0,1,0,248,red,7100,T11
57,0,1,0,248,red,7100,T11
58,0,1,0,248,red,7100,T11
59,0,1,0,248,red,7100,T11
60,0,1,0,248,red,7100,T11
61,0,1,0,248,red,7100,T11
62,0,1,0,248,red,7100,T11
63,0,1,0,248,red,7100,T11
64,0,1,0,248,red,7100,T11
65,0,1,0,248,red,7100,T11
66,0,1,0,248,red,7100,T11
67,0,1,0,248,red,7100,T11
68,0,1,0,248,red,7100,T11
69,0,1,0,248,red,7100,T11
70,0,1,0,248,red,7100,T11
71,0,1,0,248,red,7100,T11
72,0,1,0,248,red,7100,T11
73,0,1,0,248,red,7100,T11
74,0,1,0,248,red,7100,T11
75,0,1,0,248,red,7100,T11
76,0,1,0,248,red,7100,T11
77,0,1,0,248,red,7100,T11
78,0,1,0,248,red,7100,T11
79,0,1,0,248,red,7100,T11
80,0,1,0,248,red,7100,T11
81,0,1,0,248,red,7100,T11
82,0,1,0,248,red,7100,T11
83,0,1,0,248,red,7100,T11
84,0,1,0,248,red,7100,T11
85,0,1,0,248,red,7100,T11
86,0,1,0,248,red,7100,T11
87,0,1,0,248,red,7100,T11
88,0,1,0,248,red,7100,T11
89,0,1,0,248,red,7100,T11
90,0,1,0,248,red,7100,T11
91,0,1,0,248,red,7100,T11
92,0,1,0,248,red,7100,T11
93,0,1,0,248,red,7100,T11
94,0,1,0,248,red,7100,T11
95,0,1,0,248,red,7100,T11
96,0,1,0,248,red,7100,T11
97,0,1,0,248,red,7100,T11
98,0,1,0,248,red,7100,T11
99,0,1,0,248,red,7100,T11
100,0,1,0,248,red,7100,T11
101,0,1,0,248,red,7100,T11
102,0,1,0,248,red,7100,T11
103,0,1,0,248,red,7100,T11
104,0,1,0,248,red,7100,T11
105,0,1,0,248,red,7100,T11
106,0,1,0,248,red,7100,T11
107,0,1,0,248,red,7100,T11
108,0,1,0,248,red,7100,T11
109,0,1,0,248,red,7100,T11
110,0,1,0,248,red,7100,T11
111,0,1,0,248,red,7100,T11
112,0,1,0,248,red,7100,T11
113,0,1,0,248,red,7100,T11
114,0,1,0,248,red,7100,T11
115,0,1,0,248,red,7100,T11
116,1,0,0,248,red,7100,T11
117,1,0,0,248,red,7100,T11
118,1,0,0,248,red,7100,T11
119,1,0,0,248,red,7100,T11
120,1,0,0,248,red,7100,T11
121,1,0,0,248,red,7100,T11
122,1,0,0,248,red,7100,T11
123,1,0,0,248,red,7100,T11
124,1,0,0,248,red,7100,T11
125,1,0,0,248,red,7100,T11
126,1,0,0,248,red,7100,T11
127,1,0,0,248,red,7100,T11
128,1,0,0,248,red,7100,T11
129,1,0,0,248,red,7100,T11
130,1,0,0,248,red,7100,T11
131,1,0,0,248,red,7100,T11
132,1,0,0,248,red,7100,T11
133,1,0,0,248,red,7100,T11
134,1,0,0,248,red,7100,T11
135,1,0,0,248,red,7100,T11
136,1,0,0,248,red,7100,T11
137,1,0,0,248,red,7100,T11
138,1,0,0,248,red,7100,T11
139,1,0,0,248,red,7100,T11
140,1,0,0,248,red,7100,T11
141,1,0,0,248,red,7100,T11
142,1,0,0,248,red,7100,T11
143,1,0,0,248,red,7100,T11
144,1,0,0,248,red,7100,T11
145,1,0,0,248,red,7100,T11
146,1,0,0,248,red,7100,T11
147,1,0,0,248,red,7100,T11
148,1,0,0,248,red,7100,T11
149,1,0,0,248,red,7100,T11
150,1,0,0,248,red,7100,T11
151,1,0,0,248,red,7100,T11
152,1,0,0,248,red,7100,T11
153,1,0,0,248,red,7100,T11
154,1,0,0,248,red,7100,T11
155,1,0,0,248,red,7100,T11
156,1,0,0,248,red,7100,T11
157,1,0,0,248,red,7100,T11
158,1,0,0,248,red,7100,T11
159,1,0,0,248,red,7100,T11
160,1,0,0,248,red,7100,T11
161,1,0,0,248,red,7100,T11
162,1,0,0,248,red,7100,T11
163,1,0,0,248,red,7100,T11
164,1,0,0,248,red,7100,T11
165,1,0,0,248,red,7100,T11
166,1,0,0,248,red,7100,T11
167,1,0,0,248,red,7100,T11
168,1,0,0,248,red,7100,T11
169,1,0,0,248,red,7100,T11
170,1,0,0,248,red,7100,T11
171,1,0,0,248,red,7100,T11
172,1,0,0,248,red,7100,T11
173,1,0,0,248,red,7100,T11
174,1,0,0,248,red,7100,T11
175,1,0,0,248,red,7100,T11
176,1,0,0,248,red,7100,T11
177,1,0,0,248,red,7100,T11
178,1,0,0,248,red,7100,T11
179,1,0,0,248,red,7100,T11
180,1,0,0,248,red,7100,T11
181,1,0,0,248,red,7100,T11
182,1,0,0,248,red,7100,T11
183,1,0,0,248,red,7100,T11
184,1,0,0,248,red,7100,T11
185,1,0,0,248,red,7100,T11
186,1,0,0,248,red,7100,T11
187,1,0,0,248,red,7100,T11
188,1,0,0,248,red,7100,T11
189,1,0,0,248,red,7100,T11
190,1,0,0,248,red,7100,T11
191,1,0,0,248,red,7100,T11
192,1,0,0,248,red,7100,T11
193,1,0,0,248,red,7100,T11
194,1,0,0,248,red,7100,T11
195,1,0,0,248,red,7100,T11
196,1,0,0,248,red,7100,T11
197,1,0,0,248,red,7100,T11
198,1,0,0,248,red,7100,T11
199,1,0,0,248,red,7100,T11
200,1,0,0,248,red,7100,T11
201,1,0,0,248,red,7100,T11
202,1,0,0,248,red,7100,T11
203,1,0,0,248,red,7100,T11
204,1,0,0,248,red,7100,T11
205,1,0,0,248,red,7100,T11
206,1,0,0,248,red,7100,T11
207,1,0,0,248,red,7100,T11
208,1,0,0,248,red,7100,T11
209,1,0,0,248,red,7100,T11
210,1,0,0,248,red,7100,T11
211,1,0,0,248,red,7100,T11
212,1,0,0,248,red,7100,T11
213,1,0,0,248,red,7100,T11
214,1,0,0,248,red,7100,T11
215,1,0,0,248,red,7100,T11
216,1,0,0,248,red,7100,T11
217,1,0,0,248,red,7100,T11
218,1,0,0,248,red,7100,T11
219,1,0,0,248,red,7100,T11
220,1,0,0,248,red,7100,T11
221,1,0,0,248,red,7100,T11
0,0,0,1,249,red,6892,T11
1,0,0,1,249,red,6892,T11
2,0,0,1,249,red,6892,T11
3,0,0,1,249,red,6892,T11
4,0,0,1,249,red,6892,T11
5,0,0,1,249,red,6892,T11
6,0,0,1,249,red,6892,T11
7,0,0,1,249,red,6892,T11
8,0,0,1,249,red,6892,T11
9,0,0,1,249,red,6892,T11
10,0,0,1,249,red,6892,T11
11,0,0,1,249,red,6892,T11
12,0,0,1,249,red,6892,T11
13,0,0,1,249,red,6892,T11
14,0,0,1,249,red,6892,T11
15,0,0,1,249,red,6892,T11
16,0,0,1,249,red,6892,T11
17,0,0,1,249,red,6892,T11
18,0,0,1,249,red,6892,T11
19,0,0,1,249,red,6892,T11
20,0,0,1,249,red,6892,T11
21,0,0,1,249,red,6892,T11
22,0,0,1,249,red,6892,T11
23,0,0,1,249,red,6892,T11
24,0,0,1,249,red,6892,T11
25,0,0,1,249,red,6892,T11
26,0,0,1,249,red,6892,T11
27,0,0,1,249,red,6892,T11
28,0,0,1,249,red,6892,T11
29,0,0,1,249,red,6892,T11
30,0,0,1,249,red,6892,T11
31,0,0,1,249,red,6892,T11
32,0,0,1,249,red,6892,T11
33,0,0,1,249,red,6892,T11
34,0,0,1,249,red,6892,T11
35,0,0,1,249,red,6892,T11
36,0,0,1,249,red,6892,T11
37,0,0,1,249,red,6892,T11
38,0,0,1,249,red,6892,T11
39,0,0,1,249,red,6892,T11
40,0,0,1,249,red,6892,T11
41,0,0,1,249,red,6892,T11
42,0,0,1,249,red,6892,T11
43,0,0,1,249,red,6892,T11
44,0,0,1,249,red,6892,T11
45,0,0,1,249,red,6892,T11
46,0,0,1,249,red,6892,T11
47,0,0,1,249,red,6892,T11
48,0,0,1,249,red,6892,T11
49,0,0,1,249,red,6892,T11
50,0,0,1,249,red,6892,T11
51,0,0,1,249,red,6892,T11
52,0,0,1,249,red,6892,T11
53,0,0,1,249,red,6892,T11
54,0,0,1,249,red,6892,T11
55,0,0,1,249,red,6892,T11
56,0,0,1,249,red,6892,T11
57,0,0,1,249,red,6892,T11
58,0,0,1,249,red,6892,T11
59,0,0,1,249,red,6892,T11
60,0,0,1,249,red,6892,T11
61,0,0,1,249,red,6892,T11
62,1,0,0,249,red,6892,T11
63,1,0,0,249,red,6892,T11
64,1,0,0,249,red,6892,T11
65,1,0,0,249,red,6892,T11
66,1,0,0,249,red,6892,T11
67,1,0,0,249,red,6892,T11
68,1,0,0,249,red,6892,T11
69,1,0,0,249,red,6892,T11
70,1,0,0,249,red,6892,T11
71,1,0,0,249,red,6892,T11
72,0,0,1,249,red,6892,T11
73,0,0,1,249,red,6892,T11
74,0,0,1,249,red,6892,T11
75,0,0,1,249,red,6892,T11
76,0,0,1,249,red,6892,T11
77,0,0,1,249,red,6892,T11
78,0,0,1,249,red,6892,T11
79,0,0,1,249,red,6892,T11
80,1,0,0,249,red,6892,T11
81,1,0,0,249,red,6892,T11
82,1,0,0,249,red,6892,T11
83,1,0,0,249,red,6892,T11
84,1,0,0,249,red,6892,T11
85,1,0,0,249,red,6892,T11
86,1,0,0,249,red,6892,T11
87,1,0,0,249,red,6892,T11
88,1,0,0,249,red,6892,T11
89,1,0,0,249,red,6892,T11
90,1,0,0,249,red,6892,T11
91,1,0,0,249,red,6892,T11
92,1,0,0,249,red,6892,T11
93,1,0,0,249,red,6892,T11
94,1,0,0,249,red,6892,T11
95,1,0,0,249,red,6892,T11
96,1,0,0,249,red,6892,T11
97,1,0,0,249,red,6892,T11
98,1,0,0,249,red,6892,T11
99,1,0,0,249,red,6892,T11
100,1,0,0,249,red,6892,T11
101,1,0,0,249,red,6892,T11
102,1,0,0,249,red,6892,T11
103,1,0,0,249,red,6892,T11
104,1,0,0,249,red,6892,T11
105,1,0,0,249,red,6892,T11
106,1,0,0,249,red,6892,T11
107,1,0,0,249,red,6892,T11
108,1,0,0,249,red,6892,T11
109,1,0,0,249,red,6892,T11
110,1,0,0,249,red,6892,T11
111,1,0,0,249,red,6892,T11
112,1,0,0,249,red,6892,T11
113,1,0,0,249,red,6892,T11
114,1,0,0,249,red,6892,T11
115,1,0,0,249,red,6892,T11
116,1,0,0,249,red,6892,T11
117,1,0,0,249,red,6892,T11
118,1,0,0,249,red,6892,T11
119,1,0,0,249,red,6892,T11
120,1,0,0,249,red,6892,T11
121,1,0,0,249,red,6892,T11
122,1,0,0,249,red,6892,T11
123,1,0,0,249,red,6892,T11
124,1,0,0,249,red,6892,T11
125,1,0,0,249,red,6892,T11
126,1,0,0,249,red,6892,T11
127,1,0,0,249,red,6892,T11
128,1,0,0,249,red,6892,T11
129,1,0,0,249,red,6892,T11
130,1,0,0,249,red,6892,T11
131,1,0,0,249,red,6892,T11
132,1,0,0,249,red,6892,T11
133,1,0,0,249,red,6892,T11
134,1,0,0,249,red,6892,T11
135,1,0,0,249,red,6892,T11
136,1,0,0,249,red,6892,T11
137,1,0,0,249,red,6892,T11
138,1,0,0,249,red,6892,T11
139,1,0,0,249,red,6892,T11
140,1,0,0,249,red,6892,T11
141,1,0,0,249,red,6892,T11
142,1,0,0,249,red,6892,T11
143,1,0,0,249,red,6892,T11
144,1,0,0,249,red,6892,T11
145,1,0,0,249,red,6892,T11
146,1,0,0,249,red,6892,T11
147,1,0,0,249,red,6892,T11
148,1,0,0,249,red,6892,T11
149,1,0,0,249,red,6892,T11
150,1,0,0,249,red,6892,T11
151,1,0,0,249,red,6892,T11
152,1,0,0,249,red,6892,T11
153,1,0,0,249,red,6892,T11
154,1,0,0,249,red,6892,T11
155,1,0,0,249,red,6892,T11
156,1,0,0,249,red,6892,T11
157,1,0,0,249,red,6892,T11
158,1,0,0,249,red,6892,T11
159,1,0,0,249,red,6892,T11
160,1,0,0,249,red,6892,T11
161,1,0,0,249,red,6892,T11
162,1,0,0,249,red,6892,T11
163,1,0,0,249,red,6892,T11
164,1,0,0,249,red,6892,T11
165,1,0,0,249,red,6892,T11
166,1,0,0,249,red,6892,T11
167,1,0,0,249,red,6892,T11
168,1,0,0,249,red,6892,T11
169,1,0,0,249,red,6892,T11
170,1,0,0,249,red,6892,T11
171,1,0,0,249,red,6892,T11
172,1,0,0,249,red,6892,T11
173,1,0,0,249,red,6892,T11
174,1,0,0,249,red,6892,T11
175,1,0,0,249,red,6892,T11
176,1,0,0,249,red,6892,T11
177,1,0,0,249,red,6892,T11
178,1,0,0,249,red,6892,T11
179,1,0,0,249,red,6892,T11
180,1,0,0,249,red,6892,T11
181,1,0,0,249,red,6892,T11
182,1,0,0,249,red,6892,T11
183,1,0,0,249,red,6892,T11
184,1,0,0,249,red,6892,T11
185,1,0,0,249,red,6892,T11
186,1,0,0,249,red,6892,T11
187,1,0,0,249,red,6892,T11
188,1,0,0,249,red,6892,T11
189,1,0,0,249,red,6892,T11
190,1,0,0,249,red,6892,T11
191,1,0,0,249,red,6892,T11
192,1,0,0,249,red,6892,T11
193,1,0,0,249,red,6892,T11
194,1,0,0,249,red,6892,T11
195,1,0,0,249,red,6892,T11
196,1,0,0,249,red,6892,T11
197,1,0,0,249,red,6892,T11
198,1,0,0,249,red,6892,T11
199,1,0,0,249,red,6892,T11
200,1,0,0,249,red,6892,T11
201,1,0,0,249,red,6892,T11
202,1,0,0,249,red,6892,T11
203,1,0,0,249,red,6892,T11
204,1,0,0,249,red,6892,T11
205,1,0,0,249,red,6892,T11
206,1,0,0,249,red,6892,T11
207,1,0,0,249,red,6892,T11
208,1,0,0,249,red,6892,T11
209,1,0,0,249,red,6892,T11
210,1,0,0,249,red,6892,T11
211,1,0,0,249,red,6892,T11
212,1,0,0,249,red,6892,T11
213,1,0,0,249,red,6892,T11
214,1,0,0,249,red,6892,T11
215,1,0,0,249,red,6892,T11
216,1,0,0,249,red,6892,T11
217,1,0,0,249,red,6892,T11
218,1,0,0,249,red,6892,T11
219,1,0,0,249,red,6892,T11
220,1,0,0,249,red,6892,T11
221,1,0,0,249,red,6892,T11
0,0,0,1,250,red,7193,T11
1,0,0,1,250,red,7193,T11
2,0,0,1,250,red,7193,T11
3,0,0,1,250,red,7193,T11
4,0,0,1,250,red,7193,T11
5,0,0,1,250,red,7193,T11
6,0,0,1,250,red,7193,T11
7,0,0,1,250,red,7193,T11
8,0,0,1,250,red,7193,T11
9,0,0,1,250,red,7193,T11
10,0,0,1,250,red,7193,T11
11,0,0,1,250,red,7193,T11
12,0,0,1,250,red,7193,T11
13,0,0,1,250,red,7193,T11
14,0,0,1,250,red,7193,T11
15,0,0,1,250,red,7193,T11
16,0,0,1,250,red,7193,T11
17,0,0,1,250,red,7193,T11
18,0,0,1,250,red,7193,T11
19,0,0,1,250,red,7193,T11
20,0,0,1,250,red,7193,T11
21,0,0,1,250,red,7193,T11
22,0,0,1,250,red,7193,T11
23,0,0,1,250,red,7193,T11
24,0,0,1,250,red,7193,T11
25,0,0,1,250,red,7193,T11
26,0,0,1,250,red,7193,T11
27,0,0,1,250,red,7193,T11
28,0,0,1,250,red,7193,T11
29,0,0,1,250,red,7193,T11
30,0,0,1,250,red,7193,T11
31,0,0,1,250,red,7193,T11
32,0,0,1,250,red,7193,T11
33,0,0,1,250,red,7193,T11
34,0,0,1,250,red,7193,T11
35,0,0,1,250,red,7193,T11
36,0,0,1,250,red,7193,T11
37,0,0,1,250,red,7193,T11
38,0,0,1,250,red,7193,T11
39,0,0,1,250,red,7193,T11
40,0,0,1,250,red,7193,T11
41,0,0,1,250,red,7193,T11
42,0,0,1,250,red,7193,T11
43,0,0,1,250,red,7193,T11
44,0,1,0,250,red,7193,T11
45,0,1,0,250,red,7193,T11
46,0,1,0,250,red,7193,T11
47,0,1,0,250,red,7193,T11
48,0,1,0,250,red,7193,T11
49,0,1,0,250,red,7193,T11
50,0,1,0,250,red,7193,T11
51,0,1,0,250,red,7193,T11
52,0,1,0,250,red,7193,T11
53,0,1,0,250,red,7193,T11
54,0,1,0,250,red,7193,T11
55,0,1,0,250,red,7193,T11
56,0,1,0,250,red,7193,T11
57,0,1,0,250,red,7193,T11
58,0,1,0,250,red,7193,T11
59,0,1,0,250,red,7193,T11
60,0,1,0,250,red,7193,T11
61,0,1,0,250,red,7193,T11
62,0,1,0,250,red,7193,T11
63,0,1,0,250,red,7193,T11
64,0,1,0,250,red,7193,T11
65,0,1,0,250,red,7193,T11
66,0,1,0,250,red,7193,T11
67,0,1,0,250,red,7193,T11
68,0,1,0,250,red,7193,T11
69,0,1,0,250,red,7193,T11
70,0,1,0,250,red,7193,T11
71,0,1,0,250,red,7193,T11
72,0,1,0,250,red,7193,T11
73,0,1,0,250,red,7193,T11
74,0,1,0,250,red,7193,T11
75,0,1,0,250,red,7193,T11
76,0,1,0,250,red,7193,T11
77,0,1,0,250,red,7193,T11
78,0,1,0,250,red,7193,T11
79,0,1,0,250,red,7193,T11
80,0,1,0,250,red,7193,T11
81,0,1,0,250,red,7193,T11
82,0,1,0,250,red,7193,T11
83,0,1,0,250,red,7193,T11
84,0,1,0,250,red,7193,T11
85,0,1,0,250,red,7193,T11
86,0,1,0,250,red,7193,T11
87,0,1,0,250,red,7193,T11
88,0,1,0,250,red,7193,T11
89,0,1,0,250,red,7193,T11
90,0,1,0,250,red,7193,T11
91,0,1,0,250,red,7193,T11
92,0,1,0,250,red,7193,T11
93,0,1,0,250,red,7193,T11
94,0,1,0,250,red,7193,T11
95,0,1,0,250,red,7193,T11
96,0,1,0,250,red,7193,T11
97,0,1,0,250,red,7193,T11
98,0,1,0,250,red,7193,T11
99,0,1,0,250,red,7193,T11
100,0,1,0,250,red,7193,T11
101,0,1,0,250,red,7193,T11
102,0,1,0,250,red,7193,T11
103,0,1,0,250,red,7193,T11
104,0,1,0,250,red,7193,T11
105,0,1,0,250,red,7193,T11
106,0,1,0,250,red,7193,T11
107,0,1,0,250,red,7193,T11
108,0,1,0,250,red,7193,T11
109,0,1,0,250,red,7193,T11
110,0,1,0,250,red,7193,T11
111,0,1,0,250,red,7193,T11
112,0,1,0,250,red,7193,T11
113,0,1,0,250,red,7193,T11
114,0,1,0,250,red,7193,T11
115,0,1,0,250,red,7193,T11
116,0,1,0,250,red,7193,T11
117,0,1,0,250,red,7193,T11
118,0,1,0,250,red,7193,T11
119,1,0,0,250,red,7193,T11
120,1,0,0,250,red,7193,T11
121,1,0,0,250,red,7193,T11
122,1,0,0,250,red,7193,T11
123,1,0,0,250,red,7193,T11
124,1,0,0,250,red,7193,T11
125,1,0,0,250,red,7193,T11
126,1,0,0,250,red,7193,T11
127,1,0,0,250,red,7193,T11
128,1,0,0,250,red,7193,T11
129,1,0,0,250,red,7193,T11
130,1,0,0,250,red,7193,T11
131,1,0,0,250,red,7193,T11
132,1,0,0,250,red,7193,T11
133,1,0,0,250,red,7193,T11
134,1,0,0,250,red,7193,T11
135,1,0,0,250,red,7193,T11
136,1,0,0,250,red,7193,T11
137,1,0,0,250,red,7193,T11
138,1,0,0,250,red,7193,T11
139,1,0,0,250,red,7193,T11
140,1,0,0,250,red,7193,T11
141,1,0,0,250,red,7193,T11
142,1,0,0,250,red,7193,T11
143,1,0,0,250,red,7193,T11
144,1,0,0,250,red,7193,T11
145,1,0,0,250,red,7193,T11
146,1,0,0,250,red,7193,T11
147,1,0,0,250,red,7193,T11
148,1,0,0,250,red,7193,T11
149,1,0,0,250,red,7193,T11
150,1,0,0,250,red,7193,T11
151,1,0,0,250,red,7193,T11
152,1,0,0,250,red,7193,T11
153,1,0,0,250,red,7193,T11
154,1,0,0,250,red,7193,T11
155,1,0,0,250,red,7193,T11
156,1,0,0,250,red,7193,T11
157,1,0,0,250,red,7193,T11
158,1,0,0,250,red,7193,T11
159,1,0,0,250,red,7193,T11
160,1,0,0,250,red,7193,T11
161,1,0,0,250,red,7193,T11
162,1,0,0,250,red,7193,T11
163,1,0,0,250,red,7193,T11
164,1,0,0,250,red,7193,T11
165,1,0,0,250,red,7193,T11
166,1,0,0,250,red,7193,T11
167,1,0,0,250,red,7193,T11
168,1,0,0,250,red,7193,T11
169,1,0,0,250,red,7193,T11
170,1,0,0,250,red,7193,T11
171,1,0,0,250,red,7193,T11
172,1,0,0,250,red,7193,T11
173,1,0,0,250,red,7193,T11
174,1,0,0,250,red,7193,T11
175,1,0,0,250,red,7193,T11
176,1,0,0,250,red,7193,T11
177,1,0,0,250,red,7193,T11
178,1,0,0,250,red,7193,T11
179,1,0,0,250,red,7193,T11
180,1,0,0,250,red,7193,T11
181,1,0,0,250,red,7193,T11
182,1,0,0,250,red,7193,T11
183,1,0,0,250,red,7193,T11
184,1,0,0,250,red,7193,T11
185,1,0,0,250,red,7193,T11
186,1,0,0,250,red,7193,T11
187,1,0,0,250,red,7193,T11
188,1,0,0,250,red,7193,T11
189,1,0,0,250,red,7193,T11
190,1,0,0,250,red,7193,T11
191,1,0,0,250,red,7193,T11
192,1,0,0,250,red,7193,T11
193,1,0,0,250,red,7193,T11
194,1,0,0,250,red,7193,T11
195,1,0,0,250,red,7193,T11
196,1,0,0,250,red,7193,T11
197,1,0,0,250,red,7193,T11
198,1,0,0,250,red,7193,T11
199,1,0,0,250,red,7193,T11
200,1,0,0,250,red,7193,T11
201,1,0,0,250,red,7193,T11
202,1,0,0,250,red,7193,T11
203,1,0,0,250,red,7193,T11
204,1,0,0,250,red,7193,T11
205,1,0,0,250,red,7193,T11
206,1,0,0,250,red,7193,T11
207,1,0,0,250,red,7193,T11
208,1,0,0,250,red,7193,T11
209,1,0,0,250,red,7193,T11
210,1,0,0,250,red,7193,T11
211,1,0,0,250,red,7193,T11
212,1,0,0,250,red,7193,T11
213,1,0,0,250,red,7193,T11
214,1,0,0,250,red,7193,T11
215,1,0,0,250,red,7193,T11
216,1,0,0,250,red,7193,T11
217,1,0,0,250,red,7193,T11
218,1,0,0,250,red,7193,T11
219,1,0,0,250,red,7193,T11
220,1,0,0,250,red,7193,T11
221,1,0,0,250,red,7193,T11
0,0,0,1,252,red,7706,T11
1,0,0,1,252,red,7706,T11
2,0,0,1,252,red,7706,T11
3,0,0,1,252,red,7706,T11
4,0,0,1,252,red,7706,T11
5,0,0,1,252,red,7706,T11
6,0,0,1,252,red,7706,T11
7,0,0,1,252,red,7706,T11
8,0,0,1,252,red,7706,T11
9,0,0,1,252,red,7706,T11
10,0,0,1,252,red,7706,T11
11,0,0,1,252,red,7706,T11
12,0,0,1,252,red,7706,T11
13,0,0,1,252,red,7706,T11
14,0,0,1,252,red,7706,T11
15,0,0,1,252,red,7706,T11
16,0,0,1,252,red,7706,T11
17,0,0,1,252,red,7706,T11
18,0,0,1,252,red,7706,T11
19,0,0,1,252,red,7706,T11
20,0,0,1,252,red,7706,T11
21,0,0,1,252,red,7706,T11
22,0,0,1,252,red,7706,T11
23,0,0,1,252,red,7706,T11
24,0,0,1,252,red,7706,T11
25,0,0,1,252,red,7706,T11
26,0,0,1,252,red,7706,T11
27,0,0,1,252,red,7706,T11
28,0,0,1,252,red,7706,T11
29,0,0,1,252,red,7706,T11
30,0,0,1,252,red,7706,T11
31,0,0,1,252,red,7706,T11
32,0,0,1,252,red,7706,T11
33,0,0,1,252,red,7706,T11
34,0,0,1,252,red,7706,T11
35,0,0,1,252,red,7706,T11
36,0,0,1,252,red,7706,T11
37,0,0,1,252,red,7706,T11
38,0,0,1,252,red,7706,T11
39,0,0,1,252,red,7706,T11
40,0,0,1,252,red,7706,T11
41,0,0,1,252,red,7706,T11
42,0,0,1,252,red,7706,T11
43,0,0,1,252,red,7706,T11
44,0,0,1,252,red,7706,T11
45,0,0,1,252,red,7706,T11
46,0,0,1,252,red,7706,T11
47,0,0,1,252,red,7706,T11
48,0,1,0,252,red,7706,T11
49,0,1,0,252,red,7706,T11
50,0,1,0,252,red,7706,T11
51,0,1,0,252,red,7706,T11
52,0,1,0,252,red,7706,T11
53,0,0,1,252,red,7706,T11
54,0,0,1,252,red,7706,T11
55,0,0,1,252,red,7706,T11
56,0,0,1,252,red,7706,T11
57,0,0,1,252,red,7706,T11
58,0,0,1,252,red,7706,T11
59,0,0,1,252,red,7706,T11
60,0,0,1,252,red,7706,T11
61,0,0,1,252,red,7706,T11
62,0,0,1,252,red,7706,T11
63,0,0,1,252,red,7706,T11
64,0,0,1,252,red,7706,T11
65,0,0,1,252,red,7706,T11
66,0,0,1,252,red,7706,T11
67,0,0,1,252,red,7706,T11
68,0,0,1,252,red,7706,T11
69,0,1,0,252,red,7706,T11
70,0,1,0,252,red,7706,T11
71,0,1,0,252,red,7706,T11
72,0,1,0,252,red,7706,T11
73,0,0,1,252,red,7706,T11
74,0,0,1,252,red,7706,T11
75,0,0,1,252,red,7706,T11
76,0,0,1,252,red,7706,T11
77,0,0,1,252,red,7706,T11
78,0,0,1,252,red,7706,T11
79,0,0,1,252,red,7706,T11
80,0,0,1,252,red,7706,T11
81,0,0,1,252,red,7706,T11
82,0,0,1,252,red,7706,T11
83,0,0,1,252,red,7706,T11
84,0,1,0,252,red,7706,T11
85,0,1,0,252,red,7706,T11
86,0,1,0,252,red,7706,T11
87,0,1,0,252,red,7706,T11
88,0,0,1,252,red,7706,T11
89,0,0,1,252,red,7706,T11
90,0,0,1,252,red,7706,T11
91,0,0,1,252,red,7706,T11
92,0,0,1,252,red,7706,T11
93,0,0,1,252,red,7706,T11
94,0,0,1,252,red,7706,T11
95,0,0,1,252,red,7706,T11
96,0,0,1,252,red,7706,T11
97,0,0,1,252,red,7706,T11
98,0,0,1,252,red,7706,T11
99,0,0,1,252,red,7706,T11
100,0,0,1,252,red,7706,T11
101,0,0,1,252,red,7706,T11
102,0,0,1,252,red,7706,T11
103,0,0,1,252,red,7706,T11
104,0,0,1,252,red,7706,T11
105,0,0,1,252,red,7706,T11
106,0,0,1,252,red,7706,T11
107,0,0,1,252,red,7706,T11
108,0,0,1,252,red,7706,T11
109,0,0,1,252,red,7706,T11
110,0,0,1,252,red,7706,T11
111,0,0,1,252,red,7706,T11
112,0,0,1,252,red,7706,T11
113,0,0,1,252,red,7706,T11
114,0,0,1,252,red,7706,T11
115,0,0,1,252,red,7706,T11
116,0,0,1,252,red,7706,T11
117,0,0,1,252,red,7706,T11
118,0,0,1,252,red,7706,T11
119,0,0,1,252,red,7706,T11
120,1,0,0,252,red,7706,T11
121,1,0,0,252,red,7706,T11
122,1,0,0,252,red,7706,T11
123,1,0,0,252,red,7706,T11
124,1,0,0,252,red,7706,T11
125,1,0,0,252,red,7706,T11
126,0,0,1,252,red,7706,T11
127,0,0,1,252,red,7706,T11
128,0,0,1,252,red,7706,T11
129,1,0,0,252,red,7706,T11
130,1,0,0,252,red,7706,T11
131,1,0,0,252,red,7706,T11
132,0,0,1,252,red,7706,T11
133,0,0,1,252,red,7706,T11
134,0,0,1,252,red,7706,T11
135,1,0,0,252,red,7706,T11
136,1,0,0,252,red,7706,T11
137,1,0,0,252,red,7706,T11
138,1,0,0,252,red,7706,T11
139,0,0,1,252,red,7706,T11
140,1,0,0,252,red,7706,T11
141,1,0,0,252,red,7706,T11
142,1,0,0,252,red,7706,T11
143,0,0,1,252,red,7706,T11
144,0,0,1,252,red,7706,T11
145,1,0,0,252,red,7706,T11
146,1,0,0,252,red,7706,T11
147,1,0,0,252,red,7706,T11
148,0,0,1,252,red,7706,T11
149,0,0,1,252,red,7706,T11
150,1,0,0,252,red,7706,T11
151,1,0,0,252,red,7706,T11
152,0,0,1,252,red,7706,T11
153,0,0,1,252,red,7706,T11
154,0,0,1,252,red,7706,T11
155,1,0,0,252,red,7706,T11
156,1,0,0,252,red,7706,T11
157,0,0,1,252,red,7706,T11
158,0,0,1,252,red,7706,T11
159,0,0,1,252,red,7706,T11
160,1,0,0,252,red,7706,T11
161,1,0,0,252,red,7706,T11
162,0,0,1,252,red,7706,T11
163,0,0,1,252,red,7706,T11
164,0,0,1,252,red,7706,T11
165,1,0,0,252,red,7706,T11
166,1,0,0,252,red,7706,T11
167,1,0,0,252,red,7706,T11
168,0,0,1,252,red,7706,T11
169,0,0,1,252,red,7706,T11
170,0,0,1,252,red,7706,T11
171,1,0,0,252,red,7706,T11
172,1,0,0,252,red,7706,T11
173,0,0,1,252,red,7706,T11
174,0,0,1,252,red,7706,T11
175,0,0,1,252,red,7706,T11
176,1,0,0,252,red,7706,T11
177,1,0,0,252,red,7706,T11
178,1,0,0,252,red,7706,T11
179,0,0,1,252,red,7706,T11
180,0,0,1,252,red,7706,T11
181,0,0,1,252,red,7706,T11
182,0,0,1,252,red,7706,T11
183,1,0,0,252,red,7706,T11
184,1,0,0,252,red,7706,T11
185,1,0,0,252,red,7706,T11
186,0,0,1,252,red,7706,T11
187,0,0,1,252,red,7706,T11
188,0,0,1,252,red,7706,T11
189,0,0,1,252,red,7706,T11
190,1,0,0,252,red,7706,T11
191,1,0,0,252,red,7706,T11
192,1,0,0,252,red,7706,T11
193,1,0,0,252,red,7706,T11
194,0,0,1,252,red,7706,T11
195,0,0,1,252,red,7706,T11
196,0,0,1,252,red,7706,T11
197,0,0,1,252,red,7706,T11
198,1,0,0,252,red,7706,T11
199,1,0,0,252,red,7706,T11
200,1,0,0,252,red,7706,T11
201,0,0,1,252,red,7706,T11
202,0,0,1,252,red,7706,T11
203,0,0,1,252,red,7706,T11
204,0,0,1,252,red,7706,T11
205,1,0,0,252,red,7706,T11
206,1,0,0,252,red,7706,T11
207,1,0,0,252,red,7706,T11
208,1,0,0,252,red,7706,T11
209,0,0,1,252,red,7706,T11
210,0,0,1,252,red,7706,T11
211,0,0,1,252,red,7706,T11
212,0,0,1,252,red,7706,T11
213,0,0,1,252,red,7706,T11
214,0,0,1,252,red,7706,T11
215,0,0,1,252,red,7706,T11
216,0,0,1,252,red,7706,T11
217,0,0,1,252,red,7706,T11
218,0,0,1,252,red,7706,T11
219,0,0,1,252,red,7706,T11
220,1,0,0,252,red,7706,T11
221,1,0,0,252,red,7706,T11
0,0,0,1,254,red,7219,T11
1,0,0,1,254,red,7219,T11
2,0,0,1,254,red,7219,T11
3,0,0,1,254,red,7219,T11
4,0,0,1,254,red,7219,T11
5,0,0,1,254,red,7219,T11
6,0,0,1,254,red,7219,T11
7,0,0,1,254,red,7219,T11
8,0,0,1,254,red,7219,T11
9,0,0,1,254,red,7219,T11
10,0,0,1,254,red,7219,T11
11,0,0,1,254,red,7219,T11
12,0,0,1,254,red,7219,T11
13,0,0,1,254,red,7219,T11
14,0,0,1,254,red,7219,T11
15,0,0,1,254,red,7219,T11
16,0,0,1,254,red,7219,T11
17,0,0,1,254,red,7219,T11
18,0,0,1,254,red,7219,T11
19,0,0,1,254,red,7219,T11
20,0,0,1,254,red,7219,T11
21,0,0,1,254,red,7219,T11
22,0,0,1,254,red,7219,T11
23,0,0,1,254,red,7219,T11
24,0,0,1,254,red,7219,T11
25,0,0,1,254,red,7219,T11
26,0,0,1,254,red,7219,T11
27,0,0,1,254,red,7219,T11
28,0,0,1,254,red,7219,T11
29,0,0,1,254,red,7219,T11
30,0,0,1,254,red,7219,T11
31,0,0,1,254,red,7219,T11
32,0,0,1,254,red,7219,T11
33,0,0,1,254,red,7219,T11
34,0,0,1,254,red,7219,T11
35,1,0,0,254,red,7219,T11
36,1,0,0,254,red,7219,T11
37,1,0,0,254,red,7219,T11
38,1,0,0,254,red,7219,T11
39,1,0,0,254,red,7219,T11
40,1,0,0,254,red,7219,T11
41,1,0,0,254,red,7219,T11
42,1,0,0,254,red,7219,T11
43,1,0,0,254,red,7219,T11
44,1,0,0,254,red,7219,T11
45,1,0,0,254,red,7219,T11
46,1,0,0,254,red,7219,T11
47,1,0,0,254,red,7219,T11
48,1,0,0,254,red,7219,T11
49,1,0,0,254,red,7219,T11
50,1,0,0,254,red,7219,T11
51,1,0,0,254,red,7219,T11
52,1,0,0,254,red,7219,T11
53,1,0,0,254,red,7219,T11
54,1,0,0,254,red,7219,T11
55,1,0,0,254,red,7219,T11
56,1,0,0,254,red,7219,T11
57,1,0,0,254,red,7219,T11
58,1,0,0,254,red,7219,T11
59,1,0,0,254,red,7219,T11
60,1,0,0,254,red,7219,T11
61,1,0,0,254,red,7219,T11
62,1,0,0,254,red,7219,T11
63,1,0,0,254,red,7219,T11
64,1,0,0,254,red,7219,T11
65,1,0,0,254,red,7219,T11
66,1,0,0,254,red,7219,T11
67,1,0,0,254,red,7219,T11
68,1,0,0,254,red,7219,T11
69,1,0,0,254,red,7219,T11
70,1,0,0,254,red,7219,T11
71,1,0,0,254,red,7219,T11
72,1,0,0,254,red,7219,T11
73,1,0,0,254,red,7219,T11
74,1,0,0,254,red,7219,T11
75,1,0,0,254,red,7219,T11
76,1,0,0,254,red,7219,T11
77,1,0,0,254,red,7219,T11
78,1,0,0,254,red,7219,T11
79,1,0,0,254,red,7219,T11
80,1,0,0,254,red,7219,T11
81,1,0,0,254,red,7219,T11
82,1,0,0,254,red,7219,T11
83,1,0,0,254,red,7219,T11
84,1,0,0,254,red,7219,T11
85,1,0,0,254,red,7219,T11
86,1,0,0,254,red,7219,T11
87,1,0,0,254,red,7219,T11
88,1,0,0,254,red,7219,T11
89,1,0,0,254,red,7219,T11
90,1,0,0,254,red,7219,T11
91,1,0,0,254,red,7219,T11
92,1,0,0,254,red,7219,T11
93,1,0,0,254,red,7219,T11
94,1,0,0,254,red,7219,T11
95,1,0,0,254,red,7219,T11
96,1,0,0,254,red,7219,T11
97,1,0,0,254,red,7219,T11
98,1,0,0,254,red,7219,T11
99,1,0,0,254,red,7219,T11
100,1,0,0,254,red,7219,T11
101,1,0,0,254,red,7219,T11
102,1,0,0,254,red,7219,T11
103,1,0,0,254,red,7219,T11
104,1,0,0,254,red,7219,T11
105,1,0,0,254,red,7219,T11
106,1,0,0,254,red,7219,T11
107,1,0,0,254,red,7219,T11
108,1,0,0,254,red,7219,T11
109,1,0,0,254,red,7219,T11
110,1,0,0,254,red,7219,T11
111,1,0,0,254,red,7219,T11
112,1,0,0,254,red,7219,T11
113,1,0,0,254,red,7219,T11
114,1,0,0,254,red,7219,T11
115,1,0,0,254,red,7219,T11
116,1,0,0,254,red,7219,T11
117,1,0,0,254,red,7219,T11
118,1,0,0,254,red,7219,T11
119,1,0,0,254,red,7219,T11
120,1,0,0,254,red,7219,T11
121,1,0,0,254,red,7219,T11
122,1,0,0,254,red,7219,T11
123,1,0,0,254,red,7219,T11
124,1,0,0,254,red,7219,T11
125,1,0,0,254,red,7219,T11
126,1,0,0,254,red,7219,T11
127,1,0,0,254,red,7219,T11
128,1,0,0,254,red,7219,T11
129,1,0,0,254,red,7219,T11
130,1,0,0,254,red,7219,T11
131,1,0,0,254,red,7219,T11
132,1,0,0,254,red,7219,T11
133,1,0,0,254,red,7219,T11
134,1,0,0,254,red,7219,T11
135,1,0,0,254,red,7219,T11
136,1,0,0,254,red,7219,T11
137,1,0,0,254,red,7219,T11
138,1,0,0,254,red,7219,T11
139,1,0,0,254,red,7219,T11
140,1,0,0,254,red,7219,T11
141,1,0,0,254,red,7219,T11
142,1,0,0,254,red,7219,T11
143,1,0,0,254,red,7219,T11
144,1,0,0,254,red,7219,T11
145,1,0,0,254,red,7219,T11
146,1,0,0,254,red,7219,T11
147,1,0,0,254,red,7219,T11
148,1,0,0,254,red,7219,T11
149,1,0,0,254,red,7219,T11
150,1,0,0,254,red,7219,T11
151,1,0,0,254,red,7219,T11
152,1,0,0,254,red,7219,T11
153,1,0,0,254,red,7219,T11
154,1,0,0,254,red,7219,T11
155,1,0,0,254,red,7219,T11
156,1,0,0,254,red,7219,T11
157,1,0,0,254,red,7219,T11
158,1,0,0,254,red,7219,T11
159,1,0,0,254,red,7219,T11
160,1,0,0,254,red,7219,T11
161,1,0,0,254,red,7219,T11
162,1,0,0,254,red,7219,T11
163,1,0,0,254,red,7219,T11
164,1,0,0,254,red,7219,T11
165,1,0,0,254,red,7219,T11
166,1,0,0,254,red,7219,T11
167,1,0,0,254,red,7219,T11
168,1,0,0,254,red,7219,T11
169,1,0,0,254,red,7219,T11
170,1,0,0,254,red,7219,T11
171,1,0,0,254,red,7219,T11
172,1,0,0,254,red,7219,T11
173,1,0,0,254,red,7219,T11
174,1,0,0,254,red,7219,T11
175,1,0,0,254,red,7219,T11
176,1,0,0,254,red,7219,T11
177,1,0,0,254,red,7219,T11
178,1,0,0,254,red,7219,T11
179,1,0,0,254,red,7219,T11
180,1,0,0,254,red,7219,T11
181,1,0,0,254,red,7219,T11
182,1,0,0,254,red,7219,T11
183,1,0,0,254,red,7219,T11
184,1,0,0,254,red,7219,T11
185,1,0,0,254,red,7219,T11
186,1,0,0,254,red,7219,T11
187,1,0,0,254,red,7219,T11
188,1,0,0,254,red,7219,T11
189,1,0,0,254,red,7219,T11
190,1,0,0,254,red,7219,T11
191,1,0,0,254,red,7219,T11
192,1,0,0,254,red,7219,T11
193,1,0,0,254,red,7219,T11
194,1,0,0,254,red,7219,T11
195,1,0,0,254,red,7219,T11
196,1,0,0,254,red,7219,T11
197,1,0,0,254,red,7219,T11
198,1,0,0,254,red,7219,T11
199,1,0,0,254,red,7219,T11
200,1,0,0,254,red,7219,T11
201,1,0,0,254,red,7219,T11
202,1,0,0,254,red,7219,T11
203,1,0,0,254,red,7219,T11
204,1,0,0,254,red,7219,T11
205,1,0,0,254,red,7219,T11
206,1,0,0,254,red,7219,T11
207,1,0,0,254,red,7219,T11
208,1,0,0,254,red,7219,T11
209,1,0,0,254,red,7219,T11
210,1,0,0,254,red,7219,T11
211,1,0,0,254,red,7219,T11
212,1,0,0,254,red,7219,T11
213,1,0,0,254,red,7219,T11
214,1,0,0,254,red,7219,T11
215,1,0,0,254,red,7219,T11
216,1,0,0,254,red,7219,T11
217,1,0,0,254,red,7219,T11
218,1,0,0,254,red,7219,T11
219,1,0,0,254,red,7219,T11
220,1,0,0,254,red,7219,T11
221,1,0,0,254,red,7219,T11
0,0,0,1,255,red,7210,T11
1,0,0,1,255,red,7210,T11
2,0,0,1,255,red,7210,T11
3,0,0,1,255,red,7210,T11
4,0,0,1,255,red,7210,T11
5,0,0,1,255,red,7210,T11
6,0,0,1,255,red,7210,T11
7,0,0,1,255,red,7210,T11
8,0,0,1,255,red,7210,T11
9,0,0,1,255,red,7210,T11
10,0,0,1,255,red,7210,T11
11,0,0,1,255,red,7210,T11
12,0,0,1,255,red,7210,T11
13,0,0,1,255,red,7210,T11
14,0,0,1,255,red,7210,T11
15,0,0,1,255,red,7210,T11
16,0,0,1,255,red,7210,T11
17,0,0,1,255,red,7210,T11
18,0,0,1,255,red,7210,T11
19,0,0,1,255,red,7210,T11
20,0,0,1,255,red,7210,T11
21,0,0,1,255,red,7210,T11
22,0,0,1,255,red,7210,T11
23,0,0,1,255,red,7210,T11
24,0,0,1,255,red,7210,T11
25,0,0,1,255,red,7210,T11
26,0,0,1,255,red,7210,T11
27,0,0,1,255,red,7210,T11
28,0,0,1,255,red,7210,T11
29,0,1,0,255,red,7210,T11
30,0,1,0,255,red,7210,T11
31,0,1,0,255,red,7210,T11
32,0,1,0,255,red,7210,T11
33,0,1,0,255,red,7210,T11
34,0,1,0,255,red,7210,T11
35,0,1,0,255,red,7210,T11
36,0,1,0,255,red,7210,T11
37,0,1,0,255,red,7210,T11
38,0,1,0,255,red,7210,T11
39,0,1,0,255,red,7210,T11
40,0,1,0,255,red,7210,T11
41,0,1,0,255,red,7210,T11
42,0,1,0,255,red,7210,T11
43,0,1,0,255,red,7210,T11
44,0,1,0,255,red,7210,T11
45,0,1,0,255,red,7210,T11
46,0,1,0,255,red,7210,T11
47,0,1,0,255,red,7210,T11
48,0,1,0,255,red,7210,T11
49,0,1,0,255,red,7210,T11
50,0,1,0,255,red,7210,T11
51,0,1,0,255,red,7210,T11
52,0,1,0,255,red,7210,T11
53,0,1,0,255,red,7210,T11
54,0,1,0,255,red,7210,T11
55,0,1,0,255,red,7210,T11
56,0,1,0,255,red,7210,T11
57,0,1,0,255,red,7210,T11
58,0,1,0,255,red,7210,T11
59,0,1,0,255,red,7210,T11
60,0,1,0,255,red,7210,T11
61,0,1,0,255,red,7210,T11
62,0,1,0,255,red,7210,T11
63,0,1,0,255,red,7210,T11
64,0,1,0,255,red,7210,T11
65,0,1,0,255,red,7210,T11
66,0,1,0,255,red,7210,T11
67,0,1,0,255,red,7210,T11
68,0,1,0,255,red,7210,T11
69,0,1,0,255,red,7210,T11
70,0,1,0,255,red,7210,T11
71,0,1,0,255,red,7210,T11
72,0,1,0,255,red,7210,T11
73,0,1,0,255,red,7210,T11
74,0,1,0,255,red,7210,T11
75,0,1,0,255,red,7210,T11
76,0,1,0,255,red,7210,T11
77,0,1,0,255,red,7210,T11
78,0,1,0,255,red,7210,T11
79,0,1,0,255,red,7210,T11
80,0,1,0,255,red,7210,T11
81,0,1,0,255,red,7210,T11
82,0,1,0,255,red,7210,T11
83,0,1,0,255,red,7210,T11
84,0,1,0,255,red,7210,T11
85,0,0,1,255,red,7210,T11
86,1,0,0,255,red,7210,T11
87,1,0,0,255,red,7210,T11
88,1,0,0,255,red,7210,T11
89,1,0,0,255,red,7210,T11
90,1,0,0,255,red,7210,T11
91,1,0,0,255,red,7210,T11
92,1,0,0,255,red,7210,T11
93,1,0,0,255,red,7210,T11
94,1,0,0,255,red,7210,T11
95,1,0,0,255,red,7210,T11
96,1,0,0,255,red,7210,T11
97,1,0,0,255,red,7210,T11
98,1,0,0,255,red,7210,T11
99,1,0,0,255,red,7210,T11
100,1,0,0,255,red,7210,T11
101,1,0,0,255,red,7210,T11
102,1,0,0,255,red,7210,T11
103,1,0,0,255,red,7210,T11
104,1,0,0,255,red,7210,T11
105,1,0,0,255,red,7210,T11
106,1,0,0,255,red,7210,T11
107,1,0,0,255,red,7210,T11
108,1,0,0,255,red,7210,T11
109,1,0,0,255,red,7210,T11
110,1,0,0,255,red,7210,T11
111,1,0,0,255,red,7210,T11
112,1,0,0,255,red,7210,T11
113,1,0,0,255,red,7210,T11
114,1,0,0,255,red,7210,T11
115,1,0,0,255,red,7210,T11
116,1,0,0,255,red,7210,T11
117,1,0,0,255,red,7210,T11
118,1,0,0,255,red,7210,T11
119,1,0,0,255,red,7210,T11
120,1,0,0,255,red,7210,T11
121,1,0,0,255,red,7210,T11
122,1,0,0,255,red,7210,T11
123,1,0,0,255,red,7210,T11
124,1,0,0,255,red,7210,T11
125,1,0,0,255,red,7210,T11
126,1,0,0,255,red,7210,T11
127,1,0,0,255,red,7210,T11
128,1,0,0,255,red,7210,T11
129,1,0,0,255,red,7210,T11
130,1,0,0,255,red,7210,T11
131,1,0,0,255,red,7210,T11
132,1,0,0,255,red,7210,T11
133,1,0,0,255,red,7210,T11
134,1,0,0,255,red,7210,T11
135,1,0,0,255,red,7210,T11
136,1,0,0,255,red,7210,T11
137,1,0,0,255,red,7210,T11
138,1,0,0,255,red,7210,T11
139,1,0,0,255,red,7210,T11
140,1,0,0,255,red,7210,T11
141,1,0,0,255,red,7210,T11
142,1,0,0,255,red,7210,T11
143,1,0,0,255,red,7210,T11
144,1,0,0,255,red,7210,T11
145,1,0,0,255,red,7210,T11
146,1,0,0,255,red,7210,T11
147,1,0,0,255,red,7210,T11
148,1,0,0,255,red,7210,T11
149,1,0,0,255,red,7210,T11
150,1,0,0,255,red,7210,T11
151,1,0,0,255,red,7210,T11
152,1,0,0,255,red,7210,T11
153,1,0,0,255,red,7210,T11
154,1,0,0,255,red,7210,T11
155,1,0,0,255,red,7210,T11
156,1,0,0,255,red,7210,T11
157,1,0,0,255,red,7210,T11
158,1,0,0,255,red,7210,T11
159,1,0,0,255,red,7210,T11
160,1,0,0,255,red,7210,T11
161,1,0,0,255,red,7210,T11
162,1,0,0,255,red,7210,T11
163,1,0,0,255,red,7210,T11
164,1,0,0,255,red,7210,T11
165,1,0,0,255,red,7210,T11
166,1,0,0,255,red,7210,T11
167,1,0,0,255,red,7210,T11
168,1,0,0,255,red,7210,T11
169,1,0,0,255,red,7210,T11
170,1,0,0,255,red,7210,T11
171,1,0,0,255,red,7210,T11
172,1,0,0,255,red,7210,T11
173,1,0,0,255,red,7210,T11
174,1,0,0,255,red,7210,T11
175,1,0,0,255,red,7210,T11
176,1,0,0,255,red,7210,T11
177,1,0,0,255,red,7210,T11
178,1,0,0,255,red,7210,T11
179,1,0,0,255,red,7210,T11
180,1,0,0,255,red,7210,T11
181,1,0,0,255,red,7210,T11
182,1,0,0,255,red,7210,T11
183,1,0,0,255,red,7210,T11
184,1,0,0,255,red,7210,T11
185,1,0,0,255,red,7210,T11
186,1,0,0,255,red,7210,T11
187,1,0,0,255,red,7210,T11
188,1,0,0,255,red,7210,T11
189,1,0,0,255,red,7210,T11
190,1,0,0,255,red,7210,T11
191,1,0,0,255,red,7210,T11
192,1,0,0,255,red,7210,T11
193,1,0,0,255,red,7210,T11
194,1,0,0,255,red,7210,T11
195,1,0,0,255,red,7210,T11
196,1,0,0,255,red,7210,T11
197,1,0,0,255,red,7210,T11
198,1,0,0,255,red,7210,T11
199,1,0,0,255,red,7210,T11
200,1,0,0,255,red,7210,T11
201,1,0,0,255,red,7210,T11
202,1,0,0,255,red,7210,T11
203,1,0,0,255,red,7210,T11
204,1,0,0,255,red,7210,T11
205,1,0,0,255,red,7210,T11
206,1,0,0,255,red,7210,T11
207,1,0,0,255,red,7210,T11
208,1,0,0,255,red,7210,T11
209,1,0,0,255,red,7210,T11
210,1,0,0,255,red,7210,T11
211,1,0,0,255,red,7210,T11
212,1,0,0,255,red,7210,T11
213,1,0,0,255,red,7210,T11
214,1,0,0,255,red,7210,T11
215,1,0,0,255,red,7210,T11
216,1,0,0,255,red,7210,T11
217,1,0,0,255,red,7210,T11
218,1,0,0,255,red,7210,T11
219,1,0,0,255,red,7210,T11
220,1,0,0,255,red,7210,T11
221,1,0,0,255,red,7210,T11
0,0,0,1,256,red,7537,T11
1,0,0,1,256,red,7537,T11
2,0,0,1,256,red,7537,T11
3,0,0,1,256,red,7537,T11
4,0,0,1,256,red,7537,T11
5,0,0,1,256,red,7537,T11
6,0,0,1,256,red,7537,T11
7,0,0,1,256,red,7537,T11
8,0,0,1,256,red,7537,T11
9,0,0,1,256,red,7537,T11
10,0,0,1,256,red,7537,T11
11,0,0,1,256,red,7537,T11
12,0,0,1,256,red,7537,T11
13,0,0,1,256,red,7537,T11
14,0,0,1,256,red,7537,T11
15,0,0,1,256,red,7537,T11
16,0,0,1,256,red,7537,T11
17,0,0,1,256,red,7537,T11
18,0,0,1,256,red,7537,T11
19,0,0,1,256,red,7537,T11
20,0,0,1,256,red,7537,T11
21,0,0,1,256,red,7537,T11
22,0,0,1,256,red,7537,T11
23,0,0,1,256,red,7537,T11
24,0,0,1,256,red,7537,T11
25,0,0,1,256,red,7537,T11
26,0,0,1,256,red,7537,T11
27,0,0,1,256,red,7537,T11
28,0,0,1,256,red,7537,T11
29,0,0,1,256,red,7537,T11
30,0,0,1,256,red,7537,T11
31,0,0,1,256,red,7537,T11
32,0,0,1,256,red,7537,T11
33,0,0,1,256,red,7537,T11
34,0,0,1,256,red,7537,T11
35,0,0,1,256,red,7537,T11
36,0,0,1,256,red,7537,T11
37,0,0,1,256,red,7537,T11
38,0,0,1,256,red,7537,T11
39,0,0,1,256,red,7537,T11
40,0,0,1,256,red,7537,T11
41,0,0,1,256,red,7537,T11
42,0,0,1,256,red,7537,T11
43,0,0,1,256,red,7537,T11
44,0,0,1,256,red,7537,T11
45,0,0,1,256,red,7537,T11
46,0,0,1,256,red,7537,T11
47,0,0,1,256,red,7537,T11
48,0,0,1,256,red,7537,T11
49,0,0,1,256,red,7537,T11
50,0,0,1,256,red,7537,T11
51,0,0,1,256,red,7537,T11
52,0,0,1,256,red,7537,T11
53,0,0,1,256,red,7537,T11
54,0,0,1,256,red,7537,T11
55,0,0,1,256,red,7537,T11
56,0,0,1,256,red,7537,T11
57,1,0,0,256,red,7537,T11
58,1,0,0,256,red,7537,T11
59,1,0,0,256,red,7537,T11
60,1,0,0,256,red,7537,T11
61,1,0,0,256,red,7537,T11
62,1,0,0,256,red,7537,T11
63,1,0,0,256,red,7537,T11
64,1,0,0,256,red,7537,T11
65,1,0,0,256,red,7537,T11
66,1,0,0,256,red,7537,T11
67,1,0,0,256,red,7537,T11
68,1,0,0,256,red,7537,T11
69,1,0,0,256,red,7537,T11
70,1,0,0,256,red,7537,T11
71,1,0,0,256,red,7537,T11
72,1,0,0,256,red,7537,T11
73,1,0,0,256,red,7537,T11
74,1,0,0,256,red,7537,T11
75,1,0,0,256,red,7537,T11
76,1,0,0,256,red,7537,T11
77,1,0,0,256,red,7537,T11
78,1,0,0,256,red,7537,T11
79,1,0,0,256,red,7537,T11
80,1,0,0,256,red,7537,T11
81,1,0,0,256,red,7537,T11
82,1,0,0,256,red,7537,T11
83,1,0,0,256,red,7537,T11
84,1,0,0,256,red,7537,T11
85,1,0,0,256,red,7537,T11
86,1,0,0,256,red,7537,T11
87,1,0,0,256,red,7537,T11
88,1,0,0,256,red,7537,T11
89,1,0,0,256,red,7537,T11
90,1,0,0,256,red,7537,T11
91,1,0,0,256,red,7537,T11
92,1,0,0,256,red,7537,T11
93,1,0,0,256,red,7537,T11
94,1,0,0,256,red,7537,T11
95,1,0,0,256,red,7537,T11
96,1,0,0,256,red,7537,T11
97,1,0,0,256,red,7537,T11
98,1,0,0,256,red,7537,T11
99,1,0,0,256,red,7537,T11
100,1,0,0,256,red,7537,T11
101,1,0,0,256,red,7537,T11
102,1,0,0,256,red,7537,T11
103,1,0,0,256,red,7537,T11
104,1,0,0,256,red,7537,T11
105,1,0,0,256,red,7537,T11
106,1,0,0,256,red,7537,T11
107,1,0,0,256,red,7537,T11
108,0,0,1,256,red,7537,T11
109,0,1,0,256,red,7537,T11
110,0,1,0,256,red,7537,T11
111,0,1,0,256,red,7537,T11
112,0,1,0,256,red,7537,T11
113,0,1,0,256,red,7537,T11
114,0,1,0,256,red,7537,T11
115,0,1,0,256,red,7537,T11
116,0,1,0,256,red,7537,T11
117,0,1,0,256,red,7537,T11
118,0,1,0,256,red,7537,T11
119,0,1,0,256,red,7537,T11
120,0,1,0,256,red,7537,T11
121,0,1,0,256,red,7537,T11
122,0,1,0,256,red,7537,T11
123,0,1,0,256,red,7537,T11
124,0,1,0,256,red,7537,T11
125,0,0,1,256,red,7537,T11
126,0,0,1,256,red,7537,T11
127,1,0,0,256,red,7537,T11
128,1,0,0,256,red,7537,T11
129,1,0,0,256,red,7537,T11
130,1,0,0,256,red,7537,T11
131,1,0,0,256,red,7537,T11
132,1,0,0,256,red,7537,T11
133,1,0,0,256,red,7537,T11
134,1,0,0,256,red,7537,T11
135,1,0,0,256,red,7537,T11
136,1,0,0,256,red,7537,T11
137,1,0,0,256,red,7537,T11
138,1,0,0,256,red,7537,T11
139,1,0,0,256,red,7537,T11
140,1,0,0,256,red,7537,T11
141,1,0,0,256,red,7537,T11
142,1,0,0,256,red,7537,T11
143,1,0,0,256,red,7537,T11
144,1,0,0,256,red,7537,T11
145,1,0,0,256,red,7537,T11
146,1,0,0,256,red,7537,T11
147,1,0,0,256,red,7537,T11
148,1,0,0,256,red,7537,T11
149,1,0,0,256,red,7537,T11
150,1,0,0,256,red,7537,T11
151,1,0,0,256,red,7537,T11
152,1,0,0,256,red,7537,T11
153,1,0,0,256,red,7537,T11
154,1,0,0,256,red,7537,T11
155,1,0,0,256,red,7537,T11
156,1,0,0,256,red,7537,T11
157,1,0,0,256,red,7537,T11
158,1,0,0,256,red,7537,T11
159,1,0,0,256,red,7537,T11
160,1,0,0,256,red,7537,T11
161,1,0,0,256,red,7537,T11
162,1,0,0,256,red,7537,T11
163,1,0,0,256,red,7537,T11
164,1,0,0,256,red,7537,T11
165,1,0,0,256,red,7537,T11
166,1,0,0,256,red,7537,T11
167,1,0,0,256,red,7537,T11
168,1,0,0,256,red,7537,T11
169,1,0,0,256,red,7537,T11
170,1,0,0,256,red,7537,T11
171,1,0,0,256,red,7537,T11
172,1,0,0,256,red,7537,T11
173,1,0,0,256,red,7537,T11
174,1,0,0,256,red,7537,T11
175,1,0,0,256,red,7537,T11
176,1,0,0,256,red,7537,T11
177,1,0,0,256,red,7537,T11
178,1,0,0,256,red,7537,T11
179,1,0,0,256,red,7537,T11
180,1,0,0,256,red,7537,T11
181,1,0,0,256,red,7537,T11
182,1,0,0,256,red,7537,T11
183,1,0,0,256,red,7537,T11
184,1,0,0,256,red,7537,T11
185,1,0,0,256,red,7537,T11
186,1,0,0,256,red,7537,T11
187,1,0,0,256,red,7537,T11
188,1,0,0,256,red,7537,T11
189,1,0,0,256,red,7537,T11
190,1,0,0,256,red,7537,T11
191,1,0,0,256,red,7537,T11
192,1,0,0,256,red,7537,T11
193,1,0,0,256,red,7537,T11
194,1,0,0,256,red,7537,T11
195,1,0,0,256,red,7537,T11
196,1,0,0,256,red,7537,T11
197,1,0,0,256,red,7537,T11
198,1,0,0,256,red,7537,T11
199,1,0,0,256,red,7537,T11
200,1,0,0,256,red,7537,T11
201,1,0,0,256,red,7537,T11
202,1,0,0,256,red,7537,T11
203,1,0,0,256,red,7537,T11
204,1,0,0,256,red,7537,T11
205,1,0,0,256,red,7537,T11
206,1,0,0,256,red,7537,T11
207,1,0,0,256,red,7537,T11
208,1,0,0,256,red,7537,T11
209,1,0,0,256,red,7537,T11
210,1,0,0,256,red,7537,T11
211,1,0,0,256,red,7537,T11
212,1,0,0,256,red,7537,T11
213,1,0,0,256,red,7537,T11
214,1,0,0,256,red,7537,T11
215,1,0,0,256,red,7537,T11
216,1,0,0,256,red,7537,T11
217,1,0,0,256,red,7537,T11
218,1,0,0,256,red,7537,T11
219,1,0,0,256,red,7537,T11
220,1,0,0,256,red,7537,T11
221,1,0,0,256,red,7537,T11
0,0,0,1,257,red,7359,T11
1,0,0,1,257,red,7359,T11
2,0,0,1,257,red,7359,T11
3,0,0,1,257,red,7359,T11
4,0,0,1,257,red,7359,T11
5,0,0,1,257,red,7359,T11
6,0,0,1,257,red,7359,T11
7,0,0,1,257,red,7359,T11
8,0,0,1,257,red,7359,T11
9,0,0,1,257,red,7359,T11
10,0,0,1,257,red,7359,T11
11,0,0,1,257,red,7359,T11
12,0,0,1,257,red,7359,T11
13,0,0,1,257,red,7359,T11
14,0,0,1,257,red,7359,T11
15,0,0,1,257,red,7359,T11
16,0,0,1,257,red,7359,T11
17,0,0,1,257,red,7359,T11
18,0,0,1,257,red,7359,T11
19,0,0,1,257,red,7359,T11
20,0,0,1,257,red,7359,T11
21,0,0,1,257,red,7359,T11
22,0,0,1,257,red,7359,T11
23,0,0,1,257,red,7359,T11
24,0,0,1,257,red,7359,T11
25,0,0,1,257,red,7359,T11
26,0,0,1,257,red,7359,T11
27,0,0,1,257,red,7359,T11
28,0,0,1,257,red,7359,T11
29,0,0,1,257,red,7359,T11
30,0,0,1,257,red,7359,T11
31,0,0,1,257,red,7359,T11
32,0,0,1,257,red,7359,T11
33,0,0,1,257,red,7359,T11
34,0,0,1,257,red,7359,T11
35,0,0,1,257,red,7359,T11
36,0,0,1,257,red,7359,T11
37,0,0,1,257,red,7359,T11
38,0,0,1,257,red,7359,T11
39,0,0,1,257,red,7359,T11
40,0,0,1,257,red,7359,T11
41,0,0,1,257,red,7359,T11
42,0,0,1,257,red,7359,T11
43,0,0,1,257,red,7359,T11
44,0,0,1,257,red,7359,T11
45,0,0,1,257,red,7359,T11
46,0,0,1,257,red,7359,T11
47,0,0,1,257,red,7359,T11
48,0,0,1,257,red,7359,T11
49,0,0,1,257,red,7359,T11
50,0,0,1,257,red,7359,T11
51,0,0,1,257,red,7359,T11
52,0,0,1,257,red,7359,T11
53,1,0,0,257,red,7359,T11
54,1,0,0,257,red,7359,T11
55,1,0,0,257,red,7359,T11
56,1,0,0,257,red,7359,T11
57,1,0,0,257,red,7359,T11
58,1,0,0,257,red,7359,T11
59,1,0,0,257,red,7359,T11
60,1,0,0,257,red,7359,T11
61,1,0,0,257,red,7359,T11
62,1,0,0,257,red,7359,T11
63,1,0,0,257,red,7359,T11
64,1,0,0,257,red,7359,T11
65,1,0,0,257,red,7359,T11
66,1,0,0,257,red,7359,T11
67,1,0,0,257,red,7359,T11
68,1,0,0,257,red,7359,T11
69,1,0,0,257,red,7359,T11
70,1,0,0,257,red,7359,T11
71,1,0,0,257,red,7359,T11
72,1,0,0,257,red,7359,T11
73,1,0,0,257,red,7359,T11
74,1,0,0,257,red,7359,T11
75,1,0,0,257,red,7359,T11
76,1,0,0,257,red,7359,T11
77,1,0,0,257,red,7359,T11
78,1,0,0,257,red,7359,T11
79,1,0,0,257,red,7359,T11
80,1,0,0,257,red,7359,T11
81,1,0,0,257,red,7359,T11
82,1,0,0,257,red,7359,T11
83,1,0,0,257,red,7359,T11
84,1,0,0,257,red,7359,T11
85,1,0,0,257,red,7359,T11
86,1,0,0,257,red,7359,T11
87,1,0,0,257,red,7359,T11
88,1,0,0,257,red,7359,T11
89,1,0,0,257,red,7359,T11
90,1,0,0,257,red,7359,T11
91,1,0,0,257,red,7359,T11
92,1,0,0,257,red,7359,T11
93,1,0,0,257,red,7359,T11
94,1,0,0,257,red,7359,T11
95,1,0,0,257,red,7359,T11
96,1,0,0,257,red,7359,T11
97,1,0,0,257,red,7359,T11
98,1,0,0,257,red,7359,T11
99,1,0,0,257,red,7359,T11
100,1,0,0,257,red,7359,T11
101,1,0,0,257,red,7359,T11
102,1,0,0,257,red,7359,T11
103,1,0,0,257,red,7359,T11
104,1,0,0,257,red,7359,T11
105,1,0,0,257,red,7359,T11
106,1,0,0,257,red,7359,T11
107,1,0,0,257,red,7359,T11
108,1,0,0,257,red,7359,T11
109,1,0,0,257,red,7359,T11
110,1,0,0,257,red,7359,T11
111,1,0,0,257,red,7359,T11
112,1,0,0,257,red,7359,T11
113,1,0,0,257,red,7359,T11
114,1,0,0,257,red,7359,T11
115,1,0,0,257,red,7359,T11
116,1,0,0,257,red,7359,T11
117,1,0,0,257,red,7359,T11
118,1,0,0,257,red,7359,T11
119,1,0,0,257,red,7359,T11
120,1,0,0,257,red,7359,T11
121,1,0,0,257,red,7359,T11
122,1,0,0,257,red,7359,T11
123,1,0,0,257,red,7359,T11
124,1,0,0,257,red,7359,T11
125,1,0,0,257,red,7359,T11
126,1,0,0,257,red,7359,T11
127,1,0,0,257,red,7359,T11
128,1,0,0,257,red,7359,T11
129,1,0,0,257,red,7359,T11
130,1,0,0,257,red,7359,T11
131,1,0,0,257,red,7359,T11
132,1,0,0,257,red,7359,T11
133,1,0,0,257,red,7359,T11
134,1,0,0,257,red,7359,T11
135,1,0,0,257,red,7359,T11
136,1,0,0,257,red,7359,T11
137,1,0,0,257,red,7359,T11
138,1,0,0,257,red,7359,T11
139,1,0,0,257,red,7359,T11
140,1,0,0,257,red,7359,T11
141,1,0,0,257,red,7359,T11
142,1,0,0,257,red,7359,T11
143,1,0,0,257,red,7359,T11
144,1,0,0,257,red,7359,T11
145,1,0,0,257,red,7359,T11
146,1,0,0,257,red,7359,T11
147,1,0,0,257,red,7359,T11
148,1,0,0,257,red,7359,T11
149,1,0,0,257,red,7359,T11
150,1,0,0,257,red,7359,T11
151,1,0,0,257,red,7359,T11
152,1,0,0,257,red,7359,T11
153,1,0,0,257,red,7359,T11
154,1,0,0,257,red,7359,T11
155,1,0,0,257,red,7359,T11
156,1,0,0,257,red,7359,T11
157,1,0,0,257,red,7359,T11
158,1,0,0,257,red,7359,T11
159,1,0,0,257,red,7359,T11
160,1,0,0,257,red,7359,T11
161,1,0,0,257,red,7359,T11
162,1,0,0,257,red,7359,T11
163,1,0,0,257,red,7359,T11
164,1,0,0,257,red,7359,T11
165,1,0,0,257,red,7359,T11
166,1,0,0,257,red,7359,T11
167,1,0,0,257,red,7359,T11
168,1,0,0,257,red,7359,T11
169,1,0,0,257,red,7359,T11
170,1,0,0,257,red,7359,T11
171,1,0,0,257,red,7359,T11
172,1,0,0,257,red,7359,T11
173,1,0,0,257,red,7359,T11
174,1,0,0,257,red,7359,T11
175,1,0,0,257,red,7359,T11
176,1,0,0,257,red,7359,T11
177,1,0,0,257,red,7359,T11
178,1,0,0,257,red,7359,T11
179,1,0,0,257,red,7359,T11
180,1,0,0,257,red,7359,T11
181,1,0,0,257,red,7359,T11
182,1,0,0,257,red,7359,T11
183,1,0,0,257,red,7359,T11
184,1,0,0,257,red,7359,T11
185,1,0,0,257,red,7359,T11
186,1,0,0,257,red,7359,T11
187,1,0,0,257,red,7359,T11
188,1,0,0,257,red,7359,T11
189,1,0,0,257,red,7359,T11
190,1,0,0,257,red,7359,T11
191,1,0,0,257,red,7359,T11
192,1,0,0,257,red,7359,T11
193,1,0,0,257,red,7359,T11
194,1,0,0,257,red,7359,T11
195,1,0,0,257,red,7359,T11
196,1,0,0,257,red,7359,T11
197,1,0,0,257,red,7359,T11
198,1,0,0,257,red,7359,T11
199,1,0,0,257,red,7359,T11
200,1,0,0,257,red,7359,T11
201,1,0,0,257,red,7359,T11
202,1,0,0,257,red,7359,T11
203,1,0,0,257,red,7359,T11
204,1,0,0,257,red,7359,T11
205,1,0,0,257,red,7359,T11
206,1,0,0,257,red,7359,T11
207,1,0,0,257,red,7359,T11
208,1,0,0,257,red,7359,T11
209,1,0,0,257,red,7359,T11
210,1,0,0,257,red,7359,T11
211,1,0,0,257,red,7359,T11
212,1,0,0,257,red,7359,T11
213,1,0,0,257,red,7359,T11
214,1,0,0,257,red,7359,T11
215,1,0,0,257,red,7359,T11
216,1,0,0,257,red,7359,T11
217,1,0,0,257,red,7359,T11
218,1,0,0,257,red,7359,T11
219,1,0,0,257,red,7359,T11
220,1,0,0,257,red,7359,T11
221,1,0,0,257,red,7359,T11
0,0,0,1,258,red,8116,T11
1,0,0,1,258,red,8116,T11
2,0,0,1,258,red,8116,T11
3,0,0,1,258,red,8116,T11
4,0,0,1,258,red,8116,T11
5,0,0,1,258,red,8116,T11
6,0,0,1,258,red,8116,T11
7,0,0,1,258,red,8116,T11
8,0,0,1,258,red,8116,T11
9,0,0,1,258,red,8116,T11
10,0,0,1,258,red,8116,T11
11,0,0,1,258,red,8116,T11
12,0,0,1,258,red,8116,T11
13,0,0,1,258,red,8116,T11
14,0,0,1,258,red,8116,T11
15,0,0,1,258,red,8116,T11
16,0,0,1,258,red,8116,T11
17,0,0,1,258,red,8116,T11
18,0,0,1,258,red,8116,T11
19,0,0,1,258,red,8116,T11
20,0,0,1,258,red,8116,T11
21,0,0,1,258,red,8116,T11
22,0,0,1,258,red,8116,T11
23,0,0,1,258,red,8116,T11
24,0,0,1,258,red,8116,T11
25,0,0,1,258,red,8116,T11
26,0,0,1,258,red,8116,T11
27,0,0,1,258,red,8116,T11
28,0,0,1,258,red,8116,T11
29,0,0,1,258,red,8116,T11
30,0,0,1,258,red,8116,T11
31,0,0,1,258,red,8116,T11
32,0,0,1,258,red,8116,T11
33,0,0,1,258,red,8116,T11
34,0,0,1,258,red,8116,T11
35,0,0,1,258,red,8116,T11
36,0,0,1,258,red,8116,T11
37,0,0,1,258,red,8116,T11
38,0,0,1,258,red,8116,T11
39,0,0,1,258,red,8116,T11
40,0,0,1,258,red,8116,T11
41,0,0,1,258,red,8116,T11
42,0,0,1,258,red,8116,T11
43,0,0,1,258,red,8116,T11
44,0,0,1,258,red,8116,T11
45,0,0,1,258,red,8116,T11
46,0,0,1,258,red,8116,T11
47,0,0,1,258,red,8116,T11
48,0,0,1,258,red,8116,T11
49,0,0,1,258,red,8116,T11
50,0,0,1,258,red,8116,T11
51,0,0,1,258,red,8116,T11
52,0,0,1,258,red,8116,T11
53,0,0,1,258,red,8116,T11
54,0,0,1,258,red,8116,T11
55,0,0,1,258,red,8116,T11
56,0,0,1,258,red,8116,T11
57,0,0,1,258,red,8116,T11
58,0,0,1,258,red,8116,T11
59,0,0,1,258,red,8116,T11
60,0,0,1,258,red,8116,T11
61,0,0,1,258,red,8116,T11
62,0,0,1,258,red,8116,T11
63,0,0,1,258,red,8116,T11
64,0,0,1,258,red,8116,T11
65,0,0,1,258,red,8116,T11
66,0,1,0,258,red,8116,T11
67,0,1,0,258,red,8116,T11
68,0,1,0,258,red,8116,T11
69,0,1,0,258,red,8116,T11
70,0,1,0,258,red,8116,T11
71,0,1,0,258,red,8116,T11
72,0,1,0,258,red,8116,T11
73,0,1,0,258,red,8116,T11
74,0,1,0,258,red,8116,T11
75,0,1,0,258,red,8116,T11
76,0,1,0,258,red,8116,T11
77,0,1,0,258,red,8116,T11
78,0,1,0,258,red,8116,T11
79,0,1,0,258,red,8116,T11
80,0,1,0,258,red,8116,T11
81,0,1,0,258,red,8116,T11
82,0,1,0,258,red,8116,T11
83,0,1,0,258,red,8116,T11
84,0,1,0,258,red,8116,T11
85,0,1,0,258,red,8116,T11
86,0,1,0,258,red,8116,T11
87,0,1,0,258,red,8116,T11
88,0,1,0,258,red,8116,T11
89,0,1,0,258,red,8116,T11
90,0,1,0,258,red,8116,T11
91,0,1,0,258,red,8116,T11
92,0,1,0,258,red,8116,T11
93,0,0,1,258,red,8116,T11
94,1,0,0,258,red,8116,T11
95,1,0,0,258,red,8116,T11
96,1,0,0,258,red,8116,T11
97,1,0,0,258,red,8116,T11
98,1,0,0,258,red,8116,T11
99,1,0,0,258,red,8116,T11
100,1,0,0,258,red,8116,T11
101,1,0,0,258,red,8116,T11
102,1,0,0,258,red,8116,T11
103,1,0,0,258,red,8116,T11
104,1,0,0,258,red,8116,T11
105,0,1,0,258,red,8116,T11
106,0,1,0,258,red,8116,T11
107,0,1,0,258,red,8116,T11
108,0,1,0,258,red,8116,T11
109,0,1,0,258,red,8116,T11
110,0,1,0,258,red,8116,T11
111,0,1,0,258,red,8116,T11
112,0,1,0,258,red,8116,T11
113,0,1,0,258,red,8116,T11
114,0,1,0,258,red,8116,T11
115,0,1,0,258,red,8116,T11
116,0,1,0,258,red,8116,T11
117,0,1,0,258,red,8116,T11
118,0,1,0,258,red,8116,T11
119,0,1,0,258,red,8116,T11
120,0,1,0,258,red,8116,T11
121,0,1,0,258,red,8116,T11
122,0,1,0,258,red,8116,T11
123,0,1,0,258,red,8116,T11
124,0,0,1,258,red,8116,T11
125,1,0,0,258,red,8116,T11
126,1,0,0,258,red,8116,T11
127,1,0,0,258,red,8116,T11
128,1,0,0,258,red,8116,T11
129,1,0,0,258,red,8116,T11
130,1,0,0,258,red,8116,T11
131,1,0,0,258,red,8116,T11
132,1,0,0,258,red,8116,T11
133,1,0,0,258,red,8116,T11
134,1,0,0,258,red,8116,T11
135,1,0,0,258,red,8116,T11
136,1,0,0,258,red,8116,T11
137,1,0,0,258,red,8116,T11
138,1,0,0,258,red,8116,T11
139,1,0,0,258,red,8116,T11
140,1,0,0,258,red,8116,T11
141,1,0,0,258,red,8116,T11
142,1,0,0,258,red,8116,T11
143,1,0,0,258,red,8116,T11
144,1,0,0,258,red,8116,T11
145,1,0,0,258,red,8116,T11
146,1,0,0,258,red,8116,T11
147,1,0,0,258,red,8116,T11
148,1,0,0,258,red,8116,T11
149,1,0,0,258,red,8116,T11
150,1,0,0,258,red,8116,T11
151,1,0,0,258,red,8116,T11
152,1,0,0,258,red,8116,T11
153,1,0,0,258,red,8116,T11
154,1,0,0,258,red,8116,T11
155,1,0,0,258,red,8116,T11
156,1,0,0,258,red,8116,T11
157,1,0,0,258,red,8116,T11
158,1,0,0,258,red,8116,T11
159,1,0,0,258,red,8116,T11
160,1,0,0,258,red,8116,T11
161,1,0,0,258,red,8116,T11
162,1,0,0,258,red,8116,T11
163,1,0,0,258,red,8116,T11
164,1,0,0,258,red,8116,T11
165,1,0,0,258,red,8116,T11
166,1,0,0,258,red,8116,T11
167,1,0,0,258,red,8116,T11
168,1,0,0,258,red,8116,T11
169,1,0,0,258,red,8116,T11
170,1,0,0,258,red,8116,T11
171,1,0,0,258,red,8116,T11
172,1,0,0,258,red,8116,T11
173,1,0,0,258,red,8116,T11
174,1,0,0,258,red,8116,T11
175,1,0,0,258,red,8116,T11
176,1,0,0,258,red,8116,T11
177,1,0,0,258,red,8116,T11
178,1,0,0,258,red,8116,T11
179,1,0,0,258,red,8116,T11
180,1,0,0,258,red,8116,T11
181,1,0,0,258,red,8116,T11
182,1,0,0,258,red,8116,T11
183,1,0,0,258,red,8116,T11
184,1,0,0,258,red,8116,T11
185,1,0,0,258,red,8116,T11
186,1,0,0,258,red,8116,T11
187,1,0,0,258,red,8116,T11
188,1,0,0,258,red,8116,T11
189,1,0,0,258,red,8116,T11
190,1,0,0,258,red,8116,T11
191,1,0,0,258,red,8116,T11
192,1,0,0,258,red,8116,T11
193,1,0,0,258,red,8116,T11
194,1,0,0,258,red,8116,T11
195,1,0,0,258,red,8116,T11
196,1,0,0,258,red,8116,T11
197,1,0,0,258,red,8116,T11
198,1,0,0,258,red,8116,T11
199,1,0,0,258,red,8116,T11
200,1,0,0,258,red,8116,T11
201,1,0,0,258,red,8116,T11
202,1,0,0,258,red,8116,T11
203,1,0,0,258,red,8116,T11
204,1,0,0,258,red,8116,T11
205,1,0,0,258,red,8116,T11
206,1,0,0,258,red,8116,T11
207,1,0,0,258,red,8116,T11
208,1,0,0,258,red,8116,T11
209,1,0,0,258,red,8116,T11
210,1,0,0,258,red,8116,T11
211,1,0,0,258,red,8116,T11
212,1,0,0,258,red,8116,T11
213,1,0,0,258,red,8116,T11
214,1,0,0,258,red,8116,T11
215,1,0,0,258,red,8116,T11
216,1,0,0,258,red,8116,T11
217,1,0,0,258,red,8116,T11
218,1,0,0,258,red,8116,T11
219,1,0,0,258,red,8116,T11
220,1,0,0,258,red,8116,T11
221,1,0,0,258,red,8116,T11
0,0,0,1,259,red,7113,T11
1,0,0,1,259,red,7113,T11
2,0,0,1,259,red,7113,T11
3,0,0,1,259,red,7113,T11
4,0,0,1,259,red,7113,T11
5,0,0,1,259,red,7113,T11
6,0,0,1,259,red,7113,T11
7,0,0,1,259,red,7113,T11
8,0,0,1,259,red,7113,T11
9,0,0,1,259,red,7113,T11
10,0,0,1,259,red,7113,T11
11,0,0,1,259,red,7113,T11
12,0,0,1,259,red,7113,T11
13,0,0,1,259,red,7113,T11
14,0,0,1,259,red,7113,T11
15,0,0,1,259,red,7113,T11
16,0,0,1,259,red,7113,T11
17,0,0,1,259,red,7113,T11
18,0,0,1,259,red,7113,T11
19,0,0,1,259,red,7113,T11
20,0,0,1,259,red,7113,T11
21,0,0,1,259,red,7113,T11
22,0,0,1,259,red,7113,T11
23,0,0,1,259,red,7113,T11
24,0,0,1,259,red,7113,T11
25,0,0,1,259,red,7113,T11
26,0,1,0,259,red,7113,T11
27,0,1,0,259,red,7113,T11
28,0,1,0,259,red,7113,T11
29,0,1,0,259,red,7113,T11
30,0,1,0,259,red,7113,T11
31,0,1,0,259,red,7113,T11
32,0,1,0,259,red,7113,T11
33,0,1,0,259,red,7113,T11
34,0,1,0,259,red,7113,T11
35,0,1,0,259,red,7113,T11
36,0,1,0,259,red,7113,T11
37,0,1,0,259,red,7113,T11
38,0,1,0,259,red,7113,T11
39,0,1,0,259,red,7113,T11
40,0,1,0,259,red,7113,T11
41,0,1,0,259,red,7113,T11
42,0,1,0,259,red,7113,T11
43,0,1,0,259,red,7113,T11
44,0,1,0,259,red,7113,T11
45,0,1,0,259,red,7113,T11
46,0,1,0,259,red,7113,T11
47,0,1,0,259,red,7113,T11
48,0,1,0,259,red,7113,T11
49,0,1,0,259,red,7113,T11
50,0,1,0,259,red,7113,T11
51,0,1,0,259,red,7113,T11
52,0,1,0,259,red,7113,T11
53,0,1,0,259,red,7113,T11
54,0,1,0,259,red,7113,T11
55,0,1,0,259,red,7113,T11
56,0,1,0,259,red,7113,T11
57,0,1,0,259,red,7113,T11
58,0,1,0,259,red,7113,T11
59,0,1,0,259,red,7113,T11
60,0,1,0,259,red,7113,T11
61,0,1,0,259,red,7113,T11
62,0,1,0,259,red,7113,T11
63,0,1,0,259,red,7113,T11
64,0,1,0,259,red,7113,T11
65,0,1,0,259,red,7113,T11
66,0,1,0,259,red,7113,T11
67,0,1,0,259,red,7113,T11
68,1,0,0,259,red,7113,T11
69,1,0,0,259,red,7113,T11
70,1,0,0,259,red,7113,T11
71,1,0,0,259,red,7113,T11
72,1,0,0,259,red,7113,T11
73,1,0,0,259,red,7113,T11
74,1,0,0,259,red,7113,T11
75,1,0,0,259,red,7113,T11
76,1,0,0,259,red,7113,T11
77,1,0,0,259,red,7113,T11
78,1,0,0,259,red,7113,T11
79,1,0,0,259,red,7113,T11
80,1,0,0,259,red,7113,T11
81,1,0,0,259,red,7113,T11
82,1,0,0,259,red,7113,T11
83,1,0,0,259,red,7113,T11
84,1,0,0,259,red,7113,T11
85,1,0,0,259,red,7113,T11
86,1,0,0,259,red,7113,T11
87,1,0,0,259,red,7113,T11
88,1,0,0,259,red,7113,T11
89,1,0,0,259,red,7113,T11
90,1,0,0,259,red,7113,T11
91,1,0,0,259,red,7113,T11
92,1,0,0,259,red,7113,T11
93,1,0,0,259,red,7113,T11
94,1,0,0,259,red,7113,T11
95,1,0,0,259,red,7113,T11
96,1,0,0,259,red,7113,T11
97,1,0,0,259,red,7113,T11
98,1,0,0,259,red,7113,T11
99,1,0,0,259,red,7113,T11
100,1,0,0,259,red,7113,T11
101,1,0,0,259,red,7113,T11
102,1,0,0,259,red,7113,T11
103,1,0,0,259,red,7113,T11
104,1,0,0,259,red,7113,T11
105,1,0,0,259,red,7113,T11
106,1,0,0,259,red,7113,T11
107,1,0,0,259,red,7113,T11
108,1,0,0,259,red,7113,T11
109,1,0,0,259,red,7113,T11
110,1,0,0,259,red,7113,T11
111,1,0,0,259,red,7113,T11
112,1,0,0,259,red,7113,T11
113,1,0,0,259,red,7113,T11
114,1,0,0,259,red,7113,T11
115,1,0,0,259,red,7113,T11
116,1,0,0,259,red,7113,T11
117,1,0,0,259,red,7113,T11
118,1,0,0,259,red,7113,T11
119,1,0,0,259,red,7113,T11
120,1,0,0,259,red,7113,T11
121,1,0,0,259,red,7113,T11
122,1,0,0,259,red,7113,T11
123,1,0,0,259,red,7113,T11
124,1,0,0,259,red,7113,T11
125,1,0,0,259,red,7113,T11
126,1,0,0,259,red,7113,T11
127,1,0,0,259,red,7113,T11
128,1,0,0,259,red,7113,T11
129,1,0,0,259,red,7113,T11
130,1,0,0,259,red,7113,T11
131,1,0,0,259,red,7113,T11
132,1,0,0,259,red,7113,T11
133,1,0,0,259,red,7113,T11
134,1,0,0,259,red,7113,T11
135,1,0,0,259,red,7113,T11
136,1,0,0,259,red,7113,T11
137,1,0,0,259,red,7113,T11
138,1,0,0,259,red,7113,T11
139,1,0,0,259,red,7113,T11
140,1,0,0,259,red,7113,T11
141,1,0,0,259,red,7113,T11
142,1,0,0,259,red,7113,T11
143,1,0,0,259,red,7113,T11
144,1,0,0,259,red,7113,T11
145,1,0,0,259,red,7113,T11
146,1,0,0,259,red,7113,T11
147,1,0,0,259,red,7113,T11
148,1,0,0,259,red,7113,T11
149,1,0,0,259,red,7113,T11
150,1,0,0,259,red,7113,T11
151,1,0,0,259,red,7113,T11
152,1,0,0,259,red,7113,T11
153,1,0,0,259,red,7113,T11
154,1,0,0,259,red,7113,T11
155,1,0,0,259,red,7113,T11
156,1,0,0,259,red,7113,T11
157,1,0,0,259,red,7113,T11
158,1,0,0,259,red,7113,T11
159,1,0,0,259,red,7113,T11
160,1,0,0,259,red,7113,T11
161,1,0,0,259,red,7113,T11
162,1,0,0,259,red,7113,T11
163,1,0,0,259,red,7113,T11
164,1,0,0,259,red,7113,T11
165,1,0,0,259,red,7113,T11
166,1,0,0,259,red,7113,T11
167,1,0,0,259,red,7113,T11
168,1,0,0,259,red,7113,T11
169,1,0,0,259,red,7113,T11
170,1,0,0,259,red,7113,T11
171,1,0,0,259,red,7113,T11
172,1,0,0,259,red,7113,T11
173,1,0,0,259,red,7113,T11
174,1,0,0,259,red,7113,T11
175,1,0,0,259,red,7113,T11
176,1,0,0,259,red,7113,T11
177,1,0,0,259,red,7113,T11
178,1,0,0,259,red,7113,T11
179,1,0,0,259,red,7113,T11
180,1,0,0,259,red,7113,T11
181,1,0,0,259,red,7113,T11
182,1,0,0,259,red,7113,T11
183,1,0,0,259,red,7113,T11
184,1,0,0,259,red,7113,T11
185,1,0,0,259,red,7113,T11
186,1,0,0,259,red,7113,T11
187,1,0,0,259,red,7113,T11
188,1,0,0,259,red,7113,T11
189,1,0,0,259,red,7113,T11
190,1,0,0,259,red,7113,T11
191,1,0,0,259,red,7113,T11
192,1,0,0,259,red,7113,T11
193,1,0,0,259,red,7113,T11
194,1,0,0,259,red,7113,T11
195,1,0,0,259,red,7113,T11
196,1,0,0,259,red,7113,T11
197,1,0,0,259,red,7113,T11
198,1,0,0,259,red,7113,T11
199,1,0,0,259,red,7113,T11
200,1,0,0,259,red,7113,T11
201,1,0,0,259,red,7113,T11
202,1,0,0,259,red,7113,T11
203,1,0,0,259,red,7113,T11
204,1,0,0,259,red,7113,T11
205,1,0,0,259,red,7113,T11
206,1,0,0,259,red,7113,T11
207,1,0,0,259,red,7113,T11
208,1,0,0,259,red,7113,T11
209,1,0,0,259,red,7113,T11
210,1,0,0,259,red,7113,T11
211,1,0,0,259,red,7113,T11
212,1,0,0,259,red,7113,T11
213,1,0,0,259,red,7113,T11
214,1,0,0,259,red,7113,T11
215,1,0,0,259,red,7113,T11
216,1,0,0,259,red,7113,T11
217,1,0,0,259,red,7113,T11
218,1,0,0,259,red,7113,T11
219,1,0,0,259,red,7113,T11
220,1,0,0,259,red,7113,T11
221,1,0,0,259,red,7113,T11
0,0,0,1,260,red,8622,T11
1,0,0,1,260,red,8622,T11
2,0,0,1,260,red,8622,T11
3,0,0,1,260,red,8622,T11
4,0,0,1,260,red,8622,T11
5,0,0,1,260,red,8622,T11
6,0,0,1,260,red,8622,T11
7,0,0,1,260,red,8622,T11
8,0,0,1,260,red,8622,T11
9,0,0,1,260,red,8622,T11
10,0,0,1,260,red,8622,T11
11,0,0,1,260,red,8622,T11
12,0,0,1,260,red,8622,T11
13,0,0,1,260,red,8622,T11
14,0,0,1,260,red,8622,T11
15,0,0,1,260,red,8622,T11
16,0,0,1,260,red,8622,T11
17,0,0,1,260,red,8622,T11
18,0,0,1,260,red,8622,T11
19,0,0,1,260,red,8622,T11
20,0,0,1,260,red,8622,T11
21,0,0,1,260,red,8622,T11
22,0,0,1,260,red,8622,T11
23,0,0,1,260,red,8622,T11
24,0,0,1,260,red,8622,T11
25,0,0,1,260,red,8622,T11
26,0,0,1,260,red,8622,T11
27,0,0,1,260,red,8622,T11
28,0,0,1,260,red,8622,T11
29,0,0,1,260,red,8622,T11
30,0,0,1,260,red,8622,T11
31,0,0,1,260,red,8622,T11
32,0,0,1,260,red,8622,T11
33,0,0,1,260,red,8622,T11
34,0,0,1,260,red,8622,T11
35,0,0,1,260,red,8622,T11
36,0,0,1,260,red,8622,T11
37,0,0,1,260,red,8622,T11
38,0,0,1,260,red,8622,T11
39,0,0,1,260,red,8622,T11
40,0,0,1,260,red,8622,T11
41,0,0,1,260,red,8622,T11
42,0,0,1,260,red,8622,T11
43,0,0,1,260,red,8622,T11
44,1,0,0,260,red,8622,T11
45,1,0,0,260,red,8622,T11
46,1,0,0,260,red,8622,T11
47,1,0,0,260,red,8622,T11
48,1,0,0,260,red,8622,T11
49,1,0,0,260,red,8622,T11
50,1,0,0,260,red,8622,T11
51,1,0,0,260,red,8622,T11
52,1,0,0,260,red,8622,T11
53,1,0,0,260,red,8622,T11
54,1,0,0,260,red,8622,T11
55,1,0,0,260,red,8622,T11
56,1,0,0,260,red,8622,T11
57,1,0,0,260,red,8622,T11
58,1,0,0,260,red,8622,T11
59,1,0,0,260,red,8622,T11
60,1,0,0,260,red,8622,T11
61,1,0,0,260,red,8622,T11
62,1,0,0,260,red,8622,T11
63,1,0,0,260,red,8622,T11
64,1,0,0,260,red,8622,T11
65,1,0,0,260,red,8622,T11
66,1,0,0,260,red,8622,T11
67,1,0,0,260,red,8622,T11
68,1,0,0,260,red,8622,T11
69,1,0,0,260,red,8622,T11
70,1,0,0,260,red,8622,T11
71,1,0,0,260,red,8622,T11
72,1,0,0,260,red,8622,T11
73,1,0,0,260,red,8622,T11
74,1,0,0,260,red,8622,T11
75,1,0,0,260,red,8622,T11
76,1,0,0,260,red,8622,T11
77,1,0,0,260,red,8622,T11
78,1,0,0,260,red,8622,T11
79,1,0,0,260,red,8622,T11
80,1,0,0,260,red,8622,T11
81,1,0,0,260,red,8622,T11
82,1,0,0,260,red,8622,T11
83,1,0,0,260,red,8622,T11
84,1,0,0,260,red,8622,T11
85,1,0,0,260,red,8622,T11
86,1,0,0,260,red,8622,T11
87,1,0,0,260,red,8622,T11
88,1,0,0,260,red,8622,T11
89,1,0,0,260,red,8622,T11
90,1,0,0,260,red,8622,T11
91,1,0,0,260,red,8622,T11
92,1,0,0,260,red,8622,T11
93,1,0,0,260,red,8622,T11
94,1,0,0,260,red,8622,T11
95,1,0,0,260,red,8622,T11
96,1,0,0,260,red,8622,T11
97,1,0,0,260,red,8622,T11
98,1,0,0,260,red,8622,T11
99,1,0,0,260,red,8622,T11
100,1,0,0,260,red,8622,T11
101,1,0,0,260,red,8622,T11
102,1,0,0,260,red,8622,T11
103,1,0,0,260,red,8622,T11
104,1,0,0,260,red,8622,T11
105,1,0,0,260,red,8622,T11
106,1,0,0,260,red,8622,T11
107,1,0,0,260,red,8622,T11
108,1,0,0,260,red,8622,T11
109,1,0,0,260,red,8622,T11
110,1,0,0,260,red,8622,T11
111,1,0,0,260,red,8622,T11
112,1,0,0,260,red,8622,T11
113,1,0,0,260,red,8622,T11
114,1,0,0,260,red,8622,T11
115,1,0,0,260,red,8622,T11
116,1,0,0,260,red,8622,T11
117,1,0,0,260,red,8622,T11
118,1,0,0,260,red,8622,T11
119,1,0,0,260,red,8622,T11
120,1,0,0,260,red,8622,T11
121,1,0,0,260,red,8622,T11
122,1,0,0,260,red,8622,T11
123,1,0,0,260,red,8622,T11
124,1,0,0,260,red,8622,T11
125,1,0,0,260,red,8622,T11
126,1,0,0,260,red,8622,T11
127,1,0,0,260,red,8622,T11
128,1,0,0,260,red,8622,T11
129,1,0,0,260,red,8622,T11
130,1,0,0,260,red,8622,T11
131,1,0,0,260,red,8622,T11
132,1,0,0,260,red,8622,T11
133,1,0,0,260,red,8622,T11
134,1,0,0,260,red,8622,T11
135,1,0,0,260,red,8622,T11
136,1,0,0,260,red,8622,T11
137,1,0,0,260,red,8622,T11
138,1,0,0,260,red,8622,T11
139,1,0,0,260,red,8622,T11
140,1,0,0,260,red,8622,T11
141,1,0,0,260,red,8622,T11
142,1,0,0,260,red,8622,T11
143,1,0,0,260,red,8622,T11
144,1,0,0,260,red,8622,T11
145,1,0,0,260,red,8622,T11
146,1,0,0,260,red,8622,T11
147,1,0,0,260,red,8622,T11
148,1,0,0,260,red,8622,T11
149,1,0,0,260,red,8622,T11
150,1,0,0,260,red,8622,T11
151,1,0,0,260,red,8622,T11
152,1,0,0,260,red,8622,T11
153,1,0,0,260,red,8622,T11
154,1,0,0,260,red,8622,T11
155,1,0,0,260,red,8622,T11
156,1,0,0,260,red,8622,T11
157,1,0,0,260,red,8622,T11
158,1,0,0,260,red,8622,T11
159,1,0,0,260,red,8622,T11
160,1,0,0,260,red,8622,T11
161,1,0,0,260,red,8622,T11
162,1,0,0,260,red,8622,T11
163,1,0,0,260,red,8622,T11
164,1,0,0,260,red,8622,T11
165,1,0,0,260,red,8622,T11
166,1,0,0,260,red,8622,T11
167,1,0,0,260,red,8622,T11
168,1,0,0,260,red,8622,T11
169,1,0,0,260,red,8622,T11
170,1,0,0,260,red,8622,T11
171,1,0,0,260,red,8622,T11
172,1,0,0,260,red,8622,T11
173,1,0,0,260,red,8622,T11
174,1,0,0,260,red,8622,T11
175,1,0,0,260,red,8622,T11
176,1,0,0,260,red,8622,T11
177,1,0,0,260,red,8622,T11
178,1,0,0,260,red,8622,T11
179,1,0,0,260,red,8622,T11
180,1,0,0,260,red,8622,T11
181,1,0,0,260,red,8622,T11
182,1,0,0,260,red,8622,T11
183,1,0,0,260,red,8622,T11
184,1,0,0,260,red,8622,T11
185,1,0,0,260,red,8622,T11
186,1,0,0,260,red,8622,T11
187,1,0,0,260,red,8622,T11
188,1,0,0,260,red,8622,T11
189,1,0,0,260,red,8622,T11
190,1,0,0,260,red,8622,T11
191,1,0,0,260,red,8622,T11
192,1,0,0,260,red,8622,T11
193,1,0,0,260,red,8622,T11
194,1,0,0,260,red,8622,T11
195,1,0,0,260,red,8622,T11
196,1,0,0,260,red,8622,T11
197,1,0,0,260,red,8622,T11
198,1,0,0,260,red,8622,T11
199,1,0,0,260,red,8622,T11
200,1,0,0,260,red,8622,T11
201,1,0,0,260,red,8622,T11
202,1,0,0,260,red,8622,T11
203,1,0,0,260,red,8622,T11
204,1,0,0,260,red,8622,T11
205,1,0,0,260,red,8622,T11
206,1,0,0,260,red,8622,T11
207,1,0,0,260,red,8622,T11
208,1,0,0,260,red,8622,T11
209,1,0,0,260,red,8622,T11
210,1,0,0,260,red,8622,T11
211,1,0,0,260,red,8622,T11
212,1,0,0,260,red,8622,T11
213,1,0,0,260,red,8622,T11
214,1,0,0,260,red,8622,T11
215,1,0,0,260,red,8622,T11
216,1,0,0,260,red,8622,T11
217,1,0,0,260,red,8622,T11
218,1,0,0,260,red,8622,T11
219,1,0,0,260,red,8622,T11
220,1,0,0,260,red,8622,T11
221,1,0,0,260,red,8622,T11
0,0,0,1,261,red,7800,T11
1,0,0,1,261,red,7800,T11
2,0,0,1,261,red,7800,T11
3,0,0,1,261,red,7800,T11
4,0,0,1,261,red,7800,T11
5,0,0,1,261,red,7800,T11
6,0,0,1,261,red,7800,T11
7,0,0,1,261,red,7800,T11
8,0,0,1,261,red,7800,T11
9,0,0,1,261,red,7800,T11
10,0,0,1,261,red,7800,T11
11,0,0,1,261,red,7800,T11
12,0,0,1,261,red,7800,T11
13,0,0,1,261,red,7800,T11
14,0,0,1,261,red,7800,T11
15,0,0,1,261,red,7800,T11
16,0,0,1,261,red,7800,T11
17,0,0,1,261,red,7800,T11
18,0,0,1,261,red,7800,T11
19,0,0,1,261,red,7800,T11
20,0,0,1,261,red,7800,T11
21,0,0,1,261,red,7800,T11
22,0,0,1,261,red,7800,T11
23,0,0,1,261,red,7800,T11
24,0,0,1,261,red,7800,T11
25,0,0,1,261,red,7800,T11
26,0,0,1,261,red,7800,T11
27,0,0,1,261,red,7800,T11
28,0,0,1,261,red,7800,T11
29,0,0,1,261,red,7800,T11
30,0,0,1,261,red,7800,T11
31,0,0,1,261,red,7800,T11
32,0,0,1,261,red,7800,T11
33,0,0,1,261,red,7800,T11
34,0,0,1,261,red,7800,T11
35,0,0,1,261,red,7800,T11
36,0,0,1,261,red,7800,T11
37,0,0,1,261,red,7800,T11
38,0,0,1,261,red,7800,T11
39,0,0,1,261,red,7800,T11
40,0,0,1,261,red,7800,T11
41,0,0,1,261,red,7800,T11
42,0,0,1,261,red,7800,T11
43,0,0,1,261,red,7800,T11
44,0,0,1,261,red,7800,T11
45,1,0,0,261,red,7800,T11
46,1,0,0,261,red,7800,T11
47,1,0,0,261,red,7800,T11
48,1,0,0,261,red,7800,T11
49,1,0,0,261,red,7800,T11
50,1,0,0,261,red,7800,T11
51,1,0,0,261,red,7800,T11
52,1,0,0,261,red,7800,T11
53,1,0,0,261,red,7800,T11
54,1,0,0,261,red,7800,T11
55,1,0,0,261,red,7800,T11
56,1,0,0,261,red,7800,T11
57,1,0,0,261,red,7800,T11
58,1,0,0,261,red,7800,T11
59,1,0,0,261,red,7800,T11
60,1,0,0,261,red,7800,T11
61,1,0,0,261,red,7800,T11
62,1,0,0,261,red,7800,T11
63,1,0,0,261,red,7800,T11
64,1,0,0,261,red,7800,T11
65,1,0,0,261,red,7800,T11
66,1,0,0,261,red,7800,T11
67,1,0,0,261,red,7800,T11
68,1,0,0,261,red,7800,T11
69,1,0,0,261,red,7800,T11
70,1,0,0,261,red,7800,T11
71,1,0,0,261,red,7800,T11
72,1,0,0,261,red,7800,T11
73,1,0,0,261,red,7800,T11
74,1,0,0,261,red,7800,T11
75,1,0,0,261,red,7800,T11
76,1,0,0,261,red,7800,T11
77,1,0,0,261,red,7800,T11
78,1,0,0,261,red,7800,T11
79,1,0,0,261,red,7800,T11
80,1,0,0,261,red,7800,T11
81,1,0,0,261,red,7800,T11
82,1,0,0,261,red,7800,T11
83,1,0,0,261,red,7800,T11
84,1,0,0,261,red,7800,T11
85,1,0,0,261,red,7800,T11
86,1,0,0,261,red,7800,T11
87,1,0,0,261,red,7800,T11
88,1,0,0,261,red,7800,T11
89,1,0,0,261,red,7800,T11
90,1,0,0,261,red,7800,T11
91,1,0,0,261,red,7800,T11
92,1,0,0,261,red,7800,T11
93,1,0,0,261,red,7800,T11
94,1,0,0,261,red,7800,T11
95,1,0,0,261,red,7800,T11
96,1,0,0,261,red,7800,T11
97,1,0,0,261,red,7800,T11
98,1,0,0,261,red,7800,T11
99,1,0,0,261,red,7800,T11
100,1,0,0,261,red,7800,T11
101,1,0,0,261,red,7800,T11
102,1,0,0,261,red,7800,T11
103,1,0,0,261,red,7800,T11
104,1,0,0,261,red,7800,T11
105,1,0,0,261,red,7800,T11
106,1,0,0,261,red,7800,T11
107,1,0,0,261,red,7800,T11
108,1,0,0,261,red,7800,T11
109,1,0,0,261,red,7800,T11
110,1,0,0,261,red,7800,T11
111,1,0,0,261,red,7800,T11
112,1,0,0,261,red,7800,T11
113,0,1,0,261,red,7800,T11
114,0,1,0,261,red,7800,T11
115,0,1,0,261,red,7800,T11
116,0,1,0,261,red,7800,T11
117,0,1,0,261,red,7800,T11
118,0,1,0,261,red,7800,T11
119,0,1,0,261,red,7800,T11
120,0,1,0,261,red,7800,T11
121,0,1,0,261,red,7800,T11
122,0,1,0,261,red,7800,T11
123,0,1,0,261,red,7800,T11
124,0,1,0,261,red,7800,T11
125,0,1,0,261,red,7800,T11
126,0,1,0,261,red,7800,T11
127,0,1,0,261,red,7800,T11
128,0,1,0,261,red,7800,T11
129,0,1,0,261,red,7800,T11
130,0,1,0,261,red,7800,T11
131,0,1,0,261,red,7800,T11
132,0,1,0,261,red,7800,T11
133,0,0,1,261,red,7800,T11
134,0,0,1,261,red,7800,T11
135,0,0,1,261,red,7800,T11
136,1,0,0,261,red,7800,T11
137,1,0,0,261,red,7800,T11
138,1,0,0,261,red,7800,T11
139,1,0,0,261,red,7800,T11
140,1,0,0,261,red,7800,T11
141,1,0,0,261,red,7800,T11
142,1,0,0,261,red,7800,T11
143,1,0,0,261,red,7800,T11
144,1,0,0,261,red,7800,T11
145,1,0,0,261,red,7800,T11
146,1,0,0,261,red,7800,T11
147,1,0,0,261,red,7800,T11
148,1,0,0,261,red,7800,T11
149,1,0,0,261,red,7800,T11
150,1,0,0,261,red,7800,T11
151,1,0,0,261,red,7800,T11
152,1,0,0,261,red,7800,T11
153,1,0,0,261,red,7800,T11
154,1,0,0,261,red,7800,T11
155,1,0,0,261,red,7800,T11
156,1,0,0,261,red,7800,T11
157,1,0,0,261,red,7800,T11
158,1,0,0,261,red,7800,T11
159,1,0,0,261,red,7800,T11
160,1,0,0,261,red,7800,T11
161,1,0,0,261,red,7800,T11
162,1,0,0,261,red,7800,T11
163,1,0,0,261,red,7800,T11
164,1,0,0,261,red,7800,T11
165,1,0,0,261,red,7800,T11
166,1,0,0,261,red,7800,T11
167,1,0,0,261,red,7800,T11
168,1,0,0,261,red,7800,T11
169,1,0,0,261,red,7800,T11
170,1,0,0,261,red,7800,T11
171,1,0,0,261,red,7800,T11
172,1,0,0,261,red,7800,T11
173,1,0,0,261,red,7800,T11
174,1,0,0,261,red,7800,T11
175,1,0,0,261,red,7800,T11
176,1,0,0,261,red,7800,T11
177,1,0,0,261,red,7800,T11
178,1,0,0,261,red,7800,T11
179,1,0,0,261,red,7800,T11
180,1,0,0,261,red,7800,T11
181,1,0,0,261,red,7800,T11
182,1,0,0,261,red,7800,T11
183,1,0,0,261,red,7800,T11
184,1,0,0,261,red,7800,T11
185,1,0,0,261,red,7800,T11
186,1,0,0,261,red,7800,T11
187,1,0,0,261,red,7800,T11
188,1,0,0,261,red,7800,T11
189,1,0,0,261,red,7800,T11
190,1,0,0,261,red,7800,T11
191,1,0,0,261,red,7800,T11
192,1,0,0,261,red,7800,T11
193,1,0,0,261,red,7800,T11
194,1,0,0,261,red,7800,T11
195,1,0,0,261,red,7800,T11
196,1,0,0,261,red,7800,T11
197,1,0,0,261,red,7800,T11
198,1,0,0,261,red,7800,T11
199,1,0,0,261,red,7800,T11
200,1,0,0,261,red,7800,T11
201,1,0,0,261,red,7800,T11
202,1,0,0,261,red,7800,T11
203,1,0,0,261,red,7800,T11
204,1,0,0,261,red,7800,T11
205,1,0,0,261,red,7800,T11
206,1,0,0,261,red,7800,T11
207,1,0,0,261,red,7800,T11
208,1,0,0,261,red,7800,T11
209,1,0,0,261,red,7800,T11
210,1,0,0,261,red,7800,T11
211,1,0,0,261,red,7800,T11
212,1,0,0,261,red,7800,T11
213,1,0,0,261,red,7800,T11
214,1,0,0,261,red,7800,T11
215,1,0,0,261,red,7800,T11
216,1,0,0,261,red,7800,T11
217,1,0,0,261,red,7800,T11
218,1,0,0,261,red,7800,T11
219,1,0,0,261,red,7800,T11
220,1,0,0,261,red,7800,T11
221,1,0,0,261,red,7800,T11
0,0,0,1,262,red,9214,T11
1,0,0,1,262,red,9214,T11
2,0,0,1,262,red,9214,T11
3,0,0,1,262,red,9214,T11
4,0,0,1,262,red,9214,T11
5,0,0,1,262,red,9214,T11
6,0,0,1,262,red,9214,T11
7,0,0,1,262,red,9214,T11
8,0,0,1,262,red,9214,T11
9,0,0,1,262,red,9214,T11
10,0,0,1,262,red,9214,T11
11,0,0,1,262,red,9214,T11
12,0,0,1,262,red,9214,T11
13,0,0,1,262,red,9214,T11
14,0,0,1,262,red,9214,T11
15,0,0,1,262,red,9214,T11
16,0,0,1,262,red,9214,T11
17,0,0,1,262,red,9214,T11
18,0,0,1,262,red,9214,T11
19,0,0,1,262,red,9214,T11
20,0,0,1,262,red,9214,T11
21,0,0,1,262,red,9214,T11
22,0,0,1,262,red,9214,T11
23,0,0,1,262,red,9214,T11
24,0,0,1,262,red,9214,T11
25,0,0,1,262,red,9214,T11
26,0,0,1,262,red,9214,T11
27,0,0,1,262,red,9214,T11
28,0,0,1,262,red,9214,T11
29,0,0,1,262,red,9214,T11
30,0,0,1,262,red,9214,T11
31,0,0,1,262,red,9214,T11
32,0,0,1,262,red,9214,T11
33,0,0,1,262,red,9214,T11
34,0,0,1,262,red,9214,T11
35,0,0,1,262,red,9214,T11
36,0,0,1,262,red,9214,T11
37,0,0,1,262,red,9214,T11
38,0,0,1,262,red,9214,T11
39,0,0,1,262,red,9214,T11
40,0,0,1,262,red,9214,T11
41,0,0,1,262,red,9214,T11
42,0,0,1,262,red,9214,T11
43,0,0,1,262,red,9214,T11
44,0,0,1,262,red,9214,T11
45,0,0,1,262,red,9214,T11
46,0,0,1,262,red,9214,T11
47,0,0,1,262,red,9214,T11
48,0,0,1,262,red,9214,T11
49,0,0,1,262,red,9214,T11
50,0,0,1,262,red,9214,T11
51,0,0,1,262,red,9214,T11
52,0,0,1,262,red,9214,T11
53,0,0,1,262,red,9214,T11
54,0,0,1,262,red,9214,T11
55,0,0,1,262,red,9214,T11
56,0,0,1,262,red,9214,T11
57,0,0,1,262,red,9214,T11
58,0,0,1,262,red,9214,T11
59,0,0,1,262,red,9214,T11
60,0,0,1,262,red,9214,T11
61,0,0,1,262,red,9214,T11
62,0,0,1,262,red,9214,T11
63,0,0,1,262,red,9214,T11
64,0,0,1,262,red,9214,T11
65,0,0,1,262,red,9214,T11
66,0,0,1,262,red,9214,T11
67,0,0,1,262,red,9214,T11
68,0,0,1,262,red,9214,T11
69,0,0,1,262,red,9214,T11
70,0,0,1,262,red,9214,T11
71,0,0,1,262,red,9214,T11
72,0,0,1,262,red,9214,T11
73,0,0,1,262,red,9214,T11
74,0,0,1,262,red,9214,T11
75,0,0,1,262,red,9214,T11
76,0,0,1,262,red,9214,T11
77,0,0,1,262,red,9214,T11
78,0,0,1,262,red,9214,T11
79,0,0,1,262,red,9214,T11
80,0,1,0,262,red,9214,T11
81,0,1,0,262,red,9214,T11
82,0,1,0,262,red,9214,T11
83,0,1,0,262,red,9214,T11
84,0,1,0,262,red,9214,T11
85,0,1,0,262,red,9214,T11
86,0,1,0,262,red,9214,T11
87,0,1,0,262,red,9214,T11
88,0,1,0,262,red,9214,T11
89,0,1,0,262,red,9214,T11
90,0,1,0,262,red,9214,T11
91,0,1,0,262,red,9214,T11
92,0,1,0,262,red,9214,T11
93,0,1,0,262,red,9214,T11
94,0,1,0,262,red,9214,T11
95,0,1,0,262,red,9214,T11
96,0,1,0,262,red,9214,T11
97,0,1,0,262,red,9214,T11
98,0,1,0,262,red,9214,T11
99,0,1,0,262,red,9214,T11
100,0,1,0,262,red,9214,T11
101,0,1,0,262,red,9214,T11
102,0,1,0,262,red,9214,T11
103,0,1,0,262,red,9214,T11
104,0,1,0,262,red,9214,T11
105,0,1,0,262,red,9214,T11
106,0,1,0,262,red,9214,T11
107,0,1,0,262,red,9214,T11
108,0,1,0,262,red,9214,T11
109,0,1,0,262,red,9214,T11
110,0,1,0,262,red,9214,T11
111,0,1,0,262,red,9214,T11
112,0,1,0,262,red,9214,T11
113,0,1,0,262,red,9214,T11
114,0,1,0,262,red,9214,T11
115,0,1,0,262,red,9214,T11
116,0,1,0,262,red,9214,T11
117,0,1,0,262,red,9214,T11
118,0,1,0,262,red,9214,T11
119,0,1,0,262,red,9214,T11
120,0,1,0,262,red,9214,T11
121,0,1,0,262,red,9214,T11
122,0,1,0,262,red,9214,T11
123,0,1,0,262,red,9214,T11
124,0,1,0,262,red,9214,T11
125,0,1,0,262,red,9214,T11
126,0,1,0,262,red,9214,T11
127,0,1,0,262,red,9214,T11
128,0,0,1,262,red,9214,T11
129,1,0,0,262,red,9214,T11
130,1,0,0,262,red,9214,T11
131,1,0,0,262,red,9214,T11
132,1,0,0,262,red,9214,T11
133,1,0,0,262,red,9214,T11
134,1,0,0,262,red,9214,T11
135,1,0,0,262,red,9214,T11
136,1,0,0,262,red,9214,T11
137,1,0,0,262,red,9214,T11
138,1,0,0,262,red,9214,T11
139,1,0,0,262,red,9214,T11
140,1,0,0,262,red,9214,T11
141,1,0,0,262,red,9214,T11
142,1,0,0,262,red,9214,T11
143,1,0,0,262,red,9214,T11
144,1,0,0,262,red,9214,T11
145,1,0,0,262,red,9214,T11
146,1,0,0,262,red,9214,T11
147,1,0,0,262,red,9214,T11
148,1,0,0,262,red,9214,T11
149,1,0,0,262,red,9214,T11
150,1,0,0,262,red,9214,T11
151,1,0,0,262,red,9214,T11
152,1,0,0,262,red,9214,T11
153,1,0,0,262,red,9214,T11
154,1,0,0,262,red,9214,T11
155,1,0,0,262,red,9214,T11
156,1,0,0,262,red,9214,T11
157,1,0,0,262,red,9214,T11
158,1,0,0,262,red,9214,T11
159,1,0,0,262,red,9214,T11
160,1,0,0,262,red,9214,T11
161,1,0,0,262,red,9214,T11
162,1,0,0,262,red,9214,T11
163,1,0,0,262,red,9214,T11
164,1,0,0,262,red,9214,T11
165,1,0,0,262,red,9214,T11
166,1,0,0,262,red,9214,T11
167,1,0,0,262,red,9214,T11
168,1,0,0,262,red,9214,T11
169,1,0,0,262,red,9214,T11
170,1,0,0,262,red,9214,T11
171,1,0,0,262,red,9214,T11
172,1,0,0,262,red,9214,T11
173,1,0,0,262,red,9214,T11
174,1,0,0,262,red,9214,T11
175,1,0,0,262,red,9214,T11
176,1,0,0,262,red,9214,T11
177,1,0,0,262,red,9214,T11
178,1,0,0,262,red,9214,T11
179,1,0,0,262,red,9214,T11
180,1,0,0,262,red,9214,T11
181,1,0,0,262,red,9214,T11
182,1,0,0,262,red,9214,T11
183,1,0,0,262,red,9214,T11
184,1,0,0,262,red,9214,T11
185,1,0,0,262,red,9214,T11
186,1,0,0,262,red,9214,T11
187,1,0,0,262,red,9214,T11
188,1,0,0,262,red,9214,T11
189,1,0,0,262,red,9214,T11
190,1,0,0,262,red,9214,T11
191,1,0,0,262,red,9214,T11
192,1,0,0,262,red,9214,T11
193,1,0,0,262,red,9214,T11
194,1,0,0,262,red,9214,T11
195,1,0,0,262,red,9214,T11
196,1,0,0,262,red,9214,T11
197,1,0,0,262,red,9214,T11
198,1,0,0,262,red,9214,T11
199,1,0,0,262,red,9214,T11
200,1,0,0,262,red,9214,T11
201,1,0,0,262,red,9214,T11
202,1,0,0,262,red,9214,T11
203,1,0,0,262,red,9214,T11
204,1,0,0,262,red,9214,T11
205,1,0,0,262,red,9214,T11
206,1,0,0,262,red,9214,T11
207,1,0,0,262,red,9214,T11
208,1,0,0,262,red,9214,T11
209,1,0,0,262,red,9214,T11
210,1,0,0,262,red,9214,T11
211,1,0,0,262,red,9214,T11
212,1,0,0,262,red,9214,T11
213,1,0,0,262,red,9214,T11
214,1,0,0,262,red,9214,T11
215,1,0,0,262,red,9214,T11
216,1,0,0,262,red,9214,T11
217,1,0,0,262,red,9214,T11
218,1,0,0,262,red,9214,T11
219,1,0,0,262,red,9214,T11
220,1,0,0,262,red,9214,T11
221,1,0,0,262,red,9214,T11
0,0,0,1,263,red,8694,T11
1,0,0,1,263,red,8694,T11
2,0,0,1,263,red,8694,T11
3,0,0,1,263,red,8694,T11
4,0,0,1,263,red,8694,T11
5,0,0,1,263,red,8694,T11
6,0,0,1,263,red,8694,T11
7,0,0,1,263,red,8694,T11
8,0,0,1,263,red,8694,T11
9,0,0,1,263,red,8694,T11
10,0,0,1,263,red,8694,T11
11,0,0,1,263,red,8694,T11
12,0,0,1,263,red,8694,T11
13,0,0,1,263,red,8694,T11
14,0,0,1,263,red,8694,T11
15,0,0,1,263,red,8694,T11
16,0,0,1,263,red,8694,T11
17,0,0,1,263,red,8694,T11
18,0,0,1,263,red,8694,T11
19,0,0,1,263,red,8694,T11
20,0,0,1,263,red,8694,T11
21,0,0,1,263,red,8694,T11
22,0,0,1,263,red,8694,T11
23,0,0,1,263,red,8694,T11
24,0,0,1,263,red,8694,T11
25,0,0,1,263,red,8694,T11
26,0,0,1,263,red,8694,T11
27,0,0,1,263,red,8694,T11
28,0,0,1,263,red,8694,T11
29,0,0,1,263,red,8694,T11
30,0,0,1,263,red,8694,T11
31,0,0,1,263,red,8694,T11
32,0,0,1,263,red,8694,T11
33,0,0,1,263,red,8694,T11
34,0,0,1,263,red,8694,T11
35,0,0,1,263,red,8694,T11
36,0,0,1,263,red,8694,T11
37,0,0,1,263,red,8694,T11
38,0,0,1,263,red,8694,T11
39,0,0,1,263,red,8694,T11
40,0,0,1,263,red,8694,T11
41,0,0,1,263,red,8694,T11
42,0,0,1,263,red,8694,T11
43,0,0,1,263,red,8694,T11
44,0,0,1,263,red,8694,T11
45,0,0,1,263,red,8694,T11
46,0,0,1,263,red,8694,T11
47,0,0,1,263,red,8694,T11
48,0,0,1,263,red,8694,T11
49,0,0,1,263,red,8694,T11
50,0,0,1,263,red,8694,T11
51,0,0,1,263,red,8694,T11
52,0,0,1,263,red,8694,T11
53,0,0,1,263,red,8694,T11
54,0,0,1,263,red,8694,T11
55,0,0,1,263,red,8694,T11
56,0,0,1,263,red,8694,T11
57,0,0,1,263,red,8694,T11
58,0,0,1,263,red,8694,T11
59,0,0,1,263,red,8694,T11
60,0,0,1,263,red,8694,T11
61,0,0,1,263,red,8694,T11
62,0,0,1,263,red,8694,T11
63,0,0,1,263,red,8694,T11
64,0,0,1,263,red,8694,T11
65,0,0,1,263,red,8694,T11
66,0,0,1,263,red,8694,T11
67,0,0,1,263,red,8694,T11
68,0,0,1,263,red,8694,T11
69,0,0,1,263,red,8694,T11
70,0,0,1,263,red,8694,T11
71,0,0,1,263,red,8694,T11
72,0,0,1,263,red,8694,T11
73,0,0,1,263,red,8694,T11
74,0,0,1,263,red,8694,T11
75,0,0,1,263,red,8694,T11
76,0,0,1,263,red,8694,T11
77,0,0,1,263,red,8694,T11
78,0,0,1,263,red,8694,T11
79,0,0,1,263,red,8694,T11
80,0,0,1,263,red,8694,T11
81,0,0,1,263,red,8694,T11
82,0,0,1,263,red,8694,T11
83,0,0,1,263,red,8694,T11
84,0,0,1,263,red,8694,T11
85,0,0,1,263,red,8694,T11
86,0,0,1,263,red,8694,T11
87,0,0,1,263,red,8694,T11
88,0,0,1,263,red,8694,T11
89,0,0,1,263,red,8694,T11
90,0,0,1,263,red,8694,T11
91,0,0,1,263,red,8694,T11
92,0,0,1,263,red,8694,T11
93,0,0,1,263,red,8694,T11
94,0,0,1,263,red,8694,T11
95,0,0,1,263,red,8694,T11
96,0,0,1,263,red,8694,T11
97,0,0,1,263,red,8694,T11
98,0,0,1,263,red,8694,T11
99,0,0,1,263,red,8694,T11
100,0,0,1,263,red,8694,T11
101,0,0,1,263,red,8694,T11
102,0,0,1,263,red,8694,T11
103,0,0,1,263,red,8694,T11
104,0,0,1,263,red,8694,T11
105,0,0,1,263,red,8694,T11
106,0,0,1,263,red,8694,T11
107,0,0,1,263,red,8694,T11
108,0,0,1,263,red,8694,T11
109,0,0,1,263,red,8694,T11
110,0,0,1,263,red,8694,T11
111,0,0,1,263,red,8694,T11
112,0,0,1,263,red,8694,T11
113,0,0,1,263,red,8694,T11
114,0,0,1,263,red,8694,T11
115,0,0,1,263,red,8694,T11
116,0,0,1,263,red,8694,T11
117,0,0,1,263,red,8694,T11
118,0,0,1,263,red,8694,T11
119,0,0,1,263,red,8694,T11
120,0,0,1,263,red,8694,T11
121,0,0,1,263,red,8694,T11
122,0,0,1,263,red,8694,T11
123,0,0,1,263,red,8694,T11
124,0,0,1,263,red,8694,T11
125,0,0,1,263,red,8694,T11
126,0,0,1,263,red,8694,T11
127,0,0,1,263,red,8694,T11
128,0,0,1,263,red,8694,T11
129,0,0,1,263,red,8694,T11
130,0,0,1,263,red,8694,T11
131,0,0,1,263,red,8694,T11
132,0,0,1,263,red,8694,T11
133,0,0,1,263,red,8694,T11
134,0,0,1,263,red,8694,T11
135,0,0,1,263,red,8694,T11
136,0,0,1,263,red,8694,T11
137,0,0,1,263,red,8694,T11
138,0,0,1,263,red,8694,T11
139,0,0,1,263,red,8694,T11
140,0,0,1,263,red,8694,T11
141,0,0,1,263,red,8694,T11
142,0,0,1,263,red,8694,T11
143,0,0,1,263,red,8694,T11
144,0,0,1,263,red,8694,T11
145,0,0,1,263,red,8694,T11
146,0,0,1,263,red,8694,T11
147,0,0,1,263,red,8694,T11
148,0,0,1,263,red,8694,T11
149,0,0,1,263,red,8694,T11
150,0,0,1,263,red,8694,T11
151,0,0,1,263,red,8694,T11
152,0,0,1,263,red,8694,T11
153,0,0,1,263,red,8694,T11
154,0,0,1,263,red,8694,T11
155,0,0,1,263,red,8694,T11
156,0,0,1,263,red,8694,T11
157,0,0,1,263,red,8694,T11
158,0,0,1,263,red,8694,T11
159,0,0,1,263,red,8694,T11
160,0,0,1,263,red,8694,T11
161,0,0,1,263,red,8694,T11
162,0,0,1,263,red,8694,T11
163,0,0,1,263,red,8694,T11
164,0,0,1,263,red,8694,T11
165,0,0,1,263,red,8694,T11
166,0,0,1,263,red,8694,T11
167,0,0,1,263,red,8694,T11
168,0,0,1,263,red,8694,T11
169,0,0,1,263,red,8694,T11
170,0,0,1,263,red,8694,T11
171,0,0,1,263,red,8694,T11
172,0,0,1,263,red,8694,T11
173,0,0,1,263,red,8694,T11
174,0,0,1,263,red,8694,T11
175,0,0,1,263,red,8694,T11
176,0,0,1,263,red,8694,T11
177,0,0,1,263,red,8694,T11
178,0,0,1,263,red,8694,T11
179,0,0,1,263,red,8694,T11
180,0,0,1,263,red,8694,T11
181,0,0,1,263,red,8694,T11
182,0,0,1,263,red,8694,T11
183,0,0,1,263,red,8694,T11
184,0,0,1,263,red,8694,T11
185,0,0,1,263,red,8694,T11
186,0,0,1,263,red,8694,T11
187,0,0,1,263,red,8694,T11
188,0,0,1,263,red,8694,T11
189,0,0,1,263,red,8694,T11
190,0,0,1,263,red,8694,T11
191,0,0,1,263,red,8694,T11
192,0,0,1,263,red,8694,T11
193,0,0,1,263,red,8694,T11
194,0,0,1,263,red,8694,T11
195,0,0,1,263,red,8694,T11
196,0,0,1,263,red,8694,T11
197,0,0,1,263,red,8694,T11
198,0,0,1,263,red,8694,T11
199,0,0,1,263,red,8694,T11
200,0,0,1,263,red,8694,T11
201,0,0,1,263,red,8694,T11
202,0,0,1,263,red,8694,T11
203,0,0,1,263,red,8694,T11
204,0,0,1,263,red,8694,T11
205,0,0,1,263,red,8694,T11
206,0,0,1,263,red,8694,T11
207,0,0,1,263,red,8694,T11
208,0,0,1,263,red,8694,T11
209,0,0,1,263,red,8694,T11
210,0,0,1,263,red,8694,T11
211,0,0,1,263,red,8694,T11
212,0,0,1,263,red,8694,T11
213,0,0,1,263,red,8694,T11
214,0,0,1,263,red,8694,T11
215,0,0,1,263,red,8694,T11
216,0,0,1,263,red,8694,T11
217,0,0,1,263,red,8694,T11
218,0,0,1,263,red,8694,T11
219,0,0,1,263,red,8694,T11
220,0,0,1,263,red,8694,T11
221,0,0,1,263,red,8694,T11
0,0,0,1,264,red,7887,T11
1,0,0,1,264,red,7887,T11
2,0,0,1,264,red,7887,T11
3,0,0,1,264,red,7887,T11
4,0,0,1,264,red,7887,T11
5,0,0,1,264,red,7887,T11
6,0,0,1,264,red,7887,T11
7,0,0,1,264,red,7887,T11
8,0,0,1,264,red,7887,T11
9,0,0,1,264,red,7887,T11
10,0,0,1,264,red,7887,T11
11,0,0,1,264,red,7887,T11
12,0,0,1,264,red,7887,T11
13,0,0,1,264,red,7887,T11
14,0,0,1,264,red,7887,T11
15,0,0,1,264,red,7887,T11
16,0,0,1,264,red,7887,T11
17,0,0,1,264,red,7887,T11
18,0,0,1,264,red,7887,T11
19,0,0,1,264,red,7887,T11
20,0,0,1,264,red,7887,T11
21,0,0,1,264,red,7887,T11
22,0,0,1,264,red,7887,T11
23,0,0,1,264,red,7887,T11
24,0,0,1,264,red,7887,T11
25,0,0,1,264,red,7887,T11
26,0,0,1,264,red,7887,T11
27,0,0,1,264,red,7887,T11
28,0,0,1,264,red,7887,T11
29,0,0,1,264,red,7887,T11
30,0,0,1,264,red,7887,T11
31,0,0,1,264,red,7887,T11
32,0,0,1,264,red,7887,T11
33,0,0,1,264,red,7887,T11
34,0,0,1,264,red,7887,T11
35,0,0,1,264,red,7887,T11
36,0,0,1,264,red,7887,T11
37,0,0,1,264,red,7887,T11
38,0,0,1,264,red,7887,T11
39,0,0,1,264,red,7887,T11
40,0,0,1,264,red,7887,T11
41,0,0,1,264,red,7887,T11
42,0,0,1,264,red,7887,T11
43,0,0,1,264,red,7887,T11
44,0,0,1,264,red,7887,T11
45,0,0,1,264,red,7887,T11
46,0,0,1,264,red,7887,T11
47,0,0,1,264,red,7887,T11
48,0,0,1,264,red,7887,T11
49,0,0,1,264,red,7887,T11
50,0,0,1,264,red,7887,T11
51,0,0,1,264,red,7887,T11
52,0,0,1,264,red,7887,T11
53,0,0,1,264,red,7887,T11
54,0,0,1,264,red,7887,T11
55,0,0,1,264,red,7887,T11
56,0,0,1,264,red,7887,T11
57,0,0,1,264,red,7887,T11
58,0,0,1,264,red,7887,T11
59,0,0,1,264,red,7887,T11
60,0,0,1,264,red,7887,T11
61,0,0,1,264,red,7887,T11
62,0,0,1,264,red,7887,T11
63,0,0,1,264,red,7887,T11
64,0,0,1,264,red,7887,T11
65,0,0,1,264,red,7887,T11
66,0,0,1,264,red,7887,T11
67,0,0,1,264,red,7887,T11
68,0,0,1,264,red,7887,T11
69,0,0,1,264,red,7887,T11
70,0,0,1,264,red,7887,T11
71,0,0,1,264,red,7887,T11
72,0,0,1,264,red,7887,T11
73,0,0,1,264,red,7887,T11
74,0,0,1,264,red,7887,T11
75,0,1,0,264,red,7887,T11
76,0,1,0,264,red,7887,T11
77,0,1,0,264,red,7887,T11
78,0,1,0,264,red,7887,T11
79,0,1,0,264,red,7887,T11
80,0,1,0,264,red,7887,T11
81,0,1,0,264,red,7887,T11
82,0,1,0,264,red,7887,T11
83,0,1,0,264,red,7887,T11
84,0,1,0,264,red,7887,T11
85,0,1,0,264,red,7887,T11
86,0,1,0,264,red,7887,T11
87,0,1,0,264,red,7887,T11
88,0,1,0,264,red,7887,T11
89,0,1,0,264,red,7887,T11
90,0,1,0,264,red,7887,T11
91,0,1,0,264,red,7887,T11
92,0,1,0,264,red,7887,T11
93,0,1,0,264,red,7887,T11
94,0,1,0,264,red,7887,T11
95,0,1,0,264,red,7887,T11
96,0,1,0,264,red,7887,T11
97,0,1,0,264,red,7887,T11
98,0,1,0,264,red,7887,T11
99,0,1,0,264,red,7887,T11
100,0,1,0,264,red,7887,T11
101,0,1,0,264,red,7887,T11
102,0,1,0,264,red,7887,T11
103,0,1,0,264,red,7887,T11
104,0,1,0,264,red,7887,T11
105,0,1,0,264,red,7887,T11
106,0,1,0,264,red,7887,T11
107,0,1,0,264,red,7887,T11
108,0,1,0,264,red,7887,T11
109,0,1,0,264,red,7887,T11
110,0,1,0,264,red,7887,T11
111,0,1,0,264,red,7887,T11
112,0,1,0,264,red,7887,T11
113,0,1,0,264,red,7887,T11
114,0,1,0,264,red,7887,T11
115,0,1,0,264,red,7887,T11
116,0,1,0,264,red,7887,T11
117,0,1,0,264,red,7887,T11
118,0,1,0,264,red,7887,T11
119,0,1,0,264,red,7887,T11
120,0,1,0,264,red,7887,T11
121,0,1,0,264,red,7887,T11
122,0,1,0,264,red,7887,T11
123,0,1,0,264,red,7887,T11
124,0,1,0,264,red,7887,T11
125,0,1,0,264,red,7887,T11
126,0,1,0,264,red,7887,T11
127,0,1,0,264,red,7887,T11
128,0,0,1,264,red,7887,T11
129,0,0,1,264,red,7887,T11
130,1,0,0,264,red,7887,T11
131,1,0,0,264,red,7887,T11
132,1,0,0,264,red,7887,T11
133,1,0,0,264,red,7887,T11
134,1,0,0,264,red,7887,T11
135,1,0,0,264,red,7887,T11
136,1,0,0,264,red,7887,T11
137,1,0,0,264,red,7887,T11
138,1,0,0,264,red,7887,T11
139,1,0,0,264,red,7887,T11
140,1,0,0,264,red,7887,T11
141,1,0,0,264,red,7887,T11
142,1,0,0,264,red,7887,T11
143,1,0,0,264,red,7887,T11
144,1,0,0,264,red,7887,T11
145,1,0,0,264,red,7887,T11
146,1,0,0,264,red,7887,T11
147,1,0,0,264,red,7887,T11
148,1,0,0,264,red,7887,T11
149,1,0,0,264,red,7887,T11
150,1,0,0,264,red,7887,T11
151,1,0,0,264,red,7887,T11
152,1,0,0,264,red,7887,T11
153,1,0,0,264,red,7887,T11
154,1,0,0,264,red,7887,T11
155,1,0,0,264,red,7887,T11
156,1,0,0,264,red,7887,T11
157,1,0,0,264,red,7887,T11
158,1,0,0,264,red,7887,T11
159,1,0,0,264,red,7887,T11
160,1,0,0,264,red,7887,T11
161,1,0,0,264,red,7887,T11
162,1,0,0,264,red,7887,T11
163,1,0,0,264,red,7887,T11
164,1,0,0,264,red,7887,T11
165,1,0,0,264,red,7887,T11
166,1,0,0,264,red,7887,T11
167,1,0,0,264,red,7887,T11
168,1,0,0,264,red,7887,T11
169,1,0,0,264,red,7887,T11
170,1,0,0,264,red,7887,T11
171,1,0,0,264,red,7887,T11
172,1,0,0,264,red,7887,T11
173,1,0,0,264,red,7887,T11
174,1,0,0,264,red,7887,T11
175,1,0,0,264,red,7887,T11
176,1,0,0,264,red,7887,T11
177,1,0,0,264,red,7887,T11
178,1,0,0,264,red,7887,T11
179,1,0,0,264,red,7887,T11
180,1,0,0,264,red,7887,T11
181,1,0,0,264,red,7887,T11
182,1,0,0,264,red,7887,T11
183,1,0,0,264,red,7887,T11
184,1,0,0,264,red,7887,T11
185,1,0,0,264,red,7887,T11
186,1,0,0,264,red,7887,T11
187,1,0,0,264,red,7887,T11
188,1,0,0,264,red,7887,T11
189,1,0,0,264,red,7887,T11
190,1,0,0,264,red,7887,T11
191,1,0,0,264,red,7887,T11
192,1,0,0,264,red,7887,T11
193,1,0,0,264,red,7887,T11
194,1,0,0,264,red,7887,T11
195,1,0,0,264,red,7887,T11
196,1,0,0,264,red,7887,T11
197,1,0,0,264,red,7887,T11
198,1,0,0,264,red,7887,T11
199,1,0,0,264,red,7887,T11
200,1,0,0,264,red,7887,T11
201,1,0,0,264,red,7887,T11
202,1,0,0,264,red,7887,T11
203,1,0,0,264,red,7887,T11
204,1,0,0,264,red,7887,T11
205,1,0,0,264,red,7887,T11
206,1,0,0,264,red,7887,T11
207,1,0,0,264,red,7887,T11
208,1,0,0,264,red,7887,T11
209,1,0,0,264,red,7887,T11
210,1,0,0,264,red,7887,T11
211,1,0,0,264,red,7887,T11
212,1,0,0,264,red,7887,T11
213,1,0,0,264,red,7887,T11
214,1,0,0,264,red,7887,T11
215,1,0,0,264,red,7887,T11
216,1,0,0,264,red,7887,T11
217,1,0,0,264,red,7887,T11
218,1,0,0,264,red,7887,T11
219,1,0,0,264,red,7887,T11
220,1,0,0,264,red,7887,T11
221,1,0,0,264,red,7887,T11
0,0,0,1,265,red,8170,T11
1,0,0,1,265,red,8170,T11
2,0,0,1,265,red,8170,T11
3,0,0,1,265,red,8170,T11
4,0,0,1,265,red,8170,T11
5,0,0,1,265,red,8170,T11
6,0,0,1,265,red,8170,T11
7,0,0,1,265,red,8170,T11
8,0,0,1,265,red,8170,T11
9,0,0,1,265,red,8170,T11
10,0,0,1,265,red,8170,T11
11,0,0,1,265,red,8170,T11
12,0,0,1,265,red,8170,T11
13,0,0,1,265,red,8170,T11
14,0,0,1,265,red,8170,T11
15,0,0,1,265,red,8170,T11
16,0,0,1,265,red,8170,T11
17,0,0,1,265,red,8170,T11
18,0,0,1,265,red,8170,T11
19,0,0,1,265,red,8170,T11
20,0,0,1,265,red,8170,T11
21,0,0,1,265,red,8170,T11
22,0,0,1,265,red,8170,T11
23,0,0,1,265,red,8170,T11
24,0,0,1,265,red,8170,T11
25,0,0,1,265,red,8170,T11
26,0,0,1,265,red,8170,T11
27,0,0,1,265,red,8170,T11
28,0,0,1,265,red,8170,T11
29,0,0,1,265,red,8170,T11
30,0,0,1,265,red,8170,T11
31,0,0,1,265,red,8170,T11
32,0,0,1,265,red,8170,T11
33,0,0,1,265,red,8170,T11
34,0,0,1,265,red,8170,T11
35,0,0,1,265,red,8170,T11
36,0,0,1,265,red,8170,T11
37,0,0,1,265,red,8170,T11
38,0,0,1,265,red,8170,T11
39,0,0,1,265,red,8170,T11
40,0,0,1,265,red,8170,T11
41,0,0,1,265,red,8170,T11
42,0,0,1,265,red,8170,T11
43,0,0,1,265,red,8170,T11
44,0,0,1,265,red,8170,T11
45,0,0,1,265,red,8170,T11
46,0,0,1,265,red,8170,T11
47,0,0,1,265,red,8170,T11
48,0,0,1,265,red,8170,T11
49,0,0,1,265,red,8170,T11
50,0,0,1,265,red,8170,T11
51,0,0,1,265,red,8170,T11
52,0,0,1,265,red,8170,T11
53,0,0,1,265,red,8170,T11
54,0,0,1,265,red,8170,T11
55,0,0,1,265,red,8170,T11
56,0,0,1,265,red,8170,T11
57,0,0,1,265,red,8170,T11
58,0,0,1,265,red,8170,T11
59,0,0,1,265,red,8170,T11
60,0,0,1,265,red,8170,T11
61,0,1,0,265,red,8170,T11
62,0,1,0,265,red,8170,T11
63,0,1,0,265,red,8170,T11
64,0,1,0,265,red,8170,T11
65,0,1,0,265,red,8170,T11
66,0,1,0,265,red,8170,T11
67,0,1,0,265,red,8170,T11
68,0,1,0,265,red,8170,T11
69,0,0,1,265,red,8170,T11
70,0,0,1,265,red,8170,T11
71,0,0,1,265,red,8170,T11
72,0,0,1,265,red,8170,T11
73,0,0,1,265,red,8170,T11
74,0,0,1,265,red,8170,T11
75,0,0,1,265,red,8170,T11
76,0,0,1,265,red,8170,T11
77,0,0,1,265,red,8170,T11
78,0,0,1,265,red,8170,T11
79,0,0,1,265,red,8170,T11
80,0,0,1,265,red,8170,T11
81,0,0,1,265,red,8170,T11
82,0,0,1,265,red,8170,T11
83,0,0,1,265,red,8170,T11
84,0,0,1,265,red,8170,T11
85,0,0,1,265,red,8170,T11
86,0,0,1,265,red,8170,T11
87,0,0,1,265,red,8170,T11
88,1,0,0,265,red,8170,T11
89,1,0,0,265,red,8170,T11
90,1,0,0,265,red,8170,T11
91,1,0,0,265,red,8170,T11
92,1,0,0,265,red,8170,T11
93,1,0,0,265,red,8170,T11
94,1,0,0,265,red,8170,T11
95,1,0,0,265,red,8170,T11
96,1,0,0,265,red,8170,T11
97,1,0,0,265,red,8170,T11
98,1,0,0,265,red,8170,T11
99,1,0,0,265,red,8170,T11
100,1,0,0,265,red,8170,T11
101,1,0,0,265,red,8170,T11
102,1,0,0,265,red,8170,T11
103,0,0,1,265,red,8170,T11
104,0,0,1,265,red,8170,T11
105,0,0,1,265,red,8170,T11
106,0,0,1,265,red,8170,T11
107,0,0,1,265,red,8170,T11
108,0,0,1,265,red,8170,T11
109,0,0,1,265,red,8170,T11
110,0,0,1,265,red,8170,T11
111,0,0,1,265,red,8170,T11
112,0,0,1,265,red,8170,T11
113,0,0,1,265,red,8170,T11
114,0,0,1,265,red,8170,T11
115,0,0,1,265,red,8170,T11
116,0,0,1,265,red,8170,T11
117,0,0,1,265,red,8170,T11
118,0,0,1,265,red,8170,T11
119,1,0,0,265,red,8170,T11
120,1,0,0,265,red,8170,T11
121,1,0,0,265,red,8170,T11
122,1,0,0,265,red,8170,T11
123,1,0,0,265,red,8170,T11
124,1,0,0,265,red,8170,T11
125,1,0,0,265,red,8170,T11
126,1,0,0,265,red,8170,T11
127,1,0,0,265,red,8170,T11
128,1,0,0,265,red,8170,T11
129,1,0,0,265,red,8170,T11
130,1,0,0,265,red,8170,T11
131,1,0,0,265,red,8170,T11
132,1,0,0,265,red,8170,T11
133,1,0,0,265,red,8170,T11
134,1,0,0,265,red,8170,T11
135,1,0,0,265,red,8170,T11
136,1,0,0,265,red,8170,T11
137,1,0,0,265,red,8170,T11
138,1,0,0,265,red,8170,T11
139,1,0,0,265,red,8170,T11
140,1,0,0,265,red,8170,T11
141,1,0,0,265,red,8170,T11
142,1,0,0,265,red,8170,T11
143,1,0,0,265,red,8170,T11
144,1,0,0,265,red,8170,T11
145,1,0,0,265,red,8170,T11
146,1,0,0,265,red,8170,T11
147,1,0,0,265,red,8170,T11
148,1,0,0,265,red,8170,T11
149,1,0,0,265,red,8170,T11
150,1,0,0,265,red,8170,T11
151,1,0,0,265,red,8170,T11
152,1,0,0,265,red,8170,T11
153,1,0,0,265,red,8170,T11
154,1,0,0,265,red,8170,T11
155,1,0,0,265,red,8170,T11
156,1,0,0,265,red,8170,T11
157,1,0,0,265,red,8170,T11
158,1,0,0,265,red,8170,T11
159,1,0,0,265,red,8170,T11
160,1,0,0,265,red,8170,T11
161,1,0,0,265,red,8170,T11
162,1,0,0,265,red,8170,T11
163,1,0,0,265,red,8170,T11
164,1,0,0,265,red,8170,T11
165,1,0,0,265,red,8170,T11
166,1,0,0,265,red,8170,T11
167,1,0,0,265,red,8170,T11
168,1,0,0,265,red,8170,T11
169,1,0,0,265,red,8170,T11
170,1,0,0,265,red,8170,T11
171,1,0,0,265,red,8170,T11
172,1,0,0,265,red,8170,T11
173,1,0,0,265,red,8170,T11
174,1,0,0,265,red,8170,T11
175,1,0,0,265,red,8170,T11
176,1,0,0,265,red,8170,T11
177,1,0,0,265,red,8170,T11
178,1,0,0,265,red,8170,T11
179,1,0,0,265,red,8170,T11
180,1,0,0,265,red,8170,T11
181,1,0,0,265,red,8170,T11
182,1,0,0,265,red,8170,T11
183,1,0,0,265,red,8170,T11
184,1,0,0,265,red,8170,T11
185,1,0,0,265,red,8170,T11
186,1,0,0,265,red,8170,T11
187,1,0,0,265,red,8170,T11
188,1,0,0,265,red,8170,T11
189,1,0,0,265,red,8170,T11
190,1,0,0,265,red,8170,T11
191,1,0,0,265,red,8170,T11
192,1,0,0,265,red,8170,T11
193,1,0,0,265,red,8170,T11
194,1,0,0,265,red,8170,T11
195,1,0,0,265,red,8170,T11
196,1,0,0,265,red,8170,T11
197,1,0,0,265,red,8170,T11
198,1,0,0,265,red,8170,T11
199,1,0,0,265,red,8170,T11
200,1,0,0,265,red,8170,T11
201,1,0,0,265,red,8170,T11
202,1,0,0,265,red,8170,T11
203,1,0,0,265,red,8170,T11
204,1,0,0,265,red,8170,T11
205,1,0,0,265,red,8170,T11
206,1,0,0,265,red,8170,T11
207,1,0,0,265,red,8170,T11
208,1,0,0,265,red,8170,T11
209,1,0,0,265,red,8170,T11
210,1,0,0,265,red,8170,T11
211,1,0,0,265,red,8170,T11
212,1,0,0,265,red,8170,T11
213,1,0,0,265,red,8170,T11
214,1,0,0,265,red,8170,T11
215,1,0,0,265,red,8170,T11
216,1,0,0,265,red,8170,T11
217,1,0,0,265,red,8170,T11
218,1,0,0,265,red,8170,T11
219,1,0,0,265,red,8170,T11
220,1,0,0,265,red,8170,T11
221,1,0,0,265,red,8170,T11
0,0,0,1,266,red,7516,T11
1,0,0,1,266,red,7516,T11
2,0,0,1,266,red,7516,T11
3,0,0,1,266,red,7516,T11
4,0,0,1,266,red,7516,T11
5,0,0,1,266,red,7516,T11
6,0,0,1,266,red,7516,T11
7,0,0,1,266,red,7516,T11
8,0,0,1,266,red,7516,T11
9,0,0,1,266,red,7516,T11
10,0,0,1,266,red,7516,T11
11,0,0,1,266,red,7516,T11
12,0,0,1,266,red,7516,T11
13,0,0,1,266,red,7516,T11
14,0,0,1,266,red,7516,T11
15,0,0,1,266,red,7516,T11
16,0,0,1,266,red,7516,T11
17,0,0,1,266,red,7516,T11
18,0,0,1,266,red,7516,T11
19,0,0,1,266,red,7516,T11
20,0,0,1,266,red,7516,T11
21,0,0,1,266,red,7516,T11
22,0,0,1,266,red,7516,T11
23,0,0,1,266,red,7516,T11
24,0,0,1,266,red,7516,T11
25,0,0,1,266,red,7516,T11
26,0,0,1,266,red,7516,T11
27,0,0,1,266,red,7516,T11
28,0,0,1,266,red,7516,T11
29,0,0,1,266,red,7516,T11
30,0,0,1,266,red,7516,T11
31,0,0,1,266,red,7516,T11
32,0,0,1,266,red,7516,T11
33,0,0,1,266,red,7516,T11
34,0,0,1,266,red,7516,T11
35,0,0,1,266,red,7516,T11
36,0,0,1,266,red,7516,T11
37,0,0,1,266,red,7516,T11
38,0,0,1,266,red,7516,T11
39,0,0,1,266,red,7516,T11
40,0,0,1,266,red,7516,T11
41,0,0,1,266,red,7516,T11
42,0,0,1,266,red,7516,T11
43,0,0,1,266,red,7516,T11
44,0,0,1,266,red,7516,T11
45,0,0,1,266,red,7516,T11
46,0,0,1,266,red,7516,T11
47,0,0,1,266,red,7516,T11
48,0,0,1,266,red,7516,T11
49,0,0,1,266,red,7516,T11
50,0,0,1,266,red,7516,T11
51,0,0,1,266,red,7516,T11
52,0,0,1,266,red,7516,T11
53,0,0,1,266,red,7516,T11
54,0,0,1,266,red,7516,T11
55,0,0,1,266,red,7516,T11
56,0,0,1,266,red,7516,T11
57,0,0,1,266,red,7516,T11
58,0,0,1,266,red,7516,T11
59,0,0,1,266,red,7516,T11
60,0,0,1,266,red,7516,T11
61,0,0,1,266,red,7516,T11
62,0,0,1,266,red,7516,T11
63,0,0,1,266,red,7516,T11
64,0,0,1,266,red,7516,T11
65,0,0,1,266,red,7516,T11
66,0,0,1,266,red,7516,T11
67,0,0,1,266,red,7516,T11
68,0,0,1,266,red,7516,T11
69,0,0,1,266,red,7516,T11
70,0,0,1,266,red,7516,T11
71,0,0,1,266,red,7516,T11
72,0,0,1,266,red,7516,T11
73,0,0,1,266,red,7516,T11
74,0,0,1,266,red,7516,T11
75,0,0,1,266,red,7516,T11
76,0,0,1,266,red,7516,T11
77,0,0,1,266,red,7516,T11
78,0,0,1,266,red,7516,T11
79,0,0,1,266,red,7516,T11
80,0,0,1,266,red,7516,T11
81,0,0,1,266,red,7516,T11
82,0,0,1,266,red,7516,T11
83,0,0,1,266,red,7516,T11
84,0,0,1,266,red,7516,T11
85,0,0,1,266,red,7516,T11
86,0,0,1,266,red,7516,T11
87,0,0,1,266,red,7516,T11
88,0,0,1,266,red,7516,T11
89,0,0,1,266,red,7516,T11
90,0,0,1,266,red,7516,T11
91,0,0,1,266,red,7516,T11
92,0,0,1,266,red,7516,T11
93,0,0,1,266,red,7516,T11
94,0,0,1,266,red,7516,T11
95,0,0,1,266,red,7516,T11
96,0,0,1,266,red,7516,T11
97,0,0,1,266,red,7516,T11
98,0,0,1,266,red,7516,T11
99,0,0,1,266,red,7516,T11
100,0,0,1,266,red,7516,T11
101,0,1,0,266,red,7516,T11
102,0,1,0,266,red,7516,T11
103,0,1,0,266,red,7516,T11
104,0,1,0,266,red,7516,T11
105,0,1,0,266,red,7516,T11
106,0,1,0,266,red,7516,T11
107,0,1,0,266,red,7516,T11
108,0,1,0,266,red,7516,T11
109,0,1,0,266,red,7516,T11
110,0,1,0,266,red,7516,T11
111,0,1,0,266,red,7516,T11
112,0,1,0,266,red,7516,T11
113,0,1,0,266,red,7516,T11
114,0,1,0,266,red,7516,T11
115,0,1,0,266,red,7516,T11
116,0,1,0,266,red,7516,T11
117,0,1,0,266,red,7516,T11
118,0,1,0,266,red,7516,T11
119,0,1,0,266,red,7516,T11
120,0,1,0,266,red,7516,T11
121,0,0,1,266,red,7516,T11
122,0,0,1,266,red,7516,T11
123,0,0,1,266,red,7516,T11
124,0,0,1,266,red,7516,T11
125,0,0,1,266,red,7516,T11
126,1,0,0,266,red,7516,T11
127,1,0,0,266,red,7516,T11
128,1,0,0,266,red,7516,T11
129,1,0,0,266,red,7516,T11
130,1,0,0,266,red,7516,T11
131,1,0,0,266,red,7516,T11
132,1,0,0,266,red,7516,T11
133,1,0,0,266,red,7516,T11
134,1,0,0,266,red,7516,T11
135,1,0,0,266,red,7516,T11
136,1,0,0,266,red,7516,T11
137,1,0,0,266,red,7516,T11
138,1,0,0,266,red,7516,T11
139,1,0,0,266,red,7516,T11
140,1,0,0,266,red,7516,T11
141,1,0,0,266,red,7516,T11
142,1,0,0,266,red,7516,T11
143,1,0,0,266,red,7516,T11
144,1,0,0,266,red,7516,T11
145,1,0,0,266,red,7516,T11
146,1,0,0,266,red,7516,T11
147,1,0,0,266,red,7516,T11
148,1,0,0,266,red,7516,T11
149,1,0,0,266,red,7516,T11
150,1,0,0,266,red,7516,T11
151,1,0,0,266,red,7516,T11
152,1,0,0,266,red,7516,T11
153,1,0,0,266,red,7516,T11
154,1,0,0,266,red,7516,T11
155,1,0,0,266,red,7516,T11
156,1,0,0,266,red,7516,T11
157,1,0,0,266,red,7516,T11
158,1,0,0,266,red,7516,T11
159,1,0,0,266,red,7516,T11
160,1,0,0,266,red,7516,T11
161,1,0,0,266,red,7516,T11
162,1,0,0,266,red,7516,T11
163,1,0,0,266,red,7516,T11
164,1,0,0,266,red,7516,T11
165,1,0,0,266,red,7516,T11
166,1,0,0,266,red,7516,T11
167,1,0,0,266,red,7516,T11
168,1,0,0,266,red,7516,T11
169,1,0,0,266,red,7516,T11
170,1,0,0,266,red,7516,T11
171,1,0,0,266,red,7516,T11
172,1,0,0,266,red,7516,T11
173,1,0,0,266,red,7516,T11
174,1,0,0,266,red,7516,T11
175,1,0,0,266,red,7516,T11
176,1,0,0,266,red,7516,T11
177,1,0,0,266,red,7516,T11
178,1,0,0,266,red,7516,T11
179,1,0,0,266,red,7516,T11
180,1,0,0,266,red,7516,T11
181,1,0,0,266,red,7516,T11
182,1,0,0,266,red,7516,T11
183,1,0,0,266,red,7516,T11
184,1,0,0,266,red,7516,T11
185,1,0,0,266,red,7516,T11
186,1,0,0,266,red,7516,T11
187,1,0,0,266,red,7516,T11
188,1,0,0,266,red,7516,T11
189,1,0,0,266,red,7516,T11
190,1,0,0,266,red,7516,T11
191,1,0,0,266,red,7516,T11
192,1,0,0,266,red,7516,T11
193,1,0,0,266,red,7516,T11
194,1,0,0,266,red,7516,T11
195,1,0,0,266,red,7516,T11
196,1,0,0,266,red,7516,T11
197,1,0,0,266,red,7516,T11
198,1,0,0,266,red,7516,T11
199,1,0,0,266,red,7516,T11
200,1,0,0,266,red,7516,T11
201,1,0,0,266,red,7516,T11
202,1,0,0,266,red,7516,T11
203,1,0,0,266,red,7516,T11
204,1,0,0,266,red,7516,T11
205,1,0,0,266,red,7516,T11
206,1,0,0,266,red,7516,T11
207,1,0,0,266,red,7516,T11
208,1,0,0,266,red,7516,T11
209,1,0,0,266,red,7516,T11
210,1,0,0,266,red,7516,T11
211,1,0,0,266,red,7516,T11
212,1,0,0,266,red,7516,T11
213,1,0,0,266,red,7516,T11
214,1,0,0,266,red,7516,T11
215,1,0,0,266,red,7516,T11
216,1,0,0,266,red,7516,T11
217,1,0,0,266,red,7516,T11
218,1,0,0,266,red,7516,T11
219,1,0,0,266,red,7516,T11
220,1,0,0,266,red,7516,T11
221,1,0,0,266,red,7516,T11
0,0,0,1,267,red,7349,T11
1,0,0,1,267,red,7349,T11
2,0,0,1,267,red,7349,T11
3,0,0,1,267,red,7349,T11
4,0,0,1,267,red,7349,T11
5,0,0,1,267,red,7349,T11
6,0,0,1,267,red,7349,T11
7,0,0,1,267,red,7349,T11
8,0,0,1,267,red,7349,T11
9,0,0,1,267,red,7349,T11
10,0,0,1,267,red,7349,T11
11,0,0,1,267,red,7349,T11
12,0,0,1,267,red,7349,T11
13,0,0,1,267,red,7349,T11
14,0,0,1,267,red,7349,T11
15,0,0,1,267,red,7349,T11
16,0,0,1,267,red,7349,T11
17,0,0,1,267,red,7349,T11
18,0,0,1,267,red,7349,T11
19,0,0,1,267,red,7349,T11
20,0,0,1,267,red,7349,T11
21,0,0,1,267,red,7349,T11
22,0,0,1,267,red,7349,T11
23,0,0,1,267,red,7349,T11
24,0,0,1,267,red,7349,T11
25,0,0,1,267,red,7349,T11
26,0,0,1,267,red,7349,T11
27,0,0,1,267,red,7349,T11
28,0,0,1,267,red,7349,T11
29,0,0,1,267,red,7349,T11
30,0,0,1,267,red,7349,T11
31,0,0,1,267,red,7349,T11
32,0,0,1,267,red,7349,T11
33,0,0,1,267,red,7349,T11
34,0,0,1,267,red,7349,T11
35,0,0,1,267,red,7349,T11
36,0,0,1,267,red,7349,T11
37,0,0,1,267,red,7349,T11
38,0,0,1,267,red,7349,T11
39,0,0,1,267,red,7349,T11
40,0,0,1,267,red,7349,T11
41,0,0,1,267,red,7349,T11
42,0,0,1,267,red,7349,T11
43,0,0,1,267,red,7349,T11
44,0,0,1,267,red,7349,T11
45,0,0,1,267,red,7349,T11
46,0,0,1,267,red,7349,T11
47,0,0,1,267,red,7349,T11
48,0,0,1,267,red,7349,T11
49,0,0,1,267,red,7349,T11
50,0,0,1,267,red,7349,T11
51,0,0,1,267,red,7349,T11
52,0,0,1,267,red,7349,T11
53,0,0,1,267,red,7349,T11
54,1,0,0,267,red,7349,T11
55,1,0,0,267,red,7349,T11
56,1,0,0,267,red,7349,T11
57,1,0,0,267,red,7349,T11
58,1,0,0,267,red,7349,T11
59,1,0,0,267,red,7349,T11
60,1,0,0,267,red,7349,T11
61,1,0,0,267,red,7349,T11
62,1,0,0,267,red,7349,T11
63,1,0,0,267,red,7349,T11
64,1,0,0,267,red,7349,T11
65,1,0,0,267,red,7349,T11
66,1,0,0,267,red,7349,T11
67,1,0,0,267,red,7349,T11
68,1,0,0,267,red,7349,T11
69,1,0,0,267,red,7349,T11
70,1,0,0,267,red,7349,T11
71,1,0,0,267,red,7349,T11
72,1,0,0,267,red,7349,T11
73,1,0,0,267,red,7349,T11
74,1,0,0,267,red,7349,T11
75,1,0,0,267,red,7349,T11
76,1,0,0,267,red,7349,T11
77,1,0,0,267,red,7349,T11
78,1,0,0,267,red,7349,T11
79,1,0,0,267,red,7349,T11
80,1,0,0,267,red,7349,T11
81,1,0,0,267,red,7349,T11
82,1,0,0,267,red,7349,T11
83,1,0,0,267,red,7349,T11
84,1,0,0,267,red,7349,T11
85,1,0,0,267,red,7349,T11
86,1,0,0,267,red,7349,T11
87,1,0,0,267,red,7349,T11
88,1,0,0,267,red,7349,T11
89,1,0,0,267,red,7349,T11
90,1,0,0,267,red,7349,T11
91,1,0,0,267,red,7349,T11
92,1,0,0,267,red,7349,T11
93,1,0,0,267,red,7349,T11
94,1,0,0,267,red,7349,T11
95,1,0,0,267,red,7349,T11
96,1,0,0,267,red,7349,T11
97,1,0,0,267,red,7349,T11
98,1,0,0,267,red,7349,T11
99,1,0,0,267,red,7349,T11
100,1,0,0,267,red,7349,T11
101,1,0,0,267,red,7349,T11
102,1,0,0,267,red,7349,T11
103,1,0,0,267,red,7349,T11
104,1,0,0,267,red,7349,T11
105,1,0,0,267,red,7349,T11
106,1,0,0,267,red,7349,T11
107,1,0,0,267,red,7349,T11
108,1,0,0,267,red,7349,T11
109,1,0,0,267,red,7349,T11
110,1,0,0,267,red,7349,T11
111,1,0,0,267,red,7349,T11
112,1,0,0,267,red,7349,T11
113,1,0,0,267,red,7349,T11
114,1,0,0,267,red,7349,T11
115,1,0,0,267,red,7349,T11
116,1,0,0,267,red,7349,T11
117,1,0,0,267,red,7349,T11
118,1,0,0,267,red,7349,T11
119,1,0,0,267,red,7349,T11
120,1,0,0,267,red,7349,T11
121,1,0,0,267,red,7349,T11
122,1,0,0,267,red,7349,T11
123,1,0,0,267,red,7349,T11
124,1,0,0,267,red,7349,T11
125,1,0,0,267,red,7349,T11
126,1,0,0,267,red,7349,T11
127,1,0,0,267,red,7349,T11
128,1,0,0,267,red,7349,T11
129,1,0,0,267,red,7349,T11
130,1,0,0,267,red,7349,T11
131,1,0,0,267,red,7349,T11
132,1,0,0,267,red,7349,T11
133,1,0,0,267,red,7349,T11
134,1,0,0,267,red,7349,T11
135,1,0,0,267,red,7349,T11
136,1,0,0,267,red,7349,T11
137,1,0,0,267,red,7349,T11
138,1,0,0,267,red,7349,T11
139,1,0,0,267,red,7349,T11
140,1,0,0,267,red,7349,T11
141,1,0,0,267,red,7349,T11
142,1,0,0,267,red,7349,T11
143,1,0,0,267,red,7349,T11
144,1,0,0,267,red,7349,T11
145,1,0,0,267,red,7349,T11
146,1,0,0,267,red,7349,T11
147,1,0,0,267,red,7349,T11
148,1,0,0,267,red,7349,T11
149,1,0,0,267,red,7349,T11
150,1,0,0,267,red,7349,T11
151,1,0,0,267,red,7349,T11
152,1,0,0,267,red,7349,T11
153,1,0,0,267,red,7349,T11
154,1,0,0,267,red,7349,T11
155,1,0,0,267,red,7349,T11
156,1,0,0,267,red,7349,T11
157,1,0,0,267,red,7349,T11
158,1,0,0,267,red,7349,T11
159,1,0,0,267,red,7349,T11
160,1,0,0,267,red,7349,T11
161,1,0,0,267,red,7349,T11
162,1,0,0,267,red,7349,T11
163,1,0,0,267,red,7349,T11
164,1,0,0,267,red,7349,T11
165,1,0,0,267,red,7349,T11
166,1,0,0,267,red,7349,T11
167,1,0,0,267,red,7349,T11
168,1,0,0,267,red,7349,T11
169,1,0,0,267,red,7349,T11
170,1,0,0,267,red,7349,T11
171,1,0,0,267,red,7349,T11
172,1,0,0,267,red,7349,T11
173,1,0,0,267,red,7349,T11
174,1,0,0,267,red,7349,T11
175,1,0,0,267,red,7349,T11
176,1,0,0,267,red,7349,T11
177,1,0,0,267,red,7349,T11
178,1,0,0,267,red,7349,T11
179,1,0,0,267,red,7349,T11
180,1,0,0,267,red,7349,T11
181,1,0,0,267,red,7349,T11
182,1,0,0,267,red,7349,T11
183,1,0,0,267,red,7349,T11
184,1,0,0,267,red,7349,T11
185,1,0,0,267,red,7349,T11
186,1,0,0,267,red,7349,T11
187,1,0,0,267,red,7349,T11
188,1,0,0,267,red,7349,T11
189,1,0,0,267,red,7349,T11
190,1,0,0,267,red,7349,T11
191,1,0,0,267,red,7349,T11
192,1,0,0,267,red,7349,T11
193,1,0,0,267,red,7349,T11
194,1,0,0,267,red,7349,T11
195,1,0,0,267,red,7349,T11
196,1,0,0,267,red,7349,T11
197,1,0,0,267,red,7349,T11
198,1,0,0,267,red,7349,T11
199,1,0,0,267,red,7349,T11
200,1,0,0,267,red,7349,T11
201,1,0,0,267,red,7349,T11
202,1,0,0,267,red,7349,T11
203,1,0,0,267,red,7349,T11
204,1,0,0,267,red,7349,T11
205,1,0,0,267,red,7349,T11
206,1,0,0,267,red,7349,T11
207,1,0,0,267,red,7349,T11
208,1,0,0,267,red,7349,T11
209,1,0,0,267,red,7349,T11
210,1,0,0,267,red,7349,T11
211,1,0,0,267,red,7349,T11
212,1,0,0,267,red,7349,T11
213,1,0,0,267,red,7349,T11
214,1,0,0,267,red,7349,T11
215,1,0,0,267,red,7349,T11
216,1,0,0,267,red,7349,T11
217,1,0,0,267,red,7349,T11
218,1,0,0,267,red,7349,T11
219,1,0,0,267,red,7349,T11
220,1,0,0,267,red,7349,T11
221,1,0,0,267,red,7349,T11
0,0,0,1,269,red,8152,T11
1,0,0,1,269,red,8152,T11
2,0,0,1,269,red,8152,T11
3,0,0,1,269,red,8152,T11
4,0,0,1,269,red,8152,T11
5,0,0,1,269,red,8152,T11
6,0,0,1,269,red,8152,T11
7,0,0,1,269,red,8152,T11
8,0,0,1,269,red,8152,T11
9,0,0,1,269,red,8152,T11
10,0,0,1,269,red,8152,T11
11,0,0,1,269,red,8152,T11
12,0,0,1,269,red,8152,T11
13,0,0,1,269,red,8152,T11
14,0,0,1,269,red,8152,T11
15,0,0,1,269,red,8152,T11
16,0,0,1,269,red,8152,T11
17,0,0,1,269,red,8152,T11
18,0,0,1,269,red,8152,T11
19,0,0,1,269,red,8152,T11
20,0,0,1,269,red,8152,T11
21,0,0,1,269,red,8152,T11
22,0,0,1,269,red,8152,T11
23,0,0,1,269,red,8152,T11
24,0,0,1,269,red,8152,T11
25,0,0,1,269,red,8152,T11
26,0,0,1,269,red,8152,T11
27,0,0,1,269,red,8152,T11
28,0,0,1,269,red,8152,T11
29,0,0,1,269,red,8152,T11
30,0,0,1,269,red,8152,T11
31,0,0,1,269,red,8152,T11
32,0,0,1,269,red,8152,T11
33,0,0,1,269,red,8152,T11
34,0,0,1,269,red,8152,T11
35,0,0,1,269,red,8152,T11
36,0,0,1,269,red,8152,T11
37,0,0,1,269,red,8152,T11
38,0,0,1,269,red,8152,T11
39,0,0,1,269,red,8152,T11
40,0,0,1,269,red,8152,T11
41,0,0,1,269,red,8152,T11
42,0,0,1,269,red,8152,T11
43,0,0,1,269,red,8152,T11
44,0,0,1,269,red,8152,T11
45,0,0,1,269,red,8152,T11
46,0,0,1,269,red,8152,T11
47,0,0,1,269,red,8152,T11
48,0,0,1,269,red,8152,T11
49,0,0,1,269,red,8152,T11
50,0,0,1,269,red,8152,T11
51,0,0,1,269,red,8152,T11
52,0,0,1,269,red,8152,T11
53,0,0,1,269,red,8152,T11
54,0,0,1,269,red,8152,T11
55,0,0,1,269,red,8152,T11
56,0,0,1,269,red,8152,T11
57,0,0,1,269,red,8152,T11
58,0,0,1,269,red,8152,T11
59,0,0,1,269,red,8152,T11
60,0,0,1,269,red,8152,T11
61,0,0,1,269,red,8152,T11
62,0,0,1,269,red,8152,T11
63,0,0,1,269,red,8152,T11
64,0,0,1,269,red,8152,T11
65,0,0,1,269,red,8152,T11
66,0,0,1,269,red,8152,T11
67,0,0,1,269,red,8152,T11
68,0,0,1,269,red,8152,T11
69,0,0,1,269,red,8152,T11
70,0,0,1,269,red,8152,T11
71,0,0,1,269,red,8152,T11
72,0,0,1,269,red,8152,T11
73,0,0,1,269,red,8152,T11
74,0,0,1,269,red,8152,T11
75,0,0,1,269,red,8152,T11
76,0,0,1,269,red,8152,T11
77,0,0,1,269,red,8152,T11
78,0,0,1,269,red,8152,T11
79,0,0,1,269,red,8152,T11
80,0,0,1,269,red,8152,T11
81,0,0,1,269,red,8152,T11
82,0,0,1,269,red,8152,T11
83,0,0,1,269,red,8152,T11
84,0,1,0,269,red,8152,T11
85,0,1,0,269,red,8152,T11
86,0,1,0,269,red,8152,T11
87,0,1,0,269,red,8152,T11
88,0,1,0,269,red,8152,T11
89,0,1,0,269,red,8152,T11
90,0,1,0,269,red,8152,T11
91,0,1,0,269,red,8152,T11
92,0,1,0,269,red,8152,T11
93,0,1,0,269,red,8152,T11
94,0,1,0,269,red,8152,T11
95,0,1,0,269,red,8152,T11
96,0,1,0,269,red,8152,T11
97,0,1,0,269,red,8152,T11
98,0,1,0,269,red,8152,T11
99,0,1,0,269,red,8152,T11
100,0,1,0,269,red,8152,T11
101,0,1,0,269,red,8152,T11
102,0,1,0,269,red,8152,T11
103,0,1,0,269,red,8152,T11
104,0,1,0,269,red,8152,T11
105,0,1,0,269,red,8152,T11
106,0,1,0,269,red,8152,T11
107,0,1,0,269,red,8152,T11
108,0,1,0,269,red,8152,T11
109,0,1,0,269,red,8152,T11
110,0,1,0,269,red,8152,T11
111,0,1,0,269,red,8152,T11
112,0,1,0,269,red,8152,T11
113,0,1,0,269,red,8152,T11
114,0,1,0,269,red,8152,T11
115,0,1,0,269,red,8152,T11
116,0,1,0,269,red,8152,T11
117,0,1,0,269,red,8152,T11
118,0,1,0,269,red,8152,T11
119,0,1,0,269,red,8152,T11
120,0,0,1,269,red,8152,T11
121,0,0,1,269,red,8152,T11
122,0,0,1,269,red,8152,T11
123,1,0,0,269,red,8152,T11
124,1,0,0,269,red,8152,T11
125,1,0,0,269,red,8152,T11
126,1,0,0,269,red,8152,T11
127,1,0,0,269,red,8152,T11
128,1,0,0,269,red,8152,T11
129,1,0,0,269,red,8152,T11
130,1,0,0,269,red,8152,T11
131,1,0,0,269,red,8152,T11
132,1,0,0,269,red,8152,T11
133,1,0,0,269,red,8152,T11
134,1,0,0,269,red,8152,T11
135,1,0,0,269,red,8152,T11
136,1,0,0,269,red,8152,T11
137,1,0,0,269,red,8152,T11
138,1,0,0,269,red,8152,T11
139,1,0,0,269,red,8152,T11
140,1,0,0,269,red,8152,T11
141,1,0,0,269,red,8152,T11
142,1,0,0,269,red,8152,T11
143,1,0,0,269,red,8152,T11
144,1,0,0,269,red,8152,T11
145,1,0,0,269,red,8152,T11
146,1,0,0,269,red,8152,T11
147,1,0,0,269,red,8152,T11
148,1,0,0,269,red,8152,T11
149,1,0,0,269,red,8152,T11
150,1,0,0,269,red,8152,T11
151,1,0,0,269,red,8152,T11
152,1,0,0,269,red,8152,T11
153,1,0,0,269,red,8152,T11
154,1,0,0,269,red,8152,T11
155,1,0,0,269,red,8152,T11
156,1,0,0,269,red,8152,T11
157,1,0,0,269,red,8152,T11
158,1,0,0,269,red,8152,T11
159,1,0,0,269,red,8152,T11
160,1,0,0,269,red,8152,T11
161,1,0,0,269,red,8152,T11
162,1,0,0,269,red,8152,T11
163,1,0,0,269,red,8152,T11
164,1,0,0,269,red,8152,T11
165,1,0,0,269,red,8152,T11
166,1,0,0,269,red,8152,T11
167,1,0,0,269,red,8152,T11
168,1,0,0,269,red,8152,T11
169,1,0,0,269,red,8152,T11
170,1,0,0,269,red,8152,T11
171,1,0,0,269,red,8152,T11
172,1,0,0,269,red,8152,T11
173,1,0,0,269,red,8152,T11
174,1,0,0,269,red,8152,T11
175,1,0,0,269,red,8152,T11
176,1,0,0,269,red,8152,T11
177,1,0,0,269,red,8152,T11
178,1,0,0,269,red,8152,T11
179,1,0,0,269,red,8152,T11
180,1,0,0,269,red,8152,T11
181,1,0,0,269,red,8152,T11
182,1,0,0,269,red,8152,T11
183,1,0,0,269,red,8152,T11
184,1,0,0,269,red,8152,T11
185,1,0,0,269,red,8152,T11
186,1,0,0,269,red,8152,T11
187,1,0,0,269,red,8152,T11
188,1,0,0,269,red,8152,T11
189,1,0,0,269,red,8152,T11
190,1,0,0,269,red,8152,T11
191,1,0,0,269,red,8152,T11
192,1,0,0,269,red,8152,T11
193,1,0,0,269,red,8152,T11
194,1,0,0,269,red,8152,T11
195,1,0,0,269,red,8152,T11
196,1,0,0,269,red,8152,T11
197,1,0,0,269,red,8152,T11
198,1,0,0,269,red,8152,T11
199,1,0,0,269,red,8152,T11
200,1,0,0,269,red,8152,T11
201,1,0,0,269,red,8152,T11
202,1,0,0,269,red,8152,T11
203,1,0,0,269,red,8152,T11
204,1,0,0,269,red,8152,T11
205,1,0,0,269,red,8152,T11
206,1,0,0,269,red,8152,T11
207,1,0,0,269,red,8152,T11
208,1,0,0,269,red,8152,T11
209,1,0,0,269,red,8152,T11
210,1,0,0,269,red,8152,T11
211,1,0,0,269,red,8152,T11
212,1,0,0,269,red,8152,T11
213,1,0,0,269,red,8152,T11
214,1,0,0,269,red,8152,T11
215,1,0,0,269,red,8152,T11
216,1,0,0,269,red,8152,T11
217,1,0,0,269,red,8152,T11
218,1,0,0,269,red,8152,T11
219,1,0,0,269,red,8152,T11
220,1,0,0,269,red,8152,T11
221,1,0,0,269,red,8152,T11
0,0,0,1,270,red,8126,T11
1,0,0,1,270,red,8126,T11
2,0,0,1,270,red,8126,T11
3,0,0,1,270,red,8126,T11
4,0,0,1,270,red,8126,T11
5,0,0,1,270,red,8126,T11
6,0,0,1,270,red,8126,T11
7,0,0,1,270,red,8126,T11
8,0,0,1,270,red,8126,T11
9,0,0,1,270,red,8126,T11
10,0,0,1,270,red,8126,T11
11,0,0,1,270,red,8126,T11
12,0,0,1,270,red,8126,T11
13,0,0,1,270,red,8126,T11
14,0,0,1,270,red,8126,T11
15,0,0,1,270,red,8126,T11
16,0,0,1,270,red,8126,T11
17,0,0,1,270,red,8126,T11
18,0,0,1,270,red,8126,T11
19,0,0,1,270,red,8126,T11
20,0,0,1,270,red,8126,T11
21,0,0,1,270,red,8126,T11
22,0,0,1,270,red,8126,T11
23,0,0,1,270,red,8126,T11
24,0,0,1,270,red,8126,T11
25,0,0,1,270,red,8126,T11
26,0,0,1,270,red,8126,T11
27,0,0,1,270,red,8126,T11
28,0,0,1,270,red,8126,T11
29,0,0,1,270,red,8126,T11
30,0,0,1,270,red,8126,T11
31,0,0,1,270,red,8126,T11
32,0,0,1,270,red,8126,T11
33,0,0,1,270,red,8126,T11
34,0,0,1,270,red,8126,T11
35,0,0,1,270,red,8126,T11
36,0,0,1,270,red,8126,T11
37,0,0,1,270,red,8126,T11
38,0,1,0,270,red,8126,T11
39,0,1,0,270,red,8126,T11
40,0,1,0,270,red,8126,T11
41,0,1,0,270,red,8126,T11
42,0,1,0,270,red,8126,T11
43,0,1,0,270,red,8126,T11
44,0,1,0,270,red,8126,T11
45,0,1,0,270,red,8126,T11
46,0,1,0,270,red,8126,T11
47,0,1,0,270,red,8126,T11
48,0,1,0,270,red,8126,T11
49,0,1,0,270,red,8126,T11
50,0,1,0,270,red,8126,T11
51,0,1,0,270,red,8126,T11
52,0,1,0,270,red,8126,T11
53,0,1,0,270,red,8126,T11
54,0,1,0,270,red,8126,T11
55,0,1,0,270,red,8126,T11
56,0,1,0,270,red,8126,T11
57,0,1,0,270,red,8126,T11
58,0,1,0,270,red,8126,T11
59,0,1,0,270,red,8126,T11
60,0,1,0,270,red,8126,T11
61,0,1,0,270,red,8126,T11
62,0,1,0,270,red,8126,T11
63,0,1,0,270,red,8126,T11
64,0,1,0,270,red,8126,T11
65,0,1,0,270,red,8126,T11
66,0,1,0,270,red,8126,T11
67,0,1,0,270,red,8126,T11
68,0,1,0,270,red,8126,T11
69,0,1,0,270,red,8126,T11
70,0,1,0,270,red,8126,T11
71,0,1,0,270,red,8126,T11
72,0,1,0,270,red,8126,T11
73,0,1,0,270,red,8126,T11
74,0,1,0,270,red,8126,T11
75,0,1,0,270,red,8126,T11
76,0,1,0,270,red,8126,T11
77,1,0,0,270,red,8126,T11
78,1,0,0,270,red,8126,T11
79,1,0,0,270,red,8126,T11
80,1,0,0,270,red,8126,T11
81,1,0,0,270,red,8126,T11
82,1,0,0,270,red,8126,T11
83,1,0,0,270,red,8126,T11
84,1,0,0,270,red,8126,T11
85,1,0,0,270,red,8126,T11
86,1,0,0,270,red,8126,T11
87,1,0,0,270,red,8126,T11
88,1,0,0,270,red,8126,T11
89,1,0,0,270,red,8126,T11
90,1,0,0,270,red,8126,T11
91,1,0,0,270,red,8126,T11
92,1,0,0,270,red,8126,T11
93,1,0,0,270,red,8126,T11
94,1,0,0,270,red,8126,T11
95,1,0,0,270,red,8126,T11
96,1,0,0,270,red,8126,T11
97,1,0,0,270,red,8126,T11
98,1,0,0,270,red,8126,T11
99,1,0,0,270,red,8126,T11
100,1,0,0,270,red,8126,T11
101,1,0,0,270,red,8126,T11
102,1,0,0,270,red,8126,T11
103,0,0,1,270,red,8126,T11
104,0,1,0,270,red,8126,T11
105,0,1,0,270,red,8126,T11
106,0,1,0,270,red,8126,T11
107,0,1,0,270,red,8126,T11
108,0,1,0,270,red,8126,T11
109,0,1,0,270,red,8126,T11
110,0,1,0,270,red,8126,T11
111,0,1,0,270,red,8126,T11
112,0,1,0,270,red,8126,T11
113,0,1,0,270,red,8126,T11
114,0,1,0,270,red,8126,T11
115,0,1,0,270,red,8126,T11
116,0,1,0,270,red,8126,T11
117,0,1,0,270,red,8126,T11
118,0,1,0,270,red,8126,T11
119,0,1,0,270,red,8126,T11
120,0,1,0,270,red,8126,T11
121,0,1,0,270,red,8126,T11
122,0,1,0,270,red,8126,T11
123,0,1,0,270,red,8126,T11
124,0,0,1,270,red,8126,T11
125,0,0,1,270,red,8126,T11
126,1,0,0,270,red,8126,T11
127,1,0,0,270,red,8126,T11
128,1,0,0,270,red,8126,T11
129,1,0,0,270,red,8126,T11
130,1,0,0,270,red,8126,T11
131,1,0,0,270,red,8126,T11
132,1,0,0,270,red,8126,T11
133,1,0,0,270,red,8126,T11
134,1,0,0,270,red,8126,T11
135,1,0,0,270,red,8126,T11
136,1,0,0,270,red,8126,T11
137,1,0,0,270,red,8126,T11
138,1,0,0,270,red,8126,T11
139,1,0,0,270,red,8126,T11
140,1,0,0,270,red,8126,T11
141,1,0,0,270,red,8126,T11
142,1,0,0,270,red,8126,T11
143,1,0,0,270,red,8126,T11
144,1,0,0,270,red,8126,T11
145,1,0,0,270,red,8126,T11
146,1,0,0,270,red,8126,T11
147,1,0,0,270,red,8126,T11
148,1,0,0,270,red,8126,T11
149,1,0,0,270,red,8126,T11
150,1,0,0,270,red,8126,T11
151,1,0,0,270,red,8126,T11
152,1,0,0,270,red,8126,T11
153,1,0,0,270,red,8126,T11
154,1,0,0,270,red,8126,T11
155,1,0,0,270,red,8126,T11
156,1,0,0,270,red,8126,T11
157,1,0,0,270,red,8126,T11
158,1,0,0,270,red,8126,T11
159,1,0,0,270,red,8126,T11
160,1,0,0,270,red,8126,T11
161,1,0,0,270,red,8126,T11
162,1,0,0,270,red,8126,T11
163,1,0,0,270,red,8126,T11
164,1,0,0,270,red,8126,T11
165,1,0,0,270,red,8126,T11
166,1,0,0,270,red,8126,T11
167,1,0,0,270,red,8126,T11
168,1,0,0,270,red,8126,T11
169,1,0,0,270,red,8126,T11
170,1,0,0,270,red,8126,T11
171,1,0,0,270,red,8126,T11
172,1,0,0,270,red,8126,T11
173,1,0,0,270,red,8126,T11
174,1,0,0,270,red,8126,T11
175,1,0,0,270,red,8126,T11
176,1,0,0,270,red,8126,T11
177,1,0,0,270,red,8126,T11
178,1,0,0,270,red,8126,T11
179,1,0,0,270,red,8126,T11
180,1,0,0,270,red,8126,T11
181,1,0,0,270,red,8126,T11
182,1,0,0,270,red,8126,T11
183,1,0,0,270,red,8126,T11
184,1,0,0,270,red,8126,T11
185,1,0,0,270,red,8126,T11
186,1,0,0,270,red,8126,T11
187,1,0,0,270,red,8126,T11
188,1,0,0,270,red,8126,T11
189,1,0,0,270,red,8126,T11
190,1,0,0,270,red,8126,T11
191,1,0,0,270,red,8126,T11
192,1,0,0,270,red,8126,T11
193,1,0,0,270,red,8126,T11
194,1,0,0,270,red,8126,T11
195,1,0,0,270,red,8126,T11
196,1,0,0,270,red,8126,T11
197,1,0,0,270,red,8126,T11
198,1,0,0,270,red,8126,T11
199,1,0,0,270,red,8126,T11
200,1,0,0,270,red,8126,T11
201,1,0,0,270,red,8126,T11
202,1,0,0,270,red,8126,T11
203,1,0,0,270,red,8126,T11
204,1,0,0,270,red,8126,T11
205,1,0,0,270,red,8126,T11
206,1,0,0,270,red,8126,T11
207,1,0,0,270,red,8126,T11
208,1,0,0,270,red,8126,T11
209,1,0,0,270,red,8126,T11
210,1,0,0,270,red,8126,T11
211,1,0,0,270,red,8126,T11
212,1,0,0,270,red,8126,T11
213,1,0,0,270,red,8126,T11
214,1,0,0,270,red,8126,T11
215,1,0,0,270,red,8126,T11
216,1,0,0,270,red,8126,T11
217,1,0,0,270,red,8126,T11
218,1,0,0,270,red,8126,T11
219,1,0,0,270,red,8126,T11
220,1,0,0,270,red,8126,T11
221,1,0,0,270,red,8126,T11
0,0,0,1,272,red,8401,T11
1,0,0,1,272,red,8401,T11
2,0,0,1,272,red,8401,T11
3,0,0,1,272,red,8401,T11
4,0,0,1,272,red,8401,T11
5,0,0,1,272,red,8401,T11
6,0,0,1,272,red,8401,T11
7,0,0,1,272,red,8401,T11
8,0,0,1,272,red,8401,T11
9,0,0,1,272,red,8401,T11
10,0,0,1,272,red,8401,T11
11,0,0,1,272,red,8401,T11
12,0,0,1,272,red,8401,T11
13,0,0,1,272,red,8401,T11
14,0,0,1,272,red,8401,T11
15,0,0,1,272,red,8401,T11
16,0,0,1,272,red,8401,T11
17,0,0,1,272,red,8401,T11
18,0,0,1,272,red,8401,T11
19,0,0,1,272,red,8401,T11
20,0,0,1,272,red,8401,T11
21,0,0,1,272,red,8401,T11
22,0,0,1,272,red,8401,T11
23,0,0,1,272,red,8401,T11
24,0,0,1,272,red,8401,T11
25,0,0,1,272,red,8401,T11
26,0,0,1,272,red,8401,T11
27,0,0,1,272,red,8401,T11
28,0,0,1,272,red,8401,T11
29,0,0,1,272,red,8401,T11
30,0,0,1,272,red,8401,T11
31,0,0,1,272,red,8401,T11
32,0,0,1,272,red,8401,T11
33,0,0,1,272,red,8401,T11
34,0,0,1,272,red,8401,T11
35,0,0,1,272,red,8401,T11
36,0,0,1,272,red,8401,T11
37,0,0,1,272,red,8401,T11
38,0,0,1,272,red,8401,T11
39,0,0,1,272,red,8401,T11
40,0,0,1,272,red,8401,T11
41,1,0,0,272,red,8401,T11
42,1,0,0,272,red,8401,T11
43,1,0,0,272,red,8401,T11
44,1,0,0,272,red,8401,T11
45,1,0,0,272,red,8401,T11
46,1,0,0,272,red,8401,T11
47,1,0,0,272,red,8401,T11
48,1,0,0,272,red,8401,T11
49,1,0,0,272,red,8401,T11
50,1,0,0,272,red,8401,T11
51,1,0,0,272,red,8401,T11
52,1,0,0,272,red,8401,T11
53,1,0,0,272,red,8401,T11
54,1,0,0,272,red,8401,T11
55,1,0,0,272,red,8401,T11
56,1,0,0,272,red,8401,T11
57,1,0,0,272,red,8401,T11
58,1,0,0,272,red,8401,T11
59,1,0,0,272,red,8401,T11
60,1,0,0,272,red,8401,T11
61,1,0,0,272,red,8401,T11
62,0,0,1,272,red,8401,T11
63,0,0,1,272,red,8401,T11
64,0,1,0,272,red,8401,T11
65,0,1,0,272,red,8401,T11
66,0,1,0,272,red,8401,T11
67,0,1,0,272,red,8401,T11
68,0,1,0,272,red,8401,T11
69,0,1,0,272,red,8401,T11
70,0,1,0,272,red,8401,T11
71,0,1,0,272,red,8401,T11
72,0,1,0,272,red,8401,T11
73,0,1,0,272,red,8401,T11
74,0,1,0,272,red,8401,T11
75,0,1,0,272,red,8401,T11
76,0,1,0,272,red,8401,T11
77,0,1,0,272,red,8401,T11
78,0,1,0,272,red,8401,T11
79,0,1,0,272,red,8401,T11
80,0,1,0,272,red,8401,T11
81,0,1,0,272,red,8401,T11
82,0,1,0,272,red,8401,T11
83,0,1,0,272,red,8401,T11
84,0,1,0,272,red,8401,T11
85,0,1,0,272,red,8401,T11
86,0,1,0,272,red,8401,T11
87,0,1,0,272,red,8401,T11
88,0,1,0,272,red,8401,T11
89,0,1,0,272,red,8401,T11
90,0,1,0,272,red,8401,T11
91,0,1,0,272,red,8401,T11
92,0,1,0,272,red,8401,T11
93,0,1,0,272,red,8401,T11
94,0,1,0,272,red,8401,T11
95,0,1,0,272,red,8401,T11
96,0,1,0,272,red,8401,T11
97,0,1,0,272,red,8401,T11
98,0,1,0,272,red,8401,T11
99,0,1,0,272,red,8401,T11
100,0,1,0,272,red,8401,T11
101,0,1,0,272,red,8401,T11
102,0,1,0,272,red,8401,T11
103,0,1,0,272,red,8401,T11
104,0,1,0,272,red,8401,T11
105,0,1,0,272,red,8401,T11
106,0,1,0,272,red,8401,T11
107,0,1,0,272,red,8401,T11
108,0,1,0,272,red,8401,T11
109,0,1,0,272,red,8401,T11
110,0,1,0,272,red,8401,T11
111,0,1,0,272,red,8401,T11
112,0,1,0,272,red,8401,T11
113,0,1,0,272,red,8401,T11
114,0,1,0,272,red,8401,T11
115,1,0,0,272,red,8401,T11
116,1,0,0,272,red,8401,T11
117,1,0,0,272,red,8401,T11
118,1,0,0,272,red,8401,T11
119,1,0,0,272,red,8401,T11
120,1,0,0,272,red,8401,T11
121,1,0,0,272,red,8401,T11
122,1,0,0,272,red,8401,T11
123,1,0,0,272,red,8401,T11
124,1,0,0,272,red,8401,T11
125,1,0,0,272,red,8401,T11
126,1,0,0,272,red,8401,T11
127,1,0,0,272,red,8401,T11
128,1,0,0,272,red,8401,T11
129,1,0,0,272,red,8401,T11
130,1,0,0,272,red,8401,T11
131,1,0,0,272,red,8401,T11
132,1,0,0,272,red,8401,T11
133,1,0,0,272,red,8401,T11
134,1,0,0,272,red,8401,T11
135,1,0,0,272,red,8401,T11
136,1,0,0,272,red,8401,T11
137,1,0,0,272,red,8401,T11
138,1,0,0,272,red,8401,T11
139,1,0,0,272,red,8401,T11
140,1,0,0,272,red,8401,T11
141,1,0,0,272,red,8401,T11
142,1,0,0,272,red,8401,T11
143,1,0,0,272,red,8401,T11
144,1,0,0,272,red,8401,T11
145,1,0,0,272,red,8401,T11
146,1,0,0,272,red,8401,T11
147,1,0,0,272,red,8401,T11
148,1,0,0,272,red,8401,T11
149,1,0,0,272,red,8401,T11
150,1,0,0,272,red,8401,T11
151,1,0,0,272,red,8401,T11
152,1,0,0,272,red,8401,T11
153,1,0,0,272,red,8401,T11
154,1,0,0,272,red,8401,T11
155,1,0,0,272,red,8401,T11
156,1,0,0,272,red,8401,T11
157,1,0,0,272,red,8401,T11
158,1,0,0,272,red,8401,T11
159,1,0,0,272,red,8401,T11
160,1,0,0,272,red,8401,T11
161,1,0,0,272,red,8401,T11
162,1,0,0,272,red,8401,T11
163,1,0,0,272,red,8401,T11
164,1,0,0,272,red,8401,T11
165,1,0,0,272,red,8401,T11
166,1,0,0,272,red,8401,T11
167,1,0,0,272,red,8401,T11
168,1,0,0,272,red,8401,T11
169,1,0,0,272,red,8401,T11
170,1,0,0,272,red,8401,T11
171,1,0,0,272,red,8401,T11
172,1,0,0,272,red,8401,T11
173,1,0,0,272,red,8401,T11
174,1,0,0,272,red,8401,T11
175,1,0,0,272,red,8401,T11
176,1,0,0,272,red,8401,T11
177,1,0,0,272,red,8401,T11
178,1,0,0,272,red,8401,T11
179,1,0,0,272,red,8401,T11
180,1,0,0,272,red,8401,T11
181,1,0,0,272,red,8401,T11
182,1,0,0,272,red,8401,T11
183,1,0,0,272,red,8401,T11
184,1,0,0,272,red,8401,T11
185,1,0,0,272,red,8401,T11
186,1,0,0,272,red,8401,T11
187,1,0,0,272,red,8401,T11
188,1,0,0,272,red,8401,T11
189,1,0,0,272,red,8401,T11
190,1,0,0,272,red,8401,T11
191,1,0,0,272,red,8401,T11
192,1,0,0,272,red,8401,T11
193,1,0,0,272,red,8401,T11
194,1,0,0,272,red,8401,T11
195,1,0,0,272,red,8401,T11
196,1,0,0,272,red,8401,T11
197,1,0,0,272,red,8401,T11
198,1,0,0,272,red,8401,T11
199,1,0,0,272,red,8401,T11
200,1,0,0,272,red,8401,T11
201,1,0,0,272,red,8401,T11
202,1,0,0,272,red,8401,T11
203,1,0,0,272,red,8401,T11
204,1,0,0,272,red,8401,T11
205,1,0,0,272,red,8401,T11
206,1,0,0,272,red,8401,T11
207,1,0,0,272,red,8401,T11
208,1,0,0,272,red,8401,T11
209,1,0,0,272,red,8401,T11
210,1,0,0,272,red,8401,T11
211,1,0,0,272,red,8401,T11
212,1,0,0,272,red,8401,T11
213,1,0,0,272,red,8401,T11
214,1,0,0,272,red,8401,T11
215,1,0,0,272,red,8401,T11
216,1,0,0,272,red,8401,T11
217,1,0,0,272,red,8401,T11
218,1,0,0,272,red,8401,T11
219,1,0,0,272,red,8401,T11
220,1,0,0,272,red,8401,T11
221,1,0,0,272,red,8401,T11
0,0,0,1,273,red,9224,T11
1,0,0,1,273,red,9224,T11
2,0,0,1,273,red,9224,T11
3,0,0,1,273,red,9224,T11
4,0,0,1,273,red,9224,T11
5,0,0,1,273,red,9224,T11
6,0,0,1,273,red,9224,T11
7,0,0,1,273,red,9224,T11
8,0,0,1,273,red,9224,T11
9,0,0,1,273,red,9224,T11
10,0,0,1,273,red,9224,T11
11,0,0,1,273,red,9224,T11
12,0,0,1,273,red,9224,T11
13,0,0,1,273,red,9224,T11
14,0,0,1,273,red,9224,T11
15,0,0,1,273,red,9224,T11
16,0,0,1,273,red,9224,T11
17,0,0,1,273,red,9224,T11
18,0,0,1,273,red,9224,T11
19,0,0,1,273,red,9224,T11
20,0,0,1,273,red,9224,T11
21,0,0,1,273,red,9224,T11
22,0,0,1,273,red,9224,T11
23,0,0,1,273,red,9224,T11
24,0,0,1,273,red,9224,T11
25,0,0,1,273,red,9224,T11
26,0,0,1,273,red,9224,T11
27,0,0,1,273,red,9224,T11
28,0,0,1,273,red,9224,T11
29,0,0,1,273,red,9224,T11
30,0,0,1,273,red,9224,T11
31,0,0,1,273,red,9224,T11
32,0,0,1,273,red,9224,T11
33,0,0,1,273,red,9224,T11
34,0,0,1,273,red,9224,T11
35,0,0,1,273,red,9224,T11
36,0,0,1,273,red,9224,T11
37,0,1,0,273,red,9224,T11
38,0,1,0,273,red,9224,T11
39,0,1,0,273,red,9224,T11
40,0,1,0,273,red,9224,T11
41,0,1,0,273,red,9224,T11
42,0,1,0,273,red,9224,T11
43,0,1,0,273,red,9224,T11
44,0,1,0,273,red,9224,T11
45,0,1,0,273,red,9224,T11
46,0,1,0,273,red,9224,T11
47,0,1,0,273,red,9224,T11
48,0,1,0,273,red,9224,T11
49,0,1,0,273,red,9224,T11
50,0,1,0,273,red,9224,T11
51,0,1,0,273,red,9224,T11
52,0,1,0,273,red,9224,T11
53,0,1,0,273,red,9224,T11
54,0,1,0,273,red,9224,T11
55,0,1,0,273,red,9224,T11
56,0,1,0,273,red,9224,T11
57,0,1,0,273,red,9224,T11
58,0,1,0,273,red,9224,T11
59,0,1,0,273,red,9224,T11
60,0,1,0,273,red,9224,T11
61,0,1,0,273,red,9224,T11
62,0,1,0,273,red,9224,T11
63,0,1,0,273,red,9224,T11
64,0,1,0,273,red,9224,T11
65,0,1,0,273,red,9224,T11
66,0,1,0,273,red,9224,T11
67,0,1,0,273,red,9224,T11
68,0,1,0,273,red,9224,T11
69,0,1,0,273,red,9224,T11
70,0,1,0,273,red,9224,T11
71,0,1,0,273,red,9224,T11
72,0,1,0,273,red,9224,T11
73,0,1,0,273,red,9224,T11
74,0,1,0,273,red,9224,T11
75,0,1,0,273,red,9224,T11
76,0,1,0,273,red,9224,T11
77,0,1,0,273,red,9224,T11
78,0,1,0,273,red,9224,T11
79,0,1,0,273,red,9224,T11
80,0,1,0,273,red,9224,T11
81,0,1,0,273,red,9224,T11
82,0,1,0,273,red,9224,T11
83,0,1,0,273,red,9224,T11
84,0,1,0,273,red,9224,T11
85,0,1,0,273,red,9224,T11
86,0,1,0,273,red,9224,T11
87,0,1,0,273,red,9224,T11
88,0,1,0,273,red,9224,T11
89,0,1,0,273,red,9224,T11
90,0,1,0,273,red,9224,T11
91,0,1,0,273,red,9224,T11
92,0,1,0,273,red,9224,T11
93,0,1,0,273,red,9224,T11
94,0,1,0,273,red,9224,T11
95,0,1,0,273,red,9224,T11
96,0,1,0,273,red,9224,T11
97,0,1,0,273,red,9224,T11
98,0,0,1,273,red,9224,T11
99,0,0,1,273,red,9224,T11
100,1,0,0,273,red,9224,T11
101,1,0,0,273,red,9224,T11
102,1,0,0,273,red,9224,T11
103,1,0,0,273,red,9224,T11
104,1,0,0,273,red,9224,T11
105,1,0,0,273,red,9224,T11
106,1,0,0,273,red,9224,T11
107,1,0,0,273,red,9224,T11
108,1,0,0,273,red,9224,T11
109,1,0,0,273,red,9224,T11
110,1,0,0,273,red,9224,T11
111,1,0,0,273,red,9224,T11
112,1,0,0,273,red,9224,T11
113,1,0,0,273,red,9224,T11
114,1,0,0,273,red,9224,T11
115,1,0,0,273,red,9224,T11
116,1,0,0,273,red,9224,T11
117,1,0,0,273,red,9224,T11
118,1,0,0,273,red,9224,T11
119,1,0,0,273,red,9224,T11
120,1,0,0,273,red,9224,T11
121,1,0,0,273,red,9224,T11
122,1,0,0,273,red,9224,T11
123,1,0,0,273,red,9224,T11
124,1,0,0,273,red,9224,T11
125,1,0,0,273,red,9224,T11
126,1,0,0,273,red,9224,T11
127,1,0,0,273,red,9224,T11
128,1,0,0,273,red,9224,T11
129,1,0,0,273,red,9224,T11
130,1,0,0,273,red,9224,T11
131,1,0,0,273,red,9224,T11
132,1,0,0,273,red,9224,T11
133,1,0,0,273,red,9224,T11
134,1,0,0,273,red,9224,T11
135,1,0,0,273,red,9224,T11
136,1,0,0,273,red,9224,T11
137,1,0,0,273,red,9224,T11
138,1,0,0,273,red,9224,T11
139,1,0,0,273,red,9224,T11
140,1,0,0,273,red,9224,T11
141,1,0,0,273,red,9224,T11
142,1,0,0,273,red,9224,T11
143,1,0,0,273,red,9224,T11
144,1,0,0,273,red,9224,T11
145,1,0,0,273,red,9224,T11
146,1,0,0,273,red,9224,T11
147,1,0,0,273,red,9224,T11
148,1,0,0,273,red,9224,T11
149,1,0,0,273,red,9224,T11
150,1,0,0,273,red,9224,T11
151,1,0,0,273,red,9224,T11
152,1,0,0,273,red,9224,T11
153,1,0,0,273,red,9224,T11
154,1,0,0,273,red,9224,T11
155,1,0,0,273,red,9224,T11
156,1,0,0,273,red,9224,T11
157,1,0,0,273,red,9224,T11
158,1,0,0,273,red,9224,T11
159,1,0,0,273,red,9224,T11
160,1,0,0,273,red,9224,T11
161,1,0,0,273,red,9224,T11
162,1,0,0,273,red,9224,T11
163,1,0,0,273,red,9224,T11
164,1,0,0,273,red,9224,T11
165,1,0,0,273,red,9224,T11
166,1,0,0,273,red,9224,T11
167,1,0,0,273,red,9224,T11
168,1,0,0,273,red,9224,T11
169,1,0,0,273,red,9224,T11
170,1,0,0,273,red,9224,T11
171,1,0,0,273,red,9224,T11
172,1,0,0,273,red,9224,T11
173,1,0,0,273,red,9224,T11
174,1,0,0,273,red,9224,T11
175,1,0,0,273,red,9224,T11
176,1,0,0,273,red,9224,T11
177,1,0,0,273,red,9224,T11
178,1,0,0,273,red,9224,T11
179,1,0,0,273,red,9224,T11
180,1,0,0,273,red,9224,T11
181,1,0,0,273,red,9224,T11
182,1,0,0,273,red,9224,T11
183,1,0,0,273,red,9224,T11
184,1,0,0,273,red,9224,T11
185,1,0,0,273,red,9224,T11
186,1,0,0,273,red,9224,T11
187,1,0,0,273,red,9224,T11
188,1,0,0,273,red,9224,T11
189,1,0,0,273,red,9224,T11
190,1,0,0,273,red,9224,T11
191,1,0,0,273,red,9224,T11
192,1,0,0,273,red,9224,T11
193,1,0,0,273,red,9224,T11
194,1,0,0,273,red,9224,T11
195,1,0,0,273,red,9224,T11
196,1,0,0,273,red,9224,T11
197,1,0,0,273,red,9224,T11
198,1,0,0,273,red,9224,T11
199,1,0,0,273,red,9224,T11
200,1,0,0,273,red,9224,T11
201,1,0,0,273,red,9224,T11
202,1,0,0,273,red,9224,T11
203,1,0,0,273,red,9224,T11
204,1,0,0,273,red,9224,T11
205,1,0,0,273,red,9224,T11
206,1,0,0,273,red,9224,T11
207,1,0,0,273,red,9224,T11
208,1,0,0,273,red,9224,T11
209,1,0,0,273,red,9224,T11
210,1,0,0,273,red,9224,T11
211,1,0,0,273,red,9224,T11
212,1,0,0,273,red,9224,T11
213,1,0,0,273,red,9224,T11
214,1,0,0,273,red,9224,T11
215,1,0,0,273,red,9224,T11
216,1,0,0,273,red,9224,T11
217,1,0,0,273,red,9224,T11
218,1,0,0,273,red,9224,T11
219,1,0,0,273,red,9224,T11
220,1,0,0,273,red,9224,T11
221,1,0,0,273,red,9224,T11
0,0,0,1,274,red,8145,T11
1,0,0,1,274,red,8145,T11
2,0,0,1,274,red,8145,T11
3,0,0,1,274,red,8145,T11
4,0,0,1,274,red,8145,T11
5,0,0,1,274,red,8145,T11
6,0,0,1,274,red,8145,T11
7,0,0,1,274,red,8145,T11
8,0,0,1,274,red,8145,T11
9,0,0,1,274,red,8145,T11
10,0,0,1,274,red,8145,T11
11,0,0,1,274,red,8145,T11
12,0,0,1,274,red,8145,T11
13,0,0,1,274,red,8145,T11
14,0,0,1,274,red,8145,T11
15,0,0,1,274,red,8145,T11
16,0,0,1,274,red,8145,T11
17,0,0,1,274,red,8145,T11
18,0,0,1,274,red,8145,T11
19,0,0,1,274,red,8145,T11
20,0,0,1,274,red,8145,T11
21,0,0,1,274,red,8145,T11
22,0,0,1,274,red,8145,T11
23,0,0,1,274,red,8145,T11
24,1,0,0,274,red,8145,T11
25,1,0,0,274,red,8145,T11
26,1,0,0,274,red,8145,T11
27,1,0,0,274,red,8145,T11
28,1,0,0,274,red,8145,T11
29,1,0,0,274,red,8145,T11
30,1,0,0,274,red,8145,T11
31,1,0,0,274,red,8145,T11
32,1,0,0,274,red,8145,T11
33,1,0,0,274,red,8145,T11
34,1,0,0,274,red,8145,T11
35,1,0,0,274,red,8145,T11
36,1,0,0,274,red,8145,T11
37,1,0,0,274,red,8145,T11
38,1,0,0,274,red,8145,T11
39,1,0,0,274,red,8145,T11
40,1,0,0,274,red,8145,T11
41,1,0,0,274,red,8145,T11
42,1,0,0,274,red,8145,T11
43,1,0,0,274,red,8145,T11
44,1,0,0,274,red,8145,T11
45,1,0,0,274,red,8145,T11
46,1,0,0,274,red,8145,T11
47,1,0,0,274,red,8145,T11
48,1,0,0,274,red,8145,T11
49,1,0,0,274,red,8145,T11
50,1,0,0,274,red,8145,T11
51,1,0,0,274,red,8145,T11
52,1,0,0,274,red,8145,T11
53,1,0,0,274,red,8145,T11
54,1,0,0,274,red,8145,T11
55,1,0,0,274,red,8145,T11
56,1,0,0,274,red,8145,T11
57,1,0,0,274,red,8145,T11
58,1,0,0,274,red,8145,T11
59,1,0,0,274,red,8145,T11
60,1,0,0,274,red,8145,T11
61,1,0,0,274,red,8145,T11
62,1,0,0,274,red,8145,T11
63,1,0,0,274,red,8145,T11
64,1,0,0,274,red,8145,T11
65,1,0,0,274,red,8145,T11
66,1,0,0,274,red,8145,T11
67,1,0,0,274,red,8145,T11
68,1,0,0,274,red,8145,T11
69,1,0,0,274,red,8145,T11
70,1,0,0,274,red,8145,T11
71,1,0,0,274,red,8145,T11
72,1,0,0,274,red,8145,T11
73,1,0,0,274,red,8145,T11
74,1,0,0,274,red,8145,T11
75,1,0,0,274,red,8145,T11
76,1,0,0,274,red,8145,T11
77,1,0,0,274,red,8145,T11
78,1,0,0,274,red,8145,T11
79,1,0,0,274,red,8145,T11
80,1,0,0,274,red,8145,T11
81,0,0,1,274,red,8145,T11
82,0,1,0,274,red,8145,T11
83,0,1,0,274,red,8145,T11
84,0,1,0,274,red,8145,T11
85,0,1,0,274,red,8145,T11
86,0,1,0,274,red,8145,T11
87,0,1,0,274,red,8145,T11
88,0,1,0,274,red,8145,T11
89,0,1,0,274,red,8145,T11
90,0,1,0,274,red,8145,T11
91,0,1,0,274,red,8145,T11
92,0,1,0,274,red,8145,T11
93,0,1,0,274,red,8145,T11
94,0,1,0,274,red,8145,T11
95,0,1,0,274,red,8145,T11
96,0,1,0,274,red,8145,T11
97,0,1,0,274,red,8145,T11
98,0,1,0,274,red,8145,T11
99,0,1,0,274,red,8145,T11
100,0,1,0,274,red,8145,T11
101,0,1,0,274,red,8145,T11
102,0,1,0,274,red,8145,T11
103,0,1,0,274,red,8145,T11
104,0,1,0,274,red,8145,T11
105,0,1,0,274,red,8145,T11
106,0,1,0,274,red,8145,T11
107,0,1,0,274,red,8145,T11
108,0,1,0,274,red,8145,T11
109,0,1,0,274,red,8145,T11
110,0,1,0,274,red,8145,T11
111,0,1,0,274,red,8145,T11
112,0,1,0,274,red,8145,T11
113,0,1,0,274,red,8145,T11
114,0,1,0,274,red,8145,T11
115,0,1,0,274,red,8145,T11
116,0,1,0,274,red,8145,T11
117,0,1,0,274,red,8145,T11
118,0,1,0,274,red,8145,T11
119,0,1,0,274,red,8145,T11
120,0,1,0,274,red,8145,T11
121,0,1,0,274,red,8145,T11
122,0,1,0,274,red,8145,T11
123,0,1,0,274,red,8145,T11
124,0,0,1,274,red,8145,T11
125,1,0,0,274,red,8145,T11
126,1,0,0,274,red,8145,T11
127,1,0,0,274,red,8145,T11
128,1,0,0,274,red,8145,T11
129,1,0,0,274,red,8145,T11
130,1,0,0,274,red,8145,T11
131,1,0,0,274,red,8145,T11
132,1,0,0,274,red,8145,T11
133,1,0,0,274,red,8145,T11
134,1,0,0,274,red,8145,T11
135,1,0,0,274,red,8145,T11
136,1,0,0,274,red,8145,T11
137,1,0,0,274,red,8145,T11
138,1,0,0,274,red,8145,T11
139,1,0,0,274,red,8145,T11
140,1,0,0,274,red,8145,T11
141,1,0,0,274,red,8145,T11
142,1,0,0,274,red,8145,T11
143,1,0,0,274,red,8145,T11
144,1,0,0,274,red,8145,T11
145,1,0,0,274,red,8145,T11
146,1,0,0,274,red,8145,T11
147,1,0,0,274,red,8145,T11
148,1,0,0,274,red,8145,T11
149,1,0,0,274,red,8145,T11
150,1,0,0,274,red,8145,T11
151,1,0,0,274,red,8145,T11
152,1,0,0,274,red,8145,T11
153,1,0,0,274,red,8145,T11
154,1,0,0,274,red,8145,T11
155,1,0,0,274,red,8145,T11
156,1,0,0,274,red,8145,T11
157,1,0,0,274,red,8145,T11
158,1,0,0,274,red,8145,T11
159,1,0,0,274,red,8145,T11
160,1,0,0,274,red,8145,T11
161,1,0,0,274,red,8145,T11
162,1,0,0,274,red,8145,T11
163,1,0,0,274,red,8145,T11
164,1,0,0,274,red,8145,T11
165,1,0,0,274,red,8145,T11
166,1,0,0,274,red,8145,T11
167,1,0,0,274,red,8145,T11
168,1,0,0,274,red,8145,T11
169,1,0,0,274,red,8145,T11
170,1,0,0,274,red,8145,T11
171,1,0,0,274,red,8145,T11
172,1,0,0,274,red,8145,T11
173,1,0,0,274,red,8145,T11
174,1,0,0,274,red,8145,T11
175,1,0,0,274,red,8145,T11
176,1,0,0,274,red,8145,T11
177,1,0,0,274,red,8145,T11
178,1,0,0,274,red,8145,T11
179,1,0,0,274,red,8145,T11
180,1,0,0,274,red,8145,T11
181,1,0,0,274,red,8145,T11
182,1,0,0,274,red,8145,T11
183,1,0,0,274,red,8145,T11
184,1,0,0,274,red,8145,T11
185,1,0,0,274,red,8145,T11
186,1,0,0,274,red,8145,T11
187,1,0,0,274,red,8145,T11
188,1,0,0,274,red,8145,T11
189,1,0,0,274,red,8145,T11
190,1,0,0,274,red,8145,T11
191,1,0,0,274,red,8145,T11
192,1,0,0,274,red,8145,T11
193,1,0,0,274,red,8145,T11
194,1,0,0,274,red,8145,T11
195,1,0,0,274,red,8145,T11
196,1,0,0,274,red,8145,T11
197,1,0,0,274,red,8145,T11
198,1,0,0,274,red,8145,T11
199,1,0,0,274,red,8145,T11
200,1,0,0,274,red,8145,T11
201,1,0,0,274,red,8145,T11
202,1,0,0,274,red,8145,T11
203,1,0,0,274,red,8145,T11
204,1,0,0,274,red,8145,T11
205,1,0,0,274,red,8145,T11
206,1,0,0,274,red,8145,T11
207,1,0,0,274,red,8145,T11
208,1,0,0,274,red,8145,T11
209,1,0,0,274,red,8145,T11
210,1,0,0,274,red,8145,T11
211,1,0,0,274,red,8145,T11
212,1,0,0,274,red,8145,T11
213,1,0,0,274,red,8145,T11
214,1,0,0,274,red,8145,T11
215,1,0,0,274,red,8145,T11
216,1,0,0,274,red,8145,T11
217,1,0,0,274,red,8145,T11
218,1,0,0,274,red,8145,T11
219,1,0,0,274,red,8145,T11
220,1,0,0,274,red,8145,T11
221,1,0,0,274,red,8145,T11
0,0,0,1,276,red,9031,T11
1,0,0,1,276,red,9031,T11
2,0,0,1,276,red,9031,T11
3,0,0,1,276,red,9031,T11
4,0,0,1,276,red,9031,T11
5,0,0,1,276,red,9031,T11
6,0,0,1,276,red,9031,T11
7,0,0,1,276,red,9031,T11
8,0,0,1,276,red,9031,T11
9,0,0,1,276,red,9031,T11
10,0,0,1,276,red,9031,T11
11,0,0,1,276,red,9031,T11
12,0,0,1,276,red,9031,T11
13,0,0,1,276,red,9031,T11
14,0,0,1,276,red,9031,T11
15,0,0,1,276,red,9031,T11
16,0,0,1,276,red,9031,T11
17,0,0,1,276,red,9031,T11
18,0,0,1,276,red,9031,T11
19,0,0,1,276,red,9031,T11
20,0,0,1,276,red,9031,T11
21,0,0,1,276,red,9031,T11
22,0,0,1,276,red,9031,T11
23,0,0,1,276,red,9031,T11
24,0,0,1,276,red,9031,T11
25,0,0,1,276,red,9031,T11
26,0,0,1,276,red,9031,T11
27,0,0,1,276,red,9031,T11
28,0,0,1,276,red,9031,T11
29,0,0,1,276,red,9031,T11
30,0,0,1,276,red,9031,T11
31,0,0,1,276,red,9031,T11
32,0,0,1,276,red,9031,T11
33,0,0,1,276,red,9031,T11
34,1,0,0,276,red,9031,T11
35,1,0,0,276,red,9031,T11
36,1,0,0,276,red,9031,T11
37,1,0,0,276,red,9031,T11
38,1,0,0,276,red,9031,T11
39,1,0,0,276,red,9031,T11
40,1,0,0,276,red,9031,T11
41,1,0,0,276,red,9031,T11
42,1,0,0,276,red,9031,T11
43,1,0,0,276,red,9031,T11
44,1,0,0,276,red,9031,T11
45,1,0,0,276,red,9031,T11
46,0,0,1,276,red,9031,T11
47,0,1,0,276,red,9031,T11
48,0,1,0,276,red,9031,T11
49,0,1,0,276,red,9031,T11
50,0,1,0,276,red,9031,T11
51,0,1,0,276,red,9031,T11
52,0,1,0,276,red,9031,T11
53,0,1,0,276,red,9031,T11
54,0,1,0,276,red,9031,T11
55,0,1,0,276,red,9031,T11
56,0,1,0,276,red,9031,T11
57,0,1,0,276,red,9031,T11
58,0,1,0,276,red,9031,T11
59,0,1,0,276,red,9031,T11
60,0,1,0,276,red,9031,T11
61,0,1,0,276,red,9031,T11
62,0,1,0,276,red,9031,T11
63,0,1,0,276,red,9031,T11
64,0,1,0,276,red,9031,T11
65,0,1,0,276,red,9031,T11
66,0,1,0,276,red,9031,T11
67,0,1,0,276,red,9031,T11
68,0,1,0,276,red,9031,T11
69,0,1,0,276,red,9031,T11
70,0,1,0,276,red,9031,T11
71,0,1,0,276,red,9031,T11
72,0,1,0,276,red,9031,T11
73,0,1,0,276,red,9031,T11
74,0,1,0,276,red,9031,T11
75,0,1,0,276,red,9031,T11
76,0,1,0,276,red,9031,T11
77,0,1,0,276,red,9031,T11
78,0,1,0,276,red,9031,T11
79,0,1,0,276,red,9031,T11
80,0,1,0,276,red,9031,T11
81,0,1,0,276,red,9031,T11
82,0,1,0,276,red,9031,T11
83,0,1,0,276,red,9031,T11
84,0,1,0,276,red,9031,T11
85,0,1,0,276,red,9031,T11
86,0,1,0,276,red,9031,T11
87,0,1,0,276,red,9031,T11
88,0,1,0,276,red,9031,T11
89,0,1,0,276,red,9031,T11
90,0,1,0,276,red,9031,T11
91,0,1,0,276,red,9031,T11
92,0,1,0,276,red,9031,T11
93,0,1,0,276,red,9031,T11
94,0,1,0,276,red,9031,T11
95,0,1,0,276,red,9031,T11
96,0,1,0,276,red,9031,T11
97,0,1,0,276,red,9031,T11
98,0,1,0,276,red,9031,T11
99,0,1,0,276,red,9031,T11
100,0,1,0,276,red,9031,T11
101,0,1,0,276,red,9031,T11
102,0,1,0,276,red,9031,T11
103,0,1,0,276,red,9031,T11
104,0,1,0,276,red,9031,T11
105,0,1,0,276,red,9031,T11
106,0,1,0,276,red,9031,T11
107,0,1,0,276,red,9031,T11
108,0,1,0,276,red,9031,T11
109,0,1,0,276,red,9031,T11
110,0,1,0,276,red,9031,T11
111,0,1,0,276,red,9031,T11
112,0,1,0,276,red,9031,T11
113,0,0,1,276,red,9031,T11
114,0,0,1,276,red,9031,T11
115,0,0,1,276,red,9031,T11
116,1,0,0,276,red,9031,T11
117,1,0,0,276,red,9031,T11
118,1,0,0,276,red,9031,T11
119,1,0,0,276,red,9031,T11
120,1,0,0,276,red,9031,T11
121,1,0,0,276,red,9031,T11
122,1,0,0,276,red,9031,T11
123,1,0,0,276,red,9031,T11
124,1,0,0,276,red,9031,T11
125,1,0,0,276,red,9031,T11
126,1,0,0,276,red,9031,T11
127,1,0,0,276,red,9031,T11
128,1,0,0,276,red,9031,T11
129,1,0,0,276,red,9031,T11
130,1,0,0,276,red,9031,T11
131,1,0,0,276,red,9031,T11
132,1,0,0,276,red,9031,T11
133,1,0,0,276,red,9031,T11
134,1,0,0,276,red,9031,T11
135,1,0,0,276,red,9031,T11
136,1,0,0,276,red,9031,T11
137,1,0,0,276,red,9031,T11
138,1,0,0,276,red,9031,T11
139,1,0,0,276,red,9031,T11
140,1,0,0,276,red,9031,T11
141,1,0,0,276,red,9031,T11
142,1,0,0,276,red,9031,T11
143,1,0,0,276,red,9031,T11
144,1,0,0,276,red,9031,T11
145,1,0,0,276,red,9031,T11
146,1,0,0,276,red,9031,T11
147,1,0,0,276,red,9031,T11
148,1,0,0,276,red,9031,T11
149,1,0,0,276,red,9031,T11
150,1,0,0,276,red,9031,T11
151,1,0,0,276,red,9031,T11
152,1,0,0,276,red,9031,T11
153,1,0,0,276,red,9031,T11
154,1,0,0,276,red,9031,T11
155,1,0,0,276,red,9031,T11
156,1,0,0,276,red,9031,T11
157,1,0,0,276,red,9031,T11
158,1,0,0,276,red,9031,T11
159,1,0,0,276,red,9031,T11
160,1,0,0,276,red,9031,T11
161,1,0,0,276,red,9031,T11
162,1,0,0,276,red,9031,T11
163,1,0,0,276,red,9031,T11
164,1,0,0,276,red,9031,T11
165,1,0,0,276,red,9031,T11
166,1,0,0,276,red,9031,T11
167,1,0,0,276,red,9031,T11
168,1,0,0,276,red,9031,T11
169,1,0,0,276,red,9031,T11
170,1,0,0,276,red,9031,T11
171,1,0,0,276,red,9031,T11
172,1,0,0,276,red,9031,T11
173,1,0,0,276,red,9031,T11
174,1,0,0,276,red,9031,T11
175,1,0,0,276,red,9031,T11
176,1,0,0,276,red,9031,T11
177,1,0,0,276,red,9031,T11
178,1,0,0,276,red,9031,T11
179,1,0,0,276,red,9031,T11
180,1,0,0,276,red,9031,T11
181,1,0,0,276,red,9031,T11
182,1,0,0,276,red,9031,T11
183,1,0,0,276,red,9031,T11
184,1,0,0,276,red,9031,T11
185,1,0,0,276,red,9031,T11
186,1,0,0,276,red,9031,T11
187,1,0,0,276,red,9031,T11
188,1,0,0,276,red,9031,T11
189,1,0,0,276,red,9031,T11
190,1,0,0,276,red,9031,T11
191,1,0,0,276,red,9031,T11
192,1,0,0,276,red,9031,T11
193,1,0,0,276,red,9031,T11
194,1,0,0,276,red,9031,T11
195,1,0,0,276,red,9031,T11
196,1,0,0,276,red,9031,T11
197,1,0,0,276,red,9031,T11
198,1,0,0,276,red,9031,T11
199,1,0,0,276,red,9031,T11
200,1,0,0,276,red,9031,T11
201,1,0,0,276,red,9031,T11
202,1,0,0,276,red,9031,T11
203,1,0,0,276,red,9031,T11
204,1,0,0,276,red,9031,T11
205,1,0,0,276,red,9031,T11
206,1,0,0,276,red,9031,T11
207,1,0,0,276,red,9031,T11
208,1,0,0,276,red,9031,T11
209,1,0,0,276,red,9031,T11
210,1,0,0,276,red,9031,T11
211,1,0,0,276,red,9031,T11
212,1,0,0,276,red,9031,T11
213,1,0,0,276,red,9031,T11
214,1,0,0,276,red,9031,T11
215,1,0,0,276,red,9031,T11
216,1,0,0,276,red,9031,T11
217,1,0,0,276,red,9031,T11
218,1,0,0,276,red,9031,T11
219,1,0,0,276,red,9031,T11
220,1,0,0,276,red,9031,T11
221,1,0,0,276,red,9031,T11
0,0,0,1,277,red,8440,T11
1,0,0,1,277,red,8440,T11
2,0,0,1,277,red,8440,T11
3,0,0,1,277,red,8440,T11
4,0,0,1,277,red,8440,T11
5,0,0,1,277,red,8440,T11
6,0,0,1,277,red,8440,T11
7,0,0,1,277,red,8440,T11
8,0,0,1,277,red,8440,T11
9,0,0,1,277,red,8440,T11
10,0,0,1,277,red,8440,T11
11,0,0,1,277,red,8440,T11
12,0,0,1,277,red,8440,T11
13,0,0,1,277,red,8440,T11
14,0,0,1,277,red,8440,T11
15,0,0,1,277,red,8440,T11
16,0,0,1,277,red,8440,T11
17,0,0,1,277,red,8440,T11
18,0,0,1,277,red,8440,T11
19,0,0,1,277,red,8440,T11
20,0,0,1,277,red,8440,T11
21,0,0,1,277,red,8440,T11
22,0,0,1,277,red,8440,T11
23,0,0,1,277,red,8440,T11
24,0,0,1,277,red,8440,T11
25,0,0,1,277,red,8440,T11
26,0,0,1,277,red,8440,T11
27,0,0,1,277,red,8440,T11
28,0,0,1,277,red,8440,T11
29,0,0,1,277,red,8440,T11
30,0,0,1,277,red,8440,T11
31,0,0,1,277,red,8440,T11
32,0,0,1,277,red,8440,T11
33,0,0,1,277,red,8440,T11
34,0,0,1,277,red,8440,T11
35,0,0,1,277,red,8440,T11
36,0,0,1,277,red,8440,T11
37,0,0,1,277,red,8440,T11
38,0,0,1,277,red,8440,T11
39,0,0,1,277,red,8440,T11
40,0,0,1,277,red,8440,T11
41,0,0,1,277,red,8440,T11
42,0,0,1,277,red,8440,T11
43,0,0,1,277,red,8440,T11
44,0,0,1,277,red,8440,T11
45,0,0,1,277,red,8440,T11
46,0,0,1,277,red,8440,T11
47,0,0,1,277,red,8440,T11
48,0,0,1,277,red,8440,T11
49,0,0,1,277,red,8440,T11
50,0,0,1,277,red,8440,T11
51,0,0,1,277,red,8440,T11
52,0,0,1,277,red,8440,T11
53,0,0,1,277,red,8440,T11
54,0,0,1,277,red,8440,T11
55,0,0,1,277,red,8440,T11
56,0,0,1,277,red,8440,T11
57,0,0,1,277,red,8440,T11
58,0,0,1,277,red,8440,T11
59,0,0,1,277,red,8440,T11
60,0,0,1,277,red,8440,T11
61,0,0,1,277,red,8440,T11
62,0,0,1,277,red,8440,T11
63,0,0,1,277,red,8440,T11
64,0,0,1,277,red,8440,T11
65,0,0,1,277,red,8440,T11
66,0,0,1,277,red,8440,T11
67,0,0,1,277,red,8440,T11
68,0,0,1,277,red,8440,T11
69,0,0,1,277,red,8440,T11
70,0,0,1,277,red,8440,T11
71,0,0,1,277,red,8440,T11
72,0,0,1,277,red,8440,T11
73,0,0,1,277,red,8440,T11
74,0,0,1,277,red,8440,T11
75,0,0,1,277,red,8440,T11
76,0,0,1,277,red,8440,T11
77,0,0,1,277,red,8440,T11
78,0,0,1,277,red,8440,T11
79,0,0,1,277,red,8440,T11
80,0,0,1,277,red,8440,T11
81,1,0,0,277,red,8440,T11
82,1,0,0,277,red,8440,T11
83,1,0,0,277,red,8440,T11
84,1,0,0,277,red,8440,T11
85,1,0,0,277,red,8440,T11
86,1,0,0,277,red,8440,T11
87,1,0,0,277,red,8440,T11
88,1,0,0,277,red,8440,T11
89,1,0,0,277,red,8440,T11
90,1,0,0,277,red,8440,T11
91,1,0,0,277,red,8440,T11
92,1,0,0,277,red,8440,T11
93,1,0,0,277,red,8440,T11
94,1,0,0,277,red,8440,T11
95,1,0,0,277,red,8440,T11
96,1,0,0,277,red,8440,T11
97,1,0,0,277,red,8440,T11
98,1,0,0,277,red,8440,T11
99,1,0,0,277,red,8440,T11
100,1,0,0,277,red,8440,T11
101,1,0,0,277,red,8440,T11
102,1,0,0,277,red,8440,T11
103,1,0,0,277,red,8440,T11
104,1,0,0,277,red,8440,T11
105,1,0,0,277,red,8440,T11
106,1,0,0,277,red,8440,T11
107,1,0,0,277,red,8440,T11
108,1,0,0,277,red,8440,T11
109,1,0,0,277,red,8440,T11
110,1,0,0,277,red,8440,T11
111,1,0,0,277,red,8440,T11
112,1,0,0,277,red,8440,T11
113,1,0,0,277,red,8440,T11
114,1,0,0,277,red,8440,T11
115,1,0,0,277,red,8440,T11
116,1,0,0,277,red,8440,T11
117,1,0,0,277,red,8440,T11
118,1,0,0,277,red,8440,T11
119,1,0,0,277,red,8440,T11
120,1,0,0,277,red,8440,T11
121,1,0,0,277,red,8440,T11
122,1,0,0,277,red,8440,T11
123,1,0,0,277,red,8440,T11
124,1,0,0,277,red,8440,T11
125,1,0,0,277,red,8440,T11
126,1,0,0,277,red,8440,T11
127,1,0,0,277,red,8440,T11
128,1,0,0,277,red,8440,T11
129,1,0,0,277,red,8440,T11
130,1,0,0,277,red,8440,T11
131,1,0,0,277,red,8440,T11
132,1,0,0,277,red,8440,T11
133,1,0,0,277,red,8440,T11
134,1,0,0,277,red,8440,T11
135,1,0,0,277,red,8440,T11
136,1,0,0,277,red,8440,T11
137,1,0,0,277,red,8440,T11
138,1,0,0,277,red,8440,T11
139,1,0,0,277,red,8440,T11
140,1,0,0,277,red,8440,T11
141,1,0,0,277,red,8440,T11
142,1,0,0,277,red,8440,T11
143,1,0,0,277,red,8440,T11
144,1,0,0,277,red,8440,T11
145,1,0,0,277,red,8440,T11
146,1,0,0,277,red,8440,T11
147,1,0,0,277,red,8440,T11
148,1,0,0,277,red,8440,T11
149,1,0,0,277,red,8440,T11
150,1,0,0,277,red,8440,T11
151,1,0,0,277,red,8440,T11
152,1,0,0,277,red,8440,T11
153,1,0,0,277,red,8440,T11
154,1,0,0,277,red,8440,T11
155,1,0,0,277,red,8440,T11
156,1,0,0,277,red,8440,T11
157,1,0,0,277,red,8440,T11
158,1,0,0,277,red,8440,T11
159,1,0,0,277,red,8440,T11
160,1,0,0,277,red,8440,T11
161,1,0,0,277,red,8440,T11
162,1,0,0,277,red,8440,T11
163,1,0,0,277,red,8440,T11
164,1,0,0,277,red,8440,T11
165,1,0,0,277,red,8440,T11
166,1,0,0,277,red,8440,T11
167,1,0,0,277,red,8440,T11
168,1,0,0,277,red,8440,T11
169,1,0,0,277,red,8440,T11
170,1,0,0,277,red,8440,T11
171,1,0,0,277,red,8440,T11
172,1,0,0,277,red,8440,T11
173,1,0,0,277,red,8440,T11
174,1,0,0,277,red,8440,T11
175,1,0,0,277,red,8440,T11
176,1,0,0,277,red,8440,T11
177,1,0,0,277,red,8440,T11
178,1,0,0,277,red,8440,T11
179,1,0,0,277,red,8440,T11
180,1,0,0,277,red,8440,T11
181,1,0,0,277,red,8440,T11
182,1,0,0,277,red,8440,T11
183,1,0,0,277,red,8440,T11
184,1,0,0,277,red,8440,T11
185,1,0,0,277,red,8440,T11
186,1,0,0,277,red,8440,T11
187,1,0,0,277,red,8440,T11
188,1,0,0,277,red,8440,T11
189,1,0,0,277,red,8440,T11
190,1,0,0,277,red,8440,T11
191,1,0,0,277,red,8440,T11
192,1,0,0,277,red,8440,T11
193,1,0,0,277,red,8440,T11
194,1,0,0,277,red,8440,T11
195,1,0,0,277,red,8440,T11
196,1,0,0,277,red,8440,T11
197,1,0,0,277,red,8440,T11
198,1,0,0,277,red,8440,T11
199,1,0,0,277,red,8440,T11
200,1,0,0,277,red,8440,T11
201,1,0,0,277,red,8440,T11
202,1,0,0,277,red,8440,T11
203,1,0,0,277,red,8440,T11
204,1,0,0,277,red,8440,T11
205,1,0,0,277,red,8440,T11
206,1,0,0,277,red,8440,T11
207,1,0,0,277,red,8440,T11
208,1,0,0,277,red,8440,T11
209,1,0,0,277,red,8440,T11
210,1,0,0,277,red,8440,T11
211,1,0,0,277,red,8440,T11
212,1,0,0,277,red,8440,T11
213,1,0,0,277,red,8440,T11
214,1,0,0,277,red,8440,T11
215,1,0,0,277,red,8440,T11
216,1,0,0,277,red,8440,T11
217,1,0,0,277,red,8440,T11
218,1,0,0,277,red,8440,T11
219,1,0,0,277,red,8440,T11
220,1,0,0,277,red,8440,T11
221,1,0,0,277,red,8440,T11
0,1,0,0,278,red,8431,T11
1,1,0,0,278,red,8431,T11
2,1,0,0,278,red,8431,T11
3,1,0,0,278,red,8431,T11
4,1,0,0,278,red,8431,T11
5,1,0,0,278,red,8431,T11
6,1,0,0,278,red,8431,T11
7,1,0,0,278,red,8431,T11
8,1,0,0,278,red,8431,T11
9,1,0,0,278,red,8431,T11
10,1,0,0,278,red,8431,T11
11,1,0,0,278,red,8431,T11
12,1,0,0,278,red,8431,T11
13,1,0,0,278,red,8431,T11
14,1,0,0,278,red,8431,T11
15,1,0,0,278,red,8431,T11
16,1,0,0,278,red,8431,T11
17,1,0,0,278,red,8431,T11
18,1,0,0,278,red,8431,T11
19,1,0,0,278,red,8431,T11
20,1,0,0,278,red,8431,T11
21,1,0,0,278,red,8431,T11
22,1,0,0,278,red,8431,T11
23,1,0,0,278,red,8431,T11
24,1,0,0,278,red,8431,T11
25,1,0,0,278,red,8431,T11
26,1,0,0,278,red,8431,T11
27,1,0,0,278,red,8431,T11
28,1,0,0,278,red,8431,T11
29,1,0,0,278,red,8431,T11
30,1,0,0,278,red,8431,T11
31,1,0,0,278,red,8431,T11
32,1,0,0,278,red,8431,T11
33,1,0,0,278,red,8431,T11
34,1,0,0,278,red,8431,T11
35,1,0,0,278,red,8431,T11
36,1,0,0,278,red,8431,T11
37,1,0,0,278,red,8431,T11
38,1,0,0,278,red,8431,T11
39,1,0,0,278,red,8431,T11
40,1,0,0,278,red,8431,T11
41,1,0,0,278,red,8431,T11
42,1,0,0,278,red,8431,T11
43,1,0,0,278,red,8431,T11
44,1,0,0,278,red,8431,T11
45,1,0,0,278,red,8431,T11
46,1,0,0,278,red,8431,T11
47,1,0,0,278,red,8431,T11
48,1,0,0,278,red,8431,T11
49,1,0,0,278,red,8431,T11
50,1,0,0,278,red,8431,T11
51,1,0,0,278,red,8431,T11
52,1,0,0,278,red,8431,T11
53,1,0,0,278,red,8431,T11
54,1,0,0,278,red,8431,T11
55,1,0,0,278,red,8431,T11
56,1,0,0,278,red,8431,T11
57,1,0,0,278,red,8431,T11
58,1,0,0,278,red,8431,T11
59,1,0,0,278,red,8431,T11
60,1,0,0,278,red,8431,T11
61,1,0,0,278,red,8431,T11
62,1,0,0,278,red,8431,T11
63,1,0,0,278,red,8431,T11
64,1,0,0,278,red,8431,T11
65,1,0,0,278,red,8431,T11
66,1,0,0,278,red,8431,T11
67,1,0,0,278,red,8431,T11
68,1,0,0,278,red,8431,T11
69,1,0,0,278,red,8431,T11
70,1,0,0,278,red,8431,T11
71,1,0,0,278,red,8431,T11
72,1,0,0,278,red,8431,T11
73,1,0,0,278,red,8431,T11
74,1,0,0,278,red,8431,T11
75,1,0,0,278,red,8431,T11
76,1,0,0,278,red,8431,T11
77,1,0,0,278,red,8431,T11
78,1,0,0,278,red,8431,T11
79,1,0,0,278,red,8431,T11
80,1,0,0,278,red,8431,T11
81,1,0,0,278,red,8431,T11
82,1,0,0,278,red,8431,T11
83,1,0,0,278,red,8431,T11
84,1,0,0,278,red,8431,T11
85,1,0,0,278,red,8431,T11
86,1,0,0,278,red,8431,T11
87,1,0,0,278,red,8431,T11
88,1,0,0,278,red,8431,T11
89,1,0,0,278,red,8431,T11
90,1,0,0,278,red,8431,T11
91,1,0,0,278,red,8431,T11
92,1,0,0,278,red,8431,T11
93,1,0,0,278,red,8431,T11
94,1,0,0,278,red,8431,T11
95,1,0,0,278,red,8431,T11
96,1,0,0,278,red,8431,T11
97,1,0,0,278,red,8431,T11
98,1,0,0,278,red,8431,T11
99,1,0,0,278,red,8431,T11
100,1,0,0,278,red,8431,T11
101,1,0,0,278,red,8431,T11
102,1,0,0,278,red,8431,T11
103,1,0,0,278,red,8431,T11
104,1,0,0,278,red,8431,T11
105,1,0,0,278,red,8431,T11
106,1,0,0,278,red,8431,T11
107,1,0,0,278,red,8431,T11
108,1,0,0,278,red,8431,T11
109,1,0,0,278,red,8431,T11
110,1,0,0,278,red,8431,T11
111,1,0,0,278,red,8431,T11
112,1,0,0,278,red,8431,T11
113,1,0,0,278,red,8431,T11
114,1,0,0,278,red,8431,T11
115,1,0,0,278,red,8431,T11
116,1,0,0,278,red,8431,T11
117,1,0,0,278,red,8431,T11
118,1,0,0,278,red,8431,T11
119,1,0,0,278,red,8431,T11
120,1,0,0,278,red,8431,T11
121,1,0,0,278,red,8431,T11
122,1,0,0,278,red,8431,T11
123,1,0,0,278,red,8431,T11
124,1,0,0,278,red,8431,T11
125,1,0,0,278,red,8431,T11
126,1,0,0,278,red,8431,T11
127,1,0,0,278,red,8431,T11
128,1,0,0,278,red,8431,T11
129,1,0,0,278,red,8431,T11
130,1,0,0,278,red,8431,T11
131,1,0,0,278,red,8431,T11
132,1,0,0,278,red,8431,T11
133,1,0,0,278,red,8431,T11
134,1,0,0,278,red,8431,T11
135,1,0,0,278,red,8431,T11
136,1,0,0,278,red,8431,T11
137,1,0,0,278,red,8431,T11
138,1,0,0,278,red,8431,T11
139,1,0,0,278,red,8431,T11
140,1,0,0,278,red,8431,T11
141,1,0,0,278,red,8431,T11
142,1,0,0,278,red,8431,T11
143,1,0,0,278,red,8431,T11
144,1,0,0,278,red,8431,T11
145,1,0,0,278,red,8431,T11
146,1,0,0,278,red,8431,T11
147,1,0,0,278,red,8431,T11
148,1,0,0,278,red,8431,T11
149,1,0,0,278,red,8431,T11
150,1,0,0,278,red,8431,T11
151,1,0,0,278,red,8431,T11
152,1,0,0,278,red,8431,T11
153,1,0,0,278,red,8431,T11
154,1,0,0,278,red,8431,T11
155,1,0,0,278,red,8431,T11
156,1,0,0,278,red,8431,T11
157,1,0,0,278,red,8431,T11
158,1,0,0,278,red,8431,T11
159,1,0,0,278,red,8431,T11
160,1,0,0,278,red,8431,T11
161,1,0,0,278,red,8431,T11
162,1,0,0,278,red,8431,T11
163,1,0,0,278,red,8431,T11
164,1,0,0,278,red,8431,T11
165,1,0,0,278,red,8431,T11
166,1,0,0,278,red,8431,T11
167,1,0,0,278,red,8431,T11
168,1,0,0,278,red,8431,T11
169,1,0,0,278,red,8431,T11
170,1,0,0,278,red,8431,T11
171,1,0,0,278,red,8431,T11
172,1,0,0,278,red,8431,T11
173,1,0,0,278,red,8431,T11
174,1,0,0,278,red,8431,T11
175,1,0,0,278,red,8431,T11
176,1,0,0,278,red,8431,T11
177,1,0,0,278,red,8431,T11
178,1,0,0,278,red,8431,T11
179,1,0,0,278,red,8431,T11
180,1,0,0,278,red,8431,T11
181,1,0,0,278,red,8431,T11
182,1,0,0,278,red,8431,T11
183,1,0,0,278,red,8431,T11
184,1,0,0,278,red,8431,T11
185,1,0,0,278,red,8431,T11
186,1,0,0,278,red,8431,T11
187,1,0,0,278,red,8431,T11
188,1,0,0,278,red,8431,T11
189,1,0,0,278,red,8431,T11
190,1,0,0,278,red,8431,T11
191,1,0,0,278,red,8431,T11
192,1,0,0,278,red,8431,T11
193,1,0,0,278,red,8431,T11
194,1,0,0,278,red,8431,T11
195,1,0,0,278,red,8431,T11
196,1,0,0,278,red,8431,T11
197,1,0,0,278,red,8431,T11
198,1,0,0,278,red,8431,T11
199,1,0,0,278,red,8431,T11
200,1,0,0,278,red,8431,T11
201,1,0,0,278,red,8431,T11
202,1,0,0,278,red,8431,T11
203,1,0,0,278,red,8431,T11
204,1,0,0,278,red,8431,T11
205,1,0,0,278,red,8431,T11
206,1,0,0,278,red,8431,T11
207,1,0,0,278,red,8431,T11
208,1,0,0,278,red,8431,T11
209,1,0,0,278,red,8431,T11
210,1,0,0,278,red,8431,T11
211,1,0,0,278,red,8431,T11
212,1,0,0,278,red,8431,T11
213,1,0,0,278,red,8431,T11
214,1,0,0,278,red,8431,T11
215,1,0,0,278,red,8431,T11
216,1,0,0,278,red,8431,T11
217,1,0,0,278,red,8431,T11
218,1,0,0,278,red,8431,T11
219,1,0,0,278,red,8431,T11
220,1,0,0,278,red,8431,T11
221,1,0,0,278,red,8431,T11
0,0,0,1,279,red,8950,T11
1,0,0,1,279,red,8950,T11
2,0,0,1,279,red,8950,T11
3,0,0,1,279,red,8950,T11
4,0,0,1,279,red,8950,T11
5,0,0,1,279,red,8950,T11
6,0,0,1,279,red,8950,T11
7,0,0,1,279,red,8950,T11
8,0,0,1,279,red,8950,T11
9,0,0,1,279,red,8950,T11
10,0,0,1,279,red,8950,T11
11,0,0,1,279,red,8950,T11
12,0,0,1,279,red,8950,T11
13,0,0,1,279,red,8950,T11
14,0,0,1,279,red,8950,T11
15,0,0,1,279,red,8950,T11
16,0,0,1,279,red,8950,T11
17,0,0,1,279,red,8950,T11
18,0,0,1,279,red,8950,T11
19,0,0,1,279,red,8950,T11
20,0,0,1,279,red,8950,T11
21,0,0,1,279,red,8950,T11
22,0,0,1,279,red,8950,T11
23,0,0,1,279,red,8950,T11
24,0,0,1,279,red,8950,T11
25,0,0,1,279,red,8950,T11
26,0,0,1,279,red,8950,T11
27,0,0,1,279,red,8950,T11
28,0,0,1,279,red,8950,T11
29,0,0,1,279,red,8950,T11
30,0,0,1,279,red,8950,T11
31,0,0,1,279,red,8950,T11
32,0,0,1,279,red,8950,T11
33,0,0,1,279,red,8950,T11
34,0,0,1,279,red,8950,T11
35,0,0,1,279,red,8950,T11
36,0,0,1,279,red,8950,T11
37,0,0,1,279,red,8950,T11
38,1,0,0,279,red,8950,T11
39,1,0,0,279,red,8950,T11
40,1,0,0,279,red,8950,T11
41,1,0,0,279,red,8950,T11
42,1,0,0,279,red,8950,T11
43,1,0,0,279,red,8950,T11
44,1,0,0,279,red,8950,T11
45,1,0,0,279,red,8950,T11
46,1,0,0,279,red,8950,T11
47,1,0,0,279,red,8950,T11
48,1,0,0,279,red,8950,T11
49,1,0,0,279,red,8950,T11
50,1,0,0,279,red,8950,T11
51,1,0,0,279,red,8950,T11
52,1,0,0,279,red,8950,T11
53,1,0,0,279,red,8950,T11
54,1,0,0,279,red,8950,T11
55,1,0,0,279,red,8950,T11
56,1,0,0,279,red,8950,T11
57,1,0,0,279,red,8950,T11
58,1,0,0,279,red,8950,T11
59,1,0,0,279,red,8950,T11
60,1,0,0,279,red,8950,T11
61,1,0,0,279,red,8950,T11
62,1,0,0,279,red,8950,T11
63,1,0,0,279,red,8950,T11
64,1,0,0,279,red,8950,T11
65,1,0,0,279,red,8950,T11
66,1,0,0,279,red,8950,T11
67,1,0,0,279,red,8950,T11
68,1,0,0,279,red,8950,T11
69,1,0,0,279,red,8950,T11
70,1,0,0,279,red,8950,T11
71,1,0,0,279,red,8950,T11
72,1,0,0,279,red,8950,T11
73,1,0,0,279,red,8950,T11
74,1,0,0,279,red,8950,T11
75,1,0,0,279,red,8950,T11
76,1,0,0,279,red,8950,T11
77,1,0,0,279,red,8950,T11
78,1,0,0,279,red,8950,T11
79,1,0,0,279,red,8950,T11
80,1,0,0,279,red,8950,T11
81,1,0,0,279,red,8950,T11
82,1,0,0,279,red,8950,T11
83,1,0,0,279,red,8950,T11
84,1,0,0,279,red,8950,T11
85,1,0,0,279,red,8950,T11
86,1,0,0,279,red,8950,T11
87,1,0,0,279,red,8950,T11
88,1,0,0,279,red,8950,T11
89,1,0,0,279,red,8950,T11
90,1,0,0,279,red,8950,T11
91,1,0,0,279,red,8950,T11
92,1,0,0,279,red,8950,T11
93,1,0,0,279,red,8950,T11
94,1,0,0,279,red,8950,T11
95,1,0,0,279,red,8950,T11
96,1,0,0,279,red,8950,T11
97,1,0,0,279,red,8950,T11
98,1,0,0,279,red,8950,T11
99,1,0,0,279,red,8950,T11
100,1,0,0,279,red,8950,T11
101,1,0,0,279,red,8950,T11
102,1,0,0,279,red,8950,T11
103,1,0,0,279,red,8950,T11
104,1,0,0,279,red,8950,T11
105,1,0,0,279,red,8950,T11
106,1,0,0,279,red,8950,T11
107,1,0,0,279,red,8950,T11
108,1,0,0,279,red,8950,T11
109,1,0,0,279,red,8950,T11
110,1,0,0,279,red,8950,T11
111,1,0,0,279,red,8950,T11
112,1,0,0,279,red,8950,T11
113,1,0,0,279,red,8950,T11
114,1,0,0,279,red,8950,T11
115,1,0,0,279,red,8950,T11
116,1,0,0,279,red,8950,T11
117,1,0,0,279,red,8950,T11
118,1,0,0,279,red,8950,T11
119,1,0,0,279,red,8950,T11
120,1,0,0,279,red,8950,T11
121,1,0,0,279,red,8950,T11
122,1,0,0,279,red,8950,T11
123,1,0,0,279,red,8950,T11
124,1,0,0,279,red,8950,T11
125,1,0,0,279,red,8950,T11
126,1,0,0,279,red,8950,T11
127,1,0,0,279,red,8950,T11
128,1,0,0,279,red,8950,T11
129,1,0,0,279,red,8950,T11
130,1,0,0,279,red,8950,T11
131,1,0,0,279,red,8950,T11
132,1,0,0,279,red,8950,T11
133,1,0,0,279,red,8950,T11
134,1,0,0,279,red,8950,T11
135,1,0,0,279,red,8950,T11
136,1,0,0,279,red,8950,T11
137,1,0,0,279,red,8950,T11
138,1,0,0,279,red,8950,T11
139,1,0,0,279,red,8950,T11
140,1,0,0,279,red,8950,T11
141,1,0,0,279,red,8950,T11
142,1,0,0,279,red,8950,T11
143,1,0,0,279,red,8950,T11
144,1,0,0,279,red,8950,T11
145,1,0,0,279,red,8950,T11
146,1,0,0,279,red,8950,T11
147,1,0,0,279,red,8950,T11
148,1,0,0,279,red,8950,T11
149,1,0,0,279,red,8950,T11
150,1,0,0,279,red,8950,T11
151,1,0,0,279,red,8950,T11
152,1,0,0,279,red,8950,T11
153,1,0,0,279,red,8950,T11
154,1,0,0,279,red,8950,T11
155,1,0,0,279,red,8950,T11
156,1,0,0,279,red,8950,T11
157,1,0,0,279,red,8950,T11
158,1,0,0,279,red,8950,T11
159,1,0,0,279,red,8950,T11
160,1,0,0,279,red,8950,T11
161,1,0,0,279,red,8950,T11
162,1,0,0,279,red,8950,T11
163,1,0,0,279,red,8950,T11
164,1,0,0,279,red,8950,T11
165,1,0,0,279,red,8950,T11
166,1,0,0,279,red,8950,T11
167,1,0,0,279,red,8950,T11
168,1,0,0,279,red,8950,T11
169,1,0,0,279,red,8950,T11
170,1,0,0,279,red,8950,T11
171,1,0,0,279,red,8950,T11
172,1,0,0,279,red,8950,T11
173,1,0,0,279,red,8950,T11
174,1,0,0,279,red,8950,T11
175,1,0,0,279,red,8950,T11
176,1,0,0,279,red,8950,T11
177,1,0,0,279,red,8950,T11
178,1,0,0,279,red,8950,T11
179,1,0,0,279,red,8950,T11
180,1,0,0,279,red,8950,T11
181,1,0,0,279,red,8950,T11
182,1,0,0,279,red,8950,T11
183,1,0,0,279,red,8950,T11
184,1,0,0,279,red,8950,T11
185,1,0,0,279,red,8950,T11
186,1,0,0,279,red,8950,T11
187,1,0,0,279,red,8950,T11
188,1,0,0,279,red,8950,T11
189,1,0,0,279,red,8950,T11
190,1,0,0,279,red,8950,T11
191,1,0,0,279,red,8950,T11
192,1,0,0,279,red,8950,T11
193,1,0,0,279,red,8950,T11
194,1,0,0,279,red,8950,T11
195,1,0,0,279,red,8950,T11
196,1,0,0,279,red,8950,T11
197,1,0,0,279,red,8950,T11
198,1,0,0,279,red,8950,T11
199,1,0,0,279,red,8950,T11
200,1,0,0,279,red,8950,T11
201,1,0,0,279,red,8950,T11
202,1,0,0,279,red,8950,T11
203,1,0,0,279,red,8950,T11
204,1,0,0,279,red,8950,T11
205,1,0,0,279,red,8950,T11
206,1,0,0,279,red,8950,T11
207,1,0,0,279,red,8950,T11
208,1,0,0,279,red,8950,T11
209,1,0,0,279,red,8950,T11
210,1,0,0,279,red,8950,T11
211,1,0,0,279,red,8950,T11
212,1,0,0,279,red,8950,T11
213,1,0,0,279,red,8950,T11
214,1,0,0,279,red,8950,T11
215,1,0,0,279,red,8950,T11
216,1,0,0,279,red,8950,T11
217,1,0,0,279,red,8950,T11
218,1,0,0,279,red,8950,T11
219,1,0,0,279,red,8950,T11
220,1,0,0,279,red,8950,T11
221,1,0,0,279,red,8950,T11
0,0,0,1,280,red,9093,T11
1,0,0,1,280,red,9093,T11
2,0,0,1,280,red,9093,T11
3,0,0,1,280,red,9093,T11
4,0,0,1,280,red,9093,T11
5,0,0,1,280,red,9093,T11
6,0,0,1,280,red,9093,T11
7,0,0,1,280,red,9093,T11
8,0,0,1,280,red,9093,T11
9,0,0,1,280,red,9093,T11
10,0,0,1,280,red,9093,T11
11,0,0,1,280,red,9093,T11
12,0,0,1,280,red,9093,T11
13,0,0,1,280,red,9093,T11
14,0,0,1,280,red,9093,T11
15,0,0,1,280,red,9093,T11
16,0,0,1,280,red,9093,T11
17,0,0,1,280,red,9093,T11
18,0,0,1,280,red,9093,T11
19,0,0,1,280,red,9093,T11
20,0,0,1,280,red,9093,T11
21,0,0,1,280,red,9093,T11
22,0,0,1,280,red,9093,T11
23,0,0,1,280,red,9093,T11
24,0,0,1,280,red,9093,T11
25,0,0,1,280,red,9093,T11
26,0,0,1,280,red,9093,T11
27,0,0,1,280,red,9093,T11
28,0,0,1,280,red,9093,T11
29,0,0,1,280,red,9093,T11
30,0,0,1,280,red,9093,T11
31,0,0,1,280,red,9093,T11
32,0,0,1,280,red,9093,T11
33,0,0,1,280,red,9093,T11
34,0,0,1,280,red,9093,T11
35,0,0,1,280,red,9093,T11
36,0,0,1,280,red,9093,T11
37,0,0,1,280,red,9093,T11
38,0,0,1,280,red,9093,T11
39,0,0,1,280,red,9093,T11
40,0,0,1,280,red,9093,T11
41,0,0,1,280,red,9093,T11
42,0,0,1,280,red,9093,T11
43,0,0,1,280,red,9093,T11
44,0,0,1,280,red,9093,T11
45,0,0,1,280,red,9093,T11
46,0,0,1,280,red,9093,T11
47,0,0,1,280,red,9093,T11
48,0,0,1,280,red,9093,T11
49,0,0,1,280,red,9093,T11
50,0,0,1,280,red,9093,T11
51,0,0,1,280,red,9093,T11
52,0,0,1,280,red,9093,T11
53,0,0,1,280,red,9093,T11
54,0,0,1,280,red,9093,T11
55,0,0,1,280,red,9093,T11
56,0,0,1,280,red,9093,T11
57,0,0,1,280,red,9093,T11
58,0,0,1,280,red,9093,T11
59,0,0,1,280,red,9093,T11
60,0,0,1,280,red,9093,T11
61,0,0,1,280,red,9093,T11
62,0,1,0,280,red,9093,T11
63,0,1,0,280,red,9093,T11
64,0,1,0,280,red,9093,T11
65,0,1,0,280,red,9093,T11
66,0,1,0,280,red,9093,T11
67,0,1,0,280,red,9093,T11
68,0,1,0,280,red,9093,T11
69,0,1,0,280,red,9093,T11
70,0,1,0,280,red,9093,T11
71,0,1,0,280,red,9093,T11
72,0,1,0,280,red,9093,T11
73,0,1,0,280,red,9093,T11
74,0,1,0,280,red,9093,T11
75,0,1,0,280,red,9093,T11
76,0,1,0,280,red,9093,T11
77,0,1,0,280,red,9093,T11
78,0,0,1,280,red,9093,T11
79,0,0,1,280,red,9093,T11
80,0,0,1,280,red,9093,T11
81,0,0,1,280,red,9093,T11
82,0,0,1,280,red,9093,T11
83,0,0,1,280,red,9093,T11
84,0,0,1,280,red,9093,T11
85,0,1,0,280,red,9093,T11
86,0,1,0,280,red,9093,T11
87,0,1,0,280,red,9093,T11
88,0,1,0,280,red,9093,T11
89,0,1,0,280,red,9093,T11
90,0,1,0,280,red,9093,T11
91,0,1,0,280,red,9093,T11
92,0,1,0,280,red,9093,T11
93,0,1,0,280,red,9093,T11
94,0,1,0,280,red,9093,T11
95,0,0,1,280,red,9093,T11
96,0,0,1,280,red,9093,T11
97,0,0,1,280,red,9093,T11
98,0,0,1,280,red,9093,T11
99,0,0,1,280,red,9093,T11
100,1,0,0,280,red,9093,T11
101,1,0,0,280,red,9093,T11
102,1,0,0,280,red,9093,T11
103,1,0,0,280,red,9093,T11
104,1,0,0,280,red,9093,T11
105,1,0,0,280,red,9093,T11
106,1,0,0,280,red,9093,T11
107,1,0,0,280,red,9093,T11
108,1,0,0,280,red,9093,T11
109,1,0,0,280,red,9093,T11
110,1,0,0,280,red,9093,T11
111,1,0,0,280,red,9093,T11
112,1,0,0,280,red,9093,T11
113,1,0,0,280,red,9093,T11
114,1,0,0,280,red,9093,T11
115,1,0,0,280,red,9093,T11
116,1,0,0,280,red,9093,T11
117,1,0,0,280,red,9093,T11
118,1,0,0,280,red,9093,T11
119,1,0,0,280,red,9093,T11
120,1,0,0,280,red,9093,T11
121,1,0,0,280,red,9093,T11
122,1,0,0,280,red,9093,T11
123,1,0,0,280,red,9093,T11
124,1,0,0,280,red,9093,T11
125,1,0,0,280,red,9093,T11
126,1,0,0,280,red,9093,T11
127,1,0,0,280,red,9093,T11
128,1,0,0,280,red,9093,T11
129,1,0,0,280,red,9093,T11
130,1,0,0,280,red,9093,T11
131,1,0,0,280,red,9093,T11
132,1,0,0,280,red,9093,T11
133,1,0,0,280,red,9093,T11
134,1,0,0,280,red,9093,T11
135,1,0,0,280,red,9093,T11
136,1,0,0,280,red,9093,T11
137,1,0,0,280,red,9093,T11
138,1,0,0,280,red,9093,T11
139,1,0,0,280,red,9093,T11
140,1,0,0,280,red,9093,T11
141,1,0,0,280,red,9093,T11
142,1,0,0,280,red,9093,T11
143,1,0,0,280,red,9093,T11
144,1,0,0,280,red,9093,T11
145,1,0,0,280,red,9093,T11
146,1,0,0,280,red,9093,T11
147,1,0,0,280,red,9093,T11
148,1,0,0,280,red,9093,T11
149,1,0,0,280,red,9093,T11
150,1,0,0,280,red,9093,T11
151,1,0,0,280,red,9093,T11
152,1,0,0,280,red,9093,T11
153,1,0,0,280,red,9093,T11
154,1,0,0,280,red,9093,T11
155,1,0,0,280,red,9093,T11
156,1,0,0,280,red,9093,T11
157,1,0,0,280,red,9093,T11
158,1,0,0,280,red,9093,T11
159,1,0,0,280,red,9093,T11
160,1,0,0,280,red,9093,T11
161,1,0,0,280,red,9093,T11
162,1,0,0,280,red,9093,T11
163,1,0,0,280,red,9093,T11
164,1,0,0,280,red,9093,T11
165,1,0,0,280,red,9093,T11
166,1,0,0,280,red,9093,T11
167,1,0,0,280,red,9093,T11
168,1,0,0,280,red,9093,T11
169,1,0,0,280,red,9093,T11
170,1,0,0,280,red,9093,T11
171,1,0,0,280,red,9093,T11
172,1,0,0,280,red,9093,T11
173,1,0,0,280,red,9093,T11
174,1,0,0,280,red,9093,T11
175,1,0,0,280,red,9093,T11
176,1,0,0,280,red,9093,T11
177,1,0,0,280,red,9093,T11
178,1,0,0,280,red,9093,T11
179,1,0,0,280,red,9093,T11
180,1,0,0,280,red,9093,T11
181,1,0,0,280,red,9093,T11
182,1,0,0,280,red,9093,T11
183,1,0,0,280,red,9093,T11
184,1,0,0,280,red,9093,T11
185,1,0,0,280,red,9093,T11
186,1,0,0,280,red,9093,T11
187,1,0,0,280,red,9093,T11
188,1,0,0,280,red,9093,T11
189,1,0,0,280,red,9093,T11
190,1,0,0,280,red,9093,T11
191,1,0,0,280,red,9093,T11
192,1,0,0,280,red,9093,T11
193,1,0,0,280,red,9093,T11
194,1,0,0,280,red,9093,T11
195,1,0,0,280,red,9093,T11
196,1,0,0,280,red,9093,T11
197,1,0,0,280,red,9093,T11
198,1,0,0,280,red,9093,T11
199,1,0,0,280,red,9093,T11
200,1,0,0,280,red,9093,T11
201,1,0,0,280,red,9093,T11
202,1,0,0,280,red,9093,T11
203,1,0,0,280,red,9093,T11
204,1,0,0,280,red,9093,T11
205,1,0,0,280,red,9093,T11
206,1,0,0,280,red,9093,T11
207,1,0,0,280,red,9093,T11
208,1,0,0,280,red,9093,T11
209,1,0,0,280,red,9093,T11
210,1,0,0,280,red,9093,T11
211,1,0,0,280,red,9093,T11
212,1,0,0,280,red,9093,T11
213,1,0,0,280,red,9093,T11
214,1,0,0,280,red,9093,T11
215,1,0,0,280,red,9093,T11
216,1,0,0,280,red,9093,T11
217,1,0,0,280,red,9093,T11
218,1,0,0,280,red,9093,T11
219,1,0,0,280,red,9093,T11
220,1,0,0,280,red,9093,T11
221,1,0,0,280,red,9093,T11
0,0,0,1,281,red,8731,T11
1,0,0,1,281,red,8731,T11
2,0,0,1,281,red,8731,T11
3,0,0,1,281,red,8731,T11
4,0,0,1,281,red,8731,T11
5,0,0,1,281,red,8731,T11
6,0,0,1,281,red,8731,T11
7,0,0,1,281,red,8731,T11
8,0,0,1,281,red,8731,T11
9,0,0,1,281,red,8731,T11
10,0,0,1,281,red,8731,T11
11,0,0,1,281,red,8731,T11
12,0,0,1,281,red,8731,T11
13,0,0,1,281,red,8731,T11
14,0,0,1,281,red,8731,T11
15,0,0,1,281,red,8731,T11
16,0,0,1,281,red,8731,T11
17,1,0,0,281,red,8731,T11
18,1,0,0,281,red,8731,T11
19,1,0,0,281,red,8731,T11
20,1,0,0,281,red,8731,T11
21,1,0,0,281,red,8731,T11
22,1,0,0,281,red,8731,T11
23,1,0,0,281,red,8731,T11
24,1,0,0,281,red,8731,T11
25,1,0,0,281,red,8731,T11
26,1,0,0,281,red,8731,T11
27,1,0,0,281,red,8731,T11
28,1,0,0,281,red,8731,T11
29,1,0,0,281,red,8731,T11
30,1,0,0,281,red,8731,T11
31,1,0,0,281,red,8731,T11
32,1,0,0,281,red,8731,T11
33,1,0,0,281,red,8731,T11
34,1,0,0,281,red,8731,T11
35,1,0,0,281,red,8731,T11
36,1,0,0,281,red,8731,T11
37,1,0,0,281,red,8731,T11
38,1,0,0,281,red,8731,T11
39,1,0,0,281,red,8731,T11
40,0,0,1,281,red,8731,T11
41,0,0,1,281,red,8731,T11
42,0,0,1,281,red,8731,T11
43,0,1,0,281,red,8731,T11
44,0,1,0,281,red,8731,T11
45,0,1,0,281,red,8731,T11
46,0,1,0,281,red,8731,T11
47,0,1,0,281,red,8731,T11
48,0,1,0,281,red,8731,T11
49,0,1,0,281,red,8731,T11
50,0,1,0,281,red,8731,T11
51,0,1,0,281,red,8731,T11
52,0,1,0,281,red,8731,T11
53,0,1,0,281,red,8731,T11
54,0,1,0,281,red,8731,T11
55,0,1,0,281,red,8731,T11
56,0,1,0,281,red,8731,T11
57,0,1,0,281,red,8731,T11
58,0,1,0,281,red,8731,T11
59,0,1,0,281,red,8731,T11
60,0,1,0,281,red,8731,T11
61,0,1,0,281,red,8731,T11
62,0,0,1,281,red,8731,T11
63,0,0,1,281,red,8731,T11
64,0,0,1,281,red,8731,T11
65,0,0,1,281,red,8731,T11
66,0,0,1,281,red,8731,T11
67,0,0,1,281,red,8731,T11
68,0,0,1,281,red,8731,T11
69,0,0,1,281,red,8731,T11
70,0,0,1,281,red,8731,T11
71,0,0,1,281,red,8731,T11
72,0,0,1,281,red,8731,T11
73,0,0,1,281,red,8731,T11
74,0,0,1,281,red,8731,T11
75,1,0,0,281,red,8731,T11
76,1,0,0,281,red,8731,T11
77,1,0,0,281,red,8731,T11
78,1,0,0,281,red,8731,T11
79,1,0,0,281,red,8731,T11
80,1,0,0,281,red,8731,T11
81,1,0,0,281,red,8731,T11
82,1,0,0,281,red,8731,T11
83,1,0,0,281,red,8731,T11
84,1,0,0,281,red,8731,T11
85,1,0,0,281,red,8731,T11
86,1,0,0,281,red,8731,T11
87,1,0,0,281,red,8731,T11
88,1,0,0,281,red,8731,T11
89,1,0,0,281,red,8731,T11
90,1,0,0,281,red,8731,T11
91,1,0,0,281,red,8731,T11
92,1,0,0,281,red,8731,T11
93,1,0,0,281,red,8731,T11
94,1,0,0,281,red,8731,T11
95,1,0,0,281,red,8731,T11
96,1,0,0,281,red,8731,T11
97,1,0,0,281,red,8731,T11
98,1,0,0,281,red,8731,T11
99,1,0,0,281,red,8731,T11
100,1,0,0,281,red,8731,T11
101,0,1,0,281,red,8731,T11
102,0,1,0,281,red,8731,T11
103,0,1,0,281,red,8731,T11
104,0,1,0,281,red,8731,T11
105,0,1,0,281,red,8731,T11
106,0,1,0,281,red,8731,T11
107,0,1,0,281,red,8731,T11
108,0,1,0,281,red,8731,T11
109,0,1,0,281,red,8731,T11
110,0,1,0,281,red,8731,T11
111,0,1,0,281,red,8731,T11
112,0,1,0,281,red,8731,T11
113,0,1,0,281,red,8731,T11
114,0,1,0,281,red,8731,T11
115,0,1,0,281,red,8731,T11
116,0,1,0,281,red,8731,T11
117,0,1,0,281,red,8731,T11
118,0,1,0,281,red,8731,T11
119,1,0,0,281,red,8731,T11
120,1,0,0,281,red,8731,T11
121,1,0,0,281,red,8731,T11
122,1,0,0,281,red,8731,T11
123,1,0,0,281,red,8731,T11
124,1,0,0,281,red,8731,T11
125,1,0,0,281,red,8731,T11
126,1,0,0,281,red,8731,T11
127,1,0,0,281,red,8731,T11
128,1,0,0,281,red,8731,T11
129,1,0,0,281,red,8731,T11
130,1,0,0,281,red,8731,T11
131,1,0,0,281,red,8731,T11
132,1,0,0,281,red,8731,T11
133,1,0,0,281,red,8731,T11
134,1,0,0,281,red,8731,T11
135,1,0,0,281,red,8731,T11
136,1,0,0,281,red,8731,T11
137,1,0,0,281,red,8731,T11
138,1,0,0,281,red,8731,T11
139,1,0,0,281,red,8731,T11
140,1,0,0,281,red,8731,T11
141,1,0,0,281,red,8731,T11
142,1,0,0,281,red,8731,T11
143,1,0,0,281,red,8731,T11
144,1,0,0,281,red,8731,T11
145,1,0,0,281,red,8731,T11
146,1,0,0,281,red,8731,T11
147,1,0,0,281,red,8731,T11
148,1,0,0,281,red,8731,T11
149,1,0,0,281,red,8731,T11
150,1,0,0,281,red,8731,T11
151,1,0,0,281,red,8731,T11
152,1,0,0,281,red,8731,T11
153,1,0,0,281,red,8731,T11
154,1,0,0,281,red,8731,T11
155,1,0,0,281,red,8731,T11
156,1,0,0,281,red,8731,T11
157,1,0,0,281,red,8731,T11
158,1,0,0,281,red,8731,T11
159,1,0,0,281,red,8731,T11
160,1,0,0,281,red,8731,T11
161,1,0,0,281,red,8731,T11
162,1,0,0,281,red,8731,T11
163,1,0,0,281,red,8731,T11
164,1,0,0,281,red,8731,T11
165,1,0,0,281,red,8731,T11
166,1,0,0,281,red,8731,T11
167,1,0,0,281,red,8731,T11
168,1,0,0,281,red,8731,T11
169,1,0,0,281,red,8731,T11
170,1,0,0,281,red,8731,T11
171,1,0,0,281,red,8731,T11
172,1,0,0,281,red,8731,T11
173,1,0,0,281,red,8731,T11
174,1,0,0,281,red,8731,T11
175,1,0,0,281,red,8731,T11
176,1,0,0,281,red,8731,T11
177,1,0,0,281,red,8731,T11
178,1,0,0,281,red,8731,T11
179,1,0,0,281,red,8731,T11
180,1,0,0,281,red,8731,T11
181,1,0,0,281,red,8731,T11
182,1,0,0,281,red,8731,T11
183,1,0,0,281,red,8731,T11
184,1,0,0,281,red,8731,T11
185,1,0,0,281,red,8731,T11
186,1,0,0,281,red,8731,T11
187,1,0,0,281,red,8731,T11
188,1,0,0,281,red,8731,T11
189,1,0,0,281,red,8731,T11
190,1,0,0,281,red,8731,T11
191,1,0,0,281,red,8731,T11
192,1,0,0,281,red,8731,T11
193,1,0,0,281,red,8731,T11
194,1,0,0,281,red,8731,T11
195,1,0,0,281,red,8731,T11
196,1,0,0,281,red,8731,T11
197,1,0,0,281,red,8731,T11
198,1,0,0,281,red,8731,T11
199,1,0,0,281,red,8731,T11
200,1,0,0,281,red,8731,T11
201,1,0,0,281,red,8731,T11
202,1,0,0,281,red,8731,T11
203,1,0,0,281,red,8731,T11
204,1,0,0,281,red,8731,T11
205,1,0,0,281,red,8731,T11
206,1,0,0,281,red,8731,T11
207,1,0,0,281,red,8731,T11
208,1,0,0,281,red,8731,T11
209,1,0,0,281,red,8731,T11
210,1,0,0,281,red,8731,T11
211,1,0,0,281,red,8731,T11
212,1,0,0,281,red,8731,T11
213,1,0,0,281,red,8731,T11
214,1,0,0,281,red,8731,T11
215,1,0,0,281,red,8731,T11
216,1,0,0,281,red,8731,T11
217,1,0,0,281,red,8731,T11
218,1,0,0,281,red,8731,T11
219,1,0,0,281,red,8731,T11
220,1,0,0,281,red,8731,T11
221,1,0,0,281,red,8731,T11
0,0,0,1,282,red,9242,T11
1,0,0,1,282,red,9242,T11
2,0,0,1,282,red,9242,T11
3,0,0,1,282,red,9242,T11
4,0,0,1,282,red,9242,T11
5,0,0,1,282,red,9242,T11
6,0,0,1,282,red,9242,T11
7,0,0,1,282,red,9242,T11
8,0,0,1,282,red,9242,T11
9,0,0,1,282,red,9242,T11
10,0,0,1,282,red,9242,T11
11,0,0,1,282,red,9242,T11
12,1,0,0,282,red,9242,T11
13,1,0,0,282,red,9242,T11
14,1,0,0,282,red,9242,T11
15,1,0,0,282,red,9242,T11
16,1,0,0,282,red,9242,T11
17,1,0,0,282,red,9242,T11
18,1,0,0,282,red,9242,T11
19,1,0,0,282,red,9242,T11
20,1,0,0,282,red,9242,T11
21,1,0,0,282,red,9242,T11
22,1,0,0,282,red,9242,T11
23,1,0,0,282,red,9242,T11
24,1,0,0,282,red,9242,T11
25,1,0,0,282,red,9242,T11
26,1,0,0,282,red,9242,T11
27,1,0,0,282,red,9242,T11
28,1,0,0,282,red,9242,T11
29,1,0,0,282,red,9242,T11
30,1,0,0,282,red,9242,T11
31,1,0,0,282,red,9242,T11
32,1,0,0,282,red,9242,T11
33,1,0,0,282,red,9242,T11
34,1,0,0,282,red,9242,T11
35,1,0,0,282,red,9242,T11
36,1,0,0,282,red,9242,T11
37,1,0,0,282,red,9242,T11
38,1,0,0,282,red,9242,T11
39,1,0,0,282,red,9242,T11
40,1,0,0,282,red,9242,T11
41,1,0,0,282,red,9242,T11
42,1,0,0,282,red,9242,T11
43,1,0,0,282,red,9242,T11
44,1,0,0,282,red,9242,T11
45,1,0,0,282,red,9242,T11
46,1,0,0,282,red,9242,T11
47,1,0,0,282,red,9242,T11
48,1,0,0,282,red,9242,T11
49,1,0,0,282,red,9242,T11
50,1,0,0,282,red,9242,T11
51,1,0,0,282,red,9242,T11
52,1,0,0,282,red,9242,T11
53,1,0,0,282,red,9242,T11
54,1,0,0,282,red,9242,T11
55,1,0,0,282,red,9242,T11
56,1,0,0,282,red,9242,T11
57,1,0,0,282,red,9242,T11
58,1,0,0,282,red,9242,T11
59,1,0,0,282,red,9242,T11
60,1,0,0,282,red,9242,T11
61,1,0,0,282,red,9242,T11
62,1,0,0,282,red,9242,T11
63,1,0,0,282,red,9242,T11
64,1,0,0,282,red,9242,T11
65,1,0,0,282,red,9242,T11
66,1,0,0,282,red,9242,T11
67,1,0,0,282,red,9242,T11
68,1,0,0,282,red,9242,T11
69,1,0,0,282,red,9242,T11
70,1,0,0,282,red,9242,T11
71,1,0,0,282,red,9242,T11
72,1,0,0,282,red,9242,T11
73,1,0,0,282,red,9242,T11
74,1,0,0,282,red,9242,T11
75,1,0,0,282,red,9242,T11
76,1,0,0,282,red,9242,T11
77,1,0,0,282,red,9242,T11
78,1,0,0,282,red,9242,T11
79,1,0,0,282,red,9242,T11
80,1,0,0,282,red,9242,T11
81,1,0,0,282,red,9242,T11
82,1,0,0,282,red,9242,T11
83,1,0,0,282,red,9242,T11
84,1,0,0,282,red,9242,T11
85,1,0,0,282,red,9242,T11
86,1,0,0,282,red,9242,T11
87,1,0,0,282,red,9242,T11
88,1,0,0,282,red,9242,T11
89,1,0,0,282,red,9242,T11
90,1,0,0,282,red,9242,T11
91,1,0,0,282,red,9242,T11
92,1,0,0,282,red,9242,T11
93,1,0,0,282,red,9242,T11
94,1,0,0,282,red,9242,T11
95,1,0,0,282,red,9242,T11
96,1,0,0,282,red,9242,T11
97,1,0,0,282,red,9242,T11
98,1,0,0,282,red,9242,T11
99,1,0,0,282,red,9242,T11
100,1,0,0,282,red,9242,T11
101,1,0,0,282,red,9242,T11
102,1,0,0,282,red,9242,T11
103,1,0,0,282,red,9242,T11
104,1,0,0,282,red,9242,T11
105,1,0,0,282,red,9242,T11
106,1,0,0,282,red,9242,T11
107,1,0,0,282,red,9242,T11
108,1,0,0,282,red,9242,T11
109,1,0,0,282,red,9242,T11
110,1,0,0,282,red,9242,T11
111,1,0,0,282,red,9242,T11
112,1,0,0,282,red,9242,T11
113,1,0,0,282,red,9242,T11
114,1,0,0,282,red,9242,T11
115,1,0,0,282,red,9242,T11
116,1,0,0,282,red,9242,T11
117,1,0,0,282,red,9242,T11
118,1,0,0,282,red,9242,T11
119,1,0,0,282,red,9242,T11
120,1,0,0,282,red,9242,T11
121,1,0,0,282,red,9242,T11
122,1,0,0,282,red,9242,T11
123,1,0,0,282,red,9242,T11
124,1,0,0,282,red,9242,T11
125,1,0,0,282,red,9242,T11
126,1,0,0,282,red,9242,T11
127,1,0,0,282,red,9242,T11
128,1,0,0,282,red,9242,T11
129,1,0,0,282,red,9242,T11
130,1,0,0,282,red,9242,T11
131,1,0,0,282,red,9242,T11
132,1,0,0,282,red,9242,T11
133,1,0,0,282,red,9242,T11
134,1,0,0,282,red,9242,T11
135,1,0,0,282,red,9242,T11
136,1,0,0,282,red,9242,T11
137,1,0,0,282,red,9242,T11
138,1,0,0,282,red,9242,T11
139,1,0,0,282,red,9242,T11
140,1,0,0,282,red,9242,T11
141,1,0,0,282,red,9242,T11
142,1,0,0,282,red,9242,T11
143,1,0,0,282,red,9242,T11
144,1,0,0,282,red,9242,T11
145,1,0,0,282,red,9242,T11
146,1,0,0,282,red,9242,T11
147,1,0,0,282,red,9242,T11
148,1,0,0,282,red,9242,T11
149,1,0,0,282,red,9242,T11
150,1,0,0,282,red,9242,T11
151,1,0,0,282,red,9242,T11
152,1,0,0,282,red,9242,T11
153,1,0,0,282,red,9242,T11
154,1,0,0,282,red,9242,T11
155,1,0,0,282,red,9242,T11
156,1,0,0,282,red,9242,T11
157,1,0,0,282,red,9242,T11
158,1,0,0,282,red,9242,T11
159,1,0,0,282,red,9242,T11
160,1,0,0,282,red,9242,T11
161,1,0,0,282,red,9242,T11
162,1,0,0,282,red,9242,T11
163,1,0,0,282,red,9242,T11
164,1,0,0,282,red,9242,T11
165,1,0,0,282,red,9242,T11
166,1,0,0,282,red,9242,T11
167,1,0,0,282,red,9242,T11
168,1,0,0,282,red,9242,T11
169,1,0,0,282,red,9242,T11
170,1,0,0,282,red,9242,T11
171,1,0,0,282,red,9242,T11
172,1,0,0,282,red,9242,T11
173,1,0,0,282,red,9242,T11
174,1,0,0,282,red,9242,T11
175,1,0,0,282,red,9242,T11
176,1,0,0,282,red,9242,T11
177,1,0,0,282,red,9242,T11
178,1,0,0,282,red,9242,T11
179,1,0,0,282,red,9242,T11
180,1,0,0,282,red,9242,T11
181,1,0,0,282,red,9242,T11
182,1,0,0,282,red,9242,T11
183,1,0,0,282,red,9242,T11
184,1,0,0,282,red,9242,T11
185,1,0,0,282,red,9242,T11
186,1,0,0,282,red,9242,T11
187,1,0,0,282,red,9242,T11
188,1,0,0,282,red,9242,T11
189,1,0,0,282,red,9242,T11
190,1,0,0,282,red,9242,T11
191,1,0,0,282,red,9242,T11
192,1,0,0,282,red,9242,T11
193,1,0,0,282,red,9242,T11
194,1,0,0,282,red,9242,T11
195,1,0,0,282,red,9242,T11
196,1,0,0,282,red,9242,T11
197,1,0,0,282,red,9242,T11
198,1,0,0,282,red,9242,T11
199,1,0,0,282,red,9242,T11
200,1,0,0,282,red,9242,T11
201,1,0,0,282,red,9242,T11
202,1,0,0,282,red,9242,T11
203,1,0,0,282,red,9242,T11
204,1,0,0,282,red,9242,T11
205,1,0,0,282,red,9242,T11
206,1,0,0,282,red,9242,T11
207,1,0,0,282,red,9242,T11
208,1,0,0,282,red,9242,T11
209,1,0,0,282,red,9242,T11
210,1,0,0,282,red,9242,T11
211,1,0,0,282,red,9242,T11
212,1,0,0,282,red,9242,T11
213,1,0,0,282,red,9242,T11
214,1,0,0,282,red,9242,T11
215,1,0,0,282,red,9242,T11
216,1,0,0,282,red,9242,T11
217,1,0,0,282,red,9242,T11
218,1,0,0,282,red,9242,T11
219,1,0,0,282,red,9242,T11
220,1,0,0,282,red,9242,T11
221,1,0,0,282,red,9242,T11
0,0,0,1,283,red,8790,T11
1,0,0,1,283,red,8790,T11
2,0,0,1,283,red,8790,T11
3,0,0,1,283,red,8790,T11
4,0,0,1,283,red,8790,T11
5,0,0,1,283,red,8790,T11
6,0,0,1,283,red,8790,T11
7,0,0,1,283,red,8790,T11
8,0,0,1,283,red,8790,T11
9,0,0,1,283,red,8790,T11
10,0,0,1,283,red,8790,T11
11,0,0,1,283,red,8790,T11
12,0,0,1,283,red,8790,T11
13,0,0,1,283,red,8790,T11
14,0,0,1,283,red,8790,T11
15,0,0,1,283,red,8790,T11
16,0,0,1,283,red,8790,T11
17,0,0,1,283,red,8790,T11
18,0,0,1,283,red,8790,T11
19,0,0,1,283,red,8790,T11
20,0,0,1,283,red,8790,T11
21,0,0,1,283,red,8790,T11
22,0,0,1,283,red,8790,T11
23,0,0,1,283,red,8790,T11
24,0,0,1,283,red,8790,T11
25,0,0,1,283,red,8790,T11
26,0,0,1,283,red,8790,T11
27,0,0,1,283,red,8790,T11
28,0,0,1,283,red,8790,T11
29,0,0,1,283,red,8790,T11
30,0,0,1,283,red,8790,T11
31,0,0,1,283,red,8790,T11
32,0,0,1,283,red,8790,T11
33,0,0,1,283,red,8790,T11
34,0,0,1,283,red,8790,T11
35,0,0,1,283,red,8790,T11
36,0,0,1,283,red,8790,T11
37,0,0,1,283,red,8790,T11
38,0,0,1,283,red,8790,T11
39,0,0,1,283,red,8790,T11
40,0,0,1,283,red,8790,T11
41,0,0,1,283,red,8790,T11
42,0,0,1,283,red,8790,T11
43,0,0,1,283,red,8790,T11
44,0,0,1,283,red,8790,T11
45,0,0,1,283,red,8790,T11
46,0,0,1,283,red,8790,T11
47,0,0,1,283,red,8790,T11
48,0,0,1,283,red,8790,T11
49,0,0,1,283,red,8790,T11
50,0,0,1,283,red,8790,T11
51,0,0,1,283,red,8790,T11
52,0,0,1,283,red,8790,T11
53,0,0,1,283,red,8790,T11
54,0,0,1,283,red,8790,T11
55,0,1,0,283,red,8790,T11
56,0,1,0,283,red,8790,T11
57,0,1,0,283,red,8790,T11
58,0,1,0,283,red,8790,T11
59,0,1,0,283,red,8790,T11
60,0,1,0,283,red,8790,T11
61,0,1,0,283,red,8790,T11
62,0,1,0,283,red,8790,T11
63,0,1,0,283,red,8790,T11
64,0,1,0,283,red,8790,T11
65,0,1,0,283,red,8790,T11
66,0,1,0,283,red,8790,T11
67,0,1,0,283,red,8790,T11
68,0,1,0,283,red,8790,T11
69,0,1,0,283,red,8790,T11
70,0,1,0,283,red,8790,T11
71,0,1,0,283,red,8790,T11
72,0,1,0,283,red,8790,T11
73,0,1,0,283,red,8790,T11
74,0,1,0,283,red,8790,T11
75,0,1,0,283,red,8790,T11
76,0,1,0,283,red,8790,T11
77,0,1,0,283,red,8790,T11
78,0,1,0,283,red,8790,T11
79,0,1,0,283,red,8790,T11
80,0,1,0,283,red,8790,T11
81,0,1,0,283,red,8790,T11
82,0,1,0,283,red,8790,T11
83,0,1,0,283,red,8790,T11
84,0,1,0,283,red,8790,T11
85,0,0,1,283,red,8790,T11
86,0,0,1,283,red,8790,T11
87,0,0,1,283,red,8790,T11
88,0,0,1,283,red,8790,T11
89,0,0,1,283,red,8790,T11
90,0,0,1,283,red,8790,T11
91,0,0,1,283,red,8790,T11
92,0,0,1,283,red,8790,T11
93,0,0,1,283,red,8790,T11
94,0,0,1,283,red,8790,T11
95,0,0,1,283,red,8790,T11
96,0,0,1,283,red,8790,T11
97,0,0,1,283,red,8790,T11
98,0,0,1,283,red,8790,T11
99,0,0,1,283,red,8790,T11
100,0,0,1,283,red,8790,T11
101,0,0,1,283,red,8790,T11
102,0,0,1,283,red,8790,T11
103,0,0,1,283,red,8790,T11
104,0,0,1,283,red,8790,T11
105,0,1,0,283,red,8790,T11
106,0,1,0,283,red,8790,T11
107,0,1,0,283,red,8790,T11
108,0,1,0,283,red,8790,T11
109,0,1,0,283,red,8790,T11
110,0,1,0,283,red,8790,T11
111,0,1,0,283,red,8790,T11
112,0,1,0,283,red,8790,T11
113,0,1,0,283,red,8790,T11
114,0,1,0,283,red,8790,T11
115,0,0,1,283,red,8790,T11
116,0,0,1,283,red,8790,T11
117,0,0,1,283,red,8790,T11
118,1,0,0,283,red,8790,T11
119,1,0,0,283,red,8790,T11
120,1,0,0,283,red,8790,T11
121,1,0,0,283,red,8790,T11
122,1,0,0,283,red,8790,T11
123,1,0,0,283,red,8790,T11
124,1,0,0,283,red,8790,T11
125,1,0,0,283,red,8790,T11
126,1,0,0,283,red,8790,T11
127,1,0,0,283,red,8790,T11
128,1,0,0,283,red,8790,T11
129,1,0,0,283,red,8790,T11
130,1,0,0,283,red,8790,T11
131,1,0,0,283,red,8790,T11
132,1,0,0,283,red,8790,T11
133,1,0,0,283,red,8790,T11
134,1,0,0,283,red,8790,T11
135,1,0,0,283,red,8790,T11
136,1,0,0,283,red,8790,T11
137,1,0,0,283,red,8790,T11
138,1,0,0,283,red,8790,T11
139,1,0,0,283,red,8790,T11
140,1,0,0,283,red,8790,T11
141,1,0,0,283,red,8790,T11
142,1,0,0,283,red,8790,T11
143,1,0,0,283,red,8790,T11
144,1,0,0,283,red,8790,T11
145,1,0,0,283,red,8790,T11
146,1,0,0,283,red,8790,T11
147,1,0,0,283,red,8790,T11
148,1,0,0,283,red,8790,T11
149,1,0,0,283,red,8790,T11
150,1,0,0,283,red,8790,T11
151,1,0,0,283,red,8790,T11
152,1,0,0,283,red,8790,T11
153,1,0,0,283,red,8790,T11
154,1,0,0,283,red,8790,T11
155,1,0,0,283,red,8790,T11
156,1,0,0,283,red,8790,T11
157,1,0,0,283,red,8790,T11
158,1,0,0,283,red,8790,T11
159,1,0,0,283,red,8790,T11
160,1,0,0,283,red,8790,T11
161,1,0,0,283,red,8790,T11
162,1,0,0,283,red,8790,T11
163,1,0,0,283,red,8790,T11
164,1,0,0,283,red,8790,T11
165,1,0,0,283,red,8790,T11
166,1,0,0,283,red,8790,T11
167,1,0,0,283,red,8790,T11
168,1,0,0,283,red,8790,T11
169,1,0,0,283,red,8790,T11
170,1,0,0,283,red,8790,T11
171,1,0,0,283,red,8790,T11
172,1,0,0,283,red,8790,T11
173,1,0,0,283,red,8790,T11
174,1,0,0,283,red,8790,T11
175,1,0,0,283,red,8790,T11
176,1,0,0,283,red,8790,T11
177,1,0,0,283,red,8790,T11
178,1,0,0,283,red,8790,T11
179,1,0,0,283,red,8790,T11
180,1,0,0,283,red,8790,T11
181,1,0,0,283,red,8790,T11
182,1,0,0,283,red,8790,T11
183,1,0,0,283,red,8790,T11
184,1,0,0,283,red,8790,T11
185,1,0,0,283,red,8790,T11
186,1,0,0,283,red,8790,T11
187,1,0,0,283,red,8790,T11
188,1,0,0,283,red,8790,T11
189,1,0,0,283,red,8790,T11
190,1,0,0,283,red,8790,T11
191,1,0,0,283,red,8790,T11
192,1,0,0,283,red,8790,T11
193,1,0,0,283,red,8790,T11
194,1,0,0,283,red,8790,T11
195,1,0,0,283,red,8790,T11
196,1,0,0,283,red,8790,T11
197,1,0,0,283,red,8790,T11
198,1,0,0,283,red,8790,T11
199,1,0,0,283,red,8790,T11
200,1,0,0,283,red,8790,T11
201,1,0,0,283,red,8790,T11
202,1,0,0,283,red,8790,T11
203,1,0,0,283,red,8790,T11
204,1,0,0,283,red,8790,T11
205,1,0,0,283,red,8790,T11
206,1,0,0,283,red,8790,T11
207,1,0,0,283,red,8790,T11
208,1,0,0,283,red,8790,T11
209,1,0,0,283,red,8790,T11
210,1,0,0,283,red,8790,T11
211,1,0,0,283,red,8790,T11
212,1,0,0,283,red,8790,T11
213,1,0,0,283,red,8790,T11
214,1,0,0,283,red,8790,T11
215,1,0,0,283,red,8790,T11
216,1,0,0,283,red,8790,T11
217,1,0,0,283,red,8790,T11
218,1,0,0,283,red,8790,T11
219,1,0,0,283,red,8790,T11
220,1,0,0,283,red,8790,T11
221,1,0,0,283,red,8790,T11
0,0,0,1,285,red,8581,T11
1,0,0,1,285,red,8581,T11
2,0,0,1,285,red,8581,T11
3,0,0,1,285,red,8581,T11
4,0,0,1,285,red,8581,T11
5,0,0,1,285,red,8581,T11
6,0,0,1,285,red,8581,T11
7,0,0,1,285,red,8581,T11
8,0,0,1,285,red,8581,T11
9,0,0,1,285,red,8581,T11
10,0,0,1,285,red,8581,T11
11,0,0,1,285,red,8581,T11
12,0,0,1,285,red,8581,T11
13,0,0,1,285,red,8581,T11
14,0,0,1,285,red,8581,T11
15,0,0,1,285,red,8581,T11
16,0,0,1,285,red,8581,T11
17,0,0,1,285,red,8581,T11
18,0,0,1,285,red,8581,T11
19,0,0,1,285,red,8581,T11
20,0,0,1,285,red,8581,T11
21,0,0,1,285,red,8581,T11
22,0,0,1,285,red,8581,T11
23,0,0,1,285,red,8581,T11
24,0,0,1,285,red,8581,T11
25,0,0,1,285,red,8581,T11
26,0,0,1,285,red,8581,T11
27,0,0,1,285,red,8581,T11
28,0,0,1,285,red,8581,T11
29,0,0,1,285,red,8581,T11
30,0,0,1,285,red,8581,T11
31,0,0,1,285,red,8581,T11
32,0,0,1,285,red,8581,T11
33,0,0,1,285,red,8581,T11
34,0,0,1,285,red,8581,T11
35,0,0,1,285,red,8581,T11
36,0,0,1,285,red,8581,T11
37,0,0,1,285,red,8581,T11
38,0,0,1,285,red,8581,T11
39,0,0,1,285,red,8581,T11
40,0,0,1,285,red,8581,T11
41,0,0,1,285,red,8581,T11
42,0,0,1,285,red,8581,T11
43,0,0,1,285,red,8581,T11
44,0,0,1,285,red,8581,T11
45,0,0,1,285,red,8581,T11
46,0,0,1,285,red,8581,T11
47,0,0,1,285,red,8581,T11
48,0,0,1,285,red,8581,T11
49,0,0,1,285,red,8581,T11
50,0,0,1,285,red,8581,T11
51,0,0,1,285,red,8581,T11
52,0,0,1,285,red,8581,T11
53,0,0,1,285,red,8581,T11
54,0,0,1,285,red,8581,T11
55,0,0,1,285,red,8581,T11
56,0,0,1,285,red,8581,T11
57,0,0,1,285,red,8581,T11
58,0,0,1,285,red,8581,T11
59,0,0,1,285,red,8581,T11
60,0,0,1,285,red,8581,T11
61,0,0,1,285,red,8581,T11
62,0,0,1,285,red,8581,T11
63,0,0,1,285,red,8581,T11
64,0,0,1,285,red,8581,T11
65,0,0,1,285,red,8581,T11
66,0,0,1,285,red,8581,T11
67,0,0,1,285,red,8581,T11
68,0,0,1,285,red,8581,T11
69,0,0,1,285,red,8581,T11
70,0,0,1,285,red,8581,T11
71,0,0,1,285,red,8581,T11
72,0,0,1,285,red,8581,T11
73,0,0,1,285,red,8581,T11
74,0,0,1,285,red,8581,T11
75,0,0,1,285,red,8581,T11
76,0,0,1,285,red,8581,T11
77,0,0,1,285,red,8581,T11
78,0,0,1,285,red,8581,T11
79,0,0,1,285,red,8581,T11
80,0,0,1,285,red,8581,T11
81,0,0,1,285,red,8581,T11
82,0,0,1,285,red,8581,T11
83,0,0,1,285,red,8581,T11
84,0,0,1,285,red,8581,T11
85,0,0,1,285,red,8581,T11
86,0,0,1,285,red,8581,T11
87,0,0,1,285,red,8581,T11
88,0,0,1,285,red,8581,T11
89,0,0,1,285,red,8581,T11
90,1,0,0,285,red,8581,T11
91,1,0,0,285,red,8581,T11
92,1,0,0,285,red,8581,T11
93,1,0,0,285,red,8581,T11
94,1,0,0,285,red,8581,T11
95,1,0,0,285,red,8581,T11
96,1,0,0,285,red,8581,T11
97,1,0,0,285,red,8581,T11
98,1,0,0,285,red,8581,T11
99,1,0,0,285,red,8581,T11
100,1,0,0,285,red,8581,T11
101,1,0,0,285,red,8581,T11
102,1,0,0,285,red,8581,T11
103,1,0,0,285,red,8581,T11
104,1,0,0,285,red,8581,T11
105,1,0,0,285,red,8581,T11
106,1,0,0,285,red,8581,T11
107,1,0,0,285,red,8581,T11
108,1,0,0,285,red,8581,T11
109,1,0,0,285,red,8581,T11
110,1,0,0,285,red,8581,T11
111,1,0,0,285,red,8581,T11
112,1,0,0,285,red,8581,T11
113,1,0,0,285,red,8581,T11
114,1,0,0,285,red,8581,T11
115,1,0,0,285,red,8581,T11
116,1,0,0,285,red,8581,T11
117,1,0,0,285,red,8581,T11
118,1,0,0,285,red,8581,T11
119,1,0,0,285,red,8581,T11
120,1,0,0,285,red,8581,T11
121,1,0,0,285,red,8581,T11
122,1,0,0,285,red,8581,T11
123,1,0,0,285,red,8581,T11
124,1,0,0,285,red,8581,T11
125,1,0,0,285,red,8581,T11
126,1,0,0,285,red,8581,T11
127,1,0,0,285,red,8581,T11
128,1,0,0,285,red,8581,T11
129,1,0,0,285,red,8581,T11
130,1,0,0,285,red,8581,T11
131,1,0,0,285,red,8581,T11
132,1,0,0,285,red,8581,T11
133,1,0,0,285,red,8581,T11
134,1,0,0,285,red,8581,T11
135,1,0,0,285,red,8581,T11
136,1,0,0,285,red,8581,T11
137,1,0,0,285,red,8581,T11
138,1,0,0,285,red,8581,T11
139,1,0,0,285,red,8581,T11
140,1,0,0,285,red,8581,T11
141,1,0,0,285,red,8581,T11
142,1,0,0,285,red,8581,T11
143,1,0,0,285,red,8581,T11
144,1,0,0,285,red,8581,T11
145,1,0,0,285,red,8581,T11
146,1,0,0,285,red,8581,T11
147,1,0,0,285,red,8581,T11
148,1,0,0,285,red,8581,T11
149,1,0,0,285,red,8581,T11
150,1,0,0,285,red,8581,T11
151,1,0,0,285,red,8581,T11
152,1,0,0,285,red,8581,T11
153,1,0,0,285,red,8581,T11
154,1,0,0,285,red,8581,T11
155,1,0,0,285,red,8581,T11
156,1,0,0,285,red,8581,T11
157,1,0,0,285,red,8581,T11
158,1,0,0,285,red,8581,T11
159,1,0,0,285,red,8581,T11
160,1,0,0,285,red,8581,T11
161,1,0,0,285,red,8581,T11
162,1,0,0,285,red,8581,T11
163,1,0,0,285,red,8581,T11
164,1,0,0,285,red,8581,T11
165,1,0,0,285,red,8581,T11
166,1,0,0,285,red,8581,T11
167,1,0,0,285,red,8581,T11
168,1,0,0,285,red,8581,T11
169,1,0,0,285,red,8581,T11
170,1,0,0,285,red,8581,T11
171,1,0,0,285,red,8581,T11
172,1,0,0,285,red,8581,T11
173,1,0,0,285,red,8581,T11
174,1,0,0,285,red,8581,T11
175,1,0,0,285,red,8581,T11
176,1,0,0,285,red,8581,T11
177,1,0,0,285,red,8581,T11
178,1,0,0,285,red,8581,T11
179,1,0,0,285,red,8581,T11
180,1,0,0,285,red,8581,T11
181,1,0,0,285,red,8581,T11
182,1,0,0,285,red,8581,T11
183,1,0,0,285,red,8581,T11
184,1,0,0,285,red,8581,T11
185,1,0,0,285,red,8581,T11
186,1,0,0,285,red,8581,T11
187,1,0,0,285,red,8581,T11
188,1,0,0,285,red,8581,T11
189,1,0,0,285,red,8581,T11
190,1,0,0,285,red,8581,T11
191,1,0,0,285,red,8581,T11
192,1,0,0,285,red,8581,T11
193,1,0,0,285,red,8581,T11
194,1,0,0,285,red,8581,T11
195,1,0,0,285,red,8581,T11
196,1,0,0,285,red,8581,T11
197,1,0,0,285,red,8581,T11
198,1,0,0,285,red,8581,T11
199,1,0,0,285,red,8581,T11
200,1,0,0,285,red,8581,T11
201,1,0,0,285,red,8581,T11
202,1,0,0,285,red,8581,T11
203,1,0,0,285,red,8581,T11
204,1,0,0,285,red,8581,T11
205,1,0,0,285,red,8581,T11
206,1,0,0,285,red,8581,T11
207,1,0,0,285,red,8581,T11
208,1,0,0,285,red,8581,T11
209,1,0,0,285,red,8581,T11
210,1,0,0,285,red,8581,T11
211,1,0,0,285,red,8581,T11
212,1,0,0,285,red,8581,T11
213,1,0,0,285,red,8581,T11
214,1,0,0,285,red,8581,T11
215,1,0,0,285,red,8581,T11
216,1,0,0,285,red,8581,T11
217,1,0,0,285,red,8581,T11
218,1,0,0,285,red,8581,T11
219,1,0,0,285,red,8581,T11
220,1,0,0,285,red,8581,T11
221,1,0,0,285,red,8581,T11
0,0,0,1,286,red,8692,T11
1,0,0,1,286,red,8692,T11
2,0,0,1,286,red,8692,T11
3,0,0,1,286,red,8692,T11
4,0,0,1,286,red,8692,T11
5,0,0,1,286,red,8692,T11
6,0,0,1,286,red,8692,T11
7,0,0,1,286,red,8692,T11
8,0,0,1,286,red,8692,T11
9,0,0,1,286,red,8692,T11
10,0,0,1,286,red,8692,T11
11,0,0,1,286,red,8692,T11
12,0,0,1,286,red,8692,T11
13,0,0,1,286,red,8692,T11
14,0,0,1,286,red,8692,T11
15,0,0,1,286,red,8692,T11
16,0,0,1,286,red,8692,T11
17,0,0,1,286,red,8692,T11
18,1,0,0,286,red,8692,T11
19,1,0,0,286,red,8692,T11
20,1,0,0,286,red,8692,T11
21,1,0,0,286,red,8692,T11
22,1,0,0,286,red,8692,T11
23,1,0,0,286,red,8692,T11
24,1,0,0,286,red,8692,T11
25,1,0,0,286,red,8692,T11
26,1,0,0,286,red,8692,T11
27,1,0,0,286,red,8692,T11
28,1,0,0,286,red,8692,T11
29,1,0,0,286,red,8692,T11
30,1,0,0,286,red,8692,T11
31,0,0,1,286,red,8692,T11
32,0,0,1,286,red,8692,T11
33,0,0,1,286,red,8692,T11
34,0,0,1,286,red,8692,T11
35,0,0,1,286,red,8692,T11
36,0,0,1,286,red,8692,T11
37,0,0,1,286,red,8692,T11
38,0,0,1,286,red,8692,T11
39,0,0,1,286,red,8692,T11
40,0,0,1,286,red,8692,T11
41,0,0,1,286,red,8692,T11
42,0,0,1,286,red,8692,T11
43,0,0,1,286,red,8692,T11
44,1,0,0,286,red,8692,T11
45,1,0,0,286,red,8692,T11
46,1,0,0,286,red,8692,T11
47,1,0,0,286,red,8692,T11
48,1,0,0,286,red,8692,T11
49,1,0,0,286,red,8692,T11
50,1,0,0,286,red,8692,T11
51,1,0,0,286,red,8692,T11
52,1,0,0,286,red,8692,T11
53,1,0,0,286,red,8692,T11
54,1,0,0,286,red,8692,T11
55,1,0,0,286,red,8692,T11
56,1,0,0,286,red,8692,T11
57,1,0,0,286,red,8692,T11
58,1,0,0,286,red,8692,T11
59,1,0,0,286,red,8692,T11
60,1,0,0,286,red,8692,T11
61,1,0,0,286,red,8692,T11
62,1,0,0,286,red,8692,T11
63,1,0,0,286,red,8692,T11
64,1,0,0,286,red,8692,T11
65,1,0,0,286,red,8692,T11
66,1,0,0,286,red,8692,T11
67,1,0,0,286,red,8692,T11
68,1,0,0,286,red,8692,T11
69,1,0,0,286,red,8692,T11
70,0,0,1,286,red,8692,T11
71,0,0,1,286,red,8692,T11
72,1,0,0,286,red,8692,T11
73,1,0,0,286,red,8692,T11
74,1,0,0,286,red,8692,T11
75,1,0,0,286,red,8692,T11
76,1,0,0,286,red,8692,T11
77,1,0,0,286,red,8692,T11
78,1,0,0,286,red,8692,T11
79,1,0,0,286,red,8692,T11
80,1,0,0,286,red,8692,T11
81,1,0,0,286,red,8692,T11
82,1,0,0,286,red,8692,T11
83,1,0,0,286,red,8692,T11
84,1,0,0,286,red,8692,T11
85,1,0,0,286,red,8692,T11
86,1,0,0,286,red,8692,T11
87,1,0,0,286,red,8692,T11
88,1,0,0,286,red,8692,T11
89,1,0,0,286,red,8692,T11
90,0,0,1,286,red,8692,T11
91,0,0,1,286,red,8692,T11
92,0,0,1,286,red,8692,T11
93,0,0,1,286,red,8692,T11
94,0,0,1,286,red,8692,T11
95,0,1,0,286,red,8692,T11
96,0,1,0,286,red,8692,T11
97,0,1,0,286,red,8692,T11
98,0,1,0,286,red,8692,T11
99,0,1,0,286,red,8692,T11
100,0,1,0,286,red,8692,T11
101,0,1,0,286,red,8692,T11
102,0,1,0,286,red,8692,T11
103,0,1,0,286,red,8692,T11
104,0,1,0,286,red,8692,T11
105,0,1,0,286,red,8692,T11
106,0,1,0,286,red,8692,T11
107,0,1,0,286,red,8692,T11
108,0,1,0,286,red,8692,T11
109,0,1,0,286,red,8692,T11
110,0,1,0,286,red,8692,T11
111,0,1,0,286,red,8692,T11
112,0,1,0,286,red,8692,T11
113,0,1,0,286,red,8692,T11
114,0,1,0,286,red,8692,T11
115,0,1,0,286,red,8692,T11
116,0,0,1,286,red,8692,T11
117,1,0,0,286,red,8692,T11
118,1,0,0,286,red,8692,T11
119,1,0,0,286,red,8692,T11
120,1,0,0,286,red,8692,T11
121,1,0,0,286,red,8692,T11
122,1,0,0,286,red,8692,T11
123,1,0,0,286,red,8692,T11
124,1,0,0,286,red,8692,T11
125,1,0,0,286,red,8692,T11
126,1,0,0,286,red,8692,T11
127,1,0,0,286,red,8692,T11
128,1,0,0,286,red,8692,T11
129,1,0,0,286,red,8692,T11
130,1,0,0,286,red,8692,T11
131,1,0,0,286,red,8692,T11
132,1,0,0,286,red,8692,T11
133,1,0,0,286,red,8692,T11
134,1,0,0,286,red,8692,T11
135,1,0,0,286,red,8692,T11
136,1,0,0,286,red,8692,T11
137,1,0,0,286,red,8692,T11
138,1,0,0,286,red,8692,T11
139,1,0,0,286,red,8692,T11
140,1,0,0,286,red,8692,T11
141,1,0,0,286,red,8692,T11
142,1,0,0,286,red,8692,T11
143,1,0,0,286,red,8692,T11
144,1,0,0,286,red,8692,T11
145,1,0,0,286,red,8692,T11
146,1,0,0,286,red,8692,T11
147,1,0,0,286,red,8692,T11
148,1,0,0,286,red,8692,T11
149,1,0,0,286,red,8692,T11
150,1,0,0,286,red,8692,T11
151,1,0,0,286,red,8692,T11
152,1,0,0,286,red,8692,T11
153,1,0,0,286,red,8692,T11
154,1,0,0,286,red,8692,T11
155,1,0,0,286,red,8692,T11
156,1,0,0,286,red,8692,T11
157,1,0,0,286,red,8692,T11
158,1,0,0,286,red,8692,T11
159,1,0,0,286,red,8692,T11
160,1,0,0,286,red,8692,T11
161,1,0,0,286,red,8692,T11
162,1,0,0,286,red,8692,T11
163,1,0,0,286,red,8692,T11
164,1,0,0,286,red,8692,T11
165,1,0,0,286,red,8692,T11
166,1,0,0,286,red,8692,T11
167,1,0,0,286,red,8692,T11
168,1,0,0,286,red,8692,T11
169,1,0,0,286,red,8692,T11
170,1,0,0,286,red,8692,T11
171,1,0,0,286,red,8692,T11
172,1,0,0,286,red,8692,T11
173,1,0,0,286,red,8692,T11
174,1,0,0,286,red,8692,T11
175,1,0,0,286,red,8692,T11
176,1,0,0,286,red,8692,T11
177,1,0,0,286,red,8692,T11
178,1,0,0,286,red,8692,T11
179,1,0,0,286,red,8692,T11
180,1,0,0,286,red,8692,T11
181,1,0,0,286,red,8692,T11
182,1,0,0,286,red,8692,T11
183,1,0,0,286,red,8692,T11
184,1,0,0,286,red,8692,T11
185,1,0,0,286,red,8692,T11
186,1,0,0,286,red,8692,T11
187,1,0,0,286,red,8692,T11
188,1,0,0,286,red,8692,T11
189,1,0,0,286,red,8692,T11
190,1,0,0,286,red,8692,T11
191,1,0,0,286,red,8692,T11
192,1,0,0,286,red,8692,T11
193,1,0,0,286,red,8692,T11
194,1,0,0,286,red,8692,T11
195,1,0,0,286,red,8692,T11
196,1,0,0,286,red,8692,T11
197,1,0,0,286,red,8692,T11
198,1,0,0,286,red,8692,T11
199,1,0,0,286,red,8692,T11
200,1,0,0,286,red,8692,T11
201,1,0,0,286,red,8692,T11
202,1,0,0,286,red,8692,T11
203,1,0,0,286,red,8692,T11
204,1,0,0,286,red,8692,T11
205,1,0,0,286,red,8692,T11
206,1,0,0,286,red,8692,T11
207,1,0,0,286,red,8692,T11
208,1,0,0,286,red,8692,T11
209,1,0,0,286,red,8692,T11
210,1,0,0,286,red,8692,T11
211,1,0,0,286,red,8692,T11
212,1,0,0,286,red,8692,T11
213,1,0,0,286,red,8692,T11
214,1,0,0,286,red,8692,T11
215,1,0,0,286,red,8692,T11
216,1,0,0,286,red,8692,T11
217,1,0,0,286,red,8692,T11
218,1,0,0,286,red,8692,T11
219,1,0,0,286,red,8692,T11
220,1,0,0,286,red,8692,T11
221,1,0,0,286,red,8692,T11
0,0,0,1,287,red,8862,T11
1,0,0,1,287,red,8862,T11
2,0,0,1,287,red,8862,T11
3,0,0,1,287,red,8862,T11
4,0,0,1,287,red,8862,T11
5,0,0,1,287,red,8862,T11
6,0,0,1,287,red,8862,T11
7,0,0,1,287,red,8862,T11
8,0,0,1,287,red,8862,T11
9,0,0,1,287,red,8862,T11
10,0,0,1,287,red,8862,T11
11,0,0,1,287,red,8862,T11
12,0,0,1,287,red,8862,T11
13,0,0,1,287,red,8862,T11
14,0,0,1,287,red,8862,T11
15,0,0,1,287,red,8862,T11
16,0,0,1,287,red,8862,T11
17,0,0,1,287,red,8862,T11
18,0,0,1,287,red,8862,T11
19,0,0,1,287,red,8862,T11
20,0,0,1,287,red,8862,T11
21,0,0,1,287,red,8862,T11
22,0,0,1,287,red,8862,T11
23,0,0,1,287,red,8862,T11
24,0,0,1,287,red,8862,T11
25,0,0,1,287,red,8862,T11
26,0,0,1,287,red,8862,T11
27,0,0,1,287,red,8862,T11
28,0,0,1,287,red,8862,T11
29,0,0,1,287,red,8862,T11
30,0,0,1,287,red,8862,T11
31,0,0,1,287,red,8862,T11
32,0,0,1,287,red,8862,T11
33,0,0,1,287,red,8862,T11
34,0,0,1,287,red,8862,T11
35,0,0,1,287,red,8862,T11
36,0,0,1,287,red,8862,T11
37,1,0,0,287,red,8862,T11
38,1,0,0,287,red,8862,T11
39,1,0,0,287,red,8862,T11
40,1,0,0,287,red,8862,T11
41,1,0,0,287,red,8862,T11
42,1,0,0,287,red,8862,T11
43,1,0,0,287,red,8862,T11
44,1,0,0,287,red,8862,T11
45,1,0,0,287,red,8862,T11
46,1,0,0,287,red,8862,T11
47,1,0,0,287,red,8862,T11
48,1,0,0,287,red,8862,T11
49,0,0,1,287,red,8862,T11
50,0,0,1,287,red,8862,T11
51,0,0,1,287,red,8862,T11
52,0,0,1,287,red,8862,T11
53,0,1,0,287,red,8862,T11
54,0,1,0,287,red,8862,T11
55,0,1,0,287,red,8862,T11
56,0,1,0,287,red,8862,T11
57,0,1,0,287,red,8862,T11
58,0,1,0,287,red,8862,T11
59,0,1,0,287,red,8862,T11
60,0,1,0,287,red,8862,T11
61,0,1,0,287,red,8862,T11
62,0,1,0,287,red,8862,T11
63,0,1,0,287,red,8862,T11
64,0,1,0,287,red,8862,T11
65,0,1,0,287,red,8862,T11
66,0,1,0,287,red,8862,T11
67,0,1,0,287,red,8862,T11
68,0,1,0,287,red,8862,T11
69,0,1,0,287,red,8862,T11
70,0,1,0,287,red,8862,T11
71,0,1,0,287,red,8862,T11
72,0,1,0,287,red,8862,T11
73,0,1,0,287,red,8862,T11
74,0,1,0,287,red,8862,T11
75,0,1,0,287,red,8862,T11
76,0,1,0,287,red,8862,T11
77,0,1,0,287,red,8862,T11
78,0,1,0,287,red,8862,T11
79,0,1,0,287,red,8862,T11
80,0,1,0,287,red,8862,T11
81,0,1,0,287,red,8862,T11
82,0,1,0,287,red,8862,T11
83,0,1,0,287,red,8862,T11
84,0,1,0,287,red,8862,T11
85,0,1,0,287,red,8862,T11
86,0,1,0,287,red,8862,T11
87,0,1,0,287,red,8862,T11
88,0,1,0,287,red,8862,T11
89,0,1,0,287,red,8862,T11
90,0,1,0,287,red,8862,T11
91,0,1,0,287,red,8862,T11
92,0,1,0,287,red,8862,T11
93,0,1,0,287,red,8862,T11
94,0,1,0,287,red,8862,T11
95,0,1,0,287,red,8862,T11
96,0,1,0,287,red,8862,T11
97,0,1,0,287,red,8862,T11
98,0,1,0,287,red,8862,T11
99,0,1,0,287,red,8862,T11
100,0,1,0,287,red,8862,T11
101,0,1,0,287,red,8862,T11
102,0,1,0,287,red,8862,T11
103,0,1,0,287,red,8862,T11
104,0,1,0,287,red,8862,T11
105,0,1,0,287,red,8862,T11
106,0,0,1,287,red,8862,T11
107,0,0,1,287,red,8862,T11
108,0,0,1,287,red,8862,T11
109,0,0,1,287,red,8862,T11
110,1,0,0,287,red,8862,T11
111,1,0,0,287,red,8862,T11
112,1,0,0,287,red,8862,T11
113,1,0,0,287,red,8862,T11
114,1,0,0,287,red,8862,T11
115,1,0,0,287,red,8862,T11
116,1,0,0,287,red,8862,T11
117,1,0,0,287,red,8862,T11
118,1,0,0,287,red,8862,T11
119,1,0,0,287,red,8862,T11
120,1,0,0,287,red,8862,T11
121,1,0,0,287,red,8862,T11
122,1,0,0,287,red,8862,T11
123,1,0,0,287,red,8862,T11
124,1,0,0,287,red,8862,T11
125,1,0,0,287,red,8862,T11
126,1,0,0,287,red,8862,T11
127,1,0,0,287,red,8862,T11
128,1,0,0,287,red,8862,T11
129,1,0,0,287,red,8862,T11
130,1,0,0,287,red,8862,T11
131,1,0,0,287,red,8862,T11
132,1,0,0,287,red,8862,T11
133,1,0,0,287,red,8862,T11
134,1,0,0,287,red,8862,T11
135,1,0,0,287,red,8862,T11
136,1,0,0,287,red,8862,T11
137,1,0,0,287,red,8862,T11
138,1,0,0,287,red,8862,T11
139,1,0,0,287,red,8862,T11
140,1,0,0,287,red,8862,T11
141,1,0,0,287,red,8862,T11
142,1,0,0,287,red,8862,T11
143,1,0,0,287,red,8862,T11
144,1,0,0,287,red,8862,T11
145,1,0,0,287,red,8862,T11
146,1,0,0,287,red,8862,T11
147,1,0,0,287,red,8862,T11
148,1,0,0,287,red,8862,T11
149,1,0,0,287,red,8862,T11
150,1,0,0,287,red,8862,T11
151,1,0,0,287,red,8862,T11
152,1,0,0,287,red,8862,T11
153,1,0,0,287,red,8862,T11
154,1,0,0,287,red,8862,T11
155,1,0,0,287,red,8862,T11
156,1,0,0,287,red,8862,T11
157,1,0,0,287,red,8862,T11
158,1,0,0,287,red,8862,T11
159,1,0,0,287,red,8862,T11
160,1,0,0,287,red,8862,T11
161,1,0,0,287,red,8862,T11
162,1,0,0,287,red,8862,T11
163,1,0,0,287,red,8862,T11
164,1,0,0,287,red,8862,T11
165,1,0,0,287,red,8862,T11
166,1,0,0,287,red,8862,T11
167,1,0,0,287,red,8862,T11
168,1,0,0,287,red,8862,T11
169,1,0,0,287,red,8862,T11
170,1,0,0,287,red,8862,T11
171,1,0,0,287,red,8862,T11
172,1,0,0,287,red,8862,T11
173,1,0,0,287,red,8862,T11
174,1,0,0,287,red,8862,T11
175,1,0,0,287,red,8862,T11
176,1,0,0,287,red,8862,T11
177,1,0,0,287,red,8862,T11
178,1,0,0,287,red,8862,T11
179,1,0,0,287,red,8862,T11
180,1,0,0,287,red,8862,T11
181,1,0,0,287,red,8862,T11
182,1,0,0,287,red,8862,T11
183,1,0,0,287,red,8862,T11
184,1,0,0,287,red,8862,T11
185,1,0,0,287,red,8862,T11
186,1,0,0,287,red,8862,T11
187,1,0,0,287,red,8862,T11
188,1,0,0,287,red,8862,T11
189,1,0,0,287,red,8862,T11
190,1,0,0,287,red,8862,T11
191,1,0,0,287,red,8862,T11
192,1,0,0,287,red,8862,T11
193,1,0,0,287,red,8862,T11
194,1,0,0,287,red,8862,T11
195,1,0,0,287,red,8862,T11
196,1,0,0,287,red,8862,T11
197,1,0,0,287,red,8862,T11
198,1,0,0,287,red,8862,T11
199,1,0,0,287,red,8862,T11
200,1,0,0,287,red,8862,T11
201,1,0,0,287,red,8862,T11
202,1,0,0,287,red,8862,T11
203,1,0,0,287,red,8862,T11
204,1,0,0,287,red,8862,T11
205,1,0,0,287,red,8862,T11
206,1,0,0,287,red,8862,T11
207,1,0,0,287,red,8862,T11
208,1,0,0,287,red,8862,T11
209,1,0,0,287,red,8862,T11
210,1,0,0,287,red,8862,T11
211,1,0,0,287,red,8862,T11
212,1,0,0,287,red,8862,T11
213,1,0,0,287,red,8862,T11
214,1,0,0,287,red,8862,T11
215,1,0,0,287,red,8862,T11
216,1,0,0,287,red,8862,T11
217,1,0,0,287,red,8862,T11
218,1,0,0,287,red,8862,T11
219,1,0,0,287,red,8862,T11
220,1,0,0,287,red,8862,T11
221,1,0,0,287,red,8862,T11
0,0,0,1,289,red,10259,T11
1,0,0,1,289,red,10259,T11
2,0,0,1,289,red,10259,T11
3,0,0,1,289,red,10259,T11
4,0,0,1,289,red,10259,T11
5,0,0,1,289,red,10259,T11
6,0,0,1,289,red,10259,T11
7,0,0,1,289,red,10259,T11
8,0,0,1,289,red,10259,T11
9,0,0,1,289,red,10259,T11
10,0,0,1,289,red,10259,T11
11,0,0,1,289,red,10259,T11
12,0,0,1,289,red,10259,T11
13,0,0,1,289,red,10259,T11
14,0,0,1,289,red,10259,T11
15,0,0,1,289,red,10259,T11
16,0,0,1,289,red,10259,T11
17,0,0,1,289,red,10259,T11
18,0,0,1,289,red,10259,T11
19,0,0,1,289,red,10259,T11
20,0,0,1,289,red,10259,T11
21,0,0,1,289,red,10259,T11
22,0,0,1,289,red,10259,T11
23,0,0,1,289,red,10259,T11
24,0,0,1,289,red,10259,T11
25,0,0,1,289,red,10259,T11
26,0,0,1,289,red,10259,T11
27,0,0,1,289,red,10259,T11
28,0,0,1,289,red,10259,T11
29,0,0,1,289,red,10259,T11
30,0,0,1,289,red,10259,T11
31,0,0,1,289,red,10259,T11
32,0,0,1,289,red,10259,T11
33,1,0,0,289,red,10259,T11
34,1,0,0,289,red,10259,T11
35,1,0,0,289,red,10259,T11
36,1,0,0,289,red,10259,T11
37,1,0,0,289,red,10259,T11
38,1,0,0,289,red,10259,T11
39,1,0,0,289,red,10259,T11
40,1,0,0,289,red,10259,T11
41,1,0,0,289,red,10259,T11
42,1,0,0,289,red,10259,T11
43,1,0,0,289,red,10259,T11
44,1,0,0,289,red,10259,T11
45,1,0,0,289,red,10259,T11
46,1,0,0,289,red,10259,T11
47,0,0,1,289,red,10259,T11
48,0,0,1,289,red,10259,T11
49,0,1,0,289,red,10259,T11
50,0,1,0,289,red,10259,T11
51,0,1,0,289,red,10259,T11
52,0,1,0,289,red,10259,T11
53,0,1,0,289,red,10259,T11
54,0,1,0,289,red,10259,T11
55,0,1,0,289,red,10259,T11
56,0,1,0,289,red,10259,T11
57,0,1,0,289,red,10259,T11
58,0,1,0,289,red,10259,T11
59,0,1,0,289,red,10259,T11
60,0,1,0,289,red,10259,T11
61,0,1,0,289,red,10259,T11
62,0,1,0,289,red,10259,T11
63,0,1,0,289,red,10259,T11
64,0,1,0,289,red,10259,T11
65,0,1,0,289,red,10259,T11
66,0,1,0,289,red,10259,T11
67,0,1,0,289,red,10259,T11
68,0,1,0,289,red,10259,T11
69,0,1,0,289,red,10259,T11
70,0,1,0,289,red,10259,T11
71,0,1,0,289,red,10259,T11
72,0,1,0,289,red,10259,T11
73,0,1,0,289,red,10259,T11
74,0,1,0,289,red,10259,T11
75,0,1,0,289,red,10259,T11
76,0,1,0,289,red,10259,T11
77,0,1,0,289,red,10259,T11
78,0,1,0,289,red,10259,T11
79,0,1,0,289,red,10259,T11
80,0,1,0,289,red,10259,T11
81,0,1,0,289,red,10259,T11
82,0,1,0,289,red,10259,T11
83,0,1,0,289,red,10259,T11
84,0,1,0,289,red,10259,T11
85,0,1,0,289,red,10259,T11
86,0,1,0,289,red,10259,T11
87,0,1,0,289,red,10259,T11
88,0,1,0,289,red,10259,T11
89,0,1,0,289,red,10259,T11
90,0,1,0,289,red,10259,T11
91,0,1,0,289,red,10259,T11
92,0,1,0,289,red,10259,T11
93,0,1,0,289,red,10259,T11
94,0,1,0,289,red,10259,T11
95,0,1,0,289,red,10259,T11
96,0,1,0,289,red,10259,T11
97,0,1,0,289,red,10259,T11
98,0,1,0,289,red,10259,T11
99,0,1,0,289,red,10259,T11
100,0,1,0,289,red,10259,T11
101,0,1,0,289,red,10259,T11
102,0,1,0,289,red,10259,T11
103,0,1,0,289,red,10259,T11
104,0,1,0,289,red,10259,T11
105,0,1,0,289,red,10259,T11
106,0,1,0,289,red,10259,T11
107,0,1,0,289,red,10259,T11
108,0,1,0,289,red,10259,T11
109,0,1,0,289,red,10259,T11
110,0,1,0,289,red,10259,T11
111,0,1,0,289,red,10259,T11
112,0,1,0,289,red,10259,T11
113,0,1,0,289,red,10259,T11
114,0,1,0,289,red,10259,T11
115,0,1,0,289,red,10259,T11
116,0,1,0,289,red,10259,T11
117,0,1,0,289,red,10259,T11
118,0,1,0,289,red,10259,T11
119,0,1,0,289,red,10259,T11
120,0,1,0,289,red,10259,T11
121,0,1,0,289,red,10259,T11
122,0,1,0,289,red,10259,T11
123,0,1,0,289,red,10259,T11
124,0,1,0,289,red,10259,T11
125,0,1,0,289,red,10259,T11
126,0,1,0,289,red,10259,T11
127,0,1,0,289,red,10259,T11
128,0,1,0,289,red,10259,T11
129,0,1,0,289,red,10259,T11
130,0,1,0,289,red,10259,T11
131,0,1,0,289,red,10259,T11
132,0,1,0,289,red,10259,T11
133,0,0,1,289,red,10259,T11
134,0,0,1,289,red,10259,T11
135,1,0,0,289,red,10259,T11
136,1,0,0,289,red,10259,T11
137,1,0,0,289,red,10259,T11
138,1,0,0,289,red,10259,T11
139,1,0,0,289,red,10259,T11
140,1,0,0,289,red,10259,T11
141,1,0,0,289,red,10259,T11
142,1,0,0,289,red,10259,T11
143,1,0,0,289,red,10259,T11
144,1,0,0,289,red,10259,T11
145,1,0,0,289,red,10259,T11
146,1,0,0,289,red,10259,T11
147,1,0,0,289,red,10259,T11
148,1,0,0,289,red,10259,T11
149,1,0,0,289,red,10259,T11
150,1,0,0,289,red,10259,T11
151,1,0,0,289,red,10259,T11
152,1,0,0,289,red,10259,T11
153,1,0,0,289,red,10259,T11
154,1,0,0,289,red,10259,T11
155,1,0,0,289,red,10259,T11
156,1,0,0,289,red,10259,T11
157,1,0,0,289,red,10259,T11
158,1,0,0,289,red,10259,T11
159,1,0,0,289,red,10259,T11
160,1,0,0,289,red,10259,T11
161,1,0,0,289,red,10259,T11
162,1,0,0,289,red,10259,T11
163,1,0,0,289,red,10259,T11
164,1,0,0,289,red,10259,T11
165,1,0,0,289,red,10259,T11
166,1,0,0,289,red,10259,T11
167,1,0,0,289,red,10259,T11
168,1,0,0,289,red,10259,T11
169,1,0,0,289,red,10259,T11
170,1,0,0,289,red,10259,T11
171,1,0,0,289,red,10259,T11
172,1,0,0,289,red,10259,T11
173,1,0,0,289,red,10259,T11
174,1,0,0,289,red,10259,T11
175,1,0,0,289,red,10259,T11
176,1,0,0,289,red,10259,T11
177,1,0,0,289,red,10259,T11
178,1,0,0,289,red,10259,T11
179,1,0,0,289,red,10259,T11
180,1,0,0,289,red,10259,T11
181,1,0,0,289,red,10259,T11
182,1,0,0,289,red,10259,T11
183,1,0,0,289,red,10259,T11
184,1,0,0,289,red,10259,T11
185,1,0,0,289,red,10259,T11
186,1,0,0,289,red,10259,T11
187,1,0,0,289,red,10259,T11
188,1,0,0,289,red,10259,T11
189,1,0,0,289,red,10259,T11
190,1,0,0,289,red,10259,T11
191,1,0,0,289,red,10259,T11
192,1,0,0,289,red,10259,T11
193,1,0,0,289,red,10259,T11
194,1,0,0,289,red,10259,T11
195,1,0,0,289,red,10259,T11
196,1,0,0,289,red,10259,T11
197,1,0,0,289,red,10259,T11
198,1,0,0,289,red,10259,T11
199,1,0,0,289,red,10259,T11
200,1,0,0,289,red,10259,T11
201,1,0,0,289,red,10259,T11
202,1,0,0,289,red,10259,T11
203,1,0,0,289,red,10259,T11
204,1,0,0,289,red,10259,T11
205,1,0,0,289,red,10259,T11
206,1,0,0,289,red,10259,T11
207,1,0,0,289,red,10259,T11
208,1,0,0,289,red,10259,T11
209,1,0,0,289,red,10259,T11
210,1,0,0,289,red,10259,T11
211,1,0,0,289,red,10259,T11
212,1,0,0,289,red,10259,T11
213,1,0,0,289,red,10259,T11
214,1,0,0,289,red,10259,T11
215,1,0,0,289,red,10259,T11
216,1,0,0,289,red,10259,T11
217,1,0,0,289,red,10259,T11
218,1,0,0,289,red,10259,T11
219,1,0,0,289,red,10259,T11
220,1,0,0,289,red,10259,T11
221,1,0,0,289,red,10259,T11
0,0,0,1,290,red,8845,T11
1,0,0,1,290,red,8845,T11
2,0,0,1,290,red,8845,T11
3,0,0,1,290,red,8845,T11
4,0,0,1,290,red,8845,T11
5,0,0,1,290,red,8845,T11
6,0,0,1,290,red,8845,T11
7,0,0,1,290,red,8845,T11
8,0,0,1,290,red,8845,T11
9,0,0,1,290,red,8845,T11
10,0,0,1,290,red,8845,T11
11,0,0,1,290,red,8845,T11
12,0,0,1,290,red,8845,T11
13,0,0,1,290,red,8845,T11
14,0,0,1,290,red,8845,T11
15,0,0,1,290,red,8845,T11
16,0,0,1,290,red,8845,T11
17,0,0,1,290,red,8845,T11
18,0,0,1,290,red,8845,T11
19,0,0,1,290,red,8845,T11
20,0,0,1,290,red,8845,T11
21,0,0,1,290,red,8845,T11
22,0,0,1,290,red,8845,T11
23,0,0,1,290,red,8845,T11
24,0,0,1,290,red,8845,T11
25,0,0,1,290,red,8845,T11
26,0,0,1,290,red,8845,T11
27,0,0,1,290,red,8845,T11
28,0,0,1,290,red,8845,T11
29,0,0,1,290,red,8845,T11
30,0,0,1,290,red,8845,T11
31,0,0,1,290,red,8845,T11
32,0,0,1,290,red,8845,T11
33,0,0,1,290,red,8845,T11
34,0,0,1,290,red,8845,T11
35,0,0,1,290,red,8845,T11
36,0,0,1,290,red,8845,T11
37,0,0,1,290,red,8845,T11
38,0,0,1,290,red,8845,T11
39,0,0,1,290,red,8845,T11
40,0,0,1,290,red,8845,T11
41,0,0,1,290,red,8845,T11
42,0,0,1,290,red,8845,T11
43,0,0,1,290,red,8845,T11
44,0,0,1,290,red,8845,T11
45,0,0,1,290,red,8845,T11
46,0,0,1,290,red,8845,T11
47,1,0,0,290,red,8845,T11
48,1,0,0,290,red,8845,T11
49,1,0,0,290,red,8845,T11
50,1,0,0,290,red,8845,T11
51,1,0,0,290,red,8845,T11
52,1,0,0,290,red,8845,T11
53,1,0,0,290,red,8845,T11
54,1,0,0,290,red,8845,T11
55,1,0,0,290,red,8845,T11
56,1,0,0,290,red,8845,T11
57,1,0,0,290,red,8845,T11
58,1,0,0,290,red,8845,T11
59,1,0,0,290,red,8845,T11
60,1,0,0,290,red,8845,T11
61,1,0,0,290,red,8845,T11
62,1,0,0,290,red,8845,T11
63,1,0,0,290,red,8845,T11
64,1,0,0,290,red,8845,T11
65,1,0,0,290,red,8845,T11
66,1,0,0,290,red,8845,T11
67,1,0,0,290,red,8845,T11
68,1,0,0,290,red,8845,T11
69,1,0,0,290,red,8845,T11
70,1,0,0,290,red,8845,T11
71,1,0,0,290,red,8845,T11
72,1,0,0,290,red,8845,T11
73,1,0,0,290,red,8845,T11
74,1,0,0,290,red,8845,T11
75,1,0,0,290,red,8845,T11
76,1,0,0,290,red,8845,T11
77,1,0,0,290,red,8845,T11
78,1,0,0,290,red,8845,T11
79,1,0,0,290,red,8845,T11
80,1,0,0,290,red,8845,T11
81,1,0,0,290,red,8845,T11
82,1,0,0,290,red,8845,T11
83,1,0,0,290,red,8845,T11
84,1,0,0,290,red,8845,T11
85,1,0,0,290,red,8845,T11
86,1,0,0,290,red,8845,T11
87,1,0,0,290,red,8845,T11
88,1,0,0,290,red,8845,T11
89,1,0,0,290,red,8845,T11
90,1,0,0,290,red,8845,T11
91,1,0,0,290,red,8845,T11
92,1,0,0,290,red,8845,T11
93,1,0,0,290,red,8845,T11
94,1,0,0,290,red,8845,T11
95,1,0,0,290,red,8845,T11
96,1,0,0,290,red,8845,T11
97,1,0,0,290,red,8845,T11
98,1,0,0,290,red,8845,T11
99,1,0,0,290,red,8845,T11
100,1,0,0,290,red,8845,T11
101,1,0,0,290,red,8845,T11
102,1,0,0,290,red,8845,T11
103,1,0,0,290,red,8845,T11
104,1,0,0,290,red,8845,T11
105,1,0,0,290,red,8845,T11
106,1,0,0,290,red,8845,T11
107,1,0,0,290,red,8845,T11
108,1,0,0,290,red,8845,T11
109,1,0,0,290,red,8845,T11
110,1,0,0,290,red,8845,T11
111,1,0,0,290,red,8845,T11
112,1,0,0,290,red,8845,T11
113,1,0,0,290,red,8845,T11
114,1,0,0,290,red,8845,T11
115,1,0,0,290,red,8845,T11
116,1,0,0,290,red,8845,T11
117,1,0,0,290,red,8845,T11
118,1,0,0,290,red,8845,T11
119,1,0,0,290,red,8845,T11
120,1,0,0,290,red,8845,T11
121,1,0,0,290,red,8845,T11
122,1,0,0,290,red,8845,T11
123,1,0,0,290,red,8845,T11
124,1,0,0,290,red,8845,T11
125,1,0,0,290,red,8845,T11
126,1,0,0,290,red,8845,T11
127,1,0,0,290,red,8845,T11
128,1,0,0,290,red,8845,T11
129,1,0,0,290,red,8845,T11
130,1,0,0,290,red,8845,T11
131,1,0,0,290,red,8845,T11
132,1,0,0,290,red,8845,T11
133,1,0,0,290,red,8845,T11
134,1,0,0,290,red,8845,T11
135,1,0,0,290,red,8845,T11
136,1,0,0,290,red,8845,T11
137,1,0,0,290,red,8845,T11
138,1,0,0,290,red,8845,T11
139,1,0,0,290,red,8845,T11
140,1,0,0,290,red,8845,T11
141,1,0,0,290,red,8845,T11
142,1,0,0,290,red,8845,T11
143,1,0,0,290,red,8845,T11
144,1,0,0,290,red,8845,T11
145,1,0,0,290,red,8845,T11
146,1,0,0,290,red,8845,T11
147,1,0,0,290,red,8845,T11
148,1,0,0,290,red,8845,T11
149,1,0,0,290,red,8845,T11
150,1,0,0,290,red,8845,T11
151,1,0,0,290,red,8845,T11
152,1,0,0,290,red,8845,T11
153,1,0,0,290,red,8845,T11
154,1,0,0,290,red,8845,T11
155,1,0,0,290,red,8845,T11
156,1,0,0,290,red,8845,T11
157,1,0,0,290,red,8845,T11
158,1,0,0,290,red,8845,T11
159,1,0,0,290,red,8845,T11
160,1,0,0,290,red,8845,T11
161,1,0,0,290,red,8845,T11
162,1,0,0,290,red,8845,T11
163,1,0,0,290,red,8845,T11
164,1,0,0,290,red,8845,T11
165,1,0,0,290,red,8845,T11
166,1,0,0,290,red,8845,T11
167,1,0,0,290,red,8845,T11
168,1,0,0,290,red,8845,T11
169,1,0,0,290,red,8845,T11
170,1,0,0,290,red,8845,T11
171,1,0,0,290,red,8845,T11
172,1,0,0,290,red,8845,T11
173,1,0,0,290,red,8845,T11
174,1,0,0,290,red,8845,T11
175,1,0,0,290,red,8845,T11
176,1,0,0,290,red,8845,T11
177,1,0,0,290,red,8845,T11
178,1,0,0,290,red,8845,T11
179,1,0,0,290,red,8845,T11
180,1,0,0,290,red,8845,T11
181,1,0,0,290,red,8845,T11
182,1,0,0,290,red,8845,T11
183,1,0,0,290,red,8845,T11
184,1,0,0,290,red,8845,T11
185,1,0,0,290,red,8845,T11
186,1,0,0,290,red,8845,T11
187,1,0,0,290,red,8845,T11
188,1,0,0,290,red,8845,T11
189,1,0,0,290,red,8845,T11
190,1,0,0,290,red,8845,T11
191,1,0,0,290,red,8845,T11
192,1,0,0,290,red,8845,T11
193,1,0,0,290,red,8845,T11
194,1,0,0,290,red,8845,T11
195,1,0,0,290,red,8845,T11
196,1,0,0,290,red,8845,T11
197,1,0,0,290,red,8845,T11
198,1,0,0,290,red,8845,T11
199,1,0,0,290,red,8845,T11
200,1,0,0,290,red,8845,T11
201,1,0,0,290,red,8845,T11
202,1,0,0,290,red,8845,T11
203,1,0,0,290,red,8845,T11
204,1,0,0,290,red,8845,T11
205,1,0,0,290,red,8845,T11
206,1,0,0,290,red,8845,T11
207,1,0,0,290,red,8845,T11
208,1,0,0,290,red,8845,T11
209,1,0,0,290,red,8845,T11
210,1,0,0,290,red,8845,T11
211,1,0,0,290,red,8845,T11
212,1,0,0,290,red,8845,T11
213,1,0,0,290,red,8845,T11
214,1,0,0,290,red,8845,T11
215,1,0,0,290,red,8845,T11
216,1,0,0,290,red,8845,T11
217,1,0,0,290,red,8845,T11
218,1,0,0,290,red,8845,T11
219,1,0,0,290,red,8845,T11
220,1,0,0,290,red,8845,T11
221,1,0,0,290,red,8845,T11
0,0,0,1,291,red,9513,T11
1,0,0,1,291,red,9513,T11
2,0,0,1,291,red,9513,T11
3,0,0,1,291,red,9513,T11
4,0,0,1,291,red,9513,T11
5,0,0,1,291,red,9513,T11
6,0,0,1,291,red,9513,T11
7,0,0,1,291,red,9513,T11
8,0,0,1,291,red,9513,T11
9,0,0,1,291,red,9513,T11
10,0,0,1,291,red,9513,T11
11,0,0,1,291,red,9513,T11
12,0,0,1,291,red,9513,T11
13,0,0,1,291,red,9513,T11
14,0,0,1,291,red,9513,T11
15,0,0,1,291,red,9513,T11
16,0,0,1,291,red,9513,T11
17,0,0,1,291,red,9513,T11
18,0,0,1,291,red,9513,T11
19,0,0,1,291,red,9513,T11
20,0,0,1,291,red,9513,T11
21,0,0,1,291,red,9513,T11
22,0,0,1,291,red,9513,T11
23,0,0,1,291,red,9513,T11
24,0,0,1,291,red,9513,T11
25,0,0,1,291,red,9513,T11
26,0,0,1,291,red,9513,T11
27,0,0,1,291,red,9513,T11
28,0,0,1,291,red,9513,T11
29,0,0,1,291,red,9513,T11
30,0,0,1,291,red,9513,T11
31,0,0,1,291,red,9513,T11
32,0,0,1,291,red,9513,T11
33,0,0,1,291,red,9513,T11
34,0,0,1,291,red,9513,T11
35,0,0,1,291,red,9513,T11
36,0,0,1,291,red,9513,T11
37,0,0,1,291,red,9513,T11
38,0,0,1,291,red,9513,T11
39,0,0,1,291,red,9513,T11
40,0,0,1,291,red,9513,T11
41,0,0,1,291,red,9513,T11
42,0,0,1,291,red,9513,T11
43,0,0,1,291,red,9513,T11
44,0,0,1,291,red,9513,T11
45,0,0,1,291,red,9513,T11
46,0,0,1,291,red,9513,T11
47,0,0,1,291,red,9513,T11
48,0,0,1,291,red,9513,T11
49,0,0,1,291,red,9513,T11
50,0,0,1,291,red,9513,T11
51,0,0,1,291,red,9513,T11
52,0,0,1,291,red,9513,T11
53,0,0,1,291,red,9513,T11
54,1,0,0,291,red,9513,T11
55,1,0,0,291,red,9513,T11
56,1,0,0,291,red,9513,T11
57,1,0,0,291,red,9513,T11
58,1,0,0,291,red,9513,T11
59,1,0,0,291,red,9513,T11
60,1,0,0,291,red,9513,T11
61,1,0,0,291,red,9513,T11
62,1,0,0,291,red,9513,T11
63,1,0,0,291,red,9513,T11
64,1,0,0,291,red,9513,T11
65,1,0,0,291,red,9513,T11
66,1,0,0,291,red,9513,T11
67,1,0,0,291,red,9513,T11
68,1,0,0,291,red,9513,T11
69,1,0,0,291,red,9513,T11
70,1,0,0,291,red,9513,T11
71,1,0,0,291,red,9513,T11
72,1,0,0,291,red,9513,T11
73,1,0,0,291,red,9513,T11
74,1,0,0,291,red,9513,T11
75,1,0,0,291,red,9513,T11
76,1,0,0,291,red,9513,T11
77,1,0,0,291,red,9513,T11
78,1,0,0,291,red,9513,T11
79,1,0,0,291,red,9513,T11
80,1,0,0,291,red,9513,T11
81,1,0,0,291,red,9513,T11
82,1,0,0,291,red,9513,T11
83,1,0,0,291,red,9513,T11
84,1,0,0,291,red,9513,T11
85,1,0,0,291,red,9513,T11
86,1,0,0,291,red,9513,T11
87,1,0,0,291,red,9513,T11
88,1,0,0,291,red,9513,T11
89,1,0,0,291,red,9513,T11
90,1,0,0,291,red,9513,T11
91,1,0,0,291,red,9513,T11
92,1,0,0,291,red,9513,T11
93,1,0,0,291,red,9513,T11
94,1,0,0,291,red,9513,T11
95,1,0,0,291,red,9513,T11
96,1,0,0,291,red,9513,T11
97,1,0,0,291,red,9513,T11
98,1,0,0,291,red,9513,T11
99,1,0,0,291,red,9513,T11
100,1,0,0,291,red,9513,T11
101,1,0,0,291,red,9513,T11
102,1,0,0,291,red,9513,T11
103,1,0,0,291,red,9513,T11
104,1,0,0,291,red,9513,T11
105,1,0,0,291,red,9513,T11
106,1,0,0,291,red,9513,T11
107,1,0,0,291,red,9513,T11
108,1,0,0,291,red,9513,T11
109,1,0,0,291,red,9513,T11
110,1,0,0,291,red,9513,T11
111,1,0,0,291,red,9513,T11
112,1,0,0,291,red,9513,T11
113,1,0,0,291,red,9513,T11
114,1,0,0,291,red,9513,T11
115,1,0,0,291,red,9513,T11
116,1,0,0,291,red,9513,T11
117,1,0,0,291,red,9513,T11
118,1,0,0,291,red,9513,T11
119,1,0,0,291,red,9513,T11
120,1,0,0,291,red,9513,T11
121,1,0,0,291,red,9513,T11
122,1,0,0,291,red,9513,T11
123,1,0,0,291,red,9513,T11
124,1,0,0,291,red,9513,T11
125,1,0,0,291,red,9513,T11
126,1,0,0,291,red,9513,T11
127,1,0,0,291,red,9513,T11
128,1,0,0,291,red,9513,T11
129,1,0,0,291,red,9513,T11
130,1,0,0,291,red,9513,T11
131,1,0,0,291,red,9513,T11
132,1,0,0,291,red,9513,T11
133,1,0,0,291,red,9513,T11
134,1,0,0,291,red,9513,T11
135,1,0,0,291,red,9513,T11
136,1,0,0,291,red,9513,T11
137,1,0,0,291,red,9513,T11
138,1,0,0,291,red,9513,T11
139,1,0,0,291,red,9513,T11
140,1,0,0,291,red,9513,T11
141,1,0,0,291,red,9513,T11
142,1,0,0,291,red,9513,T11
143,1,0,0,291,red,9513,T11
144,1,0,0,291,red,9513,T11
145,1,0,0,291,red,9513,T11
146,1,0,0,291,red,9513,T11
147,1,0,0,291,red,9513,T11
148,1,0,0,291,red,9513,T11
149,1,0,0,291,red,9513,T11
150,1,0,0,291,red,9513,T11
151,1,0,0,291,red,9513,T11
152,1,0,0,291,red,9513,T11
153,1,0,0,291,red,9513,T11
154,1,0,0,291,red,9513,T11
155,1,0,0,291,red,9513,T11
156,1,0,0,291,red,9513,T11
157,1,0,0,291,red,9513,T11
158,1,0,0,291,red,9513,T11
159,1,0,0,291,red,9513,T11
160,1,0,0,291,red,9513,T11
161,1,0,0,291,red,9513,T11
162,1,0,0,291,red,9513,T11
163,1,0,0,291,red,9513,T11
164,1,0,0,291,red,9513,T11
165,1,0,0,291,red,9513,T11
166,1,0,0,291,red,9513,T11
167,1,0,0,291,red,9513,T11
168,1,0,0,291,red,9513,T11
169,1,0,0,291,red,9513,T11
170,1,0,0,291,red,9513,T11
171,1,0,0,291,red,9513,T11
172,1,0,0,291,red,9513,T11
173,1,0,0,291,red,9513,T11
174,1,0,0,291,red,9513,T11
175,1,0,0,291,red,9513,T11
176,1,0,0,291,red,9513,T11
177,1,0,0,291,red,9513,T11
178,1,0,0,291,red,9513,T11
179,1,0,0,291,red,9513,T11
180,1,0,0,291,red,9513,T11
181,1,0,0,291,red,9513,T11
182,1,0,0,291,red,9513,T11
183,1,0,0,291,red,9513,T11
184,1,0,0,291,red,9513,T11
185,1,0,0,291,red,9513,T11
186,1,0,0,291,red,9513,T11
187,1,0,0,291,red,9513,T11
188,1,0,0,291,red,9513,T11
189,1,0,0,291,red,9513,T11
190,1,0,0,291,red,9513,T11
191,1,0,0,291,red,9513,T11
192,1,0,0,291,red,9513,T11
193,1,0,0,291,red,9513,T11
194,1,0,0,291,red,9513,T11
195,1,0,0,291,red,9513,T11
196,1,0,0,291,red,9513,T11
197,1,0,0,291,red,9513,T11
198,1,0,0,291,red,9513,T11
199,1,0,0,291,red,9513,T11
200,1,0,0,291,red,9513,T11
201,1,0,0,291,red,9513,T11
202,1,0,0,291,red,9513,T11
203,1,0,0,291,red,9513,T11
204,1,0,0,291,red,9513,T11
205,1,0,0,291,red,9513,T11
206,1,0,0,291,red,9513,T11
207,1,0,0,291,red,9513,T11
208,1,0,0,291,red,9513,T11
209,1,0,0,291,red,9513,T11
210,1,0,0,291,red,9513,T11
211,1,0,0,291,red,9513,T11
212,1,0,0,291,red,9513,T11
213,1,0,0,291,red,9513,T11
214,1,0,0,291,red,9513,T11
215,1,0,0,291,red,9513,T11
216,1,0,0,291,red,9513,T11
217,1,0,0,291,red,9513,T11
218,1,0,0,291,red,9513,T11
219,1,0,0,291,red,9513,T11
220,1,0,0,291,red,9513,T11
221,1,0,0,291,red,9513,T11
0,0,0,1,292,red,9626,T11
1,0,0,1,292,red,9626,T11
2,0,0,1,292,red,9626,T11
3,0,0,1,292,red,9626,T11
4,0,0,1,292,red,9626,T11
5,0,0,1,292,red,9626,T11
6,0,0,1,292,red,9626,T11
7,0,0,1,292,red,9626,T11
8,0,0,1,292,red,9626,T11
9,0,0,1,292,red,9626,T11
10,0,0,1,292,red,9626,T11
11,0,0,1,292,red,9626,T11
12,0,0,1,292,red,9626,T11
13,0,0,1,292,red,9626,T11
14,0,0,1,292,red,9626,T11
15,0,0,1,292,red,9626,T11
16,0,0,1,292,red,9626,T11
17,0,0,1,292,red,9626,T11
18,0,1,0,292,red,9626,T11
19,0,1,0,292,red,9626,T11
20,0,1,0,292,red,9626,T11
21,0,1,0,292,red,9626,T11
22,0,1,0,292,red,9626,T11
23,0,1,0,292,red,9626,T11
24,0,1,0,292,red,9626,T11
25,0,0,1,292,red,9626,T11
26,0,0,1,292,red,9626,T11
27,1,0,0,292,red,9626,T11
28,1,0,0,292,red,9626,T11
29,1,0,0,292,red,9626,T11
30,1,0,0,292,red,9626,T11
31,1,0,0,292,red,9626,T11
32,1,0,0,292,red,9626,T11
33,1,0,0,292,red,9626,T11
34,1,0,0,292,red,9626,T11
35,1,0,0,292,red,9626,T11
36,1,0,0,292,red,9626,T11
37,0,0,1,292,red,9626,T11
38,1,0,0,292,red,9626,T11
39,1,0,0,292,red,9626,T11
40,1,0,0,292,red,9626,T11
41,1,0,0,292,red,9626,T11
42,1,0,0,292,red,9626,T11
43,1,0,0,292,red,9626,T11
44,1,0,0,292,red,9626,T11
45,1,0,0,292,red,9626,T11
46,1,0,0,292,red,9626,T11
47,1,0,0,292,red,9626,T11
48,1,0,0,292,red,9626,T11
49,1,0,0,292,red,9626,T11
50,1,0,0,292,red,9626,T11
51,0,0,1,292,red,9626,T11
52,0,1,0,292,red,9626,T11
53,0,1,0,292,red,9626,T11
54,0,1,0,292,red,9626,T11
55,0,1,0,292,red,9626,T11
56,0,1,0,292,red,9626,T11
57,0,1,0,292,red,9626,T11
58,0,1,0,292,red,9626,T11
59,0,1,0,292,red,9626,T11
60,0,1,0,292,red,9626,T11
61,0,1,0,292,red,9626,T11
62,0,1,0,292,red,9626,T11
63,0,1,0,292,red,9626,T11
64,0,1,0,292,red,9626,T11
65,0,1,0,292,red,9626,T11
66,0,1,0,292,red,9626,T11
67,0,1,0,292,red,9626,T11
68,0,1,0,292,red,9626,T11
69,0,1,0,292,red,9626,T11
70,0,1,0,292,red,9626,T11
71,0,1,0,292,red,9626,T11
72,0,1,0,292,red,9626,T11
73,0,1,0,292,red,9626,T11
74,0,1,0,292,red,9626,T11
75,0,1,0,292,red,9626,T11
76,0,1,0,292,red,9626,T11
77,0,1,0,292,red,9626,T11
78,0,1,0,292,red,9626,T11
79,0,1,0,292,red,9626,T11
80,0,1,0,292,red,9626,T11
81,0,1,0,292,red,9626,T11
82,0,1,0,292,red,9626,T11
83,0,1,0,292,red,9626,T11
84,0,1,0,292,red,9626,T11
85,0,1,0,292,red,9626,T11
86,0,1,0,292,red,9626,T11
87,0,1,0,292,red,9626,T11
88,0,1,0,292,red,9626,T11
89,0,1,0,292,red,9626,T11
90,0,1,0,292,red,9626,T11
91,0,1,0,292,red,9626,T11
92,0,1,0,292,red,9626,T11
93,0,1,0,292,red,9626,T11
94,0,1,0,292,red,9626,T11
95,0,1,0,292,red,9626,T11
96,0,1,0,292,red,9626,T11
97,0,1,0,292,red,9626,T11
98,0,1,0,292,red,9626,T11
99,0,1,0,292,red,9626,T11
100,0,1,0,292,red,9626,T11
101,0,1,0,292,red,9626,T11
102,0,1,0,292,red,9626,T11
103,0,1,0,292,red,9626,T11
104,0,1,0,292,red,9626,T11
105,0,1,0,292,red,9626,T11
106,0,1,0,292,red,9626,T11
107,0,1,0,292,red,9626,T11
108,0,1,0,292,red,9626,T11
109,0,1,0,292,red,9626,T11
110,0,1,0,292,red,9626,T11
111,0,1,0,292,red,9626,T11
112,0,1,0,292,red,9626,T11
113,0,1,0,292,red,9626,T11
114,0,1,0,292,red,9626,T11
115,0,1,0,292,red,9626,T11
116,0,0,1,292,red,9626,T11
117,1,0,0,292,red,9626,T11
118,1,0,0,292,red,9626,T11
119,1,0,0,292,red,9626,T11
120,1,0,0,292,red,9626,T11
121,1,0,0,292,red,9626,T11
122,1,0,0,292,red,9626,T11
123,1,0,0,292,red,9626,T11
124,1,0,0,292,red,9626,T11
125,1,0,0,292,red,9626,T11
126,1,0,0,292,red,9626,T11
127,1,0,0,292,red,9626,T11
128,1,0,0,292,red,9626,T11
129,1,0,0,292,red,9626,T11
130,1,0,0,292,red,9626,T11
131,1,0,0,292,red,9626,T11
132,1,0,0,292,red,9626,T11
133,1,0,0,292,red,9626,T11
134,1,0,0,292,red,9626,T11
135,1,0,0,292,red,9626,T11
136,1,0,0,292,red,9626,T11
137,1,0,0,292,red,9626,T11
138,1,0,0,292,red,9626,T11
139,1,0,0,292,red,9626,T11
140,1,0,0,292,red,9626,T11
141,1,0,0,292,red,9626,T11
142,1,0,0,292,red,9626,T11
143,1,0,0,292,red,9626,T11
144,1,0,0,292,red,9626,T11
145,1,0,0,292,red,9626,T11
146,1,0,0,292,red,9626,T11
147,1,0,0,292,red,9626,T11
148,1,0,0,292,red,9626,T11
149,1,0,0,292,red,9626,T11
150,1,0,0,292,red,9626,T11
151,1,0,0,292,red,9626,T11
152,1,0,0,292,red,9626,T11
153,1,0,0,292,red,9626,T11
154,1,0,0,292,red,9626,T11
155,1,0,0,292,red,9626,T11
156,1,0,0,292,red,9626,T11
157,1,0,0,292,red,9626,T11
158,1,0,0,292,red,9626,T11
159,1,0,0,292,red,9626,T11
160,1,0,0,292,red,9626,T11
161,1,0,0,292,red,9626,T11
162,1,0,0,292,red,9626,T11
163,1,0,0,292,red,9626,T11
164,1,0,0,292,red,9626,T11
165,1,0,0,292,red,9626,T11
166,1,0,0,292,red,9626,T11
167,1,0,0,292,red,9626,T11
168,1,0,0,292,red,9626,T11
169,1,0,0,292,red,9626,T11
170,1,0,0,292,red,9626,T11
171,1,0,0,292,red,9626,T11
172,1,0,0,292,red,9626,T11
173,1,0,0,292,red,9626,T11
174,1,0,0,292,red,9626,T11
175,1,0,0,292,red,9626,T11
176,1,0,0,292,red,9626,T11
177,1,0,0,292,red,9626,T11
178,1,0,0,292,red,9626,T11
179,1,0,0,292,red,9626,T11
180,1,0,0,292,red,9626,T11
181,1,0,0,292,red,9626,T11
182,1,0,0,292,red,9626,T11
183,1,0,0,292,red,9626,T11
184,1,0,0,292,red,9626,T11
185,1,0,0,292,red,9626,T11
186,1,0,0,292,red,9626,T11
187,1,0,0,292,red,9626,T11
188,1,0,0,292,red,9626,T11
189,1,0,0,292,red,9626,T11
190,1,0,0,292,red,9626,T11
191,1,0,0,292,red,9626,T11
192,1,0,0,292,red,9626,T11
193,1,0,0,292,red,9626,T11
194,1,0,0,292,red,9626,T11
195,1,0,0,292,red,9626,T11
196,1,0,0,292,red,9626,T11
197,1,0,0,292,red,9626,T11
198,1,0,0,292,red,9626,T11
199,1,0,0,292,red,9626,T11
200,1,0,0,292,red,9626,T11
201,1,0,0,292,red,9626,T11
202,1,0,0,292,red,9626,T11
203,1,0,0,292,red,9626,T11
204,1,0,0,292,red,9626,T11
205,1,0,0,292,red,9626,T11
206,1,0,0,292,red,9626,T11
207,1,0,0,292,red,9626,T11
208,1,0,0,292,red,9626,T11
209,1,0,0,292,red,9626,T11
210,1,0,0,292,red,9626,T11
211,1,0,0,292,red,9626,T11
212,1,0,0,292,red,9626,T11
213,1,0,0,292,red,9626,T11
214,1,0,0,292,red,9626,T11
215,1,0,0,292,red,9626,T11
216,1,0,0,292,red,9626,T11
217,1,0,0,292,red,9626,T11
218,1,0,0,292,red,9626,T11
219,1,0,0,292,red,9626,T11
220,1,0,0,292,red,9626,T11
221,1,0,0,292,red,9626,T11
0,0,0,1,293,red,10023,T11
1,0,0,1,293,red,10023,T11
2,0,0,1,293,red,10023,T11
3,0,0,1,293,red,10023,T11
4,0,0,1,293,red,10023,T11
5,0,0,1,293,red,10023,T11
6,0,0,1,293,red,10023,T11
7,0,0,1,293,red,10023,T11
8,0,0,1,293,red,10023,T11
9,0,0,1,293,red,10023,T11
10,0,0,1,293,red,10023,T11
11,0,0,1,293,red,10023,T11
12,0,0,1,293,red,10023,T11
13,0,0,1,293,red,10023,T11
14,0,0,1,293,red,10023,T11
15,0,0,1,293,red,10023,T11
16,0,0,1,293,red,10023,T11
17,0,0,1,293,red,10023,T11
18,0,0,1,293,red,10023,T11
19,0,0,1,293,red,10023,T11
20,0,0,1,293,red,10023,T11
21,0,0,1,293,red,10023,T11
22,0,0,1,293,red,10023,T11
23,0,0,1,293,red,10023,T11
24,0,0,1,293,red,10023,T11
25,0,0,1,293,red,10023,T11
26,0,0,1,293,red,10023,T11
27,0,0,1,293,red,10023,T11
28,0,0,1,293,red,10023,T11
29,0,0,1,293,red,10023,T11
30,0,0,1,293,red,10023,T11
31,0,0,1,293,red,10023,T11
32,0,0,1,293,red,10023,T11
33,0,0,1,293,red,10023,T11
34,0,0,1,293,red,10023,T11
35,0,0,1,293,red,10023,T11
36,0,0,1,293,red,10023,T11
37,0,0,1,293,red,10023,T11
38,0,0,1,293,red,10023,T11
39,0,0,1,293,red,10023,T11
40,0,0,1,293,red,10023,T11
41,0,0,1,293,red,10023,T11
42,0,1,0,293,red,10023,T11
43,0,1,0,293,red,10023,T11
44,0,1,0,293,red,10023,T11
45,0,1,0,293,red,10023,T11
46,0,1,0,293,red,10023,T11
47,0,1,0,293,red,10023,T11
48,0,1,0,293,red,10023,T11
49,0,1,0,293,red,10023,T11
50,0,1,0,293,red,10023,T11
51,0,1,0,293,red,10023,T11
52,0,1,0,293,red,10023,T11
53,0,1,0,293,red,10023,T11
54,0,1,0,293,red,10023,T11
55,0,1,0,293,red,10023,T11
56,0,1,0,293,red,10023,T11
57,0,1,0,293,red,10023,T11
58,0,1,0,293,red,10023,T11
59,0,1,0,293,red,10023,T11
60,0,1,0,293,red,10023,T11
61,0,1,0,293,red,10023,T11
62,0,1,0,293,red,10023,T11
63,0,1,0,293,red,10023,T11
64,0,1,0,293,red,10023,T11
65,0,1,0,293,red,10023,T11
66,0,1,0,293,red,10023,T11
67,0,1,0,293,red,10023,T11
68,0,1,0,293,red,10023,T11
69,0,1,0,293,red,10023,T11
70,0,1,0,293,red,10023,T11
71,0,1,0,293,red,10023,T11
72,0,1,0,293,red,10023,T11
73,0,1,0,293,red,10023,T11
74,0,1,0,293,red,10023,T11
75,0,1,0,293,red,10023,T11
76,0,1,0,293,red,10023,T11
77,0,1,0,293,red,10023,T11
78,0,1,0,293,red,10023,T11
79,0,1,0,293,red,10023,T11
80,0,1,0,293,red,10023,T11
81,0,1,0,293,red,10023,T11
82,0,1,0,293,red,10023,T11
83,0,1,0,293,red,10023,T11
84,0,1,0,293,red,10023,T11
85,0,1,0,293,red,10023,T11
86,0,1,0,293,red,10023,T11
87,0,1,0,293,red,10023,T11
88,0,1,0,293,red,10023,T11
89,0,1,0,293,red,10023,T11
90,0,1,0,293,red,10023,T11
91,0,1,0,293,red,10023,T11
92,0,1,0,293,red,10023,T11
93,0,1,0,293,red,10023,T11
94,0,1,0,293,red,10023,T11
95,0,1,0,293,red,10023,T11
96,0,1,0,293,red,10023,T11
97,0,1,0,293,red,10023,T11
98,0,1,0,293,red,10023,T11
99,0,1,0,293,red,10023,T11
100,0,1,0,293,red,10023,T11
101,0,1,0,293,red,10023,T11
102,0,0,1,293,red,10023,T11
103,0,0,1,293,red,10023,T11
104,0,0,1,293,red,10023,T11
105,1,0,0,293,red,10023,T11
106,1,0,0,293,red,10023,T11
107,1,0,0,293,red,10023,T11
108,1,0,0,293,red,10023,T11
109,1,0,0,293,red,10023,T11
110,1,0,0,293,red,10023,T11
111,1,0,0,293,red,10023,T11
112,1,0,0,293,red,10023,T11
113,1,0,0,293,red,10023,T11
114,1,0,0,293,red,10023,T11
115,1,0,0,293,red,10023,T11
116,1,0,0,293,red,10023,T11
117,1,0,0,293,red,10023,T11
118,1,0,0,293,red,10023,T11
119,1,0,0,293,red,10023,T11
120,1,0,0,293,red,10023,T11
121,1,0,0,293,red,10023,T11
122,1,0,0,293,red,10023,T11
123,1,0,0,293,red,10023,T11
124,1,0,0,293,red,10023,T11
125,1,0,0,293,red,10023,T11
126,1,0,0,293,red,10023,T11
127,1,0,0,293,red,10023,T11
128,1,0,0,293,red,10023,T11
129,1,0,0,293,red,10023,T11
130,1,0,0,293,red,10023,T11
131,1,0,0,293,red,10023,T11
132,1,0,0,293,red,10023,T11
133,1,0,0,293,red,10023,T11
134,1,0,0,293,red,10023,T11
135,1,0,0,293,red,10023,T11
136,1,0,0,293,red,10023,T11
137,1,0,0,293,red,10023,T11
138,1,0,0,293,red,10023,T11
139,1,0,0,293,red,10023,T11
140,1,0,0,293,red,10023,T11
141,1,0,0,293,red,10023,T11
142,1,0,0,293,red,10023,T11
143,1,0,0,293,red,10023,T11
144,1,0,0,293,red,10023,T11
145,1,0,0,293,red,10023,T11
146,1,0,0,293,red,10023,T11
147,1,0,0,293,red,10023,T11
148,1,0,0,293,red,10023,T11
149,1,0,0,293,red,10023,T11
150,1,0,0,293,red,10023,T11
151,1,0,0,293,red,10023,T11
152,1,0,0,293,red,10023,T11
153,1,0,0,293,red,10023,T11
154,1,0,0,293,red,10023,T11
155,1,0,0,293,red,10023,T11
156,1,0,0,293,red,10023,T11
157,1,0,0,293,red,10023,T11
158,1,0,0,293,red,10023,T11
159,1,0,0,293,red,10023,T11
160,1,0,0,293,red,10023,T11
161,1,0,0,293,red,10023,T11
162,1,0,0,293,red,10023,T11
163,1,0,0,293,red,10023,T11
164,1,0,0,293,red,10023,T11
165,1,0,0,293,red,10023,T11
166,1,0,0,293,red,10023,T11
167,1,0,0,293,red,10023,T11
168,1,0,0,293,red,10023,T11
169,1,0,0,293,red,10023,T11
170,1,0,0,293,red,10023,T11
171,1,0,0,293,red,10023,T11
172,1,0,0,293,red,10023,T11
173,1,0,0,293,red,10023,T11
174,1,0,0,293,red,10023,T11
175,1,0,0,293,red,10023,T11
176,1,0,0,293,red,10023,T11
177,1,0,0,293,red,10023,T11
178,1,0,0,293,red,10023,T11
179,1,0,0,293,red,10023,T11
180,1,0,0,293,red,10023,T11
181,1,0,0,293,red,10023,T11
182,1,0,0,293,red,10023,T11
183,1,0,0,293,red,10023,T11
184,1,0,0,293,red,10023,T11
185,1,0,0,293,red,10023,T11
186,1,0,0,293,red,10023,T11
187,1,0,0,293,red,10023,T11
188,1,0,0,293,red,10023,T11
189,1,0,0,293,red,10023,T11
190,1,0,0,293,red,10023,T11
191,1,0,0,293,red,10023,T11
192,1,0,0,293,red,10023,T11
193,1,0,0,293,red,10023,T11
194,1,0,0,293,red,10023,T11
195,1,0,0,293,red,10023,T11
196,1,0,0,293,red,10023,T11
197,1,0,0,293,red,10023,T11
198,1,0,0,293,red,10023,T11
199,1,0,0,293,red,10023,T11
200,1,0,0,293,red,10023,T11
201,1,0,0,293,red,10023,T11
202,1,0,0,293,red,10023,T11
203,1,0,0,293,red,10023,T11
204,1,0,0,293,red,10023,T11
205,1,0,0,293,red,10023,T11
206,1,0,0,293,red,10023,T11
207,1,0,0,293,red,10023,T11
208,1,0,0,293,red,10023,T11
209,1,0,0,293,red,10023,T11
210,1,0,0,293,red,10023,T11
211,1,0,0,293,red,10023,T11
212,1,0,0,293,red,10023,T11
213,1,0,0,293,red,10023,T11
214,1,0,0,293,red,10023,T11
215,1,0,0,293,red,10023,T11
216,1,0,0,293,red,10023,T11
217,1,0,0,293,red,10023,T11
218,1,0,0,293,red,10023,T11
219,1,0,0,293,red,10023,T11
220,1,0,0,293,red,10023,T11
221,1,0,0,293,red,10023,T11
0,0,0,1,294,red,9799,T11
1,0,0,1,294,red,9799,T11
2,0,0,1,294,red,9799,T11
3,0,0,1,294,red,9799,T11
4,0,0,1,294,red,9799,T11
5,0,0,1,294,red,9799,T11
6,0,0,1,294,red,9799,T11
7,0,0,1,294,red,9799,T11
8,0,0,1,294,red,9799,T11
9,0,0,1,294,red,9799,T11
10,0,0,1,294,red,9799,T11
11,0,0,1,294,red,9799,T11
12,0,0,1,294,red,9799,T11
13,0,0,1,294,red,9799,T11
14,0,0,1,294,red,9799,T11
15,0,0,1,294,red,9799,T11
16,0,0,1,294,red,9799,T11
17,0,0,1,294,red,9799,T11
18,0,0,1,294,red,9799,T11
19,0,0,1,294,red,9799,T11
20,0,0,1,294,red,9799,T11
21,0,0,1,294,red,9799,T11
22,0,0,1,294,red,9799,T11
23,0,0,1,294,red,9799,T11
24,0,0,1,294,red,9799,T11
25,0,0,1,294,red,9799,T11
26,0,0,1,294,red,9799,T11
27,0,0,1,294,red,9799,T11
28,0,0,1,294,red,9799,T11
29,0,0,1,294,red,9799,T11
30,0,0,1,294,red,9799,T11
31,0,0,1,294,red,9799,T11
32,0,0,1,294,red,9799,T11
33,0,0,1,294,red,9799,T11
34,0,0,1,294,red,9799,T11
35,0,0,1,294,red,9799,T11
36,0,0,1,294,red,9799,T11
37,0,0,1,294,red,9799,T11
38,0,0,1,294,red,9799,T11
39,0,0,1,294,red,9799,T11
40,0,0,1,294,red,9799,T11
41,0,0,1,294,red,9799,T11
42,0,0,1,294,red,9799,T11
43,0,0,1,294,red,9799,T11
44,0,0,1,294,red,9799,T11
45,0,0,1,294,red,9799,T11
46,0,0,1,294,red,9799,T11
47,0,0,1,294,red,9799,T11
48,0,0,1,294,red,9799,T11
49,0,0,1,294,red,9799,T11
50,0,0,1,294,red,9799,T11
51,0,0,1,294,red,9799,T11
52,1,0,0,294,red,9799,T11
53,1,0,0,294,red,9799,T11
54,1,0,0,294,red,9799,T11
55,1,0,0,294,red,9799,T11
56,1,0,0,294,red,9799,T11
57,1,0,0,294,red,9799,T11
58,1,0,0,294,red,9799,T11
59,1,0,0,294,red,9799,T11
60,1,0,0,294,red,9799,T11
61,1,0,0,294,red,9799,T11
62,1,0,0,294,red,9799,T11
63,1,0,0,294,red,9799,T11
64,1,0,0,294,red,9799,T11
65,1,0,0,294,red,9799,T11
66,1,0,0,294,red,9799,T11
67,1,0,0,294,red,9799,T11
68,1,0,0,294,red,9799,T11
69,1,0,0,294,red,9799,T11
70,1,0,0,294,red,9799,T11
71,1,0,0,294,red,9799,T11
72,1,0,0,294,red,9799,T11
73,1,0,0,294,red,9799,T11
74,1,0,0,294,red,9799,T11
75,1,0,0,294,red,9799,T11
76,1,0,0,294,red,9799,T11
77,1,0,0,294,red,9799,T11
78,1,0,0,294,red,9799,T11
79,1,0,0,294,red,9799,T11
80,0,1,0,294,red,9799,T11
81,0,1,0,294,red,9799,T11
82,0,1,0,294,red,9799,T11
83,0,1,0,294,red,9799,T11
84,0,1,0,294,red,9799,T11
85,0,1,0,294,red,9799,T11
86,0,1,0,294,red,9799,T11
87,0,1,0,294,red,9799,T11
88,0,1,0,294,red,9799,T11
89,0,1,0,294,red,9799,T11
90,0,1,0,294,red,9799,T11
91,0,1,0,294,red,9799,T11
92,0,1,0,294,red,9799,T11
93,0,1,0,294,red,9799,T11
94,0,1,0,294,red,9799,T11
95,0,1,0,294,red,9799,T11
96,0,1,0,294,red,9799,T11
97,0,1,0,294,red,9799,T11
98,0,1,0,294,red,9799,T11
99,0,1,0,294,red,9799,T11
100,0,1,0,294,red,9799,T11
101,0,1,0,294,red,9799,T11
102,0,1,0,294,red,9799,T11
103,0,1,0,294,red,9799,T11
104,0,1,0,294,red,9799,T11
105,0,1,0,294,red,9799,T11
106,0,1,0,294,red,9799,T11
107,0,1,0,294,red,9799,T11
108,0,1,0,294,red,9799,T11
109,0,1,0,294,red,9799,T11
110,0,1,0,294,red,9799,T11
111,0,1,0,294,red,9799,T11
112,0,1,0,294,red,9799,T11
113,0,1,0,294,red,9799,T11
114,0,1,0,294,red,9799,T11
115,0,1,0,294,red,9799,T11
116,0,1,0,294,red,9799,T11
117,0,1,0,294,red,9799,T11
118,0,1,0,294,red,9799,T11
119,0,1,0,294,red,9799,T11
120,0,1,0,294,red,9799,T11
121,0,1,0,294,red,9799,T11
122,1,0,0,294,red,9799,T11
123,1,0,0,294,red,9799,T11
124,1,0,0,294,red,9799,T11
125,1,0,0,294,red,9799,T11
126,1,0,0,294,red,9799,T11
127,1,0,0,294,red,9799,T11
128,1,0,0,294,red,9799,T11
129,1,0,0,294,red,9799,T11
130,1,0,0,294,red,9799,T11
131,1,0,0,294,red,9799,T11
132,1,0,0,294,red,9799,T11
133,1,0,0,294,red,9799,T11
134,1,0,0,294,red,9799,T11
135,1,0,0,294,red,9799,T11
136,1,0,0,294,red,9799,T11
137,1,0,0,294,red,9799,T11
138,1,0,0,294,red,9799,T11
139,1,0,0,294,red,9799,T11
140,1,0,0,294,red,9799,T11
141,1,0,0,294,red,9799,T11
142,1,0,0,294,red,9799,T11
143,1,0,0,294,red,9799,T11
144,1,0,0,294,red,9799,T11
145,1,0,0,294,red,9799,T11
146,1,0,0,294,red,9799,T11
147,1,0,0,294,red,9799,T11
148,1,0,0,294,red,9799,T11
149,1,0,0,294,red,9799,T11
150,1,0,0,294,red,9799,T11
151,1,0,0,294,red,9799,T11
152,1,0,0,294,red,9799,T11
153,1,0,0,294,red,9799,T11
154,1,0,0,294,red,9799,T11
155,1,0,0,294,red,9799,T11
156,1,0,0,294,red,9799,T11
157,1,0,0,294,red,9799,T11
158,1,0,0,294,red,9799,T11
159,1,0,0,294,red,9799,T11
160,1,0,0,294,red,9799,T11
161,1,0,0,294,red,9799,T11
162,1,0,0,294,red,9799,T11
163,1,0,0,294,red,9799,T11
164,1,0,0,294,red,9799,T11
165,1,0,0,294,red,9799,T11
166,1,0,0,294,red,9799,T11
167,1,0,0,294,red,9799,T11
168,1,0,0,294,red,9799,T11
169,1,0,0,294,red,9799,T11
170,1,0,0,294,red,9799,T11
171,1,0,0,294,red,9799,T11
172,1,0,0,294,red,9799,T11
173,1,0,0,294,red,9799,T11
174,1,0,0,294,red,9799,T11
175,1,0,0,294,red,9799,T11
176,1,0,0,294,red,9799,T11
177,1,0,0,294,red,9799,T11
178,1,0,0,294,red,9799,T11
179,1,0,0,294,red,9799,T11
180,1,0,0,294,red,9799,T11
181,1,0,0,294,red,9799,T11
182,1,0,0,294,red,9799,T11
183,1,0,0,294,red,9799,T11
184,1,0,0,294,red,9799,T11
185,1,0,0,294,red,9799,T11
186,1,0,0,294,red,9799,T11
187,1,0,0,294,red,9799,T11
188,1,0,0,294,red,9799,T11
189,1,0,0,294,red,9799,T11
190,1,0,0,294,red,9799,T11
191,1,0,0,294,red,9799,T11
192,1,0,0,294,red,9799,T11
193,1,0,0,294,red,9799,T11
194,1,0,0,294,red,9799,T11
195,1,0,0,294,red,9799,T11
196,1,0,0,294,red,9799,T11
197,1,0,0,294,red,9799,T11
198,1,0,0,294,red,9799,T11
199,1,0,0,294,red,9799,T11
200,1,0,0,294,red,9799,T11
201,1,0,0,294,red,9799,T11
202,1,0,0,294,red,9799,T11
203,1,0,0,294,red,9799,T11
204,1,0,0,294,red,9799,T11
205,1,0,0,294,red,9799,T11
206,1,0,0,294,red,9799,T11
207,1,0,0,294,red,9799,T11
208,1,0,0,294,red,9799,T11
209,1,0,0,294,red,9799,T11
210,1,0,0,294,red,9799,T11
211,1,0,0,294,red,9799,T11
212,1,0,0,294,red,9799,T11
213,1,0,0,294,red,9799,T11
214,1,0,0,294,red,9799,T11
215,1,0,0,294,red,9799,T11
216,1,0,0,294,red,9799,T11
217,1,0,0,294,red,9799,T11
218,1,0,0,294,red,9799,T11
219,1,0,0,294,red,9799,T11
220,1,0,0,294,red,9799,T11
221,1,0,0,294,red,9799,T11
0,0,0,1,296,red,10071,T11
1,0,0,1,296,red,10071,T11
2,0,0,1,296,red,10071,T11
3,0,0,1,296,red,10071,T11
4,0,0,1,296,red,10071,T11
5,0,0,1,296,red,10071,T11
6,0,0,1,296,red,10071,T11
7,0,0,1,296,red,10071,T11
8,0,0,1,296,red,10071,T11
9,0,0,1,296,red,10071,T11
10,0,0,1,296,red,10071,T11
11,0,0,1,296,red,10071,T11
12,0,0,1,296,red,10071,T11
13,0,0,1,296,red,10071,T11
14,0,0,1,296,red,10071,T11
15,0,0,1,296,red,10071,T11
16,0,0,1,296,red,10071,T11
17,0,0,1,296,red,10071,T11
18,0,0,1,296,red,10071,T11
19,0,0,1,296,red,10071,T11
20,0,0,1,296,red,10071,T11
21,0,0,1,296,red,10071,T11
22,0,0,1,296,red,10071,T11
23,0,0,1,296,red,10071,T11
24,0,0,1,296,red,10071,T11
25,0,0,1,296,red,10071,T11
26,0,0,1,296,red,10071,T11
27,0,0,1,296,red,10071,T11
28,0,0,1,296,red,10071,T11
29,0,0,1,296,red,10071,T11
30,0,0,1,296,red,10071,T11
31,0,0,1,296,red,10071,T11
32,0,0,1,296,red,10071,T11
33,0,0,1,296,red,10071,T11
34,0,0,1,296,red,10071,T11
35,0,0,1,296,red,10071,T11
36,0,0,1,296,red,10071,T11
37,0,0,1,296,red,10071,T11
38,0,0,1,296,red,10071,T11
39,0,0,1,296,red,10071,T11
40,0,1,0,296,red,10071,T11
41,0,1,0,296,red,10071,T11
42,0,1,0,296,red,10071,T11
43,0,1,0,296,red,10071,T11
44,0,1,0,296,red,10071,T11
45,0,1,0,296,red,10071,T11
46,0,1,0,296,red,10071,T11
47,0,1,0,296,red,10071,T11
48,0,1,0,296,red,10071,T11
49,0,1,0,296,red,10071,T11
50,0,1,0,296,red,10071,T11
51,0,1,0,296,red,10071,T11
52,0,1,0,296,red,10071,T11
53,0,1,0,296,red,10071,T11
54,0,1,0,296,red,10071,T11
55,0,1,0,296,red,10071,T11
56,0,1,0,296,red,10071,T11
57,0,1,0,296,red,10071,T11
58,0,1,0,296,red,10071,T11
59,0,1,0,296,red,10071,T11
60,0,1,0,296,red,10071,T11
61,0,1,0,296,red,10071,T11
62,0,1,0,296,red,10071,T11
63,0,1,0,296,red,10071,T11
64,0,1,0,296,red,10071,T11
65,0,1,0,296,red,10071,T11
66,0,1,0,296,red,10071,T11
67,0,1,0,296,red,10071,T11
68,0,1,0,296,red,10071,T11
69,0,1,0,296,red,10071,T11
70,0,1,0,296,red,10071,T11
71,0,1,0,296,red,10071,T11
72,0,1,0,296,red,10071,T11
73,0,1,0,296,red,10071,T11
74,0,1,0,296,red,10071,T11
75,0,1,0,296,red,10071,T11
76,0,1,0,296,red,10071,T11
77,0,1,0,296,red,10071,T11
78,0,1,0,296,red,10071,T11
79,0,1,0,296,red,10071,T11
80,0,1,0,296,red,10071,T11
81,0,1,0,296,red,10071,T11
82,0,1,0,296,red,10071,T11
83,1,0,0,296,red,10071,T11
84,1,0,0,296,red,10071,T11
85,1,0,0,296,red,10071,T11
86,1,0,0,296,red,10071,T11
87,1,0,0,296,red,10071,T11
88,1,0,0,296,red,10071,T11
89,1,0,0,296,red,10071,T11
90,1,0,0,296,red,10071,T11
91,1,0,0,296,red,10071,T11
92,1,0,0,296,red,10071,T11
93,1,0,0,296,red,10071,T11
94,1,0,0,296,red,10071,T11
95,1,0,0,296,red,10071,T11
96,1,0,0,296,red,10071,T11
97,1,0,0,296,red,10071,T11
98,1,0,0,296,red,10071,T11
99,1,0,0,296,red,10071,T11
100,1,0,0,296,red,10071,T11
101,1,0,0,296,red,10071,T11
102,1,0,0,296,red,10071,T11
103,1,0,0,296,red,10071,T11
104,1,0,0,296,red,10071,T11
105,1,0,0,296,red,10071,T11
106,1,0,0,296,red,10071,T11
107,1,0,0,296,red,10071,T11
108,1,0,0,296,red,10071,T11
109,1,0,0,296,red,10071,T11
110,1,0,0,296,red,10071,T11
111,1,0,0,296,red,10071,T11
112,1,0,0,296,red,10071,T11
113,1,0,0,296,red,10071,T11
114,1,0,0,296,red,10071,T11
115,1,0,0,296,red,10071,T11
116,1,0,0,296,red,10071,T11
117,1,0,0,296,red,10071,T11
118,1,0,0,296,red,10071,T11
119,1,0,0,296,red,10071,T11
120,1,0,0,296,red,10071,T11
121,1,0,0,296,red,10071,T11
122,1,0,0,296,red,10071,T11
123,1,0,0,296,red,10071,T11
124,1,0,0,296,red,10071,T11
125,1,0,0,296,red,10071,T11
126,1,0,0,296,red,10071,T11
127,1,0,0,296,red,10071,T11
128,1,0,0,296,red,10071,T11
129,1,0,0,296,red,10071,T11
130,1,0,0,296,red,10071,T11
131,1,0,0,296,red,10071,T11
132,1,0,0,296,red,10071,T11
133,1,0,0,296,red,10071,T11
134,1,0,0,296,red,10071,T11
135,1,0,0,296,red,10071,T11
136,1,0,0,296,red,10071,T11
137,1,0,0,296,red,10071,T11
138,1,0,0,296,red,10071,T11
139,1,0,0,296,red,10071,T11
140,1,0,0,296,red,10071,T11
141,1,0,0,296,red,10071,T11
142,1,0,0,296,red,10071,T11
143,1,0,0,296,red,10071,T11
144,1,0,0,296,red,10071,T11
145,1,0,0,296,red,10071,T11
146,1,0,0,296,red,10071,T11
147,1,0,0,296,red,10071,T11
148,1,0,0,296,red,10071,T11
149,1,0,0,296,red,10071,T11
150,1,0,0,296,red,10071,T11
151,1,0,0,296,red,10071,T11
152,1,0,0,296,red,10071,T11
153,1,0,0,296,red,10071,T11
154,1,0,0,296,red,10071,T11
155,1,0,0,296,red,10071,T11
156,1,0,0,296,red,10071,T11
157,1,0,0,296,red,10071,T11
158,1,0,0,296,red,10071,T11
159,1,0,0,296,red,10071,T11
160,1,0,0,296,red,10071,T11
161,1,0,0,296,red,10071,T11
162,1,0,0,296,red,10071,T11
163,1,0,0,296,red,10071,T11
164,1,0,0,296,red,10071,T11
165,1,0,0,296,red,10071,T11
166,1,0,0,296,red,10071,T11
167,1,0,0,296,red,10071,T11
168,1,0,0,296,red,10071,T11
169,1,0,0,296,red,10071,T11
170,1,0,0,296,red,10071,T11
171,1,0,0,296,red,10071,T11
172,1,0,0,296,red,10071,T11
173,1,0,0,296,red,10071,T11
174,1,0,0,296,red,10071,T11
175,1,0,0,296,red,10071,T11
176,1,0,0,296,red,10071,T11
177,1,0,0,296,red,10071,T11
178,1,0,0,296,red,10071,T11
179,1,0,0,296,red,10071,T11
180,1,0,0,296,red,10071,T11
181,1,0,0,296,red,10071,T11
182,1,0,0,296,red,10071,T11
183,1,0,0,296,red,10071,T11
184,1,0,0,296,red,10071,T11
185,1,0,0,296,red,10071,T11
186,1,0,0,296,red,10071,T11
187,1,0,0,296,red,10071,T11
188,1,0,0,296,red,10071,T11
189,1,0,0,296,red,10071,T11
190,1,0,0,296,red,10071,T11
191,1,0,0,296,red,10071,T11
192,1,0,0,296,red,10071,T11
193,1,0,0,296,red,10071,T11
194,1,0,0,296,red,10071,T11
195,1,0,0,296,red,10071,T11
196,1,0,0,296,red,10071,T11
197,1,0,0,296,red,10071,T11
198,1,0,0,296,red,10071,T11
199,1,0,0,296,red,10071,T11
200,1,0,0,296,red,10071,T11
201,1,0,0,296,red,10071,T11
202,1,0,0,296,red,10071,T11
203,1,0,0,296,red,10071,T11
204,1,0,0,296,red,10071,T11
205,1,0,0,296,red,10071,T11
206,1,0,0,296,red,10071,T11
207,1,0,0,296,red,10071,T11
208,1,0,0,296,red,10071,T11
209,1,0,0,296,red,10071,T11
210,1,0,0,296,red,10071,T11
211,1,0,0,296,red,10071,T11
212,1,0,0,296,red,10071,T11
213,1,0,0,296,red,10071,T11
214,1,0,0,296,red,10071,T11
215,1,0,0,296,red,10071,T11
216,1,0,0,296,red,10071,T11
217,1,0,0,296,red,10071,T11
218,1,0,0,296,red,10071,T11
219,1,0,0,296,red,10071,T11
220,1,0,0,296,red,10071,T11
221,1,0,0,296,red,10071,T11
0,0,0,1,297,red,10323,T11
1,0,0,1,297,red,10323,T11
2,0,0,1,297,red,10323,T11
3,0,0,1,297,red,10323,T11
4,0,0,1,297,red,10323,T11
5,0,0,1,297,red,10323,T11
6,0,0,1,297,red,10323,T11
7,0,0,1,297,red,10323,T11
8,0,0,1,297,red,10323,T11
9,0,0,1,297,red,10323,T11
10,0,0,1,297,red,10323,T11
11,0,0,1,297,red,10323,T11
12,0,0,1,297,red,10323,T11
13,0,0,1,297,red,10323,T11
14,0,0,1,297,red,10323,T11
15,0,0,1,297,red,10323,T11
16,0,0,1,297,red,10323,T11
17,0,0,1,297,red,10323,T11
18,0,0,1,297,red,10323,T11
19,0,0,1,297,red,10323,T11
20,0,0,1,297,red,10323,T11
21,0,0,1,297,red,10323,T11
22,0,0,1,297,red,10323,T11
23,0,0,1,297,red,10323,T11
24,0,0,1,297,red,10323,T11
25,0,0,1,297,red,10323,T11
26,0,0,1,297,red,10323,T11
27,0,0,1,297,red,10323,T11
28,0,0,1,297,red,10323,T11
29,0,0,1,297,red,10323,T11
30,0,0,1,297,red,10323,T11
31,0,0,1,297,red,10323,T11
32,0,0,1,297,red,10323,T11
33,0,0,1,297,red,10323,T11
34,0,0,1,297,red,10323,T11
35,0,0,1,297,red,10323,T11
36,0,0,1,297,red,10323,T11
37,0,0,1,297,red,10323,T11
38,0,0,1,297,red,10323,T11
39,0,0,1,297,red,10323,T11
40,0,0,1,297,red,10323,T11
41,0,0,1,297,red,10323,T11
42,0,0,1,297,red,10323,T11
43,0,0,1,297,red,10323,T11
44,0,1,0,297,red,10323,T11
45,0,1,0,297,red,10323,T11
46,0,1,0,297,red,10323,T11
47,0,1,0,297,red,10323,T11
48,0,1,0,297,red,10323,T11
49,0,1,0,297,red,10323,T11
50,0,1,0,297,red,10323,T11
51,0,1,0,297,red,10323,T11
52,0,1,0,297,red,10323,T11
53,0,1,0,297,red,10323,T11
54,0,1,0,297,red,10323,T11
55,0,1,0,297,red,10323,T11
56,0,1,0,297,red,10323,T11
57,0,1,0,297,red,10323,T11
58,0,1,0,297,red,10323,T11
59,0,1,0,297,red,10323,T11
60,0,1,0,297,red,10323,T11
61,0,1,0,297,red,10323,T11
62,0,1,0,297,red,10323,T11
63,0,1,0,297,red,10323,T11
64,0,1,0,297,red,10323,T11
65,0,1,0,297,red,10323,T11
66,0,1,0,297,red,10323,T11
67,0,1,0,297,red,10323,T11
68,0,1,0,297,red,10323,T11
69,0,1,0,297,red,10323,T11
70,0,1,0,297,red,10323,T11
71,0,1,0,297,red,10323,T11
72,0,1,0,297,red,10323,T11
73,0,1,0,297,red,10323,T11
74,0,1,0,297,red,10323,T11
75,0,1,0,297,red,10323,T11
76,0,1,0,297,red,10323,T11
77,0,1,0,297,red,10323,T11
78,0,1,0,297,red,10323,T11
79,0,1,0,297,red,10323,T11
80,0,1,0,297,red,10323,T11
81,0,1,0,297,red,10323,T11
82,0,1,0,297,red,10323,T11
83,0,1,0,297,red,10323,T11
84,0,1,0,297,red,10323,T11
85,0,1,0,297,red,10323,T11
86,0,1,0,297,red,10323,T11
87,0,1,0,297,red,10323,T11
88,0,1,0,297,red,10323,T11
89,0,1,0,297,red,10323,T11
90,0,1,0,297,red,10323,T11
91,0,1,0,297,red,10323,T11
92,0,1,0,297,red,10323,T11
93,0,1,0,297,red,10323,T11
94,0,1,0,297,red,10323,T11
95,0,1,0,297,red,10323,T11
96,0,1,0,297,red,10323,T11
97,0,1,0,297,red,10323,T11
98,0,1,0,297,red,10323,T11
99,0,1,0,297,red,10323,T11
100,0,1,0,297,red,10323,T11
101,0,1,0,297,red,10323,T11
102,0,1,0,297,red,10323,T11
103,0,1,0,297,red,10323,T11
104,0,1,0,297,red,10323,T11
105,0,1,0,297,red,10323,T11
106,0,1,0,297,red,10323,T11
107,0,1,0,297,red,10323,T11
108,0,1,0,297,red,10323,T11
109,0,1,0,297,red,10323,T11
110,0,0,1,297,red,10323,T11
111,0,0,1,297,red,10323,T11
112,0,0,1,297,red,10323,T11
113,0,0,1,297,red,10323,T11
114,0,0,1,297,red,10323,T11
115,0,0,1,297,red,10323,T11
116,0,0,1,297,red,10323,T11
117,0,0,1,297,red,10323,T11
118,0,0,1,297,red,10323,T11
119,1,0,0,297,red,10323,T11
120,1,0,0,297,red,10323,T11
121,1,0,0,297,red,10323,T11
122,1,0,0,297,red,10323,T11
123,1,0,0,297,red,10323,T11
124,1,0,0,297,red,10323,T11
125,1,0,0,297,red,10323,T11
126,1,0,0,297,red,10323,T11
127,1,0,0,297,red,10323,T11
128,1,0,0,297,red,10323,T11
129,1,0,0,297,red,10323,T11
130,1,0,0,297,red,10323,T11
131,1,0,0,297,red,10323,T11
132,1,0,0,297,red,10323,T11
133,1,0,0,297,red,10323,T11
134,1,0,0,297,red,10323,T11
135,1,0,0,297,red,10323,T11
136,1,0,0,297,red,10323,T11
137,1,0,0,297,red,10323,T11
138,1,0,0,297,red,10323,T11
139,1,0,0,297,red,10323,T11
140,1,0,0,297,red,10323,T11
141,1,0,0,297,red,10323,T11
142,1,0,0,297,red,10323,T11
143,1,0,0,297,red,10323,T11
144,1,0,0,297,red,10323,T11
145,1,0,0,297,red,10323,T11
146,1,0,0,297,red,10323,T11
147,1,0,0,297,red,10323,T11
148,1,0,0,297,red,10323,T11
149,1,0,0,297,red,10323,T11
150,1,0,0,297,red,10323,T11
151,1,0,0,297,red,10323,T11
152,1,0,0,297,red,10323,T11
153,1,0,0,297,red,10323,T11
154,1,0,0,297,red,10323,T11
155,1,0,0,297,red,10323,T11
156,1,0,0,297,red,10323,T11
157,1,0,0,297,red,10323,T11
158,1,0,0,297,red,10323,T11
159,1,0,0,297,red,10323,T11
160,1,0,0,297,red,10323,T11
161,1,0,0,297,red,10323,T11
162,1,0,0,297,red,10323,T11
163,1,0,0,297,red,10323,T11
164,1,0,0,297,red,10323,T11
165,1,0,0,297,red,10323,T11
166,1,0,0,297,red,10323,T11
167,1,0,0,297,red,10323,T11
168,1,0,0,297,red,10323,T11
169,1,0,0,297,red,10323,T11
170,1,0,0,297,red,10323,T11
171,1,0,0,297,red,10323,T11
172,1,0,0,297,red,10323,T11
173,1,0,0,297,red,10323,T11
174,1,0,0,297,red,10323,T11
175,1,0,0,297,red,10323,T11
176,1,0,0,297,red,10323,T11
177,1,0,0,297,red,10323,T11
178,1,0,0,297,red,10323,T11
179,1,0,0,297,red,10323,T11
180,1,0,0,297,red,10323,T11
181,1,0,0,297,red,10323,T11
182,1,0,0,297,red,10323,T11
183,1,0,0,297,red,10323,T11
184,1,0,0,297,red,10323,T11
185,1,0,0,297,red,10323,T11
186,1,0,0,297,red,10323,T11
187,1,0,0,297,red,10323,T11
188,1,0,0,297,red,10323,T11
189,1,0,0,297,red,10323,T11
190,1,0,0,297,red,10323,T11
191,1,0,0,297,red,10323,T11
192,1,0,0,297,red,10323,T11
193,1,0,0,297,red,10323,T11
194,1,0,0,297,red,10323,T11
195,1,0,0,297,red,10323,T11
196,1,0,0,297,red,10323,T11
197,1,0,0,297,red,10323,T11
198,1,0,0,297,red,10323,T11
199,1,0,0,297,red,10323,T11
200,1,0,0,297,red,10323,T11
201,1,0,0,297,red,10323,T11
202,1,0,0,297,red,10323,T11
203,1,0,0,297,red,10323,T11
204,1,0,0,297,red,10323,T11
205,1,0,0,297,red,10323,T11
206,1,0,0,297,red,10323,T11
207,1,0,0,297,red,10323,T11
208,1,0,0,297,red,10323,T11
209,1,0,0,297,red,10323,T11
210,1,0,0,297,red,10323,T11
211,1,0,0,297,red,10323,T11
212,1,0,0,297,red,10323,T11
213,1,0,0,297,red,10323,T11
214,1,0,0,297,red,10323,T11
215,1,0,0,297,red,10323,T11
216,1,0,0,297,red,10323,T11
217,1,0,0,297,red,10323,T11
218,1,0,0,297,red,10323,T11
219,1,0,0,297,red,10323,T11
220,1,0,0,297,red,10323,T11
221,1,0,0,297,red,10323,T11
0,0,0,1,298,red,10426,T11
1,0,0,1,298,red,10426,T11
2,0,0,1,298,red,10426,T11
3,0,0,1,298,red,10426,T11
4,0,0,1,298,red,10426,T11
5,0,0,1,298,red,10426,T11
6,0,0,1,298,red,10426,T11
7,0,0,1,298,red,10426,T11
8,0,0,1,298,red,10426,T11
9,0,0,1,298,red,10426,T11
10,0,0,1,298,red,10426,T11
11,0,0,1,298,red,10426,T11
12,0,0,1,298,red,10426,T11
13,0,0,1,298,red,10426,T11
14,0,0,1,298,red,10426,T11
15,0,0,1,298,red,10426,T11
16,0,0,1,298,red,10426,T11
17,0,0,1,298,red,10426,T11
18,0,0,1,298,red,10426,T11
19,0,0,1,298,red,10426,T11
20,0,0,1,298,red,10426,T11
21,0,0,1,298,red,10426,T11
22,0,0,1,298,red,10426,T11
23,0,0,1,298,red,10426,T11
24,0,0,1,298,red,10426,T11
25,0,0,1,298,red,10426,T11
26,0,0,1,298,red,10426,T11
27,0,0,1,298,red,10426,T11
28,0,0,1,298,red,10426,T11
29,0,0,1,298,red,10426,T11
30,0,0,1,298,red,10426,T11
31,0,1,0,298,red,10426,T11
32,0,1,0,298,red,10426,T11
33,0,1,0,298,red,10426,T11
34,0,1,0,298,red,10426,T11
35,0,1,0,298,red,10426,T11
36,0,1,0,298,red,10426,T11
37,0,0,1,298,red,10426,T11
38,0,0,1,298,red,10426,T11
39,0,1,0,298,red,10426,T11
40,0,1,0,298,red,10426,T11
41,0,1,0,298,red,10426,T11
42,0,1,0,298,red,10426,T11
43,0,1,0,298,red,10426,T11
44,0,1,0,298,red,10426,T11
45,0,1,0,298,red,10426,T11
46,0,1,0,298,red,10426,T11
47,0,1,0,298,red,10426,T11
48,0,1,0,298,red,10426,T11
49,0,1,0,298,red,10426,T11
50,0,1,0,298,red,10426,T11
51,0,1,0,298,red,10426,T11
52,0,1,0,298,red,10426,T11
53,0,1,0,298,red,10426,T11
54,0,1,0,298,red,10426,T11
55,0,1,0,298,red,10426,T11
56,0,1,0,298,red,10426,T11
57,0,1,0,298,red,10426,T11
58,0,1,0,298,red,10426,T11
59,0,1,0,298,red,10426,T11
60,0,1,0,298,red,10426,T11
61,0,1,0,298,red,10426,T11
62,0,1,0,298,red,10426,T11
63,0,1,0,298,red,10426,T11
64,0,1,0,298,red,10426,T11
65,0,1,0,298,red,10426,T11
66,0,1,0,298,red,10426,T11
67,0,1,0,298,red,10426,T11
68,0,1,0,298,red,10426,T11
69,0,1,0,298,red,10426,T11
70,0,1,0,298,red,10426,T11
71,0,1,0,298,red,10426,T11
72,0,1,0,298,red,10426,T11
73,0,1,0,298,red,10426,T11
74,0,1,0,298,red,10426,T11
75,0,1,0,298,red,10426,T11
76,0,1,0,298,red,10426,T11
77,0,1,0,298,red,10426,T11
78,0,1,0,298,red,10426,T11
79,0,1,0,298,red,10426,T11
80,0,1,0,298,red,10426,T11
81,0,1,0,298,red,10426,T11
82,0,1,0,298,red,10426,T11
83,0,1,0,298,red,10426,T11
84,0,1,0,298,red,10426,T11
85,0,1,0,298,red,10426,T11
86,0,1,0,298,red,10426,T11
87,0,1,0,298,red,10426,T11
88,0,1,0,298,red,10426,T11
89,0,1,0,298,red,10426,T11
90,0,1,0,298,red,10426,T11
91,0,1,0,298,red,10426,T11
92,0,1,0,298,red,10426,T11
93,0,1,0,298,red,10426,T11
94,0,1,0,298,red,10426,T11
95,0,1,0,298,red,10426,T11
96,0,1,0,298,red,10426,T11
97,0,1,0,298,red,10426,T11
98,0,1,0,298,red,10426,T11
99,0,1,0,298,red,10426,T11
100,0,1,0,298,red,10426,T11
101,0,1,0,298,red,10426,T11
102,0,1,0,298,red,10426,T11
103,0,1,0,298,red,10426,T11
104,0,1,0,298,red,10426,T11
105,0,1,0,298,red,10426,T11
106,0,1,0,298,red,10426,T11
107,0,1,0,298,red,10426,T11
108,0,1,0,298,red,10426,T11
109,0,1,0,298,red,10426,T11
110,0,1,0,298,red,10426,T11
111,0,1,0,298,red,10426,T11
112,0,1,0,298,red,10426,T11
113,0,1,0,298,red,10426,T11
114,0,1,0,298,red,10426,T11
115,0,1,0,298,red,10426,T11
116,0,1,0,298,red,10426,T11
117,0,1,0,298,red,10426,T11
118,0,1,0,298,red,10426,T11
119,0,1,0,298,red,10426,T11
120,0,1,0,298,red,10426,T11
121,0,1,0,298,red,10426,T11
122,0,1,0,298,red,10426,T11
123,0,1,0,298,red,10426,T11
124,0,1,0,298,red,10426,T11
125,0,1,0,298,red,10426,T11
126,0,1,0,298,red,10426,T11
127,0,1,0,298,red,10426,T11
128,0,1,0,298,red,10426,T11
129,0,1,0,298,red,10426,T11
130,0,1,0,298,red,10426,T11
131,0,1,0,298,red,10426,T11
132,0,1,0,298,red,10426,T11
133,0,1,0,298,red,10426,T11
134,0,1,0,298,red,10426,T11
135,0,1,0,298,red,10426,T11
136,0,1,0,298,red,10426,T11
137,0,1,0,298,red,10426,T11
138,0,1,0,298,red,10426,T11
139,0,1,0,298,red,10426,T11
140,0,1,0,298,red,10426,T11
141,0,1,0,298,red,10426,T11
142,0,1,0,298,red,10426,T11
143,0,1,0,298,red,10426,T11
144,0,1,0,298,red,10426,T11
145,0,1,0,298,red,10426,T11
146,0,1,0,298,red,10426,T11
147,0,1,0,298,red,10426,T11
148,0,1,0,298,red,10426,T11
149,0,0,1,298,red,10426,T11
150,1,0,0,298,red,10426,T11
151,1,0,0,298,red,10426,T11
152,1,0,0,298,red,10426,T11
153,1,0,0,298,red,10426,T11
154,1,0,0,298,red,10426,T11
155,1,0,0,298,red,10426,T11
156,1,0,0,298,red,10426,T11
157,1,0,0,298,red,10426,T11
158,1,0,0,298,red,10426,T11
159,1,0,0,298,red,10426,T11
160,1,0,0,298,red,10426,T11
161,1,0,0,298,red,10426,T11
162,1,0,0,298,red,10426,T11
163,1,0,0,298,red,10426,T11
164,1,0,0,298,red,10426,T11
165,1,0,0,298,red,10426,T11
166,1,0,0,298,red,10426,T11
167,1,0,0,298,red,10426,T11
168,1,0,0,298,red,10426,T11
169,1,0,0,298,red,10426,T11
170,1,0,0,298,red,10426,T11
171,1,0,0,298,red,10426,T11
172,1,0,0,298,red,10426,T11
173,1,0,0,298,red,10426,T11
174,1,0,0,298,red,10426,T11
175,1,0,0,298,red,10426,T11
176,1,0,0,298,red,10426,T11
177,1,0,0,298,red,10426,T11
178,1,0,0,298,red,10426,T11
179,1,0,0,298,red,10426,T11
180,1,0,0,298,red,10426,T11
181,1,0,0,298,red,10426,T11
182,1,0,0,298,red,10426,T11
183,1,0,0,298,red,10426,T11
184,1,0,0,298,red,10426,T11
185,1,0,0,298,red,10426,T11
186,1,0,0,298,red,10426,T11
187,1,0,0,298,red,10426,T11
188,1,0,0,298,red,10426,T11
189,1,0,0,298,red,10426,T11
190,1,0,0,298,red,10426,T11
191,1,0,0,298,red,10426,T11
192,1,0,0,298,red,10426,T11
193,1,0,0,298,red,10426,T11
194,1,0,0,298,red,10426,T11
195,1,0,0,298,red,10426,T11
196,1,0,0,298,red,10426,T11
197,1,0,0,298,red,10426,T11
198,1,0,0,298,red,10426,T11
199,1,0,0,298,red,10426,T11
200,1,0,0,298,red,10426,T11
201,1,0,0,298,red,10426,T11
202,1,0,0,298,red,10426,T11
203,1,0,0,298,red,10426,T11
204,1,0,0,298,red,10426,T11
205,1,0,0,298,red,10426,T11
206,1,0,0,298,red,10426,T11
207,1,0,0,298,red,10426,T11
208,1,0,0,298,red,10426,T11
209,1,0,0,298,red,10426,T11
210,1,0,0,298,red,10426,T11
211,1,0,0,298,red,10426,T11
212,1,0,0,298,red,10426,T11
213,1,0,0,298,red,10426,T11
214,1,0,0,298,red,10426,T11
215,1,0,0,298,red,10426,T11
216,1,0,0,298,red,10426,T11
217,1,0,0,298,red,10426,T11
218,1,0,0,298,red,10426,T11
219,1,0,0,298,red,10426,T11
220,1,0,0,298,red,10426,T11
221,1,0,0,298,red,10426,T11
0,0,0,1,299,red,10436,T11
1,0,0,1,299,red,10436,T11
2,0,0,1,299,red,10436,T11
3,0,0,1,299,red,10436,T11
4,0,0,1,299,red,10436,T11
5,0,0,1,299,red,10436,T11
6,0,0,1,299,red,10436,T11
7,0,0,1,299,red,10436,T11
8,0,0,1,299,red,10436,T11
9,0,0,1,299,red,10436,T11
10,0,0,1,299,red,10436,T11
11,0,0,1,299,red,10436,T11
12,0,0,1,299,red,10436,T11
13,0,0,1,299,red,10436,T11
14,0,0,1,299,red,10436,T11
15,0,0,1,299,red,10436,T11
16,0,0,1,299,red,10436,T11
17,0,0,1,299,red,10436,T11
18,0,0,1,299,red,10436,T11
19,0,0,1,299,red,10436,T11
20,0,0,1,299,red,10436,T11
21,0,0,1,299,red,10436,T11
22,0,0,1,299,red,10436,T11
23,0,0,1,299,red,10436,T11
24,0,0,1,299,red,10436,T11
25,0,1,0,299,red,10436,T11
26,0,1,0,299,red,10436,T11
27,0,1,0,299,red,10436,T11
28,0,1,0,299,red,10436,T11
29,0,1,0,299,red,10436,T11
30,0,1,0,299,red,10436,T11
31,0,1,0,299,red,10436,T11
32,0,1,0,299,red,10436,T11
33,0,1,0,299,red,10436,T11
34,0,1,0,299,red,10436,T11
35,0,1,0,299,red,10436,T11
36,0,1,0,299,red,10436,T11
37,0,1,0,299,red,10436,T11
38,0,1,0,299,red,10436,T11
39,0,1,0,299,red,10436,T11
40,0,1,0,299,red,10436,T11
41,0,1,0,299,red,10436,T11
42,0,1,0,299,red,10436,T11
43,0,1,0,299,red,10436,T11
44,0,1,0,299,red,10436,T11
45,0,1,0,299,red,10436,T11
46,0,1,0,299,red,10436,T11
47,0,1,0,299,red,10436,T11
48,0,1,0,299,red,10436,T11
49,0,1,0,299,red,10436,T11
50,0,1,0,299,red,10436,T11
51,0,1,0,299,red,10436,T11
52,0,1,0,299,red,10436,T11
53,0,1,0,299,red,10436,T11
54,0,1,0,299,red,10436,T11
55,0,1,0,299,red,10436,T11
56,0,1,0,299,red,10436,T11
57,0,1,0,299,red,10436,T11
58,0,1,0,299,red,10436,T11
59,0,1,0,299,red,10436,T11
60,0,1,0,299,red,10436,T11
61,1,0,0,299,red,10436,T11
62,1,0,0,299,red,10436,T11
63,1,0,0,299,red,10436,T11
64,1,0,0,299,red,10436,T11
65,1,0,0,299,red,10436,T11
66,1,0,0,299,red,10436,T11
67,1,0,0,299,red,10436,T11
68,1,0,0,299,red,10436,T11
69,1,0,0,299,red,10436,T11
70,1,0,0,299,red,10436,T11
71,1,0,0,299,red,10436,T11
72,1,0,0,299,red,10436,T11
73,1,0,0,299,red,10436,T11
74,1,0,0,299,red,10436,T11
75,1,0,0,299,red,10436,T11
76,1,0,0,299,red,10436,T11
77,1,0,0,299,red,10436,T11
78,1,0,0,299,red,10436,T11
79,1,0,0,299,red,10436,T11
80,1,0,0,299,red,10436,T11
81,1,0,0,299,red,10436,T11
82,1,0,0,299,red,10436,T11
83,1,0,0,299,red,10436,T11
84,1,0,0,299,red,10436,T11
85,1,0,0,299,red,10436,T11
86,1,0,0,299,red,10436,T11
87,1,0,0,299,red,10436,T11
88,1,0,0,299,red,10436,T11
89,1,0,0,299,red,10436,T11
90,1,0,0,299,red,10436,T11
91,1,0,0,299,red,10436,T11
92,1,0,0,299,red,10436,T11
93,1,0,0,299,red,10436,T11
94,1,0,0,299,red,10436,T11
95,1,0,0,299,red,10436,T11
96,1,0,0,299,red,10436,T11
97,1,0,0,299,red,10436,T11
98,1,0,0,299,red,10436,T11
99,1,0,0,299,red,10436,T11
100,1,0,0,299,red,10436,T11
101,1,0,0,299,red,10436,T11
102,1,0,0,299,red,10436,T11
103,1,0,0,299,red,10436,T11
104,1,0,0,299,red,10436,T11
105,1,0,0,299,red,10436,T11
106,1,0,0,299,red,10436,T11
107,1,0,0,299,red,10436,T11
108,1,0,0,299,red,10436,T11
109,1,0,0,299,red,10436,T11
110,1,0,0,299,red,10436,T11
111,1,0,0,299,red,10436,T11
112,1,0,0,299,red,10436,T11
113,1,0,0,299,red,10436,T11
114,1,0,0,299,red,10436,T11
115,1,0,0,299,red,10436,T11
116,1,0,0,299,red,10436,T11
117,1,0,0,299,red,10436,T11
118,1,0,0,299,red,10436,T11
119,1,0,0,299,red,10436,T11
120,1,0,0,299,red,10436,T11
121,1,0,0,299,red,10436,T11
122,1,0,0,299,red,10436,T11
123,1,0,0,299,red,10436,T11
124,1,0,0,299,red,10436,T11
125,1,0,0,299,red,10436,T11
126,1,0,0,299,red,10436,T11
127,1,0,0,299,red,10436,T11
128,1,0,0,299,red,10436,T11
129,1,0,0,299,red,10436,T11
130,1,0,0,299,red,10436,T11
131,1,0,0,299,red,10436,T11
132,1,0,0,299,red,10436,T11
133,1,0,0,299,red,10436,T11
134,1,0,0,299,red,10436,T11
135,1,0,0,299,red,10436,T11
136,1,0,0,299,red,10436,T11
137,1,0,0,299,red,10436,T11
138,1,0,0,299,red,10436,T11
139,1,0,0,299,red,10436,T11
140,1,0,0,299,red,10436,T11
141,1,0,0,299,red,10436,T11
142,1,0,0,299,red,10436,T11
143,1,0,0,299,red,10436,T11
144,1,0,0,299,red,10436,T11
145,1,0,0,299,red,10436,T11
146,1,0,0,299,red,10436,T11
147,1,0,0,299,red,10436,T11
148,1,0,0,299,red,10436,T11
149,1,0,0,299,red,10436,T11
150,1,0,0,299,red,10436,T11
151,1,0,0,299,red,10436,T11
152,1,0,0,299,red,10436,T11
153,1,0,0,299,red,10436,T11
154,1,0,0,299,red,10436,T11
155,1,0,0,299,red,10436,T11
156,1,0,0,299,red,10436,T11
157,1,0,0,299,red,10436,T11
158,1,0,0,299,red,10436,T11
159,1,0,0,299,red,10436,T11
160,1,0,0,299,red,10436,T11
161,1,0,0,299,red,10436,T11
162,1,0,0,299,red,10436,T11
163,1,0,0,299,red,10436,T11
164,1,0,0,299,red,10436,T11
165,1,0,0,299,red,10436,T11
166,1,0,0,299,red,10436,T11
167,1,0,0,299,red,10436,T11
168,1,0,0,299,red,10436,T11
169,1,0,0,299,red,10436,T11
170,1,0,0,299,red,10436,T11
171,1,0,0,299,red,10436,T11
172,1,0,0,299,red,10436,T11
173,1,0,0,299,red,10436,T11
174,1,0,0,299,red,10436,T11
175,1,0,0,299,red,10436,T11
176,1,0,0,299,red,10436,T11
177,1,0,0,299,red,10436,T11
178,1,0,0,299,red,10436,T11
179,1,0,0,299,red,10436,T11
180,1,0,0,299,red,10436,T11
181,1,0,0,299,red,10436,T11
182,1,0,0,299,red,10436,T11
183,1,0,0,299,red,10436,T11
184,1,0,0,299,red,10436,T11
185,1,0,0,299,red,10436,T11
186,1,0,0,299,red,10436,T11
187,1,0,0,299,red,10436,T11
188,1,0,0,299,red,10436,T11
189,1,0,0,299,red,10436,T11
190,1,0,0,299,red,10436,T11
191,1,0,0,299,red,10436,T11
192,1,0,0,299,red,10436,T11
193,1,0,0,299,red,10436,T11
194,1,0,0,299,red,10436,T11
195,1,0,0,299,red,10436,T11
196,1,0,0,299,red,10436,T11
197,1,0,0,299,red,10436,T11
198,1,0,0,299,red,10436,T11
199,1,0,0,299,red,10436,T11
200,1,0,0,299,red,10436,T11
201,1,0,0,299,red,10436,T11
202,1,0,0,299,red,10436,T11
203,1,0,0,299,red,10436,T11
204,1,0,0,299,red,10436,T11
205,1,0,0,299,red,10436,T11
206,1,0,0,299,red,10436,T11
207,1,0,0,299,red,10436,T11
208,1,0,0,299,red,10436,T11
209,1,0,0,299,red,10436,T11
210,1,0,0,299,red,10436,T11
211,1,0,0,299,red,10436,T11
212,1,0,0,299,red,10436,T11
213,1,0,0,299,red,10436,T11
214,1,0,0,299,red,10436,T11
215,1,0,0,299,red,10436,T11
216,1,0,0,299,red,10436,T11
217,1,0,0,299,red,10436,T11
218,1,0,0,299,red,10436,T11
219,1,0,0,299,red,10436,T11
220,1,0,0,299,red,10436,T11
221,1,0,0,299,red,10436,T11
0,0,0,1,301,red,10637,T11
1,0,0,1,301,red,10637,T11
2,0,0,1,301,red,10637,T11
3,0,0,1,301,red,10637,T11
4,0,0,1,301,red,10637,T11
5,0,0,1,301,red,10637,T11
6,0,0,1,301,red,10637,T11
7,0,0,1,301,red,10637,T11
8,0,0,1,301,red,10637,T11
9,0,0,1,301,red,10637,T11
10,0,0,1,301,red,10637,T11
11,0,0,1,301,red,10637,T11
12,0,0,1,301,red,10637,T11
13,0,0,1,301,red,10637,T11
14,0,0,1,301,red,10637,T11
15,0,0,1,301,red,10637,T11
16,0,0,1,301,red,10637,T11
17,0,0,1,301,red,10637,T11
18,0,0,1,301,red,10637,T11
19,0,0,1,301,red,10637,T11
20,0,0,1,301,red,10637,T11
21,0,0,1,301,red,10637,T11
22,0,0,1,301,red,10637,T11
23,0,0,1,301,red,10637,T11
24,0,0,1,301,red,10637,T11
25,0,0,1,301,red,10637,T11
26,0,0,1,301,red,10637,T11
27,0,0,1,301,red,10637,T11
28,0,0,1,301,red,10637,T11
29,0,0,1,301,red,10637,T11
30,0,0,1,301,red,10637,T11
31,0,0,1,301,red,10637,T11
32,1,0,0,301,red,10637,T11
33,1,0,0,301,red,10637,T11
34,1,0,0,301,red,10637,T11
35,1,0,0,301,red,10637,T11
36,0,0,1,301,red,10637,T11
37,0,0,1,301,red,10637,T11
38,0,0,1,301,red,10637,T11
39,0,0,1,301,red,10637,T11
40,0,0,1,301,red,10637,T11
41,0,0,1,301,red,10637,T11
42,0,1,0,301,red,10637,T11
43,0,1,0,301,red,10637,T11
44,0,1,0,301,red,10637,T11
45,0,1,0,301,red,10637,T11
46,0,1,0,301,red,10637,T11
47,0,1,0,301,red,10637,T11
48,0,1,0,301,red,10637,T11
49,0,1,0,301,red,10637,T11
50,0,1,0,301,red,10637,T11
51,0,1,0,301,red,10637,T11
52,0,1,0,301,red,10637,T11
53,0,1,0,301,red,10637,T11
54,0,1,0,301,red,10637,T11
55,0,1,0,301,red,10637,T11
56,0,1,0,301,red,10637,T11
57,0,1,0,301,red,10637,T11
58,0,1,0,301,red,10637,T11
59,0,1,0,301,red,10637,T11
60,0,1,0,301,red,10637,T11
61,0,1,0,301,red,10637,T11
62,0,1,0,301,red,10637,T11
63,0,1,0,301,red,10637,T11
64,0,1,0,301,red,10637,T11
65,0,1,0,301,red,10637,T11
66,0,1,0,301,red,10637,T11
67,0,1,0,301,red,10637,T11
68,0,1,0,301,red,10637,T11
69,0,1,0,301,red,10637,T11
70,0,1,0,301,red,10637,T11
71,0,1,0,301,red,10637,T11
72,0,1,0,301,red,10637,T11
73,0,1,0,301,red,10637,T11
74,0,1,0,301,red,10637,T11
75,0,1,0,301,red,10637,T11
76,0,1,0,301,red,10637,T11
77,0,1,0,301,red,10637,T11
78,0,1,0,301,red,10637,T11
79,0,0,1,301,red,10637,T11
80,0,0,1,301,red,10637,T11
81,1,0,0,301,red,10637,T11
82,1,0,0,301,red,10637,T11
83,1,0,0,301,red,10637,T11
84,1,0,0,301,red,10637,T11
85,1,0,0,301,red,10637,T11
86,1,0,0,301,red,10637,T11
87,1,0,0,301,red,10637,T11
88,1,0,0,301,red,10637,T11
89,1,0,0,301,red,10637,T11
90,1,0,0,301,red,10637,T11
91,1,0,0,301,red,10637,T11
92,1,0,0,301,red,10637,T11
93,1,0,0,301,red,10637,T11
94,1,0,0,301,red,10637,T11
95,1,0,0,301,red,10637,T11
96,1,0,0,301,red,10637,T11
97,1,0,0,301,red,10637,T11
98,1,0,0,301,red,10637,T11
99,1,0,0,301,red,10637,T11
100,1,0,0,301,red,10637,T11
101,1,0,0,301,red,10637,T11
102,1,0,0,301,red,10637,T11
103,1,0,0,301,red,10637,T11
104,1,0,0,301,red,10637,T11
105,1,0,0,301,red,10637,T11
106,1,0,0,301,red,10637,T11
107,1,0,0,301,red,10637,T11
108,1,0,0,301,red,10637,T11
109,1,0,0,301,red,10637,T11
110,1,0,0,301,red,10637,T11
111,1,0,0,301,red,10637,T11
112,1,0,0,301,red,10637,T11
113,1,0,0,301,red,10637,T11
114,1,0,0,301,red,10637,T11
115,1,0,0,301,red,10637,T11
116,1,0,0,301,red,10637,T11
117,1,0,0,301,red,10637,T11
118,1,0,0,301,red,10637,T11
119,1,0,0,301,red,10637,T11
120,1,0,0,301,red,10637,T11
121,1,0,0,301,red,10637,T11
122,1,0,0,301,red,10637,T11
123,1,0,0,301,red,10637,T11
124,1,0,0,301,red,10637,T11
125,1,0,0,301,red,10637,T11
126,1,0,0,301,red,10637,T11
127,1,0,0,301,red,10637,T11
128,1,0,0,301,red,10637,T11
129,1,0,0,301,red,10637,T11
130,1,0,0,301,red,10637,T11
131,1,0,0,301,red,10637,T11
132,1,0,0,301,red,10637,T11
133,1,0,0,301,red,10637,T11
134,1,0,0,301,red,10637,T11
135,1,0,0,301,red,10637,T11
136,1,0,0,301,red,10637,T11
137,1,0,0,301,red,10637,T11
138,1,0,0,301,red,10637,T11
139,1,0,0,301,red,10637,T11
140,1,0,0,301,red,10637,T11
141,1,0,0,301,red,10637,T11
142,1,0,0,301,red,10637,T11
143,1,0,0,301,red,10637,T11
144,1,0,0,301,red,10637,T11
145,1,0,0,301,red,10637,T11
146,1,0,0,301,red,10637,T11
147,1,0,0,301,red,10637,T11
148,1,0,0,301,red,10637,T11
149,1,0,0,301,red,10637,T11
150,1,0,0,301,red,10637,T11
151,1,0,0,301,red,10637,T11
152,1,0,0,301,red,10637,T11
153,1,0,0,301,red,10637,T11
154,1,0,0,301,red,10637,T11
155,1,0,0,301,red,10637,T11
156,1,0,0,301,red,10637,T11
157,1,0,0,301,red,10637,T11
158,1,0,0,301,red,10637,T11
159,1,0,0,301,red,10637,T11
160,1,0,0,301,red,10637,T11
161,1,0,0,301,red,10637,T11
162,1,0,0,301,red,10637,T11
163,1,0,0,301,red,10637,T11
164,1,0,0,301,red,10637,T11
165,1,0,0,301,red,10637,T11
166,1,0,0,301,red,10637,T11
167,1,0,0,301,red,10637,T11
168,1,0,0,301,red,10637,T11
169,1,0,0,301,red,10637,T11
170,1,0,0,301,red,10637,T11
171,1,0,0,301,red,10637,T11
172,1,0,0,301,red,10637,T11
173,1,0,0,301,red,10637,T11
174,1,0,0,301,red,10637,T11
175,1,0,0,301,red,10637,T11
176,1,0,0,301,red,10637,T11
177,1,0,0,301,red,10637,T11
178,1,0,0,301,red,10637,T11
179,1,0,0,301,red,10637,T11
180,1,0,0,301,red,10637,T11
181,1,0,0,301,red,10637,T11
182,1,0,0,301,red,10637,T11
183,1,0,0,301,red,10637,T11
184,1,0,0,301,red,10637,T11
185,1,0,0,301,red,10637,T11
186,1,0,0,301,red,10637,T11
187,1,0,0,301,red,10637,T11
188,1,0,0,301,red,10637,T11
189,1,0,0,301,red,10637,T11
190,1,0,0,301,red,10637,T11
191,1,0,0,301,red,10637,T11
192,1,0,0,301,red,10637,T11
193,1,0,0,301,red,10637,T11
194,1,0,0,301,red,10637,T11
195,1,0,0,301,red,10637,T11
196,1,0,0,301,red,10637,T11
197,1,0,0,301,red,10637,T11
198,1,0,0,301,red,10637,T11
199,1,0,0,301,red,10637,T11
200,1,0,0,301,red,10637,T11
201,1,0,0,301,red,10637,T11
202,1,0,0,301,red,10637,T11
203,1,0,0,301,red,10637,T11
204,1,0,0,301,red,10637,T11
205,1,0,0,301,red,10637,T11
206,1,0,0,301,red,10637,T11
207,1,0,0,301,red,10637,T11
208,1,0,0,301,red,10637,T11
209,1,0,0,301,red,10637,T11
210,1,0,0,301,red,10637,T11
211,1,0,0,301,red,10637,T11
212,1,0,0,301,red,10637,T11
213,1,0,0,301,red,10637,T11
214,1,0,0,301,red,10637,T11
215,1,0,0,301,red,10637,T11
216,1,0,0,301,red,10637,T11
217,1,0,0,301,red,10637,T11
218,1,0,0,301,red,10637,T11
219,1,0,0,301,red,10637,T11
220,1,0,0,301,red,10637,T11
221,1,0,0,301,red,10637,T11
0,0,0,1,302,red,10964,T11
1,0,0,1,302,red,10964,T11
2,0,0,1,302,red,10964,T11
3,0,0,1,302,red,10964,T11
4,0,0,1,302,red,10964,T11
5,0,0,1,302,red,10964,T11
6,0,0,1,302,red,10964,T11
7,0,0,1,302,red,10964,T11
8,0,0,1,302,red,10964,T11
9,0,0,1,302,red,10964,T11
10,0,0,1,302,red,10964,T11
11,0,0,1,302,red,10964,T11
12,0,0,1,302,red,10964,T11
13,0,0,1,302,red,10964,T11
14,0,0,1,302,red,10964,T11
15,0,0,1,302,red,10964,T11
16,0,0,1,302,red,10964,T11
17,0,0,1,302,red,10964,T11
18,0,0,1,302,red,10964,T11
19,0,0,1,302,red,10964,T11
20,0,0,1,302,red,10964,T11
21,0,1,0,302,red,10964,T11
22,0,1,0,302,red,10964,T11
23,0,1,0,302,red,10964,T11
24,0,1,0,302,red,10964,T11
25,0,1,0,302,red,10964,T11
26,0,1,0,302,red,10964,T11
27,0,1,0,302,red,10964,T11
28,0,1,0,302,red,10964,T11
29,0,1,0,302,red,10964,T11
30,0,1,0,302,red,10964,T11
31,0,1,0,302,red,10964,T11
32,0,1,0,302,red,10964,T11
33,0,1,0,302,red,10964,T11
34,0,1,0,302,red,10964,T11
35,0,1,0,302,red,10964,T11
36,0,1,0,302,red,10964,T11
37,0,1,0,302,red,10964,T11
38,0,1,0,302,red,10964,T11
39,0,1,0,302,red,10964,T11
40,0,1,0,302,red,10964,T11
41,0,1,0,302,red,10964,T11
42,0,1,0,302,red,10964,T11
43,0,1,0,302,red,10964,T11
44,0,1,0,302,red,10964,T11
45,0,1,0,302,red,10964,T11
46,0,1,0,302,red,10964,T11
47,0,1,0,302,red,10964,T11
48,0,1,0,302,red,10964,T11
49,0,1,0,302,red,10964,T11
50,0,1,0,302,red,10964,T11
51,0,1,0,302,red,10964,T11
52,0,1,0,302,red,10964,T11
53,0,1,0,302,red,10964,T11
54,0,1,0,302,red,10964,T11
55,0,1,0,302,red,10964,T11
56,0,1,0,302,red,10964,T11
57,0,1,0,302,red,10964,T11
58,0,1,0,302,red,10964,T11
59,0,1,0,302,red,10964,T11
60,0,1,0,302,red,10964,T11
61,0,1,0,302,red,10964,T11
62,0,1,0,302,red,10964,T11
63,0,1,0,302,red,10964,T11
64,0,1,0,302,red,10964,T11
65,0,1,0,302,red,10964,T11
66,0,1,0,302,red,10964,T11
67,0,1,0,302,red,10964,T11
68,0,1,0,302,red,10964,T11
69,0,1,0,302,red,10964,T11
70,0,1,0,302,red,10964,T11
71,0,1,0,302,red,10964,T11
72,0,1,0,302,red,10964,T11
73,0,1,0,302,red,10964,T11
74,0,1,0,302,red,10964,T11
75,0,1,0,302,red,10964,T11
76,0,1,0,302,red,10964,T11
77,0,1,0,302,red,10964,T11
78,0,1,0,302,red,10964,T11
79,1,0,0,302,red,10964,T11
80,1,0,0,302,red,10964,T11
81,1,0,0,302,red,10964,T11
82,1,0,0,302,red,10964,T11
83,1,0,0,302,red,10964,T11
84,1,0,0,302,red,10964,T11
85,1,0,0,302,red,10964,T11
86,1,0,0,302,red,10964,T11
87,1,0,0,302,red,10964,T11
88,1,0,0,302,red,10964,T11
89,1,0,0,302,red,10964,T11
90,1,0,0,302,red,10964,T11
91,1,0,0,302,red,10964,T11
92,1,0,0,302,red,10964,T11
93,1,0,0,302,red,10964,T11
94,1,0,0,302,red,10964,T11
95,1,0,0,302,red,10964,T11
96,1,0,0,302,red,10964,T11
97,1,0,0,302,red,10964,T11
98,1,0,0,302,red,10964,T11
99,1,0,0,302,red,10964,T11
100,1,0,0,302,red,10964,T11
101,1,0,0,302,red,10964,T11
102,1,0,0,302,red,10964,T11
103,1,0,0,302,red,10964,T11
104,1,0,0,302,red,10964,T11
105,1,0,0,302,red,10964,T11
106,1,0,0,302,red,10964,T11
107,1,0,0,302,red,10964,T11
108,1,0,0,302,red,10964,T11
109,1,0,0,302,red,10964,T11
110,1,0,0,302,red,10964,T11
111,1,0,0,302,red,10964,T11
112,1,0,0,302,red,10964,T11
113,1,0,0,302,red,10964,T11
114,1,0,0,302,red,10964,T11
115,1,0,0,302,red,10964,T11
116,1,0,0,302,red,10964,T11
117,1,0,0,302,red,10964,T11
118,1,0,0,302,red,10964,T11
119,1,0,0,302,red,10964,T11
120,1,0,0,302,red,10964,T11
121,1,0,0,302,red,10964,T11
122,1,0,0,302,red,10964,T11
123,1,0,0,302,red,10964,T11
124,1,0,0,302,red,10964,T11
125,1,0,0,302,red,10964,T11
126,1,0,0,302,red,10964,T11
127,1,0,0,302,red,10964,T11
128,1,0,0,302,red,10964,T11
129,1,0,0,302,red,10964,T11
130,1,0,0,302,red,10964,T11
131,1,0,0,302,red,10964,T11
132,1,0,0,302,red,10964,T11
133,1,0,0,302,red,10964,T11
134,1,0,0,302,red,10964,T11
135,1,0,0,302,red,10964,T11
136,1,0,0,302,red,10964,T11
137,1,0,0,302,red,10964,T11
138,1,0,0,302,red,10964,T11
139,1,0,0,302,red,10964,T11
140,1,0,0,302,red,10964,T11
141,1,0,0,302,red,10964,T11
142,1,0,0,302,red,10964,T11
143,1,0,0,302,red,10964,T11
144,1,0,0,302,red,10964,T11
145,1,0,0,302,red,10964,T11
146,1,0,0,302,red,10964,T11
147,1,0,0,302,red,10964,T11
148,1,0,0,302,red,10964,T11
149,1,0,0,302,red,10964,T11
150,1,0,0,302,red,10964,T11
151,1,0,0,302,red,10964,T11
152,1,0,0,302,red,10964,T11
153,1,0,0,302,red,10964,T11
154,1,0,0,302,red,10964,T11
155,1,0,0,302,red,10964,T11
156,1,0,0,302,red,10964,T11
157,1,0,0,302,red,10964,T11
158,1,0,0,302,red,10964,T11
159,1,0,0,302,red,10964,T11
160,1,0,0,302,red,10964,T11
161,1,0,0,302,red,10964,T11
162,1,0,0,302,red,10964,T11
163,1,0,0,302,red,10964,T11
164,1,0,0,302,red,10964,T11
165,1,0,0,302,red,10964,T11
166,1,0,0,302,red,10964,T11
167,1,0,0,302,red,10964,T11
168,1,0,0,302,red,10964,T11
169,1,0,0,302,red,10964,T11
170,1,0,0,302,red,10964,T11
171,1,0,0,302,red,10964,T11
172,1,0,0,302,red,10964,T11
173,1,0,0,302,red,10964,T11
174,1,0,0,302,red,10964,T11
175,1,0,0,302,red,10964,T11
176,1,0,0,302,red,10964,T11
177,1,0,0,302,red,10964,T11
178,1,0,0,302,red,10964,T11
179,1,0,0,302,red,10964,T11
180,1,0,0,302,red,10964,T11
181,1,0,0,302,red,10964,T11
182,1,0,0,302,red,10964,T11
183,1,0,0,302,red,10964,T11
184,1,0,0,302,red,10964,T11
185,1,0,0,302,red,10964,T11
186,1,0,0,302,red,10964,T11
187,1,0,0,302,red,10964,T11
188,1,0,0,302,red,10964,T11
189,1,0,0,302,red,10964,T11
190,1,0,0,302,red,10964,T11
191,1,0,0,302,red,10964,T11
192,1,0,0,302,red,10964,T11
193,1,0,0,302,red,10964,T11
194,1,0,0,302,red,10964,T11
195,1,0,0,302,red,10964,T11
196,1,0,0,302,red,10964,T11
197,1,0,0,302,red,10964,T11
198,1,0,0,302,red,10964,T11
199,1,0,0,302,red,10964,T11
200,1,0,0,302,red,10964,T11
201,1,0,0,302,red,10964,T11
202,1,0,0,302,red,10964,T11
203,1,0,0,302,red,10964,T11
204,1,0,0,302,red,10964,T11
205,1,0,0,302,red,10964,T11
206,1,0,0,302,red,10964,T11
207,1,0,0,302,red,10964,T11
208,1,0,0,302,red,10964,T11
209,1,0,0,302,red,10964,T11
210,1,0,0,302,red,10964,T11
211,1,0,0,302,red,10964,T11
212,1,0,0,302,red,10964,T11
213,1,0,0,302,red,10964,T11
214,1,0,0,302,red,10964,T11
215,1,0,0,302,red,10964,T11
216,1,0,0,302,red,10964,T11
217,1,0,0,302,red,10964,T11
218,1,0,0,302,red,10964,T11
219,1,0,0,302,red,10964,T11
220,1,0,0,302,red,10964,T11
221,1,0,0,302,red,10964,T11
0,0,0,1,304,red,11126,T11
1,0,0,1,304,red,11126,T11
2,0,0,1,304,red,11126,T11
3,0,0,1,304,red,11126,T11
4,0,0,1,304,red,11126,T11
5,0,0,1,304,red,11126,T11
6,0,0,1,304,red,11126,T11
7,0,0,1,304,red,11126,T11
8,0,0,1,304,red,11126,T11
9,0,0,1,304,red,11126,T11
10,0,0,1,304,red,11126,T11
11,0,0,1,304,red,11126,T11
12,0,0,1,304,red,11126,T11
13,0,0,1,304,red,11126,T11
14,0,0,1,304,red,11126,T11
15,0,0,1,304,red,11126,T11
16,0,0,1,304,red,11126,T11
17,0,0,1,304,red,11126,T11
18,0,0,1,304,red,11126,T11
19,0,0,1,304,red,11126,T11
20,0,0,1,304,red,11126,T11
21,0,0,1,304,red,11126,T11
22,0,0,1,304,red,11126,T11
23,0,0,1,304,red,11126,T11
24,0,0,1,304,red,11126,T11
25,0,1,0,304,red,11126,T11
26,0,1,0,304,red,11126,T11
27,0,1,0,304,red,11126,T11
28,0,1,0,304,red,11126,T11
29,0,1,0,304,red,11126,T11
30,0,1,0,304,red,11126,T11
31,0,1,0,304,red,11126,T11
32,0,1,0,304,red,11126,T11
33,0,1,0,304,red,11126,T11
34,0,1,0,304,red,11126,T11
35,0,1,0,304,red,11126,T11
36,0,1,0,304,red,11126,T11
37,0,1,0,304,red,11126,T11
38,0,1,0,304,red,11126,T11
39,0,1,0,304,red,11126,T11
40,1,0,0,304,red,11126,T11
41,1,0,0,304,red,11126,T11
42,1,0,0,304,red,11126,T11
43,1,0,0,304,red,11126,T11
44,1,0,0,304,red,11126,T11
45,1,0,0,304,red,11126,T11
46,1,0,0,304,red,11126,T11
47,1,0,0,304,red,11126,T11
48,1,0,0,304,red,11126,T11
49,1,0,0,304,red,11126,T11
50,1,0,0,304,red,11126,T11
51,1,0,0,304,red,11126,T11
52,1,0,0,304,red,11126,T11
53,1,0,0,304,red,11126,T11
54,1,0,0,304,red,11126,T11
55,1,0,0,304,red,11126,T11
56,1,0,0,304,red,11126,T11
57,1,0,0,304,red,11126,T11
58,1,0,0,304,red,11126,T11
59,1,0,0,304,red,11126,T11
60,1,0,0,304,red,11126,T11
61,1,0,0,304,red,11126,T11
62,1,0,0,304,red,11126,T11
63,1,0,0,304,red,11126,T11
64,1,0,0,304,red,11126,T11
65,1,0,0,304,red,11126,T11
66,1,0,0,304,red,11126,T11
67,1,0,0,304,red,11126,T11
68,1,0,0,304,red,11126,T11
69,1,0,0,304,red,11126,T11
70,1,0,0,304,red,11126,T11
71,1,0,0,304,red,11126,T11
72,1,0,0,304,red,11126,T11
73,1,0,0,304,red,11126,T11
74,1,0,0,304,red,11126,T11
75,1,0,0,304,red,11126,T11
76,1,0,0,304,red,11126,T11
77,1,0,0,304,red,11126,T11
78,1,0,0,304,red,11126,T11
79,1,0,0,304,red,11126,T11
80,1,0,0,304,red,11126,T11
81,1,0,0,304,red,11126,T11
82,1,0,0,304,red,11126,T11
83,1,0,0,304,red,11126,T11
84,1,0,0,304,red,11126,T11
85,1,0,0,304,red,11126,T11
86,1,0,0,304,red,11126,T11
87,1,0,0,304,red,11126,T11
88,1,0,0,304,red,11126,T11
89,1,0,0,304,red,11126,T11
90,1,0,0,304,red,11126,T11
91,1,0,0,304,red,11126,T11
92,1,0,0,304,red,11126,T11
93,1,0,0,304,red,11126,T11
94,1,0,0,304,red,11126,T11
95,1,0,0,304,red,11126,T11
96,1,0,0,304,red,11126,T11
97,1,0,0,304,red,11126,T11
98,1,0,0,304,red,11126,T11
99,1,0,0,304,red,11126,T11
100,1,0,0,304,red,11126,T11
101,1,0,0,304,red,11126,T11
102,1,0,0,304,red,11126,T11
103,1,0,0,304,red,11126,T11
104,1,0,0,304,red,11126,T11
105,1,0,0,304,red,11126,T11
106,1,0,0,304,red,11126,T11
107,1,0,0,304,red,11126,T11
108,1,0,0,304,red,11126,T11
109,1,0,0,304,red,11126,T11
110,1,0,0,304,red,11126,T11
111,1,0,0,304,red,11126,T11
112,1,0,0,304,red,11126,T11
113,1,0,0,304,red,11126,T11
114,1,0,0,304,red,11126,T11
115,1,0,0,304,red,11126,T11
116,1,0,0,304,red,11126,T11
117,1,0,0,304,red,11126,T11
118,1,0,0,304,red,11126,T11
119,1,0,0,304,red,11126,T11
120,1,0,0,304,red,11126,T11
121,1,0,0,304,red,11126,T11
122,1,0,0,304,red,11126,T11
123,1,0,0,304,red,11126,T11
124,1,0,0,304,red,11126,T11
125,1,0,0,304,red,11126,T11
126,1,0,0,304,red,11126,T11
127,1,0,0,304,red,11126,T11
128,1,0,0,304,red,11126,T11
129,1,0,0,304,red,11126,T11
130,1,0,0,304,red,11126,T11
131,1,0,0,304,red,11126,T11
132,1,0,0,304,red,11126,T11
133,1,0,0,304,red,11126,T11
134,1,0,0,304,red,11126,T11
135,1,0,0,304,red,11126,T11
136,1,0,0,304,red,11126,T11
137,1,0,0,304,red,11126,T11
138,1,0,0,304,red,11126,T11
139,1,0,0,304,red,11126,T11
140,1,0,0,304,red,11126,T11
141,1,0,0,304,red,11126,T11
142,1,0,0,304,red,11126,T11
143,1,0,0,304,red,11126,T11
144,1,0,0,304,red,11126,T11
145,1,0,0,304,red,11126,T11
146,1,0,0,304,red,11126,T11
147,1,0,0,304,red,11126,T11
148,1,0,0,304,red,11126,T11
149,1,0,0,304,red,11126,T11
150,1,0,0,304,red,11126,T11
151,1,0,0,304,red,11126,T11
152,1,0,0,304,red,11126,T11
153,1,0,0,304,red,11126,T11
154,1,0,0,304,red,11126,T11
155,1,0,0,304,red,11126,T11
156,1,0,0,304,red,11126,T11
157,1,0,0,304,red,11126,T11
158,1,0,0,304,red,11126,T11
159,1,0,0,304,red,11126,T11
160,1,0,0,304,red,11126,T11
161,1,0,0,304,red,11126,T11
162,1,0,0,304,red,11126,T11
163,1,0,0,304,red,11126,T11
164,1,0,0,304,red,11126,T11
165,1,0,0,304,red,11126,T11
166,1,0,0,304,red,11126,T11
167,1,0,0,304,red,11126,T11
168,1,0,0,304,red,11126,T11
169,1,0,0,304,red,11126,T11
170,1,0,0,304,red,11126,T11
171,1,0,0,304,red,11126,T11
172,1,0,0,304,red,11126,T11
173,1,0,0,304,red,11126,T11
174,1,0,0,304,red,11126,T11
175,1,0,0,304,red,11126,T11
176,1,0,0,304,red,11126,T11
177,1,0,0,304,red,11126,T11
178,1,0,0,304,red,11126,T11
179,1,0,0,304,red,11126,T11
180,1,0,0,304,red,11126,T11
181,1,0,0,304,red,11126,T11
182,1,0,0,304,red,11126,T11
183,1,0,0,304,red,11126,T11
184,1,0,0,304,red,11126,T11
185,1,0,0,304,red,11126,T11
186,1,0,0,304,red,11126,T11
187,1,0,0,304,red,11126,T11
188,1,0,0,304,red,11126,T11
189,1,0,0,304,red,11126,T11
190,1,0,0,304,red,11126,T11
191,1,0,0,304,red,11126,T11
192,1,0,0,304,red,11126,T11
193,1,0,0,304,red,11126,T11
194,1,0,0,304,red,11126,T11
195,1,0,0,304,red,11126,T11
196,1,0,0,304,red,11126,T11
197,1,0,0,304,red,11126,T11
198,1,0,0,304,red,11126,T11
199,1,0,0,304,red,11126,T11
200,1,0,0,304,red,11126,T11
201,1,0,0,304,red,11126,T11
202,1,0,0,304,red,11126,T11
203,1,0,0,304,red,11126,T11
204,1,0,0,304,red,11126,T11
205,1,0,0,304,red,11126,T11
206,1,0,0,304,red,11126,T11
207,1,0,0,304,red,11126,T11
208,1,0,0,304,red,11126,T11
209,1,0,0,304,red,11126,T11
210,1,0,0,304,red,11126,T11
211,1,0,0,304,red,11126,T11
212,1,0,0,304,red,11126,T11
213,1,0,0,304,red,11126,T11
214,1,0,0,304,red,11126,T11
215,1,0,0,304,red,11126,T11
216,1,0,0,304,red,11126,T11
217,1,0,0,304,red,11126,T11
218,1,0,0,304,red,11126,T11
219,1,0,0,304,red,11126,T11
220,1,0,0,304,red,11126,T11
221,1,0,0,304,red,11126,T11
0,0,0,1,305,red,11210,T11
1,0,0,1,305,red,11210,T11
2,0,0,1,305,red,11210,T11
3,0,0,1,305,red,11210,T11
4,0,0,1,305,red,11210,T11
5,0,0,1,305,red,11210,T11
6,0,0,1,305,red,11210,T11
7,0,0,1,305,red,11210,T11
8,0,0,1,305,red,11210,T11
9,0,0,1,305,red,11210,T11
10,0,0,1,305,red,11210,T11
11,0,0,1,305,red,11210,T11
12,0,0,1,305,red,11210,T11
13,0,0,1,305,red,11210,T11
14,0,0,1,305,red,11210,T11
15,0,0,1,305,red,11210,T11
16,0,0,1,305,red,11210,T11
17,0,0,1,305,red,11210,T11
18,0,0,1,305,red,11210,T11
19,0,0,1,305,red,11210,T11
20,0,0,1,305,red,11210,T11
21,0,0,1,305,red,11210,T11
22,0,0,1,305,red,11210,T11
23,0,0,1,305,red,11210,T11
24,0,0,1,305,red,11210,T11
25,0,0,1,305,red,11210,T11
26,0,0,1,305,red,11210,T11
27,0,0,1,305,red,11210,T11
28,0,0,1,305,red,11210,T11
29,0,0,1,305,red,11210,T11
30,0,0,1,305,red,11210,T11
31,0,0,1,305,red,11210,T11
32,0,0,1,305,red,11210,T11
33,0,0,1,305,red,11210,T11
34,0,0,1,305,red,11210,T11
35,0,0,1,305,red,11210,T11
36,0,0,1,305,red,11210,T11
37,0,0,1,305,red,11210,T11
38,0,0,1,305,red,11210,T11
39,0,0,1,305,red,11210,T11
40,0,0,1,305,red,11210,T11
41,0,0,1,305,red,11210,T11
42,0,0,1,305,red,11210,T11
43,0,0,1,305,red,11210,T11
44,0,0,1,305,red,11210,T11
45,0,0,1,305,red,11210,T11
46,0,0,1,305,red,11210,T11
47,0,0,1,305,red,11210,T11
48,0,0,1,305,red,11210,T11
49,0,0,1,305,red,11210,T11
50,0,0,1,305,red,11210,T11
51,0,0,1,305,red,11210,T11
52,0,0,1,305,red,11210,T11
53,0,0,1,305,red,11210,T11
54,0,0,1,305,red,11210,T11
55,0,0,1,305,red,11210,T11
56,0,0,1,305,red,11210,T11
57,0,0,1,305,red,11210,T11
58,0,0,1,305,red,11210,T11
59,0,0,1,305,red,11210,T11
60,0,0,1,305,red,11210,T11
61,0,0,1,305,red,11210,T11
62,0,0,1,305,red,11210,T11
63,0,0,1,305,red,11210,T11
64,0,0,1,305,red,11210,T11
65,0,0,1,305,red,11210,T11
66,0,0,1,305,red,11210,T11
67,1,0,0,305,red,11210,T11
68,1,0,0,305,red,11210,T11
69,1,0,0,305,red,11210,T11
70,1,0,0,305,red,11210,T11
71,1,0,0,305,red,11210,T11
72,1,0,0,305,red,11210,T11
73,1,0,0,305,red,11210,T11
74,1,0,0,305,red,11210,T11
75,1,0,0,305,red,11210,T11
76,1,0,0,305,red,11210,T11
77,1,0,0,305,red,11210,T11
78,1,0,0,305,red,11210,T11
79,1,0,0,305,red,11210,T11
80,1,0,0,305,red,11210,T11
81,1,0,0,305,red,11210,T11
82,1,0,0,305,red,11210,T11
83,1,0,0,305,red,11210,T11
84,1,0,0,305,red,11210,T11
85,1,0,0,305,red,11210,T11
86,1,0,0,305,red,11210,T11
87,1,0,0,305,red,11210,T11
88,1,0,0,305,red,11210,T11
89,1,0,0,305,red,11210,T11
90,1,0,0,305,red,11210,T11
91,1,0,0,305,red,11210,T11
92,1,0,0,305,red,11210,T11
93,1,0,0,305,red,11210,T11
94,1,0,0,305,red,11210,T11
95,1,0,0,305,red,11210,T11
96,1,0,0,305,red,11210,T11
97,1,0,0,305,red,11210,T11
98,1,0,0,305,red,11210,T11
99,1,0,0,305,red,11210,T11
100,1,0,0,305,red,11210,T11
101,1,0,0,305,red,11210,T11
102,1,0,0,305,red,11210,T11
103,1,0,0,305,red,11210,T11
104,1,0,0,305,red,11210,T11
105,1,0,0,305,red,11210,T11
106,1,0,0,305,red,11210,T11
107,1,0,0,305,red,11210,T11
108,1,0,0,305,red,11210,T11
109,1,0,0,305,red,11210,T11
110,1,0,0,305,red,11210,T11
111,1,0,0,305,red,11210,T11
112,1,0,0,305,red,11210,T11
113,1,0,0,305,red,11210,T11
114,1,0,0,305,red,11210,T11
115,1,0,0,305,red,11210,T11
116,1,0,0,305,red,11210,T11
117,1,0,0,305,red,11210,T11
118,1,0,0,305,red,11210,T11
119,1,0,0,305,red,11210,T11
120,1,0,0,305,red,11210,T11
121,1,0,0,305,red,11210,T11
122,1,0,0,305,red,11210,T11
123,1,0,0,305,red,11210,T11
124,1,0,0,305,red,11210,T11
125,1,0,0,305,red,11210,T11
126,1,0,0,305,red,11210,T11
127,1,0,0,305,red,11210,T11
128,1,0,0,305,red,11210,T11
129,1,0,0,305,red,11210,T11
130,1,0,0,305,red,11210,T11
131,1,0,0,305,red,11210,T11
132,1,0,0,305,red,11210,T11
133,1,0,0,305,red,11210,T11
134,1,0,0,305,red,11210,T11
135,1,0,0,305,red,11210,T11
136,1,0,0,305,red,11210,T11
137,1,0,0,305,red,11210,T11
138,1,0,0,305,red,11210,T11
139,1,0,0,305,red,11210,T11
140,1,0,0,305,red,11210,T11
141,1,0,0,305,red,11210,T11
142,1,0,0,305,red,11210,T11
143,1,0,0,305,red,11210,T11
144,1,0,0,305,red,11210,T11
145,1,0,0,305,red,11210,T11
146,1,0,0,305,red,11210,T11
147,1,0,0,305,red,11210,T11
148,1,0,0,305,red,11210,T11
149,1,0,0,305,red,11210,T11
150,1,0,0,305,red,11210,T11
151,1,0,0,305,red,11210,T11
152,1,0,0,305,red,11210,T11
153,1,0,0,305,red,11210,T11
154,1,0,0,305,red,11210,T11
155,1,0,0,305,red,11210,T11
156,1,0,0,305,red,11210,T11
157,1,0,0,305,red,11210,T11
158,1,0,0,305,red,11210,T11
159,1,0,0,305,red,11210,T11
160,1,0,0,305,red,11210,T11
161,1,0,0,305,red,11210,T11
162,1,0,0,305,red,11210,T11
163,1,0,0,305,red,11210,T11
164,1,0,0,305,red,11210,T11
165,1,0,0,305,red,11210,T11
166,1,0,0,305,red,11210,T11
167,1,0,0,305,red,11210,T11
168,1,0,0,305,red,11210,T11
169,1,0,0,305,red,11210,T11
170,1,0,0,305,red,11210,T11
171,1,0,0,305,red,11210,T11
172,1,0,0,305,red,11210,T11
173,1,0,0,305,red,11210,T11
174,1,0,0,305,red,11210,T11
175,1,0,0,305,red,11210,T11
176,1,0,0,305,red,11210,T11
177,1,0,0,305,red,11210,T11
178,1,0,0,305,red,11210,T11
179,1,0,0,305,red,11210,T11
180,1,0,0,305,red,11210,T11
181,1,0,0,305,red,11210,T11
182,1,0,0,305,red,11210,T11
183,1,0,0,305,red,11210,T11
184,1,0,0,305,red,11210,T11
185,1,0,0,305,red,11210,T11
186,1,0,0,305,red,11210,T11
187,1,0,0,305,red,11210,T11
188,1,0,0,305,red,11210,T11
189,1,0,0,305,red,11210,T11
190,1,0,0,305,red,11210,T11
191,1,0,0,305,red,11210,T11
192,1,0,0,305,red,11210,T11
193,1,0,0,305,red,11210,T11
194,1,0,0,305,red,11210,T11
195,1,0,0,305,red,11210,T11
196,1,0,0,305,red,11210,T11
197,1,0,0,305,red,11210,T11
198,1,0,0,305,red,11210,T11
199,1,0,0,305,red,11210,T11
200,1,0,0,305,red,11210,T11
201,1,0,0,305,red,11210,T11
202,1,0,0,305,red,11210,T11
203,1,0,0,305,red,11210,T11
204,1,0,0,305,red,11210,T11
205,1,0,0,305,red,11210,T11
206,1,0,0,305,red,11210,T11
207,1,0,0,305,red,11210,T11
208,1,0,0,305,red,11210,T11
209,1,0,0,305,red,11210,T11
210,1,0,0,305,red,11210,T11
211,1,0,0,305,red,11210,T11
212,1,0,0,305,red,11210,T11
213,1,0,0,305,red,11210,T11
214,1,0,0,305,red,11210,T11
215,1,0,0,305,red,11210,T11
216,1,0,0,305,red,11210,T11
217,1,0,0,305,red,11210,T11
218,1,0,0,305,red,11210,T11
219,1,0,0,305,red,11210,T11
220,1,0,0,305,red,11210,T11
221,1,0,0,305,red,11210,T11
0,0,0,1,306,red,11244,T11
1,0,0,1,306,red,11244,T11
2,0,0,1,306,red,11244,T11
3,0,0,1,306,red,11244,T11
4,0,0,1,306,red,11244,T11
5,0,0,1,306,red,11244,T11
6,0,0,1,306,red,11244,T11
7,0,0,1,306,red,11244,T11
8,0,0,1,306,red,11244,T11
9,0,0,1,306,red,11244,T11
10,0,0,1,306,red,11244,T11
11,0,0,1,306,red,11244,T11
12,0,0,1,306,red,11244,T11
13,0,0,1,306,red,11244,T11
14,0,0,1,306,red,11244,T11
15,0,0,1,306,red,11244,T11
16,0,0,1,306,red,11244,T11
17,0,0,1,306,red,11244,T11
18,0,0,1,306,red,11244,T11
19,0,0,1,306,red,11244,T11
20,0,0,1,306,red,11244,T11
21,0,0,1,306,red,11244,T11
22,0,0,1,306,red,11244,T11
23,0,0,1,306,red,11244,T11
24,0,0,1,306,red,11244,T11
25,0,0,1,306,red,11244,T11
26,0,0,1,306,red,11244,T11
27,0,0,1,306,red,11244,T11
28,0,0,1,306,red,11244,T11
29,0,0,1,306,red,11244,T11
30,0,0,1,306,red,11244,T11
31,0,0,1,306,red,11244,T11
32,0,0,1,306,red,11244,T11
33,0,0,1,306,red,11244,T11
34,0,0,1,306,red,11244,T11
35,0,0,1,306,red,11244,T11
36,0,0,1,306,red,11244,T11
37,0,0,1,306,red,11244,T11
38,0,0,1,306,red,11244,T11
39,0,0,1,306,red,11244,T11
40,0,0,1,306,red,11244,T11
41,0,0,1,306,red,11244,T11
42,0,0,1,306,red,11244,T11
43,0,0,1,306,red,11244,T11
44,0,0,1,306,red,11244,T11
45,0,0,1,306,red,11244,T11
46,0,0,1,306,red,11244,T11
47,0,0,1,306,red,11244,T11
48,0,0,1,306,red,11244,T11
49,0,0,1,306,red,11244,T11
50,0,0,1,306,red,11244,T11
51,0,0,1,306,red,11244,T11
52,0,0,1,306,red,11244,T11
53,0,0,1,306,red,11244,T11
54,0,0,1,306,red,11244,T11
55,0,0,1,306,red,11244,T11
56,0,0,1,306,red,11244,T11
57,0,0,1,306,red,11244,T11
58,0,0,1,306,red,11244,T11
59,0,0,1,306,red,11244,T11
60,0,0,1,306,red,11244,T11
61,0,0,1,306,red,11244,T11
62,0,0,1,306,red,11244,T11
63,0,0,1,306,red,11244,T11
64,0,0,1,306,red,11244,T11
65,0,0,1,306,red,11244,T11
66,0,0,1,306,red,11244,T11
67,0,0,1,306,red,11244,T11
68,0,0,1,306,red,11244,T11
69,0,0,1,306,red,11244,T11
70,0,0,1,306,red,11244,T11
71,0,0,1,306,red,11244,T11
72,0,0,1,306,red,11244,T11
73,0,0,1,306,red,11244,T11
74,0,0,1,306,red,11244,T11
75,0,0,1,306,red,11244,T11
76,0,0,1,306,red,11244,T11
77,0,0,1,306,red,11244,T11
78,0,0,1,306,red,11244,T11
79,0,0,1,306,red,11244,T11
80,0,1,0,306,red,11244,T11
81,0,1,0,306,red,11244,T11
82,0,1,0,306,red,11244,T11
83,0,1,0,306,red,11244,T11
84,0,1,0,306,red,11244,T11
85,0,1,0,306,red,11244,T11
86,0,1,0,306,red,11244,T11
87,0,1,0,306,red,11244,T11
88,0,1,0,306,red,11244,T11
89,0,1,0,306,red,11244,T11
90,0,1,0,306,red,11244,T11
91,0,1,0,306,red,11244,T11
92,0,1,0,306,red,11244,T11
93,0,1,0,306,red,11244,T11
94,0,1,0,306,red,11244,T11
95,0,1,0,306,red,11244,T11
96,0,1,0,306,red,11244,T11
97,0,1,0,306,red,11244,T11
98,0,1,0,306,red,11244,T11
99,0,1,0,306,red,11244,T11
100,0,1,0,306,red,11244,T11
101,0,1,0,306,red,11244,T11
102,0,1,0,306,red,11244,T11
103,0,1,0,306,red,11244,T11
104,0,0,1,306,red,11244,T11
105,0,0,1,306,red,11244,T11
106,0,0,1,306,red,11244,T11
107,0,0,1,306,red,11244,T11
108,0,0,1,306,red,11244,T11
109,0,0,1,306,red,11244,T11
110,0,0,1,306,red,11244,T11
111,0,0,1,306,red,11244,T11
112,0,0,1,306,red,11244,T11
113,0,0,1,306,red,11244,T11
114,1,0,0,306,red,11244,T11
115,1,0,0,306,red,11244,T11
116,1,0,0,306,red,11244,T11
117,1,0,0,306,red,11244,T11
118,1,0,0,306,red,11244,T11
119,1,0,0,306,red,11244,T11
120,1,0,0,306,red,11244,T11
121,1,0,0,306,red,11244,T11
122,1,0,0,306,red,11244,T11
123,1,0,0,306,red,11244,T11
124,1,0,0,306,red,11244,T11
125,1,0,0,306,red,11244,T11
126,1,0,0,306,red,11244,T11
127,1,0,0,306,red,11244,T11
128,1,0,0,306,red,11244,T11
129,1,0,0,306,red,11244,T11
130,1,0,0,306,red,11244,T11
131,1,0,0,306,red,11244,T11
132,1,0,0,306,red,11244,T11
133,1,0,0,306,red,11244,T11
134,1,0,0,306,red,11244,T11
135,1,0,0,306,red,11244,T11
136,1,0,0,306,red,11244,T11
137,1,0,0,306,red,11244,T11
138,1,0,0,306,red,11244,T11
139,1,0,0,306,red,11244,T11
140,1,0,0,306,red,11244,T11
141,1,0,0,306,red,11244,T11
142,1,0,0,306,red,11244,T11
143,1,0,0,306,red,11244,T11
144,1,0,0,306,red,11244,T11
145,1,0,0,306,red,11244,T11
146,1,0,0,306,red,11244,T11
147,1,0,0,306,red,11244,T11
148,1,0,0,306,red,11244,T11
149,1,0,0,306,red,11244,T11
150,1,0,0,306,red,11244,T11
151,1,0,0,306,red,11244,T11
152,1,0,0,306,red,11244,T11
153,1,0,0,306,red,11244,T11
154,1,0,0,306,red,11244,T11
155,1,0,0,306,red,11244,T11
156,1,0,0,306,red,11244,T11
157,1,0,0,306,red,11244,T11
158,1,0,0,306,red,11244,T11
159,1,0,0,306,red,11244,T11
160,1,0,0,306,red,11244,T11
161,1,0,0,306,red,11244,T11
162,1,0,0,306,red,11244,T11
163,1,0,0,306,red,11244,T11
164,1,0,0,306,red,11244,T11
165,1,0,0,306,red,11244,T11
166,1,0,0,306,red,11244,T11
167,1,0,0,306,red,11244,T11
168,1,0,0,306,red,11244,T11
169,1,0,0,306,red,11244,T11
170,1,0,0,306,red,11244,T11
171,1,0,0,306,red,11244,T11
172,1,0,0,306,red,11244,T11
173,1,0,0,306,red,11244,T11
174,1,0,0,306,red,11244,T11
175,1,0,0,306,red,11244,T11
176,1,0,0,306,red,11244,T11
177,1,0,0,306,red,11244,T11
178,1,0,0,306,red,11244,T11
179,1,0,0,306,red,11244,T11
180,1,0,0,306,red,11244,T11
181,1,0,0,306,red,11244,T11
182,1,0,0,306,red,11244,T11
183,1,0,0,306,red,11244,T11
184,1,0,0,306,red,11244,T11
185,1,0,0,306,red,11244,T11
186,1,0,0,306,red,11244,T11
187,1,0,0,306,red,11244,T11
188,1,0,0,306,red,11244,T11
189,1,0,0,306,red,11244,T11
190,1,0,0,306,red,11244,T11
191,1,0,0,306,red,11244,T11
192,1,0,0,306,red,11244,T11
193,1,0,0,306,red,11244,T11
194,1,0,0,306,red,11244,T11
195,1,0,0,306,red,11244,T11
196,1,0,0,306,red,11244,T11
197,1,0,0,306,red,11244,T11
198,1,0,0,306,red,11244,T11
199,1,0,0,306,red,11244,T11
200,1,0,0,306,red,11244,T11
201,1,0,0,306,red,11244,T11
202,1,0,0,306,red,11244,T11
203,1,0,0,306,red,11244,T11
204,1,0,0,306,red,11244,T11
205,1,0,0,306,red,11244,T11
206,1,0,0,306,red,11244,T11
207,1,0,0,306,red,11244,T11
208,1,0,0,306,red,11244,T11
209,1,0,0,306,red,11244,T11
210,1,0,0,306,red,11244,T11
211,1,0,0,306,red,11244,T11
212,1,0,0,306,red,11244,T11
213,1,0,0,306,red,11244,T11
214,1,0,0,306,red,11244,T11
215,1,0,0,306,red,11244,T11
216,1,0,0,306,red,11244,T11
217,1,0,0,306,red,11244,T11
218,1,0,0,306,red,11244,T11
219,1,0,0,306,red,11244,T11
220,1,0,0,306,red,11244,T11
221,1,0,0,306,red,11244,T11
0,0,0,1,307,red,11325,T11
1,0,0,1,307,red,11325,T11
2,0,0,1,307,red,11325,T11
3,0,0,1,307,red,11325,T11
4,0,0,1,307,red,11325,T11
5,0,0,1,307,red,11325,T11
6,0,0,1,307,red,11325,T11
7,0,0,1,307,red,11325,T11
8,0,0,1,307,red,11325,T11
9,0,0,1,307,red,11325,T11
10,0,0,1,307,red,11325,T11
11,0,0,1,307,red,11325,T11
12,0,0,1,307,red,11325,T11
13,0,0,1,307,red,11325,T11
14,0,0,1,307,red,11325,T11
15,0,0,1,307,red,11325,T11
16,0,0,1,307,red,11325,T11
17,0,0,1,307,red,11325,T11
18,0,0,1,307,red,11325,T11
19,0,0,1,307,red,11325,T11
20,0,0,1,307,red,11325,T11
21,0,0,1,307,red,11325,T11
22,0,0,1,307,red,11325,T11
23,0,0,1,307,red,11325,T11
24,0,0,1,307,red,11325,T11
25,0,0,1,307,red,11325,T11
26,0,0,1,307,red,11325,T11
27,0,0,1,307,red,11325,T11
28,0,0,1,307,red,11325,T11
29,0,0,1,307,red,11325,T11
30,0,0,1,307,red,11325,T11
31,0,0,1,307,red,11325,T11
32,0,0,1,307,red,11325,T11
33,0,0,1,307,red,11325,T11
34,0,0,1,307,red,11325,T11
35,0,0,1,307,red,11325,T11
36,0,0,1,307,red,11325,T11
37,0,0,1,307,red,11325,T11
38,0,0,1,307,red,11325,T11
39,0,0,1,307,red,11325,T11
40,0,0,1,307,red,11325,T11
41,0,0,1,307,red,11325,T11
42,0,0,1,307,red,11325,T11
43,0,0,1,307,red,11325,T11
44,0,0,1,307,red,11325,T11
45,1,0,0,307,red,11325,T11
46,1,0,0,307,red,11325,T11
47,1,0,0,307,red,11325,T11
48,1,0,0,307,red,11325,T11
49,1,0,0,307,red,11325,T11
50,1,0,0,307,red,11325,T11
51,1,0,0,307,red,11325,T11
52,1,0,0,307,red,11325,T11
53,1,0,0,307,red,11325,T11
54,1,0,0,307,red,11325,T11
55,1,0,0,307,red,11325,T11
56,1,0,0,307,red,11325,T11
57,1,0,0,307,red,11325,T11
58,1,0,0,307,red,11325,T11
59,1,0,0,307,red,11325,T11
60,1,0,0,307,red,11325,T11
61,1,0,0,307,red,11325,T11
62,1,0,0,307,red,11325,T11
63,1,0,0,307,red,11325,T11
64,1,0,0,307,red,11325,T11
65,1,0,0,307,red,11325,T11
66,1,0,0,307,red,11325,T11
67,1,0,0,307,red,11325,T11
68,1,0,0,307,red,11325,T11
69,1,0,0,307,red,11325,T11
70,1,0,0,307,red,11325,T11
71,1,0,0,307,red,11325,T11
72,1,0,0,307,red,11325,T11
73,1,0,0,307,red,11325,T11
74,1,0,0,307,red,11325,T11
75,1,0,0,307,red,11325,T11
76,1,0,0,307,red,11325,T11
77,1,0,0,307,red,11325,T11
78,1,0,0,307,red,11325,T11
79,1,0,0,307,red,11325,T11
80,1,0,0,307,red,11325,T11
81,1,0,0,307,red,11325,T11
82,1,0,0,307,red,11325,T11
83,1,0,0,307,red,11325,T11
84,1,0,0,307,red,11325,T11
85,1,0,0,307,red,11325,T11
86,1,0,0,307,red,11325,T11
87,1,0,0,307,red,11325,T11
88,1,0,0,307,red,11325,T11
89,1,0,0,307,red,11325,T11
90,1,0,0,307,red,11325,T11
91,1,0,0,307,red,11325,T11
92,1,0,0,307,red,11325,T11
93,1,0,0,307,red,11325,T11
94,1,0,0,307,red,11325,T11
95,1,0,0,307,red,11325,T11
96,1,0,0,307,red,11325,T11
97,1,0,0,307,red,11325,T11
98,1,0,0,307,red,11325,T11
99,1,0,0,307,red,11325,T11
100,1,0,0,307,red,11325,T11
101,1,0,0,307,red,11325,T11
102,1,0,0,307,red,11325,T11
103,1,0,0,307,red,11325,T11
104,1,0,0,307,red,11325,T11
105,1,0,0,307,red,11325,T11
106,1,0,0,307,red,11325,T11
107,1,0,0,307,red,11325,T11
108,1,0,0,307,red,11325,T11
109,1,0,0,307,red,11325,T11
110,1,0,0,307,red,11325,T11
111,1,0,0,307,red,11325,T11
112,1,0,0,307,red,11325,T11
113,1,0,0,307,red,11325,T11
114,1,0,0,307,red,11325,T11
115,1,0,0,307,red,11325,T11
116,1,0,0,307,red,11325,T11
117,1,0,0,307,red,11325,T11
118,1,0,0,307,red,11325,T11
119,1,0,0,307,red,11325,T11
120,1,0,0,307,red,11325,T11
121,1,0,0,307,red,11325,T11
122,1,0,0,307,red,11325,T11
123,1,0,0,307,red,11325,T11
124,1,0,0,307,red,11325,T11
125,1,0,0,307,red,11325,T11
126,1,0,0,307,red,11325,T11
127,1,0,0,307,red,11325,T11
128,1,0,0,307,red,11325,T11
129,1,0,0,307,red,11325,T11
130,1,0,0,307,red,11325,T11
131,1,0,0,307,red,11325,T11
132,1,0,0,307,red,11325,T11
133,1,0,0,307,red,11325,T11
134,1,0,0,307,red,11325,T11
135,1,0,0,307,red,11325,T11
136,1,0,0,307,red,11325,T11
137,1,0,0,307,red,11325,T11
138,1,0,0,307,red,11325,T11
139,1,0,0,307,red,11325,T11
140,1,0,0,307,red,11325,T11
141,1,0,0,307,red,11325,T11
142,1,0,0,307,red,11325,T11
143,1,0,0,307,red,11325,T11
144,1,0,0,307,red,11325,T11
145,1,0,0,307,red,11325,T11
146,1,0,0,307,red,11325,T11
147,1,0,0,307,red,11325,T11
148,1,0,0,307,red,11325,T11
149,1,0,0,307,red,11325,T11
150,1,0,0,307,red,11325,T11
151,1,0,0,307,red,11325,T11
152,1,0,0,307,red,11325,T11
153,1,0,0,307,red,11325,T11
154,1,0,0,307,red,11325,T11
155,1,0,0,307,red,11325,T11
156,1,0,0,307,red,11325,T11
157,1,0,0,307,red,11325,T11
158,1,0,0,307,red,11325,T11
159,1,0,0,307,red,11325,T11
160,1,0,0,307,red,11325,T11
161,1,0,0,307,red,11325,T11
162,1,0,0,307,red,11325,T11
163,1,0,0,307,red,11325,T11
164,1,0,0,307,red,11325,T11
165,1,0,0,307,red,11325,T11
166,1,0,0,307,red,11325,T11
167,1,0,0,307,red,11325,T11
168,1,0,0,307,red,11325,T11
169,1,0,0,307,red,11325,T11
170,1,0,0,307,red,11325,T11
171,1,0,0,307,red,11325,T11
172,1,0,0,307,red,11325,T11
173,1,0,0,307,red,11325,T11
174,1,0,0,307,red,11325,T11
175,1,0,0,307,red,11325,T11
176,1,0,0,307,red,11325,T11
177,1,0,0,307,red,11325,T11
178,1,0,0,307,red,11325,T11
179,1,0,0,307,red,11325,T11
180,1,0,0,307,red,11325,T11
181,1,0,0,307,red,11325,T11
182,1,0,0,307,red,11325,T11
183,1,0,0,307,red,11325,T11
184,1,0,0,307,red,11325,T11
185,1,0,0,307,red,11325,T11
186,1,0,0,307,red,11325,T11
187,1,0,0,307,red,11325,T11
188,1,0,0,307,red,11325,T11
189,1,0,0,307,red,11325,T11
190,1,0,0,307,red,11325,T11
191,1,0,0,307,red,11325,T11
192,1,0,0,307,red,11325,T11
193,1,0,0,307,red,11325,T11
194,1,0,0,307,red,11325,T11
195,1,0,0,307,red,11325,T11
196,1,0,0,307,red,11325,T11
197,1,0,0,307,red,11325,T11
198,1,0,0,307,red,11325,T11
199,1,0,0,307,red,11325,T11
200,1,0,0,307,red,11325,T11
201,1,0,0,307,red,11325,T11
202,1,0,0,307,red,11325,T11
203,1,0,0,307,red,11325,T11
204,1,0,0,307,red,11325,T11
205,1,0,0,307,red,11325,T11
206,1,0,0,307,red,11325,T11
207,1,0,0,307,red,11325,T11
208,1,0,0,307,red,11325,T11
209,1,0,0,307,red,11325,T11
210,1,0,0,307,red,11325,T11
211,1,0,0,307,red,11325,T11
212,1,0,0,307,red,11325,T11
213,1,0,0,307,red,11325,T11
214,1,0,0,307,red,11325,T11
215,1,0,0,307,red,11325,T11
216,1,0,0,307,red,11325,T11
217,1,0,0,307,red,11325,T11
218,1,0,0,307,red,11325,T11
219,1,0,0,307,red,11325,T11
220,1,0,0,307,red,11325,T11
221,1,0,0,307,red,11325,T11
0,1,0,0,308,red,11540,T11
1,1,0,0,308,red,11540,T11
2,1,0,0,308,red,11540,T11
3,1,0,0,308,red,11540,T11
4,1,0,0,308,red,11540,T11
5,1,0,0,308,red,11540,T11
6,0,0,1,308,red,11540,T11
7,0,0,1,308,red,11540,T11
8,0,0,1,308,red,11540,T11
9,1,0,0,308,red,11540,T11
10,1,0,0,308,red,11540,T11
11,1,0,0,308,red,11540,T11
12,1,0,0,308,red,11540,T11
13,1,0,0,308,red,11540,T11
14,1,0,0,308,red,11540,T11
15,1,0,0,308,red,11540,T11
16,1,0,0,308,red,11540,T11
17,1,0,0,308,red,11540,T11
18,1,0,0,308,red,11540,T11
19,1,0,0,308,red,11540,T11
20,1,0,0,308,red,11540,T11
21,1,0,0,308,red,11540,T11
22,1,0,0,308,red,11540,T11
23,1,0,0,308,red,11540,T11
24,1,0,0,308,red,11540,T11
25,1,0,0,308,red,11540,T11
26,1,0,0,308,red,11540,T11
27,1,0,0,308,red,11540,T11
28,1,0,0,308,red,11540,T11
29,1,0,0,308,red,11540,T11
30,1,0,0,308,red,11540,T11
31,1,0,0,308,red,11540,T11
32,1,0,0,308,red,11540,T11
33,1,0,0,308,red,11540,T11
34,1,0,0,308,red,11540,T11
35,0,0,1,308,red,11540,T11
36,0,1,0,308,red,11540,T11
37,0,1,0,308,red,11540,T11
38,0,1,0,308,red,11540,T11
39,0,1,0,308,red,11540,T11
40,0,1,0,308,red,11540,T11
41,0,1,0,308,red,11540,T11
42,0,1,0,308,red,11540,T11
43,0,1,0,308,red,11540,T11
44,0,1,0,308,red,11540,T11
45,0,1,0,308,red,11540,T11
46,0,1,0,308,red,11540,T11
47,0,1,0,308,red,11540,T11
48,0,1,0,308,red,11540,T11
49,0,1,0,308,red,11540,T11
50,0,1,0,308,red,11540,T11
51,0,1,0,308,red,11540,T11
52,0,1,0,308,red,11540,T11
53,0,1,0,308,red,11540,T11
54,0,1,0,308,red,11540,T11
55,0,1,0,308,red,11540,T11
56,0,1,0,308,red,11540,T11
57,0,1,0,308,red,11540,T11
58,0,1,0,308,red,11540,T11
59,0,1,0,308,red,11540,T11
60,0,1,0,308,red,11540,T11
61,0,1,0,308,red,11540,T11
62,0,1,0,308,red,11540,T11
63,0,1,0,308,red,11540,T11
64,1,0,0,308,red,11540,T11
65,1,0,0,308,red,11540,T11
66,1,0,0,308,red,11540,T11
67,1,0,0,308,red,11540,T11
68,1,0,0,308,red,11540,T11
69,1,0,0,308,red,11540,T11
70,1,0,0,308,red,11540,T11
71,1,0,0,308,red,11540,T11
72,1,0,0,308,red,11540,T11
73,1,0,0,308,red,11540,T11
74,1,0,0,308,red,11540,T11
75,1,0,0,308,red,11540,T11
76,1,0,0,308,red,11540,T11
77,1,0,0,308,red,11540,T11
78,1,0,0,308,red,11540,T11
79,1,0,0,308,red,11540,T11
80,1,0,0,308,red,11540,T11
81,1,0,0,308,red,11540,T11
82,1,0,0,308,red,11540,T11
83,1,0,0,308,red,11540,T11
84,1,0,0,308,red,11540,T11
85,1,0,0,308,red,11540,T11
86,1,0,0,308,red,11540,T11
87,1,0,0,308,red,11540,T11
88,1,0,0,308,red,11540,T11
89,1,0,0,308,red,11540,T11
90,1,0,0,308,red,11540,T11
91,1,0,0,308,red,11540,T11
92,1,0,0,308,red,11540,T11
93,1,0,0,308,red,11540,T11
94,1,0,0,308,red,11540,T11
95,1,0,0,308,red,11540,T11
96,1,0,0,308,red,11540,T11
97,1,0,0,308,red,11540,T11
98,1,0,0,308,red,11540,T11
99,1,0,0,308,red,11540,T11
100,1,0,0,308,red,11540,T11
101,1,0,0,308,red,11540,T11
102,1,0,0,308,red,11540,T11
103,1,0,0,308,red,11540,T11
104,1,0,0,308,red,11540,T11
105,1,0,0,308,red,11540,T11
106,1,0,0,308,red,11540,T11
107,1,0,0,308,red,11540,T11
108,1,0,0,308,red,11540,T11
109,1,0,0,308,red,11540,T11
110,1,0,0,308,red,11540,T11
111,1,0,0,308,red,11540,T11
112,1,0,0,308,red,11540,T11
113,1,0,0,308,red,11540,T11
114,1,0,0,308,red,11540,T11
115,1,0,0,308,red,11540,T11
116,1,0,0,308,red,11540,T11
117,1,0,0,308,red,11540,T11
118,1,0,0,308,red,11540,T11
119,1,0,0,308,red,11540,T11
120,1,0,0,308,red,11540,T11
121,1,0,0,308,red,11540,T11
122,1,0,0,308,red,11540,T11
123,1,0,0,308,red,11540,T11
124,1,0,0,308,red,11540,T11
125,1,0,0,308,red,11540,T11
126,1,0,0,308,red,11540,T11
127,1,0,0,308,red,11540,T11
128,1,0,0,308,red,11540,T11
129,1,0,0,308,red,11540,T11
130,1,0,0,308,red,11540,T11
131,1,0,0,308,red,11540,T11
132,1,0,0,308,red,11540,T11
133,1,0,0,308,red,11540,T11
134,1,0,0,308,red,11540,T11
135,1,0,0,308,red,11540,T11
136,1,0,0,308,red,11540,T11
137,1,0,0,308,red,11540,T11
138,1,0,0,308,red,11540,T11
139,1,0,0,308,red,11540,T11
140,1,0,0,308,red,11540,T11
141,1,0,0,308,red,11540,T11
142,1,0,0,308,red,11540,T11
143,1,0,0,308,red,11540,T11
144,1,0,0,308,red,11540,T11
145,1,0,0,308,red,11540,T11
146,1,0,0,308,red,11540,T11
147,1,0,0,308,red,11540,T11
148,1,0,0,308,red,11540,T11
149,1,0,0,308,red,11540,T11
150,1,0,0,308,red,11540,T11
151,1,0,0,308,red,11540,T11
152,1,0,0,308,red,11540,T11
153,1,0,0,308,red,11540,T11
154,1,0,0,308,red,11540,T11
155,1,0,0,308,red,11540,T11
156,1,0,0,308,red,11540,T11
157,1,0,0,308,red,11540,T11
158,1,0,0,308,red,11540,T11
159,1,0,0,308,red,11540,T11
160,1,0,0,308,red,11540,T11
161,1,0,0,308,red,11540,T11
162,1,0,0,308,red,11540,T11
163,1,0,0,308,red,11540,T11
164,1,0,0,308,red,11540,T11
165,1,0,0,308,red,11540,T11
166,1,0,0,308,red,11540,T11
167,1,0,0,308,red,11540,T11
168,1,0,0,308,red,11540,T11
169,1,0,0,308,red,11540,T11
170,1,0,0,308,red,11540,T11
171,1,0,0,308,red,11540,T11
172,1,0,0,308,red,11540,T11
173,1,0,0,308,red,11540,T11
174,1,0,0,308,red,11540,T11
175,1,0,0,308,red,11540,T11
176,1,0,0,308,red,11540,T11
177,1,0,0,308,red,11540,T11
178,1,0,0,308,red,11540,T11
179,1,0,0,308,red,11540,T11
180,1,0,0,308,red,11540,T11
181,1,0,0,308,red,11540,T11
182,1,0,0,308,red,11540,T11
183,1,0,0,308,red,11540,T11
184,1,0,0,308,red,11540,T11
185,1,0,0,308,red,11540,T11
186,1,0,0,308,red,11540,T11
187,1,0,0,308,red,11540,T11
188,1,0,0,308,red,11540,T11
189,1,0,0,308,red,11540,T11
190,1,0,0,308,red,11540,T11
191,1,0,0,308,red,11540,T11
192,1,0,0,308,red,11540,T11
193,1,0,0,308,red,11540,T11
194,1,0,0,308,red,11540,T11
195,1,0,0,308,red,11540,T11
196,1,0,0,308,red,11540,T11
197,1,0,0,308,red,11540,T11
198,1,0,0,308,red,11540,T11
199,1,0,0,308,red,11540,T11
200,1,0,0,308,red,11540,T11
201,1,0,0,308,red,11540,T11
202,1,0,0,308,red,11540,T11
203,1,0,0,308,red,11540,T11
204,1,0,0,308,red,11540,T11
205,1,0,0,308,red,11540,T11
206,1,0,0,308,red,11540,T11
207,1,0,0,308,red,11540,T11
208,1,0,0,308,red,11540,T11
209,1,0,0,308,red,11540,T11
210,1,0,0,308,red,11540,T11
211,1,0,0,308,red,11540,T11
212,1,0,0,308,red,11540,T11
213,1,0,0,308,red,11540,T11
214,0,0,1,308,red,11540,T11
215,0,0,1,308,red,11540,T11
216,1,0,0,308,red,11540,T11
217,1,0,0,308,red,11540,T11
218,1,0,0,308,red,11540,T11
219,0,0,1,308,red,11540,T11
220,0,0,1,308,red,11540,T11
221,1,0,0,308,red,11540,T11
0,0,0,1,309,red,11591,T11
1,0,0,1,309,red,11591,T11
2,0,0,1,309,red,11591,T11
3,0,0,1,309,red,11591,T11
4,0,0,1,309,red,11591,T11
5,0,0,1,309,red,11591,T11
6,0,0,1,309,red,11591,T11
7,0,0,1,309,red,11591,T11
8,0,0,1,309,red,11591,T11
9,0,0,1,309,red,11591,T11
10,0,0,1,309,red,11591,T11
11,0,0,1,309,red,11591,T11
12,0,0,1,309,red,11591,T11
13,0,0,1,309,red,11591,T11
14,0,0,1,309,red,11591,T11
15,0,0,1,309,red,11591,T11
16,0,0,1,309,red,11591,T11
17,0,0,1,309,red,11591,T11
18,0,0,1,309,red,11591,T11
19,0,0,1,309,red,11591,T11
20,0,0,1,309,red,11591,T11
21,0,0,1,309,red,11591,T11
22,0,0,1,309,red,11591,T11
23,0,0,1,309,red,11591,T11
24,0,0,1,309,red,11591,T11
25,0,0,1,309,red,11591,T11
26,0,0,1,309,red,11591,T11
27,0,0,1,309,red,11591,T11
28,0,0,1,309,red,11591,T11
29,0,0,1,309,red,11591,T11
30,0,0,1,309,red,11591,T11
31,0,0,1,309,red,11591,T11
32,0,0,1,309,red,11591,T11
33,0,0,1,309,red,11591,T11
34,0,0,1,309,red,11591,T11
35,0,0,1,309,red,11591,T11
36,0,0,1,309,red,11591,T11
37,0,0,1,309,red,11591,T11
38,0,0,1,309,red,11591,T11
39,0,0,1,309,red,11591,T11
40,0,0,1,309,red,11591,T11
41,0,0,1,309,red,11591,T11
42,0,0,1,309,red,11591,T11
43,0,0,1,309,red,11591,T11
44,0,0,1,309,red,11591,T11
45,0,0,1,309,red,11591,T11
46,0,0,1,309,red,11591,T11
47,0,0,1,309,red,11591,T11
48,0,0,1,309,red,11591,T11
49,0,0,1,309,red,11591,T11
50,0,0,1,309,red,11591,T11
51,0,0,1,309,red,11591,T11
52,0,0,1,309,red,11591,T11
53,0,0,1,309,red,11591,T11
54,0,0,1,309,red,11591,T11
55,0,0,1,309,red,11591,T11
56,0,0,1,309,red,11591,T11
57,0,0,1,309,red,11591,T11
58,0,0,1,309,red,11591,T11
59,0,0,1,309,red,11591,T11
60,0,0,1,309,red,11591,T11
61,0,1,0,309,red,11591,T11
62,0,1,0,309,red,11591,T11
63,0,1,0,309,red,11591,T11
64,0,1,0,309,red,11591,T11
65,0,1,0,309,red,11591,T11
66,0,1,0,309,red,11591,T11
67,0,1,0,309,red,11591,T11
68,0,1,0,309,red,11591,T11
69,0,1,0,309,red,11591,T11
70,0,1,0,309,red,11591,T11
71,0,1,0,309,red,11591,T11
72,0,1,0,309,red,11591,T11
73,0,1,0,309,red,11591,T11
74,0,1,0,309,red,11591,T11
75,0,1,0,309,red,11591,T11
76,0,1,0,309,red,11591,T11
77,0,1,0,309,red,11591,T11
78,0,1,0,309,red,11591,T11
79,0,1,0,309,red,11591,T11
80,0,1,0,309,red,11591,T11
81,0,1,0,309,red,11591,T11
82,0,1,0,309,red,11591,T11
83,0,1,0,309,red,11591,T11
84,0,1,0,309,red,11591,T11
85,0,1,0,309,red,11591,T11
86,0,1,0,309,red,11591,T11
87,0,1,0,309,red,11591,T11
88,0,1,0,309,red,11591,T11
89,0,1,0,309,red,11591,T11
90,0,1,0,309,red,11591,T11
91,0,1,0,309,red,11591,T11
92,0,1,0,309,red,11591,T11
93,0,1,0,309,red,11591,T11
94,0,1,0,309,red,11591,T11
95,0,1,0,309,red,11591,T11
96,0,1,0,309,red,11591,T11
97,0,1,0,309,red,11591,T11
98,0,0,1,309,red,11591,T11
99,0,0,1,309,red,11591,T11
100,0,1,0,309,red,11591,T11
101,0,1,0,309,red,11591,T11
102,0,1,0,309,red,11591,T11
103,0,1,0,309,red,11591,T11
104,0,1,0,309,red,11591,T11
105,0,0,1,309,red,11591,T11
106,0,0,1,309,red,11591,T11
107,0,0,1,309,red,11591,T11
108,0,0,1,309,red,11591,T11
109,0,0,1,309,red,11591,T11
110,0,0,1,309,red,11591,T11
111,0,0,1,309,red,11591,T11
112,0,0,1,309,red,11591,T11
113,0,0,1,309,red,11591,T11
114,0,0,1,309,red,11591,T11
115,1,0,0,309,red,11591,T11
116,1,0,0,309,red,11591,T11
117,1,0,0,309,red,11591,T11
118,1,0,0,309,red,11591,T11
119,1,0,0,309,red,11591,T11
120,1,0,0,309,red,11591,T11
121,1,0,0,309,red,11591,T11
122,1,0,0,309,red,11591,T11
123,1,0,0,309,red,11591,T11
124,1,0,0,309,red,11591,T11
125,1,0,0,309,red,11591,T11
126,1,0,0,309,red,11591,T11
127,1,0,0,309,red,11591,T11
128,1,0,0,309,red,11591,T11
129,1,0,0,309,red,11591,T11
130,1,0,0,309,red,11591,T11
131,1,0,0,309,red,11591,T11
132,1,0,0,309,red,11591,T11
133,1,0,0,309,red,11591,T11
134,1,0,0,309,red,11591,T11
135,1,0,0,309,red,11591,T11
136,1,0,0,309,red,11591,T11
137,1,0,0,309,red,11591,T11
138,1,0,0,309,red,11591,T11
139,1,0,0,309,red,11591,T11
140,1,0,0,309,red,11591,T11
141,1,0,0,309,red,11591,T11
142,1,0,0,309,red,11591,T11
143,1,0,0,309,red,11591,T11
144,1,0,0,309,red,11591,T11
145,1,0,0,309,red,11591,T11
146,1,0,0,309,red,11591,T11
147,1,0,0,309,red,11591,T11
148,1,0,0,309,red,11591,T11
149,1,0,0,309,red,11591,T11
150,1,0,0,309,red,11591,T11
151,1,0,0,309,red,11591,T11
152,1,0,0,309,red,11591,T11
153,1,0,0,309,red,11591,T11
154,1,0,0,309,red,11591,T11
155,1,0,0,309,red,11591,T11
156,1,0,0,309,red,11591,T11
157,1,0,0,309,red,11591,T11
158,1,0,0,309,red,11591,T11
159,1,0,0,309,red,11591,T11
160,1,0,0,309,red,11591,T11
161,1,0,0,309,red,11591,T11
162,1,0,0,309,red,11591,T11
163,1,0,0,309,red,11591,T11
164,1,0,0,309,red,11591,T11
165,1,0,0,309,red,11591,T11
166,1,0,0,309,red,11591,T11
167,1,0,0,309,red,11591,T11
168,1,0,0,309,red,11591,T11
169,1,0,0,309,red,11591,T11
170,1,0,0,309,red,11591,T11
171,1,0,0,309,red,11591,T11
172,1,0,0,309,red,11591,T11
173,1,0,0,309,red,11591,T11
174,1,0,0,309,red,11591,T11
175,1,0,0,309,red,11591,T11
176,1,0,0,309,red,11591,T11
177,1,0,0,309,red,11591,T11
178,1,0,0,309,red,11591,T11
179,1,0,0,309,red,11591,T11
180,1,0,0,309,red,11591,T11
181,1,0,0,309,red,11591,T11
182,1,0,0,309,red,11591,T11
183,1,0,0,309,red,11591,T11
184,1,0,0,309,red,11591,T11
185,1,0,0,309,red,11591,T11
186,1,0,0,309,red,11591,T11
187,1,0,0,309,red,11591,T11
188,1,0,0,309,red,11591,T11
189,1,0,0,309,red,11591,T11
190,1,0,0,309,red,11591,T11
191,1,0,0,309,red,11591,T11
192,1,0,0,309,red,11591,T11
193,1,0,0,309,red,11591,T11
194,1,0,0,309,red,11591,T11
195,1,0,0,309,red,11591,T11
196,1,0,0,309,red,11591,T11
197,1,0,0,309,red,11591,T11
198,1,0,0,309,red,11591,T11
199,1,0,0,309,red,11591,T11
200,1,0,0,309,red,11591,T11
201,1,0,0,309,red,11591,T11
202,1,0,0,309,red,11591,T11
203,1,0,0,309,red,11591,T11
204,1,0,0,309,red,11591,T11
205,1,0,0,309,red,11591,T11
206,1,0,0,309,red,11591,T11
207,1,0,0,309,red,11591,T11
208,1,0,0,309,red,11591,T11
209,1,0,0,309,red,11591,T11
210,1,0,0,309,red,11591,T11
211,1,0,0,309,red,11591,T11
212,1,0,0,309,red,11591,T11
213,1,0,0,309,red,11591,T11
214,1,0,0,309,red,11591,T11
215,1,0,0,309,red,11591,T11
216,1,0,0,309,red,11591,T11
217,1,0,0,309,red,11591,T11
218,1,0,0,309,red,11591,T11
219,1,0,0,309,red,11591,T11
220,1,0,0,309,red,11591,T11
221,1,0,0,309,red,11591,T11
0,0,0,1,310,red,11584,T11
1,0,0,1,310,red,11584,T11
2,0,0,1,310,red,11584,T11
3,0,0,1,310,red,11584,T11
4,0,0,1,310,red,11584,T11
5,0,0,1,310,red,11584,T11
6,0,0,1,310,red,11584,T11
7,0,0,1,310,red,11584,T11
8,0,0,1,310,red,11584,T11
9,0,0,1,310,red,11584,T11
10,0,0,1,310,red,11584,T11
11,0,0,1,310,red,11584,T11
12,0,0,1,310,red,11584,T11
13,0,0,1,310,red,11584,T11
14,0,0,1,310,red,11584,T11
15,0,0,1,310,red,11584,T11
16,0,0,1,310,red,11584,T11
17,0,0,1,310,red,11584,T11
18,0,0,1,310,red,11584,T11
19,0,0,1,310,red,11584,T11
20,0,0,1,310,red,11584,T11
21,0,0,1,310,red,11584,T11
22,0,0,1,310,red,11584,T11
23,0,0,1,310,red,11584,T11
24,0,0,1,310,red,11584,T11
25,0,0,1,310,red,11584,T11
26,0,0,1,310,red,11584,T11
27,0,0,1,310,red,11584,T11
28,0,0,1,310,red,11584,T11
29,0,0,1,310,red,11584,T11
30,0,0,1,310,red,11584,T11
31,0,1,0,310,red,11584,T11
32,0,1,0,310,red,11584,T11
33,0,1,0,310,red,11584,T11
34,0,1,0,310,red,11584,T11
35,0,1,0,310,red,11584,T11
36,0,1,0,310,red,11584,T11
37,0,1,0,310,red,11584,T11
38,0,1,0,310,red,11584,T11
39,0,1,0,310,red,11584,T11
40,0,1,0,310,red,11584,T11
41,0,1,0,310,red,11584,T11
42,0,1,0,310,red,11584,T11
43,0,1,0,310,red,11584,T11
44,0,1,0,310,red,11584,T11
45,0,1,0,310,red,11584,T11
46,0,1,0,310,red,11584,T11
47,0,1,0,310,red,11584,T11
48,0,1,0,310,red,11584,T11
49,0,1,0,310,red,11584,T11
50,0,1,0,310,red,11584,T11
51,0,1,0,310,red,11584,T11
52,0,1,0,310,red,11584,T11
53,0,1,0,310,red,11584,T11
54,0,1,0,310,red,11584,T11
55,0,1,0,310,red,11584,T11
56,0,1,0,310,red,11584,T11
57,0,1,0,310,red,11584,T11
58,0,1,0,310,red,11584,T11
59,0,1,0,310,red,11584,T11
60,0,1,0,310,red,11584,T11
61,0,1,0,310,red,11584,T11
62,0,1,0,310,red,11584,T11
63,0,1,0,310,red,11584,T11
64,0,1,0,310,red,11584,T11
65,0,1,0,310,red,11584,T11
66,0,1,0,310,red,11584,T11
67,0,1,0,310,red,11584,T11
68,0,1,0,310,red,11584,T11
69,0,1,0,310,red,11584,T11
70,0,1,0,310,red,11584,T11
71,0,1,0,310,red,11584,T11
72,0,1,0,310,red,11584,T11
73,0,1,0,310,red,11584,T11
74,0,1,0,310,red,11584,T11
75,0,1,0,310,red,11584,T11
76,0,1,0,310,red,11584,T11
77,0,1,0,310,red,11584,T11
78,0,1,0,310,red,11584,T11
79,0,1,0,310,red,11584,T11
80,0,1,0,310,red,11584,T11
81,0,1,0,310,red,11584,T11
82,0,1,0,310,red,11584,T11
83,0,1,0,310,red,11584,T11
84,0,1,0,310,red,11584,T11
85,0,1,0,310,red,11584,T11
86,0,1,0,310,red,11584,T11
87,0,1,0,310,red,11584,T11
88,0,1,0,310,red,11584,T11
89,0,1,0,310,red,11584,T11
90,0,1,0,310,red,11584,T11
91,0,1,0,310,red,11584,T11
92,0,1,0,310,red,11584,T11
93,0,1,0,310,red,11584,T11
94,0,1,0,310,red,11584,T11
95,0,1,0,310,red,11584,T11
96,0,1,0,310,red,11584,T11
97,0,1,0,310,red,11584,T11
98,0,1,0,310,red,11584,T11
99,0,1,0,310,red,11584,T11
100,0,1,0,310,red,11584,T11
101,0,1,0,310,red,11584,T11
102,0,1,0,310,red,11584,T11
103,0,1,0,310,red,11584,T11
104,0,1,0,310,red,11584,T11
105,0,1,0,310,red,11584,T11
106,0,1,0,310,red,11584,T11
107,0,0,1,310,red,11584,T11
108,0,0,1,310,red,11584,T11
109,1,0,0,310,red,11584,T11
110,1,0,0,310,red,11584,T11
111,1,0,0,310,red,11584,T11
112,1,0,0,310,red,11584,T11
113,1,0,0,310,red,11584,T11
114,1,0,0,310,red,11584,T11
115,1,0,0,310,red,11584,T11
116,1,0,0,310,red,11584,T11
117,1,0,0,310,red,11584,T11
118,1,0,0,310,red,11584,T11
119,1,0,0,310,red,11584,T11
120,1,0,0,310,red,11584,T11
121,1,0,0,310,red,11584,T11
122,1,0,0,310,red,11584,T11
123,1,0,0,310,red,11584,T11
124,1,0,0,310,red,11584,T11
125,1,0,0,310,red,11584,T11
126,1,0,0,310,red,11584,T11
127,1,0,0,310,red,11584,T11
128,1,0,0,310,red,11584,T11
129,1,0,0,310,red,11584,T11
130,1,0,0,310,red,11584,T11
131,1,0,0,310,red,11584,T11
132,1,0,0,310,red,11584,T11
133,1,0,0,310,red,11584,T11
134,1,0,0,310,red,11584,T11
135,1,0,0,310,red,11584,T11
136,1,0,0,310,red,11584,T11
137,1,0,0,310,red,11584,T11
138,1,0,0,310,red,11584,T11
139,1,0,0,310,red,11584,T11
140,1,0,0,310,red,11584,T11
141,1,0,0,310,red,11584,T11
142,1,0,0,310,red,11584,T11
143,1,0,0,310,red,11584,T11
144,1,0,0,310,red,11584,T11
145,1,0,0,310,red,11584,T11
146,1,0,0,310,red,11584,T11
147,1,0,0,310,red,11584,T11
148,1,0,0,310,red,11584,T11
149,1,0,0,310,red,11584,T11
150,1,0,0,310,red,11584,T11
151,1,0,0,310,red,11584,T11
152,1,0,0,310,red,11584,T11
153,1,0,0,310,red,11584,T11
154,1,0,0,310,red,11584,T11
155,1,0,0,310,red,11584,T11
156,1,0,0,310,red,11584,T11
157,1,0,0,310,red,11584,T11
158,1,0,0,310,red,11584,T11
159,1,0,0,310,red,11584,T11
160,1,0,0,310,red,11584,T11
161,1,0,0,310,red,11584,T11
162,1,0,0,310,red,11584,T11
163,1,0,0,310,red,11584,T11
164,1,0,0,310,red,11584,T11
165,1,0,0,310,red,11584,T11
166,1,0,0,310,red,11584,T11
167,1,0,0,310,red,11584,T11
168,1,0,0,310,red,11584,T11
169,1,0,0,310,red,11584,T11
170,1,0,0,310,red,11584,T11
171,1,0,0,310,red,11584,T11
172,1,0,0,310,red,11584,T11
173,1,0,0,310,red,11584,T11
174,1,0,0,310,red,11584,T11
175,1,0,0,310,red,11584,T11
176,1,0,0,310,red,11584,T11
177,1,0,0,310,red,11584,T11
178,1,0,0,310,red,11584,T11
179,1,0,0,310,red,11584,T11
180,1,0,0,310,red,11584,T11
181,1,0,0,310,red,11584,T11
182,1,0,0,310,red,11584,T11
183,1,0,0,310,red,11584,T11
184,1,0,0,310,red,11584,T11
185,1,0,0,310,red,11584,T11
186,1,0,0,310,red,11584,T11
187,1,0,0,310,red,11584,T11
188,1,0,0,310,red,11584,T11
189,1,0,0,310,red,11584,T11
190,1,0,0,310,red,11584,T11
191,1,0,0,310,red,11584,T11
192,1,0,0,310,red,11584,T11
193,1,0,0,310,red,11584,T11
194,1,0,0,310,red,11584,T11
195,1,0,0,310,red,11584,T11
196,1,0,0,310,red,11584,T11
197,1,0,0,310,red,11584,T11
198,1,0,0,310,red,11584,T11
199,1,0,0,310,red,11584,T11
200,1,0,0,310,red,11584,T11
201,1,0,0,310,red,11584,T11
202,1,0,0,310,red,11584,T11
203,1,0,0,310,red,11584,T11
204,1,0,0,310,red,11584,T11
205,1,0,0,310,red,11584,T11
206,1,0,0,310,red,11584,T11
207,1,0,0,310,red,11584,T11
208,1,0,0,310,red,11584,T11
209,1,0,0,310,red,11584,T11
210,1,0,0,310,red,11584,T11
211,1,0,0,310,red,11584,T11
212,1,0,0,310,red,11584,T11
213,1,0,0,310,red,11584,T11
214,1,0,0,310,red,11584,T11
215,1,0,0,310,red,11584,T11
216,1,0,0,310,red,11584,T11
217,1,0,0,310,red,11584,T11
218,1,0,0,310,red,11584,T11
219,1,0,0,310,red,11584,T11
220,1,0,0,310,red,11584,T11
221,1,0,0,310,red,11584,T11
0,0,0,1,313,red,11609,T11
1,0,0,1,313,red,11609,T11
2,0,0,1,313,red,11609,T11
3,0,0,1,313,red,11609,T11
4,0,0,1,313,red,11609,T11
5,0,0,1,313,red,11609,T11
6,0,0,1,313,red,11609,T11
7,0,0,1,313,red,11609,T11
8,0,0,1,313,red,11609,T11
9,0,0,1,313,red,11609,T11
10,0,0,1,313,red,11609,T11
11,0,0,1,313,red,11609,T11
12,0,0,1,313,red,11609,T11
13,0,0,1,313,red,11609,T11
14,0,0,1,313,red,11609,T11
15,0,0,1,313,red,11609,T11
16,0,0,1,313,red,11609,T11
17,0,0,1,313,red,11609,T11
18,0,0,1,313,red,11609,T11
19,0,0,1,313,red,11609,T11
20,0,0,1,313,red,11609,T11
21,0,0,1,313,red,11609,T11
22,0,0,1,313,red,11609,T11
23,0,0,1,313,red,11609,T11
24,0,0,1,313,red,11609,T11
25,0,0,1,313,red,11609,T11
26,0,0,1,313,red,11609,T11
27,0,0,1,313,red,11609,T11
28,0,0,1,313,red,11609,T11
29,0,0,1,313,red,11609,T11
30,0,0,1,313,red,11609,T11
31,0,0,1,313,red,11609,T11
32,0,0,1,313,red,11609,T11
33,0,0,1,313,red,11609,T11
34,0,0,1,313,red,11609,T11
35,0,0,1,313,red,11609,T11
36,0,0,1,313,red,11609,T11
37,0,0,1,313,red,11609,T11
38,0,0,1,313,red,11609,T11
39,0,0,1,313,red,11609,T11
40,0,0,1,313,red,11609,T11
41,0,0,1,313,red,11609,T11
42,0,0,1,313,red,11609,T11
43,0,0,1,313,red,11609,T11
44,0,0,1,313,red,11609,T11
45,0,0,1,313,red,11609,T11
46,0,0,1,313,red,11609,T11
47,0,0,1,313,red,11609,T11
48,0,0,1,313,red,11609,T11
49,0,0,1,313,red,11609,T11
50,0,0,1,313,red,11609,T11
51,0,0,1,313,red,11609,T11
52,0,0,1,313,red,11609,T11
53,0,0,1,313,red,11609,T11
54,0,0,1,313,red,11609,T11
55,0,0,1,313,red,11609,T11
56,0,0,1,313,red,11609,T11
57,0,0,1,313,red,11609,T11
58,1,0,0,313,red,11609,T11
59,1,0,0,313,red,11609,T11
60,1,0,0,313,red,11609,T11
61,1,0,0,313,red,11609,T11
62,1,0,0,313,red,11609,T11
63,1,0,0,313,red,11609,T11
64,1,0,0,313,red,11609,T11
65,1,0,0,313,red,11609,T11
66,1,0,0,313,red,11609,T11
67,1,0,0,313,red,11609,T11
68,1,0,0,313,red,11609,T11
69,1,0,0,313,red,11609,T11
70,1,0,0,313,red,11609,T11
71,0,0,1,313,red,11609,T11
72,0,1,0,313,red,11609,T11
73,0,1,0,313,red,11609,T11
74,0,1,0,313,red,11609,T11
75,0,1,0,313,red,11609,T11
76,0,1,0,313,red,11609,T11
77,0,1,0,313,red,11609,T11
78,0,1,0,313,red,11609,T11
79,0,1,0,313,red,11609,T11
80,0,1,0,313,red,11609,T11
81,0,1,0,313,red,11609,T11
82,0,1,0,313,red,11609,T11
83,0,1,0,313,red,11609,T11
84,0,1,0,313,red,11609,T11
85,0,1,0,313,red,11609,T11
86,0,1,0,313,red,11609,T11
87,0,1,0,313,red,11609,T11
88,0,1,0,313,red,11609,T11
89,0,1,0,313,red,11609,T11
90,0,1,0,313,red,11609,T11
91,0,1,0,313,red,11609,T11
92,0,1,0,313,red,11609,T11
93,0,1,0,313,red,11609,T11
94,0,1,0,313,red,11609,T11
95,0,1,0,313,red,11609,T11
96,0,1,0,313,red,11609,T11
97,0,1,0,313,red,11609,T11
98,0,1,0,313,red,11609,T11
99,0,1,0,313,red,11609,T11
100,0,1,0,313,red,11609,T11
101,0,1,0,313,red,11609,T11
102,0,1,0,313,red,11609,T11
103,0,1,0,313,red,11609,T11
104,0,1,0,313,red,11609,T11
105,0,1,0,313,red,11609,T11
106,0,1,0,313,red,11609,T11
107,0,1,0,313,red,11609,T11
108,0,1,0,313,red,11609,T11
109,0,1,0,313,red,11609,T11
110,0,1,0,313,red,11609,T11
111,0,1,0,313,red,11609,T11
112,0,1,0,313,red,11609,T11
113,0,1,0,313,red,11609,T11
114,0,1,0,313,red,11609,T11
115,0,1,0,313,red,11609,T11
116,0,1,0,313,red,11609,T11
117,0,1,0,313,red,11609,T11
118,0,1,0,313,red,11609,T11
119,0,1,0,313,red,11609,T11
120,0,1,0,313,red,11609,T11
121,0,1,0,313,red,11609,T11
122,0,1,0,313,red,11609,T11
123,0,1,0,313,red,11609,T11
124,0,0,1,313,red,11609,T11
125,1,0,0,313,red,11609,T11
126,1,0,0,313,red,11609,T11
127,1,0,0,313,red,11609,T11
128,1,0,0,313,red,11609,T11
129,1,0,0,313,red,11609,T11
130,1,0,0,313,red,11609,T11
131,1,0,0,313,red,11609,T11
132,1,0,0,313,red,11609,T11
133,1,0,0,313,red,11609,T11
134,1,0,0,313,red,11609,T11
135,1,0,0,313,red,11609,T11
136,1,0,0,313,red,11609,T11
137,1,0,0,313,red,11609,T11
138,1,0,0,313,red,11609,T11
139,1,0,0,313,red,11609,T11
140,1,0,0,313,red,11609,T11
141,1,0,0,313,red,11609,T11
142,1,0,0,313,red,11609,T11
143,1,0,0,313,red,11609,T11
144,1,0,0,313,red,11609,T11
145,1,0,0,313,red,11609,T11
146,1,0,0,313,red,11609,T11
147,1,0,0,313,red,11609,T11
148,1,0,0,313,red,11609,T11
149,1,0,0,313,red,11609,T11
150,1,0,0,313,red,11609,T11
151,1,0,0,313,red,11609,T11
152,1,0,0,313,red,11609,T11
153,1,0,0,313,red,11609,T11
154,1,0,0,313,red,11609,T11
155,1,0,0,313,red,11609,T11
156,1,0,0,313,red,11609,T11
157,1,0,0,313,red,11609,T11
158,1,0,0,313,red,11609,T11
159,1,0,0,313,red,11609,T11
160,1,0,0,313,red,11609,T11
161,1,0,0,313,red,11609,T11
162,1,0,0,313,red,11609,T11
163,1,0,0,313,red,11609,T11
164,1,0,0,313,red,11609,T11
165,1,0,0,313,red,11609,T11
166,1,0,0,313,red,11609,T11
167,1,0,0,313,red,11609,T11
168,1,0,0,313,red,11609,T11
169,1,0,0,313,red,11609,T11
170,1,0,0,313,red,11609,T11
171,1,0,0,313,red,11609,T11
172,1,0,0,313,red,11609,T11
173,1,0,0,313,red,11609,T11
174,1,0,0,313,red,11609,T11
175,1,0,0,313,red,11609,T11
176,1,0,0,313,red,11609,T11
177,1,0,0,313,red,11609,T11
178,1,0,0,313,red,11609,T11
179,1,0,0,313,red,11609,T11
180,1,0,0,313,red,11609,T11
181,1,0,0,313,red,11609,T11
182,1,0,0,313,red,11609,T11
183,1,0,0,313,red,11609,T11
184,1,0,0,313,red,11609,T11
185,1,0,0,313,red,11609,T11
186,1,0,0,313,red,11609,T11
187,1,0,0,313,red,11609,T11
188,1,0,0,313,red,11609,T11
189,1,0,0,313,red,11609,T11
190,1,0,0,313,red,11609,T11
191,1,0,0,313,red,11609,T11
192,1,0,0,313,red,11609,T11
193,1,0,0,313,red,11609,T11
194,1,0,0,313,red,11609,T11
195,1,0,0,313,red,11609,T11
196,1,0,0,313,red,11609,T11
197,1,0,0,313,red,11609,T11
198,1,0,0,313,red,11609,T11
199,1,0,0,313,red,11609,T11
200,1,0,0,313,red,11609,T11
201,1,0,0,313,red,11609,T11
202,1,0,0,313,red,11609,T11
203,1,0,0,313,red,11609,T11
204,1,0,0,313,red,11609,T11
205,1,0,0,313,red,11609,T11
206,1,0,0,313,red,11609,T11
207,1,0,0,313,red,11609,T11
208,1,0,0,313,red,11609,T11
209,1,0,0,313,red,11609,T11
210,1,0,0,313,red,11609,T11
211,1,0,0,313,red,11609,T11
212,1,0,0,313,red,11609,T11
213,1,0,0,313,red,11609,T11
214,1,0,0,313,red,11609,T11
215,1,0,0,313,red,11609,T11
216,1,0,0,313,red,11609,T11
217,1,0,0,313,red,11609,T11
218,1,0,0,313,red,11609,T11
219,1,0,0,313,red,11609,T11
220,1,0,0,313,red,11609,T11
221,1,0,0,313,red,11609,T11
0,0,0,1,314,red,11631,T11
1,0,0,1,314,red,11631,T11
2,0,0,1,314,red,11631,T11
3,0,0,1,314,red,11631,T11
4,0,0,1,314,red,11631,T11
5,0,0,1,314,red,11631,T11
6,0,0,1,314,red,11631,T11
7,0,0,1,314,red,11631,T11
8,0,0,1,314,red,11631,T11
9,0,0,1,314,red,11631,T11
10,0,0,1,314,red,11631,T11
11,0,0,1,314,red,11631,T11
12,0,0,1,314,red,11631,T11
13,0,0,1,314,red,11631,T11
14,0,0,1,314,red,11631,T11
15,0,0,1,314,red,11631,T11
16,0,0,1,314,red,11631,T11
17,0,0,1,314,red,11631,T11
18,0,0,1,314,red,11631,T11
19,0,0,1,314,red,11631,T11
20,0,0,1,314,red,11631,T11
21,0,0,1,314,red,11631,T11
22,0,0,1,314,red,11631,T11
23,0,0,1,314,red,11631,T11
24,0,0,1,314,red,11631,T11
25,0,0,1,314,red,11631,T11
26,0,0,1,314,red,11631,T11
27,0,0,1,314,red,11631,T11
28,0,0,1,314,red,11631,T11
29,0,0,1,314,red,11631,T11
30,0,0,1,314,red,11631,T11
31,0,0,1,314,red,11631,T11
32,0,0,1,314,red,11631,T11
33,0,0,1,314,red,11631,T11
34,0,0,1,314,red,11631,T11
35,0,0,1,314,red,11631,T11
36,0,0,1,314,red,11631,T11
37,0,0,1,314,red,11631,T11
38,0,0,1,314,red,11631,T11
39,0,0,1,314,red,11631,T11
40,0,0,1,314,red,11631,T11
41,0,0,1,314,red,11631,T11
42,0,0,1,314,red,11631,T11
43,0,0,1,314,red,11631,T11
44,0,0,1,314,red,11631,T11
45,0,0,1,314,red,11631,T11
46,0,0,1,314,red,11631,T11
47,0,0,1,314,red,11631,T11
48,0,0,1,314,red,11631,T11
49,0,0,1,314,red,11631,T11
50,0,0,1,314,red,11631,T11
51,0,0,1,314,red,11631,T11
52,0,0,1,314,red,11631,T11
53,0,0,1,314,red,11631,T11
54,0,0,1,314,red,11631,T11
55,0,1,0,314,red,11631,T11
56,0,1,0,314,red,11631,T11
57,0,1,0,314,red,11631,T11
58,0,1,0,314,red,11631,T11
59,0,1,0,314,red,11631,T11
60,0,1,0,314,red,11631,T11
61,0,1,0,314,red,11631,T11
62,0,1,0,314,red,11631,T11
63,0,1,0,314,red,11631,T11
64,0,1,0,314,red,11631,T11
65,0,1,0,314,red,11631,T11
66,0,1,0,314,red,11631,T11
67,0,1,0,314,red,11631,T11
68,0,1,0,314,red,11631,T11
69,0,1,0,314,red,11631,T11
70,0,1,0,314,red,11631,T11
71,0,1,0,314,red,11631,T11
72,0,1,0,314,red,11631,T11
73,0,1,0,314,red,11631,T11
74,0,1,0,314,red,11631,T11
75,0,1,0,314,red,11631,T11
76,0,1,0,314,red,11631,T11
77,0,1,0,314,red,11631,T11
78,0,1,0,314,red,11631,T11
79,0,1,0,314,red,11631,T11
80,0,1,0,314,red,11631,T11
81,0,1,0,314,red,11631,T11
82,0,1,0,314,red,11631,T11
83,0,1,0,314,red,11631,T11
84,0,1,0,314,red,11631,T11
85,0,1,0,314,red,11631,T11
86,0,1,0,314,red,11631,T11
87,0,1,0,314,red,11631,T11
88,0,1,0,314,red,11631,T11
89,0,1,0,314,red,11631,T11
90,0,1,0,314,red,11631,T11
91,0,1,0,314,red,11631,T11
92,0,1,0,314,red,11631,T11
93,0,1,0,314,red,11631,T11
94,0,1,0,314,red,11631,T11
95,0,1,0,314,red,11631,T11
96,0,1,0,314,red,11631,T11
97,0,1,0,314,red,11631,T11
98,0,1,0,314,red,11631,T11
99,0,1,0,314,red,11631,T11
100,0,1,0,314,red,11631,T11
101,0,1,0,314,red,11631,T11
102,0,1,0,314,red,11631,T11
103,0,1,0,314,red,11631,T11
104,0,1,0,314,red,11631,T11
105,0,1,0,314,red,11631,T11
106,0,1,0,314,red,11631,T11
107,0,1,0,314,red,11631,T11
108,0,1,0,314,red,11631,T11
109,0,1,0,314,red,11631,T11
110,0,1,0,314,red,11631,T11
111,0,1,0,314,red,11631,T11
112,0,1,0,314,red,11631,T11
113,0,1,0,314,red,11631,T11
114,0,1,0,314,red,11631,T11
115,0,1,0,314,red,11631,T11
116,0,1,0,314,red,11631,T11
117,0,1,0,314,red,11631,T11
118,0,1,0,314,red,11631,T11
119,0,0,1,314,red,11631,T11
120,0,0,1,314,red,11631,T11
121,0,0,1,314,red,11631,T11
122,0,0,1,314,red,11631,T11
123,1,0,0,314,red,11631,T11
124,1,0,0,314,red,11631,T11
125,1,0,0,314,red,11631,T11
126,1,0,0,314,red,11631,T11
127,1,0,0,314,red,11631,T11
128,1,0,0,314,red,11631,T11
129,1,0,0,314,red,11631,T11
130,1,0,0,314,red,11631,T11
131,1,0,0,314,red,11631,T11
132,1,0,0,314,red,11631,T11
133,1,0,0,314,red,11631,T11
134,1,0,0,314,red,11631,T11
135,1,0,0,314,red,11631,T11
136,1,0,0,314,red,11631,T11
137,1,0,0,314,red,11631,T11
138,1,0,0,314,red,11631,T11
139,1,0,0,314,red,11631,T11
140,1,0,0,314,red,11631,T11
141,1,0,0,314,red,11631,T11
142,1,0,0,314,red,11631,T11
143,1,0,0,314,red,11631,T11
144,1,0,0,314,red,11631,T11
145,1,0,0,314,red,11631,T11
146,1,0,0,314,red,11631,T11
147,1,0,0,314,red,11631,T11
148,1,0,0,314,red,11631,T11
149,1,0,0,314,red,11631,T11
150,1,0,0,314,red,11631,T11
151,1,0,0,314,red,11631,T11
152,1,0,0,314,red,11631,T11
153,1,0,0,314,red,11631,T11
154,1,0,0,314,red,11631,T11
155,1,0,0,314,red,11631,T11
156,1,0,0,314,red,11631,T11
157,1,0,0,314,red,11631,T11
158,1,0,0,314,red,11631,T11
159,1,0,0,314,red,11631,T11
160,1,0,0,314,red,11631,T11
161,1,0,0,314,red,11631,T11
162,1,0,0,314,red,11631,T11
163,1,0,0,314,red,11631,T11
164,1,0,0,314,red,11631,T11
165,1,0,0,314,red,11631,T11
166,1,0,0,314,red,11631,T11
167,1,0,0,314,red,11631,T11
168,1,0,0,314,red,11631,T11
169,1,0,0,314,red,11631,T11
170,1,0,0,314,red,11631,T11
171,1,0,0,314,red,11631,T11
172,1,0,0,314,red,11631,T11
173,1,0,0,314,red,11631,T11
174,1,0,0,314,red,11631,T11
175,1,0,0,314,red,11631,T11
176,1,0,0,314,red,11631,T11
177,1,0,0,314,red,11631,T11
178,1,0,0,314,red,11631,T11
179,1,0,0,314,red,11631,T11
180,1,0,0,314,red,11631,T11
181,1,0,0,314,red,11631,T11
182,1,0,0,314,red,11631,T11
183,1,0,0,314,red,11631,T11
184,1,0,0,314,red,11631,T11
185,1,0,0,314,red,11631,T11
186,1,0,0,314,red,11631,T11
187,1,0,0,314,red,11631,T11
188,1,0,0,314,red,11631,T11
189,1,0,0,314,red,11631,T11
190,1,0,0,314,red,11631,T11
191,1,0,0,314,red,11631,T11
192,1,0,0,314,red,11631,T11
193,1,0,0,314,red,11631,T11
194,1,0,0,314,red,11631,T11
195,1,0,0,314,red,11631,T11
196,1,0,0,314,red,11631,T11
197,1,0,0,314,red,11631,T11
198,1,0,0,314,red,11631,T11
199,1,0,0,314,red,11631,T11
200,1,0,0,314,red,11631,T11
201,1,0,0,314,red,11631,T11
202,1,0,0,314,red,11631,T11
203,1,0,0,314,red,11631,T11
204,1,0,0,314,red,11631,T11
205,1,0,0,314,red,11631,T11
206,1,0,0,314,red,11631,T11
207,1,0,0,314,red,11631,T11
208,1,0,0,314,red,11631,T11
209,1,0,0,314,red,11631,T11
210,1,0,0,314,red,11631,T11
211,1,0,0,314,red,11631,T11
212,1,0,0,314,red,11631,T11
213,1,0,0,314,red,11631,T11
214,1,0,0,314,red,11631,T11
215,1,0,0,314,red,11631,T11
216,1,0,0,314,red,11631,T11
217,1,0,0,314,red,11631,T11
218,1,0,0,314,red,11631,T11
219,1,0,0,314,red,11631,T11
220,1,0,0,314,red,11631,T11
221,1,0,0,314,red,11631,T11
0,0,0,1,315,red,11752,T11
1,0,0,1,315,red,11752,T11
2,0,0,1,315,red,11752,T11
3,0,0,1,315,red,11752,T11
4,0,0,1,315,red,11752,T11
5,0,0,1,315,red,11752,T11
6,0,0,1,315,red,11752,T11
7,0,0,1,315,red,11752,T11
8,0,0,1,315,red,11752,T11
9,0,0,1,315,red,11752,T11
10,0,0,1,315,red,11752,T11
11,0,0,1,315,red,11752,T11
12,0,0,1,315,red,11752,T11
13,0,0,1,315,red,11752,T11
14,0,0,1,315,red,11752,T11
15,0,0,1,315,red,11752,T11
16,0,0,1,315,red,11752,T11
17,0,0,1,315,red,11752,T11
18,0,0,1,315,red,11752,T11
19,0,0,1,315,red,11752,T11
20,0,0,1,315,red,11752,T11
21,0,0,1,315,red,11752,T11
22,0,0,1,315,red,11752,T11
23,1,0,0,315,red,11752,T11
24,1,0,0,315,red,11752,T11
25,1,0,0,315,red,11752,T11
26,1,0,0,315,red,11752,T11
27,1,0,0,315,red,11752,T11
28,1,0,0,315,red,11752,T11
29,1,0,0,315,red,11752,T11
30,1,0,0,315,red,11752,T11
31,1,0,0,315,red,11752,T11
32,1,0,0,315,red,11752,T11
33,1,0,0,315,red,11752,T11
34,1,0,0,315,red,11752,T11
35,1,0,0,315,red,11752,T11
36,1,0,0,315,red,11752,T11
37,1,0,0,315,red,11752,T11
38,1,0,0,315,red,11752,T11
39,1,0,0,315,red,11752,T11
40,1,0,0,315,red,11752,T11
41,1,0,0,315,red,11752,T11
42,1,0,0,315,red,11752,T11
43,1,0,0,315,red,11752,T11
44,1,0,0,315,red,11752,T11
45,1,0,0,315,red,11752,T11
46,1,0,0,315,red,11752,T11
47,1,0,0,315,red,11752,T11
48,1,0,0,315,red,11752,T11
49,1,0,0,315,red,11752,T11
50,1,0,0,315,red,11752,T11
51,1,0,0,315,red,11752,T11
52,1,0,0,315,red,11752,T11
53,1,0,0,315,red,11752,T11
54,1,0,0,315,red,11752,T11
55,1,0,0,315,red,11752,T11
56,1,0,0,315,red,11752,T11
57,0,0,1,315,red,11752,T11
58,0,1,0,315,red,11752,T11
59,0,1,0,315,red,11752,T11
60,0,1,0,315,red,11752,T11
61,0,1,0,315,red,11752,T11
62,0,1,0,315,red,11752,T11
63,0,1,0,315,red,11752,T11
64,0,1,0,315,red,11752,T11
65,0,1,0,315,red,11752,T11
66,0,1,0,315,red,11752,T11
67,0,1,0,315,red,11752,T11
68,0,1,0,315,red,11752,T11
69,0,1,0,315,red,11752,T11
70,0,1,0,315,red,11752,T11
71,0,1,0,315,red,11752,T11
72,0,1,0,315,red,11752,T11
73,0,1,0,315,red,11752,T11
74,0,1,0,315,red,11752,T11
75,0,1,0,315,red,11752,T11
76,0,1,0,315,red,11752,T11
77,0,1,0,315,red,11752,T11
78,0,1,0,315,red,11752,T11
79,0,1,0,315,red,11752,T11
80,0,1,0,315,red,11752,T11
81,0,1,0,315,red,11752,T11
82,0,1,0,315,red,11752,T11
83,0,1,0,315,red,11752,T11
84,0,1,0,315,red,11752,T11
85,0,1,0,315,red,11752,T11
86,0,1,0,315,red,11752,T11
87,0,1,0,315,red,11752,T11
88,0,1,0,315,red,11752,T11
89,0,1,0,315,red,11752,T11
90,0,1,0,315,red,11752,T11
91,0,1,0,315,red,11752,T11
92,0,1,0,315,red,11752,T11
93,0,1,0,315,red,11752,T11
94,0,1,0,315,red,11752,T11
95,0,1,0,315,red,11752,T11
96,0,1,0,315,red,11752,T11
97,0,1,0,315,red,11752,T11
98,0,1,0,315,red,11752,T11
99,0,1,0,315,red,11752,T11
100,0,1,0,315,red,11752,T11
101,0,1,0,315,red,11752,T11
102,0,1,0,315,red,11752,T11
103,0,1,0,315,red,11752,T11
104,0,1,0,315,red,11752,T11
105,0,1,0,315,red,11752,T11
106,0,1,0,315,red,11752,T11
107,0,1,0,315,red,11752,T11
108,0,1,0,315,red,11752,T11
109,0,1,0,315,red,11752,T11
110,0,1,0,315,red,11752,T11
111,0,1,0,315,red,11752,T11
112,0,1,0,315,red,11752,T11
113,0,1,0,315,red,11752,T11
114,0,1,0,315,red,11752,T11
115,0,1,0,315,red,11752,T11
116,0,1,0,315,red,11752,T11
117,0,1,0,315,red,11752,T11
118,0,1,0,315,red,11752,T11
119,0,1,0,315,red,11752,T11
120,0,1,0,315,red,11752,T11
121,0,1,0,315,red,11752,T11
122,0,1,0,315,red,11752,T11
123,0,1,0,315,red,11752,T11
124,0,1,0,315,red,11752,T11
125,0,1,0,315,red,11752,T11
126,0,1,0,315,red,11752,T11
127,0,1,0,315,red,11752,T11
128,0,1,0,315,red,11752,T11
129,0,1,0,315,red,11752,T11
130,0,1,0,315,red,11752,T11
131,0,0,1,315,red,11752,T11
132,0,0,1,315,red,11752,T11
133,1,0,0,315,red,11752,T11
134,1,0,0,315,red,11752,T11
135,1,0,0,315,red,11752,T11
136,1,0,0,315,red,11752,T11
137,1,0,0,315,red,11752,T11
138,1,0,0,315,red,11752,T11
139,1,0,0,315,red,11752,T11
140,1,0,0,315,red,11752,T11
141,1,0,0,315,red,11752,T11
142,1,0,0,315,red,11752,T11
143,1,0,0,315,red,11752,T11
144,1,0,0,315,red,11752,T11
145,1,0,0,315,red,11752,T11
146,1,0,0,315,red,11752,T11
147,1,0,0,315,red,11752,T11
148,1,0,0,315,red,11752,T11
149,1,0,0,315,red,11752,T11
150,1,0,0,315,red,11752,T11
151,1,0,0,315,red,11752,T11
152,1,0,0,315,red,11752,T11
153,1,0,0,315,red,11752,T11
154,1,0,0,315,red,11752,T11
155,1,0,0,315,red,11752,T11
156,1,0,0,315,red,11752,T11
157,1,0,0,315,red,11752,T11
158,1,0,0,315,red,11752,T11
159,1,0,0,315,red,11752,T11
160,1,0,0,315,red,11752,T11
161,1,0,0,315,red,11752,T11
162,1,0,0,315,red,11752,T11
163,1,0,0,315,red,11752,T11
164,1,0,0,315,red,11752,T11
165,1,0,0,315,red,11752,T11
166,1,0,0,315,red,11752,T11
167,1,0,0,315,red,11752,T11
168,1,0,0,315,red,11752,T11
169,1,0,0,315,red,11752,T11
170,1,0,0,315,red,11752,T11
171,1,0,0,315,red,11752,T11
172,1,0,0,315,red,11752,T11
173,1,0,0,315,red,11752,T11
174,1,0,0,315,red,11752,T11
175,1,0,0,315,red,11752,T11
176,1,0,0,315,red,11752,T11
177,1,0,0,315,red,11752,T11
178,1,0,0,315,red,11752,T11
179,1,0,0,315,red,11752,T11
180,1,0,0,315,red,11752,T11
181,1,0,0,315,red,11752,T11
182,1,0,0,315,red,11752,T11
183,1,0,0,315,red,11752,T11
184,1,0,0,315,red,11752,T11
185,1,0,0,315,red,11752,T11
186,1,0,0,315,red,11752,T11
187,1,0,0,315,red,11752,T11
188,1,0,0,315,red,11752,T11
189,1,0,0,315,red,11752,T11
190,1,0,0,315,red,11752,T11
191,1,0,0,315,red,11752,T11
192,1,0,0,315,red,11752,T11
193,1,0,0,315,red,11752,T11
194,1,0,0,315,red,11752,T11
195,1,0,0,315,red,11752,T11
196,1,0,0,315,red,11752,T11
197,1,0,0,315,red,11752,T11
198,1,0,0,315,red,11752,T11
199,1,0,0,315,red,11752,T11
200,1,0,0,315,red,11752,T11
201,1,0,0,315,red,11752,T11
202,1,0,0,315,red,11752,T11
203,1,0,0,315,red,11752,T11
204,1,0,0,315,red,11752,T11
205,1,0,0,315,red,11752,T11
206,1,0,0,315,red,11752,T11
207,1,0,0,315,red,11752,T11
208,1,0,0,315,red,11752,T11
209,1,0,0,315,red,11752,T11
210,1,0,0,315,red,11752,T11
211,1,0,0,315,red,11752,T11
212,1,0,0,315,red,11752,T11
213,1,0,0,315,red,11752,T11
214,1,0,0,315,red,11752,T11
215,1,0,0,315,red,11752,T11
216,1,0,0,315,red,11752,T11
217,1,0,0,315,red,11752,T11
218,1,0,0,315,red,11752,T11
219,1,0,0,315,red,11752,T11
220,1,0,0,315,red,11752,T11
221,1,0,0,315,red,11752,T11
0,0,0,1,316,red,11725,T11
1,0,0,1,316,red,11725,T11
2,0,0,1,316,red,11725,T11
3,0,0,1,316,red,11725,T11
4,0,0,1,316,red,11725,T11
5,0,0,1,316,red,11725,T11
6,0,0,1,316,red,11725,T11
7,0,0,1,316,red,11725,T11
8,0,0,1,316,red,11725,T11
9,0,0,1,316,red,11725,T11
10,0,0,1,316,red,11725,T11
11,0,0,1,316,red,11725,T11
12,0,0,1,316,red,11725,T11
13,0,0,1,316,red,11725,T11
14,0,0,1,316,red,11725,T11
15,0,0,1,316,red,11725,T11
16,0,0,1,316,red,11725,T11
17,0,0,1,316,red,11725,T11
18,0,0,1,316,red,11725,T11
19,0,0,1,316,red,11725,T11
20,0,0,1,316,red,11725,T11
21,0,0,1,316,red,11725,T11
22,0,0,1,316,red,11725,T11
23,0,0,1,316,red,11725,T11
24,0,0,1,316,red,11725,T11
25,0,0,1,316,red,11725,T11
26,0,0,1,316,red,11725,T11
27,0,0,1,316,red,11725,T11
28,0,0,1,316,red,11725,T11
29,0,0,1,316,red,11725,T11
30,0,0,1,316,red,11725,T11
31,0,1,0,316,red,11725,T11
32,0,1,0,316,red,11725,T11
33,0,1,0,316,red,11725,T11
34,0,1,0,316,red,11725,T11
35,0,0,1,316,red,11725,T11
36,0,0,1,316,red,11725,T11
37,0,0,1,316,red,11725,T11
38,0,0,1,316,red,11725,T11
39,0,1,0,316,red,11725,T11
40,0,1,0,316,red,11725,T11
41,0,1,0,316,red,11725,T11
42,0,1,0,316,red,11725,T11
43,0,1,0,316,red,11725,T11
44,0,1,0,316,red,11725,T11
45,0,1,0,316,red,11725,T11
46,0,1,0,316,red,11725,T11
47,0,1,0,316,red,11725,T11
48,0,1,0,316,red,11725,T11
49,0,1,0,316,red,11725,T11
50,0,1,0,316,red,11725,T11
51,0,1,0,316,red,11725,T11
52,0,1,0,316,red,11725,T11
53,0,1,0,316,red,11725,T11
54,0,1,0,316,red,11725,T11
55,0,1,0,316,red,11725,T11
56,0,1,0,316,red,11725,T11
57,0,1,0,316,red,11725,T11
58,0,1,0,316,red,11725,T11
59,0,1,0,316,red,11725,T11
60,0,1,0,316,red,11725,T11
61,0,1,0,316,red,11725,T11
62,0,1,0,316,red,11725,T11
63,0,1,0,316,red,11725,T11
64,0,1,0,316,red,11725,T11
65,0,1,0,316,red,11725,T11
66,0,1,0,316,red,11725,T11
67,0,1,0,316,red,11725,T11
68,0,1,0,316,red,11725,T11
69,0,1,0,316,red,11725,T11
70,0,1,0,316,red,11725,T11
71,0,1,0,316,red,11725,T11
72,0,1,0,316,red,11725,T11
73,0,1,0,316,red,11725,T11
74,0,1,0,316,red,11725,T11
75,0,1,0,316,red,11725,T11
76,0,1,0,316,red,11725,T11
77,0,1,0,316,red,11725,T11
78,0,1,0,316,red,11725,T11
79,0,1,0,316,red,11725,T11
80,0,1,0,316,red,11725,T11
81,0,1,0,316,red,11725,T11
82,0,1,0,316,red,11725,T11
83,0,1,0,316,red,11725,T11
84,0,1,0,316,red,11725,T11
85,0,1,0,316,red,11725,T11
86,0,1,0,316,red,11725,T11
87,0,1,0,316,red,11725,T11
88,0,1,0,316,red,11725,T11
89,0,0,1,316,red,11725,T11
90,1,0,0,316,red,11725,T11
91,1,0,0,316,red,11725,T11
92,1,0,0,316,red,11725,T11
93,1,0,0,316,red,11725,T11
94,1,0,0,316,red,11725,T11
95,1,0,0,316,red,11725,T11
96,1,0,0,316,red,11725,T11
97,1,0,0,316,red,11725,T11
98,1,0,0,316,red,11725,T11
99,1,0,0,316,red,11725,T11
100,1,0,0,316,red,11725,T11
101,1,0,0,316,red,11725,T11
102,1,0,0,316,red,11725,T11
103,1,0,0,316,red,11725,T11
104,1,0,0,316,red,11725,T11
105,1,0,0,316,red,11725,T11
106,1,0,0,316,red,11725,T11
107,1,0,0,316,red,11725,T11
108,1,0,0,316,red,11725,T11
109,1,0,0,316,red,11725,T11
110,1,0,0,316,red,11725,T11
111,1,0,0,316,red,11725,T11
112,1,0,0,316,red,11725,T11
113,1,0,0,316,red,11725,T11
114,1,0,0,316,red,11725,T11
115,1,0,0,316,red,11725,T11
116,1,0,0,316,red,11725,T11
117,1,0,0,316,red,11725,T11
118,1,0,0,316,red,11725,T11
119,1,0,0,316,red,11725,T11
120,1,0,0,316,red,11725,T11
121,1,0,0,316,red,11725,T11
122,1,0,0,316,red,11725,T11
123,1,0,0,316,red,11725,T11
124,1,0,0,316,red,11725,T11
125,1,0,0,316,red,11725,T11
126,1,0,0,316,red,11725,T11
127,1,0,0,316,red,11725,T11
128,1,0,0,316,red,11725,T11
129,1,0,0,316,red,11725,T11
130,1,0,0,316,red,11725,T11
131,1,0,0,316,red,11725,T11
132,1,0,0,316,red,11725,T11
133,1,0,0,316,red,11725,T11
134,1,0,0,316,red,11725,T11
135,1,0,0,316,red,11725,T11
136,1,0,0,316,red,11725,T11
137,1,0,0,316,red,11725,T11
138,1,0,0,316,red,11725,T11
139,1,0,0,316,red,11725,T11
140,1,0,0,316,red,11725,T11
141,1,0,0,316,red,11725,T11
142,1,0,0,316,red,11725,T11
143,1,0,0,316,red,11725,T11
144,1,0,0,316,red,11725,T11
145,1,0,0,316,red,11725,T11
146,1,0,0,316,red,11725,T11
147,1,0,0,316,red,11725,T11
148,1,0,0,316,red,11725,T11
149,1,0,0,316,red,11725,T11
150,1,0,0,316,red,11725,T11
151,1,0,0,316,red,11725,T11
152,1,0,0,316,red,11725,T11
153,1,0,0,316,red,11725,T11
154,1,0,0,316,red,11725,T11
155,1,0,0,316,red,11725,T11
156,1,0,0,316,red,11725,T11
157,1,0,0,316,red,11725,T11
158,1,0,0,316,red,11725,T11
159,1,0,0,316,red,11725,T11
160,1,0,0,316,red,11725,T11
161,1,0,0,316,red,11725,T11
162,1,0,0,316,red,11725,T11
163,1,0,0,316,red,11725,T11
164,1,0,0,316,red,11725,T11
165,1,0,0,316,red,11725,T11
166,1,0,0,316,red,11725,T11
167,1,0,0,316,red,11725,T11
168,1,0,0,316,red,11725,T11
169,1,0,0,316,red,11725,T11
170,1,0,0,316,red,11725,T11
171,1,0,0,316,red,11725,T11
172,1,0,0,316,red,11725,T11
173,1,0,0,316,red,11725,T11
174,1,0,0,316,red,11725,T11
175,1,0,0,316,red,11725,T11
176,1,0,0,316,red,11725,T11
177,1,0,0,316,red,11725,T11
178,1,0,0,316,red,11725,T11
179,1,0,0,316,red,11725,T11
180,1,0,0,316,red,11725,T11
181,1,0,0,316,red,11725,T11
182,1,0,0,316,red,11725,T11
183,1,0,0,316,red,11725,T11
184,1,0,0,316,red,11725,T11
185,1,0,0,316,red,11725,T11
186,1,0,0,316,red,11725,T11
187,1,0,0,316,red,11725,T11
188,1,0,0,316,red,11725,T11
189,1,0,0,316,red,11725,T11
190,1,0,0,316,red,11725,T11
191,1,0,0,316,red,11725,T11
192,1,0,0,316,red,11725,T11
193,1,0,0,316,red,11725,T11
194,1,0,0,316,red,11725,T11
195,1,0,0,316,red,11725,T11
196,1,0,0,316,red,11725,T11
197,1,0,0,316,red,11725,T11
198,1,0,0,316,red,11725,T11
199,1,0,0,316,red,11725,T11
200,1,0,0,316,red,11725,T11
201,1,0,0,316,red,11725,T11
202,1,0,0,316,red,11725,T11
203,1,0,0,316,red,11725,T11
204,1,0,0,316,red,11725,T11
205,1,0,0,316,red,11725,T11
206,1,0,0,316,red,11725,T11
207,1,0,0,316,red,11725,T11
208,1,0,0,316,red,11725,T11
209,1,0,0,316,red,11725,T11
210,1,0,0,316,red,11725,T11
211,1,0,0,316,red,11725,T11
212,1,0,0,316,red,11725,T11
213,1,0,0,316,red,11725,T11
214,1,0,0,316,red,11725,T11
215,1,0,0,316,red,11725,T11
216,1,0,0,316,red,11725,T11
217,1,0,0,316,red,11725,T11
218,1,0,0,316,red,11725,T11
219,1,0,0,316,red,11725,T11
220,1,0,0,316,red,11725,T11
221,1,0,0,316,red,11725,T11
0,0,0,1,317,red,12020,T11
1,0,0,1,317,red,12020,T11
2,0,0,1,317,red,12020,T11
3,0,0,1,317,red,12020,T11
4,0,0,1,317,red,12020,T11
5,0,0,1,317,red,12020,T11
6,0,0,1,317,red,12020,T11
7,0,0,1,317,red,12020,T11
8,0,0,1,317,red,12020,T11
9,0,0,1,317,red,12020,T11
10,0,0,1,317,red,12020,T11
11,0,0,1,317,red,12020,T11
12,0,0,1,317,red,12020,T11
13,0,0,1,317,red,12020,T11
14,0,0,1,317,red,12020,T11
15,0,0,1,317,red,12020,T11
16,0,0,1,317,red,12020,T11
17,0,0,1,317,red,12020,T11
18,0,0,1,317,red,12020,T11
19,0,0,1,317,red,12020,T11
20,0,0,1,317,red,12020,T11
21,0,0,1,317,red,12020,T11
22,0,0,1,317,red,12020,T11
23,0,0,1,317,red,12020,T11
24,0,0,1,317,red,12020,T11
25,0,0,1,317,red,12020,T11
26,0,0,1,317,red,12020,T11
27,0,0,1,317,red,12020,T11
28,0,0,1,317,red,12020,T11
29,0,0,1,317,red,12020,T11
30,0,0,1,317,red,12020,T11
31,0,0,1,317,red,12020,T11
32,0,0,1,317,red,12020,T11
33,0,0,1,317,red,12020,T11
34,0,0,1,317,red,12020,T11
35,0,0,1,317,red,12020,T11
36,0,0,1,317,red,12020,T11
37,0,0,1,317,red,12020,T11
38,0,0,1,317,red,12020,T11
39,0,0,1,317,red,12020,T11
40,0,0,1,317,red,12020,T11
41,0,0,1,317,red,12020,T11
42,0,0,1,317,red,12020,T11
43,0,0,1,317,red,12020,T11
44,0,0,1,317,red,12020,T11
45,0,0,1,317,red,12020,T11
46,0,0,1,317,red,12020,T11
47,0,0,1,317,red,12020,T11
48,0,0,1,317,red,12020,T11
49,0,0,1,317,red,12020,T11
50,0,0,1,317,red,12020,T11
51,0,0,1,317,red,12020,T11
52,0,0,1,317,red,12020,T11
53,0,0,1,317,red,12020,T11
54,0,0,1,317,red,12020,T11
55,0,0,1,317,red,12020,T11
56,0,0,1,317,red,12020,T11
57,0,0,1,317,red,12020,T11
58,0,0,1,317,red,12020,T11
59,0,0,1,317,red,12020,T11
60,0,0,1,317,red,12020,T11
61,0,0,1,317,red,12020,T11
62,0,0,1,317,red,12020,T11
63,0,0,1,317,red,12020,T11
64,0,0,1,317,red,12020,T11
65,0,0,1,317,red,12020,T11
66,0,0,1,317,red,12020,T11
67,0,0,1,317,red,12020,T11
68,0,0,1,317,red,12020,T11
69,0,0,1,317,red,12020,T11
70,0,0,1,317,red,12020,T11
71,0,0,1,317,red,12020,T11
72,0,0,1,317,red,12020,T11
73,0,0,1,317,red,12020,T11
74,0,0,1,317,red,12020,T11
75,0,0,1,317,red,12020,T11
76,0,0,1,317,red,12020,T11
77,0,0,1,317,red,12020,T11
78,0,0,1,317,red,12020,T11
79,0,0,1,317,red,12020,T11
80,0,0,1,317,red,12020,T11
81,0,0,1,317,red,12020,T11
82,0,0,1,317,red,12020,T11
83,0,0,1,317,red,12020,T11
84,0,0,1,317,red,12020,T11
85,0,0,1,317,red,12020,T11
86,1,0,0,317,red,12020,T11
87,1,0,0,317,red,12020,T11
88,1,0,0,317,red,12020,T11
89,1,0,0,317,red,12020,T11
90,1,0,0,317,red,12020,T11
91,1,0,0,317,red,12020,T11
92,1,0,0,317,red,12020,T11
93,1,0,0,317,red,12020,T11
94,1,0,0,317,red,12020,T11
95,1,0,0,317,red,12020,T11
96,1,0,0,317,red,12020,T11
97,1,0,0,317,red,12020,T11
98,1,0,0,317,red,12020,T11
99,1,0,0,317,red,12020,T11
100,1,0,0,317,red,12020,T11
101,1,0,0,317,red,12020,T11
102,1,0,0,317,red,12020,T11
103,1,0,0,317,red,12020,T11
104,1,0,0,317,red,12020,T11
105,1,0,0,317,red,12020,T11
106,1,0,0,317,red,12020,T11
107,1,0,0,317,red,12020,T11
108,1,0,0,317,red,12020,T11
109,1,0,0,317,red,12020,T11
110,1,0,0,317,red,12020,T11
111,1,0,0,317,red,12020,T11
112,1,0,0,317,red,12020,T11
113,1,0,0,317,red,12020,T11
114,1,0,0,317,red,12020,T11
115,1,0,0,317,red,12020,T11
116,1,0,0,317,red,12020,T11
117,1,0,0,317,red,12020,T11
118,1,0,0,317,red,12020,T11
119,1,0,0,317,red,12020,T11
120,1,0,0,317,red,12020,T11
121,1,0,0,317,red,12020,T11
122,1,0,0,317,red,12020,T11
123,1,0,0,317,red,12020,T11
124,1,0,0,317,red,12020,T11
125,1,0,0,317,red,12020,T11
126,1,0,0,317,red,12020,T11
127,1,0,0,317,red,12020,T11
128,1,0,0,317,red,12020,T11
129,1,0,0,317,red,12020,T11
130,1,0,0,317,red,12020,T11
131,1,0,0,317,red,12020,T11
132,1,0,0,317,red,12020,T11
133,1,0,0,317,red,12020,T11
134,1,0,0,317,red,12020,T11
135,1,0,0,317,red,12020,T11
136,1,0,0,317,red,12020,T11
137,1,0,0,317,red,12020,T11
138,1,0,0,317,red,12020,T11
139,1,0,0,317,red,12020,T11
140,1,0,0,317,red,12020,T11
141,1,0,0,317,red,12020,T11
142,1,0,0,317,red,12020,T11
143,1,0,0,317,red,12020,T11
144,1,0,0,317,red,12020,T11
145,1,0,0,317,red,12020,T11
146,1,0,0,317,red,12020,T11
147,1,0,0,317,red,12020,T11
148,1,0,0,317,red,12020,T11
149,1,0,0,317,red,12020,T11
150,1,0,0,317,red,12020,T11
151,1,0,0,317,red,12020,T11
152,1,0,0,317,red,12020,T11
153,1,0,0,317,red,12020,T11
154,1,0,0,317,red,12020,T11
155,1,0,0,317,red,12020,T11
156,1,0,0,317,red,12020,T11
157,1,0,0,317,red,12020,T11
158,1,0,0,317,red,12020,T11
159,1,0,0,317,red,12020,T11
160,1,0,0,317,red,12020,T11
161,1,0,0,317,red,12020,T11
162,1,0,0,317,red,12020,T11
163,1,0,0,317,red,12020,T11
164,1,0,0,317,red,12020,T11
165,1,0,0,317,red,12020,T11
166,1,0,0,317,red,12020,T11
167,1,0,0,317,red,12020,T11
168,1,0,0,317,red,12020,T11
169,1,0,0,317,red,12020,T11
170,1,0,0,317,red,12020,T11
171,1,0,0,317,red,12020,T11
172,1,0,0,317,red,12020,T11
173,1,0,0,317,red,12020,T11
174,1,0,0,317,red,12020,T11
175,1,0,0,317,red,12020,T11
176,1,0,0,317,red,12020,T11
177,1,0,0,317,red,12020,T11
178,1,0,0,317,red,12020,T11
179,1,0,0,317,red,12020,T11
180,1,0,0,317,red,12020,T11
181,1,0,0,317,red,12020,T11
182,1,0,0,317,red,12020,T11
183,1,0,0,317,red,12020,T11
184,1,0,0,317,red,12020,T11
185,1,0,0,317,red,12020,T11
186,1,0,0,317,red,12020,T11
187,1,0,0,317,red,12020,T11
188,1,0,0,317,red,12020,T11
189,1,0,0,317,red,12020,T11
190,1,0,0,317,red,12020,T11
191,1,0,0,317,red,12020,T11
192,1,0,0,317,red,12020,T11
193,1,0,0,317,red,12020,T11
194,1,0,0,317,red,12020,T11
195,1,0,0,317,red,12020,T11
196,1,0,0,317,red,12020,T11
197,1,0,0,317,red,12020,T11
198,1,0,0,317,red,12020,T11
199,1,0,0,317,red,12020,T11
200,1,0,0,317,red,12020,T11
201,1,0,0,317,red,12020,T11
202,1,0,0,317,red,12020,T11
203,1,0,0,317,red,12020,T11
204,1,0,0,317,red,12020,T11
205,1,0,0,317,red,12020,T11
206,1,0,0,317,red,12020,T11
207,1,0,0,317,red,12020,T11
208,1,0,0,317,red,12020,T11
209,1,0,0,317,red,12020,T11
210,1,0,0,317,red,12020,T11
211,1,0,0,317,red,12020,T11
212,1,0,0,317,red,12020,T11
213,1,0,0,317,red,12020,T11
214,1,0,0,317,red,12020,T11
215,1,0,0,317,red,12020,T11
216,1,0,0,317,red,12020,T11
217,1,0,0,317,red,12020,T11
218,1,0,0,317,red,12020,T11
219,1,0,0,317,red,12020,T11
220,1,0,0,317,red,12020,T11
221,1,0,0,317,red,12020,T11
