frame,red,green,uncertain,session_id,rg_outcome,trial_id,global_trial_name
0,0,0,1,203,red,4556,T8B
1,0,0,1,203,red,4556,T8B
2,0,0,1,203,red,4556,T8B
3,0,0,1,203,red,4556,T8B
4,0,0,1,203,red,4556,T8B
5,0,0,1,203,red,4556,T8B
6,0,0,1,203,red,4556,T8B
7,0,0,1,203,red,4556,T8B
8,0,0,1,203,red,4556,T8B
9,0,0,1,203,red,4556,T8B
10,0,0,1,203,red,4556,T8B
11,0,0,1,203,red,4556,T8B
12,0,0,1,203,red,4556,T8B
13,0,0,1,203,red,4556,T8B
14,0,0,1,203,red,4556,T8B
15,0,0,1,203,red,4556,T8B
16,0,0,1,203,red,4556,T8B
17,0,0,1,203,red,4556,T8B
18,0,0,1,203,red,4556,T8B
19,0,0,1,203,red,4556,T8B
20,0,0,1,203,red,4556,T8B
21,0,0,1,203,red,4556,T8B
22,0,0,1,203,red,4556,T8B
23,0,0,1,203,red,4556,T8B
24,0,0,1,203,red,4556,T8B
25,0,0,1,203,red,4556,T8B
26,0,0,1,203,red,4556,T8B
27,0,0,1,203,red,4556,T8B
28,0,0,1,203,red,4556,T8B
29,0,0,1,203,red,4556,T8B
30,0,0,1,203,red,4556,T8B
31,0,0,1,203,red,4556,T8B
32,0,0,1,203,red,4556,T8B
33,0,0,1,203,red,4556,T8B
34,0,0,1,203,red,4556,T8B
35,0,0,1,203,red,4556,T8B
36,0,0,1,203,red,4556,T8B
37,0,0,1,203,red,4556,T8B
38,0,0,1,203,red,4556,T8B
39,0,0,1,203,red,4556,T8B
40,0,0,1,203,red,4556,T8B
41,0,0,1,203,red,4556,T8B
42,0,0,1,203,red,4556,T8B
43,0,0,1,203,red,4556,T8B
44,0,0,1,203,red,4556,T8B
45,0,0,1,203,red,4556,T8B
46,0,0,1,203,red,4556,T8B
47,0,0,1,203,red,4556,T8B
48,0,0,1,203,red,4556,T8B
49,0,0,1,203,red,4556,T8B
50,0,0,1,203,red,4556,T8B
51,0,0,1,203,red,4556,T8B
52,0,0,1,203,red,4556,T8B
53,0,0,1,203,red,4556,T8B
54,0,0,1,203,red,4556,T8B
55,0,0,1,203,red,4556,T8B
56,0,1,0,203,red,4556,T8B
57,0,1,0,203,red,4556,T8B
58,0,1,0,203,red,4556,T8B
59,0,1,0,203,red,4556,T8B
60,0,1,0,203,red,4556,T8B
61,0,1,0,203,red,4556,T8B
62,0,1,0,203,red,4556,T8B
63,0,1,0,203,red,4556,T8B
64,0,1,0,203,red,4556,T8B
65,0,1,0,203,red,4556,T8B
66,0,1,0,203,red,4556,T8B
67,0,1,0,203,red,4556,T8B
68,0,1,0,203,red,4556,T8B
69,0,1,0,203,red,4556,T8B
70,0,1,0,203,red,4556,T8B
71,0,1,0,203,red,4556,T8B
72,0,1,0,203,red,4556,T8B
73,0,1,0,203,red,4556,T8B
74,0,1,0,203,red,4556,T8B
75,0,1,0,203,red,4556,T8B
76,0,1,0,203,red,4556,T8B
77,0,1,0,203,red,4556,T8B
78,0,1,0,203,red,4556,T8B
79,0,1,0,203,red,4556,T8B
80,0,1,0,203,red,4556,T8B
81,0,1,0,203,red,4556,T8B
82,0,1,0,203,red,4556,T8B
83,0,1,0,203,red,4556,T8B
84,0,1,0,203,red,4556,T8B
85,0,1,0,203,red,4556,T8B
86,0,1,0,203,red,4556,T8B
87,0,1,0,203,red,4556,T8B
88,0,1,0,203,red,4556,T8B
89,0,1,0,203,red,4556,T8B
90,0,1,0,203,red,4556,T8B
91,0,1,0,203,red,4556,T8B
92,0,1,0,203,red,4556,T8B
93,0,1,0,203,red,4556,T8B
94,0,1,0,203,red,4556,T8B
95,0,1,0,203,red,4556,T8B
96,0,1,0,203,red,4556,T8B
97,0,1,0,203,red,4556,T8B
98,0,1,0,203,red,4556,T8B
99,0,1,0,203,red,4556,T8B
100,0,1,0,203,red,4556,T8B
101,0,1,0,203,red,4556,T8B
102,0,1,0,203,red,4556,T8B
103,0,1,0,203,red,4556,T8B
104,0,1,0,203,red,4556,T8B
105,0,1,0,203,red,4556,T8B
106,0,1,0,203,red,4556,T8B
107,0,1,0,203,red,4556,T8B
108,0,1,0,203,red,4556,T8B
109,0,1,0,203,red,4556,T8B
110,0,1,0,203,red,4556,T8B
111,0,1,0,203,red,4556,T8B
112,0,1,0,203,red,4556,T8B
113,0,1,0,203,red,4556,T8B
114,0,1,0,203,red,4556,T8B
115,0,1,0,203,red,4556,T8B
116,0,1,0,203,red,4556,T8B
117,0,1,0,203,red,4556,T8B
118,0,1,0,203,red,4556,T8B
119,0,1,0,203,red,4556,T8B
120,0,1,0,203,red,4556,T8B
121,0,1,0,203,red,4556,T8B
122,0,1,0,203,red,4556,T8B
123,0,1,0,203,red,4556,T8B
124,0,1,0,203,red,4556,T8B
125,0,1,0,203,red,4556,T8B
126,0,1,0,203,red,4556,T8B
127,0,1,0,203,red,4556,T8B
128,0,1,0,203,red,4556,T8B
129,0,1,0,203,red,4556,T8B
130,0,1,0,203,red,4556,T8B
131,0,1,0,203,red,4556,T8B
132,0,1,0,203,red,4556,T8B
133,0,1,0,203,red,4556,T8B
134,0,1,0,203,red,4556,T8B
135,0,1,0,203,red,4556,T8B
136,0,1,0,203,red,4556,T8B
137,0,1,0,203,red,4556,T8B
138,0,1,0,203,red,4556,T8B
139,0,1,0,203,red,4556,T8B
140,0,1,0,203,red,4556,T8B
141,0,1,0,203,red,4556,T8B
142,0,1,0,203,red,4556,T8B
143,0,1,0,203,red,4556,T8B
144,0,1,0,203,red,4556,T8B
145,0,1,0,203,red,4556,T8B
146,0,1,0,203,red,4556,T8B
147,0,1,0,203,red,4556,T8B
148,0,1,0,203,red,4556,T8B
149,0,1,0,203,red,4556,T8B
150,0,1,0,203,red,4556,T8B
151,0,1,0,203,red,4556,T8B
152,0,1,0,203,red,4556,T8B
153,0,1,0,203,red,4556,T8B
154,0,1,0,203,red,4556,T8B
155,0,1,0,203,red,4556,T8B
156,0,1,0,203,red,4556,T8B
157,0,1,0,203,red,4556,T8B
158,0,1,0,203,red,4556,T8B
159,0,1,0,203,red,4556,T8B
160,0,1,0,203,red,4556,T8B
161,0,1,0,203,red,4556,T8B
162,0,1,0,203,red,4556,T8B
163,0,1,0,203,red,4556,T8B
164,0,1,0,203,red,4556,T8B
165,0,1,0,203,red,4556,T8B
166,0,1,0,203,red,4556,T8B
167,0,1,0,203,red,4556,T8B
168,0,1,0,203,red,4556,T8B
169,0,1,0,203,red,4556,T8B
170,0,1,0,203,red,4556,T8B
171,0,1,0,203,red,4556,T8B
172,0,0,1,203,red,4556,T8B
173,1,0,0,203,red,4556,T8B
174,1,0,0,203,red,4556,T8B
175,1,0,0,203,red,4556,T8B
176,1,0,0,203,red,4556,T8B
177,1,0,0,203,red,4556,T8B
178,1,0,0,203,red,4556,T8B
179,1,0,0,203,red,4556,T8B
180,1,0,0,203,red,4556,T8B
181,1,0,0,203,red,4556,T8B
182,1,0,0,203,red,4556,T8B
183,1,0,0,203,red,4556,T8B
184,1,0,0,203,red,4556,T8B
185,1,0,0,203,red,4556,T8B
186,1,0,0,203,red,4556,T8B
187,1,0,0,203,red,4556,T8B
188,1,0,0,203,red,4556,T8B
189,1,0,0,203,red,4556,T8B
190,1,0,0,203,red,4556,T8B
191,1,0,0,203,red,4556,T8B
192,1,0,0,203,red,4556,T8B
193,1,0,0,203,red,4556,T8B
194,1,0,0,203,red,4556,T8B
195,1,0,0,203,red,4556,T8B
196,1,0,0,203,red,4556,T8B
197,1,0,0,203,red,4556,T8B
198,1,0,0,203,red,4556,T8B
199,1,0,0,203,red,4556,T8B
200,1,0,0,203,red,4556,T8B
201,1,0,0,203,red,4556,T8B
202,1,0,0,203,red,4556,T8B
203,1,0,0,203,red,4556,T8B
204,1,0,0,203,red,4556,T8B
205,1,0,0,203,red,4556,T8B
206,1,0,0,203,red,4556,T8B
207,1,0,0,203,red,4556,T8B
208,1,0,0,203,red,4556,T8B
209,1,0,0,203,red,4556,T8B
210,1,0,0,203,red,4556,T8B
211,1,0,0,203,red,4556,T8B
212,1,0,0,203,red,4556,T8B
213,1,0,0,203,red,4556,T8B
214,1,0,0,203,red,4556,T8B
215,1,0,0,203,red,4556,T8B
216,1,0,0,203,red,4556,T8B
217,1,0,0,203,red,4556,T8B
218,1,0,0,203,red,4556,T8B
219,1,0,0,203,red,4556,T8B
220,1,0,0,203,red,4556,T8B
221,1,0,0,203,red,4556,T8B
222,1,0,0,203,red,4556,T8B
0,0,0,1,204,red,5769,T8B
1,0,0,1,204,red,5769,T8B
2,0,0,1,204,red,5769,T8B
3,0,0,1,204,red,5769,T8B
4,0,0,1,204,red,5769,T8B
5,0,0,1,204,red,5769,T8B
6,0,0,1,204,red,5769,T8B
7,0,0,1,204,red,5769,T8B
8,0,0,1,204,red,5769,T8B
9,0,0,1,204,red,5769,T8B
10,0,0,1,204,red,5769,T8B
11,0,0,1,204,red,5769,T8B
12,0,0,1,204,red,5769,T8B
13,0,0,1,204,red,5769,T8B
14,0,0,1,204,red,5769,T8B
15,0,0,1,204,red,5769,T8B
16,0,0,1,204,red,5769,T8B
17,0,0,1,204,red,5769,T8B
18,0,0,1,204,red,5769,T8B
19,0,0,1,204,red,5769,T8B
20,0,0,1,204,red,5769,T8B
21,0,0,1,204,red,5769,T8B
22,0,0,1,204,red,5769,T8B
23,0,0,1,204,red,5769,T8B
24,0,0,1,204,red,5769,T8B
25,0,0,1,204,red,5769,T8B
26,0,0,1,204,red,5769,T8B
27,0,0,1,204,red,5769,T8B
28,0,0,1,204,red,5769,T8B
29,0,0,1,204,red,5769,T8B
30,0,0,1,204,red,5769,T8B
31,0,0,1,204,red,5769,T8B
32,0,0,1,204,red,5769,T8B
33,0,0,1,204,red,5769,T8B
34,0,0,1,204,red,5769,T8B
35,0,0,1,204,red,5769,T8B
36,0,0,1,204,red,5769,T8B
37,0,0,1,204,red,5769,T8B
38,0,0,1,204,red,5769,T8B
39,0,0,1,204,red,5769,T8B
40,0,0,1,204,red,5769,T8B
41,0,0,1,204,red,5769,T8B
42,0,0,1,204,red,5769,T8B
43,0,0,1,204,red,5769,T8B
44,0,0,1,204,red,5769,T8B
45,0,0,1,204,red,5769,T8B
46,0,0,1,204,red,5769,T8B
47,0,0,1,204,red,5769,T8B
48,0,0,1,204,red,5769,T8B
49,0,0,1,204,red,5769,T8B
50,0,0,1,204,red,5769,T8B
51,0,0,1,204,red,5769,T8B
52,0,0,1,204,red,5769,T8B
53,0,0,1,204,red,5769,T8B
54,0,0,1,204,red,5769,T8B
55,0,0,1,204,red,5769,T8B
56,0,0,1,204,red,5769,T8B
57,0,0,1,204,red,5769,T8B
58,0,0,1,204,red,5769,T8B
59,0,0,1,204,red,5769,T8B
60,0,0,1,204,red,5769,T8B
61,0,0,1,204,red,5769,T8B
62,0,0,1,204,red,5769,T8B
63,0,0,1,204,red,5769,T8B
64,0,0,1,204,red,5769,T8B
65,0,0,1,204,red,5769,T8B
66,0,0,1,204,red,5769,T8B
67,0,0,1,204,red,5769,T8B
68,0,0,1,204,red,5769,T8B
69,0,0,1,204,red,5769,T8B
70,0,0,1,204,red,5769,T8B
71,0,0,1,204,red,5769,T8B
72,0,0,1,204,red,5769,T8B
73,0,0,1,204,red,5769,T8B
74,0,0,1,204,red,5769,T8B
75,0,0,1,204,red,5769,T8B
76,0,0,1,204,red,5769,T8B
77,0,0,1,204,red,5769,T8B
78,0,0,1,204,red,5769,T8B
79,0,0,1,204,red,5769,T8B
80,0,0,1,204,red,5769,T8B
81,0,0,1,204,red,5769,T8B
82,0,0,1,204,red,5769,T8B
83,0,0,1,204,red,5769,T8B
84,0,0,1,204,red,5769,T8B
85,0,0,1,204,red,5769,T8B
86,0,0,1,204,red,5769,T8B
87,0,0,1,204,red,5769,T8B
88,0,0,1,204,red,5769,T8B
89,0,0,1,204,red,5769,T8B
90,0,0,1,204,red,5769,T8B
91,0,0,1,204,red,5769,T8B
92,0,0,1,204,red,5769,T8B
93,0,0,1,204,red,5769,T8B
94,0,0,1,204,red,5769,T8B
95,0,0,1,204,red,5769,T8B
96,0,0,1,204,red,5769,T8B
97,0,0,1,204,red,5769,T8B
98,0,0,1,204,red,5769,T8B
99,0,0,1,204,red,5769,T8B
100,0,0,1,204,red,5769,T8B
101,0,0,1,204,red,5769,T8B
102,0,0,1,204,red,5769,T8B
103,0,0,1,204,red,5769,T8B
104,0,0,1,204,red,5769,T8B
105,0,0,1,204,red,5769,T8B
106,0,0,1,204,red,5769,T8B
107,0,0,1,204,red,5769,T8B
108,0,0,1,204,red,5769,T8B
109,0,0,1,204,red,5769,T8B
110,0,0,1,204,red,5769,T8B
111,0,0,1,204,red,5769,T8B
112,0,0,1,204,red,5769,T8B
113,0,0,1,204,red,5769,T8B
114,0,0,1,204,red,5769,T8B
115,0,0,1,204,red,5769,T8B
116,0,0,1,204,red,5769,T8B
117,0,0,1,204,red,5769,T8B
118,0,0,1,204,red,5769,T8B
119,0,0,1,204,red,5769,T8B
120,0,0,1,204,red,5769,T8B
121,0,0,1,204,red,5769,T8B
122,0,0,1,204,red,5769,T8B
123,0,0,1,204,red,5769,T8B
124,0,0,1,204,red,5769,T8B
125,0,0,1,204,red,5769,T8B
126,0,0,1,204,red,5769,T8B
127,0,0,1,204,red,5769,T8B
128,0,0,1,204,red,5769,T8B
129,0,0,1,204,red,5769,T8B
130,0,0,1,204,red,5769,T8B
131,0,0,1,204,red,5769,T8B
132,0,0,1,204,red,5769,T8B
133,0,0,1,204,red,5769,T8B
134,0,0,1,204,red,5769,T8B
135,0,0,1,204,red,5769,T8B
136,0,0,1,204,red,5769,T8B
137,0,0,1,204,red,5769,T8B
138,0,0,1,204,red,5769,T8B
139,0,0,1,204,red,5769,T8B
140,0,0,1,204,red,5769,T8B
141,0,0,1,204,red,5769,T8B
142,0,0,1,204,red,5769,T8B
143,0,0,1,204,red,5769,T8B
144,0,0,1,204,red,5769,T8B
145,0,0,1,204,red,5769,T8B
146,0,0,1,204,red,5769,T8B
147,0,0,1,204,red,5769,T8B
148,0,0,1,204,red,5769,T8B
149,0,0,1,204,red,5769,T8B
150,0,0,1,204,red,5769,T8B
151,0,0,1,204,red,5769,T8B
152,0,0,1,204,red,5769,T8B
153,0,0,1,204,red,5769,T8B
154,1,0,0,204,red,5769,T8B
155,1,0,0,204,red,5769,T8B
156,1,0,0,204,red,5769,T8B
157,1,0,0,204,red,5769,T8B
158,1,0,0,204,red,5769,T8B
159,1,0,0,204,red,5769,T8B
160,1,0,0,204,red,5769,T8B
161,1,0,0,204,red,5769,T8B
162,1,0,0,204,red,5769,T8B
163,1,0,0,204,red,5769,T8B
164,1,0,0,204,red,5769,T8B
165,1,0,0,204,red,5769,T8B
166,1,0,0,204,red,5769,T8B
167,1,0,0,204,red,5769,T8B
168,1,0,0,204,red,5769,T8B
169,1,0,0,204,red,5769,T8B
170,1,0,0,204,red,5769,T8B
171,1,0,0,204,red,5769,T8B
172,1,0,0,204,red,5769,T8B
173,1,0,0,204,red,5769,T8B
174,1,0,0,204,red,5769,T8B
175,1,0,0,204,red,5769,T8B
176,1,0,0,204,red,5769,T8B
177,1,0,0,204,red,5769,T8B
178,1,0,0,204,red,5769,T8B
179,1,0,0,204,red,5769,T8B
180,1,0,0,204,red,5769,T8B
181,1,0,0,204,red,5769,T8B
182,1,0,0,204,red,5769,T8B
183,1,0,0,204,red,5769,T8B
184,1,0,0,204,red,5769,T8B
185,1,0,0,204,red,5769,T8B
186,1,0,0,204,red,5769,T8B
187,1,0,0,204,red,5769,T8B
188,1,0,0,204,red,5769,T8B
189,1,0,0,204,red,5769,T8B
190,1,0,0,204,red,5769,T8B
191,1,0,0,204,red,5769,T8B
192,1,0,0,204,red,5769,T8B
193,1,0,0,204,red,5769,T8B
194,1,0,0,204,red,5769,T8B
195,1,0,0,204,red,5769,T8B
196,1,0,0,204,red,5769,T8B
197,1,0,0,204,red,5769,T8B
198,1,0,0,204,red,5769,T8B
199,1,0,0,204,red,5769,T8B
200,1,0,0,204,red,5769,T8B
201,1,0,0,204,red,5769,T8B
202,1,0,0,204,red,5769,T8B
203,1,0,0,204,red,5769,T8B
204,1,0,0,204,red,5769,T8B
205,1,0,0,204,red,5769,T8B
206,1,0,0,204,red,5769,T8B
207,1,0,0,204,red,5769,T8B
208,1,0,0,204,red,5769,T8B
209,1,0,0,204,red,5769,T8B
210,1,0,0,204,red,5769,T8B
211,1,0,0,204,red,5769,T8B
212,1,0,0,204,red,5769,T8B
213,1,0,0,204,red,5769,T8B
214,1,0,0,204,red,5769,T8B
215,1,0,0,204,red,5769,T8B
216,1,0,0,204,red,5769,T8B
217,1,0,0,204,red,5769,T8B
218,1,0,0,204,red,5769,T8B
219,1,0,0,204,red,5769,T8B
220,1,0,0,204,red,5769,T8B
221,1,0,0,204,red,5769,T8B
222,1,0,0,204,red,5769,T8B
0,0,0,1,206,red,4404,T8B
1,0,0,1,206,red,4404,T8B
2,0,0,1,206,red,4404,T8B
3,0,0,1,206,red,4404,T8B
4,0,0,1,206,red,4404,T8B
5,0,0,1,206,red,4404,T8B
6,0,0,1,206,red,4404,T8B
7,0,0,1,206,red,4404,T8B
8,0,0,1,206,red,4404,T8B
9,0,0,1,206,red,4404,T8B
10,0,0,1,206,red,4404,T8B
11,0,0,1,206,red,4404,T8B
12,0,0,1,206,red,4404,T8B
13,0,0,1,206,red,4404,T8B
14,0,0,1,206,red,4404,T8B
15,0,0,1,206,red,4404,T8B
16,0,0,1,206,red,4404,T8B
17,0,0,1,206,red,4404,T8B
18,0,0,1,206,red,4404,T8B
19,0,0,1,206,red,4404,T8B
20,0,0,1,206,red,4404,T8B
21,0,0,1,206,red,4404,T8B
22,0,0,1,206,red,4404,T8B
23,0,0,1,206,red,4404,T8B
24,0,0,1,206,red,4404,T8B
25,0,0,1,206,red,4404,T8B
26,0,0,1,206,red,4404,T8B
27,0,0,1,206,red,4404,T8B
28,0,0,1,206,red,4404,T8B
29,0,0,1,206,red,4404,T8B
30,0,0,1,206,red,4404,T8B
31,0,0,1,206,red,4404,T8B
32,0,0,1,206,red,4404,T8B
33,0,0,1,206,red,4404,T8B
34,0,0,1,206,red,4404,T8B
35,0,0,1,206,red,4404,T8B
36,0,0,1,206,red,4404,T8B
37,0,0,1,206,red,4404,T8B
38,0,0,1,206,red,4404,T8B
39,0,0,1,206,red,4404,T8B
40,0,0,1,206,red,4404,T8B
41,0,0,1,206,red,4404,T8B
42,0,0,1,206,red,4404,T8B
43,0,0,1,206,red,4404,T8B
44,0,0,1,206,red,4404,T8B
45,0,0,1,206,red,4404,T8B
46,0,0,1,206,red,4404,T8B
47,0,0,1,206,red,4404,T8B
48,0,0,1,206,red,4404,T8B
49,0,0,1,206,red,4404,T8B
50,0,0,1,206,red,4404,T8B
51,0,0,1,206,red,4404,T8B
52,0,0,1,206,red,4404,T8B
53,0,0,1,206,red,4404,T8B
54,0,0,1,206,red,4404,T8B
55,0,0,1,206,red,4404,T8B
56,0,0,1,206,red,4404,T8B
57,0,0,1,206,red,4404,T8B
58,0,0,1,206,red,4404,T8B
59,0,0,1,206,red,4404,T8B
60,0,0,1,206,red,4404,T8B
61,0,0,1,206,red,4404,T8B
62,0,0,1,206,red,4404,T8B
63,0,0,1,206,red,4404,T8B
64,0,0,1,206,red,4404,T8B
65,0,0,1,206,red,4404,T8B
66,0,0,1,206,red,4404,T8B
67,0,0,1,206,red,4404,T8B
68,0,0,1,206,red,4404,T8B
69,0,0,1,206,red,4404,T8B
70,1,0,0,206,red,4404,T8B
71,1,0,0,206,red,4404,T8B
72,1,0,0,206,red,4404,T8B
73,1,0,0,206,red,4404,T8B
74,1,0,0,206,red,4404,T8B
75,1,0,0,206,red,4404,T8B
76,1,0,0,206,red,4404,T8B
77,1,0,0,206,red,4404,T8B
78,1,0,0,206,red,4404,T8B
79,1,0,0,206,red,4404,T8B
80,1,0,0,206,red,4404,T8B
81,1,0,0,206,red,4404,T8B
82,1,0,0,206,red,4404,T8B
83,1,0,0,206,red,4404,T8B
84,1,0,0,206,red,4404,T8B
85,1,0,0,206,red,4404,T8B
86,1,0,0,206,red,4404,T8B
87,1,0,0,206,red,4404,T8B
88,1,0,0,206,red,4404,T8B
89,1,0,0,206,red,4404,T8B
90,1,0,0,206,red,4404,T8B
91,1,0,0,206,red,4404,T8B
92,1,0,0,206,red,4404,T8B
93,1,0,0,206,red,4404,T8B
94,1,0,0,206,red,4404,T8B
95,1,0,0,206,red,4404,T8B
96,1,0,0,206,red,4404,T8B
97,1,0,0,206,red,4404,T8B
98,1,0,0,206,red,4404,T8B
99,1,0,0,206,red,4404,T8B
100,1,0,0,206,red,4404,T8B
101,1,0,0,206,red,4404,T8B
102,1,0,0,206,red,4404,T8B
103,1,0,0,206,red,4404,T8B
104,1,0,0,206,red,4404,T8B
105,1,0,0,206,red,4404,T8B
106,1,0,0,206,red,4404,T8B
107,1,0,0,206,red,4404,T8B
108,1,0,0,206,red,4404,T8B
109,1,0,0,206,red,4404,T8B
110,1,0,0,206,red,4404,T8B
111,1,0,0,206,red,4404,T8B
112,1,0,0,206,red,4404,T8B
113,1,0,0,206,red,4404,T8B
114,1,0,0,206,red,4404,T8B
115,1,0,0,206,red,4404,T8B
116,1,0,0,206,red,4404,T8B
117,1,0,0,206,red,4404,T8B
118,1,0,0,206,red,4404,T8B
119,1,0,0,206,red,4404,T8B
120,1,0,0,206,red,4404,T8B
121,1,0,0,206,red,4404,T8B
122,1,0,0,206,red,4404,T8B
123,1,0,0,206,red,4404,T8B
124,1,0,0,206,red,4404,T8B
125,1,0,0,206,red,4404,T8B
126,1,0,0,206,red,4404,T8B
127,1,0,0,206,red,4404,T8B
128,1,0,0,206,red,4404,T8B
129,1,0,0,206,red,4404,T8B
130,1,0,0,206,red,4404,T8B
131,1,0,0,206,red,4404,T8B
132,1,0,0,206,red,4404,T8B
133,1,0,0,206,red,4404,T8B
134,1,0,0,206,red,4404,T8B
135,1,0,0,206,red,4404,T8B
136,1,0,0,206,red,4404,T8B
137,1,0,0,206,red,4404,T8B
138,1,0,0,206,red,4404,T8B
139,1,0,0,206,red,4404,T8B
140,1,0,0,206,red,4404,T8B
141,1,0,0,206,red,4404,T8B
142,1,0,0,206,red,4404,T8B
143,1,0,0,206,red,4404,T8B
144,1,0,0,206,red,4404,T8B
145,1,0,0,206,red,4404,T8B
146,1,0,0,206,red,4404,T8B
147,1,0,0,206,red,4404,T8B
148,1,0,0,206,red,4404,T8B
149,1,0,0,206,red,4404,T8B
150,1,0,0,206,red,4404,T8B
151,1,0,0,206,red,4404,T8B
152,1,0,0,206,red,4404,T8B
153,1,0,0,206,red,4404,T8B
154,1,0,0,206,red,4404,T8B
155,1,0,0,206,red,4404,T8B
156,1,0,0,206,red,4404,T8B
157,1,0,0,206,red,4404,T8B
158,1,0,0,206,red,4404,T8B
159,1,0,0,206,red,4404,T8B
160,1,0,0,206,red,4404,T8B
161,1,0,0,206,red,4404,T8B
162,1,0,0,206,red,4404,T8B
163,1,0,0,206,red,4404,T8B
164,1,0,0,206,red,4404,T8B
165,1,0,0,206,red,4404,T8B
166,1,0,0,206,red,4404,T8B
167,1,0,0,206,red,4404,T8B
168,1,0,0,206,red,4404,T8B
169,1,0,0,206,red,4404,T8B
170,1,0,0,206,red,4404,T8B
171,1,0,0,206,red,4404,T8B
172,1,0,0,206,red,4404,T8B
173,1,0,0,206,red,4404,T8B
174,1,0,0,206,red,4404,T8B
175,1,0,0,206,red,4404,T8B
176,1,0,0,206,red,4404,T8B
177,1,0,0,206,red,4404,T8B
178,1,0,0,206,red,4404,T8B
179,1,0,0,206,red,4404,T8B
180,1,0,0,206,red,4404,T8B
181,1,0,0,206,red,4404,T8B
182,1,0,0,206,red,4404,T8B
183,1,0,0,206,red,4404,T8B
184,1,0,0,206,red,4404,T8B
185,1,0,0,206,red,4404,T8B
186,1,0,0,206,red,4404,T8B
187,1,0,0,206,red,4404,T8B
188,1,0,0,206,red,4404,T8B
189,1,0,0,206,red,4404,T8B
190,1,0,0,206,red,4404,T8B
191,1,0,0,206,red,4404,T8B
192,1,0,0,206,red,4404,T8B
193,1,0,0,206,red,4404,T8B
194,1,0,0,206,red,4404,T8B
195,1,0,0,206,red,4404,T8B
196,1,0,0,206,red,4404,T8B
197,1,0,0,206,red,4404,T8B
198,1,0,0,206,red,4404,T8B
199,1,0,0,206,red,4404,T8B
200,1,0,0,206,red,4404,T8B
201,1,0,0,206,red,4404,T8B
202,1,0,0,206,red,4404,T8B
203,1,0,0,206,red,4404,T8B
204,1,0,0,206,red,4404,T8B
205,1,0,0,206,red,4404,T8B
206,1,0,0,206,red,4404,T8B
207,1,0,0,206,red,4404,T8B
208,1,0,0,206,red,4404,T8B
209,1,0,0,206,red,4404,T8B
210,1,0,0,206,red,4404,T8B
211,1,0,0,206,red,4404,T8B
212,1,0,0,206,red,4404,T8B
213,1,0,0,206,red,4404,T8B
214,1,0,0,206,red,4404,T8B
215,1,0,0,206,red,4404,T8B
216,1,0,0,206,red,4404,T8B
217,1,0,0,206,red,4404,T8B
218,1,0,0,206,red,4404,T8B
219,1,0,0,206,red,4404,T8B
220,1,0,0,206,red,4404,T8B
221,1,0,0,206,red,4404,T8B
222,1,0,0,206,red,4404,T8B
0,0,0,1,207,red,5362,T8B
1,0,0,1,207,red,5362,T8B
2,0,0,1,207,red,5362,T8B
3,0,0,1,207,red,5362,T8B
4,0,0,1,207,red,5362,T8B
5,0,0,1,207,red,5362,T8B
6,0,0,1,207,red,5362,T8B
7,0,0,1,207,red,5362,T8B
8,0,0,1,207,red,5362,T8B
9,0,0,1,207,red,5362,T8B
10,0,0,1,207,red,5362,T8B
11,0,0,1,207,red,5362,T8B
12,0,0,1,207,red,5362,T8B
13,0,0,1,207,red,5362,T8B
14,0,0,1,207,red,5362,T8B
15,0,0,1,207,red,5362,T8B
16,0,0,1,207,red,5362,T8B
17,0,0,1,207,red,5362,T8B
18,0,0,1,207,red,5362,T8B
19,0,0,1,207,red,5362,T8B
20,0,0,1,207,red,5362,T8B
21,0,0,1,207,red,5362,T8B
22,0,0,1,207,red,5362,T8B
23,0,0,1,207,red,5362,T8B
24,0,0,1,207,red,5362,T8B
25,0,0,1,207,red,5362,T8B
26,0,0,1,207,red,5362,T8B
27,0,0,1,207,red,5362,T8B
28,0,0,1,207,red,5362,T8B
29,0,0,1,207,red,5362,T8B
30,0,0,1,207,red,5362,T8B
31,0,0,1,207,red,5362,T8B
32,0,0,1,207,red,5362,T8B
33,0,0,1,207,red,5362,T8B
34,0,0,1,207,red,5362,T8B
35,0,0,1,207,red,5362,T8B
36,0,0,1,207,red,5362,T8B
37,0,0,1,207,red,5362,T8B
38,0,1,0,207,red,5362,T8B
39,0,1,0,207,red,5362,T8B
40,0,1,0,207,red,5362,T8B
41,0,1,0,207,red,5362,T8B
42,0,1,0,207,red,5362,T8B
43,0,1,0,207,red,5362,T8B
44,0,1,0,207,red,5362,T8B
45,0,1,0,207,red,5362,T8B
46,0,1,0,207,red,5362,T8B
47,0,1,0,207,red,5362,T8B
48,0,1,0,207,red,5362,T8B
49,0,1,0,207,red,5362,T8B
50,0,1,0,207,red,5362,T8B
51,0,1,0,207,red,5362,T8B
52,0,1,0,207,red,5362,T8B
53,0,1,0,207,red,5362,T8B
54,0,1,0,207,red,5362,T8B
55,0,1,0,207,red,5362,T8B
56,0,1,0,207,red,5362,T8B
57,0,1,0,207,red,5362,T8B
58,0,1,0,207,red,5362,T8B
59,0,1,0,207,red,5362,T8B
60,0,1,0,207,red,5362,T8B
61,0,1,0,207,red,5362,T8B
62,0,1,0,207,red,5362,T8B
63,0,1,0,207,red,5362,T8B
64,0,1,0,207,red,5362,T8B
65,0,1,0,207,red,5362,T8B
66,0,1,0,207,red,5362,T8B
67,0,1,0,207,red,5362,T8B
68,0,1,0,207,red,5362,T8B
69,0,1,0,207,red,5362,T8B
70,0,1,0,207,red,5362,T8B
71,0,1,0,207,red,5362,T8B
72,0,1,0,207,red,5362,T8B
73,0,1,0,207,red,5362,T8B
74,0,1,0,207,red,5362,T8B
75,0,1,0,207,red,5362,T8B
76,0,1,0,207,red,5362,T8B
77,0,1,0,207,red,5362,T8B
78,0,1,0,207,red,5362,T8B
79,0,1,0,207,red,5362,T8B
80,0,1,0,207,red,5362,T8B
81,0,1,0,207,red,5362,T8B
82,0,1,0,207,red,5362,T8B
83,0,1,0,207,red,5362,T8B
84,0,1,0,207,red,5362,T8B
85,0,1,0,207,red,5362,T8B
86,0,1,0,207,red,5362,T8B
87,0,1,0,207,red,5362,T8B
88,0,1,0,207,red,5362,T8B
89,0,1,0,207,red,5362,T8B
90,0,1,0,207,red,5362,T8B
91,0,1,0,207,red,5362,T8B
92,0,1,0,207,red,5362,T8B
93,0,1,0,207,red,5362,T8B
94,0,1,0,207,red,5362,T8B
95,0,1,0,207,red,5362,T8B
96,0,1,0,207,red,5362,T8B
97,0,1,0,207,red,5362,T8B
98,0,1,0,207,red,5362,T8B
99,0,1,0,207,red,5362,T8B
100,0,1,0,207,red,5362,T8B
101,0,1,0,207,red,5362,T8B
102,0,1,0,207,red,5362,T8B
103,0,1,0,207,red,5362,T8B
104,0,1,0,207,red,5362,T8B
105,0,1,0,207,red,5362,T8B
106,0,1,0,207,red,5362,T8B
107,0,1,0,207,red,5362,T8B
108,0,1,0,207,red,5362,T8B
109,0,1,0,207,red,5362,T8B
110,0,1,0,207,red,5362,T8B
111,0,1,0,207,red,5362,T8B
112,0,1,0,207,red,5362,T8B
113,0,1,0,207,red,5362,T8B
114,0,1,0,207,red,5362,T8B
115,0,1,0,207,red,5362,T8B
116,0,1,0,207,red,5362,T8B
117,0,1,0,207,red,5362,T8B
118,0,1,0,207,red,5362,T8B
119,0,1,0,207,red,5362,T8B
120,0,1,0,207,red,5362,T8B
121,0,1,0,207,red,5362,T8B
122,0,1,0,207,red,5362,T8B
123,0,1,0,207,red,5362,T8B
124,0,1,0,207,red,5362,T8B
125,0,1,0,207,red,5362,T8B
126,0,1,0,207,red,5362,T8B
127,0,1,0,207,red,5362,T8B
128,0,1,0,207,red,5362,T8B
129,0,1,0,207,red,5362,T8B
130,0,1,0,207,red,5362,T8B
131,0,1,0,207,red,5362,T8B
132,0,1,0,207,red,5362,T8B
133,0,1,0,207,red,5362,T8B
134,0,1,0,207,red,5362,T8B
135,0,1,0,207,red,5362,T8B
136,0,1,0,207,red,5362,T8B
137,0,1,0,207,red,5362,T8B
138,0,1,0,207,red,5362,T8B
139,0,1,0,207,red,5362,T8B
140,0,1,0,207,red,5362,T8B
141,0,1,0,207,red,5362,T8B
142,0,1,0,207,red,5362,T8B
143,0,1,0,207,red,5362,T8B
144,0,1,0,207,red,5362,T8B
145,0,1,0,207,red,5362,T8B
146,0,1,0,207,red,5362,T8B
147,0,1,0,207,red,5362,T8B
148,0,1,0,207,red,5362,T8B
149,0,1,0,207,red,5362,T8B
150,0,1,0,207,red,5362,T8B
151,0,1,0,207,red,5362,T8B
152,0,1,0,207,red,5362,T8B
153,0,1,0,207,red,5362,T8B
154,0,1,0,207,red,5362,T8B
155,0,1,0,207,red,5362,T8B
156,0,1,0,207,red,5362,T8B
157,0,1,0,207,red,5362,T8B
158,0,1,0,207,red,5362,T8B
159,0,1,0,207,red,5362,T8B
160,0,1,0,207,red,5362,T8B
161,1,0,0,207,red,5362,T8B
162,1,0,0,207,red,5362,T8B
163,1,0,0,207,red,5362,T8B
164,1,0,0,207,red,5362,T8B
165,1,0,0,207,red,5362,T8B
166,1,0,0,207,red,5362,T8B
167,1,0,0,207,red,5362,T8B
168,1,0,0,207,red,5362,T8B
169,1,0,0,207,red,5362,T8B
170,1,0,0,207,red,5362,T8B
171,1,0,0,207,red,5362,T8B
172,1,0,0,207,red,5362,T8B
173,1,0,0,207,red,5362,T8B
174,1,0,0,207,red,5362,T8B
175,1,0,0,207,red,5362,T8B
176,1,0,0,207,red,5362,T8B
177,1,0,0,207,red,5362,T8B
178,1,0,0,207,red,5362,T8B
179,1,0,0,207,red,5362,T8B
180,1,0,0,207,red,5362,T8B
181,1,0,0,207,red,5362,T8B
182,1,0,0,207,red,5362,T8B
183,1,0,0,207,red,5362,T8B
184,1,0,0,207,red,5362,T8B
185,1,0,0,207,red,5362,T8B
186,1,0,0,207,red,5362,T8B
187,1,0,0,207,red,5362,T8B
188,1,0,0,207,red,5362,T8B
189,1,0,0,207,red,5362,T8B
190,1,0,0,207,red,5362,T8B
191,1,0,0,207,red,5362,T8B
192,1,0,0,207,red,5362,T8B
193,1,0,0,207,red,5362,T8B
194,1,0,0,207,red,5362,T8B
195,1,0,0,207,red,5362,T8B
196,1,0,0,207,red,5362,T8B
197,1,0,0,207,red,5362,T8B
198,1,0,0,207,red,5362,T8B
199,1,0,0,207,red,5362,T8B
200,1,0,0,207,red,5362,T8B
201,1,0,0,207,red,5362,T8B
202,1,0,0,207,red,5362,T8B
203,1,0,0,207,red,5362,T8B
204,1,0,0,207,red,5362,T8B
205,1,0,0,207,red,5362,T8B
206,1,0,0,207,red,5362,T8B
207,1,0,0,207,red,5362,T8B
208,1,0,0,207,red,5362,T8B
209,1,0,0,207,red,5362,T8B
210,1,0,0,207,red,5362,T8B
211,1,0,0,207,red,5362,T8B
212,1,0,0,207,red,5362,T8B
213,1,0,0,207,red,5362,T8B
214,1,0,0,207,red,5362,T8B
215,1,0,0,207,red,5362,T8B
216,1,0,0,207,red,5362,T8B
217,1,0,0,207,red,5362,T8B
218,1,0,0,207,red,5362,T8B
219,1,0,0,207,red,5362,T8B
220,1,0,0,207,red,5362,T8B
221,1,0,0,207,red,5362,T8B
222,1,0,0,207,red,5362,T8B
0,0,0,1,208,red,5469,T8B
1,0,0,1,208,red,5469,T8B
2,0,0,1,208,red,5469,T8B
3,0,0,1,208,red,5469,T8B
4,0,0,1,208,red,5469,T8B
5,0,0,1,208,red,5469,T8B
6,0,0,1,208,red,5469,T8B
7,0,0,1,208,red,5469,T8B
8,0,0,1,208,red,5469,T8B
9,0,0,1,208,red,5469,T8B
10,0,0,1,208,red,5469,T8B
11,0,0,1,208,red,5469,T8B
12,0,0,1,208,red,5469,T8B
13,0,0,1,208,red,5469,T8B
14,0,0,1,208,red,5469,T8B
15,0,0,1,208,red,5469,T8B
16,0,0,1,208,red,5469,T8B
17,0,0,1,208,red,5469,T8B
18,0,0,1,208,red,5469,T8B
19,0,0,1,208,red,5469,T8B
20,0,0,1,208,red,5469,T8B
21,0,0,1,208,red,5469,T8B
22,0,0,1,208,red,5469,T8B
23,0,0,1,208,red,5469,T8B
24,0,0,1,208,red,5469,T8B
25,0,0,1,208,red,5469,T8B
26,0,0,1,208,red,5469,T8B
27,0,0,1,208,red,5469,T8B
28,0,0,1,208,red,5469,T8B
29,0,0,1,208,red,5469,T8B
30,0,0,1,208,red,5469,T8B
31,0,0,1,208,red,5469,T8B
32,0,0,1,208,red,5469,T8B
33,0,0,1,208,red,5469,T8B
34,0,0,1,208,red,5469,T8B
35,0,0,1,208,red,5469,T8B
36,0,0,1,208,red,5469,T8B
37,0,0,1,208,red,5469,T8B
38,0,0,1,208,red,5469,T8B
39,0,0,1,208,red,5469,T8B
40,0,0,1,208,red,5469,T8B
41,0,0,1,208,red,5469,T8B
42,0,0,1,208,red,5469,T8B
43,0,0,1,208,red,5469,T8B
44,0,0,1,208,red,5469,T8B
45,0,0,1,208,red,5469,T8B
46,0,0,1,208,red,5469,T8B
47,0,0,1,208,red,5469,T8B
48,0,0,1,208,red,5469,T8B
49,0,0,1,208,red,5469,T8B
50,0,0,1,208,red,5469,T8B
51,1,0,0,208,red,5469,T8B
52,1,0,0,208,red,5469,T8B
53,1,0,0,208,red,5469,T8B
54,1,0,0,208,red,5469,T8B
55,1,0,0,208,red,5469,T8B
56,1,0,0,208,red,5469,T8B
57,1,0,0,208,red,5469,T8B
58,1,0,0,208,red,5469,T8B
59,1,0,0,208,red,5469,T8B
60,1,0,0,208,red,5469,T8B
61,1,0,0,208,red,5469,T8B
62,1,0,0,208,red,5469,T8B
63,1,0,0,208,red,5469,T8B
64,1,0,0,208,red,5469,T8B
65,1,0,0,208,red,5469,T8B
66,1,0,0,208,red,5469,T8B
67,1,0,0,208,red,5469,T8B
68,1,0,0,208,red,5469,T8B
69,1,0,0,208,red,5469,T8B
70,1,0,0,208,red,5469,T8B
71,1,0,0,208,red,5469,T8B
72,1,0,0,208,red,5469,T8B
73,1,0,0,208,red,5469,T8B
74,1,0,0,208,red,5469,T8B
75,1,0,0,208,red,5469,T8B
76,1,0,0,208,red,5469,T8B
77,1,0,0,208,red,5469,T8B
78,1,0,0,208,red,5469,T8B
79,1,0,0,208,red,5469,T8B
80,1,0,0,208,red,5469,T8B
81,1,0,0,208,red,5469,T8B
82,1,0,0,208,red,5469,T8B
83,1,0,0,208,red,5469,T8B
84,1,0,0,208,red,5469,T8B
85,1,0,0,208,red,5469,T8B
86,1,0,0,208,red,5469,T8B
87,1,0,0,208,red,5469,T8B
88,1,0,0,208,red,5469,T8B
89,1,0,0,208,red,5469,T8B
90,1,0,0,208,red,5469,T8B
91,1,0,0,208,red,5469,T8B
92,1,0,0,208,red,5469,T8B
93,1,0,0,208,red,5469,T8B
94,1,0,0,208,red,5469,T8B
95,1,0,0,208,red,5469,T8B
96,1,0,0,208,red,5469,T8B
97,1,0,0,208,red,5469,T8B
98,1,0,0,208,red,5469,T8B
99,1,0,0,208,red,5469,T8B
100,1,0,0,208,red,5469,T8B
101,1,0,0,208,red,5469,T8B
102,1,0,0,208,red,5469,T8B
103,1,0,0,208,red,5469,T8B
104,1,0,0,208,red,5469,T8B
105,1,0,0,208,red,5469,T8B
106,1,0,0,208,red,5469,T8B
107,1,0,0,208,red,5469,T8B
108,1,0,0,208,red,5469,T8B
109,1,0,0,208,red,5469,T8B
110,1,0,0,208,red,5469,T8B
111,1,0,0,208,red,5469,T8B
112,1,0,0,208,red,5469,T8B
113,1,0,0,208,red,5469,T8B
114,1,0,0,208,red,5469,T8B
115,1,0,0,208,red,5469,T8B
116,1,0,0,208,red,5469,T8B
117,1,0,0,208,red,5469,T8B
118,1,0,0,208,red,5469,T8B
119,1,0,0,208,red,5469,T8B
120,1,0,0,208,red,5469,T8B
121,1,0,0,208,red,5469,T8B
122,1,0,0,208,red,5469,T8B
123,1,0,0,208,red,5469,T8B
124,1,0,0,208,red,5469,T8B
125,1,0,0,208,red,5469,T8B
126,1,0,0,208,red,5469,T8B
127,1,0,0,208,red,5469,T8B
128,1,0,0,208,red,5469,T8B
129,1,0,0,208,red,5469,T8B
130,1,0,0,208,red,5469,T8B
131,1,0,0,208,red,5469,T8B
132,1,0,0,208,red,5469,T8B
133,1,0,0,208,red,5469,T8B
134,1,0,0,208,red,5469,T8B
135,1,0,0,208,red,5469,T8B
136,1,0,0,208,red,5469,T8B
137,1,0,0,208,red,5469,T8B
138,1,0,0,208,red,5469,T8B
139,1,0,0,208,red,5469,T8B
140,1,0,0,208,red,5469,T8B
141,1,0,0,208,red,5469,T8B
142,1,0,0,208,red,5469,T8B
143,1,0,0,208,red,5469,T8B
144,1,0,0,208,red,5469,T8B
145,1,0,0,208,red,5469,T8B
146,1,0,0,208,red,5469,T8B
147,1,0,0,208,red,5469,T8B
148,1,0,0,208,red,5469,T8B
149,1,0,0,208,red,5469,T8B
150,1,0,0,208,red,5469,T8B
151,1,0,0,208,red,5469,T8B
152,1,0,0,208,red,5469,T8B
153,1,0,0,208,red,5469,T8B
154,1,0,0,208,red,5469,T8B
155,1,0,0,208,red,5469,T8B
156,1,0,0,208,red,5469,T8B
157,1,0,0,208,red,5469,T8B
158,1,0,0,208,red,5469,T8B
159,1,0,0,208,red,5469,T8B
160,1,0,0,208,red,5469,T8B
161,1,0,0,208,red,5469,T8B
162,1,0,0,208,red,5469,T8B
163,1,0,0,208,red,5469,T8B
164,1,0,0,208,red,5469,T8B
165,1,0,0,208,red,5469,T8B
166,1,0,0,208,red,5469,T8B
167,1,0,0,208,red,5469,T8B
168,1,0,0,208,red,5469,T8B
169,1,0,0,208,red,5469,T8B
170,1,0,0,208,red,5469,T8B
171,1,0,0,208,red,5469,T8B
172,1,0,0,208,red,5469,T8B
173,1,0,0,208,red,5469,T8B
174,1,0,0,208,red,5469,T8B
175,1,0,0,208,red,5469,T8B
176,1,0,0,208,red,5469,T8B
177,1,0,0,208,red,5469,T8B
178,1,0,0,208,red,5469,T8B
179,1,0,0,208,red,5469,T8B
180,1,0,0,208,red,5469,T8B
181,1,0,0,208,red,5469,T8B
182,1,0,0,208,red,5469,T8B
183,1,0,0,208,red,5469,T8B
184,1,0,0,208,red,5469,T8B
185,1,0,0,208,red,5469,T8B
186,1,0,0,208,red,5469,T8B
187,1,0,0,208,red,5469,T8B
188,1,0,0,208,red,5469,T8B
189,1,0,0,208,red,5469,T8B
190,1,0,0,208,red,5469,T8B
191,1,0,0,208,red,5469,T8B
192,1,0,0,208,red,5469,T8B
193,1,0,0,208,red,5469,T8B
194,1,0,0,208,red,5469,T8B
195,1,0,0,208,red,5469,T8B
196,1,0,0,208,red,5469,T8B
197,1,0,0,208,red,5469,T8B
198,1,0,0,208,red,5469,T8B
199,1,0,0,208,red,5469,T8B
200,1,0,0,208,red,5469,T8B
201,1,0,0,208,red,5469,T8B
202,1,0,0,208,red,5469,T8B
203,1,0,0,208,red,5469,T8B
204,1,0,0,208,red,5469,T8B
205,1,0,0,208,red,5469,T8B
206,1,0,0,208,red,5469,T8B
207,1,0,0,208,red,5469,T8B
208,1,0,0,208,red,5469,T8B
209,1,0,0,208,red,5469,T8B
210,1,0,0,208,red,5469,T8B
211,1,0,0,208,red,5469,T8B
212,1,0,0,208,red,5469,T8B
213,1,0,0,208,red,5469,T8B
214,1,0,0,208,red,5469,T8B
215,1,0,0,208,red,5469,T8B
216,1,0,0,208,red,5469,T8B
217,1,0,0,208,red,5469,T8B
218,1,0,0,208,red,5469,T8B
219,1,0,0,208,red,5469,T8B
220,1,0,0,208,red,5469,T8B
221,1,0,0,208,red,5469,T8B
222,1,0,0,208,red,5469,T8B
0,0,0,1,209,red,3980,T8B
1,0,0,1,209,red,3980,T8B
2,0,0,1,209,red,3980,T8B
3,0,0,1,209,red,3980,T8B
4,0,0,1,209,red,3980,T8B
5,0,0,1,209,red,3980,T8B
6,0,0,1,209,red,3980,T8B
7,0,0,1,209,red,3980,T8B
8,0,0,1,209,red,3980,T8B
9,0,0,1,209,red,3980,T8B
10,0,0,1,209,red,3980,T8B
11,0,0,1,209,red,3980,T8B
12,0,0,1,209,red,3980,T8B
13,0,0,1,209,red,3980,T8B
14,0,0,1,209,red,3980,T8B
15,0,0,1,209,red,3980,T8B
16,0,0,1,209,red,3980,T8B
17,0,0,1,209,red,3980,T8B
18,0,0,1,209,red,3980,T8B
19,0,0,1,209,red,3980,T8B
20,0,0,1,209,red,3980,T8B
21,0,0,1,209,red,3980,T8B
22,0,0,1,209,red,3980,T8B
23,0,0,1,209,red,3980,T8B
24,0,0,1,209,red,3980,T8B
25,0,0,1,209,red,3980,T8B
26,0,0,1,209,red,3980,T8B
27,0,0,1,209,red,3980,T8B
28,0,0,1,209,red,3980,T8B
29,0,0,1,209,red,3980,T8B
30,0,0,1,209,red,3980,T8B
31,0,0,1,209,red,3980,T8B
32,0,0,1,209,red,3980,T8B
33,0,0,1,209,red,3980,T8B
34,0,0,1,209,red,3980,T8B
35,0,0,1,209,red,3980,T8B
36,0,0,1,209,red,3980,T8B
37,0,0,1,209,red,3980,T8B
38,0,0,1,209,red,3980,T8B
39,0,0,1,209,red,3980,T8B
40,0,0,1,209,red,3980,T8B
41,0,0,1,209,red,3980,T8B
42,0,0,1,209,red,3980,T8B
43,0,0,1,209,red,3980,T8B
44,0,0,1,209,red,3980,T8B
45,0,0,1,209,red,3980,T8B
46,0,0,1,209,red,3980,T8B
47,0,0,1,209,red,3980,T8B
48,0,0,1,209,red,3980,T8B
49,0,0,1,209,red,3980,T8B
50,0,0,1,209,red,3980,T8B
51,0,0,1,209,red,3980,T8B
52,0,0,1,209,red,3980,T8B
53,0,0,1,209,red,3980,T8B
54,0,0,1,209,red,3980,T8B
55,0,0,1,209,red,3980,T8B
56,0,0,1,209,red,3980,T8B
57,0,0,1,209,red,3980,T8B
58,0,0,1,209,red,3980,T8B
59,0,0,1,209,red,3980,T8B
60,0,0,1,209,red,3980,T8B
61,0,0,1,209,red,3980,T8B
62,0,0,1,209,red,3980,T8B
63,0,1,0,209,red,3980,T8B
64,0,1,0,209,red,3980,T8B
65,0,1,0,209,red,3980,T8B
66,0,1,0,209,red,3980,T8B
67,0,1,0,209,red,3980,T8B
68,0,1,0,209,red,3980,T8B
69,0,1,0,209,red,3980,T8B
70,0,1,0,209,red,3980,T8B
71,0,1,0,209,red,3980,T8B
72,0,1,0,209,red,3980,T8B
73,0,1,0,209,red,3980,T8B
74,0,1,0,209,red,3980,T8B
75,0,1,0,209,red,3980,T8B
76,0,1,0,209,red,3980,T8B
77,0,1,0,209,red,3980,T8B
78,0,0,1,209,red,3980,T8B
79,0,0,1,209,red,3980,T8B
80,0,0,1,209,red,3980,T8B
81,0,0,1,209,red,3980,T8B
82,0,0,1,209,red,3980,T8B
83,0,0,1,209,red,3980,T8B
84,1,0,0,209,red,3980,T8B
85,1,0,0,209,red,3980,T8B
86,1,0,0,209,red,3980,T8B
87,1,0,0,209,red,3980,T8B
88,1,0,0,209,red,3980,T8B
89,1,0,0,209,red,3980,T8B
90,1,0,0,209,red,3980,T8B
91,1,0,0,209,red,3980,T8B
92,1,0,0,209,red,3980,T8B
93,1,0,0,209,red,3980,T8B
94,1,0,0,209,red,3980,T8B
95,1,0,0,209,red,3980,T8B
96,1,0,0,209,red,3980,T8B
97,1,0,0,209,red,3980,T8B
98,1,0,0,209,red,3980,T8B
99,1,0,0,209,red,3980,T8B
100,1,0,0,209,red,3980,T8B
101,1,0,0,209,red,3980,T8B
102,1,0,0,209,red,3980,T8B
103,1,0,0,209,red,3980,T8B
104,1,0,0,209,red,3980,T8B
105,1,0,0,209,red,3980,T8B
106,1,0,0,209,red,3980,T8B
107,1,0,0,209,red,3980,T8B
108,1,0,0,209,red,3980,T8B
109,1,0,0,209,red,3980,T8B
110,1,0,0,209,red,3980,T8B
111,1,0,0,209,red,3980,T8B
112,1,0,0,209,red,3980,T8B
113,1,0,0,209,red,3980,T8B
114,1,0,0,209,red,3980,T8B
115,1,0,0,209,red,3980,T8B
116,1,0,0,209,red,3980,T8B
117,1,0,0,209,red,3980,T8B
118,1,0,0,209,red,3980,T8B
119,1,0,0,209,red,3980,T8B
120,1,0,0,209,red,3980,T8B
121,1,0,0,209,red,3980,T8B
122,1,0,0,209,red,3980,T8B
123,1,0,0,209,red,3980,T8B
124,1,0,0,209,red,3980,T8B
125,1,0,0,209,red,3980,T8B
126,1,0,0,209,red,3980,T8B
127,1,0,0,209,red,3980,T8B
128,1,0,0,209,red,3980,T8B
129,1,0,0,209,red,3980,T8B
130,1,0,0,209,red,3980,T8B
131,1,0,0,209,red,3980,T8B
132,1,0,0,209,red,3980,T8B
133,1,0,0,209,red,3980,T8B
134,1,0,0,209,red,3980,T8B
135,1,0,0,209,red,3980,T8B
136,1,0,0,209,red,3980,T8B
137,1,0,0,209,red,3980,T8B
138,1,0,0,209,red,3980,T8B
139,1,0,0,209,red,3980,T8B
140,1,0,0,209,red,3980,T8B
141,1,0,0,209,red,3980,T8B
142,1,0,0,209,red,3980,T8B
143,1,0,0,209,red,3980,T8B
144,1,0,0,209,red,3980,T8B
145,1,0,0,209,red,3980,T8B
146,1,0,0,209,red,3980,T8B
147,1,0,0,209,red,3980,T8B
148,1,0,0,209,red,3980,T8B
149,1,0,0,209,red,3980,T8B
150,1,0,0,209,red,3980,T8B
151,1,0,0,209,red,3980,T8B
152,1,0,0,209,red,3980,T8B
153,1,0,0,209,red,3980,T8B
154,1,0,0,209,red,3980,T8B
155,1,0,0,209,red,3980,T8B
156,1,0,0,209,red,3980,T8B
157,1,0,0,209,red,3980,T8B
158,1,0,0,209,red,3980,T8B
159,1,0,0,209,red,3980,T8B
160,1,0,0,209,red,3980,T8B
161,1,0,0,209,red,3980,T8B
162,1,0,0,209,red,3980,T8B
163,1,0,0,209,red,3980,T8B
164,1,0,0,209,red,3980,T8B
165,1,0,0,209,red,3980,T8B
166,1,0,0,209,red,3980,T8B
167,1,0,0,209,red,3980,T8B
168,1,0,0,209,red,3980,T8B
169,1,0,0,209,red,3980,T8B
170,1,0,0,209,red,3980,T8B
171,1,0,0,209,red,3980,T8B
172,1,0,0,209,red,3980,T8B
173,1,0,0,209,red,3980,T8B
174,1,0,0,209,red,3980,T8B
175,1,0,0,209,red,3980,T8B
176,1,0,0,209,red,3980,T8B
177,1,0,0,209,red,3980,T8B
178,1,0,0,209,red,3980,T8B
179,1,0,0,209,red,3980,T8B
180,1,0,0,209,red,3980,T8B
181,1,0,0,209,red,3980,T8B
182,1,0,0,209,red,3980,T8B
183,1,0,0,209,red,3980,T8B
184,1,0,0,209,red,3980,T8B
185,1,0,0,209,red,3980,T8B
186,1,0,0,209,red,3980,T8B
187,1,0,0,209,red,3980,T8B
188,1,0,0,209,red,3980,T8B
189,1,0,0,209,red,3980,T8B
190,1,0,0,209,red,3980,T8B
191,1,0,0,209,red,3980,T8B
192,1,0,0,209,red,3980,T8B
193,1,0,0,209,red,3980,T8B
194,1,0,0,209,red,3980,T8B
195,1,0,0,209,red,3980,T8B
196,1,0,0,209,red,3980,T8B
197,1,0,0,209,red,3980,T8B
198,1,0,0,209,red,3980,T8B
199,1,0,0,209,red,3980,T8B
200,1,0,0,209,red,3980,T8B
201,1,0,0,209,red,3980,T8B
202,1,0,0,209,red,3980,T8B
203,1,0,0,209,red,3980,T8B
204,1,0,0,209,red,3980,T8B
205,1,0,0,209,red,3980,T8B
206,1,0,0,209,red,3980,T8B
207,1,0,0,209,red,3980,T8B
208,1,0,0,209,red,3980,T8B
209,1,0,0,209,red,3980,T8B
210,1,0,0,209,red,3980,T8B
211,1,0,0,209,red,3980,T8B
212,1,0,0,209,red,3980,T8B
213,1,0,0,209,red,3980,T8B
214,1,0,0,209,red,3980,T8B
215,1,0,0,209,red,3980,T8B
216,1,0,0,209,red,3980,T8B
217,1,0,0,209,red,3980,T8B
218,1,0,0,209,red,3980,T8B
219,1,0,0,209,red,3980,T8B
220,1,0,0,209,red,3980,T8B
221,1,0,0,209,red,3980,T8B
222,1,0,0,209,red,3980,T8B
0,0,0,1,210,red,5691,T8B
1,0,0,1,210,red,5691,T8B
2,0,0,1,210,red,5691,T8B
3,0,0,1,210,red,5691,T8B
4,0,0,1,210,red,5691,T8B
5,0,0,1,210,red,5691,T8B
6,0,0,1,210,red,5691,T8B
7,0,0,1,210,red,5691,T8B
8,0,0,1,210,red,5691,T8B
9,0,0,1,210,red,5691,T8B
10,0,0,1,210,red,5691,T8B
11,0,0,1,210,red,5691,T8B
12,0,0,1,210,red,5691,T8B
13,0,0,1,210,red,5691,T8B
14,0,0,1,210,red,5691,T8B
15,0,0,1,210,red,5691,T8B
16,0,0,1,210,red,5691,T8B
17,0,0,1,210,red,5691,T8B
18,0,0,1,210,red,5691,T8B
19,0,0,1,210,red,5691,T8B
20,0,0,1,210,red,5691,T8B
21,0,0,1,210,red,5691,T8B
22,0,0,1,210,red,5691,T8B
23,0,0,1,210,red,5691,T8B
24,0,0,1,210,red,5691,T8B
25,0,0,1,210,red,5691,T8B
26,0,0,1,210,red,5691,T8B
27,0,0,1,210,red,5691,T8B
28,0,0,1,210,red,5691,T8B
29,0,0,1,210,red,5691,T8B
30,0,0,1,210,red,5691,T8B
31,0,0,1,210,red,5691,T8B
32,0,0,1,210,red,5691,T8B
33,0,0,1,210,red,5691,T8B
34,0,0,1,210,red,5691,T8B
35,0,0,1,210,red,5691,T8B
36,0,0,1,210,red,5691,T8B
37,0,0,1,210,red,5691,T8B
38,0,0,1,210,red,5691,T8B
39,0,0,1,210,red,5691,T8B
40,0,0,1,210,red,5691,T8B
41,0,0,1,210,red,5691,T8B
42,0,0,1,210,red,5691,T8B
43,0,0,1,210,red,5691,T8B
44,0,0,1,210,red,5691,T8B
45,0,0,1,210,red,5691,T8B
46,0,0,1,210,red,5691,T8B
47,0,0,1,210,red,5691,T8B
48,0,0,1,210,red,5691,T8B
49,0,0,1,210,red,5691,T8B
50,0,0,1,210,red,5691,T8B
51,0,0,1,210,red,5691,T8B
52,0,0,1,210,red,5691,T8B
53,0,0,1,210,red,5691,T8B
54,0,0,1,210,red,5691,T8B
55,0,0,1,210,red,5691,T8B
56,0,0,1,210,red,5691,T8B
57,0,0,1,210,red,5691,T8B
58,0,0,1,210,red,5691,T8B
59,0,0,1,210,red,5691,T8B
60,0,0,1,210,red,5691,T8B
61,0,0,1,210,red,5691,T8B
62,0,0,1,210,red,5691,T8B
63,0,0,1,210,red,5691,T8B
64,0,0,1,210,red,5691,T8B
65,0,0,1,210,red,5691,T8B
66,0,0,1,210,red,5691,T8B
67,1,0,0,210,red,5691,T8B
68,1,0,0,210,red,5691,T8B
69,1,0,0,210,red,5691,T8B
70,1,0,0,210,red,5691,T8B
71,1,0,0,210,red,5691,T8B
72,1,0,0,210,red,5691,T8B
73,1,0,0,210,red,5691,T8B
74,0,0,1,210,red,5691,T8B
75,0,0,1,210,red,5691,T8B
76,0,0,1,210,red,5691,T8B
77,0,0,1,210,red,5691,T8B
78,0,0,1,210,red,5691,T8B
79,0,0,1,210,red,5691,T8B
80,0,0,1,210,red,5691,T8B
81,0,0,1,210,red,5691,T8B
82,0,0,1,210,red,5691,T8B
83,0,0,1,210,red,5691,T8B
84,0,0,1,210,red,5691,T8B
85,1,0,0,210,red,5691,T8B
86,1,0,0,210,red,5691,T8B
87,1,0,0,210,red,5691,T8B
88,1,0,0,210,red,5691,T8B
89,1,0,0,210,red,5691,T8B
90,0,0,1,210,red,5691,T8B
91,0,0,1,210,red,5691,T8B
92,0,0,1,210,red,5691,T8B
93,0,0,1,210,red,5691,T8B
94,0,0,1,210,red,5691,T8B
95,0,0,1,210,red,5691,T8B
96,0,0,1,210,red,5691,T8B
97,0,0,1,210,red,5691,T8B
98,0,0,1,210,red,5691,T8B
99,0,0,1,210,red,5691,T8B
100,0,0,1,210,red,5691,T8B
101,0,0,1,210,red,5691,T8B
102,0,0,1,210,red,5691,T8B
103,0,0,1,210,red,5691,T8B
104,0,0,1,210,red,5691,T8B
105,0,0,1,210,red,5691,T8B
106,0,0,1,210,red,5691,T8B
107,0,0,1,210,red,5691,T8B
108,0,0,1,210,red,5691,T8B
109,0,0,1,210,red,5691,T8B
110,0,0,1,210,red,5691,T8B
111,1,0,0,210,red,5691,T8B
112,1,0,0,210,red,5691,T8B
113,1,0,0,210,red,5691,T8B
114,0,0,1,210,red,5691,T8B
115,0,0,1,210,red,5691,T8B
116,0,0,1,210,red,5691,T8B
117,0,0,1,210,red,5691,T8B
118,0,0,1,210,red,5691,T8B
119,0,0,1,210,red,5691,T8B
120,0,0,1,210,red,5691,T8B
121,0,0,1,210,red,5691,T8B
122,0,0,1,210,red,5691,T8B
123,1,0,0,210,red,5691,T8B
124,1,0,0,210,red,5691,T8B
125,1,0,0,210,red,5691,T8B
126,1,0,0,210,red,5691,T8B
127,0,0,1,210,red,5691,T8B
128,0,0,1,210,red,5691,T8B
129,0,0,1,210,red,5691,T8B
130,0,0,1,210,red,5691,T8B
131,0,0,1,210,red,5691,T8B
132,0,0,1,210,red,5691,T8B
133,0,0,1,210,red,5691,T8B
134,0,0,1,210,red,5691,T8B
135,0,0,1,210,red,5691,T8B
136,0,0,1,210,red,5691,T8B
137,0,0,1,210,red,5691,T8B
138,1,0,0,210,red,5691,T8B
139,1,0,0,210,red,5691,T8B
140,1,0,0,210,red,5691,T8B
141,1,0,0,210,red,5691,T8B
142,1,0,0,210,red,5691,T8B
143,1,0,0,210,red,5691,T8B
144,1,0,0,210,red,5691,T8B
145,1,0,0,210,red,5691,T8B
146,1,0,0,210,red,5691,T8B
147,1,0,0,210,red,5691,T8B
148,1,0,0,210,red,5691,T8B
149,1,0,0,210,red,5691,T8B
150,1,0,0,210,red,5691,T8B
151,1,0,0,210,red,5691,T8B
152,1,0,0,210,red,5691,T8B
153,1,0,0,210,red,5691,T8B
154,1,0,0,210,red,5691,T8B
155,1,0,0,210,red,5691,T8B
156,1,0,0,210,red,5691,T8B
157,1,0,0,210,red,5691,T8B
158,1,0,0,210,red,5691,T8B
159,1,0,0,210,red,5691,T8B
160,1,0,0,210,red,5691,T8B
161,1,0,0,210,red,5691,T8B
162,1,0,0,210,red,5691,T8B
163,1,0,0,210,red,5691,T8B
164,1,0,0,210,red,5691,T8B
165,1,0,0,210,red,5691,T8B
166,1,0,0,210,red,5691,T8B
167,1,0,0,210,red,5691,T8B
168,1,0,0,210,red,5691,T8B
169,1,0,0,210,red,5691,T8B
170,1,0,0,210,red,5691,T8B
171,1,0,0,210,red,5691,T8B
172,1,0,0,210,red,5691,T8B
173,1,0,0,210,red,5691,T8B
174,1,0,0,210,red,5691,T8B
175,1,0,0,210,red,5691,T8B
176,1,0,0,210,red,5691,T8B
177,1,0,0,210,red,5691,T8B
178,1,0,0,210,red,5691,T8B
179,1,0,0,210,red,5691,T8B
180,1,0,0,210,red,5691,T8B
181,1,0,0,210,red,5691,T8B
182,1,0,0,210,red,5691,T8B
183,1,0,0,210,red,5691,T8B
184,1,0,0,210,red,5691,T8B
185,1,0,0,210,red,5691,T8B
186,1,0,0,210,red,5691,T8B
187,1,0,0,210,red,5691,T8B
188,1,0,0,210,red,5691,T8B
189,1,0,0,210,red,5691,T8B
190,1,0,0,210,red,5691,T8B
191,1,0,0,210,red,5691,T8B
192,1,0,0,210,red,5691,T8B
193,1,0,0,210,red,5691,T8B
194,1,0,0,210,red,5691,T8B
195,1,0,0,210,red,5691,T8B
196,1,0,0,210,red,5691,T8B
197,1,0,0,210,red,5691,T8B
198,1,0,0,210,red,5691,T8B
199,1,0,0,210,red,5691,T8B
200,1,0,0,210,red,5691,T8B
201,1,0,0,210,red,5691,T8B
202,1,0,0,210,red,5691,T8B
203,1,0,0,210,red,5691,T8B
204,1,0,0,210,red,5691,T8B
205,1,0,0,210,red,5691,T8B
206,1,0,0,210,red,5691,T8B
207,1,0,0,210,red,5691,T8B
208,1,0,0,210,red,5691,T8B
209,1,0,0,210,red,5691,T8B
210,1,0,0,210,red,5691,T8B
211,1,0,0,210,red,5691,T8B
212,1,0,0,210,red,5691,T8B
213,1,0,0,210,red,5691,T8B
214,1,0,0,210,red,5691,T8B
215,1,0,0,210,red,5691,T8B
216,1,0,0,210,red,5691,T8B
217,1,0,0,210,red,5691,T8B
218,1,0,0,210,red,5691,T8B
219,1,0,0,210,red,5691,T8B
220,1,0,0,210,red,5691,T8B
221,1,0,0,210,red,5691,T8B
222,1,0,0,210,red,5691,T8B
0,0,0,1,211,red,4865,T8B
1,0,0,1,211,red,4865,T8B
2,0,0,1,211,red,4865,T8B
3,0,0,1,211,red,4865,T8B
4,0,0,1,211,red,4865,T8B
5,0,0,1,211,red,4865,T8B
6,0,0,1,211,red,4865,T8B
7,0,0,1,211,red,4865,T8B
8,0,0,1,211,red,4865,T8B
9,0,0,1,211,red,4865,T8B
10,0,0,1,211,red,4865,T8B
11,0,0,1,211,red,4865,T8B
12,0,0,1,211,red,4865,T8B
13,0,0,1,211,red,4865,T8B
14,0,0,1,211,red,4865,T8B
15,0,0,1,211,red,4865,T8B
16,0,0,1,211,red,4865,T8B
17,0,0,1,211,red,4865,T8B
18,0,0,1,211,red,4865,T8B
19,0,0,1,211,red,4865,T8B
20,0,0,1,211,red,4865,T8B
21,0,0,1,211,red,4865,T8B
22,0,0,1,211,red,4865,T8B
23,0,0,1,211,red,4865,T8B
24,0,0,1,211,red,4865,T8B
25,0,0,1,211,red,4865,T8B
26,0,0,1,211,red,4865,T8B
27,0,0,1,211,red,4865,T8B
28,1,0,0,211,red,4865,T8B
29,1,0,0,211,red,4865,T8B
30,1,0,0,211,red,4865,T8B
31,1,0,0,211,red,4865,T8B
32,1,0,0,211,red,4865,T8B
33,1,0,0,211,red,4865,T8B
34,1,0,0,211,red,4865,T8B
35,1,0,0,211,red,4865,T8B
36,1,0,0,211,red,4865,T8B
37,1,0,0,211,red,4865,T8B
38,1,0,0,211,red,4865,T8B
39,1,0,0,211,red,4865,T8B
40,1,0,0,211,red,4865,T8B
41,1,0,0,211,red,4865,T8B
42,1,0,0,211,red,4865,T8B
43,1,0,0,211,red,4865,T8B
44,1,0,0,211,red,4865,T8B
45,1,0,0,211,red,4865,T8B
46,1,0,0,211,red,4865,T8B
47,1,0,0,211,red,4865,T8B
48,1,0,0,211,red,4865,T8B
49,1,0,0,211,red,4865,T8B
50,1,0,0,211,red,4865,T8B
51,1,0,0,211,red,4865,T8B
52,1,0,0,211,red,4865,T8B
53,1,0,0,211,red,4865,T8B
54,1,0,0,211,red,4865,T8B
55,1,0,0,211,red,4865,T8B
56,1,0,0,211,red,4865,T8B
57,1,0,0,211,red,4865,T8B
58,1,0,0,211,red,4865,T8B
59,1,0,0,211,red,4865,T8B
60,0,1,0,211,red,4865,T8B
61,0,1,0,211,red,4865,T8B
62,0,1,0,211,red,4865,T8B
63,0,1,0,211,red,4865,T8B
64,0,1,0,211,red,4865,T8B
65,0,1,0,211,red,4865,T8B
66,0,1,0,211,red,4865,T8B
67,0,1,0,211,red,4865,T8B
68,0,1,0,211,red,4865,T8B
69,0,1,0,211,red,4865,T8B
70,0,1,0,211,red,4865,T8B
71,0,1,0,211,red,4865,T8B
72,0,1,0,211,red,4865,T8B
73,0,1,0,211,red,4865,T8B
74,0,1,0,211,red,4865,T8B
75,0,1,0,211,red,4865,T8B
76,0,1,0,211,red,4865,T8B
77,0,1,0,211,red,4865,T8B
78,0,1,0,211,red,4865,T8B
79,0,1,0,211,red,4865,T8B
80,0,1,0,211,red,4865,T8B
81,0,1,0,211,red,4865,T8B
82,0,1,0,211,red,4865,T8B
83,0,1,0,211,red,4865,T8B
84,0,1,0,211,red,4865,T8B
85,0,1,0,211,red,4865,T8B
86,0,1,0,211,red,4865,T8B
87,0,1,0,211,red,4865,T8B
88,0,1,0,211,red,4865,T8B
89,0,1,0,211,red,4865,T8B
90,0,1,0,211,red,4865,T8B
91,0,1,0,211,red,4865,T8B
92,0,1,0,211,red,4865,T8B
93,0,1,0,211,red,4865,T8B
94,0,1,0,211,red,4865,T8B
95,0,1,0,211,red,4865,T8B
96,0,1,0,211,red,4865,T8B
97,0,1,0,211,red,4865,T8B
98,0,1,0,211,red,4865,T8B
99,0,1,0,211,red,4865,T8B
100,0,1,0,211,red,4865,T8B
101,0,1,0,211,red,4865,T8B
102,0,1,0,211,red,4865,T8B
103,0,1,0,211,red,4865,T8B
104,0,1,0,211,red,4865,T8B
105,0,1,0,211,red,4865,T8B
106,0,1,0,211,red,4865,T8B
107,0,1,0,211,red,4865,T8B
108,0,1,0,211,red,4865,T8B
109,0,1,0,211,red,4865,T8B
110,0,1,0,211,red,4865,T8B
111,0,1,0,211,red,4865,T8B
112,0,1,0,211,red,4865,T8B
113,0,1,0,211,red,4865,T8B
114,0,1,0,211,red,4865,T8B
115,0,1,0,211,red,4865,T8B
116,0,1,0,211,red,4865,T8B
117,0,1,0,211,red,4865,T8B
118,0,1,0,211,red,4865,T8B
119,0,1,0,211,red,4865,T8B
120,0,1,0,211,red,4865,T8B
121,0,1,0,211,red,4865,T8B
122,0,1,0,211,red,4865,T8B
123,0,1,0,211,red,4865,T8B
124,0,1,0,211,red,4865,T8B
125,0,1,0,211,red,4865,T8B
126,0,1,0,211,red,4865,T8B
127,0,1,0,211,red,4865,T8B
128,0,1,0,211,red,4865,T8B
129,0,1,0,211,red,4865,T8B
130,0,1,0,211,red,4865,T8B
131,0,1,0,211,red,4865,T8B
132,0,1,0,211,red,4865,T8B
133,0,1,0,211,red,4865,T8B
134,0,1,0,211,red,4865,T8B
135,0,1,0,211,red,4865,T8B
136,0,1,0,211,red,4865,T8B
137,0,1,0,211,red,4865,T8B
138,0,1,0,211,red,4865,T8B
139,0,1,0,211,red,4865,T8B
140,0,1,0,211,red,4865,T8B
141,0,1,0,211,red,4865,T8B
142,0,1,0,211,red,4865,T8B
143,0,1,0,211,red,4865,T8B
144,0,1,0,211,red,4865,T8B
145,0,1,0,211,red,4865,T8B
146,0,1,0,211,red,4865,T8B
147,0,1,0,211,red,4865,T8B
148,0,1,0,211,red,4865,T8B
149,0,0,1,211,red,4865,T8B
150,1,0,0,211,red,4865,T8B
151,1,0,0,211,red,4865,T8B
152,1,0,0,211,red,4865,T8B
153,1,0,0,211,red,4865,T8B
154,1,0,0,211,red,4865,T8B
155,1,0,0,211,red,4865,T8B
156,1,0,0,211,red,4865,T8B
157,1,0,0,211,red,4865,T8B
158,1,0,0,211,red,4865,T8B
159,1,0,0,211,red,4865,T8B
160,1,0,0,211,red,4865,T8B
161,1,0,0,211,red,4865,T8B
162,1,0,0,211,red,4865,T8B
163,1,0,0,211,red,4865,T8B
164,1,0,0,211,red,4865,T8B
165,1,0,0,211,red,4865,T8B
166,1,0,0,211,red,4865,T8B
167,1,0,0,211,red,4865,T8B
168,1,0,0,211,red,4865,T8B
169,1,0,0,211,red,4865,T8B
170,1,0,0,211,red,4865,T8B
171,1,0,0,211,red,4865,T8B
172,1,0,0,211,red,4865,T8B
173,1,0,0,211,red,4865,T8B
174,1,0,0,211,red,4865,T8B
175,1,0,0,211,red,4865,T8B
176,1,0,0,211,red,4865,T8B
177,1,0,0,211,red,4865,T8B
178,1,0,0,211,red,4865,T8B
179,1,0,0,211,red,4865,T8B
180,1,0,0,211,red,4865,T8B
181,1,0,0,211,red,4865,T8B
182,1,0,0,211,red,4865,T8B
183,1,0,0,211,red,4865,T8B
184,1,0,0,211,red,4865,T8B
185,1,0,0,211,red,4865,T8B
186,1,0,0,211,red,4865,T8B
187,1,0,0,211,red,4865,T8B
188,1,0,0,211,red,4865,T8B
189,1,0,0,211,red,4865,T8B
190,1,0,0,211,red,4865,T8B
191,1,0,0,211,red,4865,T8B
192,1,0,0,211,red,4865,T8B
193,1,0,0,211,red,4865,T8B
194,1,0,0,211,red,4865,T8B
195,1,0,0,211,red,4865,T8B
196,1,0,0,211,red,4865,T8B
197,1,0,0,211,red,4865,T8B
198,1,0,0,211,red,4865,T8B
199,1,0,0,211,red,4865,T8B
200,1,0,0,211,red,4865,T8B
201,1,0,0,211,red,4865,T8B
202,1,0,0,211,red,4865,T8B
203,1,0,0,211,red,4865,T8B
204,1,0,0,211,red,4865,T8B
205,1,0,0,211,red,4865,T8B
206,1,0,0,211,red,4865,T8B
207,1,0,0,211,red,4865,T8B
208,1,0,0,211,red,4865,T8B
209,1,0,0,211,red,4865,T8B
210,1,0,0,211,red,4865,T8B
211,1,0,0,211,red,4865,T8B
212,1,0,0,211,red,4865,T8B
213,1,0,0,211,red,4865,T8B
214,1,0,0,211,red,4865,T8B
215,1,0,0,211,red,4865,T8B
216,1,0,0,211,red,4865,T8B
217,1,0,0,211,red,4865,T8B
218,1,0,0,211,red,4865,T8B
219,1,0,0,211,red,4865,T8B
220,1,0,0,211,red,4865,T8B
221,1,0,0,211,red,4865,T8B
222,1,0,0,211,red,4865,T8B
0,0,0,1,212,red,5546,T8B
1,0,0,1,212,red,5546,T8B
2,0,0,1,212,red,5546,T8B
3,0,0,1,212,red,5546,T8B
4,0,0,1,212,red,5546,T8B
5,0,0,1,212,red,5546,T8B
6,0,0,1,212,red,5546,T8B
7,0,0,1,212,red,5546,T8B
8,0,0,1,212,red,5546,T8B
9,0,0,1,212,red,5546,T8B
10,0,0,1,212,red,5546,T8B
11,0,0,1,212,red,5546,T8B
12,0,0,1,212,red,5546,T8B
13,0,0,1,212,red,5546,T8B
14,0,0,1,212,red,5546,T8B
15,0,0,1,212,red,5546,T8B
16,0,0,1,212,red,5546,T8B
17,0,0,1,212,red,5546,T8B
18,0,0,1,212,red,5546,T8B
19,0,0,1,212,red,5546,T8B
20,0,0,1,212,red,5546,T8B
21,0,0,1,212,red,5546,T8B
22,0,0,1,212,red,5546,T8B
23,0,0,1,212,red,5546,T8B
24,0,0,1,212,red,5546,T8B
25,0,0,1,212,red,5546,T8B
26,0,0,1,212,red,5546,T8B
27,0,1,0,212,red,5546,T8B
28,0,1,0,212,red,5546,T8B
29,0,1,0,212,red,5546,T8B
30,0,1,0,212,red,5546,T8B
31,0,1,0,212,red,5546,T8B
32,0,1,0,212,red,5546,T8B
33,0,1,0,212,red,5546,T8B
34,0,1,0,212,red,5546,T8B
35,0,1,0,212,red,5546,T8B
36,0,1,0,212,red,5546,T8B
37,0,1,0,212,red,5546,T8B
38,0,1,0,212,red,5546,T8B
39,0,1,0,212,red,5546,T8B
40,0,1,0,212,red,5546,T8B
41,0,1,0,212,red,5546,T8B
42,0,1,0,212,red,5546,T8B
43,0,1,0,212,red,5546,T8B
44,0,1,0,212,red,5546,T8B
45,0,1,0,212,red,5546,T8B
46,0,1,0,212,red,5546,T8B
47,0,1,0,212,red,5546,T8B
48,0,1,0,212,red,5546,T8B
49,0,1,0,212,red,5546,T8B
50,0,1,0,212,red,5546,T8B
51,0,1,0,212,red,5546,T8B
52,0,1,0,212,red,5546,T8B
53,0,1,0,212,red,5546,T8B
54,0,1,0,212,red,5546,T8B
55,0,1,0,212,red,5546,T8B
56,0,1,0,212,red,5546,T8B
57,0,1,0,212,red,5546,T8B
58,0,1,0,212,red,5546,T8B
59,0,1,0,212,red,5546,T8B
60,0,1,0,212,red,5546,T8B
61,0,1,0,212,red,5546,T8B
62,0,1,0,212,red,5546,T8B
63,0,1,0,212,red,5546,T8B
64,0,1,0,212,red,5546,T8B
65,0,0,1,212,red,5546,T8B
66,0,0,1,212,red,5546,T8B
67,0,0,1,212,red,5546,T8B
68,0,0,1,212,red,5546,T8B
69,1,0,0,212,red,5546,T8B
70,1,0,0,212,red,5546,T8B
71,1,0,0,212,red,5546,T8B
72,1,0,0,212,red,5546,T8B
73,1,0,0,212,red,5546,T8B
74,1,0,0,212,red,5546,T8B
75,1,0,0,212,red,5546,T8B
76,1,0,0,212,red,5546,T8B
77,1,0,0,212,red,5546,T8B
78,1,0,0,212,red,5546,T8B
79,1,0,0,212,red,5546,T8B
80,1,0,0,212,red,5546,T8B
81,1,0,0,212,red,5546,T8B
82,1,0,0,212,red,5546,T8B
83,1,0,0,212,red,5546,T8B
84,1,0,0,212,red,5546,T8B
85,1,0,0,212,red,5546,T8B
86,1,0,0,212,red,5546,T8B
87,1,0,0,212,red,5546,T8B
88,1,0,0,212,red,5546,T8B
89,1,0,0,212,red,5546,T8B
90,1,0,0,212,red,5546,T8B
91,1,0,0,212,red,5546,T8B
92,1,0,0,212,red,5546,T8B
93,1,0,0,212,red,5546,T8B
94,1,0,0,212,red,5546,T8B
95,1,0,0,212,red,5546,T8B
96,1,0,0,212,red,5546,T8B
97,1,0,0,212,red,5546,T8B
98,1,0,0,212,red,5546,T8B
99,1,0,0,212,red,5546,T8B
100,1,0,0,212,red,5546,T8B
101,1,0,0,212,red,5546,T8B
102,1,0,0,212,red,5546,T8B
103,1,0,0,212,red,5546,T8B
104,1,0,0,212,red,5546,T8B
105,1,0,0,212,red,5546,T8B
106,1,0,0,212,red,5546,T8B
107,1,0,0,212,red,5546,T8B
108,1,0,0,212,red,5546,T8B
109,1,0,0,212,red,5546,T8B
110,1,0,0,212,red,5546,T8B
111,1,0,0,212,red,5546,T8B
112,1,0,0,212,red,5546,T8B
113,0,1,0,212,red,5546,T8B
114,0,1,0,212,red,5546,T8B
115,0,1,0,212,red,5546,T8B
116,0,1,0,212,red,5546,T8B
117,0,1,0,212,red,5546,T8B
118,0,1,0,212,red,5546,T8B
119,0,1,0,212,red,5546,T8B
120,0,1,0,212,red,5546,T8B
121,0,1,0,212,red,5546,T8B
122,0,1,0,212,red,5546,T8B
123,0,1,0,212,red,5546,T8B
124,1,0,0,212,red,5546,T8B
125,1,0,0,212,red,5546,T8B
126,1,0,0,212,red,5546,T8B
127,1,0,0,212,red,5546,T8B
128,1,0,0,212,red,5546,T8B
129,1,0,0,212,red,5546,T8B
130,1,0,0,212,red,5546,T8B
131,1,0,0,212,red,5546,T8B
132,1,0,0,212,red,5546,T8B
133,1,0,0,212,red,5546,T8B
134,1,0,0,212,red,5546,T8B
135,1,0,0,212,red,5546,T8B
136,1,0,0,212,red,5546,T8B
137,1,0,0,212,red,5546,T8B
138,1,0,0,212,red,5546,T8B
139,1,0,0,212,red,5546,T8B
140,1,0,0,212,red,5546,T8B
141,1,0,0,212,red,5546,T8B
142,1,0,0,212,red,5546,T8B
143,1,0,0,212,red,5546,T8B
144,1,0,0,212,red,5546,T8B
145,1,0,0,212,red,5546,T8B
146,1,0,0,212,red,5546,T8B
147,1,0,0,212,red,5546,T8B
148,1,0,0,212,red,5546,T8B
149,1,0,0,212,red,5546,T8B
150,1,0,0,212,red,5546,T8B
151,1,0,0,212,red,5546,T8B
152,1,0,0,212,red,5546,T8B
153,1,0,0,212,red,5546,T8B
154,1,0,0,212,red,5546,T8B
155,1,0,0,212,red,5546,T8B
156,1,0,0,212,red,5546,T8B
157,1,0,0,212,red,5546,T8B
158,1,0,0,212,red,5546,T8B
159,1,0,0,212,red,5546,T8B
160,1,0,0,212,red,5546,T8B
161,1,0,0,212,red,5546,T8B
162,1,0,0,212,red,5546,T8B
163,1,0,0,212,red,5546,T8B
164,1,0,0,212,red,5546,T8B
165,1,0,0,212,red,5546,T8B
166,1,0,0,212,red,5546,T8B
167,1,0,0,212,red,5546,T8B
168,1,0,0,212,red,5546,T8B
169,1,0,0,212,red,5546,T8B
170,1,0,0,212,red,5546,T8B
171,1,0,0,212,red,5546,T8B
172,1,0,0,212,red,5546,T8B
173,1,0,0,212,red,5546,T8B
174,1,0,0,212,red,5546,T8B
175,1,0,0,212,red,5546,T8B
176,1,0,0,212,red,5546,T8B
177,1,0,0,212,red,5546,T8B
178,1,0,0,212,red,5546,T8B
179,1,0,0,212,red,5546,T8B
180,1,0,0,212,red,5546,T8B
181,1,0,0,212,red,5546,T8B
182,1,0,0,212,red,5546,T8B
183,1,0,0,212,red,5546,T8B
184,1,0,0,212,red,5546,T8B
185,1,0,0,212,red,5546,T8B
186,1,0,0,212,red,5546,T8B
187,1,0,0,212,red,5546,T8B
188,1,0,0,212,red,5546,T8B
189,1,0,0,212,red,5546,T8B
190,1,0,0,212,red,5546,T8B
191,1,0,0,212,red,5546,T8B
192,1,0,0,212,red,5546,T8B
193,1,0,0,212,red,5546,T8B
194,1,0,0,212,red,5546,T8B
195,1,0,0,212,red,5546,T8B
196,1,0,0,212,red,5546,T8B
197,1,0,0,212,red,5546,T8B
198,1,0,0,212,red,5546,T8B
199,1,0,0,212,red,5546,T8B
200,1,0,0,212,red,5546,T8B
201,1,0,0,212,red,5546,T8B
202,1,0,0,212,red,5546,T8B
203,1,0,0,212,red,5546,T8B
204,1,0,0,212,red,5546,T8B
205,1,0,0,212,red,5546,T8B
206,1,0,0,212,red,5546,T8B
207,1,0,0,212,red,5546,T8B
208,1,0,0,212,red,5546,T8B
209,1,0,0,212,red,5546,T8B
210,1,0,0,212,red,5546,T8B
211,1,0,0,212,red,5546,T8B
212,1,0,0,212,red,5546,T8B
213,1,0,0,212,red,5546,T8B
214,1,0,0,212,red,5546,T8B
215,1,0,0,212,red,5546,T8B
216,1,0,0,212,red,5546,T8B
217,1,0,0,212,red,5546,T8B
218,1,0,0,212,red,5546,T8B
219,1,0,0,212,red,5546,T8B
220,1,0,0,212,red,5546,T8B
221,1,0,0,212,red,5546,T8B
222,1,0,0,212,red,5546,T8B
0,0,0,1,213,red,5669,T8B
1,0,0,1,213,red,5669,T8B
2,0,0,1,213,red,5669,T8B
3,0,0,1,213,red,5669,T8B
4,0,0,1,213,red,5669,T8B
5,0,0,1,213,red,5669,T8B
6,0,0,1,213,red,5669,T8B
7,0,0,1,213,red,5669,T8B
8,0,0,1,213,red,5669,T8B
9,0,0,1,213,red,5669,T8B
10,0,0,1,213,red,5669,T8B
11,0,0,1,213,red,5669,T8B
12,0,0,1,213,red,5669,T8B
13,0,0,1,213,red,5669,T8B
14,0,0,1,213,red,5669,T8B
15,0,0,1,213,red,5669,T8B
16,0,0,1,213,red,5669,T8B
17,0,0,1,213,red,5669,T8B
18,0,0,1,213,red,5669,T8B
19,0,0,1,213,red,5669,T8B
20,0,0,1,213,red,5669,T8B
21,0,0,1,213,red,5669,T8B
22,0,0,1,213,red,5669,T8B
23,0,0,1,213,red,5669,T8B
24,0,0,1,213,red,5669,T8B
25,0,0,1,213,red,5669,T8B
26,0,0,1,213,red,5669,T8B
27,0,0,1,213,red,5669,T8B
28,0,1,0,213,red,5669,T8B
29,0,1,0,213,red,5669,T8B
30,0,1,0,213,red,5669,T8B
31,0,1,0,213,red,5669,T8B
32,0,1,0,213,red,5669,T8B
33,0,1,0,213,red,5669,T8B
34,0,1,0,213,red,5669,T8B
35,0,1,0,213,red,5669,T8B
36,0,1,0,213,red,5669,T8B
37,0,1,0,213,red,5669,T8B
38,0,1,0,213,red,5669,T8B
39,0,1,0,213,red,5669,T8B
40,0,1,0,213,red,5669,T8B
41,0,1,0,213,red,5669,T8B
42,0,1,0,213,red,5669,T8B
43,0,1,0,213,red,5669,T8B
44,0,1,0,213,red,5669,T8B
45,0,1,0,213,red,5669,T8B
46,0,1,0,213,red,5669,T8B
47,0,1,0,213,red,5669,T8B
48,0,1,0,213,red,5669,T8B
49,0,1,0,213,red,5669,T8B
50,0,1,0,213,red,5669,T8B
51,0,1,0,213,red,5669,T8B
52,0,1,0,213,red,5669,T8B
53,0,1,0,213,red,5669,T8B
54,0,1,0,213,red,5669,T8B
55,0,1,0,213,red,5669,T8B
56,0,1,0,213,red,5669,T8B
57,0,1,0,213,red,5669,T8B
58,0,1,0,213,red,5669,T8B
59,0,1,0,213,red,5669,T8B
60,0,1,0,213,red,5669,T8B
61,0,1,0,213,red,5669,T8B
62,0,1,0,213,red,5669,T8B
63,0,1,0,213,red,5669,T8B
64,0,1,0,213,red,5669,T8B
65,0,1,0,213,red,5669,T8B
66,0,1,0,213,red,5669,T8B
67,0,1,0,213,red,5669,T8B
68,0,1,0,213,red,5669,T8B
69,0,1,0,213,red,5669,T8B
70,0,1,0,213,red,5669,T8B
71,0,1,0,213,red,5669,T8B
72,0,1,0,213,red,5669,T8B
73,0,1,0,213,red,5669,T8B
74,0,1,0,213,red,5669,T8B
75,0,1,0,213,red,5669,T8B
76,0,1,0,213,red,5669,T8B
77,0,1,0,213,red,5669,T8B
78,0,1,0,213,red,5669,T8B
79,0,1,0,213,red,5669,T8B
80,0,1,0,213,red,5669,T8B
81,0,1,0,213,red,5669,T8B
82,0,1,0,213,red,5669,T8B
83,0,1,0,213,red,5669,T8B
84,0,1,0,213,red,5669,T8B
85,0,1,0,213,red,5669,T8B
86,0,1,0,213,red,5669,T8B
87,0,1,0,213,red,5669,T8B
88,0,1,0,213,red,5669,T8B
89,0,1,0,213,red,5669,T8B
90,0,1,0,213,red,5669,T8B
91,0,1,0,213,red,5669,T8B
92,0,1,0,213,red,5669,T8B
93,0,1,0,213,red,5669,T8B
94,0,1,0,213,red,5669,T8B
95,0,1,0,213,red,5669,T8B
96,0,1,0,213,red,5669,T8B
97,0,1,0,213,red,5669,T8B
98,0,1,0,213,red,5669,T8B
99,0,1,0,213,red,5669,T8B
100,0,1,0,213,red,5669,T8B
101,0,1,0,213,red,5669,T8B
102,0,1,0,213,red,5669,T8B
103,0,1,0,213,red,5669,T8B
104,0,1,0,213,red,5669,T8B
105,0,1,0,213,red,5669,T8B
106,0,1,0,213,red,5669,T8B
107,0,1,0,213,red,5669,T8B
108,0,1,0,213,red,5669,T8B
109,0,1,0,213,red,5669,T8B
110,0,1,0,213,red,5669,T8B
111,0,1,0,213,red,5669,T8B
112,0,1,0,213,red,5669,T8B
113,0,1,0,213,red,5669,T8B
114,0,1,0,213,red,5669,T8B
115,0,1,0,213,red,5669,T8B
116,0,1,0,213,red,5669,T8B
117,0,1,0,213,red,5669,T8B
118,0,1,0,213,red,5669,T8B
119,0,1,0,213,red,5669,T8B
120,0,1,0,213,red,5669,T8B
121,0,1,0,213,red,5669,T8B
122,0,1,0,213,red,5669,T8B
123,0,1,0,213,red,5669,T8B
124,0,1,0,213,red,5669,T8B
125,0,1,0,213,red,5669,T8B
126,0,1,0,213,red,5669,T8B
127,0,1,0,213,red,5669,T8B
128,0,1,0,213,red,5669,T8B
129,0,1,0,213,red,5669,T8B
130,0,1,0,213,red,5669,T8B
131,0,1,0,213,red,5669,T8B
132,0,1,0,213,red,5669,T8B
133,0,1,0,213,red,5669,T8B
134,0,1,0,213,red,5669,T8B
135,0,1,0,213,red,5669,T8B
136,0,1,0,213,red,5669,T8B
137,0,1,0,213,red,5669,T8B
138,0,1,0,213,red,5669,T8B
139,0,1,0,213,red,5669,T8B
140,0,1,0,213,red,5669,T8B
141,0,1,0,213,red,5669,T8B
142,0,1,0,213,red,5669,T8B
143,0,1,0,213,red,5669,T8B
144,0,1,0,213,red,5669,T8B
145,0,1,0,213,red,5669,T8B
146,0,1,0,213,red,5669,T8B
147,0,1,0,213,red,5669,T8B
148,0,1,0,213,red,5669,T8B
149,0,1,0,213,red,5669,T8B
150,0,1,0,213,red,5669,T8B
151,0,1,0,213,red,5669,T8B
152,0,1,0,213,red,5669,T8B
153,0,1,0,213,red,5669,T8B
154,0,1,0,213,red,5669,T8B
155,0,1,0,213,red,5669,T8B
156,0,1,0,213,red,5669,T8B
157,0,1,0,213,red,5669,T8B
158,0,1,0,213,red,5669,T8B
159,0,1,0,213,red,5669,T8B
160,0,1,0,213,red,5669,T8B
161,0,1,0,213,red,5669,T8B
162,0,1,0,213,red,5669,T8B
163,0,1,0,213,red,5669,T8B
164,0,1,0,213,red,5669,T8B
165,0,1,0,213,red,5669,T8B
166,0,1,0,213,red,5669,T8B
167,0,1,0,213,red,5669,T8B
168,0,1,0,213,red,5669,T8B
169,0,1,0,213,red,5669,T8B
170,0,1,0,213,red,5669,T8B
171,0,1,0,213,red,5669,T8B
172,0,1,0,213,red,5669,T8B
173,0,1,0,213,red,5669,T8B
174,0,1,0,213,red,5669,T8B
175,0,1,0,213,red,5669,T8B
176,0,1,0,213,red,5669,T8B
177,0,1,0,213,red,5669,T8B
178,0,1,0,213,red,5669,T8B
179,0,1,0,213,red,5669,T8B
180,0,1,0,213,red,5669,T8B
181,0,1,0,213,red,5669,T8B
182,0,1,0,213,red,5669,T8B
183,0,1,0,213,red,5669,T8B
184,0,0,1,213,red,5669,T8B
185,0,0,1,213,red,5669,T8B
186,1,0,0,213,red,5669,T8B
187,1,0,0,213,red,5669,T8B
188,1,0,0,213,red,5669,T8B
189,1,0,0,213,red,5669,T8B
190,1,0,0,213,red,5669,T8B
191,1,0,0,213,red,5669,T8B
192,1,0,0,213,red,5669,T8B
193,1,0,0,213,red,5669,T8B
194,1,0,0,213,red,5669,T8B
195,1,0,0,213,red,5669,T8B
196,1,0,0,213,red,5669,T8B
197,1,0,0,213,red,5669,T8B
198,1,0,0,213,red,5669,T8B
199,1,0,0,213,red,5669,T8B
200,1,0,0,213,red,5669,T8B
201,1,0,0,213,red,5669,T8B
202,1,0,0,213,red,5669,T8B
203,1,0,0,213,red,5669,T8B
204,1,0,0,213,red,5669,T8B
205,1,0,0,213,red,5669,T8B
206,1,0,0,213,red,5669,T8B
207,1,0,0,213,red,5669,T8B
208,1,0,0,213,red,5669,T8B
209,1,0,0,213,red,5669,T8B
210,1,0,0,213,red,5669,T8B
211,1,0,0,213,red,5669,T8B
212,1,0,0,213,red,5669,T8B
213,1,0,0,213,red,5669,T8B
214,1,0,0,213,red,5669,T8B
215,1,0,0,213,red,5669,T8B
216,1,0,0,213,red,5669,T8B
217,1,0,0,213,red,5669,T8B
218,1,0,0,213,red,5669,T8B
219,1,0,0,213,red,5669,T8B
220,1,0,0,213,red,5669,T8B
221,1,0,0,213,red,5669,T8B
222,1,0,0,213,red,5669,T8B
0,0,0,1,214,red,5558,T8B
1,0,0,1,214,red,5558,T8B
2,0,0,1,214,red,5558,T8B
3,0,0,1,214,red,5558,T8B
4,0,0,1,214,red,5558,T8B
5,0,0,1,214,red,5558,T8B
6,0,0,1,214,red,5558,T8B
7,0,0,1,214,red,5558,T8B
8,0,0,1,214,red,5558,T8B
9,0,0,1,214,red,5558,T8B
10,0,0,1,214,red,5558,T8B
11,0,0,1,214,red,5558,T8B
12,0,0,1,214,red,5558,T8B
13,0,0,1,214,red,5558,T8B
14,0,0,1,214,red,5558,T8B
15,0,0,1,214,red,5558,T8B
16,0,0,1,214,red,5558,T8B
17,0,0,1,214,red,5558,T8B
18,0,0,1,214,red,5558,T8B
19,0,0,1,214,red,5558,T8B
20,0,0,1,214,red,5558,T8B
21,0,0,1,214,red,5558,T8B
22,0,0,1,214,red,5558,T8B
23,0,0,1,214,red,5558,T8B
24,0,0,1,214,red,5558,T8B
25,0,0,1,214,red,5558,T8B
26,0,0,1,214,red,5558,T8B
27,0,0,1,214,red,5558,T8B
28,0,0,1,214,red,5558,T8B
29,0,0,1,214,red,5558,T8B
30,0,0,1,214,red,5558,T8B
31,0,0,1,214,red,5558,T8B
32,0,0,1,214,red,5558,T8B
33,0,0,1,214,red,5558,T8B
34,0,0,1,214,red,5558,T8B
35,0,0,1,214,red,5558,T8B
36,0,0,1,214,red,5558,T8B
37,0,0,1,214,red,5558,T8B
38,0,0,1,214,red,5558,T8B
39,0,0,1,214,red,5558,T8B
40,0,0,1,214,red,5558,T8B
41,0,0,1,214,red,5558,T8B
42,0,0,1,214,red,5558,T8B
43,0,0,1,214,red,5558,T8B
44,0,0,1,214,red,5558,T8B
45,0,0,1,214,red,5558,T8B
46,0,0,1,214,red,5558,T8B
47,0,0,1,214,red,5558,T8B
48,0,0,1,214,red,5558,T8B
49,0,0,1,214,red,5558,T8B
50,0,0,1,214,red,5558,T8B
51,0,0,1,214,red,5558,T8B
52,0,0,1,214,red,5558,T8B
53,0,0,1,214,red,5558,T8B
54,0,0,1,214,red,5558,T8B
55,0,0,1,214,red,5558,T8B
56,0,0,1,214,red,5558,T8B
57,1,0,0,214,red,5558,T8B
58,1,0,0,214,red,5558,T8B
59,1,0,0,214,red,5558,T8B
60,1,0,0,214,red,5558,T8B
61,1,0,0,214,red,5558,T8B
62,1,0,0,214,red,5558,T8B
63,1,0,0,214,red,5558,T8B
64,1,0,0,214,red,5558,T8B
65,1,0,0,214,red,5558,T8B
66,1,0,0,214,red,5558,T8B
67,1,0,0,214,red,5558,T8B
68,1,0,0,214,red,5558,T8B
69,1,0,0,214,red,5558,T8B
70,1,0,0,214,red,5558,T8B
71,1,0,0,214,red,5558,T8B
72,1,0,0,214,red,5558,T8B
73,1,0,0,214,red,5558,T8B
74,1,0,0,214,red,5558,T8B
75,1,0,0,214,red,5558,T8B
76,1,0,0,214,red,5558,T8B
77,1,0,0,214,red,5558,T8B
78,1,0,0,214,red,5558,T8B
79,1,0,0,214,red,5558,T8B
80,1,0,0,214,red,5558,T8B
81,1,0,0,214,red,5558,T8B
82,1,0,0,214,red,5558,T8B
83,1,0,0,214,red,5558,T8B
84,1,0,0,214,red,5558,T8B
85,1,0,0,214,red,5558,T8B
86,1,0,0,214,red,5558,T8B
87,1,0,0,214,red,5558,T8B
88,1,0,0,214,red,5558,T8B
89,1,0,0,214,red,5558,T8B
90,1,0,0,214,red,5558,T8B
91,1,0,0,214,red,5558,T8B
92,1,0,0,214,red,5558,T8B
93,1,0,0,214,red,5558,T8B
94,1,0,0,214,red,5558,T8B
95,1,0,0,214,red,5558,T8B
96,1,0,0,214,red,5558,T8B
97,1,0,0,214,red,5558,T8B
98,1,0,0,214,red,5558,T8B
99,1,0,0,214,red,5558,T8B
100,0,1,0,214,red,5558,T8B
101,0,1,0,214,red,5558,T8B
102,0,1,0,214,red,5558,T8B
103,0,1,0,214,red,5558,T8B
104,0,1,0,214,red,5558,T8B
105,0,1,0,214,red,5558,T8B
106,0,1,0,214,red,5558,T8B
107,0,1,0,214,red,5558,T8B
108,0,1,0,214,red,5558,T8B
109,0,1,0,214,red,5558,T8B
110,0,1,0,214,red,5558,T8B
111,0,1,0,214,red,5558,T8B
112,0,1,0,214,red,5558,T8B
113,0,1,0,214,red,5558,T8B
114,0,1,0,214,red,5558,T8B
115,0,1,0,214,red,5558,T8B
116,0,1,0,214,red,5558,T8B
117,0,1,0,214,red,5558,T8B
118,0,1,0,214,red,5558,T8B
119,0,1,0,214,red,5558,T8B
120,0,1,0,214,red,5558,T8B
121,0,1,0,214,red,5558,T8B
122,0,1,0,214,red,5558,T8B
123,0,1,0,214,red,5558,T8B
124,0,1,0,214,red,5558,T8B
125,0,1,0,214,red,5558,T8B
126,0,1,0,214,red,5558,T8B
127,0,1,0,214,red,5558,T8B
128,0,1,0,214,red,5558,T8B
129,0,1,0,214,red,5558,T8B
130,0,1,0,214,red,5558,T8B
131,0,1,0,214,red,5558,T8B
132,0,1,0,214,red,5558,T8B
133,0,1,0,214,red,5558,T8B
134,0,1,0,214,red,5558,T8B
135,0,1,0,214,red,5558,T8B
136,0,1,0,214,red,5558,T8B
137,0,1,0,214,red,5558,T8B
138,0,1,0,214,red,5558,T8B
139,0,1,0,214,red,5558,T8B
140,0,1,0,214,red,5558,T8B
141,0,1,0,214,red,5558,T8B
142,0,1,0,214,red,5558,T8B
143,0,1,0,214,red,5558,T8B
144,0,1,0,214,red,5558,T8B
145,0,1,0,214,red,5558,T8B
146,0,1,0,214,red,5558,T8B
147,0,1,0,214,red,5558,T8B
148,0,1,0,214,red,5558,T8B
149,0,1,0,214,red,5558,T8B
150,0,1,0,214,red,5558,T8B
151,0,1,0,214,red,5558,T8B
152,0,1,0,214,red,5558,T8B
153,0,1,0,214,red,5558,T8B
154,0,1,0,214,red,5558,T8B
155,0,1,0,214,red,5558,T8B
156,0,1,0,214,red,5558,T8B
157,0,1,0,214,red,5558,T8B
158,0,1,0,214,red,5558,T8B
159,0,1,0,214,red,5558,T8B
160,0,1,0,214,red,5558,T8B
161,0,1,0,214,red,5558,T8B
162,0,1,0,214,red,5558,T8B
163,0,1,0,214,red,5558,T8B
164,0,1,0,214,red,5558,T8B
165,0,1,0,214,red,5558,T8B
166,0,1,0,214,red,5558,T8B
167,0,1,0,214,red,5558,T8B
168,0,0,1,214,red,5558,T8B
169,0,0,1,214,red,5558,T8B
170,0,0,1,214,red,5558,T8B
171,0,0,1,214,red,5558,T8B
172,1,0,0,214,red,5558,T8B
173,1,0,0,214,red,5558,T8B
174,1,0,0,214,red,5558,T8B
175,1,0,0,214,red,5558,T8B
176,1,0,0,214,red,5558,T8B
177,1,0,0,214,red,5558,T8B
178,1,0,0,214,red,5558,T8B
179,1,0,0,214,red,5558,T8B
180,1,0,0,214,red,5558,T8B
181,1,0,0,214,red,5558,T8B
182,1,0,0,214,red,5558,T8B
183,1,0,0,214,red,5558,T8B
184,1,0,0,214,red,5558,T8B
185,1,0,0,214,red,5558,T8B
186,1,0,0,214,red,5558,T8B
187,1,0,0,214,red,5558,T8B
188,1,0,0,214,red,5558,T8B
189,1,0,0,214,red,5558,T8B
190,1,0,0,214,red,5558,T8B
191,1,0,0,214,red,5558,T8B
192,1,0,0,214,red,5558,T8B
193,1,0,0,214,red,5558,T8B
194,1,0,0,214,red,5558,T8B
195,1,0,0,214,red,5558,T8B
196,1,0,0,214,red,5558,T8B
197,1,0,0,214,red,5558,T8B
198,1,0,0,214,red,5558,T8B
199,1,0,0,214,red,5558,T8B
200,1,0,0,214,red,5558,T8B
201,1,0,0,214,red,5558,T8B
202,1,0,0,214,red,5558,T8B
203,1,0,0,214,red,5558,T8B
204,1,0,0,214,red,5558,T8B
205,1,0,0,214,red,5558,T8B
206,1,0,0,214,red,5558,T8B
207,1,0,0,214,red,5558,T8B
208,1,0,0,214,red,5558,T8B
209,1,0,0,214,red,5558,T8B
210,1,0,0,214,red,5558,T8B
211,1,0,0,214,red,5558,T8B
212,1,0,0,214,red,5558,T8B
213,1,0,0,214,red,5558,T8B
214,1,0,0,214,red,5558,T8B
215,1,0,0,214,red,5558,T8B
216,1,0,0,214,red,5558,T8B
217,1,0,0,214,red,5558,T8B
218,1,0,0,214,red,5558,T8B
219,1,0,0,214,red,5558,T8B
220,1,0,0,214,red,5558,T8B
221,1,0,0,214,red,5558,T8B
222,1,0,0,214,red,5558,T8B
0,1,0,0,215,red,4981,T8B
1,1,0,0,215,red,4981,T8B
2,1,0,0,215,red,4981,T8B
3,1,0,0,215,red,4981,T8B
4,1,0,0,215,red,4981,T8B
5,1,0,0,215,red,4981,T8B
6,1,0,0,215,red,4981,T8B
7,1,0,0,215,red,4981,T8B
8,1,0,0,215,red,4981,T8B
9,1,0,0,215,red,4981,T8B
10,1,0,0,215,red,4981,T8B
11,1,0,0,215,red,4981,T8B
12,1,0,0,215,red,4981,T8B
13,1,0,0,215,red,4981,T8B
14,1,0,0,215,red,4981,T8B
15,1,0,0,215,red,4981,T8B
16,1,0,0,215,red,4981,T8B
17,1,0,0,215,red,4981,T8B
18,1,0,0,215,red,4981,T8B
19,1,0,0,215,red,4981,T8B
20,1,0,0,215,red,4981,T8B
21,1,0,0,215,red,4981,T8B
22,1,0,0,215,red,4981,T8B
23,1,0,0,215,red,4981,T8B
24,1,0,0,215,red,4981,T8B
25,1,0,0,215,red,4981,T8B
26,1,0,0,215,red,4981,T8B
27,1,0,0,215,red,4981,T8B
28,1,0,0,215,red,4981,T8B
29,1,0,0,215,red,4981,T8B
30,1,0,0,215,red,4981,T8B
31,1,0,0,215,red,4981,T8B
32,1,0,0,215,red,4981,T8B
33,1,0,0,215,red,4981,T8B
34,1,0,0,215,red,4981,T8B
35,1,0,0,215,red,4981,T8B
36,1,0,0,215,red,4981,T8B
37,1,0,0,215,red,4981,T8B
38,1,0,0,215,red,4981,T8B
39,1,0,0,215,red,4981,T8B
40,1,0,0,215,red,4981,T8B
41,1,0,0,215,red,4981,T8B
42,1,0,0,215,red,4981,T8B
43,1,0,0,215,red,4981,T8B
44,1,0,0,215,red,4981,T8B
45,1,0,0,215,red,4981,T8B
46,1,0,0,215,red,4981,T8B
47,1,0,0,215,red,4981,T8B
48,1,0,0,215,red,4981,T8B
49,1,0,0,215,red,4981,T8B
50,1,0,0,215,red,4981,T8B
51,1,0,0,215,red,4981,T8B
52,1,0,0,215,red,4981,T8B
53,1,0,0,215,red,4981,T8B
54,1,0,0,215,red,4981,T8B
55,1,0,0,215,red,4981,T8B
56,1,0,0,215,red,4981,T8B
57,1,0,0,215,red,4981,T8B
58,1,0,0,215,red,4981,T8B
59,1,0,0,215,red,4981,T8B
60,1,0,0,215,red,4981,T8B
61,1,0,0,215,red,4981,T8B
62,1,0,0,215,red,4981,T8B
63,1,0,0,215,red,4981,T8B
64,1,0,0,215,red,4981,T8B
65,1,0,0,215,red,4981,T8B
66,1,0,0,215,red,4981,T8B
67,0,0,1,215,red,4981,T8B
68,0,1,0,215,red,4981,T8B
69,0,1,0,215,red,4981,T8B
70,0,1,0,215,red,4981,T8B
71,0,1,0,215,red,4981,T8B
72,0,1,0,215,red,4981,T8B
73,0,1,0,215,red,4981,T8B
74,0,1,0,215,red,4981,T8B
75,0,1,0,215,red,4981,T8B
76,0,1,0,215,red,4981,T8B
77,0,1,0,215,red,4981,T8B
78,0,1,0,215,red,4981,T8B
79,0,1,0,215,red,4981,T8B
80,0,1,0,215,red,4981,T8B
81,0,1,0,215,red,4981,T8B
82,0,1,0,215,red,4981,T8B
83,0,1,0,215,red,4981,T8B
84,0,1,0,215,red,4981,T8B
85,0,1,0,215,red,4981,T8B
86,0,1,0,215,red,4981,T8B
87,0,1,0,215,red,4981,T8B
88,0,1,0,215,red,4981,T8B
89,0,1,0,215,red,4981,T8B
90,0,1,0,215,red,4981,T8B
91,0,1,0,215,red,4981,T8B
92,0,1,0,215,red,4981,T8B
93,0,1,0,215,red,4981,T8B
94,0,1,0,215,red,4981,T8B
95,0,1,0,215,red,4981,T8B
96,0,1,0,215,red,4981,T8B
97,0,1,0,215,red,4981,T8B
98,0,1,0,215,red,4981,T8B
99,0,1,0,215,red,4981,T8B
100,0,1,0,215,red,4981,T8B
101,0,1,0,215,red,4981,T8B
102,0,1,0,215,red,4981,T8B
103,0,1,0,215,red,4981,T8B
104,0,1,0,215,red,4981,T8B
105,0,1,0,215,red,4981,T8B
106,0,1,0,215,red,4981,T8B
107,0,1,0,215,red,4981,T8B
108,0,1,0,215,red,4981,T8B
109,0,1,0,215,red,4981,T8B
110,0,1,0,215,red,4981,T8B
111,0,1,0,215,red,4981,T8B
112,0,1,0,215,red,4981,T8B
113,0,1,0,215,red,4981,T8B
114,0,1,0,215,red,4981,T8B
115,0,1,0,215,red,4981,T8B
116,0,1,0,215,red,4981,T8B
117,0,1,0,215,red,4981,T8B
118,0,1,0,215,red,4981,T8B
119,0,1,0,215,red,4981,T8B
120,0,1,0,215,red,4981,T8B
121,0,1,0,215,red,4981,T8B
122,0,1,0,215,red,4981,T8B
123,0,1,0,215,red,4981,T8B
124,0,1,0,215,red,4981,T8B
125,0,1,0,215,red,4981,T8B
126,0,1,0,215,red,4981,T8B
127,0,1,0,215,red,4981,T8B
128,0,1,0,215,red,4981,T8B
129,0,1,0,215,red,4981,T8B
130,0,1,0,215,red,4981,T8B
131,0,1,0,215,red,4981,T8B
132,0,1,0,215,red,4981,T8B
133,0,1,0,215,red,4981,T8B
134,0,1,0,215,red,4981,T8B
135,0,1,0,215,red,4981,T8B
136,0,1,0,215,red,4981,T8B
137,0,1,0,215,red,4981,T8B
138,0,1,0,215,red,4981,T8B
139,0,1,0,215,red,4981,T8B
140,0,1,0,215,red,4981,T8B
141,0,1,0,215,red,4981,T8B
142,0,1,0,215,red,4981,T8B
143,0,1,0,215,red,4981,T8B
144,0,1,0,215,red,4981,T8B
145,0,1,0,215,red,4981,T8B
146,0,1,0,215,red,4981,T8B
147,0,1,0,215,red,4981,T8B
148,0,1,0,215,red,4981,T8B
149,0,1,0,215,red,4981,T8B
150,0,1,0,215,red,4981,T8B
151,0,1,0,215,red,4981,T8B
152,0,1,0,215,red,4981,T8B
153,0,1,0,215,red,4981,T8B
154,0,1,0,215,red,4981,T8B
155,0,1,0,215,red,4981,T8B
156,0,1,0,215,red,4981,T8B
157,0,1,0,215,red,4981,T8B
158,0,1,0,215,red,4981,T8B
159,0,1,0,215,red,4981,T8B
160,0,1,0,215,red,4981,T8B
161,0,1,0,215,red,4981,T8B
162,0,1,0,215,red,4981,T8B
163,0,1,0,215,red,4981,T8B
164,0,1,0,215,red,4981,T8B
165,0,1,0,215,red,4981,T8B
166,0,1,0,215,red,4981,T8B
167,0,1,0,215,red,4981,T8B
168,0,1,0,215,red,4981,T8B
169,0,1,0,215,red,4981,T8B
170,0,1,0,215,red,4981,T8B
171,0,1,0,215,red,4981,T8B
172,0,1,0,215,red,4981,T8B
173,0,1,0,215,red,4981,T8B
174,0,1,0,215,red,4981,T8B
175,0,1,0,215,red,4981,T8B
176,0,1,0,215,red,4981,T8B
177,0,1,0,215,red,4981,T8B
178,0,1,0,215,red,4981,T8B
179,0,1,0,215,red,4981,T8B
180,0,0,1,215,red,4981,T8B
181,1,0,0,215,red,4981,T8B
182,1,0,0,215,red,4981,T8B
183,1,0,0,215,red,4981,T8B
184,1,0,0,215,red,4981,T8B
185,1,0,0,215,red,4981,T8B
186,1,0,0,215,red,4981,T8B
187,1,0,0,215,red,4981,T8B
188,1,0,0,215,red,4981,T8B
189,1,0,0,215,red,4981,T8B
190,1,0,0,215,red,4981,T8B
191,1,0,0,215,red,4981,T8B
192,1,0,0,215,red,4981,T8B
193,1,0,0,215,red,4981,T8B
194,1,0,0,215,red,4981,T8B
195,1,0,0,215,red,4981,T8B
196,1,0,0,215,red,4981,T8B
197,1,0,0,215,red,4981,T8B
198,1,0,0,215,red,4981,T8B
199,1,0,0,215,red,4981,T8B
200,1,0,0,215,red,4981,T8B
201,1,0,0,215,red,4981,T8B
202,1,0,0,215,red,4981,T8B
203,1,0,0,215,red,4981,T8B
204,1,0,0,215,red,4981,T8B
205,1,0,0,215,red,4981,T8B
206,1,0,0,215,red,4981,T8B
207,1,0,0,215,red,4981,T8B
208,1,0,0,215,red,4981,T8B
209,1,0,0,215,red,4981,T8B
210,1,0,0,215,red,4981,T8B
211,1,0,0,215,red,4981,T8B
212,1,0,0,215,red,4981,T8B
213,1,0,0,215,red,4981,T8B
214,1,0,0,215,red,4981,T8B
215,1,0,0,215,red,4981,T8B
216,1,0,0,215,red,4981,T8B
217,1,0,0,215,red,4981,T8B
218,1,0,0,215,red,4981,T8B
219,1,0,0,215,red,4981,T8B
220,1,0,0,215,red,4981,T8B
221,1,0,0,215,red,4981,T8B
222,1,0,0,215,red,4981,T8B
0,0,0,1,216,red,4708,T8B
1,0,0,1,216,red,4708,T8B
2,0,0,1,216,red,4708,T8B
3,0,0,1,216,red,4708,T8B
4,0,0,1,216,red,4708,T8B
5,0,0,1,216,red,4708,T8B
6,0,0,1,216,red,4708,T8B
7,0,0,1,216,red,4708,T8B
8,0,0,1,216,red,4708,T8B
9,0,0,1,216,red,4708,T8B
10,0,0,1,216,red,4708,T8B
11,0,0,1,216,red,4708,T8B
12,0,0,1,216,red,4708,T8B
13,0,0,1,216,red,4708,T8B
14,0,0,1,216,red,4708,T8B
15,0,0,1,216,red,4708,T8B
16,0,0,1,216,red,4708,T8B
17,0,0,1,216,red,4708,T8B
18,0,0,1,216,red,4708,T8B
19,0,0,1,216,red,4708,T8B
20,0,0,1,216,red,4708,T8B
21,0,0,1,216,red,4708,T8B
22,0,0,1,216,red,4708,T8B
23,0,0,1,216,red,4708,T8B
24,0,0,1,216,red,4708,T8B
25,0,0,1,216,red,4708,T8B
26,0,0,1,216,red,4708,T8B
27,0,0,1,216,red,4708,T8B
28,0,0,1,216,red,4708,T8B
29,0,0,1,216,red,4708,T8B
30,0,0,1,216,red,4708,T8B
31,0,0,1,216,red,4708,T8B
32,0,0,1,216,red,4708,T8B
33,0,0,1,216,red,4708,T8B
34,0,0,1,216,red,4708,T8B
35,0,0,1,216,red,4708,T8B
36,0,0,1,216,red,4708,T8B
37,0,0,1,216,red,4708,T8B
38,0,0,1,216,red,4708,T8B
39,0,0,1,216,red,4708,T8B
40,0,0,1,216,red,4708,T8B
41,0,0,1,216,red,4708,T8B
42,0,0,1,216,red,4708,T8B
43,0,0,1,216,red,4708,T8B
44,0,0,1,216,red,4708,T8B
45,0,0,1,216,red,4708,T8B
46,0,0,1,216,red,4708,T8B
47,0,0,1,216,red,4708,T8B
48,0,0,1,216,red,4708,T8B
49,0,0,1,216,red,4708,T8B
50,0,0,1,216,red,4708,T8B
51,0,0,1,216,red,4708,T8B
52,0,0,1,216,red,4708,T8B
53,0,0,1,216,red,4708,T8B
54,0,0,1,216,red,4708,T8B
55,0,0,1,216,red,4708,T8B
56,0,0,1,216,red,4708,T8B
57,0,0,1,216,red,4708,T8B
58,0,0,1,216,red,4708,T8B
59,0,0,1,216,red,4708,T8B
60,0,0,1,216,red,4708,T8B
61,0,0,1,216,red,4708,T8B
62,0,0,1,216,red,4708,T8B
63,0,0,1,216,red,4708,T8B
64,0,0,1,216,red,4708,T8B
65,0,0,1,216,red,4708,T8B
66,0,0,1,216,red,4708,T8B
67,0,0,1,216,red,4708,T8B
68,0,0,1,216,red,4708,T8B
69,0,0,1,216,red,4708,T8B
70,0,0,1,216,red,4708,T8B
71,0,0,1,216,red,4708,T8B
72,0,0,1,216,red,4708,T8B
73,0,0,1,216,red,4708,T8B
74,0,0,1,216,red,4708,T8B
75,0,0,1,216,red,4708,T8B
76,0,0,1,216,red,4708,T8B
77,0,0,1,216,red,4708,T8B
78,0,0,1,216,red,4708,T8B
79,0,0,1,216,red,4708,T8B
80,0,0,1,216,red,4708,T8B
81,0,0,1,216,red,4708,T8B
82,0,0,1,216,red,4708,T8B
83,0,0,1,216,red,4708,T8B
84,0,0,1,216,red,4708,T8B
85,0,0,1,216,red,4708,T8B
86,0,0,1,216,red,4708,T8B
87,0,0,1,216,red,4708,T8B
88,0,0,1,216,red,4708,T8B
89,0,0,1,216,red,4708,T8B
90,0,0,1,216,red,4708,T8B
91,0,0,1,216,red,4708,T8B
92,0,0,1,216,red,4708,T8B
93,0,0,1,216,red,4708,T8B
94,0,0,1,216,red,4708,T8B
95,0,0,1,216,red,4708,T8B
96,0,0,1,216,red,4708,T8B
97,0,0,1,216,red,4708,T8B
98,0,0,1,216,red,4708,T8B
99,0,0,1,216,red,4708,T8B
100,0,0,1,216,red,4708,T8B
101,0,0,1,216,red,4708,T8B
102,0,0,1,216,red,4708,T8B
103,0,0,1,216,red,4708,T8B
104,0,0,1,216,red,4708,T8B
105,0,0,1,216,red,4708,T8B
106,0,0,1,216,red,4708,T8B
107,0,0,1,216,red,4708,T8B
108,0,0,1,216,red,4708,T8B
109,0,0,1,216,red,4708,T8B
110,0,0,1,216,red,4708,T8B
111,0,0,1,216,red,4708,T8B
112,0,0,1,216,red,4708,T8B
113,0,0,1,216,red,4708,T8B
114,0,0,1,216,red,4708,T8B
115,0,0,1,216,red,4708,T8B
116,0,0,1,216,red,4708,T8B
117,0,0,1,216,red,4708,T8B
118,0,0,1,216,red,4708,T8B
119,0,0,1,216,red,4708,T8B
120,0,0,1,216,red,4708,T8B
121,0,0,1,216,red,4708,T8B
122,0,0,1,216,red,4708,T8B
123,0,0,1,216,red,4708,T8B
124,0,0,1,216,red,4708,T8B
125,0,0,1,216,red,4708,T8B
126,0,0,1,216,red,4708,T8B
127,0,0,1,216,red,4708,T8B
128,0,0,1,216,red,4708,T8B
129,0,0,1,216,red,4708,T8B
130,0,0,1,216,red,4708,T8B
131,0,0,1,216,red,4708,T8B
132,0,0,1,216,red,4708,T8B
133,0,0,1,216,red,4708,T8B
134,0,0,1,216,red,4708,T8B
135,0,0,1,216,red,4708,T8B
136,0,0,1,216,red,4708,T8B
137,0,0,1,216,red,4708,T8B
138,0,0,1,216,red,4708,T8B
139,0,0,1,216,red,4708,T8B
140,0,0,1,216,red,4708,T8B
141,0,0,1,216,red,4708,T8B
142,0,0,1,216,red,4708,T8B
143,0,0,1,216,red,4708,T8B
144,0,0,1,216,red,4708,T8B
145,0,0,1,216,red,4708,T8B
146,0,0,1,216,red,4708,T8B
147,0,0,1,216,red,4708,T8B
148,0,0,1,216,red,4708,T8B
149,0,0,1,216,red,4708,T8B
150,0,0,1,216,red,4708,T8B
151,0,0,1,216,red,4708,T8B
152,0,0,1,216,red,4708,T8B
153,0,0,1,216,red,4708,T8B
154,0,0,1,216,red,4708,T8B
155,0,0,1,216,red,4708,T8B
156,0,0,1,216,red,4708,T8B
157,0,0,1,216,red,4708,T8B
158,0,0,1,216,red,4708,T8B
159,0,0,1,216,red,4708,T8B
160,0,0,1,216,red,4708,T8B
161,1,0,0,216,red,4708,T8B
162,1,0,0,216,red,4708,T8B
163,1,0,0,216,red,4708,T8B
164,1,0,0,216,red,4708,T8B
165,1,0,0,216,red,4708,T8B
166,1,0,0,216,red,4708,T8B
167,1,0,0,216,red,4708,T8B
168,1,0,0,216,red,4708,T8B
169,1,0,0,216,red,4708,T8B
170,1,0,0,216,red,4708,T8B
171,1,0,0,216,red,4708,T8B
172,1,0,0,216,red,4708,T8B
173,1,0,0,216,red,4708,T8B
174,1,0,0,216,red,4708,T8B
175,1,0,0,216,red,4708,T8B
176,1,0,0,216,red,4708,T8B
177,1,0,0,216,red,4708,T8B
178,1,0,0,216,red,4708,T8B
179,1,0,0,216,red,4708,T8B
180,1,0,0,216,red,4708,T8B
181,1,0,0,216,red,4708,T8B
182,1,0,0,216,red,4708,T8B
183,1,0,0,216,red,4708,T8B
184,1,0,0,216,red,4708,T8B
185,1,0,0,216,red,4708,T8B
186,1,0,0,216,red,4708,T8B
187,1,0,0,216,red,4708,T8B
188,1,0,0,216,red,4708,T8B
189,1,0,0,216,red,4708,T8B
190,1,0,0,216,red,4708,T8B
191,1,0,0,216,red,4708,T8B
192,1,0,0,216,red,4708,T8B
193,1,0,0,216,red,4708,T8B
194,1,0,0,216,red,4708,T8B
195,1,0,0,216,red,4708,T8B
196,1,0,0,216,red,4708,T8B
197,1,0,0,216,red,4708,T8B
198,1,0,0,216,red,4708,T8B
199,1,0,0,216,red,4708,T8B
200,1,0,0,216,red,4708,T8B
201,1,0,0,216,red,4708,T8B
202,1,0,0,216,red,4708,T8B
203,1,0,0,216,red,4708,T8B
204,1,0,0,216,red,4708,T8B
205,1,0,0,216,red,4708,T8B
206,1,0,0,216,red,4708,T8B
207,1,0,0,216,red,4708,T8B
208,1,0,0,216,red,4708,T8B
209,1,0,0,216,red,4708,T8B
210,1,0,0,216,red,4708,T8B
211,1,0,0,216,red,4708,T8B
212,1,0,0,216,red,4708,T8B
213,1,0,0,216,red,4708,T8B
214,1,0,0,216,red,4708,T8B
215,1,0,0,216,red,4708,T8B
216,1,0,0,216,red,4708,T8B
217,1,0,0,216,red,4708,T8B
218,1,0,0,216,red,4708,T8B
219,1,0,0,216,red,4708,T8B
220,1,0,0,216,red,4708,T8B
221,1,0,0,216,red,4708,T8B
222,1,0,0,216,red,4708,T8B
0,0,0,1,217,red,5878,T8B
1,0,0,1,217,red,5878,T8B
2,0,0,1,217,red,5878,T8B
3,0,0,1,217,red,5878,T8B
4,0,0,1,217,red,5878,T8B
5,0,0,1,217,red,5878,T8B
6,0,0,1,217,red,5878,T8B
7,0,0,1,217,red,5878,T8B
8,0,0,1,217,red,5878,T8B
9,0,0,1,217,red,5878,T8B
10,0,0,1,217,red,5878,T8B
11,0,0,1,217,red,5878,T8B
12,0,0,1,217,red,5878,T8B
13,0,0,1,217,red,5878,T8B
14,0,0,1,217,red,5878,T8B
15,0,0,1,217,red,5878,T8B
16,0,0,1,217,red,5878,T8B
17,0,0,1,217,red,5878,T8B
18,0,0,1,217,red,5878,T8B
19,0,0,1,217,red,5878,T8B
20,0,0,1,217,red,5878,T8B
21,0,0,1,217,red,5878,T8B
22,1,0,0,217,red,5878,T8B
23,1,0,0,217,red,5878,T8B
24,1,0,0,217,red,5878,T8B
25,1,0,0,217,red,5878,T8B
26,1,0,0,217,red,5878,T8B
27,1,0,0,217,red,5878,T8B
28,1,0,0,217,red,5878,T8B
29,0,0,1,217,red,5878,T8B
30,0,0,1,217,red,5878,T8B
31,0,0,1,217,red,5878,T8B
32,0,0,1,217,red,5878,T8B
33,0,1,0,217,red,5878,T8B
34,0,1,0,217,red,5878,T8B
35,0,1,0,217,red,5878,T8B
36,0,1,0,217,red,5878,T8B
37,0,1,0,217,red,5878,T8B
38,0,1,0,217,red,5878,T8B
39,0,1,0,217,red,5878,T8B
40,0,1,0,217,red,5878,T8B
41,0,1,0,217,red,5878,T8B
42,0,0,1,217,red,5878,T8B
43,1,0,0,217,red,5878,T8B
44,1,0,0,217,red,5878,T8B
45,1,0,0,217,red,5878,T8B
46,1,0,0,217,red,5878,T8B
47,1,0,0,217,red,5878,T8B
48,1,0,0,217,red,5878,T8B
49,1,0,0,217,red,5878,T8B
50,1,0,0,217,red,5878,T8B
51,1,0,0,217,red,5878,T8B
52,1,0,0,217,red,5878,T8B
53,1,0,0,217,red,5878,T8B
54,1,0,0,217,red,5878,T8B
55,1,0,0,217,red,5878,T8B
56,1,0,0,217,red,5878,T8B
57,1,0,0,217,red,5878,T8B
58,1,0,0,217,red,5878,T8B
59,1,0,0,217,red,5878,T8B
60,1,0,0,217,red,5878,T8B
61,1,0,0,217,red,5878,T8B
62,1,0,0,217,red,5878,T8B
63,1,0,0,217,red,5878,T8B
64,1,0,0,217,red,5878,T8B
65,1,0,0,217,red,5878,T8B
66,1,0,0,217,red,5878,T8B
67,1,0,0,217,red,5878,T8B
68,1,0,0,217,red,5878,T8B
69,1,0,0,217,red,5878,T8B
70,1,0,0,217,red,5878,T8B
71,1,0,0,217,red,5878,T8B
72,1,0,0,217,red,5878,T8B
73,1,0,0,217,red,5878,T8B
74,1,0,0,217,red,5878,T8B
75,1,0,0,217,red,5878,T8B
76,1,0,0,217,red,5878,T8B
77,1,0,0,217,red,5878,T8B
78,1,0,0,217,red,5878,T8B
79,1,0,0,217,red,5878,T8B
80,1,0,0,217,red,5878,T8B
81,1,0,0,217,red,5878,T8B
82,1,0,0,217,red,5878,T8B
83,1,0,0,217,red,5878,T8B
84,1,0,0,217,red,5878,T8B
85,1,0,0,217,red,5878,T8B
86,1,0,0,217,red,5878,T8B
87,1,0,0,217,red,5878,T8B
88,1,0,0,217,red,5878,T8B
89,1,0,0,217,red,5878,T8B
90,1,0,0,217,red,5878,T8B
91,1,0,0,217,red,5878,T8B
92,1,0,0,217,red,5878,T8B
93,1,0,0,217,red,5878,T8B
94,1,0,0,217,red,5878,T8B
95,1,0,0,217,red,5878,T8B
96,1,0,0,217,red,5878,T8B
97,1,0,0,217,red,5878,T8B
98,1,0,0,217,red,5878,T8B
99,1,0,0,217,red,5878,T8B
100,1,0,0,217,red,5878,T8B
101,1,0,0,217,red,5878,T8B
102,1,0,0,217,red,5878,T8B
103,1,0,0,217,red,5878,T8B
104,1,0,0,217,red,5878,T8B
105,1,0,0,217,red,5878,T8B
106,1,0,0,217,red,5878,T8B
107,1,0,0,217,red,5878,T8B
108,1,0,0,217,red,5878,T8B
109,1,0,0,217,red,5878,T8B
110,1,0,0,217,red,5878,T8B
111,1,0,0,217,red,5878,T8B
112,1,0,0,217,red,5878,T8B
113,1,0,0,217,red,5878,T8B
114,1,0,0,217,red,5878,T8B
115,1,0,0,217,red,5878,T8B
116,1,0,0,217,red,5878,T8B
117,1,0,0,217,red,5878,T8B
118,1,0,0,217,red,5878,T8B
119,1,0,0,217,red,5878,T8B
120,1,0,0,217,red,5878,T8B
121,1,0,0,217,red,5878,T8B
122,1,0,0,217,red,5878,T8B
123,1,0,0,217,red,5878,T8B
124,1,0,0,217,red,5878,T8B
125,1,0,0,217,red,5878,T8B
126,1,0,0,217,red,5878,T8B
127,1,0,0,217,red,5878,T8B
128,1,0,0,217,red,5878,T8B
129,1,0,0,217,red,5878,T8B
130,1,0,0,217,red,5878,T8B
131,1,0,0,217,red,5878,T8B
132,1,0,0,217,red,5878,T8B
133,1,0,0,217,red,5878,T8B
134,1,0,0,217,red,5878,T8B
135,1,0,0,217,red,5878,T8B
136,1,0,0,217,red,5878,T8B
137,1,0,0,217,red,5878,T8B
138,1,0,0,217,red,5878,T8B
139,1,0,0,217,red,5878,T8B
140,1,0,0,217,red,5878,T8B
141,1,0,0,217,red,5878,T8B
142,1,0,0,217,red,5878,T8B
143,1,0,0,217,red,5878,T8B
144,1,0,0,217,red,5878,T8B
145,1,0,0,217,red,5878,T8B
146,1,0,0,217,red,5878,T8B
147,1,0,0,217,red,5878,T8B
148,1,0,0,217,red,5878,T8B
149,1,0,0,217,red,5878,T8B
150,1,0,0,217,red,5878,T8B
151,1,0,0,217,red,5878,T8B
152,1,0,0,217,red,5878,T8B
153,1,0,0,217,red,5878,T8B
154,1,0,0,217,red,5878,T8B
155,1,0,0,217,red,5878,T8B
156,1,0,0,217,red,5878,T8B
157,1,0,0,217,red,5878,T8B
158,1,0,0,217,red,5878,T8B
159,1,0,0,217,red,5878,T8B
160,1,0,0,217,red,5878,T8B
161,1,0,0,217,red,5878,T8B
162,1,0,0,217,red,5878,T8B
163,1,0,0,217,red,5878,T8B
164,1,0,0,217,red,5878,T8B
165,1,0,0,217,red,5878,T8B
166,1,0,0,217,red,5878,T8B
167,1,0,0,217,red,5878,T8B
168,1,0,0,217,red,5878,T8B
169,1,0,0,217,red,5878,T8B
170,1,0,0,217,red,5878,T8B
171,1,0,0,217,red,5878,T8B
172,1,0,0,217,red,5878,T8B
173,1,0,0,217,red,5878,T8B
174,1,0,0,217,red,5878,T8B
175,1,0,0,217,red,5878,T8B
176,1,0,0,217,red,5878,T8B
177,1,0,0,217,red,5878,T8B
178,1,0,0,217,red,5878,T8B
179,1,0,0,217,red,5878,T8B
180,1,0,0,217,red,5878,T8B
181,1,0,0,217,red,5878,T8B
182,1,0,0,217,red,5878,T8B
183,1,0,0,217,red,5878,T8B
184,1,0,0,217,red,5878,T8B
185,1,0,0,217,red,5878,T8B
186,1,0,0,217,red,5878,T8B
187,1,0,0,217,red,5878,T8B
188,1,0,0,217,red,5878,T8B
189,1,0,0,217,red,5878,T8B
190,1,0,0,217,red,5878,T8B
191,1,0,0,217,red,5878,T8B
192,1,0,0,217,red,5878,T8B
193,1,0,0,217,red,5878,T8B
194,1,0,0,217,red,5878,T8B
195,1,0,0,217,red,5878,T8B
196,1,0,0,217,red,5878,T8B
197,1,0,0,217,red,5878,T8B
198,1,0,0,217,red,5878,T8B
199,1,0,0,217,red,5878,T8B
200,1,0,0,217,red,5878,T8B
201,1,0,0,217,red,5878,T8B
202,1,0,0,217,red,5878,T8B
203,1,0,0,217,red,5878,T8B
204,1,0,0,217,red,5878,T8B
205,1,0,0,217,red,5878,T8B
206,1,0,0,217,red,5878,T8B
207,1,0,0,217,red,5878,T8B
208,1,0,0,217,red,5878,T8B
209,1,0,0,217,red,5878,T8B
210,1,0,0,217,red,5878,T8B
211,1,0,0,217,red,5878,T8B
212,1,0,0,217,red,5878,T8B
213,1,0,0,217,red,5878,T8B
214,1,0,0,217,red,5878,T8B
215,1,0,0,217,red,5878,T8B
216,1,0,0,217,red,5878,T8B
217,1,0,0,217,red,5878,T8B
218,1,0,0,217,red,5878,T8B
219,1,0,0,217,red,5878,T8B
220,1,0,0,217,red,5878,T8B
221,1,0,0,217,red,5878,T8B
222,1,0,0,217,red,5878,T8B
0,0,0,1,218,red,5342,T8B
1,0,0,1,218,red,5342,T8B
2,0,0,1,218,red,5342,T8B
3,0,0,1,218,red,5342,T8B
4,0,0,1,218,red,5342,T8B
5,0,0,1,218,red,5342,T8B
6,0,0,1,218,red,5342,T8B
7,0,0,1,218,red,5342,T8B
8,0,0,1,218,red,5342,T8B
9,0,0,1,218,red,5342,T8B
10,0,0,1,218,red,5342,T8B
11,0,0,1,218,red,5342,T8B
12,0,0,1,218,red,5342,T8B
13,0,0,1,218,red,5342,T8B
14,0,0,1,218,red,5342,T8B
15,0,0,1,218,red,5342,T8B
16,0,0,1,218,red,5342,T8B
17,0,0,1,218,red,5342,T8B
18,0,0,1,218,red,5342,T8B
19,0,0,1,218,red,5342,T8B
20,0,0,1,218,red,5342,T8B
21,0,0,1,218,red,5342,T8B
22,0,0,1,218,red,5342,T8B
23,0,0,1,218,red,5342,T8B
24,0,0,1,218,red,5342,T8B
25,0,1,0,218,red,5342,T8B
26,0,1,0,218,red,5342,T8B
27,0,1,0,218,red,5342,T8B
28,0,1,0,218,red,5342,T8B
29,0,1,0,218,red,5342,T8B
30,0,1,0,218,red,5342,T8B
31,0,1,0,218,red,5342,T8B
32,0,1,0,218,red,5342,T8B
33,0,1,0,218,red,5342,T8B
34,0,1,0,218,red,5342,T8B
35,0,1,0,218,red,5342,T8B
36,0,1,0,218,red,5342,T8B
37,0,1,0,218,red,5342,T8B
38,0,1,0,218,red,5342,T8B
39,0,1,0,218,red,5342,T8B
40,0,1,0,218,red,5342,T8B
41,0,1,0,218,red,5342,T8B
42,0,1,0,218,red,5342,T8B
43,0,1,0,218,red,5342,T8B
44,0,1,0,218,red,5342,T8B
45,0,1,0,218,red,5342,T8B
46,0,1,0,218,red,5342,T8B
47,0,1,0,218,red,5342,T8B
48,0,1,0,218,red,5342,T8B
49,0,1,0,218,red,5342,T8B
50,0,1,0,218,red,5342,T8B
51,0,1,0,218,red,5342,T8B
52,0,1,0,218,red,5342,T8B
53,0,1,0,218,red,5342,T8B
54,0,1,0,218,red,5342,T8B
55,0,1,0,218,red,5342,T8B
56,0,1,0,218,red,5342,T8B
57,0,1,0,218,red,5342,T8B
58,0,1,0,218,red,5342,T8B
59,0,1,0,218,red,5342,T8B
60,0,1,0,218,red,5342,T8B
61,0,1,0,218,red,5342,T8B
62,0,1,0,218,red,5342,T8B
63,0,1,0,218,red,5342,T8B
64,0,1,0,218,red,5342,T8B
65,0,1,0,218,red,5342,T8B
66,0,1,0,218,red,5342,T8B
67,0,1,0,218,red,5342,T8B
68,0,1,0,218,red,5342,T8B
69,0,1,0,218,red,5342,T8B
70,0,1,0,218,red,5342,T8B
71,0,1,0,218,red,5342,T8B
72,0,1,0,218,red,5342,T8B
73,0,1,0,218,red,5342,T8B
74,0,1,0,218,red,5342,T8B
75,0,1,0,218,red,5342,T8B
76,0,1,0,218,red,5342,T8B
77,0,1,0,218,red,5342,T8B
78,0,1,0,218,red,5342,T8B
79,0,1,0,218,red,5342,T8B
80,0,1,0,218,red,5342,T8B
81,0,1,0,218,red,5342,T8B
82,0,1,0,218,red,5342,T8B
83,0,1,0,218,red,5342,T8B
84,0,1,0,218,red,5342,T8B
85,0,1,0,218,red,5342,T8B
86,0,1,0,218,red,5342,T8B
87,0,1,0,218,red,5342,T8B
88,0,1,0,218,red,5342,T8B
89,0,1,0,218,red,5342,T8B
90,0,1,0,218,red,5342,T8B
91,0,1,0,218,red,5342,T8B
92,0,1,0,218,red,5342,T8B
93,0,1,0,218,red,5342,T8B
94,0,1,0,218,red,5342,T8B
95,0,1,0,218,red,5342,T8B
96,0,1,0,218,red,5342,T8B
97,0,1,0,218,red,5342,T8B
98,0,1,0,218,red,5342,T8B
99,0,1,0,218,red,5342,T8B
100,0,1,0,218,red,5342,T8B
101,0,1,0,218,red,5342,T8B
102,0,1,0,218,red,5342,T8B
103,0,1,0,218,red,5342,T8B
104,0,1,0,218,red,5342,T8B
105,0,1,0,218,red,5342,T8B
106,0,1,0,218,red,5342,T8B
107,0,1,0,218,red,5342,T8B
108,0,1,0,218,red,5342,T8B
109,0,1,0,218,red,5342,T8B
110,0,1,0,218,red,5342,T8B
111,0,1,0,218,red,5342,T8B
112,0,1,0,218,red,5342,T8B
113,0,1,0,218,red,5342,T8B
114,0,1,0,218,red,5342,T8B
115,0,1,0,218,red,5342,T8B
116,0,1,0,218,red,5342,T8B
117,0,1,0,218,red,5342,T8B
118,0,1,0,218,red,5342,T8B
119,0,1,0,218,red,5342,T8B
120,0,1,0,218,red,5342,T8B
121,0,1,0,218,red,5342,T8B
122,0,1,0,218,red,5342,T8B
123,0,1,0,218,red,5342,T8B
124,0,0,1,218,red,5342,T8B
125,0,0,1,218,red,5342,T8B
126,0,0,1,218,red,5342,T8B
127,1,0,0,218,red,5342,T8B
128,1,0,0,218,red,5342,T8B
129,1,0,0,218,red,5342,T8B
130,1,0,0,218,red,5342,T8B
131,1,0,0,218,red,5342,T8B
132,1,0,0,218,red,5342,T8B
133,1,0,0,218,red,5342,T8B
134,1,0,0,218,red,5342,T8B
135,1,0,0,218,red,5342,T8B
136,1,0,0,218,red,5342,T8B
137,1,0,0,218,red,5342,T8B
138,1,0,0,218,red,5342,T8B
139,1,0,0,218,red,5342,T8B
140,1,0,0,218,red,5342,T8B
141,1,0,0,218,red,5342,T8B
142,1,0,0,218,red,5342,T8B
143,1,0,0,218,red,5342,T8B
144,1,0,0,218,red,5342,T8B
145,1,0,0,218,red,5342,T8B
146,1,0,0,218,red,5342,T8B
147,1,0,0,218,red,5342,T8B
148,1,0,0,218,red,5342,T8B
149,1,0,0,218,red,5342,T8B
150,1,0,0,218,red,5342,T8B
151,1,0,0,218,red,5342,T8B
152,1,0,0,218,red,5342,T8B
153,1,0,0,218,red,5342,T8B
154,1,0,0,218,red,5342,T8B
155,1,0,0,218,red,5342,T8B
156,1,0,0,218,red,5342,T8B
157,1,0,0,218,red,5342,T8B
158,1,0,0,218,red,5342,T8B
159,1,0,0,218,red,5342,T8B
160,1,0,0,218,red,5342,T8B
161,1,0,0,218,red,5342,T8B
162,1,0,0,218,red,5342,T8B
163,1,0,0,218,red,5342,T8B
164,1,0,0,218,red,5342,T8B
165,1,0,0,218,red,5342,T8B
166,1,0,0,218,red,5342,T8B
167,1,0,0,218,red,5342,T8B
168,1,0,0,218,red,5342,T8B
169,1,0,0,218,red,5342,T8B
170,1,0,0,218,red,5342,T8B
171,1,0,0,218,red,5342,T8B
172,1,0,0,218,red,5342,T8B
173,1,0,0,218,red,5342,T8B
174,1,0,0,218,red,5342,T8B
175,1,0,0,218,red,5342,T8B
176,1,0,0,218,red,5342,T8B
177,1,0,0,218,red,5342,T8B
178,1,0,0,218,red,5342,T8B
179,1,0,0,218,red,5342,T8B
180,1,0,0,218,red,5342,T8B
181,1,0,0,218,red,5342,T8B
182,1,0,0,218,red,5342,T8B
183,1,0,0,218,red,5342,T8B
184,1,0,0,218,red,5342,T8B
185,1,0,0,218,red,5342,T8B
186,1,0,0,218,red,5342,T8B
187,1,0,0,218,red,5342,T8B
188,1,0,0,218,red,5342,T8B
189,1,0,0,218,red,5342,T8B
190,1,0,0,218,red,5342,T8B
191,1,0,0,218,red,5342,T8B
192,1,0,0,218,red,5342,T8B
193,1,0,0,218,red,5342,T8B
194,1,0,0,218,red,5342,T8B
195,1,0,0,218,red,5342,T8B
196,1,0,0,218,red,5342,T8B
197,1,0,0,218,red,5342,T8B
198,1,0,0,218,red,5342,T8B
199,1,0,0,218,red,5342,T8B
200,1,0,0,218,red,5342,T8B
201,1,0,0,218,red,5342,T8B
202,1,0,0,218,red,5342,T8B
203,1,0,0,218,red,5342,T8B
204,1,0,0,218,red,5342,T8B
205,1,0,0,218,red,5342,T8B
206,1,0,0,218,red,5342,T8B
207,1,0,0,218,red,5342,T8B
208,1,0,0,218,red,5342,T8B
209,1,0,0,218,red,5342,T8B
210,1,0,0,218,red,5342,T8B
211,1,0,0,218,red,5342,T8B
212,1,0,0,218,red,5342,T8B
213,1,0,0,218,red,5342,T8B
214,1,0,0,218,red,5342,T8B
215,1,0,0,218,red,5342,T8B
216,1,0,0,218,red,5342,T8B
217,1,0,0,218,red,5342,T8B
218,1,0,0,218,red,5342,T8B
219,1,0,0,218,red,5342,T8B
220,1,0,0,218,red,5342,T8B
221,1,0,0,218,red,5342,T8B
222,1,0,0,218,red,5342,T8B
0,0,0,1,219,red,4048,T8B
1,0,0,1,219,red,4048,T8B
2,0,0,1,219,red,4048,T8B
3,0,0,1,219,red,4048,T8B
4,0,0,1,219,red,4048,T8B
5,0,0,1,219,red,4048,T8B
6,0,0,1,219,red,4048,T8B
7,0,0,1,219,red,4048,T8B
8,0,0,1,219,red,4048,T8B
9,0,0,1,219,red,4048,T8B
10,0,0,1,219,red,4048,T8B
11,0,0,1,219,red,4048,T8B
12,0,0,1,219,red,4048,T8B
13,0,0,1,219,red,4048,T8B
14,0,0,1,219,red,4048,T8B
15,0,0,1,219,red,4048,T8B
16,0,0,1,219,red,4048,T8B
17,0,0,1,219,red,4048,T8B
18,0,0,1,219,red,4048,T8B
19,0,0,1,219,red,4048,T8B
20,0,0,1,219,red,4048,T8B
21,0,0,1,219,red,4048,T8B
22,0,0,1,219,red,4048,T8B
23,0,0,1,219,red,4048,T8B
24,0,0,1,219,red,4048,T8B
25,0,0,1,219,red,4048,T8B
26,0,0,1,219,red,4048,T8B
27,0,0,1,219,red,4048,T8B
28,0,0,1,219,red,4048,T8B
29,0,0,1,219,red,4048,T8B
30,0,0,1,219,red,4048,T8B
31,0,0,1,219,red,4048,T8B
32,0,0,1,219,red,4048,T8B
33,0,0,1,219,red,4048,T8B
34,0,0,1,219,red,4048,T8B
35,0,0,1,219,red,4048,T8B
36,0,0,1,219,red,4048,T8B
37,0,0,1,219,red,4048,T8B
38,0,0,1,219,red,4048,T8B
39,0,0,1,219,red,4048,T8B
40,0,0,1,219,red,4048,T8B
41,0,0,1,219,red,4048,T8B
42,0,0,1,219,red,4048,T8B
43,0,0,1,219,red,4048,T8B
44,0,0,1,219,red,4048,T8B
45,0,0,1,219,red,4048,T8B
46,0,0,1,219,red,4048,T8B
47,0,0,1,219,red,4048,T8B
48,0,0,1,219,red,4048,T8B
49,0,0,1,219,red,4048,T8B
50,0,0,1,219,red,4048,T8B
51,0,0,1,219,red,4048,T8B
52,0,0,1,219,red,4048,T8B
53,0,0,1,219,red,4048,T8B
54,0,0,1,219,red,4048,T8B
55,0,0,1,219,red,4048,T8B
56,0,0,1,219,red,4048,T8B
57,0,1,0,219,red,4048,T8B
58,0,1,0,219,red,4048,T8B
59,0,1,0,219,red,4048,T8B
60,0,1,0,219,red,4048,T8B
61,0,1,0,219,red,4048,T8B
62,0,1,0,219,red,4048,T8B
63,0,1,0,219,red,4048,T8B
64,0,1,0,219,red,4048,T8B
65,0,1,0,219,red,4048,T8B
66,0,1,0,219,red,4048,T8B
67,0,1,0,219,red,4048,T8B
68,0,1,0,219,red,4048,T8B
69,0,1,0,219,red,4048,T8B
70,0,1,0,219,red,4048,T8B
71,0,1,0,219,red,4048,T8B
72,0,1,0,219,red,4048,T8B
73,0,1,0,219,red,4048,T8B
74,0,1,0,219,red,4048,T8B
75,0,1,0,219,red,4048,T8B
76,0,1,0,219,red,4048,T8B
77,0,1,0,219,red,4048,T8B
78,0,1,0,219,red,4048,T8B
79,0,1,0,219,red,4048,T8B
80,0,0,1,219,red,4048,T8B
81,0,1,0,219,red,4048,T8B
82,0,1,0,219,red,4048,T8B
83,0,1,0,219,red,4048,T8B
84,0,1,0,219,red,4048,T8B
85,0,1,0,219,red,4048,T8B
86,0,1,0,219,red,4048,T8B
87,0,1,0,219,red,4048,T8B
88,0,1,0,219,red,4048,T8B
89,0,1,0,219,red,4048,T8B
90,0,1,0,219,red,4048,T8B
91,0,1,0,219,red,4048,T8B
92,0,1,0,219,red,4048,T8B
93,0,1,0,219,red,4048,T8B
94,0,1,0,219,red,4048,T8B
95,0,1,0,219,red,4048,T8B
96,0,1,0,219,red,4048,T8B
97,0,1,0,219,red,4048,T8B
98,0,1,0,219,red,4048,T8B
99,0,1,0,219,red,4048,T8B
100,0,1,0,219,red,4048,T8B
101,0,1,0,219,red,4048,T8B
102,0,1,0,219,red,4048,T8B
103,0,1,0,219,red,4048,T8B
104,0,1,0,219,red,4048,T8B
105,0,1,0,219,red,4048,T8B
106,0,1,0,219,red,4048,T8B
107,0,1,0,219,red,4048,T8B
108,0,1,0,219,red,4048,T8B
109,0,1,0,219,red,4048,T8B
110,0,1,0,219,red,4048,T8B
111,0,1,0,219,red,4048,T8B
112,0,1,0,219,red,4048,T8B
113,0,1,0,219,red,4048,T8B
114,0,1,0,219,red,4048,T8B
115,0,1,0,219,red,4048,T8B
116,0,1,0,219,red,4048,T8B
117,0,1,0,219,red,4048,T8B
118,0,1,0,219,red,4048,T8B
119,0,1,0,219,red,4048,T8B
120,0,1,0,219,red,4048,T8B
121,0,1,0,219,red,4048,T8B
122,0,1,0,219,red,4048,T8B
123,0,1,0,219,red,4048,T8B
124,0,1,0,219,red,4048,T8B
125,0,1,0,219,red,4048,T8B
126,0,1,0,219,red,4048,T8B
127,0,1,0,219,red,4048,T8B
128,0,1,0,219,red,4048,T8B
129,0,1,0,219,red,4048,T8B
130,0,1,0,219,red,4048,T8B
131,0,1,0,219,red,4048,T8B
132,0,1,0,219,red,4048,T8B
133,0,1,0,219,red,4048,T8B
134,0,1,0,219,red,4048,T8B
135,0,1,0,219,red,4048,T8B
136,0,1,0,219,red,4048,T8B
137,0,1,0,219,red,4048,T8B
138,0,1,0,219,red,4048,T8B
139,0,1,0,219,red,4048,T8B
140,0,1,0,219,red,4048,T8B
141,0,1,0,219,red,4048,T8B
142,0,1,0,219,red,4048,T8B
143,0,1,0,219,red,4048,T8B
144,0,1,0,219,red,4048,T8B
145,0,1,0,219,red,4048,T8B
146,0,1,0,219,red,4048,T8B
147,1,0,0,219,red,4048,T8B
148,1,0,0,219,red,4048,T8B
149,1,0,0,219,red,4048,T8B
150,1,0,0,219,red,4048,T8B
151,1,0,0,219,red,4048,T8B
152,1,0,0,219,red,4048,T8B
153,1,0,0,219,red,4048,T8B
154,1,0,0,219,red,4048,T8B
155,1,0,0,219,red,4048,T8B
156,1,0,0,219,red,4048,T8B
157,1,0,0,219,red,4048,T8B
158,1,0,0,219,red,4048,T8B
159,1,0,0,219,red,4048,T8B
160,1,0,0,219,red,4048,T8B
161,1,0,0,219,red,4048,T8B
162,1,0,0,219,red,4048,T8B
163,1,0,0,219,red,4048,T8B
164,1,0,0,219,red,4048,T8B
165,1,0,0,219,red,4048,T8B
166,1,0,0,219,red,4048,T8B
167,1,0,0,219,red,4048,T8B
168,1,0,0,219,red,4048,T8B
169,1,0,0,219,red,4048,T8B
170,1,0,0,219,red,4048,T8B
171,1,0,0,219,red,4048,T8B
172,1,0,0,219,red,4048,T8B
173,1,0,0,219,red,4048,T8B
174,1,0,0,219,red,4048,T8B
175,1,0,0,219,red,4048,T8B
176,1,0,0,219,red,4048,T8B
177,1,0,0,219,red,4048,T8B
178,1,0,0,219,red,4048,T8B
179,1,0,0,219,red,4048,T8B
180,1,0,0,219,red,4048,T8B
181,1,0,0,219,red,4048,T8B
182,1,0,0,219,red,4048,T8B
183,1,0,0,219,red,4048,T8B
184,1,0,0,219,red,4048,T8B
185,1,0,0,219,red,4048,T8B
186,1,0,0,219,red,4048,T8B
187,1,0,0,219,red,4048,T8B
188,1,0,0,219,red,4048,T8B
189,1,0,0,219,red,4048,T8B
190,1,0,0,219,red,4048,T8B
191,1,0,0,219,red,4048,T8B
192,1,0,0,219,red,4048,T8B
193,1,0,0,219,red,4048,T8B
194,1,0,0,219,red,4048,T8B
195,1,0,0,219,red,4048,T8B
196,1,0,0,219,red,4048,T8B
197,1,0,0,219,red,4048,T8B
198,1,0,0,219,red,4048,T8B
199,1,0,0,219,red,4048,T8B
200,1,0,0,219,red,4048,T8B
201,1,0,0,219,red,4048,T8B
202,1,0,0,219,red,4048,T8B
203,1,0,0,219,red,4048,T8B
204,1,0,0,219,red,4048,T8B
205,1,0,0,219,red,4048,T8B
206,1,0,0,219,red,4048,T8B
207,1,0,0,219,red,4048,T8B
208,1,0,0,219,red,4048,T8B
209,1,0,0,219,red,4048,T8B
210,1,0,0,219,red,4048,T8B
211,1,0,0,219,red,4048,T8B
212,1,0,0,219,red,4048,T8B
213,1,0,0,219,red,4048,T8B
214,1,0,0,219,red,4048,T8B
215,1,0,0,219,red,4048,T8B
216,1,0,0,219,red,4048,T8B
217,1,0,0,219,red,4048,T8B
218,1,0,0,219,red,4048,T8B
219,1,0,0,219,red,4048,T8B
220,1,0,0,219,red,4048,T8B
221,1,0,0,219,red,4048,T8B
222,1,0,0,219,red,4048,T8B
0,0,0,1,220,red,4317,T8B
1,0,0,1,220,red,4317,T8B
2,0,0,1,220,red,4317,T8B
3,0,0,1,220,red,4317,T8B
4,0,0,1,220,red,4317,T8B
5,0,0,1,220,red,4317,T8B
6,0,0,1,220,red,4317,T8B
7,0,0,1,220,red,4317,T8B
8,0,0,1,220,red,4317,T8B
9,0,0,1,220,red,4317,T8B
10,0,0,1,220,red,4317,T8B
11,0,0,1,220,red,4317,T8B
12,0,0,1,220,red,4317,T8B
13,0,0,1,220,red,4317,T8B
14,0,0,1,220,red,4317,T8B
15,0,0,1,220,red,4317,T8B
16,0,0,1,220,red,4317,T8B
17,0,0,1,220,red,4317,T8B
18,0,0,1,220,red,4317,T8B
19,0,0,1,220,red,4317,T8B
20,0,0,1,220,red,4317,T8B
21,0,0,1,220,red,4317,T8B
22,0,0,1,220,red,4317,T8B
23,0,0,1,220,red,4317,T8B
24,0,0,1,220,red,4317,T8B
25,0,0,1,220,red,4317,T8B
26,0,0,1,220,red,4317,T8B
27,0,0,1,220,red,4317,T8B
28,0,0,1,220,red,4317,T8B
29,0,0,1,220,red,4317,T8B
30,0,0,1,220,red,4317,T8B
31,0,0,1,220,red,4317,T8B
32,0,0,1,220,red,4317,T8B
33,0,0,1,220,red,4317,T8B
34,0,0,1,220,red,4317,T8B
35,0,0,1,220,red,4317,T8B
36,0,0,1,220,red,4317,T8B
37,0,0,1,220,red,4317,T8B
38,0,0,1,220,red,4317,T8B
39,0,0,1,220,red,4317,T8B
40,0,0,1,220,red,4317,T8B
41,0,0,1,220,red,4317,T8B
42,0,0,1,220,red,4317,T8B
43,0,0,1,220,red,4317,T8B
44,0,0,1,220,red,4317,T8B
45,0,0,1,220,red,4317,T8B
46,0,0,1,220,red,4317,T8B
47,0,0,1,220,red,4317,T8B
48,0,0,1,220,red,4317,T8B
49,0,0,1,220,red,4317,T8B
50,0,0,1,220,red,4317,T8B
51,0,0,1,220,red,4317,T8B
52,0,0,1,220,red,4317,T8B
53,0,0,1,220,red,4317,T8B
54,0,0,1,220,red,4317,T8B
55,0,0,1,220,red,4317,T8B
56,0,0,1,220,red,4317,T8B
57,0,0,1,220,red,4317,T8B
58,0,0,1,220,red,4317,T8B
59,0,0,1,220,red,4317,T8B
60,0,0,1,220,red,4317,T8B
61,0,0,1,220,red,4317,T8B
62,0,0,1,220,red,4317,T8B
63,0,0,1,220,red,4317,T8B
64,0,0,1,220,red,4317,T8B
65,0,0,1,220,red,4317,T8B
66,0,0,1,220,red,4317,T8B
67,0,0,1,220,red,4317,T8B
68,0,0,1,220,red,4317,T8B
69,0,0,1,220,red,4317,T8B
70,0,0,1,220,red,4317,T8B
71,0,0,1,220,red,4317,T8B
72,0,0,1,220,red,4317,T8B
73,0,0,1,220,red,4317,T8B
74,0,0,1,220,red,4317,T8B
75,0,0,1,220,red,4317,T8B
76,0,0,1,220,red,4317,T8B
77,0,0,1,220,red,4317,T8B
78,0,0,1,220,red,4317,T8B
79,0,0,1,220,red,4317,T8B
80,0,0,1,220,red,4317,T8B
81,0,1,0,220,red,4317,T8B
82,0,1,0,220,red,4317,T8B
83,0,1,0,220,red,4317,T8B
84,0,1,0,220,red,4317,T8B
85,0,1,0,220,red,4317,T8B
86,0,1,0,220,red,4317,T8B
87,0,1,0,220,red,4317,T8B
88,0,1,0,220,red,4317,T8B
89,0,1,0,220,red,4317,T8B
90,0,1,0,220,red,4317,T8B
91,0,1,0,220,red,4317,T8B
92,0,1,0,220,red,4317,T8B
93,0,1,0,220,red,4317,T8B
94,0,1,0,220,red,4317,T8B
95,0,1,0,220,red,4317,T8B
96,0,1,0,220,red,4317,T8B
97,0,1,0,220,red,4317,T8B
98,0,1,0,220,red,4317,T8B
99,0,1,0,220,red,4317,T8B
100,0,1,0,220,red,4317,T8B
101,0,1,0,220,red,4317,T8B
102,0,1,0,220,red,4317,T8B
103,0,1,0,220,red,4317,T8B
104,0,1,0,220,red,4317,T8B
105,0,1,0,220,red,4317,T8B
106,0,1,0,220,red,4317,T8B
107,0,1,0,220,red,4317,T8B
108,0,1,0,220,red,4317,T8B
109,0,1,0,220,red,4317,T8B
110,0,1,0,220,red,4317,T8B
111,0,1,0,220,red,4317,T8B
112,0,1,0,220,red,4317,T8B
113,0,1,0,220,red,4317,T8B
114,0,1,0,220,red,4317,T8B
115,0,1,0,220,red,4317,T8B
116,0,1,0,220,red,4317,T8B
117,0,1,0,220,red,4317,T8B
118,0,1,0,220,red,4317,T8B
119,0,1,0,220,red,4317,T8B
120,0,1,0,220,red,4317,T8B
121,0,1,0,220,red,4317,T8B
122,0,1,0,220,red,4317,T8B
123,0,1,0,220,red,4317,T8B
124,0,1,0,220,red,4317,T8B
125,0,1,0,220,red,4317,T8B
126,0,1,0,220,red,4317,T8B
127,0,1,0,220,red,4317,T8B
128,0,1,0,220,red,4317,T8B
129,0,1,0,220,red,4317,T8B
130,0,1,0,220,red,4317,T8B
131,0,1,0,220,red,4317,T8B
132,0,1,0,220,red,4317,T8B
133,0,1,0,220,red,4317,T8B
134,0,1,0,220,red,4317,T8B
135,0,1,0,220,red,4317,T8B
136,0,1,0,220,red,4317,T8B
137,0,1,0,220,red,4317,T8B
138,0,1,0,220,red,4317,T8B
139,0,1,0,220,red,4317,T8B
140,0,1,0,220,red,4317,T8B
141,0,1,0,220,red,4317,T8B
142,0,1,0,220,red,4317,T8B
143,0,1,0,220,red,4317,T8B
144,0,1,0,220,red,4317,T8B
145,0,1,0,220,red,4317,T8B
146,0,1,0,220,red,4317,T8B
147,0,1,0,220,red,4317,T8B
148,0,1,0,220,red,4317,T8B
149,0,1,0,220,red,4317,T8B
150,0,1,0,220,red,4317,T8B
151,0,1,0,220,red,4317,T8B
152,0,1,0,220,red,4317,T8B
153,0,1,0,220,red,4317,T8B
154,0,1,0,220,red,4317,T8B
155,0,1,0,220,red,4317,T8B
156,0,1,0,220,red,4317,T8B
157,0,1,0,220,red,4317,T8B
158,0,1,0,220,red,4317,T8B
159,0,1,0,220,red,4317,T8B
160,0,1,0,220,red,4317,T8B
161,0,1,0,220,red,4317,T8B
162,0,1,0,220,red,4317,T8B
163,0,1,0,220,red,4317,T8B
164,0,1,0,220,red,4317,T8B
165,0,1,0,220,red,4317,T8B
166,0,1,0,220,red,4317,T8B
167,0,1,0,220,red,4317,T8B
168,0,1,0,220,red,4317,T8B
169,0,1,0,220,red,4317,T8B
170,0,1,0,220,red,4317,T8B
171,0,1,0,220,red,4317,T8B
172,0,1,0,220,red,4317,T8B
173,0,1,0,220,red,4317,T8B
174,0,1,0,220,red,4317,T8B
175,0,1,0,220,red,4317,T8B
176,0,1,0,220,red,4317,T8B
177,0,1,0,220,red,4317,T8B
178,0,1,0,220,red,4317,T8B
179,0,1,0,220,red,4317,T8B
180,0,1,0,220,red,4317,T8B
181,0,1,0,220,red,4317,T8B
182,0,1,0,220,red,4317,T8B
183,0,1,0,220,red,4317,T8B
184,0,1,0,220,red,4317,T8B
185,0,1,0,220,red,4317,T8B
186,1,0,0,220,red,4317,T8B
187,1,0,0,220,red,4317,T8B
188,1,0,0,220,red,4317,T8B
189,1,0,0,220,red,4317,T8B
190,1,0,0,220,red,4317,T8B
191,1,0,0,220,red,4317,T8B
192,1,0,0,220,red,4317,T8B
193,1,0,0,220,red,4317,T8B
194,1,0,0,220,red,4317,T8B
195,1,0,0,220,red,4317,T8B
196,1,0,0,220,red,4317,T8B
197,1,0,0,220,red,4317,T8B
198,1,0,0,220,red,4317,T8B
199,1,0,0,220,red,4317,T8B
200,1,0,0,220,red,4317,T8B
201,1,0,0,220,red,4317,T8B
202,1,0,0,220,red,4317,T8B
203,1,0,0,220,red,4317,T8B
204,1,0,0,220,red,4317,T8B
205,1,0,0,220,red,4317,T8B
206,1,0,0,220,red,4317,T8B
207,1,0,0,220,red,4317,T8B
208,1,0,0,220,red,4317,T8B
209,1,0,0,220,red,4317,T8B
210,1,0,0,220,red,4317,T8B
211,1,0,0,220,red,4317,T8B
212,1,0,0,220,red,4317,T8B
213,1,0,0,220,red,4317,T8B
214,1,0,0,220,red,4317,T8B
215,1,0,0,220,red,4317,T8B
216,1,0,0,220,red,4317,T8B
217,1,0,0,220,red,4317,T8B
218,1,0,0,220,red,4317,T8B
219,1,0,0,220,red,4317,T8B
220,1,0,0,220,red,4317,T8B
221,1,0,0,220,red,4317,T8B
222,1,0,0,220,red,4317,T8B
0,0,0,1,221,red,5483,T8B
1,0,0,1,221,red,5483,T8B
2,0,0,1,221,red,5483,T8B
3,0,0,1,221,red,5483,T8B
4,0,0,1,221,red,5483,T8B
5,0,0,1,221,red,5483,T8B
6,0,0,1,221,red,5483,T8B
7,0,0,1,221,red,5483,T8B
8,0,0,1,221,red,5483,T8B
9,0,0,1,221,red,5483,T8B
10,0,0,1,221,red,5483,T8B
11,0,0,1,221,red,5483,T8B
12,0,0,1,221,red,5483,T8B
13,0,0,1,221,red,5483,T8B
14,0,0,1,221,red,5483,T8B
15,0,0,1,221,red,5483,T8B
16,0,0,1,221,red,5483,T8B
17,0,0,1,221,red,5483,T8B
18,0,0,1,221,red,5483,T8B
19,0,0,1,221,red,5483,T8B
20,0,0,1,221,red,5483,T8B
21,0,0,1,221,red,5483,T8B
22,0,0,1,221,red,5483,T8B
23,0,0,1,221,red,5483,T8B
24,0,0,1,221,red,5483,T8B
25,0,0,1,221,red,5483,T8B
26,0,0,1,221,red,5483,T8B
27,0,0,1,221,red,5483,T8B
28,0,0,1,221,red,5483,T8B
29,0,0,1,221,red,5483,T8B
30,0,0,1,221,red,5483,T8B
31,0,0,1,221,red,5483,T8B
32,0,0,1,221,red,5483,T8B
33,0,0,1,221,red,5483,T8B
34,0,0,1,221,red,5483,T8B
35,0,0,1,221,red,5483,T8B
36,0,0,1,221,red,5483,T8B
37,0,0,1,221,red,5483,T8B
38,0,0,1,221,red,5483,T8B
39,0,0,1,221,red,5483,T8B
40,0,0,1,221,red,5483,T8B
41,0,0,1,221,red,5483,T8B
42,0,0,1,221,red,5483,T8B
43,0,0,1,221,red,5483,T8B
44,1,0,0,221,red,5483,T8B
45,1,0,0,221,red,5483,T8B
46,1,0,0,221,red,5483,T8B
47,1,0,0,221,red,5483,T8B
48,1,0,0,221,red,5483,T8B
49,1,0,0,221,red,5483,T8B
50,1,0,0,221,red,5483,T8B
51,1,0,0,221,red,5483,T8B
52,1,0,0,221,red,5483,T8B
53,1,0,0,221,red,5483,T8B
54,1,0,0,221,red,5483,T8B
55,1,0,0,221,red,5483,T8B
56,1,0,0,221,red,5483,T8B
57,1,0,0,221,red,5483,T8B
58,1,0,0,221,red,5483,T8B
59,1,0,0,221,red,5483,T8B
60,1,0,0,221,red,5483,T8B
61,1,0,0,221,red,5483,T8B
62,1,0,0,221,red,5483,T8B
63,1,0,0,221,red,5483,T8B
64,1,0,0,221,red,5483,T8B
65,1,0,0,221,red,5483,T8B
66,1,0,0,221,red,5483,T8B
67,1,0,0,221,red,5483,T8B
68,1,0,0,221,red,5483,T8B
69,1,0,0,221,red,5483,T8B
70,1,0,0,221,red,5483,T8B
71,1,0,0,221,red,5483,T8B
72,1,0,0,221,red,5483,T8B
73,1,0,0,221,red,5483,T8B
74,1,0,0,221,red,5483,T8B
75,1,0,0,221,red,5483,T8B
76,1,0,0,221,red,5483,T8B
77,1,0,0,221,red,5483,T8B
78,1,0,0,221,red,5483,T8B
79,1,0,0,221,red,5483,T8B
80,1,0,0,221,red,5483,T8B
81,1,0,0,221,red,5483,T8B
82,1,0,0,221,red,5483,T8B
83,1,0,0,221,red,5483,T8B
84,1,0,0,221,red,5483,T8B
85,1,0,0,221,red,5483,T8B
86,1,0,0,221,red,5483,T8B
87,1,0,0,221,red,5483,T8B
88,1,0,0,221,red,5483,T8B
89,1,0,0,221,red,5483,T8B
90,1,0,0,221,red,5483,T8B
91,1,0,0,221,red,5483,T8B
92,1,0,0,221,red,5483,T8B
93,1,0,0,221,red,5483,T8B
94,1,0,0,221,red,5483,T8B
95,1,0,0,221,red,5483,T8B
96,1,0,0,221,red,5483,T8B
97,1,0,0,221,red,5483,T8B
98,1,0,0,221,red,5483,T8B
99,1,0,0,221,red,5483,T8B
100,1,0,0,221,red,5483,T8B
101,1,0,0,221,red,5483,T8B
102,1,0,0,221,red,5483,T8B
103,1,0,0,221,red,5483,T8B
104,1,0,0,221,red,5483,T8B
105,1,0,0,221,red,5483,T8B
106,1,0,0,221,red,5483,T8B
107,1,0,0,221,red,5483,T8B
108,1,0,0,221,red,5483,T8B
109,1,0,0,221,red,5483,T8B
110,1,0,0,221,red,5483,T8B
111,1,0,0,221,red,5483,T8B
112,1,0,0,221,red,5483,T8B
113,1,0,0,221,red,5483,T8B
114,1,0,0,221,red,5483,T8B
115,1,0,0,221,red,5483,T8B
116,1,0,0,221,red,5483,T8B
117,1,0,0,221,red,5483,T8B
118,1,0,0,221,red,5483,T8B
119,1,0,0,221,red,5483,T8B
120,1,0,0,221,red,5483,T8B
121,1,0,0,221,red,5483,T8B
122,1,0,0,221,red,5483,T8B
123,1,0,0,221,red,5483,T8B
124,1,0,0,221,red,5483,T8B
125,1,0,0,221,red,5483,T8B
126,1,0,0,221,red,5483,T8B
127,1,0,0,221,red,5483,T8B
128,1,0,0,221,red,5483,T8B
129,1,0,0,221,red,5483,T8B
130,1,0,0,221,red,5483,T8B
131,1,0,0,221,red,5483,T8B
132,1,0,0,221,red,5483,T8B
133,1,0,0,221,red,5483,T8B
134,1,0,0,221,red,5483,T8B
135,1,0,0,221,red,5483,T8B
136,1,0,0,221,red,5483,T8B
137,1,0,0,221,red,5483,T8B
138,1,0,0,221,red,5483,T8B
139,1,0,0,221,red,5483,T8B
140,1,0,0,221,red,5483,T8B
141,1,0,0,221,red,5483,T8B
142,1,0,0,221,red,5483,T8B
143,1,0,0,221,red,5483,T8B
144,1,0,0,221,red,5483,T8B
145,1,0,0,221,red,5483,T8B
146,1,0,0,221,red,5483,T8B
147,1,0,0,221,red,5483,T8B
148,1,0,0,221,red,5483,T8B
149,1,0,0,221,red,5483,T8B
150,1,0,0,221,red,5483,T8B
151,1,0,0,221,red,5483,T8B
152,1,0,0,221,red,5483,T8B
153,1,0,0,221,red,5483,T8B
154,1,0,0,221,red,5483,T8B
155,1,0,0,221,red,5483,T8B
156,1,0,0,221,red,5483,T8B
157,1,0,0,221,red,5483,T8B
158,1,0,0,221,red,5483,T8B
159,1,0,0,221,red,5483,T8B
160,1,0,0,221,red,5483,T8B
161,1,0,0,221,red,5483,T8B
162,1,0,0,221,red,5483,T8B
163,1,0,0,221,red,5483,T8B
164,1,0,0,221,red,5483,T8B
165,1,0,0,221,red,5483,T8B
166,1,0,0,221,red,5483,T8B
167,1,0,0,221,red,5483,T8B
168,1,0,0,221,red,5483,T8B
169,1,0,0,221,red,5483,T8B
170,1,0,0,221,red,5483,T8B
171,1,0,0,221,red,5483,T8B
172,1,0,0,221,red,5483,T8B
173,1,0,0,221,red,5483,T8B
174,1,0,0,221,red,5483,T8B
175,1,0,0,221,red,5483,T8B
176,1,0,0,221,red,5483,T8B
177,1,0,0,221,red,5483,T8B
178,1,0,0,221,red,5483,T8B
179,1,0,0,221,red,5483,T8B
180,1,0,0,221,red,5483,T8B
181,1,0,0,221,red,5483,T8B
182,1,0,0,221,red,5483,T8B
183,1,0,0,221,red,5483,T8B
184,1,0,0,221,red,5483,T8B
185,1,0,0,221,red,5483,T8B
186,1,0,0,221,red,5483,T8B
187,1,0,0,221,red,5483,T8B
188,1,0,0,221,red,5483,T8B
189,1,0,0,221,red,5483,T8B
190,1,0,0,221,red,5483,T8B
191,1,0,0,221,red,5483,T8B
192,1,0,0,221,red,5483,T8B
193,1,0,0,221,red,5483,T8B
194,1,0,0,221,red,5483,T8B
195,1,0,0,221,red,5483,T8B
196,1,0,0,221,red,5483,T8B
197,1,0,0,221,red,5483,T8B
198,1,0,0,221,red,5483,T8B
199,1,0,0,221,red,5483,T8B
200,1,0,0,221,red,5483,T8B
201,1,0,0,221,red,5483,T8B
202,1,0,0,221,red,5483,T8B
203,1,0,0,221,red,5483,T8B
204,1,0,0,221,red,5483,T8B
205,1,0,0,221,red,5483,T8B
206,1,0,0,221,red,5483,T8B
207,1,0,0,221,red,5483,T8B
208,1,0,0,221,red,5483,T8B
209,1,0,0,221,red,5483,T8B
210,1,0,0,221,red,5483,T8B
211,1,0,0,221,red,5483,T8B
212,1,0,0,221,red,5483,T8B
213,1,0,0,221,red,5483,T8B
214,1,0,0,221,red,5483,T8B
215,1,0,0,221,red,5483,T8B
216,1,0,0,221,red,5483,T8B
217,1,0,0,221,red,5483,T8B
218,1,0,0,221,red,5483,T8B
219,1,0,0,221,red,5483,T8B
220,1,0,0,221,red,5483,T8B
221,1,0,0,221,red,5483,T8B
222,1,0,0,221,red,5483,T8B
0,0,0,1,222,red,3792,T8B
1,0,0,1,222,red,3792,T8B
2,0,0,1,222,red,3792,T8B
3,0,0,1,222,red,3792,T8B
4,0,0,1,222,red,3792,T8B
5,0,0,1,222,red,3792,T8B
6,0,0,1,222,red,3792,T8B
7,0,0,1,222,red,3792,T8B
8,0,0,1,222,red,3792,T8B
9,0,0,1,222,red,3792,T8B
10,0,0,1,222,red,3792,T8B
11,0,0,1,222,red,3792,T8B
12,0,0,1,222,red,3792,T8B
13,0,0,1,222,red,3792,T8B
14,0,0,1,222,red,3792,T8B
15,0,0,1,222,red,3792,T8B
16,0,0,1,222,red,3792,T8B
17,0,0,1,222,red,3792,T8B
18,0,0,1,222,red,3792,T8B
19,0,0,1,222,red,3792,T8B
20,0,0,1,222,red,3792,T8B
21,0,0,1,222,red,3792,T8B
22,0,0,1,222,red,3792,T8B
23,0,0,1,222,red,3792,T8B
24,0,0,1,222,red,3792,T8B
25,0,0,1,222,red,3792,T8B
26,0,0,1,222,red,3792,T8B
27,0,0,1,222,red,3792,T8B
28,0,0,1,222,red,3792,T8B
29,0,0,1,222,red,3792,T8B
30,0,0,1,222,red,3792,T8B
31,0,0,1,222,red,3792,T8B
32,0,0,1,222,red,3792,T8B
33,0,0,1,222,red,3792,T8B
34,0,0,1,222,red,3792,T8B
35,0,1,0,222,red,3792,T8B
36,0,1,0,222,red,3792,T8B
37,0,1,0,222,red,3792,T8B
38,0,1,0,222,red,3792,T8B
39,0,1,0,222,red,3792,T8B
40,0,1,0,222,red,3792,T8B
41,0,1,0,222,red,3792,T8B
42,0,1,0,222,red,3792,T8B
43,0,1,0,222,red,3792,T8B
44,0,1,0,222,red,3792,T8B
45,0,1,0,222,red,3792,T8B
46,0,1,0,222,red,3792,T8B
47,0,1,0,222,red,3792,T8B
48,0,1,0,222,red,3792,T8B
49,0,1,0,222,red,3792,T8B
50,0,1,0,222,red,3792,T8B
51,0,1,0,222,red,3792,T8B
52,0,1,0,222,red,3792,T8B
53,0,1,0,222,red,3792,T8B
54,0,1,0,222,red,3792,T8B
55,0,1,0,222,red,3792,T8B
56,0,1,0,222,red,3792,T8B
57,0,1,0,222,red,3792,T8B
58,0,1,0,222,red,3792,T8B
59,0,1,0,222,red,3792,T8B
60,0,1,0,222,red,3792,T8B
61,0,1,0,222,red,3792,T8B
62,0,1,0,222,red,3792,T8B
63,0,1,0,222,red,3792,T8B
64,0,1,0,222,red,3792,T8B
65,0,1,0,222,red,3792,T8B
66,0,1,0,222,red,3792,T8B
67,0,1,0,222,red,3792,T8B
68,0,1,0,222,red,3792,T8B
69,0,1,0,222,red,3792,T8B
70,0,1,0,222,red,3792,T8B
71,0,1,0,222,red,3792,T8B
72,0,1,0,222,red,3792,T8B
73,0,1,0,222,red,3792,T8B
74,0,1,0,222,red,3792,T8B
75,0,1,0,222,red,3792,T8B
76,0,1,0,222,red,3792,T8B
77,0,1,0,222,red,3792,T8B
78,0,1,0,222,red,3792,T8B
79,0,1,0,222,red,3792,T8B
80,0,1,0,222,red,3792,T8B
81,0,1,0,222,red,3792,T8B
82,0,1,0,222,red,3792,T8B
83,0,1,0,222,red,3792,T8B
84,0,1,0,222,red,3792,T8B
85,0,1,0,222,red,3792,T8B
86,0,1,0,222,red,3792,T8B
87,0,1,0,222,red,3792,T8B
88,0,1,0,222,red,3792,T8B
89,0,1,0,222,red,3792,T8B
90,0,1,0,222,red,3792,T8B
91,0,1,0,222,red,3792,T8B
92,0,1,0,222,red,3792,T8B
93,0,1,0,222,red,3792,T8B
94,0,1,0,222,red,3792,T8B
95,0,1,0,222,red,3792,T8B
96,0,1,0,222,red,3792,T8B
97,0,1,0,222,red,3792,T8B
98,0,1,0,222,red,3792,T8B
99,0,1,0,222,red,3792,T8B
100,0,1,0,222,red,3792,T8B
101,0,1,0,222,red,3792,T8B
102,0,1,0,222,red,3792,T8B
103,0,1,0,222,red,3792,T8B
104,0,1,0,222,red,3792,T8B
105,0,1,0,222,red,3792,T8B
106,0,1,0,222,red,3792,T8B
107,0,1,0,222,red,3792,T8B
108,0,1,0,222,red,3792,T8B
109,0,1,0,222,red,3792,T8B
110,0,1,0,222,red,3792,T8B
111,0,1,0,222,red,3792,T8B
112,0,1,0,222,red,3792,T8B
113,0,1,0,222,red,3792,T8B
114,0,1,0,222,red,3792,T8B
115,0,1,0,222,red,3792,T8B
116,0,1,0,222,red,3792,T8B
117,0,1,0,222,red,3792,T8B
118,0,1,0,222,red,3792,T8B
119,0,1,0,222,red,3792,T8B
120,0,1,0,222,red,3792,T8B
121,0,1,0,222,red,3792,T8B
122,0,1,0,222,red,3792,T8B
123,0,1,0,222,red,3792,T8B
124,0,1,0,222,red,3792,T8B
125,0,1,0,222,red,3792,T8B
126,0,1,0,222,red,3792,T8B
127,0,1,0,222,red,3792,T8B
128,0,1,0,222,red,3792,T8B
129,0,1,0,222,red,3792,T8B
130,0,1,0,222,red,3792,T8B
131,0,1,0,222,red,3792,T8B
132,0,1,0,222,red,3792,T8B
133,0,1,0,222,red,3792,T8B
134,0,1,0,222,red,3792,T8B
135,0,1,0,222,red,3792,T8B
136,0,1,0,222,red,3792,T8B
137,0,1,0,222,red,3792,T8B
138,0,1,0,222,red,3792,T8B
139,0,1,0,222,red,3792,T8B
140,0,1,0,222,red,3792,T8B
141,0,1,0,222,red,3792,T8B
142,0,1,0,222,red,3792,T8B
143,0,1,0,222,red,3792,T8B
144,0,1,0,222,red,3792,T8B
145,0,1,0,222,red,3792,T8B
146,0,1,0,222,red,3792,T8B
147,0,1,0,222,red,3792,T8B
148,0,1,0,222,red,3792,T8B
149,0,1,0,222,red,3792,T8B
150,0,1,0,222,red,3792,T8B
151,0,0,1,222,red,3792,T8B
152,0,0,1,222,red,3792,T8B
153,1,0,0,222,red,3792,T8B
154,1,0,0,222,red,3792,T8B
155,1,0,0,222,red,3792,T8B
156,1,0,0,222,red,3792,T8B
157,1,0,0,222,red,3792,T8B
158,1,0,0,222,red,3792,T8B
159,1,0,0,222,red,3792,T8B
160,1,0,0,222,red,3792,T8B
161,1,0,0,222,red,3792,T8B
162,1,0,0,222,red,3792,T8B
163,1,0,0,222,red,3792,T8B
164,1,0,0,222,red,3792,T8B
165,1,0,0,222,red,3792,T8B
166,1,0,0,222,red,3792,T8B
167,1,0,0,222,red,3792,T8B
168,1,0,0,222,red,3792,T8B
169,1,0,0,222,red,3792,T8B
170,1,0,0,222,red,3792,T8B
171,1,0,0,222,red,3792,T8B
172,1,0,0,222,red,3792,T8B
173,1,0,0,222,red,3792,T8B
174,1,0,0,222,red,3792,T8B
175,1,0,0,222,red,3792,T8B
176,1,0,0,222,red,3792,T8B
177,1,0,0,222,red,3792,T8B
178,1,0,0,222,red,3792,T8B
179,1,0,0,222,red,3792,T8B
180,1,0,0,222,red,3792,T8B
181,1,0,0,222,red,3792,T8B
182,1,0,0,222,red,3792,T8B
183,1,0,0,222,red,3792,T8B
184,1,0,0,222,red,3792,T8B
185,1,0,0,222,red,3792,T8B
186,1,0,0,222,red,3792,T8B
187,1,0,0,222,red,3792,T8B
188,1,0,0,222,red,3792,T8B
189,1,0,0,222,red,3792,T8B
190,1,0,0,222,red,3792,T8B
191,1,0,0,222,red,3792,T8B
192,1,0,0,222,red,3792,T8B
193,1,0,0,222,red,3792,T8B
194,1,0,0,222,red,3792,T8B
195,1,0,0,222,red,3792,T8B
196,1,0,0,222,red,3792,T8B
197,1,0,0,222,red,3792,T8B
198,1,0,0,222,red,3792,T8B
199,1,0,0,222,red,3792,T8B
200,1,0,0,222,red,3792,T8B
201,1,0,0,222,red,3792,T8B
202,1,0,0,222,red,3792,T8B
203,1,0,0,222,red,3792,T8B
204,1,0,0,222,red,3792,T8B
205,1,0,0,222,red,3792,T8B
206,1,0,0,222,red,3792,T8B
207,1,0,0,222,red,3792,T8B
208,1,0,0,222,red,3792,T8B
209,1,0,0,222,red,3792,T8B
210,1,0,0,222,red,3792,T8B
211,1,0,0,222,red,3792,T8B
212,1,0,0,222,red,3792,T8B
213,1,0,0,222,red,3792,T8B
214,1,0,0,222,red,3792,T8B
215,1,0,0,222,red,3792,T8B
216,1,0,0,222,red,3792,T8B
217,1,0,0,222,red,3792,T8B
218,1,0,0,222,red,3792,T8B
219,1,0,0,222,red,3792,T8B
220,1,0,0,222,red,3792,T8B
221,1,0,0,222,red,3792,T8B
222,1,0,0,222,red,3792,T8B
0,0,0,1,223,red,5009,T8B
1,0,0,1,223,red,5009,T8B
2,0,0,1,223,red,5009,T8B
3,0,0,1,223,red,5009,T8B
4,0,0,1,223,red,5009,T8B
5,0,0,1,223,red,5009,T8B
6,0,0,1,223,red,5009,T8B
7,0,0,1,223,red,5009,T8B
8,0,0,1,223,red,5009,T8B
9,0,0,1,223,red,5009,T8B
10,0,0,1,223,red,5009,T8B
11,0,0,1,223,red,5009,T8B
12,0,0,1,223,red,5009,T8B
13,0,0,1,223,red,5009,T8B
14,0,0,1,223,red,5009,T8B
15,0,0,1,223,red,5009,T8B
16,0,0,1,223,red,5009,T8B
17,0,0,1,223,red,5009,T8B
18,0,0,1,223,red,5009,T8B
19,0,0,1,223,red,5009,T8B
20,0,0,1,223,red,5009,T8B
21,0,0,1,223,red,5009,T8B
22,0,0,1,223,red,5009,T8B
23,0,0,1,223,red,5009,T8B
24,0,0,1,223,red,5009,T8B
25,0,0,1,223,red,5009,T8B
26,0,0,1,223,red,5009,T8B
27,0,0,1,223,red,5009,T8B
28,0,0,1,223,red,5009,T8B
29,0,0,1,223,red,5009,T8B
30,0,0,1,223,red,5009,T8B
31,0,0,1,223,red,5009,T8B
32,0,0,1,223,red,5009,T8B
33,0,0,1,223,red,5009,T8B
34,0,0,1,223,red,5009,T8B
35,0,0,1,223,red,5009,T8B
36,0,0,1,223,red,5009,T8B
37,0,0,1,223,red,5009,T8B
38,0,0,1,223,red,5009,T8B
39,0,0,1,223,red,5009,T8B
40,0,0,1,223,red,5009,T8B
41,0,0,1,223,red,5009,T8B
42,0,0,1,223,red,5009,T8B
43,0,0,1,223,red,5009,T8B
44,0,0,1,223,red,5009,T8B
45,0,0,1,223,red,5009,T8B
46,0,0,1,223,red,5009,T8B
47,0,0,1,223,red,5009,T8B
48,0,0,1,223,red,5009,T8B
49,0,0,1,223,red,5009,T8B
50,1,0,0,223,red,5009,T8B
51,1,0,0,223,red,5009,T8B
52,1,0,0,223,red,5009,T8B
53,1,0,0,223,red,5009,T8B
54,1,0,0,223,red,5009,T8B
55,1,0,0,223,red,5009,T8B
56,0,0,1,223,red,5009,T8B
57,0,0,1,223,red,5009,T8B
58,0,0,1,223,red,5009,T8B
59,0,0,1,223,red,5009,T8B
60,0,0,1,223,red,5009,T8B
61,0,0,1,223,red,5009,T8B
62,0,0,1,223,red,5009,T8B
63,0,0,1,223,red,5009,T8B
64,0,0,1,223,red,5009,T8B
65,0,0,1,223,red,5009,T8B
66,0,0,1,223,red,5009,T8B
67,0,0,1,223,red,5009,T8B
68,0,0,1,223,red,5009,T8B
69,0,0,1,223,red,5009,T8B
70,0,0,1,223,red,5009,T8B
71,0,1,0,223,red,5009,T8B
72,0,1,0,223,red,5009,T8B
73,0,1,0,223,red,5009,T8B
74,0,1,0,223,red,5009,T8B
75,0,1,0,223,red,5009,T8B
76,0,1,0,223,red,5009,T8B
77,0,1,0,223,red,5009,T8B
78,0,1,0,223,red,5009,T8B
79,0,1,0,223,red,5009,T8B
80,0,1,0,223,red,5009,T8B
81,0,0,1,223,red,5009,T8B
82,0,0,1,223,red,5009,T8B
83,0,0,1,223,red,5009,T8B
84,0,0,1,223,red,5009,T8B
85,0,0,1,223,red,5009,T8B
86,0,0,1,223,red,5009,T8B
87,0,0,1,223,red,5009,T8B
88,0,0,1,223,red,5009,T8B
89,0,0,1,223,red,5009,T8B
90,0,0,1,223,red,5009,T8B
91,0,0,1,223,red,5009,T8B
92,0,0,1,223,red,5009,T8B
93,0,0,1,223,red,5009,T8B
94,0,0,1,223,red,5009,T8B
95,0,1,0,223,red,5009,T8B
96,0,1,0,223,red,5009,T8B
97,0,1,0,223,red,5009,T8B
98,0,1,0,223,red,5009,T8B
99,0,1,0,223,red,5009,T8B
100,0,1,0,223,red,5009,T8B
101,0,1,0,223,red,5009,T8B
102,0,1,0,223,red,5009,T8B
103,0,1,0,223,red,5009,T8B
104,0,1,0,223,red,5009,T8B
105,0,1,0,223,red,5009,T8B
106,0,1,0,223,red,5009,T8B
107,0,1,0,223,red,5009,T8B
108,0,1,0,223,red,5009,T8B
109,0,1,0,223,red,5009,T8B
110,0,1,0,223,red,5009,T8B
111,0,0,1,223,red,5009,T8B
112,0,0,1,223,red,5009,T8B
113,0,0,1,223,red,5009,T8B
114,0,0,1,223,red,5009,T8B
115,0,0,1,223,red,5009,T8B
116,0,0,1,223,red,5009,T8B
117,0,0,1,223,red,5009,T8B
118,0,0,1,223,red,5009,T8B
119,0,0,1,223,red,5009,T8B
120,0,0,1,223,red,5009,T8B
121,0,0,1,223,red,5009,T8B
122,0,0,1,223,red,5009,T8B
123,0,0,1,223,red,5009,T8B
124,0,0,1,223,red,5009,T8B
125,0,0,1,223,red,5009,T8B
126,0,0,1,223,red,5009,T8B
127,0,0,1,223,red,5009,T8B
128,0,0,1,223,red,5009,T8B
129,0,0,1,223,red,5009,T8B
130,0,0,1,223,red,5009,T8B
131,0,0,1,223,red,5009,T8B
132,0,0,1,223,red,5009,T8B
133,0,1,0,223,red,5009,T8B
134,0,1,0,223,red,5009,T8B
135,0,1,0,223,red,5009,T8B
136,0,1,0,223,red,5009,T8B
137,0,1,0,223,red,5009,T8B
138,0,1,0,223,red,5009,T8B
139,0,1,0,223,red,5009,T8B
140,0,1,0,223,red,5009,T8B
141,0,0,1,223,red,5009,T8B
142,0,0,1,223,red,5009,T8B
143,0,0,1,223,red,5009,T8B
144,0,0,1,223,red,5009,T8B
145,0,0,1,223,red,5009,T8B
146,0,0,1,223,red,5009,T8B
147,0,0,1,223,red,5009,T8B
148,0,0,1,223,red,5009,T8B
149,0,0,1,223,red,5009,T8B
150,0,0,1,223,red,5009,T8B
151,0,0,1,223,red,5009,T8B
152,0,0,1,223,red,5009,T8B
153,0,0,1,223,red,5009,T8B
154,0,0,1,223,red,5009,T8B
155,0,0,1,223,red,5009,T8B
156,0,0,1,223,red,5009,T8B
157,0,0,1,223,red,5009,T8B
158,0,0,1,223,red,5009,T8B
159,0,0,1,223,red,5009,T8B
160,0,0,1,223,red,5009,T8B
161,0,0,1,223,red,5009,T8B
162,0,0,1,223,red,5009,T8B
163,0,0,1,223,red,5009,T8B
164,0,0,1,223,red,5009,T8B
165,0,0,1,223,red,5009,T8B
166,0,0,1,223,red,5009,T8B
167,0,0,1,223,red,5009,T8B
168,0,1,0,223,red,5009,T8B
169,0,1,0,223,red,5009,T8B
170,0,1,0,223,red,5009,T8B
171,0,1,0,223,red,5009,T8B
172,0,1,0,223,red,5009,T8B
173,0,1,0,223,red,5009,T8B
174,0,1,0,223,red,5009,T8B
175,0,1,0,223,red,5009,T8B
176,0,1,0,223,red,5009,T8B
177,0,1,0,223,red,5009,T8B
178,0,1,0,223,red,5009,T8B
179,0,0,1,223,red,5009,T8B
180,0,0,1,223,red,5009,T8B
181,0,0,1,223,red,5009,T8B
182,0,0,1,223,red,5009,T8B
183,0,0,1,223,red,5009,T8B
184,0,0,1,223,red,5009,T8B
185,0,0,1,223,red,5009,T8B
186,0,0,1,223,red,5009,T8B
187,0,0,1,223,red,5009,T8B
188,0,0,1,223,red,5009,T8B
189,0,0,1,223,red,5009,T8B
190,0,0,1,223,red,5009,T8B
191,0,0,1,223,red,5009,T8B
192,0,0,1,223,red,5009,T8B
193,0,0,1,223,red,5009,T8B
194,0,0,1,223,red,5009,T8B
195,0,0,1,223,red,5009,T8B
196,0,0,1,223,red,5009,T8B
197,0,0,1,223,red,5009,T8B
198,0,0,1,223,red,5009,T8B
199,1,0,0,223,red,5009,T8B
200,1,0,0,223,red,5009,T8B
201,1,0,0,223,red,5009,T8B
202,1,0,0,223,red,5009,T8B
203,1,0,0,223,red,5009,T8B
204,1,0,0,223,red,5009,T8B
205,1,0,0,223,red,5009,T8B
206,1,0,0,223,red,5009,T8B
207,1,0,0,223,red,5009,T8B
208,1,0,0,223,red,5009,T8B
209,1,0,0,223,red,5009,T8B
210,1,0,0,223,red,5009,T8B
211,1,0,0,223,red,5009,T8B
212,1,0,0,223,red,5009,T8B
213,1,0,0,223,red,5009,T8B
214,1,0,0,223,red,5009,T8B
215,1,0,0,223,red,5009,T8B
216,1,0,0,223,red,5009,T8B
217,1,0,0,223,red,5009,T8B
218,1,0,0,223,red,5009,T8B
219,1,0,0,223,red,5009,T8B
220,1,0,0,223,red,5009,T8B
221,1,0,0,223,red,5009,T8B
222,1,0,0,223,red,5009,T8B
0,0,0,1,224,red,4081,T8B
1,0,0,1,224,red,4081,T8B
2,0,0,1,224,red,4081,T8B
3,0,0,1,224,red,4081,T8B
4,0,0,1,224,red,4081,T8B
5,0,0,1,224,red,4081,T8B
6,0,0,1,224,red,4081,T8B
7,0,0,1,224,red,4081,T8B
8,0,0,1,224,red,4081,T8B
9,0,0,1,224,red,4081,T8B
10,0,0,1,224,red,4081,T8B
11,0,0,1,224,red,4081,T8B
12,0,0,1,224,red,4081,T8B
13,0,0,1,224,red,4081,T8B
14,0,0,1,224,red,4081,T8B
15,0,0,1,224,red,4081,T8B
16,0,0,1,224,red,4081,T8B
17,0,0,1,224,red,4081,T8B
18,0,0,1,224,red,4081,T8B
19,0,0,1,224,red,4081,T8B
20,0,0,1,224,red,4081,T8B
21,0,0,1,224,red,4081,T8B
22,0,0,1,224,red,4081,T8B
23,0,0,1,224,red,4081,T8B
24,0,0,1,224,red,4081,T8B
25,0,0,1,224,red,4081,T8B
26,0,0,1,224,red,4081,T8B
27,0,0,1,224,red,4081,T8B
28,0,0,1,224,red,4081,T8B
29,0,0,1,224,red,4081,T8B
30,0,0,1,224,red,4081,T8B
31,0,0,1,224,red,4081,T8B
32,0,0,1,224,red,4081,T8B
33,0,0,1,224,red,4081,T8B
34,0,0,1,224,red,4081,T8B
35,0,0,1,224,red,4081,T8B
36,0,0,1,224,red,4081,T8B
37,0,0,1,224,red,4081,T8B
38,0,0,1,224,red,4081,T8B
39,0,0,1,224,red,4081,T8B
40,0,0,1,224,red,4081,T8B
41,0,0,1,224,red,4081,T8B
42,0,0,1,224,red,4081,T8B
43,0,0,1,224,red,4081,T8B
44,0,0,1,224,red,4081,T8B
45,0,0,1,224,red,4081,T8B
46,0,0,1,224,red,4081,T8B
47,0,0,1,224,red,4081,T8B
48,0,0,1,224,red,4081,T8B
49,0,0,1,224,red,4081,T8B
50,0,0,1,224,red,4081,T8B
51,0,0,1,224,red,4081,T8B
52,0,0,1,224,red,4081,T8B
53,0,0,1,224,red,4081,T8B
54,0,0,1,224,red,4081,T8B
55,0,0,1,224,red,4081,T8B
56,0,0,1,224,red,4081,T8B
57,0,0,1,224,red,4081,T8B
58,0,0,1,224,red,4081,T8B
59,0,0,1,224,red,4081,T8B
60,0,0,1,224,red,4081,T8B
61,0,0,1,224,red,4081,T8B
62,0,0,1,224,red,4081,T8B
63,0,0,1,224,red,4081,T8B
64,0,0,1,224,red,4081,T8B
65,0,0,1,224,red,4081,T8B
66,0,0,1,224,red,4081,T8B
67,0,0,1,224,red,4081,T8B
68,0,0,1,224,red,4081,T8B
69,0,0,1,224,red,4081,T8B
70,0,0,1,224,red,4081,T8B
71,0,0,1,224,red,4081,T8B
72,0,0,1,224,red,4081,T8B
73,0,0,1,224,red,4081,T8B
74,0,0,1,224,red,4081,T8B
75,0,0,1,224,red,4081,T8B
76,0,0,1,224,red,4081,T8B
77,0,0,1,224,red,4081,T8B
78,0,0,1,224,red,4081,T8B
79,0,0,1,224,red,4081,T8B
80,0,0,1,224,red,4081,T8B
81,0,0,1,224,red,4081,T8B
82,0,0,1,224,red,4081,T8B
83,0,0,1,224,red,4081,T8B
84,0,0,1,224,red,4081,T8B
85,0,0,1,224,red,4081,T8B
86,0,0,1,224,red,4081,T8B
87,1,0,0,224,red,4081,T8B
88,1,0,0,224,red,4081,T8B
89,1,0,0,224,red,4081,T8B
90,1,0,0,224,red,4081,T8B
91,1,0,0,224,red,4081,T8B
92,1,0,0,224,red,4081,T8B
93,1,0,0,224,red,4081,T8B
94,1,0,0,224,red,4081,T8B
95,1,0,0,224,red,4081,T8B
96,1,0,0,224,red,4081,T8B
97,1,0,0,224,red,4081,T8B
98,1,0,0,224,red,4081,T8B
99,1,0,0,224,red,4081,T8B
100,1,0,0,224,red,4081,T8B
101,1,0,0,224,red,4081,T8B
102,1,0,0,224,red,4081,T8B
103,1,0,0,224,red,4081,T8B
104,1,0,0,224,red,4081,T8B
105,1,0,0,224,red,4081,T8B
106,1,0,0,224,red,4081,T8B
107,1,0,0,224,red,4081,T8B
108,1,0,0,224,red,4081,T8B
109,1,0,0,224,red,4081,T8B
110,1,0,0,224,red,4081,T8B
111,1,0,0,224,red,4081,T8B
112,1,0,0,224,red,4081,T8B
113,1,0,0,224,red,4081,T8B
114,1,0,0,224,red,4081,T8B
115,1,0,0,224,red,4081,T8B
116,1,0,0,224,red,4081,T8B
117,1,0,0,224,red,4081,T8B
118,1,0,0,224,red,4081,T8B
119,1,0,0,224,red,4081,T8B
120,1,0,0,224,red,4081,T8B
121,1,0,0,224,red,4081,T8B
122,1,0,0,224,red,4081,T8B
123,1,0,0,224,red,4081,T8B
124,1,0,0,224,red,4081,T8B
125,1,0,0,224,red,4081,T8B
126,1,0,0,224,red,4081,T8B
127,1,0,0,224,red,4081,T8B
128,1,0,0,224,red,4081,T8B
129,1,0,0,224,red,4081,T8B
130,1,0,0,224,red,4081,T8B
131,1,0,0,224,red,4081,T8B
132,1,0,0,224,red,4081,T8B
133,1,0,0,224,red,4081,T8B
134,1,0,0,224,red,4081,T8B
135,1,0,0,224,red,4081,T8B
136,1,0,0,224,red,4081,T8B
137,1,0,0,224,red,4081,T8B
138,1,0,0,224,red,4081,T8B
139,1,0,0,224,red,4081,T8B
140,1,0,0,224,red,4081,T8B
141,1,0,0,224,red,4081,T8B
142,1,0,0,224,red,4081,T8B
143,1,0,0,224,red,4081,T8B
144,1,0,0,224,red,4081,T8B
145,1,0,0,224,red,4081,T8B
146,1,0,0,224,red,4081,T8B
147,1,0,0,224,red,4081,T8B
148,1,0,0,224,red,4081,T8B
149,1,0,0,224,red,4081,T8B
150,1,0,0,224,red,4081,T8B
151,1,0,0,224,red,4081,T8B
152,1,0,0,224,red,4081,T8B
153,1,0,0,224,red,4081,T8B
154,1,0,0,224,red,4081,T8B
155,1,0,0,224,red,4081,T8B
156,1,0,0,224,red,4081,T8B
157,1,0,0,224,red,4081,T8B
158,1,0,0,224,red,4081,T8B
159,1,0,0,224,red,4081,T8B
160,1,0,0,224,red,4081,T8B
161,1,0,0,224,red,4081,T8B
162,1,0,0,224,red,4081,T8B
163,1,0,0,224,red,4081,T8B
164,1,0,0,224,red,4081,T8B
165,1,0,0,224,red,4081,T8B
166,1,0,0,224,red,4081,T8B
167,1,0,0,224,red,4081,T8B
168,1,0,0,224,red,4081,T8B
169,1,0,0,224,red,4081,T8B
170,1,0,0,224,red,4081,T8B
171,1,0,0,224,red,4081,T8B
172,1,0,0,224,red,4081,T8B
173,1,0,0,224,red,4081,T8B
174,1,0,0,224,red,4081,T8B
175,1,0,0,224,red,4081,T8B
176,1,0,0,224,red,4081,T8B
177,1,0,0,224,red,4081,T8B
178,1,0,0,224,red,4081,T8B
179,1,0,0,224,red,4081,T8B
180,1,0,0,224,red,4081,T8B
181,1,0,0,224,red,4081,T8B
182,1,0,0,224,red,4081,T8B
183,1,0,0,224,red,4081,T8B
184,1,0,0,224,red,4081,T8B
185,1,0,0,224,red,4081,T8B
186,1,0,0,224,red,4081,T8B
187,1,0,0,224,red,4081,T8B
188,1,0,0,224,red,4081,T8B
189,1,0,0,224,red,4081,T8B
190,1,0,0,224,red,4081,T8B
191,1,0,0,224,red,4081,T8B
192,1,0,0,224,red,4081,T8B
193,1,0,0,224,red,4081,T8B
194,1,0,0,224,red,4081,T8B
195,1,0,0,224,red,4081,T8B
196,1,0,0,224,red,4081,T8B
197,1,0,0,224,red,4081,T8B
198,1,0,0,224,red,4081,T8B
199,1,0,0,224,red,4081,T8B
200,1,0,0,224,red,4081,T8B
201,1,0,0,224,red,4081,T8B
202,1,0,0,224,red,4081,T8B
203,1,0,0,224,red,4081,T8B
204,1,0,0,224,red,4081,T8B
205,1,0,0,224,red,4081,T8B
206,1,0,0,224,red,4081,T8B
207,1,0,0,224,red,4081,T8B
208,1,0,0,224,red,4081,T8B
209,1,0,0,224,red,4081,T8B
210,1,0,0,224,red,4081,T8B
211,1,0,0,224,red,4081,T8B
212,1,0,0,224,red,4081,T8B
213,1,0,0,224,red,4081,T8B
214,1,0,0,224,red,4081,T8B
215,1,0,0,224,red,4081,T8B
216,1,0,0,224,red,4081,T8B
217,1,0,0,224,red,4081,T8B
218,1,0,0,224,red,4081,T8B
219,1,0,0,224,red,4081,T8B
220,1,0,0,224,red,4081,T8B
221,1,0,0,224,red,4081,T8B
222,1,0,0,224,red,4081,T8B
0,0,0,1,225,red,3724,T8B
1,0,0,1,225,red,3724,T8B
2,0,0,1,225,red,3724,T8B
3,0,0,1,225,red,3724,T8B
4,0,0,1,225,red,3724,T8B
5,0,0,1,225,red,3724,T8B
6,0,0,1,225,red,3724,T8B
7,0,0,1,225,red,3724,T8B
8,0,0,1,225,red,3724,T8B
9,0,0,1,225,red,3724,T8B
10,0,0,1,225,red,3724,T8B
11,0,0,1,225,red,3724,T8B
12,0,0,1,225,red,3724,T8B
13,0,0,1,225,red,3724,T8B
14,0,0,1,225,red,3724,T8B
15,0,0,1,225,red,3724,T8B
16,0,0,1,225,red,3724,T8B
17,0,0,1,225,red,3724,T8B
18,0,0,1,225,red,3724,T8B
19,0,0,1,225,red,3724,T8B
20,0,0,1,225,red,3724,T8B
21,0,0,1,225,red,3724,T8B
22,0,0,1,225,red,3724,T8B
23,0,0,1,225,red,3724,T8B
24,0,0,1,225,red,3724,T8B
25,0,0,1,225,red,3724,T8B
26,0,0,1,225,red,3724,T8B
27,0,0,1,225,red,3724,T8B
28,0,0,1,225,red,3724,T8B
29,0,0,1,225,red,3724,T8B
30,0,0,1,225,red,3724,T8B
31,0,0,1,225,red,3724,T8B
32,0,0,1,225,red,3724,T8B
33,0,0,1,225,red,3724,T8B
34,0,0,1,225,red,3724,T8B
35,0,0,1,225,red,3724,T8B
36,0,0,1,225,red,3724,T8B
37,0,0,1,225,red,3724,T8B
38,0,0,1,225,red,3724,T8B
39,0,0,1,225,red,3724,T8B
40,0,0,1,225,red,3724,T8B
41,0,0,1,225,red,3724,T8B
42,0,0,1,225,red,3724,T8B
43,0,0,1,225,red,3724,T8B
44,0,0,1,225,red,3724,T8B
45,0,0,1,225,red,3724,T8B
46,0,0,1,225,red,3724,T8B
47,0,0,1,225,red,3724,T8B
48,0,0,1,225,red,3724,T8B
49,0,0,1,225,red,3724,T8B
50,0,0,1,225,red,3724,T8B
51,0,0,1,225,red,3724,T8B
52,0,0,1,225,red,3724,T8B
53,0,0,1,225,red,3724,T8B
54,0,0,1,225,red,3724,T8B
55,0,0,1,225,red,3724,T8B
56,0,0,1,225,red,3724,T8B
57,0,0,1,225,red,3724,T8B
58,0,0,1,225,red,3724,T8B
59,0,0,1,225,red,3724,T8B
60,0,0,1,225,red,3724,T8B
61,0,0,1,225,red,3724,T8B
62,0,0,1,225,red,3724,T8B
63,0,0,1,225,red,3724,T8B
64,0,0,1,225,red,3724,T8B
65,0,0,1,225,red,3724,T8B
66,0,0,1,225,red,3724,T8B
67,0,0,1,225,red,3724,T8B
68,0,0,1,225,red,3724,T8B
69,0,0,1,225,red,3724,T8B
70,0,0,1,225,red,3724,T8B
71,0,0,1,225,red,3724,T8B
72,0,0,1,225,red,3724,T8B
73,0,0,1,225,red,3724,T8B
74,0,0,1,225,red,3724,T8B
75,0,0,1,225,red,3724,T8B
76,0,0,1,225,red,3724,T8B
77,0,0,1,225,red,3724,T8B
78,0,0,1,225,red,3724,T8B
79,0,0,1,225,red,3724,T8B
80,0,0,1,225,red,3724,T8B
81,0,0,1,225,red,3724,T8B
82,0,0,1,225,red,3724,T8B
83,0,0,1,225,red,3724,T8B
84,0,0,1,225,red,3724,T8B
85,0,0,1,225,red,3724,T8B
86,0,0,1,225,red,3724,T8B
87,0,0,1,225,red,3724,T8B
88,0,0,1,225,red,3724,T8B
89,0,0,1,225,red,3724,T8B
90,0,0,1,225,red,3724,T8B
91,0,1,0,225,red,3724,T8B
92,0,1,0,225,red,3724,T8B
93,0,1,0,225,red,3724,T8B
94,0,1,0,225,red,3724,T8B
95,0,1,0,225,red,3724,T8B
96,0,1,0,225,red,3724,T8B
97,0,1,0,225,red,3724,T8B
98,0,1,0,225,red,3724,T8B
99,0,1,0,225,red,3724,T8B
100,0,1,0,225,red,3724,T8B
101,0,1,0,225,red,3724,T8B
102,0,1,0,225,red,3724,T8B
103,0,1,0,225,red,3724,T8B
104,0,1,0,225,red,3724,T8B
105,0,1,0,225,red,3724,T8B
106,0,1,0,225,red,3724,T8B
107,0,1,0,225,red,3724,T8B
108,0,1,0,225,red,3724,T8B
109,0,1,0,225,red,3724,T8B
110,0,1,0,225,red,3724,T8B
111,0,1,0,225,red,3724,T8B
112,0,1,0,225,red,3724,T8B
113,0,1,0,225,red,3724,T8B
114,0,1,0,225,red,3724,T8B
115,0,1,0,225,red,3724,T8B
116,0,1,0,225,red,3724,T8B
117,0,1,0,225,red,3724,T8B
118,0,1,0,225,red,3724,T8B
119,0,1,0,225,red,3724,T8B
120,0,1,0,225,red,3724,T8B
121,0,1,0,225,red,3724,T8B
122,0,1,0,225,red,3724,T8B
123,0,1,0,225,red,3724,T8B
124,0,1,0,225,red,3724,T8B
125,0,1,0,225,red,3724,T8B
126,0,1,0,225,red,3724,T8B
127,0,1,0,225,red,3724,T8B
128,0,1,0,225,red,3724,T8B
129,0,1,0,225,red,3724,T8B
130,0,1,0,225,red,3724,T8B
131,0,1,0,225,red,3724,T8B
132,0,1,0,225,red,3724,T8B
133,0,1,0,225,red,3724,T8B
134,0,1,0,225,red,3724,T8B
135,0,1,0,225,red,3724,T8B
136,0,1,0,225,red,3724,T8B
137,0,1,0,225,red,3724,T8B
138,0,1,0,225,red,3724,T8B
139,0,1,0,225,red,3724,T8B
140,0,1,0,225,red,3724,T8B
141,0,1,0,225,red,3724,T8B
142,0,1,0,225,red,3724,T8B
143,0,1,0,225,red,3724,T8B
144,0,1,0,225,red,3724,T8B
145,0,1,0,225,red,3724,T8B
146,0,1,0,225,red,3724,T8B
147,0,1,0,225,red,3724,T8B
148,0,1,0,225,red,3724,T8B
149,0,1,0,225,red,3724,T8B
150,0,1,0,225,red,3724,T8B
151,0,1,0,225,red,3724,T8B
152,0,1,0,225,red,3724,T8B
153,0,1,0,225,red,3724,T8B
154,0,1,0,225,red,3724,T8B
155,0,1,0,225,red,3724,T8B
156,0,1,0,225,red,3724,T8B
157,0,1,0,225,red,3724,T8B
158,0,1,0,225,red,3724,T8B
159,0,1,0,225,red,3724,T8B
160,0,1,0,225,red,3724,T8B
161,0,1,0,225,red,3724,T8B
162,0,1,0,225,red,3724,T8B
163,0,1,0,225,red,3724,T8B
164,0,1,0,225,red,3724,T8B
165,0,1,0,225,red,3724,T8B
166,0,1,0,225,red,3724,T8B
167,0,1,0,225,red,3724,T8B
168,0,1,0,225,red,3724,T8B
169,0,1,0,225,red,3724,T8B
170,0,1,0,225,red,3724,T8B
171,0,1,0,225,red,3724,T8B
172,0,1,0,225,red,3724,T8B
173,0,1,0,225,red,3724,T8B
174,0,1,0,225,red,3724,T8B
175,0,1,0,225,red,3724,T8B
176,0,1,0,225,red,3724,T8B
177,0,1,0,225,red,3724,T8B
178,0,1,0,225,red,3724,T8B
179,0,1,0,225,red,3724,T8B
180,0,1,0,225,red,3724,T8B
181,0,1,0,225,red,3724,T8B
182,0,1,0,225,red,3724,T8B
183,0,1,0,225,red,3724,T8B
184,0,1,0,225,red,3724,T8B
185,0,1,0,225,red,3724,T8B
186,0,1,0,225,red,3724,T8B
187,0,1,0,225,red,3724,T8B
188,0,1,0,225,red,3724,T8B
189,0,1,0,225,red,3724,T8B
190,0,0,1,225,red,3724,T8B
191,0,0,1,225,red,3724,T8B
192,0,0,1,225,red,3724,T8B
193,0,0,1,225,red,3724,T8B
194,0,0,1,225,red,3724,T8B
195,1,0,0,225,red,3724,T8B
196,1,0,0,225,red,3724,T8B
197,1,0,0,225,red,3724,T8B
198,1,0,0,225,red,3724,T8B
199,1,0,0,225,red,3724,T8B
200,1,0,0,225,red,3724,T8B
201,1,0,0,225,red,3724,T8B
202,1,0,0,225,red,3724,T8B
203,1,0,0,225,red,3724,T8B
204,1,0,0,225,red,3724,T8B
205,1,0,0,225,red,3724,T8B
206,1,0,0,225,red,3724,T8B
207,1,0,0,225,red,3724,T8B
208,1,0,0,225,red,3724,T8B
209,1,0,0,225,red,3724,T8B
210,1,0,0,225,red,3724,T8B
211,1,0,0,225,red,3724,T8B
212,1,0,0,225,red,3724,T8B
213,1,0,0,225,red,3724,T8B
214,1,0,0,225,red,3724,T8B
215,1,0,0,225,red,3724,T8B
216,1,0,0,225,red,3724,T8B
217,1,0,0,225,red,3724,T8B
218,1,0,0,225,red,3724,T8B
219,1,0,0,225,red,3724,T8B
220,1,0,0,225,red,3724,T8B
221,1,0,0,225,red,3724,T8B
222,1,0,0,225,red,3724,T8B
0,0,0,1,226,red,5765,T8B
1,0,0,1,226,red,5765,T8B
2,0,0,1,226,red,5765,T8B
3,0,0,1,226,red,5765,T8B
4,0,0,1,226,red,5765,T8B
5,0,0,1,226,red,5765,T8B
6,0,0,1,226,red,5765,T8B
7,0,0,1,226,red,5765,T8B
8,0,0,1,226,red,5765,T8B
9,0,0,1,226,red,5765,T8B
10,0,0,1,226,red,5765,T8B
11,0,0,1,226,red,5765,T8B
12,0,0,1,226,red,5765,T8B
13,0,0,1,226,red,5765,T8B
14,0,0,1,226,red,5765,T8B
15,0,0,1,226,red,5765,T8B
16,0,0,1,226,red,5765,T8B
17,0,0,1,226,red,5765,T8B
18,0,0,1,226,red,5765,T8B
19,0,0,1,226,red,5765,T8B
20,0,0,1,226,red,5765,T8B
21,0,0,1,226,red,5765,T8B
22,0,0,1,226,red,5765,T8B
23,0,0,1,226,red,5765,T8B
24,0,0,1,226,red,5765,T8B
25,0,0,1,226,red,5765,T8B
26,0,0,1,226,red,5765,T8B
27,0,0,1,226,red,5765,T8B
28,0,0,1,226,red,5765,T8B
29,0,0,1,226,red,5765,T8B
30,0,0,1,226,red,5765,T8B
31,0,0,1,226,red,5765,T8B
32,0,0,1,226,red,5765,T8B
33,0,0,1,226,red,5765,T8B
34,0,0,1,226,red,5765,T8B
35,0,0,1,226,red,5765,T8B
36,0,0,1,226,red,5765,T8B
37,0,1,0,226,red,5765,T8B
38,0,1,0,226,red,5765,T8B
39,0,1,0,226,red,5765,T8B
40,0,1,0,226,red,5765,T8B
41,0,1,0,226,red,5765,T8B
42,0,1,0,226,red,5765,T8B
43,0,1,0,226,red,5765,T8B
44,0,1,0,226,red,5765,T8B
45,0,1,0,226,red,5765,T8B
46,0,1,0,226,red,5765,T8B
47,0,1,0,226,red,5765,T8B
48,0,1,0,226,red,5765,T8B
49,0,1,0,226,red,5765,T8B
50,0,1,0,226,red,5765,T8B
51,0,1,0,226,red,5765,T8B
52,0,1,0,226,red,5765,T8B
53,0,1,0,226,red,5765,T8B
54,0,1,0,226,red,5765,T8B
55,0,1,0,226,red,5765,T8B
56,0,1,0,226,red,5765,T8B
57,0,1,0,226,red,5765,T8B
58,0,1,0,226,red,5765,T8B
59,0,1,0,226,red,5765,T8B
60,0,1,0,226,red,5765,T8B
61,0,1,0,226,red,5765,T8B
62,0,1,0,226,red,5765,T8B
63,0,1,0,226,red,5765,T8B
64,0,1,0,226,red,5765,T8B
65,0,1,0,226,red,5765,T8B
66,0,1,0,226,red,5765,T8B
67,0,1,0,226,red,5765,T8B
68,0,1,0,226,red,5765,T8B
69,0,1,0,226,red,5765,T8B
70,0,1,0,226,red,5765,T8B
71,0,1,0,226,red,5765,T8B
72,0,1,0,226,red,5765,T8B
73,0,1,0,226,red,5765,T8B
74,0,1,0,226,red,5765,T8B
75,0,1,0,226,red,5765,T8B
76,0,1,0,226,red,5765,T8B
77,0,1,0,226,red,5765,T8B
78,0,1,0,226,red,5765,T8B
79,0,1,0,226,red,5765,T8B
80,0,1,0,226,red,5765,T8B
81,0,1,0,226,red,5765,T8B
82,0,1,0,226,red,5765,T8B
83,0,1,0,226,red,5765,T8B
84,0,1,0,226,red,5765,T8B
85,0,1,0,226,red,5765,T8B
86,0,1,0,226,red,5765,T8B
87,0,1,0,226,red,5765,T8B
88,0,1,0,226,red,5765,T8B
89,0,1,0,226,red,5765,T8B
90,0,1,0,226,red,5765,T8B
91,0,1,0,226,red,5765,T8B
92,0,1,0,226,red,5765,T8B
93,0,1,0,226,red,5765,T8B
94,0,1,0,226,red,5765,T8B
95,0,1,0,226,red,5765,T8B
96,0,1,0,226,red,5765,T8B
97,0,1,0,226,red,5765,T8B
98,0,1,0,226,red,5765,T8B
99,0,1,0,226,red,5765,T8B
100,0,1,0,226,red,5765,T8B
101,0,1,0,226,red,5765,T8B
102,0,1,0,226,red,5765,T8B
103,0,1,0,226,red,5765,T8B
104,0,1,0,226,red,5765,T8B
105,0,1,0,226,red,5765,T8B
106,0,1,0,226,red,5765,T8B
107,0,1,0,226,red,5765,T8B
108,0,1,0,226,red,5765,T8B
109,0,1,0,226,red,5765,T8B
110,0,1,0,226,red,5765,T8B
111,0,1,0,226,red,5765,T8B
112,0,1,0,226,red,5765,T8B
113,0,1,0,226,red,5765,T8B
114,0,1,0,226,red,5765,T8B
115,0,1,0,226,red,5765,T8B
116,0,1,0,226,red,5765,T8B
117,0,1,0,226,red,5765,T8B
118,0,1,0,226,red,5765,T8B
119,0,1,0,226,red,5765,T8B
120,0,1,0,226,red,5765,T8B
121,0,1,0,226,red,5765,T8B
122,0,1,0,226,red,5765,T8B
123,0,1,0,226,red,5765,T8B
124,0,1,0,226,red,5765,T8B
125,0,1,0,226,red,5765,T8B
126,0,1,0,226,red,5765,T8B
127,0,1,0,226,red,5765,T8B
128,0,1,0,226,red,5765,T8B
129,0,1,0,226,red,5765,T8B
130,0,1,0,226,red,5765,T8B
131,0,1,0,226,red,5765,T8B
132,0,1,0,226,red,5765,T8B
133,0,1,0,226,red,5765,T8B
134,0,1,0,226,red,5765,T8B
135,0,1,0,226,red,5765,T8B
136,0,1,0,226,red,5765,T8B
137,0,1,0,226,red,5765,T8B
138,0,1,0,226,red,5765,T8B
139,0,1,0,226,red,5765,T8B
140,0,1,0,226,red,5765,T8B
141,0,1,0,226,red,5765,T8B
142,0,1,0,226,red,5765,T8B
143,0,1,0,226,red,5765,T8B
144,0,1,0,226,red,5765,T8B
145,0,1,0,226,red,5765,T8B
146,0,1,0,226,red,5765,T8B
147,0,1,0,226,red,5765,T8B
148,0,1,0,226,red,5765,T8B
149,0,1,0,226,red,5765,T8B
150,0,1,0,226,red,5765,T8B
151,0,0,1,226,red,5765,T8B
152,1,0,0,226,red,5765,T8B
153,1,0,0,226,red,5765,T8B
154,1,0,0,226,red,5765,T8B
155,1,0,0,226,red,5765,T8B
156,1,0,0,226,red,5765,T8B
157,1,0,0,226,red,5765,T8B
158,1,0,0,226,red,5765,T8B
159,1,0,0,226,red,5765,T8B
160,1,0,0,226,red,5765,T8B
161,1,0,0,226,red,5765,T8B
162,1,0,0,226,red,5765,T8B
163,1,0,0,226,red,5765,T8B
164,1,0,0,226,red,5765,T8B
165,1,0,0,226,red,5765,T8B
166,1,0,0,226,red,5765,T8B
167,1,0,0,226,red,5765,T8B
168,1,0,0,226,red,5765,T8B
169,1,0,0,226,red,5765,T8B
170,1,0,0,226,red,5765,T8B
171,1,0,0,226,red,5765,T8B
172,1,0,0,226,red,5765,T8B
173,1,0,0,226,red,5765,T8B
174,1,0,0,226,red,5765,T8B
175,1,0,0,226,red,5765,T8B
176,1,0,0,226,red,5765,T8B
177,1,0,0,226,red,5765,T8B
178,1,0,0,226,red,5765,T8B
179,1,0,0,226,red,5765,T8B
180,1,0,0,226,red,5765,T8B
181,1,0,0,226,red,5765,T8B
182,1,0,0,226,red,5765,T8B
183,1,0,0,226,red,5765,T8B
184,1,0,0,226,red,5765,T8B
185,1,0,0,226,red,5765,T8B
186,1,0,0,226,red,5765,T8B
187,1,0,0,226,red,5765,T8B
188,1,0,0,226,red,5765,T8B
189,1,0,0,226,red,5765,T8B
190,1,0,0,226,red,5765,T8B
191,1,0,0,226,red,5765,T8B
192,1,0,0,226,red,5765,T8B
193,1,0,0,226,red,5765,T8B
194,1,0,0,226,red,5765,T8B
195,1,0,0,226,red,5765,T8B
196,1,0,0,226,red,5765,T8B
197,1,0,0,226,red,5765,T8B
198,1,0,0,226,red,5765,T8B
199,1,0,0,226,red,5765,T8B
200,1,0,0,226,red,5765,T8B
201,1,0,0,226,red,5765,T8B
202,1,0,0,226,red,5765,T8B
203,1,0,0,226,red,5765,T8B
204,1,0,0,226,red,5765,T8B
205,1,0,0,226,red,5765,T8B
206,1,0,0,226,red,5765,T8B
207,1,0,0,226,red,5765,T8B
208,1,0,0,226,red,5765,T8B
209,1,0,0,226,red,5765,T8B
210,1,0,0,226,red,5765,T8B
211,1,0,0,226,red,5765,T8B
212,1,0,0,226,red,5765,T8B
213,1,0,0,226,red,5765,T8B
214,1,0,0,226,red,5765,T8B
215,1,0,0,226,red,5765,T8B
216,1,0,0,226,red,5765,T8B
217,1,0,0,226,red,5765,T8B
218,1,0,0,226,red,5765,T8B
219,1,0,0,226,red,5765,T8B
220,1,0,0,226,red,5765,T8B
221,1,0,0,226,red,5765,T8B
222,1,0,0,226,red,5765,T8B
0,0,0,1,227,red,6505,T8B
1,0,0,1,227,red,6505,T8B
2,0,0,1,227,red,6505,T8B
3,0,0,1,227,red,6505,T8B
4,0,0,1,227,red,6505,T8B
5,0,0,1,227,red,6505,T8B
6,0,0,1,227,red,6505,T8B
7,0,0,1,227,red,6505,T8B
8,0,0,1,227,red,6505,T8B
9,0,0,1,227,red,6505,T8B
10,0,0,1,227,red,6505,T8B
11,0,0,1,227,red,6505,T8B
12,0,0,1,227,red,6505,T8B
13,0,0,1,227,red,6505,T8B
14,0,0,1,227,red,6505,T8B
15,0,0,1,227,red,6505,T8B
16,0,0,1,227,red,6505,T8B
17,0,0,1,227,red,6505,T8B
18,0,0,1,227,red,6505,T8B
19,0,0,1,227,red,6505,T8B
20,0,0,1,227,red,6505,T8B
21,0,0,1,227,red,6505,T8B
22,0,0,1,227,red,6505,T8B
23,0,0,1,227,red,6505,T8B
24,0,0,1,227,red,6505,T8B
25,0,0,1,227,red,6505,T8B
26,0,0,1,227,red,6505,T8B
27,0,0,1,227,red,6505,T8B
28,0,0,1,227,red,6505,T8B
29,0,0,1,227,red,6505,T8B
30,0,0,1,227,red,6505,T8B
31,0,0,1,227,red,6505,T8B
32,0,0,1,227,red,6505,T8B
33,0,0,1,227,red,6505,T8B
34,0,0,1,227,red,6505,T8B
35,0,0,1,227,red,6505,T8B
36,0,0,1,227,red,6505,T8B
37,0,0,1,227,red,6505,T8B
38,0,0,1,227,red,6505,T8B
39,0,0,1,227,red,6505,T8B
40,0,0,1,227,red,6505,T8B
41,0,0,1,227,red,6505,T8B
42,0,0,1,227,red,6505,T8B
43,0,0,1,227,red,6505,T8B
44,0,0,1,227,red,6505,T8B
45,0,0,1,227,red,6505,T8B
46,0,0,1,227,red,6505,T8B
47,0,0,1,227,red,6505,T8B
48,0,0,1,227,red,6505,T8B
49,0,0,1,227,red,6505,T8B
50,0,0,1,227,red,6505,T8B
51,0,0,1,227,red,6505,T8B
52,0,0,1,227,red,6505,T8B
53,0,0,1,227,red,6505,T8B
54,0,0,1,227,red,6505,T8B
55,0,0,1,227,red,6505,T8B
56,0,0,1,227,red,6505,T8B
57,0,0,1,227,red,6505,T8B
58,0,0,1,227,red,6505,T8B
59,0,0,1,227,red,6505,T8B
60,0,0,1,227,red,6505,T8B
61,0,0,1,227,red,6505,T8B
62,0,0,1,227,red,6505,T8B
63,0,0,1,227,red,6505,T8B
64,0,0,1,227,red,6505,T8B
65,0,0,1,227,red,6505,T8B
66,0,0,1,227,red,6505,T8B
67,0,0,1,227,red,6505,T8B
68,0,0,1,227,red,6505,T8B
69,0,0,1,227,red,6505,T8B
70,0,0,1,227,red,6505,T8B
71,0,0,1,227,red,6505,T8B
72,0,0,1,227,red,6505,T8B
73,0,0,1,227,red,6505,T8B
74,0,0,1,227,red,6505,T8B
75,0,0,1,227,red,6505,T8B
76,0,0,1,227,red,6505,T8B
77,0,0,1,227,red,6505,T8B
78,0,0,1,227,red,6505,T8B
79,0,0,1,227,red,6505,T8B
80,0,0,1,227,red,6505,T8B
81,0,0,1,227,red,6505,T8B
82,0,0,1,227,red,6505,T8B
83,0,0,1,227,red,6505,T8B
84,0,0,1,227,red,6505,T8B
85,1,0,0,227,red,6505,T8B
86,1,0,0,227,red,6505,T8B
87,1,0,0,227,red,6505,T8B
88,1,0,0,227,red,6505,T8B
89,1,0,0,227,red,6505,T8B
90,1,0,0,227,red,6505,T8B
91,0,0,1,227,red,6505,T8B
92,0,0,1,227,red,6505,T8B
93,0,0,1,227,red,6505,T8B
94,0,0,1,227,red,6505,T8B
95,0,0,1,227,red,6505,T8B
96,0,0,1,227,red,6505,T8B
97,0,0,1,227,red,6505,T8B
98,0,0,1,227,red,6505,T8B
99,0,0,1,227,red,6505,T8B
100,0,0,1,227,red,6505,T8B
101,0,0,1,227,red,6505,T8B
102,0,0,1,227,red,6505,T8B
103,0,0,1,227,red,6505,T8B
104,0,0,1,227,red,6505,T8B
105,0,0,1,227,red,6505,T8B
106,0,0,1,227,red,6505,T8B
107,0,0,1,227,red,6505,T8B
108,0,0,1,227,red,6505,T8B
109,0,0,1,227,red,6505,T8B
110,0,0,1,227,red,6505,T8B
111,0,0,1,227,red,6505,T8B
112,1,0,0,227,red,6505,T8B
113,1,0,0,227,red,6505,T8B
114,1,0,0,227,red,6505,T8B
115,1,0,0,227,red,6505,T8B
116,1,0,0,227,red,6505,T8B
117,1,0,0,227,red,6505,T8B
118,1,0,0,227,red,6505,T8B
119,1,0,0,227,red,6505,T8B
120,1,0,0,227,red,6505,T8B
121,1,0,0,227,red,6505,T8B
122,1,0,0,227,red,6505,T8B
123,1,0,0,227,red,6505,T8B
124,1,0,0,227,red,6505,T8B
125,1,0,0,227,red,6505,T8B
126,1,0,0,227,red,6505,T8B
127,1,0,0,227,red,6505,T8B
128,1,0,0,227,red,6505,T8B
129,1,0,0,227,red,6505,T8B
130,1,0,0,227,red,6505,T8B
131,1,0,0,227,red,6505,T8B
132,1,0,0,227,red,6505,T8B
133,1,0,0,227,red,6505,T8B
134,1,0,0,227,red,6505,T8B
135,1,0,0,227,red,6505,T8B
136,1,0,0,227,red,6505,T8B
137,1,0,0,227,red,6505,T8B
138,1,0,0,227,red,6505,T8B
139,1,0,0,227,red,6505,T8B
140,1,0,0,227,red,6505,T8B
141,1,0,0,227,red,6505,T8B
142,1,0,0,227,red,6505,T8B
143,1,0,0,227,red,6505,T8B
144,1,0,0,227,red,6505,T8B
145,1,0,0,227,red,6505,T8B
146,1,0,0,227,red,6505,T8B
147,1,0,0,227,red,6505,T8B
148,1,0,0,227,red,6505,T8B
149,1,0,0,227,red,6505,T8B
150,1,0,0,227,red,6505,T8B
151,1,0,0,227,red,6505,T8B
152,1,0,0,227,red,6505,T8B
153,1,0,0,227,red,6505,T8B
154,1,0,0,227,red,6505,T8B
155,1,0,0,227,red,6505,T8B
156,1,0,0,227,red,6505,T8B
157,1,0,0,227,red,6505,T8B
158,1,0,0,227,red,6505,T8B
159,1,0,0,227,red,6505,T8B
160,1,0,0,227,red,6505,T8B
161,1,0,0,227,red,6505,T8B
162,1,0,0,227,red,6505,T8B
163,1,0,0,227,red,6505,T8B
164,1,0,0,227,red,6505,T8B
165,1,0,0,227,red,6505,T8B
166,1,0,0,227,red,6505,T8B
167,1,0,0,227,red,6505,T8B
168,1,0,0,227,red,6505,T8B
169,1,0,0,227,red,6505,T8B
170,1,0,0,227,red,6505,T8B
171,1,0,0,227,red,6505,T8B
172,1,0,0,227,red,6505,T8B
173,1,0,0,227,red,6505,T8B
174,1,0,0,227,red,6505,T8B
175,1,0,0,227,red,6505,T8B
176,1,0,0,227,red,6505,T8B
177,1,0,0,227,red,6505,T8B
178,1,0,0,227,red,6505,T8B
179,1,0,0,227,red,6505,T8B
180,1,0,0,227,red,6505,T8B
181,1,0,0,227,red,6505,T8B
182,1,0,0,227,red,6505,T8B
183,1,0,0,227,red,6505,T8B
184,1,0,0,227,red,6505,T8B
185,1,0,0,227,red,6505,T8B
186,1,0,0,227,red,6505,T8B
187,1,0,0,227,red,6505,T8B
188,1,0,0,227,red,6505,T8B
189,1,0,0,227,red,6505,T8B
190,1,0,0,227,red,6505,T8B
191,1,0,0,227,red,6505,T8B
192,1,0,0,227,red,6505,T8B
193,1,0,0,227,red,6505,T8B
194,1,0,0,227,red,6505,T8B
195,1,0,0,227,red,6505,T8B
196,1,0,0,227,red,6505,T8B
197,1,0,0,227,red,6505,T8B
198,1,0,0,227,red,6505,T8B
199,1,0,0,227,red,6505,T8B
200,1,0,0,227,red,6505,T8B
201,1,0,0,227,red,6505,T8B
202,1,0,0,227,red,6505,T8B
203,1,0,0,227,red,6505,T8B
204,1,0,0,227,red,6505,T8B
205,1,0,0,227,red,6505,T8B
206,1,0,0,227,red,6505,T8B
207,1,0,0,227,red,6505,T8B
208,1,0,0,227,red,6505,T8B
209,1,0,0,227,red,6505,T8B
210,1,0,0,227,red,6505,T8B
211,1,0,0,227,red,6505,T8B
212,1,0,0,227,red,6505,T8B
213,1,0,0,227,red,6505,T8B
214,1,0,0,227,red,6505,T8B
215,1,0,0,227,red,6505,T8B
216,1,0,0,227,red,6505,T8B
217,1,0,0,227,red,6505,T8B
218,1,0,0,227,red,6505,T8B
219,1,0,0,227,red,6505,T8B
220,1,0,0,227,red,6505,T8B
221,1,0,0,227,red,6505,T8B
222,1,0,0,227,red,6505,T8B
0,0,0,1,228,red,3727,T8B
1,0,0,1,228,red,3727,T8B
2,0,0,1,228,red,3727,T8B
3,0,0,1,228,red,3727,T8B
4,0,0,1,228,red,3727,T8B
5,0,0,1,228,red,3727,T8B
6,0,0,1,228,red,3727,T8B
7,0,0,1,228,red,3727,T8B
8,0,0,1,228,red,3727,T8B
9,0,0,1,228,red,3727,T8B
10,0,0,1,228,red,3727,T8B
11,0,0,1,228,red,3727,T8B
12,0,0,1,228,red,3727,T8B
13,0,0,1,228,red,3727,T8B
14,0,0,1,228,red,3727,T8B
15,0,0,1,228,red,3727,T8B
16,0,0,1,228,red,3727,T8B
17,0,0,1,228,red,3727,T8B
18,0,0,1,228,red,3727,T8B
19,0,0,1,228,red,3727,T8B
20,0,0,1,228,red,3727,T8B
21,0,0,1,228,red,3727,T8B
22,0,0,1,228,red,3727,T8B
23,0,0,1,228,red,3727,T8B
24,0,0,1,228,red,3727,T8B
25,0,0,1,228,red,3727,T8B
26,0,0,1,228,red,3727,T8B
27,0,0,1,228,red,3727,T8B
28,0,0,1,228,red,3727,T8B
29,0,0,1,228,red,3727,T8B
30,0,0,1,228,red,3727,T8B
31,0,1,0,228,red,3727,T8B
32,0,1,0,228,red,3727,T8B
33,0,1,0,228,red,3727,T8B
34,0,1,0,228,red,3727,T8B
35,0,1,0,228,red,3727,T8B
36,0,1,0,228,red,3727,T8B
37,0,1,0,228,red,3727,T8B
38,0,1,0,228,red,3727,T8B
39,0,1,0,228,red,3727,T8B
40,0,1,0,228,red,3727,T8B
41,0,1,0,228,red,3727,T8B
42,0,1,0,228,red,3727,T8B
43,0,1,0,228,red,3727,T8B
44,0,1,0,228,red,3727,T8B
45,0,1,0,228,red,3727,T8B
46,0,1,0,228,red,3727,T8B
47,0,1,0,228,red,3727,T8B
48,0,1,0,228,red,3727,T8B
49,0,1,0,228,red,3727,T8B
50,0,1,0,228,red,3727,T8B
51,0,1,0,228,red,3727,T8B
52,0,1,0,228,red,3727,T8B
53,0,1,0,228,red,3727,T8B
54,0,1,0,228,red,3727,T8B
55,0,1,0,228,red,3727,T8B
56,0,1,0,228,red,3727,T8B
57,0,1,0,228,red,3727,T8B
58,0,1,0,228,red,3727,T8B
59,0,1,0,228,red,3727,T8B
60,0,1,0,228,red,3727,T8B
61,0,1,0,228,red,3727,T8B
62,0,1,0,228,red,3727,T8B
63,0,1,0,228,red,3727,T8B
64,0,1,0,228,red,3727,T8B
65,0,1,0,228,red,3727,T8B
66,0,1,0,228,red,3727,T8B
67,0,1,0,228,red,3727,T8B
68,0,1,0,228,red,3727,T8B
69,0,1,0,228,red,3727,T8B
70,0,1,0,228,red,3727,T8B
71,0,1,0,228,red,3727,T8B
72,0,1,0,228,red,3727,T8B
73,0,1,0,228,red,3727,T8B
74,0,1,0,228,red,3727,T8B
75,0,1,0,228,red,3727,T8B
76,0,1,0,228,red,3727,T8B
77,0,1,0,228,red,3727,T8B
78,0,1,0,228,red,3727,T8B
79,0,1,0,228,red,3727,T8B
80,0,1,0,228,red,3727,T8B
81,0,1,0,228,red,3727,T8B
82,0,1,0,228,red,3727,T8B
83,0,1,0,228,red,3727,T8B
84,0,1,0,228,red,3727,T8B
85,0,1,0,228,red,3727,T8B
86,0,1,0,228,red,3727,T8B
87,0,1,0,228,red,3727,T8B
88,0,1,0,228,red,3727,T8B
89,0,1,0,228,red,3727,T8B
90,0,1,0,228,red,3727,T8B
91,0,1,0,228,red,3727,T8B
92,0,1,0,228,red,3727,T8B
93,0,1,0,228,red,3727,T8B
94,0,1,0,228,red,3727,T8B
95,0,1,0,228,red,3727,T8B
96,0,1,0,228,red,3727,T8B
97,0,1,0,228,red,3727,T8B
98,0,1,0,228,red,3727,T8B
99,0,1,0,228,red,3727,T8B
100,0,1,0,228,red,3727,T8B
101,0,1,0,228,red,3727,T8B
102,0,1,0,228,red,3727,T8B
103,0,1,0,228,red,3727,T8B
104,0,1,0,228,red,3727,T8B
105,0,1,0,228,red,3727,T8B
106,0,1,0,228,red,3727,T8B
107,0,1,0,228,red,3727,T8B
108,0,1,0,228,red,3727,T8B
109,0,1,0,228,red,3727,T8B
110,0,1,0,228,red,3727,T8B
111,0,1,0,228,red,3727,T8B
112,0,1,0,228,red,3727,T8B
113,0,1,0,228,red,3727,T8B
114,0,1,0,228,red,3727,T8B
115,0,1,0,228,red,3727,T8B
116,0,1,0,228,red,3727,T8B
117,0,1,0,228,red,3727,T8B
118,0,1,0,228,red,3727,T8B
119,0,1,0,228,red,3727,T8B
120,0,1,0,228,red,3727,T8B
121,0,1,0,228,red,3727,T8B
122,0,1,0,228,red,3727,T8B
123,0,1,0,228,red,3727,T8B
124,0,1,0,228,red,3727,T8B
125,0,1,0,228,red,3727,T8B
126,0,1,0,228,red,3727,T8B
127,0,1,0,228,red,3727,T8B
128,0,1,0,228,red,3727,T8B
129,0,1,0,228,red,3727,T8B
130,0,1,0,228,red,3727,T8B
131,0,1,0,228,red,3727,T8B
132,0,1,0,228,red,3727,T8B
133,0,1,0,228,red,3727,T8B
134,0,1,0,228,red,3727,T8B
135,0,1,0,228,red,3727,T8B
136,0,1,0,228,red,3727,T8B
137,0,1,0,228,red,3727,T8B
138,0,1,0,228,red,3727,T8B
139,0,1,0,228,red,3727,T8B
140,0,1,0,228,red,3727,T8B
141,0,1,0,228,red,3727,T8B
142,0,1,0,228,red,3727,T8B
143,0,1,0,228,red,3727,T8B
144,0,1,0,228,red,3727,T8B
145,0,1,0,228,red,3727,T8B
146,0,1,0,228,red,3727,T8B
147,0,1,0,228,red,3727,T8B
148,0,1,0,228,red,3727,T8B
149,0,1,0,228,red,3727,T8B
150,0,1,0,228,red,3727,T8B
151,0,1,0,228,red,3727,T8B
152,0,1,0,228,red,3727,T8B
153,0,1,0,228,red,3727,T8B
154,0,1,0,228,red,3727,T8B
155,0,1,0,228,red,3727,T8B
156,0,1,0,228,red,3727,T8B
157,0,1,0,228,red,3727,T8B
158,0,1,0,228,red,3727,T8B
159,0,1,0,228,red,3727,T8B
160,0,1,0,228,red,3727,T8B
161,0,1,0,228,red,3727,T8B
162,0,1,0,228,red,3727,T8B
163,0,1,0,228,red,3727,T8B
164,0,1,0,228,red,3727,T8B
165,0,1,0,228,red,3727,T8B
166,0,1,0,228,red,3727,T8B
167,0,1,0,228,red,3727,T8B
168,0,1,0,228,red,3727,T8B
169,0,1,0,228,red,3727,T8B
170,0,1,0,228,red,3727,T8B
171,0,1,0,228,red,3727,T8B
172,0,1,0,228,red,3727,T8B
173,0,1,0,228,red,3727,T8B
174,0,1,0,228,red,3727,T8B
175,1,0,0,228,red,3727,T8B
176,1,0,0,228,red,3727,T8B
177,1,0,0,228,red,3727,T8B
178,1,0,0,228,red,3727,T8B
179,1,0,0,228,red,3727,T8B
180,1,0,0,228,red,3727,T8B
181,1,0,0,228,red,3727,T8B
182,1,0,0,228,red,3727,T8B
183,1,0,0,228,red,3727,T8B
184,1,0,0,228,red,3727,T8B
185,1,0,0,228,red,3727,T8B
186,1,0,0,228,red,3727,T8B
187,1,0,0,228,red,3727,T8B
188,0,0,1,228,red,3727,T8B
189,1,0,0,228,red,3727,T8B
190,1,0,0,228,red,3727,T8B
191,1,0,0,228,red,3727,T8B
192,1,0,0,228,red,3727,T8B
193,1,0,0,228,red,3727,T8B
194,1,0,0,228,red,3727,T8B
195,1,0,0,228,red,3727,T8B
196,1,0,0,228,red,3727,T8B
197,1,0,0,228,red,3727,T8B
198,1,0,0,228,red,3727,T8B
199,1,0,0,228,red,3727,T8B
200,1,0,0,228,red,3727,T8B
201,1,0,0,228,red,3727,T8B
202,1,0,0,228,red,3727,T8B
203,1,0,0,228,red,3727,T8B
204,1,0,0,228,red,3727,T8B
205,1,0,0,228,red,3727,T8B
206,1,0,0,228,red,3727,T8B
207,1,0,0,228,red,3727,T8B
208,1,0,0,228,red,3727,T8B
209,1,0,0,228,red,3727,T8B
210,1,0,0,228,red,3727,T8B
211,1,0,0,228,red,3727,T8B
212,1,0,0,228,red,3727,T8B
213,1,0,0,228,red,3727,T8B
214,1,0,0,228,red,3727,T8B
215,1,0,0,228,red,3727,T8B
216,1,0,0,228,red,3727,T8B
217,1,0,0,228,red,3727,T8B
218,1,0,0,228,red,3727,T8B
219,1,0,0,228,red,3727,T8B
220,1,0,0,228,red,3727,T8B
221,1,0,0,228,red,3727,T8B
222,1,0,0,228,red,3727,T8B
0,0,0,1,230,red,5456,T8B
1,0,0,1,230,red,5456,T8B
2,0,0,1,230,red,5456,T8B
3,0,0,1,230,red,5456,T8B
4,0,0,1,230,red,5456,T8B
5,0,0,1,230,red,5456,T8B
6,0,0,1,230,red,5456,T8B
7,0,0,1,230,red,5456,T8B
8,0,0,1,230,red,5456,T8B
9,0,0,1,230,red,5456,T8B
10,1,0,0,230,red,5456,T8B
11,1,0,0,230,red,5456,T8B
12,1,0,0,230,red,5456,T8B
13,1,0,0,230,red,5456,T8B
14,1,0,0,230,red,5456,T8B
15,1,0,0,230,red,5456,T8B
16,1,0,0,230,red,5456,T8B
17,1,0,0,230,red,5456,T8B
18,1,0,0,230,red,5456,T8B
19,1,0,0,230,red,5456,T8B
20,1,0,0,230,red,5456,T8B
21,0,1,0,230,red,5456,T8B
22,0,1,0,230,red,5456,T8B
23,0,1,0,230,red,5456,T8B
24,0,1,0,230,red,5456,T8B
25,0,1,0,230,red,5456,T8B
26,0,1,0,230,red,5456,T8B
27,0,1,0,230,red,5456,T8B
28,0,1,0,230,red,5456,T8B
29,0,1,0,230,red,5456,T8B
30,0,1,0,230,red,5456,T8B
31,0,1,0,230,red,5456,T8B
32,0,1,0,230,red,5456,T8B
33,0,1,0,230,red,5456,T8B
34,0,1,0,230,red,5456,T8B
35,0,1,0,230,red,5456,T8B
36,0,1,0,230,red,5456,T8B
37,0,1,0,230,red,5456,T8B
38,0,1,0,230,red,5456,T8B
39,0,1,0,230,red,5456,T8B
40,0,1,0,230,red,5456,T8B
41,0,1,0,230,red,5456,T8B
42,0,1,0,230,red,5456,T8B
43,0,1,0,230,red,5456,T8B
44,0,1,0,230,red,5456,T8B
45,0,1,0,230,red,5456,T8B
46,0,1,0,230,red,5456,T8B
47,0,1,0,230,red,5456,T8B
48,0,1,0,230,red,5456,T8B
49,0,1,0,230,red,5456,T8B
50,0,1,0,230,red,5456,T8B
51,0,1,0,230,red,5456,T8B
52,0,1,0,230,red,5456,T8B
53,0,1,0,230,red,5456,T8B
54,0,1,0,230,red,5456,T8B
55,0,1,0,230,red,5456,T8B
56,0,1,0,230,red,5456,T8B
57,0,1,0,230,red,5456,T8B
58,0,1,0,230,red,5456,T8B
59,0,1,0,230,red,5456,T8B
60,0,1,0,230,red,5456,T8B
61,0,1,0,230,red,5456,T8B
62,0,1,0,230,red,5456,T8B
63,0,1,0,230,red,5456,T8B
64,0,1,0,230,red,5456,T8B
65,0,1,0,230,red,5456,T8B
66,0,1,0,230,red,5456,T8B
67,0,1,0,230,red,5456,T8B
68,0,1,0,230,red,5456,T8B
69,0,1,0,230,red,5456,T8B
70,0,1,0,230,red,5456,T8B
71,0,1,0,230,red,5456,T8B
72,0,1,0,230,red,5456,T8B
73,0,1,0,230,red,5456,T8B
74,0,1,0,230,red,5456,T8B
75,0,1,0,230,red,5456,T8B
76,0,1,0,230,red,5456,T8B
77,0,1,0,230,red,5456,T8B
78,0,1,0,230,red,5456,T8B
79,0,1,0,230,red,5456,T8B
80,0,1,0,230,red,5456,T8B
81,0,1,0,230,red,5456,T8B
82,0,1,0,230,red,5456,T8B
83,0,1,0,230,red,5456,T8B
84,0,1,0,230,red,5456,T8B
85,0,1,0,230,red,5456,T8B
86,0,1,0,230,red,5456,T8B
87,0,1,0,230,red,5456,T8B
88,0,1,0,230,red,5456,T8B
89,0,1,0,230,red,5456,T8B
90,0,1,0,230,red,5456,T8B
91,0,1,0,230,red,5456,T8B
92,0,1,0,230,red,5456,T8B
93,0,1,0,230,red,5456,T8B
94,0,1,0,230,red,5456,T8B
95,0,1,0,230,red,5456,T8B
96,0,1,0,230,red,5456,T8B
97,0,1,0,230,red,5456,T8B
98,0,1,0,230,red,5456,T8B
99,0,1,0,230,red,5456,T8B
100,0,1,0,230,red,5456,T8B
101,0,1,0,230,red,5456,T8B
102,0,1,0,230,red,5456,T8B
103,0,1,0,230,red,5456,T8B
104,0,1,0,230,red,5456,T8B
105,0,1,0,230,red,5456,T8B
106,0,1,0,230,red,5456,T8B
107,0,1,0,230,red,5456,T8B
108,0,1,0,230,red,5456,T8B
109,0,1,0,230,red,5456,T8B
110,0,1,0,230,red,5456,T8B
111,0,1,0,230,red,5456,T8B
112,0,1,0,230,red,5456,T8B
113,0,1,0,230,red,5456,T8B
114,0,1,0,230,red,5456,T8B
115,0,1,0,230,red,5456,T8B
116,0,1,0,230,red,5456,T8B
117,0,1,0,230,red,5456,T8B
118,0,1,0,230,red,5456,T8B
119,0,1,0,230,red,5456,T8B
120,0,1,0,230,red,5456,T8B
121,0,1,0,230,red,5456,T8B
122,0,1,0,230,red,5456,T8B
123,0,1,0,230,red,5456,T8B
124,0,1,0,230,red,5456,T8B
125,0,1,0,230,red,5456,T8B
126,0,1,0,230,red,5456,T8B
127,0,1,0,230,red,5456,T8B
128,0,1,0,230,red,5456,T8B
129,0,1,0,230,red,5456,T8B
130,0,1,0,230,red,5456,T8B
131,0,1,0,230,red,5456,T8B
132,0,1,0,230,red,5456,T8B
133,0,1,0,230,red,5456,T8B
134,0,1,0,230,red,5456,T8B
135,0,1,0,230,red,5456,T8B
136,0,1,0,230,red,5456,T8B
137,0,1,0,230,red,5456,T8B
138,0,1,0,230,red,5456,T8B
139,0,1,0,230,red,5456,T8B
140,0,1,0,230,red,5456,T8B
141,0,1,0,230,red,5456,T8B
142,0,1,0,230,red,5456,T8B
143,0,1,0,230,red,5456,T8B
144,0,0,1,230,red,5456,T8B
145,0,0,1,230,red,5456,T8B
146,1,0,0,230,red,5456,T8B
147,1,0,0,230,red,5456,T8B
148,1,0,0,230,red,5456,T8B
149,1,0,0,230,red,5456,T8B
150,1,0,0,230,red,5456,T8B
151,1,0,0,230,red,5456,T8B
152,1,0,0,230,red,5456,T8B
153,1,0,0,230,red,5456,T8B
154,1,0,0,230,red,5456,T8B
155,1,0,0,230,red,5456,T8B
156,1,0,0,230,red,5456,T8B
157,1,0,0,230,red,5456,T8B
158,1,0,0,230,red,5456,T8B
159,1,0,0,230,red,5456,T8B
160,1,0,0,230,red,5456,T8B
161,1,0,0,230,red,5456,T8B
162,1,0,0,230,red,5456,T8B
163,1,0,0,230,red,5456,T8B
164,1,0,0,230,red,5456,T8B
165,1,0,0,230,red,5456,T8B
166,1,0,0,230,red,5456,T8B
167,1,0,0,230,red,5456,T8B
168,1,0,0,230,red,5456,T8B
169,1,0,0,230,red,5456,T8B
170,1,0,0,230,red,5456,T8B
171,1,0,0,230,red,5456,T8B
172,1,0,0,230,red,5456,T8B
173,1,0,0,230,red,5456,T8B
174,1,0,0,230,red,5456,T8B
175,1,0,0,230,red,5456,T8B
176,1,0,0,230,red,5456,T8B
177,1,0,0,230,red,5456,T8B
178,1,0,0,230,red,5456,T8B
179,1,0,0,230,red,5456,T8B
180,1,0,0,230,red,5456,T8B
181,1,0,0,230,red,5456,T8B
182,1,0,0,230,red,5456,T8B
183,1,0,0,230,red,5456,T8B
184,1,0,0,230,red,5456,T8B
185,1,0,0,230,red,5456,T8B
186,1,0,0,230,red,5456,T8B
187,1,0,0,230,red,5456,T8B
188,1,0,0,230,red,5456,T8B
189,1,0,0,230,red,5456,T8B
190,1,0,0,230,red,5456,T8B
191,1,0,0,230,red,5456,T8B
192,1,0,0,230,red,5456,T8B
193,1,0,0,230,red,5456,T8B
194,1,0,0,230,red,5456,T8B
195,1,0,0,230,red,5456,T8B
196,1,0,0,230,red,5456,T8B
197,1,0,0,230,red,5456,T8B
198,1,0,0,230,red,5456,T8B
199,1,0,0,230,red,5456,T8B
200,1,0,0,230,red,5456,T8B
201,1,0,0,230,red,5456,T8B
202,1,0,0,230,red,5456,T8B
203,1,0,0,230,red,5456,T8B
204,1,0,0,230,red,5456,T8B
205,1,0,0,230,red,5456,T8B
206,1,0,0,230,red,5456,T8B
207,1,0,0,230,red,5456,T8B
208,1,0,0,230,red,5456,T8B
209,1,0,0,230,red,5456,T8B
210,1,0,0,230,red,5456,T8B
211,1,0,0,230,red,5456,T8B
212,1,0,0,230,red,5456,T8B
213,1,0,0,230,red,5456,T8B
214,1,0,0,230,red,5456,T8B
215,1,0,0,230,red,5456,T8B
216,1,0,0,230,red,5456,T8B
217,1,0,0,230,red,5456,T8B
218,1,0,0,230,red,5456,T8B
219,1,0,0,230,red,5456,T8B
220,1,0,0,230,red,5456,T8B
221,1,0,0,230,red,5456,T8B
222,1,0,0,230,red,5456,T8B
0,0,0,1,232,red,6434,T8B
1,0,0,1,232,red,6434,T8B
2,0,0,1,232,red,6434,T8B
3,0,0,1,232,red,6434,T8B
4,0,0,1,232,red,6434,T8B
5,0,0,1,232,red,6434,T8B
6,0,0,1,232,red,6434,T8B
7,0,0,1,232,red,6434,T8B
8,0,0,1,232,red,6434,T8B
9,0,0,1,232,red,6434,T8B
10,0,0,1,232,red,6434,T8B
11,0,0,1,232,red,6434,T8B
12,0,0,1,232,red,6434,T8B
13,0,0,1,232,red,6434,T8B
14,0,0,1,232,red,6434,T8B
15,0,0,1,232,red,6434,T8B
16,0,0,1,232,red,6434,T8B
17,0,0,1,232,red,6434,T8B
18,0,0,1,232,red,6434,T8B
19,0,0,1,232,red,6434,T8B
20,0,0,1,232,red,6434,T8B
21,0,1,0,232,red,6434,T8B
22,0,1,0,232,red,6434,T8B
23,0,1,0,232,red,6434,T8B
24,0,1,0,232,red,6434,T8B
25,0,1,0,232,red,6434,T8B
26,0,1,0,232,red,6434,T8B
27,0,1,0,232,red,6434,T8B
28,0,1,0,232,red,6434,T8B
29,0,1,0,232,red,6434,T8B
30,0,1,0,232,red,6434,T8B
31,0,1,0,232,red,6434,T8B
32,0,1,0,232,red,6434,T8B
33,0,1,0,232,red,6434,T8B
34,0,1,0,232,red,6434,T8B
35,0,1,0,232,red,6434,T8B
36,0,1,0,232,red,6434,T8B
37,0,1,0,232,red,6434,T8B
38,0,1,0,232,red,6434,T8B
39,0,1,0,232,red,6434,T8B
40,0,1,0,232,red,6434,T8B
41,0,1,0,232,red,6434,T8B
42,0,1,0,232,red,6434,T8B
43,0,1,0,232,red,6434,T8B
44,0,1,0,232,red,6434,T8B
45,0,1,0,232,red,6434,T8B
46,0,1,0,232,red,6434,T8B
47,0,1,0,232,red,6434,T8B
48,0,1,0,232,red,6434,T8B
49,0,1,0,232,red,6434,T8B
50,0,1,0,232,red,6434,T8B
51,0,1,0,232,red,6434,T8B
52,0,1,0,232,red,6434,T8B
53,0,1,0,232,red,6434,T8B
54,0,1,0,232,red,6434,T8B
55,0,1,0,232,red,6434,T8B
56,0,1,0,232,red,6434,T8B
57,0,1,0,232,red,6434,T8B
58,0,1,0,232,red,6434,T8B
59,0,1,0,232,red,6434,T8B
60,0,1,0,232,red,6434,T8B
61,0,1,0,232,red,6434,T8B
62,0,1,0,232,red,6434,T8B
63,0,1,0,232,red,6434,T8B
64,0,1,0,232,red,6434,T8B
65,0,1,0,232,red,6434,T8B
66,0,1,0,232,red,6434,T8B
67,0,1,0,232,red,6434,T8B
68,0,1,0,232,red,6434,T8B
69,0,1,0,232,red,6434,T8B
70,0,1,0,232,red,6434,T8B
71,0,1,0,232,red,6434,T8B
72,0,1,0,232,red,6434,T8B
73,0,1,0,232,red,6434,T8B
74,0,1,0,232,red,6434,T8B
75,0,1,0,232,red,6434,T8B
76,0,1,0,232,red,6434,T8B
77,0,1,0,232,red,6434,T8B
78,0,1,0,232,red,6434,T8B
79,0,1,0,232,red,6434,T8B
80,0,1,0,232,red,6434,T8B
81,0,1,0,232,red,6434,T8B
82,0,1,0,232,red,6434,T8B
83,0,1,0,232,red,6434,T8B
84,0,1,0,232,red,6434,T8B
85,0,1,0,232,red,6434,T8B
86,0,1,0,232,red,6434,T8B
87,0,1,0,232,red,6434,T8B
88,0,1,0,232,red,6434,T8B
89,0,1,0,232,red,6434,T8B
90,0,1,0,232,red,6434,T8B
91,0,1,0,232,red,6434,T8B
92,0,1,0,232,red,6434,T8B
93,0,1,0,232,red,6434,T8B
94,0,1,0,232,red,6434,T8B
95,0,1,0,232,red,6434,T8B
96,0,1,0,232,red,6434,T8B
97,0,1,0,232,red,6434,T8B
98,0,1,0,232,red,6434,T8B
99,0,1,0,232,red,6434,T8B
100,0,1,0,232,red,6434,T8B
101,0,1,0,232,red,6434,T8B
102,0,1,0,232,red,6434,T8B
103,0,1,0,232,red,6434,T8B
104,0,1,0,232,red,6434,T8B
105,0,1,0,232,red,6434,T8B
106,0,1,0,232,red,6434,T8B
107,0,1,0,232,red,6434,T8B
108,0,1,0,232,red,6434,T8B
109,0,1,0,232,red,6434,T8B
110,0,1,0,232,red,6434,T8B
111,0,1,0,232,red,6434,T8B
112,0,1,0,232,red,6434,T8B
113,0,1,0,232,red,6434,T8B
114,0,1,0,232,red,6434,T8B
115,0,1,0,232,red,6434,T8B
116,0,1,0,232,red,6434,T8B
117,0,1,0,232,red,6434,T8B
118,0,1,0,232,red,6434,T8B
119,0,1,0,232,red,6434,T8B
120,0,1,0,232,red,6434,T8B
121,0,1,0,232,red,6434,T8B
122,0,1,0,232,red,6434,T8B
123,0,1,0,232,red,6434,T8B
124,0,1,0,232,red,6434,T8B
125,0,1,0,232,red,6434,T8B
126,0,1,0,232,red,6434,T8B
127,0,1,0,232,red,6434,T8B
128,0,1,0,232,red,6434,T8B
129,0,1,0,232,red,6434,T8B
130,0,1,0,232,red,6434,T8B
131,0,1,0,232,red,6434,T8B
132,0,1,0,232,red,6434,T8B
133,0,1,0,232,red,6434,T8B
134,0,1,0,232,red,6434,T8B
135,0,1,0,232,red,6434,T8B
136,0,1,0,232,red,6434,T8B
137,0,1,0,232,red,6434,T8B
138,0,1,0,232,red,6434,T8B
139,0,1,0,232,red,6434,T8B
140,0,1,0,232,red,6434,T8B
141,0,1,0,232,red,6434,T8B
142,0,1,0,232,red,6434,T8B
143,0,1,0,232,red,6434,T8B
144,0,1,0,232,red,6434,T8B
145,0,1,0,232,red,6434,T8B
146,0,1,0,232,red,6434,T8B
147,0,1,0,232,red,6434,T8B
148,0,1,0,232,red,6434,T8B
149,0,1,0,232,red,6434,T8B
150,0,1,0,232,red,6434,T8B
151,0,1,0,232,red,6434,T8B
152,0,1,0,232,red,6434,T8B
153,0,1,0,232,red,6434,T8B
154,0,1,0,232,red,6434,T8B
155,0,1,0,232,red,6434,T8B
156,0,1,0,232,red,6434,T8B
157,0,1,0,232,red,6434,T8B
158,0,1,0,232,red,6434,T8B
159,0,1,0,232,red,6434,T8B
160,0,1,0,232,red,6434,T8B
161,0,1,0,232,red,6434,T8B
162,0,1,0,232,red,6434,T8B
163,0,1,0,232,red,6434,T8B
164,0,1,0,232,red,6434,T8B
165,0,1,0,232,red,6434,T8B
166,0,1,0,232,red,6434,T8B
167,0,1,0,232,red,6434,T8B
168,0,1,0,232,red,6434,T8B
169,0,1,0,232,red,6434,T8B
170,0,1,0,232,red,6434,T8B
171,0,1,0,232,red,6434,T8B
172,0,1,0,232,red,6434,T8B
173,0,1,0,232,red,6434,T8B
174,0,1,0,232,red,6434,T8B
175,0,1,0,232,red,6434,T8B
176,0,1,0,232,red,6434,T8B
177,0,1,0,232,red,6434,T8B
178,0,1,0,232,red,6434,T8B
179,0,1,0,232,red,6434,T8B
180,0,1,0,232,red,6434,T8B
181,0,1,0,232,red,6434,T8B
182,0,1,0,232,red,6434,T8B
183,0,1,0,232,red,6434,T8B
184,0,1,0,232,red,6434,T8B
185,0,1,0,232,red,6434,T8B
186,0,1,0,232,red,6434,T8B
187,0,1,0,232,red,6434,T8B
188,0,1,0,232,red,6434,T8B
189,0,1,0,232,red,6434,T8B
190,0,1,0,232,red,6434,T8B
191,0,1,0,232,red,6434,T8B
192,0,1,0,232,red,6434,T8B
193,0,1,0,232,red,6434,T8B
194,0,1,0,232,red,6434,T8B
195,0,1,0,232,red,6434,T8B
196,0,1,0,232,red,6434,T8B
197,0,1,0,232,red,6434,T8B
198,0,1,0,232,red,6434,T8B
199,0,1,0,232,red,6434,T8B
200,0,1,0,232,red,6434,T8B
201,0,1,0,232,red,6434,T8B
202,0,1,0,232,red,6434,T8B
203,0,1,0,232,red,6434,T8B
204,0,1,0,232,red,6434,T8B
205,0,1,0,232,red,6434,T8B
206,0,1,0,232,red,6434,T8B
207,0,1,0,232,red,6434,T8B
208,0,1,0,232,red,6434,T8B
209,1,0,0,232,red,6434,T8B
210,1,0,0,232,red,6434,T8B
211,1,0,0,232,red,6434,T8B
212,1,0,0,232,red,6434,T8B
213,1,0,0,232,red,6434,T8B
214,1,0,0,232,red,6434,T8B
215,1,0,0,232,red,6434,T8B
216,1,0,0,232,red,6434,T8B
217,1,0,0,232,red,6434,T8B
218,1,0,0,232,red,6434,T8B
219,1,0,0,232,red,6434,T8B
220,1,0,0,232,red,6434,T8B
221,1,0,0,232,red,6434,T8B
222,1,0,0,232,red,6434,T8B
0,0,0,1,233,red,4637,T8B
1,0,0,1,233,red,4637,T8B
2,0,0,1,233,red,4637,T8B
3,0,0,1,233,red,4637,T8B
4,0,0,1,233,red,4637,T8B
5,0,0,1,233,red,4637,T8B
6,0,0,1,233,red,4637,T8B
7,0,0,1,233,red,4637,T8B
8,0,0,1,233,red,4637,T8B
9,0,0,1,233,red,4637,T8B
10,0,0,1,233,red,4637,T8B
11,0,0,1,233,red,4637,T8B
12,0,0,1,233,red,4637,T8B
13,0,0,1,233,red,4637,T8B
14,0,0,1,233,red,4637,T8B
15,0,0,1,233,red,4637,T8B
16,0,0,1,233,red,4637,T8B
17,0,0,1,233,red,4637,T8B
18,0,1,0,233,red,4637,T8B
19,0,1,0,233,red,4637,T8B
20,0,1,0,233,red,4637,T8B
21,0,1,0,233,red,4637,T8B
22,0,1,0,233,red,4637,T8B
23,0,1,0,233,red,4637,T8B
24,0,1,0,233,red,4637,T8B
25,0,1,0,233,red,4637,T8B
26,0,1,0,233,red,4637,T8B
27,0,1,0,233,red,4637,T8B
28,0,1,0,233,red,4637,T8B
29,0,1,0,233,red,4637,T8B
30,0,1,0,233,red,4637,T8B
31,0,1,0,233,red,4637,T8B
32,0,1,0,233,red,4637,T8B
33,0,1,0,233,red,4637,T8B
34,0,1,0,233,red,4637,T8B
35,0,1,0,233,red,4637,T8B
36,0,1,0,233,red,4637,T8B
37,0,1,0,233,red,4637,T8B
38,0,1,0,233,red,4637,T8B
39,0,1,0,233,red,4637,T8B
40,0,1,0,233,red,4637,T8B
41,0,1,0,233,red,4637,T8B
42,0,1,0,233,red,4637,T8B
43,0,1,0,233,red,4637,T8B
44,0,1,0,233,red,4637,T8B
45,0,1,0,233,red,4637,T8B
46,0,1,0,233,red,4637,T8B
47,0,1,0,233,red,4637,T8B
48,0,1,0,233,red,4637,T8B
49,0,1,0,233,red,4637,T8B
50,0,1,0,233,red,4637,T8B
51,0,1,0,233,red,4637,T8B
52,0,1,0,233,red,4637,T8B
53,0,1,0,233,red,4637,T8B
54,0,1,0,233,red,4637,T8B
55,0,1,0,233,red,4637,T8B
56,0,1,0,233,red,4637,T8B
57,0,1,0,233,red,4637,T8B
58,0,1,0,233,red,4637,T8B
59,0,0,1,233,red,4637,T8B
60,1,0,0,233,red,4637,T8B
61,1,0,0,233,red,4637,T8B
62,1,0,0,233,red,4637,T8B
63,1,0,0,233,red,4637,T8B
64,1,0,0,233,red,4637,T8B
65,1,0,0,233,red,4637,T8B
66,1,0,0,233,red,4637,T8B
67,1,0,0,233,red,4637,T8B
68,1,0,0,233,red,4637,T8B
69,1,0,0,233,red,4637,T8B
70,1,0,0,233,red,4637,T8B
71,1,0,0,233,red,4637,T8B
72,1,0,0,233,red,4637,T8B
73,1,0,0,233,red,4637,T8B
74,1,0,0,233,red,4637,T8B
75,1,0,0,233,red,4637,T8B
76,1,0,0,233,red,4637,T8B
77,1,0,0,233,red,4637,T8B
78,1,0,0,233,red,4637,T8B
79,1,0,0,233,red,4637,T8B
80,1,0,0,233,red,4637,T8B
81,1,0,0,233,red,4637,T8B
82,1,0,0,233,red,4637,T8B
83,1,0,0,233,red,4637,T8B
84,1,0,0,233,red,4637,T8B
85,1,0,0,233,red,4637,T8B
86,1,0,0,233,red,4637,T8B
87,1,0,0,233,red,4637,T8B
88,1,0,0,233,red,4637,T8B
89,1,0,0,233,red,4637,T8B
90,1,0,0,233,red,4637,T8B
91,1,0,0,233,red,4637,T8B
92,1,0,0,233,red,4637,T8B
93,1,0,0,233,red,4637,T8B
94,1,0,0,233,red,4637,T8B
95,1,0,0,233,red,4637,T8B
96,1,0,0,233,red,4637,T8B
97,1,0,0,233,red,4637,T8B
98,1,0,0,233,red,4637,T8B
99,1,0,0,233,red,4637,T8B
100,1,0,0,233,red,4637,T8B
101,1,0,0,233,red,4637,T8B
102,1,0,0,233,red,4637,T8B
103,1,0,0,233,red,4637,T8B
104,1,0,0,233,red,4637,T8B
105,1,0,0,233,red,4637,T8B
106,1,0,0,233,red,4637,T8B
107,1,0,0,233,red,4637,T8B
108,1,0,0,233,red,4637,T8B
109,1,0,0,233,red,4637,T8B
110,1,0,0,233,red,4637,T8B
111,1,0,0,233,red,4637,T8B
112,1,0,0,233,red,4637,T8B
113,1,0,0,233,red,4637,T8B
114,1,0,0,233,red,4637,T8B
115,1,0,0,233,red,4637,T8B
116,1,0,0,233,red,4637,T8B
117,1,0,0,233,red,4637,T8B
118,1,0,0,233,red,4637,T8B
119,1,0,0,233,red,4637,T8B
120,1,0,0,233,red,4637,T8B
121,1,0,0,233,red,4637,T8B
122,1,0,0,233,red,4637,T8B
123,1,0,0,233,red,4637,T8B
124,1,0,0,233,red,4637,T8B
125,1,0,0,233,red,4637,T8B
126,1,0,0,233,red,4637,T8B
127,1,0,0,233,red,4637,T8B
128,1,0,0,233,red,4637,T8B
129,1,0,0,233,red,4637,T8B
130,1,0,0,233,red,4637,T8B
131,1,0,0,233,red,4637,T8B
132,1,0,0,233,red,4637,T8B
133,1,0,0,233,red,4637,T8B
134,1,0,0,233,red,4637,T8B
135,1,0,0,233,red,4637,T8B
136,1,0,0,233,red,4637,T8B
137,1,0,0,233,red,4637,T8B
138,1,0,0,233,red,4637,T8B
139,1,0,0,233,red,4637,T8B
140,1,0,0,233,red,4637,T8B
141,1,0,0,233,red,4637,T8B
142,1,0,0,233,red,4637,T8B
143,1,0,0,233,red,4637,T8B
144,1,0,0,233,red,4637,T8B
145,1,0,0,233,red,4637,T8B
146,1,0,0,233,red,4637,T8B
147,1,0,0,233,red,4637,T8B
148,1,0,0,233,red,4637,T8B
149,1,0,0,233,red,4637,T8B
150,1,0,0,233,red,4637,T8B
151,1,0,0,233,red,4637,T8B
152,1,0,0,233,red,4637,T8B
153,1,0,0,233,red,4637,T8B
154,1,0,0,233,red,4637,T8B
155,1,0,0,233,red,4637,T8B
156,1,0,0,233,red,4637,T8B
157,1,0,0,233,red,4637,T8B
158,1,0,0,233,red,4637,T8B
159,1,0,0,233,red,4637,T8B
160,1,0,0,233,red,4637,T8B
161,1,0,0,233,red,4637,T8B
162,1,0,0,233,red,4637,T8B
163,1,0,0,233,red,4637,T8B
164,1,0,0,233,red,4637,T8B
165,1,0,0,233,red,4637,T8B
166,1,0,0,233,red,4637,T8B
167,1,0,0,233,red,4637,T8B
168,1,0,0,233,red,4637,T8B
169,1,0,0,233,red,4637,T8B
170,1,0,0,233,red,4637,T8B
171,1,0,0,233,red,4637,T8B
172,1,0,0,233,red,4637,T8B
173,1,0,0,233,red,4637,T8B
174,1,0,0,233,red,4637,T8B
175,1,0,0,233,red,4637,T8B
176,1,0,0,233,red,4637,T8B
177,1,0,0,233,red,4637,T8B
178,1,0,0,233,red,4637,T8B
179,1,0,0,233,red,4637,T8B
180,1,0,0,233,red,4637,T8B
181,1,0,0,233,red,4637,T8B
182,1,0,0,233,red,4637,T8B
183,1,0,0,233,red,4637,T8B
184,1,0,0,233,red,4637,T8B
185,1,0,0,233,red,4637,T8B
186,1,0,0,233,red,4637,T8B
187,1,0,0,233,red,4637,T8B
188,1,0,0,233,red,4637,T8B
189,1,0,0,233,red,4637,T8B
190,1,0,0,233,red,4637,T8B
191,1,0,0,233,red,4637,T8B
192,1,0,0,233,red,4637,T8B
193,1,0,0,233,red,4637,T8B
194,1,0,0,233,red,4637,T8B
195,1,0,0,233,red,4637,T8B
196,1,0,0,233,red,4637,T8B
197,1,0,0,233,red,4637,T8B
198,1,0,0,233,red,4637,T8B
199,1,0,0,233,red,4637,T8B
200,1,0,0,233,red,4637,T8B
201,1,0,0,233,red,4637,T8B
202,1,0,0,233,red,4637,T8B
203,1,0,0,233,red,4637,T8B
204,1,0,0,233,red,4637,T8B
205,1,0,0,233,red,4637,T8B
206,1,0,0,233,red,4637,T8B
207,1,0,0,233,red,4637,T8B
208,1,0,0,233,red,4637,T8B
209,1,0,0,233,red,4637,T8B
210,1,0,0,233,red,4637,T8B
211,1,0,0,233,red,4637,T8B
212,1,0,0,233,red,4637,T8B
213,1,0,0,233,red,4637,T8B
214,1,0,0,233,red,4637,T8B
215,1,0,0,233,red,4637,T8B
216,1,0,0,233,red,4637,T8B
217,1,0,0,233,red,4637,T8B
218,1,0,0,233,red,4637,T8B
219,1,0,0,233,red,4637,T8B
220,1,0,0,233,red,4637,T8B
221,1,0,0,233,red,4637,T8B
222,1,0,0,233,red,4637,T8B
0,0,0,1,234,red,6528,T8B
1,0,0,1,234,red,6528,T8B
2,0,0,1,234,red,6528,T8B
3,0,0,1,234,red,6528,T8B
4,0,0,1,234,red,6528,T8B
5,0,0,1,234,red,6528,T8B
6,0,0,1,234,red,6528,T8B
7,0,0,1,234,red,6528,T8B
8,0,0,1,234,red,6528,T8B
9,0,0,1,234,red,6528,T8B
10,0,0,1,234,red,6528,T8B
11,0,0,1,234,red,6528,T8B
12,0,0,1,234,red,6528,T8B
13,0,0,1,234,red,6528,T8B
14,0,0,1,234,red,6528,T8B
15,0,0,1,234,red,6528,T8B
16,0,0,1,234,red,6528,T8B
17,0,0,1,234,red,6528,T8B
18,0,0,1,234,red,6528,T8B
19,0,0,1,234,red,6528,T8B
20,0,0,1,234,red,6528,T8B
21,0,0,1,234,red,6528,T8B
22,0,0,1,234,red,6528,T8B
23,0,0,1,234,red,6528,T8B
24,0,1,0,234,red,6528,T8B
25,0,1,0,234,red,6528,T8B
26,0,1,0,234,red,6528,T8B
27,0,1,0,234,red,6528,T8B
28,0,1,0,234,red,6528,T8B
29,0,1,0,234,red,6528,T8B
30,0,1,0,234,red,6528,T8B
31,0,1,0,234,red,6528,T8B
32,0,0,1,234,red,6528,T8B
33,0,0,1,234,red,6528,T8B
34,0,0,1,234,red,6528,T8B
35,0,0,1,234,red,6528,T8B
36,0,0,1,234,red,6528,T8B
37,0,0,1,234,red,6528,T8B
38,0,0,1,234,red,6528,T8B
39,0,0,1,234,red,6528,T8B
40,0,0,1,234,red,6528,T8B
41,0,0,1,234,red,6528,T8B
42,0,0,1,234,red,6528,T8B
43,0,0,1,234,red,6528,T8B
44,0,0,1,234,red,6528,T8B
45,0,0,1,234,red,6528,T8B
46,0,0,1,234,red,6528,T8B
47,0,0,1,234,red,6528,T8B
48,0,0,1,234,red,6528,T8B
49,0,0,1,234,red,6528,T8B
50,0,0,1,234,red,6528,T8B
51,0,0,1,234,red,6528,T8B
52,0,0,1,234,red,6528,T8B
53,0,0,1,234,red,6528,T8B
54,0,0,1,234,red,6528,T8B
55,0,0,1,234,red,6528,T8B
56,0,0,1,234,red,6528,T8B
57,0,0,1,234,red,6528,T8B
58,0,0,1,234,red,6528,T8B
59,0,0,1,234,red,6528,T8B
60,0,0,1,234,red,6528,T8B
61,0,0,1,234,red,6528,T8B
62,0,0,1,234,red,6528,T8B
63,1,0,0,234,red,6528,T8B
64,1,0,0,234,red,6528,T8B
65,1,0,0,234,red,6528,T8B
66,1,0,0,234,red,6528,T8B
67,1,0,0,234,red,6528,T8B
68,1,0,0,234,red,6528,T8B
69,1,0,0,234,red,6528,T8B
70,1,0,0,234,red,6528,T8B
71,1,0,0,234,red,6528,T8B
72,1,0,0,234,red,6528,T8B
73,1,0,0,234,red,6528,T8B
74,1,0,0,234,red,6528,T8B
75,1,0,0,234,red,6528,T8B
76,1,0,0,234,red,6528,T8B
77,1,0,0,234,red,6528,T8B
78,1,0,0,234,red,6528,T8B
79,1,0,0,234,red,6528,T8B
80,1,0,0,234,red,6528,T8B
81,1,0,0,234,red,6528,T8B
82,1,0,0,234,red,6528,T8B
83,1,0,0,234,red,6528,T8B
84,1,0,0,234,red,6528,T8B
85,1,0,0,234,red,6528,T8B
86,1,0,0,234,red,6528,T8B
87,1,0,0,234,red,6528,T8B
88,1,0,0,234,red,6528,T8B
89,1,0,0,234,red,6528,T8B
90,1,0,0,234,red,6528,T8B
91,1,0,0,234,red,6528,T8B
92,1,0,0,234,red,6528,T8B
93,1,0,0,234,red,6528,T8B
94,1,0,0,234,red,6528,T8B
95,1,0,0,234,red,6528,T8B
96,1,0,0,234,red,6528,T8B
97,1,0,0,234,red,6528,T8B
98,1,0,0,234,red,6528,T8B
99,1,0,0,234,red,6528,T8B
100,1,0,0,234,red,6528,T8B
101,1,0,0,234,red,6528,T8B
102,1,0,0,234,red,6528,T8B
103,1,0,0,234,red,6528,T8B
104,1,0,0,234,red,6528,T8B
105,1,0,0,234,red,6528,T8B
106,1,0,0,234,red,6528,T8B
107,1,0,0,234,red,6528,T8B
108,1,0,0,234,red,6528,T8B
109,1,0,0,234,red,6528,T8B
110,1,0,0,234,red,6528,T8B
111,1,0,0,234,red,6528,T8B
112,1,0,0,234,red,6528,T8B
113,1,0,0,234,red,6528,T8B
114,1,0,0,234,red,6528,T8B
115,1,0,0,234,red,6528,T8B
116,1,0,0,234,red,6528,T8B
117,1,0,0,234,red,6528,T8B
118,1,0,0,234,red,6528,T8B
119,1,0,0,234,red,6528,T8B
120,1,0,0,234,red,6528,T8B
121,1,0,0,234,red,6528,T8B
122,1,0,0,234,red,6528,T8B
123,1,0,0,234,red,6528,T8B
124,1,0,0,234,red,6528,T8B
125,1,0,0,234,red,6528,T8B
126,1,0,0,234,red,6528,T8B
127,1,0,0,234,red,6528,T8B
128,1,0,0,234,red,6528,T8B
129,1,0,0,234,red,6528,T8B
130,1,0,0,234,red,6528,T8B
131,1,0,0,234,red,6528,T8B
132,1,0,0,234,red,6528,T8B
133,1,0,0,234,red,6528,T8B
134,1,0,0,234,red,6528,T8B
135,1,0,0,234,red,6528,T8B
136,1,0,0,234,red,6528,T8B
137,1,0,0,234,red,6528,T8B
138,1,0,0,234,red,6528,T8B
139,1,0,0,234,red,6528,T8B
140,1,0,0,234,red,6528,T8B
141,1,0,0,234,red,6528,T8B
142,1,0,0,234,red,6528,T8B
143,1,0,0,234,red,6528,T8B
144,1,0,0,234,red,6528,T8B
145,1,0,0,234,red,6528,T8B
146,1,0,0,234,red,6528,T8B
147,1,0,0,234,red,6528,T8B
148,1,0,0,234,red,6528,T8B
149,1,0,0,234,red,6528,T8B
150,1,0,0,234,red,6528,T8B
151,1,0,0,234,red,6528,T8B
152,1,0,0,234,red,6528,T8B
153,1,0,0,234,red,6528,T8B
154,1,0,0,234,red,6528,T8B
155,1,0,0,234,red,6528,T8B
156,1,0,0,234,red,6528,T8B
157,1,0,0,234,red,6528,T8B
158,1,0,0,234,red,6528,T8B
159,1,0,0,234,red,6528,T8B
160,1,0,0,234,red,6528,T8B
161,1,0,0,234,red,6528,T8B
162,1,0,0,234,red,6528,T8B
163,1,0,0,234,red,6528,T8B
164,1,0,0,234,red,6528,T8B
165,1,0,0,234,red,6528,T8B
166,1,0,0,234,red,6528,T8B
167,1,0,0,234,red,6528,T8B
168,1,0,0,234,red,6528,T8B
169,1,0,0,234,red,6528,T8B
170,1,0,0,234,red,6528,T8B
171,1,0,0,234,red,6528,T8B
172,1,0,0,234,red,6528,T8B
173,1,0,0,234,red,6528,T8B
174,1,0,0,234,red,6528,T8B
175,1,0,0,234,red,6528,T8B
176,1,0,0,234,red,6528,T8B
177,1,0,0,234,red,6528,T8B
178,1,0,0,234,red,6528,T8B
179,1,0,0,234,red,6528,T8B
180,1,0,0,234,red,6528,T8B
181,1,0,0,234,red,6528,T8B
182,1,0,0,234,red,6528,T8B
183,1,0,0,234,red,6528,T8B
184,1,0,0,234,red,6528,T8B
185,1,0,0,234,red,6528,T8B
186,1,0,0,234,red,6528,T8B
187,1,0,0,234,red,6528,T8B
188,1,0,0,234,red,6528,T8B
189,1,0,0,234,red,6528,T8B
190,1,0,0,234,red,6528,T8B
191,1,0,0,234,red,6528,T8B
192,1,0,0,234,red,6528,T8B
193,1,0,0,234,red,6528,T8B
194,1,0,0,234,red,6528,T8B
195,1,0,0,234,red,6528,T8B
196,1,0,0,234,red,6528,T8B
197,1,0,0,234,red,6528,T8B
198,1,0,0,234,red,6528,T8B
199,1,0,0,234,red,6528,T8B
200,1,0,0,234,red,6528,T8B
201,1,0,0,234,red,6528,T8B
202,1,0,0,234,red,6528,T8B
203,1,0,0,234,red,6528,T8B
204,1,0,0,234,red,6528,T8B
205,1,0,0,234,red,6528,T8B
206,1,0,0,234,red,6528,T8B
207,1,0,0,234,red,6528,T8B
208,1,0,0,234,red,6528,T8B
209,1,0,0,234,red,6528,T8B
210,1,0,0,234,red,6528,T8B
211,1,0,0,234,red,6528,T8B
212,1,0,0,234,red,6528,T8B
213,1,0,0,234,red,6528,T8B
214,1,0,0,234,red,6528,T8B
215,1,0,0,234,red,6528,T8B
216,1,0,0,234,red,6528,T8B
217,1,0,0,234,red,6528,T8B
218,1,0,0,234,red,6528,T8B
219,1,0,0,234,red,6528,T8B
220,1,0,0,234,red,6528,T8B
221,1,0,0,234,red,6528,T8B
222,1,0,0,234,red,6528,T8B
0,0,0,1,235,red,6329,T8B
1,0,0,1,235,red,6329,T8B
2,0,0,1,235,red,6329,T8B
3,0,0,1,235,red,6329,T8B
4,0,0,1,235,red,6329,T8B
5,0,0,1,235,red,6329,T8B
6,0,0,1,235,red,6329,T8B
7,0,0,1,235,red,6329,T8B
8,0,0,1,235,red,6329,T8B
9,0,0,1,235,red,6329,T8B
10,0,0,1,235,red,6329,T8B
11,0,0,1,235,red,6329,T8B
12,0,0,1,235,red,6329,T8B
13,0,0,1,235,red,6329,T8B
14,0,0,1,235,red,6329,T8B
15,0,0,1,235,red,6329,T8B
16,0,0,1,235,red,6329,T8B
17,0,0,1,235,red,6329,T8B
18,0,0,1,235,red,6329,T8B
19,0,0,1,235,red,6329,T8B
20,0,0,1,235,red,6329,T8B
21,0,0,1,235,red,6329,T8B
22,0,0,1,235,red,6329,T8B
23,0,0,1,235,red,6329,T8B
24,0,0,1,235,red,6329,T8B
25,0,0,1,235,red,6329,T8B
26,0,0,1,235,red,6329,T8B
27,0,0,1,235,red,6329,T8B
28,0,0,1,235,red,6329,T8B
29,0,0,1,235,red,6329,T8B
30,0,0,1,235,red,6329,T8B
31,0,0,1,235,red,6329,T8B
32,0,0,1,235,red,6329,T8B
33,0,0,1,235,red,6329,T8B
34,0,0,1,235,red,6329,T8B
35,0,0,1,235,red,6329,T8B
36,0,0,1,235,red,6329,T8B
37,0,0,1,235,red,6329,T8B
38,0,0,1,235,red,6329,T8B
39,0,0,1,235,red,6329,T8B
40,0,0,1,235,red,6329,T8B
41,0,0,1,235,red,6329,T8B
42,0,0,1,235,red,6329,T8B
43,0,0,1,235,red,6329,T8B
44,0,0,1,235,red,6329,T8B
45,0,0,1,235,red,6329,T8B
46,0,0,1,235,red,6329,T8B
47,0,0,1,235,red,6329,T8B
48,0,0,1,235,red,6329,T8B
49,0,0,1,235,red,6329,T8B
50,0,0,1,235,red,6329,T8B
51,0,0,1,235,red,6329,T8B
52,0,0,1,235,red,6329,T8B
53,0,0,1,235,red,6329,T8B
54,0,0,1,235,red,6329,T8B
55,0,0,1,235,red,6329,T8B
56,0,0,1,235,red,6329,T8B
57,0,0,1,235,red,6329,T8B
58,0,0,1,235,red,6329,T8B
59,0,0,1,235,red,6329,T8B
60,0,0,1,235,red,6329,T8B
61,0,0,1,235,red,6329,T8B
62,0,0,1,235,red,6329,T8B
63,0,0,1,235,red,6329,T8B
64,0,0,1,235,red,6329,T8B
65,0,0,1,235,red,6329,T8B
66,0,0,1,235,red,6329,T8B
67,0,0,1,235,red,6329,T8B
68,0,0,1,235,red,6329,T8B
69,0,0,1,235,red,6329,T8B
70,0,0,1,235,red,6329,T8B
71,0,0,1,235,red,6329,T8B
72,0,0,1,235,red,6329,T8B
73,0,0,1,235,red,6329,T8B
74,0,0,1,235,red,6329,T8B
75,0,0,1,235,red,6329,T8B
76,0,0,1,235,red,6329,T8B
77,0,0,1,235,red,6329,T8B
78,0,0,1,235,red,6329,T8B
79,0,0,1,235,red,6329,T8B
80,0,0,1,235,red,6329,T8B
81,0,0,1,235,red,6329,T8B
82,0,0,1,235,red,6329,T8B
83,0,0,1,235,red,6329,T8B
84,0,0,1,235,red,6329,T8B
85,0,0,1,235,red,6329,T8B
86,0,0,1,235,red,6329,T8B
87,0,0,1,235,red,6329,T8B
88,0,0,1,235,red,6329,T8B
89,0,0,1,235,red,6329,T8B
90,0,0,1,235,red,6329,T8B
91,0,0,1,235,red,6329,T8B
92,0,0,1,235,red,6329,T8B
93,0,0,1,235,red,6329,T8B
94,0,0,1,235,red,6329,T8B
95,1,0,0,235,red,6329,T8B
96,1,0,0,235,red,6329,T8B
97,1,0,0,235,red,6329,T8B
98,1,0,0,235,red,6329,T8B
99,1,0,0,235,red,6329,T8B
100,1,0,0,235,red,6329,T8B
101,1,0,0,235,red,6329,T8B
102,1,0,0,235,red,6329,T8B
103,1,0,0,235,red,6329,T8B
104,1,0,0,235,red,6329,T8B
105,1,0,0,235,red,6329,T8B
106,1,0,0,235,red,6329,T8B
107,1,0,0,235,red,6329,T8B
108,1,0,0,235,red,6329,T8B
109,1,0,0,235,red,6329,T8B
110,1,0,0,235,red,6329,T8B
111,1,0,0,235,red,6329,T8B
112,1,0,0,235,red,6329,T8B
113,1,0,0,235,red,6329,T8B
114,1,0,0,235,red,6329,T8B
115,1,0,0,235,red,6329,T8B
116,1,0,0,235,red,6329,T8B
117,1,0,0,235,red,6329,T8B
118,1,0,0,235,red,6329,T8B
119,1,0,0,235,red,6329,T8B
120,1,0,0,235,red,6329,T8B
121,1,0,0,235,red,6329,T8B
122,1,0,0,235,red,6329,T8B
123,1,0,0,235,red,6329,T8B
124,0,0,1,235,red,6329,T8B
125,0,0,1,235,red,6329,T8B
126,0,0,1,235,red,6329,T8B
127,0,0,1,235,red,6329,T8B
128,0,0,1,235,red,6329,T8B
129,0,0,1,235,red,6329,T8B
130,0,0,1,235,red,6329,T8B
131,0,0,1,235,red,6329,T8B
132,0,0,1,235,red,6329,T8B
133,0,0,1,235,red,6329,T8B
134,0,0,1,235,red,6329,T8B
135,0,0,1,235,red,6329,T8B
136,0,0,1,235,red,6329,T8B
137,0,0,1,235,red,6329,T8B
138,0,0,1,235,red,6329,T8B
139,0,0,1,235,red,6329,T8B
140,0,0,1,235,red,6329,T8B
141,0,0,1,235,red,6329,T8B
142,0,0,1,235,red,6329,T8B
143,0,0,1,235,red,6329,T8B
144,1,0,0,235,red,6329,T8B
145,1,0,0,235,red,6329,T8B
146,1,0,0,235,red,6329,T8B
147,1,0,0,235,red,6329,T8B
148,1,0,0,235,red,6329,T8B
149,1,0,0,235,red,6329,T8B
150,1,0,0,235,red,6329,T8B
151,1,0,0,235,red,6329,T8B
152,1,0,0,235,red,6329,T8B
153,1,0,0,235,red,6329,T8B
154,1,0,0,235,red,6329,T8B
155,1,0,0,235,red,6329,T8B
156,1,0,0,235,red,6329,T8B
157,1,0,0,235,red,6329,T8B
158,1,0,0,235,red,6329,T8B
159,1,0,0,235,red,6329,T8B
160,1,0,0,235,red,6329,T8B
161,1,0,0,235,red,6329,T8B
162,1,0,0,235,red,6329,T8B
163,1,0,0,235,red,6329,T8B
164,1,0,0,235,red,6329,T8B
165,1,0,0,235,red,6329,T8B
166,1,0,0,235,red,6329,T8B
167,1,0,0,235,red,6329,T8B
168,1,0,0,235,red,6329,T8B
169,1,0,0,235,red,6329,T8B
170,1,0,0,235,red,6329,T8B
171,1,0,0,235,red,6329,T8B
172,1,0,0,235,red,6329,T8B
173,1,0,0,235,red,6329,T8B
174,1,0,0,235,red,6329,T8B
175,1,0,0,235,red,6329,T8B
176,1,0,0,235,red,6329,T8B
177,1,0,0,235,red,6329,T8B
178,1,0,0,235,red,6329,T8B
179,1,0,0,235,red,6329,T8B
180,1,0,0,235,red,6329,T8B
181,1,0,0,235,red,6329,T8B
182,1,0,0,235,red,6329,T8B
183,1,0,0,235,red,6329,T8B
184,1,0,0,235,red,6329,T8B
185,1,0,0,235,red,6329,T8B
186,1,0,0,235,red,6329,T8B
187,1,0,0,235,red,6329,T8B
188,1,0,0,235,red,6329,T8B
189,1,0,0,235,red,6329,T8B
190,1,0,0,235,red,6329,T8B
191,1,0,0,235,red,6329,T8B
192,1,0,0,235,red,6329,T8B
193,1,0,0,235,red,6329,T8B
194,1,0,0,235,red,6329,T8B
195,1,0,0,235,red,6329,T8B
196,1,0,0,235,red,6329,T8B
197,1,0,0,235,red,6329,T8B
198,1,0,0,235,red,6329,T8B
199,1,0,0,235,red,6329,T8B
200,1,0,0,235,red,6329,T8B
201,1,0,0,235,red,6329,T8B
202,1,0,0,235,red,6329,T8B
203,1,0,0,235,red,6329,T8B
204,1,0,0,235,red,6329,T8B
205,1,0,0,235,red,6329,T8B
206,1,0,0,235,red,6329,T8B
207,1,0,0,235,red,6329,T8B
208,1,0,0,235,red,6329,T8B
209,1,0,0,235,red,6329,T8B
210,1,0,0,235,red,6329,T8B
211,1,0,0,235,red,6329,T8B
212,1,0,0,235,red,6329,T8B
213,1,0,0,235,red,6329,T8B
214,1,0,0,235,red,6329,T8B
215,1,0,0,235,red,6329,T8B
216,1,0,0,235,red,6329,T8B
217,1,0,0,235,red,6329,T8B
218,1,0,0,235,red,6329,T8B
219,1,0,0,235,red,6329,T8B
220,1,0,0,235,red,6329,T8B
221,1,0,0,235,red,6329,T8B
222,1,0,0,235,red,6329,T8B
0,0,0,1,236,red,4904,T8B
1,0,0,1,236,red,4904,T8B
2,0,0,1,236,red,4904,T8B
3,0,0,1,236,red,4904,T8B
4,0,0,1,236,red,4904,T8B
5,0,0,1,236,red,4904,T8B
6,0,0,1,236,red,4904,T8B
7,0,0,1,236,red,4904,T8B
8,0,0,1,236,red,4904,T8B
9,0,0,1,236,red,4904,T8B
10,0,0,1,236,red,4904,T8B
11,0,0,1,236,red,4904,T8B
12,0,0,1,236,red,4904,T8B
13,0,0,1,236,red,4904,T8B
14,0,0,1,236,red,4904,T8B
15,0,0,1,236,red,4904,T8B
16,0,0,1,236,red,4904,T8B
17,0,0,1,236,red,4904,T8B
18,0,0,1,236,red,4904,T8B
19,0,0,1,236,red,4904,T8B
20,0,0,1,236,red,4904,T8B
21,0,0,1,236,red,4904,T8B
22,0,0,1,236,red,4904,T8B
23,0,0,1,236,red,4904,T8B
24,0,0,1,236,red,4904,T8B
25,0,0,1,236,red,4904,T8B
26,0,0,1,236,red,4904,T8B
27,0,0,1,236,red,4904,T8B
28,0,0,1,236,red,4904,T8B
29,0,0,1,236,red,4904,T8B
30,0,0,1,236,red,4904,T8B
31,0,0,1,236,red,4904,T8B
32,0,0,1,236,red,4904,T8B
33,0,0,1,236,red,4904,T8B
34,0,0,1,236,red,4904,T8B
35,0,0,1,236,red,4904,T8B
36,0,0,1,236,red,4904,T8B
37,0,0,1,236,red,4904,T8B
38,0,0,1,236,red,4904,T8B
39,0,0,1,236,red,4904,T8B
40,0,0,1,236,red,4904,T8B
41,0,0,1,236,red,4904,T8B
42,0,0,1,236,red,4904,T8B
43,0,0,1,236,red,4904,T8B
44,0,0,1,236,red,4904,T8B
45,0,0,1,236,red,4904,T8B
46,0,0,1,236,red,4904,T8B
47,0,0,1,236,red,4904,T8B
48,0,0,1,236,red,4904,T8B
49,0,0,1,236,red,4904,T8B
50,0,0,1,236,red,4904,T8B
51,0,0,1,236,red,4904,T8B
52,0,0,1,236,red,4904,T8B
53,0,0,1,236,red,4904,T8B
54,0,0,1,236,red,4904,T8B
55,0,0,1,236,red,4904,T8B
56,0,0,1,236,red,4904,T8B
57,0,1,0,236,red,4904,T8B
58,0,1,0,236,red,4904,T8B
59,0,1,0,236,red,4904,T8B
60,0,1,0,236,red,4904,T8B
61,0,1,0,236,red,4904,T8B
62,0,1,0,236,red,4904,T8B
63,0,1,0,236,red,4904,T8B
64,0,1,0,236,red,4904,T8B
65,0,1,0,236,red,4904,T8B
66,0,1,0,236,red,4904,T8B
67,0,1,0,236,red,4904,T8B
68,0,1,0,236,red,4904,T8B
69,0,1,0,236,red,4904,T8B
70,0,1,0,236,red,4904,T8B
71,1,0,0,236,red,4904,T8B
72,1,0,0,236,red,4904,T8B
73,1,0,0,236,red,4904,T8B
74,1,0,0,236,red,4904,T8B
75,1,0,0,236,red,4904,T8B
76,1,0,0,236,red,4904,T8B
77,1,0,0,236,red,4904,T8B
78,1,0,0,236,red,4904,T8B
79,1,0,0,236,red,4904,T8B
80,1,0,0,236,red,4904,T8B
81,1,0,0,236,red,4904,T8B
82,1,0,0,236,red,4904,T8B
83,1,0,0,236,red,4904,T8B
84,1,0,0,236,red,4904,T8B
85,1,0,0,236,red,4904,T8B
86,1,0,0,236,red,4904,T8B
87,1,0,0,236,red,4904,T8B
88,1,0,0,236,red,4904,T8B
89,1,0,0,236,red,4904,T8B
90,1,0,0,236,red,4904,T8B
91,1,0,0,236,red,4904,T8B
92,1,0,0,236,red,4904,T8B
93,1,0,0,236,red,4904,T8B
94,1,0,0,236,red,4904,T8B
95,1,0,0,236,red,4904,T8B
96,1,0,0,236,red,4904,T8B
97,1,0,0,236,red,4904,T8B
98,1,0,0,236,red,4904,T8B
99,1,0,0,236,red,4904,T8B
100,1,0,0,236,red,4904,T8B
101,1,0,0,236,red,4904,T8B
102,1,0,0,236,red,4904,T8B
103,1,0,0,236,red,4904,T8B
104,1,0,0,236,red,4904,T8B
105,1,0,0,236,red,4904,T8B
106,1,0,0,236,red,4904,T8B
107,1,0,0,236,red,4904,T8B
108,1,0,0,236,red,4904,T8B
109,1,0,0,236,red,4904,T8B
110,1,0,0,236,red,4904,T8B
111,1,0,0,236,red,4904,T8B
112,1,0,0,236,red,4904,T8B
113,1,0,0,236,red,4904,T8B
114,1,0,0,236,red,4904,T8B
115,1,0,0,236,red,4904,T8B
116,1,0,0,236,red,4904,T8B
117,1,0,0,236,red,4904,T8B
118,1,0,0,236,red,4904,T8B
119,1,0,0,236,red,4904,T8B
120,1,0,0,236,red,4904,T8B
121,1,0,0,236,red,4904,T8B
122,1,0,0,236,red,4904,T8B
123,1,0,0,236,red,4904,T8B
124,1,0,0,236,red,4904,T8B
125,1,0,0,236,red,4904,T8B
126,1,0,0,236,red,4904,T8B
127,1,0,0,236,red,4904,T8B
128,1,0,0,236,red,4904,T8B
129,1,0,0,236,red,4904,T8B
130,1,0,0,236,red,4904,T8B
131,1,0,0,236,red,4904,T8B
132,1,0,0,236,red,4904,T8B
133,1,0,0,236,red,4904,T8B
134,1,0,0,236,red,4904,T8B
135,1,0,0,236,red,4904,T8B
136,1,0,0,236,red,4904,T8B
137,1,0,0,236,red,4904,T8B
138,1,0,0,236,red,4904,T8B
139,1,0,0,236,red,4904,T8B
140,1,0,0,236,red,4904,T8B
141,1,0,0,236,red,4904,T8B
142,1,0,0,236,red,4904,T8B
143,1,0,0,236,red,4904,T8B
144,1,0,0,236,red,4904,T8B
145,1,0,0,236,red,4904,T8B
146,1,0,0,236,red,4904,T8B
147,1,0,0,236,red,4904,T8B
148,1,0,0,236,red,4904,T8B
149,1,0,0,236,red,4904,T8B
150,1,0,0,236,red,4904,T8B
151,1,0,0,236,red,4904,T8B
152,1,0,0,236,red,4904,T8B
153,1,0,0,236,red,4904,T8B
154,1,0,0,236,red,4904,T8B
155,1,0,0,236,red,4904,T8B
156,1,0,0,236,red,4904,T8B
157,0,0,1,236,red,4904,T8B
158,0,0,1,236,red,4904,T8B
159,0,1,0,236,red,4904,T8B
160,0,1,0,236,red,4904,T8B
161,0,1,0,236,red,4904,T8B
162,0,1,0,236,red,4904,T8B
163,0,1,0,236,red,4904,T8B
164,0,1,0,236,red,4904,T8B
165,0,1,0,236,red,4904,T8B
166,0,1,0,236,red,4904,T8B
167,0,1,0,236,red,4904,T8B
168,0,1,0,236,red,4904,T8B
169,0,1,0,236,red,4904,T8B
170,0,1,0,236,red,4904,T8B
171,0,1,0,236,red,4904,T8B
172,0,1,0,236,red,4904,T8B
173,0,1,0,236,red,4904,T8B
174,0,1,0,236,red,4904,T8B
175,0,1,0,236,red,4904,T8B
176,0,1,0,236,red,4904,T8B
177,0,1,0,236,red,4904,T8B
178,0,1,0,236,red,4904,T8B
179,0,1,0,236,red,4904,T8B
180,0,1,0,236,red,4904,T8B
181,0,1,0,236,red,4904,T8B
182,0,1,0,236,red,4904,T8B
183,0,1,0,236,red,4904,T8B
184,0,1,0,236,red,4904,T8B
185,0,0,1,236,red,4904,T8B
186,1,0,0,236,red,4904,T8B
187,1,0,0,236,red,4904,T8B
188,1,0,0,236,red,4904,T8B
189,1,0,0,236,red,4904,T8B
190,1,0,0,236,red,4904,T8B
191,1,0,0,236,red,4904,T8B
192,1,0,0,236,red,4904,T8B
193,1,0,0,236,red,4904,T8B
194,1,0,0,236,red,4904,T8B
195,1,0,0,236,red,4904,T8B
196,1,0,0,236,red,4904,T8B
197,1,0,0,236,red,4904,T8B
198,1,0,0,236,red,4904,T8B
199,1,0,0,236,red,4904,T8B
200,1,0,0,236,red,4904,T8B
201,1,0,0,236,red,4904,T8B
202,1,0,0,236,red,4904,T8B
203,1,0,0,236,red,4904,T8B
204,1,0,0,236,red,4904,T8B
205,1,0,0,236,red,4904,T8B
206,1,0,0,236,red,4904,T8B
207,1,0,0,236,red,4904,T8B
208,1,0,0,236,red,4904,T8B
209,1,0,0,236,red,4904,T8B
210,1,0,0,236,red,4904,T8B
211,1,0,0,236,red,4904,T8B
212,1,0,0,236,red,4904,T8B
213,1,0,0,236,red,4904,T8B
214,1,0,0,236,red,4904,T8B
215,1,0,0,236,red,4904,T8B
216,1,0,0,236,red,4904,T8B
217,1,0,0,236,red,4904,T8B
218,1,0,0,236,red,4904,T8B
219,1,0,0,236,red,4904,T8B
220,1,0,0,236,red,4904,T8B
221,1,0,0,236,red,4904,T8B
222,1,0,0,236,red,4904,T8B
0,0,1,0,237,red,4280,T8B
1,0,1,0,237,red,4280,T8B
2,0,1,0,237,red,4280,T8B
3,0,1,0,237,red,4280,T8B
4,0,1,0,237,red,4280,T8B
5,0,1,0,237,red,4280,T8B
6,0,1,0,237,red,4280,T8B
7,0,1,0,237,red,4280,T8B
8,0,1,0,237,red,4280,T8B
9,0,1,0,237,red,4280,T8B
10,0,1,0,237,red,4280,T8B
11,0,1,0,237,red,4280,T8B
12,0,1,0,237,red,4280,T8B
13,0,1,0,237,red,4280,T8B
14,0,1,0,237,red,4280,T8B
15,0,1,0,237,red,4280,T8B
16,0,1,0,237,red,4280,T8B
17,0,1,0,237,red,4280,T8B
18,0,1,0,237,red,4280,T8B
19,0,1,0,237,red,4280,T8B
20,0,1,0,237,red,4280,T8B
21,0,1,0,237,red,4280,T8B
22,0,1,0,237,red,4280,T8B
23,0,1,0,237,red,4280,T8B
24,0,1,0,237,red,4280,T8B
25,0,1,0,237,red,4280,T8B
26,0,1,0,237,red,4280,T8B
27,0,1,0,237,red,4280,T8B
28,0,1,0,237,red,4280,T8B
29,0,1,0,237,red,4280,T8B
30,0,1,0,237,red,4280,T8B
31,0,1,0,237,red,4280,T8B
32,0,1,0,237,red,4280,T8B
33,0,1,0,237,red,4280,T8B
34,0,1,0,237,red,4280,T8B
35,0,1,0,237,red,4280,T8B
36,0,1,0,237,red,4280,T8B
37,0,1,0,237,red,4280,T8B
38,0,1,0,237,red,4280,T8B
39,0,1,0,237,red,4280,T8B
40,0,1,0,237,red,4280,T8B
41,0,1,0,237,red,4280,T8B
42,0,1,0,237,red,4280,T8B
43,0,1,0,237,red,4280,T8B
44,0,1,0,237,red,4280,T8B
45,0,1,0,237,red,4280,T8B
46,0,1,0,237,red,4280,T8B
47,0,1,0,237,red,4280,T8B
48,0,1,0,237,red,4280,T8B
49,0,1,0,237,red,4280,T8B
50,0,1,0,237,red,4280,T8B
51,0,1,0,237,red,4280,T8B
52,0,1,0,237,red,4280,T8B
53,0,1,0,237,red,4280,T8B
54,0,1,0,237,red,4280,T8B
55,0,1,0,237,red,4280,T8B
56,0,1,0,237,red,4280,T8B
57,0,1,0,237,red,4280,T8B
58,0,1,0,237,red,4280,T8B
59,0,1,0,237,red,4280,T8B
60,0,1,0,237,red,4280,T8B
61,0,1,0,237,red,4280,T8B
62,0,1,0,237,red,4280,T8B
63,0,1,0,237,red,4280,T8B
64,0,1,0,237,red,4280,T8B
65,0,1,0,237,red,4280,T8B
66,0,1,0,237,red,4280,T8B
67,0,1,0,237,red,4280,T8B
68,0,1,0,237,red,4280,T8B
69,0,1,0,237,red,4280,T8B
70,0,1,0,237,red,4280,T8B
71,0,1,0,237,red,4280,T8B
72,0,1,0,237,red,4280,T8B
73,0,1,0,237,red,4280,T8B
74,0,1,0,237,red,4280,T8B
75,0,1,0,237,red,4280,T8B
76,0,1,0,237,red,4280,T8B
77,0,1,0,237,red,4280,T8B
78,0,1,0,237,red,4280,T8B
79,0,1,0,237,red,4280,T8B
80,0,1,0,237,red,4280,T8B
81,0,1,0,237,red,4280,T8B
82,0,1,0,237,red,4280,T8B
83,0,1,0,237,red,4280,T8B
84,0,1,0,237,red,4280,T8B
85,0,1,0,237,red,4280,T8B
86,0,1,0,237,red,4280,T8B
87,0,1,0,237,red,4280,T8B
88,0,1,0,237,red,4280,T8B
89,0,1,0,237,red,4280,T8B
90,0,1,0,237,red,4280,T8B
91,0,1,0,237,red,4280,T8B
92,0,1,0,237,red,4280,T8B
93,0,1,0,237,red,4280,T8B
94,0,1,0,237,red,4280,T8B
95,0,1,0,237,red,4280,T8B
96,0,1,0,237,red,4280,T8B
97,0,1,0,237,red,4280,T8B
98,0,1,0,237,red,4280,T8B
99,0,1,0,237,red,4280,T8B
100,0,1,0,237,red,4280,T8B
101,0,1,0,237,red,4280,T8B
102,0,1,0,237,red,4280,T8B
103,0,1,0,237,red,4280,T8B
104,0,1,0,237,red,4280,T8B
105,0,1,0,237,red,4280,T8B
106,0,1,0,237,red,4280,T8B
107,0,1,0,237,red,4280,T8B
108,0,1,0,237,red,4280,T8B
109,0,1,0,237,red,4280,T8B
110,0,1,0,237,red,4280,T8B
111,0,1,0,237,red,4280,T8B
112,0,1,0,237,red,4280,T8B
113,0,1,0,237,red,4280,T8B
114,0,1,0,237,red,4280,T8B
115,0,1,0,237,red,4280,T8B
116,0,1,0,237,red,4280,T8B
117,0,1,0,237,red,4280,T8B
118,0,1,0,237,red,4280,T8B
119,0,1,0,237,red,4280,T8B
120,0,1,0,237,red,4280,T8B
121,0,1,0,237,red,4280,T8B
122,0,1,0,237,red,4280,T8B
123,0,1,0,237,red,4280,T8B
124,0,1,0,237,red,4280,T8B
125,0,1,0,237,red,4280,T8B
126,0,1,0,237,red,4280,T8B
127,0,1,0,237,red,4280,T8B
128,0,1,0,237,red,4280,T8B
129,0,1,0,237,red,4280,T8B
130,0,1,0,237,red,4280,T8B
131,0,1,0,237,red,4280,T8B
132,0,1,0,237,red,4280,T8B
133,0,1,0,237,red,4280,T8B
134,0,1,0,237,red,4280,T8B
135,0,1,0,237,red,4280,T8B
136,0,1,0,237,red,4280,T8B
137,0,1,0,237,red,4280,T8B
138,0,1,0,237,red,4280,T8B
139,0,1,0,237,red,4280,T8B
140,0,1,0,237,red,4280,T8B
141,0,1,0,237,red,4280,T8B
142,0,1,0,237,red,4280,T8B
143,0,1,0,237,red,4280,T8B
144,0,1,0,237,red,4280,T8B
145,0,1,0,237,red,4280,T8B
146,0,1,0,237,red,4280,T8B
147,0,1,0,237,red,4280,T8B
148,0,1,0,237,red,4280,T8B
149,0,1,0,237,red,4280,T8B
150,0,1,0,237,red,4280,T8B
151,0,1,0,237,red,4280,T8B
152,0,1,0,237,red,4280,T8B
153,0,1,0,237,red,4280,T8B
154,0,1,0,237,red,4280,T8B
155,0,1,0,237,red,4280,T8B
156,0,1,0,237,red,4280,T8B
157,0,1,0,237,red,4280,T8B
158,0,1,0,237,red,4280,T8B
159,0,1,0,237,red,4280,T8B
160,0,1,0,237,red,4280,T8B
161,0,1,0,237,red,4280,T8B
162,0,1,0,237,red,4280,T8B
163,0,1,0,237,red,4280,T8B
164,0,1,0,237,red,4280,T8B
165,0,1,0,237,red,4280,T8B
166,0,1,0,237,red,4280,T8B
167,0,1,0,237,red,4280,T8B
168,0,1,0,237,red,4280,T8B
169,0,1,0,237,red,4280,T8B
170,0,1,0,237,red,4280,T8B
171,0,1,0,237,red,4280,T8B
172,0,0,1,237,red,4280,T8B
173,1,0,0,237,red,4280,T8B
174,1,0,0,237,red,4280,T8B
175,1,0,0,237,red,4280,T8B
176,1,0,0,237,red,4280,T8B
177,1,0,0,237,red,4280,T8B
178,1,0,0,237,red,4280,T8B
179,1,0,0,237,red,4280,T8B
180,1,0,0,237,red,4280,T8B
181,1,0,0,237,red,4280,T8B
182,1,0,0,237,red,4280,T8B
183,1,0,0,237,red,4280,T8B
184,1,0,0,237,red,4280,T8B
185,1,0,0,237,red,4280,T8B
186,1,0,0,237,red,4280,T8B
187,1,0,0,237,red,4280,T8B
188,1,0,0,237,red,4280,T8B
189,1,0,0,237,red,4280,T8B
190,1,0,0,237,red,4280,T8B
191,1,0,0,237,red,4280,T8B
192,1,0,0,237,red,4280,T8B
193,1,0,0,237,red,4280,T8B
194,1,0,0,237,red,4280,T8B
195,1,0,0,237,red,4280,T8B
196,1,0,0,237,red,4280,T8B
197,1,0,0,237,red,4280,T8B
198,1,0,0,237,red,4280,T8B
199,1,0,0,237,red,4280,T8B
200,1,0,0,237,red,4280,T8B
201,1,0,0,237,red,4280,T8B
202,1,0,0,237,red,4280,T8B
203,1,0,0,237,red,4280,T8B
204,1,0,0,237,red,4280,T8B
205,1,0,0,237,red,4280,T8B
206,1,0,0,237,red,4280,T8B
207,1,0,0,237,red,4280,T8B
208,1,0,0,237,red,4280,T8B
209,1,0,0,237,red,4280,T8B
210,1,0,0,237,red,4280,T8B
211,1,0,0,237,red,4280,T8B
212,1,0,0,237,red,4280,T8B
213,1,0,0,237,red,4280,T8B
214,1,0,0,237,red,4280,T8B
215,1,0,0,237,red,4280,T8B
216,1,0,0,237,red,4280,T8B
217,1,0,0,237,red,4280,T8B
218,1,0,0,237,red,4280,T8B
219,1,0,0,237,red,4280,T8B
220,1,0,0,237,red,4280,T8B
221,1,0,0,237,red,4280,T8B
222,1,0,0,237,red,4280,T8B
0,0,0,1,238,red,5192,T8B
1,0,0,1,238,red,5192,T8B
2,0,0,1,238,red,5192,T8B
3,0,0,1,238,red,5192,T8B
4,0,0,1,238,red,5192,T8B
5,0,0,1,238,red,5192,T8B
6,0,0,1,238,red,5192,T8B
7,0,0,1,238,red,5192,T8B
8,0,0,1,238,red,5192,T8B
9,0,0,1,238,red,5192,T8B
10,0,0,1,238,red,5192,T8B
11,0,0,1,238,red,5192,T8B
12,0,0,1,238,red,5192,T8B
13,0,0,1,238,red,5192,T8B
14,0,0,1,238,red,5192,T8B
15,0,0,1,238,red,5192,T8B
16,0,0,1,238,red,5192,T8B
17,0,0,1,238,red,5192,T8B
18,0,0,1,238,red,5192,T8B
19,0,0,1,238,red,5192,T8B
20,0,0,1,238,red,5192,T8B
21,0,0,1,238,red,5192,T8B
22,0,0,1,238,red,5192,T8B
23,0,0,1,238,red,5192,T8B
24,0,0,1,238,red,5192,T8B
25,0,0,1,238,red,5192,T8B
26,0,0,1,238,red,5192,T8B
27,0,0,1,238,red,5192,T8B
28,0,0,1,238,red,5192,T8B
29,0,0,1,238,red,5192,T8B
30,0,0,1,238,red,5192,T8B
31,0,0,1,238,red,5192,T8B
32,0,0,1,238,red,5192,T8B
33,0,0,1,238,red,5192,T8B
34,0,0,1,238,red,5192,T8B
35,0,0,1,238,red,5192,T8B
36,0,0,1,238,red,5192,T8B
37,0,0,1,238,red,5192,T8B
38,0,0,1,238,red,5192,T8B
39,0,0,1,238,red,5192,T8B
40,0,0,1,238,red,5192,T8B
41,0,0,1,238,red,5192,T8B
42,0,0,1,238,red,5192,T8B
43,0,0,1,238,red,5192,T8B
44,0,0,1,238,red,5192,T8B
45,0,0,1,238,red,5192,T8B
46,0,0,1,238,red,5192,T8B
47,0,0,1,238,red,5192,T8B
48,0,0,1,238,red,5192,T8B
49,0,0,1,238,red,5192,T8B
50,0,0,1,238,red,5192,T8B
51,0,0,1,238,red,5192,T8B
52,0,0,1,238,red,5192,T8B
53,0,0,1,238,red,5192,T8B
54,0,0,1,238,red,5192,T8B
55,0,0,1,238,red,5192,T8B
56,0,0,1,238,red,5192,T8B
57,0,0,1,238,red,5192,T8B
58,0,0,1,238,red,5192,T8B
59,0,0,1,238,red,5192,T8B
60,0,0,1,238,red,5192,T8B
61,0,0,1,238,red,5192,T8B
62,0,0,1,238,red,5192,T8B
63,0,0,1,238,red,5192,T8B
64,0,0,1,238,red,5192,T8B
65,0,0,1,238,red,5192,T8B
66,0,0,1,238,red,5192,T8B
67,0,0,1,238,red,5192,T8B
68,0,0,1,238,red,5192,T8B
69,0,0,1,238,red,5192,T8B
70,0,0,1,238,red,5192,T8B
71,0,0,1,238,red,5192,T8B
72,0,0,1,238,red,5192,T8B
73,0,0,1,238,red,5192,T8B
74,0,0,1,238,red,5192,T8B
75,0,0,1,238,red,5192,T8B
76,0,0,1,238,red,5192,T8B
77,0,0,1,238,red,5192,T8B
78,0,0,1,238,red,5192,T8B
79,0,0,1,238,red,5192,T8B
80,0,0,1,238,red,5192,T8B
81,0,1,0,238,red,5192,T8B
82,0,1,0,238,red,5192,T8B
83,0,1,0,238,red,5192,T8B
84,0,1,0,238,red,5192,T8B
85,0,1,0,238,red,5192,T8B
86,0,1,0,238,red,5192,T8B
87,0,1,0,238,red,5192,T8B
88,0,1,0,238,red,5192,T8B
89,0,1,0,238,red,5192,T8B
90,0,1,0,238,red,5192,T8B
91,0,1,0,238,red,5192,T8B
92,0,1,0,238,red,5192,T8B
93,0,1,0,238,red,5192,T8B
94,0,1,0,238,red,5192,T8B
95,0,1,0,238,red,5192,T8B
96,0,1,0,238,red,5192,T8B
97,0,1,0,238,red,5192,T8B
98,0,1,0,238,red,5192,T8B
99,0,1,0,238,red,5192,T8B
100,0,1,0,238,red,5192,T8B
101,0,1,0,238,red,5192,T8B
102,0,1,0,238,red,5192,T8B
103,0,1,0,238,red,5192,T8B
104,0,1,0,238,red,5192,T8B
105,0,1,0,238,red,5192,T8B
106,0,1,0,238,red,5192,T8B
107,0,1,0,238,red,5192,T8B
108,0,1,0,238,red,5192,T8B
109,0,1,0,238,red,5192,T8B
110,0,1,0,238,red,5192,T8B
111,0,1,0,238,red,5192,T8B
112,0,1,0,238,red,5192,T8B
113,0,1,0,238,red,5192,T8B
114,0,1,0,238,red,5192,T8B
115,0,1,0,238,red,5192,T8B
116,0,1,0,238,red,5192,T8B
117,0,1,0,238,red,5192,T8B
118,0,1,0,238,red,5192,T8B
119,0,1,0,238,red,5192,T8B
120,0,1,0,238,red,5192,T8B
121,0,1,0,238,red,5192,T8B
122,0,1,0,238,red,5192,T8B
123,0,1,0,238,red,5192,T8B
124,0,1,0,238,red,5192,T8B
125,0,1,0,238,red,5192,T8B
126,0,1,0,238,red,5192,T8B
127,0,1,0,238,red,5192,T8B
128,0,1,0,238,red,5192,T8B
129,0,1,0,238,red,5192,T8B
130,0,1,0,238,red,5192,T8B
131,0,1,0,238,red,5192,T8B
132,0,1,0,238,red,5192,T8B
133,0,1,0,238,red,5192,T8B
134,0,1,0,238,red,5192,T8B
135,0,1,0,238,red,5192,T8B
136,0,1,0,238,red,5192,T8B
137,0,1,0,238,red,5192,T8B
138,0,1,0,238,red,5192,T8B
139,0,1,0,238,red,5192,T8B
140,0,1,0,238,red,5192,T8B
141,0,1,0,238,red,5192,T8B
142,0,1,0,238,red,5192,T8B
143,0,1,0,238,red,5192,T8B
144,0,1,0,238,red,5192,T8B
145,0,1,0,238,red,5192,T8B
146,0,1,0,238,red,5192,T8B
147,0,1,0,238,red,5192,T8B
148,0,1,0,238,red,5192,T8B
149,0,1,0,238,red,5192,T8B
150,0,1,0,238,red,5192,T8B
151,0,1,0,238,red,5192,T8B
152,0,1,0,238,red,5192,T8B
153,0,1,0,238,red,5192,T8B
154,0,1,0,238,red,5192,T8B
155,0,1,0,238,red,5192,T8B
156,0,1,0,238,red,5192,T8B
157,0,1,0,238,red,5192,T8B
158,0,1,0,238,red,5192,T8B
159,0,1,0,238,red,5192,T8B
160,0,1,0,238,red,5192,T8B
161,0,1,0,238,red,5192,T8B
162,0,1,0,238,red,5192,T8B
163,0,1,0,238,red,5192,T8B
164,0,1,0,238,red,5192,T8B
165,0,1,0,238,red,5192,T8B
166,0,1,0,238,red,5192,T8B
167,0,1,0,238,red,5192,T8B
168,0,1,0,238,red,5192,T8B
169,0,1,0,238,red,5192,T8B
170,0,1,0,238,red,5192,T8B
171,0,1,0,238,red,5192,T8B
172,0,1,0,238,red,5192,T8B
173,0,1,0,238,red,5192,T8B
174,0,1,0,238,red,5192,T8B
175,0,1,0,238,red,5192,T8B
176,0,1,0,238,red,5192,T8B
177,0,1,0,238,red,5192,T8B
178,0,1,0,238,red,5192,T8B
179,0,1,0,238,red,5192,T8B
180,0,1,0,238,red,5192,T8B
181,0,1,0,238,red,5192,T8B
182,0,1,0,238,red,5192,T8B
183,0,1,0,238,red,5192,T8B
184,0,0,1,238,red,5192,T8B
185,0,0,1,238,red,5192,T8B
186,0,0,1,238,red,5192,T8B
187,0,0,1,238,red,5192,T8B
188,0,0,1,238,red,5192,T8B
189,1,0,0,238,red,5192,T8B
190,1,0,0,238,red,5192,T8B
191,1,0,0,238,red,5192,T8B
192,1,0,0,238,red,5192,T8B
193,1,0,0,238,red,5192,T8B
194,1,0,0,238,red,5192,T8B
195,1,0,0,238,red,5192,T8B
196,1,0,0,238,red,5192,T8B
197,1,0,0,238,red,5192,T8B
198,1,0,0,238,red,5192,T8B
199,1,0,0,238,red,5192,T8B
200,1,0,0,238,red,5192,T8B
201,1,0,0,238,red,5192,T8B
202,1,0,0,238,red,5192,T8B
203,1,0,0,238,red,5192,T8B
204,1,0,0,238,red,5192,T8B
205,1,0,0,238,red,5192,T8B
206,1,0,0,238,red,5192,T8B
207,1,0,0,238,red,5192,T8B
208,1,0,0,238,red,5192,T8B
209,1,0,0,238,red,5192,T8B
210,1,0,0,238,red,5192,T8B
211,1,0,0,238,red,5192,T8B
212,1,0,0,238,red,5192,T8B
213,1,0,0,238,red,5192,T8B
214,1,0,0,238,red,5192,T8B
215,1,0,0,238,red,5192,T8B
216,1,0,0,238,red,5192,T8B
217,1,0,0,238,red,5192,T8B
218,1,0,0,238,red,5192,T8B
219,1,0,0,238,red,5192,T8B
220,1,0,0,238,red,5192,T8B
221,1,0,0,238,red,5192,T8B
222,1,0,0,238,red,5192,T8B
0,0,0,1,239,red,6294,T8B
1,0,0,1,239,red,6294,T8B
2,0,0,1,239,red,6294,T8B
3,0,0,1,239,red,6294,T8B
4,0,0,1,239,red,6294,T8B
5,0,0,1,239,red,6294,T8B
6,0,0,1,239,red,6294,T8B
7,0,0,1,239,red,6294,T8B
8,0,0,1,239,red,6294,T8B
9,0,0,1,239,red,6294,T8B
10,0,0,1,239,red,6294,T8B
11,0,0,1,239,red,6294,T8B
12,0,0,1,239,red,6294,T8B
13,0,0,1,239,red,6294,T8B
14,0,0,1,239,red,6294,T8B
15,0,0,1,239,red,6294,T8B
16,0,0,1,239,red,6294,T8B
17,0,0,1,239,red,6294,T8B
18,0,0,1,239,red,6294,T8B
19,0,0,1,239,red,6294,T8B
20,0,0,1,239,red,6294,T8B
21,0,0,1,239,red,6294,T8B
22,0,0,1,239,red,6294,T8B
23,0,0,1,239,red,6294,T8B
24,0,0,1,239,red,6294,T8B
25,0,0,1,239,red,6294,T8B
26,0,0,1,239,red,6294,T8B
27,0,0,1,239,red,6294,T8B
28,0,0,1,239,red,6294,T8B
29,0,0,1,239,red,6294,T8B
30,0,1,0,239,red,6294,T8B
31,0,1,0,239,red,6294,T8B
32,0,1,0,239,red,6294,T8B
33,0,1,0,239,red,6294,T8B
34,0,1,0,239,red,6294,T8B
35,0,1,0,239,red,6294,T8B
36,0,1,0,239,red,6294,T8B
37,0,1,0,239,red,6294,T8B
38,0,1,0,239,red,6294,T8B
39,0,1,0,239,red,6294,T8B
40,0,1,0,239,red,6294,T8B
41,0,1,0,239,red,6294,T8B
42,0,1,0,239,red,6294,T8B
43,0,1,0,239,red,6294,T8B
44,0,1,0,239,red,6294,T8B
45,0,1,0,239,red,6294,T8B
46,0,1,0,239,red,6294,T8B
47,0,1,0,239,red,6294,T8B
48,0,1,0,239,red,6294,T8B
49,0,1,0,239,red,6294,T8B
50,0,1,0,239,red,6294,T8B
51,0,1,0,239,red,6294,T8B
52,0,1,0,239,red,6294,T8B
53,0,1,0,239,red,6294,T8B
54,0,1,0,239,red,6294,T8B
55,0,1,0,239,red,6294,T8B
56,0,1,0,239,red,6294,T8B
57,0,1,0,239,red,6294,T8B
58,0,1,0,239,red,6294,T8B
59,0,1,0,239,red,6294,T8B
60,0,1,0,239,red,6294,T8B
61,0,1,0,239,red,6294,T8B
62,0,1,0,239,red,6294,T8B
63,0,1,0,239,red,6294,T8B
64,0,1,0,239,red,6294,T8B
65,0,1,0,239,red,6294,T8B
66,0,1,0,239,red,6294,T8B
67,0,1,0,239,red,6294,T8B
68,0,1,0,239,red,6294,T8B
69,0,1,0,239,red,6294,T8B
70,0,1,0,239,red,6294,T8B
71,0,1,0,239,red,6294,T8B
72,0,1,0,239,red,6294,T8B
73,0,1,0,239,red,6294,T8B
74,0,1,0,239,red,6294,T8B
75,0,1,0,239,red,6294,T8B
76,0,1,0,239,red,6294,T8B
77,0,1,0,239,red,6294,T8B
78,0,1,0,239,red,6294,T8B
79,0,1,0,239,red,6294,T8B
80,0,1,0,239,red,6294,T8B
81,0,1,0,239,red,6294,T8B
82,0,1,0,239,red,6294,T8B
83,0,1,0,239,red,6294,T8B
84,0,1,0,239,red,6294,T8B
85,0,1,0,239,red,6294,T8B
86,0,1,0,239,red,6294,T8B
87,0,1,0,239,red,6294,T8B
88,0,1,0,239,red,6294,T8B
89,0,1,0,239,red,6294,T8B
90,0,1,0,239,red,6294,T8B
91,0,1,0,239,red,6294,T8B
92,0,1,0,239,red,6294,T8B
93,0,1,0,239,red,6294,T8B
94,0,1,0,239,red,6294,T8B
95,0,1,0,239,red,6294,T8B
96,0,1,0,239,red,6294,T8B
97,0,1,0,239,red,6294,T8B
98,0,1,0,239,red,6294,T8B
99,0,1,0,239,red,6294,T8B
100,0,1,0,239,red,6294,T8B
101,0,1,0,239,red,6294,T8B
102,0,1,0,239,red,6294,T8B
103,0,1,0,239,red,6294,T8B
104,0,1,0,239,red,6294,T8B
105,0,1,0,239,red,6294,T8B
106,0,1,0,239,red,6294,T8B
107,0,1,0,239,red,6294,T8B
108,0,1,0,239,red,6294,T8B
109,0,1,0,239,red,6294,T8B
110,0,1,0,239,red,6294,T8B
111,0,1,0,239,red,6294,T8B
112,0,1,0,239,red,6294,T8B
113,0,1,0,239,red,6294,T8B
114,0,1,0,239,red,6294,T8B
115,0,1,0,239,red,6294,T8B
116,0,1,0,239,red,6294,T8B
117,0,1,0,239,red,6294,T8B
118,0,1,0,239,red,6294,T8B
119,0,1,0,239,red,6294,T8B
120,0,1,0,239,red,6294,T8B
121,0,1,0,239,red,6294,T8B
122,0,1,0,239,red,6294,T8B
123,0,1,0,239,red,6294,T8B
124,0,1,0,239,red,6294,T8B
125,0,1,0,239,red,6294,T8B
126,0,1,0,239,red,6294,T8B
127,0,1,0,239,red,6294,T8B
128,0,1,0,239,red,6294,T8B
129,0,1,0,239,red,6294,T8B
130,0,1,0,239,red,6294,T8B
131,0,1,0,239,red,6294,T8B
132,0,1,0,239,red,6294,T8B
133,0,1,0,239,red,6294,T8B
134,0,1,0,239,red,6294,T8B
135,0,1,0,239,red,6294,T8B
136,0,1,0,239,red,6294,T8B
137,0,1,0,239,red,6294,T8B
138,0,1,0,239,red,6294,T8B
139,0,1,0,239,red,6294,T8B
140,0,1,0,239,red,6294,T8B
141,0,1,0,239,red,6294,T8B
142,0,1,0,239,red,6294,T8B
143,0,1,0,239,red,6294,T8B
144,0,1,0,239,red,6294,T8B
145,0,1,0,239,red,6294,T8B
146,0,1,0,239,red,6294,T8B
147,0,1,0,239,red,6294,T8B
148,0,1,0,239,red,6294,T8B
149,0,1,0,239,red,6294,T8B
150,0,1,0,239,red,6294,T8B
151,0,1,0,239,red,6294,T8B
152,0,1,0,239,red,6294,T8B
153,0,1,0,239,red,6294,T8B
154,0,1,0,239,red,6294,T8B
155,0,1,0,239,red,6294,T8B
156,0,1,0,239,red,6294,T8B
157,0,1,0,239,red,6294,T8B
158,0,1,0,239,red,6294,T8B
159,0,1,0,239,red,6294,T8B
160,0,1,0,239,red,6294,T8B
161,0,1,0,239,red,6294,T8B
162,0,1,0,239,red,6294,T8B
163,0,1,0,239,red,6294,T8B
164,0,1,0,239,red,6294,T8B
165,0,1,0,239,red,6294,T8B
166,0,1,0,239,red,6294,T8B
167,0,1,0,239,red,6294,T8B
168,0,1,0,239,red,6294,T8B
169,0,1,0,239,red,6294,T8B
170,0,1,0,239,red,6294,T8B
171,0,1,0,239,red,6294,T8B
172,0,1,0,239,red,6294,T8B
173,0,1,0,239,red,6294,T8B
174,0,1,0,239,red,6294,T8B
175,0,1,0,239,red,6294,T8B
176,0,1,0,239,red,6294,T8B
177,0,1,0,239,red,6294,T8B
178,0,1,0,239,red,6294,T8B
179,0,1,0,239,red,6294,T8B
180,0,1,0,239,red,6294,T8B
181,0,1,0,239,red,6294,T8B
182,0,1,0,239,red,6294,T8B
183,0,1,0,239,red,6294,T8B
184,0,1,0,239,red,6294,T8B
185,0,1,0,239,red,6294,T8B
186,0,1,0,239,red,6294,T8B
187,0,0,1,239,red,6294,T8B
188,0,0,1,239,red,6294,T8B
189,0,0,1,239,red,6294,T8B
190,0,0,1,239,red,6294,T8B
191,0,0,1,239,red,6294,T8B
192,1,0,0,239,red,6294,T8B
193,1,0,0,239,red,6294,T8B
194,1,0,0,239,red,6294,T8B
195,1,0,0,239,red,6294,T8B
196,1,0,0,239,red,6294,T8B
197,1,0,0,239,red,6294,T8B
198,1,0,0,239,red,6294,T8B
199,1,0,0,239,red,6294,T8B
200,1,0,0,239,red,6294,T8B
201,1,0,0,239,red,6294,T8B
202,1,0,0,239,red,6294,T8B
203,1,0,0,239,red,6294,T8B
204,1,0,0,239,red,6294,T8B
205,1,0,0,239,red,6294,T8B
206,1,0,0,239,red,6294,T8B
207,1,0,0,239,red,6294,T8B
208,1,0,0,239,red,6294,T8B
209,1,0,0,239,red,6294,T8B
210,1,0,0,239,red,6294,T8B
211,1,0,0,239,red,6294,T8B
212,1,0,0,239,red,6294,T8B
213,1,0,0,239,red,6294,T8B
214,1,0,0,239,red,6294,T8B
215,1,0,0,239,red,6294,T8B
216,1,0,0,239,red,6294,T8B
217,1,0,0,239,red,6294,T8B
218,1,0,0,239,red,6294,T8B
219,1,0,0,239,red,6294,T8B
220,1,0,0,239,red,6294,T8B
221,1,0,0,239,red,6294,T8B
222,1,0,0,239,red,6294,T8B
0,0,0,1,240,red,5934,T8B
1,0,0,1,240,red,5934,T8B
2,0,0,1,240,red,5934,T8B
3,0,0,1,240,red,5934,T8B
4,0,0,1,240,red,5934,T8B
5,0,0,1,240,red,5934,T8B
6,0,0,1,240,red,5934,T8B
7,0,0,1,240,red,5934,T8B
8,0,0,1,240,red,5934,T8B
9,0,0,1,240,red,5934,T8B
10,0,0,1,240,red,5934,T8B
11,0,0,1,240,red,5934,T8B
12,0,0,1,240,red,5934,T8B
13,0,0,1,240,red,5934,T8B
14,0,0,1,240,red,5934,T8B
15,0,0,1,240,red,5934,T8B
16,0,0,1,240,red,5934,T8B
17,0,0,1,240,red,5934,T8B
18,0,0,1,240,red,5934,T8B
19,0,0,1,240,red,5934,T8B
20,0,0,1,240,red,5934,T8B
21,0,0,1,240,red,5934,T8B
22,0,0,1,240,red,5934,T8B
23,0,0,1,240,red,5934,T8B
24,0,0,1,240,red,5934,T8B
25,0,0,1,240,red,5934,T8B
26,0,0,1,240,red,5934,T8B
27,0,0,1,240,red,5934,T8B
28,0,0,1,240,red,5934,T8B
29,0,0,1,240,red,5934,T8B
30,0,0,1,240,red,5934,T8B
31,0,0,1,240,red,5934,T8B
32,0,0,1,240,red,5934,T8B
33,0,0,1,240,red,5934,T8B
34,0,0,1,240,red,5934,T8B
35,0,0,1,240,red,5934,T8B
36,0,0,1,240,red,5934,T8B
37,0,0,1,240,red,5934,T8B
38,0,0,1,240,red,5934,T8B
39,0,0,1,240,red,5934,T8B
40,0,0,1,240,red,5934,T8B
41,0,0,1,240,red,5934,T8B
42,0,0,1,240,red,5934,T8B
43,0,0,1,240,red,5934,T8B
44,0,0,1,240,red,5934,T8B
45,0,0,1,240,red,5934,T8B
46,1,0,0,240,red,5934,T8B
47,1,0,0,240,red,5934,T8B
48,1,0,0,240,red,5934,T8B
49,1,0,0,240,red,5934,T8B
50,1,0,0,240,red,5934,T8B
51,1,0,0,240,red,5934,T8B
52,1,0,0,240,red,5934,T8B
53,1,0,0,240,red,5934,T8B
54,0,0,1,240,red,5934,T8B
55,0,1,0,240,red,5934,T8B
56,0,1,0,240,red,5934,T8B
57,0,1,0,240,red,5934,T8B
58,0,1,0,240,red,5934,T8B
59,0,1,0,240,red,5934,T8B
60,0,1,0,240,red,5934,T8B
61,0,1,0,240,red,5934,T8B
62,0,1,0,240,red,5934,T8B
63,0,1,0,240,red,5934,T8B
64,0,1,0,240,red,5934,T8B
65,0,1,0,240,red,5934,T8B
66,0,1,0,240,red,5934,T8B
67,0,1,0,240,red,5934,T8B
68,0,1,0,240,red,5934,T8B
69,0,1,0,240,red,5934,T8B
70,0,1,0,240,red,5934,T8B
71,0,1,0,240,red,5934,T8B
72,0,1,0,240,red,5934,T8B
73,0,1,0,240,red,5934,T8B
74,0,1,0,240,red,5934,T8B
75,0,1,0,240,red,5934,T8B
76,0,1,0,240,red,5934,T8B
77,0,1,0,240,red,5934,T8B
78,0,1,0,240,red,5934,T8B
79,0,1,0,240,red,5934,T8B
80,0,1,0,240,red,5934,T8B
81,0,1,0,240,red,5934,T8B
82,0,1,0,240,red,5934,T8B
83,0,1,0,240,red,5934,T8B
84,0,1,0,240,red,5934,T8B
85,0,1,0,240,red,5934,T8B
86,0,1,0,240,red,5934,T8B
87,0,1,0,240,red,5934,T8B
88,0,1,0,240,red,5934,T8B
89,0,1,0,240,red,5934,T8B
90,0,1,0,240,red,5934,T8B
91,0,1,0,240,red,5934,T8B
92,0,1,0,240,red,5934,T8B
93,0,1,0,240,red,5934,T8B
94,0,1,0,240,red,5934,T8B
95,0,1,0,240,red,5934,T8B
96,0,1,0,240,red,5934,T8B
97,0,1,0,240,red,5934,T8B
98,0,1,0,240,red,5934,T8B
99,0,1,0,240,red,5934,T8B
100,0,1,0,240,red,5934,T8B
101,0,1,0,240,red,5934,T8B
102,0,1,0,240,red,5934,T8B
103,0,1,0,240,red,5934,T8B
104,0,1,0,240,red,5934,T8B
105,0,1,0,240,red,5934,T8B
106,0,1,0,240,red,5934,T8B
107,0,1,0,240,red,5934,T8B
108,0,1,0,240,red,5934,T8B
109,0,1,0,240,red,5934,T8B
110,0,1,0,240,red,5934,T8B
111,0,1,0,240,red,5934,T8B
112,0,1,0,240,red,5934,T8B
113,0,1,0,240,red,5934,T8B
114,0,1,0,240,red,5934,T8B
115,0,1,0,240,red,5934,T8B
116,0,1,0,240,red,5934,T8B
117,0,1,0,240,red,5934,T8B
118,0,1,0,240,red,5934,T8B
119,0,1,0,240,red,5934,T8B
120,0,1,0,240,red,5934,T8B
121,0,1,0,240,red,5934,T8B
122,0,1,0,240,red,5934,T8B
123,0,1,0,240,red,5934,T8B
124,0,1,0,240,red,5934,T8B
125,0,1,0,240,red,5934,T8B
126,0,1,0,240,red,5934,T8B
127,0,1,0,240,red,5934,T8B
128,0,1,0,240,red,5934,T8B
129,0,1,0,240,red,5934,T8B
130,0,1,0,240,red,5934,T8B
131,0,1,0,240,red,5934,T8B
132,0,1,0,240,red,5934,T8B
133,0,1,0,240,red,5934,T8B
134,0,1,0,240,red,5934,T8B
135,0,1,0,240,red,5934,T8B
136,0,1,0,240,red,5934,T8B
137,0,1,0,240,red,5934,T8B
138,0,1,0,240,red,5934,T8B
139,0,1,0,240,red,5934,T8B
140,0,1,0,240,red,5934,T8B
141,0,1,0,240,red,5934,T8B
142,0,1,0,240,red,5934,T8B
143,0,1,0,240,red,5934,T8B
144,0,1,0,240,red,5934,T8B
145,0,1,0,240,red,5934,T8B
146,0,1,0,240,red,5934,T8B
147,0,1,0,240,red,5934,T8B
148,0,1,0,240,red,5934,T8B
149,0,1,0,240,red,5934,T8B
150,0,0,1,240,red,5934,T8B
151,0,0,1,240,red,5934,T8B
152,1,0,0,240,red,5934,T8B
153,1,0,0,240,red,5934,T8B
154,1,0,0,240,red,5934,T8B
155,1,0,0,240,red,5934,T8B
156,1,0,0,240,red,5934,T8B
157,1,0,0,240,red,5934,T8B
158,1,0,0,240,red,5934,T8B
159,1,0,0,240,red,5934,T8B
160,1,0,0,240,red,5934,T8B
161,1,0,0,240,red,5934,T8B
162,1,0,0,240,red,5934,T8B
163,1,0,0,240,red,5934,T8B
164,1,0,0,240,red,5934,T8B
165,1,0,0,240,red,5934,T8B
166,1,0,0,240,red,5934,T8B
167,1,0,0,240,red,5934,T8B
168,1,0,0,240,red,5934,T8B
169,1,0,0,240,red,5934,T8B
170,1,0,0,240,red,5934,T8B
171,1,0,0,240,red,5934,T8B
172,1,0,0,240,red,5934,T8B
173,1,0,0,240,red,5934,T8B
174,1,0,0,240,red,5934,T8B
175,1,0,0,240,red,5934,T8B
176,1,0,0,240,red,5934,T8B
177,1,0,0,240,red,5934,T8B
178,1,0,0,240,red,5934,T8B
179,1,0,0,240,red,5934,T8B
180,1,0,0,240,red,5934,T8B
181,1,0,0,240,red,5934,T8B
182,1,0,0,240,red,5934,T8B
183,1,0,0,240,red,5934,T8B
184,1,0,0,240,red,5934,T8B
185,1,0,0,240,red,5934,T8B
186,1,0,0,240,red,5934,T8B
187,1,0,0,240,red,5934,T8B
188,1,0,0,240,red,5934,T8B
189,1,0,0,240,red,5934,T8B
190,1,0,0,240,red,5934,T8B
191,1,0,0,240,red,5934,T8B
192,1,0,0,240,red,5934,T8B
193,1,0,0,240,red,5934,T8B
194,1,0,0,240,red,5934,T8B
195,1,0,0,240,red,5934,T8B
196,1,0,0,240,red,5934,T8B
197,1,0,0,240,red,5934,T8B
198,1,0,0,240,red,5934,T8B
199,1,0,0,240,red,5934,T8B
200,1,0,0,240,red,5934,T8B
201,1,0,0,240,red,5934,T8B
202,1,0,0,240,red,5934,T8B
203,1,0,0,240,red,5934,T8B
204,1,0,0,240,red,5934,T8B
205,1,0,0,240,red,5934,T8B
206,1,0,0,240,red,5934,T8B
207,1,0,0,240,red,5934,T8B
208,1,0,0,240,red,5934,T8B
209,1,0,0,240,red,5934,T8B
210,1,0,0,240,red,5934,T8B
211,1,0,0,240,red,5934,T8B
212,1,0,0,240,red,5934,T8B
213,1,0,0,240,red,5934,T8B
214,1,0,0,240,red,5934,T8B
215,1,0,0,240,red,5934,T8B
216,1,0,0,240,red,5934,T8B
217,1,0,0,240,red,5934,T8B
218,1,0,0,240,red,5934,T8B
219,1,0,0,240,red,5934,T8B
220,1,0,0,240,red,5934,T8B
221,1,0,0,240,red,5934,T8B
222,1,0,0,240,red,5934,T8B
0,0,0,1,241,red,6711,T8B
1,0,0,1,241,red,6711,T8B
2,0,0,1,241,red,6711,T8B
3,0,0,1,241,red,6711,T8B
4,0,0,1,241,red,6711,T8B
5,0,0,1,241,red,6711,T8B
6,0,0,1,241,red,6711,T8B
7,0,0,1,241,red,6711,T8B
8,0,0,1,241,red,6711,T8B
9,0,0,1,241,red,6711,T8B
10,0,0,1,241,red,6711,T8B
11,0,0,1,241,red,6711,T8B
12,0,0,1,241,red,6711,T8B
13,0,0,1,241,red,6711,T8B
14,0,0,1,241,red,6711,T8B
15,0,0,1,241,red,6711,T8B
16,0,0,1,241,red,6711,T8B
17,0,0,1,241,red,6711,T8B
18,0,0,1,241,red,6711,T8B
19,0,0,1,241,red,6711,T8B
20,0,0,1,241,red,6711,T8B
21,0,0,1,241,red,6711,T8B
22,0,0,1,241,red,6711,T8B
23,0,0,1,241,red,6711,T8B
24,0,0,1,241,red,6711,T8B
25,0,0,1,241,red,6711,T8B
26,0,0,1,241,red,6711,T8B
27,0,0,1,241,red,6711,T8B
28,0,0,1,241,red,6711,T8B
29,0,0,1,241,red,6711,T8B
30,0,0,1,241,red,6711,T8B
31,0,0,1,241,red,6711,T8B
32,0,0,1,241,red,6711,T8B
33,0,0,1,241,red,6711,T8B
34,0,0,1,241,red,6711,T8B
35,0,0,1,241,red,6711,T8B
36,0,0,1,241,red,6711,T8B
37,0,0,1,241,red,6711,T8B
38,0,0,1,241,red,6711,T8B
39,0,0,1,241,red,6711,T8B
40,0,0,1,241,red,6711,T8B
41,0,0,1,241,red,6711,T8B
42,0,0,1,241,red,6711,T8B
43,0,0,1,241,red,6711,T8B
44,0,0,1,241,red,6711,T8B
45,0,0,1,241,red,6711,T8B
46,0,0,1,241,red,6711,T8B
47,0,0,1,241,red,6711,T8B
48,0,0,1,241,red,6711,T8B
49,0,0,1,241,red,6711,T8B
50,0,0,1,241,red,6711,T8B
51,0,0,1,241,red,6711,T8B
52,0,0,1,241,red,6711,T8B
53,1,0,0,241,red,6711,T8B
54,1,0,0,241,red,6711,T8B
55,1,0,0,241,red,6711,T8B
56,1,0,0,241,red,6711,T8B
57,1,0,0,241,red,6711,T8B
58,1,0,0,241,red,6711,T8B
59,1,0,0,241,red,6711,T8B
60,1,0,0,241,red,6711,T8B
61,0,0,1,241,red,6711,T8B
62,0,0,1,241,red,6711,T8B
63,0,0,1,241,red,6711,T8B
64,0,0,1,241,red,6711,T8B
65,0,1,0,241,red,6711,T8B
66,0,1,0,241,red,6711,T8B
67,0,1,0,241,red,6711,T8B
68,0,1,0,241,red,6711,T8B
69,0,1,0,241,red,6711,T8B
70,0,1,0,241,red,6711,T8B
71,0,1,0,241,red,6711,T8B
72,0,1,0,241,red,6711,T8B
73,0,1,0,241,red,6711,T8B
74,0,1,0,241,red,6711,T8B
75,0,1,0,241,red,6711,T8B
76,0,1,0,241,red,6711,T8B
77,0,1,0,241,red,6711,T8B
78,0,1,0,241,red,6711,T8B
79,0,1,0,241,red,6711,T8B
80,0,1,0,241,red,6711,T8B
81,0,1,0,241,red,6711,T8B
82,0,1,0,241,red,6711,T8B
83,0,1,0,241,red,6711,T8B
84,0,0,1,241,red,6711,T8B
85,0,0,1,241,red,6711,T8B
86,0,0,1,241,red,6711,T8B
87,0,0,1,241,red,6711,T8B
88,0,0,1,241,red,6711,T8B
89,0,1,0,241,red,6711,T8B
90,0,1,0,241,red,6711,T8B
91,0,1,0,241,red,6711,T8B
92,0,1,0,241,red,6711,T8B
93,0,1,0,241,red,6711,T8B
94,0,1,0,241,red,6711,T8B
95,0,1,0,241,red,6711,T8B
96,0,1,0,241,red,6711,T8B
97,0,1,0,241,red,6711,T8B
98,0,1,0,241,red,6711,T8B
99,0,1,0,241,red,6711,T8B
100,0,1,0,241,red,6711,T8B
101,0,1,0,241,red,6711,T8B
102,0,1,0,241,red,6711,T8B
103,0,1,0,241,red,6711,T8B
104,0,1,0,241,red,6711,T8B
105,0,1,0,241,red,6711,T8B
106,0,1,0,241,red,6711,T8B
107,0,1,0,241,red,6711,T8B
108,0,1,0,241,red,6711,T8B
109,0,0,1,241,red,6711,T8B
110,0,0,1,241,red,6711,T8B
111,0,0,1,241,red,6711,T8B
112,0,1,0,241,red,6711,T8B
113,0,1,0,241,red,6711,T8B
114,0,1,0,241,red,6711,T8B
115,0,1,0,241,red,6711,T8B
116,0,1,0,241,red,6711,T8B
117,0,1,0,241,red,6711,T8B
118,0,1,0,241,red,6711,T8B
119,0,1,0,241,red,6711,T8B
120,0,1,0,241,red,6711,T8B
121,0,1,0,241,red,6711,T8B
122,0,1,0,241,red,6711,T8B
123,0,0,1,241,red,6711,T8B
124,0,0,1,241,red,6711,T8B
125,0,0,1,241,red,6711,T8B
126,0,0,1,241,red,6711,T8B
127,0,0,1,241,red,6711,T8B
128,0,0,1,241,red,6711,T8B
129,0,1,0,241,red,6711,T8B
130,0,1,0,241,red,6711,T8B
131,0,1,0,241,red,6711,T8B
132,0,1,0,241,red,6711,T8B
133,0,1,0,241,red,6711,T8B
134,0,1,0,241,red,6711,T8B
135,0,1,0,241,red,6711,T8B
136,0,1,0,241,red,6711,T8B
137,0,1,0,241,red,6711,T8B
138,0,1,0,241,red,6711,T8B
139,0,1,0,241,red,6711,T8B
140,0,1,0,241,red,6711,T8B
141,0,0,1,241,red,6711,T8B
142,0,0,1,241,red,6711,T8B
143,1,0,0,241,red,6711,T8B
144,1,0,0,241,red,6711,T8B
145,1,0,0,241,red,6711,T8B
146,1,0,0,241,red,6711,T8B
147,1,0,0,241,red,6711,T8B
148,1,0,0,241,red,6711,T8B
149,1,0,0,241,red,6711,T8B
150,1,0,0,241,red,6711,T8B
151,1,0,0,241,red,6711,T8B
152,1,0,0,241,red,6711,T8B
153,1,0,0,241,red,6711,T8B
154,1,0,0,241,red,6711,T8B
155,1,0,0,241,red,6711,T8B
156,1,0,0,241,red,6711,T8B
157,1,0,0,241,red,6711,T8B
158,1,0,0,241,red,6711,T8B
159,1,0,0,241,red,6711,T8B
160,1,0,0,241,red,6711,T8B
161,1,0,0,241,red,6711,T8B
162,1,0,0,241,red,6711,T8B
163,1,0,0,241,red,6711,T8B
164,1,0,0,241,red,6711,T8B
165,1,0,0,241,red,6711,T8B
166,1,0,0,241,red,6711,T8B
167,1,0,0,241,red,6711,T8B
168,1,0,0,241,red,6711,T8B
169,1,0,0,241,red,6711,T8B
170,1,0,0,241,red,6711,T8B
171,1,0,0,241,red,6711,T8B
172,1,0,0,241,red,6711,T8B
173,1,0,0,241,red,6711,T8B
174,1,0,0,241,red,6711,T8B
175,1,0,0,241,red,6711,T8B
176,1,0,0,241,red,6711,T8B
177,1,0,0,241,red,6711,T8B
178,1,0,0,241,red,6711,T8B
179,1,0,0,241,red,6711,T8B
180,1,0,0,241,red,6711,T8B
181,1,0,0,241,red,6711,T8B
182,1,0,0,241,red,6711,T8B
183,1,0,0,241,red,6711,T8B
184,1,0,0,241,red,6711,T8B
185,1,0,0,241,red,6711,T8B
186,1,0,0,241,red,6711,T8B
187,1,0,0,241,red,6711,T8B
188,1,0,0,241,red,6711,T8B
189,1,0,0,241,red,6711,T8B
190,1,0,0,241,red,6711,T8B
191,1,0,0,241,red,6711,T8B
192,1,0,0,241,red,6711,T8B
193,1,0,0,241,red,6711,T8B
194,1,0,0,241,red,6711,T8B
195,1,0,0,241,red,6711,T8B
196,1,0,0,241,red,6711,T8B
197,1,0,0,241,red,6711,T8B
198,1,0,0,241,red,6711,T8B
199,1,0,0,241,red,6711,T8B
200,1,0,0,241,red,6711,T8B
201,1,0,0,241,red,6711,T8B
202,1,0,0,241,red,6711,T8B
203,1,0,0,241,red,6711,T8B
204,1,0,0,241,red,6711,T8B
205,1,0,0,241,red,6711,T8B
206,1,0,0,241,red,6711,T8B
207,1,0,0,241,red,6711,T8B
208,1,0,0,241,red,6711,T8B
209,1,0,0,241,red,6711,T8B
210,1,0,0,241,red,6711,T8B
211,1,0,0,241,red,6711,T8B
212,1,0,0,241,red,6711,T8B
213,1,0,0,241,red,6711,T8B
214,1,0,0,241,red,6711,T8B
215,1,0,0,241,red,6711,T8B
216,1,0,0,241,red,6711,T8B
217,1,0,0,241,red,6711,T8B
218,1,0,0,241,red,6711,T8B
219,1,0,0,241,red,6711,T8B
220,1,0,0,241,red,6711,T8B
221,1,0,0,241,red,6711,T8B
222,1,0,0,241,red,6711,T8B
0,0,0,1,242,red,6914,T8B
1,0,0,1,242,red,6914,T8B
2,0,0,1,242,red,6914,T8B
3,0,0,1,242,red,6914,T8B
4,0,0,1,242,red,6914,T8B
5,0,0,1,242,red,6914,T8B
6,0,0,1,242,red,6914,T8B
7,0,0,1,242,red,6914,T8B
8,0,0,1,242,red,6914,T8B
9,0,0,1,242,red,6914,T8B
10,0,0,1,242,red,6914,T8B
11,0,0,1,242,red,6914,T8B
12,0,0,1,242,red,6914,T8B
13,0,0,1,242,red,6914,T8B
14,0,0,1,242,red,6914,T8B
15,0,0,1,242,red,6914,T8B
16,0,0,1,242,red,6914,T8B
17,0,0,1,242,red,6914,T8B
18,0,0,1,242,red,6914,T8B
19,0,0,1,242,red,6914,T8B
20,0,0,1,242,red,6914,T8B
21,0,0,1,242,red,6914,T8B
22,0,0,1,242,red,6914,T8B
23,0,0,1,242,red,6914,T8B
24,0,0,1,242,red,6914,T8B
25,0,0,1,242,red,6914,T8B
26,0,0,1,242,red,6914,T8B
27,0,0,1,242,red,6914,T8B
28,0,0,1,242,red,6914,T8B
29,0,0,1,242,red,6914,T8B
30,0,0,1,242,red,6914,T8B
31,0,0,1,242,red,6914,T8B
32,0,0,1,242,red,6914,T8B
33,0,0,1,242,red,6914,T8B
34,0,0,1,242,red,6914,T8B
35,0,0,1,242,red,6914,T8B
36,0,0,1,242,red,6914,T8B
37,0,0,1,242,red,6914,T8B
38,0,0,1,242,red,6914,T8B
39,0,0,1,242,red,6914,T8B
40,0,0,1,242,red,6914,T8B
41,0,0,1,242,red,6914,T8B
42,0,0,1,242,red,6914,T8B
43,0,0,1,242,red,6914,T8B
44,0,0,1,242,red,6914,T8B
45,0,0,1,242,red,6914,T8B
46,0,0,1,242,red,6914,T8B
47,0,0,1,242,red,6914,T8B
48,0,0,1,242,red,6914,T8B
49,0,0,1,242,red,6914,T8B
50,0,0,1,242,red,6914,T8B
51,0,0,1,242,red,6914,T8B
52,0,0,1,242,red,6914,T8B
53,0,0,1,242,red,6914,T8B
54,0,0,1,242,red,6914,T8B
55,0,0,1,242,red,6914,T8B
56,0,0,1,242,red,6914,T8B
57,0,0,1,242,red,6914,T8B
58,0,0,1,242,red,6914,T8B
59,0,0,1,242,red,6914,T8B
60,0,0,1,242,red,6914,T8B
61,0,0,1,242,red,6914,T8B
62,0,0,1,242,red,6914,T8B
63,0,0,1,242,red,6914,T8B
64,0,0,1,242,red,6914,T8B
65,0,0,1,242,red,6914,T8B
66,0,0,1,242,red,6914,T8B
67,0,0,1,242,red,6914,T8B
68,0,0,1,242,red,6914,T8B
69,0,0,1,242,red,6914,T8B
70,0,0,1,242,red,6914,T8B
71,0,0,1,242,red,6914,T8B
72,1,0,0,242,red,6914,T8B
73,1,0,0,242,red,6914,T8B
74,1,0,0,242,red,6914,T8B
75,1,0,0,242,red,6914,T8B
76,1,0,0,242,red,6914,T8B
77,1,0,0,242,red,6914,T8B
78,1,0,0,242,red,6914,T8B
79,0,0,1,242,red,6914,T8B
80,0,0,1,242,red,6914,T8B
81,0,0,1,242,red,6914,T8B
82,0,0,1,242,red,6914,T8B
83,0,0,1,242,red,6914,T8B
84,0,0,1,242,red,6914,T8B
85,0,0,1,242,red,6914,T8B
86,0,0,1,242,red,6914,T8B
87,0,0,1,242,red,6914,T8B
88,0,0,1,242,red,6914,T8B
89,0,0,1,242,red,6914,T8B
90,0,0,1,242,red,6914,T8B
91,0,0,1,242,red,6914,T8B
92,0,0,1,242,red,6914,T8B
93,0,0,1,242,red,6914,T8B
94,0,1,0,242,red,6914,T8B
95,0,1,0,242,red,6914,T8B
96,0,1,0,242,red,6914,T8B
97,0,1,0,242,red,6914,T8B
98,0,1,0,242,red,6914,T8B
99,0,1,0,242,red,6914,T8B
100,0,1,0,242,red,6914,T8B
101,0,1,0,242,red,6914,T8B
102,0,1,0,242,red,6914,T8B
103,0,1,0,242,red,6914,T8B
104,0,0,1,242,red,6914,T8B
105,0,0,1,242,red,6914,T8B
106,0,0,1,242,red,6914,T8B
107,0,0,1,242,red,6914,T8B
108,0,0,1,242,red,6914,T8B
109,0,0,1,242,red,6914,T8B
110,0,0,1,242,red,6914,T8B
111,0,0,1,242,red,6914,T8B
112,0,0,1,242,red,6914,T8B
113,0,0,1,242,red,6914,T8B
114,0,0,1,242,red,6914,T8B
115,0,0,1,242,red,6914,T8B
116,0,0,1,242,red,6914,T8B
117,0,0,1,242,red,6914,T8B
118,0,0,1,242,red,6914,T8B
119,0,0,1,242,red,6914,T8B
120,0,0,1,242,red,6914,T8B
121,0,0,1,242,red,6914,T8B
122,0,0,1,242,red,6914,T8B
123,0,0,1,242,red,6914,T8B
124,0,0,1,242,red,6914,T8B
125,0,0,1,242,red,6914,T8B
126,0,0,1,242,red,6914,T8B
127,0,0,1,242,red,6914,T8B
128,0,0,1,242,red,6914,T8B
129,0,1,0,242,red,6914,T8B
130,0,1,0,242,red,6914,T8B
131,0,1,0,242,red,6914,T8B
132,0,1,0,242,red,6914,T8B
133,0,1,0,242,red,6914,T8B
134,0,1,0,242,red,6914,T8B
135,0,1,0,242,red,6914,T8B
136,0,0,1,242,red,6914,T8B
137,0,0,1,242,red,6914,T8B
138,0,0,1,242,red,6914,T8B
139,0,0,1,242,red,6914,T8B
140,0,0,1,242,red,6914,T8B
141,0,0,1,242,red,6914,T8B
142,0,0,1,242,red,6914,T8B
143,0,0,1,242,red,6914,T8B
144,0,0,1,242,red,6914,T8B
145,0,0,1,242,red,6914,T8B
146,0,0,1,242,red,6914,T8B
147,0,0,1,242,red,6914,T8B
148,0,0,1,242,red,6914,T8B
149,0,0,1,242,red,6914,T8B
150,0,0,1,242,red,6914,T8B
151,0,0,1,242,red,6914,T8B
152,0,0,1,242,red,6914,T8B
153,0,0,1,242,red,6914,T8B
154,0,0,1,242,red,6914,T8B
155,0,0,1,242,red,6914,T8B
156,0,0,1,242,red,6914,T8B
157,0,0,1,242,red,6914,T8B
158,0,0,1,242,red,6914,T8B
159,0,0,1,242,red,6914,T8B
160,0,0,1,242,red,6914,T8B
161,0,0,1,242,red,6914,T8B
162,0,0,1,242,red,6914,T8B
163,0,0,1,242,red,6914,T8B
164,0,0,1,242,red,6914,T8B
165,0,0,1,242,red,6914,T8B
166,0,0,1,242,red,6914,T8B
167,0,0,1,242,red,6914,T8B
168,0,0,1,242,red,6914,T8B
169,0,0,1,242,red,6914,T8B
170,0,0,1,242,red,6914,T8B
171,0,0,1,242,red,6914,T8B
172,0,0,1,242,red,6914,T8B
173,0,0,1,242,red,6914,T8B
174,0,0,1,242,red,6914,T8B
175,0,0,1,242,red,6914,T8B
176,0,0,1,242,red,6914,T8B
177,0,0,1,242,red,6914,T8B
178,0,0,1,242,red,6914,T8B
179,0,0,1,242,red,6914,T8B
180,0,0,1,242,red,6914,T8B
181,0,0,1,242,red,6914,T8B
182,0,0,1,242,red,6914,T8B
183,0,0,1,242,red,6914,T8B
184,0,0,1,242,red,6914,T8B
185,0,0,1,242,red,6914,T8B
186,0,0,1,242,red,6914,T8B
187,0,0,1,242,red,6914,T8B
188,1,0,0,242,red,6914,T8B
189,1,0,0,242,red,6914,T8B
190,1,0,0,242,red,6914,T8B
191,1,0,0,242,red,6914,T8B
192,1,0,0,242,red,6914,T8B
193,1,0,0,242,red,6914,T8B
194,1,0,0,242,red,6914,T8B
195,1,0,0,242,red,6914,T8B
196,1,0,0,242,red,6914,T8B
197,1,0,0,242,red,6914,T8B
198,1,0,0,242,red,6914,T8B
199,1,0,0,242,red,6914,T8B
200,1,0,0,242,red,6914,T8B
201,1,0,0,242,red,6914,T8B
202,1,0,0,242,red,6914,T8B
203,1,0,0,242,red,6914,T8B
204,1,0,0,242,red,6914,T8B
205,1,0,0,242,red,6914,T8B
206,1,0,0,242,red,6914,T8B
207,1,0,0,242,red,6914,T8B
208,1,0,0,242,red,6914,T8B
209,1,0,0,242,red,6914,T8B
210,1,0,0,242,red,6914,T8B
211,1,0,0,242,red,6914,T8B
212,1,0,0,242,red,6914,T8B
213,1,0,0,242,red,6914,T8B
214,1,0,0,242,red,6914,T8B
215,1,0,0,242,red,6914,T8B
216,1,0,0,242,red,6914,T8B
217,1,0,0,242,red,6914,T8B
218,1,0,0,242,red,6914,T8B
219,1,0,0,242,red,6914,T8B
220,1,0,0,242,red,6914,T8B
221,1,0,0,242,red,6914,T8B
222,1,0,0,242,red,6914,T8B
0,0,0,1,243,red,6925,T8B
1,0,0,1,243,red,6925,T8B
2,0,0,1,243,red,6925,T8B
3,0,0,1,243,red,6925,T8B
4,0,0,1,243,red,6925,T8B
5,0,0,1,243,red,6925,T8B
6,0,0,1,243,red,6925,T8B
7,0,0,1,243,red,6925,T8B
8,0,0,1,243,red,6925,T8B
9,0,0,1,243,red,6925,T8B
10,0,0,1,243,red,6925,T8B
11,0,0,1,243,red,6925,T8B
12,0,1,0,243,red,6925,T8B
13,0,1,0,243,red,6925,T8B
14,0,1,0,243,red,6925,T8B
15,0,1,0,243,red,6925,T8B
16,0,1,0,243,red,6925,T8B
17,0,1,0,243,red,6925,T8B
18,0,1,0,243,red,6925,T8B
19,0,1,0,243,red,6925,T8B
20,0,1,0,243,red,6925,T8B
21,0,1,0,243,red,6925,T8B
22,0,1,0,243,red,6925,T8B
23,0,1,0,243,red,6925,T8B
24,0,1,0,243,red,6925,T8B
25,0,1,0,243,red,6925,T8B
26,0,1,0,243,red,6925,T8B
27,0,1,0,243,red,6925,T8B
28,0,1,0,243,red,6925,T8B
29,0,1,0,243,red,6925,T8B
30,0,1,0,243,red,6925,T8B
31,0,1,0,243,red,6925,T8B
32,0,1,0,243,red,6925,T8B
33,0,1,0,243,red,6925,T8B
34,0,1,0,243,red,6925,T8B
35,0,1,0,243,red,6925,T8B
36,0,1,0,243,red,6925,T8B
37,0,1,0,243,red,6925,T8B
38,0,1,0,243,red,6925,T8B
39,0,1,0,243,red,6925,T8B
40,0,1,0,243,red,6925,T8B
41,0,1,0,243,red,6925,T8B
42,0,1,0,243,red,6925,T8B
43,0,1,0,243,red,6925,T8B
44,0,1,0,243,red,6925,T8B
45,0,1,0,243,red,6925,T8B
46,0,1,0,243,red,6925,T8B
47,0,1,0,243,red,6925,T8B
48,0,1,0,243,red,6925,T8B
49,0,1,0,243,red,6925,T8B
50,0,1,0,243,red,6925,T8B
51,0,1,0,243,red,6925,T8B
52,0,1,0,243,red,6925,T8B
53,0,1,0,243,red,6925,T8B
54,0,1,0,243,red,6925,T8B
55,0,1,0,243,red,6925,T8B
56,0,1,0,243,red,6925,T8B
57,0,1,0,243,red,6925,T8B
58,0,1,0,243,red,6925,T8B
59,0,1,0,243,red,6925,T8B
60,0,1,0,243,red,6925,T8B
61,0,1,0,243,red,6925,T8B
62,0,1,0,243,red,6925,T8B
63,0,1,0,243,red,6925,T8B
64,0,1,0,243,red,6925,T8B
65,0,1,0,243,red,6925,T8B
66,0,1,0,243,red,6925,T8B
67,0,1,0,243,red,6925,T8B
68,0,1,0,243,red,6925,T8B
69,0,1,0,243,red,6925,T8B
70,0,1,0,243,red,6925,T8B
71,0,1,0,243,red,6925,T8B
72,0,1,0,243,red,6925,T8B
73,0,1,0,243,red,6925,T8B
74,0,1,0,243,red,6925,T8B
75,0,1,0,243,red,6925,T8B
76,0,1,0,243,red,6925,T8B
77,0,1,0,243,red,6925,T8B
78,0,1,0,243,red,6925,T8B
79,0,1,0,243,red,6925,T8B
80,0,1,0,243,red,6925,T8B
81,0,1,0,243,red,6925,T8B
82,0,1,0,243,red,6925,T8B
83,0,1,0,243,red,6925,T8B
84,0,1,0,243,red,6925,T8B
85,0,1,0,243,red,6925,T8B
86,0,1,0,243,red,6925,T8B
87,0,1,0,243,red,6925,T8B
88,0,1,0,243,red,6925,T8B
89,0,1,0,243,red,6925,T8B
90,0,1,0,243,red,6925,T8B
91,0,1,0,243,red,6925,T8B
92,0,1,0,243,red,6925,T8B
93,0,1,0,243,red,6925,T8B
94,0,1,0,243,red,6925,T8B
95,0,1,0,243,red,6925,T8B
96,0,1,0,243,red,6925,T8B
97,0,1,0,243,red,6925,T8B
98,0,1,0,243,red,6925,T8B
99,0,1,0,243,red,6925,T8B
100,0,1,0,243,red,6925,T8B
101,0,1,0,243,red,6925,T8B
102,0,1,0,243,red,6925,T8B
103,0,1,0,243,red,6925,T8B
104,0,1,0,243,red,6925,T8B
105,0,1,0,243,red,6925,T8B
106,0,1,0,243,red,6925,T8B
107,0,1,0,243,red,6925,T8B
108,0,1,0,243,red,6925,T8B
109,0,1,0,243,red,6925,T8B
110,0,1,0,243,red,6925,T8B
111,0,1,0,243,red,6925,T8B
112,0,1,0,243,red,6925,T8B
113,0,1,0,243,red,6925,T8B
114,0,1,0,243,red,6925,T8B
115,0,1,0,243,red,6925,T8B
116,0,1,0,243,red,6925,T8B
117,0,1,0,243,red,6925,T8B
118,0,1,0,243,red,6925,T8B
119,0,1,0,243,red,6925,T8B
120,0,1,0,243,red,6925,T8B
121,0,1,0,243,red,6925,T8B
122,0,1,0,243,red,6925,T8B
123,0,1,0,243,red,6925,T8B
124,0,1,0,243,red,6925,T8B
125,0,1,0,243,red,6925,T8B
126,0,1,0,243,red,6925,T8B
127,0,1,0,243,red,6925,T8B
128,0,1,0,243,red,6925,T8B
129,0,1,0,243,red,6925,T8B
130,0,1,0,243,red,6925,T8B
131,0,1,0,243,red,6925,T8B
132,0,1,0,243,red,6925,T8B
133,0,1,0,243,red,6925,T8B
134,0,1,0,243,red,6925,T8B
135,0,1,0,243,red,6925,T8B
136,0,1,0,243,red,6925,T8B
137,0,1,0,243,red,6925,T8B
138,0,1,0,243,red,6925,T8B
139,0,1,0,243,red,6925,T8B
140,0,1,0,243,red,6925,T8B
141,0,1,0,243,red,6925,T8B
142,0,1,0,243,red,6925,T8B
143,0,1,0,243,red,6925,T8B
144,0,1,0,243,red,6925,T8B
145,0,1,0,243,red,6925,T8B
146,0,1,0,243,red,6925,T8B
147,0,1,0,243,red,6925,T8B
148,0,1,0,243,red,6925,T8B
149,0,1,0,243,red,6925,T8B
150,0,1,0,243,red,6925,T8B
151,0,1,0,243,red,6925,T8B
152,0,1,0,243,red,6925,T8B
153,0,1,0,243,red,6925,T8B
154,0,1,0,243,red,6925,T8B
155,0,1,0,243,red,6925,T8B
156,0,1,0,243,red,6925,T8B
157,0,1,0,243,red,6925,T8B
158,0,1,0,243,red,6925,T8B
159,0,1,0,243,red,6925,T8B
160,0,1,0,243,red,6925,T8B
161,0,1,0,243,red,6925,T8B
162,0,1,0,243,red,6925,T8B
163,0,1,0,243,red,6925,T8B
164,0,1,0,243,red,6925,T8B
165,0,1,0,243,red,6925,T8B
166,0,1,0,243,red,6925,T8B
167,0,1,0,243,red,6925,T8B
168,0,1,0,243,red,6925,T8B
169,0,1,0,243,red,6925,T8B
170,0,1,0,243,red,6925,T8B
171,0,1,0,243,red,6925,T8B
172,0,1,0,243,red,6925,T8B
173,0,1,0,243,red,6925,T8B
174,0,1,0,243,red,6925,T8B
175,0,1,0,243,red,6925,T8B
176,0,1,0,243,red,6925,T8B
177,0,1,0,243,red,6925,T8B
178,0,1,0,243,red,6925,T8B
179,0,1,0,243,red,6925,T8B
180,0,1,0,243,red,6925,T8B
181,0,1,0,243,red,6925,T8B
182,0,1,0,243,red,6925,T8B
183,0,1,0,243,red,6925,T8B
184,0,1,0,243,red,6925,T8B
185,0,1,0,243,red,6925,T8B
186,0,1,0,243,red,6925,T8B
187,0,1,0,243,red,6925,T8B
188,0,1,0,243,red,6925,T8B
189,0,1,0,243,red,6925,T8B
190,0,1,0,243,red,6925,T8B
191,0,1,0,243,red,6925,T8B
192,0,1,0,243,red,6925,T8B
193,0,1,0,243,red,6925,T8B
194,0,1,0,243,red,6925,T8B
195,0,1,0,243,red,6925,T8B
196,0,1,0,243,red,6925,T8B
197,0,1,0,243,red,6925,T8B
198,0,1,0,243,red,6925,T8B
199,0,1,0,243,red,6925,T8B
200,0,1,0,243,red,6925,T8B
201,0,1,0,243,red,6925,T8B
202,0,1,0,243,red,6925,T8B
203,0,1,0,243,red,6925,T8B
204,0,1,0,243,red,6925,T8B
205,0,1,0,243,red,6925,T8B
206,0,1,0,243,red,6925,T8B
207,0,1,0,243,red,6925,T8B
208,0,1,0,243,red,6925,T8B
209,0,1,0,243,red,6925,T8B
210,0,1,0,243,red,6925,T8B
211,0,1,0,243,red,6925,T8B
212,0,1,0,243,red,6925,T8B
213,0,1,0,243,red,6925,T8B
214,0,1,0,243,red,6925,T8B
215,0,1,0,243,red,6925,T8B
216,0,1,0,243,red,6925,T8B
217,0,1,0,243,red,6925,T8B
218,0,1,0,243,red,6925,T8B
219,0,1,0,243,red,6925,T8B
220,0,1,0,243,red,6925,T8B
221,0,1,0,243,red,6925,T8B
222,0,1,0,243,red,6925,T8B
0,0,0,1,244,red,6449,T8B
1,0,0,1,244,red,6449,T8B
2,0,0,1,244,red,6449,T8B
3,0,0,1,244,red,6449,T8B
4,0,0,1,244,red,6449,T8B
5,0,0,1,244,red,6449,T8B
6,0,0,1,244,red,6449,T8B
7,0,0,1,244,red,6449,T8B
8,0,0,1,244,red,6449,T8B
9,0,0,1,244,red,6449,T8B
10,0,0,1,244,red,6449,T8B
11,0,0,1,244,red,6449,T8B
12,0,0,1,244,red,6449,T8B
13,0,0,1,244,red,6449,T8B
14,0,0,1,244,red,6449,T8B
15,0,0,1,244,red,6449,T8B
16,0,0,1,244,red,6449,T8B
17,0,0,1,244,red,6449,T8B
18,0,0,1,244,red,6449,T8B
19,0,0,1,244,red,6449,T8B
20,0,0,1,244,red,6449,T8B
21,0,0,1,244,red,6449,T8B
22,0,0,1,244,red,6449,T8B
23,0,0,1,244,red,6449,T8B
24,0,0,1,244,red,6449,T8B
25,0,0,1,244,red,6449,T8B
26,0,0,1,244,red,6449,T8B
27,0,0,1,244,red,6449,T8B
28,0,0,1,244,red,6449,T8B
29,0,0,1,244,red,6449,T8B
30,0,0,1,244,red,6449,T8B
31,0,0,1,244,red,6449,T8B
32,0,0,1,244,red,6449,T8B
33,0,0,1,244,red,6449,T8B
34,0,0,1,244,red,6449,T8B
35,0,0,1,244,red,6449,T8B
36,0,0,1,244,red,6449,T8B
37,0,0,1,244,red,6449,T8B
38,0,1,0,244,red,6449,T8B
39,0,1,0,244,red,6449,T8B
40,0,1,0,244,red,6449,T8B
41,0,1,0,244,red,6449,T8B
42,0,1,0,244,red,6449,T8B
43,0,1,0,244,red,6449,T8B
44,0,1,0,244,red,6449,T8B
45,0,1,0,244,red,6449,T8B
46,0,1,0,244,red,6449,T8B
47,0,1,0,244,red,6449,T8B
48,0,1,0,244,red,6449,T8B
49,0,1,0,244,red,6449,T8B
50,0,1,0,244,red,6449,T8B
51,0,1,0,244,red,6449,T8B
52,0,1,0,244,red,6449,T8B
53,0,1,0,244,red,6449,T8B
54,0,1,0,244,red,6449,T8B
55,0,1,0,244,red,6449,T8B
56,0,1,0,244,red,6449,T8B
57,0,1,0,244,red,6449,T8B
58,0,1,0,244,red,6449,T8B
59,0,1,0,244,red,6449,T8B
60,0,1,0,244,red,6449,T8B
61,0,1,0,244,red,6449,T8B
62,0,1,0,244,red,6449,T8B
63,0,1,0,244,red,6449,T8B
64,0,1,0,244,red,6449,T8B
65,0,1,0,244,red,6449,T8B
66,0,1,0,244,red,6449,T8B
67,0,1,0,244,red,6449,T8B
68,0,1,0,244,red,6449,T8B
69,0,1,0,244,red,6449,T8B
70,0,1,0,244,red,6449,T8B
71,0,1,0,244,red,6449,T8B
72,0,1,0,244,red,6449,T8B
73,0,1,0,244,red,6449,T8B
74,0,1,0,244,red,6449,T8B
75,0,1,0,244,red,6449,T8B
76,0,1,0,244,red,6449,T8B
77,0,1,0,244,red,6449,T8B
78,0,1,0,244,red,6449,T8B
79,0,1,0,244,red,6449,T8B
80,0,1,0,244,red,6449,T8B
81,0,1,0,244,red,6449,T8B
82,0,1,0,244,red,6449,T8B
83,0,1,0,244,red,6449,T8B
84,0,1,0,244,red,6449,T8B
85,0,1,0,244,red,6449,T8B
86,0,1,0,244,red,6449,T8B
87,0,1,0,244,red,6449,T8B
88,0,1,0,244,red,6449,T8B
89,0,1,0,244,red,6449,T8B
90,0,1,0,244,red,6449,T8B
91,0,1,0,244,red,6449,T8B
92,0,1,0,244,red,6449,T8B
93,0,1,0,244,red,6449,T8B
94,0,1,0,244,red,6449,T8B
95,0,1,0,244,red,6449,T8B
96,0,1,0,244,red,6449,T8B
97,0,1,0,244,red,6449,T8B
98,0,1,0,244,red,6449,T8B
99,0,1,0,244,red,6449,T8B
100,0,1,0,244,red,6449,T8B
101,0,1,0,244,red,6449,T8B
102,0,1,0,244,red,6449,T8B
103,0,1,0,244,red,6449,T8B
104,0,1,0,244,red,6449,T8B
105,0,1,0,244,red,6449,T8B
106,0,1,0,244,red,6449,T8B
107,0,1,0,244,red,6449,T8B
108,0,1,0,244,red,6449,T8B
109,0,1,0,244,red,6449,T8B
110,0,1,0,244,red,6449,T8B
111,0,1,0,244,red,6449,T8B
112,0,1,0,244,red,6449,T8B
113,0,1,0,244,red,6449,T8B
114,0,1,0,244,red,6449,T8B
115,0,1,0,244,red,6449,T8B
116,0,1,0,244,red,6449,T8B
117,0,1,0,244,red,6449,T8B
118,0,1,0,244,red,6449,T8B
119,0,1,0,244,red,6449,T8B
120,0,1,0,244,red,6449,T8B
121,0,1,0,244,red,6449,T8B
122,0,1,0,244,red,6449,T8B
123,0,1,0,244,red,6449,T8B
124,0,1,0,244,red,6449,T8B
125,0,1,0,244,red,6449,T8B
126,0,1,0,244,red,6449,T8B
127,0,1,0,244,red,6449,T8B
128,0,1,0,244,red,6449,T8B
129,0,1,0,244,red,6449,T8B
130,0,1,0,244,red,6449,T8B
131,0,1,0,244,red,6449,T8B
132,0,1,0,244,red,6449,T8B
133,0,1,0,244,red,6449,T8B
134,0,1,0,244,red,6449,T8B
135,0,1,0,244,red,6449,T8B
136,0,1,0,244,red,6449,T8B
137,0,1,0,244,red,6449,T8B
138,0,1,0,244,red,6449,T8B
139,0,1,0,244,red,6449,T8B
140,0,1,0,244,red,6449,T8B
141,0,1,0,244,red,6449,T8B
142,0,1,0,244,red,6449,T8B
143,0,1,0,244,red,6449,T8B
144,0,1,0,244,red,6449,T8B
145,0,1,0,244,red,6449,T8B
146,0,1,0,244,red,6449,T8B
147,0,1,0,244,red,6449,T8B
148,0,1,0,244,red,6449,T8B
149,0,1,0,244,red,6449,T8B
150,0,1,0,244,red,6449,T8B
151,0,1,0,244,red,6449,T8B
152,0,1,0,244,red,6449,T8B
153,0,1,0,244,red,6449,T8B
154,0,1,0,244,red,6449,T8B
155,0,1,0,244,red,6449,T8B
156,0,1,0,244,red,6449,T8B
157,0,1,0,244,red,6449,T8B
158,0,1,0,244,red,6449,T8B
159,0,1,0,244,red,6449,T8B
160,0,1,0,244,red,6449,T8B
161,0,1,0,244,red,6449,T8B
162,0,1,0,244,red,6449,T8B
163,0,1,0,244,red,6449,T8B
164,0,1,0,244,red,6449,T8B
165,0,1,0,244,red,6449,T8B
166,0,1,0,244,red,6449,T8B
167,0,1,0,244,red,6449,T8B
168,0,1,0,244,red,6449,T8B
169,0,1,0,244,red,6449,T8B
170,0,1,0,244,red,6449,T8B
171,0,1,0,244,red,6449,T8B
172,0,1,0,244,red,6449,T8B
173,0,1,0,244,red,6449,T8B
174,0,1,0,244,red,6449,T8B
175,0,1,0,244,red,6449,T8B
176,0,1,0,244,red,6449,T8B
177,0,1,0,244,red,6449,T8B
178,0,1,0,244,red,6449,T8B
179,0,1,0,244,red,6449,T8B
180,0,1,0,244,red,6449,T8B
181,0,1,0,244,red,6449,T8B
182,0,1,0,244,red,6449,T8B
183,0,1,0,244,red,6449,T8B
184,0,1,0,244,red,6449,T8B
185,0,1,0,244,red,6449,T8B
186,0,1,0,244,red,6449,T8B
187,0,1,0,244,red,6449,T8B
188,0,1,0,244,red,6449,T8B
189,0,1,0,244,red,6449,T8B
190,0,1,0,244,red,6449,T8B
191,0,1,0,244,red,6449,T8B
192,0,0,1,244,red,6449,T8B
193,1,0,0,244,red,6449,T8B
194,1,0,0,244,red,6449,T8B
195,1,0,0,244,red,6449,T8B
196,1,0,0,244,red,6449,T8B
197,1,0,0,244,red,6449,T8B
198,1,0,0,244,red,6449,T8B
199,1,0,0,244,red,6449,T8B
200,1,0,0,244,red,6449,T8B
201,1,0,0,244,red,6449,T8B
202,1,0,0,244,red,6449,T8B
203,1,0,0,244,red,6449,T8B
204,1,0,0,244,red,6449,T8B
205,1,0,0,244,red,6449,T8B
206,1,0,0,244,red,6449,T8B
207,1,0,0,244,red,6449,T8B
208,1,0,0,244,red,6449,T8B
209,1,0,0,244,red,6449,T8B
210,1,0,0,244,red,6449,T8B
211,1,0,0,244,red,6449,T8B
212,1,0,0,244,red,6449,T8B
213,1,0,0,244,red,6449,T8B
214,1,0,0,244,red,6449,T8B
215,1,0,0,244,red,6449,T8B
216,1,0,0,244,red,6449,T8B
217,1,0,0,244,red,6449,T8B
218,1,0,0,244,red,6449,T8B
219,1,0,0,244,red,6449,T8B
220,1,0,0,244,red,6449,T8B
221,1,0,0,244,red,6449,T8B
222,1,0,0,244,red,6449,T8B
0,0,0,1,245,red,6163,T8B
1,0,0,1,245,red,6163,T8B
2,0,0,1,245,red,6163,T8B
3,0,0,1,245,red,6163,T8B
4,0,0,1,245,red,6163,T8B
5,0,0,1,245,red,6163,T8B
6,0,0,1,245,red,6163,T8B
7,0,0,1,245,red,6163,T8B
8,0,0,1,245,red,6163,T8B
9,0,0,1,245,red,6163,T8B
10,0,0,1,245,red,6163,T8B
11,0,0,1,245,red,6163,T8B
12,0,0,1,245,red,6163,T8B
13,0,0,1,245,red,6163,T8B
14,0,0,1,245,red,6163,T8B
15,0,0,1,245,red,6163,T8B
16,0,0,1,245,red,6163,T8B
17,0,0,1,245,red,6163,T8B
18,0,0,1,245,red,6163,T8B
19,0,0,1,245,red,6163,T8B
20,0,0,1,245,red,6163,T8B
21,0,0,1,245,red,6163,T8B
22,0,0,1,245,red,6163,T8B
23,0,0,1,245,red,6163,T8B
24,0,0,1,245,red,6163,T8B
25,0,0,1,245,red,6163,T8B
26,0,0,1,245,red,6163,T8B
27,0,0,1,245,red,6163,T8B
28,0,0,1,245,red,6163,T8B
29,0,0,1,245,red,6163,T8B
30,0,0,1,245,red,6163,T8B
31,0,0,1,245,red,6163,T8B
32,0,0,1,245,red,6163,T8B
33,0,0,1,245,red,6163,T8B
34,0,0,1,245,red,6163,T8B
35,0,1,0,245,red,6163,T8B
36,0,1,0,245,red,6163,T8B
37,0,1,0,245,red,6163,T8B
38,0,1,0,245,red,6163,T8B
39,0,1,0,245,red,6163,T8B
40,0,1,0,245,red,6163,T8B
41,0,1,0,245,red,6163,T8B
42,0,1,0,245,red,6163,T8B
43,0,1,0,245,red,6163,T8B
44,0,1,0,245,red,6163,T8B
45,0,1,0,245,red,6163,T8B
46,0,1,0,245,red,6163,T8B
47,0,1,0,245,red,6163,T8B
48,0,1,0,245,red,6163,T8B
49,0,1,0,245,red,6163,T8B
50,0,1,0,245,red,6163,T8B
51,0,1,0,245,red,6163,T8B
52,0,1,0,245,red,6163,T8B
53,0,1,0,245,red,6163,T8B
54,0,1,0,245,red,6163,T8B
55,0,1,0,245,red,6163,T8B
56,0,1,0,245,red,6163,T8B
57,0,1,0,245,red,6163,T8B
58,0,1,0,245,red,6163,T8B
59,0,1,0,245,red,6163,T8B
60,0,1,0,245,red,6163,T8B
61,0,1,0,245,red,6163,T8B
62,0,1,0,245,red,6163,T8B
63,0,1,0,245,red,6163,T8B
64,0,1,0,245,red,6163,T8B
65,0,1,0,245,red,6163,T8B
66,0,1,0,245,red,6163,T8B
67,0,1,0,245,red,6163,T8B
68,0,1,0,245,red,6163,T8B
69,0,1,0,245,red,6163,T8B
70,0,1,0,245,red,6163,T8B
71,0,1,0,245,red,6163,T8B
72,0,1,0,245,red,6163,T8B
73,0,1,0,245,red,6163,T8B
74,0,1,0,245,red,6163,T8B
75,0,1,0,245,red,6163,T8B
76,0,1,0,245,red,6163,T8B
77,0,1,0,245,red,6163,T8B
78,0,1,0,245,red,6163,T8B
79,0,1,0,245,red,6163,T8B
80,0,1,0,245,red,6163,T8B
81,0,1,0,245,red,6163,T8B
82,0,1,0,245,red,6163,T8B
83,0,1,0,245,red,6163,T8B
84,0,1,0,245,red,6163,T8B
85,0,1,0,245,red,6163,T8B
86,0,1,0,245,red,6163,T8B
87,0,1,0,245,red,6163,T8B
88,0,1,0,245,red,6163,T8B
89,0,1,0,245,red,6163,T8B
90,0,1,0,245,red,6163,T8B
91,0,1,0,245,red,6163,T8B
92,0,1,0,245,red,6163,T8B
93,0,1,0,245,red,6163,T8B
94,0,1,0,245,red,6163,T8B
95,0,1,0,245,red,6163,T8B
96,0,1,0,245,red,6163,T8B
97,0,1,0,245,red,6163,T8B
98,0,1,0,245,red,6163,T8B
99,0,1,0,245,red,6163,T8B
100,0,1,0,245,red,6163,T8B
101,0,1,0,245,red,6163,T8B
102,0,1,0,245,red,6163,T8B
103,0,1,0,245,red,6163,T8B
104,0,1,0,245,red,6163,T8B
105,0,1,0,245,red,6163,T8B
106,0,1,0,245,red,6163,T8B
107,0,1,0,245,red,6163,T8B
108,0,1,0,245,red,6163,T8B
109,0,1,0,245,red,6163,T8B
110,0,1,0,245,red,6163,T8B
111,0,1,0,245,red,6163,T8B
112,0,1,0,245,red,6163,T8B
113,0,1,0,245,red,6163,T8B
114,0,1,0,245,red,6163,T8B
115,0,1,0,245,red,6163,T8B
116,0,1,0,245,red,6163,T8B
117,0,1,0,245,red,6163,T8B
118,0,1,0,245,red,6163,T8B
119,0,1,0,245,red,6163,T8B
120,0,1,0,245,red,6163,T8B
121,0,1,0,245,red,6163,T8B
122,0,1,0,245,red,6163,T8B
123,0,1,0,245,red,6163,T8B
124,0,1,0,245,red,6163,T8B
125,0,1,0,245,red,6163,T8B
126,0,1,0,245,red,6163,T8B
127,0,1,0,245,red,6163,T8B
128,0,1,0,245,red,6163,T8B
129,0,1,0,245,red,6163,T8B
130,0,1,0,245,red,6163,T8B
131,0,1,0,245,red,6163,T8B
132,0,1,0,245,red,6163,T8B
133,0,1,0,245,red,6163,T8B
134,0,1,0,245,red,6163,T8B
135,0,1,0,245,red,6163,T8B
136,0,1,0,245,red,6163,T8B
137,0,1,0,245,red,6163,T8B
138,0,1,0,245,red,6163,T8B
139,0,1,0,245,red,6163,T8B
140,0,1,0,245,red,6163,T8B
141,0,1,0,245,red,6163,T8B
142,0,1,0,245,red,6163,T8B
143,0,1,0,245,red,6163,T8B
144,0,1,0,245,red,6163,T8B
145,0,1,0,245,red,6163,T8B
146,0,0,1,245,red,6163,T8B
147,1,0,0,245,red,6163,T8B
148,1,0,0,245,red,6163,T8B
149,1,0,0,245,red,6163,T8B
150,1,0,0,245,red,6163,T8B
151,1,0,0,245,red,6163,T8B
152,1,0,0,245,red,6163,T8B
153,1,0,0,245,red,6163,T8B
154,1,0,0,245,red,6163,T8B
155,1,0,0,245,red,6163,T8B
156,1,0,0,245,red,6163,T8B
157,1,0,0,245,red,6163,T8B
158,1,0,0,245,red,6163,T8B
159,1,0,0,245,red,6163,T8B
160,1,0,0,245,red,6163,T8B
161,1,0,0,245,red,6163,T8B
162,1,0,0,245,red,6163,T8B
163,1,0,0,245,red,6163,T8B
164,1,0,0,245,red,6163,T8B
165,1,0,0,245,red,6163,T8B
166,1,0,0,245,red,6163,T8B
167,1,0,0,245,red,6163,T8B
168,1,0,0,245,red,6163,T8B
169,1,0,0,245,red,6163,T8B
170,1,0,0,245,red,6163,T8B
171,1,0,0,245,red,6163,T8B
172,1,0,0,245,red,6163,T8B
173,1,0,0,245,red,6163,T8B
174,1,0,0,245,red,6163,T8B
175,1,0,0,245,red,6163,T8B
176,1,0,0,245,red,6163,T8B
177,1,0,0,245,red,6163,T8B
178,1,0,0,245,red,6163,T8B
179,1,0,0,245,red,6163,T8B
180,1,0,0,245,red,6163,T8B
181,1,0,0,245,red,6163,T8B
182,1,0,0,245,red,6163,T8B
183,1,0,0,245,red,6163,T8B
184,1,0,0,245,red,6163,T8B
185,1,0,0,245,red,6163,T8B
186,1,0,0,245,red,6163,T8B
187,1,0,0,245,red,6163,T8B
188,1,0,0,245,red,6163,T8B
189,1,0,0,245,red,6163,T8B
190,1,0,0,245,red,6163,T8B
191,1,0,0,245,red,6163,T8B
192,1,0,0,245,red,6163,T8B
193,1,0,0,245,red,6163,T8B
194,1,0,0,245,red,6163,T8B
195,1,0,0,245,red,6163,T8B
196,1,0,0,245,red,6163,T8B
197,1,0,0,245,red,6163,T8B
198,1,0,0,245,red,6163,T8B
199,1,0,0,245,red,6163,T8B
200,1,0,0,245,red,6163,T8B
201,1,0,0,245,red,6163,T8B
202,1,0,0,245,red,6163,T8B
203,1,0,0,245,red,6163,T8B
204,1,0,0,245,red,6163,T8B
205,1,0,0,245,red,6163,T8B
206,1,0,0,245,red,6163,T8B
207,1,0,0,245,red,6163,T8B
208,1,0,0,245,red,6163,T8B
209,1,0,0,245,red,6163,T8B
210,1,0,0,245,red,6163,T8B
211,1,0,0,245,red,6163,T8B
212,1,0,0,245,red,6163,T8B
213,1,0,0,245,red,6163,T8B
214,1,0,0,245,red,6163,T8B
215,1,0,0,245,red,6163,T8B
216,1,0,0,245,red,6163,T8B
217,1,0,0,245,red,6163,T8B
218,1,0,0,245,red,6163,T8B
219,1,0,0,245,red,6163,T8B
220,1,0,0,245,red,6163,T8B
221,1,0,0,245,red,6163,T8B
222,1,0,0,245,red,6163,T8B
0,0,0,1,246,red,6609,T8B
1,0,0,1,246,red,6609,T8B
2,0,0,1,246,red,6609,T8B
3,0,0,1,246,red,6609,T8B
4,0,0,1,246,red,6609,T8B
5,0,0,1,246,red,6609,T8B
6,0,0,1,246,red,6609,T8B
7,0,0,1,246,red,6609,T8B
8,0,0,1,246,red,6609,T8B
9,0,0,1,246,red,6609,T8B
10,0,0,1,246,red,6609,T8B
11,0,0,1,246,red,6609,T8B
12,0,0,1,246,red,6609,T8B
13,0,0,1,246,red,6609,T8B
14,0,0,1,246,red,6609,T8B
15,0,0,1,246,red,6609,T8B
16,0,0,1,246,red,6609,T8B
17,0,0,1,246,red,6609,T8B
18,0,0,1,246,red,6609,T8B
19,0,0,1,246,red,6609,T8B
20,0,0,1,246,red,6609,T8B
21,0,0,1,246,red,6609,T8B
22,0,0,1,246,red,6609,T8B
23,0,0,1,246,red,6609,T8B
24,0,0,1,246,red,6609,T8B
25,0,0,1,246,red,6609,T8B
26,0,0,1,246,red,6609,T8B
27,0,0,1,246,red,6609,T8B
28,0,0,1,246,red,6609,T8B
29,0,0,1,246,red,6609,T8B
30,0,0,1,246,red,6609,T8B
31,0,0,1,246,red,6609,T8B
32,0,0,1,246,red,6609,T8B
33,0,0,1,246,red,6609,T8B
34,0,0,1,246,red,6609,T8B
35,0,0,1,246,red,6609,T8B
36,0,0,1,246,red,6609,T8B
37,0,0,1,246,red,6609,T8B
38,0,0,1,246,red,6609,T8B
39,0,0,1,246,red,6609,T8B
40,0,0,1,246,red,6609,T8B
41,0,0,1,246,red,6609,T8B
42,0,0,1,246,red,6609,T8B
43,0,0,1,246,red,6609,T8B
44,0,0,1,246,red,6609,T8B
45,0,0,1,246,red,6609,T8B
46,0,0,1,246,red,6609,T8B
47,0,0,1,246,red,6609,T8B
48,0,0,1,246,red,6609,T8B
49,0,0,1,246,red,6609,T8B
50,0,0,1,246,red,6609,T8B
51,0,0,1,246,red,6609,T8B
52,0,0,1,246,red,6609,T8B
53,0,0,1,246,red,6609,T8B
54,0,0,1,246,red,6609,T8B
55,0,0,1,246,red,6609,T8B
56,0,0,1,246,red,6609,T8B
57,0,0,1,246,red,6609,T8B
58,0,0,1,246,red,6609,T8B
59,0,0,1,246,red,6609,T8B
60,0,0,1,246,red,6609,T8B
61,0,0,1,246,red,6609,T8B
62,0,0,1,246,red,6609,T8B
63,0,0,1,246,red,6609,T8B
64,0,0,1,246,red,6609,T8B
65,0,0,1,246,red,6609,T8B
66,0,0,1,246,red,6609,T8B
67,0,0,1,246,red,6609,T8B
68,0,0,1,246,red,6609,T8B
69,0,0,1,246,red,6609,T8B
70,0,0,1,246,red,6609,T8B
71,0,0,1,246,red,6609,T8B
72,0,0,1,246,red,6609,T8B
73,0,0,1,246,red,6609,T8B
74,0,0,1,246,red,6609,T8B
75,0,0,1,246,red,6609,T8B
76,0,0,1,246,red,6609,T8B
77,0,0,1,246,red,6609,T8B
78,0,0,1,246,red,6609,T8B
79,0,0,1,246,red,6609,T8B
80,0,0,1,246,red,6609,T8B
81,0,0,1,246,red,6609,T8B
82,0,0,1,246,red,6609,T8B
83,0,0,1,246,red,6609,T8B
84,0,0,1,246,red,6609,T8B
85,0,0,1,246,red,6609,T8B
86,0,0,1,246,red,6609,T8B
87,0,0,1,246,red,6609,T8B
88,0,0,1,246,red,6609,T8B
89,0,0,1,246,red,6609,T8B
90,0,0,1,246,red,6609,T8B
91,0,0,1,246,red,6609,T8B
92,0,0,1,246,red,6609,T8B
93,0,0,1,246,red,6609,T8B
94,0,0,1,246,red,6609,T8B
95,0,0,1,246,red,6609,T8B
96,0,0,1,246,red,6609,T8B
97,0,0,1,246,red,6609,T8B
98,0,0,1,246,red,6609,T8B
99,0,0,1,246,red,6609,T8B
100,0,0,1,246,red,6609,T8B
101,0,0,1,246,red,6609,T8B
102,0,0,1,246,red,6609,T8B
103,0,0,1,246,red,6609,T8B
104,0,1,0,246,red,6609,T8B
105,0,1,0,246,red,6609,T8B
106,0,1,0,246,red,6609,T8B
107,0,1,0,246,red,6609,T8B
108,0,1,0,246,red,6609,T8B
109,0,1,0,246,red,6609,T8B
110,0,1,0,246,red,6609,T8B
111,0,1,0,246,red,6609,T8B
112,0,1,0,246,red,6609,T8B
113,0,1,0,246,red,6609,T8B
114,0,1,0,246,red,6609,T8B
115,0,1,0,246,red,6609,T8B
116,0,1,0,246,red,6609,T8B
117,0,1,0,246,red,6609,T8B
118,0,1,0,246,red,6609,T8B
119,0,1,0,246,red,6609,T8B
120,0,1,0,246,red,6609,T8B
121,0,1,0,246,red,6609,T8B
122,0,1,0,246,red,6609,T8B
123,0,1,0,246,red,6609,T8B
124,0,1,0,246,red,6609,T8B
125,0,1,0,246,red,6609,T8B
126,0,1,0,246,red,6609,T8B
127,0,1,0,246,red,6609,T8B
128,0,1,0,246,red,6609,T8B
129,0,1,0,246,red,6609,T8B
130,0,1,0,246,red,6609,T8B
131,0,1,0,246,red,6609,T8B
132,0,1,0,246,red,6609,T8B
133,0,1,0,246,red,6609,T8B
134,0,1,0,246,red,6609,T8B
135,0,1,0,246,red,6609,T8B
136,0,1,0,246,red,6609,T8B
137,0,1,0,246,red,6609,T8B
138,0,1,0,246,red,6609,T8B
139,0,1,0,246,red,6609,T8B
140,0,1,0,246,red,6609,T8B
141,0,1,0,246,red,6609,T8B
142,0,1,0,246,red,6609,T8B
143,0,1,0,246,red,6609,T8B
144,0,1,0,246,red,6609,T8B
145,0,1,0,246,red,6609,T8B
146,0,1,0,246,red,6609,T8B
147,0,1,0,246,red,6609,T8B
148,0,1,0,246,red,6609,T8B
149,0,1,0,246,red,6609,T8B
150,0,1,0,246,red,6609,T8B
151,0,1,0,246,red,6609,T8B
152,0,1,0,246,red,6609,T8B
153,0,1,0,246,red,6609,T8B
154,0,1,0,246,red,6609,T8B
155,0,1,0,246,red,6609,T8B
156,0,1,0,246,red,6609,T8B
157,0,1,0,246,red,6609,T8B
158,0,1,0,246,red,6609,T8B
159,0,1,0,246,red,6609,T8B
160,0,1,0,246,red,6609,T8B
161,0,1,0,246,red,6609,T8B
162,0,1,0,246,red,6609,T8B
163,0,1,0,246,red,6609,T8B
164,0,1,0,246,red,6609,T8B
165,0,1,0,246,red,6609,T8B
166,0,1,0,246,red,6609,T8B
167,0,1,0,246,red,6609,T8B
168,0,1,0,246,red,6609,T8B
169,0,1,0,246,red,6609,T8B
170,0,1,0,246,red,6609,T8B
171,0,1,0,246,red,6609,T8B
172,0,1,0,246,red,6609,T8B
173,0,1,0,246,red,6609,T8B
174,0,1,0,246,red,6609,T8B
175,0,1,0,246,red,6609,T8B
176,0,1,0,246,red,6609,T8B
177,0,1,0,246,red,6609,T8B
178,0,1,0,246,red,6609,T8B
179,0,1,0,246,red,6609,T8B
180,0,1,0,246,red,6609,T8B
181,0,1,0,246,red,6609,T8B
182,0,1,0,246,red,6609,T8B
183,0,1,0,246,red,6609,T8B
184,0,1,0,246,red,6609,T8B
185,0,1,0,246,red,6609,T8B
186,0,1,0,246,red,6609,T8B
187,0,1,0,246,red,6609,T8B
188,0,1,0,246,red,6609,T8B
189,0,1,0,246,red,6609,T8B
190,0,1,0,246,red,6609,T8B
191,0,1,0,246,red,6609,T8B
192,0,1,0,246,red,6609,T8B
193,0,1,0,246,red,6609,T8B
194,0,1,0,246,red,6609,T8B
195,0,0,1,246,red,6609,T8B
196,0,0,1,246,red,6609,T8B
197,0,0,1,246,red,6609,T8B
198,0,0,1,246,red,6609,T8B
199,0,0,1,246,red,6609,T8B
200,0,0,1,246,red,6609,T8B
201,0,0,1,246,red,6609,T8B
202,1,0,0,246,red,6609,T8B
203,1,0,0,246,red,6609,T8B
204,1,0,0,246,red,6609,T8B
205,1,0,0,246,red,6609,T8B
206,1,0,0,246,red,6609,T8B
207,1,0,0,246,red,6609,T8B
208,1,0,0,246,red,6609,T8B
209,1,0,0,246,red,6609,T8B
210,1,0,0,246,red,6609,T8B
211,1,0,0,246,red,6609,T8B
212,1,0,0,246,red,6609,T8B
213,1,0,0,246,red,6609,T8B
214,1,0,0,246,red,6609,T8B
215,1,0,0,246,red,6609,T8B
216,1,0,0,246,red,6609,T8B
217,1,0,0,246,red,6609,T8B
218,1,0,0,246,red,6609,T8B
219,1,0,0,246,red,6609,T8B
220,1,0,0,246,red,6609,T8B
221,1,0,0,246,red,6609,T8B
222,1,0,0,246,red,6609,T8B
0,0,0,1,247,red,7834,T8B
1,0,0,1,247,red,7834,T8B
2,0,0,1,247,red,7834,T8B
3,0,0,1,247,red,7834,T8B
4,0,0,1,247,red,7834,T8B
5,0,0,1,247,red,7834,T8B
6,0,0,1,247,red,7834,T8B
7,0,0,1,247,red,7834,T8B
8,0,0,1,247,red,7834,T8B
9,0,0,1,247,red,7834,T8B
10,0,0,1,247,red,7834,T8B
11,0,0,1,247,red,7834,T8B
12,0,0,1,247,red,7834,T8B
13,0,0,1,247,red,7834,T8B
14,0,0,1,247,red,7834,T8B
15,0,0,1,247,red,7834,T8B
16,0,0,1,247,red,7834,T8B
17,0,0,1,247,red,7834,T8B
18,0,0,1,247,red,7834,T8B
19,0,0,1,247,red,7834,T8B
20,0,0,1,247,red,7834,T8B
21,0,0,1,247,red,7834,T8B
22,0,0,1,247,red,7834,T8B
23,0,0,1,247,red,7834,T8B
24,0,0,1,247,red,7834,T8B
25,0,0,1,247,red,7834,T8B
26,0,0,1,247,red,7834,T8B
27,0,0,1,247,red,7834,T8B
28,0,0,1,247,red,7834,T8B
29,0,0,1,247,red,7834,T8B
30,0,0,1,247,red,7834,T8B
31,0,0,1,247,red,7834,T8B
32,0,0,1,247,red,7834,T8B
33,0,0,1,247,red,7834,T8B
34,0,0,1,247,red,7834,T8B
35,0,0,1,247,red,7834,T8B
36,0,0,1,247,red,7834,T8B
37,0,0,1,247,red,7834,T8B
38,0,0,1,247,red,7834,T8B
39,0,0,1,247,red,7834,T8B
40,0,0,1,247,red,7834,T8B
41,0,0,1,247,red,7834,T8B
42,1,0,0,247,red,7834,T8B
43,1,0,0,247,red,7834,T8B
44,1,0,0,247,red,7834,T8B
45,1,0,0,247,red,7834,T8B
46,1,0,0,247,red,7834,T8B
47,1,0,0,247,red,7834,T8B
48,1,0,0,247,red,7834,T8B
49,1,0,0,247,red,7834,T8B
50,1,0,0,247,red,7834,T8B
51,1,0,0,247,red,7834,T8B
52,1,0,0,247,red,7834,T8B
53,1,0,0,247,red,7834,T8B
54,1,0,0,247,red,7834,T8B
55,0,0,1,247,red,7834,T8B
56,0,0,1,247,red,7834,T8B
57,0,0,1,247,red,7834,T8B
58,0,0,1,247,red,7834,T8B
59,0,1,0,247,red,7834,T8B
60,0,1,0,247,red,7834,T8B
61,0,1,0,247,red,7834,T8B
62,0,1,0,247,red,7834,T8B
63,0,1,0,247,red,7834,T8B
64,0,1,0,247,red,7834,T8B
65,0,1,0,247,red,7834,T8B
66,0,1,0,247,red,7834,T8B
67,0,1,0,247,red,7834,T8B
68,0,1,0,247,red,7834,T8B
69,0,1,0,247,red,7834,T8B
70,0,1,0,247,red,7834,T8B
71,0,1,0,247,red,7834,T8B
72,0,1,0,247,red,7834,T8B
73,0,1,0,247,red,7834,T8B
74,0,1,0,247,red,7834,T8B
75,0,1,0,247,red,7834,T8B
76,0,1,0,247,red,7834,T8B
77,0,1,0,247,red,7834,T8B
78,0,1,0,247,red,7834,T8B
79,0,1,0,247,red,7834,T8B
80,0,1,0,247,red,7834,T8B
81,0,1,0,247,red,7834,T8B
82,0,1,0,247,red,7834,T8B
83,0,1,0,247,red,7834,T8B
84,0,1,0,247,red,7834,T8B
85,0,1,0,247,red,7834,T8B
86,0,0,1,247,red,7834,T8B
87,0,0,1,247,red,7834,T8B
88,0,0,1,247,red,7834,T8B
89,0,0,1,247,red,7834,T8B
90,0,0,1,247,red,7834,T8B
91,0,0,1,247,red,7834,T8B
92,0,1,0,247,red,7834,T8B
93,0,1,0,247,red,7834,T8B
94,0,1,0,247,red,7834,T8B
95,0,1,0,247,red,7834,T8B
96,0,1,0,247,red,7834,T8B
97,0,1,0,247,red,7834,T8B
98,0,1,0,247,red,7834,T8B
99,0,1,0,247,red,7834,T8B
100,0,1,0,247,red,7834,T8B
101,0,1,0,247,red,7834,T8B
102,0,1,0,247,red,7834,T8B
103,0,1,0,247,red,7834,T8B
104,0,1,0,247,red,7834,T8B
105,0,1,0,247,red,7834,T8B
106,0,1,0,247,red,7834,T8B
107,0,1,0,247,red,7834,T8B
108,0,1,0,247,red,7834,T8B
109,0,1,0,247,red,7834,T8B
110,0,1,0,247,red,7834,T8B
111,0,1,0,247,red,7834,T8B
112,0,1,0,247,red,7834,T8B
113,0,1,0,247,red,7834,T8B
114,0,1,0,247,red,7834,T8B
115,0,1,0,247,red,7834,T8B
116,0,1,0,247,red,7834,T8B
117,0,1,0,247,red,7834,T8B
118,0,1,0,247,red,7834,T8B
119,0,1,0,247,red,7834,T8B
120,0,1,0,247,red,7834,T8B
121,0,1,0,247,red,7834,T8B
122,0,1,0,247,red,7834,T8B
123,0,1,0,247,red,7834,T8B
124,0,1,0,247,red,7834,T8B
125,0,1,0,247,red,7834,T8B
126,0,1,0,247,red,7834,T8B
127,0,1,0,247,red,7834,T8B
128,0,1,0,247,red,7834,T8B
129,0,1,0,247,red,7834,T8B
130,0,1,0,247,red,7834,T8B
131,0,1,0,247,red,7834,T8B
132,0,1,0,247,red,7834,T8B
133,0,1,0,247,red,7834,T8B
134,0,1,0,247,red,7834,T8B
135,0,1,0,247,red,7834,T8B
136,0,1,0,247,red,7834,T8B
137,0,1,0,247,red,7834,T8B
138,0,1,0,247,red,7834,T8B
139,0,1,0,247,red,7834,T8B
140,0,1,0,247,red,7834,T8B
141,0,1,0,247,red,7834,T8B
142,0,1,0,247,red,7834,T8B
143,0,1,0,247,red,7834,T8B
144,0,1,0,247,red,7834,T8B
145,0,1,0,247,red,7834,T8B
146,0,1,0,247,red,7834,T8B
147,0,1,0,247,red,7834,T8B
148,0,1,0,247,red,7834,T8B
149,0,1,0,247,red,7834,T8B
150,0,1,0,247,red,7834,T8B
151,0,1,0,247,red,7834,T8B
152,0,1,0,247,red,7834,T8B
153,0,1,0,247,red,7834,T8B
154,0,1,0,247,red,7834,T8B
155,0,1,0,247,red,7834,T8B
156,0,1,0,247,red,7834,T8B
157,0,1,0,247,red,7834,T8B
158,0,1,0,247,red,7834,T8B
159,0,1,0,247,red,7834,T8B
160,0,1,0,247,red,7834,T8B
161,0,1,0,247,red,7834,T8B
162,0,1,0,247,red,7834,T8B
163,0,1,0,247,red,7834,T8B
164,0,1,0,247,red,7834,T8B
165,0,1,0,247,red,7834,T8B
166,0,1,0,247,red,7834,T8B
167,0,1,0,247,red,7834,T8B
168,0,1,0,247,red,7834,T8B
169,0,1,0,247,red,7834,T8B
170,0,1,0,247,red,7834,T8B
171,0,1,0,247,red,7834,T8B
172,0,1,0,247,red,7834,T8B
173,0,1,0,247,red,7834,T8B
174,0,1,0,247,red,7834,T8B
175,0,1,0,247,red,7834,T8B
176,0,1,0,247,red,7834,T8B
177,0,1,0,247,red,7834,T8B
178,0,1,0,247,red,7834,T8B
179,0,1,0,247,red,7834,T8B
180,0,1,0,247,red,7834,T8B
181,0,1,0,247,red,7834,T8B
182,0,1,0,247,red,7834,T8B
183,0,1,0,247,red,7834,T8B
184,0,1,0,247,red,7834,T8B
185,0,1,0,247,red,7834,T8B
186,0,1,0,247,red,7834,T8B
187,1,0,0,247,red,7834,T8B
188,1,0,0,247,red,7834,T8B
189,1,0,0,247,red,7834,T8B
190,1,0,0,247,red,7834,T8B
191,1,0,0,247,red,7834,T8B
192,1,0,0,247,red,7834,T8B
193,1,0,0,247,red,7834,T8B
194,1,0,0,247,red,7834,T8B
195,1,0,0,247,red,7834,T8B
196,1,0,0,247,red,7834,T8B
197,1,0,0,247,red,7834,T8B
198,1,0,0,247,red,7834,T8B
199,1,0,0,247,red,7834,T8B
200,1,0,0,247,red,7834,T8B
201,1,0,0,247,red,7834,T8B
202,1,0,0,247,red,7834,T8B
203,1,0,0,247,red,7834,T8B
204,1,0,0,247,red,7834,T8B
205,1,0,0,247,red,7834,T8B
206,1,0,0,247,red,7834,T8B
207,1,0,0,247,red,7834,T8B
208,1,0,0,247,red,7834,T8B
209,1,0,0,247,red,7834,T8B
210,1,0,0,247,red,7834,T8B
211,1,0,0,247,red,7834,T8B
212,1,0,0,247,red,7834,T8B
213,1,0,0,247,red,7834,T8B
214,1,0,0,247,red,7834,T8B
215,1,0,0,247,red,7834,T8B
216,1,0,0,247,red,7834,T8B
217,1,0,0,247,red,7834,T8B
218,1,0,0,247,red,7834,T8B
219,1,0,0,247,red,7834,T8B
220,1,0,0,247,red,7834,T8B
221,1,0,0,247,red,7834,T8B
222,1,0,0,247,red,7834,T8B
0,0,0,1,248,red,7225,T8B
1,0,0,1,248,red,7225,T8B
2,0,0,1,248,red,7225,T8B
3,0,0,1,248,red,7225,T8B
4,0,0,1,248,red,7225,T8B
5,0,0,1,248,red,7225,T8B
6,0,0,1,248,red,7225,T8B
7,0,0,1,248,red,7225,T8B
8,0,0,1,248,red,7225,T8B
9,0,0,1,248,red,7225,T8B
10,0,0,1,248,red,7225,T8B
11,0,0,1,248,red,7225,T8B
12,0,0,1,248,red,7225,T8B
13,0,0,1,248,red,7225,T8B
14,0,0,1,248,red,7225,T8B
15,0,0,1,248,red,7225,T8B
16,0,0,1,248,red,7225,T8B
17,0,0,1,248,red,7225,T8B
18,0,0,1,248,red,7225,T8B
19,0,0,1,248,red,7225,T8B
20,0,0,1,248,red,7225,T8B
21,0,0,1,248,red,7225,T8B
22,0,0,1,248,red,7225,T8B
23,0,0,1,248,red,7225,T8B
24,0,0,1,248,red,7225,T8B
25,0,0,1,248,red,7225,T8B
26,0,0,1,248,red,7225,T8B
27,0,0,1,248,red,7225,T8B
28,0,0,1,248,red,7225,T8B
29,0,0,1,248,red,7225,T8B
30,0,0,1,248,red,7225,T8B
31,0,0,1,248,red,7225,T8B
32,0,0,1,248,red,7225,T8B
33,0,0,1,248,red,7225,T8B
34,0,0,1,248,red,7225,T8B
35,0,0,1,248,red,7225,T8B
36,0,0,1,248,red,7225,T8B
37,0,0,1,248,red,7225,T8B
38,0,0,1,248,red,7225,T8B
39,0,0,1,248,red,7225,T8B
40,0,0,1,248,red,7225,T8B
41,0,0,1,248,red,7225,T8B
42,0,0,1,248,red,7225,T8B
43,0,0,1,248,red,7225,T8B
44,1,0,0,248,red,7225,T8B
45,1,0,0,248,red,7225,T8B
46,1,0,0,248,red,7225,T8B
47,1,0,0,248,red,7225,T8B
48,1,0,0,248,red,7225,T8B
49,1,0,0,248,red,7225,T8B
50,1,0,0,248,red,7225,T8B
51,1,0,0,248,red,7225,T8B
52,1,0,0,248,red,7225,T8B
53,1,0,0,248,red,7225,T8B
54,1,0,0,248,red,7225,T8B
55,1,0,0,248,red,7225,T8B
56,1,0,0,248,red,7225,T8B
57,1,0,0,248,red,7225,T8B
58,1,0,0,248,red,7225,T8B
59,1,0,0,248,red,7225,T8B
60,1,0,0,248,red,7225,T8B
61,1,0,0,248,red,7225,T8B
62,1,0,0,248,red,7225,T8B
63,1,0,0,248,red,7225,T8B
64,1,0,0,248,red,7225,T8B
65,1,0,0,248,red,7225,T8B
66,1,0,0,248,red,7225,T8B
67,1,0,0,248,red,7225,T8B
68,1,0,0,248,red,7225,T8B
69,1,0,0,248,red,7225,T8B
70,1,0,0,248,red,7225,T8B
71,1,0,0,248,red,7225,T8B
72,1,0,0,248,red,7225,T8B
73,1,0,0,248,red,7225,T8B
74,1,0,0,248,red,7225,T8B
75,1,0,0,248,red,7225,T8B
76,1,0,0,248,red,7225,T8B
77,1,0,0,248,red,7225,T8B
78,1,0,0,248,red,7225,T8B
79,1,0,0,248,red,7225,T8B
80,1,0,0,248,red,7225,T8B
81,1,0,0,248,red,7225,T8B
82,1,0,0,248,red,7225,T8B
83,1,0,0,248,red,7225,T8B
84,1,0,0,248,red,7225,T8B
85,0,0,1,248,red,7225,T8B
86,0,1,0,248,red,7225,T8B
87,0,1,0,248,red,7225,T8B
88,0,1,0,248,red,7225,T8B
89,0,1,0,248,red,7225,T8B
90,0,1,0,248,red,7225,T8B
91,0,1,0,248,red,7225,T8B
92,0,1,0,248,red,7225,T8B
93,0,1,0,248,red,7225,T8B
94,0,1,0,248,red,7225,T8B
95,0,1,0,248,red,7225,T8B
96,0,1,0,248,red,7225,T8B
97,0,1,0,248,red,7225,T8B
98,0,1,0,248,red,7225,T8B
99,0,1,0,248,red,7225,T8B
100,0,1,0,248,red,7225,T8B
101,0,1,0,248,red,7225,T8B
102,0,1,0,248,red,7225,T8B
103,0,1,0,248,red,7225,T8B
104,0,1,0,248,red,7225,T8B
105,0,1,0,248,red,7225,T8B
106,0,1,0,248,red,7225,T8B
107,0,1,0,248,red,7225,T8B
108,0,1,0,248,red,7225,T8B
109,0,1,0,248,red,7225,T8B
110,0,1,0,248,red,7225,T8B
111,0,1,0,248,red,7225,T8B
112,0,1,0,248,red,7225,T8B
113,0,1,0,248,red,7225,T8B
114,0,1,0,248,red,7225,T8B
115,0,1,0,248,red,7225,T8B
116,0,1,0,248,red,7225,T8B
117,0,1,0,248,red,7225,T8B
118,0,1,0,248,red,7225,T8B
119,0,1,0,248,red,7225,T8B
120,0,1,0,248,red,7225,T8B
121,0,1,0,248,red,7225,T8B
122,0,1,0,248,red,7225,T8B
123,0,1,0,248,red,7225,T8B
124,0,1,0,248,red,7225,T8B
125,0,1,0,248,red,7225,T8B
126,0,1,0,248,red,7225,T8B
127,0,1,0,248,red,7225,T8B
128,0,1,0,248,red,7225,T8B
129,0,1,0,248,red,7225,T8B
130,0,1,0,248,red,7225,T8B
131,0,1,0,248,red,7225,T8B
132,0,1,0,248,red,7225,T8B
133,0,1,0,248,red,7225,T8B
134,0,1,0,248,red,7225,T8B
135,0,1,0,248,red,7225,T8B
136,0,1,0,248,red,7225,T8B
137,0,1,0,248,red,7225,T8B
138,0,1,0,248,red,7225,T8B
139,0,1,0,248,red,7225,T8B
140,0,1,0,248,red,7225,T8B
141,0,1,0,248,red,7225,T8B
142,0,1,0,248,red,7225,T8B
143,0,1,0,248,red,7225,T8B
144,0,1,0,248,red,7225,T8B
145,0,1,0,248,red,7225,T8B
146,0,1,0,248,red,7225,T8B
147,0,1,0,248,red,7225,T8B
148,0,1,0,248,red,7225,T8B
149,0,1,0,248,red,7225,T8B
150,0,1,0,248,red,7225,T8B
151,0,1,0,248,red,7225,T8B
152,0,1,0,248,red,7225,T8B
153,0,1,0,248,red,7225,T8B
154,0,1,0,248,red,7225,T8B
155,0,1,0,248,red,7225,T8B
156,0,1,0,248,red,7225,T8B
157,0,1,0,248,red,7225,T8B
158,0,1,0,248,red,7225,T8B
159,0,1,0,248,red,7225,T8B
160,0,0,1,248,red,7225,T8B
161,1,0,0,248,red,7225,T8B
162,1,0,0,248,red,7225,T8B
163,1,0,0,248,red,7225,T8B
164,1,0,0,248,red,7225,T8B
165,1,0,0,248,red,7225,T8B
166,1,0,0,248,red,7225,T8B
167,1,0,0,248,red,7225,T8B
168,1,0,0,248,red,7225,T8B
169,1,0,0,248,red,7225,T8B
170,1,0,0,248,red,7225,T8B
171,1,0,0,248,red,7225,T8B
172,1,0,0,248,red,7225,T8B
173,1,0,0,248,red,7225,T8B
174,1,0,0,248,red,7225,T8B
175,1,0,0,248,red,7225,T8B
176,1,0,0,248,red,7225,T8B
177,1,0,0,248,red,7225,T8B
178,1,0,0,248,red,7225,T8B
179,1,0,0,248,red,7225,T8B
180,1,0,0,248,red,7225,T8B
181,1,0,0,248,red,7225,T8B
182,1,0,0,248,red,7225,T8B
183,1,0,0,248,red,7225,T8B
184,1,0,0,248,red,7225,T8B
185,1,0,0,248,red,7225,T8B
186,1,0,0,248,red,7225,T8B
187,1,0,0,248,red,7225,T8B
188,1,0,0,248,red,7225,T8B
189,1,0,0,248,red,7225,T8B
190,1,0,0,248,red,7225,T8B
191,1,0,0,248,red,7225,T8B
192,1,0,0,248,red,7225,T8B
193,1,0,0,248,red,7225,T8B
194,1,0,0,248,red,7225,T8B
195,1,0,0,248,red,7225,T8B
196,1,0,0,248,red,7225,T8B
197,1,0,0,248,red,7225,T8B
198,1,0,0,248,red,7225,T8B
199,1,0,0,248,red,7225,T8B
200,1,0,0,248,red,7225,T8B
201,1,0,0,248,red,7225,T8B
202,1,0,0,248,red,7225,T8B
203,1,0,0,248,red,7225,T8B
204,1,0,0,248,red,7225,T8B
205,1,0,0,248,red,7225,T8B
206,1,0,0,248,red,7225,T8B
207,1,0,0,248,red,7225,T8B
208,1,0,0,248,red,7225,T8B
209,1,0,0,248,red,7225,T8B
210,1,0,0,248,red,7225,T8B
211,1,0,0,248,red,7225,T8B
212,1,0,0,248,red,7225,T8B
213,1,0,0,248,red,7225,T8B
214,1,0,0,248,red,7225,T8B
215,1,0,0,248,red,7225,T8B
216,1,0,0,248,red,7225,T8B
217,1,0,0,248,red,7225,T8B
218,1,0,0,248,red,7225,T8B
219,1,0,0,248,red,7225,T8B
220,1,0,0,248,red,7225,T8B
221,1,0,0,248,red,7225,T8B
222,1,0,0,248,red,7225,T8B
0,0,0,1,249,red,6819,T8B
1,0,0,1,249,red,6819,T8B
2,0,0,1,249,red,6819,T8B
3,0,0,1,249,red,6819,T8B
4,0,0,1,249,red,6819,T8B
5,0,0,1,249,red,6819,T8B
6,0,0,1,249,red,6819,T8B
7,0,0,1,249,red,6819,T8B
8,0,0,1,249,red,6819,T8B
9,0,0,1,249,red,6819,T8B
10,0,0,1,249,red,6819,T8B
11,0,0,1,249,red,6819,T8B
12,0,0,1,249,red,6819,T8B
13,0,0,1,249,red,6819,T8B
14,0,0,1,249,red,6819,T8B
15,0,0,1,249,red,6819,T8B
16,0,0,1,249,red,6819,T8B
17,0,0,1,249,red,6819,T8B
18,0,0,1,249,red,6819,T8B
19,0,0,1,249,red,6819,T8B
20,0,0,1,249,red,6819,T8B
21,0,0,1,249,red,6819,T8B
22,0,0,1,249,red,6819,T8B
23,0,0,1,249,red,6819,T8B
24,0,0,1,249,red,6819,T8B
25,0,0,1,249,red,6819,T8B
26,0,0,1,249,red,6819,T8B
27,0,0,1,249,red,6819,T8B
28,0,0,1,249,red,6819,T8B
29,0,0,1,249,red,6819,T8B
30,0,0,1,249,red,6819,T8B
31,0,0,1,249,red,6819,T8B
32,0,0,1,249,red,6819,T8B
33,0,0,1,249,red,6819,T8B
34,0,0,1,249,red,6819,T8B
35,0,0,1,249,red,6819,T8B
36,0,0,1,249,red,6819,T8B
37,0,0,1,249,red,6819,T8B
38,0,0,1,249,red,6819,T8B
39,0,0,1,249,red,6819,T8B
40,0,0,1,249,red,6819,T8B
41,0,0,1,249,red,6819,T8B
42,0,0,1,249,red,6819,T8B
43,0,0,1,249,red,6819,T8B
44,0,0,1,249,red,6819,T8B
45,0,0,1,249,red,6819,T8B
46,0,0,1,249,red,6819,T8B
47,0,0,1,249,red,6819,T8B
48,0,0,1,249,red,6819,T8B
49,0,0,1,249,red,6819,T8B
50,0,0,1,249,red,6819,T8B
51,0,0,1,249,red,6819,T8B
52,0,0,1,249,red,6819,T8B
53,0,0,1,249,red,6819,T8B
54,0,0,1,249,red,6819,T8B
55,0,0,1,249,red,6819,T8B
56,0,0,1,249,red,6819,T8B
57,0,0,1,249,red,6819,T8B
58,0,0,1,249,red,6819,T8B
59,0,0,1,249,red,6819,T8B
60,0,0,1,249,red,6819,T8B
61,0,0,1,249,red,6819,T8B
62,0,0,1,249,red,6819,T8B
63,0,0,1,249,red,6819,T8B
64,0,0,1,249,red,6819,T8B
65,0,0,1,249,red,6819,T8B
66,0,0,1,249,red,6819,T8B
67,0,0,1,249,red,6819,T8B
68,0,0,1,249,red,6819,T8B
69,0,0,1,249,red,6819,T8B
70,0,0,1,249,red,6819,T8B
71,0,0,1,249,red,6819,T8B
72,0,0,1,249,red,6819,T8B
73,0,0,1,249,red,6819,T8B
74,0,0,1,249,red,6819,T8B
75,0,0,1,249,red,6819,T8B
76,0,0,1,249,red,6819,T8B
77,0,0,1,249,red,6819,T8B
78,0,1,0,249,red,6819,T8B
79,0,1,0,249,red,6819,T8B
80,0,1,0,249,red,6819,T8B
81,0,1,0,249,red,6819,T8B
82,0,1,0,249,red,6819,T8B
83,0,1,0,249,red,6819,T8B
84,0,1,0,249,red,6819,T8B
85,0,1,0,249,red,6819,T8B
86,0,1,0,249,red,6819,T8B
87,0,1,0,249,red,6819,T8B
88,0,1,0,249,red,6819,T8B
89,0,1,0,249,red,6819,T8B
90,0,1,0,249,red,6819,T8B
91,0,1,0,249,red,6819,T8B
92,0,1,0,249,red,6819,T8B
93,0,1,0,249,red,6819,T8B
94,0,1,0,249,red,6819,T8B
95,0,1,0,249,red,6819,T8B
96,0,1,0,249,red,6819,T8B
97,0,1,0,249,red,6819,T8B
98,0,1,0,249,red,6819,T8B
99,0,1,0,249,red,6819,T8B
100,0,1,0,249,red,6819,T8B
101,0,1,0,249,red,6819,T8B
102,0,1,0,249,red,6819,T8B
103,0,1,0,249,red,6819,T8B
104,0,1,0,249,red,6819,T8B
105,0,1,0,249,red,6819,T8B
106,0,1,0,249,red,6819,T8B
107,0,1,0,249,red,6819,T8B
108,0,1,0,249,red,6819,T8B
109,0,1,0,249,red,6819,T8B
110,0,1,0,249,red,6819,T8B
111,0,1,0,249,red,6819,T8B
112,0,1,0,249,red,6819,T8B
113,0,1,0,249,red,6819,T8B
114,0,1,0,249,red,6819,T8B
115,0,1,0,249,red,6819,T8B
116,0,1,0,249,red,6819,T8B
117,0,1,0,249,red,6819,T8B
118,0,1,0,249,red,6819,T8B
119,0,1,0,249,red,6819,T8B
120,0,1,0,249,red,6819,T8B
121,0,1,0,249,red,6819,T8B
122,0,1,0,249,red,6819,T8B
123,0,1,0,249,red,6819,T8B
124,0,1,0,249,red,6819,T8B
125,0,1,0,249,red,6819,T8B
126,0,1,0,249,red,6819,T8B
127,0,1,0,249,red,6819,T8B
128,0,1,0,249,red,6819,T8B
129,0,1,0,249,red,6819,T8B
130,0,1,0,249,red,6819,T8B
131,0,1,0,249,red,6819,T8B
132,0,1,0,249,red,6819,T8B
133,0,1,0,249,red,6819,T8B
134,0,1,0,249,red,6819,T8B
135,0,1,0,249,red,6819,T8B
136,0,1,0,249,red,6819,T8B
137,0,1,0,249,red,6819,T8B
138,0,1,0,249,red,6819,T8B
139,0,1,0,249,red,6819,T8B
140,0,1,0,249,red,6819,T8B
141,0,1,0,249,red,6819,T8B
142,0,1,0,249,red,6819,T8B
143,0,1,0,249,red,6819,T8B
144,0,1,0,249,red,6819,T8B
145,0,1,0,249,red,6819,T8B
146,0,1,0,249,red,6819,T8B
147,0,1,0,249,red,6819,T8B
148,0,1,0,249,red,6819,T8B
149,0,1,0,249,red,6819,T8B
150,0,1,0,249,red,6819,T8B
151,0,1,0,249,red,6819,T8B
152,0,1,0,249,red,6819,T8B
153,0,1,0,249,red,6819,T8B
154,0,1,0,249,red,6819,T8B
155,0,1,0,249,red,6819,T8B
156,0,1,0,249,red,6819,T8B
157,0,1,0,249,red,6819,T8B
158,0,1,0,249,red,6819,T8B
159,0,1,0,249,red,6819,T8B
160,0,1,0,249,red,6819,T8B
161,0,1,0,249,red,6819,T8B
162,0,1,0,249,red,6819,T8B
163,0,1,0,249,red,6819,T8B
164,0,1,0,249,red,6819,T8B
165,0,1,0,249,red,6819,T8B
166,0,1,0,249,red,6819,T8B
167,0,1,0,249,red,6819,T8B
168,0,1,0,249,red,6819,T8B
169,0,1,0,249,red,6819,T8B
170,0,1,0,249,red,6819,T8B
171,0,1,0,249,red,6819,T8B
172,0,1,0,249,red,6819,T8B
173,0,1,0,249,red,6819,T8B
174,0,1,0,249,red,6819,T8B
175,0,1,0,249,red,6819,T8B
176,0,1,0,249,red,6819,T8B
177,0,1,0,249,red,6819,T8B
178,0,1,0,249,red,6819,T8B
179,0,1,0,249,red,6819,T8B
180,0,1,0,249,red,6819,T8B
181,0,0,1,249,red,6819,T8B
182,0,0,1,249,red,6819,T8B
183,0,0,1,249,red,6819,T8B
184,0,0,1,249,red,6819,T8B
185,0,0,1,249,red,6819,T8B
186,1,0,0,249,red,6819,T8B
187,1,0,0,249,red,6819,T8B
188,1,0,0,249,red,6819,T8B
189,1,0,0,249,red,6819,T8B
190,1,0,0,249,red,6819,T8B
191,1,0,0,249,red,6819,T8B
192,1,0,0,249,red,6819,T8B
193,1,0,0,249,red,6819,T8B
194,1,0,0,249,red,6819,T8B
195,1,0,0,249,red,6819,T8B
196,1,0,0,249,red,6819,T8B
197,1,0,0,249,red,6819,T8B
198,1,0,0,249,red,6819,T8B
199,1,0,0,249,red,6819,T8B
200,1,0,0,249,red,6819,T8B
201,1,0,0,249,red,6819,T8B
202,1,0,0,249,red,6819,T8B
203,1,0,0,249,red,6819,T8B
204,1,0,0,249,red,6819,T8B
205,1,0,0,249,red,6819,T8B
206,1,0,0,249,red,6819,T8B
207,1,0,0,249,red,6819,T8B
208,1,0,0,249,red,6819,T8B
209,1,0,0,249,red,6819,T8B
210,1,0,0,249,red,6819,T8B
211,1,0,0,249,red,6819,T8B
212,1,0,0,249,red,6819,T8B
213,1,0,0,249,red,6819,T8B
214,1,0,0,249,red,6819,T8B
215,1,0,0,249,red,6819,T8B
216,1,0,0,249,red,6819,T8B
217,1,0,0,249,red,6819,T8B
218,1,0,0,249,red,6819,T8B
219,1,0,0,249,red,6819,T8B
220,1,0,0,249,red,6819,T8B
221,1,0,0,249,red,6819,T8B
222,1,0,0,249,red,6819,T8B
0,0,0,1,250,red,7943,T8B
1,0,0,1,250,red,7943,T8B
2,0,0,1,250,red,7943,T8B
3,0,0,1,250,red,7943,T8B
4,0,0,1,250,red,7943,T8B
5,0,0,1,250,red,7943,T8B
6,0,0,1,250,red,7943,T8B
7,0,0,1,250,red,7943,T8B
8,0,0,1,250,red,7943,T8B
9,0,0,1,250,red,7943,T8B
10,0,0,1,250,red,7943,T8B
11,0,0,1,250,red,7943,T8B
12,0,0,1,250,red,7943,T8B
13,0,0,1,250,red,7943,T8B
14,0,0,1,250,red,7943,T8B
15,0,0,1,250,red,7943,T8B
16,0,0,1,250,red,7943,T8B
17,0,0,1,250,red,7943,T8B
18,0,0,1,250,red,7943,T8B
19,0,0,1,250,red,7943,T8B
20,0,0,1,250,red,7943,T8B
21,0,0,1,250,red,7943,T8B
22,0,0,1,250,red,7943,T8B
23,0,0,1,250,red,7943,T8B
24,0,0,1,250,red,7943,T8B
25,0,0,1,250,red,7943,T8B
26,0,0,1,250,red,7943,T8B
27,0,0,1,250,red,7943,T8B
28,0,0,1,250,red,7943,T8B
29,0,0,1,250,red,7943,T8B
30,0,0,1,250,red,7943,T8B
31,0,0,1,250,red,7943,T8B
32,0,0,1,250,red,7943,T8B
33,0,0,1,250,red,7943,T8B
34,0,0,1,250,red,7943,T8B
35,0,0,1,250,red,7943,T8B
36,0,0,1,250,red,7943,T8B
37,0,0,1,250,red,7943,T8B
38,0,0,1,250,red,7943,T8B
39,0,1,0,250,red,7943,T8B
40,0,1,0,250,red,7943,T8B
41,0,1,0,250,red,7943,T8B
42,0,1,0,250,red,7943,T8B
43,0,1,0,250,red,7943,T8B
44,0,1,0,250,red,7943,T8B
45,0,1,0,250,red,7943,T8B
46,0,1,0,250,red,7943,T8B
47,0,1,0,250,red,7943,T8B
48,0,1,0,250,red,7943,T8B
49,0,1,0,250,red,7943,T8B
50,0,1,0,250,red,7943,T8B
51,0,1,0,250,red,7943,T8B
52,0,1,0,250,red,7943,T8B
53,0,1,0,250,red,7943,T8B
54,0,1,0,250,red,7943,T8B
55,0,1,0,250,red,7943,T8B
56,0,1,0,250,red,7943,T8B
57,0,1,0,250,red,7943,T8B
58,0,1,0,250,red,7943,T8B
59,0,1,0,250,red,7943,T8B
60,0,1,0,250,red,7943,T8B
61,0,1,0,250,red,7943,T8B
62,0,1,0,250,red,7943,T8B
63,0,1,0,250,red,7943,T8B
64,0,1,0,250,red,7943,T8B
65,0,1,0,250,red,7943,T8B
66,0,1,0,250,red,7943,T8B
67,0,1,0,250,red,7943,T8B
68,0,1,0,250,red,7943,T8B
69,0,1,0,250,red,7943,T8B
70,0,1,0,250,red,7943,T8B
71,0,1,0,250,red,7943,T8B
72,0,1,0,250,red,7943,T8B
73,0,1,0,250,red,7943,T8B
74,0,1,0,250,red,7943,T8B
75,0,1,0,250,red,7943,T8B
76,0,1,0,250,red,7943,T8B
77,0,1,0,250,red,7943,T8B
78,0,1,0,250,red,7943,T8B
79,0,1,0,250,red,7943,T8B
80,0,1,0,250,red,7943,T8B
81,0,1,0,250,red,7943,T8B
82,0,1,0,250,red,7943,T8B
83,0,1,0,250,red,7943,T8B
84,0,1,0,250,red,7943,T8B
85,0,1,0,250,red,7943,T8B
86,0,1,0,250,red,7943,T8B
87,0,1,0,250,red,7943,T8B
88,0,1,0,250,red,7943,T8B
89,0,1,0,250,red,7943,T8B
90,0,1,0,250,red,7943,T8B
91,0,1,0,250,red,7943,T8B
92,0,1,0,250,red,7943,T8B
93,0,1,0,250,red,7943,T8B
94,0,1,0,250,red,7943,T8B
95,0,1,0,250,red,7943,T8B
96,0,1,0,250,red,7943,T8B
97,0,1,0,250,red,7943,T8B
98,0,1,0,250,red,7943,T8B
99,0,1,0,250,red,7943,T8B
100,0,1,0,250,red,7943,T8B
101,0,1,0,250,red,7943,T8B
102,0,1,0,250,red,7943,T8B
103,0,1,0,250,red,7943,T8B
104,0,1,0,250,red,7943,T8B
105,0,1,0,250,red,7943,T8B
106,0,1,0,250,red,7943,T8B
107,0,1,0,250,red,7943,T8B
108,0,1,0,250,red,7943,T8B
109,0,1,0,250,red,7943,T8B
110,0,1,0,250,red,7943,T8B
111,0,1,0,250,red,7943,T8B
112,0,1,0,250,red,7943,T8B
113,0,1,0,250,red,7943,T8B
114,0,1,0,250,red,7943,T8B
115,0,1,0,250,red,7943,T8B
116,0,1,0,250,red,7943,T8B
117,0,1,0,250,red,7943,T8B
118,0,1,0,250,red,7943,T8B
119,0,1,0,250,red,7943,T8B
120,0,1,0,250,red,7943,T8B
121,0,1,0,250,red,7943,T8B
122,0,1,0,250,red,7943,T8B
123,0,1,0,250,red,7943,T8B
124,0,1,0,250,red,7943,T8B
125,0,1,0,250,red,7943,T8B
126,0,1,0,250,red,7943,T8B
127,0,1,0,250,red,7943,T8B
128,0,1,0,250,red,7943,T8B
129,0,1,0,250,red,7943,T8B
130,0,1,0,250,red,7943,T8B
131,0,1,0,250,red,7943,T8B
132,0,1,0,250,red,7943,T8B
133,0,1,0,250,red,7943,T8B
134,0,1,0,250,red,7943,T8B
135,0,1,0,250,red,7943,T8B
136,0,1,0,250,red,7943,T8B
137,0,1,0,250,red,7943,T8B
138,0,1,0,250,red,7943,T8B
139,0,1,0,250,red,7943,T8B
140,0,1,0,250,red,7943,T8B
141,0,1,0,250,red,7943,T8B
142,0,1,0,250,red,7943,T8B
143,0,1,0,250,red,7943,T8B
144,0,1,0,250,red,7943,T8B
145,0,1,0,250,red,7943,T8B
146,0,1,0,250,red,7943,T8B
147,0,1,0,250,red,7943,T8B
148,0,1,0,250,red,7943,T8B
149,0,1,0,250,red,7943,T8B
150,0,1,0,250,red,7943,T8B
151,0,1,0,250,red,7943,T8B
152,0,1,0,250,red,7943,T8B
153,0,1,0,250,red,7943,T8B
154,0,1,0,250,red,7943,T8B
155,0,1,0,250,red,7943,T8B
156,0,1,0,250,red,7943,T8B
157,0,1,0,250,red,7943,T8B
158,0,1,0,250,red,7943,T8B
159,0,1,0,250,red,7943,T8B
160,0,1,0,250,red,7943,T8B
161,0,1,0,250,red,7943,T8B
162,0,1,0,250,red,7943,T8B
163,0,1,0,250,red,7943,T8B
164,0,1,0,250,red,7943,T8B
165,0,1,0,250,red,7943,T8B
166,0,1,0,250,red,7943,T8B
167,0,1,0,250,red,7943,T8B
168,0,1,0,250,red,7943,T8B
169,0,1,0,250,red,7943,T8B
170,0,1,0,250,red,7943,T8B
171,0,1,0,250,red,7943,T8B
172,0,1,0,250,red,7943,T8B
173,0,1,0,250,red,7943,T8B
174,0,1,0,250,red,7943,T8B
175,0,1,0,250,red,7943,T8B
176,0,1,0,250,red,7943,T8B
177,0,1,0,250,red,7943,T8B
178,0,1,0,250,red,7943,T8B
179,0,1,0,250,red,7943,T8B
180,0,1,0,250,red,7943,T8B
181,0,0,1,250,red,7943,T8B
182,1,0,0,250,red,7943,T8B
183,1,0,0,250,red,7943,T8B
184,1,0,0,250,red,7943,T8B
185,1,0,0,250,red,7943,T8B
186,1,0,0,250,red,7943,T8B
187,1,0,0,250,red,7943,T8B
188,1,0,0,250,red,7943,T8B
189,1,0,0,250,red,7943,T8B
190,1,0,0,250,red,7943,T8B
191,1,0,0,250,red,7943,T8B
192,1,0,0,250,red,7943,T8B
193,1,0,0,250,red,7943,T8B
194,1,0,0,250,red,7943,T8B
195,1,0,0,250,red,7943,T8B
196,1,0,0,250,red,7943,T8B
197,1,0,0,250,red,7943,T8B
198,1,0,0,250,red,7943,T8B
199,1,0,0,250,red,7943,T8B
200,1,0,0,250,red,7943,T8B
201,1,0,0,250,red,7943,T8B
202,1,0,0,250,red,7943,T8B
203,1,0,0,250,red,7943,T8B
204,1,0,0,250,red,7943,T8B
205,1,0,0,250,red,7943,T8B
206,1,0,0,250,red,7943,T8B
207,1,0,0,250,red,7943,T8B
208,1,0,0,250,red,7943,T8B
209,1,0,0,250,red,7943,T8B
210,1,0,0,250,red,7943,T8B
211,1,0,0,250,red,7943,T8B
212,1,0,0,250,red,7943,T8B
213,1,0,0,250,red,7943,T8B
214,1,0,0,250,red,7943,T8B
215,1,0,0,250,red,7943,T8B
216,1,0,0,250,red,7943,T8B
217,1,0,0,250,red,7943,T8B
218,1,0,0,250,red,7943,T8B
219,1,0,0,250,red,7943,T8B
220,1,0,0,250,red,7943,T8B
221,1,0,0,250,red,7943,T8B
222,1,0,0,250,red,7943,T8B
0,0,0,1,252,red,8644,T8B
1,0,0,1,252,red,8644,T8B
2,0,0,1,252,red,8644,T8B
3,0,0,1,252,red,8644,T8B
4,0,0,1,252,red,8644,T8B
5,0,0,1,252,red,8644,T8B
6,0,0,1,252,red,8644,T8B
7,0,0,1,252,red,8644,T8B
8,0,0,1,252,red,8644,T8B
9,0,0,1,252,red,8644,T8B
10,0,0,1,252,red,8644,T8B
11,0,0,1,252,red,8644,T8B
12,0,0,1,252,red,8644,T8B
13,0,0,1,252,red,8644,T8B
14,0,0,1,252,red,8644,T8B
15,0,0,1,252,red,8644,T8B
16,0,0,1,252,red,8644,T8B
17,0,0,1,252,red,8644,T8B
18,0,0,1,252,red,8644,T8B
19,0,0,1,252,red,8644,T8B
20,0,0,1,252,red,8644,T8B
21,0,0,1,252,red,8644,T8B
22,0,0,1,252,red,8644,T8B
23,0,0,1,252,red,8644,T8B
24,0,0,1,252,red,8644,T8B
25,0,0,1,252,red,8644,T8B
26,0,0,1,252,red,8644,T8B
27,0,0,1,252,red,8644,T8B
28,0,0,1,252,red,8644,T8B
29,0,0,1,252,red,8644,T8B
30,0,0,1,252,red,8644,T8B
31,0,0,1,252,red,8644,T8B
32,0,0,1,252,red,8644,T8B
33,0,0,1,252,red,8644,T8B
34,0,0,1,252,red,8644,T8B
35,0,0,1,252,red,8644,T8B
36,0,0,1,252,red,8644,T8B
37,0,0,1,252,red,8644,T8B
38,0,0,1,252,red,8644,T8B
39,0,0,1,252,red,8644,T8B
40,0,0,1,252,red,8644,T8B
41,0,0,1,252,red,8644,T8B
42,0,0,1,252,red,8644,T8B
43,0,0,1,252,red,8644,T8B
44,0,0,1,252,red,8644,T8B
45,0,0,1,252,red,8644,T8B
46,0,0,1,252,red,8644,T8B
47,0,0,1,252,red,8644,T8B
48,0,0,1,252,red,8644,T8B
49,0,0,1,252,red,8644,T8B
50,0,0,1,252,red,8644,T8B
51,0,0,1,252,red,8644,T8B
52,0,0,1,252,red,8644,T8B
53,0,0,1,252,red,8644,T8B
54,0,0,1,252,red,8644,T8B
55,0,0,1,252,red,8644,T8B
56,0,0,1,252,red,8644,T8B
57,0,0,1,252,red,8644,T8B
58,0,0,1,252,red,8644,T8B
59,0,0,1,252,red,8644,T8B
60,0,0,1,252,red,8644,T8B
61,0,0,1,252,red,8644,T8B
62,0,0,1,252,red,8644,T8B
63,0,0,1,252,red,8644,T8B
64,0,0,1,252,red,8644,T8B
65,0,0,1,252,red,8644,T8B
66,0,0,1,252,red,8644,T8B
67,0,0,1,252,red,8644,T8B
68,0,0,1,252,red,8644,T8B
69,0,0,1,252,red,8644,T8B
70,0,0,1,252,red,8644,T8B
71,0,0,1,252,red,8644,T8B
72,0,0,1,252,red,8644,T8B
73,0,0,1,252,red,8644,T8B
74,0,0,1,252,red,8644,T8B
75,0,0,1,252,red,8644,T8B
76,0,0,1,252,red,8644,T8B
77,0,0,1,252,red,8644,T8B
78,0,0,1,252,red,8644,T8B
79,0,0,1,252,red,8644,T8B
80,0,0,1,252,red,8644,T8B
81,0,0,1,252,red,8644,T8B
82,0,0,1,252,red,8644,T8B
83,0,0,1,252,red,8644,T8B
84,0,0,1,252,red,8644,T8B
85,0,0,1,252,red,8644,T8B
86,0,0,1,252,red,8644,T8B
87,0,0,1,252,red,8644,T8B
88,0,0,1,252,red,8644,T8B
89,0,0,1,252,red,8644,T8B
90,0,0,1,252,red,8644,T8B
91,0,0,1,252,red,8644,T8B
92,0,0,1,252,red,8644,T8B
93,0,0,1,252,red,8644,T8B
94,0,0,1,252,red,8644,T8B
95,0,0,1,252,red,8644,T8B
96,0,0,1,252,red,8644,T8B
97,0,0,1,252,red,8644,T8B
98,0,0,1,252,red,8644,T8B
99,0,0,1,252,red,8644,T8B
100,0,0,1,252,red,8644,T8B
101,0,0,1,252,red,8644,T8B
102,0,0,1,252,red,8644,T8B
103,0,0,1,252,red,8644,T8B
104,0,0,1,252,red,8644,T8B
105,0,0,1,252,red,8644,T8B
106,0,0,1,252,red,8644,T8B
107,0,0,1,252,red,8644,T8B
108,0,0,1,252,red,8644,T8B
109,0,0,1,252,red,8644,T8B
110,0,0,1,252,red,8644,T8B
111,0,0,1,252,red,8644,T8B
112,0,0,1,252,red,8644,T8B
113,0,0,1,252,red,8644,T8B
114,0,0,1,252,red,8644,T8B
115,0,0,1,252,red,8644,T8B
116,0,0,1,252,red,8644,T8B
117,0,0,1,252,red,8644,T8B
118,0,0,1,252,red,8644,T8B
119,0,0,1,252,red,8644,T8B
120,0,0,1,252,red,8644,T8B
121,0,0,1,252,red,8644,T8B
122,0,0,1,252,red,8644,T8B
123,0,0,1,252,red,8644,T8B
124,0,0,1,252,red,8644,T8B
125,0,0,1,252,red,8644,T8B
126,0,0,1,252,red,8644,T8B
127,0,0,1,252,red,8644,T8B
128,0,0,1,252,red,8644,T8B
129,0,0,1,252,red,8644,T8B
130,0,0,1,252,red,8644,T8B
131,0,0,1,252,red,8644,T8B
132,0,0,1,252,red,8644,T8B
133,0,0,1,252,red,8644,T8B
134,0,0,1,252,red,8644,T8B
135,0,0,1,252,red,8644,T8B
136,0,0,1,252,red,8644,T8B
137,0,0,1,252,red,8644,T8B
138,0,0,1,252,red,8644,T8B
139,0,0,1,252,red,8644,T8B
140,0,0,1,252,red,8644,T8B
141,0,0,1,252,red,8644,T8B
142,0,0,1,252,red,8644,T8B
143,0,0,1,252,red,8644,T8B
144,0,0,1,252,red,8644,T8B
145,0,0,1,252,red,8644,T8B
146,0,0,1,252,red,8644,T8B
147,0,0,1,252,red,8644,T8B
148,0,0,1,252,red,8644,T8B
149,0,0,1,252,red,8644,T8B
150,0,0,1,252,red,8644,T8B
151,0,0,1,252,red,8644,T8B
152,0,0,1,252,red,8644,T8B
153,0,0,1,252,red,8644,T8B
154,0,0,1,252,red,8644,T8B
155,0,0,1,252,red,8644,T8B
156,0,0,1,252,red,8644,T8B
157,0,0,1,252,red,8644,T8B
158,0,0,1,252,red,8644,T8B
159,0,0,1,252,red,8644,T8B
160,0,1,0,252,red,8644,T8B
161,0,1,0,252,red,8644,T8B
162,0,1,0,252,red,8644,T8B
163,0,1,0,252,red,8644,T8B
164,0,0,1,252,red,8644,T8B
165,0,0,1,252,red,8644,T8B
166,0,0,1,252,red,8644,T8B
167,0,0,1,252,red,8644,T8B
168,0,1,0,252,red,8644,T8B
169,0,1,0,252,red,8644,T8B
170,0,1,0,252,red,8644,T8B
171,0,0,1,252,red,8644,T8B
172,0,0,1,252,red,8644,T8B
173,0,0,1,252,red,8644,T8B
174,0,1,0,252,red,8644,T8B
175,0,1,0,252,red,8644,T8B
176,0,0,1,252,red,8644,T8B
177,0,0,1,252,red,8644,T8B
178,0,0,1,252,red,8644,T8B
179,0,1,0,252,red,8644,T8B
180,0,1,0,252,red,8644,T8B
181,0,0,1,252,red,8644,T8B
182,0,0,1,252,red,8644,T8B
183,1,0,0,252,red,8644,T8B
184,1,0,0,252,red,8644,T8B
185,1,0,0,252,red,8644,T8B
186,0,0,1,252,red,8644,T8B
187,0,0,1,252,red,8644,T8B
188,0,0,1,252,red,8644,T8B
189,1,0,0,252,red,8644,T8B
190,1,0,0,252,red,8644,T8B
191,1,0,0,252,red,8644,T8B
192,0,0,1,252,red,8644,T8B
193,0,0,1,252,red,8644,T8B
194,1,0,0,252,red,8644,T8B
195,1,0,0,252,red,8644,T8B
196,1,0,0,252,red,8644,T8B
197,0,0,1,252,red,8644,T8B
198,0,0,1,252,red,8644,T8B
199,1,0,0,252,red,8644,T8B
200,1,0,0,252,red,8644,T8B
201,0,0,1,252,red,8644,T8B
202,0,0,1,252,red,8644,T8B
203,0,0,1,252,red,8644,T8B
204,1,0,0,252,red,8644,T8B
205,1,0,0,252,red,8644,T8B
206,0,0,1,252,red,8644,T8B
207,0,0,1,252,red,8644,T8B
208,1,0,0,252,red,8644,T8B
209,1,0,0,252,red,8644,T8B
210,0,0,1,252,red,8644,T8B
211,0,0,1,252,red,8644,T8B
212,0,0,1,252,red,8644,T8B
213,1,0,0,252,red,8644,T8B
214,0,0,1,252,red,8644,T8B
215,0,0,1,252,red,8644,T8B
216,0,0,1,252,red,8644,T8B
217,1,0,0,252,red,8644,T8B
218,1,0,0,252,red,8644,T8B
219,0,0,1,252,red,8644,T8B
220,0,0,1,252,red,8644,T8B
221,1,0,0,252,red,8644,T8B
222,1,0,0,252,red,8644,T8B
0,0,0,1,254,red,7699,T8B
1,0,0,1,254,red,7699,T8B
2,0,0,1,254,red,7699,T8B
3,0,0,1,254,red,7699,T8B
4,0,0,1,254,red,7699,T8B
5,0,0,1,254,red,7699,T8B
6,0,1,0,254,red,7699,T8B
7,0,1,0,254,red,7699,T8B
8,0,1,0,254,red,7699,T8B
9,0,1,0,254,red,7699,T8B
10,0,1,0,254,red,7699,T8B
11,0,1,0,254,red,7699,T8B
12,0,1,0,254,red,7699,T8B
13,0,1,0,254,red,7699,T8B
14,0,1,0,254,red,7699,T8B
15,0,1,0,254,red,7699,T8B
16,0,1,0,254,red,7699,T8B
17,0,1,0,254,red,7699,T8B
18,0,1,0,254,red,7699,T8B
19,0,1,0,254,red,7699,T8B
20,0,1,0,254,red,7699,T8B
21,0,1,0,254,red,7699,T8B
22,0,1,0,254,red,7699,T8B
23,0,1,0,254,red,7699,T8B
24,0,1,0,254,red,7699,T8B
25,0,1,0,254,red,7699,T8B
26,0,1,0,254,red,7699,T8B
27,0,1,0,254,red,7699,T8B
28,0,1,0,254,red,7699,T8B
29,0,1,0,254,red,7699,T8B
30,0,1,0,254,red,7699,T8B
31,0,1,0,254,red,7699,T8B
32,0,1,0,254,red,7699,T8B
33,0,1,0,254,red,7699,T8B
34,0,1,0,254,red,7699,T8B
35,0,1,0,254,red,7699,T8B
36,0,1,0,254,red,7699,T8B
37,0,1,0,254,red,7699,T8B
38,0,1,0,254,red,7699,T8B
39,0,1,0,254,red,7699,T8B
40,0,1,0,254,red,7699,T8B
41,0,1,0,254,red,7699,T8B
42,0,1,0,254,red,7699,T8B
43,0,1,0,254,red,7699,T8B
44,0,1,0,254,red,7699,T8B
45,0,1,0,254,red,7699,T8B
46,0,1,0,254,red,7699,T8B
47,0,1,0,254,red,7699,T8B
48,0,1,0,254,red,7699,T8B
49,0,1,0,254,red,7699,T8B
50,0,1,0,254,red,7699,T8B
51,0,1,0,254,red,7699,T8B
52,0,1,0,254,red,7699,T8B
53,0,1,0,254,red,7699,T8B
54,0,1,0,254,red,7699,T8B
55,0,1,0,254,red,7699,T8B
56,0,1,0,254,red,7699,T8B
57,0,1,0,254,red,7699,T8B
58,0,1,0,254,red,7699,T8B
59,0,1,0,254,red,7699,T8B
60,0,1,0,254,red,7699,T8B
61,0,1,0,254,red,7699,T8B
62,0,1,0,254,red,7699,T8B
63,0,1,0,254,red,7699,T8B
64,0,1,0,254,red,7699,T8B
65,0,1,0,254,red,7699,T8B
66,0,1,0,254,red,7699,T8B
67,0,1,0,254,red,7699,T8B
68,0,1,0,254,red,7699,T8B
69,0,1,0,254,red,7699,T8B
70,0,1,0,254,red,7699,T8B
71,0,1,0,254,red,7699,T8B
72,0,1,0,254,red,7699,T8B
73,0,1,0,254,red,7699,T8B
74,0,1,0,254,red,7699,T8B
75,0,1,0,254,red,7699,T8B
76,0,1,0,254,red,7699,T8B
77,0,1,0,254,red,7699,T8B
78,0,1,0,254,red,7699,T8B
79,0,1,0,254,red,7699,T8B
80,0,1,0,254,red,7699,T8B
81,0,1,0,254,red,7699,T8B
82,0,1,0,254,red,7699,T8B
83,0,1,0,254,red,7699,T8B
84,0,1,0,254,red,7699,T8B
85,0,1,0,254,red,7699,T8B
86,0,1,0,254,red,7699,T8B
87,0,1,0,254,red,7699,T8B
88,0,1,0,254,red,7699,T8B
89,0,1,0,254,red,7699,T8B
90,0,1,0,254,red,7699,T8B
91,0,1,0,254,red,7699,T8B
92,0,1,0,254,red,7699,T8B
93,0,1,0,254,red,7699,T8B
94,0,1,0,254,red,7699,T8B
95,0,1,0,254,red,7699,T8B
96,0,1,0,254,red,7699,T8B
97,0,1,0,254,red,7699,T8B
98,0,1,0,254,red,7699,T8B
99,0,1,0,254,red,7699,T8B
100,0,1,0,254,red,7699,T8B
101,0,1,0,254,red,7699,T8B
102,0,1,0,254,red,7699,T8B
103,0,1,0,254,red,7699,T8B
104,0,1,0,254,red,7699,T8B
105,0,1,0,254,red,7699,T8B
106,0,1,0,254,red,7699,T8B
107,0,1,0,254,red,7699,T8B
108,0,1,0,254,red,7699,T8B
109,0,1,0,254,red,7699,T8B
110,0,1,0,254,red,7699,T8B
111,0,1,0,254,red,7699,T8B
112,0,1,0,254,red,7699,T8B
113,0,1,0,254,red,7699,T8B
114,0,1,0,254,red,7699,T8B
115,0,1,0,254,red,7699,T8B
116,0,1,0,254,red,7699,T8B
117,0,1,0,254,red,7699,T8B
118,0,1,0,254,red,7699,T8B
119,0,1,0,254,red,7699,T8B
120,0,1,0,254,red,7699,T8B
121,0,1,0,254,red,7699,T8B
122,0,1,0,254,red,7699,T8B
123,0,1,0,254,red,7699,T8B
124,0,1,0,254,red,7699,T8B
125,0,1,0,254,red,7699,T8B
126,0,1,0,254,red,7699,T8B
127,0,1,0,254,red,7699,T8B
128,0,1,0,254,red,7699,T8B
129,0,1,0,254,red,7699,T8B
130,0,1,0,254,red,7699,T8B
131,0,1,0,254,red,7699,T8B
132,0,1,0,254,red,7699,T8B
133,0,1,0,254,red,7699,T8B
134,0,1,0,254,red,7699,T8B
135,0,1,0,254,red,7699,T8B
136,0,1,0,254,red,7699,T8B
137,0,1,0,254,red,7699,T8B
138,0,1,0,254,red,7699,T8B
139,0,1,0,254,red,7699,T8B
140,0,1,0,254,red,7699,T8B
141,0,1,0,254,red,7699,T8B
142,0,1,0,254,red,7699,T8B
143,0,1,0,254,red,7699,T8B
144,0,1,0,254,red,7699,T8B
145,0,1,0,254,red,7699,T8B
146,0,1,0,254,red,7699,T8B
147,0,1,0,254,red,7699,T8B
148,0,1,0,254,red,7699,T8B
149,0,1,0,254,red,7699,T8B
150,0,1,0,254,red,7699,T8B
151,0,1,0,254,red,7699,T8B
152,0,1,0,254,red,7699,T8B
153,0,1,0,254,red,7699,T8B
154,0,1,0,254,red,7699,T8B
155,0,1,0,254,red,7699,T8B
156,0,1,0,254,red,7699,T8B
157,0,1,0,254,red,7699,T8B
158,0,1,0,254,red,7699,T8B
159,0,1,0,254,red,7699,T8B
160,0,1,0,254,red,7699,T8B
161,0,1,0,254,red,7699,T8B
162,0,1,0,254,red,7699,T8B
163,0,1,0,254,red,7699,T8B
164,0,1,0,254,red,7699,T8B
165,0,1,0,254,red,7699,T8B
166,0,1,0,254,red,7699,T8B
167,0,1,0,254,red,7699,T8B
168,0,1,0,254,red,7699,T8B
169,0,1,0,254,red,7699,T8B
170,0,1,0,254,red,7699,T8B
171,0,1,0,254,red,7699,T8B
172,0,1,0,254,red,7699,T8B
173,0,1,0,254,red,7699,T8B
174,0,1,0,254,red,7699,T8B
175,0,1,0,254,red,7699,T8B
176,0,1,0,254,red,7699,T8B
177,0,1,0,254,red,7699,T8B
178,0,1,0,254,red,7699,T8B
179,0,1,0,254,red,7699,T8B
180,0,1,0,254,red,7699,T8B
181,0,1,0,254,red,7699,T8B
182,0,1,0,254,red,7699,T8B
183,0,1,0,254,red,7699,T8B
184,0,1,0,254,red,7699,T8B
185,0,1,0,254,red,7699,T8B
186,0,1,0,254,red,7699,T8B
187,0,1,0,254,red,7699,T8B
188,1,0,0,254,red,7699,T8B
189,1,0,0,254,red,7699,T8B
190,1,0,0,254,red,7699,T8B
191,1,0,0,254,red,7699,T8B
192,1,0,0,254,red,7699,T8B
193,1,0,0,254,red,7699,T8B
194,1,0,0,254,red,7699,T8B
195,1,0,0,254,red,7699,T8B
196,1,0,0,254,red,7699,T8B
197,1,0,0,254,red,7699,T8B
198,1,0,0,254,red,7699,T8B
199,1,0,0,254,red,7699,T8B
200,1,0,0,254,red,7699,T8B
201,1,0,0,254,red,7699,T8B
202,1,0,0,254,red,7699,T8B
203,1,0,0,254,red,7699,T8B
204,1,0,0,254,red,7699,T8B
205,1,0,0,254,red,7699,T8B
206,1,0,0,254,red,7699,T8B
207,1,0,0,254,red,7699,T8B
208,1,0,0,254,red,7699,T8B
209,1,0,0,254,red,7699,T8B
210,1,0,0,254,red,7699,T8B
211,1,0,0,254,red,7699,T8B
212,1,0,0,254,red,7699,T8B
213,1,0,0,254,red,7699,T8B
214,1,0,0,254,red,7699,T8B
215,1,0,0,254,red,7699,T8B
216,1,0,0,254,red,7699,T8B
217,1,0,0,254,red,7699,T8B
218,1,0,0,254,red,7699,T8B
219,1,0,0,254,red,7699,T8B
220,1,0,0,254,red,7699,T8B
221,1,0,0,254,red,7699,T8B
222,1,0,0,254,red,7699,T8B
0,0,0,1,255,red,8537,T8B
1,0,0,1,255,red,8537,T8B
2,0,0,1,255,red,8537,T8B
3,0,0,1,255,red,8537,T8B
4,0,0,1,255,red,8537,T8B
5,0,0,1,255,red,8537,T8B
6,0,0,1,255,red,8537,T8B
7,0,0,1,255,red,8537,T8B
8,0,0,1,255,red,8537,T8B
9,0,0,1,255,red,8537,T8B
10,0,0,1,255,red,8537,T8B
11,0,0,1,255,red,8537,T8B
12,0,0,1,255,red,8537,T8B
13,0,0,1,255,red,8537,T8B
14,0,0,1,255,red,8537,T8B
15,0,0,1,255,red,8537,T8B
16,0,0,1,255,red,8537,T8B
17,0,0,1,255,red,8537,T8B
18,0,0,1,255,red,8537,T8B
19,0,0,1,255,red,8537,T8B
20,0,1,0,255,red,8537,T8B
21,0,1,0,255,red,8537,T8B
22,0,1,0,255,red,8537,T8B
23,0,1,0,255,red,8537,T8B
24,0,1,0,255,red,8537,T8B
25,0,1,0,255,red,8537,T8B
26,0,1,0,255,red,8537,T8B
27,0,1,0,255,red,8537,T8B
28,0,1,0,255,red,8537,T8B
29,0,1,0,255,red,8537,T8B
30,0,1,0,255,red,8537,T8B
31,0,1,0,255,red,8537,T8B
32,0,1,0,255,red,8537,T8B
33,0,1,0,255,red,8537,T8B
34,0,1,0,255,red,8537,T8B
35,0,1,0,255,red,8537,T8B
36,0,1,0,255,red,8537,T8B
37,0,1,0,255,red,8537,T8B
38,0,1,0,255,red,8537,T8B
39,0,1,0,255,red,8537,T8B
40,0,1,0,255,red,8537,T8B
41,0,1,0,255,red,8537,T8B
42,0,1,0,255,red,8537,T8B
43,0,1,0,255,red,8537,T8B
44,0,1,0,255,red,8537,T8B
45,0,1,0,255,red,8537,T8B
46,0,1,0,255,red,8537,T8B
47,0,1,0,255,red,8537,T8B
48,0,1,0,255,red,8537,T8B
49,0,1,0,255,red,8537,T8B
50,0,1,0,255,red,8537,T8B
51,0,1,0,255,red,8537,T8B
52,0,1,0,255,red,8537,T8B
53,0,1,0,255,red,8537,T8B
54,0,1,0,255,red,8537,T8B
55,0,1,0,255,red,8537,T8B
56,0,1,0,255,red,8537,T8B
57,0,1,0,255,red,8537,T8B
58,0,1,0,255,red,8537,T8B
59,0,1,0,255,red,8537,T8B
60,0,1,0,255,red,8537,T8B
61,0,1,0,255,red,8537,T8B
62,0,1,0,255,red,8537,T8B
63,0,1,0,255,red,8537,T8B
64,0,1,0,255,red,8537,T8B
65,0,1,0,255,red,8537,T8B
66,0,1,0,255,red,8537,T8B
67,0,1,0,255,red,8537,T8B
68,0,1,0,255,red,8537,T8B
69,0,1,0,255,red,8537,T8B
70,0,1,0,255,red,8537,T8B
71,0,1,0,255,red,8537,T8B
72,0,1,0,255,red,8537,T8B
73,0,1,0,255,red,8537,T8B
74,0,1,0,255,red,8537,T8B
75,0,1,0,255,red,8537,T8B
76,0,1,0,255,red,8537,T8B
77,0,1,0,255,red,8537,T8B
78,0,1,0,255,red,8537,T8B
79,0,1,0,255,red,8537,T8B
80,0,0,1,255,red,8537,T8B
81,1,0,0,255,red,8537,T8B
82,1,0,0,255,red,8537,T8B
83,1,0,0,255,red,8537,T8B
84,1,0,0,255,red,8537,T8B
85,1,0,0,255,red,8537,T8B
86,1,0,0,255,red,8537,T8B
87,1,0,0,255,red,8537,T8B
88,1,0,0,255,red,8537,T8B
89,1,0,0,255,red,8537,T8B
90,1,0,0,255,red,8537,T8B
91,1,0,0,255,red,8537,T8B
92,1,0,0,255,red,8537,T8B
93,1,0,0,255,red,8537,T8B
94,1,0,0,255,red,8537,T8B
95,1,0,0,255,red,8537,T8B
96,1,0,0,255,red,8537,T8B
97,1,0,0,255,red,8537,T8B
98,1,0,0,255,red,8537,T8B
99,1,0,0,255,red,8537,T8B
100,1,0,0,255,red,8537,T8B
101,1,0,0,255,red,8537,T8B
102,1,0,0,255,red,8537,T8B
103,1,0,0,255,red,8537,T8B
104,1,0,0,255,red,8537,T8B
105,1,0,0,255,red,8537,T8B
106,1,0,0,255,red,8537,T8B
107,1,0,0,255,red,8537,T8B
108,1,0,0,255,red,8537,T8B
109,1,0,0,255,red,8537,T8B
110,1,0,0,255,red,8537,T8B
111,1,0,0,255,red,8537,T8B
112,1,0,0,255,red,8537,T8B
113,1,0,0,255,red,8537,T8B
114,1,0,0,255,red,8537,T8B
115,1,0,0,255,red,8537,T8B
116,1,0,0,255,red,8537,T8B
117,1,0,0,255,red,8537,T8B
118,1,0,0,255,red,8537,T8B
119,1,0,0,255,red,8537,T8B
120,1,0,0,255,red,8537,T8B
121,1,0,0,255,red,8537,T8B
122,1,0,0,255,red,8537,T8B
123,1,0,0,255,red,8537,T8B
124,1,0,0,255,red,8537,T8B
125,1,0,0,255,red,8537,T8B
126,1,0,0,255,red,8537,T8B
127,1,0,0,255,red,8537,T8B
128,1,0,0,255,red,8537,T8B
129,1,0,0,255,red,8537,T8B
130,1,0,0,255,red,8537,T8B
131,1,0,0,255,red,8537,T8B
132,1,0,0,255,red,8537,T8B
133,1,0,0,255,red,8537,T8B
134,1,0,0,255,red,8537,T8B
135,1,0,0,255,red,8537,T8B
136,1,0,0,255,red,8537,T8B
137,1,0,0,255,red,8537,T8B
138,1,0,0,255,red,8537,T8B
139,1,0,0,255,red,8537,T8B
140,1,0,0,255,red,8537,T8B
141,1,0,0,255,red,8537,T8B
142,1,0,0,255,red,8537,T8B
143,1,0,0,255,red,8537,T8B
144,1,0,0,255,red,8537,T8B
145,1,0,0,255,red,8537,T8B
146,1,0,0,255,red,8537,T8B
147,1,0,0,255,red,8537,T8B
148,1,0,0,255,red,8537,T8B
149,1,0,0,255,red,8537,T8B
150,1,0,0,255,red,8537,T8B
151,1,0,0,255,red,8537,T8B
152,1,0,0,255,red,8537,T8B
153,1,0,0,255,red,8537,T8B
154,1,0,0,255,red,8537,T8B
155,1,0,0,255,red,8537,T8B
156,1,0,0,255,red,8537,T8B
157,1,0,0,255,red,8537,T8B
158,1,0,0,255,red,8537,T8B
159,1,0,0,255,red,8537,T8B
160,1,0,0,255,red,8537,T8B
161,1,0,0,255,red,8537,T8B
162,1,0,0,255,red,8537,T8B
163,1,0,0,255,red,8537,T8B
164,1,0,0,255,red,8537,T8B
165,1,0,0,255,red,8537,T8B
166,1,0,0,255,red,8537,T8B
167,1,0,0,255,red,8537,T8B
168,1,0,0,255,red,8537,T8B
169,1,0,0,255,red,8537,T8B
170,1,0,0,255,red,8537,T8B
171,1,0,0,255,red,8537,T8B
172,1,0,0,255,red,8537,T8B
173,1,0,0,255,red,8537,T8B
174,1,0,0,255,red,8537,T8B
175,1,0,0,255,red,8537,T8B
176,1,0,0,255,red,8537,T8B
177,1,0,0,255,red,8537,T8B
178,1,0,0,255,red,8537,T8B
179,1,0,0,255,red,8537,T8B
180,1,0,0,255,red,8537,T8B
181,1,0,0,255,red,8537,T8B
182,1,0,0,255,red,8537,T8B
183,1,0,0,255,red,8537,T8B
184,1,0,0,255,red,8537,T8B
185,1,0,0,255,red,8537,T8B
186,1,0,0,255,red,8537,T8B
187,1,0,0,255,red,8537,T8B
188,1,0,0,255,red,8537,T8B
189,1,0,0,255,red,8537,T8B
190,1,0,0,255,red,8537,T8B
191,1,0,0,255,red,8537,T8B
192,1,0,0,255,red,8537,T8B
193,1,0,0,255,red,8537,T8B
194,1,0,0,255,red,8537,T8B
195,1,0,0,255,red,8537,T8B
196,1,0,0,255,red,8537,T8B
197,1,0,0,255,red,8537,T8B
198,1,0,0,255,red,8537,T8B
199,1,0,0,255,red,8537,T8B
200,1,0,0,255,red,8537,T8B
201,1,0,0,255,red,8537,T8B
202,1,0,0,255,red,8537,T8B
203,1,0,0,255,red,8537,T8B
204,1,0,0,255,red,8537,T8B
205,1,0,0,255,red,8537,T8B
206,1,0,0,255,red,8537,T8B
207,1,0,0,255,red,8537,T8B
208,1,0,0,255,red,8537,T8B
209,1,0,0,255,red,8537,T8B
210,1,0,0,255,red,8537,T8B
211,1,0,0,255,red,8537,T8B
212,1,0,0,255,red,8537,T8B
213,1,0,0,255,red,8537,T8B
214,1,0,0,255,red,8537,T8B
215,1,0,0,255,red,8537,T8B
216,1,0,0,255,red,8537,T8B
217,1,0,0,255,red,8537,T8B
218,1,0,0,255,red,8537,T8B
219,1,0,0,255,red,8537,T8B
220,1,0,0,255,red,8537,T8B
221,1,0,0,255,red,8537,T8B
222,1,0,0,255,red,8537,T8B
0,0,0,1,256,red,8151,T8B
1,0,0,1,256,red,8151,T8B
2,0,0,1,256,red,8151,T8B
3,0,0,1,256,red,8151,T8B
4,0,0,1,256,red,8151,T8B
5,0,0,1,256,red,8151,T8B
6,0,0,1,256,red,8151,T8B
7,0,0,1,256,red,8151,T8B
8,0,0,1,256,red,8151,T8B
9,0,0,1,256,red,8151,T8B
10,0,0,1,256,red,8151,T8B
11,0,0,1,256,red,8151,T8B
12,0,0,1,256,red,8151,T8B
13,0,0,1,256,red,8151,T8B
14,0,0,1,256,red,8151,T8B
15,0,0,1,256,red,8151,T8B
16,0,0,1,256,red,8151,T8B
17,0,0,1,256,red,8151,T8B
18,0,0,1,256,red,8151,T8B
19,0,0,1,256,red,8151,T8B
20,0,0,1,256,red,8151,T8B
21,0,0,1,256,red,8151,T8B
22,0,0,1,256,red,8151,T8B
23,0,0,1,256,red,8151,T8B
24,0,0,1,256,red,8151,T8B
25,0,0,1,256,red,8151,T8B
26,0,0,1,256,red,8151,T8B
27,0,0,1,256,red,8151,T8B
28,0,0,1,256,red,8151,T8B
29,0,0,1,256,red,8151,T8B
30,0,0,1,256,red,8151,T8B
31,0,0,1,256,red,8151,T8B
32,0,0,1,256,red,8151,T8B
33,0,0,1,256,red,8151,T8B
34,0,0,1,256,red,8151,T8B
35,0,0,1,256,red,8151,T8B
36,0,0,1,256,red,8151,T8B
37,0,0,1,256,red,8151,T8B
38,0,0,1,256,red,8151,T8B
39,0,0,1,256,red,8151,T8B
40,0,0,1,256,red,8151,T8B
41,0,0,1,256,red,8151,T8B
42,0,0,1,256,red,8151,T8B
43,0,1,0,256,red,8151,T8B
44,0,1,0,256,red,8151,T8B
45,0,1,0,256,red,8151,T8B
46,0,1,0,256,red,8151,T8B
47,0,1,0,256,red,8151,T8B
48,0,1,0,256,red,8151,T8B
49,0,1,0,256,red,8151,T8B
50,0,1,0,256,red,8151,T8B
51,0,1,0,256,red,8151,T8B
52,0,1,0,256,red,8151,T8B
53,0,1,0,256,red,8151,T8B
54,0,1,0,256,red,8151,T8B
55,0,1,0,256,red,8151,T8B
56,0,1,0,256,red,8151,T8B
57,0,1,0,256,red,8151,T8B
58,0,1,0,256,red,8151,T8B
59,0,1,0,256,red,8151,T8B
60,0,1,0,256,red,8151,T8B
61,0,1,0,256,red,8151,T8B
62,0,1,0,256,red,8151,T8B
63,0,1,0,256,red,8151,T8B
64,0,1,0,256,red,8151,T8B
65,0,1,0,256,red,8151,T8B
66,0,1,0,256,red,8151,T8B
67,0,1,0,256,red,8151,T8B
68,0,1,0,256,red,8151,T8B
69,0,1,0,256,red,8151,T8B
70,0,1,0,256,red,8151,T8B
71,0,1,0,256,red,8151,T8B
72,0,1,0,256,red,8151,T8B
73,0,1,0,256,red,8151,T8B
74,0,1,0,256,red,8151,T8B
75,0,1,0,256,red,8151,T8B
76,0,1,0,256,red,8151,T8B
77,0,1,0,256,red,8151,T8B
78,0,1,0,256,red,8151,T8B
79,0,1,0,256,red,8151,T8B
80,0,1,0,256,red,8151,T8B
81,0,1,0,256,red,8151,T8B
82,0,1,0,256,red,8151,T8B
83,0,1,0,256,red,8151,T8B
84,0,1,0,256,red,8151,T8B
85,0,1,0,256,red,8151,T8B
86,0,1,0,256,red,8151,T8B
87,0,1,0,256,red,8151,T8B
88,0,1,0,256,red,8151,T8B
89,0,1,0,256,red,8151,T8B
90,0,1,0,256,red,8151,T8B
91,0,1,0,256,red,8151,T8B
92,0,1,0,256,red,8151,T8B
93,0,1,0,256,red,8151,T8B
94,0,1,0,256,red,8151,T8B
95,0,1,0,256,red,8151,T8B
96,0,1,0,256,red,8151,T8B
97,0,1,0,256,red,8151,T8B
98,0,1,0,256,red,8151,T8B
99,0,1,0,256,red,8151,T8B
100,0,1,0,256,red,8151,T8B
101,0,1,0,256,red,8151,T8B
102,0,1,0,256,red,8151,T8B
103,0,1,0,256,red,8151,T8B
104,0,1,0,256,red,8151,T8B
105,0,1,0,256,red,8151,T8B
106,0,1,0,256,red,8151,T8B
107,0,1,0,256,red,8151,T8B
108,0,1,0,256,red,8151,T8B
109,0,1,0,256,red,8151,T8B
110,0,1,0,256,red,8151,T8B
111,0,1,0,256,red,8151,T8B
112,0,1,0,256,red,8151,T8B
113,0,1,0,256,red,8151,T8B
114,0,1,0,256,red,8151,T8B
115,0,1,0,256,red,8151,T8B
116,0,1,0,256,red,8151,T8B
117,0,1,0,256,red,8151,T8B
118,0,1,0,256,red,8151,T8B
119,0,1,0,256,red,8151,T8B
120,0,1,0,256,red,8151,T8B
121,0,1,0,256,red,8151,T8B
122,0,1,0,256,red,8151,T8B
123,0,1,0,256,red,8151,T8B
124,0,1,0,256,red,8151,T8B
125,0,1,0,256,red,8151,T8B
126,0,1,0,256,red,8151,T8B
127,0,1,0,256,red,8151,T8B
128,0,1,0,256,red,8151,T8B
129,0,1,0,256,red,8151,T8B
130,0,1,0,256,red,8151,T8B
131,0,1,0,256,red,8151,T8B
132,0,1,0,256,red,8151,T8B
133,0,1,0,256,red,8151,T8B
134,0,1,0,256,red,8151,T8B
135,0,1,0,256,red,8151,T8B
136,0,1,0,256,red,8151,T8B
137,0,1,0,256,red,8151,T8B
138,0,1,0,256,red,8151,T8B
139,0,1,0,256,red,8151,T8B
140,0,1,0,256,red,8151,T8B
141,0,1,0,256,red,8151,T8B
142,0,1,0,256,red,8151,T8B
143,0,1,0,256,red,8151,T8B
144,0,1,0,256,red,8151,T8B
145,0,1,0,256,red,8151,T8B
146,0,1,0,256,red,8151,T8B
147,0,1,0,256,red,8151,T8B
148,0,1,0,256,red,8151,T8B
149,0,1,0,256,red,8151,T8B
150,0,1,0,256,red,8151,T8B
151,0,1,0,256,red,8151,T8B
152,0,1,0,256,red,8151,T8B
153,0,1,0,256,red,8151,T8B
154,0,1,0,256,red,8151,T8B
155,0,1,0,256,red,8151,T8B
156,0,1,0,256,red,8151,T8B
157,0,1,0,256,red,8151,T8B
158,0,1,0,256,red,8151,T8B
159,0,1,0,256,red,8151,T8B
160,0,1,0,256,red,8151,T8B
161,0,1,0,256,red,8151,T8B
162,0,1,0,256,red,8151,T8B
163,0,1,0,256,red,8151,T8B
164,0,1,0,256,red,8151,T8B
165,0,1,0,256,red,8151,T8B
166,0,1,0,256,red,8151,T8B
167,0,1,0,256,red,8151,T8B
168,0,1,0,256,red,8151,T8B
169,0,1,0,256,red,8151,T8B
170,0,1,0,256,red,8151,T8B
171,0,0,1,256,red,8151,T8B
172,0,0,1,256,red,8151,T8B
173,0,0,1,256,red,8151,T8B
174,0,0,1,256,red,8151,T8B
175,0,0,1,256,red,8151,T8B
176,0,0,1,256,red,8151,T8B
177,0,0,1,256,red,8151,T8B
178,0,0,1,256,red,8151,T8B
179,0,0,1,256,red,8151,T8B
180,0,0,1,256,red,8151,T8B
181,0,0,1,256,red,8151,T8B
182,0,0,1,256,red,8151,T8B
183,0,0,1,256,red,8151,T8B
184,0,0,1,256,red,8151,T8B
185,0,0,1,256,red,8151,T8B
186,0,0,1,256,red,8151,T8B
187,0,0,1,256,red,8151,T8B
188,0,0,1,256,red,8151,T8B
189,0,0,1,256,red,8151,T8B
190,0,0,1,256,red,8151,T8B
191,0,0,1,256,red,8151,T8B
192,0,0,1,256,red,8151,T8B
193,0,0,1,256,red,8151,T8B
194,0,0,1,256,red,8151,T8B
195,0,0,1,256,red,8151,T8B
196,0,0,1,256,red,8151,T8B
197,0,0,1,256,red,8151,T8B
198,0,0,1,256,red,8151,T8B
199,0,0,1,256,red,8151,T8B
200,0,0,1,256,red,8151,T8B
201,0,0,1,256,red,8151,T8B
202,0,0,1,256,red,8151,T8B
203,0,0,1,256,red,8151,T8B
204,0,0,1,256,red,8151,T8B
205,0,0,1,256,red,8151,T8B
206,0,0,1,256,red,8151,T8B
207,0,0,1,256,red,8151,T8B
208,0,0,1,256,red,8151,T8B
209,0,0,1,256,red,8151,T8B
210,0,0,1,256,red,8151,T8B
211,0,0,1,256,red,8151,T8B
212,0,0,1,256,red,8151,T8B
213,0,0,1,256,red,8151,T8B
214,0,0,1,256,red,8151,T8B
215,0,0,1,256,red,8151,T8B
216,0,0,1,256,red,8151,T8B
217,0,0,1,256,red,8151,T8B
218,0,0,1,256,red,8151,T8B
219,0,0,1,256,red,8151,T8B
220,0,0,1,256,red,8151,T8B
221,0,0,1,256,red,8151,T8B
222,0,0,1,256,red,8151,T8B
0,0,0,1,257,red,8978,T8B
1,0,0,1,257,red,8978,T8B
2,0,0,1,257,red,8978,T8B
3,0,0,1,257,red,8978,T8B
4,0,0,1,257,red,8978,T8B
5,0,0,1,257,red,8978,T8B
6,0,0,1,257,red,8978,T8B
7,0,0,1,257,red,8978,T8B
8,0,0,1,257,red,8978,T8B
9,0,0,1,257,red,8978,T8B
10,0,0,1,257,red,8978,T8B
11,0,0,1,257,red,8978,T8B
12,0,0,1,257,red,8978,T8B
13,0,0,1,257,red,8978,T8B
14,0,0,1,257,red,8978,T8B
15,0,0,1,257,red,8978,T8B
16,0,0,1,257,red,8978,T8B
17,0,0,1,257,red,8978,T8B
18,0,0,1,257,red,8978,T8B
19,0,0,1,257,red,8978,T8B
20,0,0,1,257,red,8978,T8B
21,0,0,1,257,red,8978,T8B
22,0,0,1,257,red,8978,T8B
23,0,0,1,257,red,8978,T8B
24,0,0,1,257,red,8978,T8B
25,0,0,1,257,red,8978,T8B
26,0,0,1,257,red,8978,T8B
27,0,0,1,257,red,8978,T8B
28,0,0,1,257,red,8978,T8B
29,0,0,1,257,red,8978,T8B
30,0,0,1,257,red,8978,T8B
31,0,0,1,257,red,8978,T8B
32,0,0,1,257,red,8978,T8B
33,0,0,1,257,red,8978,T8B
34,0,0,1,257,red,8978,T8B
35,0,0,1,257,red,8978,T8B
36,0,0,1,257,red,8978,T8B
37,0,0,1,257,red,8978,T8B
38,0,0,1,257,red,8978,T8B
39,0,0,1,257,red,8978,T8B
40,0,0,1,257,red,8978,T8B
41,0,0,1,257,red,8978,T8B
42,0,0,1,257,red,8978,T8B
43,0,0,1,257,red,8978,T8B
44,0,0,1,257,red,8978,T8B
45,0,0,1,257,red,8978,T8B
46,0,0,1,257,red,8978,T8B
47,0,0,1,257,red,8978,T8B
48,0,0,1,257,red,8978,T8B
49,0,0,1,257,red,8978,T8B
50,0,0,1,257,red,8978,T8B
51,0,0,1,257,red,8978,T8B
52,0,0,1,257,red,8978,T8B
53,0,0,1,257,red,8978,T8B
54,0,0,1,257,red,8978,T8B
55,0,0,1,257,red,8978,T8B
56,0,0,1,257,red,8978,T8B
57,0,0,1,257,red,8978,T8B
58,0,0,1,257,red,8978,T8B
59,0,0,1,257,red,8978,T8B
60,1,0,0,257,red,8978,T8B
61,1,0,0,257,red,8978,T8B
62,1,0,0,257,red,8978,T8B
63,1,0,0,257,red,8978,T8B
64,1,0,0,257,red,8978,T8B
65,1,0,0,257,red,8978,T8B
66,1,0,0,257,red,8978,T8B
67,1,0,0,257,red,8978,T8B
68,1,0,0,257,red,8978,T8B
69,1,0,0,257,red,8978,T8B
70,1,0,0,257,red,8978,T8B
71,1,0,0,257,red,8978,T8B
72,1,0,0,257,red,8978,T8B
73,1,0,0,257,red,8978,T8B
74,1,0,0,257,red,8978,T8B
75,1,0,0,257,red,8978,T8B
76,1,0,0,257,red,8978,T8B
77,1,0,0,257,red,8978,T8B
78,1,0,0,257,red,8978,T8B
79,1,0,0,257,red,8978,T8B
80,1,0,0,257,red,8978,T8B
81,1,0,0,257,red,8978,T8B
82,1,0,0,257,red,8978,T8B
83,1,0,0,257,red,8978,T8B
84,1,0,0,257,red,8978,T8B
85,1,0,0,257,red,8978,T8B
86,1,0,0,257,red,8978,T8B
87,1,0,0,257,red,8978,T8B
88,1,0,0,257,red,8978,T8B
89,1,0,0,257,red,8978,T8B
90,1,0,0,257,red,8978,T8B
91,1,0,0,257,red,8978,T8B
92,1,0,0,257,red,8978,T8B
93,1,0,0,257,red,8978,T8B
94,1,0,0,257,red,8978,T8B
95,1,0,0,257,red,8978,T8B
96,1,0,0,257,red,8978,T8B
97,1,0,0,257,red,8978,T8B
98,1,0,0,257,red,8978,T8B
99,1,0,0,257,red,8978,T8B
100,1,0,0,257,red,8978,T8B
101,1,0,0,257,red,8978,T8B
102,1,0,0,257,red,8978,T8B
103,1,0,0,257,red,8978,T8B
104,1,0,0,257,red,8978,T8B
105,1,0,0,257,red,8978,T8B
106,1,0,0,257,red,8978,T8B
107,1,0,0,257,red,8978,T8B
108,1,0,0,257,red,8978,T8B
109,1,0,0,257,red,8978,T8B
110,1,0,0,257,red,8978,T8B
111,1,0,0,257,red,8978,T8B
112,1,0,0,257,red,8978,T8B
113,1,0,0,257,red,8978,T8B
114,1,0,0,257,red,8978,T8B
115,1,0,0,257,red,8978,T8B
116,1,0,0,257,red,8978,T8B
117,1,0,0,257,red,8978,T8B
118,1,0,0,257,red,8978,T8B
119,1,0,0,257,red,8978,T8B
120,1,0,0,257,red,8978,T8B
121,1,0,0,257,red,8978,T8B
122,1,0,0,257,red,8978,T8B
123,1,0,0,257,red,8978,T8B
124,1,0,0,257,red,8978,T8B
125,1,0,0,257,red,8978,T8B
126,1,0,0,257,red,8978,T8B
127,1,0,0,257,red,8978,T8B
128,1,0,0,257,red,8978,T8B
129,1,0,0,257,red,8978,T8B
130,1,0,0,257,red,8978,T8B
131,1,0,0,257,red,8978,T8B
132,1,0,0,257,red,8978,T8B
133,1,0,0,257,red,8978,T8B
134,1,0,0,257,red,8978,T8B
135,1,0,0,257,red,8978,T8B
136,1,0,0,257,red,8978,T8B
137,1,0,0,257,red,8978,T8B
138,1,0,0,257,red,8978,T8B
139,1,0,0,257,red,8978,T8B
140,1,0,0,257,red,8978,T8B
141,1,0,0,257,red,8978,T8B
142,1,0,0,257,red,8978,T8B
143,1,0,0,257,red,8978,T8B
144,1,0,0,257,red,8978,T8B
145,1,0,0,257,red,8978,T8B
146,1,0,0,257,red,8978,T8B
147,1,0,0,257,red,8978,T8B
148,1,0,0,257,red,8978,T8B
149,1,0,0,257,red,8978,T8B
150,1,0,0,257,red,8978,T8B
151,1,0,0,257,red,8978,T8B
152,1,0,0,257,red,8978,T8B
153,1,0,0,257,red,8978,T8B
154,1,0,0,257,red,8978,T8B
155,1,0,0,257,red,8978,T8B
156,1,0,0,257,red,8978,T8B
157,1,0,0,257,red,8978,T8B
158,1,0,0,257,red,8978,T8B
159,1,0,0,257,red,8978,T8B
160,1,0,0,257,red,8978,T8B
161,1,0,0,257,red,8978,T8B
162,1,0,0,257,red,8978,T8B
163,1,0,0,257,red,8978,T8B
164,1,0,0,257,red,8978,T8B
165,1,0,0,257,red,8978,T8B
166,1,0,0,257,red,8978,T8B
167,1,0,0,257,red,8978,T8B
168,1,0,0,257,red,8978,T8B
169,1,0,0,257,red,8978,T8B
170,1,0,0,257,red,8978,T8B
171,1,0,0,257,red,8978,T8B
172,1,0,0,257,red,8978,T8B
173,1,0,0,257,red,8978,T8B
174,1,0,0,257,red,8978,T8B
175,1,0,0,257,red,8978,T8B
176,1,0,0,257,red,8978,T8B
177,1,0,0,257,red,8978,T8B
178,1,0,0,257,red,8978,T8B
179,1,0,0,257,red,8978,T8B
180,1,0,0,257,red,8978,T8B
181,1,0,0,257,red,8978,T8B
182,1,0,0,257,red,8978,T8B
183,1,0,0,257,red,8978,T8B
184,1,0,0,257,red,8978,T8B
185,1,0,0,257,red,8978,T8B
186,1,0,0,257,red,8978,T8B
187,1,0,0,257,red,8978,T8B
188,1,0,0,257,red,8978,T8B
189,1,0,0,257,red,8978,T8B
190,1,0,0,257,red,8978,T8B
191,1,0,0,257,red,8978,T8B
192,1,0,0,257,red,8978,T8B
193,1,0,0,257,red,8978,T8B
194,1,0,0,257,red,8978,T8B
195,1,0,0,257,red,8978,T8B
196,1,0,0,257,red,8978,T8B
197,1,0,0,257,red,8978,T8B
198,1,0,0,257,red,8978,T8B
199,1,0,0,257,red,8978,T8B
200,1,0,0,257,red,8978,T8B
201,1,0,0,257,red,8978,T8B
202,1,0,0,257,red,8978,T8B
203,1,0,0,257,red,8978,T8B
204,1,0,0,257,red,8978,T8B
205,1,0,0,257,red,8978,T8B
206,1,0,0,257,red,8978,T8B
207,1,0,0,257,red,8978,T8B
208,1,0,0,257,red,8978,T8B
209,1,0,0,257,red,8978,T8B
210,1,0,0,257,red,8978,T8B
211,1,0,0,257,red,8978,T8B
212,1,0,0,257,red,8978,T8B
213,1,0,0,257,red,8978,T8B
214,1,0,0,257,red,8978,T8B
215,1,0,0,257,red,8978,T8B
216,1,0,0,257,red,8978,T8B
217,1,0,0,257,red,8978,T8B
218,1,0,0,257,red,8978,T8B
219,1,0,0,257,red,8978,T8B
220,1,0,0,257,red,8978,T8B
221,1,0,0,257,red,8978,T8B
222,1,0,0,257,red,8978,T8B
0,0,0,1,258,red,7985,T8B
1,0,0,1,258,red,7985,T8B
2,0,0,1,258,red,7985,T8B
3,0,0,1,258,red,7985,T8B
4,0,0,1,258,red,7985,T8B
5,0,0,1,258,red,7985,T8B
6,0,0,1,258,red,7985,T8B
7,0,0,1,258,red,7985,T8B
8,0,0,1,258,red,7985,T8B
9,0,0,1,258,red,7985,T8B
10,0,0,1,258,red,7985,T8B
11,0,0,1,258,red,7985,T8B
12,0,0,1,258,red,7985,T8B
13,0,0,1,258,red,7985,T8B
14,0,0,1,258,red,7985,T8B
15,0,0,1,258,red,7985,T8B
16,0,0,1,258,red,7985,T8B
17,0,0,1,258,red,7985,T8B
18,0,0,1,258,red,7985,T8B
19,0,0,1,258,red,7985,T8B
20,0,0,1,258,red,7985,T8B
21,0,0,1,258,red,7985,T8B
22,0,0,1,258,red,7985,T8B
23,0,0,1,258,red,7985,T8B
24,0,0,1,258,red,7985,T8B
25,0,0,1,258,red,7985,T8B
26,0,0,1,258,red,7985,T8B
27,0,0,1,258,red,7985,T8B
28,0,0,1,258,red,7985,T8B
29,0,0,1,258,red,7985,T8B
30,0,0,1,258,red,7985,T8B
31,0,0,1,258,red,7985,T8B
32,0,0,1,258,red,7985,T8B
33,0,0,1,258,red,7985,T8B
34,0,0,1,258,red,7985,T8B
35,0,0,1,258,red,7985,T8B
36,0,0,1,258,red,7985,T8B
37,0,0,1,258,red,7985,T8B
38,0,0,1,258,red,7985,T8B
39,0,0,1,258,red,7985,T8B
40,0,0,1,258,red,7985,T8B
41,0,0,1,258,red,7985,T8B
42,0,0,1,258,red,7985,T8B
43,0,0,1,258,red,7985,T8B
44,0,0,1,258,red,7985,T8B
45,0,0,1,258,red,7985,T8B
46,0,0,1,258,red,7985,T8B
47,0,0,1,258,red,7985,T8B
48,0,0,1,258,red,7985,T8B
49,0,0,1,258,red,7985,T8B
50,0,0,1,258,red,7985,T8B
51,0,0,1,258,red,7985,T8B
52,0,0,1,258,red,7985,T8B
53,0,0,1,258,red,7985,T8B
54,0,0,1,258,red,7985,T8B
55,0,0,1,258,red,7985,T8B
56,0,0,1,258,red,7985,T8B
57,0,0,1,258,red,7985,T8B
58,0,0,1,258,red,7985,T8B
59,0,0,1,258,red,7985,T8B
60,0,0,1,258,red,7985,T8B
61,0,0,1,258,red,7985,T8B
62,0,0,1,258,red,7985,T8B
63,0,0,1,258,red,7985,T8B
64,0,0,1,258,red,7985,T8B
65,0,0,1,258,red,7985,T8B
66,0,0,1,258,red,7985,T8B
67,0,0,1,258,red,7985,T8B
68,0,0,1,258,red,7985,T8B
69,0,0,1,258,red,7985,T8B
70,0,0,1,258,red,7985,T8B
71,0,0,1,258,red,7985,T8B
72,0,0,1,258,red,7985,T8B
73,0,0,1,258,red,7985,T8B
74,0,0,1,258,red,7985,T8B
75,0,0,1,258,red,7985,T8B
76,0,0,1,258,red,7985,T8B
77,0,0,1,258,red,7985,T8B
78,0,0,1,258,red,7985,T8B
79,0,0,1,258,red,7985,T8B
80,0,0,1,258,red,7985,T8B
81,0,0,1,258,red,7985,T8B
82,0,0,1,258,red,7985,T8B
83,0,0,1,258,red,7985,T8B
84,0,0,1,258,red,7985,T8B
85,0,0,1,258,red,7985,T8B
86,0,0,1,258,red,7985,T8B
87,0,0,1,258,red,7985,T8B
88,0,0,1,258,red,7985,T8B
89,0,0,1,258,red,7985,T8B
90,0,0,1,258,red,7985,T8B
91,0,0,1,258,red,7985,T8B
92,0,0,1,258,red,7985,T8B
93,0,0,1,258,red,7985,T8B
94,0,0,1,258,red,7985,T8B
95,0,0,1,258,red,7985,T8B
96,0,0,1,258,red,7985,T8B
97,0,0,1,258,red,7985,T8B
98,0,0,1,258,red,7985,T8B
99,0,0,1,258,red,7985,T8B
100,1,0,0,258,red,7985,T8B
101,1,0,0,258,red,7985,T8B
102,1,0,0,258,red,7985,T8B
103,1,0,0,258,red,7985,T8B
104,1,0,0,258,red,7985,T8B
105,1,0,0,258,red,7985,T8B
106,1,0,0,258,red,7985,T8B
107,1,0,0,258,red,7985,T8B
108,1,0,0,258,red,7985,T8B
109,1,0,0,258,red,7985,T8B
110,1,0,0,258,red,7985,T8B
111,1,0,0,258,red,7985,T8B
112,1,0,0,258,red,7985,T8B
113,1,0,0,258,red,7985,T8B
114,1,0,0,258,red,7985,T8B
115,1,0,0,258,red,7985,T8B
116,1,0,0,258,red,7985,T8B
117,1,0,0,258,red,7985,T8B
118,1,0,0,258,red,7985,T8B
119,1,0,0,258,red,7985,T8B
120,1,0,0,258,red,7985,T8B
121,1,0,0,258,red,7985,T8B
122,1,0,0,258,red,7985,T8B
123,1,0,0,258,red,7985,T8B
124,1,0,0,258,red,7985,T8B
125,1,0,0,258,red,7985,T8B
126,1,0,0,258,red,7985,T8B
127,1,0,0,258,red,7985,T8B
128,1,0,0,258,red,7985,T8B
129,1,0,0,258,red,7985,T8B
130,1,0,0,258,red,7985,T8B
131,1,0,0,258,red,7985,T8B
132,1,0,0,258,red,7985,T8B
133,1,0,0,258,red,7985,T8B
134,1,0,0,258,red,7985,T8B
135,1,0,0,258,red,7985,T8B
136,1,0,0,258,red,7985,T8B
137,1,0,0,258,red,7985,T8B
138,1,0,0,258,red,7985,T8B
139,1,0,0,258,red,7985,T8B
140,1,0,0,258,red,7985,T8B
141,1,0,0,258,red,7985,T8B
142,1,0,0,258,red,7985,T8B
143,1,0,0,258,red,7985,T8B
144,1,0,0,258,red,7985,T8B
145,1,0,0,258,red,7985,T8B
146,1,0,0,258,red,7985,T8B
147,1,0,0,258,red,7985,T8B
148,1,0,0,258,red,7985,T8B
149,1,0,0,258,red,7985,T8B
150,1,0,0,258,red,7985,T8B
151,1,0,0,258,red,7985,T8B
152,1,0,0,258,red,7985,T8B
153,1,0,0,258,red,7985,T8B
154,1,0,0,258,red,7985,T8B
155,1,0,0,258,red,7985,T8B
156,1,0,0,258,red,7985,T8B
157,1,0,0,258,red,7985,T8B
158,1,0,0,258,red,7985,T8B
159,1,0,0,258,red,7985,T8B
160,1,0,0,258,red,7985,T8B
161,1,0,0,258,red,7985,T8B
162,1,0,0,258,red,7985,T8B
163,1,0,0,258,red,7985,T8B
164,1,0,0,258,red,7985,T8B
165,1,0,0,258,red,7985,T8B
166,1,0,0,258,red,7985,T8B
167,1,0,0,258,red,7985,T8B
168,1,0,0,258,red,7985,T8B
169,1,0,0,258,red,7985,T8B
170,1,0,0,258,red,7985,T8B
171,1,0,0,258,red,7985,T8B
172,1,0,0,258,red,7985,T8B
173,1,0,0,258,red,7985,T8B
174,1,0,0,258,red,7985,T8B
175,1,0,0,258,red,7985,T8B
176,1,0,0,258,red,7985,T8B
177,1,0,0,258,red,7985,T8B
178,1,0,0,258,red,7985,T8B
179,1,0,0,258,red,7985,T8B
180,1,0,0,258,red,7985,T8B
181,1,0,0,258,red,7985,T8B
182,1,0,0,258,red,7985,T8B
183,1,0,0,258,red,7985,T8B
184,1,0,0,258,red,7985,T8B
185,1,0,0,258,red,7985,T8B
186,1,0,0,258,red,7985,T8B
187,1,0,0,258,red,7985,T8B
188,1,0,0,258,red,7985,T8B
189,1,0,0,258,red,7985,T8B
190,1,0,0,258,red,7985,T8B
191,1,0,0,258,red,7985,T8B
192,1,0,0,258,red,7985,T8B
193,1,0,0,258,red,7985,T8B
194,1,0,0,258,red,7985,T8B
195,1,0,0,258,red,7985,T8B
196,1,0,0,258,red,7985,T8B
197,1,0,0,258,red,7985,T8B
198,1,0,0,258,red,7985,T8B
199,1,0,0,258,red,7985,T8B
200,1,0,0,258,red,7985,T8B
201,1,0,0,258,red,7985,T8B
202,1,0,0,258,red,7985,T8B
203,1,0,0,258,red,7985,T8B
204,1,0,0,258,red,7985,T8B
205,1,0,0,258,red,7985,T8B
206,1,0,0,258,red,7985,T8B
207,1,0,0,258,red,7985,T8B
208,1,0,0,258,red,7985,T8B
209,1,0,0,258,red,7985,T8B
210,1,0,0,258,red,7985,T8B
211,1,0,0,258,red,7985,T8B
212,1,0,0,258,red,7985,T8B
213,1,0,0,258,red,7985,T8B
214,1,0,0,258,red,7985,T8B
215,1,0,0,258,red,7985,T8B
216,1,0,0,258,red,7985,T8B
217,1,0,0,258,red,7985,T8B
218,1,0,0,258,red,7985,T8B
219,1,0,0,258,red,7985,T8B
220,1,0,0,258,red,7985,T8B
221,1,0,0,258,red,7985,T8B
222,1,0,0,258,red,7985,T8B
0,0,0,1,259,red,7735,T8B
1,0,0,1,259,red,7735,T8B
2,0,0,1,259,red,7735,T8B
3,0,0,1,259,red,7735,T8B
4,0,0,1,259,red,7735,T8B
5,0,0,1,259,red,7735,T8B
6,0,0,1,259,red,7735,T8B
7,0,0,1,259,red,7735,T8B
8,0,0,1,259,red,7735,T8B
9,0,0,1,259,red,7735,T8B
10,0,0,1,259,red,7735,T8B
11,0,0,1,259,red,7735,T8B
12,0,0,1,259,red,7735,T8B
13,0,0,1,259,red,7735,T8B
14,0,0,1,259,red,7735,T8B
15,0,0,1,259,red,7735,T8B
16,0,0,1,259,red,7735,T8B
17,0,0,1,259,red,7735,T8B
18,0,0,1,259,red,7735,T8B
19,0,0,1,259,red,7735,T8B
20,0,0,1,259,red,7735,T8B
21,0,0,1,259,red,7735,T8B
22,0,0,1,259,red,7735,T8B
23,0,0,1,259,red,7735,T8B
24,0,0,1,259,red,7735,T8B
25,0,0,1,259,red,7735,T8B
26,0,0,1,259,red,7735,T8B
27,0,0,1,259,red,7735,T8B
28,0,0,1,259,red,7735,T8B
29,0,0,1,259,red,7735,T8B
30,0,0,1,259,red,7735,T8B
31,0,0,1,259,red,7735,T8B
32,0,0,1,259,red,7735,T8B
33,0,1,0,259,red,7735,T8B
34,0,1,0,259,red,7735,T8B
35,0,1,0,259,red,7735,T8B
36,0,1,0,259,red,7735,T8B
37,0,1,0,259,red,7735,T8B
38,0,1,0,259,red,7735,T8B
39,0,1,0,259,red,7735,T8B
40,0,1,0,259,red,7735,T8B
41,0,1,0,259,red,7735,T8B
42,0,1,0,259,red,7735,T8B
43,0,1,0,259,red,7735,T8B
44,0,1,0,259,red,7735,T8B
45,0,1,0,259,red,7735,T8B
46,0,1,0,259,red,7735,T8B
47,0,1,0,259,red,7735,T8B
48,0,1,0,259,red,7735,T8B
49,0,1,0,259,red,7735,T8B
50,0,1,0,259,red,7735,T8B
51,0,1,0,259,red,7735,T8B
52,0,1,0,259,red,7735,T8B
53,0,1,0,259,red,7735,T8B
54,0,1,0,259,red,7735,T8B
55,0,1,0,259,red,7735,T8B
56,0,1,0,259,red,7735,T8B
57,0,1,0,259,red,7735,T8B
58,0,1,0,259,red,7735,T8B
59,0,1,0,259,red,7735,T8B
60,0,1,0,259,red,7735,T8B
61,0,1,0,259,red,7735,T8B
62,0,1,0,259,red,7735,T8B
63,0,1,0,259,red,7735,T8B
64,0,1,0,259,red,7735,T8B
65,0,1,0,259,red,7735,T8B
66,0,1,0,259,red,7735,T8B
67,0,1,0,259,red,7735,T8B
68,0,1,0,259,red,7735,T8B
69,0,1,0,259,red,7735,T8B
70,0,1,0,259,red,7735,T8B
71,0,1,0,259,red,7735,T8B
72,0,1,0,259,red,7735,T8B
73,0,1,0,259,red,7735,T8B
74,0,1,0,259,red,7735,T8B
75,0,1,0,259,red,7735,T8B
76,0,1,0,259,red,7735,T8B
77,0,1,0,259,red,7735,T8B
78,0,1,0,259,red,7735,T8B
79,0,1,0,259,red,7735,T8B
80,0,1,0,259,red,7735,T8B
81,0,1,0,259,red,7735,T8B
82,0,1,0,259,red,7735,T8B
83,0,1,0,259,red,7735,T8B
84,0,1,0,259,red,7735,T8B
85,0,1,0,259,red,7735,T8B
86,0,1,0,259,red,7735,T8B
87,0,1,0,259,red,7735,T8B
88,0,1,0,259,red,7735,T8B
89,0,1,0,259,red,7735,T8B
90,0,1,0,259,red,7735,T8B
91,0,1,0,259,red,7735,T8B
92,0,1,0,259,red,7735,T8B
93,0,1,0,259,red,7735,T8B
94,0,1,0,259,red,7735,T8B
95,0,1,0,259,red,7735,T8B
96,0,1,0,259,red,7735,T8B
97,0,1,0,259,red,7735,T8B
98,0,1,0,259,red,7735,T8B
99,0,1,0,259,red,7735,T8B
100,0,1,0,259,red,7735,T8B
101,0,1,0,259,red,7735,T8B
102,0,1,0,259,red,7735,T8B
103,0,1,0,259,red,7735,T8B
104,0,1,0,259,red,7735,T8B
105,0,1,0,259,red,7735,T8B
106,0,1,0,259,red,7735,T8B
107,0,1,0,259,red,7735,T8B
108,0,1,0,259,red,7735,T8B
109,0,1,0,259,red,7735,T8B
110,0,1,0,259,red,7735,T8B
111,0,1,0,259,red,7735,T8B
112,0,1,0,259,red,7735,T8B
113,0,1,0,259,red,7735,T8B
114,0,1,0,259,red,7735,T8B
115,0,1,0,259,red,7735,T8B
116,0,1,0,259,red,7735,T8B
117,0,1,0,259,red,7735,T8B
118,0,1,0,259,red,7735,T8B
119,0,1,0,259,red,7735,T8B
120,0,1,0,259,red,7735,T8B
121,0,1,0,259,red,7735,T8B
122,0,1,0,259,red,7735,T8B
123,0,1,0,259,red,7735,T8B
124,0,1,0,259,red,7735,T8B
125,0,1,0,259,red,7735,T8B
126,0,1,0,259,red,7735,T8B
127,0,1,0,259,red,7735,T8B
128,0,1,0,259,red,7735,T8B
129,0,1,0,259,red,7735,T8B
130,0,1,0,259,red,7735,T8B
131,0,1,0,259,red,7735,T8B
132,0,1,0,259,red,7735,T8B
133,0,1,0,259,red,7735,T8B
134,0,1,0,259,red,7735,T8B
135,0,1,0,259,red,7735,T8B
136,0,1,0,259,red,7735,T8B
137,0,1,0,259,red,7735,T8B
138,0,1,0,259,red,7735,T8B
139,0,1,0,259,red,7735,T8B
140,0,1,0,259,red,7735,T8B
141,0,1,0,259,red,7735,T8B
142,0,1,0,259,red,7735,T8B
143,0,1,0,259,red,7735,T8B
144,0,1,0,259,red,7735,T8B
145,0,1,0,259,red,7735,T8B
146,0,1,0,259,red,7735,T8B
147,0,1,0,259,red,7735,T8B
148,0,1,0,259,red,7735,T8B
149,0,1,0,259,red,7735,T8B
150,0,1,0,259,red,7735,T8B
151,0,1,0,259,red,7735,T8B
152,0,1,0,259,red,7735,T8B
153,0,1,0,259,red,7735,T8B
154,0,1,0,259,red,7735,T8B
155,0,1,0,259,red,7735,T8B
156,0,1,0,259,red,7735,T8B
157,0,1,0,259,red,7735,T8B
158,0,1,0,259,red,7735,T8B
159,0,1,0,259,red,7735,T8B
160,0,1,0,259,red,7735,T8B
161,0,1,0,259,red,7735,T8B
162,0,1,0,259,red,7735,T8B
163,0,1,0,259,red,7735,T8B
164,0,1,0,259,red,7735,T8B
165,0,1,0,259,red,7735,T8B
166,0,1,0,259,red,7735,T8B
167,0,1,0,259,red,7735,T8B
168,0,1,0,259,red,7735,T8B
169,0,1,0,259,red,7735,T8B
170,0,1,0,259,red,7735,T8B
171,0,1,0,259,red,7735,T8B
172,0,1,0,259,red,7735,T8B
173,1,0,0,259,red,7735,T8B
174,1,0,0,259,red,7735,T8B
175,1,0,0,259,red,7735,T8B
176,1,0,0,259,red,7735,T8B
177,1,0,0,259,red,7735,T8B
178,1,0,0,259,red,7735,T8B
179,1,0,0,259,red,7735,T8B
180,1,0,0,259,red,7735,T8B
181,1,0,0,259,red,7735,T8B
182,1,0,0,259,red,7735,T8B
183,1,0,0,259,red,7735,T8B
184,1,0,0,259,red,7735,T8B
185,1,0,0,259,red,7735,T8B
186,1,0,0,259,red,7735,T8B
187,1,0,0,259,red,7735,T8B
188,1,0,0,259,red,7735,T8B
189,1,0,0,259,red,7735,T8B
190,1,0,0,259,red,7735,T8B
191,1,0,0,259,red,7735,T8B
192,1,0,0,259,red,7735,T8B
193,1,0,0,259,red,7735,T8B
194,1,0,0,259,red,7735,T8B
195,1,0,0,259,red,7735,T8B
196,1,0,0,259,red,7735,T8B
197,1,0,0,259,red,7735,T8B
198,1,0,0,259,red,7735,T8B
199,1,0,0,259,red,7735,T8B
200,1,0,0,259,red,7735,T8B
201,1,0,0,259,red,7735,T8B
202,1,0,0,259,red,7735,T8B
203,1,0,0,259,red,7735,T8B
204,1,0,0,259,red,7735,T8B
205,1,0,0,259,red,7735,T8B
206,1,0,0,259,red,7735,T8B
207,1,0,0,259,red,7735,T8B
208,1,0,0,259,red,7735,T8B
209,1,0,0,259,red,7735,T8B
210,1,0,0,259,red,7735,T8B
211,1,0,0,259,red,7735,T8B
212,1,0,0,259,red,7735,T8B
213,1,0,0,259,red,7735,T8B
214,1,0,0,259,red,7735,T8B
215,1,0,0,259,red,7735,T8B
216,1,0,0,259,red,7735,T8B
217,1,0,0,259,red,7735,T8B
218,1,0,0,259,red,7735,T8B
219,1,0,0,259,red,7735,T8B
220,1,0,0,259,red,7735,T8B
221,1,0,0,259,red,7735,T8B
222,1,0,0,259,red,7735,T8B
0,0,0,1,260,red,7955,T8B
1,0,0,1,260,red,7955,T8B
2,0,0,1,260,red,7955,T8B
3,0,0,1,260,red,7955,T8B
4,0,0,1,260,red,7955,T8B
5,0,0,1,260,red,7955,T8B
6,0,0,1,260,red,7955,T8B
7,0,0,1,260,red,7955,T8B
8,0,0,1,260,red,7955,T8B
9,0,0,1,260,red,7955,T8B
10,1,0,0,260,red,7955,T8B
11,1,0,0,260,red,7955,T8B
12,1,0,0,260,red,7955,T8B
13,1,0,0,260,red,7955,T8B
14,1,0,0,260,red,7955,T8B
15,1,0,0,260,red,7955,T8B
16,1,0,0,260,red,7955,T8B
17,1,0,0,260,red,7955,T8B
18,1,0,0,260,red,7955,T8B
19,1,0,0,260,red,7955,T8B
20,1,0,0,260,red,7955,T8B
21,1,0,0,260,red,7955,T8B
22,1,0,0,260,red,7955,T8B
23,1,0,0,260,red,7955,T8B
24,1,0,0,260,red,7955,T8B
25,1,0,0,260,red,7955,T8B
26,0,0,1,260,red,7955,T8B
27,0,0,1,260,red,7955,T8B
28,0,0,1,260,red,7955,T8B
29,0,0,1,260,red,7955,T8B
30,0,0,1,260,red,7955,T8B
31,0,0,1,260,red,7955,T8B
32,1,0,0,260,red,7955,T8B
33,1,0,0,260,red,7955,T8B
34,1,0,0,260,red,7955,T8B
35,1,0,0,260,red,7955,T8B
36,1,0,0,260,red,7955,T8B
37,1,0,0,260,red,7955,T8B
38,1,0,0,260,red,7955,T8B
39,1,0,0,260,red,7955,T8B
40,1,0,0,260,red,7955,T8B
41,1,0,0,260,red,7955,T8B
42,1,0,0,260,red,7955,T8B
43,1,0,0,260,red,7955,T8B
44,1,0,0,260,red,7955,T8B
45,1,0,0,260,red,7955,T8B
46,1,0,0,260,red,7955,T8B
47,1,0,0,260,red,7955,T8B
48,1,0,0,260,red,7955,T8B
49,1,0,0,260,red,7955,T8B
50,1,0,0,260,red,7955,T8B
51,1,0,0,260,red,7955,T8B
52,1,0,0,260,red,7955,T8B
53,1,0,0,260,red,7955,T8B
54,1,0,0,260,red,7955,T8B
55,1,0,0,260,red,7955,T8B
56,1,0,0,260,red,7955,T8B
57,1,0,0,260,red,7955,T8B
58,1,0,0,260,red,7955,T8B
59,1,0,0,260,red,7955,T8B
60,1,0,0,260,red,7955,T8B
61,1,0,0,260,red,7955,T8B
62,1,0,0,260,red,7955,T8B
63,1,0,0,260,red,7955,T8B
64,1,0,0,260,red,7955,T8B
65,1,0,0,260,red,7955,T8B
66,1,0,0,260,red,7955,T8B
67,1,0,0,260,red,7955,T8B
68,1,0,0,260,red,7955,T8B
69,1,0,0,260,red,7955,T8B
70,1,0,0,260,red,7955,T8B
71,1,0,0,260,red,7955,T8B
72,1,0,0,260,red,7955,T8B
73,1,0,0,260,red,7955,T8B
74,1,0,0,260,red,7955,T8B
75,1,0,0,260,red,7955,T8B
76,1,0,0,260,red,7955,T8B
77,1,0,0,260,red,7955,T8B
78,1,0,0,260,red,7955,T8B
79,1,0,0,260,red,7955,T8B
80,1,0,0,260,red,7955,T8B
81,1,0,0,260,red,7955,T8B
82,1,0,0,260,red,7955,T8B
83,1,0,0,260,red,7955,T8B
84,1,0,0,260,red,7955,T8B
85,1,0,0,260,red,7955,T8B
86,1,0,0,260,red,7955,T8B
87,1,0,0,260,red,7955,T8B
88,1,0,0,260,red,7955,T8B
89,1,0,0,260,red,7955,T8B
90,1,0,0,260,red,7955,T8B
91,1,0,0,260,red,7955,T8B
92,1,0,0,260,red,7955,T8B
93,1,0,0,260,red,7955,T8B
94,1,0,0,260,red,7955,T8B
95,1,0,0,260,red,7955,T8B
96,1,0,0,260,red,7955,T8B
97,1,0,0,260,red,7955,T8B
98,1,0,0,260,red,7955,T8B
99,1,0,0,260,red,7955,T8B
100,1,0,0,260,red,7955,T8B
101,1,0,0,260,red,7955,T8B
102,1,0,0,260,red,7955,T8B
103,1,0,0,260,red,7955,T8B
104,1,0,0,260,red,7955,T8B
105,1,0,0,260,red,7955,T8B
106,1,0,0,260,red,7955,T8B
107,1,0,0,260,red,7955,T8B
108,1,0,0,260,red,7955,T8B
109,1,0,0,260,red,7955,T8B
110,1,0,0,260,red,7955,T8B
111,1,0,0,260,red,7955,T8B
112,1,0,0,260,red,7955,T8B
113,1,0,0,260,red,7955,T8B
114,1,0,0,260,red,7955,T8B
115,1,0,0,260,red,7955,T8B
116,1,0,0,260,red,7955,T8B
117,1,0,0,260,red,7955,T8B
118,1,0,0,260,red,7955,T8B
119,1,0,0,260,red,7955,T8B
120,1,0,0,260,red,7955,T8B
121,1,0,0,260,red,7955,T8B
122,1,0,0,260,red,7955,T8B
123,1,0,0,260,red,7955,T8B
124,1,0,0,260,red,7955,T8B
125,1,0,0,260,red,7955,T8B
126,1,0,0,260,red,7955,T8B
127,1,0,0,260,red,7955,T8B
128,1,0,0,260,red,7955,T8B
129,1,0,0,260,red,7955,T8B
130,1,0,0,260,red,7955,T8B
131,1,0,0,260,red,7955,T8B
132,1,0,0,260,red,7955,T8B
133,1,0,0,260,red,7955,T8B
134,1,0,0,260,red,7955,T8B
135,1,0,0,260,red,7955,T8B
136,1,0,0,260,red,7955,T8B
137,1,0,0,260,red,7955,T8B
138,1,0,0,260,red,7955,T8B
139,1,0,0,260,red,7955,T8B
140,1,0,0,260,red,7955,T8B
141,1,0,0,260,red,7955,T8B
142,1,0,0,260,red,7955,T8B
143,1,0,0,260,red,7955,T8B
144,1,0,0,260,red,7955,T8B
145,1,0,0,260,red,7955,T8B
146,1,0,0,260,red,7955,T8B
147,1,0,0,260,red,7955,T8B
148,1,0,0,260,red,7955,T8B
149,1,0,0,260,red,7955,T8B
150,1,0,0,260,red,7955,T8B
151,1,0,0,260,red,7955,T8B
152,1,0,0,260,red,7955,T8B
153,1,0,0,260,red,7955,T8B
154,1,0,0,260,red,7955,T8B
155,1,0,0,260,red,7955,T8B
156,1,0,0,260,red,7955,T8B
157,1,0,0,260,red,7955,T8B
158,1,0,0,260,red,7955,T8B
159,1,0,0,260,red,7955,T8B
160,1,0,0,260,red,7955,T8B
161,1,0,0,260,red,7955,T8B
162,1,0,0,260,red,7955,T8B
163,1,0,0,260,red,7955,T8B
164,1,0,0,260,red,7955,T8B
165,1,0,0,260,red,7955,T8B
166,1,0,0,260,red,7955,T8B
167,1,0,0,260,red,7955,T8B
168,1,0,0,260,red,7955,T8B
169,1,0,0,260,red,7955,T8B
170,1,0,0,260,red,7955,T8B
171,1,0,0,260,red,7955,T8B
172,1,0,0,260,red,7955,T8B
173,1,0,0,260,red,7955,T8B
174,1,0,0,260,red,7955,T8B
175,1,0,0,260,red,7955,T8B
176,1,0,0,260,red,7955,T8B
177,1,0,0,260,red,7955,T8B
178,1,0,0,260,red,7955,T8B
179,1,0,0,260,red,7955,T8B
180,1,0,0,260,red,7955,T8B
181,1,0,0,260,red,7955,T8B
182,1,0,0,260,red,7955,T8B
183,1,0,0,260,red,7955,T8B
184,1,0,0,260,red,7955,T8B
185,1,0,0,260,red,7955,T8B
186,1,0,0,260,red,7955,T8B
187,1,0,0,260,red,7955,T8B
188,1,0,0,260,red,7955,T8B
189,1,0,0,260,red,7955,T8B
190,1,0,0,260,red,7955,T8B
191,1,0,0,260,red,7955,T8B
192,1,0,0,260,red,7955,T8B
193,1,0,0,260,red,7955,T8B
194,1,0,0,260,red,7955,T8B
195,1,0,0,260,red,7955,T8B
196,1,0,0,260,red,7955,T8B
197,1,0,0,260,red,7955,T8B
198,1,0,0,260,red,7955,T8B
199,1,0,0,260,red,7955,T8B
200,1,0,0,260,red,7955,T8B
201,1,0,0,260,red,7955,T8B
202,1,0,0,260,red,7955,T8B
203,1,0,0,260,red,7955,T8B
204,1,0,0,260,red,7955,T8B
205,1,0,0,260,red,7955,T8B
206,1,0,0,260,red,7955,T8B
207,1,0,0,260,red,7955,T8B
208,1,0,0,260,red,7955,T8B
209,1,0,0,260,red,7955,T8B
210,1,0,0,260,red,7955,T8B
211,1,0,0,260,red,7955,T8B
212,1,0,0,260,red,7955,T8B
213,1,0,0,260,red,7955,T8B
214,1,0,0,260,red,7955,T8B
215,1,0,0,260,red,7955,T8B
216,1,0,0,260,red,7955,T8B
217,1,0,0,260,red,7955,T8B
218,1,0,0,260,red,7955,T8B
219,1,0,0,260,red,7955,T8B
220,1,0,0,260,red,7955,T8B
221,1,0,0,260,red,7955,T8B
222,1,0,0,260,red,7955,T8B
0,0,0,1,261,red,8686,T8B
1,0,0,1,261,red,8686,T8B
2,0,0,1,261,red,8686,T8B
3,0,0,1,261,red,8686,T8B
4,0,0,1,261,red,8686,T8B
5,0,0,1,261,red,8686,T8B
6,0,0,1,261,red,8686,T8B
7,0,0,1,261,red,8686,T8B
8,0,0,1,261,red,8686,T8B
9,0,0,1,261,red,8686,T8B
10,0,0,1,261,red,8686,T8B
11,0,0,1,261,red,8686,T8B
12,0,0,1,261,red,8686,T8B
13,0,0,1,261,red,8686,T8B
14,0,0,1,261,red,8686,T8B
15,0,0,1,261,red,8686,T8B
16,0,0,1,261,red,8686,T8B
17,0,0,1,261,red,8686,T8B
18,0,0,1,261,red,8686,T8B
19,0,0,1,261,red,8686,T8B
20,0,0,1,261,red,8686,T8B
21,0,0,1,261,red,8686,T8B
22,0,0,1,261,red,8686,T8B
23,0,0,1,261,red,8686,T8B
24,0,0,1,261,red,8686,T8B
25,0,0,1,261,red,8686,T8B
26,0,0,1,261,red,8686,T8B
27,0,0,1,261,red,8686,T8B
28,0,1,0,261,red,8686,T8B
29,0,1,0,261,red,8686,T8B
30,0,1,0,261,red,8686,T8B
31,0,1,0,261,red,8686,T8B
32,0,1,0,261,red,8686,T8B
33,0,1,0,261,red,8686,T8B
34,0,1,0,261,red,8686,T8B
35,0,1,0,261,red,8686,T8B
36,0,1,0,261,red,8686,T8B
37,0,1,0,261,red,8686,T8B
38,0,1,0,261,red,8686,T8B
39,0,1,0,261,red,8686,T8B
40,0,1,0,261,red,8686,T8B
41,0,1,0,261,red,8686,T8B
42,0,1,0,261,red,8686,T8B
43,0,1,0,261,red,8686,T8B
44,0,1,0,261,red,8686,T8B
45,0,1,0,261,red,8686,T8B
46,0,1,0,261,red,8686,T8B
47,0,1,0,261,red,8686,T8B
48,0,1,0,261,red,8686,T8B
49,0,1,0,261,red,8686,T8B
50,0,1,0,261,red,8686,T8B
51,0,1,0,261,red,8686,T8B
52,0,1,0,261,red,8686,T8B
53,0,1,0,261,red,8686,T8B
54,0,1,0,261,red,8686,T8B
55,0,1,0,261,red,8686,T8B
56,0,1,0,261,red,8686,T8B
57,0,1,0,261,red,8686,T8B
58,0,1,0,261,red,8686,T8B
59,0,1,0,261,red,8686,T8B
60,0,1,0,261,red,8686,T8B
61,0,1,0,261,red,8686,T8B
62,0,1,0,261,red,8686,T8B
63,0,1,0,261,red,8686,T8B
64,0,1,0,261,red,8686,T8B
65,0,1,0,261,red,8686,T8B
66,0,1,0,261,red,8686,T8B
67,0,1,0,261,red,8686,T8B
68,0,0,1,261,red,8686,T8B
69,0,0,1,261,red,8686,T8B
70,0,0,1,261,red,8686,T8B
71,0,0,1,261,red,8686,T8B
72,1,0,0,261,red,8686,T8B
73,1,0,0,261,red,8686,T8B
74,1,0,0,261,red,8686,T8B
75,1,0,0,261,red,8686,T8B
76,1,0,0,261,red,8686,T8B
77,1,0,0,261,red,8686,T8B
78,1,0,0,261,red,8686,T8B
79,1,0,0,261,red,8686,T8B
80,1,0,0,261,red,8686,T8B
81,1,0,0,261,red,8686,T8B
82,1,0,0,261,red,8686,T8B
83,1,0,0,261,red,8686,T8B
84,1,0,0,261,red,8686,T8B
85,1,0,0,261,red,8686,T8B
86,1,0,0,261,red,8686,T8B
87,1,0,0,261,red,8686,T8B
88,1,0,0,261,red,8686,T8B
89,1,0,0,261,red,8686,T8B
90,1,0,0,261,red,8686,T8B
91,1,0,0,261,red,8686,T8B
92,1,0,0,261,red,8686,T8B
93,1,0,0,261,red,8686,T8B
94,1,0,0,261,red,8686,T8B
95,1,0,0,261,red,8686,T8B
96,1,0,0,261,red,8686,T8B
97,1,0,0,261,red,8686,T8B
98,1,0,0,261,red,8686,T8B
99,1,0,0,261,red,8686,T8B
100,1,0,0,261,red,8686,T8B
101,1,0,0,261,red,8686,T8B
102,1,0,0,261,red,8686,T8B
103,1,0,0,261,red,8686,T8B
104,1,0,0,261,red,8686,T8B
105,1,0,0,261,red,8686,T8B
106,1,0,0,261,red,8686,T8B
107,1,0,0,261,red,8686,T8B
108,1,0,0,261,red,8686,T8B
109,1,0,0,261,red,8686,T8B
110,1,0,0,261,red,8686,T8B
111,1,0,0,261,red,8686,T8B
112,1,0,0,261,red,8686,T8B
113,1,0,0,261,red,8686,T8B
114,1,0,0,261,red,8686,T8B
115,1,0,0,261,red,8686,T8B
116,1,0,0,261,red,8686,T8B
117,1,0,0,261,red,8686,T8B
118,1,0,0,261,red,8686,T8B
119,1,0,0,261,red,8686,T8B
120,1,0,0,261,red,8686,T8B
121,1,0,0,261,red,8686,T8B
122,1,0,0,261,red,8686,T8B
123,1,0,0,261,red,8686,T8B
124,1,0,0,261,red,8686,T8B
125,1,0,0,261,red,8686,T8B
126,1,0,0,261,red,8686,T8B
127,1,0,0,261,red,8686,T8B
128,1,0,0,261,red,8686,T8B
129,1,0,0,261,red,8686,T8B
130,1,0,0,261,red,8686,T8B
131,1,0,0,261,red,8686,T8B
132,1,0,0,261,red,8686,T8B
133,1,0,0,261,red,8686,T8B
134,1,0,0,261,red,8686,T8B
135,1,0,0,261,red,8686,T8B
136,1,0,0,261,red,8686,T8B
137,1,0,0,261,red,8686,T8B
138,1,0,0,261,red,8686,T8B
139,1,0,0,261,red,8686,T8B
140,1,0,0,261,red,8686,T8B
141,1,0,0,261,red,8686,T8B
142,1,0,0,261,red,8686,T8B
143,1,0,0,261,red,8686,T8B
144,1,0,0,261,red,8686,T8B
145,1,0,0,261,red,8686,T8B
146,1,0,0,261,red,8686,T8B
147,1,0,0,261,red,8686,T8B
148,1,0,0,261,red,8686,T8B
149,1,0,0,261,red,8686,T8B
150,1,0,0,261,red,8686,T8B
151,1,0,0,261,red,8686,T8B
152,1,0,0,261,red,8686,T8B
153,1,0,0,261,red,8686,T8B
154,1,0,0,261,red,8686,T8B
155,1,0,0,261,red,8686,T8B
156,1,0,0,261,red,8686,T8B
157,1,0,0,261,red,8686,T8B
158,1,0,0,261,red,8686,T8B
159,1,0,0,261,red,8686,T8B
160,1,0,0,261,red,8686,T8B
161,1,0,0,261,red,8686,T8B
162,1,0,0,261,red,8686,T8B
163,1,0,0,261,red,8686,T8B
164,1,0,0,261,red,8686,T8B
165,1,0,0,261,red,8686,T8B
166,1,0,0,261,red,8686,T8B
167,1,0,0,261,red,8686,T8B
168,1,0,0,261,red,8686,T8B
169,1,0,0,261,red,8686,T8B
170,1,0,0,261,red,8686,T8B
171,1,0,0,261,red,8686,T8B
172,1,0,0,261,red,8686,T8B
173,1,0,0,261,red,8686,T8B
174,1,0,0,261,red,8686,T8B
175,1,0,0,261,red,8686,T8B
176,1,0,0,261,red,8686,T8B
177,1,0,0,261,red,8686,T8B
178,1,0,0,261,red,8686,T8B
179,1,0,0,261,red,8686,T8B
180,1,0,0,261,red,8686,T8B
181,1,0,0,261,red,8686,T8B
182,1,0,0,261,red,8686,T8B
183,1,0,0,261,red,8686,T8B
184,1,0,0,261,red,8686,T8B
185,1,0,0,261,red,8686,T8B
186,1,0,0,261,red,8686,T8B
187,1,0,0,261,red,8686,T8B
188,1,0,0,261,red,8686,T8B
189,1,0,0,261,red,8686,T8B
190,1,0,0,261,red,8686,T8B
191,1,0,0,261,red,8686,T8B
192,1,0,0,261,red,8686,T8B
193,1,0,0,261,red,8686,T8B
194,1,0,0,261,red,8686,T8B
195,1,0,0,261,red,8686,T8B
196,1,0,0,261,red,8686,T8B
197,1,0,0,261,red,8686,T8B
198,1,0,0,261,red,8686,T8B
199,1,0,0,261,red,8686,T8B
200,1,0,0,261,red,8686,T8B
201,1,0,0,261,red,8686,T8B
202,1,0,0,261,red,8686,T8B
203,1,0,0,261,red,8686,T8B
204,1,0,0,261,red,8686,T8B
205,1,0,0,261,red,8686,T8B
206,1,0,0,261,red,8686,T8B
207,1,0,0,261,red,8686,T8B
208,1,0,0,261,red,8686,T8B
209,1,0,0,261,red,8686,T8B
210,1,0,0,261,red,8686,T8B
211,1,0,0,261,red,8686,T8B
212,1,0,0,261,red,8686,T8B
213,1,0,0,261,red,8686,T8B
214,1,0,0,261,red,8686,T8B
215,1,0,0,261,red,8686,T8B
216,1,0,0,261,red,8686,T8B
217,1,0,0,261,red,8686,T8B
218,1,0,0,261,red,8686,T8B
219,1,0,0,261,red,8686,T8B
220,1,0,0,261,red,8686,T8B
221,1,0,0,261,red,8686,T8B
222,1,0,0,261,red,8686,T8B
0,0,0,1,262,red,8153,T8B
1,0,0,1,262,red,8153,T8B
2,0,0,1,262,red,8153,T8B
3,0,0,1,262,red,8153,T8B
4,0,0,1,262,red,8153,T8B
5,0,0,1,262,red,8153,T8B
6,0,0,1,262,red,8153,T8B
7,0,0,1,262,red,8153,T8B
8,0,0,1,262,red,8153,T8B
9,0,0,1,262,red,8153,T8B
10,0,0,1,262,red,8153,T8B
11,0,0,1,262,red,8153,T8B
12,0,0,1,262,red,8153,T8B
13,0,0,1,262,red,8153,T8B
14,0,0,1,262,red,8153,T8B
15,0,0,1,262,red,8153,T8B
16,0,0,1,262,red,8153,T8B
17,0,0,1,262,red,8153,T8B
18,0,0,1,262,red,8153,T8B
19,0,0,1,262,red,8153,T8B
20,0,0,1,262,red,8153,T8B
21,0,0,1,262,red,8153,T8B
22,0,0,1,262,red,8153,T8B
23,0,0,1,262,red,8153,T8B
24,0,0,1,262,red,8153,T8B
25,0,0,1,262,red,8153,T8B
26,0,0,1,262,red,8153,T8B
27,0,0,1,262,red,8153,T8B
28,0,0,1,262,red,8153,T8B
29,0,0,1,262,red,8153,T8B
30,0,0,1,262,red,8153,T8B
31,0,0,1,262,red,8153,T8B
32,0,0,1,262,red,8153,T8B
33,0,0,1,262,red,8153,T8B
34,0,0,1,262,red,8153,T8B
35,0,0,1,262,red,8153,T8B
36,0,0,1,262,red,8153,T8B
37,0,0,1,262,red,8153,T8B
38,0,0,1,262,red,8153,T8B
39,0,0,1,262,red,8153,T8B
40,0,0,1,262,red,8153,T8B
41,0,0,1,262,red,8153,T8B
42,0,0,1,262,red,8153,T8B
43,0,0,1,262,red,8153,T8B
44,0,0,1,262,red,8153,T8B
45,0,0,1,262,red,8153,T8B
46,0,0,1,262,red,8153,T8B
47,0,0,1,262,red,8153,T8B
48,0,0,1,262,red,8153,T8B
49,0,0,1,262,red,8153,T8B
50,0,0,1,262,red,8153,T8B
51,0,0,1,262,red,8153,T8B
52,0,0,1,262,red,8153,T8B
53,0,0,1,262,red,8153,T8B
54,0,0,1,262,red,8153,T8B
55,0,0,1,262,red,8153,T8B
56,0,0,1,262,red,8153,T8B
57,0,0,1,262,red,8153,T8B
58,0,0,1,262,red,8153,T8B
59,0,0,1,262,red,8153,T8B
60,0,0,1,262,red,8153,T8B
61,0,0,1,262,red,8153,T8B
62,0,0,1,262,red,8153,T8B
63,0,0,1,262,red,8153,T8B
64,0,0,1,262,red,8153,T8B
65,0,0,1,262,red,8153,T8B
66,0,0,1,262,red,8153,T8B
67,0,0,1,262,red,8153,T8B
68,0,0,1,262,red,8153,T8B
69,0,0,1,262,red,8153,T8B
70,0,0,1,262,red,8153,T8B
71,0,0,1,262,red,8153,T8B
72,0,0,1,262,red,8153,T8B
73,0,0,1,262,red,8153,T8B
74,0,0,1,262,red,8153,T8B
75,0,1,0,262,red,8153,T8B
76,0,1,0,262,red,8153,T8B
77,0,1,0,262,red,8153,T8B
78,0,0,1,262,red,8153,T8B
79,0,0,1,262,red,8153,T8B
80,0,0,1,262,red,8153,T8B
81,0,0,1,262,red,8153,T8B
82,0,0,1,262,red,8153,T8B
83,0,0,1,262,red,8153,T8B
84,0,0,1,262,red,8153,T8B
85,0,0,1,262,red,8153,T8B
86,0,0,1,262,red,8153,T8B
87,0,0,1,262,red,8153,T8B
88,0,0,1,262,red,8153,T8B
89,0,0,1,262,red,8153,T8B
90,0,0,1,262,red,8153,T8B
91,0,0,1,262,red,8153,T8B
92,0,0,1,262,red,8153,T8B
93,0,0,1,262,red,8153,T8B
94,0,0,1,262,red,8153,T8B
95,0,0,1,262,red,8153,T8B
96,0,0,1,262,red,8153,T8B
97,0,0,1,262,red,8153,T8B
98,0,0,1,262,red,8153,T8B
99,0,0,1,262,red,8153,T8B
100,0,0,1,262,red,8153,T8B
101,0,0,1,262,red,8153,T8B
102,0,0,1,262,red,8153,T8B
103,0,0,1,262,red,8153,T8B
104,0,0,1,262,red,8153,T8B
105,0,0,1,262,red,8153,T8B
106,0,0,1,262,red,8153,T8B
107,0,0,1,262,red,8153,T8B
108,0,0,1,262,red,8153,T8B
109,0,0,1,262,red,8153,T8B
110,0,0,1,262,red,8153,T8B
111,0,0,1,262,red,8153,T8B
112,0,0,1,262,red,8153,T8B
113,0,0,1,262,red,8153,T8B
114,0,0,1,262,red,8153,T8B
115,0,0,1,262,red,8153,T8B
116,0,0,1,262,red,8153,T8B
117,0,0,1,262,red,8153,T8B
118,0,0,1,262,red,8153,T8B
119,0,0,1,262,red,8153,T8B
120,0,0,1,262,red,8153,T8B
121,0,0,1,262,red,8153,T8B
122,0,0,1,262,red,8153,T8B
123,0,0,1,262,red,8153,T8B
124,0,0,1,262,red,8153,T8B
125,0,0,1,262,red,8153,T8B
126,0,0,1,262,red,8153,T8B
127,0,0,1,262,red,8153,T8B
128,0,0,1,262,red,8153,T8B
129,0,0,1,262,red,8153,T8B
130,0,0,1,262,red,8153,T8B
131,0,0,1,262,red,8153,T8B
132,0,0,1,262,red,8153,T8B
133,0,0,1,262,red,8153,T8B
134,0,0,1,262,red,8153,T8B
135,0,0,1,262,red,8153,T8B
136,0,0,1,262,red,8153,T8B
137,0,0,1,262,red,8153,T8B
138,0,0,1,262,red,8153,T8B
139,0,0,1,262,red,8153,T8B
140,0,0,1,262,red,8153,T8B
141,0,0,1,262,red,8153,T8B
142,0,0,1,262,red,8153,T8B
143,0,0,1,262,red,8153,T8B
144,0,0,1,262,red,8153,T8B
145,0,0,1,262,red,8153,T8B
146,0,0,1,262,red,8153,T8B
147,0,0,1,262,red,8153,T8B
148,0,0,1,262,red,8153,T8B
149,0,0,1,262,red,8153,T8B
150,0,0,1,262,red,8153,T8B
151,0,0,1,262,red,8153,T8B
152,0,0,1,262,red,8153,T8B
153,0,0,1,262,red,8153,T8B
154,0,0,1,262,red,8153,T8B
155,0,0,1,262,red,8153,T8B
156,0,0,1,262,red,8153,T8B
157,0,0,1,262,red,8153,T8B
158,0,0,1,262,red,8153,T8B
159,0,0,1,262,red,8153,T8B
160,0,0,1,262,red,8153,T8B
161,0,0,1,262,red,8153,T8B
162,0,0,1,262,red,8153,T8B
163,0,0,1,262,red,8153,T8B
164,0,0,1,262,red,8153,T8B
165,0,0,1,262,red,8153,T8B
166,0,0,1,262,red,8153,T8B
167,0,0,1,262,red,8153,T8B
168,0,0,1,262,red,8153,T8B
169,0,0,1,262,red,8153,T8B
170,0,0,1,262,red,8153,T8B
171,0,0,1,262,red,8153,T8B
172,0,0,1,262,red,8153,T8B
173,0,0,1,262,red,8153,T8B
174,0,0,1,262,red,8153,T8B
175,0,0,1,262,red,8153,T8B
176,0,0,1,262,red,8153,T8B
177,0,0,1,262,red,8153,T8B
178,0,0,1,262,red,8153,T8B
179,0,0,1,262,red,8153,T8B
180,0,0,1,262,red,8153,T8B
181,0,0,1,262,red,8153,T8B
182,0,0,1,262,red,8153,T8B
183,0,0,1,262,red,8153,T8B
184,0,0,1,262,red,8153,T8B
185,0,0,1,262,red,8153,T8B
186,0,0,1,262,red,8153,T8B
187,0,0,1,262,red,8153,T8B
188,0,0,1,262,red,8153,T8B
189,0,0,1,262,red,8153,T8B
190,0,0,1,262,red,8153,T8B
191,0,0,1,262,red,8153,T8B
192,0,0,1,262,red,8153,T8B
193,0,0,1,262,red,8153,T8B
194,0,0,1,262,red,8153,T8B
195,0,0,1,262,red,8153,T8B
196,0,0,1,262,red,8153,T8B
197,0,0,1,262,red,8153,T8B
198,0,0,1,262,red,8153,T8B
199,0,0,1,262,red,8153,T8B
200,0,0,1,262,red,8153,T8B
201,0,0,1,262,red,8153,T8B
202,0,0,1,262,red,8153,T8B
203,0,0,1,262,red,8153,T8B
204,0,0,1,262,red,8153,T8B
205,0,0,1,262,red,8153,T8B
206,0,0,1,262,red,8153,T8B
207,0,0,1,262,red,8153,T8B
208,0,0,1,262,red,8153,T8B
209,0,0,1,262,red,8153,T8B
210,0,0,1,262,red,8153,T8B
211,0,0,1,262,red,8153,T8B
212,0,0,1,262,red,8153,T8B
213,0,0,1,262,red,8153,T8B
214,0,0,1,262,red,8153,T8B
215,0,0,1,262,red,8153,T8B
216,0,0,1,262,red,8153,T8B
217,0,0,1,262,red,8153,T8B
218,0,0,1,262,red,8153,T8B
219,0,0,1,262,red,8153,T8B
220,0,0,1,262,red,8153,T8B
221,0,0,1,262,red,8153,T8B
222,0,0,1,262,red,8153,T8B
0,0,0,1,263,red,9129,T8B
1,0,0,1,263,red,9129,T8B
2,0,0,1,263,red,9129,T8B
3,0,0,1,263,red,9129,T8B
4,0,0,1,263,red,9129,T8B
5,0,0,1,263,red,9129,T8B
6,0,0,1,263,red,9129,T8B
7,0,0,1,263,red,9129,T8B
8,0,0,1,263,red,9129,T8B
9,0,0,1,263,red,9129,T8B
10,0,0,1,263,red,9129,T8B
11,0,0,1,263,red,9129,T8B
12,0,0,1,263,red,9129,T8B
13,0,0,1,263,red,9129,T8B
14,0,0,1,263,red,9129,T8B
15,0,0,1,263,red,9129,T8B
16,0,0,1,263,red,9129,T8B
17,0,0,1,263,red,9129,T8B
18,0,0,1,263,red,9129,T8B
19,0,0,1,263,red,9129,T8B
20,0,0,1,263,red,9129,T8B
21,0,0,1,263,red,9129,T8B
22,0,0,1,263,red,9129,T8B
23,0,0,1,263,red,9129,T8B
24,0,0,1,263,red,9129,T8B
25,0,0,1,263,red,9129,T8B
26,0,0,1,263,red,9129,T8B
27,0,0,1,263,red,9129,T8B
28,0,0,1,263,red,9129,T8B
29,0,0,1,263,red,9129,T8B
30,0,0,1,263,red,9129,T8B
31,0,0,1,263,red,9129,T8B
32,0,0,1,263,red,9129,T8B
33,0,0,1,263,red,9129,T8B
34,0,0,1,263,red,9129,T8B
35,0,0,1,263,red,9129,T8B
36,0,0,1,263,red,9129,T8B
37,0,0,1,263,red,9129,T8B
38,0,0,1,263,red,9129,T8B
39,0,0,1,263,red,9129,T8B
40,0,0,1,263,red,9129,T8B
41,0,0,1,263,red,9129,T8B
42,0,0,1,263,red,9129,T8B
43,0,0,1,263,red,9129,T8B
44,0,0,1,263,red,9129,T8B
45,0,0,1,263,red,9129,T8B
46,0,0,1,263,red,9129,T8B
47,0,0,1,263,red,9129,T8B
48,0,0,1,263,red,9129,T8B
49,0,0,1,263,red,9129,T8B
50,0,0,1,263,red,9129,T8B
51,0,0,1,263,red,9129,T8B
52,0,0,1,263,red,9129,T8B
53,0,0,1,263,red,9129,T8B
54,0,0,1,263,red,9129,T8B
55,0,0,1,263,red,9129,T8B
56,0,0,1,263,red,9129,T8B
57,0,0,1,263,red,9129,T8B
58,0,0,1,263,red,9129,T8B
59,0,0,1,263,red,9129,T8B
60,0,0,1,263,red,9129,T8B
61,0,0,1,263,red,9129,T8B
62,0,0,1,263,red,9129,T8B
63,0,0,1,263,red,9129,T8B
64,0,0,1,263,red,9129,T8B
65,0,0,1,263,red,9129,T8B
66,0,0,1,263,red,9129,T8B
67,0,0,1,263,red,9129,T8B
68,0,0,1,263,red,9129,T8B
69,0,0,1,263,red,9129,T8B
70,0,0,1,263,red,9129,T8B
71,0,0,1,263,red,9129,T8B
72,0,0,1,263,red,9129,T8B
73,0,0,1,263,red,9129,T8B
74,0,0,1,263,red,9129,T8B
75,0,0,1,263,red,9129,T8B
76,0,0,1,263,red,9129,T8B
77,0,0,1,263,red,9129,T8B
78,0,0,1,263,red,9129,T8B
79,0,0,1,263,red,9129,T8B
80,0,0,1,263,red,9129,T8B
81,0,0,1,263,red,9129,T8B
82,0,0,1,263,red,9129,T8B
83,0,0,1,263,red,9129,T8B
84,0,0,1,263,red,9129,T8B
85,0,0,1,263,red,9129,T8B
86,0,0,1,263,red,9129,T8B
87,0,0,1,263,red,9129,T8B
88,0,0,1,263,red,9129,T8B
89,0,0,1,263,red,9129,T8B
90,0,0,1,263,red,9129,T8B
91,0,0,1,263,red,9129,T8B
92,0,0,1,263,red,9129,T8B
93,0,0,1,263,red,9129,T8B
94,0,0,1,263,red,9129,T8B
95,0,0,1,263,red,9129,T8B
96,0,0,1,263,red,9129,T8B
97,0,0,1,263,red,9129,T8B
98,0,0,1,263,red,9129,T8B
99,0,0,1,263,red,9129,T8B
100,0,0,1,263,red,9129,T8B
101,0,0,1,263,red,9129,T8B
102,0,0,1,263,red,9129,T8B
103,0,0,1,263,red,9129,T8B
104,0,0,1,263,red,9129,T8B
105,0,0,1,263,red,9129,T8B
106,0,0,1,263,red,9129,T8B
107,0,0,1,263,red,9129,T8B
108,0,0,1,263,red,9129,T8B
109,0,0,1,263,red,9129,T8B
110,0,0,1,263,red,9129,T8B
111,0,0,1,263,red,9129,T8B
112,0,0,1,263,red,9129,T8B
113,0,0,1,263,red,9129,T8B
114,0,0,1,263,red,9129,T8B
115,0,0,1,263,red,9129,T8B
116,0,0,1,263,red,9129,T8B
117,0,0,1,263,red,9129,T8B
118,0,0,1,263,red,9129,T8B
119,0,0,1,263,red,9129,T8B
120,0,0,1,263,red,9129,T8B
121,0,0,1,263,red,9129,T8B
122,0,0,1,263,red,9129,T8B
123,0,0,1,263,red,9129,T8B
124,0,0,1,263,red,9129,T8B
125,0,0,1,263,red,9129,T8B
126,0,0,1,263,red,9129,T8B
127,0,0,1,263,red,9129,T8B
128,0,0,1,263,red,9129,T8B
129,0,0,1,263,red,9129,T8B
130,0,0,1,263,red,9129,T8B
131,0,0,1,263,red,9129,T8B
132,0,0,1,263,red,9129,T8B
133,0,0,1,263,red,9129,T8B
134,0,0,1,263,red,9129,T8B
135,0,0,1,263,red,9129,T8B
136,0,0,1,263,red,9129,T8B
137,0,0,1,263,red,9129,T8B
138,0,0,1,263,red,9129,T8B
139,0,0,1,263,red,9129,T8B
140,0,0,1,263,red,9129,T8B
141,0,0,1,263,red,9129,T8B
142,0,0,1,263,red,9129,T8B
143,0,0,1,263,red,9129,T8B
144,0,0,1,263,red,9129,T8B
145,0,0,1,263,red,9129,T8B
146,0,0,1,263,red,9129,T8B
147,0,0,1,263,red,9129,T8B
148,0,0,1,263,red,9129,T8B
149,0,0,1,263,red,9129,T8B
150,0,0,1,263,red,9129,T8B
151,0,0,1,263,red,9129,T8B
152,0,0,1,263,red,9129,T8B
153,0,0,1,263,red,9129,T8B
154,0,0,1,263,red,9129,T8B
155,0,0,1,263,red,9129,T8B
156,0,0,1,263,red,9129,T8B
157,0,0,1,263,red,9129,T8B
158,0,0,1,263,red,9129,T8B
159,0,0,1,263,red,9129,T8B
160,0,0,1,263,red,9129,T8B
161,0,0,1,263,red,9129,T8B
162,0,0,1,263,red,9129,T8B
163,0,0,1,263,red,9129,T8B
164,0,0,1,263,red,9129,T8B
165,0,0,1,263,red,9129,T8B
166,0,0,1,263,red,9129,T8B
167,0,0,1,263,red,9129,T8B
168,0,0,1,263,red,9129,T8B
169,0,0,1,263,red,9129,T8B
170,0,0,1,263,red,9129,T8B
171,0,0,1,263,red,9129,T8B
172,0,0,1,263,red,9129,T8B
173,0,0,1,263,red,9129,T8B
174,0,0,1,263,red,9129,T8B
175,0,0,1,263,red,9129,T8B
176,0,0,1,263,red,9129,T8B
177,0,0,1,263,red,9129,T8B
178,0,0,1,263,red,9129,T8B
179,0,0,1,263,red,9129,T8B
180,0,0,1,263,red,9129,T8B
181,0,0,1,263,red,9129,T8B
182,0,0,1,263,red,9129,T8B
183,1,0,0,263,red,9129,T8B
184,1,0,0,263,red,9129,T8B
185,1,0,0,263,red,9129,T8B
186,1,0,0,263,red,9129,T8B
187,1,0,0,263,red,9129,T8B
188,1,0,0,263,red,9129,T8B
189,1,0,0,263,red,9129,T8B
190,1,0,0,263,red,9129,T8B
191,1,0,0,263,red,9129,T8B
192,1,0,0,263,red,9129,T8B
193,1,0,0,263,red,9129,T8B
194,1,0,0,263,red,9129,T8B
195,1,0,0,263,red,9129,T8B
196,1,0,0,263,red,9129,T8B
197,1,0,0,263,red,9129,T8B
198,1,0,0,263,red,9129,T8B
199,1,0,0,263,red,9129,T8B
200,1,0,0,263,red,9129,T8B
201,1,0,0,263,red,9129,T8B
202,1,0,0,263,red,9129,T8B
203,1,0,0,263,red,9129,T8B
204,1,0,0,263,red,9129,T8B
205,1,0,0,263,red,9129,T8B
206,1,0,0,263,red,9129,T8B
207,1,0,0,263,red,9129,T8B
208,1,0,0,263,red,9129,T8B
209,1,0,0,263,red,9129,T8B
210,1,0,0,263,red,9129,T8B
211,1,0,0,263,red,9129,T8B
212,1,0,0,263,red,9129,T8B
213,1,0,0,263,red,9129,T8B
214,1,0,0,263,red,9129,T8B
215,1,0,0,263,red,9129,T8B
216,1,0,0,263,red,9129,T8B
217,1,0,0,263,red,9129,T8B
218,1,0,0,263,red,9129,T8B
219,1,0,0,263,red,9129,T8B
220,1,0,0,263,red,9129,T8B
221,1,0,0,263,red,9129,T8B
222,1,0,0,263,red,9129,T8B
0,0,0,1,264,red,8722,T8B
1,0,0,1,264,red,8722,T8B
2,0,0,1,264,red,8722,T8B
3,0,0,1,264,red,8722,T8B
4,0,0,1,264,red,8722,T8B
5,0,0,1,264,red,8722,T8B
6,0,0,1,264,red,8722,T8B
7,0,0,1,264,red,8722,T8B
8,0,0,1,264,red,8722,T8B
9,0,0,1,264,red,8722,T8B
10,0,0,1,264,red,8722,T8B
11,0,0,1,264,red,8722,T8B
12,0,0,1,264,red,8722,T8B
13,0,0,1,264,red,8722,T8B
14,0,0,1,264,red,8722,T8B
15,0,0,1,264,red,8722,T8B
16,0,0,1,264,red,8722,T8B
17,0,0,1,264,red,8722,T8B
18,0,0,1,264,red,8722,T8B
19,0,0,1,264,red,8722,T8B
20,0,0,1,264,red,8722,T8B
21,0,0,1,264,red,8722,T8B
22,0,0,1,264,red,8722,T8B
23,0,0,1,264,red,8722,T8B
24,0,0,1,264,red,8722,T8B
25,0,0,1,264,red,8722,T8B
26,0,0,1,264,red,8722,T8B
27,0,0,1,264,red,8722,T8B
28,0,0,1,264,red,8722,T8B
29,0,0,1,264,red,8722,T8B
30,0,0,1,264,red,8722,T8B
31,0,0,1,264,red,8722,T8B
32,0,0,1,264,red,8722,T8B
33,0,0,1,264,red,8722,T8B
34,0,0,1,264,red,8722,T8B
35,0,0,1,264,red,8722,T8B
36,0,0,1,264,red,8722,T8B
37,0,0,1,264,red,8722,T8B
38,0,0,1,264,red,8722,T8B
39,0,0,1,264,red,8722,T8B
40,0,0,1,264,red,8722,T8B
41,0,0,1,264,red,8722,T8B
42,0,0,1,264,red,8722,T8B
43,0,0,1,264,red,8722,T8B
44,0,0,1,264,red,8722,T8B
45,0,0,1,264,red,8722,T8B
46,0,0,1,264,red,8722,T8B
47,0,0,1,264,red,8722,T8B
48,0,0,1,264,red,8722,T8B
49,0,0,1,264,red,8722,T8B
50,0,0,1,264,red,8722,T8B
51,0,0,1,264,red,8722,T8B
52,0,0,1,264,red,8722,T8B
53,0,0,1,264,red,8722,T8B
54,0,0,1,264,red,8722,T8B
55,0,0,1,264,red,8722,T8B
56,0,0,1,264,red,8722,T8B
57,0,0,1,264,red,8722,T8B
58,0,0,1,264,red,8722,T8B
59,0,0,1,264,red,8722,T8B
60,0,0,1,264,red,8722,T8B
61,0,0,1,264,red,8722,T8B
62,0,0,1,264,red,8722,T8B
63,0,0,1,264,red,8722,T8B
64,0,0,1,264,red,8722,T8B
65,0,0,1,264,red,8722,T8B
66,0,0,1,264,red,8722,T8B
67,0,0,1,264,red,8722,T8B
68,0,0,1,264,red,8722,T8B
69,0,0,1,264,red,8722,T8B
70,0,0,1,264,red,8722,T8B
71,0,0,1,264,red,8722,T8B
72,0,0,1,264,red,8722,T8B
73,0,0,1,264,red,8722,T8B
74,0,0,1,264,red,8722,T8B
75,0,0,1,264,red,8722,T8B
76,0,0,1,264,red,8722,T8B
77,0,0,1,264,red,8722,T8B
78,0,0,1,264,red,8722,T8B
79,0,0,1,264,red,8722,T8B
80,0,0,1,264,red,8722,T8B
81,0,0,1,264,red,8722,T8B
82,0,0,1,264,red,8722,T8B
83,0,0,1,264,red,8722,T8B
84,0,0,1,264,red,8722,T8B
85,0,0,1,264,red,8722,T8B
86,0,1,0,264,red,8722,T8B
87,0,1,0,264,red,8722,T8B
88,0,1,0,264,red,8722,T8B
89,0,1,0,264,red,8722,T8B
90,0,1,0,264,red,8722,T8B
91,0,1,0,264,red,8722,T8B
92,0,1,0,264,red,8722,T8B
93,0,1,0,264,red,8722,T8B
94,0,1,0,264,red,8722,T8B
95,0,1,0,264,red,8722,T8B
96,0,1,0,264,red,8722,T8B
97,0,1,0,264,red,8722,T8B
98,0,1,0,264,red,8722,T8B
99,0,1,0,264,red,8722,T8B
100,0,1,0,264,red,8722,T8B
101,0,1,0,264,red,8722,T8B
102,0,1,0,264,red,8722,T8B
103,0,1,0,264,red,8722,T8B
104,0,1,0,264,red,8722,T8B
105,0,1,0,264,red,8722,T8B
106,0,1,0,264,red,8722,T8B
107,0,1,0,264,red,8722,T8B
108,0,1,0,264,red,8722,T8B
109,0,1,0,264,red,8722,T8B
110,0,1,0,264,red,8722,T8B
111,0,1,0,264,red,8722,T8B
112,0,1,0,264,red,8722,T8B
113,0,1,0,264,red,8722,T8B
114,0,1,0,264,red,8722,T8B
115,0,1,0,264,red,8722,T8B
116,0,1,0,264,red,8722,T8B
117,0,1,0,264,red,8722,T8B
118,0,1,0,264,red,8722,T8B
119,0,1,0,264,red,8722,T8B
120,0,1,0,264,red,8722,T8B
121,0,1,0,264,red,8722,T8B
122,0,1,0,264,red,8722,T8B
123,0,1,0,264,red,8722,T8B
124,0,1,0,264,red,8722,T8B
125,0,1,0,264,red,8722,T8B
126,0,1,0,264,red,8722,T8B
127,0,1,0,264,red,8722,T8B
128,0,1,0,264,red,8722,T8B
129,0,1,0,264,red,8722,T8B
130,0,1,0,264,red,8722,T8B
131,0,1,0,264,red,8722,T8B
132,0,1,0,264,red,8722,T8B
133,0,1,0,264,red,8722,T8B
134,0,1,0,264,red,8722,T8B
135,0,1,0,264,red,8722,T8B
136,0,1,0,264,red,8722,T8B
137,0,1,0,264,red,8722,T8B
138,0,1,0,264,red,8722,T8B
139,0,1,0,264,red,8722,T8B
140,0,1,0,264,red,8722,T8B
141,0,1,0,264,red,8722,T8B
142,0,1,0,264,red,8722,T8B
143,0,1,0,264,red,8722,T8B
144,0,1,0,264,red,8722,T8B
145,0,1,0,264,red,8722,T8B
146,0,1,0,264,red,8722,T8B
147,0,1,0,264,red,8722,T8B
148,0,1,0,264,red,8722,T8B
149,0,1,0,264,red,8722,T8B
150,0,1,0,264,red,8722,T8B
151,0,1,0,264,red,8722,T8B
152,0,1,0,264,red,8722,T8B
153,0,1,0,264,red,8722,T8B
154,0,1,0,264,red,8722,T8B
155,0,1,0,264,red,8722,T8B
156,0,1,0,264,red,8722,T8B
157,0,1,0,264,red,8722,T8B
158,0,1,0,264,red,8722,T8B
159,0,1,0,264,red,8722,T8B
160,0,1,0,264,red,8722,T8B
161,0,1,0,264,red,8722,T8B
162,0,1,0,264,red,8722,T8B
163,0,1,0,264,red,8722,T8B
164,0,1,0,264,red,8722,T8B
165,0,1,0,264,red,8722,T8B
166,0,1,0,264,red,8722,T8B
167,0,1,0,264,red,8722,T8B
168,0,1,0,264,red,8722,T8B
169,0,1,0,264,red,8722,T8B
170,0,1,0,264,red,8722,T8B
171,0,1,0,264,red,8722,T8B
172,0,1,0,264,red,8722,T8B
173,0,1,0,264,red,8722,T8B
174,0,1,0,264,red,8722,T8B
175,0,1,0,264,red,8722,T8B
176,0,1,0,264,red,8722,T8B
177,0,1,0,264,red,8722,T8B
178,0,1,0,264,red,8722,T8B
179,0,1,0,264,red,8722,T8B
180,0,1,0,264,red,8722,T8B
181,0,1,0,264,red,8722,T8B
182,0,1,0,264,red,8722,T8B
183,0,1,0,264,red,8722,T8B
184,1,0,0,264,red,8722,T8B
185,1,0,0,264,red,8722,T8B
186,1,0,0,264,red,8722,T8B
187,1,0,0,264,red,8722,T8B
188,1,0,0,264,red,8722,T8B
189,1,0,0,264,red,8722,T8B
190,1,0,0,264,red,8722,T8B
191,1,0,0,264,red,8722,T8B
192,1,0,0,264,red,8722,T8B
193,1,0,0,264,red,8722,T8B
194,1,0,0,264,red,8722,T8B
195,1,0,0,264,red,8722,T8B
196,1,0,0,264,red,8722,T8B
197,1,0,0,264,red,8722,T8B
198,1,0,0,264,red,8722,T8B
199,1,0,0,264,red,8722,T8B
200,1,0,0,264,red,8722,T8B
201,1,0,0,264,red,8722,T8B
202,1,0,0,264,red,8722,T8B
203,1,0,0,264,red,8722,T8B
204,1,0,0,264,red,8722,T8B
205,1,0,0,264,red,8722,T8B
206,1,0,0,264,red,8722,T8B
207,1,0,0,264,red,8722,T8B
208,1,0,0,264,red,8722,T8B
209,1,0,0,264,red,8722,T8B
210,1,0,0,264,red,8722,T8B
211,1,0,0,264,red,8722,T8B
212,1,0,0,264,red,8722,T8B
213,1,0,0,264,red,8722,T8B
214,1,0,0,264,red,8722,T8B
215,1,0,0,264,red,8722,T8B
216,1,0,0,264,red,8722,T8B
217,1,0,0,264,red,8722,T8B
218,1,0,0,264,red,8722,T8B
219,1,0,0,264,red,8722,T8B
220,1,0,0,264,red,8722,T8B
221,1,0,0,264,red,8722,T8B
222,1,0,0,264,red,8722,T8B
0,0,0,1,265,red,9873,T8B
1,0,0,1,265,red,9873,T8B
2,0,0,1,265,red,9873,T8B
3,0,0,1,265,red,9873,T8B
4,0,0,1,265,red,9873,T8B
5,0,0,1,265,red,9873,T8B
6,0,0,1,265,red,9873,T8B
7,0,0,1,265,red,9873,T8B
8,0,0,1,265,red,9873,T8B
9,0,0,1,265,red,9873,T8B
10,0,0,1,265,red,9873,T8B
11,0,0,1,265,red,9873,T8B
12,0,0,1,265,red,9873,T8B
13,0,0,1,265,red,9873,T8B
14,0,0,1,265,red,9873,T8B
15,0,0,1,265,red,9873,T8B
16,0,0,1,265,red,9873,T8B
17,0,0,1,265,red,9873,T8B
18,0,0,1,265,red,9873,T8B
19,0,0,1,265,red,9873,T8B
20,0,0,1,265,red,9873,T8B
21,0,0,1,265,red,9873,T8B
22,0,0,1,265,red,9873,T8B
23,0,0,1,265,red,9873,T8B
24,0,0,1,265,red,9873,T8B
25,0,0,1,265,red,9873,T8B
26,0,0,1,265,red,9873,T8B
27,0,0,1,265,red,9873,T8B
28,0,0,1,265,red,9873,T8B
29,1,0,0,265,red,9873,T8B
30,1,0,0,265,red,9873,T8B
31,1,0,0,265,red,9873,T8B
32,1,0,0,265,red,9873,T8B
33,1,0,0,265,red,9873,T8B
34,1,0,0,265,red,9873,T8B
35,1,0,0,265,red,9873,T8B
36,1,0,0,265,red,9873,T8B
37,0,0,1,265,red,9873,T8B
38,0,0,1,265,red,9873,T8B
39,0,0,1,265,red,9873,T8B
40,0,0,1,265,red,9873,T8B
41,0,0,1,265,red,9873,T8B
42,0,0,1,265,red,9873,T8B
43,0,0,1,265,red,9873,T8B
44,0,0,1,265,red,9873,T8B
45,0,0,1,265,red,9873,T8B
46,0,0,1,265,red,9873,T8B
47,0,0,1,265,red,9873,T8B
48,0,0,1,265,red,9873,T8B
49,0,0,1,265,red,9873,T8B
50,0,0,1,265,red,9873,T8B
51,0,0,1,265,red,9873,T8B
52,0,0,1,265,red,9873,T8B
53,0,0,1,265,red,9873,T8B
54,0,0,1,265,red,9873,T8B
55,0,1,0,265,red,9873,T8B
56,0,1,0,265,red,9873,T8B
57,0,1,0,265,red,9873,T8B
58,0,1,0,265,red,9873,T8B
59,0,1,0,265,red,9873,T8B
60,0,1,0,265,red,9873,T8B
61,0,1,0,265,red,9873,T8B
62,0,1,0,265,red,9873,T8B
63,0,1,0,265,red,9873,T8B
64,0,1,0,265,red,9873,T8B
65,0,1,0,265,red,9873,T8B
66,0,1,0,265,red,9873,T8B
67,0,1,0,265,red,9873,T8B
68,0,1,0,265,red,9873,T8B
69,0,1,0,265,red,9873,T8B
70,0,1,0,265,red,9873,T8B
71,0,1,0,265,red,9873,T8B
72,0,1,0,265,red,9873,T8B
73,0,1,0,265,red,9873,T8B
74,0,1,0,265,red,9873,T8B
75,0,1,0,265,red,9873,T8B
76,0,1,0,265,red,9873,T8B
77,0,1,0,265,red,9873,T8B
78,0,1,0,265,red,9873,T8B
79,0,1,0,265,red,9873,T8B
80,0,1,0,265,red,9873,T8B
81,0,1,0,265,red,9873,T8B
82,0,1,0,265,red,9873,T8B
83,0,1,0,265,red,9873,T8B
84,0,1,0,265,red,9873,T8B
85,0,1,0,265,red,9873,T8B
86,0,1,0,265,red,9873,T8B
87,0,1,0,265,red,9873,T8B
88,0,1,0,265,red,9873,T8B
89,0,1,0,265,red,9873,T8B
90,0,1,0,265,red,9873,T8B
91,0,1,0,265,red,9873,T8B
92,0,1,0,265,red,9873,T8B
93,0,1,0,265,red,9873,T8B
94,0,1,0,265,red,9873,T8B
95,0,1,0,265,red,9873,T8B
96,0,1,0,265,red,9873,T8B
97,0,1,0,265,red,9873,T8B
98,0,1,0,265,red,9873,T8B
99,0,1,0,265,red,9873,T8B
100,0,1,0,265,red,9873,T8B
101,0,1,0,265,red,9873,T8B
102,0,1,0,265,red,9873,T8B
103,0,1,0,265,red,9873,T8B
104,0,1,0,265,red,9873,T8B
105,0,1,0,265,red,9873,T8B
106,0,1,0,265,red,9873,T8B
107,0,1,0,265,red,9873,T8B
108,0,1,0,265,red,9873,T8B
109,0,1,0,265,red,9873,T8B
110,0,1,0,265,red,9873,T8B
111,0,1,0,265,red,9873,T8B
112,0,1,0,265,red,9873,T8B
113,0,1,0,265,red,9873,T8B
114,0,1,0,265,red,9873,T8B
115,0,1,0,265,red,9873,T8B
116,0,1,0,265,red,9873,T8B
117,0,1,0,265,red,9873,T8B
118,0,1,0,265,red,9873,T8B
119,0,1,0,265,red,9873,T8B
120,0,1,0,265,red,9873,T8B
121,0,1,0,265,red,9873,T8B
122,0,1,0,265,red,9873,T8B
123,0,1,0,265,red,9873,T8B
124,0,1,0,265,red,9873,T8B
125,0,1,0,265,red,9873,T8B
126,0,1,0,265,red,9873,T8B
127,0,1,0,265,red,9873,T8B
128,0,1,0,265,red,9873,T8B
129,0,1,0,265,red,9873,T8B
130,0,1,0,265,red,9873,T8B
131,0,1,0,265,red,9873,T8B
132,0,1,0,265,red,9873,T8B
133,0,1,0,265,red,9873,T8B
134,0,0,1,265,red,9873,T8B
135,0,0,1,265,red,9873,T8B
136,0,0,1,265,red,9873,T8B
137,0,0,1,265,red,9873,T8B
138,1,0,0,265,red,9873,T8B
139,1,0,0,265,red,9873,T8B
140,1,0,0,265,red,9873,T8B
141,1,0,0,265,red,9873,T8B
142,1,0,0,265,red,9873,T8B
143,1,0,0,265,red,9873,T8B
144,1,0,0,265,red,9873,T8B
145,1,0,0,265,red,9873,T8B
146,1,0,0,265,red,9873,T8B
147,1,0,0,265,red,9873,T8B
148,1,0,0,265,red,9873,T8B
149,1,0,0,265,red,9873,T8B
150,1,0,0,265,red,9873,T8B
151,1,0,0,265,red,9873,T8B
152,0,0,1,265,red,9873,T8B
153,0,0,1,265,red,9873,T8B
154,0,0,1,265,red,9873,T8B
155,0,0,1,265,red,9873,T8B
156,0,0,1,265,red,9873,T8B
157,0,0,1,265,red,9873,T8B
158,1,0,0,265,red,9873,T8B
159,1,0,0,265,red,9873,T8B
160,1,0,0,265,red,9873,T8B
161,1,0,0,265,red,9873,T8B
162,1,0,0,265,red,9873,T8B
163,1,0,0,265,red,9873,T8B
164,1,0,0,265,red,9873,T8B
165,1,0,0,265,red,9873,T8B
166,1,0,0,265,red,9873,T8B
167,1,0,0,265,red,9873,T8B
168,1,0,0,265,red,9873,T8B
169,1,0,0,265,red,9873,T8B
170,1,0,0,265,red,9873,T8B
171,1,0,0,265,red,9873,T8B
172,1,0,0,265,red,9873,T8B
173,1,0,0,265,red,9873,T8B
174,1,0,0,265,red,9873,T8B
175,1,0,0,265,red,9873,T8B
176,1,0,0,265,red,9873,T8B
177,1,0,0,265,red,9873,T8B
178,1,0,0,265,red,9873,T8B
179,1,0,0,265,red,9873,T8B
180,1,0,0,265,red,9873,T8B
181,1,0,0,265,red,9873,T8B
182,1,0,0,265,red,9873,T8B
183,1,0,0,265,red,9873,T8B
184,1,0,0,265,red,9873,T8B
185,1,0,0,265,red,9873,T8B
186,1,0,0,265,red,9873,T8B
187,1,0,0,265,red,9873,T8B
188,1,0,0,265,red,9873,T8B
189,1,0,0,265,red,9873,T8B
190,1,0,0,265,red,9873,T8B
191,1,0,0,265,red,9873,T8B
192,1,0,0,265,red,9873,T8B
193,1,0,0,265,red,9873,T8B
194,1,0,0,265,red,9873,T8B
195,1,0,0,265,red,9873,T8B
196,1,0,0,265,red,9873,T8B
197,1,0,0,265,red,9873,T8B
198,1,0,0,265,red,9873,T8B
199,1,0,0,265,red,9873,T8B
200,1,0,0,265,red,9873,T8B
201,1,0,0,265,red,9873,T8B
202,1,0,0,265,red,9873,T8B
203,1,0,0,265,red,9873,T8B
204,1,0,0,265,red,9873,T8B
205,1,0,0,265,red,9873,T8B
206,1,0,0,265,red,9873,T8B
207,1,0,0,265,red,9873,T8B
208,1,0,0,265,red,9873,T8B
209,1,0,0,265,red,9873,T8B
210,1,0,0,265,red,9873,T8B
211,1,0,0,265,red,9873,T8B
212,1,0,0,265,red,9873,T8B
213,1,0,0,265,red,9873,T8B
214,1,0,0,265,red,9873,T8B
215,1,0,0,265,red,9873,T8B
216,1,0,0,265,red,9873,T8B
217,1,0,0,265,red,9873,T8B
218,1,0,0,265,red,9873,T8B
219,1,0,0,265,red,9873,T8B
220,1,0,0,265,red,9873,T8B
221,1,0,0,265,red,9873,T8B
222,1,0,0,265,red,9873,T8B
0,0,0,1,266,red,7110,T8B
1,0,0,1,266,red,7110,T8B
2,0,0,1,266,red,7110,T8B
3,0,0,1,266,red,7110,T8B
4,0,0,1,266,red,7110,T8B
5,0,0,1,266,red,7110,T8B
6,0,0,1,266,red,7110,T8B
7,0,0,1,266,red,7110,T8B
8,0,0,1,266,red,7110,T8B
9,0,0,1,266,red,7110,T8B
10,0,0,1,266,red,7110,T8B
11,0,0,1,266,red,7110,T8B
12,0,0,1,266,red,7110,T8B
13,0,0,1,266,red,7110,T8B
14,0,0,1,266,red,7110,T8B
15,0,0,1,266,red,7110,T8B
16,0,0,1,266,red,7110,T8B
17,0,0,1,266,red,7110,T8B
18,0,0,1,266,red,7110,T8B
19,0,0,1,266,red,7110,T8B
20,0,0,1,266,red,7110,T8B
21,0,0,1,266,red,7110,T8B
22,0,0,1,266,red,7110,T8B
23,0,0,1,266,red,7110,T8B
24,0,0,1,266,red,7110,T8B
25,0,0,1,266,red,7110,T8B
26,0,0,1,266,red,7110,T8B
27,0,0,1,266,red,7110,T8B
28,0,0,1,266,red,7110,T8B
29,0,0,1,266,red,7110,T8B
30,0,0,1,266,red,7110,T8B
31,0,0,1,266,red,7110,T8B
32,0,0,1,266,red,7110,T8B
33,0,0,1,266,red,7110,T8B
34,0,0,1,266,red,7110,T8B
35,0,0,1,266,red,7110,T8B
36,0,0,1,266,red,7110,T8B
37,0,0,1,266,red,7110,T8B
38,0,0,1,266,red,7110,T8B
39,0,0,1,266,red,7110,T8B
40,0,0,1,266,red,7110,T8B
41,0,0,1,266,red,7110,T8B
42,0,0,1,266,red,7110,T8B
43,0,0,1,266,red,7110,T8B
44,0,0,1,266,red,7110,T8B
45,0,0,1,266,red,7110,T8B
46,0,0,1,266,red,7110,T8B
47,0,0,1,266,red,7110,T8B
48,0,0,1,266,red,7110,T8B
49,0,0,1,266,red,7110,T8B
50,0,0,1,266,red,7110,T8B
51,0,0,1,266,red,7110,T8B
52,0,0,1,266,red,7110,T8B
53,0,1,0,266,red,7110,T8B
54,0,1,0,266,red,7110,T8B
55,0,1,0,266,red,7110,T8B
56,0,1,0,266,red,7110,T8B
57,0,1,0,266,red,7110,T8B
58,0,1,0,266,red,7110,T8B
59,0,1,0,266,red,7110,T8B
60,0,1,0,266,red,7110,T8B
61,0,1,0,266,red,7110,T8B
62,0,1,0,266,red,7110,T8B
63,0,1,0,266,red,7110,T8B
64,0,1,0,266,red,7110,T8B
65,0,1,0,266,red,7110,T8B
66,0,1,0,266,red,7110,T8B
67,0,1,0,266,red,7110,T8B
68,0,1,0,266,red,7110,T8B
69,0,1,0,266,red,7110,T8B
70,0,1,0,266,red,7110,T8B
71,0,1,0,266,red,7110,T8B
72,0,1,0,266,red,7110,T8B
73,0,1,0,266,red,7110,T8B
74,0,1,0,266,red,7110,T8B
75,0,1,0,266,red,7110,T8B
76,0,1,0,266,red,7110,T8B
77,0,1,0,266,red,7110,T8B
78,0,1,0,266,red,7110,T8B
79,0,1,0,266,red,7110,T8B
80,0,1,0,266,red,7110,T8B
81,0,1,0,266,red,7110,T8B
82,0,1,0,266,red,7110,T8B
83,0,1,0,266,red,7110,T8B
84,0,1,0,266,red,7110,T8B
85,0,1,0,266,red,7110,T8B
86,0,1,0,266,red,7110,T8B
87,0,1,0,266,red,7110,T8B
88,0,1,0,266,red,7110,T8B
89,0,1,0,266,red,7110,T8B
90,0,1,0,266,red,7110,T8B
91,0,1,0,266,red,7110,T8B
92,0,1,0,266,red,7110,T8B
93,0,1,0,266,red,7110,T8B
94,0,1,0,266,red,7110,T8B
95,0,1,0,266,red,7110,T8B
96,0,1,0,266,red,7110,T8B
97,0,1,0,266,red,7110,T8B
98,0,1,0,266,red,7110,T8B
99,0,1,0,266,red,7110,T8B
100,0,1,0,266,red,7110,T8B
101,0,1,0,266,red,7110,T8B
102,0,1,0,266,red,7110,T8B
103,0,1,0,266,red,7110,T8B
104,0,1,0,266,red,7110,T8B
105,0,1,0,266,red,7110,T8B
106,0,1,0,266,red,7110,T8B
107,0,1,0,266,red,7110,T8B
108,0,1,0,266,red,7110,T8B
109,0,1,0,266,red,7110,T8B
110,0,1,0,266,red,7110,T8B
111,0,1,0,266,red,7110,T8B
112,0,1,0,266,red,7110,T8B
113,0,1,0,266,red,7110,T8B
114,0,1,0,266,red,7110,T8B
115,0,1,0,266,red,7110,T8B
116,0,1,0,266,red,7110,T8B
117,0,1,0,266,red,7110,T8B
118,0,1,0,266,red,7110,T8B
119,0,1,0,266,red,7110,T8B
120,0,1,0,266,red,7110,T8B
121,0,1,0,266,red,7110,T8B
122,0,1,0,266,red,7110,T8B
123,0,1,0,266,red,7110,T8B
124,0,1,0,266,red,7110,T8B
125,0,1,0,266,red,7110,T8B
126,0,1,0,266,red,7110,T8B
127,0,1,0,266,red,7110,T8B
128,0,1,0,266,red,7110,T8B
129,0,1,0,266,red,7110,T8B
130,0,1,0,266,red,7110,T8B
131,0,1,0,266,red,7110,T8B
132,0,1,0,266,red,7110,T8B
133,0,1,0,266,red,7110,T8B
134,0,1,0,266,red,7110,T8B
135,0,1,0,266,red,7110,T8B
136,0,1,0,266,red,7110,T8B
137,0,1,0,266,red,7110,T8B
138,0,1,0,266,red,7110,T8B
139,0,1,0,266,red,7110,T8B
140,0,1,0,266,red,7110,T8B
141,0,1,0,266,red,7110,T8B
142,0,1,0,266,red,7110,T8B
143,0,1,0,266,red,7110,T8B
144,0,1,0,266,red,7110,T8B
145,0,1,0,266,red,7110,T8B
146,0,1,0,266,red,7110,T8B
147,0,1,0,266,red,7110,T8B
148,0,1,0,266,red,7110,T8B
149,0,1,0,266,red,7110,T8B
150,0,1,0,266,red,7110,T8B
151,0,1,0,266,red,7110,T8B
152,0,1,0,266,red,7110,T8B
153,0,1,0,266,red,7110,T8B
154,0,1,0,266,red,7110,T8B
155,0,1,0,266,red,7110,T8B
156,0,1,0,266,red,7110,T8B
157,0,1,0,266,red,7110,T8B
158,0,1,0,266,red,7110,T8B
159,0,1,0,266,red,7110,T8B
160,0,1,0,266,red,7110,T8B
161,0,1,0,266,red,7110,T8B
162,0,1,0,266,red,7110,T8B
163,0,1,0,266,red,7110,T8B
164,0,1,0,266,red,7110,T8B
165,0,1,0,266,red,7110,T8B
166,0,1,0,266,red,7110,T8B
167,0,1,0,266,red,7110,T8B
168,0,1,0,266,red,7110,T8B
169,0,1,0,266,red,7110,T8B
170,0,1,0,266,red,7110,T8B
171,0,1,0,266,red,7110,T8B
172,0,1,0,266,red,7110,T8B
173,0,1,0,266,red,7110,T8B
174,0,1,0,266,red,7110,T8B
175,0,1,0,266,red,7110,T8B
176,0,1,0,266,red,7110,T8B
177,0,1,0,266,red,7110,T8B
178,0,1,0,266,red,7110,T8B
179,0,1,0,266,red,7110,T8B
180,0,1,0,266,red,7110,T8B
181,0,1,0,266,red,7110,T8B
182,0,0,1,266,red,7110,T8B
183,0,0,1,266,red,7110,T8B
184,0,0,1,266,red,7110,T8B
185,0,0,1,266,red,7110,T8B
186,0,0,1,266,red,7110,T8B
187,0,0,1,266,red,7110,T8B
188,0,0,1,266,red,7110,T8B
189,0,0,1,266,red,7110,T8B
190,0,0,1,266,red,7110,T8B
191,0,0,1,266,red,7110,T8B
192,0,0,1,266,red,7110,T8B
193,0,0,1,266,red,7110,T8B
194,0,0,1,266,red,7110,T8B
195,0,0,1,266,red,7110,T8B
196,0,0,1,266,red,7110,T8B
197,1,0,0,266,red,7110,T8B
198,1,0,0,266,red,7110,T8B
199,1,0,0,266,red,7110,T8B
200,1,0,0,266,red,7110,T8B
201,1,0,0,266,red,7110,T8B
202,1,0,0,266,red,7110,T8B
203,1,0,0,266,red,7110,T8B
204,1,0,0,266,red,7110,T8B
205,1,0,0,266,red,7110,T8B
206,1,0,0,266,red,7110,T8B
207,1,0,0,266,red,7110,T8B
208,1,0,0,266,red,7110,T8B
209,1,0,0,266,red,7110,T8B
210,1,0,0,266,red,7110,T8B
211,1,0,0,266,red,7110,T8B
212,1,0,0,266,red,7110,T8B
213,1,0,0,266,red,7110,T8B
214,1,0,0,266,red,7110,T8B
215,1,0,0,266,red,7110,T8B
216,1,0,0,266,red,7110,T8B
217,1,0,0,266,red,7110,T8B
218,1,0,0,266,red,7110,T8B
219,1,0,0,266,red,7110,T8B
220,1,0,0,266,red,7110,T8B
221,1,0,0,266,red,7110,T8B
222,1,0,0,266,red,7110,T8B
0,0,0,1,267,red,9091,T8B
1,0,0,1,267,red,9091,T8B
2,0,0,1,267,red,9091,T8B
3,0,0,1,267,red,9091,T8B
4,0,0,1,267,red,9091,T8B
5,0,0,1,267,red,9091,T8B
6,0,0,1,267,red,9091,T8B
7,0,0,1,267,red,9091,T8B
8,0,0,1,267,red,9091,T8B
9,0,0,1,267,red,9091,T8B
10,0,0,1,267,red,9091,T8B
11,0,0,1,267,red,9091,T8B
12,0,0,1,267,red,9091,T8B
13,0,0,1,267,red,9091,T8B
14,0,0,1,267,red,9091,T8B
15,0,0,1,267,red,9091,T8B
16,0,0,1,267,red,9091,T8B
17,0,0,1,267,red,9091,T8B
18,0,0,1,267,red,9091,T8B
19,0,0,1,267,red,9091,T8B
20,0,0,1,267,red,9091,T8B
21,0,0,1,267,red,9091,T8B
22,0,0,1,267,red,9091,T8B
23,0,0,1,267,red,9091,T8B
24,0,0,1,267,red,9091,T8B
25,0,0,1,267,red,9091,T8B
26,0,0,1,267,red,9091,T8B
27,0,0,1,267,red,9091,T8B
28,0,0,1,267,red,9091,T8B
29,0,0,1,267,red,9091,T8B
30,0,0,1,267,red,9091,T8B
31,0,0,1,267,red,9091,T8B
32,0,0,1,267,red,9091,T8B
33,0,0,1,267,red,9091,T8B
34,0,0,1,267,red,9091,T8B
35,0,0,1,267,red,9091,T8B
36,0,0,1,267,red,9091,T8B
37,0,1,0,267,red,9091,T8B
38,0,1,0,267,red,9091,T8B
39,0,1,0,267,red,9091,T8B
40,0,1,0,267,red,9091,T8B
41,0,1,0,267,red,9091,T8B
42,0,1,0,267,red,9091,T8B
43,0,1,0,267,red,9091,T8B
44,0,1,0,267,red,9091,T8B
45,0,1,0,267,red,9091,T8B
46,0,1,0,267,red,9091,T8B
47,0,1,0,267,red,9091,T8B
48,0,1,0,267,red,9091,T8B
49,0,1,0,267,red,9091,T8B
50,0,1,0,267,red,9091,T8B
51,0,1,0,267,red,9091,T8B
52,0,1,0,267,red,9091,T8B
53,0,1,0,267,red,9091,T8B
54,0,1,0,267,red,9091,T8B
55,0,1,0,267,red,9091,T8B
56,0,1,0,267,red,9091,T8B
57,0,1,0,267,red,9091,T8B
58,0,1,0,267,red,9091,T8B
59,0,1,0,267,red,9091,T8B
60,0,1,0,267,red,9091,T8B
61,0,1,0,267,red,9091,T8B
62,0,1,0,267,red,9091,T8B
63,0,1,0,267,red,9091,T8B
64,0,1,0,267,red,9091,T8B
65,0,1,0,267,red,9091,T8B
66,0,1,0,267,red,9091,T8B
67,0,1,0,267,red,9091,T8B
68,0,1,0,267,red,9091,T8B
69,0,1,0,267,red,9091,T8B
70,0,1,0,267,red,9091,T8B
71,0,1,0,267,red,9091,T8B
72,0,1,0,267,red,9091,T8B
73,0,1,0,267,red,9091,T8B
74,0,1,0,267,red,9091,T8B
75,0,1,0,267,red,9091,T8B
76,0,1,0,267,red,9091,T8B
77,0,1,0,267,red,9091,T8B
78,0,1,0,267,red,9091,T8B
79,0,1,0,267,red,9091,T8B
80,0,1,0,267,red,9091,T8B
81,0,1,0,267,red,9091,T8B
82,0,1,0,267,red,9091,T8B
83,0,1,0,267,red,9091,T8B
84,0,1,0,267,red,9091,T8B
85,0,1,0,267,red,9091,T8B
86,0,1,0,267,red,9091,T8B
87,0,1,0,267,red,9091,T8B
88,0,1,0,267,red,9091,T8B
89,0,1,0,267,red,9091,T8B
90,0,1,0,267,red,9091,T8B
91,0,1,0,267,red,9091,T8B
92,0,1,0,267,red,9091,T8B
93,0,1,0,267,red,9091,T8B
94,0,1,0,267,red,9091,T8B
95,0,1,0,267,red,9091,T8B
96,0,1,0,267,red,9091,T8B
97,0,1,0,267,red,9091,T8B
98,0,1,0,267,red,9091,T8B
99,0,1,0,267,red,9091,T8B
100,0,1,0,267,red,9091,T8B
101,0,1,0,267,red,9091,T8B
102,0,1,0,267,red,9091,T8B
103,0,1,0,267,red,9091,T8B
104,0,1,0,267,red,9091,T8B
105,0,1,0,267,red,9091,T8B
106,0,1,0,267,red,9091,T8B
107,0,1,0,267,red,9091,T8B
108,0,1,0,267,red,9091,T8B
109,0,1,0,267,red,9091,T8B
110,0,1,0,267,red,9091,T8B
111,0,1,0,267,red,9091,T8B
112,0,1,0,267,red,9091,T8B
113,0,1,0,267,red,9091,T8B
114,0,1,0,267,red,9091,T8B
115,0,1,0,267,red,9091,T8B
116,0,1,0,267,red,9091,T8B
117,0,1,0,267,red,9091,T8B
118,0,1,0,267,red,9091,T8B
119,0,1,0,267,red,9091,T8B
120,0,1,0,267,red,9091,T8B
121,0,1,0,267,red,9091,T8B
122,0,1,0,267,red,9091,T8B
123,0,1,0,267,red,9091,T8B
124,0,1,0,267,red,9091,T8B
125,0,1,0,267,red,9091,T8B
126,0,1,0,267,red,9091,T8B
127,0,1,0,267,red,9091,T8B
128,0,1,0,267,red,9091,T8B
129,0,1,0,267,red,9091,T8B
130,0,1,0,267,red,9091,T8B
131,0,1,0,267,red,9091,T8B
132,0,1,0,267,red,9091,T8B
133,0,1,0,267,red,9091,T8B
134,0,1,0,267,red,9091,T8B
135,0,1,0,267,red,9091,T8B
136,0,1,0,267,red,9091,T8B
137,0,1,0,267,red,9091,T8B
138,0,1,0,267,red,9091,T8B
139,0,1,0,267,red,9091,T8B
140,0,1,0,267,red,9091,T8B
141,0,1,0,267,red,9091,T8B
142,0,1,0,267,red,9091,T8B
143,0,1,0,267,red,9091,T8B
144,0,1,0,267,red,9091,T8B
145,0,1,0,267,red,9091,T8B
146,0,1,0,267,red,9091,T8B
147,0,1,0,267,red,9091,T8B
148,0,1,0,267,red,9091,T8B
149,0,1,0,267,red,9091,T8B
150,0,1,0,267,red,9091,T8B
151,0,1,0,267,red,9091,T8B
152,0,1,0,267,red,9091,T8B
153,0,1,0,267,red,9091,T8B
154,0,1,0,267,red,9091,T8B
155,0,1,0,267,red,9091,T8B
156,0,1,0,267,red,9091,T8B
157,0,1,0,267,red,9091,T8B
158,0,1,0,267,red,9091,T8B
159,0,1,0,267,red,9091,T8B
160,0,1,0,267,red,9091,T8B
161,0,1,0,267,red,9091,T8B
162,0,1,0,267,red,9091,T8B
163,0,1,0,267,red,9091,T8B
164,0,1,0,267,red,9091,T8B
165,0,1,0,267,red,9091,T8B
166,0,1,0,267,red,9091,T8B
167,0,1,0,267,red,9091,T8B
168,0,1,0,267,red,9091,T8B
169,0,1,0,267,red,9091,T8B
170,0,1,0,267,red,9091,T8B
171,0,1,0,267,red,9091,T8B
172,0,1,0,267,red,9091,T8B
173,0,1,0,267,red,9091,T8B
174,0,1,0,267,red,9091,T8B
175,0,1,0,267,red,9091,T8B
176,0,0,1,267,red,9091,T8B
177,0,0,1,267,red,9091,T8B
178,1,0,0,267,red,9091,T8B
179,1,0,0,267,red,9091,T8B
180,1,0,0,267,red,9091,T8B
181,1,0,0,267,red,9091,T8B
182,1,0,0,267,red,9091,T8B
183,1,0,0,267,red,9091,T8B
184,1,0,0,267,red,9091,T8B
185,1,0,0,267,red,9091,T8B
186,1,0,0,267,red,9091,T8B
187,1,0,0,267,red,9091,T8B
188,1,0,0,267,red,9091,T8B
189,1,0,0,267,red,9091,T8B
190,1,0,0,267,red,9091,T8B
191,1,0,0,267,red,9091,T8B
192,1,0,0,267,red,9091,T8B
193,1,0,0,267,red,9091,T8B
194,1,0,0,267,red,9091,T8B
195,1,0,0,267,red,9091,T8B
196,1,0,0,267,red,9091,T8B
197,1,0,0,267,red,9091,T8B
198,1,0,0,267,red,9091,T8B
199,1,0,0,267,red,9091,T8B
200,1,0,0,267,red,9091,T8B
201,1,0,0,267,red,9091,T8B
202,1,0,0,267,red,9091,T8B
203,1,0,0,267,red,9091,T8B
204,1,0,0,267,red,9091,T8B
205,1,0,0,267,red,9091,T8B
206,1,0,0,267,red,9091,T8B
207,1,0,0,267,red,9091,T8B
208,1,0,0,267,red,9091,T8B
209,1,0,0,267,red,9091,T8B
210,1,0,0,267,red,9091,T8B
211,1,0,0,267,red,9091,T8B
212,1,0,0,267,red,9091,T8B
213,1,0,0,267,red,9091,T8B
214,1,0,0,267,red,9091,T8B
215,1,0,0,267,red,9091,T8B
216,1,0,0,267,red,9091,T8B
217,1,0,0,267,red,9091,T8B
218,1,0,0,267,red,9091,T8B
219,1,0,0,267,red,9091,T8B
220,1,0,0,267,red,9091,T8B
221,1,0,0,267,red,9091,T8B
222,1,0,0,267,red,9091,T8B
0,0,0,1,269,red,9256,T8B
1,0,0,1,269,red,9256,T8B
2,0,0,1,269,red,9256,T8B
3,0,0,1,269,red,9256,T8B
4,0,0,1,269,red,9256,T8B
5,0,0,1,269,red,9256,T8B
6,0,0,1,269,red,9256,T8B
7,0,0,1,269,red,9256,T8B
8,0,0,1,269,red,9256,T8B
9,0,0,1,269,red,9256,T8B
10,0,0,1,269,red,9256,T8B
11,0,0,1,269,red,9256,T8B
12,0,0,1,269,red,9256,T8B
13,0,0,1,269,red,9256,T8B
14,0,0,1,269,red,9256,T8B
15,0,0,1,269,red,9256,T8B
16,0,0,1,269,red,9256,T8B
17,0,0,1,269,red,9256,T8B
18,0,0,1,269,red,9256,T8B
19,0,0,1,269,red,9256,T8B
20,0,0,1,269,red,9256,T8B
21,0,0,1,269,red,9256,T8B
22,0,0,1,269,red,9256,T8B
23,0,0,1,269,red,9256,T8B
24,0,0,1,269,red,9256,T8B
25,0,0,1,269,red,9256,T8B
26,0,0,1,269,red,9256,T8B
27,0,0,1,269,red,9256,T8B
28,0,0,1,269,red,9256,T8B
29,0,0,1,269,red,9256,T8B
30,0,0,1,269,red,9256,T8B
31,0,0,1,269,red,9256,T8B
32,0,0,1,269,red,9256,T8B
33,0,0,1,269,red,9256,T8B
34,0,0,1,269,red,9256,T8B
35,0,0,1,269,red,9256,T8B
36,0,0,1,269,red,9256,T8B
37,0,0,1,269,red,9256,T8B
38,0,0,1,269,red,9256,T8B
39,0,0,1,269,red,9256,T8B
40,0,0,1,269,red,9256,T8B
41,0,0,1,269,red,9256,T8B
42,0,0,1,269,red,9256,T8B
43,0,0,1,269,red,9256,T8B
44,0,0,1,269,red,9256,T8B
45,0,0,1,269,red,9256,T8B
46,0,0,1,269,red,9256,T8B
47,0,1,0,269,red,9256,T8B
48,0,1,0,269,red,9256,T8B
49,0,1,0,269,red,9256,T8B
50,0,1,0,269,red,9256,T8B
51,0,1,0,269,red,9256,T8B
52,0,1,0,269,red,9256,T8B
53,0,1,0,269,red,9256,T8B
54,0,1,0,269,red,9256,T8B
55,0,1,0,269,red,9256,T8B
56,0,1,0,269,red,9256,T8B
57,0,1,0,269,red,9256,T8B
58,0,1,0,269,red,9256,T8B
59,0,1,0,269,red,9256,T8B
60,0,1,0,269,red,9256,T8B
61,0,1,0,269,red,9256,T8B
62,0,1,0,269,red,9256,T8B
63,0,1,0,269,red,9256,T8B
64,0,1,0,269,red,9256,T8B
65,0,1,0,269,red,9256,T8B
66,0,1,0,269,red,9256,T8B
67,0,1,0,269,red,9256,T8B
68,0,1,0,269,red,9256,T8B
69,0,1,0,269,red,9256,T8B
70,0,1,0,269,red,9256,T8B
71,0,1,0,269,red,9256,T8B
72,0,1,0,269,red,9256,T8B
73,0,1,0,269,red,9256,T8B
74,0,1,0,269,red,9256,T8B
75,0,1,0,269,red,9256,T8B
76,0,1,0,269,red,9256,T8B
77,0,1,0,269,red,9256,T8B
78,0,1,0,269,red,9256,T8B
79,0,1,0,269,red,9256,T8B
80,0,1,0,269,red,9256,T8B
81,0,1,0,269,red,9256,T8B
82,0,1,0,269,red,9256,T8B
83,0,1,0,269,red,9256,T8B
84,0,1,0,269,red,9256,T8B
85,0,1,0,269,red,9256,T8B
86,0,1,0,269,red,9256,T8B
87,0,1,0,269,red,9256,T8B
88,0,1,0,269,red,9256,T8B
89,0,1,0,269,red,9256,T8B
90,0,1,0,269,red,9256,T8B
91,0,1,0,269,red,9256,T8B
92,0,1,0,269,red,9256,T8B
93,0,1,0,269,red,9256,T8B
94,0,1,0,269,red,9256,T8B
95,0,1,0,269,red,9256,T8B
96,0,1,0,269,red,9256,T8B
97,0,1,0,269,red,9256,T8B
98,0,1,0,269,red,9256,T8B
99,0,1,0,269,red,9256,T8B
100,0,1,0,269,red,9256,T8B
101,0,1,0,269,red,9256,T8B
102,0,1,0,269,red,9256,T8B
103,0,1,0,269,red,9256,T8B
104,0,1,0,269,red,9256,T8B
105,0,1,0,269,red,9256,T8B
106,0,1,0,269,red,9256,T8B
107,0,1,0,269,red,9256,T8B
108,0,1,0,269,red,9256,T8B
109,0,1,0,269,red,9256,T8B
110,0,1,0,269,red,9256,T8B
111,0,1,0,269,red,9256,T8B
112,0,1,0,269,red,9256,T8B
113,0,1,0,269,red,9256,T8B
114,0,1,0,269,red,9256,T8B
115,0,1,0,269,red,9256,T8B
116,0,1,0,269,red,9256,T8B
117,0,1,0,269,red,9256,T8B
118,0,1,0,269,red,9256,T8B
119,0,1,0,269,red,9256,T8B
120,0,1,0,269,red,9256,T8B
121,0,1,0,269,red,9256,T8B
122,0,1,0,269,red,9256,T8B
123,0,1,0,269,red,9256,T8B
124,0,1,0,269,red,9256,T8B
125,0,1,0,269,red,9256,T8B
126,0,1,0,269,red,9256,T8B
127,0,1,0,269,red,9256,T8B
128,0,1,0,269,red,9256,T8B
129,0,1,0,269,red,9256,T8B
130,0,1,0,269,red,9256,T8B
131,0,1,0,269,red,9256,T8B
132,0,1,0,269,red,9256,T8B
133,0,1,0,269,red,9256,T8B
134,0,1,0,269,red,9256,T8B
135,0,1,0,269,red,9256,T8B
136,0,1,0,269,red,9256,T8B
137,0,1,0,269,red,9256,T8B
138,0,1,0,269,red,9256,T8B
139,0,1,0,269,red,9256,T8B
140,0,1,0,269,red,9256,T8B
141,0,1,0,269,red,9256,T8B
142,0,1,0,269,red,9256,T8B
143,0,1,0,269,red,9256,T8B
144,0,1,0,269,red,9256,T8B
145,0,1,0,269,red,9256,T8B
146,0,1,0,269,red,9256,T8B
147,0,1,0,269,red,9256,T8B
148,0,1,0,269,red,9256,T8B
149,0,1,0,269,red,9256,T8B
150,0,1,0,269,red,9256,T8B
151,0,1,0,269,red,9256,T8B
152,0,1,0,269,red,9256,T8B
153,0,1,0,269,red,9256,T8B
154,0,1,0,269,red,9256,T8B
155,0,1,0,269,red,9256,T8B
156,0,1,0,269,red,9256,T8B
157,0,1,0,269,red,9256,T8B
158,0,1,0,269,red,9256,T8B
159,0,1,0,269,red,9256,T8B
160,0,1,0,269,red,9256,T8B
161,0,1,0,269,red,9256,T8B
162,0,1,0,269,red,9256,T8B
163,0,1,0,269,red,9256,T8B
164,0,1,0,269,red,9256,T8B
165,0,1,0,269,red,9256,T8B
166,0,1,0,269,red,9256,T8B
167,0,1,0,269,red,9256,T8B
168,0,1,0,269,red,9256,T8B
169,0,1,0,269,red,9256,T8B
170,0,1,0,269,red,9256,T8B
171,0,1,0,269,red,9256,T8B
172,0,1,0,269,red,9256,T8B
173,0,1,0,269,red,9256,T8B
174,0,1,0,269,red,9256,T8B
175,0,1,0,269,red,9256,T8B
176,0,1,0,269,red,9256,T8B
177,0,1,0,269,red,9256,T8B
178,0,1,0,269,red,9256,T8B
179,0,1,0,269,red,9256,T8B
180,0,1,0,269,red,9256,T8B
181,0,1,0,269,red,9256,T8B
182,0,1,0,269,red,9256,T8B
183,0,1,0,269,red,9256,T8B
184,0,1,0,269,red,9256,T8B
185,0,1,0,269,red,9256,T8B
186,1,0,0,269,red,9256,T8B
187,1,0,0,269,red,9256,T8B
188,1,0,0,269,red,9256,T8B
189,1,0,0,269,red,9256,T8B
190,1,0,0,269,red,9256,T8B
191,1,0,0,269,red,9256,T8B
192,1,0,0,269,red,9256,T8B
193,1,0,0,269,red,9256,T8B
194,1,0,0,269,red,9256,T8B
195,1,0,0,269,red,9256,T8B
196,1,0,0,269,red,9256,T8B
197,1,0,0,269,red,9256,T8B
198,1,0,0,269,red,9256,T8B
199,1,0,0,269,red,9256,T8B
200,1,0,0,269,red,9256,T8B
201,1,0,0,269,red,9256,T8B
202,1,0,0,269,red,9256,T8B
203,1,0,0,269,red,9256,T8B
204,1,0,0,269,red,9256,T8B
205,1,0,0,269,red,9256,T8B
206,1,0,0,269,red,9256,T8B
207,1,0,0,269,red,9256,T8B
208,1,0,0,269,red,9256,T8B
209,1,0,0,269,red,9256,T8B
210,1,0,0,269,red,9256,T8B
211,1,0,0,269,red,9256,T8B
212,1,0,0,269,red,9256,T8B
213,1,0,0,269,red,9256,T8B
214,1,0,0,269,red,9256,T8B
215,1,0,0,269,red,9256,T8B
216,1,0,0,269,red,9256,T8B
217,1,0,0,269,red,9256,T8B
218,1,0,0,269,red,9256,T8B
219,1,0,0,269,red,9256,T8B
220,1,0,0,269,red,9256,T8B
221,1,0,0,269,red,9256,T8B
222,1,0,0,269,red,9256,T8B
0,0,0,1,270,red,7491,T8B
1,0,0,1,270,red,7491,T8B
2,0,0,1,270,red,7491,T8B
3,0,0,1,270,red,7491,T8B
4,0,0,1,270,red,7491,T8B
5,0,0,1,270,red,7491,T8B
6,0,0,1,270,red,7491,T8B
7,0,0,1,270,red,7491,T8B
8,0,0,1,270,red,7491,T8B
9,0,0,1,270,red,7491,T8B
10,0,0,1,270,red,7491,T8B
11,0,0,1,270,red,7491,T8B
12,0,0,1,270,red,7491,T8B
13,0,0,1,270,red,7491,T8B
14,0,0,1,270,red,7491,T8B
15,0,0,1,270,red,7491,T8B
16,0,0,1,270,red,7491,T8B
17,0,0,1,270,red,7491,T8B
18,0,0,1,270,red,7491,T8B
19,0,0,1,270,red,7491,T8B
20,0,0,1,270,red,7491,T8B
21,0,0,1,270,red,7491,T8B
22,0,0,1,270,red,7491,T8B
23,0,0,1,270,red,7491,T8B
24,0,0,1,270,red,7491,T8B
25,0,0,1,270,red,7491,T8B
26,0,0,1,270,red,7491,T8B
27,0,0,1,270,red,7491,T8B
28,0,0,1,270,red,7491,T8B
29,0,0,1,270,red,7491,T8B
30,0,0,1,270,red,7491,T8B
31,0,0,1,270,red,7491,T8B
32,0,0,1,270,red,7491,T8B
33,0,0,1,270,red,7491,T8B
34,0,1,0,270,red,7491,T8B
35,0,1,0,270,red,7491,T8B
36,0,1,0,270,red,7491,T8B
37,0,1,0,270,red,7491,T8B
38,0,1,0,270,red,7491,T8B
39,0,1,0,270,red,7491,T8B
40,0,1,0,270,red,7491,T8B
41,0,1,0,270,red,7491,T8B
42,0,1,0,270,red,7491,T8B
43,0,1,0,270,red,7491,T8B
44,0,1,0,270,red,7491,T8B
45,0,1,0,270,red,7491,T8B
46,0,1,0,270,red,7491,T8B
47,0,1,0,270,red,7491,T8B
48,0,1,0,270,red,7491,T8B
49,0,1,0,270,red,7491,T8B
50,0,1,0,270,red,7491,T8B
51,0,1,0,270,red,7491,T8B
52,0,1,0,270,red,7491,T8B
53,0,1,0,270,red,7491,T8B
54,0,1,0,270,red,7491,T8B
55,0,1,0,270,red,7491,T8B
56,0,1,0,270,red,7491,T8B
57,0,1,0,270,red,7491,T8B
58,0,1,0,270,red,7491,T8B
59,0,1,0,270,red,7491,T8B
60,0,1,0,270,red,7491,T8B
61,0,1,0,270,red,7491,T8B
62,0,1,0,270,red,7491,T8B
63,0,1,0,270,red,7491,T8B
64,0,1,0,270,red,7491,T8B
65,0,1,0,270,red,7491,T8B
66,0,1,0,270,red,7491,T8B
67,0,1,0,270,red,7491,T8B
68,0,1,0,270,red,7491,T8B
69,0,1,0,270,red,7491,T8B
70,0,1,0,270,red,7491,T8B
71,0,1,0,270,red,7491,T8B
72,0,1,0,270,red,7491,T8B
73,0,1,0,270,red,7491,T8B
74,0,1,0,270,red,7491,T8B
75,0,1,0,270,red,7491,T8B
76,0,1,0,270,red,7491,T8B
77,0,1,0,270,red,7491,T8B
78,0,1,0,270,red,7491,T8B
79,0,1,0,270,red,7491,T8B
80,0,1,0,270,red,7491,T8B
81,0,1,0,270,red,7491,T8B
82,0,1,0,270,red,7491,T8B
83,0,1,0,270,red,7491,T8B
84,0,1,0,270,red,7491,T8B
85,0,1,0,270,red,7491,T8B
86,0,1,0,270,red,7491,T8B
87,0,1,0,270,red,7491,T8B
88,0,1,0,270,red,7491,T8B
89,0,1,0,270,red,7491,T8B
90,0,1,0,270,red,7491,T8B
91,0,1,0,270,red,7491,T8B
92,0,1,0,270,red,7491,T8B
93,0,1,0,270,red,7491,T8B
94,0,1,0,270,red,7491,T8B
95,0,1,0,270,red,7491,T8B
96,0,1,0,270,red,7491,T8B
97,0,1,0,270,red,7491,T8B
98,0,1,0,270,red,7491,T8B
99,0,1,0,270,red,7491,T8B
100,0,1,0,270,red,7491,T8B
101,0,1,0,270,red,7491,T8B
102,0,1,0,270,red,7491,T8B
103,0,1,0,270,red,7491,T8B
104,0,1,0,270,red,7491,T8B
105,0,1,0,270,red,7491,T8B
106,0,1,0,270,red,7491,T8B
107,0,1,0,270,red,7491,T8B
108,0,1,0,270,red,7491,T8B
109,0,1,0,270,red,7491,T8B
110,0,1,0,270,red,7491,T8B
111,0,1,0,270,red,7491,T8B
112,0,1,0,270,red,7491,T8B
113,0,1,0,270,red,7491,T8B
114,0,1,0,270,red,7491,T8B
115,0,1,0,270,red,7491,T8B
116,0,1,0,270,red,7491,T8B
117,0,1,0,270,red,7491,T8B
118,0,1,0,270,red,7491,T8B
119,0,1,0,270,red,7491,T8B
120,0,1,0,270,red,7491,T8B
121,0,1,0,270,red,7491,T8B
122,0,1,0,270,red,7491,T8B
123,0,1,0,270,red,7491,T8B
124,0,1,0,270,red,7491,T8B
125,0,1,0,270,red,7491,T8B
126,0,1,0,270,red,7491,T8B
127,0,1,0,270,red,7491,T8B
128,0,1,0,270,red,7491,T8B
129,0,1,0,270,red,7491,T8B
130,0,1,0,270,red,7491,T8B
131,0,1,0,270,red,7491,T8B
132,0,1,0,270,red,7491,T8B
133,0,1,0,270,red,7491,T8B
134,0,1,0,270,red,7491,T8B
135,0,1,0,270,red,7491,T8B
136,0,1,0,270,red,7491,T8B
137,0,1,0,270,red,7491,T8B
138,0,1,0,270,red,7491,T8B
139,0,1,0,270,red,7491,T8B
140,0,1,0,270,red,7491,T8B
141,0,1,0,270,red,7491,T8B
142,0,1,0,270,red,7491,T8B
143,0,1,0,270,red,7491,T8B
144,0,1,0,270,red,7491,T8B
145,0,1,0,270,red,7491,T8B
146,0,1,0,270,red,7491,T8B
147,0,1,0,270,red,7491,T8B
148,0,1,0,270,red,7491,T8B
149,0,1,0,270,red,7491,T8B
150,0,1,0,270,red,7491,T8B
151,0,1,0,270,red,7491,T8B
152,0,1,0,270,red,7491,T8B
153,0,1,0,270,red,7491,T8B
154,0,1,0,270,red,7491,T8B
155,0,1,0,270,red,7491,T8B
156,0,1,0,270,red,7491,T8B
157,0,1,0,270,red,7491,T8B
158,0,1,0,270,red,7491,T8B
159,0,1,0,270,red,7491,T8B
160,0,1,0,270,red,7491,T8B
161,0,1,0,270,red,7491,T8B
162,0,1,0,270,red,7491,T8B
163,0,1,0,270,red,7491,T8B
164,0,1,0,270,red,7491,T8B
165,0,1,0,270,red,7491,T8B
166,0,1,0,270,red,7491,T8B
167,0,1,0,270,red,7491,T8B
168,0,1,0,270,red,7491,T8B
169,0,1,0,270,red,7491,T8B
170,0,1,0,270,red,7491,T8B
171,0,0,1,270,red,7491,T8B
172,1,0,0,270,red,7491,T8B
173,1,0,0,270,red,7491,T8B
174,1,0,0,270,red,7491,T8B
175,1,0,0,270,red,7491,T8B
176,1,0,0,270,red,7491,T8B
177,1,0,0,270,red,7491,T8B
178,1,0,0,270,red,7491,T8B
179,1,0,0,270,red,7491,T8B
180,1,0,0,270,red,7491,T8B
181,1,0,0,270,red,7491,T8B
182,1,0,0,270,red,7491,T8B
183,1,0,0,270,red,7491,T8B
184,1,0,0,270,red,7491,T8B
185,1,0,0,270,red,7491,T8B
186,1,0,0,270,red,7491,T8B
187,1,0,0,270,red,7491,T8B
188,1,0,0,270,red,7491,T8B
189,1,0,0,270,red,7491,T8B
190,1,0,0,270,red,7491,T8B
191,1,0,0,270,red,7491,T8B
192,1,0,0,270,red,7491,T8B
193,1,0,0,270,red,7491,T8B
194,1,0,0,270,red,7491,T8B
195,1,0,0,270,red,7491,T8B
196,1,0,0,270,red,7491,T8B
197,1,0,0,270,red,7491,T8B
198,1,0,0,270,red,7491,T8B
199,1,0,0,270,red,7491,T8B
200,1,0,0,270,red,7491,T8B
201,1,0,0,270,red,7491,T8B
202,1,0,0,270,red,7491,T8B
203,1,0,0,270,red,7491,T8B
204,1,0,0,270,red,7491,T8B
205,1,0,0,270,red,7491,T8B
206,1,0,0,270,red,7491,T8B
207,1,0,0,270,red,7491,T8B
208,1,0,0,270,red,7491,T8B
209,1,0,0,270,red,7491,T8B
210,1,0,0,270,red,7491,T8B
211,1,0,0,270,red,7491,T8B
212,1,0,0,270,red,7491,T8B
213,1,0,0,270,red,7491,T8B
214,1,0,0,270,red,7491,T8B
215,1,0,0,270,red,7491,T8B
216,1,0,0,270,red,7491,T8B
217,1,0,0,270,red,7491,T8B
218,1,0,0,270,red,7491,T8B
219,1,0,0,270,red,7491,T8B
220,1,0,0,270,red,7491,T8B
221,1,0,0,270,red,7491,T8B
222,1,0,0,270,red,7491,T8B
0,0,0,1,272,red,9358,T8B
1,0,0,1,272,red,9358,T8B
2,0,0,1,272,red,9358,T8B
3,0,0,1,272,red,9358,T8B
4,0,0,1,272,red,9358,T8B
5,0,0,1,272,red,9358,T8B
6,0,0,1,272,red,9358,T8B
7,0,0,1,272,red,9358,T8B
8,0,0,1,272,red,9358,T8B
9,0,0,1,272,red,9358,T8B
10,0,0,1,272,red,9358,T8B
11,0,0,1,272,red,9358,T8B
12,0,0,1,272,red,9358,T8B
13,0,0,1,272,red,9358,T8B
14,0,0,1,272,red,9358,T8B
15,0,0,1,272,red,9358,T8B
16,0,0,1,272,red,9358,T8B
17,0,0,1,272,red,9358,T8B
18,0,0,1,272,red,9358,T8B
19,0,0,1,272,red,9358,T8B
20,0,0,1,272,red,9358,T8B
21,0,0,1,272,red,9358,T8B
22,0,0,1,272,red,9358,T8B
23,0,0,1,272,red,9358,T8B
24,0,0,1,272,red,9358,T8B
25,0,0,1,272,red,9358,T8B
26,0,0,1,272,red,9358,T8B
27,0,0,1,272,red,9358,T8B
28,0,0,1,272,red,9358,T8B
29,0,0,1,272,red,9358,T8B
30,0,0,1,272,red,9358,T8B
31,0,0,1,272,red,9358,T8B
32,0,0,1,272,red,9358,T8B
33,0,0,1,272,red,9358,T8B
34,0,0,1,272,red,9358,T8B
35,0,0,1,272,red,9358,T8B
36,0,0,1,272,red,9358,T8B
37,0,0,1,272,red,9358,T8B
38,0,0,1,272,red,9358,T8B
39,0,0,1,272,red,9358,T8B
40,0,0,1,272,red,9358,T8B
41,0,0,1,272,red,9358,T8B
42,0,0,1,272,red,9358,T8B
43,0,0,1,272,red,9358,T8B
44,0,0,1,272,red,9358,T8B
45,0,0,1,272,red,9358,T8B
46,0,0,1,272,red,9358,T8B
47,0,0,1,272,red,9358,T8B
48,0,0,1,272,red,9358,T8B
49,0,0,1,272,red,9358,T8B
50,0,0,1,272,red,9358,T8B
51,0,0,1,272,red,9358,T8B
52,0,0,1,272,red,9358,T8B
53,0,0,1,272,red,9358,T8B
54,0,0,1,272,red,9358,T8B
55,0,0,1,272,red,9358,T8B
56,0,0,1,272,red,9358,T8B
57,0,0,1,272,red,9358,T8B
58,0,0,1,272,red,9358,T8B
59,0,0,1,272,red,9358,T8B
60,0,0,1,272,red,9358,T8B
61,0,0,1,272,red,9358,T8B
62,0,0,1,272,red,9358,T8B
63,0,0,1,272,red,9358,T8B
64,0,0,1,272,red,9358,T8B
65,0,0,1,272,red,9358,T8B
66,0,0,1,272,red,9358,T8B
67,0,0,1,272,red,9358,T8B
68,0,0,1,272,red,9358,T8B
69,1,0,0,272,red,9358,T8B
70,1,0,0,272,red,9358,T8B
71,1,0,0,272,red,9358,T8B
72,1,0,0,272,red,9358,T8B
73,1,0,0,272,red,9358,T8B
74,1,0,0,272,red,9358,T8B
75,1,0,0,272,red,9358,T8B
76,1,0,0,272,red,9358,T8B
77,1,0,0,272,red,9358,T8B
78,1,0,0,272,red,9358,T8B
79,1,0,0,272,red,9358,T8B
80,1,0,0,272,red,9358,T8B
81,1,0,0,272,red,9358,T8B
82,1,0,0,272,red,9358,T8B
83,1,0,0,272,red,9358,T8B
84,1,0,0,272,red,9358,T8B
85,1,0,0,272,red,9358,T8B
86,1,0,0,272,red,9358,T8B
87,1,0,0,272,red,9358,T8B
88,1,0,0,272,red,9358,T8B
89,1,0,0,272,red,9358,T8B
90,1,0,0,272,red,9358,T8B
91,1,0,0,272,red,9358,T8B
92,1,0,0,272,red,9358,T8B
93,1,0,0,272,red,9358,T8B
94,1,0,0,272,red,9358,T8B
95,1,0,0,272,red,9358,T8B
96,1,0,0,272,red,9358,T8B
97,1,0,0,272,red,9358,T8B
98,1,0,0,272,red,9358,T8B
99,1,0,0,272,red,9358,T8B
100,1,0,0,272,red,9358,T8B
101,1,0,0,272,red,9358,T8B
102,1,0,0,272,red,9358,T8B
103,1,0,0,272,red,9358,T8B
104,1,0,0,272,red,9358,T8B
105,1,0,0,272,red,9358,T8B
106,1,0,0,272,red,9358,T8B
107,1,0,0,272,red,9358,T8B
108,1,0,0,272,red,9358,T8B
109,1,0,0,272,red,9358,T8B
110,1,0,0,272,red,9358,T8B
111,1,0,0,272,red,9358,T8B
112,1,0,0,272,red,9358,T8B
113,1,0,0,272,red,9358,T8B
114,1,0,0,272,red,9358,T8B
115,1,0,0,272,red,9358,T8B
116,1,0,0,272,red,9358,T8B
117,1,0,0,272,red,9358,T8B
118,1,0,0,272,red,9358,T8B
119,1,0,0,272,red,9358,T8B
120,1,0,0,272,red,9358,T8B
121,1,0,0,272,red,9358,T8B
122,1,0,0,272,red,9358,T8B
123,1,0,0,272,red,9358,T8B
124,1,0,0,272,red,9358,T8B
125,1,0,0,272,red,9358,T8B
126,1,0,0,272,red,9358,T8B
127,1,0,0,272,red,9358,T8B
128,1,0,0,272,red,9358,T8B
129,1,0,0,272,red,9358,T8B
130,1,0,0,272,red,9358,T8B
131,1,0,0,272,red,9358,T8B
132,1,0,0,272,red,9358,T8B
133,1,0,0,272,red,9358,T8B
134,1,0,0,272,red,9358,T8B
135,1,0,0,272,red,9358,T8B
136,1,0,0,272,red,9358,T8B
137,1,0,0,272,red,9358,T8B
138,1,0,0,272,red,9358,T8B
139,1,0,0,272,red,9358,T8B
140,1,0,0,272,red,9358,T8B
141,1,0,0,272,red,9358,T8B
142,1,0,0,272,red,9358,T8B
143,1,0,0,272,red,9358,T8B
144,1,0,0,272,red,9358,T8B
145,1,0,0,272,red,9358,T8B
146,1,0,0,272,red,9358,T8B
147,1,0,0,272,red,9358,T8B
148,1,0,0,272,red,9358,T8B
149,1,0,0,272,red,9358,T8B
150,1,0,0,272,red,9358,T8B
151,1,0,0,272,red,9358,T8B
152,1,0,0,272,red,9358,T8B
153,1,0,0,272,red,9358,T8B
154,1,0,0,272,red,9358,T8B
155,1,0,0,272,red,9358,T8B
156,1,0,0,272,red,9358,T8B
157,1,0,0,272,red,9358,T8B
158,1,0,0,272,red,9358,T8B
159,1,0,0,272,red,9358,T8B
160,1,0,0,272,red,9358,T8B
161,1,0,0,272,red,9358,T8B
162,1,0,0,272,red,9358,T8B
163,1,0,0,272,red,9358,T8B
164,1,0,0,272,red,9358,T8B
165,1,0,0,272,red,9358,T8B
166,1,0,0,272,red,9358,T8B
167,1,0,0,272,red,9358,T8B
168,1,0,0,272,red,9358,T8B
169,1,0,0,272,red,9358,T8B
170,1,0,0,272,red,9358,T8B
171,1,0,0,272,red,9358,T8B
172,1,0,0,272,red,9358,T8B
173,1,0,0,272,red,9358,T8B
174,1,0,0,272,red,9358,T8B
175,1,0,0,272,red,9358,T8B
176,1,0,0,272,red,9358,T8B
177,1,0,0,272,red,9358,T8B
178,1,0,0,272,red,9358,T8B
179,1,0,0,272,red,9358,T8B
180,1,0,0,272,red,9358,T8B
181,1,0,0,272,red,9358,T8B
182,1,0,0,272,red,9358,T8B
183,1,0,0,272,red,9358,T8B
184,1,0,0,272,red,9358,T8B
185,1,0,0,272,red,9358,T8B
186,1,0,0,272,red,9358,T8B
187,1,0,0,272,red,9358,T8B
188,1,0,0,272,red,9358,T8B
189,1,0,0,272,red,9358,T8B
190,1,0,0,272,red,9358,T8B
191,1,0,0,272,red,9358,T8B
192,1,0,0,272,red,9358,T8B
193,1,0,0,272,red,9358,T8B
194,1,0,0,272,red,9358,T8B
195,1,0,0,272,red,9358,T8B
196,1,0,0,272,red,9358,T8B
197,1,0,0,272,red,9358,T8B
198,1,0,0,272,red,9358,T8B
199,1,0,0,272,red,9358,T8B
200,1,0,0,272,red,9358,T8B
201,1,0,0,272,red,9358,T8B
202,1,0,0,272,red,9358,T8B
203,1,0,0,272,red,9358,T8B
204,1,0,0,272,red,9358,T8B
205,1,0,0,272,red,9358,T8B
206,1,0,0,272,red,9358,T8B
207,1,0,0,272,red,9358,T8B
208,1,0,0,272,red,9358,T8B
209,1,0,0,272,red,9358,T8B
210,1,0,0,272,red,9358,T8B
211,1,0,0,272,red,9358,T8B
212,1,0,0,272,red,9358,T8B
213,1,0,0,272,red,9358,T8B
214,1,0,0,272,red,9358,T8B
215,1,0,0,272,red,9358,T8B
216,1,0,0,272,red,9358,T8B
217,1,0,0,272,red,9358,T8B
218,1,0,0,272,red,9358,T8B
219,1,0,0,272,red,9358,T8B
220,1,0,0,272,red,9358,T8B
221,1,0,0,272,red,9358,T8B
222,1,0,0,272,red,9358,T8B
0,0,0,1,273,red,9405,T8B
1,0,0,1,273,red,9405,T8B
2,0,0,1,273,red,9405,T8B
3,0,0,1,273,red,9405,T8B
4,0,0,1,273,red,9405,T8B
5,0,0,1,273,red,9405,T8B
6,0,0,1,273,red,9405,T8B
7,0,0,1,273,red,9405,T8B
8,0,0,1,273,red,9405,T8B
9,0,0,1,273,red,9405,T8B
10,0,0,1,273,red,9405,T8B
11,0,0,1,273,red,9405,T8B
12,0,0,1,273,red,9405,T8B
13,0,0,1,273,red,9405,T8B
14,0,0,1,273,red,9405,T8B
15,0,0,1,273,red,9405,T8B
16,0,0,1,273,red,9405,T8B
17,0,0,1,273,red,9405,T8B
18,0,0,1,273,red,9405,T8B
19,0,0,1,273,red,9405,T8B
20,0,0,1,273,red,9405,T8B
21,0,0,1,273,red,9405,T8B
22,0,0,1,273,red,9405,T8B
23,0,0,1,273,red,9405,T8B
24,0,0,1,273,red,9405,T8B
25,0,0,1,273,red,9405,T8B
26,0,0,1,273,red,9405,T8B
27,0,0,1,273,red,9405,T8B
28,0,0,1,273,red,9405,T8B
29,0,0,1,273,red,9405,T8B
30,0,0,1,273,red,9405,T8B
31,0,0,1,273,red,9405,T8B
32,0,0,1,273,red,9405,T8B
33,0,0,1,273,red,9405,T8B
34,0,0,1,273,red,9405,T8B
35,0,0,1,273,red,9405,T8B
36,0,0,1,273,red,9405,T8B
37,0,0,1,273,red,9405,T8B
38,0,0,1,273,red,9405,T8B
39,0,0,1,273,red,9405,T8B
40,0,0,1,273,red,9405,T8B
41,0,0,1,273,red,9405,T8B
42,0,0,1,273,red,9405,T8B
43,0,0,1,273,red,9405,T8B
44,0,0,1,273,red,9405,T8B
45,0,0,1,273,red,9405,T8B
46,0,0,1,273,red,9405,T8B
47,0,0,1,273,red,9405,T8B
48,0,0,1,273,red,9405,T8B
49,0,0,1,273,red,9405,T8B
50,0,0,1,273,red,9405,T8B
51,0,0,1,273,red,9405,T8B
52,0,1,0,273,red,9405,T8B
53,0,1,0,273,red,9405,T8B
54,0,1,0,273,red,9405,T8B
55,0,1,0,273,red,9405,T8B
56,0,1,0,273,red,9405,T8B
57,0,1,0,273,red,9405,T8B
58,0,1,0,273,red,9405,T8B
59,0,1,0,273,red,9405,T8B
60,0,1,0,273,red,9405,T8B
61,0,1,0,273,red,9405,T8B
62,0,1,0,273,red,9405,T8B
63,0,1,0,273,red,9405,T8B
64,0,1,0,273,red,9405,T8B
65,0,1,0,273,red,9405,T8B
66,0,1,0,273,red,9405,T8B
67,0,1,0,273,red,9405,T8B
68,0,1,0,273,red,9405,T8B
69,0,1,0,273,red,9405,T8B
70,0,1,0,273,red,9405,T8B
71,0,1,0,273,red,9405,T8B
72,0,1,0,273,red,9405,T8B
73,0,1,0,273,red,9405,T8B
74,0,1,0,273,red,9405,T8B
75,0,1,0,273,red,9405,T8B
76,0,1,0,273,red,9405,T8B
77,0,1,0,273,red,9405,T8B
78,0,1,0,273,red,9405,T8B
79,0,1,0,273,red,9405,T8B
80,0,1,0,273,red,9405,T8B
81,0,1,0,273,red,9405,T8B
82,0,1,0,273,red,9405,T8B
83,0,1,0,273,red,9405,T8B
84,0,1,0,273,red,9405,T8B
85,0,1,0,273,red,9405,T8B
86,0,1,0,273,red,9405,T8B
87,0,1,0,273,red,9405,T8B
88,0,1,0,273,red,9405,T8B
89,0,1,0,273,red,9405,T8B
90,0,1,0,273,red,9405,T8B
91,0,1,0,273,red,9405,T8B
92,0,1,0,273,red,9405,T8B
93,0,1,0,273,red,9405,T8B
94,0,1,0,273,red,9405,T8B
95,0,1,0,273,red,9405,T8B
96,0,1,0,273,red,9405,T8B
97,0,1,0,273,red,9405,T8B
98,0,1,0,273,red,9405,T8B
99,0,1,0,273,red,9405,T8B
100,0,1,0,273,red,9405,T8B
101,0,1,0,273,red,9405,T8B
102,0,1,0,273,red,9405,T8B
103,0,1,0,273,red,9405,T8B
104,0,1,0,273,red,9405,T8B
105,0,1,0,273,red,9405,T8B
106,0,1,0,273,red,9405,T8B
107,0,1,0,273,red,9405,T8B
108,0,1,0,273,red,9405,T8B
109,0,1,0,273,red,9405,T8B
110,0,1,0,273,red,9405,T8B
111,0,1,0,273,red,9405,T8B
112,0,1,0,273,red,9405,T8B
113,0,1,0,273,red,9405,T8B
114,0,1,0,273,red,9405,T8B
115,0,1,0,273,red,9405,T8B
116,0,1,0,273,red,9405,T8B
117,0,1,0,273,red,9405,T8B
118,0,1,0,273,red,9405,T8B
119,0,1,0,273,red,9405,T8B
120,0,1,0,273,red,9405,T8B
121,0,1,0,273,red,9405,T8B
122,0,1,0,273,red,9405,T8B
123,0,1,0,273,red,9405,T8B
124,0,1,0,273,red,9405,T8B
125,0,1,0,273,red,9405,T8B
126,0,1,0,273,red,9405,T8B
127,0,1,0,273,red,9405,T8B
128,0,1,0,273,red,9405,T8B
129,0,1,0,273,red,9405,T8B
130,0,1,0,273,red,9405,T8B
131,0,1,0,273,red,9405,T8B
132,0,1,0,273,red,9405,T8B
133,0,1,0,273,red,9405,T8B
134,0,1,0,273,red,9405,T8B
135,0,1,0,273,red,9405,T8B
136,0,1,0,273,red,9405,T8B
137,0,1,0,273,red,9405,T8B
138,0,1,0,273,red,9405,T8B
139,0,1,0,273,red,9405,T8B
140,0,1,0,273,red,9405,T8B
141,0,1,0,273,red,9405,T8B
142,0,1,0,273,red,9405,T8B
143,0,1,0,273,red,9405,T8B
144,0,1,0,273,red,9405,T8B
145,0,1,0,273,red,9405,T8B
146,0,1,0,273,red,9405,T8B
147,0,1,0,273,red,9405,T8B
148,0,1,0,273,red,9405,T8B
149,0,1,0,273,red,9405,T8B
150,0,1,0,273,red,9405,T8B
151,0,1,0,273,red,9405,T8B
152,0,1,0,273,red,9405,T8B
153,0,1,0,273,red,9405,T8B
154,0,1,0,273,red,9405,T8B
155,0,1,0,273,red,9405,T8B
156,0,1,0,273,red,9405,T8B
157,0,1,0,273,red,9405,T8B
158,0,1,0,273,red,9405,T8B
159,0,1,0,273,red,9405,T8B
160,0,1,0,273,red,9405,T8B
161,0,1,0,273,red,9405,T8B
162,0,1,0,273,red,9405,T8B
163,0,1,0,273,red,9405,T8B
164,0,1,0,273,red,9405,T8B
165,0,1,0,273,red,9405,T8B
166,0,1,0,273,red,9405,T8B
167,0,1,0,273,red,9405,T8B
168,0,1,0,273,red,9405,T8B
169,0,1,0,273,red,9405,T8B
170,0,1,0,273,red,9405,T8B
171,0,1,0,273,red,9405,T8B
172,0,1,0,273,red,9405,T8B
173,0,1,0,273,red,9405,T8B
174,0,1,0,273,red,9405,T8B
175,0,1,0,273,red,9405,T8B
176,0,1,0,273,red,9405,T8B
177,0,1,0,273,red,9405,T8B
178,0,1,0,273,red,9405,T8B
179,0,1,0,273,red,9405,T8B
180,0,1,0,273,red,9405,T8B
181,0,1,0,273,red,9405,T8B
182,0,1,0,273,red,9405,T8B
183,0,1,0,273,red,9405,T8B
184,0,1,0,273,red,9405,T8B
185,1,0,0,273,red,9405,T8B
186,1,0,0,273,red,9405,T8B
187,1,0,0,273,red,9405,T8B
188,1,0,0,273,red,9405,T8B
189,1,0,0,273,red,9405,T8B
190,1,0,0,273,red,9405,T8B
191,1,0,0,273,red,9405,T8B
192,1,0,0,273,red,9405,T8B
193,1,0,0,273,red,9405,T8B
194,1,0,0,273,red,9405,T8B
195,1,0,0,273,red,9405,T8B
196,1,0,0,273,red,9405,T8B
197,1,0,0,273,red,9405,T8B
198,1,0,0,273,red,9405,T8B
199,1,0,0,273,red,9405,T8B
200,1,0,0,273,red,9405,T8B
201,1,0,0,273,red,9405,T8B
202,1,0,0,273,red,9405,T8B
203,1,0,0,273,red,9405,T8B
204,1,0,0,273,red,9405,T8B
205,1,0,0,273,red,9405,T8B
206,1,0,0,273,red,9405,T8B
207,1,0,0,273,red,9405,T8B
208,1,0,0,273,red,9405,T8B
209,1,0,0,273,red,9405,T8B
210,1,0,0,273,red,9405,T8B
211,1,0,0,273,red,9405,T8B
212,1,0,0,273,red,9405,T8B
213,1,0,0,273,red,9405,T8B
214,1,0,0,273,red,9405,T8B
215,1,0,0,273,red,9405,T8B
216,1,0,0,273,red,9405,T8B
217,1,0,0,273,red,9405,T8B
218,1,0,0,273,red,9405,T8B
219,1,0,0,273,red,9405,T8B
220,1,0,0,273,red,9405,T8B
221,1,0,0,273,red,9405,T8B
222,1,0,0,273,red,9405,T8B
0,0,0,1,274,red,7792,T8B
1,0,0,1,274,red,7792,T8B
2,0,0,1,274,red,7792,T8B
3,0,0,1,274,red,7792,T8B
4,0,0,1,274,red,7792,T8B
5,0,0,1,274,red,7792,T8B
6,0,0,1,274,red,7792,T8B
7,0,0,1,274,red,7792,T8B
8,0,0,1,274,red,7792,T8B
9,0,0,1,274,red,7792,T8B
10,0,0,1,274,red,7792,T8B
11,0,0,1,274,red,7792,T8B
12,0,0,1,274,red,7792,T8B
13,0,0,1,274,red,7792,T8B
14,0,0,1,274,red,7792,T8B
15,0,0,1,274,red,7792,T8B
16,0,0,1,274,red,7792,T8B
17,0,0,1,274,red,7792,T8B
18,0,0,1,274,red,7792,T8B
19,0,0,1,274,red,7792,T8B
20,0,0,1,274,red,7792,T8B
21,0,0,1,274,red,7792,T8B
22,0,0,1,274,red,7792,T8B
23,0,0,1,274,red,7792,T8B
24,0,0,1,274,red,7792,T8B
25,0,0,1,274,red,7792,T8B
26,0,0,1,274,red,7792,T8B
27,0,0,1,274,red,7792,T8B
28,0,0,1,274,red,7792,T8B
29,0,0,1,274,red,7792,T8B
30,0,0,1,274,red,7792,T8B
31,0,0,1,274,red,7792,T8B
32,0,0,1,274,red,7792,T8B
33,0,0,1,274,red,7792,T8B
34,0,0,1,274,red,7792,T8B
35,0,0,1,274,red,7792,T8B
36,0,0,1,274,red,7792,T8B
37,0,0,1,274,red,7792,T8B
38,0,0,1,274,red,7792,T8B
39,0,0,1,274,red,7792,T8B
40,0,0,1,274,red,7792,T8B
41,0,0,1,274,red,7792,T8B
42,0,0,1,274,red,7792,T8B
43,0,0,1,274,red,7792,T8B
44,0,0,1,274,red,7792,T8B
45,0,0,1,274,red,7792,T8B
46,0,0,1,274,red,7792,T8B
47,0,0,1,274,red,7792,T8B
48,0,1,0,274,red,7792,T8B
49,0,1,0,274,red,7792,T8B
50,0,1,0,274,red,7792,T8B
51,0,1,0,274,red,7792,T8B
52,0,1,0,274,red,7792,T8B
53,0,1,0,274,red,7792,T8B
54,0,1,0,274,red,7792,T8B
55,0,1,0,274,red,7792,T8B
56,0,1,0,274,red,7792,T8B
57,0,1,0,274,red,7792,T8B
58,0,1,0,274,red,7792,T8B
59,0,1,0,274,red,7792,T8B
60,0,1,0,274,red,7792,T8B
61,0,1,0,274,red,7792,T8B
62,0,1,0,274,red,7792,T8B
63,0,1,0,274,red,7792,T8B
64,0,1,0,274,red,7792,T8B
65,0,1,0,274,red,7792,T8B
66,0,1,0,274,red,7792,T8B
67,0,1,0,274,red,7792,T8B
68,0,1,0,274,red,7792,T8B
69,0,1,0,274,red,7792,T8B
70,0,1,0,274,red,7792,T8B
71,0,1,0,274,red,7792,T8B
72,0,1,0,274,red,7792,T8B
73,0,1,0,274,red,7792,T8B
74,0,1,0,274,red,7792,T8B
75,0,1,0,274,red,7792,T8B
76,0,1,0,274,red,7792,T8B
77,0,1,0,274,red,7792,T8B
78,0,1,0,274,red,7792,T8B
79,0,1,0,274,red,7792,T8B
80,0,1,0,274,red,7792,T8B
81,0,1,0,274,red,7792,T8B
82,0,1,0,274,red,7792,T8B
83,0,1,0,274,red,7792,T8B
84,0,1,0,274,red,7792,T8B
85,0,1,0,274,red,7792,T8B
86,0,1,0,274,red,7792,T8B
87,0,1,0,274,red,7792,T8B
88,0,1,0,274,red,7792,T8B
89,0,1,0,274,red,7792,T8B
90,0,1,0,274,red,7792,T8B
91,0,1,0,274,red,7792,T8B
92,0,1,0,274,red,7792,T8B
93,0,1,0,274,red,7792,T8B
94,0,1,0,274,red,7792,T8B
95,0,1,0,274,red,7792,T8B
96,0,1,0,274,red,7792,T8B
97,0,1,0,274,red,7792,T8B
98,0,1,0,274,red,7792,T8B
99,0,1,0,274,red,7792,T8B
100,0,1,0,274,red,7792,T8B
101,0,1,0,274,red,7792,T8B
102,0,1,0,274,red,7792,T8B
103,0,1,0,274,red,7792,T8B
104,0,1,0,274,red,7792,T8B
105,0,1,0,274,red,7792,T8B
106,0,1,0,274,red,7792,T8B
107,0,1,0,274,red,7792,T8B
108,0,1,0,274,red,7792,T8B
109,0,1,0,274,red,7792,T8B
110,0,1,0,274,red,7792,T8B
111,0,1,0,274,red,7792,T8B
112,0,1,0,274,red,7792,T8B
113,0,1,0,274,red,7792,T8B
114,0,1,0,274,red,7792,T8B
115,0,1,0,274,red,7792,T8B
116,0,1,0,274,red,7792,T8B
117,0,1,0,274,red,7792,T8B
118,0,1,0,274,red,7792,T8B
119,0,1,0,274,red,7792,T8B
120,0,1,0,274,red,7792,T8B
121,0,1,0,274,red,7792,T8B
122,0,1,0,274,red,7792,T8B
123,0,1,0,274,red,7792,T8B
124,0,1,0,274,red,7792,T8B
125,0,1,0,274,red,7792,T8B
126,0,1,0,274,red,7792,T8B
127,0,1,0,274,red,7792,T8B
128,0,1,0,274,red,7792,T8B
129,0,1,0,274,red,7792,T8B
130,0,1,0,274,red,7792,T8B
131,0,1,0,274,red,7792,T8B
132,0,1,0,274,red,7792,T8B
133,0,1,0,274,red,7792,T8B
134,0,1,0,274,red,7792,T8B
135,0,1,0,274,red,7792,T8B
136,0,1,0,274,red,7792,T8B
137,0,1,0,274,red,7792,T8B
138,0,1,0,274,red,7792,T8B
139,0,1,0,274,red,7792,T8B
140,0,1,0,274,red,7792,T8B
141,0,1,0,274,red,7792,T8B
142,0,1,0,274,red,7792,T8B
143,0,1,0,274,red,7792,T8B
144,0,1,0,274,red,7792,T8B
145,0,1,0,274,red,7792,T8B
146,0,1,0,274,red,7792,T8B
147,0,1,0,274,red,7792,T8B
148,0,1,0,274,red,7792,T8B
149,0,1,0,274,red,7792,T8B
150,0,1,0,274,red,7792,T8B
151,0,1,0,274,red,7792,T8B
152,0,1,0,274,red,7792,T8B
153,0,1,0,274,red,7792,T8B
154,0,1,0,274,red,7792,T8B
155,0,1,0,274,red,7792,T8B
156,0,1,0,274,red,7792,T8B
157,0,1,0,274,red,7792,T8B
158,0,1,0,274,red,7792,T8B
159,0,1,0,274,red,7792,T8B
160,0,1,0,274,red,7792,T8B
161,0,1,0,274,red,7792,T8B
162,0,1,0,274,red,7792,T8B
163,0,1,0,274,red,7792,T8B
164,0,1,0,274,red,7792,T8B
165,0,1,0,274,red,7792,T8B
166,0,1,0,274,red,7792,T8B
167,0,1,0,274,red,7792,T8B
168,0,1,0,274,red,7792,T8B
169,0,1,0,274,red,7792,T8B
170,0,1,0,274,red,7792,T8B
171,0,1,0,274,red,7792,T8B
172,0,1,0,274,red,7792,T8B
173,0,1,0,274,red,7792,T8B
174,0,1,0,274,red,7792,T8B
175,0,1,0,274,red,7792,T8B
176,0,1,0,274,red,7792,T8B
177,0,1,0,274,red,7792,T8B
178,0,1,0,274,red,7792,T8B
179,0,1,0,274,red,7792,T8B
180,0,1,0,274,red,7792,T8B
181,0,1,0,274,red,7792,T8B
182,0,1,0,274,red,7792,T8B
183,0,1,0,274,red,7792,T8B
184,0,0,1,274,red,7792,T8B
185,0,0,1,274,red,7792,T8B
186,1,0,0,274,red,7792,T8B
187,1,0,0,274,red,7792,T8B
188,1,0,0,274,red,7792,T8B
189,1,0,0,274,red,7792,T8B
190,1,0,0,274,red,7792,T8B
191,1,0,0,274,red,7792,T8B
192,1,0,0,274,red,7792,T8B
193,1,0,0,274,red,7792,T8B
194,1,0,0,274,red,7792,T8B
195,1,0,0,274,red,7792,T8B
196,1,0,0,274,red,7792,T8B
197,1,0,0,274,red,7792,T8B
198,1,0,0,274,red,7792,T8B
199,1,0,0,274,red,7792,T8B
200,1,0,0,274,red,7792,T8B
201,1,0,0,274,red,7792,T8B
202,1,0,0,274,red,7792,T8B
203,1,0,0,274,red,7792,T8B
204,1,0,0,274,red,7792,T8B
205,1,0,0,274,red,7792,T8B
206,1,0,0,274,red,7792,T8B
207,1,0,0,274,red,7792,T8B
208,1,0,0,274,red,7792,T8B
209,1,0,0,274,red,7792,T8B
210,1,0,0,274,red,7792,T8B
211,1,0,0,274,red,7792,T8B
212,1,0,0,274,red,7792,T8B
213,1,0,0,274,red,7792,T8B
214,1,0,0,274,red,7792,T8B
215,1,0,0,274,red,7792,T8B
216,1,0,0,274,red,7792,T8B
217,1,0,0,274,red,7792,T8B
218,1,0,0,274,red,7792,T8B
219,1,0,0,274,red,7792,T8B
220,1,0,0,274,red,7792,T8B
221,1,0,0,274,red,7792,T8B
222,1,0,0,274,red,7792,T8B
0,0,0,1,276,red,9240,T8B
1,0,0,1,276,red,9240,T8B
2,0,0,1,276,red,9240,T8B
3,0,0,1,276,red,9240,T8B
4,0,0,1,276,red,9240,T8B
5,0,0,1,276,red,9240,T8B
6,0,0,1,276,red,9240,T8B
7,0,0,1,276,red,9240,T8B
8,0,0,1,276,red,9240,T8B
9,0,0,1,276,red,9240,T8B
10,0,0,1,276,red,9240,T8B
11,0,0,1,276,red,9240,T8B
12,0,0,1,276,red,9240,T8B
13,0,0,1,276,red,9240,T8B
14,0,0,1,276,red,9240,T8B
15,0,0,1,276,red,9240,T8B
16,0,0,1,276,red,9240,T8B
17,0,0,1,276,red,9240,T8B
18,0,0,1,276,red,9240,T8B
19,0,0,1,276,red,9240,T8B
20,0,0,1,276,red,9240,T8B
21,0,0,1,276,red,9240,T8B
22,0,0,1,276,red,9240,T8B
23,0,0,1,276,red,9240,T8B
24,0,0,1,276,red,9240,T8B
25,0,0,1,276,red,9240,T8B
26,0,0,1,276,red,9240,T8B
27,0,0,1,276,red,9240,T8B
28,0,0,1,276,red,9240,T8B
29,0,0,1,276,red,9240,T8B
30,0,0,1,276,red,9240,T8B
31,0,0,1,276,red,9240,T8B
32,0,0,1,276,red,9240,T8B
33,0,0,1,276,red,9240,T8B
34,0,0,1,276,red,9240,T8B
35,0,0,1,276,red,9240,T8B
36,0,0,1,276,red,9240,T8B
37,0,0,1,276,red,9240,T8B
38,0,0,1,276,red,9240,T8B
39,0,0,1,276,red,9240,T8B
40,0,0,1,276,red,9240,T8B
41,0,0,1,276,red,9240,T8B
42,0,0,1,276,red,9240,T8B
43,0,0,1,276,red,9240,T8B
44,0,0,1,276,red,9240,T8B
45,0,0,1,276,red,9240,T8B
46,0,0,1,276,red,9240,T8B
47,0,0,1,276,red,9240,T8B
48,0,0,1,276,red,9240,T8B
49,0,0,1,276,red,9240,T8B
50,0,0,1,276,red,9240,T8B
51,0,1,0,276,red,9240,T8B
52,0,1,0,276,red,9240,T8B
53,0,1,0,276,red,9240,T8B
54,0,1,0,276,red,9240,T8B
55,0,1,0,276,red,9240,T8B
56,0,1,0,276,red,9240,T8B
57,0,1,0,276,red,9240,T8B
58,0,1,0,276,red,9240,T8B
59,0,1,0,276,red,9240,T8B
60,0,1,0,276,red,9240,T8B
61,0,1,0,276,red,9240,T8B
62,0,1,0,276,red,9240,T8B
63,0,1,0,276,red,9240,T8B
64,0,1,0,276,red,9240,T8B
65,0,1,0,276,red,9240,T8B
66,0,1,0,276,red,9240,T8B
67,0,1,0,276,red,9240,T8B
68,0,1,0,276,red,9240,T8B
69,0,1,0,276,red,9240,T8B
70,0,1,0,276,red,9240,T8B
71,0,1,0,276,red,9240,T8B
72,0,1,0,276,red,9240,T8B
73,0,1,0,276,red,9240,T8B
74,0,1,0,276,red,9240,T8B
75,0,1,0,276,red,9240,T8B
76,0,1,0,276,red,9240,T8B
77,0,1,0,276,red,9240,T8B
78,0,1,0,276,red,9240,T8B
79,0,1,0,276,red,9240,T8B
80,0,1,0,276,red,9240,T8B
81,0,1,0,276,red,9240,T8B
82,0,1,0,276,red,9240,T8B
83,0,1,0,276,red,9240,T8B
84,0,1,0,276,red,9240,T8B
85,0,1,0,276,red,9240,T8B
86,0,1,0,276,red,9240,T8B
87,0,1,0,276,red,9240,T8B
88,0,1,0,276,red,9240,T8B
89,0,1,0,276,red,9240,T8B
90,0,1,0,276,red,9240,T8B
91,0,1,0,276,red,9240,T8B
92,0,1,0,276,red,9240,T8B
93,0,1,0,276,red,9240,T8B
94,0,1,0,276,red,9240,T8B
95,0,1,0,276,red,9240,T8B
96,0,1,0,276,red,9240,T8B
97,0,1,0,276,red,9240,T8B
98,0,1,0,276,red,9240,T8B
99,0,1,0,276,red,9240,T8B
100,0,1,0,276,red,9240,T8B
101,0,1,0,276,red,9240,T8B
102,0,1,0,276,red,9240,T8B
103,0,1,0,276,red,9240,T8B
104,0,1,0,276,red,9240,T8B
105,0,1,0,276,red,9240,T8B
106,0,1,0,276,red,9240,T8B
107,0,1,0,276,red,9240,T8B
108,0,1,0,276,red,9240,T8B
109,0,1,0,276,red,9240,T8B
110,0,1,0,276,red,9240,T8B
111,0,1,0,276,red,9240,T8B
112,0,1,0,276,red,9240,T8B
113,0,1,0,276,red,9240,T8B
114,0,1,0,276,red,9240,T8B
115,0,1,0,276,red,9240,T8B
116,0,1,0,276,red,9240,T8B
117,0,1,0,276,red,9240,T8B
118,0,1,0,276,red,9240,T8B
119,0,1,0,276,red,9240,T8B
120,0,1,0,276,red,9240,T8B
121,0,1,0,276,red,9240,T8B
122,0,1,0,276,red,9240,T8B
123,0,1,0,276,red,9240,T8B
124,0,1,0,276,red,9240,T8B
125,0,1,0,276,red,9240,T8B
126,0,1,0,276,red,9240,T8B
127,0,1,0,276,red,9240,T8B
128,0,1,0,276,red,9240,T8B
129,0,1,0,276,red,9240,T8B
130,0,1,0,276,red,9240,T8B
131,0,1,0,276,red,9240,T8B
132,0,1,0,276,red,9240,T8B
133,0,1,0,276,red,9240,T8B
134,0,1,0,276,red,9240,T8B
135,0,1,0,276,red,9240,T8B
136,0,1,0,276,red,9240,T8B
137,0,1,0,276,red,9240,T8B
138,0,1,0,276,red,9240,T8B
139,0,1,0,276,red,9240,T8B
140,0,1,0,276,red,9240,T8B
141,0,1,0,276,red,9240,T8B
142,0,1,0,276,red,9240,T8B
143,0,1,0,276,red,9240,T8B
144,0,1,0,276,red,9240,T8B
145,0,1,0,276,red,9240,T8B
146,0,1,0,276,red,9240,T8B
147,0,1,0,276,red,9240,T8B
148,0,1,0,276,red,9240,T8B
149,0,1,0,276,red,9240,T8B
150,0,1,0,276,red,9240,T8B
151,0,1,0,276,red,9240,T8B
152,0,1,0,276,red,9240,T8B
153,0,1,0,276,red,9240,T8B
154,0,1,0,276,red,9240,T8B
155,0,1,0,276,red,9240,T8B
156,0,1,0,276,red,9240,T8B
157,0,1,0,276,red,9240,T8B
158,0,1,0,276,red,9240,T8B
159,0,1,0,276,red,9240,T8B
160,0,1,0,276,red,9240,T8B
161,0,1,0,276,red,9240,T8B
162,0,1,0,276,red,9240,T8B
163,0,1,0,276,red,9240,T8B
164,0,1,0,276,red,9240,T8B
165,0,1,0,276,red,9240,T8B
166,0,1,0,276,red,9240,T8B
167,0,1,0,276,red,9240,T8B
168,0,1,0,276,red,9240,T8B
169,0,1,0,276,red,9240,T8B
170,0,1,0,276,red,9240,T8B
171,0,1,0,276,red,9240,T8B
172,0,1,0,276,red,9240,T8B
173,0,1,0,276,red,9240,T8B
174,0,1,0,276,red,9240,T8B
175,0,1,0,276,red,9240,T8B
176,0,1,0,276,red,9240,T8B
177,0,1,0,276,red,9240,T8B
178,0,1,0,276,red,9240,T8B
179,0,1,0,276,red,9240,T8B
180,0,1,0,276,red,9240,T8B
181,0,1,0,276,red,9240,T8B
182,0,1,0,276,red,9240,T8B
183,0,1,0,276,red,9240,T8B
184,0,1,0,276,red,9240,T8B
185,0,1,0,276,red,9240,T8B
186,0,1,0,276,red,9240,T8B
187,0,1,0,276,red,9240,T8B
188,0,1,0,276,red,9240,T8B
189,0,1,0,276,red,9240,T8B
190,1,0,0,276,red,9240,T8B
191,1,0,0,276,red,9240,T8B
192,1,0,0,276,red,9240,T8B
193,1,0,0,276,red,9240,T8B
194,1,0,0,276,red,9240,T8B
195,1,0,0,276,red,9240,T8B
196,1,0,0,276,red,9240,T8B
197,1,0,0,276,red,9240,T8B
198,1,0,0,276,red,9240,T8B
199,1,0,0,276,red,9240,T8B
200,1,0,0,276,red,9240,T8B
201,1,0,0,276,red,9240,T8B
202,1,0,0,276,red,9240,T8B
203,1,0,0,276,red,9240,T8B
204,1,0,0,276,red,9240,T8B
205,1,0,0,276,red,9240,T8B
206,1,0,0,276,red,9240,T8B
207,1,0,0,276,red,9240,T8B
208,1,0,0,276,red,9240,T8B
209,1,0,0,276,red,9240,T8B
210,1,0,0,276,red,9240,T8B
211,1,0,0,276,red,9240,T8B
212,1,0,0,276,red,9240,T8B
213,1,0,0,276,red,9240,T8B
214,1,0,0,276,red,9240,T8B
215,1,0,0,276,red,9240,T8B
216,1,0,0,276,red,9240,T8B
217,1,0,0,276,red,9240,T8B
218,1,0,0,276,red,9240,T8B
219,1,0,0,276,red,9240,T8B
220,1,0,0,276,red,9240,T8B
221,1,0,0,276,red,9240,T8B
222,1,0,0,276,red,9240,T8B
0,0,0,1,277,red,9016,T8B
1,0,0,1,277,red,9016,T8B
2,0,0,1,277,red,9016,T8B
3,0,0,1,277,red,9016,T8B
4,0,0,1,277,red,9016,T8B
5,0,0,1,277,red,9016,T8B
6,0,0,1,277,red,9016,T8B
7,0,0,1,277,red,9016,T8B
8,0,0,1,277,red,9016,T8B
9,0,0,1,277,red,9016,T8B
10,0,0,1,277,red,9016,T8B
11,0,0,1,277,red,9016,T8B
12,0,0,1,277,red,9016,T8B
13,0,0,1,277,red,9016,T8B
14,0,0,1,277,red,9016,T8B
15,0,0,1,277,red,9016,T8B
16,0,0,1,277,red,9016,T8B
17,0,0,1,277,red,9016,T8B
18,0,0,1,277,red,9016,T8B
19,0,0,1,277,red,9016,T8B
20,0,0,1,277,red,9016,T8B
21,0,0,1,277,red,9016,T8B
22,0,0,1,277,red,9016,T8B
23,0,0,1,277,red,9016,T8B
24,0,0,1,277,red,9016,T8B
25,0,0,1,277,red,9016,T8B
26,0,0,1,277,red,9016,T8B
27,0,0,1,277,red,9016,T8B
28,0,0,1,277,red,9016,T8B
29,0,0,1,277,red,9016,T8B
30,0,0,1,277,red,9016,T8B
31,0,0,1,277,red,9016,T8B
32,0,0,1,277,red,9016,T8B
33,0,0,1,277,red,9016,T8B
34,0,0,1,277,red,9016,T8B
35,0,0,1,277,red,9016,T8B
36,0,0,1,277,red,9016,T8B
37,0,0,1,277,red,9016,T8B
38,0,0,1,277,red,9016,T8B
39,0,0,1,277,red,9016,T8B
40,0,0,1,277,red,9016,T8B
41,0,0,1,277,red,9016,T8B
42,0,0,1,277,red,9016,T8B
43,0,0,1,277,red,9016,T8B
44,0,0,1,277,red,9016,T8B
45,0,0,1,277,red,9016,T8B
46,0,0,1,277,red,9016,T8B
47,0,0,1,277,red,9016,T8B
48,0,0,1,277,red,9016,T8B
49,0,0,1,277,red,9016,T8B
50,0,0,1,277,red,9016,T8B
51,0,0,1,277,red,9016,T8B
52,0,0,1,277,red,9016,T8B
53,0,0,1,277,red,9016,T8B
54,0,0,1,277,red,9016,T8B
55,0,0,1,277,red,9016,T8B
56,0,0,1,277,red,9016,T8B
57,0,0,1,277,red,9016,T8B
58,0,0,1,277,red,9016,T8B
59,0,0,1,277,red,9016,T8B
60,0,0,1,277,red,9016,T8B
61,0,0,1,277,red,9016,T8B
62,0,0,1,277,red,9016,T8B
63,0,0,1,277,red,9016,T8B
64,0,0,1,277,red,9016,T8B
65,0,0,1,277,red,9016,T8B
66,1,0,0,277,red,9016,T8B
67,1,0,0,277,red,9016,T8B
68,1,0,0,277,red,9016,T8B
69,1,0,0,277,red,9016,T8B
70,1,0,0,277,red,9016,T8B
71,1,0,0,277,red,9016,T8B
72,1,0,0,277,red,9016,T8B
73,1,0,0,277,red,9016,T8B
74,1,0,0,277,red,9016,T8B
75,1,0,0,277,red,9016,T8B
76,1,0,0,277,red,9016,T8B
77,1,0,0,277,red,9016,T8B
78,1,0,0,277,red,9016,T8B
79,1,0,0,277,red,9016,T8B
80,1,0,0,277,red,9016,T8B
81,1,0,0,277,red,9016,T8B
82,1,0,0,277,red,9016,T8B
83,1,0,0,277,red,9016,T8B
84,1,0,0,277,red,9016,T8B
85,1,0,0,277,red,9016,T8B
86,1,0,0,277,red,9016,T8B
87,1,0,0,277,red,9016,T8B
88,1,0,0,277,red,9016,T8B
89,1,0,0,277,red,9016,T8B
90,1,0,0,277,red,9016,T8B
91,1,0,0,277,red,9016,T8B
92,1,0,0,277,red,9016,T8B
93,1,0,0,277,red,9016,T8B
94,1,0,0,277,red,9016,T8B
95,1,0,0,277,red,9016,T8B
96,1,0,0,277,red,9016,T8B
97,1,0,0,277,red,9016,T8B
98,1,0,0,277,red,9016,T8B
99,1,0,0,277,red,9016,T8B
100,1,0,0,277,red,9016,T8B
101,1,0,0,277,red,9016,T8B
102,1,0,0,277,red,9016,T8B
103,1,0,0,277,red,9016,T8B
104,1,0,0,277,red,9016,T8B
105,1,0,0,277,red,9016,T8B
106,1,0,0,277,red,9016,T8B
107,1,0,0,277,red,9016,T8B
108,1,0,0,277,red,9016,T8B
109,1,0,0,277,red,9016,T8B
110,1,0,0,277,red,9016,T8B
111,1,0,0,277,red,9016,T8B
112,1,0,0,277,red,9016,T8B
113,1,0,0,277,red,9016,T8B
114,1,0,0,277,red,9016,T8B
115,1,0,0,277,red,9016,T8B
116,1,0,0,277,red,9016,T8B
117,1,0,0,277,red,9016,T8B
118,1,0,0,277,red,9016,T8B
119,1,0,0,277,red,9016,T8B
120,1,0,0,277,red,9016,T8B
121,1,0,0,277,red,9016,T8B
122,1,0,0,277,red,9016,T8B
123,1,0,0,277,red,9016,T8B
124,1,0,0,277,red,9016,T8B
125,1,0,0,277,red,9016,T8B
126,1,0,0,277,red,9016,T8B
127,1,0,0,277,red,9016,T8B
128,1,0,0,277,red,9016,T8B
129,1,0,0,277,red,9016,T8B
130,1,0,0,277,red,9016,T8B
131,1,0,0,277,red,9016,T8B
132,1,0,0,277,red,9016,T8B
133,1,0,0,277,red,9016,T8B
134,1,0,0,277,red,9016,T8B
135,1,0,0,277,red,9016,T8B
136,1,0,0,277,red,9016,T8B
137,1,0,0,277,red,9016,T8B
138,1,0,0,277,red,9016,T8B
139,1,0,0,277,red,9016,T8B
140,1,0,0,277,red,9016,T8B
141,1,0,0,277,red,9016,T8B
142,1,0,0,277,red,9016,T8B
143,1,0,0,277,red,9016,T8B
144,1,0,0,277,red,9016,T8B
145,1,0,0,277,red,9016,T8B
146,1,0,0,277,red,9016,T8B
147,1,0,0,277,red,9016,T8B
148,1,0,0,277,red,9016,T8B
149,1,0,0,277,red,9016,T8B
150,1,0,0,277,red,9016,T8B
151,1,0,0,277,red,9016,T8B
152,1,0,0,277,red,9016,T8B
153,1,0,0,277,red,9016,T8B
154,1,0,0,277,red,9016,T8B
155,1,0,0,277,red,9016,T8B
156,1,0,0,277,red,9016,T8B
157,1,0,0,277,red,9016,T8B
158,1,0,0,277,red,9016,T8B
159,1,0,0,277,red,9016,T8B
160,1,0,0,277,red,9016,T8B
161,1,0,0,277,red,9016,T8B
162,1,0,0,277,red,9016,T8B
163,1,0,0,277,red,9016,T8B
164,1,0,0,277,red,9016,T8B
165,1,0,0,277,red,9016,T8B
166,1,0,0,277,red,9016,T8B
167,1,0,0,277,red,9016,T8B
168,1,0,0,277,red,9016,T8B
169,1,0,0,277,red,9016,T8B
170,1,0,0,277,red,9016,T8B
171,1,0,0,277,red,9016,T8B
172,1,0,0,277,red,9016,T8B
173,1,0,0,277,red,9016,T8B
174,1,0,0,277,red,9016,T8B
175,1,0,0,277,red,9016,T8B
176,1,0,0,277,red,9016,T8B
177,1,0,0,277,red,9016,T8B
178,1,0,0,277,red,9016,T8B
179,1,0,0,277,red,9016,T8B
180,1,0,0,277,red,9016,T8B
181,1,0,0,277,red,9016,T8B
182,1,0,0,277,red,9016,T8B
183,1,0,0,277,red,9016,T8B
184,1,0,0,277,red,9016,T8B
185,1,0,0,277,red,9016,T8B
186,1,0,0,277,red,9016,T8B
187,1,0,0,277,red,9016,T8B
188,1,0,0,277,red,9016,T8B
189,1,0,0,277,red,9016,T8B
190,1,0,0,277,red,9016,T8B
191,1,0,0,277,red,9016,T8B
192,1,0,0,277,red,9016,T8B
193,1,0,0,277,red,9016,T8B
194,1,0,0,277,red,9016,T8B
195,1,0,0,277,red,9016,T8B
196,1,0,0,277,red,9016,T8B
197,1,0,0,277,red,9016,T8B
198,1,0,0,277,red,9016,T8B
199,1,0,0,277,red,9016,T8B
200,1,0,0,277,red,9016,T8B
201,1,0,0,277,red,9016,T8B
202,1,0,0,277,red,9016,T8B
203,1,0,0,277,red,9016,T8B
204,1,0,0,277,red,9016,T8B
205,1,0,0,277,red,9016,T8B
206,1,0,0,277,red,9016,T8B
207,1,0,0,277,red,9016,T8B
208,1,0,0,277,red,9016,T8B
209,1,0,0,277,red,9016,T8B
210,1,0,0,277,red,9016,T8B
211,1,0,0,277,red,9016,T8B
212,1,0,0,277,red,9016,T8B
213,1,0,0,277,red,9016,T8B
214,1,0,0,277,red,9016,T8B
215,1,0,0,277,red,9016,T8B
216,1,0,0,277,red,9016,T8B
217,1,0,0,277,red,9016,T8B
218,1,0,0,277,red,9016,T8B
219,1,0,0,277,red,9016,T8B
220,1,0,0,277,red,9016,T8B
221,1,0,0,277,red,9016,T8B
222,1,0,0,277,red,9016,T8B
0,0,1,0,278,red,8658,T8B
1,0,1,0,278,red,8658,T8B
2,0,1,0,278,red,8658,T8B
3,0,1,0,278,red,8658,T8B
4,0,1,0,278,red,8658,T8B
5,0,1,0,278,red,8658,T8B
6,0,1,0,278,red,8658,T8B
7,0,1,0,278,red,8658,T8B
8,0,1,0,278,red,8658,T8B
9,0,1,0,278,red,8658,T8B
10,0,1,0,278,red,8658,T8B
11,0,1,0,278,red,8658,T8B
12,0,1,0,278,red,8658,T8B
13,0,1,0,278,red,8658,T8B
14,0,1,0,278,red,8658,T8B
15,0,1,0,278,red,8658,T8B
16,0,1,0,278,red,8658,T8B
17,0,1,0,278,red,8658,T8B
18,0,1,0,278,red,8658,T8B
19,0,1,0,278,red,8658,T8B
20,0,1,0,278,red,8658,T8B
21,0,1,0,278,red,8658,T8B
22,0,1,0,278,red,8658,T8B
23,0,1,0,278,red,8658,T8B
24,0,1,0,278,red,8658,T8B
25,0,1,0,278,red,8658,T8B
26,0,1,0,278,red,8658,T8B
27,0,1,0,278,red,8658,T8B
28,0,1,0,278,red,8658,T8B
29,0,1,0,278,red,8658,T8B
30,0,1,0,278,red,8658,T8B
31,0,1,0,278,red,8658,T8B
32,0,1,0,278,red,8658,T8B
33,0,1,0,278,red,8658,T8B
34,0,1,0,278,red,8658,T8B
35,0,1,0,278,red,8658,T8B
36,0,1,0,278,red,8658,T8B
37,0,1,0,278,red,8658,T8B
38,0,1,0,278,red,8658,T8B
39,0,1,0,278,red,8658,T8B
40,0,1,0,278,red,8658,T8B
41,0,1,0,278,red,8658,T8B
42,0,1,0,278,red,8658,T8B
43,0,1,0,278,red,8658,T8B
44,0,1,0,278,red,8658,T8B
45,0,1,0,278,red,8658,T8B
46,0,1,0,278,red,8658,T8B
47,0,1,0,278,red,8658,T8B
48,0,1,0,278,red,8658,T8B
49,0,1,0,278,red,8658,T8B
50,0,1,0,278,red,8658,T8B
51,0,1,0,278,red,8658,T8B
52,0,1,0,278,red,8658,T8B
53,0,1,0,278,red,8658,T8B
54,0,1,0,278,red,8658,T8B
55,0,1,0,278,red,8658,T8B
56,0,1,0,278,red,8658,T8B
57,0,1,0,278,red,8658,T8B
58,0,1,0,278,red,8658,T8B
59,0,1,0,278,red,8658,T8B
60,0,1,0,278,red,8658,T8B
61,0,1,0,278,red,8658,T8B
62,0,1,0,278,red,8658,T8B
63,0,1,0,278,red,8658,T8B
64,0,1,0,278,red,8658,T8B
65,0,1,0,278,red,8658,T8B
66,0,1,0,278,red,8658,T8B
67,0,1,0,278,red,8658,T8B
68,0,1,0,278,red,8658,T8B
69,0,1,0,278,red,8658,T8B
70,0,1,0,278,red,8658,T8B
71,0,1,0,278,red,8658,T8B
72,0,1,0,278,red,8658,T8B
73,0,1,0,278,red,8658,T8B
74,0,1,0,278,red,8658,T8B
75,0,1,0,278,red,8658,T8B
76,0,1,0,278,red,8658,T8B
77,0,1,0,278,red,8658,T8B
78,0,1,0,278,red,8658,T8B
79,0,1,0,278,red,8658,T8B
80,0,1,0,278,red,8658,T8B
81,0,1,0,278,red,8658,T8B
82,0,1,0,278,red,8658,T8B
83,0,1,0,278,red,8658,T8B
84,0,1,0,278,red,8658,T8B
85,0,1,0,278,red,8658,T8B
86,0,1,0,278,red,8658,T8B
87,0,1,0,278,red,8658,T8B
88,0,1,0,278,red,8658,T8B
89,0,1,0,278,red,8658,T8B
90,0,1,0,278,red,8658,T8B
91,0,1,0,278,red,8658,T8B
92,0,1,0,278,red,8658,T8B
93,0,1,0,278,red,8658,T8B
94,0,1,0,278,red,8658,T8B
95,0,1,0,278,red,8658,T8B
96,0,1,0,278,red,8658,T8B
97,0,1,0,278,red,8658,T8B
98,0,1,0,278,red,8658,T8B
99,0,1,0,278,red,8658,T8B
100,0,1,0,278,red,8658,T8B
101,0,1,0,278,red,8658,T8B
102,0,1,0,278,red,8658,T8B
103,0,1,0,278,red,8658,T8B
104,0,1,0,278,red,8658,T8B
105,0,1,0,278,red,8658,T8B
106,0,1,0,278,red,8658,T8B
107,0,1,0,278,red,8658,T8B
108,0,1,0,278,red,8658,T8B
109,0,1,0,278,red,8658,T8B
110,0,1,0,278,red,8658,T8B
111,0,1,0,278,red,8658,T8B
112,0,1,0,278,red,8658,T8B
113,0,1,0,278,red,8658,T8B
114,0,1,0,278,red,8658,T8B
115,0,1,0,278,red,8658,T8B
116,0,1,0,278,red,8658,T8B
117,0,1,0,278,red,8658,T8B
118,0,1,0,278,red,8658,T8B
119,0,1,0,278,red,8658,T8B
120,0,1,0,278,red,8658,T8B
121,0,1,0,278,red,8658,T8B
122,0,1,0,278,red,8658,T8B
123,0,1,0,278,red,8658,T8B
124,0,1,0,278,red,8658,T8B
125,0,1,0,278,red,8658,T8B
126,0,1,0,278,red,8658,T8B
127,0,1,0,278,red,8658,T8B
128,0,1,0,278,red,8658,T8B
129,0,1,0,278,red,8658,T8B
130,0,1,0,278,red,8658,T8B
131,0,1,0,278,red,8658,T8B
132,0,1,0,278,red,8658,T8B
133,0,1,0,278,red,8658,T8B
134,0,1,0,278,red,8658,T8B
135,0,1,0,278,red,8658,T8B
136,0,1,0,278,red,8658,T8B
137,0,1,0,278,red,8658,T8B
138,0,1,0,278,red,8658,T8B
139,0,1,0,278,red,8658,T8B
140,0,1,0,278,red,8658,T8B
141,0,1,0,278,red,8658,T8B
142,0,1,0,278,red,8658,T8B
143,0,1,0,278,red,8658,T8B
144,0,1,0,278,red,8658,T8B
145,0,1,0,278,red,8658,T8B
146,0,1,0,278,red,8658,T8B
147,0,1,0,278,red,8658,T8B
148,0,1,0,278,red,8658,T8B
149,0,1,0,278,red,8658,T8B
150,0,1,0,278,red,8658,T8B
151,0,1,0,278,red,8658,T8B
152,0,1,0,278,red,8658,T8B
153,0,1,0,278,red,8658,T8B
154,0,1,0,278,red,8658,T8B
155,0,1,0,278,red,8658,T8B
156,0,1,0,278,red,8658,T8B
157,0,1,0,278,red,8658,T8B
158,0,1,0,278,red,8658,T8B
159,0,1,0,278,red,8658,T8B
160,0,1,0,278,red,8658,T8B
161,0,1,0,278,red,8658,T8B
162,0,1,0,278,red,8658,T8B
163,0,1,0,278,red,8658,T8B
164,0,1,0,278,red,8658,T8B
165,0,1,0,278,red,8658,T8B
166,0,1,0,278,red,8658,T8B
167,0,1,0,278,red,8658,T8B
168,0,1,0,278,red,8658,T8B
169,0,1,0,278,red,8658,T8B
170,0,1,0,278,red,8658,T8B
171,0,1,0,278,red,8658,T8B
172,0,1,0,278,red,8658,T8B
173,0,1,0,278,red,8658,T8B
174,0,1,0,278,red,8658,T8B
175,0,1,0,278,red,8658,T8B
176,0,1,0,278,red,8658,T8B
177,0,1,0,278,red,8658,T8B
178,0,1,0,278,red,8658,T8B
179,0,1,0,278,red,8658,T8B
180,0,1,0,278,red,8658,T8B
181,0,1,0,278,red,8658,T8B
182,0,1,0,278,red,8658,T8B
183,0,1,0,278,red,8658,T8B
184,0,1,0,278,red,8658,T8B
185,0,1,0,278,red,8658,T8B
186,0,1,0,278,red,8658,T8B
187,0,1,0,278,red,8658,T8B
188,0,1,0,278,red,8658,T8B
189,0,1,0,278,red,8658,T8B
190,0,1,0,278,red,8658,T8B
191,0,1,0,278,red,8658,T8B
192,0,1,0,278,red,8658,T8B
193,0,1,0,278,red,8658,T8B
194,0,1,0,278,red,8658,T8B
195,0,1,0,278,red,8658,T8B
196,0,1,0,278,red,8658,T8B
197,0,1,0,278,red,8658,T8B
198,0,1,0,278,red,8658,T8B
199,0,1,0,278,red,8658,T8B
200,0,1,0,278,red,8658,T8B
201,0,1,0,278,red,8658,T8B
202,0,1,0,278,red,8658,T8B
203,0,1,0,278,red,8658,T8B
204,0,1,0,278,red,8658,T8B
205,0,1,0,278,red,8658,T8B
206,0,1,0,278,red,8658,T8B
207,0,1,0,278,red,8658,T8B
208,0,1,0,278,red,8658,T8B
209,0,1,0,278,red,8658,T8B
210,0,1,0,278,red,8658,T8B
211,0,1,0,278,red,8658,T8B
212,0,1,0,278,red,8658,T8B
213,0,1,0,278,red,8658,T8B
214,0,1,0,278,red,8658,T8B
215,0,1,0,278,red,8658,T8B
216,0,1,0,278,red,8658,T8B
217,0,1,0,278,red,8658,T8B
218,0,1,0,278,red,8658,T8B
219,0,1,0,278,red,8658,T8B
220,0,1,0,278,red,8658,T8B
221,0,1,0,278,red,8658,T8B
222,0,1,0,278,red,8658,T8B
0,0,0,1,279,red,9987,T8B
1,0,0,1,279,red,9987,T8B
2,0,0,1,279,red,9987,T8B
3,0,0,1,279,red,9987,T8B
4,0,0,1,279,red,9987,T8B
5,0,0,1,279,red,9987,T8B
6,0,0,1,279,red,9987,T8B
7,0,0,1,279,red,9987,T8B
8,0,0,1,279,red,9987,T8B
9,0,0,1,279,red,9987,T8B
10,0,0,1,279,red,9987,T8B
11,0,0,1,279,red,9987,T8B
12,0,0,1,279,red,9987,T8B
13,0,0,1,279,red,9987,T8B
14,0,0,1,279,red,9987,T8B
15,0,0,1,279,red,9987,T8B
16,0,0,1,279,red,9987,T8B
17,0,0,1,279,red,9987,T8B
18,0,0,1,279,red,9987,T8B
19,0,0,1,279,red,9987,T8B
20,0,0,1,279,red,9987,T8B
21,0,0,1,279,red,9987,T8B
22,0,0,1,279,red,9987,T8B
23,0,0,1,279,red,9987,T8B
24,0,0,1,279,red,9987,T8B
25,0,0,1,279,red,9987,T8B
26,0,0,1,279,red,9987,T8B
27,0,0,1,279,red,9987,T8B
28,0,0,1,279,red,9987,T8B
29,0,0,1,279,red,9987,T8B
30,0,0,1,279,red,9987,T8B
31,0,0,1,279,red,9987,T8B
32,0,0,1,279,red,9987,T8B
33,0,0,1,279,red,9987,T8B
34,0,0,1,279,red,9987,T8B
35,0,0,1,279,red,9987,T8B
36,0,0,1,279,red,9987,T8B
37,0,0,1,279,red,9987,T8B
38,0,0,1,279,red,9987,T8B
39,0,0,1,279,red,9987,T8B
40,0,0,1,279,red,9987,T8B
41,0,0,1,279,red,9987,T8B
42,0,0,1,279,red,9987,T8B
43,0,0,1,279,red,9987,T8B
44,0,0,1,279,red,9987,T8B
45,0,0,1,279,red,9987,T8B
46,0,0,1,279,red,9987,T8B
47,0,0,1,279,red,9987,T8B
48,0,0,1,279,red,9987,T8B
49,0,1,0,279,red,9987,T8B
50,0,1,0,279,red,9987,T8B
51,0,1,0,279,red,9987,T8B
52,0,1,0,279,red,9987,T8B
53,0,1,0,279,red,9987,T8B
54,0,1,0,279,red,9987,T8B
55,0,1,0,279,red,9987,T8B
56,0,1,0,279,red,9987,T8B
57,0,1,0,279,red,9987,T8B
58,0,1,0,279,red,9987,T8B
59,0,1,0,279,red,9987,T8B
60,0,1,0,279,red,9987,T8B
61,0,1,0,279,red,9987,T8B
62,0,1,0,279,red,9987,T8B
63,0,1,0,279,red,9987,T8B
64,0,1,0,279,red,9987,T8B
65,0,1,0,279,red,9987,T8B
66,0,1,0,279,red,9987,T8B
67,0,1,0,279,red,9987,T8B
68,0,1,0,279,red,9987,T8B
69,0,1,0,279,red,9987,T8B
70,0,1,0,279,red,9987,T8B
71,0,1,0,279,red,9987,T8B
72,0,1,0,279,red,9987,T8B
73,0,1,0,279,red,9987,T8B
74,0,1,0,279,red,9987,T8B
75,0,1,0,279,red,9987,T8B
76,0,1,0,279,red,9987,T8B
77,0,1,0,279,red,9987,T8B
78,0,1,0,279,red,9987,T8B
79,0,1,0,279,red,9987,T8B
80,0,1,0,279,red,9987,T8B
81,0,1,0,279,red,9987,T8B
82,0,1,0,279,red,9987,T8B
83,0,1,0,279,red,9987,T8B
84,0,1,0,279,red,9987,T8B
85,0,1,0,279,red,9987,T8B
86,0,1,0,279,red,9987,T8B
87,0,1,0,279,red,9987,T8B
88,0,1,0,279,red,9987,T8B
89,0,1,0,279,red,9987,T8B
90,0,1,0,279,red,9987,T8B
91,0,1,0,279,red,9987,T8B
92,0,1,0,279,red,9987,T8B
93,0,1,0,279,red,9987,T8B
94,0,1,0,279,red,9987,T8B
95,0,1,0,279,red,9987,T8B
96,0,1,0,279,red,9987,T8B
97,0,1,0,279,red,9987,T8B
98,0,1,0,279,red,9987,T8B
99,0,1,0,279,red,9987,T8B
100,0,1,0,279,red,9987,T8B
101,0,1,0,279,red,9987,T8B
102,0,1,0,279,red,9987,T8B
103,0,1,0,279,red,9987,T8B
104,0,1,0,279,red,9987,T8B
105,0,1,0,279,red,9987,T8B
106,0,1,0,279,red,9987,T8B
107,0,1,0,279,red,9987,T8B
108,0,1,0,279,red,9987,T8B
109,0,1,0,279,red,9987,T8B
110,0,1,0,279,red,9987,T8B
111,0,1,0,279,red,9987,T8B
112,0,1,0,279,red,9987,T8B
113,0,1,0,279,red,9987,T8B
114,0,1,0,279,red,9987,T8B
115,0,1,0,279,red,9987,T8B
116,0,1,0,279,red,9987,T8B
117,0,1,0,279,red,9987,T8B
118,0,1,0,279,red,9987,T8B
119,0,1,0,279,red,9987,T8B
120,0,1,0,279,red,9987,T8B
121,0,1,0,279,red,9987,T8B
122,0,1,0,279,red,9987,T8B
123,0,1,0,279,red,9987,T8B
124,0,1,0,279,red,9987,T8B
125,0,1,0,279,red,9987,T8B
126,0,1,0,279,red,9987,T8B
127,0,1,0,279,red,9987,T8B
128,0,1,0,279,red,9987,T8B
129,0,1,0,279,red,9987,T8B
130,0,1,0,279,red,9987,T8B
131,0,1,0,279,red,9987,T8B
132,0,1,0,279,red,9987,T8B
133,0,1,0,279,red,9987,T8B
134,0,1,0,279,red,9987,T8B
135,0,1,0,279,red,9987,T8B
136,0,1,0,279,red,9987,T8B
137,0,1,0,279,red,9987,T8B
138,0,1,0,279,red,9987,T8B
139,0,1,0,279,red,9987,T8B
140,0,1,0,279,red,9987,T8B
141,0,1,0,279,red,9987,T8B
142,0,1,0,279,red,9987,T8B
143,0,1,0,279,red,9987,T8B
144,0,1,0,279,red,9987,T8B
145,0,1,0,279,red,9987,T8B
146,0,1,0,279,red,9987,T8B
147,0,1,0,279,red,9987,T8B
148,0,1,0,279,red,9987,T8B
149,0,1,0,279,red,9987,T8B
150,0,1,0,279,red,9987,T8B
151,0,1,0,279,red,9987,T8B
152,0,1,0,279,red,9987,T8B
153,0,1,0,279,red,9987,T8B
154,0,1,0,279,red,9987,T8B
155,0,1,0,279,red,9987,T8B
156,0,1,0,279,red,9987,T8B
157,0,1,0,279,red,9987,T8B
158,0,1,0,279,red,9987,T8B
159,0,1,0,279,red,9987,T8B
160,1,0,0,279,red,9987,T8B
161,1,0,0,279,red,9987,T8B
162,1,0,0,279,red,9987,T8B
163,1,0,0,279,red,9987,T8B
164,1,0,0,279,red,9987,T8B
165,1,0,0,279,red,9987,T8B
166,1,0,0,279,red,9987,T8B
167,1,0,0,279,red,9987,T8B
168,1,0,0,279,red,9987,T8B
169,1,0,0,279,red,9987,T8B
170,1,0,0,279,red,9987,T8B
171,1,0,0,279,red,9987,T8B
172,1,0,0,279,red,9987,T8B
173,1,0,0,279,red,9987,T8B
174,1,0,0,279,red,9987,T8B
175,1,0,0,279,red,9987,T8B
176,1,0,0,279,red,9987,T8B
177,1,0,0,279,red,9987,T8B
178,1,0,0,279,red,9987,T8B
179,1,0,0,279,red,9987,T8B
180,1,0,0,279,red,9987,T8B
181,1,0,0,279,red,9987,T8B
182,1,0,0,279,red,9987,T8B
183,1,0,0,279,red,9987,T8B
184,1,0,0,279,red,9987,T8B
185,1,0,0,279,red,9987,T8B
186,1,0,0,279,red,9987,T8B
187,1,0,0,279,red,9987,T8B
188,1,0,0,279,red,9987,T8B
189,1,0,0,279,red,9987,T8B
190,1,0,0,279,red,9987,T8B
191,1,0,0,279,red,9987,T8B
192,1,0,0,279,red,9987,T8B
193,1,0,0,279,red,9987,T8B
194,1,0,0,279,red,9987,T8B
195,1,0,0,279,red,9987,T8B
196,1,0,0,279,red,9987,T8B
197,1,0,0,279,red,9987,T8B
198,1,0,0,279,red,9987,T8B
199,1,0,0,279,red,9987,T8B
200,1,0,0,279,red,9987,T8B
201,1,0,0,279,red,9987,T8B
202,1,0,0,279,red,9987,T8B
203,1,0,0,279,red,9987,T8B
204,1,0,0,279,red,9987,T8B
205,1,0,0,279,red,9987,T8B
206,1,0,0,279,red,9987,T8B
207,1,0,0,279,red,9987,T8B
208,1,0,0,279,red,9987,T8B
209,1,0,0,279,red,9987,T8B
210,1,0,0,279,red,9987,T8B
211,1,0,0,279,red,9987,T8B
212,1,0,0,279,red,9987,T8B
213,1,0,0,279,red,9987,T8B
214,1,0,0,279,red,9987,T8B
215,1,0,0,279,red,9987,T8B
216,1,0,0,279,red,9987,T8B
217,1,0,0,279,red,9987,T8B
218,1,0,0,279,red,9987,T8B
219,1,0,0,279,red,9987,T8B
220,1,0,0,279,red,9987,T8B
221,1,0,0,279,red,9987,T8B
222,1,0,0,279,red,9987,T8B
0,0,0,1,280,red,10058,T8B
1,0,0,1,280,red,10058,T8B
2,0,0,1,280,red,10058,T8B
3,0,0,1,280,red,10058,T8B
4,0,0,1,280,red,10058,T8B
5,0,0,1,280,red,10058,T8B
6,0,0,1,280,red,10058,T8B
7,0,0,1,280,red,10058,T8B
8,0,0,1,280,red,10058,T8B
9,0,0,1,280,red,10058,T8B
10,0,0,1,280,red,10058,T8B
11,0,0,1,280,red,10058,T8B
12,0,0,1,280,red,10058,T8B
13,0,0,1,280,red,10058,T8B
14,0,0,1,280,red,10058,T8B
15,0,0,1,280,red,10058,T8B
16,0,0,1,280,red,10058,T8B
17,0,0,1,280,red,10058,T8B
18,0,0,1,280,red,10058,T8B
19,0,0,1,280,red,10058,T8B
20,0,0,1,280,red,10058,T8B
21,0,0,1,280,red,10058,T8B
22,0,0,1,280,red,10058,T8B
23,0,0,1,280,red,10058,T8B
24,0,0,1,280,red,10058,T8B
25,0,0,1,280,red,10058,T8B
26,0,0,1,280,red,10058,T8B
27,0,0,1,280,red,10058,T8B
28,0,0,1,280,red,10058,T8B
29,0,0,1,280,red,10058,T8B
30,0,0,1,280,red,10058,T8B
31,0,0,1,280,red,10058,T8B
32,0,0,1,280,red,10058,T8B
33,0,0,1,280,red,10058,T8B
34,0,0,1,280,red,10058,T8B
35,0,0,1,280,red,10058,T8B
36,0,0,1,280,red,10058,T8B
37,0,0,1,280,red,10058,T8B
38,0,0,1,280,red,10058,T8B
39,0,0,1,280,red,10058,T8B
40,0,0,1,280,red,10058,T8B
41,0,0,1,280,red,10058,T8B
42,0,0,1,280,red,10058,T8B
43,0,0,1,280,red,10058,T8B
44,0,0,1,280,red,10058,T8B
45,0,0,1,280,red,10058,T8B
46,0,0,1,280,red,10058,T8B
47,0,0,1,280,red,10058,T8B
48,0,0,1,280,red,10058,T8B
49,0,0,1,280,red,10058,T8B
50,0,0,1,280,red,10058,T8B
51,0,0,1,280,red,10058,T8B
52,0,0,1,280,red,10058,T8B
53,0,0,1,280,red,10058,T8B
54,0,0,1,280,red,10058,T8B
55,0,0,1,280,red,10058,T8B
56,0,0,1,280,red,10058,T8B
57,0,0,1,280,red,10058,T8B
58,0,0,1,280,red,10058,T8B
59,0,0,1,280,red,10058,T8B
60,0,0,1,280,red,10058,T8B
61,0,0,1,280,red,10058,T8B
62,0,0,1,280,red,10058,T8B
63,0,0,1,280,red,10058,T8B
64,0,0,1,280,red,10058,T8B
65,0,0,1,280,red,10058,T8B
66,0,0,1,280,red,10058,T8B
67,0,0,1,280,red,10058,T8B
68,0,0,1,280,red,10058,T8B
69,0,0,1,280,red,10058,T8B
70,0,0,1,280,red,10058,T8B
71,0,0,1,280,red,10058,T8B
72,0,0,1,280,red,10058,T8B
73,0,0,1,280,red,10058,T8B
74,0,0,1,280,red,10058,T8B
75,0,0,1,280,red,10058,T8B
76,0,0,1,280,red,10058,T8B
77,0,0,1,280,red,10058,T8B
78,0,0,1,280,red,10058,T8B
79,0,0,1,280,red,10058,T8B
80,0,0,1,280,red,10058,T8B
81,0,0,1,280,red,10058,T8B
82,0,0,1,280,red,10058,T8B
83,0,0,1,280,red,10058,T8B
84,0,0,1,280,red,10058,T8B
85,0,0,1,280,red,10058,T8B
86,0,1,0,280,red,10058,T8B
87,0,1,0,280,red,10058,T8B
88,0,1,0,280,red,10058,T8B
89,0,0,1,280,red,10058,T8B
90,0,0,1,280,red,10058,T8B
91,0,0,1,280,red,10058,T8B
92,0,1,0,280,red,10058,T8B
93,0,1,0,280,red,10058,T8B
94,0,1,0,280,red,10058,T8B
95,0,0,1,280,red,10058,T8B
96,0,0,1,280,red,10058,T8B
97,0,0,1,280,red,10058,T8B
98,0,0,1,280,red,10058,T8B
99,0,0,1,280,red,10058,T8B
100,0,0,1,280,red,10058,T8B
101,0,0,1,280,red,10058,T8B
102,0,0,1,280,red,10058,T8B
103,0,0,1,280,red,10058,T8B
104,0,0,1,280,red,10058,T8B
105,0,0,1,280,red,10058,T8B
106,0,0,1,280,red,10058,T8B
107,0,0,1,280,red,10058,T8B
108,0,0,1,280,red,10058,T8B
109,0,1,0,280,red,10058,T8B
110,0,1,0,280,red,10058,T8B
111,0,0,1,280,red,10058,T8B
112,0,0,1,280,red,10058,T8B
113,0,0,1,280,red,10058,T8B
114,0,0,1,280,red,10058,T8B
115,0,1,0,280,red,10058,T8B
116,0,1,0,280,red,10058,T8B
117,0,1,0,280,red,10058,T8B
118,0,0,1,280,red,10058,T8B
119,0,0,1,280,red,10058,T8B
120,0,0,1,280,red,10058,T8B
121,0,0,1,280,red,10058,T8B
122,0,0,1,280,red,10058,T8B
123,0,1,0,280,red,10058,T8B
124,0,1,0,280,red,10058,T8B
125,0,0,1,280,red,10058,T8B
126,0,0,1,280,red,10058,T8B
127,0,0,1,280,red,10058,T8B
128,0,0,1,280,red,10058,T8B
129,0,0,1,280,red,10058,T8B
130,0,0,1,280,red,10058,T8B
131,0,0,1,280,red,10058,T8B
132,0,0,1,280,red,10058,T8B
133,0,0,1,280,red,10058,T8B
134,0,0,1,280,red,10058,T8B
135,0,0,1,280,red,10058,T8B
136,0,0,1,280,red,10058,T8B
137,0,0,1,280,red,10058,T8B
138,0,1,0,280,red,10058,T8B
139,0,1,0,280,red,10058,T8B
140,0,0,1,280,red,10058,T8B
141,0,0,1,280,red,10058,T8B
142,0,0,1,280,red,10058,T8B
143,1,0,0,280,red,10058,T8B
144,1,0,0,280,red,10058,T8B
145,1,0,0,280,red,10058,T8B
146,1,0,0,280,red,10058,T8B
147,1,0,0,280,red,10058,T8B
148,1,0,0,280,red,10058,T8B
149,1,0,0,280,red,10058,T8B
150,1,0,0,280,red,10058,T8B
151,1,0,0,280,red,10058,T8B
152,1,0,0,280,red,10058,T8B
153,1,0,0,280,red,10058,T8B
154,1,0,0,280,red,10058,T8B
155,1,0,0,280,red,10058,T8B
156,1,0,0,280,red,10058,T8B
157,1,0,0,280,red,10058,T8B
158,1,0,0,280,red,10058,T8B
159,1,0,0,280,red,10058,T8B
160,1,0,0,280,red,10058,T8B
161,1,0,0,280,red,10058,T8B
162,1,0,0,280,red,10058,T8B
163,1,0,0,280,red,10058,T8B
164,1,0,0,280,red,10058,T8B
165,1,0,0,280,red,10058,T8B
166,1,0,0,280,red,10058,T8B
167,1,0,0,280,red,10058,T8B
168,1,0,0,280,red,10058,T8B
169,1,0,0,280,red,10058,T8B
170,1,0,0,280,red,10058,T8B
171,1,0,0,280,red,10058,T8B
172,1,0,0,280,red,10058,T8B
173,1,0,0,280,red,10058,T8B
174,1,0,0,280,red,10058,T8B
175,1,0,0,280,red,10058,T8B
176,1,0,0,280,red,10058,T8B
177,1,0,0,280,red,10058,T8B
178,1,0,0,280,red,10058,T8B
179,1,0,0,280,red,10058,T8B
180,1,0,0,280,red,10058,T8B
181,1,0,0,280,red,10058,T8B
182,1,0,0,280,red,10058,T8B
183,1,0,0,280,red,10058,T8B
184,1,0,0,280,red,10058,T8B
185,1,0,0,280,red,10058,T8B
186,1,0,0,280,red,10058,T8B
187,1,0,0,280,red,10058,T8B
188,1,0,0,280,red,10058,T8B
189,1,0,0,280,red,10058,T8B
190,1,0,0,280,red,10058,T8B
191,1,0,0,280,red,10058,T8B
192,1,0,0,280,red,10058,T8B
193,1,0,0,280,red,10058,T8B
194,1,0,0,280,red,10058,T8B
195,1,0,0,280,red,10058,T8B
196,1,0,0,280,red,10058,T8B
197,1,0,0,280,red,10058,T8B
198,1,0,0,280,red,10058,T8B
199,1,0,0,280,red,10058,T8B
200,1,0,0,280,red,10058,T8B
201,1,0,0,280,red,10058,T8B
202,1,0,0,280,red,10058,T8B
203,1,0,0,280,red,10058,T8B
204,1,0,0,280,red,10058,T8B
205,1,0,0,280,red,10058,T8B
206,1,0,0,280,red,10058,T8B
207,1,0,0,280,red,10058,T8B
208,1,0,0,280,red,10058,T8B
209,1,0,0,280,red,10058,T8B
210,1,0,0,280,red,10058,T8B
211,1,0,0,280,red,10058,T8B
212,1,0,0,280,red,10058,T8B
213,1,0,0,280,red,10058,T8B
214,1,0,0,280,red,10058,T8B
215,1,0,0,280,red,10058,T8B
216,1,0,0,280,red,10058,T8B
217,1,0,0,280,red,10058,T8B
218,1,0,0,280,red,10058,T8B
219,1,0,0,280,red,10058,T8B
220,1,0,0,280,red,10058,T8B
221,1,0,0,280,red,10058,T8B
222,1,0,0,280,red,10058,T8B
0,0,0,1,281,red,10327,T8B
1,0,0,1,281,red,10327,T8B
2,0,0,1,281,red,10327,T8B
3,0,0,1,281,red,10327,T8B
4,0,0,1,281,red,10327,T8B
5,0,0,1,281,red,10327,T8B
6,0,0,1,281,red,10327,T8B
7,0,0,1,281,red,10327,T8B
8,0,0,1,281,red,10327,T8B
9,0,0,1,281,red,10327,T8B
10,0,0,1,281,red,10327,T8B
11,0,0,1,281,red,10327,T8B
12,0,0,1,281,red,10327,T8B
13,0,0,1,281,red,10327,T8B
14,0,0,1,281,red,10327,T8B
15,0,1,0,281,red,10327,T8B
16,0,1,0,281,red,10327,T8B
17,0,1,0,281,red,10327,T8B
18,0,1,0,281,red,10327,T8B
19,0,1,0,281,red,10327,T8B
20,0,1,0,281,red,10327,T8B
21,0,1,0,281,red,10327,T8B
22,0,1,0,281,red,10327,T8B
23,0,1,0,281,red,10327,T8B
24,0,1,0,281,red,10327,T8B
25,0,1,0,281,red,10327,T8B
26,0,1,0,281,red,10327,T8B
27,0,1,0,281,red,10327,T8B
28,0,1,0,281,red,10327,T8B
29,0,1,0,281,red,10327,T8B
30,0,1,0,281,red,10327,T8B
31,0,1,0,281,red,10327,T8B
32,0,1,0,281,red,10327,T8B
33,0,1,0,281,red,10327,T8B
34,0,1,0,281,red,10327,T8B
35,0,1,0,281,red,10327,T8B
36,0,1,0,281,red,10327,T8B
37,0,1,0,281,red,10327,T8B
38,0,1,0,281,red,10327,T8B
39,0,1,0,281,red,10327,T8B
40,0,1,0,281,red,10327,T8B
41,0,1,0,281,red,10327,T8B
42,0,1,0,281,red,10327,T8B
43,0,1,0,281,red,10327,T8B
44,0,1,0,281,red,10327,T8B
45,0,1,0,281,red,10327,T8B
46,0,1,0,281,red,10327,T8B
47,0,1,0,281,red,10327,T8B
48,0,1,0,281,red,10327,T8B
49,0,1,0,281,red,10327,T8B
50,0,1,0,281,red,10327,T8B
51,0,1,0,281,red,10327,T8B
52,0,1,0,281,red,10327,T8B
53,0,1,0,281,red,10327,T8B
54,0,1,0,281,red,10327,T8B
55,0,1,0,281,red,10327,T8B
56,0,1,0,281,red,10327,T8B
57,0,1,0,281,red,10327,T8B
58,0,1,0,281,red,10327,T8B
59,0,1,0,281,red,10327,T8B
60,0,1,0,281,red,10327,T8B
61,0,1,0,281,red,10327,T8B
62,0,1,0,281,red,10327,T8B
63,0,1,0,281,red,10327,T8B
64,0,1,0,281,red,10327,T8B
65,0,1,0,281,red,10327,T8B
66,0,1,0,281,red,10327,T8B
67,0,1,0,281,red,10327,T8B
68,0,1,0,281,red,10327,T8B
69,0,1,0,281,red,10327,T8B
70,0,1,0,281,red,10327,T8B
71,0,1,0,281,red,10327,T8B
72,0,1,0,281,red,10327,T8B
73,0,1,0,281,red,10327,T8B
74,0,1,0,281,red,10327,T8B
75,0,1,0,281,red,10327,T8B
76,0,1,0,281,red,10327,T8B
77,0,1,0,281,red,10327,T8B
78,0,1,0,281,red,10327,T8B
79,0,1,0,281,red,10327,T8B
80,0,1,0,281,red,10327,T8B
81,0,1,0,281,red,10327,T8B
82,0,1,0,281,red,10327,T8B
83,0,1,0,281,red,10327,T8B
84,0,1,0,281,red,10327,T8B
85,0,1,0,281,red,10327,T8B
86,0,1,0,281,red,10327,T8B
87,0,1,0,281,red,10327,T8B
88,0,1,0,281,red,10327,T8B
89,0,1,0,281,red,10327,T8B
90,0,1,0,281,red,10327,T8B
91,0,1,0,281,red,10327,T8B
92,0,1,0,281,red,10327,T8B
93,0,1,0,281,red,10327,T8B
94,0,1,0,281,red,10327,T8B
95,0,1,0,281,red,10327,T8B
96,0,1,0,281,red,10327,T8B
97,0,1,0,281,red,10327,T8B
98,0,1,0,281,red,10327,T8B
99,0,1,0,281,red,10327,T8B
100,0,1,0,281,red,10327,T8B
101,0,1,0,281,red,10327,T8B
102,0,1,0,281,red,10327,T8B
103,0,1,0,281,red,10327,T8B
104,0,1,0,281,red,10327,T8B
105,0,1,0,281,red,10327,T8B
106,0,1,0,281,red,10327,T8B
107,0,1,0,281,red,10327,T8B
108,0,1,0,281,red,10327,T8B
109,0,1,0,281,red,10327,T8B
110,0,1,0,281,red,10327,T8B
111,0,1,0,281,red,10327,T8B
112,0,1,0,281,red,10327,T8B
113,0,1,0,281,red,10327,T8B
114,0,1,0,281,red,10327,T8B
115,0,1,0,281,red,10327,T8B
116,0,1,0,281,red,10327,T8B
117,0,1,0,281,red,10327,T8B
118,0,1,0,281,red,10327,T8B
119,0,1,0,281,red,10327,T8B
120,0,1,0,281,red,10327,T8B
121,0,1,0,281,red,10327,T8B
122,0,1,0,281,red,10327,T8B
123,0,1,0,281,red,10327,T8B
124,0,1,0,281,red,10327,T8B
125,0,1,0,281,red,10327,T8B
126,0,1,0,281,red,10327,T8B
127,0,1,0,281,red,10327,T8B
128,0,1,0,281,red,10327,T8B
129,0,1,0,281,red,10327,T8B
130,0,0,1,281,red,10327,T8B
131,1,0,0,281,red,10327,T8B
132,1,0,0,281,red,10327,T8B
133,1,0,0,281,red,10327,T8B
134,1,0,0,281,red,10327,T8B
135,1,0,0,281,red,10327,T8B
136,1,0,0,281,red,10327,T8B
137,1,0,0,281,red,10327,T8B
138,1,0,0,281,red,10327,T8B
139,1,0,0,281,red,10327,T8B
140,1,0,0,281,red,10327,T8B
141,1,0,0,281,red,10327,T8B
142,1,0,0,281,red,10327,T8B
143,1,0,0,281,red,10327,T8B
144,1,0,0,281,red,10327,T8B
145,1,0,0,281,red,10327,T8B
146,1,0,0,281,red,10327,T8B
147,1,0,0,281,red,10327,T8B
148,1,0,0,281,red,10327,T8B
149,1,0,0,281,red,10327,T8B
150,1,0,0,281,red,10327,T8B
151,1,0,0,281,red,10327,T8B
152,1,0,0,281,red,10327,T8B
153,1,0,0,281,red,10327,T8B
154,1,0,0,281,red,10327,T8B
155,1,0,0,281,red,10327,T8B
156,1,0,0,281,red,10327,T8B
157,1,0,0,281,red,10327,T8B
158,1,0,0,281,red,10327,T8B
159,1,0,0,281,red,10327,T8B
160,1,0,0,281,red,10327,T8B
161,1,0,0,281,red,10327,T8B
162,1,0,0,281,red,10327,T8B
163,1,0,0,281,red,10327,T8B
164,1,0,0,281,red,10327,T8B
165,1,0,0,281,red,10327,T8B
166,1,0,0,281,red,10327,T8B
167,1,0,0,281,red,10327,T8B
168,1,0,0,281,red,10327,T8B
169,1,0,0,281,red,10327,T8B
170,1,0,0,281,red,10327,T8B
171,1,0,0,281,red,10327,T8B
172,1,0,0,281,red,10327,T8B
173,1,0,0,281,red,10327,T8B
174,1,0,0,281,red,10327,T8B
175,1,0,0,281,red,10327,T8B
176,1,0,0,281,red,10327,T8B
177,1,0,0,281,red,10327,T8B
178,1,0,0,281,red,10327,T8B
179,1,0,0,281,red,10327,T8B
180,1,0,0,281,red,10327,T8B
181,1,0,0,281,red,10327,T8B
182,1,0,0,281,red,10327,T8B
183,1,0,0,281,red,10327,T8B
184,1,0,0,281,red,10327,T8B
185,1,0,0,281,red,10327,T8B
186,1,0,0,281,red,10327,T8B
187,1,0,0,281,red,10327,T8B
188,1,0,0,281,red,10327,T8B
189,1,0,0,281,red,10327,T8B
190,1,0,0,281,red,10327,T8B
191,1,0,0,281,red,10327,T8B
192,1,0,0,281,red,10327,T8B
193,1,0,0,281,red,10327,T8B
194,1,0,0,281,red,10327,T8B
195,1,0,0,281,red,10327,T8B
196,1,0,0,281,red,10327,T8B
197,1,0,0,281,red,10327,T8B
198,1,0,0,281,red,10327,T8B
199,1,0,0,281,red,10327,T8B
200,1,0,0,281,red,10327,T8B
201,1,0,0,281,red,10327,T8B
202,1,0,0,281,red,10327,T8B
203,1,0,0,281,red,10327,T8B
204,1,0,0,281,red,10327,T8B
205,1,0,0,281,red,10327,T8B
206,1,0,0,281,red,10327,T8B
207,1,0,0,281,red,10327,T8B
208,1,0,0,281,red,10327,T8B
209,1,0,0,281,red,10327,T8B
210,1,0,0,281,red,10327,T8B
211,1,0,0,281,red,10327,T8B
212,1,0,0,281,red,10327,T8B
213,1,0,0,281,red,10327,T8B
214,1,0,0,281,red,10327,T8B
215,1,0,0,281,red,10327,T8B
216,1,0,0,281,red,10327,T8B
217,1,0,0,281,red,10327,T8B
218,1,0,0,281,red,10327,T8B
219,1,0,0,281,red,10327,T8B
220,1,0,0,281,red,10327,T8B
221,1,0,0,281,red,10327,T8B
222,1,0,0,281,red,10327,T8B
0,0,0,1,282,red,9995,T8B
1,0,1,0,282,red,9995,T8B
2,0,1,0,282,red,9995,T8B
3,0,1,0,282,red,9995,T8B
4,0,1,0,282,red,9995,T8B
5,0,1,0,282,red,9995,T8B
6,0,1,0,282,red,9995,T8B
7,0,1,0,282,red,9995,T8B
8,0,1,0,282,red,9995,T8B
9,0,1,0,282,red,9995,T8B
10,0,1,0,282,red,9995,T8B
11,0,1,0,282,red,9995,T8B
12,0,1,0,282,red,9995,T8B
13,0,1,0,282,red,9995,T8B
14,0,1,0,282,red,9995,T8B
15,0,1,0,282,red,9995,T8B
16,0,1,0,282,red,9995,T8B
17,0,1,0,282,red,9995,T8B
18,0,1,0,282,red,9995,T8B
19,0,1,0,282,red,9995,T8B
20,0,1,0,282,red,9995,T8B
21,0,1,0,282,red,9995,T8B
22,0,1,0,282,red,9995,T8B
23,0,1,0,282,red,9995,T8B
24,0,1,0,282,red,9995,T8B
25,0,1,0,282,red,9995,T8B
26,0,1,0,282,red,9995,T8B
27,0,1,0,282,red,9995,T8B
28,0,1,0,282,red,9995,T8B
29,0,1,0,282,red,9995,T8B
30,0,1,0,282,red,9995,T8B
31,0,1,0,282,red,9995,T8B
32,0,1,0,282,red,9995,T8B
33,0,1,0,282,red,9995,T8B
34,0,1,0,282,red,9995,T8B
35,0,1,0,282,red,9995,T8B
36,0,1,0,282,red,9995,T8B
37,0,1,0,282,red,9995,T8B
38,0,1,0,282,red,9995,T8B
39,0,1,0,282,red,9995,T8B
40,0,1,0,282,red,9995,T8B
41,0,1,0,282,red,9995,T8B
42,0,1,0,282,red,9995,T8B
43,0,1,0,282,red,9995,T8B
44,0,1,0,282,red,9995,T8B
45,0,1,0,282,red,9995,T8B
46,0,1,0,282,red,9995,T8B
47,0,1,0,282,red,9995,T8B
48,0,1,0,282,red,9995,T8B
49,0,1,0,282,red,9995,T8B
50,0,1,0,282,red,9995,T8B
51,0,1,0,282,red,9995,T8B
52,0,1,0,282,red,9995,T8B
53,0,1,0,282,red,9995,T8B
54,0,1,0,282,red,9995,T8B
55,0,1,0,282,red,9995,T8B
56,0,1,0,282,red,9995,T8B
57,0,1,0,282,red,9995,T8B
58,0,1,0,282,red,9995,T8B
59,0,1,0,282,red,9995,T8B
60,0,1,0,282,red,9995,T8B
61,0,1,0,282,red,9995,T8B
62,0,1,0,282,red,9995,T8B
63,0,1,0,282,red,9995,T8B
64,0,1,0,282,red,9995,T8B
65,0,1,0,282,red,9995,T8B
66,0,1,0,282,red,9995,T8B
67,0,1,0,282,red,9995,T8B
68,0,1,0,282,red,9995,T8B
69,0,1,0,282,red,9995,T8B
70,0,1,0,282,red,9995,T8B
71,0,1,0,282,red,9995,T8B
72,0,1,0,282,red,9995,T8B
73,0,1,0,282,red,9995,T8B
74,0,1,0,282,red,9995,T8B
75,0,1,0,282,red,9995,T8B
76,0,1,0,282,red,9995,T8B
77,0,1,0,282,red,9995,T8B
78,0,1,0,282,red,9995,T8B
79,0,1,0,282,red,9995,T8B
80,0,1,0,282,red,9995,T8B
81,0,1,0,282,red,9995,T8B
82,0,1,0,282,red,9995,T8B
83,0,1,0,282,red,9995,T8B
84,0,1,0,282,red,9995,T8B
85,0,1,0,282,red,9995,T8B
86,0,1,0,282,red,9995,T8B
87,0,1,0,282,red,9995,T8B
88,0,1,0,282,red,9995,T8B
89,0,1,0,282,red,9995,T8B
90,0,1,0,282,red,9995,T8B
91,0,1,0,282,red,9995,T8B
92,0,1,0,282,red,9995,T8B
93,0,1,0,282,red,9995,T8B
94,0,1,0,282,red,9995,T8B
95,0,1,0,282,red,9995,T8B
96,0,1,0,282,red,9995,T8B
97,0,1,0,282,red,9995,T8B
98,0,1,0,282,red,9995,T8B
99,0,1,0,282,red,9995,T8B
100,0,1,0,282,red,9995,T8B
101,0,1,0,282,red,9995,T8B
102,0,1,0,282,red,9995,T8B
103,0,1,0,282,red,9995,T8B
104,0,1,0,282,red,9995,T8B
105,0,1,0,282,red,9995,T8B
106,0,1,0,282,red,9995,T8B
107,0,1,0,282,red,9995,T8B
108,0,1,0,282,red,9995,T8B
109,0,1,0,282,red,9995,T8B
110,0,1,0,282,red,9995,T8B
111,0,1,0,282,red,9995,T8B
112,0,1,0,282,red,9995,T8B
113,0,1,0,282,red,9995,T8B
114,0,1,0,282,red,9995,T8B
115,0,1,0,282,red,9995,T8B
116,0,1,0,282,red,9995,T8B
117,0,1,0,282,red,9995,T8B
118,0,1,0,282,red,9995,T8B
119,0,1,0,282,red,9995,T8B
120,0,1,0,282,red,9995,T8B
121,0,1,0,282,red,9995,T8B
122,0,1,0,282,red,9995,T8B
123,0,1,0,282,red,9995,T8B
124,0,1,0,282,red,9995,T8B
125,0,1,0,282,red,9995,T8B
126,0,1,0,282,red,9995,T8B
127,0,1,0,282,red,9995,T8B
128,0,1,0,282,red,9995,T8B
129,0,1,0,282,red,9995,T8B
130,0,1,0,282,red,9995,T8B
131,0,1,0,282,red,9995,T8B
132,0,1,0,282,red,9995,T8B
133,0,1,0,282,red,9995,T8B
134,0,1,0,282,red,9995,T8B
135,0,1,0,282,red,9995,T8B
136,0,1,0,282,red,9995,T8B
137,0,1,0,282,red,9995,T8B
138,0,1,0,282,red,9995,T8B
139,0,1,0,282,red,9995,T8B
140,0,1,0,282,red,9995,T8B
141,0,1,0,282,red,9995,T8B
142,0,1,0,282,red,9995,T8B
143,0,1,0,282,red,9995,T8B
144,0,1,0,282,red,9995,T8B
145,0,1,0,282,red,9995,T8B
146,0,1,0,282,red,9995,T8B
147,0,1,0,282,red,9995,T8B
148,0,1,0,282,red,9995,T8B
149,0,1,0,282,red,9995,T8B
150,0,1,0,282,red,9995,T8B
151,0,1,0,282,red,9995,T8B
152,0,0,1,282,red,9995,T8B
153,0,0,1,282,red,9995,T8B
154,1,0,0,282,red,9995,T8B
155,1,0,0,282,red,9995,T8B
156,1,0,0,282,red,9995,T8B
157,1,0,0,282,red,9995,T8B
158,1,0,0,282,red,9995,T8B
159,1,0,0,282,red,9995,T8B
160,1,0,0,282,red,9995,T8B
161,1,0,0,282,red,9995,T8B
162,1,0,0,282,red,9995,T8B
163,1,0,0,282,red,9995,T8B
164,1,0,0,282,red,9995,T8B
165,1,0,0,282,red,9995,T8B
166,1,0,0,282,red,9995,T8B
167,1,0,0,282,red,9995,T8B
168,1,0,0,282,red,9995,T8B
169,1,0,0,282,red,9995,T8B
170,1,0,0,282,red,9995,T8B
171,1,0,0,282,red,9995,T8B
172,1,0,0,282,red,9995,T8B
173,1,0,0,282,red,9995,T8B
174,1,0,0,282,red,9995,T8B
175,1,0,0,282,red,9995,T8B
176,1,0,0,282,red,9995,T8B
177,1,0,0,282,red,9995,T8B
178,1,0,0,282,red,9995,T8B
179,1,0,0,282,red,9995,T8B
180,1,0,0,282,red,9995,T8B
181,1,0,0,282,red,9995,T8B
182,1,0,0,282,red,9995,T8B
183,1,0,0,282,red,9995,T8B
184,1,0,0,282,red,9995,T8B
185,1,0,0,282,red,9995,T8B
186,1,0,0,282,red,9995,T8B
187,1,0,0,282,red,9995,T8B
188,1,0,0,282,red,9995,T8B
189,1,0,0,282,red,9995,T8B
190,1,0,0,282,red,9995,T8B
191,1,0,0,282,red,9995,T8B
192,1,0,0,282,red,9995,T8B
193,1,0,0,282,red,9995,T8B
194,1,0,0,282,red,9995,T8B
195,1,0,0,282,red,9995,T8B
196,1,0,0,282,red,9995,T8B
197,1,0,0,282,red,9995,T8B
198,1,0,0,282,red,9995,T8B
199,1,0,0,282,red,9995,T8B
200,1,0,0,282,red,9995,T8B
201,1,0,0,282,red,9995,T8B
202,1,0,0,282,red,9995,T8B
203,1,0,0,282,red,9995,T8B
204,1,0,0,282,red,9995,T8B
205,1,0,0,282,red,9995,T8B
206,1,0,0,282,red,9995,T8B
207,1,0,0,282,red,9995,T8B
208,1,0,0,282,red,9995,T8B
209,1,0,0,282,red,9995,T8B
210,1,0,0,282,red,9995,T8B
211,1,0,0,282,red,9995,T8B
212,1,0,0,282,red,9995,T8B
213,1,0,0,282,red,9995,T8B
214,1,0,0,282,red,9995,T8B
215,1,0,0,282,red,9995,T8B
216,1,0,0,282,red,9995,T8B
217,1,0,0,282,red,9995,T8B
218,1,0,0,282,red,9995,T8B
219,1,0,0,282,red,9995,T8B
220,1,0,0,282,red,9995,T8B
221,1,0,0,282,red,9995,T8B
222,1,0,0,282,red,9995,T8B
0,0,0,1,283,red,7966,T8B
1,0,0,1,283,red,7966,T8B
2,0,0,1,283,red,7966,T8B
3,0,0,1,283,red,7966,T8B
4,0,0,1,283,red,7966,T8B
5,0,0,1,283,red,7966,T8B
6,0,0,1,283,red,7966,T8B
7,0,0,1,283,red,7966,T8B
8,0,0,1,283,red,7966,T8B
9,0,0,1,283,red,7966,T8B
10,0,0,1,283,red,7966,T8B
11,0,0,1,283,red,7966,T8B
12,0,0,1,283,red,7966,T8B
13,0,0,1,283,red,7966,T8B
14,0,0,1,283,red,7966,T8B
15,0,0,1,283,red,7966,T8B
16,0,0,1,283,red,7966,T8B
17,0,0,1,283,red,7966,T8B
18,0,0,1,283,red,7966,T8B
19,0,0,1,283,red,7966,T8B
20,0,0,1,283,red,7966,T8B
21,0,0,1,283,red,7966,T8B
22,0,0,1,283,red,7966,T8B
23,0,0,1,283,red,7966,T8B
24,0,0,1,283,red,7966,T8B
25,0,0,1,283,red,7966,T8B
26,0,0,1,283,red,7966,T8B
27,0,0,1,283,red,7966,T8B
28,0,0,1,283,red,7966,T8B
29,0,0,1,283,red,7966,T8B
30,0,0,1,283,red,7966,T8B
31,0,0,1,283,red,7966,T8B
32,0,0,1,283,red,7966,T8B
33,0,0,1,283,red,7966,T8B
34,0,0,1,283,red,7966,T8B
35,0,0,1,283,red,7966,T8B
36,0,0,1,283,red,7966,T8B
37,0,0,1,283,red,7966,T8B
38,0,0,1,283,red,7966,T8B
39,0,0,1,283,red,7966,T8B
40,0,0,1,283,red,7966,T8B
41,0,0,1,283,red,7966,T8B
42,0,0,1,283,red,7966,T8B
43,0,0,1,283,red,7966,T8B
44,0,0,1,283,red,7966,T8B
45,0,0,1,283,red,7966,T8B
46,0,0,1,283,red,7966,T8B
47,0,0,1,283,red,7966,T8B
48,0,0,1,283,red,7966,T8B
49,0,0,1,283,red,7966,T8B
50,0,0,1,283,red,7966,T8B
51,0,0,1,283,red,7966,T8B
52,0,0,1,283,red,7966,T8B
53,0,0,1,283,red,7966,T8B
54,0,0,1,283,red,7966,T8B
55,0,0,1,283,red,7966,T8B
56,0,0,1,283,red,7966,T8B
57,0,0,1,283,red,7966,T8B
58,0,0,1,283,red,7966,T8B
59,0,0,1,283,red,7966,T8B
60,1,0,0,283,red,7966,T8B
61,1,0,0,283,red,7966,T8B
62,1,0,0,283,red,7966,T8B
63,1,0,0,283,red,7966,T8B
64,1,0,0,283,red,7966,T8B
65,1,0,0,283,red,7966,T8B
66,1,0,0,283,red,7966,T8B
67,1,0,0,283,red,7966,T8B
68,1,0,0,283,red,7966,T8B
69,1,0,0,283,red,7966,T8B
70,1,0,0,283,red,7966,T8B
71,1,0,0,283,red,7966,T8B
72,1,0,0,283,red,7966,T8B
73,1,0,0,283,red,7966,T8B
74,1,0,0,283,red,7966,T8B
75,1,0,0,283,red,7966,T8B
76,1,0,0,283,red,7966,T8B
77,1,0,0,283,red,7966,T8B
78,1,0,0,283,red,7966,T8B
79,1,0,0,283,red,7966,T8B
80,1,0,0,283,red,7966,T8B
81,1,0,0,283,red,7966,T8B
82,1,0,0,283,red,7966,T8B
83,1,0,0,283,red,7966,T8B
84,1,0,0,283,red,7966,T8B
85,1,0,0,283,red,7966,T8B
86,1,0,0,283,red,7966,T8B
87,1,0,0,283,red,7966,T8B
88,1,0,0,283,red,7966,T8B
89,1,0,0,283,red,7966,T8B
90,1,0,0,283,red,7966,T8B
91,1,0,0,283,red,7966,T8B
92,1,0,0,283,red,7966,T8B
93,1,0,0,283,red,7966,T8B
94,1,0,0,283,red,7966,T8B
95,1,0,0,283,red,7966,T8B
96,1,0,0,283,red,7966,T8B
97,1,0,0,283,red,7966,T8B
98,1,0,0,283,red,7966,T8B
99,1,0,0,283,red,7966,T8B
100,1,0,0,283,red,7966,T8B
101,1,0,0,283,red,7966,T8B
102,1,0,0,283,red,7966,T8B
103,1,0,0,283,red,7966,T8B
104,1,0,0,283,red,7966,T8B
105,1,0,0,283,red,7966,T8B
106,1,0,0,283,red,7966,T8B
107,1,0,0,283,red,7966,T8B
108,1,0,0,283,red,7966,T8B
109,1,0,0,283,red,7966,T8B
110,1,0,0,283,red,7966,T8B
111,1,0,0,283,red,7966,T8B
112,1,0,0,283,red,7966,T8B
113,1,0,0,283,red,7966,T8B
114,1,0,0,283,red,7966,T8B
115,1,0,0,283,red,7966,T8B
116,1,0,0,283,red,7966,T8B
117,1,0,0,283,red,7966,T8B
118,1,0,0,283,red,7966,T8B
119,1,0,0,283,red,7966,T8B
120,1,0,0,283,red,7966,T8B
121,1,0,0,283,red,7966,T8B
122,1,0,0,283,red,7966,T8B
123,1,0,0,283,red,7966,T8B
124,1,0,0,283,red,7966,T8B
125,1,0,0,283,red,7966,T8B
126,1,0,0,283,red,7966,T8B
127,1,0,0,283,red,7966,T8B
128,1,0,0,283,red,7966,T8B
129,1,0,0,283,red,7966,T8B
130,1,0,0,283,red,7966,T8B
131,1,0,0,283,red,7966,T8B
132,1,0,0,283,red,7966,T8B
133,1,0,0,283,red,7966,T8B
134,1,0,0,283,red,7966,T8B
135,1,0,0,283,red,7966,T8B
136,1,0,0,283,red,7966,T8B
137,1,0,0,283,red,7966,T8B
138,1,0,0,283,red,7966,T8B
139,1,0,0,283,red,7966,T8B
140,1,0,0,283,red,7966,T8B
141,1,0,0,283,red,7966,T8B
142,1,0,0,283,red,7966,T8B
143,1,0,0,283,red,7966,T8B
144,1,0,0,283,red,7966,T8B
145,1,0,0,283,red,7966,T8B
146,1,0,0,283,red,7966,T8B
147,1,0,0,283,red,7966,T8B
148,1,0,0,283,red,7966,T8B
149,1,0,0,283,red,7966,T8B
150,1,0,0,283,red,7966,T8B
151,1,0,0,283,red,7966,T8B
152,1,0,0,283,red,7966,T8B
153,1,0,0,283,red,7966,T8B
154,1,0,0,283,red,7966,T8B
155,1,0,0,283,red,7966,T8B
156,1,0,0,283,red,7966,T8B
157,1,0,0,283,red,7966,T8B
158,1,0,0,283,red,7966,T8B
159,1,0,0,283,red,7966,T8B
160,1,0,0,283,red,7966,T8B
161,1,0,0,283,red,7966,T8B
162,1,0,0,283,red,7966,T8B
163,1,0,0,283,red,7966,T8B
164,1,0,0,283,red,7966,T8B
165,1,0,0,283,red,7966,T8B
166,1,0,0,283,red,7966,T8B
167,1,0,0,283,red,7966,T8B
168,1,0,0,283,red,7966,T8B
169,1,0,0,283,red,7966,T8B
170,1,0,0,283,red,7966,T8B
171,1,0,0,283,red,7966,T8B
172,1,0,0,283,red,7966,T8B
173,1,0,0,283,red,7966,T8B
174,1,0,0,283,red,7966,T8B
175,1,0,0,283,red,7966,T8B
176,1,0,0,283,red,7966,T8B
177,1,0,0,283,red,7966,T8B
178,1,0,0,283,red,7966,T8B
179,1,0,0,283,red,7966,T8B
180,1,0,0,283,red,7966,T8B
181,1,0,0,283,red,7966,T8B
182,1,0,0,283,red,7966,T8B
183,1,0,0,283,red,7966,T8B
184,1,0,0,283,red,7966,T8B
185,1,0,0,283,red,7966,T8B
186,1,0,0,283,red,7966,T8B
187,1,0,0,283,red,7966,T8B
188,1,0,0,283,red,7966,T8B
189,1,0,0,283,red,7966,T8B
190,1,0,0,283,red,7966,T8B
191,1,0,0,283,red,7966,T8B
192,1,0,0,283,red,7966,T8B
193,1,0,0,283,red,7966,T8B
194,1,0,0,283,red,7966,T8B
195,1,0,0,283,red,7966,T8B
196,1,0,0,283,red,7966,T8B
197,1,0,0,283,red,7966,T8B
198,1,0,0,283,red,7966,T8B
199,1,0,0,283,red,7966,T8B
200,1,0,0,283,red,7966,T8B
201,1,0,0,283,red,7966,T8B
202,1,0,0,283,red,7966,T8B
203,1,0,0,283,red,7966,T8B
204,1,0,0,283,red,7966,T8B
205,1,0,0,283,red,7966,T8B
206,1,0,0,283,red,7966,T8B
207,1,0,0,283,red,7966,T8B
208,1,0,0,283,red,7966,T8B
209,1,0,0,283,red,7966,T8B
210,1,0,0,283,red,7966,T8B
211,1,0,0,283,red,7966,T8B
212,1,0,0,283,red,7966,T8B
213,1,0,0,283,red,7966,T8B
214,1,0,0,283,red,7966,T8B
215,1,0,0,283,red,7966,T8B
216,1,0,0,283,red,7966,T8B
217,1,0,0,283,red,7966,T8B
218,1,0,0,283,red,7966,T8B
219,1,0,0,283,red,7966,T8B
220,1,0,0,283,red,7966,T8B
221,1,0,0,283,red,7966,T8B
222,1,0,0,283,red,7966,T8B
0,0,0,1,285,red,11053,T8B
1,0,0,1,285,red,11053,T8B
2,0,0,1,285,red,11053,T8B
3,0,0,1,285,red,11053,T8B
4,0,0,1,285,red,11053,T8B
5,0,0,1,285,red,11053,T8B
6,0,0,1,285,red,11053,T8B
7,0,0,1,285,red,11053,T8B
8,0,0,1,285,red,11053,T8B
9,0,0,1,285,red,11053,T8B
10,0,0,1,285,red,11053,T8B
11,0,0,1,285,red,11053,T8B
12,0,0,1,285,red,11053,T8B
13,0,0,1,285,red,11053,T8B
14,0,0,1,285,red,11053,T8B
15,0,0,1,285,red,11053,T8B
16,0,0,1,285,red,11053,T8B
17,0,0,1,285,red,11053,T8B
18,0,0,1,285,red,11053,T8B
19,0,0,1,285,red,11053,T8B
20,0,0,1,285,red,11053,T8B
21,0,0,1,285,red,11053,T8B
22,0,0,1,285,red,11053,T8B
23,0,0,1,285,red,11053,T8B
24,0,0,1,285,red,11053,T8B
25,0,0,1,285,red,11053,T8B
26,0,0,1,285,red,11053,T8B
27,0,0,1,285,red,11053,T8B
28,0,0,1,285,red,11053,T8B
29,0,0,1,285,red,11053,T8B
30,0,0,1,285,red,11053,T8B
31,0,0,1,285,red,11053,T8B
32,0,0,1,285,red,11053,T8B
33,0,0,1,285,red,11053,T8B
34,0,0,1,285,red,11053,T8B
35,0,0,1,285,red,11053,T8B
36,0,0,1,285,red,11053,T8B
37,0,0,1,285,red,11053,T8B
38,0,0,1,285,red,11053,T8B
39,0,0,1,285,red,11053,T8B
40,0,0,1,285,red,11053,T8B
41,0,0,1,285,red,11053,T8B
42,0,0,1,285,red,11053,T8B
43,0,0,1,285,red,11053,T8B
44,0,0,1,285,red,11053,T8B
45,0,0,1,285,red,11053,T8B
46,0,0,1,285,red,11053,T8B
47,0,0,1,285,red,11053,T8B
48,0,0,1,285,red,11053,T8B
49,0,0,1,285,red,11053,T8B
50,0,0,1,285,red,11053,T8B
51,0,0,1,285,red,11053,T8B
52,0,0,1,285,red,11053,T8B
53,0,0,1,285,red,11053,T8B
54,0,0,1,285,red,11053,T8B
55,0,0,1,285,red,11053,T8B
56,0,0,1,285,red,11053,T8B
57,0,0,1,285,red,11053,T8B
58,0,0,1,285,red,11053,T8B
59,0,0,1,285,red,11053,T8B
60,0,0,1,285,red,11053,T8B
61,0,0,1,285,red,11053,T8B
62,0,0,1,285,red,11053,T8B
63,0,0,1,285,red,11053,T8B
64,0,0,1,285,red,11053,T8B
65,0,0,1,285,red,11053,T8B
66,0,0,1,285,red,11053,T8B
67,0,0,1,285,red,11053,T8B
68,0,0,1,285,red,11053,T8B
69,0,0,1,285,red,11053,T8B
70,0,0,1,285,red,11053,T8B
71,0,0,1,285,red,11053,T8B
72,0,0,1,285,red,11053,T8B
73,0,0,1,285,red,11053,T8B
74,0,0,1,285,red,11053,T8B
75,1,0,0,285,red,11053,T8B
76,1,0,0,285,red,11053,T8B
77,1,0,0,285,red,11053,T8B
78,1,0,0,285,red,11053,T8B
79,1,0,0,285,red,11053,T8B
80,1,0,0,285,red,11053,T8B
81,1,0,0,285,red,11053,T8B
82,1,0,0,285,red,11053,T8B
83,1,0,0,285,red,11053,T8B
84,1,0,0,285,red,11053,T8B
85,1,0,0,285,red,11053,T8B
86,1,0,0,285,red,11053,T8B
87,1,0,0,285,red,11053,T8B
88,1,0,0,285,red,11053,T8B
89,1,0,0,285,red,11053,T8B
90,1,0,0,285,red,11053,T8B
91,1,0,0,285,red,11053,T8B
92,1,0,0,285,red,11053,T8B
93,1,0,0,285,red,11053,T8B
94,1,0,0,285,red,11053,T8B
95,1,0,0,285,red,11053,T8B
96,1,0,0,285,red,11053,T8B
97,1,0,0,285,red,11053,T8B
98,1,0,0,285,red,11053,T8B
99,1,0,0,285,red,11053,T8B
100,1,0,0,285,red,11053,T8B
101,1,0,0,285,red,11053,T8B
102,1,0,0,285,red,11053,T8B
103,1,0,0,285,red,11053,T8B
104,1,0,0,285,red,11053,T8B
105,1,0,0,285,red,11053,T8B
106,1,0,0,285,red,11053,T8B
107,1,0,0,285,red,11053,T8B
108,1,0,0,285,red,11053,T8B
109,1,0,0,285,red,11053,T8B
110,1,0,0,285,red,11053,T8B
111,1,0,0,285,red,11053,T8B
112,1,0,0,285,red,11053,T8B
113,1,0,0,285,red,11053,T8B
114,1,0,0,285,red,11053,T8B
115,1,0,0,285,red,11053,T8B
116,1,0,0,285,red,11053,T8B
117,1,0,0,285,red,11053,T8B
118,1,0,0,285,red,11053,T8B
119,1,0,0,285,red,11053,T8B
120,1,0,0,285,red,11053,T8B
121,1,0,0,285,red,11053,T8B
122,1,0,0,285,red,11053,T8B
123,1,0,0,285,red,11053,T8B
124,1,0,0,285,red,11053,T8B
125,1,0,0,285,red,11053,T8B
126,1,0,0,285,red,11053,T8B
127,1,0,0,285,red,11053,T8B
128,1,0,0,285,red,11053,T8B
129,1,0,0,285,red,11053,T8B
130,1,0,0,285,red,11053,T8B
131,1,0,0,285,red,11053,T8B
132,1,0,0,285,red,11053,T8B
133,1,0,0,285,red,11053,T8B
134,1,0,0,285,red,11053,T8B
135,1,0,0,285,red,11053,T8B
136,1,0,0,285,red,11053,T8B
137,1,0,0,285,red,11053,T8B
138,1,0,0,285,red,11053,T8B
139,1,0,0,285,red,11053,T8B
140,1,0,0,285,red,11053,T8B
141,1,0,0,285,red,11053,T8B
142,1,0,0,285,red,11053,T8B
143,1,0,0,285,red,11053,T8B
144,1,0,0,285,red,11053,T8B
145,1,0,0,285,red,11053,T8B
146,1,0,0,285,red,11053,T8B
147,1,0,0,285,red,11053,T8B
148,1,0,0,285,red,11053,T8B
149,1,0,0,285,red,11053,T8B
150,1,0,0,285,red,11053,T8B
151,1,0,0,285,red,11053,T8B
152,1,0,0,285,red,11053,T8B
153,1,0,0,285,red,11053,T8B
154,1,0,0,285,red,11053,T8B
155,1,0,0,285,red,11053,T8B
156,1,0,0,285,red,11053,T8B
157,1,0,0,285,red,11053,T8B
158,1,0,0,285,red,11053,T8B
159,1,0,0,285,red,11053,T8B
160,1,0,0,285,red,11053,T8B
161,1,0,0,285,red,11053,T8B
162,1,0,0,285,red,11053,T8B
163,1,0,0,285,red,11053,T8B
164,1,0,0,285,red,11053,T8B
165,1,0,0,285,red,11053,T8B
166,1,0,0,285,red,11053,T8B
167,1,0,0,285,red,11053,T8B
168,1,0,0,285,red,11053,T8B
169,1,0,0,285,red,11053,T8B
170,1,0,0,285,red,11053,T8B
171,1,0,0,285,red,11053,T8B
172,1,0,0,285,red,11053,T8B
173,1,0,0,285,red,11053,T8B
174,1,0,0,285,red,11053,T8B
175,1,0,0,285,red,11053,T8B
176,1,0,0,285,red,11053,T8B
177,1,0,0,285,red,11053,T8B
178,1,0,0,285,red,11053,T8B
179,1,0,0,285,red,11053,T8B
180,1,0,0,285,red,11053,T8B
181,1,0,0,285,red,11053,T8B
182,1,0,0,285,red,11053,T8B
183,1,0,0,285,red,11053,T8B
184,1,0,0,285,red,11053,T8B
185,1,0,0,285,red,11053,T8B
186,1,0,0,285,red,11053,T8B
187,1,0,0,285,red,11053,T8B
188,1,0,0,285,red,11053,T8B
189,1,0,0,285,red,11053,T8B
190,1,0,0,285,red,11053,T8B
191,1,0,0,285,red,11053,T8B
192,1,0,0,285,red,11053,T8B
193,1,0,0,285,red,11053,T8B
194,1,0,0,285,red,11053,T8B
195,1,0,0,285,red,11053,T8B
196,1,0,0,285,red,11053,T8B
197,1,0,0,285,red,11053,T8B
198,1,0,0,285,red,11053,T8B
199,1,0,0,285,red,11053,T8B
200,1,0,0,285,red,11053,T8B
201,1,0,0,285,red,11053,T8B
202,1,0,0,285,red,11053,T8B
203,1,0,0,285,red,11053,T8B
204,1,0,0,285,red,11053,T8B
205,1,0,0,285,red,11053,T8B
206,1,0,0,285,red,11053,T8B
207,1,0,0,285,red,11053,T8B
208,1,0,0,285,red,11053,T8B
209,1,0,0,285,red,11053,T8B
210,1,0,0,285,red,11053,T8B
211,1,0,0,285,red,11053,T8B
212,1,0,0,285,red,11053,T8B
213,1,0,0,285,red,11053,T8B
214,1,0,0,285,red,11053,T8B
215,1,0,0,285,red,11053,T8B
216,1,0,0,285,red,11053,T8B
217,1,0,0,285,red,11053,T8B
218,1,0,0,285,red,11053,T8B
219,1,0,0,285,red,11053,T8B
220,1,0,0,285,red,11053,T8B
221,1,0,0,285,red,11053,T8B
222,1,0,0,285,red,11053,T8B
0,0,0,1,286,red,8318,T8B
1,0,0,1,286,red,8318,T8B
2,0,0,1,286,red,8318,T8B
3,0,0,1,286,red,8318,T8B
4,0,0,1,286,red,8318,T8B
5,0,0,1,286,red,8318,T8B
6,0,0,1,286,red,8318,T8B
7,0,0,1,286,red,8318,T8B
8,0,0,1,286,red,8318,T8B
9,0,0,1,286,red,8318,T8B
10,0,0,1,286,red,8318,T8B
11,0,0,1,286,red,8318,T8B
12,0,0,1,286,red,8318,T8B
13,0,0,1,286,red,8318,T8B
14,0,0,1,286,red,8318,T8B
15,0,0,1,286,red,8318,T8B
16,0,0,1,286,red,8318,T8B
17,0,0,1,286,red,8318,T8B
18,0,0,1,286,red,8318,T8B
19,0,0,1,286,red,8318,T8B
20,0,0,1,286,red,8318,T8B
21,0,0,1,286,red,8318,T8B
22,0,0,1,286,red,8318,T8B
23,0,0,1,286,red,8318,T8B
24,0,0,1,286,red,8318,T8B
25,0,0,1,286,red,8318,T8B
26,0,0,1,286,red,8318,T8B
27,0,0,1,286,red,8318,T8B
28,0,0,1,286,red,8318,T8B
29,0,0,1,286,red,8318,T8B
30,0,0,1,286,red,8318,T8B
31,0,0,1,286,red,8318,T8B
32,0,0,1,286,red,8318,T8B
33,0,0,1,286,red,8318,T8B
34,0,0,1,286,red,8318,T8B
35,0,0,1,286,red,8318,T8B
36,0,0,1,286,red,8318,T8B
37,0,0,1,286,red,8318,T8B
38,0,0,1,286,red,8318,T8B
39,0,0,1,286,red,8318,T8B
40,0,0,1,286,red,8318,T8B
41,0,0,1,286,red,8318,T8B
42,0,0,1,286,red,8318,T8B
43,0,0,1,286,red,8318,T8B
44,0,0,1,286,red,8318,T8B
45,0,0,1,286,red,8318,T8B
46,0,0,1,286,red,8318,T8B
47,0,0,1,286,red,8318,T8B
48,0,0,1,286,red,8318,T8B
49,0,0,1,286,red,8318,T8B
50,0,0,1,286,red,8318,T8B
51,0,0,1,286,red,8318,T8B
52,0,0,1,286,red,8318,T8B
53,0,0,1,286,red,8318,T8B
54,0,0,1,286,red,8318,T8B
55,0,0,1,286,red,8318,T8B
56,0,0,1,286,red,8318,T8B
57,0,0,1,286,red,8318,T8B
58,0,0,1,286,red,8318,T8B
59,0,0,1,286,red,8318,T8B
60,0,0,1,286,red,8318,T8B
61,0,0,1,286,red,8318,T8B
62,0,0,1,286,red,8318,T8B
63,0,0,1,286,red,8318,T8B
64,0,0,1,286,red,8318,T8B
65,0,0,1,286,red,8318,T8B
66,0,0,1,286,red,8318,T8B
67,0,0,1,286,red,8318,T8B
68,0,0,1,286,red,8318,T8B
69,0,0,1,286,red,8318,T8B
70,0,0,1,286,red,8318,T8B
71,0,0,1,286,red,8318,T8B
72,1,0,0,286,red,8318,T8B
73,1,0,0,286,red,8318,T8B
74,1,0,0,286,red,8318,T8B
75,1,0,0,286,red,8318,T8B
76,1,0,0,286,red,8318,T8B
77,1,0,0,286,red,8318,T8B
78,1,0,0,286,red,8318,T8B
79,1,0,0,286,red,8318,T8B
80,1,0,0,286,red,8318,T8B
81,1,0,0,286,red,8318,T8B
82,1,0,0,286,red,8318,T8B
83,1,0,0,286,red,8318,T8B
84,1,0,0,286,red,8318,T8B
85,1,0,0,286,red,8318,T8B
86,1,0,0,286,red,8318,T8B
87,1,0,0,286,red,8318,T8B
88,1,0,0,286,red,8318,T8B
89,1,0,0,286,red,8318,T8B
90,1,0,0,286,red,8318,T8B
91,1,0,0,286,red,8318,T8B
92,1,0,0,286,red,8318,T8B
93,1,0,0,286,red,8318,T8B
94,1,0,0,286,red,8318,T8B
95,1,0,0,286,red,8318,T8B
96,1,0,0,286,red,8318,T8B
97,1,0,0,286,red,8318,T8B
98,1,0,0,286,red,8318,T8B
99,1,0,0,286,red,8318,T8B
100,1,0,0,286,red,8318,T8B
101,1,0,0,286,red,8318,T8B
102,1,0,0,286,red,8318,T8B
103,1,0,0,286,red,8318,T8B
104,1,0,0,286,red,8318,T8B
105,1,0,0,286,red,8318,T8B
106,1,0,0,286,red,8318,T8B
107,1,0,0,286,red,8318,T8B
108,1,0,0,286,red,8318,T8B
109,1,0,0,286,red,8318,T8B
110,1,0,0,286,red,8318,T8B
111,1,0,0,286,red,8318,T8B
112,1,0,0,286,red,8318,T8B
113,1,0,0,286,red,8318,T8B
114,1,0,0,286,red,8318,T8B
115,1,0,0,286,red,8318,T8B
116,1,0,0,286,red,8318,T8B
117,1,0,0,286,red,8318,T8B
118,1,0,0,286,red,8318,T8B
119,1,0,0,286,red,8318,T8B
120,1,0,0,286,red,8318,T8B
121,1,0,0,286,red,8318,T8B
122,1,0,0,286,red,8318,T8B
123,1,0,0,286,red,8318,T8B
124,1,0,0,286,red,8318,T8B
125,1,0,0,286,red,8318,T8B
126,1,0,0,286,red,8318,T8B
127,1,0,0,286,red,8318,T8B
128,1,0,0,286,red,8318,T8B
129,1,0,0,286,red,8318,T8B
130,1,0,0,286,red,8318,T8B
131,1,0,0,286,red,8318,T8B
132,1,0,0,286,red,8318,T8B
133,1,0,0,286,red,8318,T8B
134,1,0,0,286,red,8318,T8B
135,1,0,0,286,red,8318,T8B
136,1,0,0,286,red,8318,T8B
137,1,0,0,286,red,8318,T8B
138,1,0,0,286,red,8318,T8B
139,1,0,0,286,red,8318,T8B
140,1,0,0,286,red,8318,T8B
141,1,0,0,286,red,8318,T8B
142,1,0,0,286,red,8318,T8B
143,1,0,0,286,red,8318,T8B
144,1,0,0,286,red,8318,T8B
145,1,0,0,286,red,8318,T8B
146,1,0,0,286,red,8318,T8B
147,1,0,0,286,red,8318,T8B
148,1,0,0,286,red,8318,T8B
149,1,0,0,286,red,8318,T8B
150,1,0,0,286,red,8318,T8B
151,1,0,0,286,red,8318,T8B
152,1,0,0,286,red,8318,T8B
153,1,0,0,286,red,8318,T8B
154,1,0,0,286,red,8318,T8B
155,1,0,0,286,red,8318,T8B
156,1,0,0,286,red,8318,T8B
157,1,0,0,286,red,8318,T8B
158,1,0,0,286,red,8318,T8B
159,1,0,0,286,red,8318,T8B
160,1,0,0,286,red,8318,T8B
161,1,0,0,286,red,8318,T8B
162,1,0,0,286,red,8318,T8B
163,1,0,0,286,red,8318,T8B
164,1,0,0,286,red,8318,T8B
165,1,0,0,286,red,8318,T8B
166,1,0,0,286,red,8318,T8B
167,1,0,0,286,red,8318,T8B
168,1,0,0,286,red,8318,T8B
169,1,0,0,286,red,8318,T8B
170,1,0,0,286,red,8318,T8B
171,1,0,0,286,red,8318,T8B
172,1,0,0,286,red,8318,T8B
173,1,0,0,286,red,8318,T8B
174,1,0,0,286,red,8318,T8B
175,1,0,0,286,red,8318,T8B
176,1,0,0,286,red,8318,T8B
177,1,0,0,286,red,8318,T8B
178,1,0,0,286,red,8318,T8B
179,1,0,0,286,red,8318,T8B
180,1,0,0,286,red,8318,T8B
181,1,0,0,286,red,8318,T8B
182,1,0,0,286,red,8318,T8B
183,1,0,0,286,red,8318,T8B
184,1,0,0,286,red,8318,T8B
185,1,0,0,286,red,8318,T8B
186,1,0,0,286,red,8318,T8B
187,1,0,0,286,red,8318,T8B
188,1,0,0,286,red,8318,T8B
189,1,0,0,286,red,8318,T8B
190,1,0,0,286,red,8318,T8B
191,1,0,0,286,red,8318,T8B
192,1,0,0,286,red,8318,T8B
193,1,0,0,286,red,8318,T8B
194,1,0,0,286,red,8318,T8B
195,1,0,0,286,red,8318,T8B
196,1,0,0,286,red,8318,T8B
197,1,0,0,286,red,8318,T8B
198,1,0,0,286,red,8318,T8B
199,1,0,0,286,red,8318,T8B
200,1,0,0,286,red,8318,T8B
201,1,0,0,286,red,8318,T8B
202,1,0,0,286,red,8318,T8B
203,1,0,0,286,red,8318,T8B
204,1,0,0,286,red,8318,T8B
205,1,0,0,286,red,8318,T8B
206,1,0,0,286,red,8318,T8B
207,1,0,0,286,red,8318,T8B
208,1,0,0,286,red,8318,T8B
209,1,0,0,286,red,8318,T8B
210,1,0,0,286,red,8318,T8B
211,1,0,0,286,red,8318,T8B
212,1,0,0,286,red,8318,T8B
213,1,0,0,286,red,8318,T8B
214,1,0,0,286,red,8318,T8B
215,1,0,0,286,red,8318,T8B
216,1,0,0,286,red,8318,T8B
217,1,0,0,286,red,8318,T8B
218,1,0,0,286,red,8318,T8B
219,1,0,0,286,red,8318,T8B
220,1,0,0,286,red,8318,T8B
221,1,0,0,286,red,8318,T8B
222,1,0,0,286,red,8318,T8B
0,0,0,1,287,red,9432,T8B
1,0,0,1,287,red,9432,T8B
2,0,0,1,287,red,9432,T8B
3,0,0,1,287,red,9432,T8B
4,0,0,1,287,red,9432,T8B
5,0,0,1,287,red,9432,T8B
6,0,0,1,287,red,9432,T8B
7,0,0,1,287,red,9432,T8B
8,0,0,1,287,red,9432,T8B
9,0,0,1,287,red,9432,T8B
10,0,0,1,287,red,9432,T8B
11,0,0,1,287,red,9432,T8B
12,0,0,1,287,red,9432,T8B
13,0,0,1,287,red,9432,T8B
14,0,0,1,287,red,9432,T8B
15,0,0,1,287,red,9432,T8B
16,0,0,1,287,red,9432,T8B
17,0,0,1,287,red,9432,T8B
18,0,0,1,287,red,9432,T8B
19,0,0,1,287,red,9432,T8B
20,0,0,1,287,red,9432,T8B
21,0,0,1,287,red,9432,T8B
22,0,0,1,287,red,9432,T8B
23,0,0,1,287,red,9432,T8B
24,0,0,1,287,red,9432,T8B
25,0,0,1,287,red,9432,T8B
26,0,0,1,287,red,9432,T8B
27,0,0,1,287,red,9432,T8B
28,0,0,1,287,red,9432,T8B
29,0,0,1,287,red,9432,T8B
30,0,0,1,287,red,9432,T8B
31,0,0,1,287,red,9432,T8B
32,0,0,1,287,red,9432,T8B
33,0,0,1,287,red,9432,T8B
34,0,0,1,287,red,9432,T8B
35,0,0,1,287,red,9432,T8B
36,0,0,1,287,red,9432,T8B
37,0,0,1,287,red,9432,T8B
38,0,0,1,287,red,9432,T8B
39,0,0,1,287,red,9432,T8B
40,0,0,1,287,red,9432,T8B
41,0,0,1,287,red,9432,T8B
42,0,0,1,287,red,9432,T8B
43,0,0,1,287,red,9432,T8B
44,0,0,1,287,red,9432,T8B
45,0,0,1,287,red,9432,T8B
46,0,0,1,287,red,9432,T8B
47,0,0,1,287,red,9432,T8B
48,0,0,1,287,red,9432,T8B
49,0,0,1,287,red,9432,T8B
50,0,0,1,287,red,9432,T8B
51,0,0,1,287,red,9432,T8B
52,0,1,0,287,red,9432,T8B
53,0,1,0,287,red,9432,T8B
54,0,1,0,287,red,9432,T8B
55,0,1,0,287,red,9432,T8B
56,0,1,0,287,red,9432,T8B
57,0,1,0,287,red,9432,T8B
58,0,1,0,287,red,9432,T8B
59,0,1,0,287,red,9432,T8B
60,0,1,0,287,red,9432,T8B
61,0,1,0,287,red,9432,T8B
62,0,1,0,287,red,9432,T8B
63,0,1,0,287,red,9432,T8B
64,0,1,0,287,red,9432,T8B
65,0,1,0,287,red,9432,T8B
66,0,1,0,287,red,9432,T8B
67,0,1,0,287,red,9432,T8B
68,0,1,0,287,red,9432,T8B
69,0,1,0,287,red,9432,T8B
70,0,1,0,287,red,9432,T8B
71,0,1,0,287,red,9432,T8B
72,0,1,0,287,red,9432,T8B
73,0,1,0,287,red,9432,T8B
74,0,1,0,287,red,9432,T8B
75,0,1,0,287,red,9432,T8B
76,0,1,0,287,red,9432,T8B
77,0,1,0,287,red,9432,T8B
78,0,1,0,287,red,9432,T8B
79,0,1,0,287,red,9432,T8B
80,0,1,0,287,red,9432,T8B
81,0,1,0,287,red,9432,T8B
82,0,1,0,287,red,9432,T8B
83,0,1,0,287,red,9432,T8B
84,0,1,0,287,red,9432,T8B
85,0,1,0,287,red,9432,T8B
86,0,1,0,287,red,9432,T8B
87,0,1,0,287,red,9432,T8B
88,0,1,0,287,red,9432,T8B
89,0,1,0,287,red,9432,T8B
90,0,1,0,287,red,9432,T8B
91,0,1,0,287,red,9432,T8B
92,0,1,0,287,red,9432,T8B
93,0,1,0,287,red,9432,T8B
94,0,1,0,287,red,9432,T8B
95,0,1,0,287,red,9432,T8B
96,0,1,0,287,red,9432,T8B
97,0,1,0,287,red,9432,T8B
98,0,1,0,287,red,9432,T8B
99,0,1,0,287,red,9432,T8B
100,0,1,0,287,red,9432,T8B
101,0,1,0,287,red,9432,T8B
102,0,1,0,287,red,9432,T8B
103,0,1,0,287,red,9432,T8B
104,0,1,0,287,red,9432,T8B
105,0,1,0,287,red,9432,T8B
106,0,1,0,287,red,9432,T8B
107,0,1,0,287,red,9432,T8B
108,0,1,0,287,red,9432,T8B
109,0,1,0,287,red,9432,T8B
110,0,1,0,287,red,9432,T8B
111,0,1,0,287,red,9432,T8B
112,0,1,0,287,red,9432,T8B
113,0,1,0,287,red,9432,T8B
114,0,1,0,287,red,9432,T8B
115,0,1,0,287,red,9432,T8B
116,0,1,0,287,red,9432,T8B
117,0,1,0,287,red,9432,T8B
118,0,1,0,287,red,9432,T8B
119,0,1,0,287,red,9432,T8B
120,0,1,0,287,red,9432,T8B
121,0,1,0,287,red,9432,T8B
122,0,1,0,287,red,9432,T8B
123,0,1,0,287,red,9432,T8B
124,0,1,0,287,red,9432,T8B
125,0,1,0,287,red,9432,T8B
126,0,1,0,287,red,9432,T8B
127,0,1,0,287,red,9432,T8B
128,0,1,0,287,red,9432,T8B
129,0,1,0,287,red,9432,T8B
130,0,1,0,287,red,9432,T8B
131,0,1,0,287,red,9432,T8B
132,0,1,0,287,red,9432,T8B
133,0,1,0,287,red,9432,T8B
134,0,1,0,287,red,9432,T8B
135,0,1,0,287,red,9432,T8B
136,0,1,0,287,red,9432,T8B
137,0,1,0,287,red,9432,T8B
138,0,1,0,287,red,9432,T8B
139,0,1,0,287,red,9432,T8B
140,0,1,0,287,red,9432,T8B
141,0,1,0,287,red,9432,T8B
142,0,1,0,287,red,9432,T8B
143,0,1,0,287,red,9432,T8B
144,0,1,0,287,red,9432,T8B
145,0,1,0,287,red,9432,T8B
146,0,1,0,287,red,9432,T8B
147,0,1,0,287,red,9432,T8B
148,0,1,0,287,red,9432,T8B
149,0,1,0,287,red,9432,T8B
150,0,1,0,287,red,9432,T8B
151,0,1,0,287,red,9432,T8B
152,0,1,0,287,red,9432,T8B
153,0,0,1,287,red,9432,T8B
154,0,0,1,287,red,9432,T8B
155,0,0,1,287,red,9432,T8B
156,0,0,1,287,red,9432,T8B
157,1,0,0,287,red,9432,T8B
158,1,0,0,287,red,9432,T8B
159,1,0,0,287,red,9432,T8B
160,1,0,0,287,red,9432,T8B
161,1,0,0,287,red,9432,T8B
162,1,0,0,287,red,9432,T8B
163,1,0,0,287,red,9432,T8B
164,1,0,0,287,red,9432,T8B
165,1,0,0,287,red,9432,T8B
166,1,0,0,287,red,9432,T8B
167,1,0,0,287,red,9432,T8B
168,1,0,0,287,red,9432,T8B
169,1,0,0,287,red,9432,T8B
170,1,0,0,287,red,9432,T8B
171,1,0,0,287,red,9432,T8B
172,1,0,0,287,red,9432,T8B
173,1,0,0,287,red,9432,T8B
174,1,0,0,287,red,9432,T8B
175,1,0,0,287,red,9432,T8B
176,1,0,0,287,red,9432,T8B
177,1,0,0,287,red,9432,T8B
178,1,0,0,287,red,9432,T8B
179,1,0,0,287,red,9432,T8B
180,1,0,0,287,red,9432,T8B
181,1,0,0,287,red,9432,T8B
182,1,0,0,287,red,9432,T8B
183,1,0,0,287,red,9432,T8B
184,1,0,0,287,red,9432,T8B
185,1,0,0,287,red,9432,T8B
186,1,0,0,287,red,9432,T8B
187,1,0,0,287,red,9432,T8B
188,1,0,0,287,red,9432,T8B
189,1,0,0,287,red,9432,T8B
190,1,0,0,287,red,9432,T8B
191,1,0,0,287,red,9432,T8B
192,1,0,0,287,red,9432,T8B
193,1,0,0,287,red,9432,T8B
194,1,0,0,287,red,9432,T8B
195,1,0,0,287,red,9432,T8B
196,1,0,0,287,red,9432,T8B
197,1,0,0,287,red,9432,T8B
198,1,0,0,287,red,9432,T8B
199,1,0,0,287,red,9432,T8B
200,1,0,0,287,red,9432,T8B
201,1,0,0,287,red,9432,T8B
202,1,0,0,287,red,9432,T8B
203,1,0,0,287,red,9432,T8B
204,1,0,0,287,red,9432,T8B
205,1,0,0,287,red,9432,T8B
206,1,0,0,287,red,9432,T8B
207,1,0,0,287,red,9432,T8B
208,1,0,0,287,red,9432,T8B
209,1,0,0,287,red,9432,T8B
210,1,0,0,287,red,9432,T8B
211,1,0,0,287,red,9432,T8B
212,1,0,0,287,red,9432,T8B
213,1,0,0,287,red,9432,T8B
214,1,0,0,287,red,9432,T8B
215,1,0,0,287,red,9432,T8B
216,1,0,0,287,red,9432,T8B
217,1,0,0,287,red,9432,T8B
218,1,0,0,287,red,9432,T8B
219,1,0,0,287,red,9432,T8B
220,1,0,0,287,red,9432,T8B
221,1,0,0,287,red,9432,T8B
222,1,0,0,287,red,9432,T8B
0,0,0,1,289,red,9966,T8B
1,0,0,1,289,red,9966,T8B
2,0,0,1,289,red,9966,T8B
3,0,0,1,289,red,9966,T8B
4,0,0,1,289,red,9966,T8B
5,0,0,1,289,red,9966,T8B
6,0,0,1,289,red,9966,T8B
7,0,0,1,289,red,9966,T8B
8,0,0,1,289,red,9966,T8B
9,0,0,1,289,red,9966,T8B
10,0,0,1,289,red,9966,T8B
11,0,0,1,289,red,9966,T8B
12,0,0,1,289,red,9966,T8B
13,0,0,1,289,red,9966,T8B
14,0,0,1,289,red,9966,T8B
15,0,0,1,289,red,9966,T8B
16,0,0,1,289,red,9966,T8B
17,0,0,1,289,red,9966,T8B
18,0,0,1,289,red,9966,T8B
19,0,0,1,289,red,9966,T8B
20,0,0,1,289,red,9966,T8B
21,0,0,1,289,red,9966,T8B
22,0,0,1,289,red,9966,T8B
23,0,0,1,289,red,9966,T8B
24,0,0,1,289,red,9966,T8B
25,0,0,1,289,red,9966,T8B
26,0,0,1,289,red,9966,T8B
27,0,0,1,289,red,9966,T8B
28,0,0,1,289,red,9966,T8B
29,0,0,1,289,red,9966,T8B
30,0,0,1,289,red,9966,T8B
31,0,0,1,289,red,9966,T8B
32,0,0,1,289,red,9966,T8B
33,0,0,1,289,red,9966,T8B
34,0,0,1,289,red,9966,T8B
35,0,0,1,289,red,9966,T8B
36,0,0,1,289,red,9966,T8B
37,0,0,1,289,red,9966,T8B
38,0,0,1,289,red,9966,T8B
39,0,0,1,289,red,9966,T8B
40,0,0,1,289,red,9966,T8B
41,0,0,1,289,red,9966,T8B
42,0,0,1,289,red,9966,T8B
43,0,0,1,289,red,9966,T8B
44,0,0,1,289,red,9966,T8B
45,0,0,1,289,red,9966,T8B
46,1,0,0,289,red,9966,T8B
47,1,0,0,289,red,9966,T8B
48,1,0,0,289,red,9966,T8B
49,1,0,0,289,red,9966,T8B
50,1,0,0,289,red,9966,T8B
51,1,0,0,289,red,9966,T8B
52,1,0,0,289,red,9966,T8B
53,1,0,0,289,red,9966,T8B
54,0,0,1,289,red,9966,T8B
55,0,1,0,289,red,9966,T8B
56,0,1,0,289,red,9966,T8B
57,0,1,0,289,red,9966,T8B
58,0,1,0,289,red,9966,T8B
59,0,1,0,289,red,9966,T8B
60,0,1,0,289,red,9966,T8B
61,0,1,0,289,red,9966,T8B
62,0,1,0,289,red,9966,T8B
63,0,0,1,289,red,9966,T8B
64,0,0,1,289,red,9966,T8B
65,1,0,0,289,red,9966,T8B
66,1,0,0,289,red,9966,T8B
67,1,0,0,289,red,9966,T8B
68,1,0,0,289,red,9966,T8B
69,1,0,0,289,red,9966,T8B
70,1,0,0,289,red,9966,T8B
71,1,0,0,289,red,9966,T8B
72,1,0,0,289,red,9966,T8B
73,1,0,0,289,red,9966,T8B
74,1,0,0,289,red,9966,T8B
75,1,0,0,289,red,9966,T8B
76,1,0,0,289,red,9966,T8B
77,1,0,0,289,red,9966,T8B
78,1,0,0,289,red,9966,T8B
79,1,0,0,289,red,9966,T8B
80,1,0,0,289,red,9966,T8B
81,1,0,0,289,red,9966,T8B
82,1,0,0,289,red,9966,T8B
83,1,0,0,289,red,9966,T8B
84,1,0,0,289,red,9966,T8B
85,1,0,0,289,red,9966,T8B
86,1,0,0,289,red,9966,T8B
87,1,0,0,289,red,9966,T8B
88,1,0,0,289,red,9966,T8B
89,1,0,0,289,red,9966,T8B
90,1,0,0,289,red,9966,T8B
91,1,0,0,289,red,9966,T8B
92,1,0,0,289,red,9966,T8B
93,1,0,0,289,red,9966,T8B
94,1,0,0,289,red,9966,T8B
95,1,0,0,289,red,9966,T8B
96,1,0,0,289,red,9966,T8B
97,1,0,0,289,red,9966,T8B
98,1,0,0,289,red,9966,T8B
99,1,0,0,289,red,9966,T8B
100,1,0,0,289,red,9966,T8B
101,1,0,0,289,red,9966,T8B
102,1,0,0,289,red,9966,T8B
103,1,0,0,289,red,9966,T8B
104,1,0,0,289,red,9966,T8B
105,1,0,0,289,red,9966,T8B
106,1,0,0,289,red,9966,T8B
107,1,0,0,289,red,9966,T8B
108,1,0,0,289,red,9966,T8B
109,1,0,0,289,red,9966,T8B
110,1,0,0,289,red,9966,T8B
111,1,0,0,289,red,9966,T8B
112,1,0,0,289,red,9966,T8B
113,1,0,0,289,red,9966,T8B
114,1,0,0,289,red,9966,T8B
115,1,0,0,289,red,9966,T8B
116,1,0,0,289,red,9966,T8B
117,1,0,0,289,red,9966,T8B
118,1,0,0,289,red,9966,T8B
119,1,0,0,289,red,9966,T8B
120,1,0,0,289,red,9966,T8B
121,1,0,0,289,red,9966,T8B
122,1,0,0,289,red,9966,T8B
123,1,0,0,289,red,9966,T8B
124,1,0,0,289,red,9966,T8B
125,1,0,0,289,red,9966,T8B
126,1,0,0,289,red,9966,T8B
127,1,0,0,289,red,9966,T8B
128,1,0,0,289,red,9966,T8B
129,1,0,0,289,red,9966,T8B
130,1,0,0,289,red,9966,T8B
131,1,0,0,289,red,9966,T8B
132,1,0,0,289,red,9966,T8B
133,1,0,0,289,red,9966,T8B
134,1,0,0,289,red,9966,T8B
135,1,0,0,289,red,9966,T8B
136,1,0,0,289,red,9966,T8B
137,1,0,0,289,red,9966,T8B
138,1,0,0,289,red,9966,T8B
139,1,0,0,289,red,9966,T8B
140,1,0,0,289,red,9966,T8B
141,1,0,0,289,red,9966,T8B
142,1,0,0,289,red,9966,T8B
143,1,0,0,289,red,9966,T8B
144,1,0,0,289,red,9966,T8B
145,1,0,0,289,red,9966,T8B
146,1,0,0,289,red,9966,T8B
147,1,0,0,289,red,9966,T8B
148,1,0,0,289,red,9966,T8B
149,1,0,0,289,red,9966,T8B
150,1,0,0,289,red,9966,T8B
151,1,0,0,289,red,9966,T8B
152,1,0,0,289,red,9966,T8B
153,1,0,0,289,red,9966,T8B
154,1,0,0,289,red,9966,T8B
155,1,0,0,289,red,9966,T8B
156,1,0,0,289,red,9966,T8B
157,1,0,0,289,red,9966,T8B
158,1,0,0,289,red,9966,T8B
159,1,0,0,289,red,9966,T8B
160,1,0,0,289,red,9966,T8B
161,1,0,0,289,red,9966,T8B
162,1,0,0,289,red,9966,T8B
163,1,0,0,289,red,9966,T8B
164,1,0,0,289,red,9966,T8B
165,1,0,0,289,red,9966,T8B
166,1,0,0,289,red,9966,T8B
167,1,0,0,289,red,9966,T8B
168,1,0,0,289,red,9966,T8B
169,1,0,0,289,red,9966,T8B
170,1,0,0,289,red,9966,T8B
171,1,0,0,289,red,9966,T8B
172,1,0,0,289,red,9966,T8B
173,1,0,0,289,red,9966,T8B
174,1,0,0,289,red,9966,T8B
175,1,0,0,289,red,9966,T8B
176,1,0,0,289,red,9966,T8B
177,1,0,0,289,red,9966,T8B
178,1,0,0,289,red,9966,T8B
179,1,0,0,289,red,9966,T8B
180,1,0,0,289,red,9966,T8B
181,1,0,0,289,red,9966,T8B
182,1,0,0,289,red,9966,T8B
183,1,0,0,289,red,9966,T8B
184,1,0,0,289,red,9966,T8B
185,1,0,0,289,red,9966,T8B
186,1,0,0,289,red,9966,T8B
187,1,0,0,289,red,9966,T8B
188,1,0,0,289,red,9966,T8B
189,1,0,0,289,red,9966,T8B
190,1,0,0,289,red,9966,T8B
191,1,0,0,289,red,9966,T8B
192,1,0,0,289,red,9966,T8B
193,1,0,0,289,red,9966,T8B
194,1,0,0,289,red,9966,T8B
195,1,0,0,289,red,9966,T8B
196,1,0,0,289,red,9966,T8B
197,1,0,0,289,red,9966,T8B
198,1,0,0,289,red,9966,T8B
199,1,0,0,289,red,9966,T8B
200,1,0,0,289,red,9966,T8B
201,1,0,0,289,red,9966,T8B
202,1,0,0,289,red,9966,T8B
203,1,0,0,289,red,9966,T8B
204,1,0,0,289,red,9966,T8B
205,1,0,0,289,red,9966,T8B
206,1,0,0,289,red,9966,T8B
207,1,0,0,289,red,9966,T8B
208,1,0,0,289,red,9966,T8B
209,1,0,0,289,red,9966,T8B
210,1,0,0,289,red,9966,T8B
211,1,0,0,289,red,9966,T8B
212,1,0,0,289,red,9966,T8B
213,1,0,0,289,red,9966,T8B
214,1,0,0,289,red,9966,T8B
215,1,0,0,289,red,9966,T8B
216,1,0,0,289,red,9966,T8B
217,1,0,0,289,red,9966,T8B
218,1,0,0,289,red,9966,T8B
219,1,0,0,289,red,9966,T8B
220,1,0,0,289,red,9966,T8B
221,1,0,0,289,red,9966,T8B
222,1,0,0,289,red,9966,T8B
0,0,0,1,290,red,8632,T8B
1,0,0,1,290,red,8632,T8B
2,0,0,1,290,red,8632,T8B
3,0,0,1,290,red,8632,T8B
4,0,0,1,290,red,8632,T8B
5,0,0,1,290,red,8632,T8B
6,0,0,1,290,red,8632,T8B
7,0,0,1,290,red,8632,T8B
8,0,0,1,290,red,8632,T8B
9,0,0,1,290,red,8632,T8B
10,0,0,1,290,red,8632,T8B
11,0,0,1,290,red,8632,T8B
12,0,0,1,290,red,8632,T8B
13,0,0,1,290,red,8632,T8B
14,0,0,1,290,red,8632,T8B
15,0,0,1,290,red,8632,T8B
16,0,0,1,290,red,8632,T8B
17,0,0,1,290,red,8632,T8B
18,0,0,1,290,red,8632,T8B
19,0,0,1,290,red,8632,T8B
20,0,0,1,290,red,8632,T8B
21,0,0,1,290,red,8632,T8B
22,0,0,1,290,red,8632,T8B
23,0,0,1,290,red,8632,T8B
24,0,0,1,290,red,8632,T8B
25,0,0,1,290,red,8632,T8B
26,0,0,1,290,red,8632,T8B
27,0,0,1,290,red,8632,T8B
28,0,0,1,290,red,8632,T8B
29,0,1,0,290,red,8632,T8B
30,0,1,0,290,red,8632,T8B
31,0,1,0,290,red,8632,T8B
32,0,1,0,290,red,8632,T8B
33,0,1,0,290,red,8632,T8B
34,0,1,0,290,red,8632,T8B
35,0,1,0,290,red,8632,T8B
36,0,1,0,290,red,8632,T8B
37,0,1,0,290,red,8632,T8B
38,0,1,0,290,red,8632,T8B
39,0,1,0,290,red,8632,T8B
40,0,1,0,290,red,8632,T8B
41,0,1,0,290,red,8632,T8B
42,0,1,0,290,red,8632,T8B
43,0,1,0,290,red,8632,T8B
44,0,1,0,290,red,8632,T8B
45,0,1,0,290,red,8632,T8B
46,0,1,0,290,red,8632,T8B
47,0,1,0,290,red,8632,T8B
48,0,1,0,290,red,8632,T8B
49,0,1,0,290,red,8632,T8B
50,0,1,0,290,red,8632,T8B
51,0,1,0,290,red,8632,T8B
52,0,1,0,290,red,8632,T8B
53,0,1,0,290,red,8632,T8B
54,0,1,0,290,red,8632,T8B
55,0,1,0,290,red,8632,T8B
56,0,1,0,290,red,8632,T8B
57,0,1,0,290,red,8632,T8B
58,0,1,0,290,red,8632,T8B
59,0,1,0,290,red,8632,T8B
60,0,1,0,290,red,8632,T8B
61,0,1,0,290,red,8632,T8B
62,0,1,0,290,red,8632,T8B
63,0,1,0,290,red,8632,T8B
64,0,1,0,290,red,8632,T8B
65,0,1,0,290,red,8632,T8B
66,0,1,0,290,red,8632,T8B
67,0,1,0,290,red,8632,T8B
68,0,1,0,290,red,8632,T8B
69,0,1,0,290,red,8632,T8B
70,0,1,0,290,red,8632,T8B
71,0,1,0,290,red,8632,T8B
72,0,1,0,290,red,8632,T8B
73,0,1,0,290,red,8632,T8B
74,0,1,0,290,red,8632,T8B
75,0,1,0,290,red,8632,T8B
76,0,1,0,290,red,8632,T8B
77,0,1,0,290,red,8632,T8B
78,0,1,0,290,red,8632,T8B
79,0,1,0,290,red,8632,T8B
80,0,1,0,290,red,8632,T8B
81,0,1,0,290,red,8632,T8B
82,0,1,0,290,red,8632,T8B
83,0,1,0,290,red,8632,T8B
84,0,1,0,290,red,8632,T8B
85,0,1,0,290,red,8632,T8B
86,0,1,0,290,red,8632,T8B
87,0,1,0,290,red,8632,T8B
88,0,1,0,290,red,8632,T8B
89,0,1,0,290,red,8632,T8B
90,0,1,0,290,red,8632,T8B
91,0,1,0,290,red,8632,T8B
92,0,1,0,290,red,8632,T8B
93,0,1,0,290,red,8632,T8B
94,0,1,0,290,red,8632,T8B
95,0,1,0,290,red,8632,T8B
96,0,1,0,290,red,8632,T8B
97,0,1,0,290,red,8632,T8B
98,0,1,0,290,red,8632,T8B
99,0,1,0,290,red,8632,T8B
100,0,1,0,290,red,8632,T8B
101,0,1,0,290,red,8632,T8B
102,0,1,0,290,red,8632,T8B
103,0,1,0,290,red,8632,T8B
104,0,1,0,290,red,8632,T8B
105,0,1,0,290,red,8632,T8B
106,0,1,0,290,red,8632,T8B
107,0,1,0,290,red,8632,T8B
108,0,1,0,290,red,8632,T8B
109,0,1,0,290,red,8632,T8B
110,0,1,0,290,red,8632,T8B
111,0,1,0,290,red,8632,T8B
112,0,1,0,290,red,8632,T8B
113,0,1,0,290,red,8632,T8B
114,0,1,0,290,red,8632,T8B
115,0,1,0,290,red,8632,T8B
116,0,1,0,290,red,8632,T8B
117,0,1,0,290,red,8632,T8B
118,0,1,0,290,red,8632,T8B
119,0,1,0,290,red,8632,T8B
120,0,1,0,290,red,8632,T8B
121,0,1,0,290,red,8632,T8B
122,0,1,0,290,red,8632,T8B
123,0,1,0,290,red,8632,T8B
124,0,1,0,290,red,8632,T8B
125,0,1,0,290,red,8632,T8B
126,0,1,0,290,red,8632,T8B
127,0,1,0,290,red,8632,T8B
128,0,1,0,290,red,8632,T8B
129,0,1,0,290,red,8632,T8B
130,0,1,0,290,red,8632,T8B
131,0,1,0,290,red,8632,T8B
132,0,1,0,290,red,8632,T8B
133,0,1,0,290,red,8632,T8B
134,0,1,0,290,red,8632,T8B
135,0,1,0,290,red,8632,T8B
136,0,1,0,290,red,8632,T8B
137,0,1,0,290,red,8632,T8B
138,0,1,0,290,red,8632,T8B
139,0,1,0,290,red,8632,T8B
140,0,1,0,290,red,8632,T8B
141,0,1,0,290,red,8632,T8B
142,0,1,0,290,red,8632,T8B
143,0,1,0,290,red,8632,T8B
144,0,1,0,290,red,8632,T8B
145,0,0,1,290,red,8632,T8B
146,1,0,0,290,red,8632,T8B
147,1,0,0,290,red,8632,T8B
148,1,0,0,290,red,8632,T8B
149,1,0,0,290,red,8632,T8B
150,1,0,0,290,red,8632,T8B
151,1,0,0,290,red,8632,T8B
152,1,0,0,290,red,8632,T8B
153,1,0,0,290,red,8632,T8B
154,1,0,0,290,red,8632,T8B
155,1,0,0,290,red,8632,T8B
156,1,0,0,290,red,8632,T8B
157,1,0,0,290,red,8632,T8B
158,1,0,0,290,red,8632,T8B
159,1,0,0,290,red,8632,T8B
160,1,0,0,290,red,8632,T8B
161,1,0,0,290,red,8632,T8B
162,1,0,0,290,red,8632,T8B
163,1,0,0,290,red,8632,T8B
164,1,0,0,290,red,8632,T8B
165,1,0,0,290,red,8632,T8B
166,1,0,0,290,red,8632,T8B
167,1,0,0,290,red,8632,T8B
168,1,0,0,290,red,8632,T8B
169,1,0,0,290,red,8632,T8B
170,1,0,0,290,red,8632,T8B
171,1,0,0,290,red,8632,T8B
172,1,0,0,290,red,8632,T8B
173,1,0,0,290,red,8632,T8B
174,1,0,0,290,red,8632,T8B
175,1,0,0,290,red,8632,T8B
176,1,0,0,290,red,8632,T8B
177,1,0,0,290,red,8632,T8B
178,1,0,0,290,red,8632,T8B
179,1,0,0,290,red,8632,T8B
180,1,0,0,290,red,8632,T8B
181,1,0,0,290,red,8632,T8B
182,1,0,0,290,red,8632,T8B
183,1,0,0,290,red,8632,T8B
184,1,0,0,290,red,8632,T8B
185,1,0,0,290,red,8632,T8B
186,1,0,0,290,red,8632,T8B
187,1,0,0,290,red,8632,T8B
188,1,0,0,290,red,8632,T8B
189,1,0,0,290,red,8632,T8B
190,1,0,0,290,red,8632,T8B
191,1,0,0,290,red,8632,T8B
192,1,0,0,290,red,8632,T8B
193,1,0,0,290,red,8632,T8B
194,1,0,0,290,red,8632,T8B
195,1,0,0,290,red,8632,T8B
196,1,0,0,290,red,8632,T8B
197,1,0,0,290,red,8632,T8B
198,1,0,0,290,red,8632,T8B
199,1,0,0,290,red,8632,T8B
200,1,0,0,290,red,8632,T8B
201,1,0,0,290,red,8632,T8B
202,1,0,0,290,red,8632,T8B
203,1,0,0,290,red,8632,T8B
204,1,0,0,290,red,8632,T8B
205,1,0,0,290,red,8632,T8B
206,1,0,0,290,red,8632,T8B
207,1,0,0,290,red,8632,T8B
208,1,0,0,290,red,8632,T8B
209,1,0,0,290,red,8632,T8B
210,1,0,0,290,red,8632,T8B
211,1,0,0,290,red,8632,T8B
212,1,0,0,290,red,8632,T8B
213,1,0,0,290,red,8632,T8B
214,1,0,0,290,red,8632,T8B
215,1,0,0,290,red,8632,T8B
216,1,0,0,290,red,8632,T8B
217,1,0,0,290,red,8632,T8B
218,1,0,0,290,red,8632,T8B
219,1,0,0,290,red,8632,T8B
220,1,0,0,290,red,8632,T8B
221,1,0,0,290,red,8632,T8B
222,1,0,0,290,red,8632,T8B
0,0,0,1,291,red,10229,T8B
1,0,0,1,291,red,10229,T8B
2,0,0,1,291,red,10229,T8B
3,0,0,1,291,red,10229,T8B
4,0,0,1,291,red,10229,T8B
5,0,0,1,291,red,10229,T8B
6,0,0,1,291,red,10229,T8B
7,1,0,0,291,red,10229,T8B
8,0,1,0,291,red,10229,T8B
9,0,1,0,291,red,10229,T8B
10,0,1,0,291,red,10229,T8B
11,0,0,1,291,red,10229,T8B
12,0,0,1,291,red,10229,T8B
13,0,0,1,291,red,10229,T8B
14,1,0,0,291,red,10229,T8B
15,1,0,0,291,red,10229,T8B
16,0,0,1,291,red,10229,T8B
17,0,1,0,291,red,10229,T8B
18,0,1,0,291,red,10229,T8B
19,0,0,1,291,red,10229,T8B
20,1,0,0,291,red,10229,T8B
21,0,0,1,291,red,10229,T8B
22,0,0,1,291,red,10229,T8B
23,0,0,1,291,red,10229,T8B
24,0,1,0,291,red,10229,T8B
25,0,0,1,291,red,10229,T8B
26,0,0,1,291,red,10229,T8B
27,0,0,1,291,red,10229,T8B
28,0,1,0,291,red,10229,T8B
29,0,1,0,291,red,10229,T8B
30,0,1,0,291,red,10229,T8B
31,0,1,0,291,red,10229,T8B
32,0,1,0,291,red,10229,T8B
33,0,1,0,291,red,10229,T8B
34,0,1,0,291,red,10229,T8B
35,0,1,0,291,red,10229,T8B
36,0,1,0,291,red,10229,T8B
37,0,1,0,291,red,10229,T8B
38,0,1,0,291,red,10229,T8B
39,0,1,0,291,red,10229,T8B
40,0,1,0,291,red,10229,T8B
41,0,1,0,291,red,10229,T8B
42,0,1,0,291,red,10229,T8B
43,0,1,0,291,red,10229,T8B
44,0,1,0,291,red,10229,T8B
45,0,1,0,291,red,10229,T8B
46,0,1,0,291,red,10229,T8B
47,0,1,0,291,red,10229,T8B
48,0,1,0,291,red,10229,T8B
49,0,1,0,291,red,10229,T8B
50,0,1,0,291,red,10229,T8B
51,0,1,0,291,red,10229,T8B
52,0,1,0,291,red,10229,T8B
53,0,1,0,291,red,10229,T8B
54,0,1,0,291,red,10229,T8B
55,0,1,0,291,red,10229,T8B
56,0,1,0,291,red,10229,T8B
57,0,1,0,291,red,10229,T8B
58,0,1,0,291,red,10229,T8B
59,0,1,0,291,red,10229,T8B
60,0,1,0,291,red,10229,T8B
61,0,1,0,291,red,10229,T8B
62,0,1,0,291,red,10229,T8B
63,0,1,0,291,red,10229,T8B
64,0,1,0,291,red,10229,T8B
65,0,1,0,291,red,10229,T8B
66,0,1,0,291,red,10229,T8B
67,0,1,0,291,red,10229,T8B
68,0,1,0,291,red,10229,T8B
69,0,1,0,291,red,10229,T8B
70,0,1,0,291,red,10229,T8B
71,0,1,0,291,red,10229,T8B
72,0,1,0,291,red,10229,T8B
73,0,1,0,291,red,10229,T8B
74,0,1,0,291,red,10229,T8B
75,0,1,0,291,red,10229,T8B
76,0,1,0,291,red,10229,T8B
77,0,1,0,291,red,10229,T8B
78,0,1,0,291,red,10229,T8B
79,0,1,0,291,red,10229,T8B
80,0,1,0,291,red,10229,T8B
81,0,1,0,291,red,10229,T8B
82,0,1,0,291,red,10229,T8B
83,0,1,0,291,red,10229,T8B
84,0,1,0,291,red,10229,T8B
85,0,1,0,291,red,10229,T8B
86,0,1,0,291,red,10229,T8B
87,0,1,0,291,red,10229,T8B
88,0,1,0,291,red,10229,T8B
89,0,1,0,291,red,10229,T8B
90,0,1,0,291,red,10229,T8B
91,0,1,0,291,red,10229,T8B
92,0,1,0,291,red,10229,T8B
93,0,1,0,291,red,10229,T8B
94,0,1,0,291,red,10229,T8B
95,0,1,0,291,red,10229,T8B
96,0,1,0,291,red,10229,T8B
97,0,1,0,291,red,10229,T8B
98,0,1,0,291,red,10229,T8B
99,0,1,0,291,red,10229,T8B
100,0,1,0,291,red,10229,T8B
101,0,1,0,291,red,10229,T8B
102,0,1,0,291,red,10229,T8B
103,0,1,0,291,red,10229,T8B
104,0,1,0,291,red,10229,T8B
105,0,1,0,291,red,10229,T8B
106,0,1,0,291,red,10229,T8B
107,0,1,0,291,red,10229,T8B
108,0,1,0,291,red,10229,T8B
109,0,1,0,291,red,10229,T8B
110,0,1,0,291,red,10229,T8B
111,0,1,0,291,red,10229,T8B
112,0,1,0,291,red,10229,T8B
113,0,1,0,291,red,10229,T8B
114,0,1,0,291,red,10229,T8B
115,0,1,0,291,red,10229,T8B
116,0,1,0,291,red,10229,T8B
117,0,1,0,291,red,10229,T8B
118,0,1,0,291,red,10229,T8B
119,0,1,0,291,red,10229,T8B
120,0,1,0,291,red,10229,T8B
121,0,1,0,291,red,10229,T8B
122,0,1,0,291,red,10229,T8B
123,0,1,0,291,red,10229,T8B
124,0,1,0,291,red,10229,T8B
125,0,1,0,291,red,10229,T8B
126,0,1,0,291,red,10229,T8B
127,0,1,0,291,red,10229,T8B
128,0,1,0,291,red,10229,T8B
129,0,1,0,291,red,10229,T8B
130,0,1,0,291,red,10229,T8B
131,0,1,0,291,red,10229,T8B
132,0,1,0,291,red,10229,T8B
133,0,1,0,291,red,10229,T8B
134,0,1,0,291,red,10229,T8B
135,0,1,0,291,red,10229,T8B
136,0,1,0,291,red,10229,T8B
137,0,1,0,291,red,10229,T8B
138,0,1,0,291,red,10229,T8B
139,0,1,0,291,red,10229,T8B
140,0,1,0,291,red,10229,T8B
141,0,1,0,291,red,10229,T8B
142,0,1,0,291,red,10229,T8B
143,0,1,0,291,red,10229,T8B
144,0,1,0,291,red,10229,T8B
145,0,1,0,291,red,10229,T8B
146,0,1,0,291,red,10229,T8B
147,0,1,0,291,red,10229,T8B
148,0,1,0,291,red,10229,T8B
149,0,1,0,291,red,10229,T8B
150,0,1,0,291,red,10229,T8B
151,0,1,0,291,red,10229,T8B
152,0,1,0,291,red,10229,T8B
153,0,1,0,291,red,10229,T8B
154,0,1,0,291,red,10229,T8B
155,0,1,0,291,red,10229,T8B
156,0,1,0,291,red,10229,T8B
157,0,1,0,291,red,10229,T8B
158,0,1,0,291,red,10229,T8B
159,0,1,0,291,red,10229,T8B
160,0,1,0,291,red,10229,T8B
161,0,1,0,291,red,10229,T8B
162,0,1,0,291,red,10229,T8B
163,0,1,0,291,red,10229,T8B
164,0,1,0,291,red,10229,T8B
165,0,1,0,291,red,10229,T8B
166,0,1,0,291,red,10229,T8B
167,0,1,0,291,red,10229,T8B
168,0,1,0,291,red,10229,T8B
169,0,1,0,291,red,10229,T8B
170,0,1,0,291,red,10229,T8B
171,0,1,0,291,red,10229,T8B
172,0,1,0,291,red,10229,T8B
173,0,1,0,291,red,10229,T8B
174,0,1,0,291,red,10229,T8B
175,0,1,0,291,red,10229,T8B
176,0,1,0,291,red,10229,T8B
177,0,1,0,291,red,10229,T8B
178,0,1,0,291,red,10229,T8B
179,0,1,0,291,red,10229,T8B
180,0,1,0,291,red,10229,T8B
181,0,1,0,291,red,10229,T8B
182,0,1,0,291,red,10229,T8B
183,0,1,0,291,red,10229,T8B
184,0,1,0,291,red,10229,T8B
185,0,1,0,291,red,10229,T8B
186,0,1,0,291,red,10229,T8B
187,0,1,0,291,red,10229,T8B
188,0,1,0,291,red,10229,T8B
189,0,1,0,291,red,10229,T8B
190,0,1,0,291,red,10229,T8B
191,0,1,0,291,red,10229,T8B
192,0,1,0,291,red,10229,T8B
193,0,1,0,291,red,10229,T8B
194,0,1,0,291,red,10229,T8B
195,0,1,0,291,red,10229,T8B
196,0,1,0,291,red,10229,T8B
197,0,1,0,291,red,10229,T8B
198,0,1,0,291,red,10229,T8B
199,0,1,0,291,red,10229,T8B
200,0,1,0,291,red,10229,T8B
201,0,1,0,291,red,10229,T8B
202,0,1,0,291,red,10229,T8B
203,0,1,0,291,red,10229,T8B
204,0,1,0,291,red,10229,T8B
205,0,1,0,291,red,10229,T8B
206,0,1,0,291,red,10229,T8B
207,0,1,0,291,red,10229,T8B
208,0,1,0,291,red,10229,T8B
209,0,1,0,291,red,10229,T8B
210,0,1,0,291,red,10229,T8B
211,0,1,0,291,red,10229,T8B
212,0,1,0,291,red,10229,T8B
213,0,1,0,291,red,10229,T8B
214,0,1,0,291,red,10229,T8B
215,0,1,0,291,red,10229,T8B
216,0,1,0,291,red,10229,T8B
217,0,1,0,291,red,10229,T8B
218,0,1,0,291,red,10229,T8B
219,0,1,0,291,red,10229,T8B
220,0,1,0,291,red,10229,T8B
221,0,1,0,291,red,10229,T8B
222,0,1,0,291,red,10229,T8B
0,0,0,1,292,red,9427,T8B
1,0,0,1,292,red,9427,T8B
2,0,0,1,292,red,9427,T8B
3,0,0,1,292,red,9427,T8B
4,0,0,1,292,red,9427,T8B
5,0,0,1,292,red,9427,T8B
6,0,0,1,292,red,9427,T8B
7,0,0,1,292,red,9427,T8B
8,0,0,1,292,red,9427,T8B
9,1,0,0,292,red,9427,T8B
10,1,0,0,292,red,9427,T8B
11,1,0,0,292,red,9427,T8B
12,1,0,0,292,red,9427,T8B
13,1,0,0,292,red,9427,T8B
14,1,0,0,292,red,9427,T8B
15,1,0,0,292,red,9427,T8B
16,1,0,0,292,red,9427,T8B
17,1,0,0,292,red,9427,T8B
18,1,0,0,292,red,9427,T8B
19,1,0,0,292,red,9427,T8B
20,1,0,0,292,red,9427,T8B
21,1,0,0,292,red,9427,T8B
22,1,0,0,292,red,9427,T8B
23,1,0,0,292,red,9427,T8B
24,1,0,0,292,red,9427,T8B
25,0,0,1,292,red,9427,T8B
26,0,0,1,292,red,9427,T8B
27,0,0,1,292,red,9427,T8B
28,0,0,1,292,red,9427,T8B
29,0,0,1,292,red,9427,T8B
30,0,0,1,292,red,9427,T8B
31,0,0,1,292,red,9427,T8B
32,0,1,0,292,red,9427,T8B
33,0,1,0,292,red,9427,T8B
34,0,1,0,292,red,9427,T8B
35,0,1,0,292,red,9427,T8B
36,0,1,0,292,red,9427,T8B
37,0,1,0,292,red,9427,T8B
38,0,1,0,292,red,9427,T8B
39,0,1,0,292,red,9427,T8B
40,0,1,0,292,red,9427,T8B
41,0,1,0,292,red,9427,T8B
42,0,1,0,292,red,9427,T8B
43,0,1,0,292,red,9427,T8B
44,0,1,0,292,red,9427,T8B
45,0,1,0,292,red,9427,T8B
46,0,1,0,292,red,9427,T8B
47,0,1,0,292,red,9427,T8B
48,0,1,0,292,red,9427,T8B
49,0,1,0,292,red,9427,T8B
50,0,1,0,292,red,9427,T8B
51,0,1,0,292,red,9427,T8B
52,0,1,0,292,red,9427,T8B
53,0,1,0,292,red,9427,T8B
54,0,1,0,292,red,9427,T8B
55,0,1,0,292,red,9427,T8B
56,0,1,0,292,red,9427,T8B
57,0,1,0,292,red,9427,T8B
58,0,0,1,292,red,9427,T8B
59,0,0,1,292,red,9427,T8B
60,0,0,1,292,red,9427,T8B
61,0,0,1,292,red,9427,T8B
62,0,0,1,292,red,9427,T8B
63,0,0,1,292,red,9427,T8B
64,0,0,1,292,red,9427,T8B
65,0,0,1,292,red,9427,T8B
66,0,0,1,292,red,9427,T8B
67,0,1,0,292,red,9427,T8B
68,0,1,0,292,red,9427,T8B
69,0,1,0,292,red,9427,T8B
70,0,1,0,292,red,9427,T8B
71,0,1,0,292,red,9427,T8B
72,0,1,0,292,red,9427,T8B
73,0,1,0,292,red,9427,T8B
74,0,1,0,292,red,9427,T8B
75,0,1,0,292,red,9427,T8B
76,0,1,0,292,red,9427,T8B
77,0,1,0,292,red,9427,T8B
78,0,1,0,292,red,9427,T8B
79,0,1,0,292,red,9427,T8B
80,0,1,0,292,red,9427,T8B
81,0,1,0,292,red,9427,T8B
82,0,1,0,292,red,9427,T8B
83,0,1,0,292,red,9427,T8B
84,0,1,0,292,red,9427,T8B
85,0,1,0,292,red,9427,T8B
86,0,1,0,292,red,9427,T8B
87,0,1,0,292,red,9427,T8B
88,0,1,0,292,red,9427,T8B
89,0,1,0,292,red,9427,T8B
90,0,1,0,292,red,9427,T8B
91,0,0,1,292,red,9427,T8B
92,0,0,1,292,red,9427,T8B
93,0,0,1,292,red,9427,T8B
94,0,0,1,292,red,9427,T8B
95,0,0,1,292,red,9427,T8B
96,0,0,1,292,red,9427,T8B
97,0,1,0,292,red,9427,T8B
98,0,1,0,292,red,9427,T8B
99,0,1,0,292,red,9427,T8B
100,0,1,0,292,red,9427,T8B
101,0,1,0,292,red,9427,T8B
102,0,1,0,292,red,9427,T8B
103,0,1,0,292,red,9427,T8B
104,0,1,0,292,red,9427,T8B
105,0,1,0,292,red,9427,T8B
106,0,1,0,292,red,9427,T8B
107,0,1,0,292,red,9427,T8B
108,0,1,0,292,red,9427,T8B
109,0,1,0,292,red,9427,T8B
110,0,1,0,292,red,9427,T8B
111,0,1,0,292,red,9427,T8B
112,0,1,0,292,red,9427,T8B
113,0,1,0,292,red,9427,T8B
114,0,1,0,292,red,9427,T8B
115,0,0,1,292,red,9427,T8B
116,0,0,1,292,red,9427,T8B
117,0,0,1,292,red,9427,T8B
118,0,0,1,292,red,9427,T8B
119,0,0,1,292,red,9427,T8B
120,0,0,1,292,red,9427,T8B
121,0,0,1,292,red,9427,T8B
122,0,0,1,292,red,9427,T8B
123,0,1,0,292,red,9427,T8B
124,0,1,0,292,red,9427,T8B
125,0,1,0,292,red,9427,T8B
126,0,1,0,292,red,9427,T8B
127,0,1,0,292,red,9427,T8B
128,0,1,0,292,red,9427,T8B
129,0,1,0,292,red,9427,T8B
130,0,1,0,292,red,9427,T8B
131,0,1,0,292,red,9427,T8B
132,0,1,0,292,red,9427,T8B
133,0,1,0,292,red,9427,T8B
134,0,1,0,292,red,9427,T8B
135,0,1,0,292,red,9427,T8B
136,0,1,0,292,red,9427,T8B
137,0,1,0,292,red,9427,T8B
138,1,0,0,292,red,9427,T8B
139,1,0,0,292,red,9427,T8B
140,1,0,0,292,red,9427,T8B
141,1,0,0,292,red,9427,T8B
142,1,0,0,292,red,9427,T8B
143,1,0,0,292,red,9427,T8B
144,1,0,0,292,red,9427,T8B
145,1,0,0,292,red,9427,T8B
146,1,0,0,292,red,9427,T8B
147,1,0,0,292,red,9427,T8B
148,1,0,0,292,red,9427,T8B
149,1,0,0,292,red,9427,T8B
150,1,0,0,292,red,9427,T8B
151,1,0,0,292,red,9427,T8B
152,1,0,0,292,red,9427,T8B
153,1,0,0,292,red,9427,T8B
154,1,0,0,292,red,9427,T8B
155,1,0,0,292,red,9427,T8B
156,1,0,0,292,red,9427,T8B
157,1,0,0,292,red,9427,T8B
158,1,0,0,292,red,9427,T8B
159,1,0,0,292,red,9427,T8B
160,1,0,0,292,red,9427,T8B
161,1,0,0,292,red,9427,T8B
162,1,0,0,292,red,9427,T8B
163,1,0,0,292,red,9427,T8B
164,1,0,0,292,red,9427,T8B
165,1,0,0,292,red,9427,T8B
166,1,0,0,292,red,9427,T8B
167,1,0,0,292,red,9427,T8B
168,1,0,0,292,red,9427,T8B
169,1,0,0,292,red,9427,T8B
170,1,0,0,292,red,9427,T8B
171,1,0,0,292,red,9427,T8B
172,1,0,0,292,red,9427,T8B
173,1,0,0,292,red,9427,T8B
174,1,0,0,292,red,9427,T8B
175,1,0,0,292,red,9427,T8B
176,1,0,0,292,red,9427,T8B
177,1,0,0,292,red,9427,T8B
178,1,0,0,292,red,9427,T8B
179,1,0,0,292,red,9427,T8B
180,1,0,0,292,red,9427,T8B
181,1,0,0,292,red,9427,T8B
182,1,0,0,292,red,9427,T8B
183,1,0,0,292,red,9427,T8B
184,1,0,0,292,red,9427,T8B
185,1,0,0,292,red,9427,T8B
186,1,0,0,292,red,9427,T8B
187,1,0,0,292,red,9427,T8B
188,1,0,0,292,red,9427,T8B
189,1,0,0,292,red,9427,T8B
190,1,0,0,292,red,9427,T8B
191,1,0,0,292,red,9427,T8B
192,1,0,0,292,red,9427,T8B
193,1,0,0,292,red,9427,T8B
194,1,0,0,292,red,9427,T8B
195,1,0,0,292,red,9427,T8B
196,1,0,0,292,red,9427,T8B
197,1,0,0,292,red,9427,T8B
198,1,0,0,292,red,9427,T8B
199,1,0,0,292,red,9427,T8B
200,1,0,0,292,red,9427,T8B
201,1,0,0,292,red,9427,T8B
202,1,0,0,292,red,9427,T8B
203,1,0,0,292,red,9427,T8B
204,1,0,0,292,red,9427,T8B
205,1,0,0,292,red,9427,T8B
206,1,0,0,292,red,9427,T8B
207,1,0,0,292,red,9427,T8B
208,1,0,0,292,red,9427,T8B
209,1,0,0,292,red,9427,T8B
210,1,0,0,292,red,9427,T8B
211,1,0,0,292,red,9427,T8B
212,1,0,0,292,red,9427,T8B
213,1,0,0,292,red,9427,T8B
214,1,0,0,292,red,9427,T8B
215,1,0,0,292,red,9427,T8B
216,1,0,0,292,red,9427,T8B
217,1,0,0,292,red,9427,T8B
218,1,0,0,292,red,9427,T8B
219,1,0,0,292,red,9427,T8B
220,1,0,0,292,red,9427,T8B
221,1,0,0,292,red,9427,T8B
222,1,0,0,292,red,9427,T8B
0,0,0,1,293,red,10531,T8B
1,0,0,1,293,red,10531,T8B
2,0,0,1,293,red,10531,T8B
3,0,0,1,293,red,10531,T8B
4,0,0,1,293,red,10531,T8B
5,0,0,1,293,red,10531,T8B
6,0,0,1,293,red,10531,T8B
7,0,0,1,293,red,10531,T8B
8,0,0,1,293,red,10531,T8B
9,0,0,1,293,red,10531,T8B
10,0,0,1,293,red,10531,T8B
11,0,0,1,293,red,10531,T8B
12,0,0,1,293,red,10531,T8B
13,0,0,1,293,red,10531,T8B
14,0,0,1,293,red,10531,T8B
15,0,0,1,293,red,10531,T8B
16,0,0,1,293,red,10531,T8B
17,0,0,1,293,red,10531,T8B
18,0,0,1,293,red,10531,T8B
19,0,0,1,293,red,10531,T8B
20,0,0,1,293,red,10531,T8B
21,0,0,1,293,red,10531,T8B
22,0,0,1,293,red,10531,T8B
23,0,0,1,293,red,10531,T8B
24,0,0,1,293,red,10531,T8B
25,0,0,1,293,red,10531,T8B
26,0,0,1,293,red,10531,T8B
27,0,0,1,293,red,10531,T8B
28,0,0,1,293,red,10531,T8B
29,0,0,1,293,red,10531,T8B
30,0,0,1,293,red,10531,T8B
31,0,0,1,293,red,10531,T8B
32,0,0,1,293,red,10531,T8B
33,0,0,1,293,red,10531,T8B
34,0,0,1,293,red,10531,T8B
35,0,0,1,293,red,10531,T8B
36,0,0,1,293,red,10531,T8B
37,0,0,1,293,red,10531,T8B
38,0,0,1,293,red,10531,T8B
39,0,0,1,293,red,10531,T8B
40,0,1,0,293,red,10531,T8B
41,0,1,0,293,red,10531,T8B
42,0,1,0,293,red,10531,T8B
43,0,1,0,293,red,10531,T8B
44,0,1,0,293,red,10531,T8B
45,0,1,0,293,red,10531,T8B
46,0,1,0,293,red,10531,T8B
47,0,1,0,293,red,10531,T8B
48,0,1,0,293,red,10531,T8B
49,0,1,0,293,red,10531,T8B
50,0,1,0,293,red,10531,T8B
51,0,1,0,293,red,10531,T8B
52,0,1,0,293,red,10531,T8B
53,0,1,0,293,red,10531,T8B
54,0,1,0,293,red,10531,T8B
55,0,1,0,293,red,10531,T8B
56,0,1,0,293,red,10531,T8B
57,0,1,0,293,red,10531,T8B
58,0,1,0,293,red,10531,T8B
59,0,1,0,293,red,10531,T8B
60,0,1,0,293,red,10531,T8B
61,0,1,0,293,red,10531,T8B
62,0,1,0,293,red,10531,T8B
63,0,1,0,293,red,10531,T8B
64,0,1,0,293,red,10531,T8B
65,0,1,0,293,red,10531,T8B
66,0,1,0,293,red,10531,T8B
67,0,1,0,293,red,10531,T8B
68,0,1,0,293,red,10531,T8B
69,0,1,0,293,red,10531,T8B
70,0,1,0,293,red,10531,T8B
71,0,1,0,293,red,10531,T8B
72,0,1,0,293,red,10531,T8B
73,0,1,0,293,red,10531,T8B
74,0,1,0,293,red,10531,T8B
75,0,1,0,293,red,10531,T8B
76,0,1,0,293,red,10531,T8B
77,0,1,0,293,red,10531,T8B
78,0,1,0,293,red,10531,T8B
79,0,1,0,293,red,10531,T8B
80,0,1,0,293,red,10531,T8B
81,0,1,0,293,red,10531,T8B
82,0,1,0,293,red,10531,T8B
83,0,1,0,293,red,10531,T8B
84,0,1,0,293,red,10531,T8B
85,0,1,0,293,red,10531,T8B
86,0,1,0,293,red,10531,T8B
87,0,1,0,293,red,10531,T8B
88,0,1,0,293,red,10531,T8B
89,0,1,0,293,red,10531,T8B
90,0,1,0,293,red,10531,T8B
91,0,1,0,293,red,10531,T8B
92,0,1,0,293,red,10531,T8B
93,0,1,0,293,red,10531,T8B
94,0,1,0,293,red,10531,T8B
95,0,1,0,293,red,10531,T8B
96,0,1,0,293,red,10531,T8B
97,0,1,0,293,red,10531,T8B
98,0,1,0,293,red,10531,T8B
99,0,1,0,293,red,10531,T8B
100,0,1,0,293,red,10531,T8B
101,0,1,0,293,red,10531,T8B
102,0,1,0,293,red,10531,T8B
103,0,1,0,293,red,10531,T8B
104,0,1,0,293,red,10531,T8B
105,0,1,0,293,red,10531,T8B
106,0,1,0,293,red,10531,T8B
107,0,1,0,293,red,10531,T8B
108,0,1,0,293,red,10531,T8B
109,0,1,0,293,red,10531,T8B
110,0,1,0,293,red,10531,T8B
111,0,1,0,293,red,10531,T8B
112,0,1,0,293,red,10531,T8B
113,0,1,0,293,red,10531,T8B
114,0,1,0,293,red,10531,T8B
115,0,1,0,293,red,10531,T8B
116,0,1,0,293,red,10531,T8B
117,0,1,0,293,red,10531,T8B
118,0,1,0,293,red,10531,T8B
119,0,1,0,293,red,10531,T8B
120,0,1,0,293,red,10531,T8B
121,0,1,0,293,red,10531,T8B
122,0,1,0,293,red,10531,T8B
123,0,1,0,293,red,10531,T8B
124,0,1,0,293,red,10531,T8B
125,0,1,0,293,red,10531,T8B
126,0,1,0,293,red,10531,T8B
127,0,1,0,293,red,10531,T8B
128,0,1,0,293,red,10531,T8B
129,1,0,0,293,red,10531,T8B
130,1,0,0,293,red,10531,T8B
131,1,0,0,293,red,10531,T8B
132,1,0,0,293,red,10531,T8B
133,1,0,0,293,red,10531,T8B
134,1,0,0,293,red,10531,T8B
135,1,0,0,293,red,10531,T8B
136,1,0,0,293,red,10531,T8B
137,1,0,0,293,red,10531,T8B
138,1,0,0,293,red,10531,T8B
139,1,0,0,293,red,10531,T8B
140,1,0,0,293,red,10531,T8B
141,1,0,0,293,red,10531,T8B
142,1,0,0,293,red,10531,T8B
143,1,0,0,293,red,10531,T8B
144,1,0,0,293,red,10531,T8B
145,1,0,0,293,red,10531,T8B
146,1,0,0,293,red,10531,T8B
147,1,0,0,293,red,10531,T8B
148,1,0,0,293,red,10531,T8B
149,1,0,0,293,red,10531,T8B
150,1,0,0,293,red,10531,T8B
151,1,0,0,293,red,10531,T8B
152,1,0,0,293,red,10531,T8B
153,1,0,0,293,red,10531,T8B
154,1,0,0,293,red,10531,T8B
155,1,0,0,293,red,10531,T8B
156,1,0,0,293,red,10531,T8B
157,1,0,0,293,red,10531,T8B
158,1,0,0,293,red,10531,T8B
159,1,0,0,293,red,10531,T8B
160,1,0,0,293,red,10531,T8B
161,1,0,0,293,red,10531,T8B
162,1,0,0,293,red,10531,T8B
163,1,0,0,293,red,10531,T8B
164,1,0,0,293,red,10531,T8B
165,1,0,0,293,red,10531,T8B
166,1,0,0,293,red,10531,T8B
167,1,0,0,293,red,10531,T8B
168,1,0,0,293,red,10531,T8B
169,1,0,0,293,red,10531,T8B
170,1,0,0,293,red,10531,T8B
171,1,0,0,293,red,10531,T8B
172,1,0,0,293,red,10531,T8B
173,1,0,0,293,red,10531,T8B
174,1,0,0,293,red,10531,T8B
175,1,0,0,293,red,10531,T8B
176,1,0,0,293,red,10531,T8B
177,1,0,0,293,red,10531,T8B
178,1,0,0,293,red,10531,T8B
179,1,0,0,293,red,10531,T8B
180,1,0,0,293,red,10531,T8B
181,1,0,0,293,red,10531,T8B
182,1,0,0,293,red,10531,T8B
183,1,0,0,293,red,10531,T8B
184,1,0,0,293,red,10531,T8B
185,1,0,0,293,red,10531,T8B
186,1,0,0,293,red,10531,T8B
187,1,0,0,293,red,10531,T8B
188,1,0,0,293,red,10531,T8B
189,1,0,0,293,red,10531,T8B
190,1,0,0,293,red,10531,T8B
191,1,0,0,293,red,10531,T8B
192,1,0,0,293,red,10531,T8B
193,1,0,0,293,red,10531,T8B
194,1,0,0,293,red,10531,T8B
195,1,0,0,293,red,10531,T8B
196,1,0,0,293,red,10531,T8B
197,1,0,0,293,red,10531,T8B
198,1,0,0,293,red,10531,T8B
199,1,0,0,293,red,10531,T8B
200,1,0,0,293,red,10531,T8B
201,1,0,0,293,red,10531,T8B
202,1,0,0,293,red,10531,T8B
203,1,0,0,293,red,10531,T8B
204,1,0,0,293,red,10531,T8B
205,1,0,0,293,red,10531,T8B
206,1,0,0,293,red,10531,T8B
207,1,0,0,293,red,10531,T8B
208,1,0,0,293,red,10531,T8B
209,1,0,0,293,red,10531,T8B
210,1,0,0,293,red,10531,T8B
211,1,0,0,293,red,10531,T8B
212,1,0,0,293,red,10531,T8B
213,1,0,0,293,red,10531,T8B
214,1,0,0,293,red,10531,T8B
215,1,0,0,293,red,10531,T8B
216,1,0,0,293,red,10531,T8B
217,1,0,0,293,red,10531,T8B
218,1,0,0,293,red,10531,T8B
219,1,0,0,293,red,10531,T8B
220,1,0,0,293,red,10531,T8B
221,1,0,0,293,red,10531,T8B
222,1,0,0,293,red,10531,T8B
0,0,0,1,294,red,9019,T8B
1,0,0,1,294,red,9019,T8B
2,0,0,1,294,red,9019,T8B
3,0,0,1,294,red,9019,T8B
4,0,0,1,294,red,9019,T8B
5,0,0,1,294,red,9019,T8B
6,0,0,1,294,red,9019,T8B
7,0,0,1,294,red,9019,T8B
8,0,0,1,294,red,9019,T8B
9,0,0,1,294,red,9019,T8B
10,0,0,1,294,red,9019,T8B
11,0,0,1,294,red,9019,T8B
12,0,0,1,294,red,9019,T8B
13,0,0,1,294,red,9019,T8B
14,0,0,1,294,red,9019,T8B
15,0,0,1,294,red,9019,T8B
16,0,0,1,294,red,9019,T8B
17,0,0,1,294,red,9019,T8B
18,0,0,1,294,red,9019,T8B
19,0,0,1,294,red,9019,T8B
20,0,0,1,294,red,9019,T8B
21,0,0,1,294,red,9019,T8B
22,0,0,1,294,red,9019,T8B
23,0,0,1,294,red,9019,T8B
24,0,0,1,294,red,9019,T8B
25,0,0,1,294,red,9019,T8B
26,0,0,1,294,red,9019,T8B
27,0,0,1,294,red,9019,T8B
28,0,0,1,294,red,9019,T8B
29,0,0,1,294,red,9019,T8B
30,0,0,1,294,red,9019,T8B
31,0,0,1,294,red,9019,T8B
32,0,0,1,294,red,9019,T8B
33,0,0,1,294,red,9019,T8B
34,0,0,1,294,red,9019,T8B
35,1,0,0,294,red,9019,T8B
36,1,0,0,294,red,9019,T8B
37,1,0,0,294,red,9019,T8B
38,1,0,0,294,red,9019,T8B
39,1,0,0,294,red,9019,T8B
40,1,0,0,294,red,9019,T8B
41,1,0,0,294,red,9019,T8B
42,1,0,0,294,red,9019,T8B
43,1,0,0,294,red,9019,T8B
44,1,0,0,294,red,9019,T8B
45,1,0,0,294,red,9019,T8B
46,1,0,0,294,red,9019,T8B
47,1,0,0,294,red,9019,T8B
48,1,0,0,294,red,9019,T8B
49,1,0,0,294,red,9019,T8B
50,1,0,0,294,red,9019,T8B
51,1,0,0,294,red,9019,T8B
52,1,0,0,294,red,9019,T8B
53,1,0,0,294,red,9019,T8B
54,1,0,0,294,red,9019,T8B
55,1,0,0,294,red,9019,T8B
56,1,0,0,294,red,9019,T8B
57,1,0,0,294,red,9019,T8B
58,1,0,0,294,red,9019,T8B
59,1,0,0,294,red,9019,T8B
60,1,0,0,294,red,9019,T8B
61,1,0,0,294,red,9019,T8B
62,1,0,0,294,red,9019,T8B
63,1,0,0,294,red,9019,T8B
64,1,0,0,294,red,9019,T8B
65,1,0,0,294,red,9019,T8B
66,1,0,0,294,red,9019,T8B
67,1,0,0,294,red,9019,T8B
68,1,0,0,294,red,9019,T8B
69,1,0,0,294,red,9019,T8B
70,1,0,0,294,red,9019,T8B
71,1,0,0,294,red,9019,T8B
72,1,0,0,294,red,9019,T8B
73,1,0,0,294,red,9019,T8B
74,1,0,0,294,red,9019,T8B
75,1,0,0,294,red,9019,T8B
76,1,0,0,294,red,9019,T8B
77,1,0,0,294,red,9019,T8B
78,1,0,0,294,red,9019,T8B
79,1,0,0,294,red,9019,T8B
80,1,0,0,294,red,9019,T8B
81,1,0,0,294,red,9019,T8B
82,1,0,0,294,red,9019,T8B
83,1,0,0,294,red,9019,T8B
84,1,0,0,294,red,9019,T8B
85,1,0,0,294,red,9019,T8B
86,1,0,0,294,red,9019,T8B
87,1,0,0,294,red,9019,T8B
88,1,0,0,294,red,9019,T8B
89,1,0,0,294,red,9019,T8B
90,1,0,0,294,red,9019,T8B
91,1,0,0,294,red,9019,T8B
92,1,0,0,294,red,9019,T8B
93,1,0,0,294,red,9019,T8B
94,1,0,0,294,red,9019,T8B
95,1,0,0,294,red,9019,T8B
96,1,0,0,294,red,9019,T8B
97,1,0,0,294,red,9019,T8B
98,1,0,0,294,red,9019,T8B
99,1,0,0,294,red,9019,T8B
100,1,0,0,294,red,9019,T8B
101,1,0,0,294,red,9019,T8B
102,1,0,0,294,red,9019,T8B
103,1,0,0,294,red,9019,T8B
104,1,0,0,294,red,9019,T8B
105,1,0,0,294,red,9019,T8B
106,1,0,0,294,red,9019,T8B
107,1,0,0,294,red,9019,T8B
108,1,0,0,294,red,9019,T8B
109,1,0,0,294,red,9019,T8B
110,1,0,0,294,red,9019,T8B
111,1,0,0,294,red,9019,T8B
112,1,0,0,294,red,9019,T8B
113,1,0,0,294,red,9019,T8B
114,1,0,0,294,red,9019,T8B
115,1,0,0,294,red,9019,T8B
116,1,0,0,294,red,9019,T8B
117,1,0,0,294,red,9019,T8B
118,1,0,0,294,red,9019,T8B
119,1,0,0,294,red,9019,T8B
120,1,0,0,294,red,9019,T8B
121,1,0,0,294,red,9019,T8B
122,1,0,0,294,red,9019,T8B
123,1,0,0,294,red,9019,T8B
124,1,0,0,294,red,9019,T8B
125,1,0,0,294,red,9019,T8B
126,1,0,0,294,red,9019,T8B
127,1,0,0,294,red,9019,T8B
128,1,0,0,294,red,9019,T8B
129,1,0,0,294,red,9019,T8B
130,1,0,0,294,red,9019,T8B
131,1,0,0,294,red,9019,T8B
132,1,0,0,294,red,9019,T8B
133,1,0,0,294,red,9019,T8B
134,1,0,0,294,red,9019,T8B
135,1,0,0,294,red,9019,T8B
136,1,0,0,294,red,9019,T8B
137,1,0,0,294,red,9019,T8B
138,1,0,0,294,red,9019,T8B
139,1,0,0,294,red,9019,T8B
140,1,0,0,294,red,9019,T8B
141,1,0,0,294,red,9019,T8B
142,1,0,0,294,red,9019,T8B
143,1,0,0,294,red,9019,T8B
144,1,0,0,294,red,9019,T8B
145,1,0,0,294,red,9019,T8B
146,1,0,0,294,red,9019,T8B
147,1,0,0,294,red,9019,T8B
148,1,0,0,294,red,9019,T8B
149,1,0,0,294,red,9019,T8B
150,1,0,0,294,red,9019,T8B
151,1,0,0,294,red,9019,T8B
152,1,0,0,294,red,9019,T8B
153,1,0,0,294,red,9019,T8B
154,1,0,0,294,red,9019,T8B
155,1,0,0,294,red,9019,T8B
156,1,0,0,294,red,9019,T8B
157,1,0,0,294,red,9019,T8B
158,1,0,0,294,red,9019,T8B
159,1,0,0,294,red,9019,T8B
160,1,0,0,294,red,9019,T8B
161,1,0,0,294,red,9019,T8B
162,1,0,0,294,red,9019,T8B
163,1,0,0,294,red,9019,T8B
164,1,0,0,294,red,9019,T8B
165,1,0,0,294,red,9019,T8B
166,1,0,0,294,red,9019,T8B
167,1,0,0,294,red,9019,T8B
168,1,0,0,294,red,9019,T8B
169,1,0,0,294,red,9019,T8B
170,1,0,0,294,red,9019,T8B
171,1,0,0,294,red,9019,T8B
172,1,0,0,294,red,9019,T8B
173,1,0,0,294,red,9019,T8B
174,1,0,0,294,red,9019,T8B
175,1,0,0,294,red,9019,T8B
176,1,0,0,294,red,9019,T8B
177,1,0,0,294,red,9019,T8B
178,1,0,0,294,red,9019,T8B
179,1,0,0,294,red,9019,T8B
180,1,0,0,294,red,9019,T8B
181,1,0,0,294,red,9019,T8B
182,1,0,0,294,red,9019,T8B
183,1,0,0,294,red,9019,T8B
184,1,0,0,294,red,9019,T8B
185,1,0,0,294,red,9019,T8B
186,1,0,0,294,red,9019,T8B
187,1,0,0,294,red,9019,T8B
188,1,0,0,294,red,9019,T8B
189,1,0,0,294,red,9019,T8B
190,1,0,0,294,red,9019,T8B
191,1,0,0,294,red,9019,T8B
192,1,0,0,294,red,9019,T8B
193,1,0,0,294,red,9019,T8B
194,1,0,0,294,red,9019,T8B
195,1,0,0,294,red,9019,T8B
196,1,0,0,294,red,9019,T8B
197,1,0,0,294,red,9019,T8B
198,1,0,0,294,red,9019,T8B
199,1,0,0,294,red,9019,T8B
200,1,0,0,294,red,9019,T8B
201,1,0,0,294,red,9019,T8B
202,1,0,0,294,red,9019,T8B
203,1,0,0,294,red,9019,T8B
204,1,0,0,294,red,9019,T8B
205,1,0,0,294,red,9019,T8B
206,1,0,0,294,red,9019,T8B
207,1,0,0,294,red,9019,T8B
208,1,0,0,294,red,9019,T8B
209,1,0,0,294,red,9019,T8B
210,1,0,0,294,red,9019,T8B
211,1,0,0,294,red,9019,T8B
212,1,0,0,294,red,9019,T8B
213,1,0,0,294,red,9019,T8B
214,1,0,0,294,red,9019,T8B
215,1,0,0,294,red,9019,T8B
216,1,0,0,294,red,9019,T8B
217,1,0,0,294,red,9019,T8B
218,1,0,0,294,red,9019,T8B
219,1,0,0,294,red,9019,T8B
220,1,0,0,294,red,9019,T8B
221,1,0,0,294,red,9019,T8B
222,1,0,0,294,red,9019,T8B
0,0,0,1,296,red,10292,T8B
1,0,0,1,296,red,10292,T8B
2,0,0,1,296,red,10292,T8B
3,0,0,1,296,red,10292,T8B
4,0,0,1,296,red,10292,T8B
5,0,0,1,296,red,10292,T8B
6,0,0,1,296,red,10292,T8B
7,0,0,1,296,red,10292,T8B
8,0,0,1,296,red,10292,T8B
9,0,0,1,296,red,10292,T8B
10,0,0,1,296,red,10292,T8B
11,0,0,1,296,red,10292,T8B
12,0,0,1,296,red,10292,T8B
13,0,0,1,296,red,10292,T8B
14,0,0,1,296,red,10292,T8B
15,0,0,1,296,red,10292,T8B
16,0,0,1,296,red,10292,T8B
17,0,0,1,296,red,10292,T8B
18,0,0,1,296,red,10292,T8B
19,0,0,1,296,red,10292,T8B
20,0,0,1,296,red,10292,T8B
21,0,0,1,296,red,10292,T8B
22,0,0,1,296,red,10292,T8B
23,0,0,1,296,red,10292,T8B
24,0,0,1,296,red,10292,T8B
25,0,0,1,296,red,10292,T8B
26,0,0,1,296,red,10292,T8B
27,0,0,1,296,red,10292,T8B
28,0,0,1,296,red,10292,T8B
29,0,0,1,296,red,10292,T8B
30,0,0,1,296,red,10292,T8B
31,0,0,1,296,red,10292,T8B
32,0,0,1,296,red,10292,T8B
33,0,0,1,296,red,10292,T8B
34,0,0,1,296,red,10292,T8B
35,0,0,1,296,red,10292,T8B
36,0,0,1,296,red,10292,T8B
37,0,0,1,296,red,10292,T8B
38,0,0,1,296,red,10292,T8B
39,0,0,1,296,red,10292,T8B
40,0,0,1,296,red,10292,T8B
41,0,0,1,296,red,10292,T8B
42,0,0,1,296,red,10292,T8B
43,0,0,1,296,red,10292,T8B
44,0,0,1,296,red,10292,T8B
45,0,0,1,296,red,10292,T8B
46,0,0,1,296,red,10292,T8B
47,0,0,1,296,red,10292,T8B
48,0,0,1,296,red,10292,T8B
49,0,0,1,296,red,10292,T8B
50,0,0,1,296,red,10292,T8B
51,0,0,1,296,red,10292,T8B
52,0,0,1,296,red,10292,T8B
53,0,0,1,296,red,10292,T8B
54,0,0,1,296,red,10292,T8B
55,0,0,1,296,red,10292,T8B
56,0,0,1,296,red,10292,T8B
57,0,0,1,296,red,10292,T8B
58,0,0,1,296,red,10292,T8B
59,0,0,1,296,red,10292,T8B
60,0,0,1,296,red,10292,T8B
61,0,0,1,296,red,10292,T8B
62,0,0,1,296,red,10292,T8B
63,0,0,1,296,red,10292,T8B
64,0,0,1,296,red,10292,T8B
65,0,0,1,296,red,10292,T8B
66,0,0,1,296,red,10292,T8B
67,0,0,1,296,red,10292,T8B
68,0,0,1,296,red,10292,T8B
69,0,0,1,296,red,10292,T8B
70,0,1,0,296,red,10292,T8B
71,0,1,0,296,red,10292,T8B
72,0,1,0,296,red,10292,T8B
73,0,1,0,296,red,10292,T8B
74,0,1,0,296,red,10292,T8B
75,0,1,0,296,red,10292,T8B
76,0,1,0,296,red,10292,T8B
77,0,1,0,296,red,10292,T8B
78,0,1,0,296,red,10292,T8B
79,0,1,0,296,red,10292,T8B
80,0,1,0,296,red,10292,T8B
81,0,1,0,296,red,10292,T8B
82,0,1,0,296,red,10292,T8B
83,0,1,0,296,red,10292,T8B
84,0,1,0,296,red,10292,T8B
85,0,1,0,296,red,10292,T8B
86,0,1,0,296,red,10292,T8B
87,0,1,0,296,red,10292,T8B
88,0,1,0,296,red,10292,T8B
89,0,1,0,296,red,10292,T8B
90,0,1,0,296,red,10292,T8B
91,0,1,0,296,red,10292,T8B
92,0,1,0,296,red,10292,T8B
93,0,1,0,296,red,10292,T8B
94,0,1,0,296,red,10292,T8B
95,0,1,0,296,red,10292,T8B
96,0,1,0,296,red,10292,T8B
97,0,1,0,296,red,10292,T8B
98,0,1,0,296,red,10292,T8B
99,0,1,0,296,red,10292,T8B
100,0,1,0,296,red,10292,T8B
101,0,1,0,296,red,10292,T8B
102,0,1,0,296,red,10292,T8B
103,0,1,0,296,red,10292,T8B
104,0,1,0,296,red,10292,T8B
105,0,1,0,296,red,10292,T8B
106,0,1,0,296,red,10292,T8B
107,0,1,0,296,red,10292,T8B
108,0,1,0,296,red,10292,T8B
109,0,1,0,296,red,10292,T8B
110,0,1,0,296,red,10292,T8B
111,0,1,0,296,red,10292,T8B
112,0,1,0,296,red,10292,T8B
113,0,1,0,296,red,10292,T8B
114,0,1,0,296,red,10292,T8B
115,0,1,0,296,red,10292,T8B
116,0,1,0,296,red,10292,T8B
117,0,1,0,296,red,10292,T8B
118,0,1,0,296,red,10292,T8B
119,0,1,0,296,red,10292,T8B
120,0,1,0,296,red,10292,T8B
121,0,1,0,296,red,10292,T8B
122,0,1,0,296,red,10292,T8B
123,0,1,0,296,red,10292,T8B
124,0,1,0,296,red,10292,T8B
125,0,1,0,296,red,10292,T8B
126,0,1,0,296,red,10292,T8B
127,0,1,0,296,red,10292,T8B
128,0,1,0,296,red,10292,T8B
129,0,1,0,296,red,10292,T8B
130,0,1,0,296,red,10292,T8B
131,0,1,0,296,red,10292,T8B
132,0,1,0,296,red,10292,T8B
133,0,1,0,296,red,10292,T8B
134,0,1,0,296,red,10292,T8B
135,0,1,0,296,red,10292,T8B
136,0,1,0,296,red,10292,T8B
137,0,1,0,296,red,10292,T8B
138,0,1,0,296,red,10292,T8B
139,0,1,0,296,red,10292,T8B
140,0,1,0,296,red,10292,T8B
141,0,1,0,296,red,10292,T8B
142,0,1,0,296,red,10292,T8B
143,0,1,0,296,red,10292,T8B
144,0,1,0,296,red,10292,T8B
145,0,1,0,296,red,10292,T8B
146,0,1,0,296,red,10292,T8B
147,0,1,0,296,red,10292,T8B
148,0,1,0,296,red,10292,T8B
149,0,1,0,296,red,10292,T8B
150,0,1,0,296,red,10292,T8B
151,0,1,0,296,red,10292,T8B
152,0,1,0,296,red,10292,T8B
153,1,0,0,296,red,10292,T8B
154,1,0,0,296,red,10292,T8B
155,1,0,0,296,red,10292,T8B
156,1,0,0,296,red,10292,T8B
157,1,0,0,296,red,10292,T8B
158,1,0,0,296,red,10292,T8B
159,1,0,0,296,red,10292,T8B
160,1,0,0,296,red,10292,T8B
161,1,0,0,296,red,10292,T8B
162,1,0,0,296,red,10292,T8B
163,1,0,0,296,red,10292,T8B
164,1,0,0,296,red,10292,T8B
165,1,0,0,296,red,10292,T8B
166,1,0,0,296,red,10292,T8B
167,1,0,0,296,red,10292,T8B
168,1,0,0,296,red,10292,T8B
169,1,0,0,296,red,10292,T8B
170,1,0,0,296,red,10292,T8B
171,1,0,0,296,red,10292,T8B
172,1,0,0,296,red,10292,T8B
173,1,0,0,296,red,10292,T8B
174,1,0,0,296,red,10292,T8B
175,1,0,0,296,red,10292,T8B
176,1,0,0,296,red,10292,T8B
177,1,0,0,296,red,10292,T8B
178,1,0,0,296,red,10292,T8B
179,1,0,0,296,red,10292,T8B
180,1,0,0,296,red,10292,T8B
181,1,0,0,296,red,10292,T8B
182,1,0,0,296,red,10292,T8B
183,1,0,0,296,red,10292,T8B
184,1,0,0,296,red,10292,T8B
185,1,0,0,296,red,10292,T8B
186,1,0,0,296,red,10292,T8B
187,1,0,0,296,red,10292,T8B
188,1,0,0,296,red,10292,T8B
189,1,0,0,296,red,10292,T8B
190,1,0,0,296,red,10292,T8B
191,1,0,0,296,red,10292,T8B
192,1,0,0,296,red,10292,T8B
193,1,0,0,296,red,10292,T8B
194,1,0,0,296,red,10292,T8B
195,1,0,0,296,red,10292,T8B
196,1,0,0,296,red,10292,T8B
197,1,0,0,296,red,10292,T8B
198,1,0,0,296,red,10292,T8B
199,1,0,0,296,red,10292,T8B
200,1,0,0,296,red,10292,T8B
201,1,0,0,296,red,10292,T8B
202,1,0,0,296,red,10292,T8B
203,1,0,0,296,red,10292,T8B
204,1,0,0,296,red,10292,T8B
205,1,0,0,296,red,10292,T8B
206,1,0,0,296,red,10292,T8B
207,1,0,0,296,red,10292,T8B
208,1,0,0,296,red,10292,T8B
209,1,0,0,296,red,10292,T8B
210,1,0,0,296,red,10292,T8B
211,1,0,0,296,red,10292,T8B
212,1,0,0,296,red,10292,T8B
213,1,0,0,296,red,10292,T8B
214,1,0,0,296,red,10292,T8B
215,1,0,0,296,red,10292,T8B
216,1,0,0,296,red,10292,T8B
217,1,0,0,296,red,10292,T8B
218,1,0,0,296,red,10292,T8B
219,1,0,0,296,red,10292,T8B
220,1,0,0,296,red,10292,T8B
221,1,0,0,296,red,10292,T8B
222,1,0,0,296,red,10292,T8B
0,0,0,1,297,red,9785,T8B
1,0,0,1,297,red,9785,T8B
2,0,0,1,297,red,9785,T8B
3,0,0,1,297,red,9785,T8B
4,0,0,1,297,red,9785,T8B
5,0,0,1,297,red,9785,T8B
6,0,0,1,297,red,9785,T8B
7,0,0,1,297,red,9785,T8B
8,0,0,1,297,red,9785,T8B
9,0,0,1,297,red,9785,T8B
10,0,0,1,297,red,9785,T8B
11,0,0,1,297,red,9785,T8B
12,0,0,1,297,red,9785,T8B
13,0,0,1,297,red,9785,T8B
14,0,0,1,297,red,9785,T8B
15,0,0,1,297,red,9785,T8B
16,0,0,1,297,red,9785,T8B
17,0,0,1,297,red,9785,T8B
18,0,0,1,297,red,9785,T8B
19,0,0,1,297,red,9785,T8B
20,0,0,1,297,red,9785,T8B
21,0,0,1,297,red,9785,T8B
22,0,0,1,297,red,9785,T8B
23,0,0,1,297,red,9785,T8B
24,0,0,1,297,red,9785,T8B
25,0,0,1,297,red,9785,T8B
26,0,0,1,297,red,9785,T8B
27,0,0,1,297,red,9785,T8B
28,0,0,1,297,red,9785,T8B
29,0,0,1,297,red,9785,T8B
30,0,0,1,297,red,9785,T8B
31,0,0,1,297,red,9785,T8B
32,0,0,1,297,red,9785,T8B
33,0,0,1,297,red,9785,T8B
34,0,0,1,297,red,9785,T8B
35,0,0,1,297,red,9785,T8B
36,0,0,1,297,red,9785,T8B
37,0,0,1,297,red,9785,T8B
38,0,0,1,297,red,9785,T8B
39,0,0,1,297,red,9785,T8B
40,0,0,1,297,red,9785,T8B
41,0,0,1,297,red,9785,T8B
42,0,0,1,297,red,9785,T8B
43,0,0,1,297,red,9785,T8B
44,0,0,1,297,red,9785,T8B
45,0,0,1,297,red,9785,T8B
46,0,0,1,297,red,9785,T8B
47,0,0,1,297,red,9785,T8B
48,0,1,0,297,red,9785,T8B
49,0,1,0,297,red,9785,T8B
50,0,1,0,297,red,9785,T8B
51,0,1,0,297,red,9785,T8B
52,0,1,0,297,red,9785,T8B
53,0,1,0,297,red,9785,T8B
54,0,1,0,297,red,9785,T8B
55,0,1,0,297,red,9785,T8B
56,0,1,0,297,red,9785,T8B
57,0,1,0,297,red,9785,T8B
58,0,1,0,297,red,9785,T8B
59,0,1,0,297,red,9785,T8B
60,0,1,0,297,red,9785,T8B
61,0,1,0,297,red,9785,T8B
62,0,1,0,297,red,9785,T8B
63,0,1,0,297,red,9785,T8B
64,0,1,0,297,red,9785,T8B
65,0,1,0,297,red,9785,T8B
66,0,1,0,297,red,9785,T8B
67,0,1,0,297,red,9785,T8B
68,0,1,0,297,red,9785,T8B
69,0,1,0,297,red,9785,T8B
70,0,1,0,297,red,9785,T8B
71,0,1,0,297,red,9785,T8B
72,0,1,0,297,red,9785,T8B
73,0,1,0,297,red,9785,T8B
74,0,1,0,297,red,9785,T8B
75,0,1,0,297,red,9785,T8B
76,0,1,0,297,red,9785,T8B
77,0,1,0,297,red,9785,T8B
78,0,1,0,297,red,9785,T8B
79,0,1,0,297,red,9785,T8B
80,0,1,0,297,red,9785,T8B
81,0,1,0,297,red,9785,T8B
82,0,1,0,297,red,9785,T8B
83,0,1,0,297,red,9785,T8B
84,0,1,0,297,red,9785,T8B
85,0,1,0,297,red,9785,T8B
86,0,1,0,297,red,9785,T8B
87,0,1,0,297,red,9785,T8B
88,0,1,0,297,red,9785,T8B
89,0,1,0,297,red,9785,T8B
90,0,1,0,297,red,9785,T8B
91,0,1,0,297,red,9785,T8B
92,0,1,0,297,red,9785,T8B
93,0,1,0,297,red,9785,T8B
94,0,1,0,297,red,9785,T8B
95,0,1,0,297,red,9785,T8B
96,0,1,0,297,red,9785,T8B
97,0,1,0,297,red,9785,T8B
98,0,1,0,297,red,9785,T8B
99,0,1,0,297,red,9785,T8B
100,0,1,0,297,red,9785,T8B
101,0,1,0,297,red,9785,T8B
102,0,1,0,297,red,9785,T8B
103,0,1,0,297,red,9785,T8B
104,0,1,0,297,red,9785,T8B
105,0,1,0,297,red,9785,T8B
106,0,1,0,297,red,9785,T8B
107,0,1,0,297,red,9785,T8B
108,0,1,0,297,red,9785,T8B
109,0,1,0,297,red,9785,T8B
110,0,1,0,297,red,9785,T8B
111,0,1,0,297,red,9785,T8B
112,0,1,0,297,red,9785,T8B
113,0,1,0,297,red,9785,T8B
114,0,1,0,297,red,9785,T8B
115,0,1,0,297,red,9785,T8B
116,0,1,0,297,red,9785,T8B
117,0,1,0,297,red,9785,T8B
118,0,1,0,297,red,9785,T8B
119,0,1,0,297,red,9785,T8B
120,0,1,0,297,red,9785,T8B
121,0,1,0,297,red,9785,T8B
122,0,1,0,297,red,9785,T8B
123,0,1,0,297,red,9785,T8B
124,0,1,0,297,red,9785,T8B
125,0,1,0,297,red,9785,T8B
126,0,1,0,297,red,9785,T8B
127,0,1,0,297,red,9785,T8B
128,0,1,0,297,red,9785,T8B
129,0,1,0,297,red,9785,T8B
130,0,1,0,297,red,9785,T8B
131,0,1,0,297,red,9785,T8B
132,0,1,0,297,red,9785,T8B
133,0,1,0,297,red,9785,T8B
134,0,1,0,297,red,9785,T8B
135,0,1,0,297,red,9785,T8B
136,0,1,0,297,red,9785,T8B
137,0,1,0,297,red,9785,T8B
138,0,1,0,297,red,9785,T8B
139,0,1,0,297,red,9785,T8B
140,0,1,0,297,red,9785,T8B
141,0,1,0,297,red,9785,T8B
142,0,1,0,297,red,9785,T8B
143,0,1,0,297,red,9785,T8B
144,0,1,0,297,red,9785,T8B
145,0,1,0,297,red,9785,T8B
146,0,1,0,297,red,9785,T8B
147,0,1,0,297,red,9785,T8B
148,0,1,0,297,red,9785,T8B
149,0,1,0,297,red,9785,T8B
150,0,1,0,297,red,9785,T8B
151,0,1,0,297,red,9785,T8B
152,0,1,0,297,red,9785,T8B
153,0,1,0,297,red,9785,T8B
154,0,1,0,297,red,9785,T8B
155,0,1,0,297,red,9785,T8B
156,0,1,0,297,red,9785,T8B
157,0,1,0,297,red,9785,T8B
158,0,1,0,297,red,9785,T8B
159,0,1,0,297,red,9785,T8B
160,0,1,0,297,red,9785,T8B
161,0,1,0,297,red,9785,T8B
162,0,1,0,297,red,9785,T8B
163,0,1,0,297,red,9785,T8B
164,0,1,0,297,red,9785,T8B
165,0,1,0,297,red,9785,T8B
166,0,1,0,297,red,9785,T8B
167,0,1,0,297,red,9785,T8B
168,0,1,0,297,red,9785,T8B
169,0,1,0,297,red,9785,T8B
170,0,1,0,297,red,9785,T8B
171,0,1,0,297,red,9785,T8B
172,0,1,0,297,red,9785,T8B
173,0,1,0,297,red,9785,T8B
174,0,1,0,297,red,9785,T8B
175,0,1,0,297,red,9785,T8B
176,0,1,0,297,red,9785,T8B
177,0,1,0,297,red,9785,T8B
178,0,1,0,297,red,9785,T8B
179,0,1,0,297,red,9785,T8B
180,0,1,0,297,red,9785,T8B
181,0,1,0,297,red,9785,T8B
182,0,1,0,297,red,9785,T8B
183,0,0,1,297,red,9785,T8B
184,0,0,1,297,red,9785,T8B
185,0,0,1,297,red,9785,T8B
186,0,0,1,297,red,9785,T8B
187,0,0,1,297,red,9785,T8B
188,0,0,1,297,red,9785,T8B
189,0,0,1,297,red,9785,T8B
190,0,0,1,297,red,9785,T8B
191,0,0,1,297,red,9785,T8B
192,0,0,1,297,red,9785,T8B
193,0,0,1,297,red,9785,T8B
194,0,0,1,297,red,9785,T8B
195,0,0,1,297,red,9785,T8B
196,0,0,1,297,red,9785,T8B
197,0,0,1,297,red,9785,T8B
198,0,0,1,297,red,9785,T8B
199,0,0,1,297,red,9785,T8B
200,0,0,1,297,red,9785,T8B
201,0,0,1,297,red,9785,T8B
202,0,0,1,297,red,9785,T8B
203,0,0,1,297,red,9785,T8B
204,0,0,1,297,red,9785,T8B
205,0,0,1,297,red,9785,T8B
206,0,0,1,297,red,9785,T8B
207,0,0,1,297,red,9785,T8B
208,0,0,1,297,red,9785,T8B
209,0,0,1,297,red,9785,T8B
210,0,0,1,297,red,9785,T8B
211,0,0,1,297,red,9785,T8B
212,0,0,1,297,red,9785,T8B
213,0,0,1,297,red,9785,T8B
214,0,0,1,297,red,9785,T8B
215,0,0,1,297,red,9785,T8B
216,0,0,1,297,red,9785,T8B
217,0,0,1,297,red,9785,T8B
218,0,0,1,297,red,9785,T8B
219,0,0,1,297,red,9785,T8B
220,0,0,1,297,red,9785,T8B
221,0,0,1,297,red,9785,T8B
222,0,0,1,297,red,9785,T8B
0,0,0,1,298,red,9784,T8B
1,0,0,1,298,red,9784,T8B
2,0,0,1,298,red,9784,T8B
3,0,0,1,298,red,9784,T8B
4,0,0,1,298,red,9784,T8B
5,0,0,1,298,red,9784,T8B
6,0,0,1,298,red,9784,T8B
7,0,0,1,298,red,9784,T8B
8,0,0,1,298,red,9784,T8B
9,0,0,1,298,red,9784,T8B
10,0,0,1,298,red,9784,T8B
11,0,0,1,298,red,9784,T8B
12,0,0,1,298,red,9784,T8B
13,0,0,1,298,red,9784,T8B
14,0,0,1,298,red,9784,T8B
15,0,0,1,298,red,9784,T8B
16,0,0,1,298,red,9784,T8B
17,0,0,1,298,red,9784,T8B
18,0,0,1,298,red,9784,T8B
19,0,0,1,298,red,9784,T8B
20,0,0,1,298,red,9784,T8B
21,0,0,1,298,red,9784,T8B
22,0,0,1,298,red,9784,T8B
23,0,0,1,298,red,9784,T8B
24,0,0,1,298,red,9784,T8B
25,0,0,1,298,red,9784,T8B
26,0,0,1,298,red,9784,T8B
27,0,0,1,298,red,9784,T8B
28,0,0,1,298,red,9784,T8B
29,0,0,1,298,red,9784,T8B
30,0,0,1,298,red,9784,T8B
31,0,0,1,298,red,9784,T8B
32,0,0,1,298,red,9784,T8B
33,0,0,1,298,red,9784,T8B
34,0,0,1,298,red,9784,T8B
35,0,0,1,298,red,9784,T8B
36,0,0,1,298,red,9784,T8B
37,0,0,1,298,red,9784,T8B
38,0,0,1,298,red,9784,T8B
39,0,0,1,298,red,9784,T8B
40,0,0,1,298,red,9784,T8B
41,0,0,1,298,red,9784,T8B
42,0,0,1,298,red,9784,T8B
43,0,0,1,298,red,9784,T8B
44,0,0,1,298,red,9784,T8B
45,0,0,1,298,red,9784,T8B
46,0,0,1,298,red,9784,T8B
47,0,0,1,298,red,9784,T8B
48,0,0,1,298,red,9784,T8B
49,0,0,1,298,red,9784,T8B
50,0,0,1,298,red,9784,T8B
51,0,0,1,298,red,9784,T8B
52,0,0,1,298,red,9784,T8B
53,0,0,1,298,red,9784,T8B
54,0,0,1,298,red,9784,T8B
55,0,0,1,298,red,9784,T8B
56,0,0,1,298,red,9784,T8B
57,0,0,1,298,red,9784,T8B
58,0,0,1,298,red,9784,T8B
59,1,0,0,298,red,9784,T8B
60,1,0,0,298,red,9784,T8B
61,1,0,0,298,red,9784,T8B
62,1,0,0,298,red,9784,T8B
63,1,0,0,298,red,9784,T8B
64,1,0,0,298,red,9784,T8B
65,1,0,0,298,red,9784,T8B
66,1,0,0,298,red,9784,T8B
67,1,0,0,298,red,9784,T8B
68,1,0,0,298,red,9784,T8B
69,1,0,0,298,red,9784,T8B
70,1,0,0,298,red,9784,T8B
71,1,0,0,298,red,9784,T8B
72,1,0,0,298,red,9784,T8B
73,1,0,0,298,red,9784,T8B
74,1,0,0,298,red,9784,T8B
75,1,0,0,298,red,9784,T8B
76,1,0,0,298,red,9784,T8B
77,1,0,0,298,red,9784,T8B
78,1,0,0,298,red,9784,T8B
79,1,0,0,298,red,9784,T8B
80,1,0,0,298,red,9784,T8B
81,1,0,0,298,red,9784,T8B
82,1,0,0,298,red,9784,T8B
83,1,0,0,298,red,9784,T8B
84,1,0,0,298,red,9784,T8B
85,1,0,0,298,red,9784,T8B
86,1,0,0,298,red,9784,T8B
87,1,0,0,298,red,9784,T8B
88,1,0,0,298,red,9784,T8B
89,1,0,0,298,red,9784,T8B
90,1,0,0,298,red,9784,T8B
91,1,0,0,298,red,9784,T8B
92,1,0,0,298,red,9784,T8B
93,1,0,0,298,red,9784,T8B
94,1,0,0,298,red,9784,T8B
95,1,0,0,298,red,9784,T8B
96,1,0,0,298,red,9784,T8B
97,1,0,0,298,red,9784,T8B
98,1,0,0,298,red,9784,T8B
99,1,0,0,298,red,9784,T8B
100,1,0,0,298,red,9784,T8B
101,1,0,0,298,red,9784,T8B
102,1,0,0,298,red,9784,T8B
103,1,0,0,298,red,9784,T8B
104,1,0,0,298,red,9784,T8B
105,1,0,0,298,red,9784,T8B
106,1,0,0,298,red,9784,T8B
107,1,0,0,298,red,9784,T8B
108,1,0,0,298,red,9784,T8B
109,1,0,0,298,red,9784,T8B
110,1,0,0,298,red,9784,T8B
111,1,0,0,298,red,9784,T8B
112,1,0,0,298,red,9784,T8B
113,1,0,0,298,red,9784,T8B
114,1,0,0,298,red,9784,T8B
115,1,0,0,298,red,9784,T8B
116,1,0,0,298,red,9784,T8B
117,1,0,0,298,red,9784,T8B
118,1,0,0,298,red,9784,T8B
119,1,0,0,298,red,9784,T8B
120,1,0,0,298,red,9784,T8B
121,1,0,0,298,red,9784,T8B
122,1,0,0,298,red,9784,T8B
123,1,0,0,298,red,9784,T8B
124,1,0,0,298,red,9784,T8B
125,1,0,0,298,red,9784,T8B
126,1,0,0,298,red,9784,T8B
127,1,0,0,298,red,9784,T8B
128,1,0,0,298,red,9784,T8B
129,1,0,0,298,red,9784,T8B
130,1,0,0,298,red,9784,T8B
131,1,0,0,298,red,9784,T8B
132,1,0,0,298,red,9784,T8B
133,1,0,0,298,red,9784,T8B
134,1,0,0,298,red,9784,T8B
135,1,0,0,298,red,9784,T8B
136,1,0,0,298,red,9784,T8B
137,1,0,0,298,red,9784,T8B
138,1,0,0,298,red,9784,T8B
139,1,0,0,298,red,9784,T8B
140,1,0,0,298,red,9784,T8B
141,1,0,0,298,red,9784,T8B
142,1,0,0,298,red,9784,T8B
143,1,0,0,298,red,9784,T8B
144,1,0,0,298,red,9784,T8B
145,1,0,0,298,red,9784,T8B
146,1,0,0,298,red,9784,T8B
147,1,0,0,298,red,9784,T8B
148,1,0,0,298,red,9784,T8B
149,1,0,0,298,red,9784,T8B
150,1,0,0,298,red,9784,T8B
151,1,0,0,298,red,9784,T8B
152,1,0,0,298,red,9784,T8B
153,1,0,0,298,red,9784,T8B
154,1,0,0,298,red,9784,T8B
155,1,0,0,298,red,9784,T8B
156,1,0,0,298,red,9784,T8B
157,1,0,0,298,red,9784,T8B
158,1,0,0,298,red,9784,T8B
159,1,0,0,298,red,9784,T8B
160,1,0,0,298,red,9784,T8B
161,1,0,0,298,red,9784,T8B
162,1,0,0,298,red,9784,T8B
163,1,0,0,298,red,9784,T8B
164,1,0,0,298,red,9784,T8B
165,1,0,0,298,red,9784,T8B
166,1,0,0,298,red,9784,T8B
167,1,0,0,298,red,9784,T8B
168,1,0,0,298,red,9784,T8B
169,1,0,0,298,red,9784,T8B
170,1,0,0,298,red,9784,T8B
171,1,0,0,298,red,9784,T8B
172,1,0,0,298,red,9784,T8B
173,1,0,0,298,red,9784,T8B
174,1,0,0,298,red,9784,T8B
175,1,0,0,298,red,9784,T8B
176,1,0,0,298,red,9784,T8B
177,1,0,0,298,red,9784,T8B
178,1,0,0,298,red,9784,T8B
179,1,0,0,298,red,9784,T8B
180,1,0,0,298,red,9784,T8B
181,1,0,0,298,red,9784,T8B
182,1,0,0,298,red,9784,T8B
183,1,0,0,298,red,9784,T8B
184,1,0,0,298,red,9784,T8B
185,1,0,0,298,red,9784,T8B
186,1,0,0,298,red,9784,T8B
187,1,0,0,298,red,9784,T8B
188,1,0,0,298,red,9784,T8B
189,1,0,0,298,red,9784,T8B
190,1,0,0,298,red,9784,T8B
191,1,0,0,298,red,9784,T8B
192,1,0,0,298,red,9784,T8B
193,1,0,0,298,red,9784,T8B
194,1,0,0,298,red,9784,T8B
195,1,0,0,298,red,9784,T8B
196,1,0,0,298,red,9784,T8B
197,1,0,0,298,red,9784,T8B
198,1,0,0,298,red,9784,T8B
199,1,0,0,298,red,9784,T8B
200,1,0,0,298,red,9784,T8B
201,1,0,0,298,red,9784,T8B
202,1,0,0,298,red,9784,T8B
203,1,0,0,298,red,9784,T8B
204,1,0,0,298,red,9784,T8B
205,1,0,0,298,red,9784,T8B
206,1,0,0,298,red,9784,T8B
207,1,0,0,298,red,9784,T8B
208,1,0,0,298,red,9784,T8B
209,1,0,0,298,red,9784,T8B
210,1,0,0,298,red,9784,T8B
211,1,0,0,298,red,9784,T8B
212,1,0,0,298,red,9784,T8B
213,1,0,0,298,red,9784,T8B
214,1,0,0,298,red,9784,T8B
215,1,0,0,298,red,9784,T8B
216,1,0,0,298,red,9784,T8B
217,1,0,0,298,red,9784,T8B
218,1,0,0,298,red,9784,T8B
219,1,0,0,298,red,9784,T8B
220,1,0,0,298,red,9784,T8B
221,1,0,0,298,red,9784,T8B
222,1,0,0,298,red,9784,T8B
0,0,0,1,299,red,10004,T8B
1,0,0,1,299,red,10004,T8B
2,0,0,1,299,red,10004,T8B
3,0,0,1,299,red,10004,T8B
4,0,0,1,299,red,10004,T8B
5,0,0,1,299,red,10004,T8B
6,0,0,1,299,red,10004,T8B
7,0,0,1,299,red,10004,T8B
8,0,0,1,299,red,10004,T8B
9,0,0,1,299,red,10004,T8B
10,0,0,1,299,red,10004,T8B
11,0,0,1,299,red,10004,T8B
12,0,0,1,299,red,10004,T8B
13,0,0,1,299,red,10004,T8B
14,0,0,1,299,red,10004,T8B
15,0,0,1,299,red,10004,T8B
16,0,0,1,299,red,10004,T8B
17,0,0,1,299,red,10004,T8B
18,0,0,1,299,red,10004,T8B
19,0,0,1,299,red,10004,T8B
20,0,0,1,299,red,10004,T8B
21,0,0,1,299,red,10004,T8B
22,0,0,1,299,red,10004,T8B
23,0,0,1,299,red,10004,T8B
24,0,0,1,299,red,10004,T8B
25,0,0,1,299,red,10004,T8B
26,0,0,1,299,red,10004,T8B
27,0,0,1,299,red,10004,T8B
28,0,0,1,299,red,10004,T8B
29,0,0,1,299,red,10004,T8B
30,0,0,1,299,red,10004,T8B
31,0,0,1,299,red,10004,T8B
32,0,0,1,299,red,10004,T8B
33,0,0,1,299,red,10004,T8B
34,1,0,0,299,red,10004,T8B
35,1,0,0,299,red,10004,T8B
36,1,0,0,299,red,10004,T8B
37,0,0,1,299,red,10004,T8B
38,0,0,1,299,red,10004,T8B
39,0,0,1,299,red,10004,T8B
40,0,0,1,299,red,10004,T8B
41,0,1,0,299,red,10004,T8B
42,0,1,0,299,red,10004,T8B
43,0,1,0,299,red,10004,T8B
44,0,1,0,299,red,10004,T8B
45,0,1,0,299,red,10004,T8B
46,0,1,0,299,red,10004,T8B
47,0,1,0,299,red,10004,T8B
48,0,1,0,299,red,10004,T8B
49,0,1,0,299,red,10004,T8B
50,0,1,0,299,red,10004,T8B
51,0,1,0,299,red,10004,T8B
52,0,1,0,299,red,10004,T8B
53,0,1,0,299,red,10004,T8B
54,0,1,0,299,red,10004,T8B
55,0,1,0,299,red,10004,T8B
56,0,1,0,299,red,10004,T8B
57,0,1,0,299,red,10004,T8B
58,0,1,0,299,red,10004,T8B
59,0,1,0,299,red,10004,T8B
60,0,1,0,299,red,10004,T8B
61,0,1,0,299,red,10004,T8B
62,0,1,0,299,red,10004,T8B
63,0,1,0,299,red,10004,T8B
64,0,1,0,299,red,10004,T8B
65,0,1,0,299,red,10004,T8B
66,0,1,0,299,red,10004,T8B
67,0,1,0,299,red,10004,T8B
68,0,1,0,299,red,10004,T8B
69,0,1,0,299,red,10004,T8B
70,0,1,0,299,red,10004,T8B
71,0,1,0,299,red,10004,T8B
72,0,1,0,299,red,10004,T8B
73,0,1,0,299,red,10004,T8B
74,0,1,0,299,red,10004,T8B
75,0,1,0,299,red,10004,T8B
76,0,1,0,299,red,10004,T8B
77,0,1,0,299,red,10004,T8B
78,0,1,0,299,red,10004,T8B
79,0,1,0,299,red,10004,T8B
80,0,1,0,299,red,10004,T8B
81,0,1,0,299,red,10004,T8B
82,0,1,0,299,red,10004,T8B
83,0,1,0,299,red,10004,T8B
84,0,1,0,299,red,10004,T8B
85,0,1,0,299,red,10004,T8B
86,0,1,0,299,red,10004,T8B
87,0,1,0,299,red,10004,T8B
88,0,1,0,299,red,10004,T8B
89,0,1,0,299,red,10004,T8B
90,0,1,0,299,red,10004,T8B
91,0,1,0,299,red,10004,T8B
92,0,1,0,299,red,10004,T8B
93,0,1,0,299,red,10004,T8B
94,0,1,0,299,red,10004,T8B
95,0,1,0,299,red,10004,T8B
96,0,1,0,299,red,10004,T8B
97,0,1,0,299,red,10004,T8B
98,0,1,0,299,red,10004,T8B
99,0,1,0,299,red,10004,T8B
100,0,1,0,299,red,10004,T8B
101,0,1,0,299,red,10004,T8B
102,0,1,0,299,red,10004,T8B
103,0,1,0,299,red,10004,T8B
104,0,1,0,299,red,10004,T8B
105,0,1,0,299,red,10004,T8B
106,0,1,0,299,red,10004,T8B
107,0,1,0,299,red,10004,T8B
108,0,1,0,299,red,10004,T8B
109,0,1,0,299,red,10004,T8B
110,0,1,0,299,red,10004,T8B
111,0,1,0,299,red,10004,T8B
112,0,1,0,299,red,10004,T8B
113,0,1,0,299,red,10004,T8B
114,0,1,0,299,red,10004,T8B
115,0,1,0,299,red,10004,T8B
116,0,1,0,299,red,10004,T8B
117,0,1,0,299,red,10004,T8B
118,0,1,0,299,red,10004,T8B
119,0,1,0,299,red,10004,T8B
120,0,1,0,299,red,10004,T8B
121,0,1,0,299,red,10004,T8B
122,0,1,0,299,red,10004,T8B
123,0,1,0,299,red,10004,T8B
124,0,1,0,299,red,10004,T8B
125,0,1,0,299,red,10004,T8B
126,0,1,0,299,red,10004,T8B
127,0,1,0,299,red,10004,T8B
128,0,1,0,299,red,10004,T8B
129,0,1,0,299,red,10004,T8B
130,0,1,0,299,red,10004,T8B
131,0,1,0,299,red,10004,T8B
132,0,1,0,299,red,10004,T8B
133,0,1,0,299,red,10004,T8B
134,0,1,0,299,red,10004,T8B
135,0,1,0,299,red,10004,T8B
136,0,1,0,299,red,10004,T8B
137,0,1,0,299,red,10004,T8B
138,0,1,0,299,red,10004,T8B
139,0,1,0,299,red,10004,T8B
140,0,1,0,299,red,10004,T8B
141,0,1,0,299,red,10004,T8B
142,0,1,0,299,red,10004,T8B
143,1,0,0,299,red,10004,T8B
144,1,0,0,299,red,10004,T8B
145,1,0,0,299,red,10004,T8B
146,1,0,0,299,red,10004,T8B
147,1,0,0,299,red,10004,T8B
148,1,0,0,299,red,10004,T8B
149,1,0,0,299,red,10004,T8B
150,1,0,0,299,red,10004,T8B
151,1,0,0,299,red,10004,T8B
152,1,0,0,299,red,10004,T8B
153,1,0,0,299,red,10004,T8B
154,1,0,0,299,red,10004,T8B
155,1,0,0,299,red,10004,T8B
156,1,0,0,299,red,10004,T8B
157,1,0,0,299,red,10004,T8B
158,1,0,0,299,red,10004,T8B
159,1,0,0,299,red,10004,T8B
160,1,0,0,299,red,10004,T8B
161,1,0,0,299,red,10004,T8B
162,1,0,0,299,red,10004,T8B
163,1,0,0,299,red,10004,T8B
164,1,0,0,299,red,10004,T8B
165,1,0,0,299,red,10004,T8B
166,1,0,0,299,red,10004,T8B
167,1,0,0,299,red,10004,T8B
168,1,0,0,299,red,10004,T8B
169,1,0,0,299,red,10004,T8B
170,1,0,0,299,red,10004,T8B
171,1,0,0,299,red,10004,T8B
172,1,0,0,299,red,10004,T8B
173,1,0,0,299,red,10004,T8B
174,1,0,0,299,red,10004,T8B
175,1,0,0,299,red,10004,T8B
176,1,0,0,299,red,10004,T8B
177,1,0,0,299,red,10004,T8B
178,1,0,0,299,red,10004,T8B
179,1,0,0,299,red,10004,T8B
180,1,0,0,299,red,10004,T8B
181,1,0,0,299,red,10004,T8B
182,1,0,0,299,red,10004,T8B
183,1,0,0,299,red,10004,T8B
184,1,0,0,299,red,10004,T8B
185,1,0,0,299,red,10004,T8B
186,1,0,0,299,red,10004,T8B
187,1,0,0,299,red,10004,T8B
188,1,0,0,299,red,10004,T8B
189,1,0,0,299,red,10004,T8B
190,1,0,0,299,red,10004,T8B
191,1,0,0,299,red,10004,T8B
192,1,0,0,299,red,10004,T8B
193,1,0,0,299,red,10004,T8B
194,1,0,0,299,red,10004,T8B
195,1,0,0,299,red,10004,T8B
196,1,0,0,299,red,10004,T8B
197,1,0,0,299,red,10004,T8B
198,1,0,0,299,red,10004,T8B
199,1,0,0,299,red,10004,T8B
200,1,0,0,299,red,10004,T8B
201,1,0,0,299,red,10004,T8B
202,1,0,0,299,red,10004,T8B
203,1,0,0,299,red,10004,T8B
204,1,0,0,299,red,10004,T8B
205,1,0,0,299,red,10004,T8B
206,1,0,0,299,red,10004,T8B
207,1,0,0,299,red,10004,T8B
208,1,0,0,299,red,10004,T8B
209,1,0,0,299,red,10004,T8B
210,1,0,0,299,red,10004,T8B
211,1,0,0,299,red,10004,T8B
212,1,0,0,299,red,10004,T8B
213,1,0,0,299,red,10004,T8B
214,1,0,0,299,red,10004,T8B
215,1,0,0,299,red,10004,T8B
216,1,0,0,299,red,10004,T8B
217,1,0,0,299,red,10004,T8B
218,1,0,0,299,red,10004,T8B
219,1,0,0,299,red,10004,T8B
220,1,0,0,299,red,10004,T8B
221,1,0,0,299,red,10004,T8B
222,1,0,0,299,red,10004,T8B
0,0,0,1,301,red,10962,T8B
1,0,0,1,301,red,10962,T8B
2,0,0,1,301,red,10962,T8B
3,0,0,1,301,red,10962,T8B
4,0,0,1,301,red,10962,T8B
5,0,0,1,301,red,10962,T8B
6,0,0,1,301,red,10962,T8B
7,0,0,1,301,red,10962,T8B
8,0,0,1,301,red,10962,T8B
9,0,0,1,301,red,10962,T8B
10,0,0,1,301,red,10962,T8B
11,0,0,1,301,red,10962,T8B
12,0,0,1,301,red,10962,T8B
13,0,0,1,301,red,10962,T8B
14,0,0,1,301,red,10962,T8B
15,0,0,1,301,red,10962,T8B
16,0,0,1,301,red,10962,T8B
17,0,0,1,301,red,10962,T8B
18,0,0,1,301,red,10962,T8B
19,0,0,1,301,red,10962,T8B
20,0,0,1,301,red,10962,T8B
21,0,0,1,301,red,10962,T8B
22,0,0,1,301,red,10962,T8B
23,0,0,1,301,red,10962,T8B
24,0,0,1,301,red,10962,T8B
25,0,0,1,301,red,10962,T8B
26,0,0,1,301,red,10962,T8B
27,0,0,1,301,red,10962,T8B
28,0,0,1,301,red,10962,T8B
29,0,0,1,301,red,10962,T8B
30,0,0,1,301,red,10962,T8B
31,0,0,1,301,red,10962,T8B
32,0,0,1,301,red,10962,T8B
33,0,0,1,301,red,10962,T8B
34,0,0,1,301,red,10962,T8B
35,0,0,1,301,red,10962,T8B
36,0,0,1,301,red,10962,T8B
37,0,0,1,301,red,10962,T8B
38,0,0,1,301,red,10962,T8B
39,0,0,1,301,red,10962,T8B
40,0,0,1,301,red,10962,T8B
41,0,0,1,301,red,10962,T8B
42,0,0,1,301,red,10962,T8B
43,0,0,1,301,red,10962,T8B
44,0,0,1,301,red,10962,T8B
45,0,0,1,301,red,10962,T8B
46,0,0,1,301,red,10962,T8B
47,0,0,1,301,red,10962,T8B
48,0,0,1,301,red,10962,T8B
49,0,0,1,301,red,10962,T8B
50,0,0,1,301,red,10962,T8B
51,0,0,1,301,red,10962,T8B
52,0,0,1,301,red,10962,T8B
53,0,0,1,301,red,10962,T8B
54,0,0,1,301,red,10962,T8B
55,0,0,1,301,red,10962,T8B
56,0,0,1,301,red,10962,T8B
57,0,0,1,301,red,10962,T8B
58,0,0,1,301,red,10962,T8B
59,0,0,1,301,red,10962,T8B
60,0,0,1,301,red,10962,T8B
61,0,0,1,301,red,10962,T8B
62,0,0,1,301,red,10962,T8B
63,0,0,1,301,red,10962,T8B
64,0,0,1,301,red,10962,T8B
65,0,0,1,301,red,10962,T8B
66,0,0,1,301,red,10962,T8B
67,0,0,1,301,red,10962,T8B
68,0,1,0,301,red,10962,T8B
69,0,1,0,301,red,10962,T8B
70,0,1,0,301,red,10962,T8B
71,0,1,0,301,red,10962,T8B
72,0,1,0,301,red,10962,T8B
73,0,1,0,301,red,10962,T8B
74,0,1,0,301,red,10962,T8B
75,0,1,0,301,red,10962,T8B
76,0,1,0,301,red,10962,T8B
77,0,1,0,301,red,10962,T8B
78,0,1,0,301,red,10962,T8B
79,0,1,0,301,red,10962,T8B
80,0,1,0,301,red,10962,T8B
81,0,1,0,301,red,10962,T8B
82,0,1,0,301,red,10962,T8B
83,0,1,0,301,red,10962,T8B
84,0,1,0,301,red,10962,T8B
85,0,1,0,301,red,10962,T8B
86,0,1,0,301,red,10962,T8B
87,0,1,0,301,red,10962,T8B
88,0,1,0,301,red,10962,T8B
89,0,1,0,301,red,10962,T8B
90,0,1,0,301,red,10962,T8B
91,0,1,0,301,red,10962,T8B
92,0,1,0,301,red,10962,T8B
93,0,1,0,301,red,10962,T8B
94,0,1,0,301,red,10962,T8B
95,0,1,0,301,red,10962,T8B
96,0,1,0,301,red,10962,T8B
97,0,1,0,301,red,10962,T8B
98,0,1,0,301,red,10962,T8B
99,0,1,0,301,red,10962,T8B
100,0,1,0,301,red,10962,T8B
101,0,1,0,301,red,10962,T8B
102,0,1,0,301,red,10962,T8B
103,0,1,0,301,red,10962,T8B
104,0,1,0,301,red,10962,T8B
105,0,1,0,301,red,10962,T8B
106,0,1,0,301,red,10962,T8B
107,0,1,0,301,red,10962,T8B
108,0,1,0,301,red,10962,T8B
109,0,1,0,301,red,10962,T8B
110,0,1,0,301,red,10962,T8B
111,0,1,0,301,red,10962,T8B
112,0,1,0,301,red,10962,T8B
113,0,1,0,301,red,10962,T8B
114,0,1,0,301,red,10962,T8B
115,0,1,0,301,red,10962,T8B
116,0,1,0,301,red,10962,T8B
117,0,1,0,301,red,10962,T8B
118,0,1,0,301,red,10962,T8B
119,0,1,0,301,red,10962,T8B
120,0,1,0,301,red,10962,T8B
121,0,1,0,301,red,10962,T8B
122,0,1,0,301,red,10962,T8B
123,0,1,0,301,red,10962,T8B
124,0,1,0,301,red,10962,T8B
125,0,1,0,301,red,10962,T8B
126,0,1,0,301,red,10962,T8B
127,0,1,0,301,red,10962,T8B
128,0,1,0,301,red,10962,T8B
129,0,1,0,301,red,10962,T8B
130,0,1,0,301,red,10962,T8B
131,0,1,0,301,red,10962,T8B
132,0,1,0,301,red,10962,T8B
133,0,1,0,301,red,10962,T8B
134,0,1,0,301,red,10962,T8B
135,0,1,0,301,red,10962,T8B
136,0,1,0,301,red,10962,T8B
137,0,1,0,301,red,10962,T8B
138,0,1,0,301,red,10962,T8B
139,0,1,0,301,red,10962,T8B
140,0,1,0,301,red,10962,T8B
141,0,1,0,301,red,10962,T8B
142,0,1,0,301,red,10962,T8B
143,0,1,0,301,red,10962,T8B
144,0,1,0,301,red,10962,T8B
145,0,1,0,301,red,10962,T8B
146,0,1,0,301,red,10962,T8B
147,0,1,0,301,red,10962,T8B
148,0,1,0,301,red,10962,T8B
149,0,1,0,301,red,10962,T8B
150,0,1,0,301,red,10962,T8B
151,0,1,0,301,red,10962,T8B
152,0,1,0,301,red,10962,T8B
153,0,1,0,301,red,10962,T8B
154,0,1,0,301,red,10962,T8B
155,0,1,0,301,red,10962,T8B
156,0,1,0,301,red,10962,T8B
157,0,1,0,301,red,10962,T8B
158,0,1,0,301,red,10962,T8B
159,0,1,0,301,red,10962,T8B
160,0,1,0,301,red,10962,T8B
161,0,1,0,301,red,10962,T8B
162,0,1,0,301,red,10962,T8B
163,0,1,0,301,red,10962,T8B
164,0,1,0,301,red,10962,T8B
165,0,1,0,301,red,10962,T8B
166,0,1,0,301,red,10962,T8B
167,0,1,0,301,red,10962,T8B
168,0,1,0,301,red,10962,T8B
169,0,1,0,301,red,10962,T8B
170,0,1,0,301,red,10962,T8B
171,0,1,0,301,red,10962,T8B
172,0,1,0,301,red,10962,T8B
173,0,1,0,301,red,10962,T8B
174,0,1,0,301,red,10962,T8B
175,0,1,0,301,red,10962,T8B
176,0,1,0,301,red,10962,T8B
177,0,1,0,301,red,10962,T8B
178,0,1,0,301,red,10962,T8B
179,0,1,0,301,red,10962,T8B
180,0,1,0,301,red,10962,T8B
181,0,1,0,301,red,10962,T8B
182,0,1,0,301,red,10962,T8B
183,0,0,1,301,red,10962,T8B
184,0,0,1,301,red,10962,T8B
185,1,0,0,301,red,10962,T8B
186,1,0,0,301,red,10962,T8B
187,1,0,0,301,red,10962,T8B
188,1,0,0,301,red,10962,T8B
189,1,0,0,301,red,10962,T8B
190,1,0,0,301,red,10962,T8B
191,1,0,0,301,red,10962,T8B
192,1,0,0,301,red,10962,T8B
193,1,0,0,301,red,10962,T8B
194,1,0,0,301,red,10962,T8B
195,1,0,0,301,red,10962,T8B
196,1,0,0,301,red,10962,T8B
197,1,0,0,301,red,10962,T8B
198,1,0,0,301,red,10962,T8B
199,1,0,0,301,red,10962,T8B
200,1,0,0,301,red,10962,T8B
201,1,0,0,301,red,10962,T8B
202,1,0,0,301,red,10962,T8B
203,1,0,0,301,red,10962,T8B
204,1,0,0,301,red,10962,T8B
205,1,0,0,301,red,10962,T8B
206,1,0,0,301,red,10962,T8B
207,1,0,0,301,red,10962,T8B
208,1,0,0,301,red,10962,T8B
209,1,0,0,301,red,10962,T8B
210,1,0,0,301,red,10962,T8B
211,1,0,0,301,red,10962,T8B
212,1,0,0,301,red,10962,T8B
213,1,0,0,301,red,10962,T8B
214,1,0,0,301,red,10962,T8B
215,1,0,0,301,red,10962,T8B
216,1,0,0,301,red,10962,T8B
217,1,0,0,301,red,10962,T8B
218,1,0,0,301,red,10962,T8B
219,1,0,0,301,red,10962,T8B
220,1,0,0,301,red,10962,T8B
221,1,0,0,301,red,10962,T8B
222,1,0,0,301,red,10962,T8B
0,0,0,1,302,red,10977,T8B
1,0,0,1,302,red,10977,T8B
2,0,0,1,302,red,10977,T8B
3,0,0,1,302,red,10977,T8B
4,0,0,1,302,red,10977,T8B
5,0,0,1,302,red,10977,T8B
6,0,0,1,302,red,10977,T8B
7,0,0,1,302,red,10977,T8B
8,0,0,1,302,red,10977,T8B
9,0,0,1,302,red,10977,T8B
10,0,0,1,302,red,10977,T8B
11,0,0,1,302,red,10977,T8B
12,0,0,1,302,red,10977,T8B
13,0,0,1,302,red,10977,T8B
14,0,0,1,302,red,10977,T8B
15,0,0,1,302,red,10977,T8B
16,0,0,1,302,red,10977,T8B
17,0,0,1,302,red,10977,T8B
18,0,0,1,302,red,10977,T8B
19,0,0,1,302,red,10977,T8B
20,0,0,1,302,red,10977,T8B
21,0,0,1,302,red,10977,T8B
22,0,0,1,302,red,10977,T8B
23,0,0,1,302,red,10977,T8B
24,0,1,0,302,red,10977,T8B
25,0,1,0,302,red,10977,T8B
26,0,1,0,302,red,10977,T8B
27,0,1,0,302,red,10977,T8B
28,0,1,0,302,red,10977,T8B
29,0,1,0,302,red,10977,T8B
30,0,1,0,302,red,10977,T8B
31,0,1,0,302,red,10977,T8B
32,0,1,0,302,red,10977,T8B
33,0,1,0,302,red,10977,T8B
34,0,1,0,302,red,10977,T8B
35,0,1,0,302,red,10977,T8B
36,0,1,0,302,red,10977,T8B
37,0,1,0,302,red,10977,T8B
38,0,1,0,302,red,10977,T8B
39,0,1,0,302,red,10977,T8B
40,0,1,0,302,red,10977,T8B
41,0,1,0,302,red,10977,T8B
42,0,1,0,302,red,10977,T8B
43,0,1,0,302,red,10977,T8B
44,0,1,0,302,red,10977,T8B
45,0,1,0,302,red,10977,T8B
46,0,1,0,302,red,10977,T8B
47,0,1,0,302,red,10977,T8B
48,0,1,0,302,red,10977,T8B
49,0,1,0,302,red,10977,T8B
50,0,1,0,302,red,10977,T8B
51,0,1,0,302,red,10977,T8B
52,0,1,0,302,red,10977,T8B
53,0,1,0,302,red,10977,T8B
54,0,1,0,302,red,10977,T8B
55,0,1,0,302,red,10977,T8B
56,0,1,0,302,red,10977,T8B
57,0,1,0,302,red,10977,T8B
58,0,1,0,302,red,10977,T8B
59,0,1,0,302,red,10977,T8B
60,0,1,0,302,red,10977,T8B
61,0,1,0,302,red,10977,T8B
62,0,1,0,302,red,10977,T8B
63,0,1,0,302,red,10977,T8B
64,0,1,0,302,red,10977,T8B
65,0,1,0,302,red,10977,T8B
66,0,1,0,302,red,10977,T8B
67,0,1,0,302,red,10977,T8B
68,0,1,0,302,red,10977,T8B
69,0,1,0,302,red,10977,T8B
70,0,1,0,302,red,10977,T8B
71,0,1,0,302,red,10977,T8B
72,0,1,0,302,red,10977,T8B
73,0,1,0,302,red,10977,T8B
74,0,1,0,302,red,10977,T8B
75,0,1,0,302,red,10977,T8B
76,0,1,0,302,red,10977,T8B
77,0,1,0,302,red,10977,T8B
78,0,1,0,302,red,10977,T8B
79,0,1,0,302,red,10977,T8B
80,0,1,0,302,red,10977,T8B
81,0,1,0,302,red,10977,T8B
82,0,1,0,302,red,10977,T8B
83,0,1,0,302,red,10977,T8B
84,0,1,0,302,red,10977,T8B
85,0,1,0,302,red,10977,T8B
86,0,1,0,302,red,10977,T8B
87,0,1,0,302,red,10977,T8B
88,0,1,0,302,red,10977,T8B
89,0,1,0,302,red,10977,T8B
90,0,1,0,302,red,10977,T8B
91,0,1,0,302,red,10977,T8B
92,0,1,0,302,red,10977,T8B
93,0,1,0,302,red,10977,T8B
94,0,1,0,302,red,10977,T8B
95,0,1,0,302,red,10977,T8B
96,0,1,0,302,red,10977,T8B
97,0,1,0,302,red,10977,T8B
98,0,1,0,302,red,10977,T8B
99,0,1,0,302,red,10977,T8B
100,0,1,0,302,red,10977,T8B
101,0,1,0,302,red,10977,T8B
102,0,1,0,302,red,10977,T8B
103,0,1,0,302,red,10977,T8B
104,0,1,0,302,red,10977,T8B
105,0,1,0,302,red,10977,T8B
106,0,1,0,302,red,10977,T8B
107,0,1,0,302,red,10977,T8B
108,0,1,0,302,red,10977,T8B
109,0,1,0,302,red,10977,T8B
110,0,1,0,302,red,10977,T8B
111,0,1,0,302,red,10977,T8B
112,0,1,0,302,red,10977,T8B
113,0,1,0,302,red,10977,T8B
114,0,1,0,302,red,10977,T8B
115,0,1,0,302,red,10977,T8B
116,0,1,0,302,red,10977,T8B
117,0,1,0,302,red,10977,T8B
118,0,1,0,302,red,10977,T8B
119,0,1,0,302,red,10977,T8B
120,0,1,0,302,red,10977,T8B
121,0,1,0,302,red,10977,T8B
122,0,1,0,302,red,10977,T8B
123,0,1,0,302,red,10977,T8B
124,0,1,0,302,red,10977,T8B
125,0,1,0,302,red,10977,T8B
126,0,1,0,302,red,10977,T8B
127,0,1,0,302,red,10977,T8B
128,0,1,0,302,red,10977,T8B
129,0,1,0,302,red,10977,T8B
130,0,1,0,302,red,10977,T8B
131,0,1,0,302,red,10977,T8B
132,0,1,0,302,red,10977,T8B
133,0,1,0,302,red,10977,T8B
134,0,1,0,302,red,10977,T8B
135,0,1,0,302,red,10977,T8B
136,0,1,0,302,red,10977,T8B
137,0,1,0,302,red,10977,T8B
138,0,1,0,302,red,10977,T8B
139,0,0,1,302,red,10977,T8B
140,1,0,0,302,red,10977,T8B
141,1,0,0,302,red,10977,T8B
142,1,0,0,302,red,10977,T8B
143,1,0,0,302,red,10977,T8B
144,1,0,0,302,red,10977,T8B
145,1,0,0,302,red,10977,T8B
146,1,0,0,302,red,10977,T8B
147,1,0,0,302,red,10977,T8B
148,1,0,0,302,red,10977,T8B
149,1,0,0,302,red,10977,T8B
150,1,0,0,302,red,10977,T8B
151,1,0,0,302,red,10977,T8B
152,1,0,0,302,red,10977,T8B
153,1,0,0,302,red,10977,T8B
154,1,0,0,302,red,10977,T8B
155,1,0,0,302,red,10977,T8B
156,1,0,0,302,red,10977,T8B
157,1,0,0,302,red,10977,T8B
158,1,0,0,302,red,10977,T8B
159,1,0,0,302,red,10977,T8B
160,1,0,0,302,red,10977,T8B
161,1,0,0,302,red,10977,T8B
162,1,0,0,302,red,10977,T8B
163,1,0,0,302,red,10977,T8B
164,1,0,0,302,red,10977,T8B
165,1,0,0,302,red,10977,T8B
166,1,0,0,302,red,10977,T8B
167,1,0,0,302,red,10977,T8B
168,1,0,0,302,red,10977,T8B
169,1,0,0,302,red,10977,T8B
170,1,0,0,302,red,10977,T8B
171,1,0,0,302,red,10977,T8B
172,1,0,0,302,red,10977,T8B
173,1,0,0,302,red,10977,T8B
174,1,0,0,302,red,10977,T8B
175,1,0,0,302,red,10977,T8B
176,1,0,0,302,red,10977,T8B
177,1,0,0,302,red,10977,T8B
178,1,0,0,302,red,10977,T8B
179,1,0,0,302,red,10977,T8B
180,1,0,0,302,red,10977,T8B
181,1,0,0,302,red,10977,T8B
182,1,0,0,302,red,10977,T8B
183,1,0,0,302,red,10977,T8B
184,1,0,0,302,red,10977,T8B
185,1,0,0,302,red,10977,T8B
186,1,0,0,302,red,10977,T8B
187,1,0,0,302,red,10977,T8B
188,1,0,0,302,red,10977,T8B
189,1,0,0,302,red,10977,T8B
190,1,0,0,302,red,10977,T8B
191,1,0,0,302,red,10977,T8B
192,1,0,0,302,red,10977,T8B
193,1,0,0,302,red,10977,T8B
194,1,0,0,302,red,10977,T8B
195,1,0,0,302,red,10977,T8B
196,1,0,0,302,red,10977,T8B
197,1,0,0,302,red,10977,T8B
198,1,0,0,302,red,10977,T8B
199,1,0,0,302,red,10977,T8B
200,1,0,0,302,red,10977,T8B
201,1,0,0,302,red,10977,T8B
202,1,0,0,302,red,10977,T8B
203,1,0,0,302,red,10977,T8B
204,1,0,0,302,red,10977,T8B
205,1,0,0,302,red,10977,T8B
206,1,0,0,302,red,10977,T8B
207,1,0,0,302,red,10977,T8B
208,1,0,0,302,red,10977,T8B
209,1,0,0,302,red,10977,T8B
210,1,0,0,302,red,10977,T8B
211,1,0,0,302,red,10977,T8B
212,1,0,0,302,red,10977,T8B
213,1,0,0,302,red,10977,T8B
214,1,0,0,302,red,10977,T8B
215,1,0,0,302,red,10977,T8B
216,1,0,0,302,red,10977,T8B
217,1,0,0,302,red,10977,T8B
218,1,0,0,302,red,10977,T8B
219,1,0,0,302,red,10977,T8B
220,1,0,0,302,red,10977,T8B
221,1,0,0,302,red,10977,T8B
222,1,0,0,302,red,10977,T8B
0,0,0,1,304,red,11283,T8B
1,0,0,1,304,red,11283,T8B
2,0,0,1,304,red,11283,T8B
3,0,0,1,304,red,11283,T8B
4,0,0,1,304,red,11283,T8B
5,0,0,1,304,red,11283,T8B
6,0,0,1,304,red,11283,T8B
7,0,0,1,304,red,11283,T8B
8,0,0,1,304,red,11283,T8B
9,0,0,1,304,red,11283,T8B
10,0,0,1,304,red,11283,T8B
11,0,0,1,304,red,11283,T8B
12,0,0,1,304,red,11283,T8B
13,0,0,1,304,red,11283,T8B
14,0,0,1,304,red,11283,T8B
15,0,0,1,304,red,11283,T8B
16,0,0,1,304,red,11283,T8B
17,0,0,1,304,red,11283,T8B
18,0,0,1,304,red,11283,T8B
19,0,0,1,304,red,11283,T8B
20,0,0,1,304,red,11283,T8B
21,0,0,1,304,red,11283,T8B
22,0,0,1,304,red,11283,T8B
23,0,0,1,304,red,11283,T8B
24,0,0,1,304,red,11283,T8B
25,0,0,1,304,red,11283,T8B
26,0,0,1,304,red,11283,T8B
27,0,0,1,304,red,11283,T8B
28,0,0,1,304,red,11283,T8B
29,0,0,1,304,red,11283,T8B
30,0,0,1,304,red,11283,T8B
31,0,0,1,304,red,11283,T8B
32,0,0,1,304,red,11283,T8B
33,0,0,1,304,red,11283,T8B
34,0,0,1,304,red,11283,T8B
35,0,0,1,304,red,11283,T8B
36,0,0,1,304,red,11283,T8B
37,0,0,1,304,red,11283,T8B
38,0,0,1,304,red,11283,T8B
39,0,0,1,304,red,11283,T8B
40,0,1,0,304,red,11283,T8B
41,0,1,0,304,red,11283,T8B
42,0,1,0,304,red,11283,T8B
43,0,1,0,304,red,11283,T8B
44,0,1,0,304,red,11283,T8B
45,0,1,0,304,red,11283,T8B
46,0,1,0,304,red,11283,T8B
47,0,1,0,304,red,11283,T8B
48,0,1,0,304,red,11283,T8B
49,0,1,0,304,red,11283,T8B
50,0,1,0,304,red,11283,T8B
51,0,1,0,304,red,11283,T8B
52,0,1,0,304,red,11283,T8B
53,0,1,0,304,red,11283,T8B
54,0,1,0,304,red,11283,T8B
55,0,1,0,304,red,11283,T8B
56,0,1,0,304,red,11283,T8B
57,0,1,0,304,red,11283,T8B
58,0,1,0,304,red,11283,T8B
59,0,1,0,304,red,11283,T8B
60,0,1,0,304,red,11283,T8B
61,0,1,0,304,red,11283,T8B
62,0,1,0,304,red,11283,T8B
63,0,1,0,304,red,11283,T8B
64,0,1,0,304,red,11283,T8B
65,0,1,0,304,red,11283,T8B
66,0,1,0,304,red,11283,T8B
67,0,1,0,304,red,11283,T8B
68,0,1,0,304,red,11283,T8B
69,0,1,0,304,red,11283,T8B
70,0,1,0,304,red,11283,T8B
71,0,1,0,304,red,11283,T8B
72,0,1,0,304,red,11283,T8B
73,0,1,0,304,red,11283,T8B
74,0,1,0,304,red,11283,T8B
75,0,1,0,304,red,11283,T8B
76,0,1,0,304,red,11283,T8B
77,0,1,0,304,red,11283,T8B
78,0,1,0,304,red,11283,T8B
79,0,1,0,304,red,11283,T8B
80,0,1,0,304,red,11283,T8B
81,0,1,0,304,red,11283,T8B
82,0,1,0,304,red,11283,T8B
83,0,1,0,304,red,11283,T8B
84,0,1,0,304,red,11283,T8B
85,0,1,0,304,red,11283,T8B
86,0,1,0,304,red,11283,T8B
87,0,1,0,304,red,11283,T8B
88,0,1,0,304,red,11283,T8B
89,0,1,0,304,red,11283,T8B
90,0,1,0,304,red,11283,T8B
91,0,1,0,304,red,11283,T8B
92,0,1,0,304,red,11283,T8B
93,0,1,0,304,red,11283,T8B
94,0,1,0,304,red,11283,T8B
95,0,1,0,304,red,11283,T8B
96,0,1,0,304,red,11283,T8B
97,0,1,0,304,red,11283,T8B
98,0,1,0,304,red,11283,T8B
99,0,1,0,304,red,11283,T8B
100,0,1,0,304,red,11283,T8B
101,0,1,0,304,red,11283,T8B
102,0,1,0,304,red,11283,T8B
103,0,1,0,304,red,11283,T8B
104,0,1,0,304,red,11283,T8B
105,0,1,0,304,red,11283,T8B
106,0,1,0,304,red,11283,T8B
107,0,1,0,304,red,11283,T8B
108,0,1,0,304,red,11283,T8B
109,0,1,0,304,red,11283,T8B
110,0,1,0,304,red,11283,T8B
111,0,1,0,304,red,11283,T8B
112,0,1,0,304,red,11283,T8B
113,0,1,0,304,red,11283,T8B
114,0,1,0,304,red,11283,T8B
115,0,1,0,304,red,11283,T8B
116,0,1,0,304,red,11283,T8B
117,0,1,0,304,red,11283,T8B
118,0,1,0,304,red,11283,T8B
119,0,1,0,304,red,11283,T8B
120,0,1,0,304,red,11283,T8B
121,0,1,0,304,red,11283,T8B
122,0,1,0,304,red,11283,T8B
123,0,1,0,304,red,11283,T8B
124,0,1,0,304,red,11283,T8B
125,0,1,0,304,red,11283,T8B
126,0,1,0,304,red,11283,T8B
127,0,1,0,304,red,11283,T8B
128,0,1,0,304,red,11283,T8B
129,0,1,0,304,red,11283,T8B
130,0,1,0,304,red,11283,T8B
131,0,1,0,304,red,11283,T8B
132,0,1,0,304,red,11283,T8B
133,0,1,0,304,red,11283,T8B
134,0,1,0,304,red,11283,T8B
135,0,1,0,304,red,11283,T8B
136,0,1,0,304,red,11283,T8B
137,0,1,0,304,red,11283,T8B
138,0,1,0,304,red,11283,T8B
139,0,1,0,304,red,11283,T8B
140,0,1,0,304,red,11283,T8B
141,0,1,0,304,red,11283,T8B
142,0,1,0,304,red,11283,T8B
143,0,0,1,304,red,11283,T8B
144,1,0,0,304,red,11283,T8B
145,1,0,0,304,red,11283,T8B
146,1,0,0,304,red,11283,T8B
147,1,0,0,304,red,11283,T8B
148,1,0,0,304,red,11283,T8B
149,1,0,0,304,red,11283,T8B
150,1,0,0,304,red,11283,T8B
151,1,0,0,304,red,11283,T8B
152,1,0,0,304,red,11283,T8B
153,1,0,0,304,red,11283,T8B
154,1,0,0,304,red,11283,T8B
155,1,0,0,304,red,11283,T8B
156,1,0,0,304,red,11283,T8B
157,1,0,0,304,red,11283,T8B
158,1,0,0,304,red,11283,T8B
159,1,0,0,304,red,11283,T8B
160,1,0,0,304,red,11283,T8B
161,1,0,0,304,red,11283,T8B
162,1,0,0,304,red,11283,T8B
163,1,0,0,304,red,11283,T8B
164,1,0,0,304,red,11283,T8B
165,1,0,0,304,red,11283,T8B
166,1,0,0,304,red,11283,T8B
167,1,0,0,304,red,11283,T8B
168,1,0,0,304,red,11283,T8B
169,1,0,0,304,red,11283,T8B
170,1,0,0,304,red,11283,T8B
171,1,0,0,304,red,11283,T8B
172,1,0,0,304,red,11283,T8B
173,1,0,0,304,red,11283,T8B
174,1,0,0,304,red,11283,T8B
175,1,0,0,304,red,11283,T8B
176,1,0,0,304,red,11283,T8B
177,1,0,0,304,red,11283,T8B
178,1,0,0,304,red,11283,T8B
179,1,0,0,304,red,11283,T8B
180,1,0,0,304,red,11283,T8B
181,1,0,0,304,red,11283,T8B
182,1,0,0,304,red,11283,T8B
183,1,0,0,304,red,11283,T8B
184,1,0,0,304,red,11283,T8B
185,1,0,0,304,red,11283,T8B
186,1,0,0,304,red,11283,T8B
187,1,0,0,304,red,11283,T8B
188,1,0,0,304,red,11283,T8B
189,1,0,0,304,red,11283,T8B
190,1,0,0,304,red,11283,T8B
191,1,0,0,304,red,11283,T8B
192,1,0,0,304,red,11283,T8B
193,1,0,0,304,red,11283,T8B
194,1,0,0,304,red,11283,T8B
195,1,0,0,304,red,11283,T8B
196,1,0,0,304,red,11283,T8B
197,1,0,0,304,red,11283,T8B
198,1,0,0,304,red,11283,T8B
199,1,0,0,304,red,11283,T8B
200,1,0,0,304,red,11283,T8B
201,1,0,0,304,red,11283,T8B
202,1,0,0,304,red,11283,T8B
203,1,0,0,304,red,11283,T8B
204,1,0,0,304,red,11283,T8B
205,1,0,0,304,red,11283,T8B
206,1,0,0,304,red,11283,T8B
207,1,0,0,304,red,11283,T8B
208,1,0,0,304,red,11283,T8B
209,1,0,0,304,red,11283,T8B
210,1,0,0,304,red,11283,T8B
211,1,0,0,304,red,11283,T8B
212,1,0,0,304,red,11283,T8B
213,1,0,0,304,red,11283,T8B
214,1,0,0,304,red,11283,T8B
215,1,0,0,304,red,11283,T8B
216,1,0,0,304,red,11283,T8B
217,1,0,0,304,red,11283,T8B
218,1,0,0,304,red,11283,T8B
219,1,0,0,304,red,11283,T8B
220,1,0,0,304,red,11283,T8B
221,1,0,0,304,red,11283,T8B
222,1,0,0,304,red,11283,T8B
0,0,0,1,305,red,11256,T8B
1,0,0,1,305,red,11256,T8B
2,0,0,1,305,red,11256,T8B
3,0,0,1,305,red,11256,T8B
4,0,0,1,305,red,11256,T8B
5,0,0,1,305,red,11256,T8B
6,0,0,1,305,red,11256,T8B
7,0,0,1,305,red,11256,T8B
8,0,0,1,305,red,11256,T8B
9,0,0,1,305,red,11256,T8B
10,0,0,1,305,red,11256,T8B
11,0,0,1,305,red,11256,T8B
12,0,0,1,305,red,11256,T8B
13,0,0,1,305,red,11256,T8B
14,0,0,1,305,red,11256,T8B
15,0,0,1,305,red,11256,T8B
16,0,0,1,305,red,11256,T8B
17,0,0,1,305,red,11256,T8B
18,0,0,1,305,red,11256,T8B
19,0,0,1,305,red,11256,T8B
20,0,0,1,305,red,11256,T8B
21,0,0,1,305,red,11256,T8B
22,0,0,1,305,red,11256,T8B
23,0,0,1,305,red,11256,T8B
24,0,0,1,305,red,11256,T8B
25,0,0,1,305,red,11256,T8B
26,0,0,1,305,red,11256,T8B
27,0,0,1,305,red,11256,T8B
28,0,0,1,305,red,11256,T8B
29,0,0,1,305,red,11256,T8B
30,0,0,1,305,red,11256,T8B
31,0,0,1,305,red,11256,T8B
32,0,0,1,305,red,11256,T8B
33,0,0,1,305,red,11256,T8B
34,0,0,1,305,red,11256,T8B
35,0,0,1,305,red,11256,T8B
36,0,0,1,305,red,11256,T8B
37,0,0,1,305,red,11256,T8B
38,0,0,1,305,red,11256,T8B
39,0,0,1,305,red,11256,T8B
40,0,0,1,305,red,11256,T8B
41,0,0,1,305,red,11256,T8B
42,0,0,1,305,red,11256,T8B
43,0,0,1,305,red,11256,T8B
44,0,0,1,305,red,11256,T8B
45,0,0,1,305,red,11256,T8B
46,0,0,1,305,red,11256,T8B
47,0,0,1,305,red,11256,T8B
48,0,0,1,305,red,11256,T8B
49,0,0,1,305,red,11256,T8B
50,0,0,1,305,red,11256,T8B
51,0,0,1,305,red,11256,T8B
52,1,0,0,305,red,11256,T8B
53,1,0,0,305,red,11256,T8B
54,1,0,0,305,red,11256,T8B
55,1,0,0,305,red,11256,T8B
56,1,0,0,305,red,11256,T8B
57,1,0,0,305,red,11256,T8B
58,1,0,0,305,red,11256,T8B
59,1,0,0,305,red,11256,T8B
60,1,0,0,305,red,11256,T8B
61,1,0,0,305,red,11256,T8B
62,1,0,0,305,red,11256,T8B
63,1,0,0,305,red,11256,T8B
64,1,0,0,305,red,11256,T8B
65,1,0,0,305,red,11256,T8B
66,1,0,0,305,red,11256,T8B
67,1,0,0,305,red,11256,T8B
68,1,0,0,305,red,11256,T8B
69,1,0,0,305,red,11256,T8B
70,1,0,0,305,red,11256,T8B
71,1,0,0,305,red,11256,T8B
72,1,0,0,305,red,11256,T8B
73,1,0,0,305,red,11256,T8B
74,1,0,0,305,red,11256,T8B
75,1,0,0,305,red,11256,T8B
76,1,0,0,305,red,11256,T8B
77,1,0,0,305,red,11256,T8B
78,1,0,0,305,red,11256,T8B
79,1,0,0,305,red,11256,T8B
80,1,0,0,305,red,11256,T8B
81,1,0,0,305,red,11256,T8B
82,1,0,0,305,red,11256,T8B
83,1,0,0,305,red,11256,T8B
84,1,0,0,305,red,11256,T8B
85,1,0,0,305,red,11256,T8B
86,1,0,0,305,red,11256,T8B
87,1,0,0,305,red,11256,T8B
88,1,0,0,305,red,11256,T8B
89,1,0,0,305,red,11256,T8B
90,0,0,1,305,red,11256,T8B
91,0,0,1,305,red,11256,T8B
92,0,0,1,305,red,11256,T8B
93,0,0,1,305,red,11256,T8B
94,0,0,1,305,red,11256,T8B
95,0,0,1,305,red,11256,T8B
96,0,0,1,305,red,11256,T8B
97,0,0,1,305,red,11256,T8B
98,0,0,1,305,red,11256,T8B
99,0,0,1,305,red,11256,T8B
100,0,0,1,305,red,11256,T8B
101,0,0,1,305,red,11256,T8B
102,0,0,1,305,red,11256,T8B
103,0,0,1,305,red,11256,T8B
104,0,0,1,305,red,11256,T8B
105,0,0,1,305,red,11256,T8B
106,0,0,1,305,red,11256,T8B
107,0,0,1,305,red,11256,T8B
108,0,0,1,305,red,11256,T8B
109,0,0,1,305,red,11256,T8B
110,0,0,1,305,red,11256,T8B
111,0,0,1,305,red,11256,T8B
112,0,0,1,305,red,11256,T8B
113,0,0,1,305,red,11256,T8B
114,0,0,1,305,red,11256,T8B
115,0,0,1,305,red,11256,T8B
116,0,0,1,305,red,11256,T8B
117,0,0,1,305,red,11256,T8B
118,0,0,1,305,red,11256,T8B
119,0,0,1,305,red,11256,T8B
120,0,0,1,305,red,11256,T8B
121,0,0,1,305,red,11256,T8B
122,0,0,1,305,red,11256,T8B
123,0,0,1,305,red,11256,T8B
124,0,0,1,305,red,11256,T8B
125,0,0,1,305,red,11256,T8B
126,0,0,1,305,red,11256,T8B
127,0,0,1,305,red,11256,T8B
128,0,0,1,305,red,11256,T8B
129,0,0,1,305,red,11256,T8B
130,0,0,1,305,red,11256,T8B
131,0,0,1,305,red,11256,T8B
132,0,0,1,305,red,11256,T8B
133,0,0,1,305,red,11256,T8B
134,0,0,1,305,red,11256,T8B
135,0,0,1,305,red,11256,T8B
136,0,0,1,305,red,11256,T8B
137,0,0,1,305,red,11256,T8B
138,0,0,1,305,red,11256,T8B
139,0,0,1,305,red,11256,T8B
140,0,0,1,305,red,11256,T8B
141,0,0,1,305,red,11256,T8B
142,0,0,1,305,red,11256,T8B
143,0,0,1,305,red,11256,T8B
144,0,0,1,305,red,11256,T8B
145,0,0,1,305,red,11256,T8B
146,0,0,1,305,red,11256,T8B
147,0,0,1,305,red,11256,T8B
148,0,0,1,305,red,11256,T8B
149,0,0,1,305,red,11256,T8B
150,0,0,1,305,red,11256,T8B
151,0,0,1,305,red,11256,T8B
152,0,0,1,305,red,11256,T8B
153,0,1,0,305,red,11256,T8B
154,0,1,0,305,red,11256,T8B
155,0,1,0,305,red,11256,T8B
156,0,1,0,305,red,11256,T8B
157,0,0,1,305,red,11256,T8B
158,0,0,1,305,red,11256,T8B
159,0,0,1,305,red,11256,T8B
160,0,0,1,305,red,11256,T8B
161,0,0,1,305,red,11256,T8B
162,0,0,1,305,red,11256,T8B
163,0,0,1,305,red,11256,T8B
164,0,0,1,305,red,11256,T8B
165,0,0,1,305,red,11256,T8B
166,0,0,1,305,red,11256,T8B
167,0,0,1,305,red,11256,T8B
168,0,0,1,305,red,11256,T8B
169,0,0,1,305,red,11256,T8B
170,0,0,1,305,red,11256,T8B
171,0,0,1,305,red,11256,T8B
172,0,0,1,305,red,11256,T8B
173,0,0,1,305,red,11256,T8B
174,0,0,1,305,red,11256,T8B
175,0,0,1,305,red,11256,T8B
176,0,0,1,305,red,11256,T8B
177,0,0,1,305,red,11256,T8B
178,0,0,1,305,red,11256,T8B
179,0,0,1,305,red,11256,T8B
180,0,0,1,305,red,11256,T8B
181,0,0,1,305,red,11256,T8B
182,0,0,1,305,red,11256,T8B
183,0,0,1,305,red,11256,T8B
184,1,0,0,305,red,11256,T8B
185,1,0,0,305,red,11256,T8B
186,1,0,0,305,red,11256,T8B
187,1,0,0,305,red,11256,T8B
188,1,0,0,305,red,11256,T8B
189,1,0,0,305,red,11256,T8B
190,1,0,0,305,red,11256,T8B
191,1,0,0,305,red,11256,T8B
192,1,0,0,305,red,11256,T8B
193,1,0,0,305,red,11256,T8B
194,1,0,0,305,red,11256,T8B
195,1,0,0,305,red,11256,T8B
196,1,0,0,305,red,11256,T8B
197,1,0,0,305,red,11256,T8B
198,1,0,0,305,red,11256,T8B
199,1,0,0,305,red,11256,T8B
200,1,0,0,305,red,11256,T8B
201,1,0,0,305,red,11256,T8B
202,1,0,0,305,red,11256,T8B
203,1,0,0,305,red,11256,T8B
204,1,0,0,305,red,11256,T8B
205,1,0,0,305,red,11256,T8B
206,1,0,0,305,red,11256,T8B
207,1,0,0,305,red,11256,T8B
208,1,0,0,305,red,11256,T8B
209,1,0,0,305,red,11256,T8B
210,1,0,0,305,red,11256,T8B
211,1,0,0,305,red,11256,T8B
212,1,0,0,305,red,11256,T8B
213,1,0,0,305,red,11256,T8B
214,1,0,0,305,red,11256,T8B
215,1,0,0,305,red,11256,T8B
216,1,0,0,305,red,11256,T8B
217,1,0,0,305,red,11256,T8B
218,1,0,0,305,red,11256,T8B
219,1,0,0,305,red,11256,T8B
220,1,0,0,305,red,11256,T8B
221,1,0,0,305,red,11256,T8B
222,1,0,0,305,red,11256,T8B
0,0,0,1,306,red,11265,T8B
1,0,0,1,306,red,11265,T8B
2,0,0,1,306,red,11265,T8B
3,0,0,1,306,red,11265,T8B
4,0,0,1,306,red,11265,T8B
5,0,0,1,306,red,11265,T8B
6,0,0,1,306,red,11265,T8B
7,0,0,1,306,red,11265,T8B
8,0,0,1,306,red,11265,T8B
9,0,0,1,306,red,11265,T8B
10,0,0,1,306,red,11265,T8B
11,0,0,1,306,red,11265,T8B
12,0,0,1,306,red,11265,T8B
13,0,0,1,306,red,11265,T8B
14,0,0,1,306,red,11265,T8B
15,0,0,1,306,red,11265,T8B
16,0,0,1,306,red,11265,T8B
17,0,0,1,306,red,11265,T8B
18,0,0,1,306,red,11265,T8B
19,0,0,1,306,red,11265,T8B
20,0,0,1,306,red,11265,T8B
21,0,0,1,306,red,11265,T8B
22,0,0,1,306,red,11265,T8B
23,0,0,1,306,red,11265,T8B
24,0,0,1,306,red,11265,T8B
25,0,0,1,306,red,11265,T8B
26,0,0,1,306,red,11265,T8B
27,0,0,1,306,red,11265,T8B
28,0,0,1,306,red,11265,T8B
29,0,0,1,306,red,11265,T8B
30,0,0,1,306,red,11265,T8B
31,0,0,1,306,red,11265,T8B
32,0,0,1,306,red,11265,T8B
33,0,0,1,306,red,11265,T8B
34,0,0,1,306,red,11265,T8B
35,0,0,1,306,red,11265,T8B
36,0,0,1,306,red,11265,T8B
37,0,0,1,306,red,11265,T8B
38,0,0,1,306,red,11265,T8B
39,0,0,1,306,red,11265,T8B
40,0,0,1,306,red,11265,T8B
41,0,0,1,306,red,11265,T8B
42,0,0,1,306,red,11265,T8B
43,0,0,1,306,red,11265,T8B
44,0,0,1,306,red,11265,T8B
45,0,0,1,306,red,11265,T8B
46,0,0,1,306,red,11265,T8B
47,0,0,1,306,red,11265,T8B
48,0,0,1,306,red,11265,T8B
49,0,0,1,306,red,11265,T8B
50,0,0,1,306,red,11265,T8B
51,0,0,1,306,red,11265,T8B
52,0,0,1,306,red,11265,T8B
53,0,0,1,306,red,11265,T8B
54,0,0,1,306,red,11265,T8B
55,0,0,1,306,red,11265,T8B
56,0,0,1,306,red,11265,T8B
57,0,0,1,306,red,11265,T8B
58,0,0,1,306,red,11265,T8B
59,0,0,1,306,red,11265,T8B
60,0,0,1,306,red,11265,T8B
61,0,0,1,306,red,11265,T8B
62,0,0,1,306,red,11265,T8B
63,0,0,1,306,red,11265,T8B
64,0,0,1,306,red,11265,T8B
65,0,0,1,306,red,11265,T8B
66,0,0,1,306,red,11265,T8B
67,0,0,1,306,red,11265,T8B
68,0,0,1,306,red,11265,T8B
69,0,0,1,306,red,11265,T8B
70,0,0,1,306,red,11265,T8B
71,0,0,1,306,red,11265,T8B
72,0,0,1,306,red,11265,T8B
73,0,1,0,306,red,11265,T8B
74,0,1,0,306,red,11265,T8B
75,0,1,0,306,red,11265,T8B
76,0,1,0,306,red,11265,T8B
77,0,1,0,306,red,11265,T8B
78,0,1,0,306,red,11265,T8B
79,0,1,0,306,red,11265,T8B
80,0,1,0,306,red,11265,T8B
81,0,1,0,306,red,11265,T8B
82,0,1,0,306,red,11265,T8B
83,0,1,0,306,red,11265,T8B
84,0,1,0,306,red,11265,T8B
85,0,1,0,306,red,11265,T8B
86,0,1,0,306,red,11265,T8B
87,0,1,0,306,red,11265,T8B
88,0,1,0,306,red,11265,T8B
89,0,1,0,306,red,11265,T8B
90,0,1,0,306,red,11265,T8B
91,0,1,0,306,red,11265,T8B
92,0,1,0,306,red,11265,T8B
93,0,1,0,306,red,11265,T8B
94,0,1,0,306,red,11265,T8B
95,0,1,0,306,red,11265,T8B
96,0,1,0,306,red,11265,T8B
97,0,1,0,306,red,11265,T8B
98,0,1,0,306,red,11265,T8B
99,0,1,0,306,red,11265,T8B
100,0,1,0,306,red,11265,T8B
101,0,1,0,306,red,11265,T8B
102,0,1,0,306,red,11265,T8B
103,0,1,0,306,red,11265,T8B
104,0,1,0,306,red,11265,T8B
105,0,1,0,306,red,11265,T8B
106,0,1,0,306,red,11265,T8B
107,0,1,0,306,red,11265,T8B
108,0,1,0,306,red,11265,T8B
109,0,1,0,306,red,11265,T8B
110,0,1,0,306,red,11265,T8B
111,0,1,0,306,red,11265,T8B
112,0,1,0,306,red,11265,T8B
113,0,1,0,306,red,11265,T8B
114,0,1,0,306,red,11265,T8B
115,0,1,0,306,red,11265,T8B
116,0,1,0,306,red,11265,T8B
117,0,1,0,306,red,11265,T8B
118,0,1,0,306,red,11265,T8B
119,0,1,0,306,red,11265,T8B
120,0,1,0,306,red,11265,T8B
121,0,1,0,306,red,11265,T8B
122,0,1,0,306,red,11265,T8B
123,0,1,0,306,red,11265,T8B
124,0,1,0,306,red,11265,T8B
125,0,1,0,306,red,11265,T8B
126,0,1,0,306,red,11265,T8B
127,0,1,0,306,red,11265,T8B
128,0,1,0,306,red,11265,T8B
129,0,1,0,306,red,11265,T8B
130,0,1,0,306,red,11265,T8B
131,0,1,0,306,red,11265,T8B
132,0,1,0,306,red,11265,T8B
133,0,1,0,306,red,11265,T8B
134,0,1,0,306,red,11265,T8B
135,0,1,0,306,red,11265,T8B
136,0,1,0,306,red,11265,T8B
137,0,1,0,306,red,11265,T8B
138,0,1,0,306,red,11265,T8B
139,0,1,0,306,red,11265,T8B
140,0,1,0,306,red,11265,T8B
141,0,1,0,306,red,11265,T8B
142,0,1,0,306,red,11265,T8B
143,0,1,0,306,red,11265,T8B
144,0,1,0,306,red,11265,T8B
145,0,1,0,306,red,11265,T8B
146,0,1,0,306,red,11265,T8B
147,0,1,0,306,red,11265,T8B
148,0,1,0,306,red,11265,T8B
149,0,1,0,306,red,11265,T8B
150,0,1,0,306,red,11265,T8B
151,0,1,0,306,red,11265,T8B
152,0,1,0,306,red,11265,T8B
153,0,1,0,306,red,11265,T8B
154,0,1,0,306,red,11265,T8B
155,0,1,0,306,red,11265,T8B
156,0,1,0,306,red,11265,T8B
157,0,1,0,306,red,11265,T8B
158,0,1,0,306,red,11265,T8B
159,0,1,0,306,red,11265,T8B
160,0,1,0,306,red,11265,T8B
161,0,1,0,306,red,11265,T8B
162,0,1,0,306,red,11265,T8B
163,0,1,0,306,red,11265,T8B
164,0,1,0,306,red,11265,T8B
165,0,1,0,306,red,11265,T8B
166,0,1,0,306,red,11265,T8B
167,0,1,0,306,red,11265,T8B
168,0,1,0,306,red,11265,T8B
169,0,1,0,306,red,11265,T8B
170,0,1,0,306,red,11265,T8B
171,0,1,0,306,red,11265,T8B
172,0,1,0,306,red,11265,T8B
173,0,1,0,306,red,11265,T8B
174,0,1,0,306,red,11265,T8B
175,0,1,0,306,red,11265,T8B
176,0,1,0,306,red,11265,T8B
177,0,1,0,306,red,11265,T8B
178,0,1,0,306,red,11265,T8B
179,0,1,0,306,red,11265,T8B
180,0,1,0,306,red,11265,T8B
181,0,1,0,306,red,11265,T8B
182,0,1,0,306,red,11265,T8B
183,0,0,1,306,red,11265,T8B
184,0,0,1,306,red,11265,T8B
185,1,0,0,306,red,11265,T8B
186,1,0,0,306,red,11265,T8B
187,1,0,0,306,red,11265,T8B
188,1,0,0,306,red,11265,T8B
189,1,0,0,306,red,11265,T8B
190,1,0,0,306,red,11265,T8B
191,1,0,0,306,red,11265,T8B
192,1,0,0,306,red,11265,T8B
193,1,0,0,306,red,11265,T8B
194,1,0,0,306,red,11265,T8B
195,1,0,0,306,red,11265,T8B
196,1,0,0,306,red,11265,T8B
197,1,0,0,306,red,11265,T8B
198,1,0,0,306,red,11265,T8B
199,1,0,0,306,red,11265,T8B
200,1,0,0,306,red,11265,T8B
201,1,0,0,306,red,11265,T8B
202,1,0,0,306,red,11265,T8B
203,1,0,0,306,red,11265,T8B
204,1,0,0,306,red,11265,T8B
205,1,0,0,306,red,11265,T8B
206,1,0,0,306,red,11265,T8B
207,1,0,0,306,red,11265,T8B
208,1,0,0,306,red,11265,T8B
209,1,0,0,306,red,11265,T8B
210,1,0,0,306,red,11265,T8B
211,1,0,0,306,red,11265,T8B
212,1,0,0,306,red,11265,T8B
213,1,0,0,306,red,11265,T8B
214,1,0,0,306,red,11265,T8B
215,1,0,0,306,red,11265,T8B
216,1,0,0,306,red,11265,T8B
217,1,0,0,306,red,11265,T8B
218,1,0,0,306,red,11265,T8B
219,1,0,0,306,red,11265,T8B
220,1,0,0,306,red,11265,T8B
221,1,0,0,306,red,11265,T8B
222,1,0,0,306,red,11265,T8B
0,0,0,1,307,red,11353,T8B
1,0,0,1,307,red,11353,T8B
2,0,0,1,307,red,11353,T8B
3,0,0,1,307,red,11353,T8B
4,0,0,1,307,red,11353,T8B
5,0,0,1,307,red,11353,T8B
6,0,0,1,307,red,11353,T8B
7,0,0,1,307,red,11353,T8B
8,0,0,1,307,red,11353,T8B
9,0,0,1,307,red,11353,T8B
10,0,0,1,307,red,11353,T8B
11,0,0,1,307,red,11353,T8B
12,0,0,1,307,red,11353,T8B
13,0,0,1,307,red,11353,T8B
14,0,0,1,307,red,11353,T8B
15,0,0,1,307,red,11353,T8B
16,0,0,1,307,red,11353,T8B
17,0,0,1,307,red,11353,T8B
18,0,0,1,307,red,11353,T8B
19,0,0,1,307,red,11353,T8B
20,0,0,1,307,red,11353,T8B
21,0,0,1,307,red,11353,T8B
22,0,0,1,307,red,11353,T8B
23,0,0,1,307,red,11353,T8B
24,0,0,1,307,red,11353,T8B
25,0,0,1,307,red,11353,T8B
26,0,0,1,307,red,11353,T8B
27,0,0,1,307,red,11353,T8B
28,0,0,1,307,red,11353,T8B
29,0,0,1,307,red,11353,T8B
30,0,0,1,307,red,11353,T8B
31,0,0,1,307,red,11353,T8B
32,0,0,1,307,red,11353,T8B
33,0,0,1,307,red,11353,T8B
34,0,0,1,307,red,11353,T8B
35,0,0,1,307,red,11353,T8B
36,0,0,1,307,red,11353,T8B
37,0,0,1,307,red,11353,T8B
38,0,0,1,307,red,11353,T8B
39,0,0,1,307,red,11353,T8B
40,0,0,1,307,red,11353,T8B
41,0,0,1,307,red,11353,T8B
42,0,0,1,307,red,11353,T8B
43,0,0,1,307,red,11353,T8B
44,0,0,1,307,red,11353,T8B
45,0,0,1,307,red,11353,T8B
46,0,0,1,307,red,11353,T8B
47,0,0,1,307,red,11353,T8B
48,0,0,1,307,red,11353,T8B
49,0,0,1,307,red,11353,T8B
50,0,0,1,307,red,11353,T8B
51,0,0,1,307,red,11353,T8B
52,0,0,1,307,red,11353,T8B
53,0,0,1,307,red,11353,T8B
54,0,0,1,307,red,11353,T8B
55,0,0,1,307,red,11353,T8B
56,0,0,1,307,red,11353,T8B
57,0,0,1,307,red,11353,T8B
58,0,0,1,307,red,11353,T8B
59,0,0,1,307,red,11353,T8B
60,0,0,1,307,red,11353,T8B
61,0,0,1,307,red,11353,T8B
62,0,0,1,307,red,11353,T8B
63,0,0,1,307,red,11353,T8B
64,0,0,1,307,red,11353,T8B
65,0,0,1,307,red,11353,T8B
66,0,0,1,307,red,11353,T8B
67,0,0,1,307,red,11353,T8B
68,0,0,1,307,red,11353,T8B
69,0,0,1,307,red,11353,T8B
70,0,0,1,307,red,11353,T8B
71,0,0,1,307,red,11353,T8B
72,1,0,0,307,red,11353,T8B
73,1,0,0,307,red,11353,T8B
74,1,0,0,307,red,11353,T8B
75,1,0,0,307,red,11353,T8B
76,1,0,0,307,red,11353,T8B
77,1,0,0,307,red,11353,T8B
78,1,0,0,307,red,11353,T8B
79,1,0,0,307,red,11353,T8B
80,1,0,0,307,red,11353,T8B
81,1,0,0,307,red,11353,T8B
82,1,0,0,307,red,11353,T8B
83,1,0,0,307,red,11353,T8B
84,1,0,0,307,red,11353,T8B
85,1,0,0,307,red,11353,T8B
86,1,0,0,307,red,11353,T8B
87,1,0,0,307,red,11353,T8B
88,1,0,0,307,red,11353,T8B
89,1,0,0,307,red,11353,T8B
90,1,0,0,307,red,11353,T8B
91,1,0,0,307,red,11353,T8B
92,1,0,0,307,red,11353,T8B
93,1,0,0,307,red,11353,T8B
94,1,0,0,307,red,11353,T8B
95,1,0,0,307,red,11353,T8B
96,1,0,0,307,red,11353,T8B
97,1,0,0,307,red,11353,T8B
98,1,0,0,307,red,11353,T8B
99,1,0,0,307,red,11353,T8B
100,1,0,0,307,red,11353,T8B
101,1,0,0,307,red,11353,T8B
102,1,0,0,307,red,11353,T8B
103,1,0,0,307,red,11353,T8B
104,1,0,0,307,red,11353,T8B
105,1,0,0,307,red,11353,T8B
106,1,0,0,307,red,11353,T8B
107,1,0,0,307,red,11353,T8B
108,1,0,0,307,red,11353,T8B
109,1,0,0,307,red,11353,T8B
110,1,0,0,307,red,11353,T8B
111,1,0,0,307,red,11353,T8B
112,1,0,0,307,red,11353,T8B
113,1,0,0,307,red,11353,T8B
114,0,0,1,307,red,11353,T8B
115,0,0,1,307,red,11353,T8B
116,0,0,1,307,red,11353,T8B
117,0,0,1,307,red,11353,T8B
118,0,0,1,307,red,11353,T8B
119,0,0,1,307,red,11353,T8B
120,1,0,0,307,red,11353,T8B
121,1,0,0,307,red,11353,T8B
122,1,0,0,307,red,11353,T8B
123,1,0,0,307,red,11353,T8B
124,1,0,0,307,red,11353,T8B
125,1,0,0,307,red,11353,T8B
126,1,0,0,307,red,11353,T8B
127,1,0,0,307,red,11353,T8B
128,1,0,0,307,red,11353,T8B
129,1,0,0,307,red,11353,T8B
130,1,0,0,307,red,11353,T8B
131,1,0,0,307,red,11353,T8B
132,1,0,0,307,red,11353,T8B
133,1,0,0,307,red,11353,T8B
134,1,0,0,307,red,11353,T8B
135,1,0,0,307,red,11353,T8B
136,1,0,0,307,red,11353,T8B
137,1,0,0,307,red,11353,T8B
138,1,0,0,307,red,11353,T8B
139,1,0,0,307,red,11353,T8B
140,1,0,0,307,red,11353,T8B
141,1,0,0,307,red,11353,T8B
142,1,0,0,307,red,11353,T8B
143,1,0,0,307,red,11353,T8B
144,1,0,0,307,red,11353,T8B
145,1,0,0,307,red,11353,T8B
146,1,0,0,307,red,11353,T8B
147,1,0,0,307,red,11353,T8B
148,1,0,0,307,red,11353,T8B
149,1,0,0,307,red,11353,T8B
150,1,0,0,307,red,11353,T8B
151,1,0,0,307,red,11353,T8B
152,1,0,0,307,red,11353,T8B
153,1,0,0,307,red,11353,T8B
154,1,0,0,307,red,11353,T8B
155,1,0,0,307,red,11353,T8B
156,1,0,0,307,red,11353,T8B
157,1,0,0,307,red,11353,T8B
158,1,0,0,307,red,11353,T8B
159,1,0,0,307,red,11353,T8B
160,1,0,0,307,red,11353,T8B
161,1,0,0,307,red,11353,T8B
162,1,0,0,307,red,11353,T8B
163,1,0,0,307,red,11353,T8B
164,1,0,0,307,red,11353,T8B
165,1,0,0,307,red,11353,T8B
166,1,0,0,307,red,11353,T8B
167,1,0,0,307,red,11353,T8B
168,1,0,0,307,red,11353,T8B
169,1,0,0,307,red,11353,T8B
170,1,0,0,307,red,11353,T8B
171,1,0,0,307,red,11353,T8B
172,1,0,0,307,red,11353,T8B
173,1,0,0,307,red,11353,T8B
174,1,0,0,307,red,11353,T8B
175,1,0,0,307,red,11353,T8B
176,1,0,0,307,red,11353,T8B
177,1,0,0,307,red,11353,T8B
178,1,0,0,307,red,11353,T8B
179,1,0,0,307,red,11353,T8B
180,1,0,0,307,red,11353,T8B
181,1,0,0,307,red,11353,T8B
182,1,0,0,307,red,11353,T8B
183,1,0,0,307,red,11353,T8B
184,1,0,0,307,red,11353,T8B
185,1,0,0,307,red,11353,T8B
186,1,0,0,307,red,11353,T8B
187,1,0,0,307,red,11353,T8B
188,1,0,0,307,red,11353,T8B
189,1,0,0,307,red,11353,T8B
190,1,0,0,307,red,11353,T8B
191,1,0,0,307,red,11353,T8B
192,1,0,0,307,red,11353,T8B
193,1,0,0,307,red,11353,T8B
194,1,0,0,307,red,11353,T8B
195,1,0,0,307,red,11353,T8B
196,1,0,0,307,red,11353,T8B
197,1,0,0,307,red,11353,T8B
198,1,0,0,307,red,11353,T8B
199,1,0,0,307,red,11353,T8B
200,1,0,0,307,red,11353,T8B
201,1,0,0,307,red,11353,T8B
202,1,0,0,307,red,11353,T8B
203,1,0,0,307,red,11353,T8B
204,1,0,0,307,red,11353,T8B
205,1,0,0,307,red,11353,T8B
206,1,0,0,307,red,11353,T8B
207,1,0,0,307,red,11353,T8B
208,1,0,0,307,red,11353,T8B
209,1,0,0,307,red,11353,T8B
210,1,0,0,307,red,11353,T8B
211,1,0,0,307,red,11353,T8B
212,1,0,0,307,red,11353,T8B
213,1,0,0,307,red,11353,T8B
214,1,0,0,307,red,11353,T8B
215,1,0,0,307,red,11353,T8B
216,1,0,0,307,red,11353,T8B
217,1,0,0,307,red,11353,T8B
218,1,0,0,307,red,11353,T8B
219,1,0,0,307,red,11353,T8B
220,1,0,0,307,red,11353,T8B
221,1,0,0,307,red,11353,T8B
222,1,0,0,307,red,11353,T8B
0,0,0,1,308,red,11743,T8B
1,0,0,1,308,red,11743,T8B
2,0,0,1,308,red,11743,T8B
3,0,0,1,308,red,11743,T8B
4,0,0,1,308,red,11743,T8B
5,0,0,1,308,red,11743,T8B
6,0,0,1,308,red,11743,T8B
7,0,0,1,308,red,11743,T8B
8,0,0,1,308,red,11743,T8B
9,0,0,1,308,red,11743,T8B
10,0,0,1,308,red,11743,T8B
11,0,0,1,308,red,11743,T8B
12,0,0,1,308,red,11743,T8B
13,0,0,1,308,red,11743,T8B
14,0,0,1,308,red,11743,T8B
15,0,0,1,308,red,11743,T8B
16,0,0,1,308,red,11743,T8B
17,0,0,1,308,red,11743,T8B
18,0,0,1,308,red,11743,T8B
19,0,0,1,308,red,11743,T8B
20,0,0,1,308,red,11743,T8B
21,0,0,1,308,red,11743,T8B
22,0,0,1,308,red,11743,T8B
23,0,0,1,308,red,11743,T8B
24,0,0,1,308,red,11743,T8B
25,0,0,1,308,red,11743,T8B
26,0,0,1,308,red,11743,T8B
27,0,0,1,308,red,11743,T8B
28,0,0,1,308,red,11743,T8B
29,0,0,1,308,red,11743,T8B
30,0,0,1,308,red,11743,T8B
31,0,0,1,308,red,11743,T8B
32,0,0,1,308,red,11743,T8B
33,0,0,1,308,red,11743,T8B
34,0,0,1,308,red,11743,T8B
35,0,0,1,308,red,11743,T8B
36,0,0,1,308,red,11743,T8B
37,0,0,1,308,red,11743,T8B
38,0,0,1,308,red,11743,T8B
39,0,0,1,308,red,11743,T8B
40,0,0,1,308,red,11743,T8B
41,0,0,1,308,red,11743,T8B
42,0,0,1,308,red,11743,T8B
43,0,0,1,308,red,11743,T8B
44,0,0,1,308,red,11743,T8B
45,0,0,1,308,red,11743,T8B
46,0,0,1,308,red,11743,T8B
47,0,0,1,308,red,11743,T8B
48,0,0,1,308,red,11743,T8B
49,0,1,0,308,red,11743,T8B
50,0,1,0,308,red,11743,T8B
51,0,1,0,308,red,11743,T8B
52,0,1,0,308,red,11743,T8B
53,0,1,0,308,red,11743,T8B
54,0,1,0,308,red,11743,T8B
55,0,1,0,308,red,11743,T8B
56,0,1,0,308,red,11743,T8B
57,0,1,0,308,red,11743,T8B
58,0,1,0,308,red,11743,T8B
59,0,1,0,308,red,11743,T8B
60,0,1,0,308,red,11743,T8B
61,0,1,0,308,red,11743,T8B
62,0,1,0,308,red,11743,T8B
63,0,1,0,308,red,11743,T8B
64,0,1,0,308,red,11743,T8B
65,0,1,0,308,red,11743,T8B
66,0,1,0,308,red,11743,T8B
67,0,1,0,308,red,11743,T8B
68,0,1,0,308,red,11743,T8B
69,0,1,0,308,red,11743,T8B
70,0,1,0,308,red,11743,T8B
71,0,1,0,308,red,11743,T8B
72,0,1,0,308,red,11743,T8B
73,0,1,0,308,red,11743,T8B
74,0,1,0,308,red,11743,T8B
75,0,1,0,308,red,11743,T8B
76,0,1,0,308,red,11743,T8B
77,0,1,0,308,red,11743,T8B
78,0,1,0,308,red,11743,T8B
79,0,1,0,308,red,11743,T8B
80,0,1,0,308,red,11743,T8B
81,0,1,0,308,red,11743,T8B
82,0,1,0,308,red,11743,T8B
83,0,1,0,308,red,11743,T8B
84,0,1,0,308,red,11743,T8B
85,0,1,0,308,red,11743,T8B
86,0,1,0,308,red,11743,T8B
87,0,1,0,308,red,11743,T8B
88,0,1,0,308,red,11743,T8B
89,0,1,0,308,red,11743,T8B
90,0,1,0,308,red,11743,T8B
91,0,1,0,308,red,11743,T8B
92,0,1,0,308,red,11743,T8B
93,0,1,0,308,red,11743,T8B
94,0,1,0,308,red,11743,T8B
95,0,1,0,308,red,11743,T8B
96,0,1,0,308,red,11743,T8B
97,0,1,0,308,red,11743,T8B
98,0,1,0,308,red,11743,T8B
99,0,1,0,308,red,11743,T8B
100,0,1,0,308,red,11743,T8B
101,0,1,0,308,red,11743,T8B
102,0,1,0,308,red,11743,T8B
103,0,1,0,308,red,11743,T8B
104,0,1,0,308,red,11743,T8B
105,0,1,0,308,red,11743,T8B
106,0,1,0,308,red,11743,T8B
107,0,1,0,308,red,11743,T8B
108,0,1,0,308,red,11743,T8B
109,0,1,0,308,red,11743,T8B
110,0,1,0,308,red,11743,T8B
111,0,1,0,308,red,11743,T8B
112,0,1,0,308,red,11743,T8B
113,0,1,0,308,red,11743,T8B
114,0,1,0,308,red,11743,T8B
115,0,1,0,308,red,11743,T8B
116,0,1,0,308,red,11743,T8B
117,0,1,0,308,red,11743,T8B
118,0,1,0,308,red,11743,T8B
119,0,1,0,308,red,11743,T8B
120,0,1,0,308,red,11743,T8B
121,0,1,0,308,red,11743,T8B
122,0,1,0,308,red,11743,T8B
123,0,1,0,308,red,11743,T8B
124,0,1,0,308,red,11743,T8B
125,0,1,0,308,red,11743,T8B
126,0,1,0,308,red,11743,T8B
127,0,1,0,308,red,11743,T8B
128,0,1,0,308,red,11743,T8B
129,0,1,0,308,red,11743,T8B
130,0,1,0,308,red,11743,T8B
131,0,1,0,308,red,11743,T8B
132,0,1,0,308,red,11743,T8B
133,0,1,0,308,red,11743,T8B
134,0,1,0,308,red,11743,T8B
135,0,1,0,308,red,11743,T8B
136,0,1,0,308,red,11743,T8B
137,0,1,0,308,red,11743,T8B
138,0,1,0,308,red,11743,T8B
139,0,1,0,308,red,11743,T8B
140,0,1,0,308,red,11743,T8B
141,0,1,0,308,red,11743,T8B
142,0,1,0,308,red,11743,T8B
143,0,1,0,308,red,11743,T8B
144,0,1,0,308,red,11743,T8B
145,0,1,0,308,red,11743,T8B
146,0,1,0,308,red,11743,T8B
147,0,1,0,308,red,11743,T8B
148,0,1,0,308,red,11743,T8B
149,0,1,0,308,red,11743,T8B
150,0,1,0,308,red,11743,T8B
151,0,1,0,308,red,11743,T8B
152,0,1,0,308,red,11743,T8B
153,0,1,0,308,red,11743,T8B
154,0,1,0,308,red,11743,T8B
155,0,1,0,308,red,11743,T8B
156,0,1,0,308,red,11743,T8B
157,0,1,0,308,red,11743,T8B
158,0,1,0,308,red,11743,T8B
159,0,1,0,308,red,11743,T8B
160,0,1,0,308,red,11743,T8B
161,0,1,0,308,red,11743,T8B
162,0,1,0,308,red,11743,T8B
163,0,1,0,308,red,11743,T8B
164,0,1,0,308,red,11743,T8B
165,0,1,0,308,red,11743,T8B
166,0,1,0,308,red,11743,T8B
167,0,1,0,308,red,11743,T8B
168,0,1,0,308,red,11743,T8B
169,0,1,0,308,red,11743,T8B
170,0,1,0,308,red,11743,T8B
171,0,1,0,308,red,11743,T8B
172,0,1,0,308,red,11743,T8B
173,0,1,0,308,red,11743,T8B
174,0,1,0,308,red,11743,T8B
175,0,1,0,308,red,11743,T8B
176,0,1,0,308,red,11743,T8B
177,0,1,0,308,red,11743,T8B
178,0,1,0,308,red,11743,T8B
179,0,1,0,308,red,11743,T8B
180,0,1,0,308,red,11743,T8B
181,0,1,0,308,red,11743,T8B
182,0,1,0,308,red,11743,T8B
183,0,1,0,308,red,11743,T8B
184,0,1,0,308,red,11743,T8B
185,0,1,0,308,red,11743,T8B
186,0,1,0,308,red,11743,T8B
187,0,1,0,308,red,11743,T8B
188,0,1,0,308,red,11743,T8B
189,0,0,1,308,red,11743,T8B
190,0,0,1,308,red,11743,T8B
191,0,0,1,308,red,11743,T8B
192,0,0,1,308,red,11743,T8B
193,0,0,1,308,red,11743,T8B
194,0,0,1,308,red,11743,T8B
195,0,0,1,308,red,11743,T8B
196,0,0,1,308,red,11743,T8B
197,0,0,1,308,red,11743,T8B
198,0,0,1,308,red,11743,T8B
199,0,0,1,308,red,11743,T8B
200,0,0,1,308,red,11743,T8B
201,0,0,1,308,red,11743,T8B
202,0,0,1,308,red,11743,T8B
203,1,0,0,308,red,11743,T8B
204,1,0,0,308,red,11743,T8B
205,1,0,0,308,red,11743,T8B
206,1,0,0,308,red,11743,T8B
207,1,0,0,308,red,11743,T8B
208,1,0,0,308,red,11743,T8B
209,1,0,0,308,red,11743,T8B
210,1,0,0,308,red,11743,T8B
211,1,0,0,308,red,11743,T8B
212,1,0,0,308,red,11743,T8B
213,1,0,0,308,red,11743,T8B
214,1,0,0,308,red,11743,T8B
215,1,0,0,308,red,11743,T8B
216,1,0,0,308,red,11743,T8B
217,1,0,0,308,red,11743,T8B
218,1,0,0,308,red,11743,T8B
219,1,0,0,308,red,11743,T8B
220,1,0,0,308,red,11743,T8B
221,1,0,0,308,red,11743,T8B
222,1,0,0,308,red,11743,T8B
0,0,0,1,309,red,11603,T8B
1,0,0,1,309,red,11603,T8B
2,0,0,1,309,red,11603,T8B
3,0,0,1,309,red,11603,T8B
4,0,0,1,309,red,11603,T8B
5,0,0,1,309,red,11603,T8B
6,0,0,1,309,red,11603,T8B
7,0,0,1,309,red,11603,T8B
8,0,0,1,309,red,11603,T8B
9,0,0,1,309,red,11603,T8B
10,0,0,1,309,red,11603,T8B
11,0,0,1,309,red,11603,T8B
12,0,0,1,309,red,11603,T8B
13,0,0,1,309,red,11603,T8B
14,0,0,1,309,red,11603,T8B
15,0,0,1,309,red,11603,T8B
16,0,0,1,309,red,11603,T8B
17,0,0,1,309,red,11603,T8B
18,0,0,1,309,red,11603,T8B
19,0,0,1,309,red,11603,T8B
20,0,0,1,309,red,11603,T8B
21,0,0,1,309,red,11603,T8B
22,0,0,1,309,red,11603,T8B
23,0,0,1,309,red,11603,T8B
24,0,0,1,309,red,11603,T8B
25,0,0,1,309,red,11603,T8B
26,0,0,1,309,red,11603,T8B
27,0,0,1,309,red,11603,T8B
28,0,0,1,309,red,11603,T8B
29,0,0,1,309,red,11603,T8B
30,0,0,1,309,red,11603,T8B
31,0,0,1,309,red,11603,T8B
32,0,0,1,309,red,11603,T8B
33,0,0,1,309,red,11603,T8B
34,0,0,1,309,red,11603,T8B
35,0,0,1,309,red,11603,T8B
36,0,0,1,309,red,11603,T8B
37,0,0,1,309,red,11603,T8B
38,0,0,1,309,red,11603,T8B
39,0,0,1,309,red,11603,T8B
40,0,0,1,309,red,11603,T8B
41,0,0,1,309,red,11603,T8B
42,0,0,1,309,red,11603,T8B
43,0,0,1,309,red,11603,T8B
44,0,0,1,309,red,11603,T8B
45,0,0,1,309,red,11603,T8B
46,0,0,1,309,red,11603,T8B
47,0,0,1,309,red,11603,T8B
48,0,0,1,309,red,11603,T8B
49,0,0,1,309,red,11603,T8B
50,0,0,1,309,red,11603,T8B
51,0,0,1,309,red,11603,T8B
52,0,0,1,309,red,11603,T8B
53,0,0,1,309,red,11603,T8B
54,0,0,1,309,red,11603,T8B
55,0,0,1,309,red,11603,T8B
56,0,0,1,309,red,11603,T8B
57,0,0,1,309,red,11603,T8B
58,0,0,1,309,red,11603,T8B
59,0,0,1,309,red,11603,T8B
60,0,0,1,309,red,11603,T8B
61,0,0,1,309,red,11603,T8B
62,0,0,1,309,red,11603,T8B
63,0,0,1,309,red,11603,T8B
64,0,0,1,309,red,11603,T8B
65,0,0,1,309,red,11603,T8B
66,0,0,1,309,red,11603,T8B
67,0,0,1,309,red,11603,T8B
68,0,0,1,309,red,11603,T8B
69,0,0,1,309,red,11603,T8B
70,0,0,1,309,red,11603,T8B
71,0,0,1,309,red,11603,T8B
72,0,0,1,309,red,11603,T8B
73,0,0,1,309,red,11603,T8B
74,0,0,1,309,red,11603,T8B
75,0,0,1,309,red,11603,T8B
76,0,0,1,309,red,11603,T8B
77,0,0,1,309,red,11603,T8B
78,0,0,1,309,red,11603,T8B
79,0,0,1,309,red,11603,T8B
80,0,0,1,309,red,11603,T8B
81,0,0,1,309,red,11603,T8B
82,0,0,1,309,red,11603,T8B
83,0,0,1,309,red,11603,T8B
84,0,0,1,309,red,11603,T8B
85,0,0,1,309,red,11603,T8B
86,0,1,0,309,red,11603,T8B
87,0,1,0,309,red,11603,T8B
88,0,1,0,309,red,11603,T8B
89,0,1,0,309,red,11603,T8B
90,0,1,0,309,red,11603,T8B
91,0,1,0,309,red,11603,T8B
92,0,1,0,309,red,11603,T8B
93,0,1,0,309,red,11603,T8B
94,0,1,0,309,red,11603,T8B
95,0,1,0,309,red,11603,T8B
96,0,1,0,309,red,11603,T8B
97,0,1,0,309,red,11603,T8B
98,0,1,0,309,red,11603,T8B
99,0,1,0,309,red,11603,T8B
100,0,1,0,309,red,11603,T8B
101,0,1,0,309,red,11603,T8B
102,0,1,0,309,red,11603,T8B
103,0,1,0,309,red,11603,T8B
104,0,1,0,309,red,11603,T8B
105,0,1,0,309,red,11603,T8B
106,0,1,0,309,red,11603,T8B
107,0,1,0,309,red,11603,T8B
108,0,1,0,309,red,11603,T8B
109,0,1,0,309,red,11603,T8B
110,0,1,0,309,red,11603,T8B
111,0,1,0,309,red,11603,T8B
112,0,1,0,309,red,11603,T8B
113,0,1,0,309,red,11603,T8B
114,0,1,0,309,red,11603,T8B
115,0,1,0,309,red,11603,T8B
116,0,0,1,309,red,11603,T8B
117,0,0,1,309,red,11603,T8B
118,0,0,1,309,red,11603,T8B
119,0,0,1,309,red,11603,T8B
120,0,0,1,309,red,11603,T8B
121,0,0,1,309,red,11603,T8B
122,0,0,1,309,red,11603,T8B
123,0,0,1,309,red,11603,T8B
124,0,0,1,309,red,11603,T8B
125,0,0,1,309,red,11603,T8B
126,0,0,1,309,red,11603,T8B
127,0,0,1,309,red,11603,T8B
128,0,0,1,309,red,11603,T8B
129,0,0,1,309,red,11603,T8B
130,0,0,1,309,red,11603,T8B
131,0,0,1,309,red,11603,T8B
132,0,0,1,309,red,11603,T8B
133,0,0,1,309,red,11603,T8B
134,0,0,1,309,red,11603,T8B
135,0,0,1,309,red,11603,T8B
136,0,0,1,309,red,11603,T8B
137,0,0,1,309,red,11603,T8B
138,0,1,0,309,red,11603,T8B
139,0,1,0,309,red,11603,T8B
140,0,1,0,309,red,11603,T8B
141,0,1,0,309,red,11603,T8B
142,0,1,0,309,red,11603,T8B
143,0,1,0,309,red,11603,T8B
144,0,1,0,309,red,11603,T8B
145,0,1,0,309,red,11603,T8B
146,0,1,0,309,red,11603,T8B
147,0,1,0,309,red,11603,T8B
148,0,1,0,309,red,11603,T8B
149,0,1,0,309,red,11603,T8B
150,0,0,1,309,red,11603,T8B
151,0,0,1,309,red,11603,T8B
152,0,0,1,309,red,11603,T8B
153,0,0,1,309,red,11603,T8B
154,0,0,1,309,red,11603,T8B
155,0,0,1,309,red,11603,T8B
156,0,0,1,309,red,11603,T8B
157,0,0,1,309,red,11603,T8B
158,0,0,1,309,red,11603,T8B
159,0,0,1,309,red,11603,T8B
160,0,0,1,309,red,11603,T8B
161,0,0,1,309,red,11603,T8B
162,0,0,1,309,red,11603,T8B
163,0,0,1,309,red,11603,T8B
164,0,0,1,309,red,11603,T8B
165,0,0,1,309,red,11603,T8B
166,0,0,1,309,red,11603,T8B
167,0,0,1,309,red,11603,T8B
168,0,0,1,309,red,11603,T8B
169,0,0,1,309,red,11603,T8B
170,0,0,1,309,red,11603,T8B
171,0,0,1,309,red,11603,T8B
172,0,0,1,309,red,11603,T8B
173,0,0,1,309,red,11603,T8B
174,0,0,1,309,red,11603,T8B
175,0,0,1,309,red,11603,T8B
176,0,0,1,309,red,11603,T8B
177,0,0,1,309,red,11603,T8B
178,0,0,1,309,red,11603,T8B
179,0,0,1,309,red,11603,T8B
180,0,0,1,309,red,11603,T8B
181,0,0,1,309,red,11603,T8B
182,1,0,0,309,red,11603,T8B
183,1,0,0,309,red,11603,T8B
184,1,0,0,309,red,11603,T8B
185,1,0,0,309,red,11603,T8B
186,1,0,0,309,red,11603,T8B
187,1,0,0,309,red,11603,T8B
188,1,0,0,309,red,11603,T8B
189,1,0,0,309,red,11603,T8B
190,1,0,0,309,red,11603,T8B
191,1,0,0,309,red,11603,T8B
192,1,0,0,309,red,11603,T8B
193,1,0,0,309,red,11603,T8B
194,1,0,0,309,red,11603,T8B
195,1,0,0,309,red,11603,T8B
196,1,0,0,309,red,11603,T8B
197,1,0,0,309,red,11603,T8B
198,1,0,0,309,red,11603,T8B
199,1,0,0,309,red,11603,T8B
200,1,0,0,309,red,11603,T8B
201,1,0,0,309,red,11603,T8B
202,1,0,0,309,red,11603,T8B
203,1,0,0,309,red,11603,T8B
204,1,0,0,309,red,11603,T8B
205,1,0,0,309,red,11603,T8B
206,1,0,0,309,red,11603,T8B
207,1,0,0,309,red,11603,T8B
208,1,0,0,309,red,11603,T8B
209,1,0,0,309,red,11603,T8B
210,1,0,0,309,red,11603,T8B
211,1,0,0,309,red,11603,T8B
212,1,0,0,309,red,11603,T8B
213,1,0,0,309,red,11603,T8B
214,1,0,0,309,red,11603,T8B
215,1,0,0,309,red,11603,T8B
216,1,0,0,309,red,11603,T8B
217,1,0,0,309,red,11603,T8B
218,1,0,0,309,red,11603,T8B
219,1,0,0,309,red,11603,T8B
220,1,0,0,309,red,11603,T8B
221,1,0,0,309,red,11603,T8B
222,1,0,0,309,red,11603,T8B
0,0,0,1,310,red,11859,T8B
1,0,0,1,310,red,11859,T8B
2,0,0,1,310,red,11859,T8B
3,0,0,1,310,red,11859,T8B
4,0,0,1,310,red,11859,T8B
5,0,0,1,310,red,11859,T8B
6,0,0,1,310,red,11859,T8B
7,0,0,1,310,red,11859,T8B
8,0,0,1,310,red,11859,T8B
9,0,0,1,310,red,11859,T8B
10,0,0,1,310,red,11859,T8B
11,0,0,1,310,red,11859,T8B
12,0,0,1,310,red,11859,T8B
13,0,0,1,310,red,11859,T8B
14,0,0,1,310,red,11859,T8B
15,0,0,1,310,red,11859,T8B
16,0,0,1,310,red,11859,T8B
17,0,0,1,310,red,11859,T8B
18,0,0,1,310,red,11859,T8B
19,0,0,1,310,red,11859,T8B
20,0,0,1,310,red,11859,T8B
21,0,0,1,310,red,11859,T8B
22,0,0,1,310,red,11859,T8B
23,0,0,1,310,red,11859,T8B
24,0,0,1,310,red,11859,T8B
25,0,0,1,310,red,11859,T8B
26,0,0,1,310,red,11859,T8B
27,0,0,1,310,red,11859,T8B
28,0,0,1,310,red,11859,T8B
29,0,0,1,310,red,11859,T8B
30,0,0,1,310,red,11859,T8B
31,0,0,1,310,red,11859,T8B
32,0,0,1,310,red,11859,T8B
33,0,0,1,310,red,11859,T8B
34,0,0,1,310,red,11859,T8B
35,0,0,1,310,red,11859,T8B
36,0,0,1,310,red,11859,T8B
37,0,0,1,310,red,11859,T8B
38,0,0,1,310,red,11859,T8B
39,0,0,1,310,red,11859,T8B
40,0,0,1,310,red,11859,T8B
41,0,0,1,310,red,11859,T8B
42,0,0,1,310,red,11859,T8B
43,0,0,1,310,red,11859,T8B
44,0,0,1,310,red,11859,T8B
45,0,0,1,310,red,11859,T8B
46,0,0,1,310,red,11859,T8B
47,0,0,1,310,red,11859,T8B
48,0,0,1,310,red,11859,T8B
49,0,0,1,310,red,11859,T8B
50,0,0,1,310,red,11859,T8B
51,0,0,1,310,red,11859,T8B
52,0,0,1,310,red,11859,T8B
53,0,0,1,310,red,11859,T8B
54,0,0,1,310,red,11859,T8B
55,0,0,1,310,red,11859,T8B
56,0,0,1,310,red,11859,T8B
57,0,0,1,310,red,11859,T8B
58,0,0,1,310,red,11859,T8B
59,0,0,1,310,red,11859,T8B
60,0,0,1,310,red,11859,T8B
61,0,0,1,310,red,11859,T8B
62,0,0,1,310,red,11859,T8B
63,0,0,1,310,red,11859,T8B
64,0,0,1,310,red,11859,T8B
65,0,0,1,310,red,11859,T8B
66,0,0,1,310,red,11859,T8B
67,0,0,1,310,red,11859,T8B
68,0,0,1,310,red,11859,T8B
69,0,1,0,310,red,11859,T8B
70,0,1,0,310,red,11859,T8B
71,0,1,0,310,red,11859,T8B
72,0,1,0,310,red,11859,T8B
73,0,1,0,310,red,11859,T8B
74,0,1,0,310,red,11859,T8B
75,0,1,0,310,red,11859,T8B
76,0,1,0,310,red,11859,T8B
77,0,1,0,310,red,11859,T8B
78,0,1,0,310,red,11859,T8B
79,0,1,0,310,red,11859,T8B
80,0,1,0,310,red,11859,T8B
81,0,1,0,310,red,11859,T8B
82,0,1,0,310,red,11859,T8B
83,0,1,0,310,red,11859,T8B
84,0,1,0,310,red,11859,T8B
85,0,1,0,310,red,11859,T8B
86,0,1,0,310,red,11859,T8B
87,0,1,0,310,red,11859,T8B
88,0,1,0,310,red,11859,T8B
89,0,1,0,310,red,11859,T8B
90,0,1,0,310,red,11859,T8B
91,0,1,0,310,red,11859,T8B
92,0,1,0,310,red,11859,T8B
93,0,1,0,310,red,11859,T8B
94,0,1,0,310,red,11859,T8B
95,0,1,0,310,red,11859,T8B
96,0,1,0,310,red,11859,T8B
97,0,1,0,310,red,11859,T8B
98,0,1,0,310,red,11859,T8B
99,0,1,0,310,red,11859,T8B
100,0,1,0,310,red,11859,T8B
101,0,1,0,310,red,11859,T8B
102,0,1,0,310,red,11859,T8B
103,0,1,0,310,red,11859,T8B
104,0,1,0,310,red,11859,T8B
105,0,1,0,310,red,11859,T8B
106,0,1,0,310,red,11859,T8B
107,0,1,0,310,red,11859,T8B
108,0,1,0,310,red,11859,T8B
109,0,1,0,310,red,11859,T8B
110,0,1,0,310,red,11859,T8B
111,0,1,0,310,red,11859,T8B
112,0,1,0,310,red,11859,T8B
113,0,1,0,310,red,11859,T8B
114,0,1,0,310,red,11859,T8B
115,0,1,0,310,red,11859,T8B
116,0,1,0,310,red,11859,T8B
117,0,1,0,310,red,11859,T8B
118,0,1,0,310,red,11859,T8B
119,0,1,0,310,red,11859,T8B
120,0,1,0,310,red,11859,T8B
121,0,1,0,310,red,11859,T8B
122,0,1,0,310,red,11859,T8B
123,0,1,0,310,red,11859,T8B
124,0,1,0,310,red,11859,T8B
125,0,1,0,310,red,11859,T8B
126,0,1,0,310,red,11859,T8B
127,0,1,0,310,red,11859,T8B
128,0,1,0,310,red,11859,T8B
129,0,1,0,310,red,11859,T8B
130,0,1,0,310,red,11859,T8B
131,0,1,0,310,red,11859,T8B
132,0,1,0,310,red,11859,T8B
133,0,1,0,310,red,11859,T8B
134,0,1,0,310,red,11859,T8B
135,0,1,0,310,red,11859,T8B
136,0,1,0,310,red,11859,T8B
137,0,1,0,310,red,11859,T8B
138,0,1,0,310,red,11859,T8B
139,0,1,0,310,red,11859,T8B
140,0,1,0,310,red,11859,T8B
141,0,1,0,310,red,11859,T8B
142,0,1,0,310,red,11859,T8B
143,0,1,0,310,red,11859,T8B
144,0,1,0,310,red,11859,T8B
145,0,1,0,310,red,11859,T8B
146,0,1,0,310,red,11859,T8B
147,0,1,0,310,red,11859,T8B
148,0,1,0,310,red,11859,T8B
149,0,1,0,310,red,11859,T8B
150,0,1,0,310,red,11859,T8B
151,0,1,0,310,red,11859,T8B
152,0,1,0,310,red,11859,T8B
153,0,1,0,310,red,11859,T8B
154,0,0,1,310,red,11859,T8B
155,0,0,1,310,red,11859,T8B
156,0,0,1,310,red,11859,T8B
157,0,0,1,310,red,11859,T8B
158,0,0,1,310,red,11859,T8B
159,0,0,1,310,red,11859,T8B
160,1,0,0,310,red,11859,T8B
161,1,0,0,310,red,11859,T8B
162,1,0,0,310,red,11859,T8B
163,1,0,0,310,red,11859,T8B
164,1,0,0,310,red,11859,T8B
165,1,0,0,310,red,11859,T8B
166,1,0,0,310,red,11859,T8B
167,1,0,0,310,red,11859,T8B
168,1,0,0,310,red,11859,T8B
169,1,0,0,310,red,11859,T8B
170,1,0,0,310,red,11859,T8B
171,1,0,0,310,red,11859,T8B
172,1,0,0,310,red,11859,T8B
173,1,0,0,310,red,11859,T8B
174,1,0,0,310,red,11859,T8B
175,1,0,0,310,red,11859,T8B
176,1,0,0,310,red,11859,T8B
177,1,0,0,310,red,11859,T8B
178,1,0,0,310,red,11859,T8B
179,1,0,0,310,red,11859,T8B
180,1,0,0,310,red,11859,T8B
181,1,0,0,310,red,11859,T8B
182,1,0,0,310,red,11859,T8B
183,1,0,0,310,red,11859,T8B
184,1,0,0,310,red,11859,T8B
185,1,0,0,310,red,11859,T8B
186,1,0,0,310,red,11859,T8B
187,1,0,0,310,red,11859,T8B
188,1,0,0,310,red,11859,T8B
189,1,0,0,310,red,11859,T8B
190,1,0,0,310,red,11859,T8B
191,1,0,0,310,red,11859,T8B
192,1,0,0,310,red,11859,T8B
193,1,0,0,310,red,11859,T8B
194,1,0,0,310,red,11859,T8B
195,1,0,0,310,red,11859,T8B
196,1,0,0,310,red,11859,T8B
197,1,0,0,310,red,11859,T8B
198,1,0,0,310,red,11859,T8B
199,1,0,0,310,red,11859,T8B
200,1,0,0,310,red,11859,T8B
201,1,0,0,310,red,11859,T8B
202,1,0,0,310,red,11859,T8B
203,1,0,0,310,red,11859,T8B
204,1,0,0,310,red,11859,T8B
205,1,0,0,310,red,11859,T8B
206,1,0,0,310,red,11859,T8B
207,1,0,0,310,red,11859,T8B
208,1,0,0,310,red,11859,T8B
209,1,0,0,310,red,11859,T8B
210,1,0,0,310,red,11859,T8B
211,1,0,0,310,red,11859,T8B
212,1,0,0,310,red,11859,T8B
213,1,0,0,310,red,11859,T8B
214,1,0,0,310,red,11859,T8B
215,1,0,0,310,red,11859,T8B
216,1,0,0,310,red,11859,T8B
217,1,0,0,310,red,11859,T8B
218,1,0,0,310,red,11859,T8B
219,1,0,0,310,red,11859,T8B
220,1,0,0,310,red,11859,T8B
221,1,0,0,310,red,11859,T8B
222,1,0,0,310,red,11859,T8B
0,0,0,1,313,red,11902,T8B
1,0,0,1,313,red,11902,T8B
2,0,0,1,313,red,11902,T8B
3,0,0,1,313,red,11902,T8B
4,0,0,1,313,red,11902,T8B
5,0,0,1,313,red,11902,T8B
6,0,0,1,313,red,11902,T8B
7,0,0,1,313,red,11902,T8B
8,0,0,1,313,red,11902,T8B
9,0,0,1,313,red,11902,T8B
10,0,0,1,313,red,11902,T8B
11,0,0,1,313,red,11902,T8B
12,0,0,1,313,red,11902,T8B
13,0,0,1,313,red,11902,T8B
14,0,0,1,313,red,11902,T8B
15,0,0,1,313,red,11902,T8B
16,0,0,1,313,red,11902,T8B
17,0,0,1,313,red,11902,T8B
18,0,0,1,313,red,11902,T8B
19,0,0,1,313,red,11902,T8B
20,0,0,1,313,red,11902,T8B
21,0,0,1,313,red,11902,T8B
22,0,1,0,313,red,11902,T8B
23,0,1,0,313,red,11902,T8B
24,0,1,0,313,red,11902,T8B
25,0,1,0,313,red,11902,T8B
26,0,1,0,313,red,11902,T8B
27,0,1,0,313,red,11902,T8B
28,0,1,0,313,red,11902,T8B
29,0,1,0,313,red,11902,T8B
30,0,1,0,313,red,11902,T8B
31,0,1,0,313,red,11902,T8B
32,0,1,0,313,red,11902,T8B
33,0,1,0,313,red,11902,T8B
34,0,1,0,313,red,11902,T8B
35,0,1,0,313,red,11902,T8B
36,0,1,0,313,red,11902,T8B
37,0,1,0,313,red,11902,T8B
38,0,1,0,313,red,11902,T8B
39,0,1,0,313,red,11902,T8B
40,0,1,0,313,red,11902,T8B
41,0,1,0,313,red,11902,T8B
42,0,1,0,313,red,11902,T8B
43,0,1,0,313,red,11902,T8B
44,0,1,0,313,red,11902,T8B
45,0,1,0,313,red,11902,T8B
46,0,1,0,313,red,11902,T8B
47,0,1,0,313,red,11902,T8B
48,0,1,0,313,red,11902,T8B
49,0,1,0,313,red,11902,T8B
50,0,1,0,313,red,11902,T8B
51,0,1,0,313,red,11902,T8B
52,0,1,0,313,red,11902,T8B
53,0,1,0,313,red,11902,T8B
54,0,1,0,313,red,11902,T8B
55,0,1,0,313,red,11902,T8B
56,0,1,0,313,red,11902,T8B
57,0,1,0,313,red,11902,T8B
58,0,1,0,313,red,11902,T8B
59,0,1,0,313,red,11902,T8B
60,0,1,0,313,red,11902,T8B
61,0,1,0,313,red,11902,T8B
62,0,1,0,313,red,11902,T8B
63,0,1,0,313,red,11902,T8B
64,0,1,0,313,red,11902,T8B
65,0,1,0,313,red,11902,T8B
66,0,1,0,313,red,11902,T8B
67,0,1,0,313,red,11902,T8B
68,0,1,0,313,red,11902,T8B
69,0,1,0,313,red,11902,T8B
70,0,1,0,313,red,11902,T8B
71,0,1,0,313,red,11902,T8B
72,0,1,0,313,red,11902,T8B
73,0,1,0,313,red,11902,T8B
74,0,1,0,313,red,11902,T8B
75,0,1,0,313,red,11902,T8B
76,0,1,0,313,red,11902,T8B
77,0,1,0,313,red,11902,T8B
78,0,1,0,313,red,11902,T8B
79,0,1,0,313,red,11902,T8B
80,0,1,0,313,red,11902,T8B
81,0,1,0,313,red,11902,T8B
82,0,1,0,313,red,11902,T8B
83,0,1,0,313,red,11902,T8B
84,0,1,0,313,red,11902,T8B
85,0,1,0,313,red,11902,T8B
86,0,1,0,313,red,11902,T8B
87,0,1,0,313,red,11902,T8B
88,0,1,0,313,red,11902,T8B
89,0,1,0,313,red,11902,T8B
90,0,1,0,313,red,11902,T8B
91,0,1,0,313,red,11902,T8B
92,0,1,0,313,red,11902,T8B
93,0,1,0,313,red,11902,T8B
94,0,1,0,313,red,11902,T8B
95,0,1,0,313,red,11902,T8B
96,0,1,0,313,red,11902,T8B
97,0,1,0,313,red,11902,T8B
98,0,1,0,313,red,11902,T8B
99,0,1,0,313,red,11902,T8B
100,0,1,0,313,red,11902,T8B
101,0,1,0,313,red,11902,T8B
102,0,1,0,313,red,11902,T8B
103,0,1,0,313,red,11902,T8B
104,0,1,0,313,red,11902,T8B
105,0,1,0,313,red,11902,T8B
106,0,1,0,313,red,11902,T8B
107,0,1,0,313,red,11902,T8B
108,0,1,0,313,red,11902,T8B
109,0,1,0,313,red,11902,T8B
110,0,1,0,313,red,11902,T8B
111,0,1,0,313,red,11902,T8B
112,0,1,0,313,red,11902,T8B
113,0,1,0,313,red,11902,T8B
114,0,1,0,313,red,11902,T8B
115,0,1,0,313,red,11902,T8B
116,0,1,0,313,red,11902,T8B
117,0,1,0,313,red,11902,T8B
118,0,1,0,313,red,11902,T8B
119,0,1,0,313,red,11902,T8B
120,0,1,0,313,red,11902,T8B
121,0,1,0,313,red,11902,T8B
122,0,1,0,313,red,11902,T8B
123,0,1,0,313,red,11902,T8B
124,0,1,0,313,red,11902,T8B
125,0,1,0,313,red,11902,T8B
126,0,1,0,313,red,11902,T8B
127,0,1,0,313,red,11902,T8B
128,0,1,0,313,red,11902,T8B
129,0,1,0,313,red,11902,T8B
130,0,1,0,313,red,11902,T8B
131,0,1,0,313,red,11902,T8B
132,0,1,0,313,red,11902,T8B
133,0,1,0,313,red,11902,T8B
134,0,1,0,313,red,11902,T8B
135,0,1,0,313,red,11902,T8B
136,0,1,0,313,red,11902,T8B
137,0,0,1,313,red,11902,T8B
138,1,0,0,313,red,11902,T8B
139,1,0,0,313,red,11902,T8B
140,1,0,0,313,red,11902,T8B
141,1,0,0,313,red,11902,T8B
142,1,0,0,313,red,11902,T8B
143,1,0,0,313,red,11902,T8B
144,1,0,0,313,red,11902,T8B
145,1,0,0,313,red,11902,T8B
146,1,0,0,313,red,11902,T8B
147,1,0,0,313,red,11902,T8B
148,1,0,0,313,red,11902,T8B
149,1,0,0,313,red,11902,T8B
150,1,0,0,313,red,11902,T8B
151,1,0,0,313,red,11902,T8B
152,1,0,0,313,red,11902,T8B
153,1,0,0,313,red,11902,T8B
154,1,0,0,313,red,11902,T8B
155,1,0,0,313,red,11902,T8B
156,1,0,0,313,red,11902,T8B
157,1,0,0,313,red,11902,T8B
158,1,0,0,313,red,11902,T8B
159,1,0,0,313,red,11902,T8B
160,1,0,0,313,red,11902,T8B
161,1,0,0,313,red,11902,T8B
162,1,0,0,313,red,11902,T8B
163,1,0,0,313,red,11902,T8B
164,1,0,0,313,red,11902,T8B
165,1,0,0,313,red,11902,T8B
166,1,0,0,313,red,11902,T8B
167,1,0,0,313,red,11902,T8B
168,1,0,0,313,red,11902,T8B
169,1,0,0,313,red,11902,T8B
170,1,0,0,313,red,11902,T8B
171,1,0,0,313,red,11902,T8B
172,1,0,0,313,red,11902,T8B
173,1,0,0,313,red,11902,T8B
174,1,0,0,313,red,11902,T8B
175,1,0,0,313,red,11902,T8B
176,1,0,0,313,red,11902,T8B
177,1,0,0,313,red,11902,T8B
178,1,0,0,313,red,11902,T8B
179,1,0,0,313,red,11902,T8B
180,1,0,0,313,red,11902,T8B
181,1,0,0,313,red,11902,T8B
182,1,0,0,313,red,11902,T8B
183,1,0,0,313,red,11902,T8B
184,1,0,0,313,red,11902,T8B
185,1,0,0,313,red,11902,T8B
186,1,0,0,313,red,11902,T8B
187,1,0,0,313,red,11902,T8B
188,1,0,0,313,red,11902,T8B
189,1,0,0,313,red,11902,T8B
190,1,0,0,313,red,11902,T8B
191,1,0,0,313,red,11902,T8B
192,1,0,0,313,red,11902,T8B
193,1,0,0,313,red,11902,T8B
194,1,0,0,313,red,11902,T8B
195,1,0,0,313,red,11902,T8B
196,1,0,0,313,red,11902,T8B
197,1,0,0,313,red,11902,T8B
198,1,0,0,313,red,11902,T8B
199,1,0,0,313,red,11902,T8B
200,1,0,0,313,red,11902,T8B
201,1,0,0,313,red,11902,T8B
202,1,0,0,313,red,11902,T8B
203,1,0,0,313,red,11902,T8B
204,1,0,0,313,red,11902,T8B
205,1,0,0,313,red,11902,T8B
206,1,0,0,313,red,11902,T8B
207,1,0,0,313,red,11902,T8B
208,1,0,0,313,red,11902,T8B
209,1,0,0,313,red,11902,T8B
210,1,0,0,313,red,11902,T8B
211,1,0,0,313,red,11902,T8B
212,1,0,0,313,red,11902,T8B
213,1,0,0,313,red,11902,T8B
214,1,0,0,313,red,11902,T8B
215,1,0,0,313,red,11902,T8B
216,1,0,0,313,red,11902,T8B
217,1,0,0,313,red,11902,T8B
218,1,0,0,313,red,11902,T8B
219,1,0,0,313,red,11902,T8B
220,1,0,0,313,red,11902,T8B
221,1,0,0,313,red,11902,T8B
222,1,0,0,313,red,11902,T8B
0,0,0,1,314,red,11877,T8B
1,0,0,1,314,red,11877,T8B
2,0,0,1,314,red,11877,T8B
3,0,0,1,314,red,11877,T8B
4,0,0,1,314,red,11877,T8B
5,0,0,1,314,red,11877,T8B
6,0,0,1,314,red,11877,T8B
7,0,0,1,314,red,11877,T8B
8,0,0,1,314,red,11877,T8B
9,0,0,1,314,red,11877,T8B
10,0,0,1,314,red,11877,T8B
11,0,0,1,314,red,11877,T8B
12,0,0,1,314,red,11877,T8B
13,0,0,1,314,red,11877,T8B
14,0,0,1,314,red,11877,T8B
15,0,0,1,314,red,11877,T8B
16,0,0,1,314,red,11877,T8B
17,0,0,1,314,red,11877,T8B
18,0,0,1,314,red,11877,T8B
19,0,0,1,314,red,11877,T8B
20,0,0,1,314,red,11877,T8B
21,0,0,1,314,red,11877,T8B
22,0,0,1,314,red,11877,T8B
23,0,0,1,314,red,11877,T8B
24,0,0,1,314,red,11877,T8B
25,0,0,1,314,red,11877,T8B
26,0,0,1,314,red,11877,T8B
27,0,0,1,314,red,11877,T8B
28,0,0,1,314,red,11877,T8B
29,0,0,1,314,red,11877,T8B
30,0,0,1,314,red,11877,T8B
31,0,0,1,314,red,11877,T8B
32,0,0,1,314,red,11877,T8B
33,0,0,1,314,red,11877,T8B
34,0,0,1,314,red,11877,T8B
35,0,0,1,314,red,11877,T8B
36,0,0,1,314,red,11877,T8B
37,0,0,1,314,red,11877,T8B
38,0,0,1,314,red,11877,T8B
39,0,0,1,314,red,11877,T8B
40,0,0,1,314,red,11877,T8B
41,0,0,1,314,red,11877,T8B
42,0,0,1,314,red,11877,T8B
43,0,0,1,314,red,11877,T8B
44,0,0,1,314,red,11877,T8B
45,0,0,1,314,red,11877,T8B
46,0,0,1,314,red,11877,T8B
47,0,0,1,314,red,11877,T8B
48,0,0,1,314,red,11877,T8B
49,0,0,1,314,red,11877,T8B
50,0,0,1,314,red,11877,T8B
51,0,0,1,314,red,11877,T8B
52,0,0,1,314,red,11877,T8B
53,0,0,1,314,red,11877,T8B
54,0,0,1,314,red,11877,T8B
55,0,0,1,314,red,11877,T8B
56,0,1,0,314,red,11877,T8B
57,0,1,0,314,red,11877,T8B
58,0,1,0,314,red,11877,T8B
59,0,1,0,314,red,11877,T8B
60,0,1,0,314,red,11877,T8B
61,0,1,0,314,red,11877,T8B
62,0,1,0,314,red,11877,T8B
63,0,1,0,314,red,11877,T8B
64,0,1,0,314,red,11877,T8B
65,0,1,0,314,red,11877,T8B
66,0,1,0,314,red,11877,T8B
67,0,1,0,314,red,11877,T8B
68,0,1,0,314,red,11877,T8B
69,0,1,0,314,red,11877,T8B
70,0,1,0,314,red,11877,T8B
71,0,1,0,314,red,11877,T8B
72,0,1,0,314,red,11877,T8B
73,0,1,0,314,red,11877,T8B
74,0,1,0,314,red,11877,T8B
75,0,1,0,314,red,11877,T8B
76,0,0,1,314,red,11877,T8B
77,0,0,1,314,red,11877,T8B
78,0,0,1,314,red,11877,T8B
79,0,0,1,314,red,11877,T8B
80,0,1,0,314,red,11877,T8B
81,0,1,0,314,red,11877,T8B
82,0,0,1,314,red,11877,T8B
83,0,0,1,314,red,11877,T8B
84,0,1,0,314,red,11877,T8B
85,0,1,0,314,red,11877,T8B
86,0,1,0,314,red,11877,T8B
87,0,1,0,314,red,11877,T8B
88,0,1,0,314,red,11877,T8B
89,0,1,0,314,red,11877,T8B
90,0,1,0,314,red,11877,T8B
91,0,1,0,314,red,11877,T8B
92,0,1,0,314,red,11877,T8B
93,0,1,0,314,red,11877,T8B
94,0,1,0,314,red,11877,T8B
95,0,1,0,314,red,11877,T8B
96,0,1,0,314,red,11877,T8B
97,0,1,0,314,red,11877,T8B
98,0,1,0,314,red,11877,T8B
99,0,1,0,314,red,11877,T8B
100,0,1,0,314,red,11877,T8B
101,0,1,0,314,red,11877,T8B
102,0,1,0,314,red,11877,T8B
103,0,1,0,314,red,11877,T8B
104,0,1,0,314,red,11877,T8B
105,0,1,0,314,red,11877,T8B
106,0,1,0,314,red,11877,T8B
107,0,1,0,314,red,11877,T8B
108,0,1,0,314,red,11877,T8B
109,0,1,0,314,red,11877,T8B
110,0,1,0,314,red,11877,T8B
111,0,1,0,314,red,11877,T8B
112,0,1,0,314,red,11877,T8B
113,0,1,0,314,red,11877,T8B
114,0,1,0,314,red,11877,T8B
115,0,1,0,314,red,11877,T8B
116,0,1,0,314,red,11877,T8B
117,0,1,0,314,red,11877,T8B
118,0,1,0,314,red,11877,T8B
119,0,1,0,314,red,11877,T8B
120,0,1,0,314,red,11877,T8B
121,0,1,0,314,red,11877,T8B
122,0,1,0,314,red,11877,T8B
123,0,1,0,314,red,11877,T8B
124,0,1,0,314,red,11877,T8B
125,0,1,0,314,red,11877,T8B
126,0,1,0,314,red,11877,T8B
127,0,1,0,314,red,11877,T8B
128,0,1,0,314,red,11877,T8B
129,0,1,0,314,red,11877,T8B
130,0,1,0,314,red,11877,T8B
131,0,1,0,314,red,11877,T8B
132,0,1,0,314,red,11877,T8B
133,0,1,0,314,red,11877,T8B
134,0,1,0,314,red,11877,T8B
135,0,1,0,314,red,11877,T8B
136,0,1,0,314,red,11877,T8B
137,0,1,0,314,red,11877,T8B
138,0,1,0,314,red,11877,T8B
139,0,1,0,314,red,11877,T8B
140,0,1,0,314,red,11877,T8B
141,0,1,0,314,red,11877,T8B
142,0,1,0,314,red,11877,T8B
143,0,1,0,314,red,11877,T8B
144,0,1,0,314,red,11877,T8B
145,0,1,0,314,red,11877,T8B
146,0,1,0,314,red,11877,T8B
147,0,1,0,314,red,11877,T8B
148,0,1,0,314,red,11877,T8B
149,0,1,0,314,red,11877,T8B
150,0,1,0,314,red,11877,T8B
151,0,1,0,314,red,11877,T8B
152,0,1,0,314,red,11877,T8B
153,0,1,0,314,red,11877,T8B
154,0,1,0,314,red,11877,T8B
155,0,1,0,314,red,11877,T8B
156,0,1,0,314,red,11877,T8B
157,0,1,0,314,red,11877,T8B
158,0,1,0,314,red,11877,T8B
159,0,1,0,314,red,11877,T8B
160,0,1,0,314,red,11877,T8B
161,0,1,0,314,red,11877,T8B
162,0,1,0,314,red,11877,T8B
163,0,1,0,314,red,11877,T8B
164,0,1,0,314,red,11877,T8B
165,0,1,0,314,red,11877,T8B
166,0,1,0,314,red,11877,T8B
167,0,1,0,314,red,11877,T8B
168,0,1,0,314,red,11877,T8B
169,0,1,0,314,red,11877,T8B
170,0,1,0,314,red,11877,T8B
171,0,1,0,314,red,11877,T8B
172,0,1,0,314,red,11877,T8B
173,0,1,0,314,red,11877,T8B
174,0,1,0,314,red,11877,T8B
175,0,1,0,314,red,11877,T8B
176,0,1,0,314,red,11877,T8B
177,0,1,0,314,red,11877,T8B
178,0,1,0,314,red,11877,T8B
179,0,1,0,314,red,11877,T8B
180,0,1,0,314,red,11877,T8B
181,0,1,0,314,red,11877,T8B
182,0,1,0,314,red,11877,T8B
183,0,0,1,314,red,11877,T8B
184,0,0,1,314,red,11877,T8B
185,0,0,1,314,red,11877,T8B
186,1,0,0,314,red,11877,T8B
187,1,0,0,314,red,11877,T8B
188,1,0,0,314,red,11877,T8B
189,1,0,0,314,red,11877,T8B
190,1,0,0,314,red,11877,T8B
191,1,0,0,314,red,11877,T8B
192,1,0,0,314,red,11877,T8B
193,1,0,0,314,red,11877,T8B
194,1,0,0,314,red,11877,T8B
195,1,0,0,314,red,11877,T8B
196,1,0,0,314,red,11877,T8B
197,1,0,0,314,red,11877,T8B
198,1,0,0,314,red,11877,T8B
199,1,0,0,314,red,11877,T8B
200,1,0,0,314,red,11877,T8B
201,1,0,0,314,red,11877,T8B
202,1,0,0,314,red,11877,T8B
203,1,0,0,314,red,11877,T8B
204,1,0,0,314,red,11877,T8B
205,1,0,0,314,red,11877,T8B
206,1,0,0,314,red,11877,T8B
207,1,0,0,314,red,11877,T8B
208,1,0,0,314,red,11877,T8B
209,1,0,0,314,red,11877,T8B
210,1,0,0,314,red,11877,T8B
211,1,0,0,314,red,11877,T8B
212,1,0,0,314,red,11877,T8B
213,1,0,0,314,red,11877,T8B
214,1,0,0,314,red,11877,T8B
215,1,0,0,314,red,11877,T8B
216,1,0,0,314,red,11877,T8B
217,1,0,0,314,red,11877,T8B
218,1,0,0,314,red,11877,T8B
219,1,0,0,314,red,11877,T8B
220,1,0,0,314,red,11877,T8B
221,1,0,0,314,red,11877,T8B
222,1,0,0,314,red,11877,T8B
0,0,0,1,315,red,11954,T8B
1,0,0,1,315,red,11954,T8B
2,0,0,1,315,red,11954,T8B
3,0,0,1,315,red,11954,T8B
4,0,0,1,315,red,11954,T8B
5,0,0,1,315,red,11954,T8B
6,0,0,1,315,red,11954,T8B
7,0,0,1,315,red,11954,T8B
8,0,0,1,315,red,11954,T8B
9,0,0,1,315,red,11954,T8B
10,0,0,1,315,red,11954,T8B
11,0,0,1,315,red,11954,T8B
12,0,0,1,315,red,11954,T8B
13,0,0,1,315,red,11954,T8B
14,0,0,1,315,red,11954,T8B
15,0,0,1,315,red,11954,T8B
16,0,0,1,315,red,11954,T8B
17,0,0,1,315,red,11954,T8B
18,0,0,1,315,red,11954,T8B
19,0,0,1,315,red,11954,T8B
20,0,0,1,315,red,11954,T8B
21,0,0,1,315,red,11954,T8B
22,0,0,1,315,red,11954,T8B
23,0,0,1,315,red,11954,T8B
24,0,0,1,315,red,11954,T8B
25,0,0,1,315,red,11954,T8B
26,0,0,1,315,red,11954,T8B
27,0,0,1,315,red,11954,T8B
28,0,0,1,315,red,11954,T8B
29,0,0,1,315,red,11954,T8B
30,0,0,1,315,red,11954,T8B
31,0,0,1,315,red,11954,T8B
32,0,0,1,315,red,11954,T8B
33,0,0,1,315,red,11954,T8B
34,0,0,1,315,red,11954,T8B
35,0,0,1,315,red,11954,T8B
36,0,0,1,315,red,11954,T8B
37,0,0,1,315,red,11954,T8B
38,0,0,1,315,red,11954,T8B
39,0,0,1,315,red,11954,T8B
40,0,0,1,315,red,11954,T8B
41,0,0,1,315,red,11954,T8B
42,0,0,1,315,red,11954,T8B
43,0,0,1,315,red,11954,T8B
44,0,0,1,315,red,11954,T8B
45,0,0,1,315,red,11954,T8B
46,0,0,1,315,red,11954,T8B
47,0,0,1,315,red,11954,T8B
48,0,0,1,315,red,11954,T8B
49,0,0,1,315,red,11954,T8B
50,0,0,1,315,red,11954,T8B
51,0,0,1,315,red,11954,T8B
52,0,0,1,315,red,11954,T8B
53,0,0,1,315,red,11954,T8B
54,0,0,1,315,red,11954,T8B
55,0,0,1,315,red,11954,T8B
56,0,0,1,315,red,11954,T8B
57,0,0,1,315,red,11954,T8B
58,0,0,1,315,red,11954,T8B
59,0,0,1,315,red,11954,T8B
60,0,0,1,315,red,11954,T8B
61,0,0,1,315,red,11954,T8B
62,0,0,1,315,red,11954,T8B
63,0,0,1,315,red,11954,T8B
64,0,0,1,315,red,11954,T8B
65,0,0,1,315,red,11954,T8B
66,0,0,1,315,red,11954,T8B
67,0,1,0,315,red,11954,T8B
68,0,1,0,315,red,11954,T8B
69,0,1,0,315,red,11954,T8B
70,0,1,0,315,red,11954,T8B
71,0,1,0,315,red,11954,T8B
72,0,1,0,315,red,11954,T8B
73,0,1,0,315,red,11954,T8B
74,0,1,0,315,red,11954,T8B
75,0,1,0,315,red,11954,T8B
76,0,1,0,315,red,11954,T8B
77,0,1,0,315,red,11954,T8B
78,0,1,0,315,red,11954,T8B
79,0,1,0,315,red,11954,T8B
80,0,1,0,315,red,11954,T8B
81,0,1,0,315,red,11954,T8B
82,0,1,0,315,red,11954,T8B
83,0,1,0,315,red,11954,T8B
84,0,1,0,315,red,11954,T8B
85,0,1,0,315,red,11954,T8B
86,0,1,0,315,red,11954,T8B
87,0,1,0,315,red,11954,T8B
88,0,1,0,315,red,11954,T8B
89,0,1,0,315,red,11954,T8B
90,0,1,0,315,red,11954,T8B
91,0,1,0,315,red,11954,T8B
92,0,1,0,315,red,11954,T8B
93,0,1,0,315,red,11954,T8B
94,0,1,0,315,red,11954,T8B
95,0,1,0,315,red,11954,T8B
96,0,1,0,315,red,11954,T8B
97,0,1,0,315,red,11954,T8B
98,0,1,0,315,red,11954,T8B
99,0,1,0,315,red,11954,T8B
100,0,1,0,315,red,11954,T8B
101,0,1,0,315,red,11954,T8B
102,0,1,0,315,red,11954,T8B
103,0,1,0,315,red,11954,T8B
104,0,1,0,315,red,11954,T8B
105,0,1,0,315,red,11954,T8B
106,0,1,0,315,red,11954,T8B
107,0,1,0,315,red,11954,T8B
108,0,1,0,315,red,11954,T8B
109,0,1,0,315,red,11954,T8B
110,0,1,0,315,red,11954,T8B
111,0,1,0,315,red,11954,T8B
112,0,1,0,315,red,11954,T8B
113,0,1,0,315,red,11954,T8B
114,0,1,0,315,red,11954,T8B
115,0,1,0,315,red,11954,T8B
116,0,1,0,315,red,11954,T8B
117,0,1,0,315,red,11954,T8B
118,0,1,0,315,red,11954,T8B
119,0,1,0,315,red,11954,T8B
120,0,1,0,315,red,11954,T8B
121,0,1,0,315,red,11954,T8B
122,0,1,0,315,red,11954,T8B
123,0,1,0,315,red,11954,T8B
124,0,1,0,315,red,11954,T8B
125,0,1,0,315,red,11954,T8B
126,0,1,0,315,red,11954,T8B
127,0,1,0,315,red,11954,T8B
128,0,1,0,315,red,11954,T8B
129,0,1,0,315,red,11954,T8B
130,0,1,0,315,red,11954,T8B
131,0,1,0,315,red,11954,T8B
132,0,1,0,315,red,11954,T8B
133,0,1,0,315,red,11954,T8B
134,0,1,0,315,red,11954,T8B
135,0,1,0,315,red,11954,T8B
136,0,1,0,315,red,11954,T8B
137,0,1,0,315,red,11954,T8B
138,0,1,0,315,red,11954,T8B
139,0,1,0,315,red,11954,T8B
140,0,1,0,315,red,11954,T8B
141,0,1,0,315,red,11954,T8B
142,0,1,0,315,red,11954,T8B
143,0,1,0,315,red,11954,T8B
144,0,1,0,315,red,11954,T8B
145,0,1,0,315,red,11954,T8B
146,0,1,0,315,red,11954,T8B
147,0,1,0,315,red,11954,T8B
148,0,1,0,315,red,11954,T8B
149,0,1,0,315,red,11954,T8B
150,0,1,0,315,red,11954,T8B
151,0,1,0,315,red,11954,T8B
152,0,1,0,315,red,11954,T8B
153,0,1,0,315,red,11954,T8B
154,0,1,0,315,red,11954,T8B
155,0,1,0,315,red,11954,T8B
156,0,1,0,315,red,11954,T8B
157,0,1,0,315,red,11954,T8B
158,0,1,0,315,red,11954,T8B
159,0,1,0,315,red,11954,T8B
160,0,1,0,315,red,11954,T8B
161,0,1,0,315,red,11954,T8B
162,0,1,0,315,red,11954,T8B
163,0,1,0,315,red,11954,T8B
164,0,1,0,315,red,11954,T8B
165,0,1,0,315,red,11954,T8B
166,0,1,0,315,red,11954,T8B
167,0,1,0,315,red,11954,T8B
168,0,1,0,315,red,11954,T8B
169,0,1,0,315,red,11954,T8B
170,0,1,0,315,red,11954,T8B
171,0,1,0,315,red,11954,T8B
172,0,1,0,315,red,11954,T8B
173,0,1,0,315,red,11954,T8B
174,0,1,0,315,red,11954,T8B
175,0,1,0,315,red,11954,T8B
176,0,1,0,315,red,11954,T8B
177,0,1,0,315,red,11954,T8B
178,0,1,0,315,red,11954,T8B
179,0,1,0,315,red,11954,T8B
180,0,1,0,315,red,11954,T8B
181,0,1,0,315,red,11954,T8B
182,0,0,1,315,red,11954,T8B
183,0,0,1,315,red,11954,T8B
184,0,0,1,315,red,11954,T8B
185,0,0,1,315,red,11954,T8B
186,1,0,0,315,red,11954,T8B
187,1,0,0,315,red,11954,T8B
188,1,0,0,315,red,11954,T8B
189,1,0,0,315,red,11954,T8B
190,1,0,0,315,red,11954,T8B
191,1,0,0,315,red,11954,T8B
192,1,0,0,315,red,11954,T8B
193,0,1,0,315,red,11954,T8B
194,0,1,0,315,red,11954,T8B
195,0,0,1,315,red,11954,T8B
196,0,0,1,315,red,11954,T8B
197,0,0,1,315,red,11954,T8B
198,0,0,1,315,red,11954,T8B
199,1,0,0,315,red,11954,T8B
200,1,0,0,315,red,11954,T8B
201,1,0,0,315,red,11954,T8B
202,1,0,0,315,red,11954,T8B
203,1,0,0,315,red,11954,T8B
204,1,0,0,315,red,11954,T8B
205,1,0,0,315,red,11954,T8B
206,1,0,0,315,red,11954,T8B
207,1,0,0,315,red,11954,T8B
208,1,0,0,315,red,11954,T8B
209,1,0,0,315,red,11954,T8B
210,1,0,0,315,red,11954,T8B
211,1,0,0,315,red,11954,T8B
212,1,0,0,315,red,11954,T8B
213,1,0,0,315,red,11954,T8B
214,1,0,0,315,red,11954,T8B
215,1,0,0,315,red,11954,T8B
216,1,0,0,315,red,11954,T8B
217,1,0,0,315,red,11954,T8B
218,1,0,0,315,red,11954,T8B
219,1,0,0,315,red,11954,T8B
220,1,0,0,315,red,11954,T8B
221,1,0,0,315,red,11954,T8B
222,1,0,0,315,red,11954,T8B
0,0,0,1,316,red,11595,T8B
1,0,0,1,316,red,11595,T8B
2,0,0,1,316,red,11595,T8B
3,0,0,1,316,red,11595,T8B
4,0,0,1,316,red,11595,T8B
5,0,0,1,316,red,11595,T8B
6,0,0,1,316,red,11595,T8B
7,0,0,1,316,red,11595,T8B
8,0,0,1,316,red,11595,T8B
9,0,0,1,316,red,11595,T8B
10,0,0,1,316,red,11595,T8B
11,0,0,1,316,red,11595,T8B
12,0,0,1,316,red,11595,T8B
13,0,0,1,316,red,11595,T8B
14,0,0,1,316,red,11595,T8B
15,0,0,1,316,red,11595,T8B
16,0,0,1,316,red,11595,T8B
17,0,0,1,316,red,11595,T8B
18,0,0,1,316,red,11595,T8B
19,0,0,1,316,red,11595,T8B
20,0,0,1,316,red,11595,T8B
21,0,0,1,316,red,11595,T8B
22,0,0,1,316,red,11595,T8B
23,0,0,1,316,red,11595,T8B
24,0,0,1,316,red,11595,T8B
25,0,0,1,316,red,11595,T8B
26,0,0,1,316,red,11595,T8B
27,0,0,1,316,red,11595,T8B
28,0,0,1,316,red,11595,T8B
29,0,0,1,316,red,11595,T8B
30,0,0,1,316,red,11595,T8B
31,0,0,1,316,red,11595,T8B
32,0,0,1,316,red,11595,T8B
33,0,0,1,316,red,11595,T8B
34,0,0,1,316,red,11595,T8B
35,0,0,1,316,red,11595,T8B
36,0,0,1,316,red,11595,T8B
37,0,0,1,316,red,11595,T8B
38,0,0,1,316,red,11595,T8B
39,0,0,1,316,red,11595,T8B
40,0,0,1,316,red,11595,T8B
41,0,0,1,316,red,11595,T8B
42,0,0,1,316,red,11595,T8B
43,0,0,1,316,red,11595,T8B
44,0,0,1,316,red,11595,T8B
45,0,0,1,316,red,11595,T8B
46,0,0,1,316,red,11595,T8B
47,0,0,1,316,red,11595,T8B
48,0,0,1,316,red,11595,T8B
49,0,0,1,316,red,11595,T8B
50,0,0,1,316,red,11595,T8B
51,0,0,1,316,red,11595,T8B
52,0,0,1,316,red,11595,T8B
53,0,0,1,316,red,11595,T8B
54,0,0,1,316,red,11595,T8B
55,0,0,1,316,red,11595,T8B
56,0,0,1,316,red,11595,T8B
57,0,0,1,316,red,11595,T8B
58,0,0,1,316,red,11595,T8B
59,0,0,1,316,red,11595,T8B
60,0,0,1,316,red,11595,T8B
61,0,0,1,316,red,11595,T8B
62,0,0,1,316,red,11595,T8B
63,0,0,1,316,red,11595,T8B
64,0,1,0,316,red,11595,T8B
65,0,1,0,316,red,11595,T8B
66,0,1,0,316,red,11595,T8B
67,0,1,0,316,red,11595,T8B
68,0,1,0,316,red,11595,T8B
69,0,1,0,316,red,11595,T8B
70,0,1,0,316,red,11595,T8B
71,0,1,0,316,red,11595,T8B
72,0,1,0,316,red,11595,T8B
73,0,1,0,316,red,11595,T8B
74,0,1,0,316,red,11595,T8B
75,0,1,0,316,red,11595,T8B
76,0,1,0,316,red,11595,T8B
77,0,1,0,316,red,11595,T8B
78,0,1,0,316,red,11595,T8B
79,0,1,0,316,red,11595,T8B
80,0,1,0,316,red,11595,T8B
81,0,1,0,316,red,11595,T8B
82,0,1,0,316,red,11595,T8B
83,0,1,0,316,red,11595,T8B
84,0,1,0,316,red,11595,T8B
85,0,1,0,316,red,11595,T8B
86,0,1,0,316,red,11595,T8B
87,0,1,0,316,red,11595,T8B
88,0,1,0,316,red,11595,T8B
89,0,1,0,316,red,11595,T8B
90,0,1,0,316,red,11595,T8B
91,0,1,0,316,red,11595,T8B
92,0,1,0,316,red,11595,T8B
93,0,1,0,316,red,11595,T8B
94,0,1,0,316,red,11595,T8B
95,0,1,0,316,red,11595,T8B
96,0,1,0,316,red,11595,T8B
97,0,1,0,316,red,11595,T8B
98,0,1,0,316,red,11595,T8B
99,0,1,0,316,red,11595,T8B
100,0,1,0,316,red,11595,T8B
101,0,1,0,316,red,11595,T8B
102,0,1,0,316,red,11595,T8B
103,0,1,0,316,red,11595,T8B
104,0,1,0,316,red,11595,T8B
105,0,1,0,316,red,11595,T8B
106,0,1,0,316,red,11595,T8B
107,0,1,0,316,red,11595,T8B
108,0,1,0,316,red,11595,T8B
109,0,1,0,316,red,11595,T8B
110,0,1,0,316,red,11595,T8B
111,0,1,0,316,red,11595,T8B
112,0,1,0,316,red,11595,T8B
113,0,1,0,316,red,11595,T8B
114,0,1,0,316,red,11595,T8B
115,0,1,0,316,red,11595,T8B
116,0,1,0,316,red,11595,T8B
117,0,1,0,316,red,11595,T8B
118,0,1,0,316,red,11595,T8B
119,0,1,0,316,red,11595,T8B
120,0,1,0,316,red,11595,T8B
121,0,1,0,316,red,11595,T8B
122,0,1,0,316,red,11595,T8B
123,0,1,0,316,red,11595,T8B
124,0,1,0,316,red,11595,T8B
125,0,1,0,316,red,11595,T8B
126,0,1,0,316,red,11595,T8B
127,0,1,0,316,red,11595,T8B
128,0,1,0,316,red,11595,T8B
129,0,1,0,316,red,11595,T8B
130,0,0,1,316,red,11595,T8B
131,1,0,0,316,red,11595,T8B
132,1,0,0,316,red,11595,T8B
133,1,0,0,316,red,11595,T8B
134,1,0,0,316,red,11595,T8B
135,1,0,0,316,red,11595,T8B
136,1,0,0,316,red,11595,T8B
137,1,0,0,316,red,11595,T8B
138,1,0,0,316,red,11595,T8B
139,1,0,0,316,red,11595,T8B
140,1,0,0,316,red,11595,T8B
141,1,0,0,316,red,11595,T8B
142,1,0,0,316,red,11595,T8B
143,1,0,0,316,red,11595,T8B
144,1,0,0,316,red,11595,T8B
145,1,0,0,316,red,11595,T8B
146,1,0,0,316,red,11595,T8B
147,1,0,0,316,red,11595,T8B
148,1,0,0,316,red,11595,T8B
149,1,0,0,316,red,11595,T8B
150,1,0,0,316,red,11595,T8B
151,1,0,0,316,red,11595,T8B
152,1,0,0,316,red,11595,T8B
153,1,0,0,316,red,11595,T8B
154,1,0,0,316,red,11595,T8B
155,1,0,0,316,red,11595,T8B
156,1,0,0,316,red,11595,T8B
157,1,0,0,316,red,11595,T8B
158,1,0,0,316,red,11595,T8B
159,1,0,0,316,red,11595,T8B
160,1,0,0,316,red,11595,T8B
161,1,0,0,316,red,11595,T8B
162,1,0,0,316,red,11595,T8B
163,1,0,0,316,red,11595,T8B
164,1,0,0,316,red,11595,T8B
165,1,0,0,316,red,11595,T8B
166,1,0,0,316,red,11595,T8B
167,1,0,0,316,red,11595,T8B
168,1,0,0,316,red,11595,T8B
169,1,0,0,316,red,11595,T8B
170,1,0,0,316,red,11595,T8B
171,1,0,0,316,red,11595,T8B
172,1,0,0,316,red,11595,T8B
173,1,0,0,316,red,11595,T8B
174,1,0,0,316,red,11595,T8B
175,1,0,0,316,red,11595,T8B
176,1,0,0,316,red,11595,T8B
177,1,0,0,316,red,11595,T8B
178,1,0,0,316,red,11595,T8B
179,1,0,0,316,red,11595,T8B
180,1,0,0,316,red,11595,T8B
181,1,0,0,316,red,11595,T8B
182,1,0,0,316,red,11595,T8B
183,1,0,0,316,red,11595,T8B
184,1,0,0,316,red,11595,T8B
185,1,0,0,316,red,11595,T8B
186,1,0,0,316,red,11595,T8B
187,1,0,0,316,red,11595,T8B
188,1,0,0,316,red,11595,T8B
189,1,0,0,316,red,11595,T8B
190,1,0,0,316,red,11595,T8B
191,1,0,0,316,red,11595,T8B
192,1,0,0,316,red,11595,T8B
193,1,0,0,316,red,11595,T8B
194,1,0,0,316,red,11595,T8B
195,1,0,0,316,red,11595,T8B
196,1,0,0,316,red,11595,T8B
197,1,0,0,316,red,11595,T8B
198,1,0,0,316,red,11595,T8B
199,1,0,0,316,red,11595,T8B
200,1,0,0,316,red,11595,T8B
201,1,0,0,316,red,11595,T8B
202,1,0,0,316,red,11595,T8B
203,1,0,0,316,red,11595,T8B
204,1,0,0,316,red,11595,T8B
205,1,0,0,316,red,11595,T8B
206,1,0,0,316,red,11595,T8B
207,1,0,0,316,red,11595,T8B
208,1,0,0,316,red,11595,T8B
209,1,0,0,316,red,11595,T8B
210,1,0,0,316,red,11595,T8B
211,1,0,0,316,red,11595,T8B
212,1,0,0,316,red,11595,T8B
213,1,0,0,316,red,11595,T8B
214,1,0,0,316,red,11595,T8B
215,1,0,0,316,red,11595,T8B
216,1,0,0,316,red,11595,T8B
217,1,0,0,316,red,11595,T8B
218,1,0,0,316,red,11595,T8B
219,1,0,0,316,red,11595,T8B
220,1,0,0,316,red,11595,T8B
221,1,0,0,316,red,11595,T8B
222,1,0,0,316,red,11595,T8B
0,0,0,1,317,red,12024,T8B
1,0,0,1,317,red,12024,T8B
2,0,0,1,317,red,12024,T8B
3,0,0,1,317,red,12024,T8B
4,0,0,1,317,red,12024,T8B
5,0,0,1,317,red,12024,T8B
6,0,0,1,317,red,12024,T8B
7,0,0,1,317,red,12024,T8B
8,0,0,1,317,red,12024,T8B
9,0,0,1,317,red,12024,T8B
10,0,0,1,317,red,12024,T8B
11,0,0,1,317,red,12024,T8B
12,0,0,1,317,red,12024,T8B
13,0,0,1,317,red,12024,T8B
14,0,0,1,317,red,12024,T8B
15,0,0,1,317,red,12024,T8B
16,0,0,1,317,red,12024,T8B
17,0,0,1,317,red,12024,T8B
18,0,0,1,317,red,12024,T8B
19,0,0,1,317,red,12024,T8B
20,0,0,1,317,red,12024,T8B
21,0,0,1,317,red,12024,T8B
22,0,0,1,317,red,12024,T8B
23,0,0,1,317,red,12024,T8B
24,0,0,1,317,red,12024,T8B
25,0,0,1,317,red,12024,T8B
26,0,0,1,317,red,12024,T8B
27,0,0,1,317,red,12024,T8B
28,0,0,1,317,red,12024,T8B
29,0,0,1,317,red,12024,T8B
30,0,0,1,317,red,12024,T8B
31,0,0,1,317,red,12024,T8B
32,0,0,1,317,red,12024,T8B
33,0,0,1,317,red,12024,T8B
34,0,0,1,317,red,12024,T8B
35,0,0,1,317,red,12024,T8B
36,0,0,1,317,red,12024,T8B
37,0,0,1,317,red,12024,T8B
38,0,0,1,317,red,12024,T8B
39,0,1,0,317,red,12024,T8B
40,0,1,0,317,red,12024,T8B
41,0,1,0,317,red,12024,T8B
42,0,1,0,317,red,12024,T8B
43,0,1,0,317,red,12024,T8B
44,0,1,0,317,red,12024,T8B
45,0,1,0,317,red,12024,T8B
46,0,1,0,317,red,12024,T8B
47,0,1,0,317,red,12024,T8B
48,0,1,0,317,red,12024,T8B
49,0,1,0,317,red,12024,T8B
50,0,1,0,317,red,12024,T8B
51,0,1,0,317,red,12024,T8B
52,0,1,0,317,red,12024,T8B
53,0,1,0,317,red,12024,T8B
54,0,1,0,317,red,12024,T8B
55,0,1,0,317,red,12024,T8B
56,0,1,0,317,red,12024,T8B
57,0,1,0,317,red,12024,T8B
58,0,1,0,317,red,12024,T8B
59,0,1,0,317,red,12024,T8B
60,0,1,0,317,red,12024,T8B
61,0,1,0,317,red,12024,T8B
62,0,1,0,317,red,12024,T8B
63,0,1,0,317,red,12024,T8B
64,0,1,0,317,red,12024,T8B
65,0,1,0,317,red,12024,T8B
66,0,1,0,317,red,12024,T8B
67,0,1,0,317,red,12024,T8B
68,0,0,1,317,red,12024,T8B
69,0,0,1,317,red,12024,T8B
70,0,0,1,317,red,12024,T8B
71,0,0,1,317,red,12024,T8B
72,0,0,1,317,red,12024,T8B
73,0,1,0,317,red,12024,T8B
74,0,1,0,317,red,12024,T8B
75,0,1,0,317,red,12024,T8B
76,0,1,0,317,red,12024,T8B
77,0,1,0,317,red,12024,T8B
78,0,1,0,317,red,12024,T8B
79,0,1,0,317,red,12024,T8B
80,0,1,0,317,red,12024,T8B
81,0,1,0,317,red,12024,T8B
82,0,1,0,317,red,12024,T8B
83,0,1,0,317,red,12024,T8B
84,0,1,0,317,red,12024,T8B
85,0,1,0,317,red,12024,T8B
86,0,1,0,317,red,12024,T8B
87,0,1,0,317,red,12024,T8B
88,0,1,0,317,red,12024,T8B
89,0,1,0,317,red,12024,T8B
90,0,1,0,317,red,12024,T8B
91,0,1,0,317,red,12024,T8B
92,0,1,0,317,red,12024,T8B
93,0,1,0,317,red,12024,T8B
94,0,1,0,317,red,12024,T8B
95,0,1,0,317,red,12024,T8B
96,0,1,0,317,red,12024,T8B
97,0,1,0,317,red,12024,T8B
98,0,1,0,317,red,12024,T8B
99,0,1,0,317,red,12024,T8B
100,0,1,0,317,red,12024,T8B
101,0,1,0,317,red,12024,T8B
102,0,1,0,317,red,12024,T8B
103,0,1,0,317,red,12024,T8B
104,0,1,0,317,red,12024,T8B
105,0,1,0,317,red,12024,T8B
106,0,1,0,317,red,12024,T8B
107,0,1,0,317,red,12024,T8B
108,0,1,0,317,red,12024,T8B
109,0,1,0,317,red,12024,T8B
110,0,1,0,317,red,12024,T8B
111,0,1,0,317,red,12024,T8B
112,0,1,0,317,red,12024,T8B
113,0,1,0,317,red,12024,T8B
114,0,1,0,317,red,12024,T8B
115,0,1,0,317,red,12024,T8B
116,0,1,0,317,red,12024,T8B
117,0,1,0,317,red,12024,T8B
118,0,1,0,317,red,12024,T8B
119,0,0,1,317,red,12024,T8B
120,0,0,1,317,red,12024,T8B
121,0,0,1,317,red,12024,T8B
122,0,0,1,317,red,12024,T8B
123,0,1,0,317,red,12024,T8B
124,0,1,0,317,red,12024,T8B
125,0,1,0,317,red,12024,T8B
126,0,1,0,317,red,12024,T8B
127,0,1,0,317,red,12024,T8B
128,0,1,0,317,red,12024,T8B
129,0,1,0,317,red,12024,T8B
130,0,1,0,317,red,12024,T8B
131,0,1,0,317,red,12024,T8B
132,0,1,0,317,red,12024,T8B
133,0,1,0,317,red,12024,T8B
134,0,1,0,317,red,12024,T8B
135,0,1,0,317,red,12024,T8B
136,0,1,0,317,red,12024,T8B
137,0,1,0,317,red,12024,T8B
138,0,1,0,317,red,12024,T8B
139,0,1,0,317,red,12024,T8B
140,0,1,0,317,red,12024,T8B
141,0,1,0,317,red,12024,T8B
142,0,1,0,317,red,12024,T8B
143,0,1,0,317,red,12024,T8B
144,0,1,0,317,red,12024,T8B
145,0,1,0,317,red,12024,T8B
146,0,1,0,317,red,12024,T8B
147,0,1,0,317,red,12024,T8B
148,0,1,0,317,red,12024,T8B
149,0,1,0,317,red,12024,T8B
150,0,1,0,317,red,12024,T8B
151,0,1,0,317,red,12024,T8B
152,0,1,0,317,red,12024,T8B
153,0,1,0,317,red,12024,T8B
154,0,1,0,317,red,12024,T8B
155,0,1,0,317,red,12024,T8B
156,0,1,0,317,red,12024,T8B
157,0,1,0,317,red,12024,T8B
158,0,1,0,317,red,12024,T8B
159,0,1,0,317,red,12024,T8B
160,0,1,0,317,red,12024,T8B
161,0,1,0,317,red,12024,T8B
162,0,1,0,317,red,12024,T8B
163,0,1,0,317,red,12024,T8B
164,0,1,0,317,red,12024,T8B
165,0,1,0,317,red,12024,T8B
166,0,1,0,317,red,12024,T8B
167,0,1,0,317,red,12024,T8B
168,0,1,0,317,red,12024,T8B
169,0,1,0,317,red,12024,T8B
170,0,1,0,317,red,12024,T8B
171,0,1,0,317,red,12024,T8B
172,0,1,0,317,red,12024,T8B
173,0,1,0,317,red,12024,T8B
174,0,1,0,317,red,12024,T8B
175,0,1,0,317,red,12024,T8B
176,0,1,0,317,red,12024,T8B
177,0,1,0,317,red,12024,T8B
178,0,1,0,317,red,12024,T8B
179,0,1,0,317,red,12024,T8B
180,0,1,0,317,red,12024,T8B
181,0,1,0,317,red,12024,T8B
182,0,1,0,317,red,12024,T8B
183,0,1,0,317,red,12024,T8B
184,0,1,0,317,red,12024,T8B
185,0,1,0,317,red,12024,T8B
186,0,1,0,317,red,12024,T8B
187,0,1,0,317,red,12024,T8B
188,0,1,0,317,red,12024,T8B
189,0,1,0,317,red,12024,T8B
190,0,1,0,317,red,12024,T8B
191,0,1,0,317,red,12024,T8B
192,0,1,0,317,red,12024,T8B
193,0,1,0,317,red,12024,T8B
194,0,1,0,317,red,12024,T8B
195,0,1,0,317,red,12024,T8B
196,0,1,0,317,red,12024,T8B
197,0,1,0,317,red,12024,T8B
198,0,1,0,317,red,12024,T8B
199,0,1,0,317,red,12024,T8B
200,0,1,0,317,red,12024,T8B
201,0,1,0,317,red,12024,T8B
202,0,1,0,317,red,12024,T8B
203,0,1,0,317,red,12024,T8B
204,0,1,0,317,red,12024,T8B
205,0,1,0,317,red,12024,T8B
206,0,1,0,317,red,12024,T8B
207,0,1,0,317,red,12024,T8B
208,0,1,0,317,red,12024,T8B
209,0,1,0,317,red,12024,T8B
210,0,1,0,317,red,12024,T8B
211,0,1,0,317,red,12024,T8B
212,0,1,0,317,red,12024,T8B
213,0,1,0,317,red,12024,T8B
214,0,1,0,317,red,12024,T8B
215,0,1,0,317,red,12024,T8B
216,0,1,0,317,red,12024,T8B
217,0,1,0,317,red,12024,T8B
218,0,1,0,317,red,12024,T8B
219,0,1,0,317,red,12024,T8B
220,0,1,0,317,red,12024,T8B
221,0,1,0,317,red,12024,T8B
222,0,1,0,317,red,12024,T8B
