{
  "barriers": [
    {
      "x": 33.9,
      "y": 51.5,
      "width": 7.4,
      "height": 9.4
    }
  ],
  "occluders": [],
  "step_data": {
    "0": {
      "x": 90.05,
      "y": 22.25,
      "speed": 1.0,
      "dir": 0.0,
      "vx": 0.0,
      "vy": 0.0
    },
    "1": {
      "x": 91.35,
      "y": 21.75,
      "speed": 1.0,
      "dir": -0.36717383381821994,
      "vx": 0.9333456062030594,
      "vy": -0.35897907930886974
    },
    "2": {
      "x": 92.75,
      "y": 21.15,
      "speed": 1.0,
      "dir": -0.4048917862850829,
      "vx": 0.9191450300180581,
      "vy": -0.3939192985791672
    },
    "3": {
      "x": 94.15,
      "y": 20.65,
      "speed": 1.0,
      "dir": -0.3430239404207021,
      "vx": 0.9417419115948378,
      "vy": -0.33633639699815504
    },
    "4": {
      "x": 95.55,
      "y": 20.05,
      "speed": 1.0,
      "dir": -0.4048917862850843,
      "vx": 0.9191450300180576,
      "vy": -0.39391929857916846
    },
    "5": {
      "x": 94.85,
      "y": 19.55,
      "speed": 1.0,
      "dir": -2.5213431676069735,
      "vx": -0.8137334712067361,
      "vy": -0.5812381937190949
    },
    "6": {
      "x": 93.45,
      "y": 18.95,
      "speed": 1.0,
      "dir": -2.7367008673047066,
      "vx": -0.9191450300180566,
      "vy": -0.39391929857917046
    },
    "7": {
      "x": 92.1,
      "y": 18.4,
      "speed": 1.0,
      "dir": -2.754716935858767,
      "vx": -0.9260923597695484,
      "vy": -0.3772968873135178
    },
    "8": {
      "x": 90.7,
      "y": 17.9,
      "speed": 1.0,
      "dir": -2.7985687131690877,
      "vx": -0.9417419115948367,
      "vy": -0.336336396998158
    },
    "9": {
      "x": 89.25,
      "y": 17.35,
      "speed": 1.0,
      "dir": -2.779048416325288,
      "vx": -0.9349975263177842,
      "vy": -0.3546542341205363
    },
    "10": {
      "x": 87.85,
      "y": 16.75,
      "speed": 1.0,
      "dir": -2.73670086730471,
      "vx": -0.9191450300180581,
      "vy": -0.3939192985791672
    },
    "11": {
      "x": 86.4,
      "y": 16.3,
      "speed": 1.0,
      "dir": -2.8406724192293664,
      "vx": -0.9550641368112367,
      "vy": -0.29639921487245463
    },
    "12": {
      "x": 85.1,
      "y": 15.649999999999999,
      "speed": 1.0,
      "dir": -2.677945044588989,
      "vx": -0.8944271909999169,
      "vy": -0.447213595499956
    },
    "13": {
      "x": 83.6,
      "y": 15.2,
      "speed": 1.0,
      "dir": -2.8501358591119264,
      "vx": -0.9578262852211515,
      "vy": -0.28734788556634505
    },
    "14": {
      "x": 82.25,
      "y": 14.55,
      "speed": 1.0,
      "dir": -2.6928693095790712,
      "vx": -0.9010016697590995,
      "vy": -0.43381561877290065
    },
    "15": {
      "x": 80.95,
      "y": 14.05,
      "speed": 1.0,
      "dir": -2.774418819771573,
      "vx": -0.9333456062030594,
      "vy": -0.35897907930886974
    },
    "16": {
      "x": 79.55,
      "y": 13.45,
      "speed": 1.0,
      "dir": -2.73670086730471,
      "vx": -0.9191450300180581,
      "vy": -0.3939192985791672
    },
    "17": {
      "x": 78.15,
      "y": 12.95,
      "speed": 1.0,
      "dir": -2.7985687131690877,
      "vx": -0.9417419115948367,
      "vy": -0.336336396998158
    },
    "18": {
      "x": 76.75,
      "y": 12.35,
      "speed": 1.0,
      "dir": -2.7367008673047115,
      "vx": -0.9191450300180586,
      "vy": -0.39391929857916613
    },
    "19": {
      "x": 75.3,
      "y": 11.8,
      "speed": 1.0,
      "dir": -2.779048416325287,
      "vx": -0.9349975263177839,
      "vy": -0.35465423412053737
    },
    "20": {
      "x": 73.95,
      "y": 11.25,
      "speed": 1.0,
      "dir": -2.754716935858763,
      "vx": -0.926092359769547,
      "vy": -0.3772968873135212
    },
    "21": {
      "x": 72.55,
      "y": 10.75,
      "speed": 1.0,
      "dir": -2.7985687131690913,
      "vx": -0.9417419115948378,
      "vy": -0.33633639699815504
    },
    "22": {
      "x": 71.15,
      "y": 10.15,
      "speed": 1.0,
      "dir": -2.736700867304708,
      "vx": -0.919145030018057,
      "vy": -0.39391929857916946
    },
    "23": {
      "x": 69.75,
      "y": 9.65,
      "speed": 1.0,
      "dir": -2.7985687131690913,
      "vx": -0.9417419115948378,
      "vy": -0.33633639699815504
    },
    "24": {
      "x": 68.35,
      "y": 9.05,
      "speed": 1.0,
      "dir": -2.7367008673047115,
      "vx": -0.9191450300180586,
      "vy": -0.39391929857916613
    },
    "25": {
      "x": 66.9,
      "y": 8.5,
      "speed": 1.0,
      "dir": -2.7790484163252827,
      "vx": -0.9349975263177823,
      "vy": -0.35465423412054137
    },
    "26": {
      "x": 65.55,
      "y": 7.949999999999999,
      "speed": 1.0,
      "dir": -2.754716935858767,
      "vx": -0.9260923597695484,
      "vy": -0.3772968873135178
    },
    "27": {
      "x": 64.1,
      "y": 7.5,
      "speed": 1.0,
      "dir": -2.840672419229369,
      "vx": -0.9550641368112374,
      "vy": -0.29639921487245197
    },
    "28": {
      "x": 62.75,
      "y": 6.85,
      "speed": 1.0,
      "dir": -2.6928693095790703,
      "vx": -0.901001669759099,
      "vy": -0.43381561877290153
    },
    "29": {
      "x": 61.35,
      "y": 6.35,
      "speed": 1.0,
      "dir": -2.7985687131690895,
      "vx": -0.9417419115948372,
      "vy": -0.3363363969981565
    },
    "30": {
      "x": 59.95,
      "y": 5.75,
      "speed": 1.0,
      "dir": -2.7367008673047097,
      "vx": -0.9191450300180578,
      "vy": -0.3939192985791678
    },
    "31": {
      "x": 58.55,
      "y": 5.25,
      "speed": 1.0,
      "dir": -2.7985687131690913,
      "vx": -0.9417419115948378,
      "vy": -0.33633639699815504
    },
    "32": {
      "x": 57.15,
      "y": 4.65,
      "speed": 1.0,
      "dir": -2.7367008673047097,
      "vx": -0.9191450300180578,
      "vy": -0.3939192985791678
    },
    "33": {
      "x": 55.7,
      "y": 4.1,
      "speed": 1.0,
      "dir": -2.7790484163252844,
      "vx": -0.9349975263177829,
      "vy": -0.3546542341205398
    },
    "34": {
      "x": 54.35,
      "y": 3.55,
      "speed": 1.0,
      "dir": -2.7547169358587658,
      "vx": -0.9260923597695478,
      "vy": -0.377296887313519
    },
    "35": {
      "x": 53.1,
      "y": 3.0,
      "speed": 1.0,
      "dir": -2.7270857790050074,
      "vx": -0.9153150324227656,
      "vy": -0.4027386142660167
    },
    "36": {
      "x": 51.65,
      "y": 2.45,
      "speed": 1.0,
      "dir": -2.779048416325286,
      "vx": -0.9349975263177838,
      "vy": -0.35465423412053787
    },
    "37": {
      "x": 50.25,
      "y": 1.9500000000000002,
      "speed": 1.0,
      "dir": -2.7985687131690895,
      "vx": -0.9417419115948372,
      "vy": -0.3363363969981565
    },
    "38": {
      "x": 48.85,
      "y": 1.35,
      "speed": 1.0,
      "dir": -2.7367008673047093,
      "vx": -0.9191450300180578,
      "vy": -0.3939192985791681
    },
    "39": {
      "x": 47.4,
      "y": 0.7999999999999998,
      "speed": 1.0,
      "dir": -2.779048416325286,
      "vx": -0.9349975263177835,
      "vy": -0.3546542341205381
    },
    "40": {
      "x": 46.05,
      "y": 0.25,
      "speed": 1.0,
      "dir": -2.7547169358587658,
      "vx": -0.9260923597695478,
      "vy": -0.377296887313519
    },
    "41": {
      "x": 44.65,
      "y": 0.4500000000000002,
      "speed": 1.0,
      "dir": 2.999695598985629,
      "vx": -0.9899494936611665,
      "vy": 0.14142135623730975
    },
    "42": {
      "x": 43.25,
      "y": 1.0499999999999998,
      "speed": 1.0,
      "dir": 2.7367008673047097,
      "vx": -0.9191450300180578,
      "vy": 0.3939192985791678
    },
    "43": {
      "x": 41.85,
      "y": 1.5499999999999998,
      "speed": 1.0,
      "dir": 2.7985687131690895,
      "vx": -0.9417419115948372,
      "vy": 0.3363363969981565
    },
    "44": {
      "x": 40.45,
      "y": 2.1500000000000004,
      "speed": 1.0,
      "dir": 2.7367008673047093,
      "vx": -0.9191450300180575,
      "vy": 0.39391929857916824
    },
    "45": {
      "x": 39.1,