{
  "barriers": [
    {
      "x": 18.1,
      "y": 7.8,
      "width": 16.9,
      "height": 8.6
    },
    {
      "x": 65.4,
      "y": 19.7,
      "width": 22.3,
      "height": 24.1
    },
    {
      "x": 41.3,
      "y": 33.9,
      "width": 21.4,
      "height": 24.4
    },
    {
      "x": 7.3,
      "y": 25.6,
      "width": 10.2,
      "height": 22.2
    }
  ],
  "occluders": [],
  "step_data": {
    "0": {
      "x": 65.15,
      "y": 3.8499999999999996,
      "speed": 1.0,
      "dir": 0.0,
      "vx": 0.0,
      "vy": 0.0
    },
    "1": {
      "x": 65.65,
      "y": 2.55,
      "speed": 1.0,
      "dir": -1.2036224929766774,
      "vx": 0.3589790793088691,
      "vy": -0.9333456062030595
    },
    "2": {
      "x": 66.25,
      "y": 1.15,
      "speed": 1.0,
      "dir": -1.1659045405098165,
      "vx": 0.3939192985791646,
      "vy": -0.9191450300180593
    },
    "3": {
      "x": 66.85,
      "y": 0.4500000000000002,
      "speed": 1.0,
      "dir": -0.8621700546672308,
      "vx": 0.6507913734559652,
      "vy": -0.7592566023652996
    },
    "4": {
      "x": 67.35,
      "y": 1.75,
      "speed": 1.0,
      "dir": 1.2036224929766774,
      "vx": 0.3589790793088691,
      "vy": 0.9333456062030595
    },
    "5": {
      "x": 67.95,
      "y": 3.1500000000000004,
      "speed": 1.0,
      "dir": 1.165904540509808,
      "vx": 0.39391929857917235,
      "vy": 0.9191450300180559
    },
    "6": {
      "x": 68.55,
      "y": 4.55,
      "speed": 1.0,
      "dir": 1.1659045405098165,
      "vx": 0.3939192985791647,
      "vy": 0.9191450300180593
    },
    "7": {
      "x": 69.15,
      "y": 5.95,
      "speed": 1.0,
      "dir": 1.165904540509808,
      "vx": 0.39391929857917235,
      "vy": 0.9191450300180559
    },
    "8": {
      "x": 69.7,
      "y": 7.300000000000001,
      "speed": 1.0,
      "dir": 1.1839206090638705,
      "vx": 0.3772968873135177,
      "vy": 0.9260923597695485
    },
    "9": {
      "x": 70.2,
      "y": 8.7,
      "speed": 1.0,
      "dir": 1.227772386374193,
      "vx": 0.3363363969981565,
      "vy": 0.9417419115948372
    },
    "10": {
      "x": 70.85,
      "y": 10.15,
      "speed": 1.0,
      "dir": 1.1493771199070977,
      "vx": 0.4090559040929045,
      "vy": 0.9125093245149534
    },
    "11": {
      "x": 71.45,
      "y": 11.45,
      "speed": 1.0,
      "dir": 1.138388551224353,
      "vx": 0.41905817746175206,
      "vy": 0.9079593845004492
    },
    "12": {
      "x": 71.95,
      "y": 12.85,
      "speed": 1.0,
      "dir": 1.2277723863741932,
      "vx": 0.33633639699815615,
      "vy": 0.9417419115948374
    },
    "13": {
      "x": 72.55,
      "y": 14.25,
      "speed": 1.0,
      "dir": 1.1659045405098167,
      "vx": 0.39391929857916447,
      "vy": 0.9191450300180593
    },
    "14": {
      "x": 73.15,
      "y": 15.649999999999999,
      "speed": 1.0,
      "dir": 1.1659045405098076,
      "vx": 0.39391929857917274,
      "vy": 0.9191450300180557
    },
    "15": {
      "x": 73.75,
      "y": 14.649999999999999,
      "speed": 1.0,
      "dir": -1.0303768265243167,
      "vx": 0.5144957554275229,
      "vy": -0.8574929257125463
    },
    "16": {
      "x": 74.3,
      "y": 13.25,
      "speed": 1.0,
      "dir": -1.196462710787314,
      "vx": 0.3656523724229922,
      "vy": -0.9307514934403476
    },
    "17": {
      "x": 74.9,
      "y": 11.8,
      "speed": 1.0,
      "dir": -1.1784561825793756,
      "vx": 0.38235179272630443,
      "vy": -0.9240168324218889
    },
    "18": {
      "x": 75.5,
      "y": 10.45,
      "speed": 1.0,
      "dir": -1.1525719972156714,
      "vx": 0.40613846605344406,
      "vy": -0.9138115486202587
    },
    "19": {
      "x": 75.95,
      "y": 9.05,
      "speed": 1.0,
      "dir": -1.2597980461893534,
      "vx": 0.3060091804131227,
      "vy": -0.9520285612852636
    },
    "20": {
      "x": 76.55,
      "y": 7.65,
      "speed": 1.0,
      "dir": -1.1659045405098167,
      "vx": 0.39391929857916447,
      "vy": -0.9191450300180593
    },
    "21": {
      "x": 77.15,
      "y": 6.25,
      "speed": 1.0,
      "dir": -1.165904540509808,
      "vx": 0.39391929857917235,
      "vy": -0.9191450300180559
    },
    "22": {
      "x": 77.75,
      "y": 4.85,
      "speed": 1.0,
      "dir": -1.1659045405098167,
      "vx": 0.39391929857916447,
      "vy": -0.9191450300180593
    },
    "23": {
      "x": 78.25,
      "y": 3.55,
      "speed": 1.0,
      "dir": -1.2036224929766774,
      "vx": 0.3589790793088691,
      "vy": -0.9333456062030595
    },
    "24": {
      "x": 78.85,
      "y": 2.1500000000000004,
      "speed": 1.0,
      "dir": -1.1659045405098165,
      "vx": 0.3939192985791647,
      "vy": -0.9191450300180593
    },
    "25": {
      "x": 79.45,
      "y": 0.75,
      "speed": 1.0,
      "dir": -1.165904540509808,
      "vx": 0.39391929857917235,
      "vy": -0.9191450300180559
    },
    "26": {
      "x": 80.05,
      "y": 0.75,
      "speed": 1.0,
      "dir": 0.0,
      "vx": 1.0,
      "vy": 0.0
    },
    "27": {
      "x": 80.55,
      "y": 2.0999999999999996,
      "speed": 1.0,
      "dir": 1.2160906747839562,
      "vx": 0.347314355823594,
      "vy": 0.9377487607237036
    },
    "28": {
      "x": 81.2,
      "y": 3.5,
      "speed": 1.0,
      "dir": 1.1361261116456487,
      "vx": 0.4211113064546319,
      "vy": 0.9070089677484303
    },
    "29": {
      "x": 81.75,
      "y": 4.95,
      "speed": 1.0,
      "dir": 1.2082520895303908,
      "vx": 0.3546542341205369,
      "vy": 0.9349975263177841
    },
    "30": {
      "x": 82.35,
      "y": 6.35,
      "speed": 1.0,
      "dir": 1.1659045405098165,
      "vx": 0.3939192985791647,
      "vy": 0.9191450300180593
    },
    "31": {
      "x": 82.85,
      "y": 7.75,
      "speed": 1.0,
      "dir": 1.2277723863741932,
      "vx": 0.33633639699815615,
      "vy": 0.9417419115948374
    },
    "32": {
      "x": 83.45,
      "y": 9.15,
      "speed": 1.0,
      "dir": 1.165904540509808,
      "vx": 0.39391929857917235,
      "vy": 0.9191450300180559
    },
    "33": {
      "x": 84.0,
      "y": 10.5,
      "speed": 1.0,
      "dir": 1.1839206090638703,
      "vx": 0.3772968873135179,
      "vy": 0.9260923597695485
    },
    "34": {
      "x": 84.6,
      "y": 11.8,
      "speed": 1.0,
      "dir": 1.1383885512243626,
      "vx": 0.41905817746174345,
      "vy": 0.9079593845004532
    },
    "35": {
      "x": 85.15,
      "y": 13.25,
      "speed": 1.0,
      "dir": 1.208252089530382,
      "vx": 0.3546542341205451,
      "vy": 0.934997526317781
    },
    "36": {
      "x": 85.8,
      "y": 14.600000000000001,
      "speed": 1.0,
      "dir": 1.122072982784181,
      "vx": 0.43381561877289493,
      "vy": 0.9010016697591022
    },
    "37": {
      "x": 86.4,
      "y": 15.8,
      "speed": 1.0,
      "dir": 1.1071487177940846,
      "vx": 0.4472135954999632,
      "vy": 0.8944271909999132
    },
    "38": {
      "x": 87.8,
      "y": 15.100000000000001,
      "speed": 1.0,
      "dir": -0.46364760900080815,
      "vx": 0.8944271909999149,
      "vy": -0.4472135954999597
    },
    "39": {
      "x": 89.05,
      "y": 14.45,
      "speed": 1.0,
      "dir": -0.47951929199259746,
      "vx": 0.8872168012345945,
      "vy": -0.4613527366419906
    },
    "40": {
      "x": 90.3,
      "y": 13.8,
      "speed": 1.0,
      "dir": -0.47951929199259524,
      "vx": 0.8872168012345956,
      "vy": -0.46135273664198867
    },
    "41": {
      "x": 91.65,
      "y": 13.0,
      "speed": 1.0,
      "dir": -0.5349550737860941,
      "vx": 0.8602915336341755,
      "vy": -0.5098023903017309
    },
    "42": {
      "x": 93.1,
      "y": 12.4,
      "speed": 1.0,
      "dir": -0.3923401442155183,
      "vx": 0.9240168324218899,
      "vy": -0.38235179272630204
    },
    "43": {
      "x": 94.4,
      "y": 11.6,
      "speed": 1.0,
      "dir": -0.5516549825285434,
      "vx": 0.8516583167045457,
      "vy": -0.5240974256643317
    },
    "44": {
      "x": 95.65,