{
  "barriers": [
    {
      "x": 17.9,
      "y": 8.6,
      "width": 9.1,
      "height": 26.4
    },
    {
      "x": 81.7,
      "y": 29.0,
      "width": 9.2,
      "height": 26.5
    },
    {
      "x": 17.8,
      "y": 40.8,
      "width": 25.7,
      "height": 20.8
    },
    {
      "x": 38.2,
      "y": 2.2,
      "width": 29.3,
      "height": 16.6
    }
  ],
  "occluders": [],
  "step_data": {
    "0": {
      "x": 95.8,
      "y": 48.2,
      "speed": 1.0,
      "dir": 0.0,
      "vx": 0.0,
      "vy": 0.0
    },
    "1": {
      "x": 95.75,
      "y": 46.85,
      "speed": 1.0,
      "dir": -1.6078164426688244,
      "vx": -0.03701166050987812,
      "vy": -0.9993148337667672
    },
    "2": {
      "x": 95.45,
      "y": 45.35,
      "speed": 1.0,
      "dir": -1.7681918866447757,
      "vx": -0.19611613513818227,
      "vy": -0.9805806756909206
    },
    "3": {
      "x": 95.1,
      "y": 43.8,
      "speed": 1.0,
      "dir": -1.7928782287003815,
      "vx": -0.22026087143464793,
      "vy": -0.9754410020677055
    },
    "4": {
      "x": 94.9,
      "y": 42.5,
      "speed": 1.0,
      "dir": -1.7234456551901536,
      "vx": -0.152057184253933,
      "vy": -0.9883716976506185
    },
    "5": {
      "x": 94.55,
      "y": 40.95,
      "speed": 1.0,
      "dir": -1.7928782287003824,
      "vx": -0.2202608714346489,
      "vy": -0.9754410020677052
    },
    "6": {
      "x": 94.2,
      "y": 39.5,
      "speed": 1.0,
      "dir": -1.8076450877418127,
      "vx": -0.2346405331038928,
      "vy": -0.9720822085732878
    },
    "7": {
      "x": 93.95,
      "y": 38.05,
      "speed": 1.0,
      "dir": -1.741531538270179,
      "vx": -0.1699069165076459,
      "vy": -0.985460115744348
    },
    "8": {
      "x": 93.65,
      "y": 36.55,
      "speed": 1.0,
      "dir": -1.7681918866447757,
      "vx": -0.19611613513818227,
      "vy": -0.9805806756909206
    },
    "9": {
      "x": 93.4,
      "y": 35.0,
      "speed": 1.0,
      "dir": -1.7307094499531162,
      "vx": -0.1592324388246208,
      "vy": -0.9872411207126471
    },
    "10": {
      "x": 93.05,
      "y": 33.55,
      "speed": 1.0,
      "dir": -1.807645087741822,
      "vx": -0.2346405331039018,
      "vy": -0.9720822085732855
    },
    "11": {
      "x": 92.75,
      "y": 32.15,
      "speed": 1.0,
      "dir": -1.7818896600176415,
      "vx": -0.20952908873087175,
      "vy": -0.9778024140774099
    },
    "12": {
      "x": 92.45,
      "y": 30.65,
      "speed": 1.0,
      "dir": -1.7681918866447757,
      "vx": -0.19611613513818227,
      "vy": -0.9805806756909206
    },
    "13": {
      "x": 92.1,
      "y": 29.2,
      "speed": 1.0,
      "dir": -1.8076450877418224,
      "vx": -0.23464053310390232,
      "vy": -0.9720822085732855
    },
    "14": {
      "x": 91.9,
      "y": 27.7,
      "speed": 1.0,
      "dir": -1.7033478590915632,
      "vx": -0.13216372009101057,
      "vy": -0.9912279006826357
    },
    "15": {
      "x": 91.55,
      "y": 26.25,
      "speed": 1.0,
      "dir": -1.8076450877418224,
      "vx": -0.23464053310390232,
      "vy": -0.9720822085732855
    },
    "16": {
      "x": 91.3,
      "y": 24.8,
      "speed": 1.0,
      "dir": -1.7415315382701795,
      "vx": -0.16990691650764628,
      "vy": -0.985460115744348
    },
    "17": {
      "x": 90.95,
      "y": 23.25,
      "speed": 1.0,
      "dir": -1.7928782287003733,
      "vx": -0.22026087143463993,
      "vy": -0.9754410020677073
    },
    "18": {
      "x": 90.65,
      "y": 21.85,
      "speed": 1.0,
      "dir": -1.7818896600176415,
      "vx": -0.20952908873087175,
      "vy": -0.9778024140774099
    },
    "19": {
      "x": 90.4,
      "y": 20.4,
      "speed": 1.0,
      "dir": -1.741531538270179,
      "vx": -0.1699069165076459,
      "vy": -0.985460115744348
    },
    "20": {
      "x": 90.15,
      "y": 18.85,
      "speed": 1.0,
      "dir": -1.7307094499531162,
      "vx": -0.1592324388246208,
      "vy": -0.9872411207126471
    },
    "21": {
      "x": 89.8,
      "y": 17.5,
      "speed": 1.0,
      "dir": -1.824470422933545,
      "vx": -0.2509621587837316,
      "vy": -0.9679968981657994
    },
    "22": {
      "x": 89.55,
      "y": 15.95,
      "speed": 1.0,
      "dir": -1.730709449953116,
      "vx": -0.15923243882462043,
      "vy": -0.9872411207126471
    },
    "23": {
      "x": 89.25,
      "y": 14.45,
      "speed": 1.0,
      "dir": -1.7681918866447757,
      "vx": -0.19611613513818227,
      "vy": -0.9805806756909206
    },
    "24": {
      "x": 89.0,
      "y": 13.0,
      "speed": 1.0,
      "dir": -1.7415315382701795,
      "vx": -0.16990691650764628,
      "vy": -0.985460115744348
    },
    "25": {
      "x": 88.65,
      "y": 11.55,
      "speed": 1.0,
      "dir": -1.8076450877418133,
      "vx": -0.2346405331038933,
      "vy": -0.9720822085732875
    },
    "26": {
      "x": 88.35,
      "y": 10.05,
      "speed": 1.0,
      "dir": -1.7681918866447848,
      "vx": -0.19611613513819118,
      "vy": -0.9805806756909187
    },
    "27": {
      "x": 88.05,
      "y": 8.55,
      "speed": 1.0,
      "dir": -1.7681918866447757,
      "vx": -0.19611613513818227,
      "vy": -0.9805806756909206
    },
    "28": {
      "x": 87.8,
      "y": 7.1,
      "speed": 1.0,
      "dir": -1.7415315382701793,
      "vx": -0.16990691650764608,
      "vy": -0.985460115744348
    },
    "29": {
      "x": 87.4,
      "y": 5.7,
      "speed": 1.0,
      "dir": -1.8490959858000025,
      "vx": -0.27472112789737274,
      "vy": -0.9615239476408247
    },
    "30": {
      "x": 87.1,
      "y": 4.2,
      "speed": 1.0,
      "dir": -1.7681918866447848,
      "vx": -0.19611613513819118,
      "vy": -0.9805806756909187
    },
    "31": {
      "x": 86.9,
      "y": 2.7,
      "speed": 1.0,
      "dir": -1.7033478590915632,
      "vx": -0.13216372009101057,
      "vy": -0.9912279006826357
    },
    "32": {
      "x": 86.5,
      "y": 1.2000000000000002,
      "speed": 1.0,
      "dir": -1.8313987185422411,
      "vx": -0.25766265056033577,
      "vy": -0.9662349396012454
    },
    "33": {
      "x": 86.3,
      "y": 0.5,
      "speed": 1.0,
      "dir": -1.8490959858000118,
      "vx": -0.2747211278973816,
      "vy": -0.9615239476408223
    },
    "34": {
      "x": 85.95,
      "y": 1.85,
      "speed": 1.0,
      "dir": 1.8244704229335353,
      "vx": -0.2509621587837223,
      "vy": 0.9679968981658019
    },
    "35": {
      "x": 85.65,
      "y": 3.3499999999999996,
      "speed": 1.0,
      "dir": 1.7681918866447757,
      "vx": -0.1961161351381823,
      "vy": 0.9805806756909204
    },
    "36": {
      "x": 85.35,
      "y": 4.85,
      "speed": 1.0,
      "dir": 1.7681918866447848,
      "vx": -0.19611613513819118,
      "vy": 0.9805806756909187
    },
    "37": {
      "x": 85.0,
      "y": 6.300000000000001,
      "speed": 1.0,
      "dir": 1.807645087741813,
      "vx": -0.23464053310389305,
      "vy": 0.9720822085732878
    },
    "38": {
      "x": 84.75,
      "y": 7.75,
      "speed": 1.0,
      "dir": 1.7415315382701795,
      "vx": -0.16990691650764628,
      "vy": 0.985460115744348
    },
    "39": {
      "x": 84.55,
      "y": 9.25,
      "speed": 1.0,
      "dir": 1.7033478590915725,
      "vx": -0.13216372009101982,
      "vy": 0.9912279006826344
    },
    "40": {
      "x": 84.25,
      "y": 10.75,
      "speed": 1.0,
      "dir": 1.7681918866447757,
      "vx": -0.19611613513818227,
      "vy": 0.9805806756909206
    },
    "41": {
      "x": 83.9,
      "y": 12.2,
      "speed": 1.0,
      "dir": 1.8076450877418133,
      "vx": -0.2346405331038933,
      "vy": 0.9720822085732875
    },
    "42": {
      "x": 83.6,
      "y": 13.6,
      "speed": 1.0,
      "dir": 1.7818896600176508,
      "vx": -0.20952908873088102,
      "vy": 0.9778024140774078
    },
    "43": {
      "x": 83.35,
      "y": 15.149999999999999,
      "speed": 1.0,
      "dir": 1.730709449953116,
      "vx": -0.1592324388246206,