{
  "barriers": [
    {
      "x": 60.3,
      "y": 29.9,
      "width": 24.8,
      "height": 18.3
    },
    {
      "x": 9.4,
      "y": 34.9,
      "width": 29.6,
      "height": 19.2
    }
  ],
  "occluders": [],
  "step_data": {
    "0": {
      "x": 69.3,
      "y": 52.4,
      "speed": 1.0,
      "dir": 0.0,
      "vx": 0.0,
      "vy": 0.0
    },
    "1": {
      "x": 69.45,
      "y": 50.95,
      "speed": 1.0,
      "dir": -1.4677147182721921,
      "vx": 0.10289915108550947,
      "vy": -0.9946917938265508
    },
    "2": {
      "x": 69.65,
      "y": 49.4,
      "speed": 1.0,
      "dir": -1.4424730991091004,
      "vx": 0.12797133763019825,
      "vy": -0.991777866634025
    },
    "3": {
      "x": 69.75,
      "y": 48.65,
      "speed": 1.0,
      "dir": -1.43824479449823,
      "vx": 0.13216372009101057,
      "vy": -0.9912279006826357
    },
    "4": {
      "x": 69.9,
      "y": 50.1,
      "speed": 1.0,
      "dir": 1.4677147182721928,
      "vx": 0.10289915108550897,
      "vy": 0.9946917938265508
    },
    "5": {
      "x": 70.2,
      "y": 51.7,
      "speed": 1.0,
      "dir": 1.3854483767992036,
      "vx": 0.1842885350501835,
      "vy": 0.9828721869343222
    },
    "6": {
      "x": 70.25,
      "y": 53.15,
      "speed": 1.0,
      "dir": 1.5363272257953904,
      "vx": 0.034462275839777026,
      "vy": 0.9994059993535876
    },
    "7": {
      "x": 70.4,
      "y": 54.7,
      "speed": 1.0,
      "dir": 1.4743225516123064,
      "vx": 0.0963241948601937,
      "vy": 0.9953500135552998
    },
    "8": {
      "x": 70.6,
      "y": 56.1,
      "speed": 1.0,
      "dir": 1.4288992721907405,
      "vx": 0.14142135623730176,
      "vy": 0.9899494936611676
    },
    "9": {
      "x": 70.75,
      "y": 57.55,
      "speed": 1.0,
      "dir": 1.4677147182721921,
      "vx": 0.10289915108550947,
      "vy": 0.9946917938265508
    },
    "10": {
      "x": 70.95,
      "y": 57.15,
      "speed": 1.0,
      "dir": -1.1071487177940833,
      "vx": 0.44721359549996437,
      "vy": -0.8944271909999127
    },
    "11": {
      "x": 71.15,
      "y": 55.65,
      "speed": 1.0,
      "dir": -1.4382447944982206,
      "vx": 0.13216372009101982,
      "vy": -0.9912279006826344
    },
    "12": {
      "x": 71.25,
      "y": 54.15,
      "speed": 1.0,
      "dir": -1.5042281630190766,
      "vx": 0.06651901052377017,
      "vy": -0.9977851578566092
    },
    "13": {
      "x": 71.45,
      "y": 52.65,
      "speed": 1.0,
      "dir": -1.4382447944982206,
      "vx": 0.13216372009101982,
      "vy": -0.9912279006826344
    },
    "14": {
      "x": 71.55,
      "y": 51.25,
      "speed": 1.0,
      "dir": -1.4994888620096103,
      "vx": 0.07124704998790567,
      "vy": -0.9974586998307352
    },
    "15": {
      "x": 71.75,
      "y": 49.75,
      "speed": 1.0,
      "dir": -1.4382447944982206,
      "vx": 0.13216372009101982,
      "vy": -0.9912279006826344
    },
    "16": {
      "x": 71.95,
      "y": 48.35,
      "speed": 1.0,
      "dir": -1.4288992721907305,
      "vx": 0.1414213562373116,
      "vy": -0.9899494936611661
    },
    "17": {
      "x": 72.05,
      "y": 49.85,
      "speed": 1.0,
      "dir": 1.5042281630190766,
      "vx": 0.06651901052377017,
      "vy": 0.9977851578566092
    },
    "18": {
      "x": 72.25,
      "y": 51.35,
      "speed": 1.0,
      "dir": 1.4382447944982206,
      "vx": 0.13216372009101982,
      "vy": 0.9912279006826344
    },
    "19": {
      "x": 72.4,
      "y": 52.9,
      "speed": 1.0,
      "dir": 1.474322551612306,
      "vx": 0.09632419486019414,
      "vy": 0.9953500135552997
    },
    "20": {
      "x": 72.55,
      "y": 54.35,
      "speed": 1.0,
      "dir": 1.4677147182722023,
      "vx": 0.10289915108549931,
      "vy": 0.9946917938265518
    },
    "21": {
      "x": 72.75,
      "y": 55.75,
      "speed": 1.0,
      "dir": 1.4288992721907305,
      "vx": 0.1414213562373116,
      "vy": 0.9899494936611661
    },
    "22": {
      "x": 72.95,
      "y": 57.25,
      "speed": 1.0,
      "dir": 1.4382447944982206,
      "vx": 0.13216372009101982,
      "vy": 0.9912279006826344
    },
    "23": {
      "x": 73.05,
      "y": 57.45,
      "speed": 1.0,
      "dir": 1.107148717794119,
      "vx": 0.4472135954999325,
      "vy": 0.8944271909999286
    },
    "24": {
      "x": 73.25,
      "y": 55.95,
      "speed": 1.0,
      "dir": -1.4382447944982206,
      "vx": 0.13216372009101982,
      "vy": -0.9912279006826344
    },
    "25": {
      "x": 73.35,
      "y": 54.45,
      "speed": 1.0,
      "dir": -1.5042281630190766,
      "vx": 0.06651901052377017,
      "vy": -0.9977851578566092
    },
    "26": {
      "x": 73.55,
      "y": 52.95,
      "speed": 1.0,
      "dir": -1.4382447944982206,
      "vx": 0.13216372009101982,
      "vy": -0.9912279006826344
    },
    "27": {
      "x": 73.75,
      "y": 51.55,
      "speed": 1.0,
      "dir": -1.4288992721907312,
      "vx": 0.14142135623731092,
      "vy": -0.9899494936611664
    },
    "28": {
      "x": 73.8,
      "y": 50.1,
      "speed": 1.0,
      "dir": -1.5363272257953904,
      "vx": 0.034462275839777026,
      "vy": -0.9994059993535876
    },
    "29": {
      "x": 74.1,
      "y": 48.5,
      "speed": 1.0,
      "dir": -1.3854483767992036,
      "vx": 0.1842885350501835,
      "vy": -0.9828721869343222
    },
    "30": {
      "x": 74.25,
      "y": 49.55,
      "speed": 1.0,
      "dir": 1.428899272190727,
      "vx": 0.14142135623731514,
      "vy": 0.9899494936611657
    },
    "31": {
      "x": 74.3,
      "y": 51.05,
      "speed": 1.0,
      "dir": 1.5374753309166513,
      "vx": 0.03331483023263659,
      "vy": 0.9994449069791544
    },
    "32": {
      "x": 74.55,
      "y": 52.55,
      "speed": 1.0,
      "dir": 1.4056476493802699,
      "vx": 0.1643989873053573,
      "vy": 0.9863939238321437
    },
    "33": {
      "x": 74.75,
      "y": 54.05,
      "speed": 1.0,
      "dir": 1.4382447944982206,
      "vx": 0.13216372009101982,
      "vy": 0.9912279006826344
    },
    "34": {
      "x": 74.85,
      "y": 55.55,
      "speed": 1.0,
      "dir": 1.5042281630190766,
      "vx": 0.06651901052377017,
      "vy": 0.9977851578566092
    },
    "35": {
      "x": 75.05,
      "y": 56.95,
      "speed": 1.0,
      "dir": 1.4288992721907312,
      "vx": 0.14142135623731092,
      "vy": 0.9899494936611664
    },
    "36": {
      "x": 75.15,
      "y": 57.75,
      "speed": 1.0,
      "dir": 1.4464413322481242,
      "vx": 0.1240347345892193,
      "vy": 0.9922778767136663
    },
    "37": {
      "x": 75.35,
      "y": 56.25,
      "speed": 1.0,
      "dir": -1.43824479449823,
      "vx": 0.13216372009101057,
      "vy": -0.9912279006826357
    },
    "38": {
      "x": 75.55,
      "y": 54.75,
      "speed": 1.0,
      "dir": -1.4382447944982206,
      "vx": 0.13216372009101982,
      "vy": -0.9912279006826344
    },
    "39": {
      "x": 75.65,
      "y": 53.2,
      "speed": 1.0,
      "dir": -1.5063694873693374,
      "vx": 0.06438227799797064,
      "vy": -0.9979253089684579
    },
    "40": {
      "x": 75.85,
      "y": 51.85,
      "speed": 1.0,
      "dir": -1.4237179714065025,
      "vx": 0.14654866108945402,
      "vy": -0.989203462353872
    },
    "41": {
      "x": 76.1,
      "y": 50.3,
      "speed": 1.0,
      "dir": -1.4108832036366779,
      "vx": 0.15923243882462007,
      "vy": -0.9872411207126471
    },
    "42": {
      "x": 76.15,
      "y": 48.85,
      "speed": 1.0,
      "dir": -1.5363272257953806,
      "vx": 0.03446227583978681,
      "vy": -0.9994059993535872
    },
    "43": {
      "x": 76.35,
      "y": 49.25,
      "speed": 1.0,
      "dir": 1.1071487177941117,
      "vx": 0.4472135954999389,
      "vy": 0.8944271909999254
    },
    "44": {
      "x": 76.55,
      "y": 50.75,
      "speed": 1.0,
      "dir": 1.4382447944982206,
      "vx": 0.13216372009101982,
      "vy": 0.9912279006826344
    },
    "45": {
      "x": 76.6,
      "y": 52.3,
      "speed": 1.0,