{
  "barriers": [
    {
      "x": 35.7,
      "y": 24.3,
      "width": 25.5,
      "height": 15.0
    },
    {
      "x": 67.5,
      "y": 45.8,
      "width": 26.9,
      "height": 10.7
    },
    {
      "x": 8.3,
      "y": 32.8,
      "width": 26.2,
      "height": 28.7
    }
  ],
  "occluders": [],
  "step_data": {
    "0": {
      "x": 1.0,
      "y": 41.8,
      "speed": 1.0,
      "dir": 0.0,
      "vx": 0.0,
      "vy": 0.0
    },
    "1": {
      "x": 1.7999999999999998,
      "y": 40.6,
      "speed": 1.0,
      "dir": -0.9827937232473275,
      "vx": 0.5547001962252304,
      "vy": -0.8320502943378428
    },
    "2": {
      "x": 2.6500000000000004,
      "y": 39.45,
      "speed": 1.0,
      "dir": -0.9342881110069446,
      "vx": 0.5943910610838065,
      "vy": -0.8041761414663248
    },
    "3": {
      "x": 3.45,
      "y": 38.25,
      "speed": 1.0,
      "dir": -0.9827937232473303,
      "vx": 0.5547001962252281,
      "vy": -0.8320502943378444
    },
    "4": {
      "x": 4.05,
      "y": 36.95,
      "speed": 1.0,
      "dir": -1.1383885512243581,
      "vx": 0.4190581774617475,
      "vy": -0.9079593845004515
    },
    "5": {
      "x": 3.0999999999999996,
      "y": 35.7,
      "speed": 1.0,
      "dir": -2.220666776206844,
      "vx": -0.605083267533558,
      "vy": -0.7961621941231025
    },
    "6": {
      "x": 2.3499999999999996,
      "y": 34.55,
      "speed": 1.0,
      "dir": -2.14869826375714,
      "vx": -0.5462677805469204,
      "vy": -0.8376105968386155
    },
    "7": {
      "x": 1.4,
      "y": 33.3,
      "speed": 1.0,
      "dir": -2.220666776206844,
      "vx": -0.6050832675335578,
      "vy": -0.7961621941231026
    },
    "8": {
      "x": 0.6000000000000001,
      "y": 32.0,
      "speed": 1.0,
      "dir": -2.1224513093234445,
      "vx": -0.5240974256643354,
      "vy": -0.8516583167045435
    },
    "9": {
      "x": 0.0,
      "y": 30.9,
      "speed": 1.0,
      "dir": -2.070143048475026,
      "vx": -0.4788521306805729,
      "vy": -0.8778955729143846
    },
    "10": {
      "x": 0.9500000000000002,
      "y": 29.65,
      "speed": 1.0,
      "dir": -0.920925877382949,
      "vx": 0.605083267533558,
      "vy": -0.7961621941231025
    },
    "11": {
      "x": 1.75,
      "y": 28.45,
      "speed": 1.0,
      "dir": -0.9827937232473289,
      "vx": 0.5547001962252293,
      "vy": -0.8320502943378436
    },
    "12": {
      "x": 2.6500000000000004,
      "y": 27.15,
      "speed": 1.0,
      "dir": -0.9652516631899266,
      "vx": 0.5692099788303083,
      "vy": -0.8221921916437787
    },
    "13": {
      "x": 3.55,
      "y": 25.95,
      "speed": 1.0,
      "dir": -0.9272952180016123,
      "vx": 0.6,
      "vy": -0.8
    },
    "14": {
      "x": 4.35,
      "y": 24.75,
      "speed": 1.0,
      "dir": -0.9827937232473289,
      "vx": 0.5547001962252293,
      "vy": -0.8320502943378436
    },
    "15": {
      "x": 5.3,
      "y": 23.5,
      "speed": 1.0,
      "dir": -0.920925877382949,
      "vx": 0.605083267533558,
      "vy": -0.7961621941231025
    },
    "16": {
      "x": 6.15,
      "y": 22.25,
      "speed": 1.0,
      "dir": -0.9736196687022188,
      "vx": 0.5623100214072793,
      "vy": -0.8269265020695279
    },
    "17": {
      "x": 6.949999999999999,
      "y": 21.05,
      "speed": 1.0,
      "dir": -0.9827937232473294,
      "vx": 0.5547001962252288,
      "vy": -0.8320502943378438
    },
    "18": {
      "x": 7.800000000000001,
      "y": 19.9,
      "speed": 1.0,
      "dir": -0.9342881110069456,
      "vx": 0.5943910610838057,
      "vy": -0.8041761414663254
    },
    "19": {
      "x": 8.75,
      "y": 18.65,
      "speed": 1.0,
      "dir": -0.9209258773829495,
      "vx": 0.6050832675335576,
      "vy": -0.7961621941231027
    },
    "20": {
      "x": 9.55,
      "y": 17.35,
      "speed": 1.0,
      "dir": -1.0191413442663484,
      "vx": 0.5240974256643359,
      "vy": -0.8516583167045433
    },
    "21": {
      "x": 10.45,
      "y": 16.15,
      "speed": 1.0,
      "dir": -0.9272952180016142,
      "vx": 0.5999999999999984,
      "vy": -0.800000000000001
    },
    "22": {
      "x": 11.35,
      "y": 14.95,
      "speed": 1.0,
      "dir": -0.9272952180016117,
      "vx": 0.6000000000000004,
      "vy": -0.7999999999999997
    },
    "23": {
      "x": 12.15,
      "y": 13.75,
      "speed": 1.0,
      "dir": -0.9827937232473284,
      "vx": 0.5547001962252298,
      "vy": -0.8320502943378434
    },
    "24": {
      "x": 13.1,
      "y": 12.45,
      "speed": 1.0,
      "dir": -0.9397169393235679,
      "vx": 0.5900165893423095,
      "vy": -0.8073911222578983
    },
    "25": {
      "x": 13.95,
      "y": 11.25,
      "speed": 1.0,
      "dir": -0.9544993893988253,
      "vx": 0.5780173407803391,
      "vy": -0.8160244811016549
    },
    "26": {
      "x": 14.75,
      "y": 10.05,
      "speed": 1.0,
      "dir": -0.9827937232473284,
      "vx": 0.5547001962252298,
      "vy": -0.8320502943378434
    },
    "27": {
      "x": 15.7,
      "y": 8.8,
      "speed": 1.0,
      "dir": -0.9209258773829495,
      "vx": 0.6050832675335576,
      "vy": -0.7961621941231027
    },
    "28": {
      "x": 16.6,
      "y": 7.6,
      "speed": 1.0,
      "dir": -0.9272952180016115,
      "vx": 0.6000000000000005,
      "vy": -0.7999999999999996
    },
    "29": {
      "x": 17.35,
      "y": 6.35,
      "speed": 1.0,
      "dir": -1.0303768265243125,
      "vx": 0.5144957554275265,
      "vy": -0.8574929257125442
    },
    "30": {
      "x": 18.25,
      "y": 5.15,
      "speed": 1.0,
      "dir": -0.9272952180016127,
      "vx": 0.5999999999999995,
      "vy": -0.8000000000000003
    },
    "31": {
      "x": 19.2,
      "y": 3.9000000000000004,
      "speed": 1.0,
      "dir": -0.9209258773829495,
      "vx": 0.6050832675335576,
      "vy": -0.7961621941231027
    },
    "32": {
      "x": 19.95,
      "y": 2.6500000000000004,
      "speed": 1.0,
      "dir": -1.0303768265243125,
      "vx": 0.5144957554275265,
      "vy": -0.8574929257125442
    },
    "33": {
      "x": 20.8,
      "y": 1.4500000000000002,
      "speed": 1.0,
      "dir": -0.9544993893988246,
      "vx": 0.5780173407803396,
      "vy": -0.8160244811016547
    },
    "34": {
      "x": 21.6,
      "y": 0.2999999999999998,
      "speed": 1.0,
      "dir": -0.962994330680936,
      "vx": 0.5710644881985999,
      "vy": -0.8209052017854869
    },
    "35": {
      "x": 22.5,
      "y": 1.2000000000000002,
      "speed": 1.0,
      "dir": 0.7853981633974493,
      "vx": 0.7071067811865468,
      "vy": 0.7071067811865482
    },
    "36": {
      "x": 23.45,
      "y": 2.3499999999999996,
      "speed": 1.0,
      "dir": 0.8803498697402048,
      "vx": 0.6368814469962912,
      "vy": 0.7709617516270896
    },
    "37": {
      "x": 24.25,
      "y": 3.6500000000000004,
      "speed": 1.0,
      "dir": 1.0191413442663495,
      "vx": 0.5240974256643349,
      "vy": 0.8516583167045438
    },
    "38": {
      "x": 25.15,
      "y": 4.85,
      "speed": 1.0,
      "dir": 0.9272952180016127,
      "vx": 0.5999999999999995,
      "vy": 0.8000000000000003
    },
    "39": {
      "x": 26.1,
      "y": 6.050000000000001,
      "speed": 1.0,
      "dir": 0.9011573811182579,
      "vx": 0.620702944365562,
      "vy": 0.7840458244617607
    },
    "40": {
      "x": 26.9,
      "y": 7.25,
      "speed": 1.0,
      "dir": 0.9827937232473305,
      "vx": 0.554700196225228,
      "vy": 0.8320502943378445
    },
    "41": {
      "x": 27.75,
      "y": 8.55,
      "speed": 1.0,
      "dir": 0.9917220574271652,
      "vx": 0.5472493629827033,
      "vy": 0.8369696139735453
    },
    "42": {
      "x": 28.65,
      "y": 9.75,
      "speed": 1.0,
      "dir": 0.9272952180016127,
      "vx": 0.5999999999999995,
      "vy": 0.8000000000000003
    },
    "43": {
      "x": 29.45,
      "y": 10.95,
      "speed": 1.0,
      "dir": 0.9827937232473284,
      "vx": 0.5547001962252298,
      "vy": 0.8320502943378434
    },