{
  "barriers": [],
  "elasticity": 1,
  "fps": 30,
  "friction": 0,
  "green_sensor": {
    "height": 6.9,
    "width": 4,
    "x": 16,
    "y": 13.1
  },
  "interval": 0.025,
  "key_distractors": [],
  "num_barriers": 0,
  "num_frames": 60,
  "num_occs": 0,
  "occluders": [],
  "random_distractors": [],
  "red_sensor": {
    "height": 7.7,
    "width": 4,
    "x": 16,
    "y": 0
  },
  "rg_hit_timestep": -1,
  "rg_outcome": null,
  "scene_dims": [
    20,
    20
  ],
  "step_data": {
    "0": {
      "dir": 0.06484402755320673,
      "speed": 0.9999999999999999,
      "vx": 0.9978983626048054,
      "vy": 0.064798594974338,
      "x": 2.7,
      "y": 9.9
    },
    "1": {
      "dir": 0.06484402755320673,
      "speed": 0.9999999999999999,
      "vx": 0.9978983626048054,
      "vy": 0.064798594974338,
      "x": 2.7,
      "y": 9.9
    },
    "2": {
      "dir": 0.06484402755320673,
      "speed": 0.9999999999999999,
      "vx": 0.9978983626048054,
      "vy": 0.064798594974338,
      "x": 2.7,
      "y": 9.9
    },
    "3": {
      "dir": 0.06484402755320673,
      "speed": 0.9999999999999999,
      "vx": 0.9978983626048054,
      "vy": 0.064798594974338,
      "x": 2.7,
      "y": 9.9
    },
    "4": {
      "dir": 0.06484402755320673,
      "speed": 0.9999999999999999,
      "vx": 0.9978983626048054,
      "vy": 0.064798594974338,
      "x": 2.7,
      "y": 9.9
    },
    "5": {
      "dir": 0.06484402755320673,
      "speed": 0.9999999999999999,
      "vx": 0.9978983626048054,
      "vy": 0.064798594974338,
      "x": 2.7,
      "y": 9.9
    },
    "6": {
      "dir": 0.06484402755320673,
      "speed": 0.9999999999999999,
      "vx": 0.9978983626048054,
      "vy": 0.064798594974338,
      "x": 2.7,
      "y": 9.9
    },
    "7": {
      "dir": 0.06484402755320673,
      "speed": 0.9999999999999999,
      "vx": 0.9978983626048054,
      "vy": 0.064798594974338,
      "x": 2.7,
      "y": 9.9
    },
    "8": {
      "dir": 0.06484402755320673,
      "speed": 0.9999999999999999,
      "vx": 0.9978983626048054,
      "vy": 0.064798594974338,
      "x": 2.7,
      "y": 9.9
    },
    "9": {
      "dir": 0.06484402755320673,
      "speed": 0.9999999999999999,
      "vx": 0.9978983626048054,
      "vy": 0.064798594974338,
      "x": 2.7,
      "y": 9.9
    },
    "10": {
      "dir": 0.06484402755320673,
      "speed": 0.9999999999999999,
      "vx": 0.9978983626048054,
      "vy": 0.064798594974338,
      "x": 2.7,
      "y": 9.9
    },
    "11": {
      "dir": 0.06484402755320673,
      "speed": 0.9999999999999999,
      "vx": 0.9978983626048054,
      "vy": 0.064798594974338,
      "x": 2.7,
      "y": 9.9
    },
    "12": {
      "dir": 0.06484402755320673,
      "speed": 0.9999999999999999,
      "vx": 0.9978983626048054,
      "vy": 0.064798594974338,
      "x": 2.7,
      "y": 9.9
    },
    "13": {
      "dir": 0.06484402755320673,
      "speed": 0.9999999999999999,
      "vx": 0.9978983626048054,
      "vy": 0.064798594974338,
      "x": 2.7,
      "y": 9.9
    },
    "14": {
      "dir": 0.06484402755320673,
      "speed": 0.9999999999999999,
      "vx": 0.9978983626048054,
      "vy": 0.064798594974338,
      "x": 2.7,
      "y": 9.9
    },
    "15": {
      "dir": 0.06484402755320673,
      "speed": 0.9999999999999999,
      "vx": 0.9978983626048054,
      "vy": 0.064798594974338,
      "x": 2.7,
      "y": 9.9
    },
    "16": {
      "dir": 0.06484402755320673,
      "speed": 0.9999999999999999,
      "vx": 0.9978983626048054,
      "vy": 0.064798594974338,
      "x": 2.7,
      "y": 9.9
    },
    "17": {
      "dir": 0.06484402755320673,
      "speed": 0.9999999999999999,
      "vx": 0.9978983626048054,
      "vy": 0.064798594974338,
      "x": 2.7,
      "y": 9.9
    },
    "18": {
      "dir": 0.06484402755320673,
      "speed": 0.9999999999999999,
      "vx": 0.9978983626048054,
      "vy": 0.064798594974338,
      "x": 2.7,
      "y": 9.9
    },
    "19": {
      "dir": 0.06484402755320673,
      "speed": 0.9999999999999999,
      "vx": 0.9978983626048054,
      "vy": 0.064798594974338,
      "x": 2.7,
      "y": 9.9
    },
    "20": {
      "dir": 0.06484402755320673,
      "speed": 0.9999999999999999,
      "vx": 0.9978983626048054,
      "vy": 0.064798594974338,
      "x": 2.7,
      "y": 9.9
    },
    "21": {
      "dir": 0.06484402755320673,
      "speed": 0.9999999999999999,
      "vx": 0.9978983626048054,
      "vy": 0.064798594974338,
      "x": 2.7,
      "y": 9.9
    },
    "22": {
      "dir": 0.06484402755320673,
      "speed": 0.9999999999999999,
      "vx": 0.9978983626048054,
      "vy": 0.064798594974338,
      "x": 2.7,
      "y": 9.9
    },
    "23": {
      "dir": 0.06484402755320673,
      "speed": 0.9999999999999999,
      "vx": 0.9978983626048054,
      "vy": 0.064798594974338,
      "x": 2.7,
      "y": 9.9
    },
    "24": {
      "dir": 0.06484402755320673,
      "speed": 0.9999999999999999,
      "vx": 0.9978983626048054,
      "vy": 0.064798594974338,
      "x": 2.7,
      "y": 9.9
    },
    "25": {
      "dir": 0.06484402755320673,
      "speed": 0.9999999999999999,
      "vx": 0.9978983626048054,
      "vy": 0.064798594974338,
      "x": 2.7,
      "y": 9.9
    },
    "26": {
      "dir": 0.06484402755320673,
      "speed": 0.9999999999999999,
      "vx": 0.9978983626048054,
      "vy": 0.064798594974338,
      "x": 2.7,
      "y": 9.9
    },
    "27": {
      "dir": 0.06484402755320673,
      "speed": 0.9999999999999999,
      "vx": 0.9978983626048054,
      "vy": 0.064798594974338,
      "x": 2.7,
      "y": 9.9
    },
    "28": {
      "dir": 0.06484402755320673,
      "speed": 0.9999999999999999,
      "vx": 0.9978983626048054,
      "vy": 0.064798594974338,
      "x": 2.7,
      "y": 9.9
    },
    "29": {
      "dir": 0.06484402755320673,
      "speed": 0.9999999999999999,
      "vx": 0.9978983626048054,
      "vy": 0.064798594974338,
      "x": 2.7,
      "y": 9.9
    },
    "30": {
      "dir": 0.06484402755320673,
      "speed": 0.9999999999999999,
      "vx": 0.9978983626048054,
      "vy": 0.064798594974338,
      "x": 2.7,
      "y": 9.9
    },
    "31": {
      "dir": 0.06484402755320673,
      "speed": 0.9999999999999999,
      "vx": 0.9978983626048054,
      "vy": 0.064798594974338,
      "x": 2.7,
      "y": 9.9
    },
    "32": {
      "dir": 0.06484402755320673,
      "speed": 0.9999999999999999,
      "vx": 0.9978983626048054,
      "vy": 0.064798594974338,
      "x": 2.7,
      "y": 9.9
    },
    "33": {
      "dir": 0.06484402755320673,
      "speed": 0.9999999999999999,
      "vx": 0.9978983626048054,
      "vy": 0.064798594974338,
      "x": 2.7,
      "y": 9.9
    },
    "34": {
      "dir": 0.06484402755320673,
      "speed": 0.9999999999999999,
      "vx": 0.9978983626048054,
      "vy": 0.064798594974338,
      "x": 2.7,
      "y": 9.9
    },
    "35": {
      "dir": 0.06484402755320673,
      "speed": 0.9999999999999999,
      "vx": 0.9978983626048054,
      "vy": 0.064798594974338,
      "x": 2.7,
      "y": 9.9
    },
    "36": {
      "dir": 0.06484402755320673,
      "speed": 0.9999999999999999,
      "vx": 0.9978983626048054,
      "vy": 0.064798594974338,
      "x": 2.7,
      "y": 9.9
    },
    "37": {
      "dir": 0.06484402755320673,
      "speed": 0.9999999999999999,
      "vx": 0.9978983626048054,
      "vy": 0.064798594974338,
      "x": 2.7,
      "y": 9.9
    },
    "38": {
      "dir": 0.06484402755320673,
      "speed": 0.9999999999999999,
      "vx": 0.9978983626048054,
      "vy": 0.064798594974338,
      "x": 2.7,
      "y": 9.9
    },
    "39": {
      "dir": 0.06484402755320673,
      "speed": 0.9999999999999999,
      "vx": 0.9978983626048054,
      "vy": 0.064798594974338,
      "x": 2.7,
      "y": 9.9
    },
    "40": {
      "dir": 0.06484402755320673,
      "speed": 0.9999999999999999,
      "vx": 0.9978983626048054,
      "vy": 0.064798594974338,
      "x": 2.7,
      "y": 9.9
    },
    "41": {
      "dir": 0.06484402755320673,