{
  "barriers": [
    {
      "x": 20.9,
      "y": 10.8,
      "width": 19.9,
      "height": 17.9
    },
    {
      "x": 75.1,
      "y": 47.3,
      "width": 21.8,
      "height": 9.4
    }
  ],
  "occluders": [],
  "step_data": {
    "0": {
      "x": 80.65,
      "y": 43.15,
      "speed": 1.0,
      "dir": 0.0,
      "vx": 0.0,
      "vy": 0.0
    },
    "1": {
      "x": 81.85,
      "y": 42.5,
      "speed": 1.0,
      "dir": -0.49642275340488495,
      "vx": 0.8792919665367727,
      "vy": -0.4762831485407553
    },
    "2": {
      "x": 83.15,
      "y": 41.65,
      "speed": 1.0,
      "dir": -0.5790742693677277,
      "vx": 0.8369696139735474,
      "vy": -0.5472493629827002
    },
    "3": {
      "x": 84.5,
      "y": 40.9,
      "speed": 1.0,
      "dir": -0.5070985043923387,
      "vx": 0.8741572761215369,
      "vy": -0.4856429311786336
    },
    "4": {
      "x": 85.75,
      "y": 40.15,
      "speed": 1.0,
      "dir": -0.540419500270584,
      "vx": 0.8574929257125442,
      "vy": -0.5144957554275265
    },
    "5": {
      "x": 87.0,
      "y": 39.3,
      "speed": 1.0,
      "dir": -0.5971766580926783,
      "vx": 0.8269265020695277,
      "vy": -0.5623100214072797
    },
    "6": {
      "x": 88.35,
      "y": 38.55,
      "speed": 1.0,
      "dir": -0.5070985043923387,
      "vx": 0.8741572761215369,
      "vy": -0.4856429311786336
    },
    "7": {
      "x": 89.6,
      "y": 37.9,
      "speed": 1.0,
      "dir": -0.47951929199259524,
      "vx": 0.8872168012345956,
      "vy": -0.46135273664198867
    },
    "8": {
      "x": 90.95,
      "y": 37.05,
      "speed": 1.0,
      "dir": -0.5619215622568132,
      "vx": 0.8462328400897516,
      "vy": -0.5328132696861375
    },
    "9": {
      "x": 92.15,
      "y": 36.25,
      "speed": 1.0,
      "dir": -0.5880026035475647,
      "vx": 0.8320502943378453,
      "vy": -0.5547001962252268
    },
    "10": {
      "x": 93.45,
      "y": 35.55,
      "speed": 1.0,
      "dir": -0.4939413689195838,
      "vx": 0.8804710999221741,
      "vy": -0.4740998230350197
    },
    "11": {
      "x": 94.75,
      "y": 34.75,
      "speed": 1.0,
      "dir": -0.5516549825285463,
      "vx": 0.8516583167045442,
      "vy": -0.5240974256643341
    },
    "12": {
      "x": 95.75,
      "y": 33.95,
      "speed": 1.0,
      "dir": -0.6747409422235509,
      "vx": 0.7808688094430314,
      "vy": -0.6246950475544228
    },
    "13": {
      "x": 94.4,
      "y": 33.3,
      "speed": 1.0,
      "dir": -2.6928693095790672,
      "vx": -0.9010016697590976,
      "vy": -0.4338156187729044
    },
    "14": {
      "x": 93.15,
      "y": 32.45,
      "speed": 1.0,
      "dir": -2.544415995497119,
      "vx": -0.8269265020695299,
      "vy": -0.5623100214072765
    },
    "15": {
      "x": 91.9,
      "y": 31.65,
      "speed": 1.0,
      "dir": -2.5722794624891288,
      "vx": -0.8422714006615101,
      "vy": -0.5390536964233693
    },
    "16": {
      "x": 90.55,
      "y": 30.950000000000003,
      "speed": 1.0,
      "dir": -2.6632402222111407,
      "vx": -0.8877545314489318,
      "vy": -0.460317164454996
    },
    "17": {
      "x": 89.35,
      "y": 30.15,
      "speed": 1.0,
      "dir": -2.5535900500422244,
      "vx": -0.8320502943378429,
      "vy": -0.5547001962252303
    },
    "18": {
      "x": 88.05,
      "y": 29.35,
      "speed": 1.0,
      "dir": -2.589937671061247,
      "vx": -0.8516583167045442,
      "vy": -0.5240974256643341
    },
    "19": {
      "x": 86.75,
      "y": 28.65,
      "speed": 1.0,
      "dir": -2.6476512846702094,
      "vx": -0.8804710999221741,
      "vy": -0.4740998230350197
    },
    "20": {
      "x": 85.5,
      "y": 27.85,
      "speed": 1.0,
      "dir": -2.572279462489133,
      "vx": -0.8422714006615123,
      "vy": -0.5390536964233659
    },
    "21": {
      "x": 84.15,
      "y": 27.05,
      "speed": 1.0,
      "dir": -2.6066375798036945,
      "vx": -0.8602915336341731,
      "vy": -0.5098023903017348
    },
    "22": {
      "x": 82.8,
      "y": 26.4,
      "speed": 1.0,
      "dir": -2.6928693095790734,
      "vx": -0.9010016697591003,
      "vy": -0.43381561877289887
    },
    "23": {
      "x": 81.55,
      "y": 25.55,
      "speed": 1.0,
      "dir": -2.544415995497117,
      "vx": -0.8269265020695287,
      "vy": -0.5623100214072781
    },
    "24": {
      "x": 80.25,
      "y": 24.75,
      "speed": 1.0,
      "dir": -2.589937671061245,
      "vx": -0.8516583167045433,
      "vy": -0.5240974256643359
    },
    "25": {
      "x": 79.1,
      "y": 24.1,
      "speed": 1.0,
      "dir": -2.6271413405307684,
      "vx": -0.8705628387201357,
      "vy": -0.4920572566678993
    },
    "26": {
      "x": 77.7,
      "y": 23.25,
      "speed": 1.0,
      "dir": -2.595937599062798,
      "vx": -0.8547875152217271,
      "vy": -0.5189781342417669
    },
    "27": {
      "x": 76.45,
      "y": 22.45,
      "speed": 1.0,
      "dir": -2.572279462489131,
      "vx": -0.8422714006615112,
      "vy": -0.5390536964233676
    },
    "28": {
      "x": 75.2,
      "y": 21.7,
      "speed": 1.0,
      "dir": -2.601173153319209,
      "vx": -0.8574929257125442,
      "vy": -0.5144957554275265
    },
    "29": {
      "x": 73.85,
      "y": 20.95,
      "speed": 1.0,
      "dir": -2.634494149197459,
      "vx": -0.8741572761215392,
      "vy": -0.4856429311786298
    },
    "30": {
      "x": 72.55,
      "y": 20.15,
      "speed": 1.0,
      "dir": -2.589937671061245,
      "vx": -0.8516583167045433,
      "vy": -0.5240974256643359
    },
    "31": {
      "x": 71.25,
      "y": 19.35,
      "speed": 1.0,
      "dir": -2.589937671061247,
      "vx": -0.8516583167045442,
      "vy": -0.5240974256643341
    },
    "32": {
      "x": 70.0,
      "y": 18.7,
      "speed": 1.0,
      "dir": -2.6620733615971957,
      "vx": -0.8872168012345945,
      "vy": -0.4613527366419906
    },
    "33": {
      "x": 68.65,
      "y": 17.85,
      "speed": 1.0,
      "dir": -2.579671091332977,
      "vx": -0.8462328400897502,
      "vy": -0.5328132696861398
    },
    "34": {
      "x": 67.45,
      "y": 17.05,
      "speed": 1.0,
      "dir": -2.553590050042226,
      "vx": -0.832050294337844,
      "vy": -0.5547001962252285
    },
    "35": {
      "x": 66.15,
      "y": 16.35,
      "speed": 1.0,
      "dir": -2.6476512846702116,
      "vx": -0.8804710999221751,
      "vy": -0.47409982303501785
    },
    "36": {
      "x": 64.85,
      "y": 15.55,
      "speed": 1.0,
      "dir": -2.5899376710612496,
      "vx": -0.8516583167045457,
      "vy": -0.5240974256643317
    },
    "37": {
      "x": 63.55,
      "y": 14.75,
      "speed": 1.0,
      "dir": -2.589937671061245,
      "vx": -0.8516583167045433,
      "vy": -0.5240974256643359
    },
    "38": {
      "x": 62.25,
      "y": 14.05,
      "speed": 1.0,
      "dir": -2.6476512846702116,
      "vx": -0.8804710999221751,
      "vy": -0.47409982303501785
    },
    "39": {
      "x": 60.9,
      "y": 13.2,
      "speed": 1.0,
      "dir": -2.579671091332978,
      "vx": -0.8462328400897504,
      "vy": -0.5328132696861395
    },
    "40": {
      "x": 59.7,
      "y": 12.4,
      "speed": 1.0,
      "dir": -2.553590050042225,
      "vx": -0.8320502943378432,
      "vy": -0.55470019622523
    },
    "41": {
      "x": 58.4,
      "y": 11.7,
      "speed": 1.0,
      "dir": -2.647651284670213,
      "vx": -0.8804710999221756,
      "vy": -0.47409982303501685
    },
    "42": {
      "x": 57.05,
      "y": 10.95,
      "speed": 1.0,
      "dir": -2.6344941491974567,
      "vx": -0.8741572761215379,
      "vy": -0.48564293117863166
    },
    "43": {
      "x": 55.85,
      "y": 10.15,
      "speed": 1.0,
      "dir": -2.553590050042225,
      "vx": -0.8320502943378432,
      "vy": -0.55470019622523
    },
    "44": {
      "x": 54.5,
      "y": 9.5,
      "speed": 1.0,
      "dir": -2.692869309579072,
      "vx": -0.9010016697591,
      "vy": -0.43381561877289976
    },
    "45": {
      "x": 53.3,