{
  "barriers": [
    {
      "x": 19.5,
      "y": 11.6,
      "width": 10.3,
      "height": 10.6
    },
    {
      "x": 49.3,
      "y": 19.5,
      "width": 11.5,
      "height": 22.1
    },
    {
      "x": 68.6,
      "y": 33.1,
      "width": 17.2,
      "height": 7.6
    },
    {
      "x": 84.7,
      "y": 17.3,
      "width": 9.2,
      "height": 8.6
    }
  ],
  "occluders": [],
  "step_data": {
    "0": {
      "x": 26.1,
      "y": 2.8,
      "speed": 1.0,
      "dir": 0.0,
      "vx": 0.0,
      "vy": 0.0
    },
    "1": {
      "x": 27.4,
      "y": 2.0,
      "speed": 1.0,
      "dir": -0.5516549825285477,
      "vx": 0.8516583167045435,
      "vy": -0.5240974256643354
    },
    "2": {
      "x": 28.7,
      "y": 1.4,
      "speed": 1.0,
      "dir": -0.4324077755705377,
      "vx": 0.9079593845004518,
      "vy": -0.4190581774617468
    },
    "3": {
      "x": 30.1,
      "y": 0.7000000000000002,
      "speed": 1.0,
      "dir": -0.4636476090008053,
      "vx": 0.8944271909999163,
      "vy": -0.4472135954999573
    },
    "4": {
      "x": 31.299999999999997,
      "y": 0.20000000000000018,
      "speed": 1.0,
      "dir": -0.3947911196997628,
      "vx": 0.9230769230769226,
      "vy": -0.3846153846153858
    },
    "5": {
      "x": 32.65,
      "y": 0.9500000000000002,
      "speed": 1.0,
      "dir": 0.5070985043923365,
      "vx": 0.8741572761215379,
      "vy": 0.48564293117863166
    },
    "6": {
      "x": 33.95,
      "y": 1.75,
      "speed": 1.0,
      "dir": 0.5516549825285453,
      "vx": 0.8516583167045447,
      "vy": 0.5240974256643334
    },
    "7": {
      "x": 35.3,
      "y": 2.4000000000000004,
      "speed": 1.0,
      "dir": 0.44872334401072295,
      "vx": 0.901001669759099,
      "vy": 0.43381561877290153
    },
    "8": {
      "x": 36.65,
      "y": 3.1500000000000004,
      "speed": 1.0,
      "dir": 0.5070985043923365,
      "vx": 0.8741572761215379,
      "vy": 0.48564293117863166
    },
    "9": {
      "x": 37.9,
      "y": 3.8,
      "speed": 1.0,
      "dir": 0.4795192919925958,
      "vx": 0.8872168012345952,
      "vy": 0.4613527366419891
    },
    "10": {
      "x": 39.25,
      "y": 4.55,
      "speed": 1.0,
      "dir": 0.5070985043923365,
      "vx": 0.8741572761215379,
      "vy": 0.48564293117863166
    },
    "11": {
      "x": 40.5,
      "y": 5.3,
      "speed": 1.0,
      "dir": 0.540419500270584,
      "vx": 0.8574929257125442,
      "vy": 0.5144957554275265
    },
    "12": {
      "x": 41.9,
      "y": 6.050000000000001,
      "speed": 1.0,
      "dir": 0.4918091759886995,
      "vx": 0.8814799700287816,
      "vy": 0.47222141251541977
    },
    "13": {
      "x": 43.25,
      "y": 6.75,
      "speed": 1.0,
      "dir": 0.4783524313786567,
      "vx": 0.8877545314489297,
      "vy": 0.46031716445499965
    },
    "14": {
      "x": 44.55,
      "y": 7.449999999999999,
      "speed": 1.0,
      "dir": 0.4939413689195817,
      "vx": 0.8804710999221751,
      "vy": 0.47409982303501785
    },
    "15": {
      "x": 45.85,
      "y": 8.15,
      "speed": 1.0,
      "dir": 0.4939413689195805,
      "vx": 0.8804710999221756,
      "vy": 0.47409982303501685
    },
    "16": {
      "x": 47.15,
      "y": 8.85,
      "speed": 1.0,
      "dir": 0.4939413689195817,
      "vx": 0.8804710999221751,
      "vy": 0.47409982303501785
    },
    "17": {
      "x": 48.5,
      "y": 9.7,
      "speed": 1.0,
      "dir": 0.5619215622568146,
      "vx": 0.846232840089751,
      "vy": 0.5328132696861387
    },
    "18": {
      "x": 49.75,
      "y": 10.35,
      "speed": 1.0,
      "dir": 0.47951929199259635,
      "vx": 0.887216801234595,
      "vy": 0.4613527366419896
    },
    "19": {
      "x": 51.2,
      "y": 11.0,
      "speed": 1.0,
      "dir": 0.4214192068878037,
      "vx": 0.9125093245149516,
      "vy": 0.40905590409290876
    },
    "20": {
      "x": 52.45,
      "y": 11.75,
      "speed": 1.0,
      "dir": 0.540419500270584,
      "vx": 0.8574929257125442,
      "vy": 0.5144957554275265
    },
    "21": {
      "x": 53.75,
      "y": 12.45,
      "speed": 1.0,
      "dir": 0.4939413689195817,
      "vx": 0.8804710999221751,
      "vy": 0.47409982303501785
    },
    "22": {
      "x": 55.1,
      "y": 13.25,
      "speed": 1.0,
      "dir": 0.5349550737860964,
      "vx": 0.8602915336341743,
      "vy": 0.5098023903017328
    },
    "23": {
      "x": 56.35,
      "y": 13.95,
      "speed": 1.0,
      "dir": 0.5104883219167753,
      "vx": 0.8725060159497202,
      "vy": 0.4886033689318428
    },
    "24": {
      "x": 57.65,
      "y": 14.649999999999999,
      "speed": 1.0,
      "dir": 0.4939413689195817,
      "vx": 0.8804710999221751,
      "vy": 0.47409982303501785
    },
    "25": {
      "x": 59.1,
      "y": 15.399999999999999,
      "speed": 1.0,
      "dir": 0.4773453823736711,
      "vx": 0.8882176431559492,
      "vy": 0.4594229188737659
    },
    "26": {
      "x": 60.35,
      "y": 16.05,
      "speed": 1.0,
      "dir": 0.47951929199259746,
      "vx": 0.8872168012345945,
      "vy": 0.4613527366419906
    },
    "27": {
      "x": 61.6,
      "y": 16.9,
      "speed": 1.0,
      "dir": 0.5971766580926764,
      "vx": 0.8269265020695287,
      "vy": 0.5623100214072781
    },
    "28": {
      "x": 62.95,
      "y": 17.55,
      "speed": 1.0,
      "dir": 0.448723344010722,
      "vx": 0.9010016697590995,
      "vy": 0.4338156187729007
    },
    "29": {
      "x": 64.25,
      "y": 18.25,
      "speed": 1.0,
      "dir": 0.4939413689195817,
      "vx": 0.8804710999221751,
      "vy": 0.47409982303501785
    },
    "30": {
      "x": 65.5,
      "y": 19.0,
      "speed": 1.0,
      "dir": 0.540419500270584,
      "vx": 0.8574929257125442,
      "vy": 0.5144957554275265
    },
    "31": {
      "x": 66.95,
      "y": 19.65,
      "speed": 1.0,
      "dir": 0.4214192068878027,
      "vx": 0.9125093245149519,
      "vy": 0.4090559040929078
    },
    "32": {
      "x": 68.25,
      "y": 20.45,
      "speed": 1.0,
      "dir": 0.5516549825285483,
      "vx": 0.8516583167045433,
      "vy": 0.5240974256643359
    },
    "33": {
      "x": 69.55,
      "y": 21.15,
      "speed": 1.0,
      "dir": 0.4939413689195817,
      "vx": 0.8804710999221751,
      "vy": 0.47409982303501785
    },
    "34": {
      "x": 70.85,
      "y": 21.9,
      "speed": 1.0,
      "dir": 0.5232783221319764,
      "vx": 0.8661855860486,
      "vy": 0.49972245348957794
    },
    "35": {
      "x": 72.15,
      "y": 22.55,
      "speed": 1.0,
      "dir": 0.46364760900080393,
      "vx": 0.8944271909999169,
      "vy": 0.447213595499956
    },
    "36": {
      "x": 73.45,
      "y": 23.25,
      "speed": 1.0,
      "dir": 0.4939413689195817,
      "vx": 0.8804710999221751,
      "vy": 0.47409982303501785
    },
    "37": {
      "x": 74.85,
      "y": 23.95,
      "speed": 1.0,
      "dir": 0.46364760900080815,
      "vx": 0.8944271909999149,
      "vy": 0.4472135954999597
    },
    "38": {
      "x": 76.15,
      "y": 24.75,
      "speed": 1.0,
      "dir": 0.5516549825285434,
      "vx": 0.8516583167045457,
      "vy": 0.5240974256643317
    },
    "39": {
      "x": 77.5,
      "y": 25.5,
      "speed": 1.0,
      "dir": 0.5070985043923387,
      "vx": 0.8741572761215369,
      "vy": 0.4856429311786336
    },
    "40": {
      "x": 78.75,
      "y": 26.15,
      "speed": 1.0,
      "dir": 0.47951929199259524,
      "vx": 0.8872168012345956,
      "vy": 0.46135273664198867
    },
    "41": {
      "x": 80.0,
      "y": 26.9,
      "speed": 1.0,
      "dir": 0.540419500270584,
      "vx": 0.8574929257125442,
      "vy": 0.5144957554275265
    },
    "42": {
      "x": 81.4,
      "y": 27.6,
      "speed": 1.0,
      "dir": 0.4636476090008061,
      "vx": 0.8944271909999159,
      "vy": 0.4472135954999579
    },
    "43": {
      "x": 82.75,
      "y": 28.35,
      "speed": 1.0,
      "dir": 0.5070985043923387,
      "vx": 0.8741572761215369,
      "vy": 0.4856429311786336
    },