{
  "barriers": [
    {
      "x": 19.6,
      "y": 6.6,
      "width": 9.2,
      "height": 9.2
    },
    {
      "x": 55.1,
      "y": 48.2,
      "width": 9.2,
      "height": 8.1
    },
    {
      "x": 52.8,
      "y": 9.4,
      "width": 8.7,
      "height": 20.0
    }
  ],
  "occluders": [],
  "step_data": {
    "0": {
      "x": 16.5,
      "y": 52.95,
      "speed": 1.0,
      "dir": 0.0,
      "vx": 0.0,
      "vy": 0.0
    },
    "1": {
      "x": 17.3,
      "y": 51.8,
      "speed": 1.0,
      "dir": -0.9629943306809381,
      "vx": 0.5710644881985981,
      "vy": -0.8209052017854882
    },
    "2": {
      "x": 18.1,
      "y": 50.5,
      "speed": 1.0,
      "dir": -1.0191413442663484,
      "vx": 0.5240974256643359,
      "vy": -0.8516583167045433
    },
    "3": {
      "x": 18.95,
      "y": 49.25,
      "speed": 1.0,
      "dir": -0.9736196687022203,
      "vx": 0.5623100214072781,
      "vy": -0.8269265020695287
    },
    "4": {
      "x": 19.75,
      "y": 48.05,
      "speed": 1.0,
      "dir": -0.9827937232473297,
      "vx": 0.5547001962252285,
      "vy": -0.832050294337844
    },
    "5": {
      "x": 20.55,
      "y": 46.75,
      "speed": 1.0,
      "dir": -1.0191413442663484,
      "vx": 0.5240974256643359,
      "vy": -0.8516583167045433
    },
    "6": {
      "x": 21.45,
      "y": 45.6,
      "speed": 1.0,
      "dir": -0.9067501639682122,
      "vx": 0.6163082616581106,
      "vy": -0.7875050010075859
    },
    "7": {
      "x": 22.2,
      "y": 44.3,
      "speed": 1.0,
      "dir": -1.0475180046629227,
      "vx": 0.49972245348957595,
      "vy": -0.8661855860486012
    },
    "8": {
      "x": 23.05,
      "y": 43.05,
      "speed": 1.0,
      "dir": -0.9736196687022183,
      "vx": 0.5623100214072797,
      "vy": -0.8269265020695277
    },
    "9": {
      "x": 23.95,
      "y": 41.75,
      "speed": 1.0,
      "dir": -0.9652516631899263,
      "vx": 0.5692099788303084,
      "vy": -0.8221921916437784
    },
    "10": {
      "x": 24.75,
      "y": 40.55,
      "speed": 1.0,
      "dir": -0.9827937232473297,
      "vx": 0.5547001962252285,
      "vy": -0.832050294337844
    },
    "11": {
      "x": 25.6,
      "y": 39.3,
      "speed": 1.0,
      "dir": -0.9736196687022183,
      "vx": 0.5623100214072797,
      "vy": -0.8269265020695277
    },
    "12": {
      "x": 26.45,
      "y": 38.05,
      "speed": 1.0,
      "dir": -0.9736196687022203,
      "vx": 0.5623100214072781,
      "vy": -0.8269265020695287
    },
    "13": {
      "x": 27.25,
      "y": 36.85,
      "speed": 1.0,
      "dir": -0.982793723247327,
      "vx": 0.5547001962252308,
      "vy": -0.8320502943378425
    },
    "14": {
      "x": 28.1,
      "y": 35.6,
      "speed": 1.0,
      "dir": -0.9736196687022183,
      "vx": 0.5623100214072797,
      "vy": -0.8269265020695277
    },
    "15": {
      "x": 28.95,
      "y": 34.35,
      "speed": 1.0,
      "dir": -0.9736196687022203,
      "vx": 0.5623100214072781,
      "vy": -0.8269265020695287
    },
    "16": {
      "x": 29.75,
      "y": 33.05,
      "speed": 1.0,
      "dir": -1.0191413442663508,
      "vx": 0.5240974256643338,
      "vy": -0.8516583167045444
    },
    "17": {
      "x": 30.6,
      "y": 31.85,
      "speed": 1.0,
      "dir": -0.9544993893988228,
      "vx": 0.5780173407803411,
      "vy": -0.8160244811016537
    },
    "18": {
      "x": 31.450000000000003,
      "y": 30.549999999999997,
      "speed": 1.0,
      "dir": -0.9917220574271666,
      "vx": 0.5472493629827022,
      "vy": -0.836969613973546
    },
    "19": {
      "x": 32.25,
      "y": 29.35,
      "speed": 1.0,
      "dir": -0.982793723247329,
      "vx": 0.5547001962252291,
      "vy": -0.8320502943378437
    },
    "20": {
      "x": 33.15,
      "y": 28.15,
      "speed": 1.0,
      "dir": -0.9272952180016142,
      "vx": 0.5999999999999984,
      "vy": -0.800000000000001
    },
    "21": {
      "x": 33.95,
      "y": 26.85,
      "speed": 1.0,
      "dir": -1.0191413442663464,
      "vx": 0.5240974256643376,
      "vy": -0.8516583167045422
    },
    "22": {
      "x": 34.85,
      "y": 25.65,
      "speed": 1.0,
      "dir": -0.9272952180016142,
      "vx": 0.5999999999999984,
      "vy": -0.800000000000001
    },
    "23": {
      "x": 35.65,
      "y": 24.35,
      "speed": 1.0,
      "dir": -1.0191413442663504,
      "vx": 0.5240974256643341,
      "vy": -0.8516583167045442
    },
    "24": {
      "x": 36.45,
      "y": 23.15,
      "speed": 1.0,
      "dir": -0.9827937232473277,
      "vx": 0.5547001962252303,
      "vy": -0.8320502943378429
    },
    "25": {
      "x": 37.4,
      "y": 21.9,
      "speed": 1.0,
      "dir": -0.9209258773829513,
      "vx": 0.6050832675335561,
      "vy": -0.7961621941231039
    },
    "26": {
      "x": 38.15,
      "y": 20.65,
      "speed": 1.0,
      "dir": -1.0303768265243125,
      "vx": 0.5144957554275265,
      "vy": -0.8574929257125442
    },
    "27": {
      "x": 38.95,
      "y": 19.35,
      "speed": 1.0,
      "dir": -1.0191413442663464,
      "vx": 0.5240974256643376,
      "vy": -0.8516583167045422
    },
    "28": {
      "x": 39.85,
      "y": 18.15,
      "speed": 1.0,
      "dir": -0.9272952180016142,
      "vx": 0.5999999999999984,
      "vy": -0.800000000000001
    },
    "29": {
      "x": 40.6,
      "y": 16.9,
      "speed": 1.0,
      "dir": -1.0303768265243125,
      "vx": 0.5144957554275265,
      "vy": -0.8574929257125442
    },
    "30": {
      "x": 41.55,
      "y": 15.649999999999999,
      "speed": 1.0,
      "dir": -0.9209258773829513,
      "vx": 0.6050832675335561,
      "vy": -0.7961621941231039
    },
    "31": {
      "x": 42.35,
      "y": 14.45,
      "speed": 1.0,
      "dir": -0.9827937232473264,
      "vx": 0.5547001962252315,
      "vy": -0.8320502943378423
    },
    "32": {
      "x": 43.15,
      "y": 13.15,
      "speed": 1.0,
      "dir": -1.019141344266351,
      "vx": 0.5240974256643336,
      "vy": -0.8516583167045445
    },
    "33": {
      "x": 44.1,
      "y": 11.9,
      "speed": 1.0,
      "dir": -0.9209258773829476,
      "vx": 0.605083267533559,
      "vy": -0.7961621941231016
    },
    "34": {
      "x": 44.8,
      "y": 10.7,
      "speed": 1.0,
      "dir": -1.04272187836854,
      "vx": 0.5038710255240836,
      "vy": -0.863778900898435
    },
    "35": {
      "x": 45.65,
      "y": 9.45,
      "speed": 1.0,
      "dir": -0.9736196687022183,
      "vx": 0.5623100214072797,
      "vy": -0.8269265020695277
    },
    "36": {
      "x": 46.55,
      "y": 8.15,
      "speed": 1.0,
      "dir": -0.965251663189927,
      "vx": 0.569209978830308,
      "vy": -0.8221921916437789
    },
    "37": {
      "x": 47.35,
      "y": 6.949999999999999,
      "speed": 1.0,
      "dir": -0.982793723247327,
      "vx": 0.5547001962252309,
      "vy": -0.8320502943378426
    },
    "38": {
      "x": 48.1,
      "y": 5.6,
      "speed": 1.0,
      "dir": -1.0636978224025595,
      "vx": 0.4856429311786322,
      "vy": -0.8741572761215378
    },
    "39": {
      "x": 49.05,
      "y": 4.45,
      "speed": 1.0,
      "dir": -0.8803498697402066,
      "vx": 0.6368814469962899,
      "vy": -0.7709617516270908
    },
    "40": {
      "x": 49.85,
      "y": 3.25,
      "speed": 1.0,
      "dir": -0.9827937232473267,
      "vx": 0.5547001962252311,
      "vy": -0.8320502943378424
    },
    "41": {
      "x": 50.75,
      "y": 1.9500000000000002,
      "speed": 1.0,
      "dir": -0.9652516631899273,
      "vx": 0.5692099788303078,
      "vy": -0.8221921916437791
    },
    "42": {
      "x": 51.55,
      "y": 0.75,
      "speed": 1.0,
      "dir": -0.9827937232473308,
      "vx": 0.5547001962252277,
      "vy": -0.8320502943378446
    },
    "43": {
      "x": 52.35,
      "y": 0.75,
      "speed": 1.0,
      "dir": 0.0,
      "vx": 1.0,
      "vy": 0.0
    },
    "44": {
      "x": 53.25,
      "y": 1.9500000000000002,
      "speed": 1.0,
      "dir": 0.9272952180016131,
      "vx": 0.5999999999999993,