{
  "barriers": [
    {
      "x": 60.9,
      "y": 0.3,
      "width": 16.5,
      "height": 27.3
    },
    {
      "x": 78.2,
      "y": 13.0,
      "width": 21.2,
      "height": 12.5
    }
  ],
  "occluders": [],
  "step_data": {
    "0": {
      "x": 56.6,
      "y": 1.6,
      "speed": 1.0,
      "dir": 0.0,
      "vx": 0.0,
      "vy": 0.0
    },
    "1": {
      "x": 56.75,
      "y": 0.1499999999999999,
      "speed": 1.0,
      "dir": -1.4677147182721975,
      "vx": 0.10289915108550432,
      "vy": -0.9946917938265513
    },
    "2": {
      "x": 56.55,
      "y": 1.4500000000000002,
      "speed": 1.0,
      "dir": 1.7234456551901638,
      "vx": -0.15205718425394318,
      "vy": 0.9883716976506168
    },
    "3": {
      "x": 56.25,
      "y": 2.95,
      "speed": 1.0,
      "dir": 1.7681918866447757,
      "vx": -0.19611613513818227,
      "vy": 0.9805806756909206
    },
    "4": {
      "x": 56.0,
      "y": 4.5,
      "speed": 1.0,
      "dir": 1.730709449953116,
      "vx": -0.15923243882462051,
      "vy": 0.9872411207126471
    },
    "5": {
      "x": 55.65,
      "y": 5.85,
      "speed": 1.0,
      "dir": 1.8244704229335404,
      "vx": -0.2509621587837272,
      "vy": 0.9679968981658007
    },
    "6": {
      "x": 55.4,
      "y": 7.4,
      "speed": 1.0,
      "dir": 1.730709449953116,
      "vx": -0.15923243882462043,
      "vy": 0.9872411207126471
    },
    "7": {
      "x": 55.1,
      "y": 8.9,
      "speed": 1.0,
      "dir": 1.7681918866447757,
      "vx": -0.19611613513818227,
      "vy": 0.9805806756909206
    },
    "8": {
      "x": 54.75,
      "y": 10.35,
      "speed": 1.0,
      "dir": 1.807645087741818,
      "vx": -0.23464053310389782,
      "vy": 0.9720822085732866
    },
    "9": {
      "x": 54.4,
      "y": 11.7,
      "speed": 1.0,
      "dir": 1.8244704229335404,
      "vx": -0.2509621587837272,
      "vy": 0.9679968981658007
    },
    "10": {
      "x": 54.15,
      "y": 13.25,
      "speed": 1.0,
      "dir": 1.730709449953116,
      "vx": -0.15923243882462043,
      "vy": 0.9872411207126471
    },
    "11": {
      "x": 53.85,
      "y": 14.75,
      "speed": 1.0,
      "dir": 1.7681918866447757,
      "vx": -0.19611613513818227,
      "vy": 0.9805806756909206
    },
    "12": {
      "x": 53.55,
      "y": 16.15,
      "speed": 1.0,
      "dir": 1.7818896600176464,
      "vx": -0.2095290887308765,
      "vy": 0.9778024140774088
    },
    "13": {
      "x": 53.25,
      "y": 17.65,
      "speed": 1.0,
      "dir": 1.7681918866447757,
      "vx": -0.19611613513818227,
      "vy": 0.9805806756909206
    },
    "14": {
      "x": 52.95,
      "y": 19.15,
      "speed": 1.0,
      "dir": 1.7681918866447757,
      "vx": -0.19611613513818227,
      "vy": 0.9805806756909206
    },
    "15": {
      "x": 52.65,
      "y": 20.55,
      "speed": 1.0,
      "dir": 1.7818896600176457,
      "vx": -0.209529088730876,
      "vy": 0.977802414077409
    },
    "16": {
      "x": 52.35,
      "y": 22.05,
      "speed": 1.0,
      "dir": 1.7681918866447757,
      "vx": -0.19611613513818227,
      "vy": 0.9805806756909206
    },
    "17": {
      "x": 52.05,
      "y": 23.55,
      "speed": 1.0,
      "dir": 1.76819188664478,
      "vx": -0.1961161351381867,
      "vy": 0.9805806756909196
    },
    "18": {
      "x": 51.75,
      "y": 25.05,
      "speed": 1.0,
      "dir": 1.7681918866447757,
      "vx": -0.19611613513818227,
      "vy": 0.9805806756909206
    },
    "19": {
      "x": 51.45,
      "y": 26.4,
      "speed": 1.0,
      "dir": 1.789465272668837,
      "vx": -0.21693045781865455,
      "vy": 0.9761870601839532
    },
    "20": {
      "x": 51.2,
      "y": 27.9,
      "speed": 1.0,
      "dir": 1.7359450042095235,
      "vx": -0.1643989873053573,
      "vy": 0.9863939238321437
    },
    "21": {
      "x": 50.8,
      "y": 29.4,
      "speed": 1.0,
      "dir": 1.8313987185422411,
      "vx": -0.25766265056033577,
      "vy": 0.9662349396012454
    },
    "22": {
      "x": 50.55,
      "y": 30.85,
      "speed": 1.0,
      "dir": 1.741531538270179,
      "vx": -0.1699069165076459,
      "vy": 0.985460115744348
    },
    "23": {
      "x": 50.25,
      "y": 32.35,
      "speed": 1.0,
      "dir": 1.7681918866447757,
      "vx": -0.19611613513818227,
      "vy": 0.9805806756909206
    },
    "24": {
      "x": 49.95,
      "y": 33.85,
      "speed": 1.0,
      "dir": 1.7681918866447757,
      "vx": -0.19611613513818227,
      "vy": 0.9805806756909206
    },
    "25": {
      "x": 49.6,
      "y": 35.3,
      "speed": 1.0,
      "dir": 1.8076450877418184,
      "vx": -0.23464053310389835,
      "vy": 0.9720822085732864
    },
    "26": {
      "x": 49.35,
      "y": 36.75,
      "speed": 1.0,
      "dir": 1.741531538270179,
      "vx": -0.1699069165076459,
      "vy": 0.985460115744348
    },
    "27": {
      "x": 49.1,
      "y": 38.3,
      "speed": 1.0,
      "dir": 1.7307094499531162,
      "vx": -0.1592324388246208,
      "vy": 0.9872411207126471
    },
    "28": {
      "x": 48.8,
      "y": 39.8,
      "speed": 1.0,
      "dir": 1.76819188664478,
      "vx": -0.1961161351381867,
      "vy": 0.9805806756909196
    },
    "29": {
      "x": 48.45,
      "y": 41.15,
      "speed": 1.0,
      "dir": 1.8244704229335351,
      "vx": -0.2509621587837221,
      "vy": 0.9679968981658019
    },
    "30": {
      "x": 48.15,
      "y": 42.65,
      "speed": 1.0,
      "dir": 1.76819188664478,
      "vx": -0.1961161351381867,
      "vy": 0.9805806756909196
    },
    "31": {
      "x": 47.9,
      "y": 44.1,
      "speed": 1.0,
      "dir": 1.741531538270179,
      "vx": -0.1699069165076459,
      "vy": 0.985460115744348
    },
    "32": {
      "x": 47.55,
      "y": 45.55,
      "speed": 1.0,
      "dir": 1.8076450877418184,
      "vx": -0.23464053310389835,
      "vy": 0.9720822085732864
    },
    "33": {
      "x": 47.3,
      "y": 47.0,
      "speed": 1.0,
      "dir": 1.741531538270179,
      "vx": -0.1699069165076459,
      "vy": 0.985460115744348
    },
    "34": {
      "x": 47.0,
      "y": 48.5,
      "speed": 1.0,
      "dir": 1.7681918866447757,
      "vx": -0.19611613513818227,
      "vy": 0.9805806756909206
    },
    "35": {
      "x": 46.65,
      "y": 49.95,
      "speed": 1.0,
      "dir": 1.8076450877418173,
      "vx": -0.23464053310389726,
      "vy": 0.9720822085732866
    },
    "36": {
      "x": 46.35,
      "y": 51.45,
      "speed": 1.0,
      "dir": 1.7681918866447757,
      "vx": -0.19611613513818227,
      "vy": 0.9805806756909206
    },
    "37": {
      "x": 46.05,
      "y": 52.95,
      "speed": 1.0,
      "dir": 1.76819188664478,
      "vx": -0.1961161351381867,
      "vy": 0.9805806756909196
    },
    "38": {
      "x": 45.75,
      "y": 54.35,
      "speed": 1.0,
      "dir": 1.7818896600176415,
      "vx": -0.20952908873087175,
      "vy": 0.9778024140774099
    },
    "39": {
      "x": 45.45,
      "y": 55.85,
      "speed": 1.0,
      "dir": 1.7681918866447757,
      "vx": -0.19611613513818227,
      "vy": 0.9805806756909206
    },
    "40": {
      "x": 45.15,
      "y": 57.35,
      "speed": 1.0,
      "dir": 1.76819188664478,
      "vx": -0.1961161351381867,
      "vy": 0.9805806756909196
    },
    "41": {
      "x": 44.8,
      "y": 57.3,
      "speed": 1.0,
      "dir": -2.999695598985618,
      "vx": -0.9899494936611648,
      "vy": -0.14142135623732074
    },
    "42": {
      "x": 44.55,
      "y": 55.95,
      "speed": 1.0,
      "dir": -1.7539071440573815,
      "vx": -0.18208926018230817,
      "vy": -0.98328200498446
    },
    "43": {
      "x": 44.25,
      "y": 54.45,
      "speed": 1.0,
      "dir": -1.7681918866447757,
      "vx": -0.19611613513818227,
      "vy": -0.9805806756909206
    },
    "44": {
      "x": 43.95,
      "y": 52.95,
      "speed": 1.0,
      "dir": -1.7681918866447757,
      "vx": -0.19611613513818227,
      "vy": -0.9805806756909206
    },
    "45": {
      "x": 43.65,
      "y": 51.55,
      "speed": 1.0,