{
  "barriers": [
    {
      "x": 77.4,
      "y": 3.0,
      "width": 6.2,
      "height": 11.1
    },
    {
      "x": 36.3,
      "y": 30.0,
      "width": 13.2,
      "height": 27.9
    },
    {
      "x": 45.7,
      "y": 17.3,
      "width": 6.6,
      "height": 7.1
    }
  ],
  "occluders": [],
  "step_data": {
    "0": {
      "x": 57.7,
      "y": 27.2,
      "speed": 1.0,
      "dir": 0.0,
      "vx": 0.0,
      "vy": 0.0
    },
    "1": {
      "x": 59.2,
      "y": 26.8,
      "speed": 1.0,
      "dir": -0.2606023917473401,
      "vx": 0.9662349396012466,
      "vy": -0.2576626505603315
    },
    "2": {
      "x": 60.6,
      "y": 26.6,
      "speed": 1.0,
      "dir": -0.14189705460416355,
      "vx": 0.9899494936611665,
      "vy": -0.14142135623730911
    },
    "3": {
      "x": 62.150000000000006,
      "y": 26.25,
      "speed": 1.0,
      "dir": -0.22208190190548044,
      "vx": 0.9754410020677066,
      "vy": -0.22026087143464368
    },
    "4": {
      "x": 63.55,
      "y": 25.95,
      "speed": 1.0,
      "dir": -0.2110933332227483,
      "vx": 0.9778024140774091,
      "vy": -0.20952908873087517
    },
    "5": {
      "x": 65.05,
      "y": 25.65,
      "speed": 1.0,
      "dir": -0.19739555984988125,
      "vx": 0.98058067569092,
      "vy": -0.1961161351381845
    },
    "6": {
      "x": 66.5,
      "y": 25.3,
      "speed": 1.0,
      "dir": -0.23684876094691842,
      "vx": 0.9720822085732872,
      "vy": -0.23464053310389504
    },
    "7": {
      "x": 67.95,
      "y": 25.05,
      "speed": 1.0,
      "dir": -0.17073521147528248,
      "vx": 0.985460115744348,
      "vy": -0.1699069165076459
    },
    "8": {
      "x": 69.5,
      "y": 24.6,
      "speed": 1.0,
      "dir": -0.28255495246958756,
      "vx": 0.960346226753624,
      "vy": -0.2788101948639554
    },
    "9": {
      "x": 70.95,
      "y": 24.35,
      "speed": 1.0,
      "dir": -0.17073521147528248,
      "vx": 0.985460115744348,
      "vy": -0.1699069165076459
    },
    "10": {
      "x": 72.35,
      "y": 24.05,
      "speed": 1.0,
      "dir": -0.2110933332227483,
      "vx": 0.9778024140774091,
      "vy": -0.20952908873087517
    },
    "11": {
      "x": 73.85,
      "y": 23.75,
      "speed": 1.0,
      "dir": -0.19739555984988125,
      "vx": 0.98058067569092,
      "vy": -0.1961161351381845
    },
    "12": {
      "x": 75.35,
      "y": 23.45,
      "speed": 1.0,
      "dir": -0.19739555984988125,
      "vx": 0.98058067569092,
      "vy": -0.1961161351381845
    },
    "13": {
      "x": 76.8,
      "y": 23.1,
      "speed": 1.0,
      "dir": -0.23684876094691842,
      "vx": 0.9720822085732872,
      "vy": -0.23464053310389504
    },
    "14": {
      "x": 78.2,
      "y": 22.9,
      "speed": 1.0,
      "dir": -0.14189705460416535,
      "vx": 0.9899494936611664,
      "vy": -0.14142135623731092
    },
    "15": {
      "x": 79.75,
      "y": 22.55,
      "speed": 1.0,
      "dir": -0.22208190190547927,
      "vx": 0.9754410020677067,
      "vy": -0.2202608714346425
    },
    "16": {
      "x": 81.15,
      "y": 22.15,
      "speed": 1.0,
      "dir": -0.2782996590051117,
      "vx": 0.961523947640823,
      "vy": -0.2747211278973784
    },
    "17": {
      "x": 82.65,
      "y": 21.85,
      "speed": 1.0,
      "dir": -0.19739555984987894,
      "vx": 0.9805806756909206,
      "vy": -0.19611613513818227
    },
    "18": {
      "x": 84.2,
      "y": 21.5,
      "speed": 1.0,
      "dir": -0.22208190190548144,
      "vx": 0.9754410020677062,
      "vy": -0.22026087143464465
    },
    "19": {
      "x": 85.55,
      "y": 21.25,
      "speed": 1.0,
      "dir": -0.18311081726248488,
      "vx": 0.98328200498446,
      "vy": -0.18208926018230817
    },
    "20": {
      "x": 87.05,
      "y": 20.95,
      "speed": 1.0,
      "dir": -0.19739555984988125,
      "vx": 0.98058067569092,
      "vy": -0.1961161351381845
    },
    "21": {
      "x": 88.6,
      "y": 20.6,
      "speed": 1.0,
      "dir": -0.22208190190547927,
      "vx": 0.9754410020677067,
      "vy": -0.2202608714346425
    },
    "22": {
      "x": 89.95,
      "y": 20.35,
      "speed": 1.0,
      "dir": -0.18311081726248302,
      "vx": 0.9832820049844603,
      "vy": -0.18208926018230634
    },
    "23": {
      "x": 91.45,
      "y": 20.0,
      "speed": 1.0,
      "dir": -0.22923193327699623,
      "vx": 0.973841209741793,
      "vy": -0.2272296156064193
    },
    "24": {
      "x": 92.95,
      "y": 19.65,
      "speed": 1.0,
      "dir": -0.22923193327699623,
      "vx": 0.973841209741793,
      "vy": -0.2272296156064193
    },
    "25": {
      "x": 94.35,
      "y": 19.35,
      "speed": 1.0,
      "dir": -0.21109333322274584,
      "vx": 0.9778024140774095,
      "vy": -0.20952908873087275
    },
    "26": {
      "x": 95.8,
      "y": 19.1,
      "speed": 1.0,
      "dir": -0.17073521147528248,
      "vx": 0.985460115744348,
      "vy": -0.1699069165076459
    },
    "27": {
      "x": 94.5,
      "y": 18.8,
      "speed": 1.0,
      "dir": -2.9147938055359064,
      "vx": -0.9743911956946196,
      "vy": -0.2248595066987594
    },
    "28": {
      "x": 93.1,
      "y": 18.4,
      "speed": 1.0,
      "dir": -2.8632929945846817,
      "vx": -0.961523947640823,
      "vy": -0.2747211278973784
    },
    "29": {
      "x": 91.65,
      "y": 18.15,
      "speed": 1.0,
      "dir": -2.970857442114509,
      "vx": -0.9854601157443478,
      "vy": -0.1699069165076475
    },
    "30": {
      "x": 90.2,
      "y": 17.9,
      "speed": 1.0,
      "dir": -2.970857442114511,
      "vx": -0.985460115744348,
      "vy": -0.1699069165076459
    },
    "31": {
      "x": 88.7,
      "y": 17.5,
      "speed": 1.0,
      "dir": -2.880990261842453,
      "vx": -0.9662349396012466,
      "vy": -0.2576626505603315
    },
    "32": {
      "x": 87.25,
      "y": 17.15,
      "speed": 1.0,
      "dir": -2.9047438926428724,
      "vx": -0.9720822085732866,
      "vy": -0.23464053310389726
    },
    "33": {
      "x": 85.75,
      "y": 16.85,
      "speed": 1.0,
      "dir": -2.9441970937399145,
      "vx": -0.9805806756909206,
      "vy": -0.19611613513818227
    },
    "34": {
      "x": 84.25,
      "y": 16.55,
      "speed": 1.0,
      "dir": -2.944197093739912,
      "vx": -0.98058067569092,
      "vy": -0.1961161351381845
    },
    "35": {
      "x": 82.85,
      "y": 16.25,
      "speed": 1.0,
      "dir": -2.930499320367047,
      "vx": -0.9778024140774095,
      "vy": -0.20952908873087314
    },
    "36": {
      "x": 81.35,
      "y": 15.95,
      "speed": 1.0,
      "dir": -2.944197093739912,
      "vx": -0.98058067569092,
      "vy": -0.1961161351381845
    },
    "37": {
      "x": 79.8,
      "y": 15.649999999999999,
      "speed": 1.0,
      "dir": -2.950408193992778,
      "vx": -0.9817798505902812,
      "vy": -0.1900219065658617
    },
    "38": {
      "x": 78.4,
      "y": 15.2,
      "speed": 1.0,
      "dir": -2.830594372984251,
      "vx": -0.9520285612852639,
      "vy": -0.3060091804131219
    },
    "39": {
      "x": 76.9,
      "y": 14.899999999999999,
      "speed": 1.0,
      "dir": -2.944197093739912,
      "vx": -0.98058067569092,
      "vy": -0.1961161351381845
    },
    "40": {
      "x": 75.4,
      "y": 14.7,
      "speed": 1.0,
      "dir": -3.00904112129312,
      "vx": -0.9912279006826347,
      "vy": -0.13216372009101748
    },
    "41": {
      "x": 74.0,
      "y": 14.399999999999999,
      "speed": 1.0,
      "dir": -2.930499320367047,
      "vx": -0.9778024140774095,
      "vy": -0.20952908873087314
    },
    "42": {
      "x": 72.6,
      "y": 14.05,
      "speed": 1.0,
      "dir": -2.8966139904629316,
      "vx": -0.9701425001453325,
      "vy": -0.2425356250363307
    },
    "43": {
      "x": 71.0,
      "y": 13.7,
      "speed": 1.0,
      "dir": -2.926234953892054,
      "vx": -0.9769000173962613,
      "vy": -0.21369687880543378
    },
    "44": {
      "x": 69.7,
      "y": 13.4,
      "speed": 1.0,