{
  "barriers": [
    {
      "x": 29.6,
      "y": 24.6,
      "width": 15.7,
      "height": 10.0
    }
  ],
  "occluders": [],
  "step_data": {
    "0": {
      "x": 51.9,
      "y": 7.300000000000001,
      "speed": 1.0,
      "dir": 0.0,
      "vx": 0.0,
      "vy": 0.0
    },
    "1": {
      "x": 53.35,
      "y": 7.15,
      "speed": 1.0,
      "dir": -0.10308160852270029,
      "vx": 0.9946917938265513,
      "vy": -0.10289915108550536
    },
    "2": {
      "x": 54.85,
      "y": 6.949999999999999,
      "speed": 1.0,
      "dir": -0.1325515322966747,
      "vx": 0.9912279006826346,
      "vy": -0.13216372009101865
    },
    "3": {
      "x": 56.35,
      "y": 6.75,
      "speed": 1.0,
      "dir": -0.13255153229667355,
      "vx": 0.9912279006826347,
      "vy": -0.13216372009101748
    },
    "4": {
      "x": 57.9,
      "y": 6.5,
      "speed": 1.0,
      "dir": -0.15991312315821957,
      "vx": 0.9872411207126471,
      "vy": -0.1592324388246208
    },
    "5": {
      "x": 59.3,
      "y": 6.300000000000001,
      "speed": 1.0,
      "dir": -0.14189705460416355,
      "vx": 0.9899494936611665,
      "vy": -0.14142135623730911
    },
    "6": {
      "x": 60.7,
      "y": 6.1,
      "speed": 1.0,
      "dir": -0.1418970546041641,
      "vx": 0.9899494936611665,
      "vy": -0.1414213562373097
    },
    "7": {
      "x": 62.2,
      "y": 5.8,
      "speed": 1.0,
      "dir": -0.19739555984988066,
      "vx": 0.9805806756909201,
      "vy": -0.19611613513818393
    },
    "8": {
      "x": 63.8,
      "y": 5.5,
      "speed": 1.0,
      "dir": -0.18534794999569532,
      "vx": 0.9828721869343218,
      "vy": -0.1842885350501859
    },
    "9": {
      "x": 65.25,
      "y": 5.35,
      "speed": 1.0,
      "dir": -0.10308160852270029,
      "vx": 0.9946917938265513,
      "vy": -0.10289915108550536
    },
    "10": {
      "x": 66.75,
      "y": 5.05,
      "speed": 1.0,
      "dir": -0.19739555984988066,
      "vx": 0.9805806756909201,
      "vy": -0.19611613513818393
    },
    "11": {
      "x": 68.25,
      "y": 4.85,
      "speed": 1.0,
      "dir": -0.13255153229667416,
      "vx": 0.9912279006826347,
      "vy": -0.1321637200910181
    },
    "12": {
      "x": 69.65,
      "y": 4.65,
      "speed": 1.0,
      "dir": -0.14189705460416285,
      "vx": 0.9899494936611667,
      "vy": -0.14142135623730845
    },
    "13": {
      "x": 71.2,
      "y": 4.4,
      "speed": 1.0,
      "dir": -0.15991312315821957,
      "vx": 0.9872411207126471,
      "vy": -0.1592324388246208
    },
    "14": {
      "x": 72.7,
      "y": 4.1,
      "speed": 1.0,
      "dir": -0.19739555984988125,
      "vx": 0.98058067569092,
      "vy": -0.1961161351381845
    },
    "15": {
      "x": 74.15,
      "y": 3.95,
      "speed": 1.0,
      "dir": -0.10308160852269967,
      "vx": 0.9946917938265513,
      "vy": -0.10289915108550474
    },
    "16": {
      "x": 75.65,
      "y": 3.6500000000000004,
      "speed": 1.0,
      "dir": -0.19739555984988066,
      "vx": 0.9805806756909201,
      "vy": -0.19611613513818393
    },
    "17": {
      "x": 77.05,
      "y": 3.45,
      "speed": 1.0,
      "dir": -0.1418970546041649,
      "vx": 0.9899494936611664,
      "vy": -0.14142135623731047
    },
    "18": {
      "x": 78.5,
      "y": 3.3,
      "speed": 1.0,
      "dir": -0.10308160852270029,
      "vx": 0.9946917938265513,
      "vy": -0.10289915108550536
    },
    "19": {
      "x": 80.05,
      "y": 2.95,
      "speed": 1.0,
      "dir": -0.22208190190548036,
      "vx": 0.9754410020677066,
      "vy": -0.2202608714346436
    },
    "20": {
      "x": 81.55,
      "y": 2.75,
      "speed": 1.0,
      "dir": -0.13255153229667416,
      "vx": 0.9912279006826347,
      "vy": -0.1321637200910181
    },
    "21": {
      "x": 83.0,
      "y": 2.55,
      "speed": 1.0,
      "dir": -0.1370661743101875,
      "vx": 0.9906211292434749,
      "vy": -0.13663739713703088
    },
    "22": {
      "x": 84.55,
      "y": 2.25,
      "speed": 1.0,
      "dir": -0.1911844595970147,
      "vx": 0.9817798505902813,
      "vy": -0.19002190656586115
    },
    "23": {
      "x": 85.95,
      "y": 2.05,
      "speed": 1.0,
      "dir": -0.1418970546041635,
      "vx": 0.9899494936611667,
      "vy": -0.1414213562373091
    },
    "24": {
      "x": 87.45,
      "y": 1.85,
      "speed": 1.0,
      "dir": -0.13255153229667385,
      "vx": 0.9912279006826347,
      "vy": -0.1321637200910178
    },
    "25": {
      "x": 88.95,
      "y": 1.65,
      "speed": 1.0,
      "dir": -0.13255153229667416,
      "vx": 0.9912279006826347,
      "vy": -0.1321637200910181
    },
    "26": {
      "x": 90.45,
      "y": 1.35,
      "speed": 1.0,
      "dir": -0.19739555984988066,
      "vx": 0.9805806756909201,
      "vy": -0.19611613513818393
    },
    "27": {
      "x": 91.95,
      "y": 1.15,
      "speed": 1.0,
      "dir": -0.13255153229667416,
      "vx": 0.9912279006826347,
      "vy": -0.1321637200910181
    },
    "28": {
      "x": 93.35,
      "y": 0.9500000000000002,
      "speed": 1.0,
      "dir": -0.14189705460416457,
      "vx": 0.9899494936611664,
      "vy": -0.14142135623731014
    },
    "29": {
      "x": 94.85,
      "y": 0.6499999999999999,
      "speed": 1.0,
      "dir": -0.19739555984988094,
      "vx": 0.9805806756909201,
      "vy": -0.1961161351381842
    },
    "30": {
      "x": 95.45,
      "y": 0.4500000000000002,
      "speed": 1.0,
      "dir": -0.3217505543966375,
      "vx": 0.9486832980505153,
      "vy": -0.31622776601683356
    },
    "31": {
      "x": 93.95,
      "y": 0.25,
      "speed": 1.0,
      "dir": -3.009041121293119,
      "vx": -0.9912279006826347,
      "vy": -0.1321637200910181
    },
    "32": {
      "x": 92.55,
      "y": 0.25,
      "speed": 1.0,
      "dir": 3.141592653589793,
      "vx": -1.0,
      "vy": 0.0
    },
    "33": {
      "x": 91.0,
      "y": 0.3999999999999999,
      "speed": 1.0,
      "dir": 3.045118878407206,
      "vx": -0.9953500135553001,
      "vy": 0.09632419486019045
    },
    "34": {
      "x": 89.55,
      "y": 0.6499999999999999,
      "speed": 1.0,
      "dir": 2.970857442114511,
      "vx": -0.985460115744348,
      "vy": 0.1699069165076459
    },
    "35": {
      "x": 88.1,
      "y": 0.8999999999999999,
      "speed": 1.0,
      "dir": 2.970857442114511,
      "vx": -0.985460115744348,
      "vy": 0.1699069165076459
    },
    "36": {
      "x": 86.55,
      "y": 1.15,
      "speed": 1.0,
      "dir": 2.9816795304315735,
      "vx": -0.9872411207126471,
      "vy": 0.1592324388246208
    },
    "37": {
      "x": 85.05,
      "y": 1.35,
      "speed": 1.0,
      "dir": 3.009041121293119,
      "vx": -0.9912279006826347,
      "vy": 0.1321637200910181
    },
    "38": {
      "x": 83.65,
      "y": 1.65,
      "speed": 1.0,
      "dir": 2.9304993203670455,
      "vx": -0.9778024140774091,
      "vy": 0.20952908873087453
    },
    "39": {
      "x": 82.2,
      "y": 1.85,
      "speed": 1.0,
      "dir": 3.0045264792796056,
      "vx": -0.9906211292434749,
      "vy": 0.13663739713703088
    },
    "40": {
      "x": 80.7,
      "y": 2.05,
      "speed": 1.0,
      "dir": 3.0090411212931194,
      "vx": -0.9912279006826347,
      "vy": 0.1321637200910178
    },
    "41": {
      "x": 79.15,
      "y": 2.25,
      "speed": 1.0,
      "dir": 3.013269425903998,
      "vx": -0.991777866634025,
      "vy": 0.12797133763019714
    },
    "42": {
      "x": 77.7,
      "y": 2.5999999999999996,
      "speed": 1.0,
      "dir": 2.9047438926428737,
      "vx": -0.972082208573287,
      "vy": 0.23464053310389615
    },
    "43": {
      "x": 76.25,
      "y": 2.75,
      "speed": 1.0,
      "dir": 3.038511045067093,
      "vx": -0.9946917938265513,
      "vy": 0.10289915108550536
    },
    "44": {
      "x": 74.75,
      "y": 2.95,
      "speed": 1.0,
      "dir": 3.009041121293119,
      "vx": -0.9912279006826347,
      "vy": 0.1321637200910181
    },
    "45": {
      "x": 73.25,
      "y": 3.25,