{
  "barriers": [
    {
      "x": 20.7,
      "y": 48.5,
      "width": 10.9,
      "height": 10.6
    }
  ],
  "occluders": [],
  "step_data": {
    "0": {
      "x": 3.8,
      "y": 12.0,
      "speed": 1.0,
      "dir": 0.0,
      "vx": 0.0,
      "vy": 0.0
    },
    "1": {
      "x": 4.25,
      "y": 10.65,
      "speed": 1.0,
      "dir": -1.2490457723982542,
      "vx": 0.3162277660168381,
      "vy": -0.9486832980505137
    },
    "2": {
      "x": 4.85,
      "y": 9.25,
      "speed": 1.0,
      "dir": -1.1659045405098134,
      "vx": 0.3939192985791674,
      "vy": -0.919145030018058
    },
    "3": {
      "x": 5.45,
      "y": 7.85,
      "speed": 1.0,
      "dir": -1.165904540509813,
      "vx": 0.3939192985791679,
      "vy": -0.9191450300180579
    },
    "4": {
      "x": 6.050000000000001,
      "y": 6.449999999999999,
      "speed": 1.0,
      "dir": -1.165904540509813,
      "vx": 0.3939192985791679,
      "vy": -0.9191450300180579
    },
    "5": {
      "x": 6.65,
      "y": 5.05,
      "speed": 1.0,
      "dir": -1.1659045405098132,
      "vx": 0.39391929857916763,
      "vy": -0.9191450300180579
    },
    "6": {
      "x": 7.300000000000001,
      "y": 3.7,
      "speed": 1.0,
      "dir": -1.122072982784175,
      "vx": 0.43381561877290015,
      "vy": -0.9010016697590997
    },
    "7": {
      "x": 7.85,
      "y": 2.3499999999999996,
      "speed": 1.0,
      "dir": -1.1839206090638694,
      "vx": 0.3772968873135187,
      "vy": -0.926092359769548
    },
    "8": {
      "x": 8.35,
      "y": 0.9500000000000002,
      "speed": 1.0,
      "dir": -1.2277723863741932,
      "vx": 0.3363363969981564,
      "vy": -0.9417419115948374
    },
    "9": {
      "x": 8.95,
      "y": 0.6499999999999999,
      "speed": 1.0,
      "dir": -0.4636476090008067,
      "vx": 0.8944271909999156,
      "vy": -0.4472135954999585
    },
    "10": {
      "x": 9.55,
      "y": 2.05,
      "speed": 1.0,
      "dir": 1.1659045405098123,
      "vx": 0.3939192985791685,
      "vy": 0.9191450300180576
    },
    "11": {
      "x": 10.15,
      "y": 3.3499999999999996,
      "speed": 1.0,
      "dir": 1.138388551224359,
      "vx": 0.4190581774617468,
      "vy": 0.9079593845004518
    },
    "12": {
      "x": 10.75,
      "y": 4.75,
      "speed": 1.0,
      "dir": 1.1659045405098134,
      "vx": 0.3939192985791674,
      "vy": 0.919145030018058
    },
    "13": {
      "x": 11.35,
      "y": 6.15,
      "speed": 1.0,
      "dir": 1.1659045405098134,
      "vx": 0.3939192985791674,
      "vy": 0.919145030018058
    },
    "14": {
      "x": 11.95,
      "y": 7.550000000000001,
      "speed": 1.0,
      "dir": 1.1659045405098134,
      "vx": 0.3939192985791674,
      "vy": 0.919145030018058
    },
    "15": {
      "x": 12.4,
      "y": 8.9,
      "speed": 1.0,
      "dir": 1.2490457723982538,
      "vx": 0.31622776601683866,
      "vy": 0.9486832980505135
    },
    "16": {
      "x": 13.05,
      "y": 10.2,
      "speed": 1.0,
      "dir": 1.10714871779409,
      "vx": 0.4472135954999584,
      "vy": 0.8944271909999157
    },
    "17": {
      "x": 13.7,
      "y": 11.6,
      "speed": 1.0,
      "dir": 1.1361261116456527,
      "vx": 0.4211113064546282,
      "vy": 0.9070089677484321
    },
    "18": {
      "x": 14.25,
      "y": 13.05,
      "speed": 1.0,
      "dir": 1.2082520895303888,
      "vx": 0.3546542341205387,
      "vy": 0.9349975263177834
    },
    "19": {
      "x": 14.850000000000001,
      "y": 14.45,
      "speed": 1.0,
      "dir": 1.1659045405098118,
      "vx": 0.3939192985791688,
      "vy": 0.9191450300180574
    },
    "20": {
      "x": 15.45,
      "y": 15.850000000000001,
      "speed": 1.0,
      "dir": 1.1659045405098152,
      "vx": 0.39391929857916597,
      "vy": 0.9191450300180586
    },
    "21": {
      "x": 16.05,
      "y": 17.15,
      "speed": 1.0,
      "dir": 1.138388551224357,
      "vx": 0.4190581774617485,
      "vy": 0.907959384500451
    },
    "22": {
      "x": 16.65,
      "y": 18.55,
      "speed": 1.0,
      "dir": 1.1659045405098152,
      "vx": 0.39391929857916597,
      "vy": 0.9191450300180586
    },
    "23": {
      "x": 17.15,
      "y": 19.95,
      "speed": 1.0,
      "dir": 1.227772386374193,
      "vx": 0.3363363969981565,
      "vy": 0.9417419115948372
    },
    "24": {
      "x": 17.75,
      "y": 21.35,
      "speed": 1.0,
      "dir": 1.165904540509813,
      "vx": 0.39391929857916796,
      "vy": 0.9191450300180578
    },
    "25": {
      "x": 18.35,
      "y": 22.75,
      "speed": 1.0,
      "dir": 1.1659045405098118,
      "vx": 0.3939192985791688,
      "vy": 0.9191450300180574
    },
    "26": {
      "x": 18.95,
      "y": 24.05,
      "speed": 1.0,
      "dir": 1.1383885512243603,
      "vx": 0.41905817746174556,
      "vy": 0.9079593845004524
    },
    "27": {
      "x": 19.55,
      "y": 25.45,
      "speed": 1.0,
      "dir": 1.1659045405098118,
      "vx": 0.3939192985791688,
      "vy": 0.9191450300180574
    },
    "28": {
      "x": 20.15,
      "y": 26.85,
      "speed": 1.0,
      "dir": 1.1659045405098152,
      "vx": 0.39391929857916597,
      "vy": 0.9191450300180586
    },
    "29": {
      "x": 20.75,
      "y": 28.25,
      "speed": 1.0,
      "dir": 1.1659045405098118,
      "vx": 0.3939192985791688,
      "vy": 0.9191450300180574
    },
    "30": {
      "x": 21.3,
      "y": 29.65,
      "speed": 1.0,
      "dir": 1.196462710787312,
      "vx": 0.3656523724229942,
      "vy": 0.9307514934403468
    },
    "31": {
      "x": 21.85,
      "y": 30.950000000000003,
      "speed": 1.0,
      "dir": 1.1705556697609232,
      "vx": 0.3896399908366973,
      "vy": 0.9209672510685591
    },
    "32": {
      "x": 22.45,
      "y": 32.35,
      "speed": 1.0,
      "dir": 1.165904540509814,
      "vx": 0.39391929857916674,
      "vy": 0.9191450300180581
    },
    "33": {
      "x": 23.05,
      "y": 33.75,
      "speed": 1.0,
      "dir": 1.1659045405098118,
      "vx": 0.3939192985791688,
      "vy": 0.9191450300180574
    },
    "34": {
      "x": 23.65,
      "y": 35.15,
      "speed": 1.0,
      "dir": 1.165904540509814,
      "vx": 0.39391929857916674,
      "vy": 0.9191450300180581
    },
    "35": {
      "x": 24.25,
      "y": 36.55,
      "speed": 1.0,
      "dir": 1.1659045405098118,
      "vx": 0.3939192985791688,
      "vy": 0.9191450300180574
    },
    "36": {
      "x": 24.85,
      "y": 37.85,
      "speed": 1.0,
      "dir": 1.138388551224359,
      "vx": 0.4190581774617466,
      "vy": 0.9079593845004518
    },
    "37": {
      "x": 25.45,
      "y": 39.2,
      "speed": 1.0,
      "dir": 1.1525719972156692,
      "vx": 0.406138466053446,
      "vy": 0.9138115486202577
    },
    "38": {
      "x": 25.95,
      "y": 40.65,
      "speed": 1.0,
      "dir": 1.2387368592520103,
      "vx": 0.32599068331940506,
      "vy": 0.9453729816262718
    },
    "39": {
      "x": 26.55,
      "y": 42.05,
      "speed": 1.0,
      "dir": 1.1659045405098118,
      "vx": 0.3939192985791688,
      "vy": 0.9191450300180574
    },
    "40": {
      "x": 27.15,
      "y": 43.45,
      "speed": 1.0,
      "dir": 1.1659045405098158,
      "vx": 0.39391929857916513,
      "vy": 0.9191450300180589
    },
    "41": {
      "x": 27.75,
      "y": 44.45,
      "speed": 1.0,
      "dir": 1.0303768265243114,
      "vx": 0.5144957554275275,
      "vy": 0.8574929257125437
    },
    "42": {
      "x": 28.35,
      "y": 43.05,
      "speed": 1.0,
      "dir": -1.1659045405098138,
      "vx": 0.3939192985791672,
      "vy": -0.9191450300180581
    },
    "43": {
      "x": 28.95,
      "y": 41.65,
      "speed": 1.0,
      "dir": -1.165904540509814,
      "vx": 0.39391929857916674,
      "vy": -0.9191450300180581
    },
    "44": {
      "x": 29.55,
      "y": 40.25,
      "speed": 1.0,
      "dir": -1.1659045405098118,
      "vx": 0.3939192985791688,
      "vy": -0.9191450300180574
    },
    "45": {
      "x": 30.049999999999997,
      "y": 38.85,
      "speed": 1.0,