{
  "barriers": [
    {
      "x": 30.8,
      "y": 28.4,
      "width": 16.9,
      "height": 21.7
    },
    {
      "x": 2.6,
      "y": 43.8,
      "width": 25.3,
      "height": 13.3
    },
    {
      "x": 67.2,
      "y": 40.8,
      "width": 25.2,
      "height": 9.8
    },
    {
      "x": 3.6,
      "y": 33.6,
      "width": 27.1,
      "height": 8.9
    }
  ],
  "occluders": [],
  "step_data": {
    "0": {
      "x": 38.4,
      "y": 51.9,
      "speed": 1.0,
      "dir": 0.0,
      "vx": 0.0,
      "vy": 0.0
    },
    "1": {
      "x": 39.55,
      "y": 51.15,
      "speed": 1.0,
      "dir": -0.5779019369622462,
      "vx": 0.8376105968386138,
      "vy": -0.5462677805469227
    },
    "2": {
      "x": 40.7,
      "y": 50.4,
      "speed": 1.0,
      "dir": -0.5779019369622433,
      "vx": 0.8376105968386155,
      "vy": -0.5462677805469204
    },
    "3": {
      "x": 42.05,
      "y": 50.95,
      "speed": 1.0,
      "dir": 0.38687571773103224,
      "vx": 0.9260923597695461,
      "vy": 0.3772968873135233
    },
    "4": {
      "x": 43.25,
      "y": 51.75,
      "speed": 1.0,
      "dir": 0.5880026035475647,
      "vx": 0.8320502943378453,
      "vy": 0.5547001962252268
    },
    "5": {
      "x": 44.45,
      "y": 52.65,
      "speed": 1.0,
      "dir": 0.6435011087932825,
      "vx": 0.800000000000001,
      "vy": 0.5999999999999984
    },
    "6": {
      "x": 45.75,
      "y": 53.45,
      "speed": 1.0,
      "dir": 0.5516549825285502,
      "vx": 0.8516583167045422,
      "vy": 0.5240974256643376
    },
    "7": {
      "x": 46.95,
      "y": 54.35,
      "speed": 1.0,
      "dir": 0.6435011087932825,
      "vx": 0.800000000000001,
      "vy": 0.5999999999999984
    },
    "8": {
      "x": 48.2,
      "y": 55.2,
      "speed": 1.0,
      "dir": 0.5971766580926783,
      "vx": 0.8269265020695277,
      "vy": 0.5623100214072797
    },
    "9": {
      "x": 49.4,
      "y": 56.0,
      "speed": 1.0,
      "dir": 0.5880026035475675,
      "vx": 0.8320502943378437,
      "vy": 0.5547001962252291
    },
    "10": {
      "x": 50.6,
      "y": 56.8,
      "speed": 1.0,
      "dir": 0.5880026035475647,
      "vx": 0.8320502943378453,
      "vy": 0.5547001962252268
    },
    "11": {
      "x": 51.95,
      "y": 57.65,
      "speed": 1.0,
      "dir": 0.5619215622568156,
      "vx": 0.8462328400897504,
      "vy": 0.5328132696861395
    },
    "12": {
      "x": 53.15,
      "y": 57.65,
      "speed": 1.0,
      "dir": 0.0,
      "vx": 1.0,
      "vy": 0.0
    },
    "13": {
      "x": 54.35,
      "y": 56.85,
      "speed": 1.0,
      "dir": -0.5880026035475647,
      "vx": 0.8320502943378453,
      "vy": -0.5547001962252268
    },
    "14": {
      "x": 55.65,
      "y": 55.95,
      "speed": 1.0,
      "dir": -0.6055446636049703,
      "vx": 0.8221921916437784,
      "vy": -0.5692099788303084
    },
    "15": {
      "x": 56.85,
      "y": 55.15,
      "speed": 1.0,
      "dir": -0.5880026035475688,
      "vx": 0.8320502943378429,
      "vy": -0.5547001962252303
    },
    "16": {
      "x": 58.2,
      "y": 54.2,
      "speed": 1.0,
      "dir": -0.6132073488745067,
      "vx": 0.8178064193007681,
      "vy": -0.5754934061746114
    },
    "17": {
      "x": 59.4,
      "y": 53.4,
      "speed": 1.0,
      "dir": -0.5880026035475717,
      "vx": 0.8320502943378415,
      "vy": -0.5547001962252326
    },
    "18": {
      "x": 60.55,
      "y": 52.55,
      "speed": 1.0,
      "dir": -0.6365082157879525,
      "vx": 0.8041761414663245,
      "vy": -0.5943910610838069
    },
    "19": {
      "x": 61.85,
      "y": 51.75,
      "speed": 1.0,
      "dir": -0.5516549825285438,
      "vx": 0.8516583167045455,
      "vy": -0.524097425664332
    },
    "20": {
      "x": 63.099999999999994,
      "y": 50.9,
      "speed": 1.0,
      "dir": -0.597176658092681,
      "vx": 0.8269265020695262,
      "vy": -0.562310021407282
    },
    "21": {
      "x": 63.75,
      "y": 50.75,
      "speed": 1.0,
      "dir": -0.2267988480538819,
      "vx": 0.9743911956946208,
      "vy": -0.22485950669875457
    },
    "22": {
      "x": 63.3,
      "y": 52.2,
      "speed": 1.0,
      "dir": 1.871716561155323,
      "vx": -0.2963992148724541,
      "vy": 0.9550641368112367
    },
    "23": {
      "x": 62.900000000000006,
      "y": 53.6,
      "speed": 1.0,
      "dir": 1.8490959858000027,
      "vx": -0.27472112789737285,
      "vy": 0.9615239476408246
    },
    "24": {
      "x": 62.45,
      "y": 55.05,
      "speed": 1.0,
      "dir": 1.8717165611553244,
      "vx": -0.2963992148724554,
      "vy": 0.9550641368112364
    },
    "25": {
      "x": 61.95,
      "y": 56.45,
      "speed": 1.0,
      "dir": 1.9138202672155988,
      "vx": -0.33633639699815504,
      "vy": 0.9417419115948378
    },
    "26": {
      "x": 61.55,
      "y": 57.85,
      "speed": 1.0,
      "dir": 1.849095985800012,
      "vx": -0.2747211278973819,
      "vy": 0.961523947640822
    },
    "27": {
      "x": 61.05,
      "y": 56.9,
      "speed": 1.0,
      "dir": -2.0552742558319186,
      "vx": -0.4657464328326212,
      "vy": -0.8849182223819828
    },
    "28": {
      "x": 60.55,
      "y": 55.55,
      "speed": 1.0,
      "dir": -1.9255019788058365,
      "vx": -0.3473143558235936,
      "vy": -0.9377487607237037
    },
    "29": {
      "x": 60.15,
      "y": 54.05,
      "speed": 1.0,
      "dir": -1.8313987185422367,
      "vx": -0.2576626505603315,
      "vy": -0.9662349396012466
    },
    "30": {
      "x": 59.7,
      "y": 52.6,
      "speed": 1.0,
      "dir": -1.87171656115532,
      "vx": -0.2963992148724511,
      "vy": -0.9550641368112376
    },
    "31": {
      "x": 59.3,
      "y": 51.2,
      "speed": 1.0,
      "dir": -1.849095985800012,
      "vx": -0.2747211278973819,
      "vy": -0.961523947640822
    },
    "32": {
      "x": 58.75,
      "y": 49.85,
      "speed": 1.0,
      "dir": -1.9576720445259226,
      "vx": -0.37729688731351746,
      "vy": -0.9260923597695486
    },
    "33": {
      "x": 58.35,
      "y": 48.35,
      "speed": 1.0,
      "dir": -1.8313987185422367,
      "vx": -0.2576626505603315,
      "vy": -0.9662349396012466
    },
    "34": {
      "x": 57.85,
      "y": 46.95,
      "speed": 1.0,
      "dir": -1.9138202672156004,
      "vx": -0.3363363969981565,
      "vy": -0.9417419115948372
    },
    "35": {
      "x": 57.45,
      "y": 45.55,
      "speed": 1.0,
      "dir": -1.849095985800006,
      "vx": -0.27472112789737607,
      "vy": -0.9615239476408236
    },
    "36": {
      "x": 56.95,
      "y": 44.05,
      "speed": 1.0,
      "dir": -1.892546881191539,
      "vx": -0.31622776601683794,
      "vy": -0.9486832980505138
    },
    "37": {
      "x": 56.4,
      "y": 42.6,
      "speed": 1.0,
      "dir": -1.9333405640594077,
      "vx": -0.3546542341205419,
      "vy": -0.9349975263177823
    },
    "38": {
      "x": 56.1,
      "y": 41.2,
      "speed": 1.0,
      "dir": -1.7818896600176415,
      "vx": -0.20952908873087175,
      "vy": -0.9778024140774099
    },
    "39": {
      "x": 55.55,
      "y": 39.75,
      "speed": 1.0,
      "dir": -1.9333405640594061,
      "vx": -0.3546542341205404,
      "vy": -0.9349975263177828
    },
    "40": {
      "x": 55.15,
      "y": 38.35,
      "speed": 1.0,
      "dir": -1.8490959858000073,
      "vx": -0.2747211278973774,
      "vy": -0.9615239476408233
    },
    "41": {
      "x": 54.65,
      "y": 36.95,
      "speed": 1.0,
      "dir": -1.9138202672156004,
      "vx": -0.3363363969981565,
      "vy": -0.9417419115948372
    },
    "42": {
      "x": 54.25,
      "y": 35.55,
      "speed": 1.0,
      "dir": -1.849095985800006,
      "vx": -0.27472112789737607,
      "vy": -0.9615239476408236
    },
    "43": {
      "x": 53.75,
      "y": 34.05,
      "speed": 1.0,
      "dir": -1.892546881191539,
      "vx": -0.31622776601683794,
      "vy": -0.9486832980505138
    },
    "44": {
      "x": 53.3,
      "y": 32.7,
      "speed": 1.0,