{
  "barriers": [],
  "elasticity": 1,
  "fps": 30,
  "friction": 0,
  "interval": 0.025,
  "key_distractors": [],
  "num_barriers": 0,
  "num_frames": 60,
  "num_occs": 0,
  "occluders": [],
  "random_distractors": [],
  "rg_hit_timestep": -1,
  "rg_outcome": null,
  "scene_dims": [
    20,
    20
  ],
  "step_data": {
    "0": {
      "dir": 0,
      "speed": 1,
      "vx": 1,
      "vy": 0,
      "x": 3.3000000000000003,
      "y": 9.600000000000001
    },
    "1": {
      "dir": 0,
      "speed": 1,
      "vx": 1,
      "vy": 0,
      "x": 3.3000000000000003,
      "y": 9.600000000000001
    },
    "2": {
      "dir": 0,
      "speed": 1,
      "vx": 1,
      "vy": 0,
      "x": 3.3000000000000003,
      "y": 9.600000000000001
    },
    "3": {
      "dir": 0,
      "speed": 1,
      "vx": 1,
      "vy": 0,
      "x": 3.3000000000000003,
      "y": 9.600000000000001
    },
    "4": {
      "dir": 0,
      "speed": 1,
      "vx": 1,
      "vy": 0,
      "x": 3.3000000000000003,
      "y": 9.600000000000001
    },
    "5": {
      "dir": 0,
      "speed": 1,
      "vx": 1,
      "vy": 0,
      "x": 3.3000000000000003,
      "y": 9.600000000000001
    },
    "6": {
      "dir": 0,
      "speed": 1,
      "vx": 1,
      "vy": 0,
      "x": 3.3000000000000003,
      "y": 9.600000000000001
    },
    "7": {
      "dir": 0,
      "speed": 1,
      "vx": 1,
      "vy": 0,
      "x": 3.3000000000000003,
      "y": 9.600000000000001
    },
    "8": {
      "dir": 0,
      "speed": 1,
      "vx": 1,
      "vy": 0,
      "x": 3.3000000000000003,
      "y": 9.600000000000001
    },
    "9": {
      "dir": 0,
      "speed": 1,
      "vx": 1,
      "vy": 0,
      "x": 3.3000000000000003,
      "y": 9.600000000000001
    },
    "10": {
      "dir": 0,
      "speed": 1,
      "vx": 1,
      "vy": 0,
      "x": 3.3000000000000003,
      "y": 9.600000000000001
    },
    "11": {
      "dir": 0,
      "speed": 1,
      "vx": 1,
      "vy": 0,
      "x": 3.3000000000000003,
      "y": 9.600000000000001
    },
    "12": {
      "dir": 0,
      "speed": 1,
      "vx": 1,
      "vy": 0,
      "x": 3.3000000000000003,
      "y": 9.600000000000001
    },
    "13": {
      "dir": 0,
      "speed": 1,
      "vx": 1,
      "vy": 0,
      "x": 3.3000000000000003,
      "y": 9.600000000000001
    },
    "14": {
      "dir": 0,
      "speed": 1,
      "vx": 1,
      "vy": 0,
      "x": 3.3000000000000003,
      "y": 9.600000000000001
    },
    "15": {
      "dir": 0,
      "speed": 1,
      "vx": 1,
      "vy": 0,
      "x": 3.3000000000000003,
      "y": 9.600000000000001
    },
    "16": {
      "dir": 0,
      "speed": 1,
      "vx": 1,
      "vy": 0,
      "x": 3.3000000000000003,
      "y": 9.600000000000001
    },
    "17": {
      "dir": 0,
      "speed": 1,
      "vx": 1,
      "vy": 0,
      "x": 3.3000000000000003,
      "y": 9.600000000000001
    },
    "18": {
      "dir": 0,
      "speed": 1,
      "vx": 1,
      "vy": 0,
      "x": 3.3000000000000003,
      "y": 9.600000000000001
    },
    "19": {
      "dir": 0,
      "speed": 1,
      "vx": 1,
      "vy": 0,
      "x": 3.3000000000000003,
      "y": 9.600000000000001
    },
    "20": {
      "dir": 0,
      "speed": 1,
      "vx": 1,
      "vy": 0,
      "x": 3.3000000000000003,
      "y": 9.600000000000001
    },
    "21": {
      "dir": 0,
      "speed": 1,
      "vx": 1,
      "vy": 0,
      "x": 3.3000000000000003,
      "y": 9.600000000000001
    },
    "22": {
      "dir": 0,
      "speed": 1,
      "vx": 1,
      "vy": 0,
      "x": 3.3000000000000003,
      "y": 9.600000000000001
    },
    "23": {
      "dir": 0,
      "speed": 1,
      "vx": 1,
      "vy": 0,
      "x": 3.3000000000000003,
      "y": 9.600000000000001
    },
    "24": {
      "dir": 0,
      "speed": 1,
      "vx": 1,
      "vy": 0,
      "x": 3.3000000000000003,
      "y": 9.600000000000001
    },
    "25": {
      "dir": 0,
      "speed": 1,
      "vx": 1,
      "vy": 0,
      "x": 3.3000000000000003,
      "y": 9.600000000000001
    },
    "26": {
      "dir": 0,
      "speed": 1,
      "vx": 1,
      "vy": 0,
      "x": 3.3000000000000003,
      "y": 9.600000000000001
    },
    "27": {
      "dir": 0,
      "speed": 1,
      "vx": 1,
      "vy": 0,
      "x": 3.3000000000000003,
      "y": 9.600000000000001
    },
    "28": {
      "dir": 0,
      "speed": 1,
      "vx": 1,
      "vy": 0,
      "x": 3.3000000000000003,
      "y": 9.600000000000001
    },
    "29": {
      "dir": 0,
      "speed": 1,
      "vx": 1,
      "vy": 0,
      "x": 3.3000000000000003,
      "y": 9.600000000000001
    },
    "30": {
      "dir": 0,
      "speed": 1,
      "vx": 1,
      "vy": 0,
      "x": 3.3000000000000003,
      "y": 9.600000000000001
    },
    "31": {
      "dir": 0,
      "speed": 1,
      "vx": 1,
      "vy": 0,
      "x": 3.3000000000000003,
      "y": 9.600000000000001
    },
    "32": {
      "dir": 0,
      "speed": 1,
      "vx": 1,
      "vy": 0,
      "x": 3.3000000000000003,
      "y": 9.600000000000001
    },
    "33": {
      "dir": 0,
      "speed": 1,
      "vx": 1,
      "vy": 0,
      "x": 3.3000000000000003,
      "y": 9.600000000000001
    },
    "34": {
      "dir": 0,
      "speed": 1,
      "vx": 1,
      "vy": 0,
      "x": 3.3000000000000003,
      "y": 9.600000000000001
    },
    "35": {
      "dir": 0,
      "speed": 1,
      "vx": 1,
      "vy": 0,
      "x": 3.3000000000000003,
      "y": 9.600000000000001
    },
    "36": {
      "dir": 0,
      "speed": 1,
      "vx": 1,
      "vy": 0,
      "x": 3.3000000000000003,
      "y": 9.600000000000001
    },
    "37": {
      "dir": 0,
      "speed": 1,
      "vx": 1,
      "vy": 0,
      "x": 3.3000000000000003,
      "y": 9.600000000000001
    },
    "38": {
      "dir": 0,
      "speed": 1,
      "vx": 1,
      "vy": 0,
      "x": 3.3000000000000003,
      "y": 9.600000000000001
    },
    "39": {
      "dir": 0,
      "speed": 1,
      "vx": 1,
      "vy": 0,
      "x": 3.3000000000000003,
      "y": 9.600000000000001
    },
    "40": {
      "dir": 0,
      "speed": 1,
      "vx": 1,
      "vy": 0,
      "x": 3.3000000000000003,
      "y": 9.600000000000001
    },
    "41": {
      "dir": 0,
      "speed": 1,
      "vx": 1,
      "vy": 0,
      "x": 3.3000000000000003,
      "y": 9.600000000000001
    },
    "42": {
      "dir": 0,
      "speed": 1,
      "vx": 1,
      "vy": 0,
      "x": 3.3000000000000003,
      "y": 9.600000000000001
    },
    "43": {
      "dir": 0,
      "speed": 1,
      "vx": 1,
      "vy": 0,
      "x": 3.3000000000000003,
      "y": 9.600000000000001
    },
    "44": {
      "dir": 0,
      "speed": 1,
      "vx": 1,
      "vy": 0,
      "x": 3.3000000000000003,
      "y": 9.600000000000001
    },
    "45": {
      "dir": 0,
      "speed": 1,
      "vx": 1,
      "vy": 0,
      "x": 3.3000000000000003,
      "y": 9.600000000000001
    },
    "46": {
      "dir": 0,
      "speed": 1,
      "vx": 1,
      "vy": 0,
      "x": 3.3000000000000003,
      "y": 9.600000000000001
    },
    "47": {
      "dir": 0,
      "speed": 1,
      "vx": 1,
      "vy": 0,
      "x": 3.3000000000000003,
      "y": 9.600000000000001
    },
    "48": {
      "dir": 0,
      "speed": 1,
      "vx": 1,
      "vy": 0,
      "x": 3.3000000000000003,
      "y": 9.600000000000001
    },
    "49": {
      "dir": 0,
      "speed": 1,
      "vx": 1,
      "vy": 0,
      "x": 3.3000000000000003,
      "y": 9.600000000000001
    },
    "50": {
      "dir": 0,
      "speed": 1,
      "vx": 1,
      "vy": 0,
      "x": 3.3000000000000003,
      "y": 9.600000000000001
    },
    "51": {
      "dir": 0,
      "speed": 1,
      "vx": 1,
      "vy": 0,
      "x": 3.3000000000000003,
      "y": 9.600000000000001
    },
    "52": {
      "dir": 0,
      "speed": 1,
      "vx": 1,
      "vy": 0,
      "x": 3.3000000000000003,
      "y": 9.600000000000001
    },
    "53": {
      "dir": 0,
      "speed": 1,
      "vx": 1,
      "vy": 0,
      "x": 3.3000000000000003,