{
  "barriers": [
    {
      "x": 59.3,
      "y": 3.2,
      "width": 14.3,
      "height": 19.7
    },
    {
      "x": 27.1,
      "y": 0.8,
      "width": 5.0,
      "height": 11.8
    }
  ],
  "occluders": [],
  "step_data": {
    "0": {
      "x": 71.9,
      "y": 33.3,
      "speed": 1.0,
      "dir": 0.0,
      "vx": 0.0,
      "vy": 0.0
    },
    "1": {
      "x": 73.15,
      "y": 32.45,
      "speed": 1.0,
      "dir": -0.5971766580926744,
      "vx": 0.8269265020695299,
      "vy": -0.5623100214072765
    },
    "2": {
      "x": 74.35,
      "y": 31.65,
      "speed": 1.0,
      "dir": -0.5880026035475744,
      "vx": 0.83205029433784,
      "vy": -0.5547001962252348
    },
    "3": {
      "x": 75.6,
      "y": 30.799999999999997,
      "speed": 1.0,
      "dir": -0.5971766580926783,
      "vx": 0.8269265020695277,
      "vy": -0.5623100214072797
    },
    "4": {
      "x": 76.85,
      "y": 29.95,
      "speed": 1.0,
      "dir": -0.5971766580926764,
      "vx": 0.8269265020695287,
      "vy": -0.5623100214072781
    },
    "5": {
      "x": 78.2,
      "y": 29.2,
      "speed": 1.0,
      "dir": -0.5070985043923343,
      "vx": 0.8741572761215392,
      "vy": -0.4856429311786298
    },
    "6": {
      "x": 79.35,
      "y": 28.25,
      "speed": 1.0,
      "dir": -0.6904464570546952,
      "vx": 0.7709617516270876,
      "vy": -0.6368814469962939
    },
    "7": {
      "x": 80.7,
      "y": 27.4,
      "speed": 1.0,
      "dir": -0.5619215622568132,
      "vx": 0.8462328400897516,
      "vy": -0.5328132696861375
    },
    "8": {
      "x": 81.9,
      "y": 26.6,
      "speed": 1.0,
      "dir": -0.5880026035475647,
      "vx": 0.8320502943378453,
      "vy": -0.5547001962252268
    },
    "9": {
      "x": 83.15,
      "y": 25.75,
      "speed": 1.0,
      "dir": -0.5971766580926783,
      "vx": 0.8269265020695277,
      "vy": -0.5623100214072797
    },
    "10": {
      "x": 84.35,
      "y": 24.95,
      "speed": 1.0,
      "dir": -0.5880026035475724,
      "vx": 0.8320502943378411,
      "vy": -0.5547001962252331
    },
    "11": {
      "x": 85.55,
      "y": 24.05,
      "speed": 1.0,
      "dir": -0.6435011087932825,
      "vx": 0.800000000000001,
      "vy": -0.5999999999999984
    },
    "12": {
      "x": 86.85,
      "y": 23.25,
      "speed": 1.0,
      "dir": -0.5516549825285483,
      "vx": 0.8516583167045433,
      "vy": -0.5240974256643359
    },
    "13": {
      "x": 88.05,
      "y": 22.45,
      "speed": 1.0,
      "dir": -0.5880026035475668,
      "vx": 0.832050294337844,
      "vy": -0.5547001962252285
    },
    "14": {
      "x": 89.3,
      "y": 21.5,
      "speed": 1.0,
      "dir": -0.6498704494119472,
      "vx": 0.7961621941231027,
      "vy": -0.6050832675335576
    },
    "15": {
      "x": 90.55,
      "y": 20.75,
      "speed": 1.0,
      "dir": -0.540419500270584,
      "vx": 0.8574929257125442,
      "vy": -0.5144957554275265
    },
    "16": {
      "x": 91.8,
      "y": 20.0,
      "speed": 1.0,
      "dir": -0.540419500270584,
      "vx": 0.8574929257125442,
      "vy": -0.5144957554275265
    },
    "17": {
      "x": 93.05,
      "y": 19.05,
      "speed": 1.0,
      "dir": -0.6498704494119472,
      "vx": 0.7961621941231027,
      "vy": -0.6050832675335576
    },
    "18": {
      "x": 94.35,
      "y": 18.25,
      "speed": 1.0,
      "dir": -0.5516549825285483,
      "vx": 0.8516583167045433,
      "vy": -0.5240974256643359
    },
    "19": {
      "x": 95.55,
      "y": 17.35,
      "speed": 1.0,
      "dir": -0.6435011087932825,
      "vx": 0.800000000000001,
      "vy": -0.5999999999999984
    },
    "20": {
      "x": 95.1,
      "y": 16.5,
      "speed": 1.0,
      "dir": -2.0576955586061674,
      "vx": -0.4678877204190344,
      "vy": -0.8837879163470609
    },
    "21": {
      "x": 93.85,
      "y": 15.75,
      "speed": 1.0,
      "dir": -2.601173153319209,
      "vx": -0.8574929257125442,
      "vy": -0.5144957554275265
    },
    "22": {
      "x": 92.55,
      "y": 14.850000000000001,
      "speed": 1.0,
      "dir": -2.536047989984823,
      "vx": -0.8221921916437784,
      "vy": -0.5692099788303084
    },
    "23": {
      "x": 91.35,
      "y": 14.05,
      "speed": 1.0,
      "dir": -2.553590050042226,
      "vx": -0.832050294337844,
      "vy": -0.5547001962252285
    },
    "24": {
      "x": 90.0,
      "y": 13.3,
      "speed": 1.0,
      "dir": -2.6344941491974545,
      "vx": -0.8741572761215369,
      "vy": -0.4856429311786336
    },
    "25": {
      "x": 88.85,
      "y": 12.35,
      "speed": 1.0,
      "dir": -2.4511461965351033,
      "vx": -0.7709617516270907,
      "vy": -0.6368814469962898
    },
    "26": {
      "x": 87.55,
      "y": 11.55,
      "speed": 1.0,
      "dir": -2.589937671061246,
      "vx": -0.8516583167045437,
      "vy": -0.524097425664335
    },
    "27": {
      "x": 86.35,
      "y": 10.75,
      "speed": 1.0,
      "dir": -2.553590050042226,
      "vx": -0.832050294337844,
      "vy": -0.5547001962252285
    },
    "28": {
      "x": 85.0,
      "y": 9.9,
      "speed": 1.0,
      "dir": -2.579671091332976,
      "vx": -0.8462328400897497,
      "vy": -0.5328132696861407
    },
    "29": {
      "x": 83.8,
      "y": 9.1,
      "speed": 1.0,
      "dir": -2.553590050042226,
      "vx": -0.832050294337844,
      "vy": -0.5547001962252285
    },
    "30": {
      "x": 82.65,
      "y": 8.15,
      "speed": 1.0,
      "dir": -2.451146196535098,
      "vx": -0.7709617516270876,
      "vy": -0.6368814469962939
    },
    "31": {
      "x": 81.4,
      "y": 7.4,
      "speed": 1.0,
      "dir": -2.601173153319209,
      "vx": -0.8574929257125442,
      "vy": -0.5144957554275265
    },
    "32": {
      "x": 80.15,
      "y": 6.550000000000001,
      "speed": 1.0,
      "dir": -2.5444159954971157,
      "vx": -0.8269265020695282,
      "vy": -0.5623100214072789
    },
    "33": {
      "x": 78.9,
      "y": 5.6,
      "speed": 1.0,
      "dir": -2.491722204177845,
      "vx": -0.7961621941231022,
      "vy": -0.6050832675335583
    },
    "34": {
      "x": 77.65,
      "y": 4.85,
      "speed": 1.0,
      "dir": -2.601173153319209,
      "vx": -0.8574929257125442,
      "vy": -0.5144957554275265
    },
    "35": {
      "x": 76.3,
      "y": 4.0,
      "speed": 1.0,
      "dir": -2.579671091332981,
      "vx": -0.8462328400897522,
      "vy": -0.5328132696861367
    },
    "36": {
      "x": 75.15,
      "y": 3.1500000000000004,
      "speed": 1.0,
      "dir": -2.505084437801839,
      "vx": -0.8041761414663235,
      "vy": -0.5943910610838085
    },
    "37": {
      "x": 73.9,
      "y": 2.4000000000000004,
      "speed": 1.0,
      "dir": -2.601173153319209,
      "vx": -0.8574929257125442,
      "vy": -0.5144957554275265
    },
    "38": {
      "x": 74.3,
      "y": 1.4,
      "speed": 1.0,
      "dir": -1.1902899496825392,
      "vx": 0.3713906763540967,
      "vy": -0.9284766908852621
    },
    "39": {
      "x": 75.55,
      "y": 0.6499999999999999,
      "speed": 1.0,
      "dir": -0.540419500270584,
      "vx": 0.8574929257125442,
      "vy": -0.5144957554275265
    },
    "40": {
      "x": 76.85,
      "y": 0.3500000000000001,
      "speed": 1.0,
      "dir": -0.2267988480538862,
      "vx": 0.9743911956946197,
      "vy": -0.22485950669875876
    },
    "41": {
      "x": 78.05,
      "y": 1.15,
      "speed": 1.0,
      "dir": 0.5880026035475663,
      "vx": 0.8320502943378444,
      "vy": 0.5547001962252281
    },
    "42": {
      "x": 79.35,
      "y": 2.05,
      "speed": 1.0,
      "dir": 0.605544663604971,
      "vx": 0.8221921916437781,
      "vy": 0.569209978830309
    },
    "43": {
      "x": 80.55,
      "y": 2.8499999999999996,
      "speed": 1.0,
      "dir": 0.5880026035475663,
      "vx": 0.8320502943378444,
      "vy": 0.5547001962252281
    },
    "44": {
      "x": 81.85,
      "y": 3.75,
      "speed": 1.0,
      "dir": 0.6055446636049713,
      "vx": 0.822192191643778,