{
  "barriers": [
    {
      "x": 54.2,
      "y": 10.9,
      "width": 21.4,
      "height": 23.5
    },
    {
      "x": 26.3,
      "y": 40.4,
      "width": 11.5,
      "height": 12.0
    },
    {
      "x": 26.7,
      "y": 15.4,
      "width": 10.5,
      "height": 10.1
    },
    {
      "x": 8.6,
      "y": 9.6,
      "width": 13.0,
      "height": 16.4
    }
  ],
  "occluders": [],
  "step_data": {
    "0": {
      "x": 77.8,
      "y": 43.0,
      "speed": 1.0,
      "dir": 0.0,
      "vx": 0.0,
      "vy": 0.0
    },
    "1": {
      "x": 78.55,
      "y": 41.75,
      "speed": 1.0,
      "dir": -1.0303768265243125,
      "vx": 0.5144957554275265,
      "vy": -0.8574929257125442
    },
    "2": {
      "x": 79.35,
      "y": 40.55,
      "speed": 1.0,
      "dir": -0.9827937232473318,
      "vx": 0.5547001962252268,
      "vy": -0.8320502943378453
    },
    "3": {
      "x": 80.2,
      "y": 39.3,
      "speed": 1.0,
      "dir": -0.9736196687022144,
      "vx": 0.562310021407283,
      "vy": -0.8269265020695256
    },
    "4": {
      "x": 81.05,
      "y": 38.05,
      "speed": 1.0,
      "dir": -0.9736196687022223,
      "vx": 0.5623100214072765,
      "vy": -0.8269265020695299
    },
    "5": {
      "x": 81.85,
      "y": 36.75,
      "speed": 1.0,
      "dir": -1.0191413442663504,
      "vx": 0.5240974256643341,
      "vy": -0.8516583167045442
    },
    "6": {
      "x": 82.65,
      "y": 35.55,
      "speed": 1.0,
      "dir": -0.9827937232473236,
      "vx": 0.5547001962252336,
      "vy": -0.8320502943378406
    },
    "7": {
      "x": 83.55,
      "y": 34.25,
      "speed": 1.0,
      "dir": -0.96525166318993,
      "vx": 0.5692099788303054,
      "vy": -0.8221921916437807
    },
    "8": {
      "x": 84.35,
      "y": 33.05,
      "speed": 1.0,
      "dir": -0.9827937232473318,
      "vx": 0.5547001962252268,
      "vy": -0.8320502943378453
    },
    "9": {
      "x": 85.15,
      "y": 31.75,
      "speed": 1.0,
      "dir": -1.0191413442663424,
      "vx": 0.5240974256643409,
      "vy": -0.8516583167045401
    },
    "10": {
      "x": 86.05,
      "y": 30.549999999999997,
      "speed": 1.0,
      "dir": -0.927295218001618,
      "vx": 0.5999999999999954,
      "vy": -0.8000000000000035
    },
    "11": {
      "x": 86.8,
      "y": 29.2,
      "speed": 1.0,
      "dir": -1.063697822402559,
      "vx": 0.48564293117863266,
      "vy": -0.8741572761215374
    },
    "12": {
      "x": 87.65,
      "y": 28.05,
      "speed": 1.0,
      "dir": -0.9342881110069401,
      "vx": 0.5943910610838102,
      "vy": -0.8041761414663223
    },
    "13": {
      "x": 88.6,
      "y": 26.8,
      "speed": 1.0,
      "dir": -0.9209258773829548,
      "vx": 0.6050832675335533,
      "vy": -0.7961621941231061
    },
    "14": {
      "x": 89.35,
      "y": 25.55,
      "speed": 1.0,
      "dir": -1.0303768265243125,
      "vx": 0.5144957554275265,
      "vy": -0.8574929257125442
    },
    "15": {
      "x": 90.2,
      "y": 24.2,
      "speed": 1.0,
      "dir": -1.0088747645380773,
      "vx": 0.5328132696861427,
      "vy": -0.8462328400897485
    },
    "16": {
      "x": 91.0,
      "y": 23.05,
      "speed": 1.0,
      "dir": -0.9629943306809373,
      "vx": 0.5710644881985989,
      "vy": -0.8209052017854878
    },
    "17": {
      "x": 91.8,
      "y": 21.8,
      "speed": 1.0,
      "dir": -1.0014831356942364,
      "vx": 0.5390536964233659,
      "vy": -0.8422714006615123
    },
    "18": {
      "x": 92.65,
      "y": 20.55,
      "speed": 1.0,
      "dir": -0.9736196687022144,
      "vx": 0.562310021407283,
      "vy": -0.8269265020695256
    },
    "19": {
      "x": 93.5,
      "y": 19.2,
      "speed": 1.0,
      "dir": -1.008874764538085,
      "vx": 0.5328132696861363,
      "vy": -0.8462328400897524
    },
    "20": {
      "x": 94.3,
      "y": 18.0,
      "speed": 1.0,
      "dir": -0.9827937232473305,
      "vx": 0.554700196225228,
      "vy": -0.8320502943378445
    },
    "21": {
      "x": 95.1,
      "y": 16.8,
      "speed": 1.0,
      "dir": -0.9827937232473305,
      "vx": 0.554700196225228,
      "vy": -0.8320502943378445
    },
    "22": {
      "x": 95.7,
      "y": 15.600000000000001,
      "speed": 1.0,
      "dir": -1.1071487177940846,
      "vx": 0.4472135954999632,
      "vy": -0.8944271909999132
    },
    "23": {
      "x": 94.95,
      "y": 14.350000000000001,
      "speed": 1.0,
      "dir": -2.1112158270654806,
      "vx": -0.5144957554275265,
      "vy": -0.8574929257125442
    },
    "24": {
      "x": 94.1,
      "y": 13.0,
      "speed": 1.0,
      "dir": -2.1327178890517158,
      "vx": -0.5328132696861427,
      "vy": -0.8462328400897485
    },
    "25": {
      "x": 93.3,
      "y": 11.9,
      "speed": 1.0,
      "dir": -2.199592613210328,
      "vx": -0.588171697675045,
      "vy": -0.8087360843031894
    },
    "26": {
      "x": 92.5,
      "y": 10.6,
      "speed": 1.0,
      "dir": -2.122451309323442,
      "vx": -0.5240974256643331,
      "vy": -0.8516583167045447
    },
    "27": {
      "x": 91.65,
      "y": 9.3,
      "speed": 1.0,
      "dir": -2.1498705961626245,
      "vx": -0.5472493629827007,
      "vy": -0.8369696139735471
    },
    "28": {
      "x": 90.75,
      "y": 8.05,
      "speed": 1.0,
      "dir": -2.1948193797716566,
      "vx": -0.5843047258450783,
      "vy": -0.8115343414514926
    },
    "29": {
      "x": 89.95,
      "y": 6.85,
      "speed": 1.0,
      "dir": -2.158798930342462,
      "vx": -0.5547001962252275,
      "vy": -0.8320502943378449
    },
    "30": {
      "x": 89.1,
      "y": 5.5,
      "speed": 1.0,
      "dir": -2.1327178890517167,
      "vx": -0.5328132696861432,
      "vy": -0.8462328400897482
    },
    "31": {
      "x": 88.2,
      "y": 4.3,
      "speed": 1.0,
      "dir": -2.2142974355881764,
      "vx": -0.5999999999999963,
      "vy": -0.8000000000000027
    },
    "32": {
      "x": 87.4,
      "y": 3.0999999999999996,
      "speed": 1.0,
      "dir": -2.1587989303424626,
      "vx": -0.5547001962252277,
      "vy": -0.8320502943378446
    },
    "33": {
      "x": 86.6,
      "y": 1.9,
      "speed": 1.0,
      "dir": -2.158798930342471,
      "vx": -0.5547001962252347,
      "vy": -0.83205029433784
    },
    "34": {
      "x": 85.8,
      "y": 0.5,
      "speed": 1.0,
      "dir": -2.0899424410414182,
      "vx": -0.49613893835683254,
      "vy": -0.86824314212446
    },
    "35": {
      "x": 84.95,
      "y": 0.8500000000000001,
      "speed": 1.0,
      "dir": 2.750985609892104,
      "vx": -0.924678098474715,
      "vy": 0.3807498052542971
    },
    "36": {
      "x": 84.15,
      "y": 2.05,
      "speed": 1.0,
      "dir": 2.1587989303424626,
      "vx": -0.5547001962252278,
      "vy": 0.8320502943378445
    },
    "37": {
      "x": 83.25,
      "y": 3.3499999999999996,
      "speed": 1.0,
      "dir": 2.17634099039987,
      "vx": -0.5692099788303108,
      "vy": 0.822192191643777
    },
    "38": {
      "x": 82.45,
      "y": 4.55,
      "speed": 1.0,
      "dir": 2.1587989303424626,
      "vx": -0.5547001962252277,
      "vy": 0.8320502943378446
    },
    "39": {
      "x": 81.6,
      "y": 5.9,
      "speed": 1.0,
      "dir": 2.132717889051716,
      "vx": -0.5328132696861431,
      "vy": 0.8462328400897484
    },
    "40": {
      "x": 80.75,
      "y": 7.050000000000001,
      "speed": 1.0,
      "dir": 2.207304542582844,
      "vx": -0.594391061083803,
      "vy": 0.8041761414663274
    },
    "41": {
      "x": 79.95,
      "y": 8.35,
      "speed": 1.0,
      "dir": 2.1224513093234423,
      "vx": -0.5240974256643336,
      "vy": 0.8516583167045445
    },
    "42": {
      "x": 79.15,
      "y": 9.55,
      "speed": 1.0,
      "dir": 2.158798930342462,
      "vx": -0.5547001962252275,
      "vy": 0.8320502943378449
    },
    "43": {
      "x": 78.2,
      "y": 10.9,
      "speed": 1.0,
      "dir": 2.1840036756694072,
      "vx": -0.5754934061746148,
      "vy": 0.8178064193007657
    },