{
  "barriers": [
    {
      "x": 89.8,
      "y": 40.9,
      "width": 7.0,
      "height": 18.8
    },
    {
      "x": 19.8,
      "y": 12.1,
      "width": 9.9,
      "height": 18.4
    },
    {
      "x": 0.6,
      "y": 10.4,
      "width": 13.6,
      "height": 28.2
    }
  ],
  "occluders": [],
  "step_data": {
    "0": {
      "x": 22.45,
      "y": 34.45,
      "speed": 1.0,
      "dir": 0.0,
      "vx": 0.0,
      "vy": 0.0
    },
    "1": {
      "x": 23.65,
      "y": 33.75,
      "speed": 1.0,
      "dir": -0.5280744484263616,
      "vx": 0.8637789008984325,
      "vy": -0.5038710255240879
    },
    "2": {
      "x": 25.0,
      "y": 33.0,
      "speed": 1.0,
      "dir": -0.5070985043923365,
      "vx": 0.8741572761215379,
      "vy": -0.48564293117863166
    },
    "3": {
      "x": 26.3,
      "y": 32.2,
      "speed": 1.0,
      "dir": -0.5516549825285451,
      "vx": 0.8516583167045447,
      "vy": -0.5240974256643331
    },
    "4": {
      "x": 27.55,
      "y": 31.450000000000003,
      "speed": 1.0,
      "dir": -0.540419500270584,
      "vx": 0.8574929257125442,
      "vy": -0.5144957554275265
    },
    "5": {
      "x": 28.8,
      "y": 30.6,
      "speed": 1.0,
      "dir": -0.5971766580926783,
      "vx": 0.8269265020695277,
      "vy": -0.5623100214072797
    },
    "6": {
      "x": 30.200000000000003,
      "y": 29.9,
      "speed": 1.0,
      "dir": -0.4636476090008071,
      "vx": 0.8944271909999155,
      "vy": -0.4472135954999588
    },
    "7": {
      "x": 31.450000000000003,
      "y": 29.05,
      "speed": 1.0,
      "dir": -0.5971766580926764,
      "vx": 0.8269265020695287,
      "vy": -0.5623100214072781
    },
    "8": {
      "x": 32.65,
      "y": 28.35,
      "speed": 1.0,
      "dir": -0.5280744484263608,
      "vx": 0.8637789008984329,
      "vy": -0.5038710255240871
    },
    "9": {
      "x": 33.95,
      "y": 27.55,
      "speed": 1.0,
      "dir": -0.5516549825285458,
      "vx": 0.8516583167045444,
      "vy": -0.5240974256643338
    },
    "10": {
      "x": 35.2,
      "y": 26.8,
      "speed": 1.0,
      "dir": -0.540419500270584,
      "vx": 0.8574929257125442,
      "vy": -0.5144957554275265
    },
    "11": {
      "x": 36.55,
      "y": 26.05,
      "speed": 1.0,
      "dir": -0.5070985043923387,
      "vx": 0.8741572761215369,
      "vy": -0.4856429311786336
    },
    "12": {
      "x": 37.85,
      "y": 25.25,
      "speed": 1.0,
      "dir": -0.5516549825285458,
      "vx": 0.8516583167045444,
      "vy": -0.5240974256643338
    },
    "13": {
      "x": 39.15,
      "y": 24.45,
      "speed": 1.0,
      "dir": -0.5516549825285483,
      "vx": 0.8516583167045433,
      "vy": -0.5240974256643359
    },
    "14": {
      "x": 40.5,
      "y": 23.65,
      "speed": 1.0,
      "dir": -0.5349550737860964,
      "vx": 0.8602915336341743,
      "vy": -0.5098023903017328
    },
    "15": {
      "x": 41.65,
      "y": 22.95,
      "speed": 1.0,
      "dir": -0.5467888408892475,
      "vx": 0.8541985556144386,
      "vy": -0.5199469468957454
    },
    "16": {
      "x": 43.0,
      "y": 22.1,
      "speed": 1.0,
      "dir": -0.5619215622568137,
      "vx": 0.8462328400897514,
      "vy": -0.5328132696861378
    },
    "17": {
      "x": 44.25,
      "y": 21.35,
      "speed": 1.0,
      "dir": -0.540419500270584,
      "vx": 0.8574929257125442,
      "vy": -0.5144957554275265
    },
    "18": {
      "x": 45.5,
      "y": 20.6,
      "speed": 1.0,
      "dir": -0.540419500270584,
      "vx": 0.8574929257125442,
      "vy": -0.5144957554275265
    },
    "19": {
      "x": 46.9,
      "y": 19.9,
      "speed": 1.0,
      "dir": -0.46364760900080815,
      "vx": 0.8944271909999149,
      "vy": -0.4472135954999597
    },
    "20": {
      "x": 48.1,
      "y": 19.0,
      "speed": 1.0,
      "dir": -0.6435011087932825,
      "vx": 0.800000000000001,
      "vy": -0.5999999999999984
    },
    "21": {
      "x": 49.45,
      "y": 18.25,
      "speed": 1.0,
      "dir": -0.5070985043923365,
      "vx": 0.8741572761215379,
      "vy": -0.48564293117863166
    },
    "22": {
      "x": 50.65,
      "y": 17.55,
      "speed": 1.0,
      "dir": -0.5280744484263608,
      "vx": 0.8637789008984329,
      "vy": -0.5038710255240871
    },
    "23": {
      "x": 51.9,
      "y": 16.7,
      "speed": 1.0,
      "dir": -0.5971766580926783,
      "vx": 0.8269265020695277,
      "vy": -0.5623100214072797
    },
    "24": {
      "x": 53.25,
      "y": 15.95,
      "speed": 1.0,
      "dir": -0.5070985043923365,
      "vx": 0.8741572761215379,
      "vy": -0.48564293117863166
    },
    "25": {
      "x": 54.55,
      "y": 15.149999999999999,
      "speed": 1.0,
      "dir": -0.5516549825285483,
      "vx": 0.8516583167045433,
      "vy": -0.5240974256643359
    },
    "26": {
      "x": 55.85,
      "y": 14.45,
      "speed": 1.0,
      "dir": -0.4939413689195794,
      "vx": 0.8804710999221761,
      "vy": -0.4740998230350159
    },
    "27": {
      "x": 57.1,
      "y": 13.6,
      "speed": 1.0,
      "dir": -0.5971766580926773,
      "vx": 0.8269265020695282,
      "vy": -0.5623100214072789
    },
    "28": {
      "x": 58.45,
      "y": 12.85,
      "speed": 1.0,
      "dir": -0.5070985043923365,
      "vx": 0.8741572761215379,
      "vy": -0.48564293117863166
    },
    "29": {
      "x": 59.7,
      "y": 12.1,
      "speed": 1.0,
      "dir": -0.540419500270584,
      "vx": 0.8574929257125442,
      "vy": -0.5144957554275265
    },
    "30": {
      "x": 60.95,
      "y": 11.35,
      "speed": 1.0,
      "dir": -0.540419500270584,
      "vx": 0.8574929257125442,
      "vy": -0.5144957554275265
    },
    "31": {
      "x": 62.3,
      "y": 10.5,
      "speed": 1.0,
      "dir": -0.561921562256817,
      "vx": 0.8462328400897497,
      "vy": -0.5328132696861407
    },
    "32": {
      "x": 63.55,
      "y": 9.75,
      "speed": 1.0,
      "dir": -0.540419500270584,
      "vx": 0.8574929257125442,
      "vy": -0.5144957554275265
    },
    "33": {
      "x": 64.9,
      "y": 9.1,
      "speed": 1.0,
      "dir": -0.4487233440107189,
      "vx": 0.9010016697591008,
      "vy": -0.43381561877289787
    },
    "34": {
      "x": 66.2,
      "y": 8.2,
      "speed": 1.0,
      "dir": -0.6055446636049713,
      "vx": 0.822192191643778,
      "vy": -0.5692099788303093
    },
    "35": {
      "x": 67.45,
      "y": 7.449999999999999,
      "speed": 1.0,
      "dir": -0.540419500270584,
      "vx": 0.8574929257125442,
      "vy": -0.5144957554275265
    },
    "36": {
      "x": 68.65,
      "y": 6.75,
      "speed": 1.0,
      "dir": -0.5280744484263582,
      "vx": 0.8637789008984341,
      "vy": -0.5038710255240848
    },
    "37": {
      "x": 69.95,
      "y": 5.95,
      "speed": 1.0,
      "dir": -0.5516549825285477,
      "vx": 0.8516583167045435,
      "vy": -0.5240974256643354
    },
    "38": {
      "x": 71.25,
      "y": 5.15,
      "speed": 1.0,
      "dir": -0.5516549825285477,
      "vx": 0.8516583167045435,
      "vy": -0.5240974256643354
    },
    "39": {
      "x": 72.5,
      "y": 4.4,
      "speed": 1.0,
      "dir": -0.540419500270584,
      "vx": 0.8574929257125442,
      "vy": -0.5144957554275265
    },
    "40": {
      "x": 73.9,
      "y": 3.7,
      "speed": 1.0,
      "dir": -0.4636476090008046,
      "vx": 0.8944271909999166,
      "vy": -0.4472135954999566
    },
    "41": {
      "x": 75.2,
      "y": 2.8,
      "speed": 1.0,
      "dir": -0.6055446636049713,
      "vx": 0.822192191643778,
      "vy": -0.5692099788303093
    },
    "42": {
      "x": 76.45,
      "y": 2.05,
      "speed": 1.0,
      "dir": -0.540419500270584,
      "vx": 0.8574929257125442,
      "vy": -0.5144957554275265
    },
    "43": {
      "x": 77.7,
      "y": 1.2999999999999998,
      "speed": 1.0,
      "dir": -0.540419500270584,
      "vx": 0.8574929257125442,
      "vy": -0.5144957554275265
    },
    "44": {
      "x": 78.95,
      "y": 0.5499999999999998,
      "speed": 1.0,