{
  "barriers": [
    {
      "x": 33.2,
      "y": 37.5,
      "width": 18.4,
      "height": 24.4
    }
  ],
  "occluders": [],
  "step_data": {
    "0": {
      "x": 14.75,
      "y": 16.85,
      "speed": 1.0,
      "dir": 0.0,
      "vx": 0.0,
      "vy": 0.0
    },
    "1": {
      "x": 16.0,
      "y": 16.3,
      "speed": 1.0,
      "dir": -0.41450687458478636,
      "vx": 0.9153150324227655,
      "vy": -0.40273861426601726
    },
    "2": {
      "x": 17.4,
      "y": 15.7,
      "speed": 1.0,
      "dir": -0.40489178628508465,
      "vx": 0.9191450300180574,
      "vy": -0.3939192985791688
    },
    "3": {
      "x": 18.8,
      "y": 15.0,
      "speed": 1.0,
      "dir": -0.4636476090008051,
      "vx": 0.8944271909999163,
      "vy": -0.44721359549995704
    },
    "4": {
      "x": 20.15,
      "y": 14.45,
      "speed": 1.0,
      "dir": -0.3868757177310291,
      "vx": 0.9260923597695473,
      "vy": -0.37729688731352035
    },
    "5": {
      "x": 21.55,
      "y": 13.85,
      "speed": 1.0,
      "dir": -0.40489178628508266,
      "vx": 0.9191450300180583,
      "vy": -0.39391929857916697
    },
    "6": {
      "x": 22.95,
      "y": 13.25,
      "speed": 1.0,
      "dir": -0.4048917862850836,
      "vx": 0.9191450300180578,
      "vy": -0.3939192985791678
    },
    "7": {
      "x": 24.25,
      "y": 12.55,
      "speed": 1.0,
      "dir": -0.49394136891958057,
      "vx": 0.8804710999221754,
      "vy": -0.47409982303501685
    },
    "8": {
      "x": 25.65,
      "y": 11.95,
      "speed": 1.0,
      "dir": -0.40489178628508465,
      "vx": 0.9191450300180574,
      "vy": -0.3939192985791688
    },
    "9": {
      "x": 27.05,
      "y": 11.35,
      "speed": 1.0,
      "dir": -0.40489178628508266,
      "vx": 0.9191450300180583,
      "vy": -0.39391929857916697
    },
    "10": {
      "x": 28.35,
      "y": 10.75,
      "speed": 1.0,
      "dir": -0.43240777557053744,
      "vx": 0.9079593845004519,
      "vy": -0.41905817746174656
    },
    "11": {
      "x": 29.75,
      "y": 10.15,
      "speed": 1.0,
      "dir": -0.4048917862850836,
      "vx": 0.9191450300180578,
      "vy": -0.3939192985791678
    },
    "12": {
      "x": 31.15,
      "y": 9.55,
      "speed": 1.0,
      "dir": -0.4048917862850836,
      "vx": 0.9191450300180578,
      "vy": -0.3939192985791678
    },
    "13": {
      "x": 32.4,
      "y": 8.9,
      "speed": 1.0,
      "dir": -0.47951929199259635,
      "vx": 0.887216801234595,
      "vy": -0.4613527366419896
    },
    "14": {
      "x": 33.85,
      "y": 8.25,
      "speed": 1.0,
      "dir": -0.4214192068878037,
      "vx": 0.9125093245149516,
      "vy": -0.40905590409290876
    },
    "15": {
      "x": 35.3,
      "y": 7.6,
      "speed": 1.0,
      "dir": -0.4214192068878055,
      "vx": 0.9125093245149508,
      "vy": -0.40905590409291037
    },
    "16": {
      "x": 36.6,
      "y": 7.0,
      "speed": 1.0,
      "dir": -0.4324077755705364,
      "vx": 0.9079593845004522,
      "vy": -0.41905817746174556
    },
    "17": {
      "x": 37.95,
      "y": 6.449999999999999,
      "speed": 1.0,
      "dir": -0.38687571773102813,
      "vx": 0.9260923597695476,
      "vy": -0.37729688731351946
    },
    "18": {
      "x": 39.35,
      "y": 5.85,
      "speed": 1.0,
      "dir": -0.4048917862850836,
      "vx": 0.9191450300180578,
      "vy": -0.3939192985791678
    },
    "19": {
      "x": 40.7,
      "y": 5.25,
      "speed": 1.0,
      "dir": -0.4182243295792285,
      "vx": 0.9138115486202574,
      "vy": -0.40613846605344706
    },
    "20": {
      "x": 42.1,
      "y": 4.5,
      "speed": 1.0,
      "dir": -0.49180917598869894,
      "vx": 0.8814799700287819,
      "vy": -0.4722214125154193
    },
    "21": {
      "x": 43.45,
      "y": 3.95,
      "speed": 1.0,
      "dir": -0.3868757177310276,
      "vx": 0.9260923597695478,
      "vy": -0.377296887313519
    },
    "22": {
      "x": 44.75,
      "y": 3.3499999999999996,
      "speed": 1.0,
      "dir": -0.43240777557053894,
      "vx": 0.9079593845004512,
      "vy": -0.41905817746174795
    },
    "23": {
      "x": 46.15,
      "y": 2.75,
      "speed": 1.0,
      "dir": -0.4048917862850836,
      "vx": 0.9191450300180578,
      "vy": -0.3939192985791678
    },
    "24": {
      "x": 47.55,
      "y": 2.1500000000000004,
      "speed": 1.0,
      "dir": -0.4048917862850836,
      "vx": 0.9191450300180578,
      "vy": -0.3939192985791678
    },
    "25": {
      "x": 48.85,
      "y": 1.5499999999999998,
      "speed": 1.0,
      "dir": -0.4324077755705369,
      "vx": 0.9079593845004521,
      "vy": -0.4190581774617461
    },
    "26": {
      "x": 50.25,
      "y": 0.9500000000000002,
      "speed": 1.0,
      "dir": -0.4048917862850836,
      "vx": 0.9191450300180578,
      "vy": -0.3939192985791678
    },
    "27": {
      "x": 51.65,
      "y": 0.25,
      "speed": 1.0,
      "dir": -0.4636476090008066,
      "vx": 0.8944271909999156,
      "vy": -0.44721359549995837
    },
    "28": {
      "x": 53.0,
      "y": 0.6000000000000001,
      "speed": 1.0,
      "dir": 0.2536740961386425,
      "vx": 0.9679968981658009,
      "vy": 0.25096215878372596
    },
    "29": {
      "x": 54.35,
      "y": 1.15,
      "speed": 1.0,
      "dir": 0.3868757177310276,
      "vx": 0.9260923597695478,
      "vy": 0.377296887313519
    },
    "30": {
      "x": 55.75,
      "y": 1.75,
      "speed": 1.0,
      "dir": 0.4048917862850838,
      "vx": 0.9191450300180578,
      "vy": 0.3939192985791681
    },
    "31": {
      "x": 57.15,
      "y": 2.3499999999999996,
      "speed": 1.0,
      "dir": 0.4048917862850836,
      "vx": 0.9191450300180578,
      "vy": 0.3939192985791678
    },
    "32": {
      "x": 58.45,
      "y": 2.95,
      "speed": 1.0,
      "dir": 0.4324077755705369,
      "vx": 0.9079593845004521,
      "vy": 0.4190581774617461
    },
    "33": {
      "x": 59.85,
      "y": 3.55,
      "speed": 1.0,
      "dir": 0.4048917862850836,
      "vx": 0.9191450300180578,
      "vy": 0.3939192985791678
    },
    "34": {
      "x": 61.2,
      "y": 4.3,
      "speed": 1.0,
      "dir": 0.5070985043923365,
      "vx": 0.8741572761215379,
      "vy": 0.48564293117863166
    },
    "35": {
      "x": 62.5,
      "y": 4.9,
      "speed": 1.0,
      "dir": 0.43240777557053894,
      "vx": 0.9079593845004512,
      "vy": 0.41905817746174795
    },
    "36": {
      "x": 63.95,
      "y": 5.45,
      "speed": 1.0,
      "dir": 0.36254423726450685,
      "vx": 0.9349975263177838,
      "vy": 0.35465423412053787
    },
    "37": {
      "x": 65.35,
      "y": 6.050000000000001,
      "speed": 1.0,
      "dir": 0.40489178628508593,
      "vx": 0.9191450300180569,
      "vy": 0.39391929857916996
    },
    "38": {
      "x": 66.65,
      "y": 6.65,
      "speed": 1.0,
      "dir": 0.43240777557053434,
      "vx": 0.9079593845004532,
      "vy": 0.41905817746174373
    },
    "39": {
      "x": 68.05,
      "y": 7.25,
      "speed": 1.0,
      "dir": 0.4048917862850854,
      "vx": 0.919145030018057,
      "vy": 0.39391929857916946
    },
    "40": {
      "x": 69.45,
      "y": 7.85,
      "speed": 1.0,
      "dir": 0.40489178628508177,
      "vx": 0.9191450300180586,
      "vy": 0.39391929857916613
    },
    "41": {
      "x": 70.75,
      "y": 8.55,
      "speed": 1.0,
      "dir": 0.49394136891958274,
      "vx": 0.8804710999221745,
      "vy": 0.4740998230350188
    },
    "42": {
      "x": 72.15,
      "y": 9.15,
      "speed": 1.0,
      "dir": 0.40489178628508177,
      "vx": 0.9191450300180586,
      "vy": 0.39391929857916613
    },
    "43": {
      "x": 73.55,
      "y": 9.75,
      "speed": 1.0,
      "dir": 0.4048917862850854,
      "vx": 0.919145030018057,
      "vy": 0.39391929857916946
    },
    "44": {
      "x": 74.85,
      "y": 10.4,
      "speed": 1.0,
      "dir": 0.46364760900080715,
      "vx": 0.8944271909999154,
      "vy": 0.44721359549995887
    },
    "45": {
      "x": 76.25,
      "y": 10.95,