frame,red,green,uncertain,session_id,rg_outcome,trial_id,global_trial_name
0,0,0,1,168,red,1899,T5B
1,0,0,1,168,red,1899,T5B
2,0,0,1,168,red,1899,T5B
3,0,0,1,168,red,1899,T5B
4,0,0,1,168,red,1899,T5B
5,0,0,1,168,red,1899,T5B
6,0,0,1,168,red,1899,T5B
7,0,0,1,168,red,1899,T5B
8,0,0,1,168,red,1899,T5B
9,0,0,1,168,red,1899,T5B
10,0,0,1,168,red,1899,T5B
11,0,0,1,168,red,1899,T5B
12,0,0,1,168,red,1899,T5B
13,0,0,1,168,red,1899,T5B
14,0,0,1,168,red,1899,T5B
15,0,0,1,168,red,1899,T5B
16,0,0,1,168,red,1899,T5B
17,0,0,1,168,red,1899,T5B
18,0,0,1,168,red,1899,T5B
19,0,0,1,168,red,1899,T5B
20,0,0,1,168,red,1899,T5B
21,0,0,1,168,red,1899,T5B
22,0,0,1,168,red,1899,T5B
23,0,0,1,168,red,1899,T5B
24,0,0,1,168,red,1899,T5B
25,0,0,1,168,red,1899,T5B
26,0,0,1,168,red,1899,T5B
27,0,0,1,168,red,1899,T5B
28,0,0,1,168,red,1899,T5B
29,0,0,1,168,red,1899,T5B
30,0,0,1,168,red,1899,T5B
31,0,0,1,168,red,1899,T5B
32,0,0,1,168,red,1899,T5B
33,0,0,1,168,red,1899,T5B
34,0,0,1,168,red,1899,T5B
35,0,0,1,168,red,1899,T5B
36,0,0,1,168,red,1899,T5B
37,0,0,1,168,red,1899,T5B
38,0,0,1,168,red,1899,T5B
39,0,0,1,168,red,1899,T5B
40,0,0,1,168,red,1899,T5B
41,0,0,1,168,red,1899,T5B
42,0,0,1,168,red,1899,T5B
43,0,0,1,168,red,1899,T5B
44,0,0,1,168,red,1899,T5B
45,0,0,1,168,red,1899,T5B
46,0,0,1,168,red,1899,T5B
47,0,0,1,168,red,1899,T5B
48,0,0,1,168,red,1899,T5B
49,1,0,0,168,red,1899,T5B
50,1,0,0,168,red,1899,T5B
51,1,0,0,168,red,1899,T5B
52,1,0,0,168,red,1899,T5B
53,1,0,0,168,red,1899,T5B
54,1,0,0,168,red,1899,T5B
55,1,0,0,168,red,1899,T5B
56,1,0,0,168,red,1899,T5B
57,1,0,0,168,red,1899,T5B
58,1,0,0,168,red,1899,T5B
59,1,0,0,168,red,1899,T5B
60,1,0,0,168,red,1899,T5B
61,1,0,0,168,red,1899,T5B
62,1,0,0,168,red,1899,T5B
63,1,0,0,168,red,1899,T5B
64,1,0,0,168,red,1899,T5B
65,1,0,0,168,red,1899,T5B
66,1,0,0,168,red,1899,T5B
67,1,0,0,168,red,1899,T5B
68,1,0,0,168,red,1899,T5B
69,1,0,0,168,red,1899,T5B
70,1,0,0,168,red,1899,T5B
71,1,0,0,168,red,1899,T5B
72,1,0,0,168,red,1899,T5B
73,1,0,0,168,red,1899,T5B
74,1,0,0,168,red,1899,T5B
75,1,0,0,168,red,1899,T5B
76,1,0,0,168,red,1899,T5B
77,1,0,0,168,red,1899,T5B
78,1,0,0,168,red,1899,T5B
79,1,0,0,168,red,1899,T5B
80,1,0,0,168,red,1899,T5B
81,1,0,0,168,red,1899,T5B
82,1,0,0,168,red,1899,T5B
83,1,0,0,168,red,1899,T5B
84,1,0,0,168,red,1899,T5B
85,1,0,0,168,red,1899,T5B
86,1,0,0,168,red,1899,T5B
87,1,0,0,168,red,1899,T5B
88,1,0,0,168,red,1899,T5B
89,1,0,0,168,red,1899,T5B
90,1,0,0,168,red,1899,T5B
91,1,0,0,168,red,1899,T5B
92,1,0,0,168,red,1899,T5B
93,1,0,0,168,red,1899,T5B
94,1,0,0,168,red,1899,T5B
95,1,0,0,168,red,1899,T5B
96,1,0,0,168,red,1899,T5B
97,1,0,0,168,red,1899,T5B
98,1,0,0,168,red,1899,T5B
99,1,0,0,168,red,1899,T5B
100,1,0,0,168,red,1899,T5B
101,1,0,0,168,red,1899,T5B
102,1,0,0,168,red,1899,T5B
103,1,0,0,168,red,1899,T5B
104,1,0,0,168,red,1899,T5B
105,1,0,0,168,red,1899,T5B
106,1,0,0,168,red,1899,T5B
107,1,0,0,168,red,1899,T5B
108,1,0,0,168,red,1899,T5B
109,1,0,0,168,red,1899,T5B
110,1,0,0,168,red,1899,T5B
111,1,0,0,168,red,1899,T5B
112,1,0,0,168,red,1899,T5B
113,1,0,0,168,red,1899,T5B
114,1,0,0,168,red,1899,T5B
115,1,0,0,168,red,1899,T5B
116,1,0,0,168,red,1899,T5B
117,1,0,0,168,red,1899,T5B
118,1,0,0,168,red,1899,T5B
119,1,0,0,168,red,1899,T5B
120,1,0,0,168,red,1899,T5B
121,1,0,0,168,red,1899,T5B
122,1,0,0,168,red,1899,T5B
123,1,0,0,168,red,1899,T5B
124,1,0,0,168,red,1899,T5B
125,1,0,0,168,red,1899,T5B
126,1,0,0,168,red,1899,T5B
127,1,0,0,168,red,1899,T5B
128,1,0,0,168,red,1899,T5B
129,1,0,0,168,red,1899,T5B
130,1,0,0,168,red,1899,T5B
131,1,0,0,168,red,1899,T5B
132,1,0,0,168,red,1899,T5B
133,1,0,0,168,red,1899,T5B
134,1,0,0,168,red,1899,T5B
135,1,0,0,168,red,1899,T5B
136,1,0,0,168,red,1899,T5B
137,1,0,0,168,red,1899,T5B
138,1,0,0,168,red,1899,T5B
139,1,0,0,168,red,1899,T5B
140,1,0,0,168,red,1899,T5B
141,1,0,0,168,red,1899,T5B
142,1,0,0,168,red,1899,T5B
143,1,0,0,168,red,1899,T5B
144,1,0,0,168,red,1899,T5B
145,1,0,0,168,red,1899,T5B
146,1,0,0,168,red,1899,T5B
147,1,0,0,168,red,1899,T5B
148,1,0,0,168,red,1899,T5B
149,1,0,0,168,red,1899,T5B
150,1,0,0,168,red,1899,T5B
151,1,0,0,168,red,1899,T5B
152,1,0,0,168,red,1899,T5B
153,1,0,0,168,red,1899,T5B
154,1,0,0,168,red,1899,T5B
155,1,0,0,168,red,1899,T5B
156,1,0,0,168,red,1899,T5B
157,1,0,0,168,red,1899,T5B
158,1,0,0,168,red,1899,T5B
159,1,0,0,168,red,1899,T5B
160,1,0,0,168,red,1899,T5B
161,1,0,0,168,red,1899,T5B
162,1,0,0,168,red,1899,T5B
163,1,0,0,168,red,1899,T5B
164,1,0,0,168,red,1899,T5B
165,1,0,0,168,red,1899,T5B
166,1,0,0,168,red,1899,T5B
167,1,0,0,168,red,1899,T5B
168,1,0,0,168,red,1899,T5B
169,1,0,0,168,red,1899,T5B
170,1,0,0,168,red,1899,T5B
171,1,0,0,168,red,1899,T5B
172,1,0,0,168,red,1899,T5B
173,1,0,0,168,red,1899,T5B
174,1,0,0,168,red,1899,T5B
175,1,0,0,168,red,1899,T5B
176,1,0,0,168,red,1899,T5B
177,1,0,0,168,red,1899,T5B
178,1,0,0,168,red,1899,T5B
179,1,0,0,168,red,1899,T5B
180,1,0,0,168,red,1899,T5B
181,1,0,0,168,red,1899,T5B
182,1,0,0,168,red,1899,T5B
183,1,0,0,168,red,1899,T5B
184,1,0,0,168,red,1899,T5B
185,1,0,0,168,red,1899,T5B
186,1,0,0,168,red,1899,T5B
187,1,0,0,168,red,1899,T5B
188,1,0,0,168,red,1899,T5B
189,1,0,0,168,red,1899,T5B
190,1,0,0,168,red,1899,T5B
191,1,0,0,168,red,1899,T5B
192,1,0,0,168,red,1899,T5B
193,1,0,0,168,red,1899,T5B
194,1,0,0,168,red,1899,T5B
195,1,0,0,168,red,1899,T5B
196,1,0,0,168,red,1899,T5B
197,1,0,0,168,red,1899,T5B
198,1,0,0,168,red,1899,T5B
199,1,0,0,168,red,1899,T5B
200,1,0,0,168,red,1899,T5B
201,1,0,0,168,red,1899,T5B
202,1,0,0,168,red,1899,T5B
203,1,0,0,168,red,1899,T5B
0,0,0,1,169,red,1957,T5B
1,0,0,1,169,red,1957,T5B
2,0,0,1,169,red,1957,T5B
3,0,0,1,169,red,1957,T5B
4,0,0,1,169,red,1957,T5B
5,0,0,1,169,red,1957,T5B
6,0,0,1,169,red,1957,T5B
7,0,0,1,169,red,1957,T5B
8,0,0,1,169,red,1957,T5B
9,0,0,1,169,red,1957,T5B
10,0,0,1,169,red,1957,T5B
11,0,0,1,169,red,1957,T5B
12,0,0,1,169,red,1957,T5B
13,0,0,1,169,red,1957,T5B
14,0,0,1,169,red,1957,T5B
15,0,0,1,169,red,1957,T5B
16,0,0,1,169,red,1957,T5B
17,0,0,1,169,red,1957,T5B
18,0,0,1,169,red,1957,T5B
19,0,0,1,169,red,1957,T5B
20,0,0,1,169,red,1957,T5B
21,0,0,1,169,red,1957,T5B
22,0,0,1,169,red,1957,T5B
23,0,0,1,169,red,1957,T5B
24,0,0,1,169,red,1957,T5B
25,0,0,1,169,red,1957,T5B
26,0,0,1,169,red,1957,T5B
27,0,0,1,169,red,1957,T5B
28,0,0,1,169,red,1957,T5B
29,0,0,1,169,red,1957,T5B
30,0,0,1,169,red,1957,T5B
31,0,0,1,169,red,1957,T5B
32,0,0,1,169,red,1957,T5B
33,0,0,1,169,red,1957,T5B
34,0,0,1,169,red,1957,T5B
35,0,0,1,169,red,1957,T5B
36,0,0,1,169,red,1957,T5B
37,0,0,1,169,red,1957,T5B
38,0,0,1,169,red,1957,T5B
39,0,0,1,169,red,1957,T5B
40,0,0,1,169,red,1957,T5B
41,0,0,1,169,red,1957,T5B
42,0,0,1,169,red,1957,T5B
43,0,0,1,169,red,1957,T5B
44,0,0,1,169,red,1957,T5B
45,0,0,1,169,red,1957,T5B
46,0,0,1,169,red,1957,T5B
47,0,0,1,169,red,1957,T5B
48,0,0,1,169,red,1957,T5B
49,0,0,1,169,red,1957,T5B
50,0,0,1,169,red,1957,T5B
51,0,0,1,169,red,1957,T5B
52,0,0,1,169,red,1957,T5B
53,0,0,1,169,red,1957,T5B
54,0,0,1,169,red,1957,T5B
55,0,0,1,169,red,1957,T5B
56,0,0,1,169,red,1957,T5B
57,0,0,1,169,red,1957,T5B
58,0,0,1,169,red,1957,T5B
59,0,0,1,169,red,1957,T5B
60,0,0,1,169,red,1957,T5B
61,0,0,1,169,red,1957,T5B
62,0,0,1,169,red,1957,T5B
63,0,0,1,169,red,1957,T5B
64,0,0,1,169,red,1957,T5B
65,1,0,0,169,red,1957,T5B
66,1,0,0,169,red,1957,T5B
67,1,0,0,169,red,1957,T5B
68,1,0,0,169,red,1957,T5B
69,1,0,0,169,red,1957,T5B
70,1,0,0,169,red,1957,T5B
71,1,0,0,169,red,1957,T5B
72,1,0,0,169,red,1957,T5B
73,1,0,0,169,red,1957,T5B
74,1,0,0,169,red,1957,T5B
75,1,0,0,169,red,1957,T5B
76,1,0,0,169,red,1957,T5B
77,1,0,0,169,red,1957,T5B
78,1,0,0,169,red,1957,T5B
79,1,0,0,169,red,1957,T5B
80,1,0,0,169,red,1957,T5B
81,1,0,0,169,red,1957,T5B
82,1,0,0,169,red,1957,T5B
83,1,0,0,169,red,1957,T5B
84,1,0,0,169,red,1957,T5B
85,1,0,0,169,red,1957,T5B
86,1,0,0,169,red,1957,T5B
87,1,0,0,169,red,1957,T5B
88,1,0,0,169,red,1957,T5B
89,1,0,0,169,red,1957,T5B
90,1,0,0,169,red,1957,T5B
91,1,0,0,169,red,1957,T5B
92,1,0,0,169,red,1957,T5B
93,1,0,0,169,red,1957,T5B
94,1,0,0,169,red,1957,T5B
95,1,0,0,169,red,1957,T5B
96,1,0,0,169,red,1957,T5B
97,1,0,0,169,red,1957,T5B
98,1,0,0,169,red,1957,T5B
99,1,0,0,169,red,1957,T5B
100,1,0,0,169,red,1957,T5B
101,1,0,0,169,red,1957,T5B
102,1,0,0,169,red,1957,T5B
103,1,0,0,169,red,1957,T5B
104,1,0,0,169,red,1957,T5B
105,1,0,0,169,red,1957,T5B
106,1,0,0,169,red,1957,T5B
107,1,0,0,169,red,1957,T5B
108,1,0,0,169,red,1957,T5B
109,1,0,0,169,red,1957,T5B
110,1,0,0,169,red,1957,T5B
111,1,0,0,169,red,1957,T5B
112,1,0,0,169,red,1957,T5B
113,1,0,0,169,red,1957,T5B
114,1,0,0,169,red,1957,T5B
115,1,0,0,169,red,1957,T5B
116,1,0,0,169,red,1957,T5B
117,1,0,0,169,red,1957,T5B
118,1,0,0,169,red,1957,T5B
119,1,0,0,169,red,1957,T5B
120,1,0,0,169,red,1957,T5B
121,1,0,0,169,red,1957,T5B
122,1,0,0,169,red,1957,T5B
123,1,0,0,169,red,1957,T5B
124,1,0,0,169,red,1957,T5B
125,1,0,0,169,red,1957,T5B
126,1,0,0,169,red,1957,T5B
127,1,0,0,169,red,1957,T5B
128,1,0,0,169,red,1957,T5B
129,1,0,0,169,red,1957,T5B
130,1,0,0,169,red,1957,T5B
131,1,0,0,169,red,1957,T5B
132,1,0,0,169,red,1957,T5B
133,1,0,0,169,red,1957,T5B
134,1,0,0,169,red,1957,T5B
135,1,0,0,169,red,1957,T5B
136,1,0,0,169,red,1957,T5B
137,1,0,0,169,red,1957,T5B
138,1,0,0,169,red,1957,T5B
139,1,0,0,169,red,1957,T5B
140,1,0,0,169,red,1957,T5B
141,1,0,0,169,red,1957,T5B
142,1,0,0,169,red,1957,T5B
143,1,0,0,169,red,1957,T5B
144,1,0,0,169,red,1957,T5B
145,1,0,0,169,red,1957,T5B
146,1,0,0,169,red,1957,T5B
147,1,0,0,169,red,1957,T5B
148,1,0,0,169,red,1957,T5B
149,1,0,0,169,red,1957,T5B
150,1,0,0,169,red,1957,T5B
151,1,0,0,169,red,1957,T5B
152,1,0,0,169,red,1957,T5B
153,1,0,0,169,red,1957,T5B
154,1,0,0,169,red,1957,T5B
155,1,0,0,169,red,1957,T5B
156,1,0,0,169,red,1957,T5B
157,1,0,0,169,red,1957,T5B
158,1,0,0,169,red,1957,T5B
159,1,0,0,169,red,1957,T5B
160,1,0,0,169,red,1957,T5B
161,1,0,0,169,red,1957,T5B
162,1,0,0,169,red,1957,T5B
163,1,0,0,169,red,1957,T5B
164,1,0,0,169,red,1957,T5B
165,1,0,0,169,red,1957,T5B
166,1,0,0,169,red,1957,T5B
167,1,0,0,169,red,1957,T5B
168,1,0,0,169,red,1957,T5B
169,1,0,0,169,red,1957,T5B
170,1,0,0,169,red,1957,T5B
171,1,0,0,169,red,1957,T5B
172,1,0,0,169,red,1957,T5B
173,1,0,0,169,red,1957,T5B
174,1,0,0,169,red,1957,T5B
175,1,0,0,169,red,1957,T5B
176,1,0,0,169,red,1957,T5B
177,1,0,0,169,red,1957,T5B
178,1,0,0,169,red,1957,T5B
179,1,0,0,169,red,1957,T5B
180,1,0,0,169,red,1957,T5B
181,1,0,0,169,red,1957,T5B
182,1,0,0,169,red,1957,T5B
183,1,0,0,169,red,1957,T5B
184,1,0,0,169,red,1957,T5B
185,1,0,0,169,red,1957,T5B
186,1,0,0,169,red,1957,T5B
187,1,0,0,169,red,1957,T5B
188,1,0,0,169,red,1957,T5B
189,1,0,0,169,red,1957,T5B
190,1,0,0,169,red,1957,T5B
191,1,0,0,169,red,1957,T5B
192,1,0,0,169,red,1957,T5B
193,1,0,0,169,red,1957,T5B
194,1,0,0,169,red,1957,T5B
195,1,0,0,169,red,1957,T5B
196,1,0,0,169,red,1957,T5B
197,1,0,0,169,red,1957,T5B
198,1,0,0,169,red,1957,T5B
199,1,0,0,169,red,1957,T5B
200,1,0,0,169,red,1957,T5B
201,1,0,0,169,red,1957,T5B
202,1,0,0,169,red,1957,T5B
203,1,0,0,169,red,1957,T5B
0,0,0,1,170,red,1993,T5B
1,0,0,1,170,red,1993,T5B
2,0,0,1,170,red,1993,T5B
3,0,0,1,170,red,1993,T5B
4,0,0,1,170,red,1993,T5B
5,0,0,1,170,red,1993,T5B
6,0,0,1,170,red,1993,T5B
7,0,0,1,170,red,1993,T5B
8,0,0,1,170,red,1993,T5B
9,0,0,1,170,red,1993,T5B
10,0,0,1,170,red,1993,T5B
11,0,0,1,170,red,1993,T5B
12,0,0,1,170,red,1993,T5B
13,0,0,1,170,red,1993,T5B
14,0,0,1,170,red,1993,T5B
15,0,0,1,170,red,1993,T5B
16,0,0,1,170,red,1993,T5B
17,0,0,1,170,red,1993,T5B
18,0,0,1,170,red,1993,T5B
19,0,0,1,170,red,1993,T5B
20,0,0,1,170,red,1993,T5B
21,0,0,1,170,red,1993,T5B
22,0,0,1,170,red,1993,T5B
23,0,0,1,170,red,1993,T5B
24,0,0,1,170,red,1993,T5B
25,0,0,1,170,red,1993,T5B
26,0,0,1,170,red,1993,T5B
27,0,0,1,170,red,1993,T5B
28,0,0,1,170,red,1993,T5B
29,0,0,1,170,red,1993,T5B
30,0,0,1,170,red,1993,T5B
31,0,0,1,170,red,1993,T5B
32,0,0,1,170,red,1993,T5B
33,0,0,1,170,red,1993,T5B
34,0,0,1,170,red,1993,T5B
35,0,0,1,170,red,1993,T5B
36,0,0,1,170,red,1993,T5B
37,0,0,1,170,red,1993,T5B
38,0,0,1,170,red,1993,T5B
39,0,0,1,170,red,1993,T5B
40,0,0,1,170,red,1993,T5B
41,0,0,1,170,red,1993,T5B
42,0,0,1,170,red,1993,T5B
43,0,0,1,170,red,1993,T5B
44,0,0,1,170,red,1993,T5B
45,0,0,1,170,red,1993,T5B
46,0,0,1,170,red,1993,T5B
47,0,0,1,170,red,1993,T5B
48,0,0,1,170,red,1993,T5B
49,0,0,1,170,red,1993,T5B
50,0,0,1,170,red,1993,T5B
51,0,0,1,170,red,1993,T5B
52,0,0,1,170,red,1993,T5B
53,0,0,1,170,red,1993,T5B
54,0,0,1,170,red,1993,T5B
55,0,0,1,170,red,1993,T5B
56,0,0,1,170,red,1993,T5B
57,0,0,1,170,red,1993,T5B
58,0,0,1,170,red,1993,T5B
59,0,0,1,170,red,1993,T5B
60,1,0,0,170,red,1993,T5B
61,1,0,0,170,red,1993,T5B
62,1,0,0,170,red,1993,T5B
63,1,0,0,170,red,1993,T5B
64,1,0,0,170,red,1993,T5B
65,1,0,0,170,red,1993,T5B
66,1,0,0,170,red,1993,T5B
67,1,0,0,170,red,1993,T5B
68,1,0,0,170,red,1993,T5B
69,1,0,0,170,red,1993,T5B
70,1,0,0,170,red,1993,T5B
71,1,0,0,170,red,1993,T5B
72,1,0,0,170,red,1993,T5B
73,1,0,0,170,red,1993,T5B
74,1,0,0,170,red,1993,T5B
75,1,0,0,170,red,1993,T5B
76,1,0,0,170,red,1993,T5B
77,1,0,0,170,red,1993,T5B
78,1,0,0,170,red,1993,T5B
79,1,0,0,170,red,1993,T5B
80,1,0,0,170,red,1993,T5B
81,1,0,0,170,red,1993,T5B
82,1,0,0,170,red,1993,T5B
83,1,0,0,170,red,1993,T5B
84,1,0,0,170,red,1993,T5B
85,1,0,0,170,red,1993,T5B
86,1,0,0,170,red,1993,T5B
87,1,0,0,170,red,1993,T5B
88,1,0,0,170,red,1993,T5B
89,1,0,0,170,red,1993,T5B
90,1,0,0,170,red,1993,T5B
91,1,0,0,170,red,1993,T5B
92,1,0,0,170,red,1993,T5B
93,1,0,0,170,red,1993,T5B
94,1,0,0,170,red,1993,T5B
95,1,0,0,170,red,1993,T5B
96,1,0,0,170,red,1993,T5B
97,1,0,0,170,red,1993,T5B
98,1,0,0,170,red,1993,T5B
99,1,0,0,170,red,1993,T5B
100,1,0,0,170,red,1993,T5B
101,1,0,0,170,red,1993,T5B
102,1,0,0,170,red,1993,T5B
103,1,0,0,170,red,1993,T5B
104,1,0,0,170,red,1993,T5B
105,1,0,0,170,red,1993,T5B
106,1,0,0,170,red,1993,T5B
107,1,0,0,170,red,1993,T5B
108,1,0,0,170,red,1993,T5B
109,1,0,0,170,red,1993,T5B
110,1,0,0,170,red,1993,T5B
111,1,0,0,170,red,1993,T5B
112,1,0,0,170,red,1993,T5B
113,1,0,0,170,red,1993,T5B
114,1,0,0,170,red,1993,T5B
115,1,0,0,170,red,1993,T5B
116,1,0,0,170,red,1993,T5B
117,1,0,0,170,red,1993,T5B
118,1,0,0,170,red,1993,T5B
119,1,0,0,170,red,1993,T5B
120,1,0,0,170,red,1993,T5B
121,1,0,0,170,red,1993,T5B
122,1,0,0,170,red,1993,T5B
123,1,0,0,170,red,1993,T5B
124,1,0,0,170,red,1993,T5B
125,1,0,0,170,red,1993,T5B
126,1,0,0,170,red,1993,T5B
127,1,0,0,170,red,1993,T5B
128,1,0,0,170,red,1993,T5B
129,1,0,0,170,red,1993,T5B
130,1,0,0,170,red,1993,T5B
131,1,0,0,170,red,1993,T5B
132,1,0,0,170,red,1993,T5B
133,1,0,0,170,red,1993,T5B
134,1,0,0,170,red,1993,T5B
135,1,0,0,170,red,1993,T5B
136,1,0,0,170,red,1993,T5B
137,1,0,0,170,red,1993,T5B
138,1,0,0,170,red,1993,T5B
139,1,0,0,170,red,1993,T5B
140,1,0,0,170,red,1993,T5B
141,1,0,0,170,red,1993,T5B
142,1,0,0,170,red,1993,T5B
143,1,0,0,170,red,1993,T5B
144,1,0,0,170,red,1993,T5B
145,1,0,0,170,red,1993,T5B
146,1,0,0,170,red,1993,T5B
147,1,0,0,170,red,1993,T5B
148,1,0,0,170,red,1993,T5B
149,1,0,0,170,red,1993,T5B
150,1,0,0,170,red,1993,T5B
151,1,0,0,170,red,1993,T5B
152,1,0,0,170,red,1993,T5B
153,1,0,0,170,red,1993,T5B
154,1,0,0,170,red,1993,T5B
155,1,0,0,170,red,1993,T5B
156,1,0,0,170,red,1993,T5B
157,1,0,0,170,red,1993,T5B
158,1,0,0,170,red,1993,T5B
159,1,0,0,170,red,1993,T5B
160,1,0,0,170,red,1993,T5B
161,1,0,0,170,red,1993,T5B
162,1,0,0,170,red,1993,T5B
163,1,0,0,170,red,1993,T5B
164,1,0,0,170,red,1993,T5B
165,1,0,0,170,red,1993,T5B
166,1,0,0,170,red,1993,T5B
167,1,0,0,170,red,1993,T5B
168,1,0,0,170,red,1993,T5B
169,1,0,0,170,red,1993,T5B
170,1,0,0,170,red,1993,T5B
171,1,0,0,170,red,1993,T5B
172,1,0,0,170,red,1993,T5B
173,1,0,0,170,red,1993,T5B
174,1,0,0,170,red,1993,T5B
175,1,0,0,170,red,1993,T5B
176,1,0,0,170,red,1993,T5B
177,1,0,0,170,red,1993,T5B
178,1,0,0,170,red,1993,T5B
179,1,0,0,170,red,1993,T5B
180,1,0,0,170,red,1993,T5B
181,1,0,0,170,red,1993,T5B
182,1,0,0,170,red,1993,T5B
183,1,0,0,170,red,1993,T5B
184,1,0,0,170,red,1993,T5B
185,1,0,0,170,red,1993,T5B
186,1,0,0,170,red,1993,T5B
187,1,0,0,170,red,1993,T5B
188,1,0,0,170,red,1993,T5B
189,1,0,0,170,red,1993,T5B
190,1,0,0,170,red,1993,T5B
191,1,0,0,170,red,1993,T5B
192,1,0,0,170,red,1993,T5B
193,1,0,0,170,red,1993,T5B
194,1,0,0,170,red,1993,T5B
195,1,0,0,170,red,1993,T5B
196,1,0,0,170,red,1993,T5B
197,1,0,0,170,red,1993,T5B
198,1,0,0,170,red,1993,T5B
199,1,0,0,170,red,1993,T5B
200,1,0,0,170,red,1993,T5B
201,1,0,0,170,red,1993,T5B
202,1,0,0,170,red,1993,T5B
203,1,0,0,170,red,1993,T5B
0,0,0,1,171,red,2031,T5B
1,0,0,1,171,red,2031,T5B
2,0,0,1,171,red,2031,T5B
3,0,0,1,171,red,2031,T5B
4,0,0,1,171,red,2031,T5B
5,0,0,1,171,red,2031,T5B
6,0,0,1,171,red,2031,T5B
7,0,0,1,171,red,2031,T5B
8,0,0,1,171,red,2031,T5B
9,0,0,1,171,red,2031,T5B
10,0,0,1,171,red,2031,T5B
11,0,0,1,171,red,2031,T5B
12,0,0,1,171,red,2031,T5B
13,0,0,1,171,red,2031,T5B
14,0,0,1,171,red,2031,T5B
15,0,0,1,171,red,2031,T5B
16,0,0,1,171,red,2031,T5B
17,0,0,1,171,red,2031,T5B
18,0,0,1,171,red,2031,T5B
19,0,0,1,171,red,2031,T5B
20,0,0,1,171,red,2031,T5B
21,0,0,1,171,red,2031,T5B
22,0,0,1,171,red,2031,T5B
23,0,0,1,171,red,2031,T5B
24,0,0,1,171,red,2031,T5B
25,0,0,1,171,red,2031,T5B
26,0,0,1,171,red,2031,T5B
27,0,0,1,171,red,2031,T5B
28,0,0,1,171,red,2031,T5B
29,0,0,1,171,red,2031,T5B
30,0,0,1,171,red,2031,T5B
31,0,0,1,171,red,2031,T5B
32,0,0,1,171,red,2031,T5B
33,0,0,1,171,red,2031,T5B
34,0,0,1,171,red,2031,T5B
35,0,0,1,171,red,2031,T5B
36,0,0,1,171,red,2031,T5B
37,0,0,1,171,red,2031,T5B
38,0,0,1,171,red,2031,T5B
39,0,0,1,171,red,2031,T5B
40,0,0,1,171,red,2031,T5B
41,0,0,1,171,red,2031,T5B
42,0,0,1,171,red,2031,T5B
43,0,0,1,171,red,2031,T5B
44,0,0,1,171,red,2031,T5B
45,0,0,1,171,red,2031,T5B
46,0,0,1,171,red,2031,T5B
47,0,0,1,171,red,2031,T5B
48,0,0,1,171,red,2031,T5B
49,0,0,1,171,red,2031,T5B
50,0,0,1,171,red,2031,T5B
51,0,0,1,171,red,2031,T5B
52,0,0,1,171,red,2031,T5B
53,0,0,1,171,red,2031,T5B
54,0,0,1,171,red,2031,T5B
55,0,0,1,171,red,2031,T5B
56,0,0,1,171,red,2031,T5B
57,0,0,1,171,red,2031,T5B
58,0,0,1,171,red,2031,T5B
59,0,0,1,171,red,2031,T5B
60,0,0,1,171,red,2031,T5B
61,0,1,0,171,red,2031,T5B
62,0,1,0,171,red,2031,T5B
63,0,1,0,171,red,2031,T5B
64,0,1,0,171,red,2031,T5B
65,0,1,0,171,red,2031,T5B
66,0,1,0,171,red,2031,T5B
67,0,1,0,171,red,2031,T5B
68,0,1,0,171,red,2031,T5B
69,0,1,0,171,red,2031,T5B
70,0,1,0,171,red,2031,T5B
71,0,1,0,171,red,2031,T5B
72,0,1,0,171,red,2031,T5B
73,0,1,0,171,red,2031,T5B
74,0,1,0,171,red,2031,T5B
75,0,1,0,171,red,2031,T5B
76,0,1,0,171,red,2031,T5B
77,0,1,0,171,red,2031,T5B
78,0,1,0,171,red,2031,T5B
79,0,1,0,171,red,2031,T5B
80,0,1,0,171,red,2031,T5B
81,0,1,0,171,red,2031,T5B
82,0,1,0,171,red,2031,T5B
83,0,1,0,171,red,2031,T5B
84,0,1,0,171,red,2031,T5B
85,0,1,0,171,red,2031,T5B
86,0,1,0,171,red,2031,T5B
87,0,1,0,171,red,2031,T5B
88,1,0,0,171,red,2031,T5B
89,1,0,0,171,red,2031,T5B
90,1,0,0,171,red,2031,T5B
91,1,0,0,171,red,2031,T5B
92,1,0,0,171,red,2031,T5B
93,1,0,0,171,red,2031,T5B
94,1,0,0,171,red,2031,T5B
95,1,0,0,171,red,2031,T5B
96,1,0,0,171,red,2031,T5B
97,1,0,0,171,red,2031,T5B
98,1,0,0,171,red,2031,T5B
99,1,0,0,171,red,2031,T5B
100,1,0,0,171,red,2031,T5B
101,1,0,0,171,red,2031,T5B
102,1,0,0,171,red,2031,T5B
103,1,0,0,171,red,2031,T5B
104,1,0,0,171,red,2031,T5B
105,1,0,0,171,red,2031,T5B
106,1,0,0,171,red,2031,T5B
107,1,0,0,171,red,2031,T5B
108,1,0,0,171,red,2031,T5B
109,1,0,0,171,red,2031,T5B
110,1,0,0,171,red,2031,T5B
111,1,0,0,171,red,2031,T5B
112,1,0,0,171,red,2031,T5B
113,1,0,0,171,red,2031,T5B
114,1,0,0,171,red,2031,T5B
115,1,0,0,171,red,2031,T5B
116,1,0,0,171,red,2031,T5B
117,1,0,0,171,red,2031,T5B
118,1,0,0,171,red,2031,T5B
119,1,0,0,171,red,2031,T5B
120,1,0,0,171,red,2031,T5B
121,1,0,0,171,red,2031,T5B
122,1,0,0,171,red,2031,T5B
123,1,0,0,171,red,2031,T5B
124,1,0,0,171,red,2031,T5B
125,1,0,0,171,red,2031,T5B
126,1,0,0,171,red,2031,T5B
127,1,0,0,171,red,2031,T5B
128,1,0,0,171,red,2031,T5B
129,1,0,0,171,red,2031,T5B
130,1,0,0,171,red,2031,T5B
131,1,0,0,171,red,2031,T5B
132,1,0,0,171,red,2031,T5B
133,1,0,0,171,red,2031,T5B
134,1,0,0,171,red,2031,T5B
135,1,0,0,171,red,2031,T5B
136,1,0,0,171,red,2031,T5B
137,1,0,0,171,red,2031,T5B
138,1,0,0,171,red,2031,T5B
139,1,0,0,171,red,2031,T5B
140,1,0,0,171,red,2031,T5B
141,1,0,0,171,red,2031,T5B
142,1,0,0,171,red,2031,T5B
143,1,0,0,171,red,2031,T5B
144,1,0,0,171,red,2031,T5B
145,1,0,0,171,red,2031,T5B
146,1,0,0,171,red,2031,T5B
147,1,0,0,171,red,2031,T5B
148,1,0,0,171,red,2031,T5B
149,1,0,0,171,red,2031,T5B
150,1,0,0,171,red,2031,T5B
151,1,0,0,171,red,2031,T5B
152,1,0,0,171,red,2031,T5B
153,1,0,0,171,red,2031,T5B
154,1,0,0,171,red,2031,T5B
155,1,0,0,171,red,2031,T5B
156,1,0,0,171,red,2031,T5B
157,1,0,0,171,red,2031,T5B
158,1,0,0,171,red,2031,T5B
159,1,0,0,171,red,2031,T5B
160,1,0,0,171,red,2031,T5B
161,1,0,0,171,red,2031,T5B
162,1,0,0,171,red,2031,T5B
163,1,0,0,171,red,2031,T5B
164,1,0,0,171,red,2031,T5B
165,1,0,0,171,red,2031,T5B
166,1,0,0,171,red,2031,T5B
167,1,0,0,171,red,2031,T5B
168,1,0,0,171,red,2031,T5B
169,1,0,0,171,red,2031,T5B
170,1,0,0,171,red,2031,T5B
171,1,0,0,171,red,2031,T5B
172,1,0,0,171,red,2031,T5B
173,1,0,0,171,red,2031,T5B
174,1,0,0,171,red,2031,T5B
175,1,0,0,171,red,2031,T5B
176,1,0,0,171,red,2031,T5B
177,1,0,0,171,red,2031,T5B
178,1,0,0,171,red,2031,T5B
179,1,0,0,171,red,2031,T5B
180,1,0,0,171,red,2031,T5B
181,1,0,0,171,red,2031,T5B
182,1,0,0,171,red,2031,T5B
183,1,0,0,171,red,2031,T5B
184,1,0,0,171,red,2031,T5B
185,1,0,0,171,red,2031,T5B
186,1,0,0,171,red,2031,T5B
187,1,0,0,171,red,2031,T5B
188,1,0,0,171,red,2031,T5B
189,1,0,0,171,red,2031,T5B
190,1,0,0,171,red,2031,T5B
191,1,0,0,171,red,2031,T5B
192,1,0,0,171,red,2031,T5B
193,1,0,0,171,red,2031,T5B
194,1,0,0,171,red,2031,T5B
195,1,0,0,171,red,2031,T5B
196,1,0,0,171,red,2031,T5B
197,1,0,0,171,red,2031,T5B
198,1,0,0,171,red,2031,T5B
199,1,0,0,171,red,2031,T5B
200,1,0,0,171,red,2031,T5B
201,1,0,0,171,red,2031,T5B
202,1,0,0,171,red,2031,T5B
203,1,0,0,171,red,2031,T5B
0,0,0,1,172,red,1998,T5B
1,0,0,1,172,red,1998,T5B
2,0,0,1,172,red,1998,T5B
3,0,0,1,172,red,1998,T5B
4,0,0,1,172,red,1998,T5B
5,0,0,1,172,red,1998,T5B
6,0,0,1,172,red,1998,T5B
7,0,0,1,172,red,1998,T5B
8,0,0,1,172,red,1998,T5B
9,0,0,1,172,red,1998,T5B
10,0,0,1,172,red,1998,T5B
11,0,0,1,172,red,1998,T5B
12,0,0,1,172,red,1998,T5B
13,0,0,1,172,red,1998,T5B
14,0,0,1,172,red,1998,T5B
15,0,0,1,172,red,1998,T5B
16,0,0,1,172,red,1998,T5B
17,0,0,1,172,red,1998,T5B
18,0,0,1,172,red,1998,T5B
19,0,0,1,172,red,1998,T5B
20,0,0,1,172,red,1998,T5B
21,0,0,1,172,red,1998,T5B
22,0,0,1,172,red,1998,T5B
23,0,0,1,172,red,1998,T5B
24,0,0,1,172,red,1998,T5B
25,0,0,1,172,red,1998,T5B
26,0,0,1,172,red,1998,T5B
27,0,0,1,172,red,1998,T5B
28,0,0,1,172,red,1998,T5B
29,0,0,1,172,red,1998,T5B
30,0,0,1,172,red,1998,T5B
31,0,0,1,172,red,1998,T5B
32,0,0,1,172,red,1998,T5B
33,0,0,1,172,red,1998,T5B
34,0,0,1,172,red,1998,T5B
35,0,0,1,172,red,1998,T5B
36,0,0,1,172,red,1998,T5B
37,0,0,1,172,red,1998,T5B
38,0,0,1,172,red,1998,T5B
39,0,0,1,172,red,1998,T5B
40,0,0,1,172,red,1998,T5B
41,0,0,1,172,red,1998,T5B
42,0,0,1,172,red,1998,T5B
43,0,0,1,172,red,1998,T5B
44,0,0,1,172,red,1998,T5B
45,0,0,1,172,red,1998,T5B
46,0,0,1,172,red,1998,T5B
47,0,0,1,172,red,1998,T5B
48,0,0,1,172,red,1998,T5B
49,0,0,1,172,red,1998,T5B
50,0,0,1,172,red,1998,T5B
51,0,0,1,172,red,1998,T5B
52,0,0,1,172,red,1998,T5B
53,0,0,1,172,red,1998,T5B
54,0,0,1,172,red,1998,T5B
55,0,0,1,172,red,1998,T5B
56,0,0,1,172,red,1998,T5B
57,0,0,1,172,red,1998,T5B
58,0,0,1,172,red,1998,T5B
59,0,0,1,172,red,1998,T5B
60,0,0,1,172,red,1998,T5B
61,0,0,1,172,red,1998,T5B
62,0,0,1,172,red,1998,T5B
63,1,0,0,172,red,1998,T5B
64,1,0,0,172,red,1998,T5B
65,1,0,0,172,red,1998,T5B
66,1,0,0,172,red,1998,T5B
67,1,0,0,172,red,1998,T5B
68,0,0,1,172,red,1998,T5B
69,0,0,1,172,red,1998,T5B
70,0,0,1,172,red,1998,T5B
71,0,0,1,172,red,1998,T5B
72,0,0,1,172,red,1998,T5B
73,0,0,1,172,red,1998,T5B
74,0,0,1,172,red,1998,T5B
75,0,0,1,172,red,1998,T5B
76,0,0,1,172,red,1998,T5B
77,0,0,1,172,red,1998,T5B
78,0,0,1,172,red,1998,T5B
79,0,0,1,172,red,1998,T5B
80,0,0,1,172,red,1998,T5B
81,0,0,1,172,red,1998,T5B
82,0,0,1,172,red,1998,T5B
83,0,0,1,172,red,1998,T5B
84,0,0,1,172,red,1998,T5B
85,0,0,1,172,red,1998,T5B
86,0,0,1,172,red,1998,T5B
87,0,0,1,172,red,1998,T5B
88,0,0,1,172,red,1998,T5B
89,0,0,1,172,red,1998,T5B
90,0,0,1,172,red,1998,T5B
91,0,0,1,172,red,1998,T5B
92,0,0,1,172,red,1998,T5B
93,0,0,1,172,red,1998,T5B
94,0,0,1,172,red,1998,T5B
95,0,0,1,172,red,1998,T5B
96,0,0,1,172,red,1998,T5B
97,0,0,1,172,red,1998,T5B
98,1,0,0,172,red,1998,T5B
99,1,0,0,172,red,1998,T5B
100,1,0,0,172,red,1998,T5B
101,1,0,0,172,red,1998,T5B
102,1,0,0,172,red,1998,T5B
103,1,0,0,172,red,1998,T5B
104,1,0,0,172,red,1998,T5B
105,1,0,0,172,red,1998,T5B
106,1,0,0,172,red,1998,T5B
107,1,0,0,172,red,1998,T5B
108,1,0,0,172,red,1998,T5B
109,1,0,0,172,red,1998,T5B
110,1,0,0,172,red,1998,T5B
111,1,0,0,172,red,1998,T5B
112,1,0,0,172,red,1998,T5B
113,1,0,0,172,red,1998,T5B
114,1,0,0,172,red,1998,T5B
115,1,0,0,172,red,1998,T5B
116,1,0,0,172,red,1998,T5B
117,1,0,0,172,red,1998,T5B
118,1,0,0,172,red,1998,T5B
119,1,0,0,172,red,1998,T5B
120,1,0,0,172,red,1998,T5B
121,1,0,0,172,red,1998,T5B
122,1,0,0,172,red,1998,T5B
123,1,0,0,172,red,1998,T5B
124,1,0,0,172,red,1998,T5B
125,1,0,0,172,red,1998,T5B
126,1,0,0,172,red,1998,T5B
127,1,0,0,172,red,1998,T5B
128,1,0,0,172,red,1998,T5B
129,1,0,0,172,red,1998,T5B
130,1,0,0,172,red,1998,T5B
131,1,0,0,172,red,1998,T5B
132,1,0,0,172,red,1998,T5B
133,1,0,0,172,red,1998,T5B
134,1,0,0,172,red,1998,T5B
135,1,0,0,172,red,1998,T5B
136,1,0,0,172,red,1998,T5B
137,1,0,0,172,red,1998,T5B
138,1,0,0,172,red,1998,T5B
139,1,0,0,172,red,1998,T5B
140,1,0,0,172,red,1998,T5B
141,1,0,0,172,red,1998,T5B
142,1,0,0,172,red,1998,T5B
143,1,0,0,172,red,1998,T5B
144,1,0,0,172,red,1998,T5B
145,1,0,0,172,red,1998,T5B
146,1,0,0,172,red,1998,T5B
147,1,0,0,172,red,1998,T5B
148,1,0,0,172,red,1998,T5B
149,1,0,0,172,red,1998,T5B
150,1,0,0,172,red,1998,T5B
151,1,0,0,172,red,1998,T5B
152,1,0,0,172,red,1998,T5B
153,1,0,0,172,red,1998,T5B
154,1,0,0,172,red,1998,T5B
155,1,0,0,172,red,1998,T5B
156,1,0,0,172,red,1998,T5B
157,1,0,0,172,red,1998,T5B
158,1,0,0,172,red,1998,T5B
159,1,0,0,172,red,1998,T5B
160,1,0,0,172,red,1998,T5B
161,1,0,0,172,red,1998,T5B
162,1,0,0,172,red,1998,T5B
163,1,0,0,172,red,1998,T5B
164,1,0,0,172,red,1998,T5B
165,1,0,0,172,red,1998,T5B
166,1,0,0,172,red,1998,T5B
167,1,0,0,172,red,1998,T5B
168,1,0,0,172,red,1998,T5B
169,1,0,0,172,red,1998,T5B
170,1,0,0,172,red,1998,T5B
171,1,0,0,172,red,1998,T5B
172,1,0,0,172,red,1998,T5B
173,1,0,0,172,red,1998,T5B
174,1,0,0,172,red,1998,T5B
175,1,0,0,172,red,1998,T5B
176,1,0,0,172,red,1998,T5B
177,1,0,0,172,red,1998,T5B
178,1,0,0,172,red,1998,T5B
179,1,0,0,172,red,1998,T5B
180,1,0,0,172,red,1998,T5B
181,1,0,0,172,red,1998,T5B
182,1,0,0,172,red,1998,T5B
183,1,0,0,172,red,1998,T5B
184,1,0,0,172,red,1998,T5B
185,1,0,0,172,red,1998,T5B
186,1,0,0,172,red,1998,T5B
187,1,0,0,172,red,1998,T5B
188,1,0,0,172,red,1998,T5B
189,1,0,0,172,red,1998,T5B
190,1,0,0,172,red,1998,T5B
191,1,0,0,172,red,1998,T5B
192,1,0,0,172,red,1998,T5B
193,1,0,0,172,red,1998,T5B
194,1,0,0,172,red,1998,T5B
195,1,0,0,172,red,1998,T5B
196,1,0,0,172,red,1998,T5B
197,1,0,0,172,red,1998,T5B
198,1,0,0,172,red,1998,T5B
199,1,0,0,172,red,1998,T5B
200,1,0,0,172,red,1998,T5B
201,1,0,0,172,red,1998,T5B
202,1,0,0,172,red,1998,T5B
203,1,0,0,172,red,1998,T5B
0,0,0,1,173,red,2102,T5B
1,0,0,1,173,red,2102,T5B
2,0,0,1,173,red,2102,T5B
3,0,0,1,173,red,2102,T5B
4,0,0,1,173,red,2102,T5B
5,0,0,1,173,red,2102,T5B
6,0,0,1,173,red,2102,T5B
7,0,0,1,173,red,2102,T5B
8,0,0,1,173,red,2102,T5B
9,0,0,1,173,red,2102,T5B
10,0,0,1,173,red,2102,T5B
11,0,0,1,173,red,2102,T5B
12,0,0,1,173,red,2102,T5B
13,0,0,1,173,red,2102,T5B
14,0,0,1,173,red,2102,T5B
15,0,0,1,173,red,2102,T5B
16,0,0,1,173,red,2102,T5B
17,0,0,1,173,red,2102,T5B
18,0,0,1,173,red,2102,T5B
19,0,0,1,173,red,2102,T5B
20,0,0,1,173,red,2102,T5B
21,0,0,1,173,red,2102,T5B
22,0,0,1,173,red,2102,T5B
23,0,0,1,173,red,2102,T5B
24,0,0,1,173,red,2102,T5B
25,0,0,1,173,red,2102,T5B
26,0,0,1,173,red,2102,T5B
27,0,0,1,173,red,2102,T5B
28,0,0,1,173,red,2102,T5B
29,0,0,1,173,red,2102,T5B
30,0,0,1,173,red,2102,T5B
31,0,0,1,173,red,2102,T5B
32,0,0,1,173,red,2102,T5B
33,0,0,1,173,red,2102,T5B
34,0,0,1,173,red,2102,T5B
35,0,0,1,173,red,2102,T5B
36,0,0,1,173,red,2102,T5B
37,0,0,1,173,red,2102,T5B
38,0,0,1,173,red,2102,T5B
39,0,0,1,173,red,2102,T5B
40,0,0,1,173,red,2102,T5B
41,0,0,1,173,red,2102,T5B
42,0,0,1,173,red,2102,T5B
43,0,0,1,173,red,2102,T5B
44,0,0,1,173,red,2102,T5B
45,0,0,1,173,red,2102,T5B
46,0,0,1,173,red,2102,T5B
47,0,0,1,173,red,2102,T5B
48,0,0,1,173,red,2102,T5B
49,0,0,1,173,red,2102,T5B
50,0,0,1,173,red,2102,T5B
51,0,0,1,173,red,2102,T5B
52,0,0,1,173,red,2102,T5B
53,0,0,1,173,red,2102,T5B
54,0,0,1,173,red,2102,T5B
55,0,0,1,173,red,2102,T5B
56,1,0,0,173,red,2102,T5B
57,1,0,0,173,red,2102,T5B
58,1,0,0,173,red,2102,T5B
59,1,0,0,173,red,2102,T5B
60,1,0,0,173,red,2102,T5B
61,1,0,0,173,red,2102,T5B
62,1,0,0,173,red,2102,T5B
63,1,0,0,173,red,2102,T5B
64,1,0,0,173,red,2102,T5B
65,1,0,0,173,red,2102,T5B
66,1,0,0,173,red,2102,T5B
67,1,0,0,173,red,2102,T5B
68,1,0,0,173,red,2102,T5B
69,1,0,0,173,red,2102,T5B
70,1,0,0,173,red,2102,T5B
71,1,0,0,173,red,2102,T5B
72,1,0,0,173,red,2102,T5B
73,1,0,0,173,red,2102,T5B
74,1,0,0,173,red,2102,T5B
75,1,0,0,173,red,2102,T5B
76,1,0,0,173,red,2102,T5B
77,1,0,0,173,red,2102,T5B
78,1,0,0,173,red,2102,T5B
79,1,0,0,173,red,2102,T5B
80,1,0,0,173,red,2102,T5B
81,1,0,0,173,red,2102,T5B
82,1,0,0,173,red,2102,T5B
83,1,0,0,173,red,2102,T5B
84,1,0,0,173,red,2102,T5B
85,1,0,0,173,red,2102,T5B
86,1,0,0,173,red,2102,T5B
87,1,0,0,173,red,2102,T5B
88,1,0,0,173,red,2102,T5B
89,1,0,0,173,red,2102,T5B
90,1,0,0,173,red,2102,T5B
91,1,0,0,173,red,2102,T5B
92,1,0,0,173,red,2102,T5B
93,1,0,0,173,red,2102,T5B
94,1,0,0,173,red,2102,T5B
95,1,0,0,173,red,2102,T5B
96,1,0,0,173,red,2102,T5B
97,1,0,0,173,red,2102,T5B
98,1,0,0,173,red,2102,T5B
99,1,0,0,173,red,2102,T5B
100,1,0,0,173,red,2102,T5B
101,1,0,0,173,red,2102,T5B
102,1,0,0,173,red,2102,T5B
103,1,0,0,173,red,2102,T5B
104,1,0,0,173,red,2102,T5B
105,1,0,0,173,red,2102,T5B
106,1,0,0,173,red,2102,T5B
107,1,0,0,173,red,2102,T5B
108,1,0,0,173,red,2102,T5B
109,1,0,0,173,red,2102,T5B
110,1,0,0,173,red,2102,T5B
111,1,0,0,173,red,2102,T5B
112,1,0,0,173,red,2102,T5B
113,1,0,0,173,red,2102,T5B
114,1,0,0,173,red,2102,T5B
115,1,0,0,173,red,2102,T5B
116,1,0,0,173,red,2102,T5B
117,1,0,0,173,red,2102,T5B
118,1,0,0,173,red,2102,T5B
119,1,0,0,173,red,2102,T5B
120,1,0,0,173,red,2102,T5B
121,1,0,0,173,red,2102,T5B
122,1,0,0,173,red,2102,T5B
123,1,0,0,173,red,2102,T5B
124,1,0,0,173,red,2102,T5B
125,1,0,0,173,red,2102,T5B
126,1,0,0,173,red,2102,T5B
127,1,0,0,173,red,2102,T5B
128,1,0,0,173,red,2102,T5B
129,1,0,0,173,red,2102,T5B
130,1,0,0,173,red,2102,T5B
131,1,0,0,173,red,2102,T5B
132,1,0,0,173,red,2102,T5B
133,1,0,0,173,red,2102,T5B
134,1,0,0,173,red,2102,T5B
135,1,0,0,173,red,2102,T5B
136,1,0,0,173,red,2102,T5B
137,1,0,0,173,red,2102,T5B
138,1,0,0,173,red,2102,T5B
139,1,0,0,173,red,2102,T5B
140,1,0,0,173,red,2102,T5B
141,1,0,0,173,red,2102,T5B
142,1,0,0,173,red,2102,T5B
143,1,0,0,173,red,2102,T5B
144,1,0,0,173,red,2102,T5B
145,1,0,0,173,red,2102,T5B
146,1,0,0,173,red,2102,T5B
147,1,0,0,173,red,2102,T5B
148,1,0,0,173,red,2102,T5B
149,1,0,0,173,red,2102,T5B
150,1,0,0,173,red,2102,T5B
151,1,0,0,173,red,2102,T5B
152,1,0,0,173,red,2102,T5B
153,1,0,0,173,red,2102,T5B
154,1,0,0,173,red,2102,T5B
155,1,0,0,173,red,2102,T5B
156,1,0,0,173,red,2102,T5B
157,1,0,0,173,red,2102,T5B
158,1,0,0,173,red,2102,T5B
159,1,0,0,173,red,2102,T5B
160,1,0,0,173,red,2102,T5B
161,1,0,0,173,red,2102,T5B
162,1,0,0,173,red,2102,T5B
163,1,0,0,173,red,2102,T5B
164,1,0,0,173,red,2102,T5B
165,1,0,0,173,red,2102,T5B
166,1,0,0,173,red,2102,T5B
167,1,0,0,173,red,2102,T5B
168,1,0,0,173,red,2102,T5B
169,1,0,0,173,red,2102,T5B
170,1,0,0,173,red,2102,T5B
171,1,0,0,173,red,2102,T5B
172,1,0,0,173,red,2102,T5B
173,1,0,0,173,red,2102,T5B
174,1,0,0,173,red,2102,T5B
175,1,0,0,173,red,2102,T5B
176,1,0,0,173,red,2102,T5B
177,1,0,0,173,red,2102,T5B
178,1,0,0,173,red,2102,T5B
179,1,0,0,173,red,2102,T5B
180,1,0,0,173,red,2102,T5B
181,1,0,0,173,red,2102,T5B
182,1,0,0,173,red,2102,T5B
183,1,0,0,173,red,2102,T5B
184,1,0,0,173,red,2102,T5B
185,1,0,0,173,red,2102,T5B
186,1,0,0,173,red,2102,T5B
187,1,0,0,173,red,2102,T5B
188,1,0,0,173,red,2102,T5B
189,1,0,0,173,red,2102,T5B
190,1,0,0,173,red,2102,T5B
191,1,0,0,173,red,2102,T5B
192,1,0,0,173,red,2102,T5B
193,1,0,0,173,red,2102,T5B
194,1,0,0,173,red,2102,T5B
195,1,0,0,173,red,2102,T5B
196,1,0,0,173,red,2102,T5B
197,1,0,0,173,red,2102,T5B
198,1,0,0,173,red,2102,T5B
199,1,0,0,173,red,2102,T5B
200,1,0,0,173,red,2102,T5B
201,1,0,0,173,red,2102,T5B
202,1,0,0,173,red,2102,T5B
203,1,0,0,173,red,2102,T5B
0,0,0,1,174,red,2225,T5B
1,0,0,1,174,red,2225,T5B
2,0,0,1,174,red,2225,T5B
3,0,0,1,174,red,2225,T5B
4,0,0,1,174,red,2225,T5B
5,0,0,1,174,red,2225,T5B
6,0,0,1,174,red,2225,T5B
7,0,0,1,174,red,2225,T5B
8,0,0,1,174,red,2225,T5B
9,0,0,1,174,red,2225,T5B
10,0,0,1,174,red,2225,T5B
11,0,0,1,174,red,2225,T5B
12,0,0,1,174,red,2225,T5B
13,0,0,1,174,red,2225,T5B
14,0,0,1,174,red,2225,T5B
15,0,0,1,174,red,2225,T5B
16,0,0,1,174,red,2225,T5B
17,0,0,1,174,red,2225,T5B
18,0,0,1,174,red,2225,T5B
19,0,0,1,174,red,2225,T5B
20,0,0,1,174,red,2225,T5B
21,0,0,1,174,red,2225,T5B
22,0,0,1,174,red,2225,T5B
23,0,0,1,174,red,2225,T5B
24,0,0,1,174,red,2225,T5B
25,0,0,1,174,red,2225,T5B
26,0,0,1,174,red,2225,T5B
27,0,0,1,174,red,2225,T5B
28,0,0,1,174,red,2225,T5B
29,0,0,1,174,red,2225,T5B
30,0,0,1,174,red,2225,T5B
31,0,0,1,174,red,2225,T5B
32,0,0,1,174,red,2225,T5B
33,0,0,1,174,red,2225,T5B
34,0,0,1,174,red,2225,T5B
35,0,0,1,174,red,2225,T5B
36,0,0,1,174,red,2225,T5B
37,0,0,1,174,red,2225,T5B
38,0,0,1,174,red,2225,T5B
39,0,0,1,174,red,2225,T5B
40,0,0,1,174,red,2225,T5B
41,0,0,1,174,red,2225,T5B
42,0,0,1,174,red,2225,T5B
43,0,0,1,174,red,2225,T5B
44,0,0,1,174,red,2225,T5B
45,0,0,1,174,red,2225,T5B
46,0,0,1,174,red,2225,T5B
47,0,0,1,174,red,2225,T5B
48,0,0,1,174,red,2225,T5B
49,0,0,1,174,red,2225,T5B
50,0,0,1,174,red,2225,T5B
51,0,0,1,174,red,2225,T5B
52,0,0,1,174,red,2225,T5B
53,0,0,1,174,red,2225,T5B
54,0,0,1,174,red,2225,T5B
55,0,0,1,174,red,2225,T5B
56,0,0,1,174,red,2225,T5B
57,0,0,1,174,red,2225,T5B
58,0,0,1,174,red,2225,T5B
59,0,0,1,174,red,2225,T5B
60,0,0,1,174,red,2225,T5B
61,0,0,1,174,red,2225,T5B
62,0,0,1,174,red,2225,T5B
63,0,0,1,174,red,2225,T5B
64,0,0,1,174,red,2225,T5B
65,0,0,1,174,red,2225,T5B
66,0,0,1,174,red,2225,T5B
67,0,0,1,174,red,2225,T5B
68,0,0,1,174,red,2225,T5B
69,0,0,1,174,red,2225,T5B
70,0,0,1,174,red,2225,T5B
71,0,0,1,174,red,2225,T5B
72,0,0,1,174,red,2225,T5B
73,0,0,1,174,red,2225,T5B
74,0,0,1,174,red,2225,T5B
75,0,0,1,174,red,2225,T5B
76,0,0,1,174,red,2225,T5B
77,0,0,1,174,red,2225,T5B
78,0,0,1,174,red,2225,T5B
79,0,0,1,174,red,2225,T5B
80,0,0,1,174,red,2225,T5B
81,0,0,1,174,red,2225,T5B
82,0,0,1,174,red,2225,T5B
83,1,0,0,174,red,2225,T5B
84,1,0,0,174,red,2225,T5B
85,1,0,0,174,red,2225,T5B
86,1,0,0,174,red,2225,T5B
87,1,0,0,174,red,2225,T5B
88,1,0,0,174,red,2225,T5B
89,1,0,0,174,red,2225,T5B
90,1,0,0,174,red,2225,T5B
91,1,0,0,174,red,2225,T5B
92,1,0,0,174,red,2225,T5B
93,1,0,0,174,red,2225,T5B
94,1,0,0,174,red,2225,T5B
95,1,0,0,174,red,2225,T5B
96,1,0,0,174,red,2225,T5B
97,1,0,0,174,red,2225,T5B
98,1,0,0,174,red,2225,T5B
99,1,0,0,174,red,2225,T5B
100,1,0,0,174,red,2225,T5B
101,1,0,0,174,red,2225,T5B
102,1,0,0,174,red,2225,T5B
103,1,0,0,174,red,2225,T5B
104,1,0,0,174,red,2225,T5B
105,1,0,0,174,red,2225,T5B
106,1,0,0,174,red,2225,T5B
107,1,0,0,174,red,2225,T5B
108,1,0,0,174,red,2225,T5B
109,1,0,0,174,red,2225,T5B
110,1,0,0,174,red,2225,T5B
111,1,0,0,174,red,2225,T5B
112,1,0,0,174,red,2225,T5B
113,1,0,0,174,red,2225,T5B
114,1,0,0,174,red,2225,T5B
115,1,0,0,174,red,2225,T5B
116,1,0,0,174,red,2225,T5B
117,1,0,0,174,red,2225,T5B
118,1,0,0,174,red,2225,T5B
119,1,0,0,174,red,2225,T5B
120,1,0,0,174,red,2225,T5B
121,1,0,0,174,red,2225,T5B
122,1,0,0,174,red,2225,T5B
123,1,0,0,174,red,2225,T5B
124,1,0,0,174,red,2225,T5B
125,1,0,0,174,red,2225,T5B
126,1,0,0,174,red,2225,T5B
127,1,0,0,174,red,2225,T5B
128,1,0,0,174,red,2225,T5B
129,1,0,0,174,red,2225,T5B
130,1,0,0,174,red,2225,T5B
131,1,0,0,174,red,2225,T5B
132,1,0,0,174,red,2225,T5B
133,1,0,0,174,red,2225,T5B
134,1,0,0,174,red,2225,T5B
135,1,0,0,174,red,2225,T5B
136,1,0,0,174,red,2225,T5B
137,1,0,0,174,red,2225,T5B
138,1,0,0,174,red,2225,T5B
139,1,0,0,174,red,2225,T5B
140,1,0,0,174,red,2225,T5B
141,1,0,0,174,red,2225,T5B
142,1,0,0,174,red,2225,T5B
143,1,0,0,174,red,2225,T5B
144,1,0,0,174,red,2225,T5B
145,1,0,0,174,red,2225,T5B
146,1,0,0,174,red,2225,T5B
147,1,0,0,174,red,2225,T5B
148,1,0,0,174,red,2225,T5B
149,1,0,0,174,red,2225,T5B
150,1,0,0,174,red,2225,T5B
151,1,0,0,174,red,2225,T5B
152,1,0,0,174,red,2225,T5B
153,1,0,0,174,red,2225,T5B
154,1,0,0,174,red,2225,T5B
155,1,0,0,174,red,2225,T5B
156,1,0,0,174,red,2225,T5B
157,1,0,0,174,red,2225,T5B
158,1,0,0,174,red,2225,T5B
159,1,0,0,174,red,2225,T5B
160,1,0,0,174,red,2225,T5B
161,1,0,0,174,red,2225,T5B
162,1,0,0,174,red,2225,T5B
163,1,0,0,174,red,2225,T5B
164,1,0,0,174,red,2225,T5B
165,1,0,0,174,red,2225,T5B
166,1,0,0,174,red,2225,T5B
167,1,0,0,174,red,2225,T5B
168,1,0,0,174,red,2225,T5B
169,1,0,0,174,red,2225,T5B
170,1,0,0,174,red,2225,T5B
171,1,0,0,174,red,2225,T5B
172,1,0,0,174,red,2225,T5B
173,1,0,0,174,red,2225,T5B
174,1,0,0,174,red,2225,T5B
175,1,0,0,174,red,2225,T5B
176,1,0,0,174,red,2225,T5B
177,1,0,0,174,red,2225,T5B
178,1,0,0,174,red,2225,T5B
179,1,0,0,174,red,2225,T5B
180,1,0,0,174,red,2225,T5B
181,1,0,0,174,red,2225,T5B
182,1,0,0,174,red,2225,T5B
183,1,0,0,174,red,2225,T5B
184,1,0,0,174,red,2225,T5B
185,1,0,0,174,red,2225,T5B
186,1,0,0,174,red,2225,T5B
187,1,0,0,174,red,2225,T5B
188,1,0,0,174,red,2225,T5B
189,1,0,0,174,red,2225,T5B
190,1,0,0,174,red,2225,T5B
191,1,0,0,174,red,2225,T5B
192,1,0,0,174,red,2225,T5B
193,1,0,0,174,red,2225,T5B
194,1,0,0,174,red,2225,T5B
195,1,0,0,174,red,2225,T5B
196,1,0,0,174,red,2225,T5B
197,1,0,0,174,red,2225,T5B
198,1,0,0,174,red,2225,T5B
199,1,0,0,174,red,2225,T5B
200,1,0,0,174,red,2225,T5B
201,1,0,0,174,red,2225,T5B
202,1,0,0,174,red,2225,T5B
203,1,0,0,174,red,2225,T5B
0,0,0,1,176,red,2607,T5B
1,0,0,1,176,red,2607,T5B
2,0,0,1,176,red,2607,T5B
3,0,0,1,176,red,2607,T5B
4,0,0,1,176,red,2607,T5B
5,0,0,1,176,red,2607,T5B
6,0,0,1,176,red,2607,T5B
7,0,0,1,176,red,2607,T5B
8,0,0,1,176,red,2607,T5B
9,0,0,1,176,red,2607,T5B
10,0,0,1,176,red,2607,T5B
11,0,0,1,176,red,2607,T5B
12,0,0,1,176,red,2607,T5B
13,0,0,1,176,red,2607,T5B
14,0,0,1,176,red,2607,T5B
15,0,0,1,176,red,2607,T5B
16,0,0,1,176,red,2607,T5B
17,0,0,1,176,red,2607,T5B
18,0,0,1,176,red,2607,T5B
19,0,0,1,176,red,2607,T5B
20,0,0,1,176,red,2607,T5B
21,0,0,1,176,red,2607,T5B
22,0,0,1,176,red,2607,T5B
23,0,0,1,176,red,2607,T5B
24,0,0,1,176,red,2607,T5B
25,0,0,1,176,red,2607,T5B
26,0,0,1,176,red,2607,T5B
27,0,0,1,176,red,2607,T5B
28,0,0,1,176,red,2607,T5B
29,0,0,1,176,red,2607,T5B
30,0,0,1,176,red,2607,T5B
31,0,0,1,176,red,2607,T5B
32,0,0,1,176,red,2607,T5B
33,0,0,1,176,red,2607,T5B
34,0,0,1,176,red,2607,T5B
35,0,0,1,176,red,2607,T5B
36,0,0,1,176,red,2607,T5B
37,0,0,1,176,red,2607,T5B
38,0,0,1,176,red,2607,T5B
39,0,0,1,176,red,2607,T5B
40,0,0,1,176,red,2607,T5B
41,0,0,1,176,red,2607,T5B
42,0,0,1,176,red,2607,T5B
43,0,0,1,176,red,2607,T5B
44,0,0,1,176,red,2607,T5B
45,0,0,1,176,red,2607,T5B
46,0,0,1,176,red,2607,T5B
47,0,0,1,176,red,2607,T5B
48,0,0,1,176,red,2607,T5B
49,0,0,1,176,red,2607,T5B
50,0,0,1,176,red,2607,T5B
51,0,0,1,176,red,2607,T5B
52,0,0,1,176,red,2607,T5B
53,0,0,1,176,red,2607,T5B
54,0,0,1,176,red,2607,T5B
55,0,0,1,176,red,2607,T5B
56,0,0,1,176,red,2607,T5B
57,0,0,1,176,red,2607,T5B
58,0,0,1,176,red,2607,T5B
59,0,0,1,176,red,2607,T5B
60,0,0,1,176,red,2607,T5B
61,0,0,1,176,red,2607,T5B
62,0,0,1,176,red,2607,T5B
63,0,0,1,176,red,2607,T5B
64,0,0,1,176,red,2607,T5B
65,0,0,1,176,red,2607,T5B
66,0,0,1,176,red,2607,T5B
67,0,0,1,176,red,2607,T5B
68,0,0,1,176,red,2607,T5B
69,0,0,1,176,red,2607,T5B
70,0,0,1,176,red,2607,T5B
71,0,0,1,176,red,2607,T5B
72,0,0,1,176,red,2607,T5B
73,0,0,1,176,red,2607,T5B
74,0,0,1,176,red,2607,T5B
75,0,0,1,176,red,2607,T5B
76,0,0,1,176,red,2607,T5B
77,0,0,1,176,red,2607,T5B
78,0,0,1,176,red,2607,T5B
79,0,0,1,176,red,2607,T5B
80,0,0,1,176,red,2607,T5B
81,0,0,1,176,red,2607,T5B
82,0,0,1,176,red,2607,T5B
83,0,0,1,176,red,2607,T5B
84,0,0,1,176,red,2607,T5B
85,0,0,1,176,red,2607,T5B
86,0,0,1,176,red,2607,T5B
87,0,0,1,176,red,2607,T5B
88,0,0,1,176,red,2607,T5B
89,0,0,1,176,red,2607,T5B
90,0,0,1,176,red,2607,T5B
91,0,0,1,176,red,2607,T5B
92,0,0,1,176,red,2607,T5B
93,1,0,0,176,red,2607,T5B
94,1,0,0,176,red,2607,T5B
95,1,0,0,176,red,2607,T5B
96,1,0,0,176,red,2607,T5B
97,1,0,0,176,red,2607,T5B
98,1,0,0,176,red,2607,T5B
99,1,0,0,176,red,2607,T5B
100,1,0,0,176,red,2607,T5B
101,1,0,0,176,red,2607,T5B
102,1,0,0,176,red,2607,T5B
103,1,0,0,176,red,2607,T5B
104,1,0,0,176,red,2607,T5B
105,1,0,0,176,red,2607,T5B
106,1,0,0,176,red,2607,T5B
107,1,0,0,176,red,2607,T5B
108,1,0,0,176,red,2607,T5B
109,1,0,0,176,red,2607,T5B
110,1,0,0,176,red,2607,T5B
111,1,0,0,176,red,2607,T5B
112,1,0,0,176,red,2607,T5B
113,1,0,0,176,red,2607,T5B
114,1,0,0,176,red,2607,T5B
115,1,0,0,176,red,2607,T5B
116,1,0,0,176,red,2607,T5B
117,1,0,0,176,red,2607,T5B
118,1,0,0,176,red,2607,T5B
119,1,0,0,176,red,2607,T5B
120,1,0,0,176,red,2607,T5B
121,1,0,0,176,red,2607,T5B
122,1,0,0,176,red,2607,T5B
123,1,0,0,176,red,2607,T5B
124,1,0,0,176,red,2607,T5B
125,1,0,0,176,red,2607,T5B
126,1,0,0,176,red,2607,T5B
127,1,0,0,176,red,2607,T5B
128,1,0,0,176,red,2607,T5B
129,1,0,0,176,red,2607,T5B
130,1,0,0,176,red,2607,T5B
131,1,0,0,176,red,2607,T5B
132,1,0,0,176,red,2607,T5B
133,1,0,0,176,red,2607,T5B
134,1,0,0,176,red,2607,T5B
135,1,0,0,176,red,2607,T5B
136,1,0,0,176,red,2607,T5B
137,1,0,0,176,red,2607,T5B
138,1,0,0,176,red,2607,T5B
139,1,0,0,176,red,2607,T5B
140,1,0,0,176,red,2607,T5B
141,1,0,0,176,red,2607,T5B
142,1,0,0,176,red,2607,T5B
143,1,0,0,176,red,2607,T5B
144,1,0,0,176,red,2607,T5B
145,1,0,0,176,red,2607,T5B
146,1,0,0,176,red,2607,T5B
147,1,0,0,176,red,2607,T5B
148,1,0,0,176,red,2607,T5B
149,1,0,0,176,red,2607,T5B
150,1,0,0,176,red,2607,T5B
151,1,0,0,176,red,2607,T5B
152,1,0,0,176,red,2607,T5B
153,1,0,0,176,red,2607,T5B
154,1,0,0,176,red,2607,T5B
155,1,0,0,176,red,2607,T5B
156,1,0,0,176,red,2607,T5B
157,1,0,0,176,red,2607,T5B
158,1,0,0,176,red,2607,T5B
159,1,0,0,176,red,2607,T5B
160,1,0,0,176,red,2607,T5B
161,1,0,0,176,red,2607,T5B
162,1,0,0,176,red,2607,T5B
163,1,0,0,176,red,2607,T5B
164,1,0,0,176,red,2607,T5B
165,1,0,0,176,red,2607,T5B
166,1,0,0,176,red,2607,T5B
167,1,0,0,176,red,2607,T5B
168,1,0,0,176,red,2607,T5B
169,1,0,0,176,red,2607,T5B
170,1,0,0,176,red,2607,T5B
171,1,0,0,176,red,2607,T5B
172,1,0,0,176,red,2607,T5B
173,1,0,0,176,red,2607,T5B
174,1,0,0,176,red,2607,T5B
175,1,0,0,176,red,2607,T5B
176,1,0,0,176,red,2607,T5B
177,1,0,0,176,red,2607,T5B
178,1,0,0,176,red,2607,T5B
179,1,0,0,176,red,2607,T5B
180,1,0,0,176,red,2607,T5B
181,1,0,0,176,red,2607,T5B
182,1,0,0,176,red,2607,T5B
183,1,0,0,176,red,2607,T5B
184,1,0,0,176,red,2607,T5B
185,1,0,0,176,red,2607,T5B
186,1,0,0,176,red,2607,T5B
187,1,0,0,176,red,2607,T5B
188,1,0,0,176,red,2607,T5B
189,1,0,0,176,red,2607,T5B
190,1,0,0,176,red,2607,T5B
191,1,0,0,176,red,2607,T5B
192,1,0,0,176,red,2607,T5B
193,1,0,0,176,red,2607,T5B
194,1,0,0,176,red,2607,T5B
195,1,0,0,176,red,2607,T5B
196,1,0,0,176,red,2607,T5B
197,1,0,0,176,red,2607,T5B
198,1,0,0,176,red,2607,T5B
199,1,0,0,176,red,2607,T5B
200,1,0,0,176,red,2607,T5B
201,1,0,0,176,red,2607,T5B
202,1,0,0,176,red,2607,T5B
203,1,0,0,176,red,2607,T5B
0,0,0,1,177,red,2340,T5B
1,0,0,1,177,red,2340,T5B
2,0,0,1,177,red,2340,T5B
3,0,0,1,177,red,2340,T5B
4,0,0,1,177,red,2340,T5B
5,0,0,1,177,red,2340,T5B
6,0,0,1,177,red,2340,T5B
7,0,0,1,177,red,2340,T5B
8,0,0,1,177,red,2340,T5B
9,0,0,1,177,red,2340,T5B
10,0,0,1,177,red,2340,T5B
11,0,0,1,177,red,2340,T5B
12,0,0,1,177,red,2340,T5B
13,0,0,1,177,red,2340,T5B
14,0,0,1,177,red,2340,T5B
15,0,0,1,177,red,2340,T5B
16,0,0,1,177,red,2340,T5B
17,0,0,1,177,red,2340,T5B
18,0,0,1,177,red,2340,T5B
19,0,0,1,177,red,2340,T5B
20,0,0,1,177,red,2340,T5B
21,0,0,1,177,red,2340,T5B
22,0,0,1,177,red,2340,T5B
23,0,0,1,177,red,2340,T5B
24,0,0,1,177,red,2340,T5B
25,0,0,1,177,red,2340,T5B
26,0,0,1,177,red,2340,T5B
27,0,0,1,177,red,2340,T5B
28,0,0,1,177,red,2340,T5B
29,0,0,1,177,red,2340,T5B
30,0,0,1,177,red,2340,T5B
31,0,0,1,177,red,2340,T5B
32,0,0,1,177,red,2340,T5B
33,0,0,1,177,red,2340,T5B
34,0,0,1,177,red,2340,T5B
35,0,0,1,177,red,2340,T5B
36,0,0,1,177,red,2340,T5B
37,0,0,1,177,red,2340,T5B
38,0,0,1,177,red,2340,T5B
39,0,0,1,177,red,2340,T5B
40,0,0,1,177,red,2340,T5B
41,0,0,1,177,red,2340,T5B
42,0,0,1,177,red,2340,T5B
43,1,0,0,177,red,2340,T5B
44,1,0,0,177,red,2340,T5B
45,1,0,0,177,red,2340,T5B
46,1,0,0,177,red,2340,T5B
47,1,0,0,177,red,2340,T5B
48,1,0,0,177,red,2340,T5B
49,1,0,0,177,red,2340,T5B
50,1,0,0,177,red,2340,T5B
51,1,0,0,177,red,2340,T5B
52,1,0,0,177,red,2340,T5B
53,1,0,0,177,red,2340,T5B
54,1,0,0,177,red,2340,T5B
55,1,0,0,177,red,2340,T5B
56,1,0,0,177,red,2340,T5B
57,1,0,0,177,red,2340,T5B
58,1,0,0,177,red,2340,T5B
59,1,0,0,177,red,2340,T5B
60,1,0,0,177,red,2340,T5B
61,1,0,0,177,red,2340,T5B
62,1,0,0,177,red,2340,T5B
63,1,0,0,177,red,2340,T5B
64,1,0,0,177,red,2340,T5B
65,1,0,0,177,red,2340,T5B
66,1,0,0,177,red,2340,T5B
67,1,0,0,177,red,2340,T5B
68,1,0,0,177,red,2340,T5B
69,1,0,0,177,red,2340,T5B
70,1,0,0,177,red,2340,T5B
71,1,0,0,177,red,2340,T5B
72,1,0,0,177,red,2340,T5B
73,1,0,0,177,red,2340,T5B
74,1,0,0,177,red,2340,T5B
75,1,0,0,177,red,2340,T5B
76,1,0,0,177,red,2340,T5B
77,1,0,0,177,red,2340,T5B
78,1,0,0,177,red,2340,T5B
79,1,0,0,177,red,2340,T5B
80,1,0,0,177,red,2340,T5B
81,1,0,0,177,red,2340,T5B
82,1,0,0,177,red,2340,T5B
83,1,0,0,177,red,2340,T5B
84,1,0,0,177,red,2340,T5B
85,1,0,0,177,red,2340,T5B
86,1,0,0,177,red,2340,T5B
87,1,0,0,177,red,2340,T5B
88,1,0,0,177,red,2340,T5B
89,1,0,0,177,red,2340,T5B
90,1,0,0,177,red,2340,T5B
91,1,0,0,177,red,2340,T5B
92,1,0,0,177,red,2340,T5B
93,1,0,0,177,red,2340,T5B
94,1,0,0,177,red,2340,T5B
95,1,0,0,177,red,2340,T5B
96,1,0,0,177,red,2340,T5B
97,1,0,0,177,red,2340,T5B
98,1,0,0,177,red,2340,T5B
99,1,0,0,177,red,2340,T5B
100,1,0,0,177,red,2340,T5B
101,1,0,0,177,red,2340,T5B
102,1,0,0,177,red,2340,T5B
103,1,0,0,177,red,2340,T5B
104,1,0,0,177,red,2340,T5B
105,1,0,0,177,red,2340,T5B
106,1,0,0,177,red,2340,T5B
107,1,0,0,177,red,2340,T5B
108,1,0,0,177,red,2340,T5B
109,1,0,0,177,red,2340,T5B
110,1,0,0,177,red,2340,T5B
111,1,0,0,177,red,2340,T5B
112,1,0,0,177,red,2340,T5B
113,1,0,0,177,red,2340,T5B
114,1,0,0,177,red,2340,T5B
115,1,0,0,177,red,2340,T5B
116,1,0,0,177,red,2340,T5B
117,1,0,0,177,red,2340,T5B
118,1,0,0,177,red,2340,T5B
119,1,0,0,177,red,2340,T5B
120,1,0,0,177,red,2340,T5B
121,1,0,0,177,red,2340,T5B
122,1,0,0,177,red,2340,T5B
123,1,0,0,177,red,2340,T5B
124,1,0,0,177,red,2340,T5B
125,1,0,0,177,red,2340,T5B
126,1,0,0,177,red,2340,T5B
127,1,0,0,177,red,2340,T5B
128,1,0,0,177,red,2340,T5B
129,1,0,0,177,red,2340,T5B
130,1,0,0,177,red,2340,T5B
131,1,0,0,177,red,2340,T5B
132,1,0,0,177,red,2340,T5B
133,1,0,0,177,red,2340,T5B
134,1,0,0,177,red,2340,T5B
135,1,0,0,177,red,2340,T5B
136,1,0,0,177,red,2340,T5B
137,1,0,0,177,red,2340,T5B
138,1,0,0,177,red,2340,T5B
139,1,0,0,177,red,2340,T5B
140,1,0,0,177,red,2340,T5B
141,1,0,0,177,red,2340,T5B
142,1,0,0,177,red,2340,T5B
143,1,0,0,177,red,2340,T5B
144,1,0,0,177,red,2340,T5B
145,1,0,0,177,red,2340,T5B
146,1,0,0,177,red,2340,T5B
147,1,0,0,177,red,2340,T5B
148,1,0,0,177,red,2340,T5B
149,1,0,0,177,red,2340,T5B
150,1,0,0,177,red,2340,T5B
151,1,0,0,177,red,2340,T5B
152,1,0,0,177,red,2340,T5B
153,1,0,0,177,red,2340,T5B
154,1,0,0,177,red,2340,T5B
155,1,0,0,177,red,2340,T5B
156,1,0,0,177,red,2340,T5B
157,1,0,0,177,red,2340,T5B
158,1,0,0,177,red,2340,T5B
159,1,0,0,177,red,2340,T5B
160,1,0,0,177,red,2340,T5B
161,1,0,0,177,red,2340,T5B
162,1,0,0,177,red,2340,T5B
163,1,0,0,177,red,2340,T5B
164,1,0,0,177,red,2340,T5B
165,1,0,0,177,red,2340,T5B
166,1,0,0,177,red,2340,T5B
167,1,0,0,177,red,2340,T5B
168,1,0,0,177,red,2340,T5B
169,1,0,0,177,red,2340,T5B
170,1,0,0,177,red,2340,T5B
171,1,0,0,177,red,2340,T5B
172,1,0,0,177,red,2340,T5B
173,1,0,0,177,red,2340,T5B
174,1,0,0,177,red,2340,T5B
175,1,0,0,177,red,2340,T5B
176,1,0,0,177,red,2340,T5B
177,1,0,0,177,red,2340,T5B
178,1,0,0,177,red,2340,T5B
179,1,0,0,177,red,2340,T5B
180,1,0,0,177,red,2340,T5B
181,1,0,0,177,red,2340,T5B
182,1,0,0,177,red,2340,T5B
183,1,0,0,177,red,2340,T5B
184,1,0,0,177,red,2340,T5B
185,1,0,0,177,red,2340,T5B
186,1,0,0,177,red,2340,T5B
187,1,0,0,177,red,2340,T5B
188,1,0,0,177,red,2340,T5B
189,1,0,0,177,red,2340,T5B
190,1,0,0,177,red,2340,T5B
191,1,0,0,177,red,2340,T5B
192,1,0,0,177,red,2340,T5B
193,1,0,0,177,red,2340,T5B
194,1,0,0,177,red,2340,T5B
195,1,0,0,177,red,2340,T5B
196,1,0,0,177,red,2340,T5B
197,1,0,0,177,red,2340,T5B
198,1,0,0,177,red,2340,T5B
199,1,0,0,177,red,2340,T5B
200,1,0,0,177,red,2340,T5B
201,1,0,0,177,red,2340,T5B
202,1,0,0,177,red,2340,T5B
203,1,0,0,177,red,2340,T5B
0,0,0,1,178,red,2400,T5B
1,0,0,1,178,red,2400,T5B
2,0,0,1,178,red,2400,T5B
3,0,0,1,178,red,2400,T5B
4,0,0,1,178,red,2400,T5B
5,0,0,1,178,red,2400,T5B
6,0,0,1,178,red,2400,T5B
7,0,0,1,178,red,2400,T5B
8,0,0,1,178,red,2400,T5B
9,0,0,1,178,red,2400,T5B
10,0,0,1,178,red,2400,T5B
11,0,0,1,178,red,2400,T5B
12,0,0,1,178,red,2400,T5B
13,0,0,1,178,red,2400,T5B
14,0,0,1,178,red,2400,T5B
15,0,0,1,178,red,2400,T5B
16,0,0,1,178,red,2400,T5B
17,0,0,1,178,red,2400,T5B
18,0,0,1,178,red,2400,T5B
19,0,0,1,178,red,2400,T5B
20,0,0,1,178,red,2400,T5B
21,0,0,1,178,red,2400,T5B
22,0,0,1,178,red,2400,T5B
23,0,0,1,178,red,2400,T5B
24,0,0,1,178,red,2400,T5B
25,0,0,1,178,red,2400,T5B
26,0,0,1,178,red,2400,T5B
27,0,0,1,178,red,2400,T5B
28,0,0,1,178,red,2400,T5B
29,0,0,1,178,red,2400,T5B
30,0,0,1,178,red,2400,T5B
31,0,0,1,178,red,2400,T5B
32,0,0,1,178,red,2400,T5B
33,0,0,1,178,red,2400,T5B
34,0,0,1,178,red,2400,T5B
35,0,0,1,178,red,2400,T5B
36,0,0,1,178,red,2400,T5B
37,0,0,1,178,red,2400,T5B
38,0,0,1,178,red,2400,T5B
39,0,0,1,178,red,2400,T5B
40,0,0,1,178,red,2400,T5B
41,0,0,1,178,red,2400,T5B
42,0,0,1,178,red,2400,T5B
43,0,0,1,178,red,2400,T5B
44,0,0,1,178,red,2400,T5B
45,0,0,1,178,red,2400,T5B
46,0,0,1,178,red,2400,T5B
47,0,0,1,178,red,2400,T5B
48,0,0,1,178,red,2400,T5B
49,0,0,1,178,red,2400,T5B
50,0,0,1,178,red,2400,T5B
51,0,0,1,178,red,2400,T5B
52,0,0,1,178,red,2400,T5B
53,0,0,1,178,red,2400,T5B
54,0,0,1,178,red,2400,T5B
55,0,0,1,178,red,2400,T5B
56,0,0,1,178,red,2400,T5B
57,0,0,1,178,red,2400,T5B
58,0,0,1,178,red,2400,T5B
59,0,0,1,178,red,2400,T5B
60,0,0,1,178,red,2400,T5B
61,0,0,1,178,red,2400,T5B
62,0,0,1,178,red,2400,T5B
63,0,0,1,178,red,2400,T5B
64,0,0,1,178,red,2400,T5B
65,0,0,1,178,red,2400,T5B
66,0,0,1,178,red,2400,T5B
67,0,0,1,178,red,2400,T5B
68,0,0,1,178,red,2400,T5B
69,0,0,1,178,red,2400,T5B
70,0,0,1,178,red,2400,T5B
71,0,0,1,178,red,2400,T5B
72,0,0,1,178,red,2400,T5B
73,0,0,1,178,red,2400,T5B
74,0,0,1,178,red,2400,T5B
75,0,0,1,178,red,2400,T5B
76,0,0,1,178,red,2400,T5B
77,0,0,1,178,red,2400,T5B
78,0,0,1,178,red,2400,T5B
79,0,0,1,178,red,2400,T5B
80,0,0,1,178,red,2400,T5B
81,0,0,1,178,red,2400,T5B
82,0,0,1,178,red,2400,T5B
83,0,0,1,178,red,2400,T5B
84,0,0,1,178,red,2400,T5B
85,0,0,1,178,red,2400,T5B
86,0,0,1,178,red,2400,T5B
87,0,0,1,178,red,2400,T5B
88,0,0,1,178,red,2400,T5B
89,0,0,1,178,red,2400,T5B
90,0,0,1,178,red,2400,T5B
91,0,0,1,178,red,2400,T5B
92,0,0,1,178,red,2400,T5B
93,0,0,1,178,red,2400,T5B
94,0,0,1,178,red,2400,T5B
95,0,1,0,178,red,2400,T5B
96,0,1,0,178,red,2400,T5B
97,0,1,0,178,red,2400,T5B
98,0,1,0,178,red,2400,T5B
99,0,1,0,178,red,2400,T5B
100,0,1,0,178,red,2400,T5B
101,0,1,0,178,red,2400,T5B
102,0,1,0,178,red,2400,T5B
103,0,1,0,178,red,2400,T5B
104,0,1,0,178,red,2400,T5B
105,0,1,0,178,red,2400,T5B
106,0,1,0,178,red,2400,T5B
107,0,1,0,178,red,2400,T5B
108,0,1,0,178,red,2400,T5B
109,0,0,1,178,red,2400,T5B
110,1,0,0,178,red,2400,T5B
111,1,0,0,178,red,2400,T5B
112,1,0,0,178,red,2400,T5B
113,1,0,0,178,red,2400,T5B
114,1,0,0,178,red,2400,T5B
115,1,0,0,178,red,2400,T5B
116,1,0,0,178,red,2400,T5B
117,1,0,0,178,red,2400,T5B
118,1,0,0,178,red,2400,T5B
119,1,0,0,178,red,2400,T5B
120,1,0,0,178,red,2400,T5B
121,1,0,0,178,red,2400,T5B
122,1,0,0,178,red,2400,T5B
123,1,0,0,178,red,2400,T5B
124,1,0,0,178,red,2400,T5B
125,1,0,0,178,red,2400,T5B
126,1,0,0,178,red,2400,T5B
127,1,0,0,178,red,2400,T5B
128,1,0,0,178,red,2400,T5B
129,1,0,0,178,red,2400,T5B
130,1,0,0,178,red,2400,T5B
131,1,0,0,178,red,2400,T5B
132,1,0,0,178,red,2400,T5B
133,1,0,0,178,red,2400,T5B
134,1,0,0,178,red,2400,T5B
135,1,0,0,178,red,2400,T5B
136,1,0,0,178,red,2400,T5B
137,1,0,0,178,red,2400,T5B
138,1,0,0,178,red,2400,T5B
139,1,0,0,178,red,2400,T5B
140,1,0,0,178,red,2400,T5B
141,1,0,0,178,red,2400,T5B
142,1,0,0,178,red,2400,T5B
143,1,0,0,178,red,2400,T5B
144,1,0,0,178,red,2400,T5B
145,1,0,0,178,red,2400,T5B
146,1,0,0,178,red,2400,T5B
147,1,0,0,178,red,2400,T5B
148,1,0,0,178,red,2400,T5B
149,1,0,0,178,red,2400,T5B
150,1,0,0,178,red,2400,T5B
151,1,0,0,178,red,2400,T5B
152,1,0,0,178,red,2400,T5B
153,1,0,0,178,red,2400,T5B
154,1,0,0,178,red,2400,T5B
155,1,0,0,178,red,2400,T5B
156,1,0,0,178,red,2400,T5B
157,1,0,0,178,red,2400,T5B
158,1,0,0,178,red,2400,T5B
159,1,0,0,178,red,2400,T5B
160,1,0,0,178,red,2400,T5B
161,1,0,0,178,red,2400,T5B
162,1,0,0,178,red,2400,T5B
163,1,0,0,178,red,2400,T5B
164,1,0,0,178,red,2400,T5B
165,1,0,0,178,red,2400,T5B
166,1,0,0,178,red,2400,T5B
167,1,0,0,178,red,2400,T5B
168,1,0,0,178,red,2400,T5B
169,1,0,0,178,red,2400,T5B
170,1,0,0,178,red,2400,T5B
171,1,0,0,178,red,2400,T5B
172,1,0,0,178,red,2400,T5B
173,1,0,0,178,red,2400,T5B
174,1,0,0,178,red,2400,T5B
175,1,0,0,178,red,2400,T5B
176,1,0,0,178,red,2400,T5B
177,1,0,0,178,red,2400,T5B
178,1,0,0,178,red,2400,T5B
179,1,0,0,178,red,2400,T5B
180,1,0,0,178,red,2400,T5B
181,1,0,0,178,red,2400,T5B
182,1,0,0,178,red,2400,T5B
183,1,0,0,178,red,2400,T5B
184,1,0,0,178,red,2400,T5B
185,1,0,0,178,red,2400,T5B
186,1,0,0,178,red,2400,T5B
187,1,0,0,178,red,2400,T5B
188,1,0,0,178,red,2400,T5B
189,1,0,0,178,red,2400,T5B
190,1,0,0,178,red,2400,T5B
191,1,0,0,178,red,2400,T5B
192,1,0,0,178,red,2400,T5B
193,1,0,0,178,red,2400,T5B
194,1,0,0,178,red,2400,T5B
195,1,0,0,178,red,2400,T5B
196,1,0,0,178,red,2400,T5B
197,1,0,0,178,red,2400,T5B
198,1,0,0,178,red,2400,T5B
199,1,0,0,178,red,2400,T5B
200,1,0,0,178,red,2400,T5B
201,1,0,0,178,red,2400,T5B
202,1,0,0,178,red,2400,T5B
203,1,0,0,178,red,2400,T5B
0,0,0,1,179,red,2495,T5B
1,0,0,1,179,red,2495,T5B
2,0,0,1,179,red,2495,T5B
3,0,0,1,179,red,2495,T5B
4,0,0,1,179,red,2495,T5B
5,0,0,1,179,red,2495,T5B
6,0,0,1,179,red,2495,T5B
7,0,0,1,179,red,2495,T5B
8,0,0,1,179,red,2495,T5B
9,0,0,1,179,red,2495,T5B
10,0,0,1,179,red,2495,T5B
11,0,0,1,179,red,2495,T5B
12,0,0,1,179,red,2495,T5B
13,0,0,1,179,red,2495,T5B
14,0,0,1,179,red,2495,T5B
15,0,0,1,179,red,2495,T5B
16,0,0,1,179,red,2495,T5B
17,0,0,1,179,red,2495,T5B
18,0,0,1,179,red,2495,T5B
19,0,0,1,179,red,2495,T5B
20,0,0,1,179,red,2495,T5B
21,0,0,1,179,red,2495,T5B
22,0,0,1,179,red,2495,T5B
23,0,0,1,179,red,2495,T5B
24,0,0,1,179,red,2495,T5B
25,0,0,1,179,red,2495,T5B
26,0,0,1,179,red,2495,T5B
27,0,0,1,179,red,2495,T5B
28,0,0,1,179,red,2495,T5B
29,0,0,1,179,red,2495,T5B
30,0,0,1,179,red,2495,T5B
31,0,0,1,179,red,2495,T5B
32,0,0,1,179,red,2495,T5B
33,0,0,1,179,red,2495,T5B
34,0,0,1,179,red,2495,T5B
35,0,0,1,179,red,2495,T5B
36,0,0,1,179,red,2495,T5B
37,0,0,1,179,red,2495,T5B
38,0,0,1,179,red,2495,T5B
39,0,0,1,179,red,2495,T5B
40,0,0,1,179,red,2495,T5B
41,0,0,1,179,red,2495,T5B
42,0,0,1,179,red,2495,T5B
43,0,0,1,179,red,2495,T5B
44,0,0,1,179,red,2495,T5B
45,0,0,1,179,red,2495,T5B
46,0,0,1,179,red,2495,T5B
47,0,0,1,179,red,2495,T5B
48,0,1,0,179,red,2495,T5B
49,0,1,0,179,red,2495,T5B
50,0,1,0,179,red,2495,T5B
51,0,1,0,179,red,2495,T5B
52,0,1,0,179,red,2495,T5B
53,0,1,0,179,red,2495,T5B
54,0,1,0,179,red,2495,T5B
55,0,1,0,179,red,2495,T5B
56,0,1,0,179,red,2495,T5B
57,0,1,0,179,red,2495,T5B
58,0,1,0,179,red,2495,T5B
59,0,1,0,179,red,2495,T5B
60,0,1,0,179,red,2495,T5B
61,0,1,0,179,red,2495,T5B
62,0,1,0,179,red,2495,T5B
63,0,1,0,179,red,2495,T5B
64,0,1,0,179,red,2495,T5B
65,0,1,0,179,red,2495,T5B
66,0,1,0,179,red,2495,T5B
67,0,1,0,179,red,2495,T5B
68,0,1,0,179,red,2495,T5B
69,0,1,0,179,red,2495,T5B
70,0,1,0,179,red,2495,T5B
71,0,1,0,179,red,2495,T5B
72,0,1,0,179,red,2495,T5B
73,0,1,0,179,red,2495,T5B
74,0,1,0,179,red,2495,T5B
75,0,1,0,179,red,2495,T5B
76,0,1,0,179,red,2495,T5B
77,0,1,0,179,red,2495,T5B
78,0,1,0,179,red,2495,T5B
79,0,1,0,179,red,2495,T5B
80,0,1,0,179,red,2495,T5B
81,0,1,0,179,red,2495,T5B
82,0,1,0,179,red,2495,T5B
83,0,1,0,179,red,2495,T5B
84,0,0,1,179,red,2495,T5B
85,0,0,1,179,red,2495,T5B
86,1,0,0,179,red,2495,T5B
87,1,0,0,179,red,2495,T5B
88,1,0,0,179,red,2495,T5B
89,1,0,0,179,red,2495,T5B
90,1,0,0,179,red,2495,T5B
91,1,0,0,179,red,2495,T5B
92,1,0,0,179,red,2495,T5B
93,1,0,0,179,red,2495,T5B
94,1,0,0,179,red,2495,T5B
95,1,0,0,179,red,2495,T5B
96,1,0,0,179,red,2495,T5B
97,1,0,0,179,red,2495,T5B
98,1,0,0,179,red,2495,T5B
99,1,0,0,179,red,2495,T5B
100,1,0,0,179,red,2495,T5B
101,1,0,0,179,red,2495,T5B
102,1,0,0,179,red,2495,T5B
103,1,0,0,179,red,2495,T5B
104,1,0,0,179,red,2495,T5B
105,1,0,0,179,red,2495,T5B
106,1,0,0,179,red,2495,T5B
107,1,0,0,179,red,2495,T5B
108,1,0,0,179,red,2495,T5B
109,1,0,0,179,red,2495,T5B
110,1,0,0,179,red,2495,T5B
111,1,0,0,179,red,2495,T5B
112,1,0,0,179,red,2495,T5B
113,1,0,0,179,red,2495,T5B
114,1,0,0,179,red,2495,T5B
115,1,0,0,179,red,2495,T5B
116,1,0,0,179,red,2495,T5B
117,1,0,0,179,red,2495,T5B
118,1,0,0,179,red,2495,T5B
119,1,0,0,179,red,2495,T5B
120,1,0,0,179,red,2495,T5B
121,1,0,0,179,red,2495,T5B
122,1,0,0,179,red,2495,T5B
123,1,0,0,179,red,2495,T5B
124,1,0,0,179,red,2495,T5B
125,1,0,0,179,red,2495,T5B
126,1,0,0,179,red,2495,T5B
127,1,0,0,179,red,2495,T5B
128,1,0,0,179,red,2495,T5B
129,1,0,0,179,red,2495,T5B
130,1,0,0,179,red,2495,T5B
131,1,0,0,179,red,2495,T5B
132,1,0,0,179,red,2495,T5B
133,1,0,0,179,red,2495,T5B
134,1,0,0,179,red,2495,T5B
135,1,0,0,179,red,2495,T5B
136,1,0,0,179,red,2495,T5B
137,1,0,0,179,red,2495,T5B
138,1,0,0,179,red,2495,T5B
139,1,0,0,179,red,2495,T5B
140,1,0,0,179,red,2495,T5B
141,1,0,0,179,red,2495,T5B
142,1,0,0,179,red,2495,T5B
143,1,0,0,179,red,2495,T5B
144,1,0,0,179,red,2495,T5B
145,1,0,0,179,red,2495,T5B
146,1,0,0,179,red,2495,T5B
147,1,0,0,179,red,2495,T5B
148,1,0,0,179,red,2495,T5B
149,1,0,0,179,red,2495,T5B
150,1,0,0,179,red,2495,T5B
151,1,0,0,179,red,2495,T5B
152,1,0,0,179,red,2495,T5B
153,1,0,0,179,red,2495,T5B
154,1,0,0,179,red,2495,T5B
155,1,0,0,179,red,2495,T5B
156,1,0,0,179,red,2495,T5B
157,1,0,0,179,red,2495,T5B
158,1,0,0,179,red,2495,T5B
159,1,0,0,179,red,2495,T5B
160,1,0,0,179,red,2495,T5B
161,1,0,0,179,red,2495,T5B
162,1,0,0,179,red,2495,T5B
163,1,0,0,179,red,2495,T5B
164,1,0,0,179,red,2495,T5B
165,1,0,0,179,red,2495,T5B
166,1,0,0,179,red,2495,T5B
167,1,0,0,179,red,2495,T5B
168,1,0,0,179,red,2495,T5B
169,1,0,0,179,red,2495,T5B
170,1,0,0,179,red,2495,T5B
171,1,0,0,179,red,2495,T5B
172,1,0,0,179,red,2495,T5B
173,1,0,0,179,red,2495,T5B
174,1,0,0,179,red,2495,T5B
175,1,0,0,179,red,2495,T5B
176,1,0,0,179,red,2495,T5B
177,1,0,0,179,red,2495,T5B
178,1,0,0,179,red,2495,T5B
179,1,0,0,179,red,2495,T5B
180,1,0,0,179,red,2495,T5B
181,1,0,0,179,red,2495,T5B
182,1,0,0,179,red,2495,T5B
183,1,0,0,179,red,2495,T5B
184,1,0,0,179,red,2495,T5B
185,1,0,0,179,red,2495,T5B
186,1,0,0,179,red,2495,T5B
187,1,0,0,179,red,2495,T5B
188,1,0,0,179,red,2495,T5B
189,1,0,0,179,red,2495,T5B
190,1,0,0,179,red,2495,T5B
191,1,0,0,179,red,2495,T5B
192,1,0,0,179,red,2495,T5B
193,1,0,0,179,red,2495,T5B
194,1,0,0,179,red,2495,T5B
195,1,0,0,179,red,2495,T5B
196,1,0,0,179,red,2495,T5B
197,1,0,0,179,red,2495,T5B
198,1,0,0,179,red,2495,T5B
199,1,0,0,179,red,2495,T5B
200,1,0,0,179,red,2495,T5B
201,1,0,0,179,red,2495,T5B
202,1,0,0,179,red,2495,T5B
203,1,0,0,179,red,2495,T5B
0,0,0,1,180,red,2650,T5B
1,0,0,1,180,red,2650,T5B
2,0,0,1,180,red,2650,T5B
3,0,0,1,180,red,2650,T5B
4,0,0,1,180,red,2650,T5B
5,0,0,1,180,red,2650,T5B
6,0,0,1,180,red,2650,T5B
7,0,0,1,180,red,2650,T5B
8,0,0,1,180,red,2650,T5B
9,0,0,1,180,red,2650,T5B
10,0,0,1,180,red,2650,T5B
11,0,0,1,180,red,2650,T5B
12,0,0,1,180,red,2650,T5B
13,0,0,1,180,red,2650,T5B
14,0,0,1,180,red,2650,T5B
15,0,0,1,180,red,2650,T5B
16,0,0,1,180,red,2650,T5B
17,0,0,1,180,red,2650,T5B
18,0,0,1,180,red,2650,T5B
19,0,0,1,180,red,2650,T5B
20,0,0,1,180,red,2650,T5B
21,0,0,1,180,red,2650,T5B
22,0,0,1,180,red,2650,T5B
23,0,0,1,180,red,2650,T5B
24,0,0,1,180,red,2650,T5B
25,0,0,1,180,red,2650,T5B
26,0,0,1,180,red,2650,T5B
27,0,0,1,180,red,2650,T5B
28,0,0,1,180,red,2650,T5B
29,0,0,1,180,red,2650,T5B
30,0,0,1,180,red,2650,T5B
31,0,0,1,180,red,2650,T5B
32,0,0,1,180,red,2650,T5B
33,0,0,1,180,red,2650,T5B
34,0,0,1,180,red,2650,T5B
35,0,0,1,180,red,2650,T5B
36,0,0,1,180,red,2650,T5B
37,0,0,1,180,red,2650,T5B
38,0,0,1,180,red,2650,T5B
39,1,0,0,180,red,2650,T5B
40,1,0,0,180,red,2650,T5B
41,1,0,0,180,red,2650,T5B
42,1,0,0,180,red,2650,T5B
43,1,0,0,180,red,2650,T5B
44,1,0,0,180,red,2650,T5B
45,1,0,0,180,red,2650,T5B
46,1,0,0,180,red,2650,T5B
47,1,0,0,180,red,2650,T5B
48,1,0,0,180,red,2650,T5B
49,1,0,0,180,red,2650,T5B
50,1,0,0,180,red,2650,T5B
51,1,0,0,180,red,2650,T5B
52,1,0,0,180,red,2650,T5B
53,1,0,0,180,red,2650,T5B
54,1,0,0,180,red,2650,T5B
55,1,0,0,180,red,2650,T5B
56,1,0,0,180,red,2650,T5B
57,1,0,0,180,red,2650,T5B
58,1,0,0,180,red,2650,T5B
59,1,0,0,180,red,2650,T5B
60,1,0,0,180,red,2650,T5B
61,1,0,0,180,red,2650,T5B
62,1,0,0,180,red,2650,T5B
63,1,0,0,180,red,2650,T5B
64,1,0,0,180,red,2650,T5B
65,1,0,0,180,red,2650,T5B
66,1,0,0,180,red,2650,T5B
67,1,0,0,180,red,2650,T5B
68,1,0,0,180,red,2650,T5B
69,1,0,0,180,red,2650,T5B
70,1,0,0,180,red,2650,T5B
71,1,0,0,180,red,2650,T5B
72,1,0,0,180,red,2650,T5B
73,1,0,0,180,red,2650,T5B
74,1,0,0,180,red,2650,T5B
75,1,0,0,180,red,2650,T5B
76,1,0,0,180,red,2650,T5B
77,1,0,0,180,red,2650,T5B
78,1,0,0,180,red,2650,T5B
79,1,0,0,180,red,2650,T5B
80,1,0,0,180,red,2650,T5B
81,1,0,0,180,red,2650,T5B
82,1,0,0,180,red,2650,T5B
83,1,0,0,180,red,2650,T5B
84,1,0,0,180,red,2650,T5B
85,1,0,0,180,red,2650,T5B
86,1,0,0,180,red,2650,T5B
87,1,0,0,180,red,2650,T5B
88,1,0,0,180,red,2650,T5B
89,1,0,0,180,red,2650,T5B
90,1,0,0,180,red,2650,T5B
91,1,0,0,180,red,2650,T5B
92,1,0,0,180,red,2650,T5B
93,1,0,0,180,red,2650,T5B
94,1,0,0,180,red,2650,T5B
95,1,0,0,180,red,2650,T5B
96,1,0,0,180,red,2650,T5B
97,1,0,0,180,red,2650,T5B
98,1,0,0,180,red,2650,T5B
99,1,0,0,180,red,2650,T5B
100,1,0,0,180,red,2650,T5B
101,1,0,0,180,red,2650,T5B
102,1,0,0,180,red,2650,T5B
103,1,0,0,180,red,2650,T5B
104,1,0,0,180,red,2650,T5B
105,1,0,0,180,red,2650,T5B
106,1,0,0,180,red,2650,T5B
107,1,0,0,180,red,2650,T5B
108,1,0,0,180,red,2650,T5B
109,1,0,0,180,red,2650,T5B
110,1,0,0,180,red,2650,T5B
111,1,0,0,180,red,2650,T5B
112,1,0,0,180,red,2650,T5B
113,1,0,0,180,red,2650,T5B
114,1,0,0,180,red,2650,T5B
115,1,0,0,180,red,2650,T5B
116,1,0,0,180,red,2650,T5B
117,1,0,0,180,red,2650,T5B
118,1,0,0,180,red,2650,T5B
119,1,0,0,180,red,2650,T5B
120,1,0,0,180,red,2650,T5B
121,1,0,0,180,red,2650,T5B
122,1,0,0,180,red,2650,T5B
123,1,0,0,180,red,2650,T5B
124,1,0,0,180,red,2650,T5B
125,1,0,0,180,red,2650,T5B
126,1,0,0,180,red,2650,T5B
127,1,0,0,180,red,2650,T5B
128,1,0,0,180,red,2650,T5B
129,1,0,0,180,red,2650,T5B
130,1,0,0,180,red,2650,T5B
131,1,0,0,180,red,2650,T5B
132,1,0,0,180,red,2650,T5B
133,1,0,0,180,red,2650,T5B
134,1,0,0,180,red,2650,T5B
135,1,0,0,180,red,2650,T5B
136,1,0,0,180,red,2650,T5B
137,1,0,0,180,red,2650,T5B
138,1,0,0,180,red,2650,T5B
139,1,0,0,180,red,2650,T5B
140,1,0,0,180,red,2650,T5B
141,1,0,0,180,red,2650,T5B
142,1,0,0,180,red,2650,T5B
143,1,0,0,180,red,2650,T5B
144,1,0,0,180,red,2650,T5B
145,1,0,0,180,red,2650,T5B
146,1,0,0,180,red,2650,T5B
147,1,0,0,180,red,2650,T5B
148,1,0,0,180,red,2650,T5B
149,1,0,0,180,red,2650,T5B
150,1,0,0,180,red,2650,T5B
151,1,0,0,180,red,2650,T5B
152,1,0,0,180,red,2650,T5B
153,1,0,0,180,red,2650,T5B
154,1,0,0,180,red,2650,T5B
155,1,0,0,180,red,2650,T5B
156,1,0,0,180,red,2650,T5B
157,1,0,0,180,red,2650,T5B
158,1,0,0,180,red,2650,T5B
159,1,0,0,180,red,2650,T5B
160,1,0,0,180,red,2650,T5B
161,1,0,0,180,red,2650,T5B
162,1,0,0,180,red,2650,T5B
163,1,0,0,180,red,2650,T5B
164,1,0,0,180,red,2650,T5B
165,1,0,0,180,red,2650,T5B
166,1,0,0,180,red,2650,T5B
167,1,0,0,180,red,2650,T5B
168,1,0,0,180,red,2650,T5B
169,1,0,0,180,red,2650,T5B
170,1,0,0,180,red,2650,T5B
171,1,0,0,180,red,2650,T5B
172,1,0,0,180,red,2650,T5B
173,1,0,0,180,red,2650,T5B
174,1,0,0,180,red,2650,T5B
175,1,0,0,180,red,2650,T5B
176,1,0,0,180,red,2650,T5B
177,1,0,0,180,red,2650,T5B
178,1,0,0,180,red,2650,T5B
179,1,0,0,180,red,2650,T5B
180,1,0,0,180,red,2650,T5B
181,1,0,0,180,red,2650,T5B
182,1,0,0,180,red,2650,T5B
183,1,0,0,180,red,2650,T5B
184,1,0,0,180,red,2650,T5B
185,1,0,0,180,red,2650,T5B
186,1,0,0,180,red,2650,T5B
187,1,0,0,180,red,2650,T5B
188,1,0,0,180,red,2650,T5B
189,1,0,0,180,red,2650,T5B
190,1,0,0,180,red,2650,T5B
191,1,0,0,180,red,2650,T5B
192,1,0,0,180,red,2650,T5B
193,1,0,0,180,red,2650,T5B
194,1,0,0,180,red,2650,T5B
195,1,0,0,180,red,2650,T5B
196,1,0,0,180,red,2650,T5B
197,1,0,0,180,red,2650,T5B
198,1,0,0,180,red,2650,T5B
199,1,0,0,180,red,2650,T5B
200,1,0,0,180,red,2650,T5B
201,1,0,0,180,red,2650,T5B
202,1,0,0,180,red,2650,T5B
203,1,0,0,180,red,2650,T5B
0,0,0,1,181,red,2702,T5B
1,0,0,1,181,red,2702,T5B
2,0,0,1,181,red,2702,T5B
3,0,0,1,181,red,2702,T5B
4,0,0,1,181,red,2702,T5B
5,0,0,1,181,red,2702,T5B
6,0,0,1,181,red,2702,T5B
7,0,0,1,181,red,2702,T5B
8,0,0,1,181,red,2702,T5B
9,0,0,1,181,red,2702,T5B
10,0,0,1,181,red,2702,T5B
11,0,0,1,181,red,2702,T5B
12,0,0,1,181,red,2702,T5B
13,0,0,1,181,red,2702,T5B
14,0,0,1,181,red,2702,T5B
15,0,0,1,181,red,2702,T5B
16,0,0,1,181,red,2702,T5B
17,0,0,1,181,red,2702,T5B
18,0,0,1,181,red,2702,T5B
19,0,0,1,181,red,2702,T5B
20,0,0,1,181,red,2702,T5B
21,0,0,1,181,red,2702,T5B
22,0,0,1,181,red,2702,T5B
23,0,0,1,181,red,2702,T5B
24,0,0,1,181,red,2702,T5B
25,0,0,1,181,red,2702,T5B
26,0,0,1,181,red,2702,T5B
27,0,0,1,181,red,2702,T5B
28,0,0,1,181,red,2702,T5B
29,0,0,1,181,red,2702,T5B
30,0,0,1,181,red,2702,T5B
31,0,0,1,181,red,2702,T5B
32,0,0,1,181,red,2702,T5B
33,0,0,1,181,red,2702,T5B
34,0,0,1,181,red,2702,T5B
35,0,0,1,181,red,2702,T5B
36,0,0,1,181,red,2702,T5B
37,0,0,1,181,red,2702,T5B
38,0,0,1,181,red,2702,T5B
39,0,0,1,181,red,2702,T5B
40,0,0,1,181,red,2702,T5B
41,0,0,1,181,red,2702,T5B
42,0,0,1,181,red,2702,T5B
43,0,0,1,181,red,2702,T5B
44,0,0,1,181,red,2702,T5B
45,0,0,1,181,red,2702,T5B
46,0,0,1,181,red,2702,T5B
47,0,0,1,181,red,2702,T5B
48,0,0,1,181,red,2702,T5B
49,0,0,1,181,red,2702,T5B
50,0,0,1,181,red,2702,T5B
51,0,0,1,181,red,2702,T5B
52,0,0,1,181,red,2702,T5B
53,0,0,1,181,red,2702,T5B
54,0,0,1,181,red,2702,T5B
55,0,0,1,181,red,2702,T5B
56,0,0,1,181,red,2702,T5B
57,0,0,1,181,red,2702,T5B
58,0,0,1,181,red,2702,T5B
59,0,0,1,181,red,2702,T5B
60,0,0,1,181,red,2702,T5B
61,0,0,1,181,red,2702,T5B
62,0,0,1,181,red,2702,T5B
63,0,0,1,181,red,2702,T5B
64,0,0,1,181,red,2702,T5B
65,0,0,1,181,red,2702,T5B
66,0,0,1,181,red,2702,T5B
67,0,0,1,181,red,2702,T5B
68,0,0,1,181,red,2702,T5B
69,0,0,1,181,red,2702,T5B
70,0,0,1,181,red,2702,T5B
71,0,0,1,181,red,2702,T5B
72,0,0,1,181,red,2702,T5B
73,0,0,1,181,red,2702,T5B
74,0,0,1,181,red,2702,T5B
75,0,0,1,181,red,2702,T5B
76,0,0,1,181,red,2702,T5B
77,0,0,1,181,red,2702,T5B
78,0,0,1,181,red,2702,T5B
79,0,0,1,181,red,2702,T5B
80,0,0,1,181,red,2702,T5B
81,0,0,1,181,red,2702,T5B
82,1,0,0,181,red,2702,T5B
83,1,0,0,181,red,2702,T5B
84,1,0,0,181,red,2702,T5B
85,1,0,0,181,red,2702,T5B
86,1,0,0,181,red,2702,T5B
87,1,0,0,181,red,2702,T5B
88,1,0,0,181,red,2702,T5B
89,1,0,0,181,red,2702,T5B
90,1,0,0,181,red,2702,T5B
91,1,0,0,181,red,2702,T5B
92,1,0,0,181,red,2702,T5B
93,1,0,0,181,red,2702,T5B
94,1,0,0,181,red,2702,T5B
95,1,0,0,181,red,2702,T5B
96,1,0,0,181,red,2702,T5B
97,1,0,0,181,red,2702,T5B
98,1,0,0,181,red,2702,T5B
99,1,0,0,181,red,2702,T5B
100,1,0,0,181,red,2702,T5B
101,1,0,0,181,red,2702,T5B
102,1,0,0,181,red,2702,T5B
103,1,0,0,181,red,2702,T5B
104,1,0,0,181,red,2702,T5B
105,1,0,0,181,red,2702,T5B
106,1,0,0,181,red,2702,T5B
107,1,0,0,181,red,2702,T5B
108,1,0,0,181,red,2702,T5B
109,1,0,0,181,red,2702,T5B
110,1,0,0,181,red,2702,T5B
111,1,0,0,181,red,2702,T5B
112,1,0,0,181,red,2702,T5B
113,1,0,0,181,red,2702,T5B
114,1,0,0,181,red,2702,T5B
115,1,0,0,181,red,2702,T5B
116,1,0,0,181,red,2702,T5B
117,1,0,0,181,red,2702,T5B
118,1,0,0,181,red,2702,T5B
119,1,0,0,181,red,2702,T5B
120,1,0,0,181,red,2702,T5B
121,1,0,0,181,red,2702,T5B
122,1,0,0,181,red,2702,T5B
123,1,0,0,181,red,2702,T5B
124,1,0,0,181,red,2702,T5B
125,1,0,0,181,red,2702,T5B
126,1,0,0,181,red,2702,T5B
127,1,0,0,181,red,2702,T5B
128,1,0,0,181,red,2702,T5B
129,1,0,0,181,red,2702,T5B
130,1,0,0,181,red,2702,T5B
131,1,0,0,181,red,2702,T5B
132,1,0,0,181,red,2702,T5B
133,1,0,0,181,red,2702,T5B
134,1,0,0,181,red,2702,T5B
135,1,0,0,181,red,2702,T5B
136,1,0,0,181,red,2702,T5B
137,1,0,0,181,red,2702,T5B
138,1,0,0,181,red,2702,T5B
139,1,0,0,181,red,2702,T5B
140,1,0,0,181,red,2702,T5B
141,1,0,0,181,red,2702,T5B
142,1,0,0,181,red,2702,T5B
143,1,0,0,181,red,2702,T5B
144,1,0,0,181,red,2702,T5B
145,1,0,0,181,red,2702,T5B
146,1,0,0,181,red,2702,T5B
147,1,0,0,181,red,2702,T5B
148,1,0,0,181,red,2702,T5B
149,1,0,0,181,red,2702,T5B
150,1,0,0,181,red,2702,T5B
151,1,0,0,181,red,2702,T5B
152,1,0,0,181,red,2702,T5B
153,1,0,0,181,red,2702,T5B
154,1,0,0,181,red,2702,T5B
155,1,0,0,181,red,2702,T5B
156,1,0,0,181,red,2702,T5B
157,1,0,0,181,red,2702,T5B
158,1,0,0,181,red,2702,T5B
159,1,0,0,181,red,2702,T5B
160,1,0,0,181,red,2702,T5B
161,1,0,0,181,red,2702,T5B
162,1,0,0,181,red,2702,T5B
163,1,0,0,181,red,2702,T5B
164,1,0,0,181,red,2702,T5B
165,1,0,0,181,red,2702,T5B
166,1,0,0,181,red,2702,T5B
167,1,0,0,181,red,2702,T5B
168,1,0,0,181,red,2702,T5B
169,1,0,0,181,red,2702,T5B
170,1,0,0,181,red,2702,T5B
171,1,0,0,181,red,2702,T5B
172,1,0,0,181,red,2702,T5B
173,1,0,0,181,red,2702,T5B
174,1,0,0,181,red,2702,T5B
175,1,0,0,181,red,2702,T5B
176,1,0,0,181,red,2702,T5B
177,1,0,0,181,red,2702,T5B
178,1,0,0,181,red,2702,T5B
179,1,0,0,181,red,2702,T5B
180,1,0,0,181,red,2702,T5B
181,1,0,0,181,red,2702,T5B
182,1,0,0,181,red,2702,T5B
183,1,0,0,181,red,2702,T5B
184,1,0,0,181,red,2702,T5B
185,1,0,0,181,red,2702,T5B
186,1,0,0,181,red,2702,T5B
187,1,0,0,181,red,2702,T5B
188,1,0,0,181,red,2702,T5B
189,1,0,0,181,red,2702,T5B
190,1,0,0,181,red,2702,T5B
191,1,0,0,181,red,2702,T5B
192,1,0,0,181,red,2702,T5B
193,1,0,0,181,red,2702,T5B
194,1,0,0,181,red,2702,T5B
195,1,0,0,181,red,2702,T5B
196,1,0,0,181,red,2702,T5B
197,1,0,0,181,red,2702,T5B
198,1,0,0,181,red,2702,T5B
199,1,0,0,181,red,2702,T5B
200,1,0,0,181,red,2702,T5B
201,1,0,0,181,red,2702,T5B
202,1,0,0,181,red,2702,T5B
203,1,0,0,181,red,2702,T5B
0,0,0,1,182,red,2727,T5B
1,0,0,1,182,red,2727,T5B
2,0,0,1,182,red,2727,T5B
3,0,0,1,182,red,2727,T5B
4,0,0,1,182,red,2727,T5B
5,0,0,1,182,red,2727,T5B
6,0,0,1,182,red,2727,T5B
7,0,0,1,182,red,2727,T5B
8,0,0,1,182,red,2727,T5B
9,0,0,1,182,red,2727,T5B
10,0,0,1,182,red,2727,T5B
11,0,0,1,182,red,2727,T5B
12,0,0,1,182,red,2727,T5B
13,0,0,1,182,red,2727,T5B
14,0,0,1,182,red,2727,T5B
15,0,0,1,182,red,2727,T5B
16,0,0,1,182,red,2727,T5B
17,0,0,1,182,red,2727,T5B
18,0,0,1,182,red,2727,T5B
19,0,0,1,182,red,2727,T5B
20,0,0,1,182,red,2727,T5B
21,0,0,1,182,red,2727,T5B
22,0,0,1,182,red,2727,T5B
23,0,0,1,182,red,2727,T5B
24,0,0,1,182,red,2727,T5B
25,0,0,1,182,red,2727,T5B
26,0,0,1,182,red,2727,T5B
27,0,0,1,182,red,2727,T5B
28,0,0,1,182,red,2727,T5B
29,0,0,1,182,red,2727,T5B
30,0,0,1,182,red,2727,T5B
31,0,0,1,182,red,2727,T5B
32,0,0,1,182,red,2727,T5B
33,0,0,1,182,red,2727,T5B
34,0,0,1,182,red,2727,T5B
35,0,0,1,182,red,2727,T5B
36,0,0,1,182,red,2727,T5B
37,0,0,1,182,red,2727,T5B
38,0,0,1,182,red,2727,T5B
39,0,0,1,182,red,2727,T5B
40,0,0,1,182,red,2727,T5B
41,0,0,1,182,red,2727,T5B
42,0,0,1,182,red,2727,T5B
43,0,0,1,182,red,2727,T5B
44,0,0,1,182,red,2727,T5B
45,0,0,1,182,red,2727,T5B
46,0,0,1,182,red,2727,T5B
47,1,0,0,182,red,2727,T5B
48,1,0,0,182,red,2727,T5B
49,1,0,0,182,red,2727,T5B
50,1,0,0,182,red,2727,T5B
51,1,0,0,182,red,2727,T5B
52,1,0,0,182,red,2727,T5B
53,1,0,0,182,red,2727,T5B
54,1,0,0,182,red,2727,T5B
55,1,0,0,182,red,2727,T5B
56,1,0,0,182,red,2727,T5B
57,1,0,0,182,red,2727,T5B
58,1,0,0,182,red,2727,T5B
59,1,0,0,182,red,2727,T5B
60,1,0,0,182,red,2727,T5B
61,1,0,0,182,red,2727,T5B
62,1,0,0,182,red,2727,T5B
63,1,0,0,182,red,2727,T5B
64,1,0,0,182,red,2727,T5B
65,1,0,0,182,red,2727,T5B
66,1,0,0,182,red,2727,T5B
67,1,0,0,182,red,2727,T5B
68,1,0,0,182,red,2727,T5B
69,1,0,0,182,red,2727,T5B
70,1,0,0,182,red,2727,T5B
71,1,0,0,182,red,2727,T5B
72,1,0,0,182,red,2727,T5B
73,1,0,0,182,red,2727,T5B
74,1,0,0,182,red,2727,T5B
75,1,0,0,182,red,2727,T5B
76,1,0,0,182,red,2727,T5B
77,1,0,0,182,red,2727,T5B
78,1,0,0,182,red,2727,T5B
79,1,0,0,182,red,2727,T5B
80,1,0,0,182,red,2727,T5B
81,1,0,0,182,red,2727,T5B
82,1,0,0,182,red,2727,T5B
83,1,0,0,182,red,2727,T5B
84,1,0,0,182,red,2727,T5B
85,1,0,0,182,red,2727,T5B
86,1,0,0,182,red,2727,T5B
87,1,0,0,182,red,2727,T5B
88,1,0,0,182,red,2727,T5B
89,1,0,0,182,red,2727,T5B
90,1,0,0,182,red,2727,T5B
91,1,0,0,182,red,2727,T5B
92,1,0,0,182,red,2727,T5B
93,1,0,0,182,red,2727,T5B
94,1,0,0,182,red,2727,T5B
95,1,0,0,182,red,2727,T5B
96,1,0,0,182,red,2727,T5B
97,1,0,0,182,red,2727,T5B
98,1,0,0,182,red,2727,T5B
99,1,0,0,182,red,2727,T5B
100,1,0,0,182,red,2727,T5B
101,1,0,0,182,red,2727,T5B
102,1,0,0,182,red,2727,T5B
103,1,0,0,182,red,2727,T5B
104,1,0,0,182,red,2727,T5B
105,1,0,0,182,red,2727,T5B
106,1,0,0,182,red,2727,T5B
107,1,0,0,182,red,2727,T5B
108,1,0,0,182,red,2727,T5B
109,1,0,0,182,red,2727,T5B
110,1,0,0,182,red,2727,T5B
111,1,0,0,182,red,2727,T5B
112,1,0,0,182,red,2727,T5B
113,1,0,0,182,red,2727,T5B
114,1,0,0,182,red,2727,T5B
115,1,0,0,182,red,2727,T5B
116,1,0,0,182,red,2727,T5B
117,1,0,0,182,red,2727,T5B
118,1,0,0,182,red,2727,T5B
119,1,0,0,182,red,2727,T5B
120,1,0,0,182,red,2727,T5B
121,1,0,0,182,red,2727,T5B
122,1,0,0,182,red,2727,T5B
123,1,0,0,182,red,2727,T5B
124,1,0,0,182,red,2727,T5B
125,1,0,0,182,red,2727,T5B
126,1,0,0,182,red,2727,T5B
127,1,0,0,182,red,2727,T5B
128,1,0,0,182,red,2727,T5B
129,1,0,0,182,red,2727,T5B
130,1,0,0,182,red,2727,T5B
131,1,0,0,182,red,2727,T5B
132,1,0,0,182,red,2727,T5B
133,1,0,0,182,red,2727,T5B
134,1,0,0,182,red,2727,T5B
135,1,0,0,182,red,2727,T5B
136,1,0,0,182,red,2727,T5B
137,1,0,0,182,red,2727,T5B
138,1,0,0,182,red,2727,T5B
139,1,0,0,182,red,2727,T5B
140,1,0,0,182,red,2727,T5B
141,1,0,0,182,red,2727,T5B
142,1,0,0,182,red,2727,T5B
143,1,0,0,182,red,2727,T5B
144,1,0,0,182,red,2727,T5B
145,1,0,0,182,red,2727,T5B
146,1,0,0,182,red,2727,T5B
147,1,0,0,182,red,2727,T5B
148,1,0,0,182,red,2727,T5B
149,1,0,0,182,red,2727,T5B
150,1,0,0,182,red,2727,T5B
151,1,0,0,182,red,2727,T5B
152,1,0,0,182,red,2727,T5B
153,1,0,0,182,red,2727,T5B
154,1,0,0,182,red,2727,T5B
155,1,0,0,182,red,2727,T5B
156,1,0,0,182,red,2727,T5B
157,1,0,0,182,red,2727,T5B
158,1,0,0,182,red,2727,T5B
159,1,0,0,182,red,2727,T5B
160,1,0,0,182,red,2727,T5B
161,1,0,0,182,red,2727,T5B
162,1,0,0,182,red,2727,T5B
163,1,0,0,182,red,2727,T5B
164,1,0,0,182,red,2727,T5B
165,1,0,0,182,red,2727,T5B
166,1,0,0,182,red,2727,T5B
167,1,0,0,182,red,2727,T5B
168,1,0,0,182,red,2727,T5B
169,1,0,0,182,red,2727,T5B
170,1,0,0,182,red,2727,T5B
171,1,0,0,182,red,2727,T5B
172,1,0,0,182,red,2727,T5B
173,1,0,0,182,red,2727,T5B
174,1,0,0,182,red,2727,T5B
175,1,0,0,182,red,2727,T5B
176,1,0,0,182,red,2727,T5B
177,1,0,0,182,red,2727,T5B
178,1,0,0,182,red,2727,T5B
179,1,0,0,182,red,2727,T5B
180,1,0,0,182,red,2727,T5B
181,1,0,0,182,red,2727,T5B
182,1,0,0,182,red,2727,T5B
183,1,0,0,182,red,2727,T5B
184,1,0,0,182,red,2727,T5B
185,1,0,0,182,red,2727,T5B
186,1,0,0,182,red,2727,T5B
187,1,0,0,182,red,2727,T5B
188,1,0,0,182,red,2727,T5B
189,1,0,0,182,red,2727,T5B
190,1,0,0,182,red,2727,T5B
191,1,0,0,182,red,2727,T5B
192,1,0,0,182,red,2727,T5B
193,1,0,0,182,red,2727,T5B
194,1,0,0,182,red,2727,T5B
195,1,0,0,182,red,2727,T5B
196,1,0,0,182,red,2727,T5B
197,1,0,0,182,red,2727,T5B
198,1,0,0,182,red,2727,T5B
199,1,0,0,182,red,2727,T5B
200,1,0,0,182,red,2727,T5B
201,1,0,0,182,red,2727,T5B
202,1,0,0,182,red,2727,T5B
203,1,0,0,182,red,2727,T5B
0,0,0,1,183,red,2731,T5B
1,0,0,1,183,red,2731,T5B
2,0,0,1,183,red,2731,T5B
3,0,0,1,183,red,2731,T5B
4,0,0,1,183,red,2731,T5B
5,0,0,1,183,red,2731,T5B
6,0,0,1,183,red,2731,T5B
7,0,0,1,183,red,2731,T5B
8,0,0,1,183,red,2731,T5B
9,0,0,1,183,red,2731,T5B
10,0,0,1,183,red,2731,T5B
11,0,0,1,183,red,2731,T5B
12,0,0,1,183,red,2731,T5B
13,0,0,1,183,red,2731,T5B
14,0,0,1,183,red,2731,T5B
15,0,0,1,183,red,2731,T5B
16,0,0,1,183,red,2731,T5B
17,0,0,1,183,red,2731,T5B
18,0,0,1,183,red,2731,T5B
19,0,0,1,183,red,2731,T5B
20,0,0,1,183,red,2731,T5B
21,0,0,1,183,red,2731,T5B
22,0,0,1,183,red,2731,T5B
23,0,0,1,183,red,2731,T5B
24,0,0,1,183,red,2731,T5B
25,0,0,1,183,red,2731,T5B
26,0,0,1,183,red,2731,T5B
27,0,0,1,183,red,2731,T5B
28,0,0,1,183,red,2731,T5B
29,0,0,1,183,red,2731,T5B
30,0,0,1,183,red,2731,T5B
31,0,0,1,183,red,2731,T5B
32,0,0,1,183,red,2731,T5B
33,0,0,1,183,red,2731,T5B
34,0,0,1,183,red,2731,T5B
35,0,0,1,183,red,2731,T5B
36,0,0,1,183,red,2731,T5B
37,0,0,1,183,red,2731,T5B
38,0,0,1,183,red,2731,T5B
39,0,0,1,183,red,2731,T5B
40,0,0,1,183,red,2731,T5B
41,0,0,1,183,red,2731,T5B
42,0,0,1,183,red,2731,T5B
43,0,0,1,183,red,2731,T5B
44,0,0,1,183,red,2731,T5B
45,0,0,1,183,red,2731,T5B
46,0,0,1,183,red,2731,T5B
47,0,0,1,183,red,2731,T5B
48,0,0,1,183,red,2731,T5B
49,0,0,1,183,red,2731,T5B
50,0,0,1,183,red,2731,T5B
51,0,0,1,183,red,2731,T5B
52,0,0,1,183,red,2731,T5B
53,0,0,1,183,red,2731,T5B
54,0,0,1,183,red,2731,T5B
55,0,0,1,183,red,2731,T5B
56,0,0,1,183,red,2731,T5B
57,0,0,1,183,red,2731,T5B
58,0,0,1,183,red,2731,T5B
59,0,0,1,183,red,2731,T5B
60,0,0,1,183,red,2731,T5B
61,0,0,1,183,red,2731,T5B
62,0,0,1,183,red,2731,T5B
63,0,0,1,183,red,2731,T5B
64,0,1,0,183,red,2731,T5B
65,0,1,0,183,red,2731,T5B
66,0,1,0,183,red,2731,T5B
67,0,1,0,183,red,2731,T5B
68,0,1,0,183,red,2731,T5B
69,0,1,0,183,red,2731,T5B
70,0,1,0,183,red,2731,T5B
71,0,1,0,183,red,2731,T5B
72,0,1,0,183,red,2731,T5B
73,0,1,0,183,red,2731,T5B
74,0,1,0,183,red,2731,T5B
75,0,1,0,183,red,2731,T5B
76,0,1,0,183,red,2731,T5B
77,0,1,0,183,red,2731,T5B
78,0,1,0,183,red,2731,T5B
79,0,1,0,183,red,2731,T5B
80,0,1,0,183,red,2731,T5B
81,0,1,0,183,red,2731,T5B
82,0,1,0,183,red,2731,T5B
83,0,1,0,183,red,2731,T5B
84,0,1,0,183,red,2731,T5B
85,0,1,0,183,red,2731,T5B
86,0,1,0,183,red,2731,T5B
87,0,1,0,183,red,2731,T5B
88,0,1,0,183,red,2731,T5B
89,0,1,0,183,red,2731,T5B
90,0,1,0,183,red,2731,T5B
91,0,1,0,183,red,2731,T5B
92,1,0,0,183,red,2731,T5B
93,1,0,0,183,red,2731,T5B
94,1,0,0,183,red,2731,T5B
95,1,0,0,183,red,2731,T5B
96,1,0,0,183,red,2731,T5B
97,1,0,0,183,red,2731,T5B
98,1,0,0,183,red,2731,T5B
99,1,0,0,183,red,2731,T5B
100,1,0,0,183,red,2731,T5B
101,1,0,0,183,red,2731,T5B
102,1,0,0,183,red,2731,T5B
103,1,0,0,183,red,2731,T5B
104,1,0,0,183,red,2731,T5B
105,1,0,0,183,red,2731,T5B
106,1,0,0,183,red,2731,T5B
107,1,0,0,183,red,2731,T5B
108,1,0,0,183,red,2731,T5B
109,1,0,0,183,red,2731,T5B
110,1,0,0,183,red,2731,T5B
111,1,0,0,183,red,2731,T5B
112,1,0,0,183,red,2731,T5B
113,1,0,0,183,red,2731,T5B
114,1,0,0,183,red,2731,T5B
115,1,0,0,183,red,2731,T5B
116,1,0,0,183,red,2731,T5B
117,1,0,0,183,red,2731,T5B
118,1,0,0,183,red,2731,T5B
119,1,0,0,183,red,2731,T5B
120,1,0,0,183,red,2731,T5B
121,1,0,0,183,red,2731,T5B
122,1,0,0,183,red,2731,T5B
123,1,0,0,183,red,2731,T5B
124,1,0,0,183,red,2731,T5B
125,1,0,0,183,red,2731,T5B
126,1,0,0,183,red,2731,T5B
127,1,0,0,183,red,2731,T5B
128,1,0,0,183,red,2731,T5B
129,1,0,0,183,red,2731,T5B
130,1,0,0,183,red,2731,T5B
131,1,0,0,183,red,2731,T5B
132,1,0,0,183,red,2731,T5B
133,1,0,0,183,red,2731,T5B
134,1,0,0,183,red,2731,T5B
135,1,0,0,183,red,2731,T5B
136,1,0,0,183,red,2731,T5B
137,1,0,0,183,red,2731,T5B
138,1,0,0,183,red,2731,T5B
139,1,0,0,183,red,2731,T5B
140,1,0,0,183,red,2731,T5B
141,1,0,0,183,red,2731,T5B
142,1,0,0,183,red,2731,T5B
143,1,0,0,183,red,2731,T5B
144,1,0,0,183,red,2731,T5B
145,1,0,0,183,red,2731,T5B
146,1,0,0,183,red,2731,T5B
147,1,0,0,183,red,2731,T5B
148,1,0,0,183,red,2731,T5B
149,1,0,0,183,red,2731,T5B
150,1,0,0,183,red,2731,T5B
151,1,0,0,183,red,2731,T5B
152,1,0,0,183,red,2731,T5B
153,1,0,0,183,red,2731,T5B
154,1,0,0,183,red,2731,T5B
155,1,0,0,183,red,2731,T5B
156,1,0,0,183,red,2731,T5B
157,1,0,0,183,red,2731,T5B
158,1,0,0,183,red,2731,T5B
159,1,0,0,183,red,2731,T5B
160,1,0,0,183,red,2731,T5B
161,1,0,0,183,red,2731,T5B
162,1,0,0,183,red,2731,T5B
163,1,0,0,183,red,2731,T5B
164,1,0,0,183,red,2731,T5B
165,1,0,0,183,red,2731,T5B
166,1,0,0,183,red,2731,T5B
167,1,0,0,183,red,2731,T5B
168,1,0,0,183,red,2731,T5B
169,1,0,0,183,red,2731,T5B
170,1,0,0,183,red,2731,T5B
171,1,0,0,183,red,2731,T5B
172,1,0,0,183,red,2731,T5B
173,1,0,0,183,red,2731,T5B
174,1,0,0,183,red,2731,T5B
175,1,0,0,183,red,2731,T5B
176,1,0,0,183,red,2731,T5B
177,1,0,0,183,red,2731,T5B
178,1,0,0,183,red,2731,T5B
179,1,0,0,183,red,2731,T5B
180,1,0,0,183,red,2731,T5B
181,1,0,0,183,red,2731,T5B
182,1,0,0,183,red,2731,T5B
183,1,0,0,183,red,2731,T5B
184,1,0,0,183,red,2731,T5B
185,1,0,0,183,red,2731,T5B
186,1,0,0,183,red,2731,T5B
187,1,0,0,183,red,2731,T5B
188,1,0,0,183,red,2731,T5B
189,1,0,0,183,red,2731,T5B
190,1,0,0,183,red,2731,T5B
191,1,0,0,183,red,2731,T5B
192,1,0,0,183,red,2731,T5B
193,1,0,0,183,red,2731,T5B
194,1,0,0,183,red,2731,T5B
195,1,0,0,183,red,2731,T5B
196,1,0,0,183,red,2731,T5B
197,1,0,0,183,red,2731,T5B
198,1,0,0,183,red,2731,T5B
199,1,0,0,183,red,2731,T5B
200,1,0,0,183,red,2731,T5B
201,1,0,0,183,red,2731,T5B
202,1,0,0,183,red,2731,T5B
203,1,0,0,183,red,2731,T5B
0,0,0,1,184,red,2942,T5B
1,0,0,1,184,red,2942,T5B
2,0,0,1,184,red,2942,T5B
3,0,0,1,184,red,2942,T5B
4,0,0,1,184,red,2942,T5B
5,0,0,1,184,red,2942,T5B
6,0,0,1,184,red,2942,T5B
7,0,0,1,184,red,2942,T5B
8,0,0,1,184,red,2942,T5B
9,0,0,1,184,red,2942,T5B
10,0,0,1,184,red,2942,T5B
11,0,0,1,184,red,2942,T5B
12,0,0,1,184,red,2942,T5B
13,0,0,1,184,red,2942,T5B
14,0,0,1,184,red,2942,T5B
15,0,0,1,184,red,2942,T5B
16,0,0,1,184,red,2942,T5B
17,0,0,1,184,red,2942,T5B
18,0,0,1,184,red,2942,T5B
19,0,0,1,184,red,2942,T5B
20,0,0,1,184,red,2942,T5B
21,0,0,1,184,red,2942,T5B
22,0,0,1,184,red,2942,T5B
23,0,0,1,184,red,2942,T5B
24,0,0,1,184,red,2942,T5B
25,0,0,1,184,red,2942,T5B
26,0,0,1,184,red,2942,T5B
27,0,0,1,184,red,2942,T5B
28,0,0,1,184,red,2942,T5B
29,0,0,1,184,red,2942,T5B
30,0,1,0,184,red,2942,T5B
31,0,1,0,184,red,2942,T5B
32,0,1,0,184,red,2942,T5B
33,0,1,0,184,red,2942,T5B
34,0,1,0,184,red,2942,T5B
35,0,1,0,184,red,2942,T5B
36,0,1,0,184,red,2942,T5B
37,0,1,0,184,red,2942,T5B
38,0,1,0,184,red,2942,T5B
39,0,1,0,184,red,2942,T5B
40,0,1,0,184,red,2942,T5B
41,0,1,0,184,red,2942,T5B
42,0,1,0,184,red,2942,T5B
43,0,1,0,184,red,2942,T5B
44,0,1,0,184,red,2942,T5B
45,0,1,0,184,red,2942,T5B
46,0,1,0,184,red,2942,T5B
47,0,1,0,184,red,2942,T5B
48,0,1,0,184,red,2942,T5B
49,0,1,0,184,red,2942,T5B
50,0,1,0,184,red,2942,T5B
51,0,1,0,184,red,2942,T5B
52,0,1,0,184,red,2942,T5B
53,0,1,0,184,red,2942,T5B
54,0,1,0,184,red,2942,T5B
55,0,1,0,184,red,2942,T5B
56,0,1,0,184,red,2942,T5B
57,0,1,0,184,red,2942,T5B
58,0,0,1,184,red,2942,T5B
59,0,0,1,184,red,2942,T5B
60,1,0,0,184,red,2942,T5B
61,1,0,0,184,red,2942,T5B
62,1,0,0,184,red,2942,T5B
63,1,0,0,184,red,2942,T5B
64,1,0,0,184,red,2942,T5B
65,1,0,0,184,red,2942,T5B
66,1,0,0,184,red,2942,T5B
67,1,0,0,184,red,2942,T5B
68,1,0,0,184,red,2942,T5B
69,1,0,0,184,red,2942,T5B
70,1,0,0,184,red,2942,T5B
71,1,0,0,184,red,2942,T5B
72,1,0,0,184,red,2942,T5B
73,1,0,0,184,red,2942,T5B
74,1,0,0,184,red,2942,T5B
75,1,0,0,184,red,2942,T5B
76,1,0,0,184,red,2942,T5B
77,1,0,0,184,red,2942,T5B
78,1,0,0,184,red,2942,T5B
79,1,0,0,184,red,2942,T5B
80,1,0,0,184,red,2942,T5B
81,1,0,0,184,red,2942,T5B
82,1,0,0,184,red,2942,T5B
83,1,0,0,184,red,2942,T5B
84,1,0,0,184,red,2942,T5B
85,1,0,0,184,red,2942,T5B
86,1,0,0,184,red,2942,T5B
87,1,0,0,184,red,2942,T5B
88,1,0,0,184,red,2942,T5B
89,1,0,0,184,red,2942,T5B
90,1,0,0,184,red,2942,T5B
91,1,0,0,184,red,2942,T5B
92,1,0,0,184,red,2942,T5B
93,1,0,0,184,red,2942,T5B
94,1,0,0,184,red,2942,T5B
95,1,0,0,184,red,2942,T5B
96,1,0,0,184,red,2942,T5B
97,1,0,0,184,red,2942,T5B
98,1,0,0,184,red,2942,T5B
99,1,0,0,184,red,2942,T5B
100,1,0,0,184,red,2942,T5B
101,1,0,0,184,red,2942,T5B
102,1,0,0,184,red,2942,T5B
103,1,0,0,184,red,2942,T5B
104,1,0,0,184,red,2942,T5B
105,1,0,0,184,red,2942,T5B
106,1,0,0,184,red,2942,T5B
107,1,0,0,184,red,2942,T5B
108,1,0,0,184,red,2942,T5B
109,1,0,0,184,red,2942,T5B
110,1,0,0,184,red,2942,T5B
111,1,0,0,184,red,2942,T5B
112,1,0,0,184,red,2942,T5B
113,1,0,0,184,red,2942,T5B
114,1,0,0,184,red,2942,T5B
115,1,0,0,184,red,2942,T5B
116,1,0,0,184,red,2942,T5B
117,1,0,0,184,red,2942,T5B
118,1,0,0,184,red,2942,T5B
119,1,0,0,184,red,2942,T5B
120,1,0,0,184,red,2942,T5B
121,1,0,0,184,red,2942,T5B
122,1,0,0,184,red,2942,T5B
123,1,0,0,184,red,2942,T5B
124,1,0,0,184,red,2942,T5B
125,1,0,0,184,red,2942,T5B
126,1,0,0,184,red,2942,T5B
127,1,0,0,184,red,2942,T5B
128,1,0,0,184,red,2942,T5B
129,1,0,0,184,red,2942,T5B
130,1,0,0,184,red,2942,T5B
131,1,0,0,184,red,2942,T5B
132,1,0,0,184,red,2942,T5B
133,1,0,0,184,red,2942,T5B
134,1,0,0,184,red,2942,T5B
135,1,0,0,184,red,2942,T5B
136,1,0,0,184,red,2942,T5B
137,1,0,0,184,red,2942,T5B
138,1,0,0,184,red,2942,T5B
139,1,0,0,184,red,2942,T5B
140,1,0,0,184,red,2942,T5B
141,1,0,0,184,red,2942,T5B
142,1,0,0,184,red,2942,T5B
143,1,0,0,184,red,2942,T5B
144,1,0,0,184,red,2942,T5B
145,1,0,0,184,red,2942,T5B
146,1,0,0,184,red,2942,T5B
147,1,0,0,184,red,2942,T5B
148,1,0,0,184,red,2942,T5B
149,1,0,0,184,red,2942,T5B
150,1,0,0,184,red,2942,T5B
151,1,0,0,184,red,2942,T5B
152,1,0,0,184,red,2942,T5B
153,1,0,0,184,red,2942,T5B
154,1,0,0,184,red,2942,T5B
155,1,0,0,184,red,2942,T5B
156,1,0,0,184,red,2942,T5B
157,1,0,0,184,red,2942,T5B
158,1,0,0,184,red,2942,T5B
159,1,0,0,184,red,2942,T5B
160,1,0,0,184,red,2942,T5B
161,1,0,0,184,red,2942,T5B
162,1,0,0,184,red,2942,T5B
163,1,0,0,184,red,2942,T5B
164,1,0,0,184,red,2942,T5B
165,1,0,0,184,red,2942,T5B
166,1,0,0,184,red,2942,T5B
167,1,0,0,184,red,2942,T5B
168,1,0,0,184,red,2942,T5B
169,1,0,0,184,red,2942,T5B
170,1,0,0,184,red,2942,T5B
171,1,0,0,184,red,2942,T5B
172,1,0,0,184,red,2942,T5B
173,1,0,0,184,red,2942,T5B
174,1,0,0,184,red,2942,T5B
175,1,0,0,184,red,2942,T5B
176,1,0,0,184,red,2942,T5B
177,1,0,0,184,red,2942,T5B
178,1,0,0,184,red,2942,T5B
179,1,0,0,184,red,2942,T5B
180,1,0,0,184,red,2942,T5B
181,1,0,0,184,red,2942,T5B
182,1,0,0,184,red,2942,T5B
183,1,0,0,184,red,2942,T5B
184,1,0,0,184,red,2942,T5B
185,1,0,0,184,red,2942,T5B
186,1,0,0,184,red,2942,T5B
187,1,0,0,184,red,2942,T5B
188,1,0,0,184,red,2942,T5B
189,1,0,0,184,red,2942,T5B
190,1,0,0,184,red,2942,T5B
191,1,0,0,184,red,2942,T5B
192,1,0,0,184,red,2942,T5B
193,1,0,0,184,red,2942,T5B
194,1,0,0,184,red,2942,T5B
195,1,0,0,184,red,2942,T5B
196,1,0,0,184,red,2942,T5B
197,1,0,0,184,red,2942,T5B
198,1,0,0,184,red,2942,T5B
199,1,0,0,184,red,2942,T5B
200,1,0,0,184,red,2942,T5B
201,1,0,0,184,red,2942,T5B
202,1,0,0,184,red,2942,T5B
203,1,0,0,184,red,2942,T5B
0,0,0,1,185,red,3024,T5B
1,0,0,1,185,red,3024,T5B
2,0,0,1,185,red,3024,T5B
3,0,0,1,185,red,3024,T5B
4,0,0,1,185,red,3024,T5B
5,0,0,1,185,red,3024,T5B
6,0,0,1,185,red,3024,T5B
7,0,0,1,185,red,3024,T5B
8,0,0,1,185,red,3024,T5B
9,0,0,1,185,red,3024,T5B
10,0,0,1,185,red,3024,T5B
11,0,0,1,185,red,3024,T5B
12,0,0,1,185,red,3024,T5B
13,0,0,1,185,red,3024,T5B
14,0,0,1,185,red,3024,T5B
15,0,0,1,185,red,3024,T5B
16,0,0,1,185,red,3024,T5B
17,0,0,1,185,red,3024,T5B
18,0,0,1,185,red,3024,T5B
19,0,0,1,185,red,3024,T5B
20,0,0,1,185,red,3024,T5B
21,0,0,1,185,red,3024,T5B
22,0,0,1,185,red,3024,T5B
23,0,0,1,185,red,3024,T5B
24,0,0,1,185,red,3024,T5B
25,0,0,1,185,red,3024,T5B
26,0,0,1,185,red,3024,T5B
27,0,0,1,185,red,3024,T5B
28,0,0,1,185,red,3024,T5B
29,0,0,1,185,red,3024,T5B
30,0,0,1,185,red,3024,T5B
31,0,0,1,185,red,3024,T5B
32,0,0,1,185,red,3024,T5B
33,0,0,1,185,red,3024,T5B
34,0,0,1,185,red,3024,T5B
35,0,0,1,185,red,3024,T5B
36,0,0,1,185,red,3024,T5B
37,0,0,1,185,red,3024,T5B
38,0,0,1,185,red,3024,T5B
39,0,0,1,185,red,3024,T5B
40,0,0,1,185,red,3024,T5B
41,0,0,1,185,red,3024,T5B
42,0,0,1,185,red,3024,T5B
43,0,0,1,185,red,3024,T5B
44,0,0,1,185,red,3024,T5B
45,0,0,1,185,red,3024,T5B
46,0,0,1,185,red,3024,T5B
47,0,0,1,185,red,3024,T5B
48,0,0,1,185,red,3024,T5B
49,0,0,1,185,red,3024,T5B
50,0,0,1,185,red,3024,T5B
51,0,0,1,185,red,3024,T5B
52,0,0,1,185,red,3024,T5B
53,0,0,1,185,red,3024,T5B
54,0,0,1,185,red,3024,T5B
55,0,0,1,185,red,3024,T5B
56,0,0,1,185,red,3024,T5B
57,0,0,1,185,red,3024,T5B
58,0,0,1,185,red,3024,T5B
59,0,0,1,185,red,3024,T5B
60,0,0,1,185,red,3024,T5B
61,0,0,1,185,red,3024,T5B
62,0,0,1,185,red,3024,T5B
63,0,0,1,185,red,3024,T5B
64,0,0,1,185,red,3024,T5B
65,0,0,1,185,red,3024,T5B
66,0,0,1,185,red,3024,T5B
67,0,0,1,185,red,3024,T5B
68,0,0,1,185,red,3024,T5B
69,0,0,1,185,red,3024,T5B
70,0,0,1,185,red,3024,T5B
71,0,0,1,185,red,3024,T5B
72,0,0,1,185,red,3024,T5B
73,0,0,1,185,red,3024,T5B
74,0,0,1,185,red,3024,T5B
75,0,0,1,185,red,3024,T5B
76,0,0,1,185,red,3024,T5B
77,0,0,1,185,red,3024,T5B
78,0,0,1,185,red,3024,T5B
79,0,0,1,185,red,3024,T5B
80,0,0,1,185,red,3024,T5B
81,0,0,1,185,red,3024,T5B
82,0,0,1,185,red,3024,T5B
83,0,0,1,185,red,3024,T5B
84,0,0,1,185,red,3024,T5B
85,0,0,1,185,red,3024,T5B
86,0,0,1,185,red,3024,T5B
87,0,0,1,185,red,3024,T5B
88,0,0,1,185,red,3024,T5B
89,0,0,1,185,red,3024,T5B
90,0,0,1,185,red,3024,T5B
91,0,0,1,185,red,3024,T5B
92,0,0,1,185,red,3024,T5B
93,0,0,1,185,red,3024,T5B
94,0,0,1,185,red,3024,T5B
95,0,0,1,185,red,3024,T5B
96,0,0,1,185,red,3024,T5B
97,0,0,1,185,red,3024,T5B
98,0,0,1,185,red,3024,T5B
99,0,0,1,185,red,3024,T5B
100,0,0,1,185,red,3024,T5B
101,0,0,1,185,red,3024,T5B
102,0,0,1,185,red,3024,T5B
103,0,0,1,185,red,3024,T5B
104,0,0,1,185,red,3024,T5B
105,0,0,1,185,red,3024,T5B
106,0,0,1,185,red,3024,T5B
107,0,0,1,185,red,3024,T5B
108,0,0,1,185,red,3024,T5B
109,0,0,1,185,red,3024,T5B
110,0,0,1,185,red,3024,T5B
111,0,0,1,185,red,3024,T5B
112,0,0,1,185,red,3024,T5B
113,0,0,1,185,red,3024,T5B
114,1,0,0,185,red,3024,T5B
115,1,0,0,185,red,3024,T5B
116,1,0,0,185,red,3024,T5B
117,1,0,0,185,red,3024,T5B
118,1,0,0,185,red,3024,T5B
119,1,0,0,185,red,3024,T5B
120,1,0,0,185,red,3024,T5B
121,1,0,0,185,red,3024,T5B
122,1,0,0,185,red,3024,T5B
123,1,0,0,185,red,3024,T5B
124,1,0,0,185,red,3024,T5B
125,1,0,0,185,red,3024,T5B
126,1,0,0,185,red,3024,T5B
127,1,0,0,185,red,3024,T5B
128,1,0,0,185,red,3024,T5B
129,1,0,0,185,red,3024,T5B
130,1,0,0,185,red,3024,T5B
131,1,0,0,185,red,3024,T5B
132,1,0,0,185,red,3024,T5B
133,1,0,0,185,red,3024,T5B
134,1,0,0,185,red,3024,T5B
135,1,0,0,185,red,3024,T5B
136,1,0,0,185,red,3024,T5B
137,1,0,0,185,red,3024,T5B
138,1,0,0,185,red,3024,T5B
139,1,0,0,185,red,3024,T5B
140,1,0,0,185,red,3024,T5B
141,1,0,0,185,red,3024,T5B
142,1,0,0,185,red,3024,T5B
143,1,0,0,185,red,3024,T5B
144,1,0,0,185,red,3024,T5B
145,1,0,0,185,red,3024,T5B
146,1,0,0,185,red,3024,T5B
147,1,0,0,185,red,3024,T5B
148,1,0,0,185,red,3024,T5B
149,1,0,0,185,red,3024,T5B
150,1,0,0,185,red,3024,T5B
151,1,0,0,185,red,3024,T5B
152,1,0,0,185,red,3024,T5B
153,1,0,0,185,red,3024,T5B
154,1,0,0,185,red,3024,T5B
155,1,0,0,185,red,3024,T5B
156,1,0,0,185,red,3024,T5B
157,1,0,0,185,red,3024,T5B
158,1,0,0,185,red,3024,T5B
159,1,0,0,185,red,3024,T5B
160,1,0,0,185,red,3024,T5B
161,1,0,0,185,red,3024,T5B
162,1,0,0,185,red,3024,T5B
163,1,0,0,185,red,3024,T5B
164,1,0,0,185,red,3024,T5B
165,1,0,0,185,red,3024,T5B
166,1,0,0,185,red,3024,T5B
167,1,0,0,185,red,3024,T5B
168,1,0,0,185,red,3024,T5B
169,1,0,0,185,red,3024,T5B
170,1,0,0,185,red,3024,T5B
171,1,0,0,185,red,3024,T5B
172,1,0,0,185,red,3024,T5B
173,1,0,0,185,red,3024,T5B
174,1,0,0,185,red,3024,T5B
175,1,0,0,185,red,3024,T5B
176,1,0,0,185,red,3024,T5B
177,1,0,0,185,red,3024,T5B
178,1,0,0,185,red,3024,T5B
179,1,0,0,185,red,3024,T5B
180,1,0,0,185,red,3024,T5B
181,1,0,0,185,red,3024,T5B
182,1,0,0,185,red,3024,T5B
183,1,0,0,185,red,3024,T5B
184,1,0,0,185,red,3024,T5B
185,1,0,0,185,red,3024,T5B
186,1,0,0,185,red,3024,T5B
187,1,0,0,185,red,3024,T5B
188,1,0,0,185,red,3024,T5B
189,1,0,0,185,red,3024,T5B
190,1,0,0,185,red,3024,T5B
191,1,0,0,185,red,3024,T5B
192,1,0,0,185,red,3024,T5B
193,1,0,0,185,red,3024,T5B
194,1,0,0,185,red,3024,T5B
195,1,0,0,185,red,3024,T5B
196,1,0,0,185,red,3024,T5B
197,1,0,0,185,red,3024,T5B
198,1,0,0,185,red,3024,T5B
199,1,0,0,185,red,3024,T5B
200,1,0,0,185,red,3024,T5B
201,1,0,0,185,red,3024,T5B
202,1,0,0,185,red,3024,T5B
203,1,0,0,185,red,3024,T5B
0,0,0,1,186,red,3078,T5B
1,0,0,1,186,red,3078,T5B
2,0,0,1,186,red,3078,T5B
3,0,0,1,186,red,3078,T5B
4,0,0,1,186,red,3078,T5B
5,0,0,1,186,red,3078,T5B
6,0,0,1,186,red,3078,T5B
7,0,0,1,186,red,3078,T5B
8,0,0,1,186,red,3078,T5B
9,0,0,1,186,red,3078,T5B
10,0,0,1,186,red,3078,T5B
11,0,0,1,186,red,3078,T5B
12,0,0,1,186,red,3078,T5B
13,0,0,1,186,red,3078,T5B
14,0,0,1,186,red,3078,T5B
15,0,0,1,186,red,3078,T5B
16,0,0,1,186,red,3078,T5B
17,0,0,1,186,red,3078,T5B
18,0,0,1,186,red,3078,T5B
19,0,0,1,186,red,3078,T5B
20,0,0,1,186,red,3078,T5B
21,0,0,1,186,red,3078,T5B
22,0,0,1,186,red,3078,T5B
23,0,0,1,186,red,3078,T5B
24,0,0,1,186,red,3078,T5B
25,0,0,1,186,red,3078,T5B
26,0,0,1,186,red,3078,T5B
27,0,0,1,186,red,3078,T5B
28,0,0,1,186,red,3078,T5B
29,0,0,1,186,red,3078,T5B
30,0,0,1,186,red,3078,T5B
31,0,0,1,186,red,3078,T5B
32,0,0,1,186,red,3078,T5B
33,0,0,1,186,red,3078,T5B
34,0,0,1,186,red,3078,T5B
35,0,0,1,186,red,3078,T5B
36,0,0,1,186,red,3078,T5B
37,0,0,1,186,red,3078,T5B
38,0,0,1,186,red,3078,T5B
39,0,0,1,186,red,3078,T5B
40,0,0,1,186,red,3078,T5B
41,0,0,1,186,red,3078,T5B
42,0,0,1,186,red,3078,T5B
43,0,0,1,186,red,3078,T5B
44,0,0,1,186,red,3078,T5B
45,0,0,1,186,red,3078,T5B
46,0,0,1,186,red,3078,T5B
47,0,0,1,186,red,3078,T5B
48,0,0,1,186,red,3078,T5B
49,0,0,1,186,red,3078,T5B
50,0,0,1,186,red,3078,T5B
51,0,0,1,186,red,3078,T5B
52,0,0,1,186,red,3078,T5B
53,0,0,1,186,red,3078,T5B
54,0,0,1,186,red,3078,T5B
55,0,0,1,186,red,3078,T5B
56,0,0,1,186,red,3078,T5B
57,0,0,1,186,red,3078,T5B
58,0,0,1,186,red,3078,T5B
59,0,0,1,186,red,3078,T5B
60,0,0,1,186,red,3078,T5B
61,0,0,1,186,red,3078,T5B
62,0,0,1,186,red,3078,T5B
63,0,0,1,186,red,3078,T5B
64,0,0,1,186,red,3078,T5B
65,0,0,1,186,red,3078,T5B
66,0,0,1,186,red,3078,T5B
67,0,0,1,186,red,3078,T5B
68,0,0,1,186,red,3078,T5B
69,0,0,1,186,red,3078,T5B
70,0,0,1,186,red,3078,T5B
71,0,0,1,186,red,3078,T5B
72,0,0,1,186,red,3078,T5B
73,0,0,1,186,red,3078,T5B
74,0,0,1,186,red,3078,T5B
75,0,0,1,186,red,3078,T5B
76,0,0,1,186,red,3078,T5B
77,0,0,1,186,red,3078,T5B
78,0,0,1,186,red,3078,T5B
79,0,0,1,186,red,3078,T5B
80,0,0,1,186,red,3078,T5B
81,0,0,1,186,red,3078,T5B
82,0,0,1,186,red,3078,T5B
83,0,0,1,186,red,3078,T5B
84,0,0,1,186,red,3078,T5B
85,0,0,1,186,red,3078,T5B
86,0,0,1,186,red,3078,T5B
87,0,0,1,186,red,3078,T5B
88,0,0,1,186,red,3078,T5B
89,0,0,1,186,red,3078,T5B
90,0,0,1,186,red,3078,T5B
91,1,0,0,186,red,3078,T5B
92,1,0,0,186,red,3078,T5B
93,1,0,0,186,red,3078,T5B
94,1,0,0,186,red,3078,T5B
95,1,0,0,186,red,3078,T5B
96,1,0,0,186,red,3078,T5B
97,1,0,0,186,red,3078,T5B
98,1,0,0,186,red,3078,T5B
99,1,0,0,186,red,3078,T5B
100,1,0,0,186,red,3078,T5B
101,1,0,0,186,red,3078,T5B
102,1,0,0,186,red,3078,T5B
103,1,0,0,186,red,3078,T5B
104,1,0,0,186,red,3078,T5B
105,1,0,0,186,red,3078,T5B
106,1,0,0,186,red,3078,T5B
107,1,0,0,186,red,3078,T5B
108,1,0,0,186,red,3078,T5B
109,1,0,0,186,red,3078,T5B
110,1,0,0,186,red,3078,T5B
111,1,0,0,186,red,3078,T5B
112,1,0,0,186,red,3078,T5B
113,1,0,0,186,red,3078,T5B
114,1,0,0,186,red,3078,T5B
115,1,0,0,186,red,3078,T5B
116,1,0,0,186,red,3078,T5B
117,1,0,0,186,red,3078,T5B
118,1,0,0,186,red,3078,T5B
119,1,0,0,186,red,3078,T5B
120,1,0,0,186,red,3078,T5B
121,1,0,0,186,red,3078,T5B
122,1,0,0,186,red,3078,T5B
123,1,0,0,186,red,3078,T5B
124,1,0,0,186,red,3078,T5B
125,1,0,0,186,red,3078,T5B
126,1,0,0,186,red,3078,T5B
127,1,0,0,186,red,3078,T5B
128,1,0,0,186,red,3078,T5B
129,1,0,0,186,red,3078,T5B
130,1,0,0,186,red,3078,T5B
131,1,0,0,186,red,3078,T5B
132,1,0,0,186,red,3078,T5B
133,1,0,0,186,red,3078,T5B
134,1,0,0,186,red,3078,T5B
135,1,0,0,186,red,3078,T5B
136,1,0,0,186,red,3078,T5B
137,1,0,0,186,red,3078,T5B
138,1,0,0,186,red,3078,T5B
139,1,0,0,186,red,3078,T5B
140,1,0,0,186,red,3078,T5B
141,1,0,0,186,red,3078,T5B
142,1,0,0,186,red,3078,T5B
143,1,0,0,186,red,3078,T5B
144,1,0,0,186,red,3078,T5B
145,1,0,0,186,red,3078,T5B
146,1,0,0,186,red,3078,T5B
147,1,0,0,186,red,3078,T5B
148,1,0,0,186,red,3078,T5B
149,1,0,0,186,red,3078,T5B
150,1,0,0,186,red,3078,T5B
151,1,0,0,186,red,3078,T5B
152,1,0,0,186,red,3078,T5B
153,1,0,0,186,red,3078,T5B
154,1,0,0,186,red,3078,T5B
155,1,0,0,186,red,3078,T5B
156,1,0,0,186,red,3078,T5B
157,1,0,0,186,red,3078,T5B
158,1,0,0,186,red,3078,T5B
159,1,0,0,186,red,3078,T5B
160,1,0,0,186,red,3078,T5B
161,1,0,0,186,red,3078,T5B
162,1,0,0,186,red,3078,T5B
163,1,0,0,186,red,3078,T5B
164,1,0,0,186,red,3078,T5B
165,1,0,0,186,red,3078,T5B
166,1,0,0,186,red,3078,T5B
167,1,0,0,186,red,3078,T5B
168,1,0,0,186,red,3078,T5B
169,1,0,0,186,red,3078,T5B
170,1,0,0,186,red,3078,T5B
171,1,0,0,186,red,3078,T5B
172,1,0,0,186,red,3078,T5B
173,1,0,0,186,red,3078,T5B
174,1,0,0,186,red,3078,T5B
175,1,0,0,186,red,3078,T5B
176,1,0,0,186,red,3078,T5B
177,1,0,0,186,red,3078,T5B
178,1,0,0,186,red,3078,T5B
179,1,0,0,186,red,3078,T5B
180,1,0,0,186,red,3078,T5B
181,1,0,0,186,red,3078,T5B
182,1,0,0,186,red,3078,T5B
183,1,0,0,186,red,3078,T5B
184,1,0,0,186,red,3078,T5B
185,1,0,0,186,red,3078,T5B
186,1,0,0,186,red,3078,T5B
187,1,0,0,186,red,3078,T5B
188,1,0,0,186,red,3078,T5B
189,1,0,0,186,red,3078,T5B
190,1,0,0,186,red,3078,T5B
191,1,0,0,186,red,3078,T5B
192,1,0,0,186,red,3078,T5B
193,1,0,0,186,red,3078,T5B
194,1,0,0,186,red,3078,T5B
195,1,0,0,186,red,3078,T5B
196,1,0,0,186,red,3078,T5B
197,1,0,0,186,red,3078,T5B
198,1,0,0,186,red,3078,T5B
199,1,0,0,186,red,3078,T5B
200,1,0,0,186,red,3078,T5B
201,1,0,0,186,red,3078,T5B
202,1,0,0,186,red,3078,T5B
203,1,0,0,186,red,3078,T5B
0,0,0,1,187,red,3225,T5B
1,0,0,1,187,red,3225,T5B
2,0,0,1,187,red,3225,T5B
3,0,0,1,187,red,3225,T5B
4,0,0,1,187,red,3225,T5B
5,0,0,1,187,red,3225,T5B
6,0,0,1,187,red,3225,T5B
7,0,0,1,187,red,3225,T5B
8,0,0,1,187,red,3225,T5B
9,0,0,1,187,red,3225,T5B
10,0,0,1,187,red,3225,T5B
11,0,0,1,187,red,3225,T5B
12,0,0,1,187,red,3225,T5B
13,0,0,1,187,red,3225,T5B
14,0,0,1,187,red,3225,T5B
15,0,0,1,187,red,3225,T5B
16,0,0,1,187,red,3225,T5B
17,0,0,1,187,red,3225,T5B
18,0,0,1,187,red,3225,T5B
19,0,0,1,187,red,3225,T5B
20,0,0,1,187,red,3225,T5B
21,0,0,1,187,red,3225,T5B
22,0,0,1,187,red,3225,T5B
23,0,0,1,187,red,3225,T5B
24,0,0,1,187,red,3225,T5B
25,0,0,1,187,red,3225,T5B
26,0,0,1,187,red,3225,T5B
27,0,0,1,187,red,3225,T5B
28,0,0,1,187,red,3225,T5B
29,0,0,1,187,red,3225,T5B
30,0,0,1,187,red,3225,T5B
31,0,0,1,187,red,3225,T5B
32,0,0,1,187,red,3225,T5B
33,0,0,1,187,red,3225,T5B
34,0,0,1,187,red,3225,T5B
35,0,0,1,187,red,3225,T5B
36,0,0,1,187,red,3225,T5B
37,0,0,1,187,red,3225,T5B
38,0,0,1,187,red,3225,T5B
39,0,0,1,187,red,3225,T5B
40,0,0,1,187,red,3225,T5B
41,0,0,1,187,red,3225,T5B
42,0,0,1,187,red,3225,T5B
43,0,0,1,187,red,3225,T5B
44,0,0,1,187,red,3225,T5B
45,0,0,1,187,red,3225,T5B
46,0,0,1,187,red,3225,T5B
47,0,0,1,187,red,3225,T5B
48,0,0,1,187,red,3225,T5B
49,0,0,1,187,red,3225,T5B
50,0,0,1,187,red,3225,T5B
51,0,0,1,187,red,3225,T5B
52,0,0,1,187,red,3225,T5B
53,0,0,1,187,red,3225,T5B
54,0,0,1,187,red,3225,T5B
55,0,0,1,187,red,3225,T5B
56,0,0,1,187,red,3225,T5B
57,0,0,1,187,red,3225,T5B
58,1,0,0,187,red,3225,T5B
59,1,0,0,187,red,3225,T5B
60,1,0,0,187,red,3225,T5B
61,1,0,0,187,red,3225,T5B
62,1,0,0,187,red,3225,T5B
63,1,0,0,187,red,3225,T5B
64,1,0,0,187,red,3225,T5B
65,1,0,0,187,red,3225,T5B
66,1,0,0,187,red,3225,T5B
67,1,0,0,187,red,3225,T5B
68,1,0,0,187,red,3225,T5B
69,1,0,0,187,red,3225,T5B
70,1,0,0,187,red,3225,T5B
71,1,0,0,187,red,3225,T5B
72,1,0,0,187,red,3225,T5B
73,1,0,0,187,red,3225,T5B
74,1,0,0,187,red,3225,T5B
75,1,0,0,187,red,3225,T5B
76,1,0,0,187,red,3225,T5B
77,1,0,0,187,red,3225,T5B
78,1,0,0,187,red,3225,T5B
79,1,0,0,187,red,3225,T5B
80,1,0,0,187,red,3225,T5B
81,1,0,0,187,red,3225,T5B
82,1,0,0,187,red,3225,T5B
83,1,0,0,187,red,3225,T5B
84,1,0,0,187,red,3225,T5B
85,1,0,0,187,red,3225,T5B
86,1,0,0,187,red,3225,T5B
87,1,0,0,187,red,3225,T5B
88,1,0,0,187,red,3225,T5B
89,1,0,0,187,red,3225,T5B
90,1,0,0,187,red,3225,T5B
91,1,0,0,187,red,3225,T5B
92,1,0,0,187,red,3225,T5B
93,1,0,0,187,red,3225,T5B
94,1,0,0,187,red,3225,T5B
95,1,0,0,187,red,3225,T5B
96,1,0,0,187,red,3225,T5B
97,1,0,0,187,red,3225,T5B
98,1,0,0,187,red,3225,T5B
99,1,0,0,187,red,3225,T5B
100,1,0,0,187,red,3225,T5B
101,1,0,0,187,red,3225,T5B
102,1,0,0,187,red,3225,T5B
103,1,0,0,187,red,3225,T5B
104,1,0,0,187,red,3225,T5B
105,1,0,0,187,red,3225,T5B
106,1,0,0,187,red,3225,T5B
107,1,0,0,187,red,3225,T5B
108,1,0,0,187,red,3225,T5B
109,1,0,0,187,red,3225,T5B
110,1,0,0,187,red,3225,T5B
111,1,0,0,187,red,3225,T5B
112,1,0,0,187,red,3225,T5B
113,1,0,0,187,red,3225,T5B
114,1,0,0,187,red,3225,T5B
115,1,0,0,187,red,3225,T5B
116,1,0,0,187,red,3225,T5B
117,1,0,0,187,red,3225,T5B
118,1,0,0,187,red,3225,T5B
119,1,0,0,187,red,3225,T5B
120,1,0,0,187,red,3225,T5B
121,1,0,0,187,red,3225,T5B
122,1,0,0,187,red,3225,T5B
123,1,0,0,187,red,3225,T5B
124,1,0,0,187,red,3225,T5B
125,1,0,0,187,red,3225,T5B
126,1,0,0,187,red,3225,T5B
127,1,0,0,187,red,3225,T5B
128,1,0,0,187,red,3225,T5B
129,1,0,0,187,red,3225,T5B
130,1,0,0,187,red,3225,T5B
131,1,0,0,187,red,3225,T5B
132,1,0,0,187,red,3225,T5B
133,1,0,0,187,red,3225,T5B
134,1,0,0,187,red,3225,T5B
135,1,0,0,187,red,3225,T5B
136,1,0,0,187,red,3225,T5B
137,1,0,0,187,red,3225,T5B
138,1,0,0,187,red,3225,T5B
139,1,0,0,187,red,3225,T5B
140,1,0,0,187,red,3225,T5B
141,1,0,0,187,red,3225,T5B
142,1,0,0,187,red,3225,T5B
143,1,0,0,187,red,3225,T5B
144,1,0,0,187,red,3225,T5B
145,1,0,0,187,red,3225,T5B
146,1,0,0,187,red,3225,T5B
147,1,0,0,187,red,3225,T5B
148,1,0,0,187,red,3225,T5B
149,1,0,0,187,red,3225,T5B
150,1,0,0,187,red,3225,T5B
151,1,0,0,187,red,3225,T5B
152,1,0,0,187,red,3225,T5B
153,1,0,0,187,red,3225,T5B
154,1,0,0,187,red,3225,T5B
155,1,0,0,187,red,3225,T5B
156,1,0,0,187,red,3225,T5B
157,1,0,0,187,red,3225,T5B
158,1,0,0,187,red,3225,T5B
159,1,0,0,187,red,3225,T5B
160,1,0,0,187,red,3225,T5B
161,1,0,0,187,red,3225,T5B
162,1,0,0,187,red,3225,T5B
163,1,0,0,187,red,3225,T5B
164,1,0,0,187,red,3225,T5B
165,1,0,0,187,red,3225,T5B
166,1,0,0,187,red,3225,T5B
167,1,0,0,187,red,3225,T5B
168,1,0,0,187,red,3225,T5B
169,1,0,0,187,red,3225,T5B
170,1,0,0,187,red,3225,T5B
171,1,0,0,187,red,3225,T5B
172,1,0,0,187,red,3225,T5B
173,1,0,0,187,red,3225,T5B
174,1,0,0,187,red,3225,T5B
175,1,0,0,187,red,3225,T5B
176,1,0,0,187,red,3225,T5B
177,1,0,0,187,red,3225,T5B
178,1,0,0,187,red,3225,T5B
179,1,0,0,187,red,3225,T5B
180,1,0,0,187,red,3225,T5B
181,1,0,0,187,red,3225,T5B
182,1,0,0,187,red,3225,T5B
183,1,0,0,187,red,3225,T5B
184,1,0,0,187,red,3225,T5B
185,1,0,0,187,red,3225,T5B
186,1,0,0,187,red,3225,T5B
187,1,0,0,187,red,3225,T5B
188,1,0,0,187,red,3225,T5B
189,1,0,0,187,red,3225,T5B
190,1,0,0,187,red,3225,T5B
191,1,0,0,187,red,3225,T5B
192,1,0,0,187,red,3225,T5B
193,1,0,0,187,red,3225,T5B
194,1,0,0,187,red,3225,T5B
195,1,0,0,187,red,3225,T5B
196,1,0,0,187,red,3225,T5B
197,1,0,0,187,red,3225,T5B
198,1,0,0,187,red,3225,T5B
199,1,0,0,187,red,3225,T5B
200,1,0,0,187,red,3225,T5B
201,1,0,0,187,red,3225,T5B
202,1,0,0,187,red,3225,T5B
203,1,0,0,187,red,3225,T5B
0,0,0,1,188,red,3184,T5B
1,0,0,1,188,red,3184,T5B
2,0,0,1,188,red,3184,T5B
3,0,0,1,188,red,3184,T5B
4,0,0,1,188,red,3184,T5B
5,0,0,1,188,red,3184,T5B
6,0,0,1,188,red,3184,T5B
7,0,0,1,188,red,3184,T5B
8,0,0,1,188,red,3184,T5B
9,0,0,1,188,red,3184,T5B
10,0,0,1,188,red,3184,T5B
11,0,0,1,188,red,3184,T5B
12,0,0,1,188,red,3184,T5B
13,0,0,1,188,red,3184,T5B
14,0,0,1,188,red,3184,T5B
15,0,0,1,188,red,3184,T5B
16,0,0,1,188,red,3184,T5B
17,0,0,1,188,red,3184,T5B
18,0,0,1,188,red,3184,T5B
19,0,0,1,188,red,3184,T5B
20,0,0,1,188,red,3184,T5B
21,0,0,1,188,red,3184,T5B
22,0,0,1,188,red,3184,T5B
23,0,0,1,188,red,3184,T5B
24,0,0,1,188,red,3184,T5B
25,0,0,1,188,red,3184,T5B
26,0,0,1,188,red,3184,T5B
27,0,0,1,188,red,3184,T5B
28,0,0,1,188,red,3184,T5B
29,0,0,1,188,red,3184,T5B
30,0,0,1,188,red,3184,T5B
31,0,0,1,188,red,3184,T5B
32,0,0,1,188,red,3184,T5B
33,0,0,1,188,red,3184,T5B
34,0,0,1,188,red,3184,T5B
35,0,0,1,188,red,3184,T5B
36,0,0,1,188,red,3184,T5B
37,0,0,1,188,red,3184,T5B
38,0,0,1,188,red,3184,T5B
39,0,0,1,188,red,3184,T5B
40,0,0,1,188,red,3184,T5B
41,0,0,1,188,red,3184,T5B
42,0,0,1,188,red,3184,T5B
43,0,0,1,188,red,3184,T5B
44,0,0,1,188,red,3184,T5B
45,0,0,1,188,red,3184,T5B
46,0,0,1,188,red,3184,T5B
47,0,0,1,188,red,3184,T5B
48,0,0,1,188,red,3184,T5B
49,0,0,1,188,red,3184,T5B
50,0,0,1,188,red,3184,T5B
51,0,0,1,188,red,3184,T5B
52,0,0,1,188,red,3184,T5B
53,0,0,1,188,red,3184,T5B
54,0,0,1,188,red,3184,T5B
55,0,0,1,188,red,3184,T5B
56,0,0,1,188,red,3184,T5B
57,0,0,1,188,red,3184,T5B
58,0,0,1,188,red,3184,T5B
59,0,0,1,188,red,3184,T5B
60,0,0,1,188,red,3184,T5B
61,0,0,1,188,red,3184,T5B
62,0,0,1,188,red,3184,T5B
63,0,0,1,188,red,3184,T5B
64,0,0,1,188,red,3184,T5B
65,0,0,1,188,red,3184,T5B
66,0,0,1,188,red,3184,T5B
67,0,0,1,188,red,3184,T5B
68,0,0,1,188,red,3184,T5B
69,0,0,1,188,red,3184,T5B
70,0,0,1,188,red,3184,T5B
71,0,0,1,188,red,3184,T5B
72,0,0,1,188,red,3184,T5B
73,0,0,1,188,red,3184,T5B
74,0,0,1,188,red,3184,T5B
75,0,0,1,188,red,3184,T5B
76,0,0,1,188,red,3184,T5B
77,0,0,1,188,red,3184,T5B
78,0,0,1,188,red,3184,T5B
79,0,0,1,188,red,3184,T5B
80,0,0,1,188,red,3184,T5B
81,0,0,1,188,red,3184,T5B
82,0,0,1,188,red,3184,T5B
83,0,0,1,188,red,3184,T5B
84,0,0,1,188,red,3184,T5B
85,0,0,1,188,red,3184,T5B
86,0,0,1,188,red,3184,T5B
87,0,0,1,188,red,3184,T5B
88,0,0,1,188,red,3184,T5B
89,0,0,1,188,red,3184,T5B
90,0,0,1,188,red,3184,T5B
91,0,0,1,188,red,3184,T5B
92,0,0,1,188,red,3184,T5B
93,0,0,1,188,red,3184,T5B
94,0,0,1,188,red,3184,T5B
95,0,0,1,188,red,3184,T5B
96,0,0,1,188,red,3184,T5B
97,0,0,1,188,red,3184,T5B
98,0,0,1,188,red,3184,T5B
99,0,0,1,188,red,3184,T5B
100,0,0,1,188,red,3184,T5B
101,0,0,1,188,red,3184,T5B
102,1,0,0,188,red,3184,T5B
103,1,0,0,188,red,3184,T5B
104,1,0,0,188,red,3184,T5B
105,1,0,0,188,red,3184,T5B
106,1,0,0,188,red,3184,T5B
107,1,0,0,188,red,3184,T5B
108,1,0,0,188,red,3184,T5B
109,1,0,0,188,red,3184,T5B
110,1,0,0,188,red,3184,T5B
111,1,0,0,188,red,3184,T5B
112,1,0,0,188,red,3184,T5B
113,1,0,0,188,red,3184,T5B
114,1,0,0,188,red,3184,T5B
115,1,0,0,188,red,3184,T5B
116,1,0,0,188,red,3184,T5B
117,1,0,0,188,red,3184,T5B
118,1,0,0,188,red,3184,T5B
119,1,0,0,188,red,3184,T5B
120,1,0,0,188,red,3184,T5B
121,1,0,0,188,red,3184,T5B
122,1,0,0,188,red,3184,T5B
123,1,0,0,188,red,3184,T5B
124,1,0,0,188,red,3184,T5B
125,1,0,0,188,red,3184,T5B
126,1,0,0,188,red,3184,T5B
127,1,0,0,188,red,3184,T5B
128,1,0,0,188,red,3184,T5B
129,1,0,0,188,red,3184,T5B
130,1,0,0,188,red,3184,T5B
131,1,0,0,188,red,3184,T5B
132,1,0,0,188,red,3184,T5B
133,1,0,0,188,red,3184,T5B
134,1,0,0,188,red,3184,T5B
135,1,0,0,188,red,3184,T5B
136,1,0,0,188,red,3184,T5B
137,1,0,0,188,red,3184,T5B
138,1,0,0,188,red,3184,T5B
139,1,0,0,188,red,3184,T5B
140,1,0,0,188,red,3184,T5B
141,1,0,0,188,red,3184,T5B
142,1,0,0,188,red,3184,T5B
143,1,0,0,188,red,3184,T5B
144,1,0,0,188,red,3184,T5B
145,1,0,0,188,red,3184,T5B
146,1,0,0,188,red,3184,T5B
147,1,0,0,188,red,3184,T5B
148,1,0,0,188,red,3184,T5B
149,1,0,0,188,red,3184,T5B
150,1,0,0,188,red,3184,T5B
151,1,0,0,188,red,3184,T5B
152,1,0,0,188,red,3184,T5B
153,1,0,0,188,red,3184,T5B
154,1,0,0,188,red,3184,T5B
155,1,0,0,188,red,3184,T5B
156,1,0,0,188,red,3184,T5B
157,1,0,0,188,red,3184,T5B
158,1,0,0,188,red,3184,T5B
159,1,0,0,188,red,3184,T5B
160,1,0,0,188,red,3184,T5B
161,1,0,0,188,red,3184,T5B
162,1,0,0,188,red,3184,T5B
163,1,0,0,188,red,3184,T5B
164,1,0,0,188,red,3184,T5B
165,1,0,0,188,red,3184,T5B
166,1,0,0,188,red,3184,T5B
167,1,0,0,188,red,3184,T5B
168,1,0,0,188,red,3184,T5B
169,1,0,0,188,red,3184,T5B
170,1,0,0,188,red,3184,T5B
171,1,0,0,188,red,3184,T5B
172,1,0,0,188,red,3184,T5B
173,1,0,0,188,red,3184,T5B
174,1,0,0,188,red,3184,T5B
175,1,0,0,188,red,3184,T5B
176,1,0,0,188,red,3184,T5B
177,1,0,0,188,red,3184,T5B
178,1,0,0,188,red,3184,T5B
179,1,0,0,188,red,3184,T5B
180,1,0,0,188,red,3184,T5B
181,1,0,0,188,red,3184,T5B
182,1,0,0,188,red,3184,T5B
183,1,0,0,188,red,3184,T5B
184,1,0,0,188,red,3184,T5B
185,1,0,0,188,red,3184,T5B
186,1,0,0,188,red,3184,T5B
187,1,0,0,188,red,3184,T5B
188,1,0,0,188,red,3184,T5B
189,1,0,0,188,red,3184,T5B
190,1,0,0,188,red,3184,T5B
191,1,0,0,188,red,3184,T5B
192,1,0,0,188,red,3184,T5B
193,1,0,0,188,red,3184,T5B
194,1,0,0,188,red,3184,T5B
195,1,0,0,188,red,3184,T5B
196,1,0,0,188,red,3184,T5B
197,1,0,0,188,red,3184,T5B
198,1,0,0,188,red,3184,T5B
199,1,0,0,188,red,3184,T5B
200,1,0,0,188,red,3184,T5B
201,1,0,0,188,red,3184,T5B
202,1,0,0,188,red,3184,T5B
203,1,0,0,188,red,3184,T5B
