{
  "barriers": [
    {
      "x": 12.7,
      "y": 6.4,
      "width": 21.7,
      "height": 7.5
    },
    {
      "x": 88.7,
      "y": 28.9,
      "width": 9.8,
      "height": 20.5
    }
  ],
  "occluders": [],
  "step_data": {
    "0": {
      "x": 60.1,
      "y": 14.600000000000001,
      "speed": 1.0,
      "dir": 0.0,
      "vx": 0.0,
      "vy": 0.0
    },
    "1": {
      "x": 61.1,
      "y": 13.6,
      "speed": 1.0,
      "dir": -0.7853981633974492,
      "vx": 0.7071067811865469,
      "vy": -0.7071067811865481
    },
    "2": {
      "x": 62.2,
      "y": 12.5,
      "speed": 1.0,
      "dir": -0.7853981633974475,
      "vx": 0.7071067811865481,
      "vy": -0.707106781186547
    },
    "3": {
      "x": 63.3,
      "y": 11.5,
      "speed": 1.0,
      "dir": -0.7378150601204675,
      "vx": 0.739940073395942,
      "vy": -0.6726727939963144
    },
    "4": {
      "x": 64.3,
      "y": 10.45,
      "speed": 1.0,
      "dir": -0.8097835725701672,
      "vx": 0.6896551724137928,
      "vy": -0.724137931034483
    },
    "5": {
      "x": 65.4,
      "y": 9.3,
      "speed": 1.0,
      "dir": -0.8076167287241628,
      "vx": 0.6912226459673677,
      "vy": -0.722641857147696
    },
    "6": {
      "x": 66.45,
      "y": 8.35,
      "speed": 1.0,
      "dir": -0.7354397676755074,
      "vx": 0.7415357791237699,
      "vy": -0.6709133239691276
    },
    "7": {
      "x": 67.55,
      "y": 7.25,
      "speed": 1.0,
      "dir": -0.7853981633974507,
      "vx": 0.7071067811865458,
      "vy": -0.7071067811865492
    },
    "8": {
      "x": 68.55,
      "y": 6.25,
      "speed": 1.0,
      "dir": -0.7853981633974483,
      "vx": 0.7071067811865476,
      "vy": -0.7071067811865476
    },
    "9": {
      "x": 69.65,
      "y": 5.15,
      "speed": 1.0,
      "dir": -0.7853981633974443,
      "vx": 0.7071067811865503,
      "vy": -0.7071067811865446
    },
    "10": {
      "x": 70.75,
      "y": 4.15,
      "speed": 1.0,
      "dir": -0.7378150601204675,
      "vx": 0.739940073395942,
      "vy": -0.6726727939963144
    },
    "11": {
      "x": 71.75,
      "y": 3.05,
      "speed": 1.0,
      "dir": -0.832981266674432,
      "vx": 0.6726727939963123,
      "vy": -0.7399400733959438
    },
    "12": {
      "x": 72.85,
      "y": 2.05,
      "speed": 1.0,
      "dir": -0.7378150601204675,
      "vx": 0.739940073395942,
      "vy": -0.6726727939963144
    },
    "13": {
      "x": 73.95,
      "y": 0.9500000000000002,
      "speed": 1.0,
      "dir": -0.7853981633974443,
      "vx": 0.7071067811865503,
      "vy": -0.7071067811865446
    },
    "14": {
      "x": 75.0,
      "y": 0.2999999999999998,
      "speed": 1.0,
      "dir": -0.5543074962015526,
      "vx": 0.8502651466878609,
      "vy": -0.5263546146162965
    },
    "15": {
      "x": 76.05,
      "y": 1.35,
      "speed": 1.0,
      "dir": 0.7853981633974497,
      "vx": 0.7071067811865466,
      "vy": 0.7071067811865486
    },
    "16": {
      "x": 77.15,
      "y": 2.3499999999999996,
      "speed": 1.0,
      "dir": 0.7378150601204608,
      "vx": 0.7399400733959465,
      "vy": 0.6726727939963094
    },
    "17": {
      "x": 78.2,
      "y": 3.4000000000000004,
      "speed": 1.0,
      "dir": 0.78539816339745,
      "vx": 0.7071067811865464,
      "vy": 0.7071067811865488
    },
    "18": {
      "x": 79.25,
      "y": 4.45,
      "speed": 1.0,
      "dir": 0.7853981633974495,
      "vx": 0.7071067811865467,
      "vy": 0.7071067811865483
    },
    "19": {
      "x": 80.35,
      "y": 5.55,
      "speed": 1.0,
      "dir": 0.7853981633974507,
      "vx": 0.7071067811865458,
      "vy": 0.7071067811865492
    },
    "20": {
      "x": 81.4,
      "y": 6.6,
      "speed": 1.0,
      "dir": 0.7853981633974427,
      "vx": 0.7071067811865515,
      "vy": 0.7071067811865436
    },
    "21": {
      "x": 82.55,
      "y": 7.65,
      "speed": 1.0,
      "dir": 0.7399748839758754,
      "vx": 0.7384854939281231,
      "vy": 0.6742693640213353
    },
    "22": {
      "x": 83.55,
      "y": 8.65,
      "speed": 1.0,
      "dir": 0.7853981633974483,
      "vx": 0.7071067811865476,
      "vy": 0.7071067811865476
    },
    "23": {
      "x": 84.65,
      "y": 9.75,
      "speed": 1.0,
      "dir": 0.7853981633974443,
      "vx": 0.7071067811865503,
      "vy": 0.7071067811865446
    },
    "24": {
      "x": 85.75,
      "y": 10.75,
      "speed": 1.0,
      "dir": 0.7378150601204675,
      "vx": 0.739940073395942,
      "vy": 0.6726727939963144
    },
    "25": {
      "x": 86.75,
      "y": 11.85,
      "speed": 1.0,
      "dir": 0.8329812666744315,
      "vx": 0.6726727939963126,
      "vy": 0.7399400733959437
    },
    "26": {
      "x": 87.8,
      "y": 12.9,
      "speed": 1.0,
      "dir": 0.78539816339745,
      "vx": 0.7071067811865464,
      "vy": 0.7071067811865488
    },
    "27": {
      "x": 88.95,
      "y": 13.95,
      "speed": 1.0,
      "dir": 0.7399748839758683,
      "vx": 0.7384854939281279,
      "vy": 0.6742693640213301
    },
    "28": {
      "x": 90.05,
      "y": 14.95,
      "speed": 1.0,
      "dir": 0.7378150601204675,
      "vx": 0.739940073395942,
      "vy": 0.6726727939963144
    },
    "29": {
      "x": 91.05,
      "y": 16.05,
      "speed": 1.0,
      "dir": 0.8329812666744323,
      "vx": 0.672672793996312,
      "vy": 0.739940073395944
    },
    "30": {
      "x": 92.15,
      "y": 17.05,
      "speed": 1.0,
      "dir": 0.737815060120461,
      "vx": 0.7399400733959463,
      "vy": 0.6726727939963095
    },
    "31": {
      "x": 93.25,
      "y": 18.15,
      "speed": 1.0,
      "dir": 0.7853981633974499,
      "vx": 0.7071067811865464,
      "vy": 0.7071067811865487
    },
    "32": {
      "x": 94.25,
      "y": 19.15,
      "speed": 1.0,
      "dir": 0.7853981633974483,
      "vx": 0.7071067811865476,
      "vy": 0.7071067811865476
    },
    "33": {
      "x": 95.35,
      "y": 20.25,
      "speed": 1.0,
      "dir": 0.7853981633974515,
      "vx": 0.7071067811865452,
      "vy": 0.7071067811865498
    },
    "34": {
      "x": 95.45,
      "y": 21.25,
      "speed": 1.0,
      "dir": 1.4711276743037263,
      "vx": 0.09950371902100731,
      "vy": 0.9950371902099883
    },
    "35": {
      "x": 94.35,
      "y": 22.35,
      "speed": 1.0,
      "dir": 2.3561944901923484,
      "vx": -0.7071067811865499,
      "vy": 0.7071067811865452
    },
    "36": {
      "x": 93.25,
      "y": 23.35,
      "speed": 1.0,
      "dir": 2.403777593469326,
      "vx": -0.739940073395942,
      "vy": 0.6726727939963144
    },
    "37": {
      "x": 92.15,
      "y": 24.45,
      "speed": 1.0,
      "dir": 2.356194490192343,
      "vx": -0.7071067811865464,
      "vy": 0.7071067811865487
    },
    "38": {
      "x": 91.1,
      "y": 24.5,
      "speed": 1.0,
      "dir": 3.0940095503128098,
      "vx": -0.9988681377244376,
      "vy": 0.047565149415449565
    },
    "39": {
      "x": 90.05,
      "y": 23.55,
      "speed": 1.0,
      "dir": -2.406152885914287,
      "vx": -0.7415357791237704,
      "vy": -0.6709133239691268
    },
    "40": {
      "x": 88.95,
      "y": 22.45,
      "speed": 1.0,
      "dir": -2.3561944901923417,
      "vx": -0.7071067811865452,
      "vy": -0.7071067811865498
    },
    "41": {
      "x": 87.95,
      "y": 21.45,
      "speed": 1.0,
      "dir": -2.356194490192345,
      "vx": -0.7071067811865476,
      "vy": -0.7071067811865476
    },
    "42": {
      "x": 86.8,
      "y": 20.4,
      "speed": 1.0,
      "dir": -2.401617769613924,
      "vx": -0.7384854939281273,
      "vy": -0.6742693640213308
    },
    "43": {
      "x": 85.75,
      "y": 19.35,
      "speed": 1.0,
      "dir": -2.356194490192345,
      "vx": -0.7071067811865475,
      "vy": -0.7071067811865475
    },
    "44": {
      "x": 84.6,
      "y": 18.2,
      "speed": 1.0,
      "dir": -2.3561944901923466,
      "vx": -0.7071067811865486,
      "vy": -0.7071067811865464
    },
    "45": {
      "x": 83.6,
      "y": 17.2,
      "speed": 1.0,