{
  "barriers": [
    {
      "x": 7.5,
      "y": 12.0,
      "width": 17.6,
      "height": 21.5
    },
    {
      "x": 17.2,
      "y": 36.4,
      "width": 26.5,
      "height": 9.1
    },
    {
      "x": 88.2,
      "y": 28.2,
      "width": 6.2,
      "height": 26.4
    }
  ],
  "occluders": [],
  "step_data": {
    "0": {
      "x": 7.800000000000001,
      "y": 34.6,
      "speed": 1.0,
      "dir": 0.0,
      "vx": 0.0,
      "vy": 0.0
    },
    "1": {
      "x": 8.15,
      "y": 33.95,
      "speed": 1.0,
      "dir": -1.076854957875315,
      "vx": 0.47409982303501785,
      "vy": -0.8804710999221751
    },
    "2": {
      "x": 8.65,
      "y": 35.35,
      "speed": 1.0,
      "dir": 1.227772386374193,
      "vx": 0.3363363969981565,
      "vy": 0.9417419115948372
    },
    "3": {
      "x": 9.05,
      "y": 36.85,
      "speed": 1.0,
      "dir": 1.3101939350475553,
      "vx": 0.25766265056033255,
      "vy": 0.9662349396012462
    },
    "4": {
      "x": 9.55,
      "y": 38.25,
      "speed": 1.0,
      "dir": 1.227772386374193,
      "vx": 0.3363363969981565,
      "vy": 0.9417419115948372
    },
    "5": {
      "x": 10.1,
      "y": 39.65,
      "speed": 1.0,
      "dir": 1.196462710787313,
      "vx": 0.36565237242299325,
      "vy": 0.9307514934403472
    },
    "6": {
      "x": 10.45,
      "y": 41.15,
      "speed": 1.0,
      "dir": 1.3415643935179016,
      "vx": 0.22722961560641822,
      "vy": 0.9738412097417932
    },
    "7": {
      "x": 10.95,
      "y": 42.55,
      "speed": 1.0,
      "dir": 1.227772386374193,
      "vx": 0.3363363969981565,
      "vy": 0.9417419115948372
    },
    "8": {
      "x": 11.4,
      "y": 44.0,
      "speed": 1.0,
      "dir": 1.2698760924344714,
      "vx": 0.296399214872453,
      "vy": 0.9550641368112371
    },
    "9": {
      "x": 11.85,
      "y": 45.35,
      "speed": 1.0,
      "dir": 1.2490457723982553,
      "vx": 0.31622776601683716,
      "vy": 0.9486832980505141
    },
    "10": {
      "x": 12.35,
      "y": 46.85,
      "speed": 1.0,
      "dir": 1.2490457723982544,
      "vx": 0.31622776601683794,
      "vy": 0.9486832980505138
    },
    "11": {
      "x": 12.8,
      "y": 48.3,
      "speed": 1.0,
      "dir": 1.26987609243447,
      "vx": 0.2963992148724543,
      "vy": 0.9550641368112367
    },
    "12": {
      "x": 13.25,
      "y": 49.65,
      "speed": 1.0,
      "dir": 1.2490457723982553,
      "vx": 0.31622776601683716,
      "vy": 0.9486832980505141
    },
    "13": {
      "x": 13.8,
      "y": 51.1,
      "speed": 1.0,
      "dir": 1.2082520895303892,
      "vx": 0.3546542341205383,
      "vy": 0.9349975263177834
    },
    "14": {
      "x": 14.25,
      "y": 52.55,
      "speed": 1.0,
      "dir": 1.2698760924344712,
      "vx": 0.2963992148724533,
      "vy": 0.955064136811237
    },
    "15": {
      "x": 14.649999999999999,
      "y": 53.95,
      "speed": 1.0,
      "dir": 1.2924966677897873,
      "vx": 0.27472112789737607,
      "vy": 0.9615239476408236
    },
    "16": {
      "x": 15.100000000000001,
      "y": 55.4,
      "speed": 1.0,
      "dir": 1.269876092434469,
      "vx": 0.2963992148724554,
      "vy": 0.9550641368112364
    },
    "17": {
      "x": 15.600000000000001,
      "y": 56.8,
      "speed": 1.0,
      "dir": 1.227772386374193,
      "vx": 0.3363363969981565,
      "vy": 0.9417419115948372
    },
    "18": {
      "x": 16.05,
      "y": 58.05,
      "speed": 1.0,
      "dir": 1.225240746213185,
      "vx": 0.3387194682727412,
      "vy": 0.940887411868727
    },
    "19": {
      "x": 16.6,
      "y": 56.7,
      "speed": 1.0,
      "dir": -1.1839206090638668,
      "vx": 0.3772968873135212,
      "vy": -0.926092359769547
    },
    "20": {
      "x": 17.05,
      "y": 55.15,
      "speed": 1.0,
      "dir": -1.2882413743253103,
      "vx": 0.27881019486395425,
      "vy": -0.9603462267536245
    },
    "21": {
      "x": 17.45,
      "y": 53.75,
      "speed": 1.0,
      "dir": -1.292496667789786,
      "vx": 0.2747211278973774,
      "vy": -0.9615239476408233
    },
    "22": {
      "x": 17.95,
      "y": 52.35,
      "speed": 1.0,
      "dir": -1.227772386374193,
      "vx": 0.3363363969981565,
      "vy": -0.9417419115948372
    },
    "23": {
      "x": 18.45,
      "y": 50.95,
      "speed": 1.0,
      "dir": -1.227772386374193,
      "vx": 0.3363363969981565,
      "vy": -0.9417419115948372
    },
    "24": {
      "x": 18.85,
      "y": 49.45,
      "speed": 1.0,
      "dir": -1.3101939350475542,
      "vx": 0.2576626505603336,
      "vy": -0.966234939601246
    },
    "25": {
      "x": 19.3,
      "y": 48.0,
      "speed": 1.0,
      "dir": -1.2698760924344725,
      "vx": 0.29639921487245197,
      "vy": -0.9550641368112374
    },
    "26": {
      "x": 19.9,
      "y": 46.65,
      "speed": 1.0,
      "dir": -1.1525719972156692,
      "vx": 0.406138466053446,
      "vy": -0.9138115486202577
    },
    "27": {
      "x": 20.25,
      "y": 45.95,
      "speed": 1.0,
      "dir": -1.1071487177940864,
      "vx": 0.44721359549996154,
      "vy": -0.8944271909999141
    },
    "28": {
      "x": 20.75,
      "y": 47.35,
      "speed": 1.0,
      "dir": 1.227772386374193,
      "vx": 0.3363363969981565,
      "vy": 0.9417419115948372
    },
    "29": {
      "x": 21.2,
      "y": 48.8,
      "speed": 1.0,
      "dir": 1.2698760924344712,
      "vx": 0.2963992148724533,
      "vy": 0.955064136811237
    },
    "30": {
      "x": 21.65,
      "y": 50.2,
      "speed": 1.0,
      "dir": 1.2597980461893572,
      "vx": 0.3060091804131191,
      "vy": 0.9520285612852648
    },
    "31": {
      "x": 22.15,
      "y": 51.65,
      "speed": 1.0,
      "dir": 1.2387368592520103,
      "vx": 0.32599068331940506,
      "vy": 0.9453729816262718
    },
    "32": {
      "x": 22.6,
      "y": 53.1,
      "speed": 1.0,
      "dir": 1.2698760924344703,
      "vx": 0.2963992148724541,
      "vy": 0.9550641368112367
    },
    "33": {
      "x": 23.05,
      "y": 54.55,
      "speed": 1.0,
      "dir": 1.2698760924344712,
      "vx": 0.2963992148724533,
      "vy": 0.955064136811237
    },
    "34": {
      "x": 23.55,
      "y": 55.95,
      "speed": 1.0,
      "dir": 1.2277723863741945,
      "vx": 0.33633639699815504,
      "vy": 0.9417419115948378
    },
    "35": {
      "x": 24.05,
      "y": 57.35,
      "speed": 1.0,
      "dir": 1.227772386374193,
      "vx": 0.3363363969981565,
      "vy": 0.9417419115948372
    },
    "36": {
      "x": 24.45,
      "y": 57.45,
      "speed": 1.0,
      "dir": 0.24497866312686836,
      "vx": 0.9701425001453308,
      "vy": 0.24253562503633702
    },
    "37": {
      "x": 24.95,
      "y": 56.05,
      "speed": 1.0,
      "dir": -1.2277723863741945,
      "vx": 0.33633639699815504,
      "vy": -0.9417419115948378
    },
    "38": {
      "x": 25.45,
      "y": 54.65,
      "speed": 1.0,
      "dir": -1.227772386374193,
      "vx": 0.3363363969981565,
      "vy": -0.9417419115948372
    },
    "39": {
      "x": 25.85,
      "y": 53.15,
      "speed": 1.0,
      "dir": -1.3101939350475542,
      "vx": 0.2576626505603336,
      "vy": -0.966234939601246
    },
    "40": {
      "x": 26.35,
      "y": 51.75,
      "speed": 1.0,
      "dir": -1.227772386374193,
      "vx": 0.3363363969981565,
      "vy": -0.9417419115948372
    },
    "41": {
      "x": 26.8,
      "y": 50.4,
      "speed": 1.0,
      "dir": -1.2490457723982553,
      "vx": 0.31622776601683716,
      "vy": -0.9486832980505141
    },
    "42": {
      "x": 27.25,
      "y": 48.95,
      "speed": 1.0,
      "dir": -1.2698760924344712,
      "vx": 0.2963992148724533,
      "vy": -0.955064136811237
    },
    "43": {
      "x": 27.8,
      "y": 47.4,
      "speed": 1.0,
      "dir": -1.2298173732985478,
      "vx": 0.3344098451707644,
      "vy": -0.9424277454812466
    },
    "44": {
      "x": 28.25,
      "y": 46.05,
      "speed": 1.0,
      "dir": -1.2490457723982553,
      "vx": 0.31622776601683716,