frame,red,green,uncertain,session_id,rg_outcome,trial_id,global_trial_name
0,0,0,1,203,green,4769,T10
1,0,0,1,203,green,4769,T10
2,0,0,1,203,green,4769,T10
3,0,0,1,203,green,4769,T10
4,0,0,1,203,green,4769,T10
5,0,0,1,203,green,4769,T10
6,0,0,1,203,green,4769,T10
7,0,0,1,203,green,4769,T10
8,0,0,1,203,green,4769,T10
9,0,0,1,203,green,4769,T10
10,0,0,1,203,green,4769,T10
11,0,0,1,203,green,4769,T10
12,0,0,1,203,green,4769,T10
13,0,0,1,203,green,4769,T10
14,0,0,1,203,green,4769,T10
15,0,0,1,203,green,4769,T10
16,0,0,1,203,green,4769,T10
17,0,0,1,203,green,4769,T10
18,0,0,1,203,green,4769,T10
19,0,0,1,203,green,4769,T10
20,0,0,1,203,green,4769,T10
21,0,0,1,203,green,4769,T10
22,0,0,1,203,green,4769,T10
23,0,0,1,203,green,4769,T10
24,0,0,1,203,green,4769,T10
25,0,0,1,203,green,4769,T10
26,0,0,1,203,green,4769,T10
27,0,0,1,203,green,4769,T10
28,0,0,1,203,green,4769,T10
29,0,0,1,203,green,4769,T10
30,0,0,1,203,green,4769,T10
31,0,0,1,203,green,4769,T10
32,0,0,1,203,green,4769,T10
33,0,0,1,203,green,4769,T10
34,0,0,1,203,green,4769,T10
35,0,0,1,203,green,4769,T10
36,0,0,1,203,green,4769,T10
37,0,0,1,203,green,4769,T10
38,0,0,1,203,green,4769,T10
39,0,0,1,203,green,4769,T10
40,0,0,1,203,green,4769,T10
41,0,0,1,203,green,4769,T10
42,0,0,1,203,green,4769,T10
43,0,0,1,203,green,4769,T10
44,0,0,1,203,green,4769,T10
45,0,0,1,203,green,4769,T10
46,0,0,1,203,green,4769,T10
47,0,0,1,203,green,4769,T10
48,0,0,1,203,green,4769,T10
49,0,0,1,203,green,4769,T10
50,0,0,1,203,green,4769,T10
51,0,0,1,203,green,4769,T10
52,1,0,0,203,green,4769,T10
53,1,0,0,203,green,4769,T10
54,1,0,0,203,green,4769,T10
55,1,0,0,203,green,4769,T10
56,1,0,0,203,green,4769,T10
57,1,0,0,203,green,4769,T10
58,1,0,0,203,green,4769,T10
59,1,0,0,203,green,4769,T10
60,1,0,0,203,green,4769,T10
61,1,0,0,203,green,4769,T10
62,1,0,0,203,green,4769,T10
63,1,0,0,203,green,4769,T10
64,1,0,0,203,green,4769,T10
65,1,0,0,203,green,4769,T10
66,1,0,0,203,green,4769,T10
67,1,0,0,203,green,4769,T10
68,1,0,0,203,green,4769,T10
69,1,0,0,203,green,4769,T10
70,1,0,0,203,green,4769,T10
71,1,0,0,203,green,4769,T10
72,1,0,0,203,green,4769,T10
73,1,0,0,203,green,4769,T10
74,1,0,0,203,green,4769,T10
75,1,0,0,203,green,4769,T10
76,1,0,0,203,green,4769,T10
77,1,0,0,203,green,4769,T10
78,1,0,0,203,green,4769,T10
79,1,0,0,203,green,4769,T10
80,1,0,0,203,green,4769,T10
81,1,0,0,203,green,4769,T10
82,1,0,0,203,green,4769,T10
83,1,0,0,203,green,4769,T10
84,1,0,0,203,green,4769,T10
85,1,0,0,203,green,4769,T10
86,1,0,0,203,green,4769,T10
87,1,0,0,203,green,4769,T10
88,1,0,0,203,green,4769,T10
89,1,0,0,203,green,4769,T10
90,1,0,0,203,green,4769,T10
91,1,0,0,203,green,4769,T10
92,1,0,0,203,green,4769,T10
93,1,0,0,203,green,4769,T10
94,1,0,0,203,green,4769,T10
95,1,0,0,203,green,4769,T10
96,1,0,0,203,green,4769,T10
97,1,0,0,203,green,4769,T10
98,1,0,0,203,green,4769,T10
99,1,0,0,203,green,4769,T10
100,1,0,0,203,green,4769,T10
101,1,0,0,203,green,4769,T10
102,1,0,0,203,green,4769,T10
103,1,0,0,203,green,4769,T10
104,1,0,0,203,green,4769,T10
105,1,0,0,203,green,4769,T10
106,1,0,0,203,green,4769,T10
107,1,0,0,203,green,4769,T10
108,1,0,0,203,green,4769,T10
109,1,0,0,203,green,4769,T10
110,1,0,0,203,green,4769,T10
111,1,0,0,203,green,4769,T10
112,1,0,0,203,green,4769,T10
113,1,0,0,203,green,4769,T10
114,1,0,0,203,green,4769,T10
115,1,0,0,203,green,4769,T10
116,1,0,0,203,green,4769,T10
117,1,0,0,203,green,4769,T10
118,1,0,0,203,green,4769,T10
119,1,0,0,203,green,4769,T10
120,1,0,0,203,green,4769,T10
121,1,0,0,203,green,4769,T10
122,1,0,0,203,green,4769,T10
123,1,0,0,203,green,4769,T10
124,1,0,0,203,green,4769,T10
125,1,0,0,203,green,4769,T10
126,1,0,0,203,green,4769,T10
127,1,0,0,203,green,4769,T10
128,1,0,0,203,green,4769,T10
129,1,0,0,203,green,4769,T10
130,1,0,0,203,green,4769,T10
131,1,0,0,203,green,4769,T10
132,1,0,0,203,green,4769,T10
133,1,0,0,203,green,4769,T10
134,1,0,0,203,green,4769,T10
135,1,0,0,203,green,4769,T10
136,0,0,1,203,green,4769,T10
137,0,1,0,203,green,4769,T10
138,0,1,0,203,green,4769,T10
139,0,1,0,203,green,4769,T10
140,0,1,0,203,green,4769,T10
141,0,1,0,203,green,4769,T10
142,0,1,0,203,green,4769,T10
143,0,1,0,203,green,4769,T10
144,0,1,0,203,green,4769,T10
145,0,1,0,203,green,4769,T10
146,0,1,0,203,green,4769,T10
147,0,1,0,203,green,4769,T10
148,0,1,0,203,green,4769,T10
149,0,1,0,203,green,4769,T10
150,0,1,0,203,green,4769,T10
151,0,1,0,203,green,4769,T10
152,0,1,0,203,green,4769,T10
153,0,1,0,203,green,4769,T10
154,0,1,0,203,green,4769,T10
155,0,1,0,203,green,4769,T10
0,0,0,1,204,green,5357,T10
1,0,0,1,204,green,5357,T10
2,0,0,1,204,green,5357,T10
3,0,0,1,204,green,5357,T10
4,0,0,1,204,green,5357,T10
5,0,0,1,204,green,5357,T10
6,0,0,1,204,green,5357,T10
7,0,0,1,204,green,5357,T10
8,0,0,1,204,green,5357,T10
9,0,0,1,204,green,5357,T10
10,0,0,1,204,green,5357,T10
11,0,0,1,204,green,5357,T10
12,0,0,1,204,green,5357,T10
13,0,0,1,204,green,5357,T10
14,0,0,1,204,green,5357,T10
15,0,0,1,204,green,5357,T10
16,0,0,1,204,green,5357,T10
17,0,0,1,204,green,5357,T10
18,0,0,1,204,green,5357,T10
19,0,0,1,204,green,5357,T10
20,0,0,1,204,green,5357,T10
21,0,0,1,204,green,5357,T10
22,0,0,1,204,green,5357,T10
23,0,0,1,204,green,5357,T10
24,0,0,1,204,green,5357,T10
25,0,0,1,204,green,5357,T10
26,0,0,1,204,green,5357,T10
27,0,0,1,204,green,5357,T10
28,0,0,1,204,green,5357,T10
29,0,0,1,204,green,5357,T10
30,0,0,1,204,green,5357,T10
31,0,0,1,204,green,5357,T10
32,0,0,1,204,green,5357,T10
33,0,0,1,204,green,5357,T10
34,0,0,1,204,green,5357,T10
35,0,0,1,204,green,5357,T10
36,0,0,1,204,green,5357,T10
37,0,0,1,204,green,5357,T10
38,0,0,1,204,green,5357,T10
39,0,0,1,204,green,5357,T10
40,0,0,1,204,green,5357,T10
41,0,0,1,204,green,5357,T10
42,0,0,1,204,green,5357,T10
43,0,0,1,204,green,5357,T10
44,0,0,1,204,green,5357,T10
45,0,0,1,204,green,5357,T10
46,0,0,1,204,green,5357,T10
47,0,0,1,204,green,5357,T10
48,0,0,1,204,green,5357,T10
49,0,0,1,204,green,5357,T10
50,0,0,1,204,green,5357,T10
51,0,0,1,204,green,5357,T10
52,0,0,1,204,green,5357,T10
53,0,0,1,204,green,5357,T10
54,0,0,1,204,green,5357,T10
55,0,0,1,204,green,5357,T10
56,0,0,1,204,green,5357,T10
57,0,0,1,204,green,5357,T10
58,0,0,1,204,green,5357,T10
59,0,0,1,204,green,5357,T10
60,0,0,1,204,green,5357,T10
61,0,0,1,204,green,5357,T10
62,0,0,1,204,green,5357,T10
63,0,0,1,204,green,5357,T10
64,0,0,1,204,green,5357,T10
65,0,0,1,204,green,5357,T10
66,0,0,1,204,green,5357,T10
67,0,0,1,204,green,5357,T10
68,0,0,1,204,green,5357,T10
69,0,0,1,204,green,5357,T10
70,0,0,1,204,green,5357,T10
71,0,0,1,204,green,5357,T10
72,0,0,1,204,green,5357,T10
73,0,0,1,204,green,5357,T10
74,0,0,1,204,green,5357,T10
75,0,0,1,204,green,5357,T10
76,1,0,0,204,green,5357,T10
77,1,0,0,204,green,5357,T10
78,1,0,0,204,green,5357,T10
79,1,0,0,204,green,5357,T10
80,1,0,0,204,green,5357,T10
81,1,0,0,204,green,5357,T10
82,1,0,0,204,green,5357,T10
83,1,0,0,204,green,5357,T10
84,1,0,0,204,green,5357,T10
85,1,0,0,204,green,5357,T10
86,1,0,0,204,green,5357,T10
87,1,0,0,204,green,5357,T10
88,1,0,0,204,green,5357,T10
89,1,0,0,204,green,5357,T10
90,1,0,0,204,green,5357,T10
91,1,0,0,204,green,5357,T10
92,1,0,0,204,green,5357,T10
93,1,0,0,204,green,5357,T10
94,1,0,0,204,green,5357,T10
95,1,0,0,204,green,5357,T10
96,1,0,0,204,green,5357,T10
97,1,0,0,204,green,5357,T10
98,1,0,0,204,green,5357,T10
99,1,0,0,204,green,5357,T10
100,1,0,0,204,green,5357,T10
101,1,0,0,204,green,5357,T10
102,1,0,0,204,green,5357,T10
103,1,0,0,204,green,5357,T10
104,1,0,0,204,green,5357,T10
105,1,0,0,204,green,5357,T10
106,1,0,0,204,green,5357,T10
107,1,0,0,204,green,5357,T10
108,1,0,0,204,green,5357,T10
109,1,0,0,204,green,5357,T10
110,1,0,0,204,green,5357,T10
111,1,0,0,204,green,5357,T10
112,1,0,0,204,green,5357,T10
113,1,0,0,204,green,5357,T10
114,1,0,0,204,green,5357,T10
115,1,0,0,204,green,5357,T10
116,1,0,0,204,green,5357,T10
117,1,0,0,204,green,5357,T10
118,1,0,0,204,green,5357,T10
119,1,0,0,204,green,5357,T10
120,1,0,0,204,green,5357,T10
121,1,0,0,204,green,5357,T10
122,1,0,0,204,green,5357,T10
123,1,0,0,204,green,5357,T10
124,1,0,0,204,green,5357,T10
125,1,0,0,204,green,5357,T10
126,1,0,0,204,green,5357,T10
127,1,0,0,204,green,5357,T10
128,1,0,0,204,green,5357,T10
129,1,0,0,204,green,5357,T10
130,1,0,0,204,green,5357,T10
131,1,0,0,204,green,5357,T10
132,1,0,0,204,green,5357,T10
133,1,0,0,204,green,5357,T10
134,1,0,0,204,green,5357,T10
135,1,0,0,204,green,5357,T10
136,1,0,0,204,green,5357,T10
137,0,0,1,204,green,5357,T10
138,0,0,1,204,green,5357,T10
139,0,1,0,204,green,5357,T10
140,0,1,0,204,green,5357,T10
141,0,1,0,204,green,5357,T10
142,0,1,0,204,green,5357,T10
143,0,1,0,204,green,5357,T10
144,0,1,0,204,green,5357,T10
145,0,1,0,204,green,5357,T10
146,0,1,0,204,green,5357,T10
147,0,1,0,204,green,5357,T10
148,0,1,0,204,green,5357,T10
149,0,1,0,204,green,5357,T10
150,0,1,0,204,green,5357,T10
151,0,1,0,204,green,5357,T10
152,0,1,0,204,green,5357,T10
153,0,1,0,204,green,5357,T10
154,0,1,0,204,green,5357,T10
155,0,1,0,204,green,5357,T10
0,0,0,1,206,green,4787,T10
1,0,0,1,206,green,4787,T10
2,0,0,1,206,green,4787,T10
3,0,0,1,206,green,4787,T10
4,0,0,1,206,green,4787,T10
5,0,0,1,206,green,4787,T10
6,0,0,1,206,green,4787,T10
7,0,0,1,206,green,4787,T10
8,0,0,1,206,green,4787,T10
9,0,0,1,206,green,4787,T10
10,0,0,1,206,green,4787,T10
11,0,0,1,206,green,4787,T10
12,0,0,1,206,green,4787,T10
13,0,0,1,206,green,4787,T10
14,0,0,1,206,green,4787,T10
15,0,0,1,206,green,4787,T10
16,0,0,1,206,green,4787,T10
17,0,0,1,206,green,4787,T10
18,0,0,1,206,green,4787,T10
19,0,0,1,206,green,4787,T10
20,0,0,1,206,green,4787,T10
21,0,0,1,206,green,4787,T10
22,0,0,1,206,green,4787,T10
23,0,0,1,206,green,4787,T10
24,0,0,1,206,green,4787,T10
25,0,0,1,206,green,4787,T10
26,0,0,1,206,green,4787,T10
27,0,0,1,206,green,4787,T10
28,0,0,1,206,green,4787,T10
29,0,0,1,206,green,4787,T10
30,0,0,1,206,green,4787,T10
31,0,0,1,206,green,4787,T10
32,0,0,1,206,green,4787,T10
33,0,0,1,206,green,4787,T10
34,0,0,1,206,green,4787,T10
35,0,0,1,206,green,4787,T10
36,0,0,1,206,green,4787,T10
37,0,0,1,206,green,4787,T10
38,0,0,1,206,green,4787,T10
39,0,0,1,206,green,4787,T10
40,0,0,1,206,green,4787,T10
41,0,0,1,206,green,4787,T10
42,0,0,1,206,green,4787,T10
43,0,0,1,206,green,4787,T10
44,0,0,1,206,green,4787,T10
45,0,0,1,206,green,4787,T10
46,1,0,0,206,green,4787,T10
47,1,0,0,206,green,4787,T10
48,1,0,0,206,green,4787,T10
49,1,0,0,206,green,4787,T10
50,1,0,0,206,green,4787,T10
51,1,0,0,206,green,4787,T10
52,1,0,0,206,green,4787,T10
53,1,0,0,206,green,4787,T10
54,1,0,0,206,green,4787,T10
55,1,0,0,206,green,4787,T10
56,1,0,0,206,green,4787,T10
57,1,0,0,206,green,4787,T10
58,1,0,0,206,green,4787,T10
59,1,0,0,206,green,4787,T10
60,1,0,0,206,green,4787,T10
61,1,0,0,206,green,4787,T10
62,1,0,0,206,green,4787,T10
63,1,0,0,206,green,4787,T10
64,1,0,0,206,green,4787,T10
65,1,0,0,206,green,4787,T10
66,1,0,0,206,green,4787,T10
67,1,0,0,206,green,4787,T10
68,1,0,0,206,green,4787,T10
69,1,0,0,206,green,4787,T10
70,1,0,0,206,green,4787,T10
71,1,0,0,206,green,4787,T10
72,1,0,0,206,green,4787,T10
73,1,0,0,206,green,4787,T10
74,1,0,0,206,green,4787,T10
75,1,0,0,206,green,4787,T10
76,1,0,0,206,green,4787,T10
77,1,0,0,206,green,4787,T10
78,1,0,0,206,green,4787,T10
79,1,0,0,206,green,4787,T10
80,1,0,0,206,green,4787,T10
81,1,0,0,206,green,4787,T10
82,1,0,0,206,green,4787,T10
83,1,0,0,206,green,4787,T10
84,1,0,0,206,green,4787,T10
85,1,0,0,206,green,4787,T10
86,1,0,0,206,green,4787,T10
87,1,0,0,206,green,4787,T10
88,1,0,0,206,green,4787,T10
89,1,0,0,206,green,4787,T10
90,1,0,0,206,green,4787,T10
91,1,0,0,206,green,4787,T10
92,1,0,0,206,green,4787,T10
93,1,0,0,206,green,4787,T10
94,1,0,0,206,green,4787,T10
95,1,0,0,206,green,4787,T10
96,1,0,0,206,green,4787,T10
97,1,0,0,206,green,4787,T10
98,1,0,0,206,green,4787,T10
99,1,0,0,206,green,4787,T10
100,1,0,0,206,green,4787,T10
101,1,0,0,206,green,4787,T10
102,1,0,0,206,green,4787,T10
103,1,0,0,206,green,4787,T10
104,1,0,0,206,green,4787,T10
105,1,0,0,206,green,4787,T10
106,1,0,0,206,green,4787,T10
107,1,0,0,206,green,4787,T10
108,1,0,0,206,green,4787,T10
109,1,0,0,206,green,4787,T10
110,1,0,0,206,green,4787,T10
111,1,0,0,206,green,4787,T10
112,1,0,0,206,green,4787,T10
113,1,0,0,206,green,4787,T10
114,1,0,0,206,green,4787,T10
115,1,0,0,206,green,4787,T10
116,1,0,0,206,green,4787,T10
117,1,0,0,206,green,4787,T10
118,1,0,0,206,green,4787,T10
119,1,0,0,206,green,4787,T10
120,1,0,0,206,green,4787,T10
121,1,0,0,206,green,4787,T10
122,1,0,0,206,green,4787,T10
123,1,0,0,206,green,4787,T10
124,1,0,0,206,green,4787,T10
125,1,0,0,206,green,4787,T10
126,1,0,0,206,green,4787,T10
127,1,0,0,206,green,4787,T10
128,1,0,0,206,green,4787,T10
129,1,0,0,206,green,4787,T10
130,1,0,0,206,green,4787,T10
131,0,0,1,206,green,4787,T10
132,0,0,1,206,green,4787,T10
133,0,0,1,206,green,4787,T10
134,0,1,0,206,green,4787,T10
135,0,1,0,206,green,4787,T10
136,0,1,0,206,green,4787,T10
137,0,1,0,206,green,4787,T10
138,0,1,0,206,green,4787,T10
139,0,1,0,206,green,4787,T10
140,0,1,0,206,green,4787,T10
141,0,1,0,206,green,4787,T10
142,0,1,0,206,green,4787,T10
143,0,1,0,206,green,4787,T10
144,0,1,0,206,green,4787,T10
145,0,1,0,206,green,4787,T10
146,0,1,0,206,green,4787,T10
147,0,1,0,206,green,4787,T10
148,0,1,0,206,green,4787,T10
149,0,1,0,206,green,4787,T10
150,0,1,0,206,green,4787,T10
151,0,1,0,206,green,4787,T10
152,0,1,0,206,green,4787,T10
153,0,1,0,206,green,4787,T10
154,0,1,0,206,green,4787,T10
155,0,1,0,206,green,4787,T10
0,0,0,1,207,green,5249,T10
1,0,0,1,207,green,5249,T10
2,0,0,1,207,green,5249,T10
3,0,0,1,207,green,5249,T10
4,0,0,1,207,green,5249,T10
5,0,0,1,207,green,5249,T10
6,0,0,1,207,green,5249,T10
7,0,0,1,207,green,5249,T10
8,0,0,1,207,green,5249,T10
9,0,0,1,207,green,5249,T10
10,0,0,1,207,green,5249,T10
11,0,0,1,207,green,5249,T10
12,0,0,1,207,green,5249,T10
13,0,0,1,207,green,5249,T10
14,0,0,1,207,green,5249,T10
15,0,0,1,207,green,5249,T10
16,0,0,1,207,green,5249,T10
17,0,0,1,207,green,5249,T10
18,0,0,1,207,green,5249,T10
19,0,0,1,207,green,5249,T10
20,0,0,1,207,green,5249,T10
21,0,0,1,207,green,5249,T10
22,0,0,1,207,green,5249,T10
23,0,0,1,207,green,5249,T10
24,0,0,1,207,green,5249,T10
25,0,0,1,207,green,5249,T10
26,0,0,1,207,green,5249,T10
27,0,0,1,207,green,5249,T10
28,0,0,1,207,green,5249,T10
29,0,0,1,207,green,5249,T10
30,0,0,1,207,green,5249,T10
31,0,0,1,207,green,5249,T10
32,0,0,1,207,green,5249,T10
33,0,0,1,207,green,5249,T10
34,0,0,1,207,green,5249,T10
35,0,0,1,207,green,5249,T10
36,0,0,1,207,green,5249,T10
37,0,0,1,207,green,5249,T10
38,0,0,1,207,green,5249,T10
39,0,0,1,207,green,5249,T10
40,0,0,1,207,green,5249,T10
41,0,0,1,207,green,5249,T10
42,0,0,1,207,green,5249,T10
43,0,0,1,207,green,5249,T10
44,0,0,1,207,green,5249,T10
45,0,0,1,207,green,5249,T10
46,1,0,0,207,green,5249,T10
47,1,0,0,207,green,5249,T10
48,1,0,0,207,green,5249,T10
49,1,0,0,207,green,5249,T10
50,1,0,0,207,green,5249,T10
51,1,0,0,207,green,5249,T10
52,1,0,0,207,green,5249,T10
53,1,0,0,207,green,5249,T10
54,1,0,0,207,green,5249,T10
55,1,0,0,207,green,5249,T10
56,1,0,0,207,green,5249,T10
57,1,0,0,207,green,5249,T10
58,1,0,0,207,green,5249,T10
59,1,0,0,207,green,5249,T10
60,1,0,0,207,green,5249,T10
61,1,0,0,207,green,5249,T10
62,1,0,0,207,green,5249,T10
63,1,0,0,207,green,5249,T10
64,1,0,0,207,green,5249,T10
65,1,0,0,207,green,5249,T10
66,1,0,0,207,green,5249,T10
67,1,0,0,207,green,5249,T10
68,1,0,0,207,green,5249,T10
69,1,0,0,207,green,5249,T10
70,1,0,0,207,green,5249,T10
71,1,0,0,207,green,5249,T10
72,1,0,0,207,green,5249,T10
73,1,0,0,207,green,5249,T10
74,1,0,0,207,green,5249,T10
75,1,0,0,207,green,5249,T10
76,1,0,0,207,green,5249,T10
77,1,0,0,207,green,5249,T10
78,1,0,0,207,green,5249,T10
79,1,0,0,207,green,5249,T10
80,1,0,0,207,green,5249,T10
81,1,0,0,207,green,5249,T10
82,1,0,0,207,green,5249,T10
83,1,0,0,207,green,5249,T10
84,1,0,0,207,green,5249,T10
85,1,0,0,207,green,5249,T10
86,1,0,0,207,green,5249,T10
87,1,0,0,207,green,5249,T10
88,1,0,0,207,green,5249,T10
89,1,0,0,207,green,5249,T10
90,1,0,0,207,green,5249,T10
91,1,0,0,207,green,5249,T10
92,1,0,0,207,green,5249,T10
93,1,0,0,207,green,5249,T10
94,1,0,0,207,green,5249,T10
95,1,0,0,207,green,5249,T10
96,1,0,0,207,green,5249,T10
97,1,0,0,207,green,5249,T10
98,1,0,0,207,green,5249,T10
99,1,0,0,207,green,5249,T10
100,1,0,0,207,green,5249,T10
101,1,0,0,207,green,5249,T10
102,1,0,0,207,green,5249,T10
103,1,0,0,207,green,5249,T10
104,1,0,0,207,green,5249,T10
105,1,0,0,207,green,5249,T10
106,1,0,0,207,green,5249,T10
107,1,0,0,207,green,5249,T10
108,1,0,0,207,green,5249,T10
109,1,0,0,207,green,5249,T10
110,1,0,0,207,green,5249,T10
111,1,0,0,207,green,5249,T10
112,1,0,0,207,green,5249,T10
113,1,0,0,207,green,5249,T10
114,1,0,0,207,green,5249,T10
115,1,0,0,207,green,5249,T10
116,1,0,0,207,green,5249,T10
117,1,0,0,207,green,5249,T10
118,1,0,0,207,green,5249,T10
119,1,0,0,207,green,5249,T10
120,1,0,0,207,green,5249,T10
121,1,0,0,207,green,5249,T10
122,1,0,0,207,green,5249,T10
123,1,0,0,207,green,5249,T10
124,1,0,0,207,green,5249,T10
125,1,0,0,207,green,5249,T10
126,1,0,0,207,green,5249,T10
127,1,0,0,207,green,5249,T10
128,1,0,0,207,green,5249,T10
129,1,0,0,207,green,5249,T10
130,1,0,0,207,green,5249,T10
131,1,0,0,207,green,5249,T10
132,1,0,0,207,green,5249,T10
133,1,0,0,207,green,5249,T10
134,1,0,0,207,green,5249,T10
135,1,0,0,207,green,5249,T10
136,1,0,0,207,green,5249,T10
137,1,0,0,207,green,5249,T10
138,1,0,0,207,green,5249,T10
139,1,0,0,207,green,5249,T10
140,1,0,0,207,green,5249,T10
141,1,0,0,207,green,5249,T10
142,1,0,0,207,green,5249,T10
143,1,0,0,207,green,5249,T10
144,1,0,0,207,green,5249,T10
145,1,0,0,207,green,5249,T10
146,1,0,0,207,green,5249,T10
147,1,0,0,207,green,5249,T10
148,1,0,0,207,green,5249,T10
149,1,0,0,207,green,5249,T10
150,1,0,0,207,green,5249,T10
151,1,0,0,207,green,5249,T10
152,1,0,0,207,green,5249,T10
153,1,0,0,207,green,5249,T10
154,1,0,0,207,green,5249,T10
155,1,0,0,207,green,5249,T10
0,0,0,1,208,green,5659,T10
1,0,0,1,208,green,5659,T10
2,0,0,1,208,green,5659,T10
3,0,0,1,208,green,5659,T10
4,0,0,1,208,green,5659,T10
5,0,0,1,208,green,5659,T10
6,0,0,1,208,green,5659,T10
7,0,0,1,208,green,5659,T10
8,0,0,1,208,green,5659,T10
9,0,0,1,208,green,5659,T10
10,0,0,1,208,green,5659,T10
11,0,0,1,208,green,5659,T10
12,0,0,1,208,green,5659,T10
13,0,0,1,208,green,5659,T10
14,0,0,1,208,green,5659,T10
15,0,0,1,208,green,5659,T10
16,0,0,1,208,green,5659,T10
17,0,0,1,208,green,5659,T10
18,0,0,1,208,green,5659,T10
19,0,0,1,208,green,5659,T10
20,0,0,1,208,green,5659,T10
21,0,0,1,208,green,5659,T10
22,0,0,1,208,green,5659,T10
23,0,0,1,208,green,5659,T10
24,0,0,1,208,green,5659,T10
25,0,0,1,208,green,5659,T10
26,0,0,1,208,green,5659,T10
27,0,0,1,208,green,5659,T10
28,0,0,1,208,green,5659,T10
29,0,0,1,208,green,5659,T10
30,0,0,1,208,green,5659,T10
31,0,0,1,208,green,5659,T10
32,0,0,1,208,green,5659,T10
33,0,0,1,208,green,5659,T10
34,0,0,1,208,green,5659,T10
35,0,0,1,208,green,5659,T10
36,0,0,1,208,green,5659,T10
37,0,0,1,208,green,5659,T10
38,0,0,1,208,green,5659,T10
39,0,0,1,208,green,5659,T10
40,0,0,1,208,green,5659,T10
41,0,0,1,208,green,5659,T10
42,0,0,1,208,green,5659,T10
43,0,0,1,208,green,5659,T10
44,1,0,0,208,green,5659,T10
45,1,0,0,208,green,5659,T10
46,1,0,0,208,green,5659,T10
47,1,0,0,208,green,5659,T10
48,1,0,0,208,green,5659,T10
49,1,0,0,208,green,5659,T10
50,1,0,0,208,green,5659,T10
51,1,0,0,208,green,5659,T10
52,1,0,0,208,green,5659,T10
53,1,0,0,208,green,5659,T10
54,1,0,0,208,green,5659,T10
55,1,0,0,208,green,5659,T10
56,1,0,0,208,green,5659,T10
57,1,0,0,208,green,5659,T10
58,1,0,0,208,green,5659,T10
59,1,0,0,208,green,5659,T10
60,1,0,0,208,green,5659,T10
61,1,0,0,208,green,5659,T10
62,1,0,0,208,green,5659,T10
63,1,0,0,208,green,5659,T10
64,1,0,0,208,green,5659,T10
65,1,0,0,208,green,5659,T10
66,1,0,0,208,green,5659,T10
67,1,0,0,208,green,5659,T10
68,1,0,0,208,green,5659,T10
69,1,0,0,208,green,5659,T10
70,1,0,0,208,green,5659,T10
71,1,0,0,208,green,5659,T10
72,1,0,0,208,green,5659,T10
73,1,0,0,208,green,5659,T10
74,1,0,0,208,green,5659,T10
75,1,0,0,208,green,5659,T10
76,1,0,0,208,green,5659,T10
77,1,0,0,208,green,5659,T10
78,1,0,0,208,green,5659,T10
79,1,0,0,208,green,5659,T10
80,1,0,0,208,green,5659,T10
81,1,0,0,208,green,5659,T10
82,1,0,0,208,green,5659,T10
83,1,0,0,208,green,5659,T10
84,1,0,0,208,green,5659,T10
85,1,0,0,208,green,5659,T10
86,1,0,0,208,green,5659,T10
87,1,0,0,208,green,5659,T10
88,1,0,0,208,green,5659,T10
89,1,0,0,208,green,5659,T10
90,1,0,0,208,green,5659,T10
91,1,0,0,208,green,5659,T10
92,1,0,0,208,green,5659,T10
93,1,0,0,208,green,5659,T10
94,1,0,0,208,green,5659,T10
95,1,0,0,208,green,5659,T10
96,1,0,0,208,green,5659,T10
97,1,0,0,208,green,5659,T10
98,1,0,0,208,green,5659,T10
99,1,0,0,208,green,5659,T10
100,1,0,0,208,green,5659,T10
101,1,0,0,208,green,5659,T10
102,1,0,0,208,green,5659,T10
103,1,0,0,208,green,5659,T10
104,1,0,0,208,green,5659,T10
105,1,0,0,208,green,5659,T10
106,1,0,0,208,green,5659,T10
107,1,0,0,208,green,5659,T10
108,1,0,0,208,green,5659,T10
109,1,0,0,208,green,5659,T10
110,1,0,0,208,green,5659,T10
111,1,0,0,208,green,5659,T10
112,1,0,0,208,green,5659,T10
113,1,0,0,208,green,5659,T10
114,1,0,0,208,green,5659,T10
115,1,0,0,208,green,5659,T10
116,1,0,0,208,green,5659,T10
117,1,0,0,208,green,5659,T10
118,1,0,0,208,green,5659,T10
119,1,0,0,208,green,5659,T10
120,1,0,0,208,green,5659,T10
121,1,0,0,208,green,5659,T10
122,1,0,0,208,green,5659,T10
123,1,0,0,208,green,5659,T10
124,1,0,0,208,green,5659,T10
125,1,0,0,208,green,5659,T10
126,1,0,0,208,green,5659,T10
127,1,0,0,208,green,5659,T10
128,1,0,0,208,green,5659,T10
129,1,0,0,208,green,5659,T10
130,1,0,0,208,green,5659,T10
131,1,0,0,208,green,5659,T10
132,1,0,0,208,green,5659,T10
133,1,0,0,208,green,5659,T10
134,0,1,0,208,green,5659,T10
135,0,1,0,208,green,5659,T10
136,0,1,0,208,green,5659,T10
137,0,1,0,208,green,5659,T10
138,0,1,0,208,green,5659,T10
139,0,1,0,208,green,5659,T10
140,0,1,0,208,green,5659,T10
141,0,1,0,208,green,5659,T10
142,0,1,0,208,green,5659,T10
143,0,1,0,208,green,5659,T10
144,0,1,0,208,green,5659,T10
145,0,1,0,208,green,5659,T10
146,0,1,0,208,green,5659,T10
147,0,1,0,208,green,5659,T10
148,0,1,0,208,green,5659,T10
149,0,1,0,208,green,5659,T10
150,0,1,0,208,green,5659,T10
151,0,1,0,208,green,5659,T10
152,0,1,0,208,green,5659,T10
153,0,1,0,208,green,5659,T10
154,0,1,0,208,green,5659,T10
155,0,1,0,208,green,5659,T10
0,0,0,1,209,green,6473,T10
1,0,0,1,209,green,6473,T10
2,0,0,1,209,green,6473,T10
3,0,0,1,209,green,6473,T10
4,0,0,1,209,green,6473,T10
5,0,0,1,209,green,6473,T10
6,0,0,1,209,green,6473,T10
7,0,0,1,209,green,6473,T10
8,0,0,1,209,green,6473,T10
9,0,0,1,209,green,6473,T10
10,0,0,1,209,green,6473,T10
11,0,0,1,209,green,6473,T10
12,0,0,1,209,green,6473,T10
13,0,0,1,209,green,6473,T10
14,0,0,1,209,green,6473,T10
15,0,0,1,209,green,6473,T10
16,0,0,1,209,green,6473,T10
17,0,0,1,209,green,6473,T10
18,0,0,1,209,green,6473,T10
19,0,0,1,209,green,6473,T10
20,0,0,1,209,green,6473,T10
21,0,0,1,209,green,6473,T10
22,0,0,1,209,green,6473,T10
23,0,0,1,209,green,6473,T10
24,0,0,1,209,green,6473,T10
25,0,0,1,209,green,6473,T10
26,0,0,1,209,green,6473,T10
27,0,0,1,209,green,6473,T10
28,0,0,1,209,green,6473,T10
29,0,0,1,209,green,6473,T10
30,0,0,1,209,green,6473,T10
31,0,0,1,209,green,6473,T10
32,0,0,1,209,green,6473,T10
33,0,0,1,209,green,6473,T10
34,0,0,1,209,green,6473,T10
35,0,0,1,209,green,6473,T10
36,0,0,1,209,green,6473,T10
37,0,0,1,209,green,6473,T10
38,0,0,1,209,green,6473,T10
39,0,0,1,209,green,6473,T10
40,0,0,1,209,green,6473,T10
41,0,0,1,209,green,6473,T10
42,0,0,1,209,green,6473,T10
43,0,0,1,209,green,6473,T10
44,0,0,1,209,green,6473,T10
45,0,0,1,209,green,6473,T10
46,0,0,1,209,green,6473,T10
47,0,0,1,209,green,6473,T10
48,0,1,0,209,green,6473,T10
49,0,1,0,209,green,6473,T10
50,0,1,0,209,green,6473,T10
51,0,1,0,209,green,6473,T10
52,0,1,0,209,green,6473,T10
53,0,1,0,209,green,6473,T10
54,0,1,0,209,green,6473,T10
55,0,1,0,209,green,6473,T10
56,0,1,0,209,green,6473,T10
57,0,1,0,209,green,6473,T10
58,0,0,1,209,green,6473,T10
59,0,0,1,209,green,6473,T10
60,0,0,1,209,green,6473,T10
61,0,0,1,209,green,6473,T10
62,0,0,1,209,green,6473,T10
63,0,0,1,209,green,6473,T10
64,0,0,1,209,green,6473,T10
65,0,0,1,209,green,6473,T10
66,0,0,1,209,green,6473,T10
67,0,0,1,209,green,6473,T10
68,0,0,1,209,green,6473,T10
69,0,0,1,209,green,6473,T10
70,0,0,1,209,green,6473,T10
71,0,0,1,209,green,6473,T10
72,0,0,1,209,green,6473,T10
73,0,0,1,209,green,6473,T10
74,0,1,0,209,green,6473,T10
75,0,1,0,209,green,6473,T10
76,0,1,0,209,green,6473,T10
77,0,1,0,209,green,6473,T10
78,0,1,0,209,green,6473,T10
79,0,1,0,209,green,6473,T10
80,0,1,0,209,green,6473,T10
81,0,1,0,209,green,6473,T10
82,0,1,0,209,green,6473,T10
83,0,1,0,209,green,6473,T10
84,0,1,0,209,green,6473,T10
85,0,1,0,209,green,6473,T10
86,0,1,0,209,green,6473,T10
87,0,1,0,209,green,6473,T10
88,0,1,0,209,green,6473,T10
89,0,1,0,209,green,6473,T10
90,0,1,0,209,green,6473,T10
91,0,1,0,209,green,6473,T10
92,0,1,0,209,green,6473,T10
93,0,1,0,209,green,6473,T10
94,0,1,0,209,green,6473,T10
95,0,1,0,209,green,6473,T10
96,0,1,0,209,green,6473,T10
97,0,1,0,209,green,6473,T10
98,0,1,0,209,green,6473,T10
99,0,1,0,209,green,6473,T10
100,0,0,1,209,green,6473,T10
101,0,0,1,209,green,6473,T10
102,0,0,1,209,green,6473,T10
103,0,0,1,209,green,6473,T10
104,0,0,1,209,green,6473,T10
105,0,0,1,209,green,6473,T10
106,0,0,1,209,green,6473,T10
107,0,0,1,209,green,6473,T10
108,0,0,1,209,green,6473,T10
109,0,0,1,209,green,6473,T10
110,0,0,1,209,green,6473,T10
111,0,0,1,209,green,6473,T10
112,0,0,1,209,green,6473,T10
113,0,0,1,209,green,6473,T10
114,0,0,1,209,green,6473,T10
115,0,0,1,209,green,6473,T10
116,0,0,1,209,green,6473,T10
117,0,0,1,209,green,6473,T10
118,0,0,1,209,green,6473,T10
119,0,0,1,209,green,6473,T10
120,0,0,1,209,green,6473,T10
121,0,0,1,209,green,6473,T10
122,0,0,1,209,green,6473,T10
123,0,0,1,209,green,6473,T10
124,1,0,0,209,green,6473,T10
125,1,0,0,209,green,6473,T10
126,1,0,0,209,green,6473,T10
127,1,0,0,209,green,6473,T10
128,0,0,1,209,green,6473,T10
129,0,1,0,209,green,6473,T10
130,0,1,0,209,green,6473,T10
131,0,1,0,209,green,6473,T10
132,0,1,0,209,green,6473,T10
133,0,1,0,209,green,6473,T10
134,0,1,0,209,green,6473,T10
135,0,1,0,209,green,6473,T10
136,0,1,0,209,green,6473,T10
137,0,1,0,209,green,6473,T10
138,0,1,0,209,green,6473,T10
139,0,1,0,209,green,6473,T10
140,0,1,0,209,green,6473,T10
141,0,1,0,209,green,6473,T10
142,0,1,0,209,green,6473,T10
143,0,1,0,209,green,6473,T10
144,0,1,0,209,green,6473,T10
145,0,1,0,209,green,6473,T10
146,0,1,0,209,green,6473,T10
147,0,1,0,209,green,6473,T10
148,0,1,0,209,green,6473,T10
149,0,1,0,209,green,6473,T10
150,0,1,0,209,green,6473,T10
151,0,1,0,209,green,6473,T10
152,0,1,0,209,green,6473,T10
153,0,1,0,209,green,6473,T10
154,0,1,0,209,green,6473,T10
155,0,1,0,209,green,6473,T10
0,0,0,1,210,green,5352,T10
1,0,0,1,210,green,5352,T10
2,0,0,1,210,green,5352,T10
3,0,0,1,210,green,5352,T10
4,0,0,1,210,green,5352,T10
5,0,0,1,210,green,5352,T10
6,0,0,1,210,green,5352,T10
7,0,0,1,210,green,5352,T10
8,0,0,1,210,green,5352,T10
9,0,0,1,210,green,5352,T10
10,0,0,1,210,green,5352,T10
11,0,0,1,210,green,5352,T10
12,0,0,1,210,green,5352,T10
13,0,0,1,210,green,5352,T10
14,0,0,1,210,green,5352,T10
15,0,0,1,210,green,5352,T10
16,0,0,1,210,green,5352,T10
17,0,0,1,210,green,5352,T10
18,0,0,1,210,green,5352,T10
19,0,0,1,210,green,5352,T10
20,0,0,1,210,green,5352,T10
21,0,0,1,210,green,5352,T10
22,0,0,1,210,green,5352,T10
23,0,0,1,210,green,5352,T10
24,0,0,1,210,green,5352,T10
25,0,0,1,210,green,5352,T10
26,0,0,1,210,green,5352,T10
27,0,0,1,210,green,5352,T10
28,0,0,1,210,green,5352,T10
29,0,0,1,210,green,5352,T10
30,0,0,1,210,green,5352,T10
31,0,0,1,210,green,5352,T10
32,0,0,1,210,green,5352,T10
33,0,0,1,210,green,5352,T10
34,0,0,1,210,green,5352,T10
35,0,0,1,210,green,5352,T10
36,0,0,1,210,green,5352,T10
37,0,0,1,210,green,5352,T10
38,0,0,1,210,green,5352,T10
39,0,0,1,210,green,5352,T10
40,0,0,1,210,green,5352,T10
41,0,0,1,210,green,5352,T10
42,0,0,1,210,green,5352,T10
43,0,0,1,210,green,5352,T10
44,0,0,1,210,green,5352,T10
45,0,0,1,210,green,5352,T10
46,0,0,1,210,green,5352,T10
47,0,0,1,210,green,5352,T10
48,0,0,1,210,green,5352,T10
49,0,0,1,210,green,5352,T10
50,0,0,1,210,green,5352,T10
51,0,0,1,210,green,5352,T10
52,0,0,1,210,green,5352,T10
53,0,0,1,210,green,5352,T10
54,0,0,1,210,green,5352,T10
55,0,0,1,210,green,5352,T10
56,0,0,1,210,green,5352,T10
57,0,0,1,210,green,5352,T10
58,0,0,1,210,green,5352,T10
59,0,0,1,210,green,5352,T10
60,0,0,1,210,green,5352,T10
61,0,0,1,210,green,5352,T10
62,0,0,1,210,green,5352,T10
63,0,0,1,210,green,5352,T10
64,0,0,1,210,green,5352,T10
65,0,0,1,210,green,5352,T10
66,0,0,1,210,green,5352,T10
67,0,0,1,210,green,5352,T10
68,0,0,1,210,green,5352,T10
69,0,0,1,210,green,5352,T10
70,0,0,1,210,green,5352,T10
71,0,0,1,210,green,5352,T10
72,0,0,1,210,green,5352,T10
73,0,0,1,210,green,5352,T10
74,0,1,0,210,green,5352,T10
75,0,1,0,210,green,5352,T10
76,0,1,0,210,green,5352,T10
77,0,1,0,210,green,5352,T10
78,0,1,0,210,green,5352,T10
79,0,1,0,210,green,5352,T10
80,0,1,0,210,green,5352,T10
81,0,1,0,210,green,5352,T10
82,0,1,0,210,green,5352,T10
83,0,1,0,210,green,5352,T10
84,0,1,0,210,green,5352,T10
85,0,1,0,210,green,5352,T10
86,0,0,1,210,green,5352,T10
87,0,0,1,210,green,5352,T10
88,0,0,1,210,green,5352,T10
89,1,0,0,210,green,5352,T10
90,1,0,0,210,green,5352,T10
91,1,0,0,210,green,5352,T10
92,1,0,0,210,green,5352,T10
93,1,0,0,210,green,5352,T10
94,1,0,0,210,green,5352,T10
95,1,0,0,210,green,5352,T10
96,1,0,0,210,green,5352,T10
97,1,0,0,210,green,5352,T10
98,1,0,0,210,green,5352,T10
99,1,0,0,210,green,5352,T10
100,1,0,0,210,green,5352,T10
101,1,0,0,210,green,5352,T10
102,1,0,0,210,green,5352,T10
103,1,0,0,210,green,5352,T10
104,1,0,0,210,green,5352,T10
105,1,0,0,210,green,5352,T10
106,1,0,0,210,green,5352,T10
107,1,0,0,210,green,5352,T10
108,1,0,0,210,green,5352,T10
109,1,0,0,210,green,5352,T10
110,1,0,0,210,green,5352,T10
111,1,0,0,210,green,5352,T10
112,1,0,0,210,green,5352,T10
113,1,0,0,210,green,5352,T10
114,1,0,0,210,green,5352,T10
115,1,0,0,210,green,5352,T10
116,1,0,0,210,green,5352,T10
117,1,0,0,210,green,5352,T10
118,1,0,0,210,green,5352,T10
119,1,0,0,210,green,5352,T10
120,1,0,0,210,green,5352,T10
121,1,0,0,210,green,5352,T10
122,1,0,0,210,green,5352,T10
123,1,0,0,210,green,5352,T10
124,1,0,0,210,green,5352,T10
125,1,0,0,210,green,5352,T10
126,1,0,0,210,green,5352,T10
127,1,0,0,210,green,5352,T10
128,1,0,0,210,green,5352,T10
129,0,0,1,210,green,5352,T10
130,0,0,1,210,green,5352,T10
131,0,0,1,210,green,5352,T10
132,0,0,1,210,green,5352,T10
133,0,0,1,210,green,5352,T10
134,0,0,1,210,green,5352,T10
135,0,1,0,210,green,5352,T10
136,0,1,0,210,green,5352,T10
137,0,1,0,210,green,5352,T10
138,0,1,0,210,green,5352,T10
139,0,1,0,210,green,5352,T10
140,0,1,0,210,green,5352,T10
141,0,1,0,210,green,5352,T10
142,0,1,0,210,green,5352,T10
143,0,1,0,210,green,5352,T10
144,0,1,0,210,green,5352,T10
145,0,1,0,210,green,5352,T10
146,0,1,0,210,green,5352,T10
147,0,1,0,210,green,5352,T10
148,0,1,0,210,green,5352,T10
149,0,1,0,210,green,5352,T10
150,0,1,0,210,green,5352,T10
151,0,1,0,210,green,5352,T10
152,0,1,0,210,green,5352,T10
153,0,1,0,210,green,5352,T10
154,0,1,0,210,green,5352,T10
155,0,1,0,210,green,5352,T10
0,0,0,1,211,green,5205,T10
1,0,0,1,211,green,5205,T10
2,0,0,1,211,green,5205,T10
3,0,0,1,211,green,5205,T10
4,0,0,1,211,green,5205,T10
5,0,0,1,211,green,5205,T10
6,0,0,1,211,green,5205,T10
7,0,0,1,211,green,5205,T10
8,0,0,1,211,green,5205,T10
9,0,0,1,211,green,5205,T10
10,0,0,1,211,green,5205,T10
11,0,0,1,211,green,5205,T10
12,0,0,1,211,green,5205,T10
13,0,0,1,211,green,5205,T10
14,0,0,1,211,green,5205,T10
15,0,0,1,211,green,5205,T10
16,0,0,1,211,green,5205,T10
17,0,0,1,211,green,5205,T10
18,0,0,1,211,green,5205,T10
19,0,0,1,211,green,5205,T10
20,0,0,1,211,green,5205,T10
21,0,0,1,211,green,5205,T10
22,0,0,1,211,green,5205,T10
23,0,0,1,211,green,5205,T10
24,0,0,1,211,green,5205,T10
25,0,0,1,211,green,5205,T10
26,0,0,1,211,green,5205,T10
27,0,0,1,211,green,5205,T10
28,0,1,0,211,green,5205,T10
29,0,1,0,211,green,5205,T10
30,0,1,0,211,green,5205,T10
31,0,1,0,211,green,5205,T10
32,0,1,0,211,green,5205,T10
33,0,1,0,211,green,5205,T10
34,0,1,0,211,green,5205,T10
35,0,1,0,211,green,5205,T10
36,0,1,0,211,green,5205,T10
37,0,1,0,211,green,5205,T10
38,0,1,0,211,green,5205,T10
39,0,1,0,211,green,5205,T10
40,0,1,0,211,green,5205,T10
41,0,1,0,211,green,5205,T10
42,0,1,0,211,green,5205,T10
43,0,1,0,211,green,5205,T10
44,0,1,0,211,green,5205,T10
45,0,1,0,211,green,5205,T10
46,0,1,0,211,green,5205,T10
47,0,1,0,211,green,5205,T10
48,0,1,0,211,green,5205,T10
49,0,1,0,211,green,5205,T10
50,0,1,0,211,green,5205,T10
51,0,1,0,211,green,5205,T10
52,0,1,0,211,green,5205,T10
53,0,1,0,211,green,5205,T10
54,0,1,0,211,green,5205,T10
55,0,1,0,211,green,5205,T10
56,0,1,0,211,green,5205,T10
57,0,1,0,211,green,5205,T10
58,0,1,0,211,green,5205,T10
59,0,1,0,211,green,5205,T10
60,0,1,0,211,green,5205,T10
61,0,1,0,211,green,5205,T10
62,0,1,0,211,green,5205,T10
63,0,1,0,211,green,5205,T10
64,0,1,0,211,green,5205,T10
65,0,1,0,211,green,5205,T10
66,0,1,0,211,green,5205,T10
67,0,1,0,211,green,5205,T10
68,0,1,0,211,green,5205,T10
69,0,1,0,211,green,5205,T10
70,0,1,0,211,green,5205,T10
71,0,1,0,211,green,5205,T10
72,0,1,0,211,green,5205,T10
73,0,1,0,211,green,5205,T10
74,0,1,0,211,green,5205,T10
75,0,1,0,211,green,5205,T10
76,0,1,0,211,green,5205,T10
77,0,1,0,211,green,5205,T10
78,0,1,0,211,green,5205,T10
79,0,1,0,211,green,5205,T10
80,0,1,0,211,green,5205,T10
81,0,1,0,211,green,5205,T10
82,0,1,0,211,green,5205,T10
83,0,1,0,211,green,5205,T10
84,0,1,0,211,green,5205,T10
85,0,1,0,211,green,5205,T10
86,0,1,0,211,green,5205,T10
87,0,1,0,211,green,5205,T10
88,0,1,0,211,green,5205,T10
89,0,1,0,211,green,5205,T10
90,0,1,0,211,green,5205,T10
91,0,1,0,211,green,5205,T10
92,0,1,0,211,green,5205,T10
93,0,1,0,211,green,5205,T10
94,0,1,0,211,green,5205,T10
95,0,1,0,211,green,5205,T10
96,0,1,0,211,green,5205,T10
97,0,1,0,211,green,5205,T10
98,0,1,0,211,green,5205,T10
99,0,1,0,211,green,5205,T10
100,0,1,0,211,green,5205,T10
101,0,1,0,211,green,5205,T10
102,0,1,0,211,green,5205,T10
103,0,1,0,211,green,5205,T10
104,0,1,0,211,green,5205,T10
105,0,1,0,211,green,5205,T10
106,0,1,0,211,green,5205,T10
107,0,1,0,211,green,5205,T10
108,0,1,0,211,green,5205,T10
109,0,1,0,211,green,5205,T10
110,0,1,0,211,green,5205,T10
111,0,1,0,211,green,5205,T10
112,0,1,0,211,green,5205,T10
113,0,1,0,211,green,5205,T10
114,0,1,0,211,green,5205,T10
115,0,1,0,211,green,5205,T10
116,0,1,0,211,green,5205,T10
117,0,1,0,211,green,5205,T10
118,0,1,0,211,green,5205,T10
119,0,1,0,211,green,5205,T10
120,0,1,0,211,green,5205,T10
121,0,1,0,211,green,5205,T10
122,0,1,0,211,green,5205,T10
123,0,1,0,211,green,5205,T10
124,0,1,0,211,green,5205,T10
125,0,1,0,211,green,5205,T10
126,0,1,0,211,green,5205,T10
127,0,1,0,211,green,5205,T10
128,0,1,0,211,green,5205,T10
129,0,1,0,211,green,5205,T10
130,0,1,0,211,green,5205,T10
131,0,1,0,211,green,5205,T10
132,0,1,0,211,green,5205,T10
133,0,1,0,211,green,5205,T10
134,0,1,0,211,green,5205,T10
135,0,1,0,211,green,5205,T10
136,0,1,0,211,green,5205,T10
137,0,1,0,211,green,5205,T10
138,0,1,0,211,green,5205,T10
139,0,1,0,211,green,5205,T10
140,0,1,0,211,green,5205,T10
141,0,1,0,211,green,5205,T10
142,0,1,0,211,green,5205,T10
143,0,1,0,211,green,5205,T10
144,0,1,0,211,green,5205,T10
145,0,1,0,211,green,5205,T10
146,0,1,0,211,green,5205,T10
147,0,1,0,211,green,5205,T10
148,0,1,0,211,green,5205,T10
149,0,1,0,211,green,5205,T10
150,0,1,0,211,green,5205,T10
151,0,1,0,211,green,5205,T10
152,0,1,0,211,green,5205,T10
153,0,1,0,211,green,5205,T10
154,0,1,0,211,green,5205,T10
155,0,1,0,211,green,5205,T10
0,0,0,1,212,green,4765,T10
1,0,0,1,212,green,4765,T10
2,0,0,1,212,green,4765,T10
3,0,0,1,212,green,4765,T10
4,0,0,1,212,green,4765,T10
5,0,0,1,212,green,4765,T10
6,0,0,1,212,green,4765,T10
7,0,0,1,212,green,4765,T10
8,0,0,1,212,green,4765,T10
9,0,0,1,212,green,4765,T10
10,0,0,1,212,green,4765,T10
11,0,0,1,212,green,4765,T10
12,0,0,1,212,green,4765,T10
13,0,0,1,212,green,4765,T10
14,0,0,1,212,green,4765,T10
15,0,0,1,212,green,4765,T10
16,0,0,1,212,green,4765,T10
17,0,0,1,212,green,4765,T10
18,0,0,1,212,green,4765,T10
19,0,0,1,212,green,4765,T10
20,0,0,1,212,green,4765,T10
21,0,0,1,212,green,4765,T10
22,0,0,1,212,green,4765,T10
23,0,1,0,212,green,4765,T10
24,0,1,0,212,green,4765,T10
25,0,0,1,212,green,4765,T10
26,0,0,1,212,green,4765,T10
27,0,0,1,212,green,4765,T10
28,0,0,1,212,green,4765,T10
29,0,0,1,212,green,4765,T10
30,0,0,1,212,green,4765,T10
31,0,0,1,212,green,4765,T10
32,0,0,1,212,green,4765,T10
33,0,0,1,212,green,4765,T10
34,0,0,1,212,green,4765,T10
35,0,0,1,212,green,4765,T10
36,0,0,1,212,green,4765,T10
37,0,0,1,212,green,4765,T10
38,0,0,1,212,green,4765,T10
39,0,1,0,212,green,4765,T10
40,0,1,0,212,green,4765,T10
41,0,1,0,212,green,4765,T10
42,0,1,0,212,green,4765,T10
43,0,0,1,212,green,4765,T10
44,0,0,1,212,green,4765,T10
45,0,0,1,212,green,4765,T10
46,0,1,0,212,green,4765,T10
47,0,1,0,212,green,4765,T10
48,0,1,0,212,green,4765,T10
49,0,0,1,212,green,4765,T10
50,0,0,1,212,green,4765,T10
51,0,0,1,212,green,4765,T10
52,0,0,1,212,green,4765,T10
53,0,1,0,212,green,4765,T10
54,0,1,0,212,green,4765,T10
55,0,0,1,212,green,4765,T10
56,0,0,1,212,green,4765,T10
57,0,0,1,212,green,4765,T10
58,0,0,1,212,green,4765,T10
59,0,1,0,212,green,4765,T10
60,0,1,0,212,green,4765,T10
61,0,1,0,212,green,4765,T10
62,0,1,0,212,green,4765,T10
63,0,0,1,212,green,4765,T10
64,0,0,1,212,green,4765,T10
65,0,0,1,212,green,4765,T10
66,0,1,0,212,green,4765,T10
67,0,1,0,212,green,4765,T10
68,0,1,0,212,green,4765,T10
69,0,0,1,212,green,4765,T10
70,0,0,1,212,green,4765,T10
71,0,1,0,212,green,4765,T10
72,0,1,0,212,green,4765,T10
73,0,1,0,212,green,4765,T10
74,0,1,0,212,green,4765,T10
75,0,1,0,212,green,4765,T10
76,0,1,0,212,green,4765,T10
77,0,1,0,212,green,4765,T10
78,0,1,0,212,green,4765,T10
79,0,1,0,212,green,4765,T10
80,0,1,0,212,green,4765,T10
81,0,1,0,212,green,4765,T10
82,0,1,0,212,green,4765,T10
83,0,1,0,212,green,4765,T10
84,0,1,0,212,green,4765,T10
85,0,1,0,212,green,4765,T10
86,0,1,0,212,green,4765,T10
87,0,1,0,212,green,4765,T10
88,0,1,0,212,green,4765,T10
89,0,1,0,212,green,4765,T10
90,0,1,0,212,green,4765,T10
91,0,1,0,212,green,4765,T10
92,0,1,0,212,green,4765,T10
93,0,1,0,212,green,4765,T10
94,0,1,0,212,green,4765,T10
95,0,1,0,212,green,4765,T10
96,0,1,0,212,green,4765,T10
97,0,1,0,212,green,4765,T10
98,0,1,0,212,green,4765,T10
99,0,1,0,212,green,4765,T10
100,0,1,0,212,green,4765,T10
101,0,1,0,212,green,4765,T10
102,0,1,0,212,green,4765,T10
103,0,1,0,212,green,4765,T10
104,0,1,0,212,green,4765,T10
105,0,1,0,212,green,4765,T10
106,0,1,0,212,green,4765,T10
107,0,1,0,212,green,4765,T10
108,0,1,0,212,green,4765,T10
109,0,1,0,212,green,4765,T10
110,0,1,0,212,green,4765,T10
111,0,1,0,212,green,4765,T10
112,0,1,0,212,green,4765,T10
113,0,1,0,212,green,4765,T10
114,0,1,0,212,green,4765,T10
115,0,1,0,212,green,4765,T10
116,0,1,0,212,green,4765,T10
117,0,1,0,212,green,4765,T10
118,0,1,0,212,green,4765,T10
119,0,1,0,212,green,4765,T10
120,0,1,0,212,green,4765,T10
121,0,1,0,212,green,4765,T10
122,0,1,0,212,green,4765,T10
123,0,1,0,212,green,4765,T10
124,0,1,0,212,green,4765,T10
125,0,1,0,212,green,4765,T10
126,0,1,0,212,green,4765,T10
127,0,1,0,212,green,4765,T10
128,0,1,0,212,green,4765,T10
129,0,1,0,212,green,4765,T10
130,0,1,0,212,green,4765,T10
131,0,1,0,212,green,4765,T10
132,0,1,0,212,green,4765,T10
133,0,1,0,212,green,4765,T10
134,0,1,0,212,green,4765,T10
135,0,1,0,212,green,4765,T10
136,0,1,0,212,green,4765,T10
137,0,1,0,212,green,4765,T10
138,0,1,0,212,green,4765,T10
139,0,1,0,212,green,4765,T10
140,0,1,0,212,green,4765,T10
141,0,1,0,212,green,4765,T10
142,0,1,0,212,green,4765,T10
143,0,1,0,212,green,4765,T10
144,0,1,0,212,green,4765,T10
145,0,1,0,212,green,4765,T10
146,0,1,0,212,green,4765,T10
147,0,1,0,212,green,4765,T10
148,0,1,0,212,green,4765,T10
149,0,1,0,212,green,4765,T10
150,0,1,0,212,green,4765,T10
151,0,1,0,212,green,4765,T10
152,0,1,0,212,green,4765,T10
153,0,1,0,212,green,4765,T10
154,0,1,0,212,green,4765,T10
155,0,1,0,212,green,4765,T10
0,0,0,1,213,green,6937,T10
1,0,0,1,213,green,6937,T10
2,0,0,1,213,green,6937,T10
3,0,0,1,213,green,6937,T10
4,0,0,1,213,green,6937,T10
5,0,0,1,213,green,6937,T10
6,0,0,1,213,green,6937,T10
7,0,0,1,213,green,6937,T10
8,0,0,1,213,green,6937,T10
9,0,0,1,213,green,6937,T10
10,0,0,1,213,green,6937,T10
11,0,0,1,213,green,6937,T10
12,0,0,1,213,green,6937,T10
13,0,0,1,213,green,6937,T10
14,0,0,1,213,green,6937,T10
15,0,0,1,213,green,6937,T10
16,0,0,1,213,green,6937,T10
17,0,0,1,213,green,6937,T10
18,0,0,1,213,green,6937,T10
19,0,0,1,213,green,6937,T10
20,0,0,1,213,green,6937,T10
21,0,0,1,213,green,6937,T10
22,0,0,1,213,green,6937,T10
23,0,0,1,213,green,6937,T10
24,0,0,1,213,green,6937,T10
25,0,0,1,213,green,6937,T10
26,0,0,1,213,green,6937,T10
27,0,0,1,213,green,6937,T10
28,0,0,1,213,green,6937,T10
29,0,0,1,213,green,6937,T10
30,0,0,1,213,green,6937,T10
31,0,0,1,213,green,6937,T10
32,0,0,1,213,green,6937,T10
33,0,0,1,213,green,6937,T10
34,0,0,1,213,green,6937,T10
35,0,0,1,213,green,6937,T10
36,0,0,1,213,green,6937,T10
37,0,0,1,213,green,6937,T10
38,0,0,1,213,green,6937,T10
39,0,0,1,213,green,6937,T10
40,0,0,1,213,green,6937,T10
41,0,0,1,213,green,6937,T10
42,0,0,1,213,green,6937,T10
43,0,0,1,213,green,6937,T10
44,0,0,1,213,green,6937,T10
45,0,0,1,213,green,6937,T10
46,0,0,1,213,green,6937,T10
47,0,0,1,213,green,6937,T10
48,0,0,1,213,green,6937,T10
49,0,0,1,213,green,6937,T10
50,0,0,1,213,green,6937,T10
51,0,0,1,213,green,6937,T10
52,0,0,1,213,green,6937,T10
53,0,0,1,213,green,6937,T10
54,1,0,0,213,green,6937,T10
55,1,0,0,213,green,6937,T10
56,1,0,0,213,green,6937,T10
57,1,0,0,213,green,6937,T10
58,1,0,0,213,green,6937,T10
59,1,0,0,213,green,6937,T10
60,1,0,0,213,green,6937,T10
61,1,0,0,213,green,6937,T10
62,1,0,0,213,green,6937,T10
63,1,0,0,213,green,6937,T10
64,1,0,0,213,green,6937,T10
65,1,0,0,213,green,6937,T10
66,1,0,0,213,green,6937,T10
67,1,0,0,213,green,6937,T10
68,1,0,0,213,green,6937,T10
69,1,0,0,213,green,6937,T10
70,1,0,0,213,green,6937,T10
71,1,0,0,213,green,6937,T10
72,1,0,0,213,green,6937,T10
73,1,0,0,213,green,6937,T10
74,1,0,0,213,green,6937,T10
75,1,0,0,213,green,6937,T10
76,1,0,0,213,green,6937,T10
77,1,0,0,213,green,6937,T10
78,1,0,0,213,green,6937,T10
79,1,0,0,213,green,6937,T10
80,1,0,0,213,green,6937,T10
81,1,0,0,213,green,6937,T10
82,1,0,0,213,green,6937,T10
83,1,0,0,213,green,6937,T10
84,1,0,0,213,green,6937,T10
85,1,0,0,213,green,6937,T10
86,1,0,0,213,green,6937,T10
87,1,0,0,213,green,6937,T10
88,1,0,0,213,green,6937,T10
89,1,0,0,213,green,6937,T10
90,1,0,0,213,green,6937,T10
91,1,0,0,213,green,6937,T10
92,1,0,0,213,green,6937,T10
93,1,0,0,213,green,6937,T10
94,1,0,0,213,green,6937,T10
95,1,0,0,213,green,6937,T10
96,1,0,0,213,green,6937,T10
97,1,0,0,213,green,6937,T10
98,1,0,0,213,green,6937,T10
99,1,0,0,213,green,6937,T10
100,1,0,0,213,green,6937,T10
101,1,0,0,213,green,6937,T10
102,1,0,0,213,green,6937,T10
103,1,0,0,213,green,6937,T10
104,1,0,0,213,green,6937,T10
105,1,0,0,213,green,6937,T10
106,1,0,0,213,green,6937,T10
107,1,0,0,213,green,6937,T10
108,1,0,0,213,green,6937,T10
109,1,0,0,213,green,6937,T10
110,1,0,0,213,green,6937,T10
111,1,0,0,213,green,6937,T10
112,1,0,0,213,green,6937,T10
113,1,0,0,213,green,6937,T10
114,1,0,0,213,green,6937,T10
115,1,0,0,213,green,6937,T10
116,1,0,0,213,green,6937,T10
117,1,0,0,213,green,6937,T10
118,1,0,0,213,green,6937,T10
119,1,0,0,213,green,6937,T10
120,1,0,0,213,green,6937,T10
121,1,0,0,213,green,6937,T10
122,1,0,0,213,green,6937,T10
123,1,0,0,213,green,6937,T10
124,1,0,0,213,green,6937,T10
125,1,0,0,213,green,6937,T10
126,1,0,0,213,green,6937,T10
127,1,0,0,213,green,6937,T10
128,1,0,0,213,green,6937,T10
129,1,0,0,213,green,6937,T10
130,1,0,0,213,green,6937,T10
131,0,0,1,213,green,6937,T10
132,0,0,1,213,green,6937,T10
133,0,0,1,213,green,6937,T10
134,0,0,1,213,green,6937,T10
135,0,1,0,213,green,6937,T10
136,0,1,0,213,green,6937,T10
137,0,1,0,213,green,6937,T10
138,0,1,0,213,green,6937,T10
139,0,1,0,213,green,6937,T10
140,0,1,0,213,green,6937,T10
141,0,1,0,213,green,6937,T10
142,0,1,0,213,green,6937,T10
143,0,1,0,213,green,6937,T10
144,0,1,0,213,green,6937,T10
145,0,1,0,213,green,6937,T10
146,0,1,0,213,green,6937,T10
147,0,1,0,213,green,6937,T10
148,0,1,0,213,green,6937,T10
149,0,1,0,213,green,6937,T10
150,0,1,0,213,green,6937,T10
151,0,1,0,213,green,6937,T10
152,0,1,0,213,green,6937,T10
153,0,1,0,213,green,6937,T10
154,0,1,0,213,green,6937,T10
155,0,1,0,213,green,6937,T10
0,0,0,1,214,green,4973,T10
1,0,0,1,214,green,4973,T10
2,0,0,1,214,green,4973,T10
3,0,0,1,214,green,4973,T10
4,0,0,1,214,green,4973,T10
5,0,0,1,214,green,4973,T10
6,0,0,1,214,green,4973,T10
7,0,0,1,214,green,4973,T10
8,0,0,1,214,green,4973,T10
9,0,0,1,214,green,4973,T10
10,0,0,1,214,green,4973,T10
11,0,0,1,214,green,4973,T10
12,0,0,1,214,green,4973,T10
13,0,0,1,214,green,4973,T10
14,0,0,1,214,green,4973,T10
15,0,0,1,214,green,4973,T10
16,0,0,1,214,green,4973,T10
17,0,0,1,214,green,4973,T10
18,0,0,1,214,green,4973,T10
19,0,0,1,214,green,4973,T10
20,0,0,1,214,green,4973,T10
21,0,0,1,214,green,4973,T10
22,0,0,1,214,green,4973,T10
23,0,0,1,214,green,4973,T10
24,0,0,1,214,green,4973,T10
25,0,0,1,214,green,4973,T10
26,0,0,1,214,green,4973,T10
27,0,0,1,214,green,4973,T10
28,0,0,1,214,green,4973,T10
29,0,0,1,214,green,4973,T10
30,0,0,1,214,green,4973,T10
31,0,0,1,214,green,4973,T10
32,0,0,1,214,green,4973,T10
33,0,0,1,214,green,4973,T10
34,0,0,1,214,green,4973,T10
35,0,0,1,214,green,4973,T10
36,0,0,1,214,green,4973,T10
37,0,0,1,214,green,4973,T10
38,0,0,1,214,green,4973,T10
39,0,0,1,214,green,4973,T10
40,0,0,1,214,green,4973,T10
41,0,0,1,214,green,4973,T10
42,0,0,1,214,green,4973,T10
43,0,0,1,214,green,4973,T10
44,0,0,1,214,green,4973,T10
45,0,0,1,214,green,4973,T10
46,0,0,1,214,green,4973,T10
47,0,0,1,214,green,4973,T10
48,0,0,1,214,green,4973,T10
49,0,0,1,214,green,4973,T10
50,0,0,1,214,green,4973,T10
51,0,0,1,214,green,4973,T10
52,0,0,1,214,green,4973,T10
53,0,0,1,214,green,4973,T10
54,0,0,1,214,green,4973,T10
55,0,0,1,214,green,4973,T10
56,0,0,1,214,green,4973,T10
57,0,0,1,214,green,4973,T10
58,0,0,1,214,green,4973,T10
59,0,0,1,214,green,4973,T10
60,0,0,1,214,green,4973,T10
61,0,0,1,214,green,4973,T10
62,0,0,1,214,green,4973,T10
63,0,0,1,214,green,4973,T10
64,0,0,1,214,green,4973,T10
65,0,0,1,214,green,4973,T10
66,0,0,1,214,green,4973,T10
67,0,0,1,214,green,4973,T10
68,0,0,1,214,green,4973,T10
69,0,0,1,214,green,4973,T10
70,0,0,1,214,green,4973,T10
71,0,0,1,214,green,4973,T10
72,0,0,1,214,green,4973,T10
73,0,0,1,214,green,4973,T10
74,0,0,1,214,green,4973,T10
75,0,0,1,214,green,4973,T10
76,0,1,0,214,green,4973,T10
77,0,1,0,214,green,4973,T10
78,0,1,0,214,green,4973,T10
79,0,1,0,214,green,4973,T10
80,0,1,0,214,green,4973,T10
81,0,1,0,214,green,4973,T10
82,0,1,0,214,green,4973,T10
83,0,1,0,214,green,4973,T10
84,0,1,0,214,green,4973,T10
85,0,1,0,214,green,4973,T10
86,0,1,0,214,green,4973,T10
87,0,1,0,214,green,4973,T10
88,0,1,0,214,green,4973,T10
89,0,1,0,214,green,4973,T10
90,0,1,0,214,green,4973,T10
91,0,1,0,214,green,4973,T10
92,0,1,0,214,green,4973,T10
93,0,1,0,214,green,4973,T10
94,0,1,0,214,green,4973,T10
95,0,1,0,214,green,4973,T10
96,0,1,0,214,green,4973,T10
97,0,1,0,214,green,4973,T10
98,0,1,0,214,green,4973,T10
99,0,1,0,214,green,4973,T10
100,0,1,0,214,green,4973,T10
101,0,1,0,214,green,4973,T10
102,0,1,0,214,green,4973,T10
103,0,1,0,214,green,4973,T10
104,0,1,0,214,green,4973,T10
105,0,1,0,214,green,4973,T10
106,0,1,0,214,green,4973,T10
107,0,1,0,214,green,4973,T10
108,0,1,0,214,green,4973,T10
109,0,1,0,214,green,4973,T10
110,0,1,0,214,green,4973,T10
111,0,1,0,214,green,4973,T10
112,0,1,0,214,green,4973,T10
113,0,1,0,214,green,4973,T10
114,0,1,0,214,green,4973,T10
115,0,1,0,214,green,4973,T10
116,0,1,0,214,green,4973,T10
117,0,1,0,214,green,4973,T10
118,0,1,0,214,green,4973,T10
119,0,1,0,214,green,4973,T10
120,0,1,0,214,green,4973,T10
121,0,1,0,214,green,4973,T10
122,0,1,0,214,green,4973,T10
123,0,1,0,214,green,4973,T10
124,0,1,0,214,green,4973,T10
125,0,1,0,214,green,4973,T10
126,0,1,0,214,green,4973,T10
127,0,1,0,214,green,4973,T10
128,0,1,0,214,green,4973,T10
129,0,1,0,214,green,4973,T10
130,0,1,0,214,green,4973,T10
131,0,1,0,214,green,4973,T10
132,0,1,0,214,green,4973,T10
133,0,1,0,214,green,4973,T10
134,0,1,0,214,green,4973,T10
135,0,1,0,214,green,4973,T10
136,0,1,0,214,green,4973,T10
137,0,1,0,214,green,4973,T10
138,0,1,0,214,green,4973,T10
139,0,1,0,214,green,4973,T10
140,0,1,0,214,green,4973,T10
141,0,1,0,214,green,4973,T10
142,0,1,0,214,green,4973,T10
143,0,1,0,214,green,4973,T10
144,0,1,0,214,green,4973,T10
145,0,1,0,214,green,4973,T10
146,0,1,0,214,green,4973,T10
147,0,1,0,214,green,4973,T10
148,0,1,0,214,green,4973,T10
149,0,1,0,214,green,4973,T10
150,0,1,0,214,green,4973,T10
151,0,1,0,214,green,4973,T10
152,0,1,0,214,green,4973,T10
153,0,1,0,214,green,4973,T10
154,0,1,0,214,green,4973,T10
155,0,1,0,214,green,4973,T10
0,0,0,1,215,green,5919,T10
1,0,0,1,215,green,5919,T10
2,0,0,1,215,green,5919,T10
3,0,0,1,215,green,5919,T10
4,0,0,1,215,green,5919,T10
5,0,0,1,215,green,5919,T10
6,0,0,1,215,green,5919,T10
7,0,0,1,215,green,5919,T10
8,0,0,1,215,green,5919,T10
9,0,0,1,215,green,5919,T10
10,0,0,1,215,green,5919,T10
11,0,0,1,215,green,5919,T10
12,0,0,1,215,green,5919,T10
13,0,0,1,215,green,5919,T10
14,0,0,1,215,green,5919,T10
15,0,0,1,215,green,5919,T10
16,0,0,1,215,green,5919,T10
17,0,0,1,215,green,5919,T10
18,0,0,1,215,green,5919,T10
19,0,0,1,215,green,5919,T10
20,0,0,1,215,green,5919,T10
21,0,0,1,215,green,5919,T10
22,0,0,1,215,green,5919,T10
23,0,0,1,215,green,5919,T10
24,1,0,0,215,green,5919,T10
25,1,0,0,215,green,5919,T10
26,1,0,0,215,green,5919,T10
27,1,0,0,215,green,5919,T10
28,1,0,0,215,green,5919,T10
29,1,0,0,215,green,5919,T10
30,1,0,0,215,green,5919,T10
31,1,0,0,215,green,5919,T10
32,1,0,0,215,green,5919,T10
33,1,0,0,215,green,5919,T10
34,1,0,0,215,green,5919,T10
35,1,0,0,215,green,5919,T10
36,1,0,0,215,green,5919,T10
37,1,0,0,215,green,5919,T10
38,1,0,0,215,green,5919,T10
39,1,0,0,215,green,5919,T10
40,1,0,0,215,green,5919,T10
41,1,0,0,215,green,5919,T10
42,1,0,0,215,green,5919,T10
43,1,0,0,215,green,5919,T10
44,1,0,0,215,green,5919,T10
45,1,0,0,215,green,5919,T10
46,1,0,0,215,green,5919,T10
47,1,0,0,215,green,5919,T10
48,1,0,0,215,green,5919,T10
49,1,0,0,215,green,5919,T10
50,1,0,0,215,green,5919,T10
51,1,0,0,215,green,5919,T10
52,1,0,0,215,green,5919,T10
53,1,0,0,215,green,5919,T10
54,1,0,0,215,green,5919,T10
55,1,0,0,215,green,5919,T10
56,1,0,0,215,green,5919,T10
57,1,0,0,215,green,5919,T10
58,1,0,0,215,green,5919,T10
59,1,0,0,215,green,5919,T10
60,1,0,0,215,green,5919,T10
61,1,0,0,215,green,5919,T10
62,1,0,0,215,green,5919,T10
63,1,0,0,215,green,5919,T10
64,1,0,0,215,green,5919,T10
65,1,0,0,215,green,5919,T10
66,1,0,0,215,green,5919,T10
67,1,0,0,215,green,5919,T10
68,1,0,0,215,green,5919,T10
69,1,0,0,215,green,5919,T10
70,1,0,0,215,green,5919,T10
71,1,0,0,215,green,5919,T10
72,1,0,0,215,green,5919,T10
73,1,0,0,215,green,5919,T10
74,1,0,0,215,green,5919,T10
75,1,0,0,215,green,5919,T10
76,1,0,0,215,green,5919,T10
77,1,0,0,215,green,5919,T10
78,1,0,0,215,green,5919,T10
79,1,0,0,215,green,5919,T10
80,1,0,0,215,green,5919,T10
81,1,0,0,215,green,5919,T10
82,1,0,0,215,green,5919,T10
83,1,0,0,215,green,5919,T10
84,1,0,0,215,green,5919,T10
85,1,0,0,215,green,5919,T10
86,1,0,0,215,green,5919,T10
87,1,0,0,215,green,5919,T10
88,1,0,0,215,green,5919,T10
89,1,0,0,215,green,5919,T10
90,1,0,0,215,green,5919,T10
91,1,0,0,215,green,5919,T10
92,1,0,0,215,green,5919,T10
93,1,0,0,215,green,5919,T10
94,1,0,0,215,green,5919,T10
95,1,0,0,215,green,5919,T10
96,1,0,0,215,green,5919,T10
97,1,0,0,215,green,5919,T10
98,1,0,0,215,green,5919,T10
99,1,0,0,215,green,5919,T10
100,1,0,0,215,green,5919,T10
101,1,0,0,215,green,5919,T10
102,1,0,0,215,green,5919,T10
103,1,0,0,215,green,5919,T10
104,1,0,0,215,green,5919,T10
105,1,0,0,215,green,5919,T10
106,1,0,0,215,green,5919,T10
107,1,0,0,215,green,5919,T10
108,1,0,0,215,green,5919,T10
109,1,0,0,215,green,5919,T10
110,1,0,0,215,green,5919,T10
111,1,0,0,215,green,5919,T10
112,1,0,0,215,green,5919,T10
113,1,0,0,215,green,5919,T10
114,1,0,0,215,green,5919,T10
115,1,0,0,215,green,5919,T10
116,1,0,0,215,green,5919,T10
117,1,0,0,215,green,5919,T10
118,1,0,0,215,green,5919,T10
119,1,0,0,215,green,5919,T10
120,1,0,0,215,green,5919,T10
121,1,0,0,215,green,5919,T10
122,1,0,0,215,green,5919,T10
123,1,0,0,215,green,5919,T10
124,1,0,0,215,green,5919,T10
125,1,0,0,215,green,5919,T10
126,1,0,0,215,green,5919,T10
127,1,0,0,215,green,5919,T10
128,1,0,0,215,green,5919,T10
129,1,0,0,215,green,5919,T10
130,1,0,0,215,green,5919,T10
131,1,0,0,215,green,5919,T10
132,1,0,0,215,green,5919,T10
133,1,0,0,215,green,5919,T10
134,0,0,1,215,green,5919,T10
135,0,0,1,215,green,5919,T10
136,0,1,0,215,green,5919,T10
137,0,1,0,215,green,5919,T10
138,0,1,0,215,green,5919,T10
139,0,1,0,215,green,5919,T10
140,0,1,0,215,green,5919,T10
141,0,1,0,215,green,5919,T10
142,0,1,0,215,green,5919,T10
143,0,1,0,215,green,5919,T10
144,0,1,0,215,green,5919,T10
145,0,1,0,215,green,5919,T10
146,0,1,0,215,green,5919,T10
147,0,1,0,215,green,5919,T10
148,0,1,0,215,green,5919,T10
149,0,1,0,215,green,5919,T10
150,0,1,0,215,green,5919,T10
151,0,1,0,215,green,5919,T10
152,0,1,0,215,green,5919,T10
153,0,1,0,215,green,5919,T10
154,0,1,0,215,green,5919,T10
155,0,1,0,215,green,5919,T10
0,0,0,1,216,green,5371,T10
1,0,0,1,216,green,5371,T10
2,0,0,1,216,green,5371,T10
3,0,0,1,216,green,5371,T10
4,0,0,1,216,green,5371,T10
5,0,0,1,216,green,5371,T10
6,0,0,1,216,green,5371,T10
7,0,0,1,216,green,5371,T10
8,0,0,1,216,green,5371,T10
9,0,0,1,216,green,5371,T10
10,0,0,1,216,green,5371,T10
11,0,0,1,216,green,5371,T10
12,0,0,1,216,green,5371,T10
13,0,0,1,216,green,5371,T10
14,0,0,1,216,green,5371,T10
15,0,0,1,216,green,5371,T10
16,0,0,1,216,green,5371,T10
17,0,0,1,216,green,5371,T10
18,0,0,1,216,green,5371,T10
19,0,0,1,216,green,5371,T10
20,0,0,1,216,green,5371,T10
21,0,0,1,216,green,5371,T10
22,0,0,1,216,green,5371,T10
23,0,0,1,216,green,5371,T10
24,0,0,1,216,green,5371,T10
25,0,0,1,216,green,5371,T10
26,0,0,1,216,green,5371,T10
27,0,0,1,216,green,5371,T10
28,0,0,1,216,green,5371,T10
29,0,0,1,216,green,5371,T10
30,0,0,1,216,green,5371,T10
31,0,0,1,216,green,5371,T10
32,0,0,1,216,green,5371,T10
33,0,0,1,216,green,5371,T10
34,0,0,1,216,green,5371,T10
35,0,0,1,216,green,5371,T10
36,0,0,1,216,green,5371,T10
37,0,0,1,216,green,5371,T10
38,0,0,1,216,green,5371,T10
39,0,0,1,216,green,5371,T10
40,0,0,1,216,green,5371,T10
41,0,0,1,216,green,5371,T10
42,0,0,1,216,green,5371,T10
43,0,0,1,216,green,5371,T10
44,0,0,1,216,green,5371,T10
45,0,0,1,216,green,5371,T10
46,0,0,1,216,green,5371,T10
47,0,0,1,216,green,5371,T10
48,0,0,1,216,green,5371,T10
49,0,0,1,216,green,5371,T10
50,0,0,1,216,green,5371,T10
51,0,0,1,216,green,5371,T10
52,0,0,1,216,green,5371,T10
53,0,0,1,216,green,5371,T10
54,0,0,1,216,green,5371,T10
55,1,0,0,216,green,5371,T10
56,1,0,0,216,green,5371,T10
57,1,0,0,216,green,5371,T10
58,1,0,0,216,green,5371,T10
59,1,0,0,216,green,5371,T10
60,1,0,0,216,green,5371,T10
61,1,0,0,216,green,5371,T10
62,1,0,0,216,green,5371,T10
63,1,0,0,216,green,5371,T10
64,1,0,0,216,green,5371,T10
65,1,0,0,216,green,5371,T10
66,1,0,0,216,green,5371,T10
67,1,0,0,216,green,5371,T10
68,1,0,0,216,green,5371,T10
69,1,0,0,216,green,5371,T10
70,1,0,0,216,green,5371,T10
71,1,0,0,216,green,5371,T10
72,1,0,0,216,green,5371,T10
73,1,0,0,216,green,5371,T10
74,1,0,0,216,green,5371,T10
75,1,0,0,216,green,5371,T10
76,1,0,0,216,green,5371,T10
77,1,0,0,216,green,5371,T10
78,1,0,0,216,green,5371,T10
79,1,0,0,216,green,5371,T10
80,1,0,0,216,green,5371,T10
81,1,0,0,216,green,5371,T10
82,1,0,0,216,green,5371,T10
83,1,0,0,216,green,5371,T10
84,1,0,0,216,green,5371,T10
85,1,0,0,216,green,5371,T10
86,1,0,0,216,green,5371,T10
87,1,0,0,216,green,5371,T10
88,1,0,0,216,green,5371,T10
89,1,0,0,216,green,5371,T10
90,1,0,0,216,green,5371,T10
91,1,0,0,216,green,5371,T10
92,1,0,0,216,green,5371,T10
93,1,0,0,216,green,5371,T10
94,1,0,0,216,green,5371,T10
95,1,0,0,216,green,5371,T10
96,1,0,0,216,green,5371,T10
97,1,0,0,216,green,5371,T10
98,1,0,0,216,green,5371,T10
99,1,0,0,216,green,5371,T10
100,1,0,0,216,green,5371,T10
101,1,0,0,216,green,5371,T10
102,1,0,0,216,green,5371,T10
103,1,0,0,216,green,5371,T10
104,1,0,0,216,green,5371,T10
105,1,0,0,216,green,5371,T10
106,1,0,0,216,green,5371,T10
107,1,0,0,216,green,5371,T10
108,0,0,1,216,green,5371,T10
109,0,0,1,216,green,5371,T10
110,0,0,1,216,green,5371,T10
111,0,0,1,216,green,5371,T10
112,0,0,1,216,green,5371,T10
113,0,0,1,216,green,5371,T10
114,0,0,1,216,green,5371,T10
115,0,0,1,216,green,5371,T10
116,0,0,1,216,green,5371,T10
117,0,0,1,216,green,5371,T10
118,0,0,1,216,green,5371,T10
119,0,0,1,216,green,5371,T10
120,0,0,1,216,green,5371,T10
121,0,0,1,216,green,5371,T10
122,1,0,0,216,green,5371,T10
123,1,0,0,216,green,5371,T10
124,1,0,0,216,green,5371,T10
125,1,0,0,216,green,5371,T10
126,1,0,0,216,green,5371,T10
127,1,0,0,216,green,5371,T10
128,1,0,0,216,green,5371,T10
129,1,0,0,216,green,5371,T10
130,1,0,0,216,green,5371,T10
131,1,0,0,216,green,5371,T10
132,1,0,0,216,green,5371,T10
133,1,0,0,216,green,5371,T10
134,1,0,0,216,green,5371,T10
135,0,1,0,216,green,5371,T10
136,0,1,0,216,green,5371,T10
137,0,1,0,216,green,5371,T10
138,0,1,0,216,green,5371,T10
139,0,1,0,216,green,5371,T10
140,0,1,0,216,green,5371,T10
141,0,1,0,216,green,5371,T10
142,0,1,0,216,green,5371,T10
143,0,1,0,216,green,5371,T10
144,0,1,0,216,green,5371,T10
145,0,1,0,216,green,5371,T10
146,0,1,0,216,green,5371,T10
147,0,1,0,216,green,5371,T10
148,0,1,0,216,green,5371,T10
149,0,1,0,216,green,5371,T10
150,0,1,0,216,green,5371,T10
151,0,1,0,216,green,5371,T10
152,0,1,0,216,green,5371,T10
153,0,1,0,216,green,5371,T10
154,0,1,0,216,green,5371,T10
155,0,1,0,216,green,5371,T10
0,0,0,1,217,green,5297,T10
1,0,0,1,217,green,5297,T10
2,0,0,1,217,green,5297,T10
3,0,0,1,217,green,5297,T10
4,0,0,1,217,green,5297,T10
5,0,0,1,217,green,5297,T10
6,0,0,1,217,green,5297,T10
7,0,0,1,217,green,5297,T10
8,0,0,1,217,green,5297,T10
9,0,0,1,217,green,5297,T10
10,0,0,1,217,green,5297,T10
11,0,0,1,217,green,5297,T10
12,0,0,1,217,green,5297,T10
13,0,0,1,217,green,5297,T10
14,0,0,1,217,green,5297,T10
15,0,0,1,217,green,5297,T10
16,0,0,1,217,green,5297,T10
17,0,0,1,217,green,5297,T10
18,0,0,1,217,green,5297,T10
19,0,0,1,217,green,5297,T10
20,0,0,1,217,green,5297,T10
21,0,0,1,217,green,5297,T10
22,0,0,1,217,green,5297,T10
23,0,0,1,217,green,5297,T10
24,0,0,1,217,green,5297,T10
25,0,0,1,217,green,5297,T10
26,0,0,1,217,green,5297,T10
27,0,0,1,217,green,5297,T10
28,0,0,1,217,green,5297,T10
29,0,0,1,217,green,5297,T10
30,0,0,1,217,green,5297,T10
31,0,0,1,217,green,5297,T10
32,0,0,1,217,green,5297,T10
33,0,0,1,217,green,5297,T10
34,0,0,1,217,green,5297,T10
35,0,0,1,217,green,5297,T10
36,0,0,1,217,green,5297,T10
37,0,0,1,217,green,5297,T10
38,0,0,1,217,green,5297,T10
39,0,0,1,217,green,5297,T10
40,0,0,1,217,green,5297,T10
41,0,0,1,217,green,5297,T10
42,0,0,1,217,green,5297,T10
43,0,0,1,217,green,5297,T10
44,0,0,1,217,green,5297,T10
45,0,0,1,217,green,5297,T10
46,0,0,1,217,green,5297,T10
47,0,0,1,217,green,5297,T10
48,0,0,1,217,green,5297,T10
49,0,0,1,217,green,5297,T10
50,0,0,1,217,green,5297,T10
51,0,0,1,217,green,5297,T10
52,0,0,1,217,green,5297,T10
53,0,0,1,217,green,5297,T10
54,0,0,1,217,green,5297,T10
55,0,0,1,217,green,5297,T10
56,0,0,1,217,green,5297,T10
57,0,0,1,217,green,5297,T10
58,1,0,0,217,green,5297,T10
59,1,0,0,217,green,5297,T10
60,1,0,0,217,green,5297,T10
61,1,0,0,217,green,5297,T10
62,1,0,0,217,green,5297,T10
63,1,0,0,217,green,5297,T10
64,1,0,0,217,green,5297,T10
65,1,0,0,217,green,5297,T10
66,1,0,0,217,green,5297,T10
67,1,0,0,217,green,5297,T10
68,1,0,0,217,green,5297,T10
69,1,0,0,217,green,5297,T10
70,1,0,0,217,green,5297,T10
71,1,0,0,217,green,5297,T10
72,1,0,0,217,green,5297,T10
73,1,0,0,217,green,5297,T10
74,1,0,0,217,green,5297,T10
75,1,0,0,217,green,5297,T10
76,1,0,0,217,green,5297,T10
77,1,0,0,217,green,5297,T10
78,1,0,0,217,green,5297,T10
79,1,0,0,217,green,5297,T10
80,1,0,0,217,green,5297,T10
81,1,0,0,217,green,5297,T10
82,1,0,0,217,green,5297,T10
83,1,0,0,217,green,5297,T10
84,1,0,0,217,green,5297,T10
85,1,0,0,217,green,5297,T10
86,1,0,0,217,green,5297,T10
87,1,0,0,217,green,5297,T10
88,1,0,0,217,green,5297,T10
89,1,0,0,217,green,5297,T10
90,1,0,0,217,green,5297,T10
91,1,0,0,217,green,5297,T10
92,1,0,0,217,green,5297,T10
93,1,0,0,217,green,5297,T10
94,1,0,0,217,green,5297,T10
95,1,0,0,217,green,5297,T10
96,1,0,0,217,green,5297,T10
97,1,0,0,217,green,5297,T10
98,1,0,0,217,green,5297,T10
99,1,0,0,217,green,5297,T10
100,1,0,0,217,green,5297,T10
101,1,0,0,217,green,5297,T10
102,1,0,0,217,green,5297,T10
103,1,0,0,217,green,5297,T10
104,1,0,0,217,green,5297,T10
105,1,0,0,217,green,5297,T10
106,1,0,0,217,green,5297,T10
107,1,0,0,217,green,5297,T10
108,1,0,0,217,green,5297,T10
109,1,0,0,217,green,5297,T10
110,1,0,0,217,green,5297,T10
111,1,0,0,217,green,5297,T10
112,1,0,0,217,green,5297,T10
113,1,0,0,217,green,5297,T10
114,1,0,0,217,green,5297,T10
115,1,0,0,217,green,5297,T10
116,1,0,0,217,green,5297,T10
117,1,0,0,217,green,5297,T10
118,1,0,0,217,green,5297,T10
119,1,0,0,217,green,5297,T10
120,1,0,0,217,green,5297,T10
121,1,0,0,217,green,5297,T10
122,1,0,0,217,green,5297,T10
123,1,0,0,217,green,5297,T10
124,1,0,0,217,green,5297,T10
125,0,0,1,217,green,5297,T10
126,0,1,0,217,green,5297,T10
127,0,1,0,217,green,5297,T10
128,0,1,0,217,green,5297,T10
129,0,1,0,217,green,5297,T10
130,0,1,0,217,green,5297,T10
131,0,1,0,217,green,5297,T10
132,0,1,0,217,green,5297,T10
133,0,1,0,217,green,5297,T10
134,0,1,0,217,green,5297,T10
135,0,1,0,217,green,5297,T10
136,0,1,0,217,green,5297,T10
137,0,1,0,217,green,5297,T10
138,0,1,0,217,green,5297,T10
139,0,1,0,217,green,5297,T10
140,0,1,0,217,green,5297,T10
141,0,1,0,217,green,5297,T10
142,0,1,0,217,green,5297,T10
143,0,1,0,217,green,5297,T10
144,0,1,0,217,green,5297,T10
145,0,1,0,217,green,5297,T10
146,0,1,0,217,green,5297,T10
147,0,1,0,217,green,5297,T10
148,0,1,0,217,green,5297,T10
149,0,1,0,217,green,5297,T10
150,0,1,0,217,green,5297,T10
151,0,1,0,217,green,5297,T10
152,0,1,0,217,green,5297,T10
153,0,1,0,217,green,5297,T10
154,0,1,0,217,green,5297,T10
155,0,1,0,217,green,5297,T10
0,0,0,1,218,green,5658,T10
1,0,0,1,218,green,5658,T10
2,0,0,1,218,green,5658,T10
3,0,0,1,218,green,5658,T10
4,0,0,1,218,green,5658,T10
5,0,0,1,218,green,5658,T10
6,0,0,1,218,green,5658,T10
7,0,0,1,218,green,5658,T10
8,0,0,1,218,green,5658,T10
9,0,0,1,218,green,5658,T10
10,0,0,1,218,green,5658,T10
11,0,0,1,218,green,5658,T10
12,0,0,1,218,green,5658,T10
13,0,0,1,218,green,5658,T10
14,0,0,1,218,green,5658,T10
15,0,0,1,218,green,5658,T10
16,0,0,1,218,green,5658,T10
17,0,0,1,218,green,5658,T10
18,0,0,1,218,green,5658,T10
19,0,0,1,218,green,5658,T10
20,0,0,1,218,green,5658,T10
21,0,0,1,218,green,5658,T10
22,0,0,1,218,green,5658,T10
23,0,0,1,218,green,5658,T10
24,0,0,1,218,green,5658,T10
25,0,0,1,218,green,5658,T10
26,0,0,1,218,green,5658,T10
27,0,0,1,218,green,5658,T10
28,0,0,1,218,green,5658,T10
29,0,0,1,218,green,5658,T10
30,0,0,1,218,green,5658,T10
31,0,0,1,218,green,5658,T10
32,0,0,1,218,green,5658,T10
33,0,0,1,218,green,5658,T10
34,0,0,1,218,green,5658,T10
35,0,0,1,218,green,5658,T10
36,0,0,1,218,green,5658,T10
37,0,0,1,218,green,5658,T10
38,0,0,1,218,green,5658,T10
39,0,0,1,218,green,5658,T10
40,0,0,1,218,green,5658,T10
41,0,0,1,218,green,5658,T10
42,0,0,1,218,green,5658,T10
43,0,0,1,218,green,5658,T10
44,0,0,1,218,green,5658,T10
45,0,0,1,218,green,5658,T10
46,0,0,1,218,green,5658,T10
47,0,0,1,218,green,5658,T10
48,0,0,1,218,green,5658,T10
49,0,0,1,218,green,5658,T10
50,0,0,1,218,green,5658,T10
51,0,0,1,218,green,5658,T10
52,0,1,0,218,green,5658,T10
53,0,1,0,218,green,5658,T10
54,0,1,0,218,green,5658,T10
55,0,1,0,218,green,5658,T10
56,0,1,0,218,green,5658,T10
57,0,1,0,218,green,5658,T10
58,0,1,0,218,green,5658,T10
59,0,1,0,218,green,5658,T10
60,0,1,0,218,green,5658,T10
61,0,1,0,218,green,5658,T10
62,0,1,0,218,green,5658,T10
63,0,1,0,218,green,5658,T10
64,0,1,0,218,green,5658,T10
65,0,1,0,218,green,5658,T10
66,0,1,0,218,green,5658,T10
67,0,1,0,218,green,5658,T10
68,0,1,0,218,green,5658,T10
69,0,1,0,218,green,5658,T10
70,0,1,0,218,green,5658,T10
71,0,1,0,218,green,5658,T10
72,0,1,0,218,green,5658,T10
73,0,1,0,218,green,5658,T10
74,0,1,0,218,green,5658,T10
75,0,1,0,218,green,5658,T10
76,0,1,0,218,green,5658,T10
77,0,1,0,218,green,5658,T10
78,0,1,0,218,green,5658,T10
79,0,1,0,218,green,5658,T10
80,0,1,0,218,green,5658,T10
81,0,1,0,218,green,5658,T10
82,0,1,0,218,green,5658,T10
83,0,1,0,218,green,5658,T10
84,0,1,0,218,green,5658,T10
85,0,1,0,218,green,5658,T10
86,0,1,0,218,green,5658,T10
87,0,1,0,218,green,5658,T10
88,0,1,0,218,green,5658,T10
89,0,1,0,218,green,5658,T10
90,0,1,0,218,green,5658,T10
91,0,1,0,218,green,5658,T10
92,0,1,0,218,green,5658,T10
93,0,1,0,218,green,5658,T10
94,0,1,0,218,green,5658,T10
95,0,1,0,218,green,5658,T10
96,0,1,0,218,green,5658,T10
97,0,1,0,218,green,5658,T10
98,0,1,0,218,green,5658,T10
99,0,1,0,218,green,5658,T10
100,0,1,0,218,green,5658,T10
101,0,1,0,218,green,5658,T10
102,0,1,0,218,green,5658,T10
103,0,1,0,218,green,5658,T10
104,0,1,0,218,green,5658,T10
105,0,1,0,218,green,5658,T10
106,0,1,0,218,green,5658,T10
107,0,1,0,218,green,5658,T10
108,0,1,0,218,green,5658,T10
109,0,1,0,218,green,5658,T10
110,0,1,0,218,green,5658,T10
111,0,1,0,218,green,5658,T10
112,0,1,0,218,green,5658,T10
113,0,1,0,218,green,5658,T10
114,0,1,0,218,green,5658,T10
115,0,1,0,218,green,5658,T10
116,0,1,0,218,green,5658,T10
117,0,1,0,218,green,5658,T10
118,0,1,0,218,green,5658,T10
119,0,1,0,218,green,5658,T10
120,0,1,0,218,green,5658,T10
121,0,1,0,218,green,5658,T10
122,0,1,0,218,green,5658,T10
123,0,1,0,218,green,5658,T10
124,0,1,0,218,green,5658,T10
125,0,1,0,218,green,5658,T10
126,0,1,0,218,green,5658,T10
127,0,1,0,218,green,5658,T10
128,0,1,0,218,green,5658,T10
129,0,1,0,218,green,5658,T10
130,0,1,0,218,green,5658,T10
131,0,1,0,218,green,5658,T10
132,0,1,0,218,green,5658,T10
133,0,1,0,218,green,5658,T10
134,0,1,0,218,green,5658,T10
135,0,1,0,218,green,5658,T10
136,0,1,0,218,green,5658,T10
137,0,1,0,218,green,5658,T10
138,0,1,0,218,green,5658,T10
139,0,1,0,218,green,5658,T10
140,0,1,0,218,green,5658,T10
141,0,1,0,218,green,5658,T10
142,0,1,0,218,green,5658,T10
143,0,1,0,218,green,5658,T10
144,0,1,0,218,green,5658,T10
145,0,1,0,218,green,5658,T10
146,0,1,0,218,green,5658,T10
147,0,1,0,218,green,5658,T10
148,0,1,0,218,green,5658,T10
149,0,1,0,218,green,5658,T10
150,0,1,0,218,green,5658,T10
151,0,1,0,218,green,5658,T10
152,0,1,0,218,green,5658,T10
153,0,1,0,218,green,5658,T10
154,0,1,0,218,green,5658,T10
155,0,1,0,218,green,5658,T10
0,0,0,1,219,green,5348,T10
1,0,0,1,219,green,5348,T10
2,0,0,1,219,green,5348,T10
3,0,0,1,219,green,5348,T10
4,0,0,1,219,green,5348,T10
5,0,0,1,219,green,5348,T10
6,0,0,1,219,green,5348,T10
7,0,0,1,219,green,5348,T10
8,0,0,1,219,green,5348,T10
9,0,0,1,219,green,5348,T10
10,0,0,1,219,green,5348,T10
11,0,0,1,219,green,5348,T10
12,0,0,1,219,green,5348,T10
13,0,0,1,219,green,5348,T10
14,0,0,1,219,green,5348,T10
15,0,0,1,219,green,5348,T10
16,0,0,1,219,green,5348,T10
17,0,0,1,219,green,5348,T10
18,0,0,1,219,green,5348,T10
19,0,0,1,219,green,5348,T10
20,0,0,1,219,green,5348,T10
21,0,0,1,219,green,5348,T10
22,0,0,1,219,green,5348,T10
23,0,0,1,219,green,5348,T10
24,0,0,1,219,green,5348,T10
25,0,0,1,219,green,5348,T10
26,0,0,1,219,green,5348,T10
27,0,0,1,219,green,5348,T10
28,0,1,0,219,green,5348,T10
29,0,1,0,219,green,5348,T10
30,0,1,0,219,green,5348,T10
31,0,1,0,219,green,5348,T10
32,0,1,0,219,green,5348,T10
33,0,1,0,219,green,5348,T10
34,0,1,0,219,green,5348,T10
35,0,1,0,219,green,5348,T10
36,0,1,0,219,green,5348,T10
37,0,1,0,219,green,5348,T10
38,0,1,0,219,green,5348,T10
39,0,1,0,219,green,5348,T10
40,0,1,0,219,green,5348,T10
41,0,1,0,219,green,5348,T10
42,0,1,0,219,green,5348,T10
43,0,1,0,219,green,5348,T10
44,0,1,0,219,green,5348,T10
45,0,1,0,219,green,5348,T10
46,0,1,0,219,green,5348,T10
47,0,1,0,219,green,5348,T10
48,0,1,0,219,green,5348,T10
49,0,1,0,219,green,5348,T10
50,0,1,0,219,green,5348,T10
51,0,1,0,219,green,5348,T10
52,0,1,0,219,green,5348,T10
53,0,1,0,219,green,5348,T10
54,0,1,0,219,green,5348,T10
55,0,1,0,219,green,5348,T10
56,0,1,0,219,green,5348,T10
57,0,1,0,219,green,5348,T10
58,0,1,0,219,green,5348,T10
59,0,1,0,219,green,5348,T10
60,0,1,0,219,green,5348,T10
61,0,1,0,219,green,5348,T10
62,0,1,0,219,green,5348,T10
63,0,1,0,219,green,5348,T10
64,0,1,0,219,green,5348,T10
65,0,1,0,219,green,5348,T10
66,0,1,0,219,green,5348,T10
67,0,1,0,219,green,5348,T10
68,0,1,0,219,green,5348,T10
69,0,1,0,219,green,5348,T10
70,0,1,0,219,green,5348,T10
71,0,1,0,219,green,5348,T10
72,0,1,0,219,green,5348,T10
73,0,1,0,219,green,5348,T10
74,0,1,0,219,green,5348,T10
75,0,1,0,219,green,5348,T10
76,0,1,0,219,green,5348,T10
77,0,1,0,219,green,5348,T10
78,0,1,0,219,green,5348,T10
79,0,1,0,219,green,5348,T10
80,0,1,0,219,green,5348,T10
81,0,1,0,219,green,5348,T10
82,0,1,0,219,green,5348,T10
83,0,1,0,219,green,5348,T10
84,0,1,0,219,green,5348,T10
85,0,1,0,219,green,5348,T10
86,0,1,0,219,green,5348,T10
87,0,1,0,219,green,5348,T10
88,0,1,0,219,green,5348,T10
89,0,1,0,219,green,5348,T10
90,0,1,0,219,green,5348,T10
91,0,1,0,219,green,5348,T10
92,0,1,0,219,green,5348,T10
93,0,1,0,219,green,5348,T10
94,0,1,0,219,green,5348,T10
95,0,1,0,219,green,5348,T10
96,0,1,0,219,green,5348,T10
97,0,1,0,219,green,5348,T10
98,0,1,0,219,green,5348,T10
99,0,1,0,219,green,5348,T10
100,0,1,0,219,green,5348,T10
101,0,1,0,219,green,5348,T10
102,0,1,0,219,green,5348,T10
103,0,1,0,219,green,5348,T10
104,0,1,0,219,green,5348,T10
105,0,1,0,219,green,5348,T10
106,0,1,0,219,green,5348,T10
107,0,1,0,219,green,5348,T10
108,0,1,0,219,green,5348,T10
109,0,1,0,219,green,5348,T10
110,0,1,0,219,green,5348,T10
111,0,1,0,219,green,5348,T10
112,0,1,0,219,green,5348,T10
113,0,1,0,219,green,5348,T10
114,0,1,0,219,green,5348,T10
115,0,1,0,219,green,5348,T10
116,0,1,0,219,green,5348,T10
117,0,1,0,219,green,5348,T10
118,0,1,0,219,green,5348,T10
119,0,1,0,219,green,5348,T10
120,0,1,0,219,green,5348,T10
121,0,1,0,219,green,5348,T10
122,0,1,0,219,green,5348,T10
123,0,1,0,219,green,5348,T10
124,0,1,0,219,green,5348,T10
125,0,1,0,219,green,5348,T10
126,0,1,0,219,green,5348,T10
127,0,1,0,219,green,5348,T10
128,0,1,0,219,green,5348,T10
129,0,1,0,219,green,5348,T10
130,0,1,0,219,green,5348,T10
131,0,1,0,219,green,5348,T10
132,0,1,0,219,green,5348,T10
133,0,1,0,219,green,5348,T10
134,0,1,0,219,green,5348,T10
135,0,1,0,219,green,5348,T10
136,0,1,0,219,green,5348,T10
137,0,1,0,219,green,5348,T10
138,0,1,0,219,green,5348,T10
139,0,1,0,219,green,5348,T10
140,0,1,0,219,green,5348,T10
141,0,1,0,219,green,5348,T10
142,0,1,0,219,green,5348,T10
143,0,1,0,219,green,5348,T10
144,0,1,0,219,green,5348,T10
145,0,1,0,219,green,5348,T10
146,0,1,0,219,green,5348,T10
147,0,1,0,219,green,5348,T10
148,0,1,0,219,green,5348,T10
149,0,1,0,219,green,5348,T10
150,0,1,0,219,green,5348,T10
151,0,1,0,219,green,5348,T10
152,0,1,0,219,green,5348,T10
153,0,1,0,219,green,5348,T10
154,0,1,0,219,green,5348,T10
155,0,1,0,219,green,5348,T10
0,0,0,1,220,green,5604,T10
1,0,0,1,220,green,5604,T10
2,0,0,1,220,green,5604,T10
3,0,0,1,220,green,5604,T10
4,0,0,1,220,green,5604,T10
5,0,0,1,220,green,5604,T10
6,0,0,1,220,green,5604,T10
7,0,0,1,220,green,5604,T10
8,0,0,1,220,green,5604,T10
9,0,0,1,220,green,5604,T10
10,0,0,1,220,green,5604,T10
11,0,0,1,220,green,5604,T10
12,0,0,1,220,green,5604,T10
13,0,0,1,220,green,5604,T10
14,0,0,1,220,green,5604,T10
15,0,0,1,220,green,5604,T10
16,0,0,1,220,green,5604,T10
17,0,0,1,220,green,5604,T10
18,0,0,1,220,green,5604,T10
19,0,0,1,220,green,5604,T10
20,0,0,1,220,green,5604,T10
21,0,0,1,220,green,5604,T10
22,0,0,1,220,green,5604,T10
23,0,0,1,220,green,5604,T10
24,0,0,1,220,green,5604,T10
25,0,0,1,220,green,5604,T10
26,0,0,1,220,green,5604,T10
27,0,0,1,220,green,5604,T10
28,0,0,1,220,green,5604,T10
29,0,0,1,220,green,5604,T10
30,0,0,1,220,green,5604,T10
31,0,0,1,220,green,5604,T10
32,0,0,1,220,green,5604,T10
33,0,0,1,220,green,5604,T10
34,0,0,1,220,green,5604,T10
35,0,0,1,220,green,5604,T10
36,0,0,1,220,green,5604,T10
37,0,0,1,220,green,5604,T10
38,0,0,1,220,green,5604,T10
39,0,0,1,220,green,5604,T10
40,0,0,1,220,green,5604,T10
41,0,0,1,220,green,5604,T10
42,0,0,1,220,green,5604,T10
43,0,0,1,220,green,5604,T10
44,0,0,1,220,green,5604,T10
45,0,0,1,220,green,5604,T10
46,0,0,1,220,green,5604,T10
47,0,0,1,220,green,5604,T10
48,0,0,1,220,green,5604,T10
49,0,0,1,220,green,5604,T10
50,0,0,1,220,green,5604,T10
51,0,0,1,220,green,5604,T10
52,0,0,1,220,green,5604,T10
53,0,0,1,220,green,5604,T10
54,0,0,1,220,green,5604,T10
55,0,0,1,220,green,5604,T10
56,0,0,1,220,green,5604,T10
57,0,0,1,220,green,5604,T10
58,0,0,1,220,green,5604,T10
59,0,0,1,220,green,5604,T10
60,0,0,1,220,green,5604,T10
61,0,0,1,220,green,5604,T10
62,0,0,1,220,green,5604,T10
63,0,0,1,220,green,5604,T10
64,0,0,1,220,green,5604,T10
65,0,0,1,220,green,5604,T10
66,0,0,1,220,green,5604,T10
67,0,0,1,220,green,5604,T10
68,0,0,1,220,green,5604,T10
69,0,0,1,220,green,5604,T10
70,0,0,1,220,green,5604,T10
71,0,0,1,220,green,5604,T10
72,0,0,1,220,green,5604,T10
73,0,0,1,220,green,5604,T10
74,0,0,1,220,green,5604,T10
75,0,0,1,220,green,5604,T10
76,0,0,1,220,green,5604,T10
77,0,0,1,220,green,5604,T10
78,0,0,1,220,green,5604,T10
79,0,0,1,220,green,5604,T10
80,0,0,1,220,green,5604,T10
81,0,0,1,220,green,5604,T10
82,0,0,1,220,green,5604,T10
83,0,0,1,220,green,5604,T10
84,0,0,1,220,green,5604,T10
85,0,0,1,220,green,5604,T10
86,0,0,1,220,green,5604,T10
87,0,0,1,220,green,5604,T10
88,0,0,1,220,green,5604,T10
89,0,0,1,220,green,5604,T10
90,0,0,1,220,green,5604,T10
91,0,0,1,220,green,5604,T10
92,0,0,1,220,green,5604,T10
93,0,0,1,220,green,5604,T10
94,0,0,1,220,green,5604,T10
95,0,0,1,220,green,5604,T10
96,0,0,1,220,green,5604,T10
97,0,0,1,220,green,5604,T10
98,0,0,1,220,green,5604,T10
99,0,0,1,220,green,5604,T10
100,0,0,1,220,green,5604,T10
101,0,0,1,220,green,5604,T10
102,0,0,1,220,green,5604,T10
103,0,0,1,220,green,5604,T10
104,0,0,1,220,green,5604,T10
105,0,0,1,220,green,5604,T10
106,0,0,1,220,green,5604,T10
107,0,0,1,220,green,5604,T10
108,0,0,1,220,green,5604,T10
109,0,0,1,220,green,5604,T10
110,0,0,1,220,green,5604,T10
111,0,0,1,220,green,5604,T10
112,0,0,1,220,green,5604,T10
113,0,0,1,220,green,5604,T10
114,0,0,1,220,green,5604,T10
115,0,0,1,220,green,5604,T10
116,0,0,1,220,green,5604,T10
117,0,0,1,220,green,5604,T10
118,0,0,1,220,green,5604,T10
119,0,0,1,220,green,5604,T10
120,0,0,1,220,green,5604,T10
121,0,0,1,220,green,5604,T10
122,0,0,1,220,green,5604,T10
123,0,0,1,220,green,5604,T10
124,0,0,1,220,green,5604,T10
125,0,0,1,220,green,5604,T10
126,0,0,1,220,green,5604,T10
127,0,0,1,220,green,5604,T10
128,0,1,0,220,green,5604,T10
129,0,1,0,220,green,5604,T10
130,0,1,0,220,green,5604,T10
131,0,1,0,220,green,5604,T10
132,0,1,0,220,green,5604,T10
133,0,1,0,220,green,5604,T10
134,0,1,0,220,green,5604,T10
135,0,1,0,220,green,5604,T10
136,0,1,0,220,green,5604,T10
137,0,1,0,220,green,5604,T10
138,0,1,0,220,green,5604,T10
139,0,1,0,220,green,5604,T10
140,0,1,0,220,green,5604,T10
141,0,1,0,220,green,5604,T10
142,0,1,0,220,green,5604,T10
143,0,1,0,220,green,5604,T10
144,0,1,0,220,green,5604,T10
145,0,1,0,220,green,5604,T10
146,0,1,0,220,green,5604,T10
147,0,1,0,220,green,5604,T10
148,0,1,0,220,green,5604,T10
149,0,1,0,220,green,5604,T10
150,0,1,0,220,green,5604,T10
151,0,1,0,220,green,5604,T10
152,0,1,0,220,green,5604,T10
153,0,1,0,220,green,5604,T10
154,0,1,0,220,green,5604,T10
155,0,1,0,220,green,5604,T10
0,0,0,1,221,green,5376,T10
1,0,0,1,221,green,5376,T10
2,0,0,1,221,green,5376,T10
3,0,0,1,221,green,5376,T10
4,0,0,1,221,green,5376,T10
5,0,0,1,221,green,5376,T10
6,0,0,1,221,green,5376,T10
7,0,0,1,221,green,5376,T10
8,0,0,1,221,green,5376,T10
9,0,0,1,221,green,5376,T10
10,0,0,1,221,green,5376,T10
11,0,0,1,221,green,5376,T10
12,0,0,1,221,green,5376,T10
13,0,0,1,221,green,5376,T10
14,0,0,1,221,green,5376,T10
15,0,0,1,221,green,5376,T10
16,0,0,1,221,green,5376,T10
17,0,0,1,221,green,5376,T10
18,0,0,1,221,green,5376,T10
19,0,0,1,221,green,5376,T10
20,0,0,1,221,green,5376,T10
21,0,0,1,221,green,5376,T10
22,0,0,1,221,green,5376,T10
23,0,0,1,221,green,5376,T10
24,0,0,1,221,green,5376,T10
25,0,0,1,221,green,5376,T10
26,0,0,1,221,green,5376,T10
27,0,0,1,221,green,5376,T10
28,0,0,1,221,green,5376,T10
29,0,0,1,221,green,5376,T10
30,0,0,1,221,green,5376,T10
31,0,0,1,221,green,5376,T10
32,0,0,1,221,green,5376,T10
33,0,0,1,221,green,5376,T10
34,0,0,1,221,green,5376,T10
35,0,0,1,221,green,5376,T10
36,0,0,1,221,green,5376,T10
37,0,0,1,221,green,5376,T10
38,0,0,1,221,green,5376,T10
39,0,0,1,221,green,5376,T10
40,0,0,1,221,green,5376,T10
41,0,0,1,221,green,5376,T10
42,0,0,1,221,green,5376,T10
43,0,0,1,221,green,5376,T10
44,0,0,1,221,green,5376,T10
45,0,0,1,221,green,5376,T10
46,0,0,1,221,green,5376,T10
47,0,0,1,221,green,5376,T10
48,0,0,1,221,green,5376,T10
49,0,0,1,221,green,5376,T10
50,0,0,1,221,green,5376,T10
51,0,0,1,221,green,5376,T10
52,0,0,1,221,green,5376,T10
53,0,0,1,221,green,5376,T10
54,0,0,1,221,green,5376,T10
55,0,0,1,221,green,5376,T10
56,0,0,1,221,green,5376,T10
57,0,0,1,221,green,5376,T10
58,0,0,1,221,green,5376,T10
59,0,0,1,221,green,5376,T10
60,0,0,1,221,green,5376,T10
61,0,0,1,221,green,5376,T10
62,0,1,0,221,green,5376,T10
63,0,1,0,221,green,5376,T10
64,0,1,0,221,green,5376,T10
65,0,1,0,221,green,5376,T10
66,0,1,0,221,green,5376,T10
67,0,1,0,221,green,5376,T10
68,0,1,0,221,green,5376,T10
69,0,1,0,221,green,5376,T10
70,0,1,0,221,green,5376,T10
71,0,1,0,221,green,5376,T10
72,0,1,0,221,green,5376,T10
73,0,1,0,221,green,5376,T10
74,0,1,0,221,green,5376,T10
75,0,1,0,221,green,5376,T10
76,0,1,0,221,green,5376,T10
77,0,0,1,221,green,5376,T10
78,1,0,0,221,green,5376,T10
79,1,0,0,221,green,5376,T10
80,1,0,0,221,green,5376,T10
81,1,0,0,221,green,5376,T10
82,1,0,0,221,green,5376,T10
83,1,0,0,221,green,5376,T10
84,1,0,0,221,green,5376,T10
85,1,0,0,221,green,5376,T10
86,1,0,0,221,green,5376,T10
87,1,0,0,221,green,5376,T10
88,1,0,0,221,green,5376,T10
89,1,0,0,221,green,5376,T10
90,1,0,0,221,green,5376,T10
91,1,0,0,221,green,5376,T10
92,1,0,0,221,green,5376,T10
93,1,0,0,221,green,5376,T10
94,1,0,0,221,green,5376,T10
95,1,0,0,221,green,5376,T10
96,1,0,0,221,green,5376,T10
97,1,0,0,221,green,5376,T10
98,1,0,0,221,green,5376,T10
99,1,0,0,221,green,5376,T10
100,1,0,0,221,green,5376,T10
101,1,0,0,221,green,5376,T10
102,1,0,0,221,green,5376,T10
103,1,0,0,221,green,5376,T10
104,1,0,0,221,green,5376,T10
105,1,0,0,221,green,5376,T10
106,1,0,0,221,green,5376,T10
107,1,0,0,221,green,5376,T10
108,1,0,0,221,green,5376,T10
109,1,0,0,221,green,5376,T10
110,1,0,0,221,green,5376,T10
111,1,0,0,221,green,5376,T10
112,1,0,0,221,green,5376,T10
113,1,0,0,221,green,5376,T10
114,1,0,0,221,green,5376,T10
115,1,0,0,221,green,5376,T10
116,1,0,0,221,green,5376,T10
117,1,0,0,221,green,5376,T10
118,1,0,0,221,green,5376,T10
119,1,0,0,221,green,5376,T10
120,1,0,0,221,green,5376,T10
121,1,0,0,221,green,5376,T10
122,1,0,0,221,green,5376,T10
123,1,0,0,221,green,5376,T10
124,1,0,0,221,green,5376,T10
125,0,0,1,221,green,5376,T10
126,0,1,0,221,green,5376,T10
127,0,1,0,221,green,5376,T10
128,0,1,0,221,green,5376,T10
129,0,1,0,221,green,5376,T10
130,0,1,0,221,green,5376,T10
131,0,1,0,221,green,5376,T10
132,0,1,0,221,green,5376,T10
133,0,1,0,221,green,5376,T10
134,0,1,0,221,green,5376,T10
135,0,1,0,221,green,5376,T10
136,0,1,0,221,green,5376,T10
137,0,1,0,221,green,5376,T10
138,0,1,0,221,green,5376,T10
139,0,1,0,221,green,5376,T10
140,0,1,0,221,green,5376,T10
141,0,1,0,221,green,5376,T10
142,0,1,0,221,green,5376,T10
143,0,1,0,221,green,5376,T10
144,0,1,0,221,green,5376,T10
145,0,1,0,221,green,5376,T10
146,0,1,0,221,green,5376,T10
147,0,1,0,221,green,5376,T10
148,0,1,0,221,green,5376,T10
149,0,1,0,221,green,5376,T10
150,0,1,0,221,green,5376,T10
151,0,1,0,221,green,5376,T10
152,0,1,0,221,green,5376,T10
153,0,1,0,221,green,5376,T10
154,0,1,0,221,green,5376,T10
155,0,1,0,221,green,5376,T10
0,0,0,1,222,green,5287,T10
1,0,0,1,222,green,5287,T10
2,0,0,1,222,green,5287,T10
3,0,0,1,222,green,5287,T10
4,0,0,1,222,green,5287,T10
5,0,0,1,222,green,5287,T10
6,0,0,1,222,green,5287,T10
7,0,0,1,222,green,5287,T10
8,0,0,1,222,green,5287,T10
9,0,0,1,222,green,5287,T10
10,0,0,1,222,green,5287,T10
11,0,0,1,222,green,5287,T10
12,0,0,1,222,green,5287,T10
13,0,0,1,222,green,5287,T10
14,0,0,1,222,green,5287,T10
15,0,0,1,222,green,5287,T10
16,0,0,1,222,green,5287,T10
17,0,0,1,222,green,5287,T10
18,0,0,1,222,green,5287,T10
19,0,0,1,222,green,5287,T10
20,0,0,1,222,green,5287,T10
21,0,0,1,222,green,5287,T10
22,0,0,1,222,green,5287,T10
23,0,0,1,222,green,5287,T10
24,0,0,1,222,green,5287,T10
25,0,0,1,222,green,5287,T10
26,0,0,1,222,green,5287,T10
27,0,0,1,222,green,5287,T10
28,0,0,1,222,green,5287,T10
29,0,0,1,222,green,5287,T10
30,0,0,1,222,green,5287,T10
31,0,0,1,222,green,5287,T10
32,0,0,1,222,green,5287,T10
33,0,0,1,222,green,5287,T10
34,0,0,1,222,green,5287,T10
35,0,0,1,222,green,5287,T10
36,0,0,1,222,green,5287,T10
37,0,0,1,222,green,5287,T10
38,0,0,1,222,green,5287,T10
39,0,0,1,222,green,5287,T10
40,0,0,1,222,green,5287,T10
41,0,0,1,222,green,5287,T10
42,0,0,1,222,green,5287,T10
43,0,0,1,222,green,5287,T10
44,0,0,1,222,green,5287,T10
45,0,0,1,222,green,5287,T10
46,0,0,1,222,green,5287,T10
47,0,1,0,222,green,5287,T10
48,0,1,0,222,green,5287,T10
49,0,1,0,222,green,5287,T10
50,0,1,0,222,green,5287,T10
51,0,1,0,222,green,5287,T10
52,0,1,0,222,green,5287,T10
53,0,1,0,222,green,5287,T10
54,0,1,0,222,green,5287,T10
55,0,1,0,222,green,5287,T10
56,0,1,0,222,green,5287,T10
57,0,1,0,222,green,5287,T10
58,0,1,0,222,green,5287,T10
59,0,1,0,222,green,5287,T10
60,0,1,0,222,green,5287,T10
61,0,1,0,222,green,5287,T10
62,0,1,0,222,green,5287,T10
63,0,1,0,222,green,5287,T10
64,0,1,0,222,green,5287,T10
65,0,1,0,222,green,5287,T10
66,0,1,0,222,green,5287,T10
67,0,1,0,222,green,5287,T10
68,0,1,0,222,green,5287,T10
69,0,1,0,222,green,5287,T10
70,0,1,0,222,green,5287,T10
71,0,1,0,222,green,5287,T10
72,0,1,0,222,green,5287,T10
73,0,1,0,222,green,5287,T10
74,0,1,0,222,green,5287,T10
75,0,1,0,222,green,5287,T10
76,0,1,0,222,green,5287,T10
77,0,1,0,222,green,5287,T10
78,0,1,0,222,green,5287,T10
79,0,1,0,222,green,5287,T10
80,0,1,0,222,green,5287,T10
81,0,1,0,222,green,5287,T10
82,0,1,0,222,green,5287,T10
83,0,1,0,222,green,5287,T10
84,0,1,0,222,green,5287,T10
85,0,1,0,222,green,5287,T10
86,0,1,0,222,green,5287,T10
87,0,1,0,222,green,5287,T10
88,0,1,0,222,green,5287,T10
89,0,1,0,222,green,5287,T10
90,0,1,0,222,green,5287,T10
91,0,1,0,222,green,5287,T10
92,0,1,0,222,green,5287,T10
93,0,1,0,222,green,5287,T10
94,0,1,0,222,green,5287,T10
95,0,1,0,222,green,5287,T10
96,0,1,0,222,green,5287,T10
97,0,1,0,222,green,5287,T10
98,0,1,0,222,green,5287,T10
99,0,1,0,222,green,5287,T10
100,0,1,0,222,green,5287,T10
101,0,1,0,222,green,5287,T10
102,0,1,0,222,green,5287,T10
103,0,1,0,222,green,5287,T10
104,0,1,0,222,green,5287,T10
105,0,1,0,222,green,5287,T10
106,0,1,0,222,green,5287,T10
107,0,1,0,222,green,5287,T10
108,0,1,0,222,green,5287,T10
109,0,1,0,222,green,5287,T10
110,0,1,0,222,green,5287,T10
111,0,1,0,222,green,5287,T10
112,0,1,0,222,green,5287,T10
113,0,1,0,222,green,5287,T10
114,0,1,0,222,green,5287,T10
115,0,1,0,222,green,5287,T10
116,0,1,0,222,green,5287,T10
117,0,1,0,222,green,5287,T10
118,0,1,0,222,green,5287,T10
119,0,1,0,222,green,5287,T10
120,0,1,0,222,green,5287,T10
121,0,1,0,222,green,5287,T10
122,0,1,0,222,green,5287,T10
123,0,1,0,222,green,5287,T10
124,0,1,0,222,green,5287,T10
125,0,1,0,222,green,5287,T10
126,0,1,0,222,green,5287,T10
127,0,1,0,222,green,5287,T10
128,0,1,0,222,green,5287,T10
129,0,1,0,222,green,5287,T10
130,0,1,0,222,green,5287,T10
131,0,1,0,222,green,5287,T10
132,0,1,0,222,green,5287,T10
133,0,1,0,222,green,5287,T10
134,0,1,0,222,green,5287,T10
135,0,1,0,222,green,5287,T10
136,0,1,0,222,green,5287,T10
137,0,1,0,222,green,5287,T10
138,0,1,0,222,green,5287,T10
139,0,1,0,222,green,5287,T10
140,0,1,0,222,green,5287,T10
141,0,1,0,222,green,5287,T10
142,0,1,0,222,green,5287,T10
143,0,1,0,222,green,5287,T10
144,0,1,0,222,green,5287,T10
145,0,1,0,222,green,5287,T10
146,0,1,0,222,green,5287,T10
147,0,1,0,222,green,5287,T10
148,0,1,0,222,green,5287,T10
149,0,1,0,222,green,5287,T10
150,0,1,0,222,green,5287,T10
151,0,1,0,222,green,5287,T10
152,0,1,0,222,green,5287,T10
153,0,1,0,222,green,5287,T10
154,0,1,0,222,green,5287,T10
155,0,1,0,222,green,5287,T10
0,0,0,1,223,green,6498,T10
1,0,0,1,223,green,6498,T10
2,0,0,1,223,green,6498,T10
3,0,0,1,223,green,6498,T10
4,0,0,1,223,green,6498,T10
5,0,0,1,223,green,6498,T10
6,0,0,1,223,green,6498,T10
7,0,0,1,223,green,6498,T10
8,0,0,1,223,green,6498,T10
9,0,0,1,223,green,6498,T10
10,0,0,1,223,green,6498,T10
11,0,0,1,223,green,6498,T10
12,0,0,1,223,green,6498,T10
13,0,0,1,223,green,6498,T10
14,0,0,1,223,green,6498,T10
15,0,0,1,223,green,6498,T10
16,0,0,1,223,green,6498,T10
17,0,0,1,223,green,6498,T10
18,0,0,1,223,green,6498,T10
19,0,0,1,223,green,6498,T10
20,0,0,1,223,green,6498,T10
21,0,0,1,223,green,6498,T10
22,0,0,1,223,green,6498,T10
23,0,0,1,223,green,6498,T10
24,0,0,1,223,green,6498,T10
25,0,0,1,223,green,6498,T10
26,0,0,1,223,green,6498,T10
27,0,0,1,223,green,6498,T10
28,0,0,1,223,green,6498,T10
29,0,0,1,223,green,6498,T10
30,0,0,1,223,green,6498,T10
31,0,0,1,223,green,6498,T10
32,0,0,1,223,green,6498,T10
33,0,0,1,223,green,6498,T10
34,0,0,1,223,green,6498,T10
35,0,0,1,223,green,6498,T10
36,0,0,1,223,green,6498,T10
37,0,0,1,223,green,6498,T10
38,0,0,1,223,green,6498,T10
39,0,0,1,223,green,6498,T10
40,0,0,1,223,green,6498,T10
41,0,0,1,223,green,6498,T10
42,0,0,1,223,green,6498,T10
43,0,0,1,223,green,6498,T10
44,0,0,1,223,green,6498,T10
45,0,0,1,223,green,6498,T10
46,1,0,0,223,green,6498,T10
47,1,0,0,223,green,6498,T10
48,1,0,0,223,green,6498,T10
49,1,0,0,223,green,6498,T10
50,1,0,0,223,green,6498,T10
51,1,0,0,223,green,6498,T10
52,1,0,0,223,green,6498,T10
53,1,0,0,223,green,6498,T10
54,1,0,0,223,green,6498,T10
55,1,0,0,223,green,6498,T10
56,1,0,0,223,green,6498,T10
57,1,0,0,223,green,6498,T10
58,1,0,0,223,green,6498,T10
59,1,0,0,223,green,6498,T10
60,1,0,0,223,green,6498,T10
61,1,0,0,223,green,6498,T10
62,1,0,0,223,green,6498,T10
63,1,0,0,223,green,6498,T10
64,1,0,0,223,green,6498,T10
65,1,0,0,223,green,6498,T10
66,1,0,0,223,green,6498,T10
67,1,0,0,223,green,6498,T10
68,1,0,0,223,green,6498,T10
69,1,0,0,223,green,6498,T10
70,1,0,0,223,green,6498,T10
71,1,0,0,223,green,6498,T10
72,1,0,0,223,green,6498,T10
73,1,0,0,223,green,6498,T10
74,1,0,0,223,green,6498,T10
75,1,0,0,223,green,6498,T10
76,1,0,0,223,green,6498,T10
77,1,0,0,223,green,6498,T10
78,1,0,0,223,green,6498,T10
79,1,0,0,223,green,6498,T10
80,1,0,0,223,green,6498,T10
81,1,0,0,223,green,6498,T10
82,1,0,0,223,green,6498,T10
83,1,0,0,223,green,6498,T10
84,1,0,0,223,green,6498,T10
85,1,0,0,223,green,6498,T10
86,1,0,0,223,green,6498,T10
87,1,0,0,223,green,6498,T10
88,1,0,0,223,green,6498,T10
89,1,0,0,223,green,6498,T10
90,1,0,0,223,green,6498,T10
91,1,0,0,223,green,6498,T10
92,1,0,0,223,green,6498,T10
93,1,0,0,223,green,6498,T10
94,1,0,0,223,green,6498,T10
95,1,0,0,223,green,6498,T10
96,1,0,0,223,green,6498,T10
97,1,0,0,223,green,6498,T10
98,1,0,0,223,green,6498,T10
99,1,0,0,223,green,6498,T10
100,1,0,0,223,green,6498,T10
101,1,0,0,223,green,6498,T10
102,1,0,0,223,green,6498,T10
103,1,0,0,223,green,6498,T10
104,1,0,0,223,green,6498,T10
105,1,0,0,223,green,6498,T10
106,1,0,0,223,green,6498,T10
107,1,0,0,223,green,6498,T10
108,1,0,0,223,green,6498,T10
109,1,0,0,223,green,6498,T10
110,1,0,0,223,green,6498,T10
111,1,0,0,223,green,6498,T10
112,1,0,0,223,green,6498,T10
113,1,0,0,223,green,6498,T10
114,1,0,0,223,green,6498,T10
115,1,0,0,223,green,6498,T10
116,1,0,0,223,green,6498,T10
117,1,0,0,223,green,6498,T10
118,1,0,0,223,green,6498,T10
119,1,0,0,223,green,6498,T10
120,1,0,0,223,green,6498,T10
121,1,0,0,223,green,6498,T10
122,1,0,0,223,green,6498,T10
123,1,0,0,223,green,6498,T10
124,1,0,0,223,green,6498,T10
125,1,0,0,223,green,6498,T10
126,1,0,0,223,green,6498,T10
127,1,0,0,223,green,6498,T10
128,1,0,0,223,green,6498,T10
129,0,0,1,223,green,6498,T10
130,0,0,1,223,green,6498,T10
131,0,1,0,223,green,6498,T10
132,0,1,0,223,green,6498,T10
133,0,1,0,223,green,6498,T10
134,0,1,0,223,green,6498,T10
135,0,1,0,223,green,6498,T10
136,0,1,0,223,green,6498,T10
137,0,1,0,223,green,6498,T10
138,0,1,0,223,green,6498,T10
139,0,1,0,223,green,6498,T10
140,0,1,0,223,green,6498,T10
141,0,1,0,223,green,6498,T10
142,0,1,0,223,green,6498,T10
143,0,1,0,223,green,6498,T10
144,0,1,0,223,green,6498,T10
145,0,1,0,223,green,6498,T10
146,0,1,0,223,green,6498,T10
147,0,1,0,223,green,6498,T10
148,0,1,0,223,green,6498,T10
149,0,1,0,223,green,6498,T10
150,0,1,0,223,green,6498,T10
151,0,1,0,223,green,6498,T10
152,0,1,0,223,green,6498,T10
153,0,1,0,223,green,6498,T10
154,0,1,0,223,green,6498,T10
155,0,1,0,223,green,6498,T10
0,0,0,1,224,green,5641,T10
1,0,0,1,224,green,5641,T10
2,0,0,1,224,green,5641,T10
3,0,0,1,224,green,5641,T10
4,0,0,1,224,green,5641,T10
5,0,0,1,224,green,5641,T10
6,0,0,1,224,green,5641,T10
7,0,0,1,224,green,5641,T10
8,0,0,1,224,green,5641,T10
9,0,0,1,224,green,5641,T10
10,0,0,1,224,green,5641,T10
11,0,0,1,224,green,5641,T10
12,0,0,1,224,green,5641,T10
13,0,0,1,224,green,5641,T10
14,0,0,1,224,green,5641,T10
15,0,0,1,224,green,5641,T10
16,0,0,1,224,green,5641,T10
17,0,0,1,224,green,5641,T10
18,0,0,1,224,green,5641,T10
19,0,0,1,224,green,5641,T10
20,0,0,1,224,green,5641,T10
21,0,0,1,224,green,5641,T10
22,0,0,1,224,green,5641,T10
23,0,0,1,224,green,5641,T10
24,0,0,1,224,green,5641,T10
25,0,0,1,224,green,5641,T10
26,0,0,1,224,green,5641,T10
27,0,0,1,224,green,5641,T10
28,0,0,1,224,green,5641,T10
29,0,0,1,224,green,5641,T10
30,0,0,1,224,green,5641,T10
31,0,0,1,224,green,5641,T10
32,0,0,1,224,green,5641,T10
33,0,0,1,224,green,5641,T10
34,0,0,1,224,green,5641,T10
35,0,0,1,224,green,5641,T10
36,0,0,1,224,green,5641,T10
37,0,0,1,224,green,5641,T10
38,0,0,1,224,green,5641,T10
39,0,0,1,224,green,5641,T10
40,0,0,1,224,green,5641,T10
41,0,0,1,224,green,5641,T10
42,0,0,1,224,green,5641,T10
43,0,0,1,224,green,5641,T10
44,0,0,1,224,green,5641,T10
45,0,0,1,224,green,5641,T10
46,0,0,1,224,green,5641,T10
47,0,0,1,224,green,5641,T10
48,0,0,1,224,green,5641,T10
49,0,0,1,224,green,5641,T10
50,0,0,1,224,green,5641,T10
51,0,0,1,224,green,5641,T10
52,0,0,1,224,green,5641,T10
53,0,0,1,224,green,5641,T10
54,0,0,1,224,green,5641,T10
55,0,0,1,224,green,5641,T10
56,0,0,1,224,green,5641,T10
57,0,0,1,224,green,5641,T10
58,0,0,1,224,green,5641,T10
59,0,0,1,224,green,5641,T10
60,0,0,1,224,green,5641,T10
61,0,0,1,224,green,5641,T10
62,0,0,1,224,green,5641,T10
63,0,0,1,224,green,5641,T10
64,0,0,1,224,green,5641,T10
65,0,0,1,224,green,5641,T10
66,0,0,1,224,green,5641,T10
67,0,0,1,224,green,5641,T10
68,0,0,1,224,green,5641,T10
69,0,0,1,224,green,5641,T10
70,0,0,1,224,green,5641,T10
71,0,0,1,224,green,5641,T10
72,0,0,1,224,green,5641,T10
73,0,0,1,224,green,5641,T10
74,0,0,1,224,green,5641,T10
75,0,0,1,224,green,5641,T10
76,0,0,1,224,green,5641,T10
77,0,0,1,224,green,5641,T10
78,0,0,1,224,green,5641,T10
79,1,0,0,224,green,5641,T10
80,1,0,0,224,green,5641,T10
81,1,0,0,224,green,5641,T10
82,1,0,0,224,green,5641,T10
83,1,0,0,224,green,5641,T10
84,1,0,0,224,green,5641,T10
85,1,0,0,224,green,5641,T10
86,1,0,0,224,green,5641,T10
87,1,0,0,224,green,5641,T10
88,1,0,0,224,green,5641,T10
89,1,0,0,224,green,5641,T10
90,1,0,0,224,green,5641,T10
91,1,0,0,224,green,5641,T10
92,1,0,0,224,green,5641,T10
93,1,0,0,224,green,5641,T10
94,1,0,0,224,green,5641,T10
95,1,0,0,224,green,5641,T10
96,1,0,0,224,green,5641,T10
97,1,0,0,224,green,5641,T10
98,1,0,0,224,green,5641,T10
99,1,0,0,224,green,5641,T10
100,1,0,0,224,green,5641,T10
101,1,0,0,224,green,5641,T10
102,1,0,0,224,green,5641,T10
103,1,0,0,224,green,5641,T10
104,1,0,0,224,green,5641,T10
105,1,0,0,224,green,5641,T10
106,1,0,0,224,green,5641,T10
107,1,0,0,224,green,5641,T10
108,1,0,0,224,green,5641,T10
109,1,0,0,224,green,5641,T10
110,1,0,0,224,green,5641,T10
111,1,0,0,224,green,5641,T10
112,1,0,0,224,green,5641,T10
113,1,0,0,224,green,5641,T10
114,1,0,0,224,green,5641,T10
115,1,0,0,224,green,5641,T10
116,1,0,0,224,green,5641,T10
117,1,0,0,224,green,5641,T10
118,1,0,0,224,green,5641,T10
119,1,0,0,224,green,5641,T10
120,1,0,0,224,green,5641,T10
121,1,0,0,224,green,5641,T10
122,1,0,0,224,green,5641,T10
123,1,0,0,224,green,5641,T10
124,1,0,0,224,green,5641,T10
125,1,0,0,224,green,5641,T10
126,1,0,0,224,green,5641,T10
127,1,0,0,224,green,5641,T10
128,1,0,0,224,green,5641,T10
129,1,0,0,224,green,5641,T10
130,1,0,0,224,green,5641,T10
131,1,0,0,224,green,5641,T10
132,0,0,1,224,green,5641,T10
133,0,0,1,224,green,5641,T10
134,0,0,1,224,green,5641,T10
135,0,1,0,224,green,5641,T10
136,0,1,0,224,green,5641,T10
137,0,1,0,224,green,5641,T10
138,0,1,0,224,green,5641,T10
139,0,1,0,224,green,5641,T10
140,0,1,0,224,green,5641,T10
141,0,1,0,224,green,5641,T10
142,0,1,0,224,green,5641,T10
143,0,1,0,224,green,5641,T10
144,0,1,0,224,green,5641,T10
145,0,1,0,224,green,5641,T10
146,0,1,0,224,green,5641,T10
147,0,1,0,224,green,5641,T10
148,0,1,0,224,green,5641,T10
149,0,1,0,224,green,5641,T10
150,0,1,0,224,green,5641,T10
151,0,1,0,224,green,5641,T10
152,0,1,0,224,green,5641,T10
153,0,1,0,224,green,5641,T10
154,0,1,0,224,green,5641,T10
155,0,1,0,224,green,5641,T10
0,0,0,1,225,green,5237,T10
1,0,0,1,225,green,5237,T10
2,0,0,1,225,green,5237,T10
3,0,0,1,225,green,5237,T10
4,0,0,1,225,green,5237,T10
5,0,0,1,225,green,5237,T10
6,0,0,1,225,green,5237,T10
7,0,0,1,225,green,5237,T10
8,0,0,1,225,green,5237,T10
9,0,0,1,225,green,5237,T10
10,0,0,1,225,green,5237,T10
11,0,0,1,225,green,5237,T10
12,0,0,1,225,green,5237,T10
13,0,0,1,225,green,5237,T10
14,0,0,1,225,green,5237,T10
15,0,0,1,225,green,5237,T10
16,0,0,1,225,green,5237,T10
17,0,0,1,225,green,5237,T10
18,0,0,1,225,green,5237,T10
19,0,0,1,225,green,5237,T10
20,0,0,1,225,green,5237,T10
21,0,0,1,225,green,5237,T10
22,0,0,1,225,green,5237,T10
23,0,0,1,225,green,5237,T10
24,0,0,1,225,green,5237,T10
25,0,0,1,225,green,5237,T10
26,0,0,1,225,green,5237,T10
27,0,0,1,225,green,5237,T10
28,0,0,1,225,green,5237,T10
29,0,0,1,225,green,5237,T10
30,0,0,1,225,green,5237,T10
31,0,0,1,225,green,5237,T10
32,0,0,1,225,green,5237,T10
33,0,0,1,225,green,5237,T10
34,0,0,1,225,green,5237,T10
35,0,0,1,225,green,5237,T10
36,0,0,1,225,green,5237,T10
37,0,0,1,225,green,5237,T10
38,0,0,1,225,green,5237,T10
39,0,0,1,225,green,5237,T10
40,0,0,1,225,green,5237,T10
41,0,0,1,225,green,5237,T10
42,0,0,1,225,green,5237,T10
43,0,0,1,225,green,5237,T10
44,0,0,1,225,green,5237,T10
45,0,0,1,225,green,5237,T10
46,0,0,1,225,green,5237,T10
47,0,0,1,225,green,5237,T10
48,0,0,1,225,green,5237,T10
49,0,0,1,225,green,5237,T10
50,0,0,1,225,green,5237,T10
51,1,0,0,225,green,5237,T10
52,1,0,0,225,green,5237,T10
53,1,0,0,225,green,5237,T10
54,1,0,0,225,green,5237,T10
55,1,0,0,225,green,5237,T10
56,1,0,0,225,green,5237,T10
57,1,0,0,225,green,5237,T10
58,1,0,0,225,green,5237,T10
59,1,0,0,225,green,5237,T10
60,1,0,0,225,green,5237,T10
61,1,0,0,225,green,5237,T10
62,1,0,0,225,green,5237,T10
63,1,0,0,225,green,5237,T10
64,1,0,0,225,green,5237,T10
65,0,1,0,225,green,5237,T10
66,0,1,0,225,green,5237,T10
67,0,1,0,225,green,5237,T10
68,0,1,0,225,green,5237,T10
69,0,1,0,225,green,5237,T10
70,0,1,0,225,green,5237,T10
71,0,1,0,225,green,5237,T10
72,0,1,0,225,green,5237,T10
73,0,1,0,225,green,5237,T10
74,0,1,0,225,green,5237,T10
75,0,1,0,225,green,5237,T10
76,0,1,0,225,green,5237,T10
77,0,1,0,225,green,5237,T10
78,0,1,0,225,green,5237,T10
79,0,1,0,225,green,5237,T10
80,0,1,0,225,green,5237,T10
81,0,1,0,225,green,5237,T10
82,0,1,0,225,green,5237,T10
83,0,1,0,225,green,5237,T10
84,0,1,0,225,green,5237,T10
85,0,1,0,225,green,5237,T10
86,0,1,0,225,green,5237,T10
87,0,1,0,225,green,5237,T10
88,0,1,0,225,green,5237,T10
89,0,1,0,225,green,5237,T10
90,0,1,0,225,green,5237,T10
91,0,1,0,225,green,5237,T10
92,0,1,0,225,green,5237,T10
93,0,1,0,225,green,5237,T10
94,0,1,0,225,green,5237,T10
95,0,1,0,225,green,5237,T10
96,0,1,0,225,green,5237,T10
97,0,1,0,225,green,5237,T10
98,0,1,0,225,green,5237,T10
99,0,1,0,225,green,5237,T10
100,0,1,0,225,green,5237,T10
101,0,1,0,225,green,5237,T10
102,0,1,0,225,green,5237,T10
103,0,1,0,225,green,5237,T10
104,0,1,0,225,green,5237,T10
105,0,1,0,225,green,5237,T10
106,0,1,0,225,green,5237,T10
107,0,1,0,225,green,5237,T10
108,0,1,0,225,green,5237,T10
109,0,1,0,225,green,5237,T10
110,0,1,0,225,green,5237,T10
111,0,1,0,225,green,5237,T10
112,0,1,0,225,green,5237,T10
113,0,1,0,225,green,5237,T10
114,0,1,0,225,green,5237,T10
115,0,1,0,225,green,5237,T10
116,0,1,0,225,green,5237,T10
117,0,1,0,225,green,5237,T10
118,0,1,0,225,green,5237,T10
119,0,1,0,225,green,5237,T10
120,0,1,0,225,green,5237,T10
121,0,1,0,225,green,5237,T10
122,0,1,0,225,green,5237,T10
123,0,1,0,225,green,5237,T10
124,0,1,0,225,green,5237,T10
125,0,1,0,225,green,5237,T10
126,0,1,0,225,green,5237,T10
127,0,1,0,225,green,5237,T10
128,0,1,0,225,green,5237,T10
129,0,1,0,225,green,5237,T10
130,0,1,0,225,green,5237,T10
131,0,1,0,225,green,5237,T10
132,0,1,0,225,green,5237,T10
133,0,1,0,225,green,5237,T10
134,0,1,0,225,green,5237,T10
135,0,1,0,225,green,5237,T10
136,0,1,0,225,green,5237,T10
137,0,1,0,225,green,5237,T10
138,0,1,0,225,green,5237,T10
139,0,1,0,225,green,5237,T10
140,0,1,0,225,green,5237,T10
141,0,1,0,225,green,5237,T10
142,0,1,0,225,green,5237,T10
143,0,1,0,225,green,5237,T10
144,0,1,0,225,green,5237,T10
145,0,1,0,225,green,5237,T10
146,0,1,0,225,green,5237,T10
147,0,1,0,225,green,5237,T10
148,0,1,0,225,green,5237,T10
149,0,1,0,225,green,5237,T10
150,0,1,0,225,green,5237,T10
151,0,1,0,225,green,5237,T10
152,0,1,0,225,green,5237,T10
153,0,1,0,225,green,5237,T10
154,0,1,0,225,green,5237,T10
155,0,1,0,225,green,5237,T10
0,0,0,1,226,green,5650,T10
1,0,0,1,226,green,5650,T10
2,0,0,1,226,green,5650,T10
3,0,0,1,226,green,5650,T10
4,0,0,1,226,green,5650,T10
5,0,0,1,226,green,5650,T10
6,0,0,1,226,green,5650,T10
7,0,0,1,226,green,5650,T10
8,0,0,1,226,green,5650,T10
9,0,0,1,226,green,5650,T10
10,0,0,1,226,green,5650,T10
11,0,0,1,226,green,5650,T10
12,0,0,1,226,green,5650,T10
13,0,0,1,226,green,5650,T10
14,0,0,1,226,green,5650,T10
15,0,0,1,226,green,5650,T10
16,0,0,1,226,green,5650,T10
17,0,0,1,226,green,5650,T10
18,0,0,1,226,green,5650,T10
19,0,0,1,226,green,5650,T10
20,0,0,1,226,green,5650,T10
21,0,0,1,226,green,5650,T10
22,0,0,1,226,green,5650,T10
23,1,0,0,226,green,5650,T10
24,1,0,0,226,green,5650,T10
25,1,0,0,226,green,5650,T10
26,1,0,0,226,green,5650,T10
27,1,0,0,226,green,5650,T10
28,1,0,0,226,green,5650,T10
29,0,0,1,226,green,5650,T10
30,0,0,1,226,green,5650,T10
31,0,0,1,226,green,5650,T10
32,0,0,1,226,green,5650,T10
33,0,0,1,226,green,5650,T10
34,0,0,1,226,green,5650,T10
35,0,0,1,226,green,5650,T10
36,0,0,1,226,green,5650,T10
37,1,0,0,226,green,5650,T10
38,1,0,0,226,green,5650,T10
39,1,0,0,226,green,5650,T10
40,1,0,0,226,green,5650,T10
41,1,0,0,226,green,5650,T10
42,1,0,0,226,green,5650,T10
43,1,0,0,226,green,5650,T10
44,1,0,0,226,green,5650,T10
45,1,0,0,226,green,5650,T10
46,1,0,0,226,green,5650,T10
47,1,0,0,226,green,5650,T10
48,1,0,0,226,green,5650,T10
49,1,0,0,226,green,5650,T10
50,1,0,0,226,green,5650,T10
51,0,1,0,226,green,5650,T10
52,0,1,0,226,green,5650,T10
53,0,1,0,226,green,5650,T10
54,0,1,0,226,green,5650,T10
55,0,1,0,226,green,5650,T10
56,0,1,0,226,green,5650,T10
57,0,1,0,226,green,5650,T10
58,0,1,0,226,green,5650,T10
59,0,1,0,226,green,5650,T10
60,0,1,0,226,green,5650,T10
61,0,1,0,226,green,5650,T10
62,0,1,0,226,green,5650,T10
63,0,1,0,226,green,5650,T10
64,0,1,0,226,green,5650,T10
65,0,1,0,226,green,5650,T10
66,0,1,0,226,green,5650,T10
67,0,1,0,226,green,5650,T10
68,0,1,0,226,green,5650,T10
69,0,1,0,226,green,5650,T10
70,0,1,0,226,green,5650,T10
71,0,1,0,226,green,5650,T10
72,0,1,0,226,green,5650,T10
73,0,1,0,226,green,5650,T10
74,0,1,0,226,green,5650,T10
75,0,1,0,226,green,5650,T10
76,0,1,0,226,green,5650,T10
77,0,1,0,226,green,5650,T10
78,0,1,0,226,green,5650,T10
79,0,1,0,226,green,5650,T10
80,0,1,0,226,green,5650,T10
81,0,1,0,226,green,5650,T10
82,0,1,0,226,green,5650,T10
83,0,1,0,226,green,5650,T10
84,0,1,0,226,green,5650,T10
85,0,1,0,226,green,5650,T10
86,0,1,0,226,green,5650,T10
87,0,1,0,226,green,5650,T10
88,0,1,0,226,green,5650,T10
89,0,1,0,226,green,5650,T10
90,0,1,0,226,green,5650,T10
91,0,1,0,226,green,5650,T10
92,0,1,0,226,green,5650,T10
93,0,1,0,226,green,5650,T10
94,0,1,0,226,green,5650,T10
95,0,1,0,226,green,5650,T10
96,0,1,0,226,green,5650,T10
97,0,1,0,226,green,5650,T10
98,0,1,0,226,green,5650,T10
99,0,1,0,226,green,5650,T10
100,0,1,0,226,green,5650,T10
101,0,1,0,226,green,5650,T10
102,0,1,0,226,green,5650,T10
103,0,1,0,226,green,5650,T10
104,0,1,0,226,green,5650,T10
105,0,1,0,226,green,5650,T10
106,0,1,0,226,green,5650,T10
107,0,1,0,226,green,5650,T10
108,0,1,0,226,green,5650,T10
109,0,1,0,226,green,5650,T10
110,0,1,0,226,green,5650,T10
111,0,0,1,226,green,5650,T10
112,1,0,0,226,green,5650,T10
113,1,0,0,226,green,5650,T10
114,1,0,0,226,green,5650,T10
115,1,0,0,226,green,5650,T10
116,1,0,0,226,green,5650,T10
117,1,0,0,226,green,5650,T10
118,1,0,0,226,green,5650,T10
119,1,0,0,226,green,5650,T10
120,1,0,0,226,green,5650,T10
121,1,0,0,226,green,5650,T10
122,1,0,0,226,green,5650,T10
123,1,0,0,226,green,5650,T10
124,1,0,0,226,green,5650,T10
125,1,0,0,226,green,5650,T10
126,1,0,0,226,green,5650,T10
127,1,0,0,226,green,5650,T10
128,1,0,0,226,green,5650,T10
129,1,0,0,226,green,5650,T10
130,1,0,0,226,green,5650,T10
131,1,0,0,226,green,5650,T10
132,1,0,0,226,green,5650,T10
133,0,0,1,226,green,5650,T10
134,0,1,0,226,green,5650,T10
135,0,1,0,226,green,5650,T10
136,0,1,0,226,green,5650,T10
137,0,1,0,226,green,5650,T10
138,0,1,0,226,green,5650,T10
139,0,1,0,226,green,5650,T10
140,0,1,0,226,green,5650,T10
141,0,1,0,226,green,5650,T10
142,0,1,0,226,green,5650,T10
143,0,1,0,226,green,5650,T10
144,0,1,0,226,green,5650,T10
145,0,1,0,226,green,5650,T10
146,0,1,0,226,green,5650,T10
147,0,1,0,226,green,5650,T10
148,0,1,0,226,green,5650,T10
149,0,1,0,226,green,5650,T10
150,0,1,0,226,green,5650,T10
151,0,1,0,226,green,5650,T10
152,0,1,0,226,green,5650,T10
153,0,1,0,226,green,5650,T10
154,0,1,0,226,green,5650,T10
155,0,1,0,226,green,5650,T10
0,0,0,1,227,green,6690,T10
1,0,0,1,227,green,6690,T10
2,0,0,1,227,green,6690,T10
3,0,0,1,227,green,6690,T10
4,0,0,1,227,green,6690,T10
5,0,0,1,227,green,6690,T10
6,0,0,1,227,green,6690,T10
7,0,0,1,227,green,6690,T10
8,0,0,1,227,green,6690,T10
9,0,0,1,227,green,6690,T10
10,0,0,1,227,green,6690,T10
11,0,0,1,227,green,6690,T10
12,0,0,1,227,green,6690,T10
13,0,0,1,227,green,6690,T10
14,0,0,1,227,green,6690,T10
15,0,0,1,227,green,6690,T10
16,0,0,1,227,green,6690,T10
17,0,0,1,227,green,6690,T10
18,0,0,1,227,green,6690,T10
19,0,0,1,227,green,6690,T10
20,0,0,1,227,green,6690,T10
21,0,0,1,227,green,6690,T10
22,0,0,1,227,green,6690,T10
23,0,0,1,227,green,6690,T10
24,0,0,1,227,green,6690,T10
25,0,0,1,227,green,6690,T10
26,0,0,1,227,green,6690,T10
27,0,0,1,227,green,6690,T10
28,0,0,1,227,green,6690,T10
29,0,0,1,227,green,6690,T10
30,0,0,1,227,green,6690,T10
31,0,0,1,227,green,6690,T10
32,0,0,1,227,green,6690,T10
33,0,0,1,227,green,6690,T10
34,0,0,1,227,green,6690,T10
35,0,0,1,227,green,6690,T10
36,0,0,1,227,green,6690,T10
37,0,0,1,227,green,6690,T10
38,0,0,1,227,green,6690,T10
39,0,0,1,227,green,6690,T10
40,0,0,1,227,green,6690,T10
41,0,0,1,227,green,6690,T10
42,0,0,1,227,green,6690,T10
43,0,0,1,227,green,6690,T10
44,0,0,1,227,green,6690,T10
45,0,0,1,227,green,6690,T10
46,0,0,1,227,green,6690,T10
47,0,0,1,227,green,6690,T10
48,0,0,1,227,green,6690,T10
49,0,0,1,227,green,6690,T10
50,0,0,1,227,green,6690,T10
51,0,0,1,227,green,6690,T10
52,0,0,1,227,green,6690,T10
53,0,0,1,227,green,6690,T10
54,0,0,1,227,green,6690,T10
55,0,0,1,227,green,6690,T10
56,0,0,1,227,green,6690,T10
57,0,0,1,227,green,6690,T10
58,0,0,1,227,green,6690,T10
59,0,0,1,227,green,6690,T10
60,0,0,1,227,green,6690,T10
61,0,0,1,227,green,6690,T10
62,0,0,1,227,green,6690,T10
63,0,0,1,227,green,6690,T10
64,0,0,1,227,green,6690,T10
65,0,0,1,227,green,6690,T10
66,0,0,1,227,green,6690,T10
67,0,0,1,227,green,6690,T10
68,0,0,1,227,green,6690,T10
69,0,0,1,227,green,6690,T10
70,0,0,1,227,green,6690,T10
71,0,0,1,227,green,6690,T10
72,0,0,1,227,green,6690,T10
73,0,0,1,227,green,6690,T10
74,1,0,0,227,green,6690,T10
75,1,0,0,227,green,6690,T10
76,1,0,0,227,green,6690,T10
77,0,0,1,227,green,6690,T10
78,0,0,1,227,green,6690,T10
79,0,0,1,227,green,6690,T10
80,0,0,1,227,green,6690,T10
81,0,0,1,227,green,6690,T10
82,0,0,1,227,green,6690,T10
83,0,0,1,227,green,6690,T10
84,0,1,0,227,green,6690,T10
85,0,1,0,227,green,6690,T10
86,0,1,0,227,green,6690,T10
87,0,1,0,227,green,6690,T10
88,0,1,0,227,green,6690,T10
89,0,1,0,227,green,6690,T10
90,0,1,0,227,green,6690,T10
91,0,1,0,227,green,6690,T10
92,0,1,0,227,green,6690,T10
93,0,1,0,227,green,6690,T10
94,0,1,0,227,green,6690,T10
95,0,1,0,227,green,6690,T10
96,0,1,0,227,green,6690,T10
97,0,1,0,227,green,6690,T10
98,0,1,0,227,green,6690,T10
99,0,1,0,227,green,6690,T10
100,0,1,0,227,green,6690,T10
101,0,1,0,227,green,6690,T10
102,0,1,0,227,green,6690,T10
103,0,1,0,227,green,6690,T10
104,0,1,0,227,green,6690,T10
105,0,1,0,227,green,6690,T10
106,0,1,0,227,green,6690,T10
107,0,1,0,227,green,6690,T10
108,0,1,0,227,green,6690,T10
109,0,1,0,227,green,6690,T10
110,0,1,0,227,green,6690,T10
111,0,1,0,227,green,6690,T10
112,0,1,0,227,green,6690,T10
113,0,1,0,227,green,6690,T10
114,0,1,0,227,green,6690,T10
115,0,1,0,227,green,6690,T10
116,0,1,0,227,green,6690,T10
117,0,1,0,227,green,6690,T10
118,0,1,0,227,green,6690,T10
119,0,1,0,227,green,6690,T10
120,0,1,0,227,green,6690,T10
121,0,1,0,227,green,6690,T10
122,0,1,0,227,green,6690,T10
123,0,1,0,227,green,6690,T10
124,0,1,0,227,green,6690,T10
125,0,1,0,227,green,6690,T10
126,0,1,0,227,green,6690,T10
127,0,1,0,227,green,6690,T10
128,0,1,0,227,green,6690,T10
129,0,1,0,227,green,6690,T10
130,0,1,0,227,green,6690,T10
131,0,1,0,227,green,6690,T10
132,0,1,0,227,green,6690,T10
133,0,1,0,227,green,6690,T10
134,0,1,0,227,green,6690,T10
135,0,1,0,227,green,6690,T10
136,0,1,0,227,green,6690,T10
137,0,1,0,227,green,6690,T10
138,0,1,0,227,green,6690,T10
139,0,1,0,227,green,6690,T10
140,0,1,0,227,green,6690,T10
141,0,1,0,227,green,6690,T10
142,0,1,0,227,green,6690,T10
143,0,1,0,227,green,6690,T10
144,0,1,0,227,green,6690,T10
145,0,1,0,227,green,6690,T10
146,0,1,0,227,green,6690,T10
147,0,1,0,227,green,6690,T10
148,0,1,0,227,green,6690,T10
149,0,1,0,227,green,6690,T10
150,0,1,0,227,green,6690,T10
151,0,1,0,227,green,6690,T10
152,0,1,0,227,green,6690,T10
153,0,1,0,227,green,6690,T10
154,0,1,0,227,green,6690,T10
155,0,1,0,227,green,6690,T10
0,0,0,1,228,green,5251,T10
1,0,0,1,228,green,5251,T10
2,0,0,1,228,green,5251,T10
3,0,0,1,228,green,5251,T10
4,0,0,1,228,green,5251,T10
5,0,0,1,228,green,5251,T10
6,0,0,1,228,green,5251,T10
7,0,0,1,228,green,5251,T10
8,0,0,1,228,green,5251,T10
9,0,0,1,228,green,5251,T10
10,0,0,1,228,green,5251,T10
11,0,0,1,228,green,5251,T10
12,0,0,1,228,green,5251,T10
13,0,0,1,228,green,5251,T10
14,0,0,1,228,green,5251,T10
15,0,0,1,228,green,5251,T10
16,0,0,1,228,green,5251,T10
17,0,0,1,228,green,5251,T10
18,0,0,1,228,green,5251,T10
19,0,0,1,228,green,5251,T10
20,0,0,1,228,green,5251,T10
21,0,0,1,228,green,5251,T10
22,0,0,1,228,green,5251,T10
23,0,0,1,228,green,5251,T10
24,0,0,1,228,green,5251,T10
25,0,0,1,228,green,5251,T10
26,0,0,1,228,green,5251,T10
27,0,0,1,228,green,5251,T10
28,0,0,1,228,green,5251,T10
29,0,0,1,228,green,5251,T10
30,0,0,1,228,green,5251,T10
31,0,0,1,228,green,5251,T10
32,0,0,1,228,green,5251,T10
33,0,0,1,228,green,5251,T10
34,0,0,1,228,green,5251,T10
35,0,0,1,228,green,5251,T10
36,0,0,1,228,green,5251,T10
37,0,0,1,228,green,5251,T10
38,0,0,1,228,green,5251,T10
39,0,0,1,228,green,5251,T10
40,0,0,1,228,green,5251,T10
41,0,0,1,228,green,5251,T10
42,0,1,0,228,green,5251,T10
43,0,1,0,228,green,5251,T10
44,0,1,0,228,green,5251,T10
45,0,1,0,228,green,5251,T10
46,0,1,0,228,green,5251,T10
47,0,1,0,228,green,5251,T10
48,0,1,0,228,green,5251,T10
49,0,1,0,228,green,5251,T10
50,0,1,0,228,green,5251,T10
51,0,1,0,228,green,5251,T10
52,0,1,0,228,green,5251,T10
53,0,1,0,228,green,5251,T10
54,0,1,0,228,green,5251,T10
55,0,1,0,228,green,5251,T10
56,0,1,0,228,green,5251,T10
57,0,1,0,228,green,5251,T10
58,0,1,0,228,green,5251,T10
59,0,1,0,228,green,5251,T10
60,0,1,0,228,green,5251,T10
61,0,1,0,228,green,5251,T10
62,0,1,0,228,green,5251,T10
63,0,1,0,228,green,5251,T10
64,0,1,0,228,green,5251,T10
65,0,1,0,228,green,5251,T10
66,0,1,0,228,green,5251,T10
67,0,1,0,228,green,5251,T10
68,0,1,0,228,green,5251,T10
69,0,1,0,228,green,5251,T10
70,0,1,0,228,green,5251,T10
71,0,1,0,228,green,5251,T10
72,0,1,0,228,green,5251,T10
73,0,1,0,228,green,5251,T10
74,0,1,0,228,green,5251,T10
75,0,1,0,228,green,5251,T10
76,0,1,0,228,green,5251,T10
77,0,1,0,228,green,5251,T10
78,0,1,0,228,green,5251,T10
79,0,1,0,228,green,5251,T10
80,0,1,0,228,green,5251,T10
81,0,1,0,228,green,5251,T10
82,0,1,0,228,green,5251,T10
83,0,1,0,228,green,5251,T10
84,0,1,0,228,green,5251,T10
85,0,1,0,228,green,5251,T10
86,0,1,0,228,green,5251,T10
87,0,1,0,228,green,5251,T10
88,0,1,0,228,green,5251,T10
89,0,1,0,228,green,5251,T10
90,0,1,0,228,green,5251,T10
91,0,1,0,228,green,5251,T10
92,0,1,0,228,green,5251,T10
93,0,1,0,228,green,5251,T10
94,0,1,0,228,green,5251,T10
95,0,1,0,228,green,5251,T10
96,0,1,0,228,green,5251,T10
97,0,1,0,228,green,5251,T10
98,0,1,0,228,green,5251,T10
99,0,1,0,228,green,5251,T10
100,0,1,0,228,green,5251,T10
101,0,1,0,228,green,5251,T10
102,0,1,0,228,green,5251,T10
103,0,1,0,228,green,5251,T10
104,0,1,0,228,green,5251,T10
105,0,1,0,228,green,5251,T10
106,0,1,0,228,green,5251,T10
107,0,1,0,228,green,5251,T10
108,0,1,0,228,green,5251,T10
109,0,1,0,228,green,5251,T10
110,0,1,0,228,green,5251,T10
111,0,1,0,228,green,5251,T10
112,0,1,0,228,green,5251,T10
113,0,1,0,228,green,5251,T10
114,0,1,0,228,green,5251,T10
115,0,1,0,228,green,5251,T10
116,0,1,0,228,green,5251,T10
117,0,1,0,228,green,5251,T10
118,0,1,0,228,green,5251,T10
119,0,1,0,228,green,5251,T10
120,0,1,0,228,green,5251,T10
121,0,1,0,228,green,5251,T10
122,0,1,0,228,green,5251,T10
123,0,1,0,228,green,5251,T10
124,0,1,0,228,green,5251,T10
125,0,1,0,228,green,5251,T10
126,0,1,0,228,green,5251,T10
127,0,1,0,228,green,5251,T10
128,0,1,0,228,green,5251,T10
129,0,1,0,228,green,5251,T10
130,0,1,0,228,green,5251,T10
131,0,1,0,228,green,5251,T10
132,0,1,0,228,green,5251,T10
133,0,1,0,228,green,5251,T10
134,0,1,0,228,green,5251,T10
135,0,1,0,228,green,5251,T10
136,0,1,0,228,green,5251,T10
137,0,1,0,228,green,5251,T10
138,0,1,0,228,green,5251,T10
139,0,1,0,228,green,5251,T10
140,0,1,0,228,green,5251,T10
141,0,1,0,228,green,5251,T10
142,0,1,0,228,green,5251,T10
143,0,1,0,228,green,5251,T10
144,0,1,0,228,green,5251,T10
145,0,1,0,228,green,5251,T10
146,0,1,0,228,green,5251,T10
147,0,1,0,228,green,5251,T10
148,0,1,0,228,green,5251,T10
149,0,1,0,228,green,5251,T10
150,0,1,0,228,green,5251,T10
151,0,1,0,228,green,5251,T10
152,0,1,0,228,green,5251,T10
153,0,1,0,228,green,5251,T10
154,0,1,0,228,green,5251,T10
155,0,1,0,228,green,5251,T10
0,0,0,1,230,green,5533,T10
1,0,0,1,230,green,5533,T10
2,0,0,1,230,green,5533,T10
3,0,0,1,230,green,5533,T10
4,0,0,1,230,green,5533,T10
5,0,0,1,230,green,5533,T10
6,0,0,1,230,green,5533,T10
7,0,0,1,230,green,5533,T10
8,0,0,1,230,green,5533,T10
9,0,0,1,230,green,5533,T10
10,0,0,1,230,green,5533,T10
11,0,1,0,230,green,5533,T10
12,0,1,0,230,green,5533,T10
13,0,1,0,230,green,5533,T10
14,0,1,0,230,green,5533,T10
15,0,1,0,230,green,5533,T10
16,0,1,0,230,green,5533,T10
17,0,1,0,230,green,5533,T10
18,0,1,0,230,green,5533,T10
19,0,1,0,230,green,5533,T10
20,0,1,0,230,green,5533,T10
21,0,1,0,230,green,5533,T10
22,0,1,0,230,green,5533,T10
23,0,1,0,230,green,5533,T10
24,0,1,0,230,green,5533,T10
25,0,1,0,230,green,5533,T10
26,0,1,0,230,green,5533,T10
27,0,1,0,230,green,5533,T10
28,0,1,0,230,green,5533,T10
29,0,1,0,230,green,5533,T10
30,0,1,0,230,green,5533,T10
31,0,1,0,230,green,5533,T10
32,0,1,0,230,green,5533,T10
33,0,1,0,230,green,5533,T10
34,0,1,0,230,green,5533,T10
35,0,1,0,230,green,5533,T10
36,0,1,0,230,green,5533,T10
37,0,1,0,230,green,5533,T10
38,0,1,0,230,green,5533,T10
39,0,1,0,230,green,5533,T10
40,0,1,0,230,green,5533,T10
41,0,1,0,230,green,5533,T10
42,0,1,0,230,green,5533,T10
43,0,1,0,230,green,5533,T10
44,0,1,0,230,green,5533,T10
45,0,1,0,230,green,5533,T10
46,0,1,0,230,green,5533,T10
47,0,1,0,230,green,5533,T10
48,0,1,0,230,green,5533,T10
49,0,1,0,230,green,5533,T10
50,0,1,0,230,green,5533,T10
51,0,1,0,230,green,5533,T10
52,0,1,0,230,green,5533,T10
53,0,1,0,230,green,5533,T10
54,0,1,0,230,green,5533,T10
55,0,1,0,230,green,5533,T10
56,0,1,0,230,green,5533,T10
57,0,1,0,230,green,5533,T10
58,0,1,0,230,green,5533,T10
59,0,1,0,230,green,5533,T10
60,0,1,0,230,green,5533,T10
61,0,1,0,230,green,5533,T10
62,0,1,0,230,green,5533,T10
63,0,1,0,230,green,5533,T10
64,0,1,0,230,green,5533,T10
65,0,1,0,230,green,5533,T10
66,0,1,0,230,green,5533,T10
67,0,1,0,230,green,5533,T10
68,0,1,0,230,green,5533,T10
69,0,1,0,230,green,5533,T10
70,0,1,0,230,green,5533,T10
71,0,1,0,230,green,5533,T10
72,0,1,0,230,green,5533,T10
73,0,1,0,230,green,5533,T10
74,0,1,0,230,green,5533,T10
75,0,1,0,230,green,5533,T10
76,0,1,0,230,green,5533,T10
77,0,1,0,230,green,5533,T10
78,0,1,0,230,green,5533,T10
79,0,1,0,230,green,5533,T10
80,0,1,0,230,green,5533,T10
81,0,1,0,230,green,5533,T10
82,0,1,0,230,green,5533,T10
83,0,1,0,230,green,5533,T10
84,0,1,0,230,green,5533,T10
85,0,1,0,230,green,5533,T10
86,0,1,0,230,green,5533,T10
87,0,1,0,230,green,5533,T10
88,0,1,0,230,green,5533,T10
89,0,1,0,230,green,5533,T10
90,0,1,0,230,green,5533,T10
91,0,1,0,230,green,5533,T10
92,0,1,0,230,green,5533,T10
93,0,1,0,230,green,5533,T10
94,0,1,0,230,green,5533,T10
95,0,1,0,230,green,5533,T10
96,0,1,0,230,green,5533,T10
97,0,1,0,230,green,5533,T10
98,0,1,0,230,green,5533,T10
99,0,1,0,230,green,5533,T10
100,0,1,0,230,green,5533,T10
101,0,1,0,230,green,5533,T10
102,0,1,0,230,green,5533,T10
103,0,0,1,230,green,5533,T10
104,0,0,1,230,green,5533,T10
105,1,0,0,230,green,5533,T10
106,1,0,0,230,green,5533,T10
107,1,0,0,230,green,5533,T10
108,1,0,0,230,green,5533,T10
109,1,0,0,230,green,5533,T10
110,1,0,0,230,green,5533,T10
111,1,0,0,230,green,5533,T10
112,1,0,0,230,green,5533,T10
113,1,0,0,230,green,5533,T10
114,1,0,0,230,green,5533,T10
115,1,0,0,230,green,5533,T10
116,1,0,0,230,green,5533,T10
117,1,0,0,230,green,5533,T10
118,1,0,0,230,green,5533,T10
119,1,0,0,230,green,5533,T10
120,1,0,0,230,green,5533,T10
121,1,0,0,230,green,5533,T10
122,1,0,0,230,green,5533,T10
123,1,0,0,230,green,5533,T10
124,1,0,0,230,green,5533,T10
125,1,0,0,230,green,5533,T10
126,1,0,0,230,green,5533,T10
127,0,0,1,230,green,5533,T10
128,0,1,0,230,green,5533,T10
129,0,1,0,230,green,5533,T10
130,0,1,0,230,green,5533,T10
131,0,1,0,230,green,5533,T10
132,0,1,0,230,green,5533,T10
133,0,1,0,230,green,5533,T10
134,0,1,0,230,green,5533,T10
135,0,1,0,230,green,5533,T10
136,0,1,0,230,green,5533,T10
137,0,1,0,230,green,5533,T10
138,0,1,0,230,green,5533,T10
139,0,1,0,230,green,5533,T10
140,0,1,0,230,green,5533,T10
141,0,1,0,230,green,5533,T10
142,0,1,0,230,green,5533,T10
143,0,1,0,230,green,5533,T10
144,0,1,0,230,green,5533,T10
145,0,1,0,230,green,5533,T10
146,0,1,0,230,green,5533,T10
147,0,1,0,230,green,5533,T10
148,0,1,0,230,green,5533,T10
149,0,1,0,230,green,5533,T10
150,0,1,0,230,green,5533,T10
151,0,1,0,230,green,5533,T10
152,0,1,0,230,green,5533,T10
153,0,1,0,230,green,5533,T10
154,0,1,0,230,green,5533,T10
155,0,1,0,230,green,5533,T10
0,0,0,1,232,green,6549,T10
1,0,0,1,232,green,6549,T10
2,0,0,1,232,green,6549,T10
3,0,0,1,232,green,6549,T10
4,0,0,1,232,green,6549,T10
5,0,0,1,232,green,6549,T10
6,0,0,1,232,green,6549,T10
7,0,0,1,232,green,6549,T10
8,0,0,1,232,green,6549,T10
9,0,0,1,232,green,6549,T10
10,0,0,1,232,green,6549,T10
11,0,0,1,232,green,6549,T10
12,0,0,1,232,green,6549,T10
13,0,0,1,232,green,6549,T10
14,0,0,1,232,green,6549,T10
15,0,0,1,232,green,6549,T10
16,0,0,1,232,green,6549,T10
17,0,1,0,232,green,6549,T10
18,0,1,0,232,green,6549,T10
19,0,1,0,232,green,6549,T10
20,0,1,0,232,green,6549,T10
21,0,1,0,232,green,6549,T10
22,0,1,0,232,green,6549,T10
23,0,1,0,232,green,6549,T10
24,0,1,0,232,green,6549,T10
25,0,1,0,232,green,6549,T10
26,0,1,0,232,green,6549,T10
27,0,1,0,232,green,6549,T10
28,0,1,0,232,green,6549,T10
29,0,1,0,232,green,6549,T10
30,0,1,0,232,green,6549,T10
31,0,1,0,232,green,6549,T10
32,0,1,0,232,green,6549,T10
33,0,1,0,232,green,6549,T10
34,0,1,0,232,green,6549,T10
35,0,1,0,232,green,6549,T10
36,0,1,0,232,green,6549,T10
37,0,1,0,232,green,6549,T10
38,0,1,0,232,green,6549,T10
39,0,1,0,232,green,6549,T10
40,0,1,0,232,green,6549,T10
41,0,1,0,232,green,6549,T10
42,0,1,0,232,green,6549,T10
43,0,1,0,232,green,6549,T10
44,0,1,0,232,green,6549,T10
45,0,1,0,232,green,6549,T10
46,0,1,0,232,green,6549,T10
47,0,1,0,232,green,6549,T10
48,0,1,0,232,green,6549,T10
49,0,1,0,232,green,6549,T10
50,0,1,0,232,green,6549,T10
51,0,1,0,232,green,6549,T10
52,0,1,0,232,green,6549,T10
53,0,1,0,232,green,6549,T10
54,0,1,0,232,green,6549,T10
55,0,1,0,232,green,6549,T10
56,0,1,0,232,green,6549,T10
57,0,1,0,232,green,6549,T10
58,0,1,0,232,green,6549,T10
59,0,1,0,232,green,6549,T10
60,0,1,0,232,green,6549,T10
61,0,1,0,232,green,6549,T10
62,0,1,0,232,green,6549,T10
63,0,1,0,232,green,6549,T10
64,0,1,0,232,green,6549,T10
65,0,1,0,232,green,6549,T10
66,0,1,0,232,green,6549,T10
67,0,1,0,232,green,6549,T10
68,0,1,0,232,green,6549,T10
69,0,1,0,232,green,6549,T10
70,0,1,0,232,green,6549,T10
71,0,1,0,232,green,6549,T10
72,0,1,0,232,green,6549,T10
73,0,1,0,232,green,6549,T10
74,0,1,0,232,green,6549,T10
75,0,1,0,232,green,6549,T10
76,0,1,0,232,green,6549,T10
77,0,1,0,232,green,6549,T10
78,0,1,0,232,green,6549,T10
79,0,1,0,232,green,6549,T10
80,0,1,0,232,green,6549,T10
81,0,1,0,232,green,6549,T10
82,0,1,0,232,green,6549,T10
83,0,1,0,232,green,6549,T10
84,0,1,0,232,green,6549,T10
85,0,1,0,232,green,6549,T10
86,0,1,0,232,green,6549,T10
87,0,1,0,232,green,6549,T10
88,0,1,0,232,green,6549,T10
89,0,1,0,232,green,6549,T10
90,0,1,0,232,green,6549,T10
91,0,1,0,232,green,6549,T10
92,0,1,0,232,green,6549,T10
93,0,1,0,232,green,6549,T10
94,0,1,0,232,green,6549,T10
95,0,1,0,232,green,6549,T10
96,0,1,0,232,green,6549,T10
97,0,1,0,232,green,6549,T10
98,0,1,0,232,green,6549,T10
99,0,1,0,232,green,6549,T10
100,0,1,0,232,green,6549,T10
101,0,1,0,232,green,6549,T10
102,0,1,0,232,green,6549,T10
103,0,1,0,232,green,6549,T10
104,0,1,0,232,green,6549,T10
105,0,1,0,232,green,6549,T10
106,0,1,0,232,green,6549,T10
107,0,1,0,232,green,6549,T10
108,0,1,0,232,green,6549,T10
109,0,1,0,232,green,6549,T10
110,0,1,0,232,green,6549,T10
111,0,1,0,232,green,6549,T10
112,0,1,0,232,green,6549,T10
113,0,1,0,232,green,6549,T10
114,0,1,0,232,green,6549,T10
115,0,1,0,232,green,6549,T10
116,0,1,0,232,green,6549,T10
117,0,1,0,232,green,6549,T10
118,0,1,0,232,green,6549,T10
119,0,1,0,232,green,6549,T10
120,0,1,0,232,green,6549,T10
121,0,1,0,232,green,6549,T10
122,0,1,0,232,green,6549,T10
123,0,1,0,232,green,6549,T10
124,0,1,0,232,green,6549,T10
125,0,1,0,232,green,6549,T10
126,0,1,0,232,green,6549,T10
127,0,1,0,232,green,6549,T10
128,0,1,0,232,green,6549,T10
129,0,1,0,232,green,6549,T10
130,0,1,0,232,green,6549,T10
131,0,1,0,232,green,6549,T10
132,0,1,0,232,green,6549,T10
133,0,1,0,232,green,6549,T10
134,0,1,0,232,green,6549,T10
135,0,1,0,232,green,6549,T10
136,0,1,0,232,green,6549,T10
137,0,1,0,232,green,6549,T10
138,0,1,0,232,green,6549,T10
139,0,1,0,232,green,6549,T10
140,0,1,0,232,green,6549,T10
141,0,1,0,232,green,6549,T10
142,0,1,0,232,green,6549,T10
143,0,1,0,232,green,6549,T10
144,0,1,0,232,green,6549,T10
145,0,1,0,232,green,6549,T10
146,0,1,0,232,green,6549,T10
147,0,1,0,232,green,6549,T10
148,0,1,0,232,green,6549,T10
149,0,1,0,232,green,6549,T10
150,0,1,0,232,green,6549,T10
151,0,1,0,232,green,6549,T10
152,0,1,0,232,green,6549,T10
153,0,1,0,232,green,6549,T10
154,0,1,0,232,green,6549,T10
155,0,1,0,232,green,6549,T10
0,0,0,1,233,green,5531,T10
1,0,0,1,233,green,5531,T10
2,0,0,1,233,green,5531,T10
3,0,0,1,233,green,5531,T10
4,0,0,1,233,green,5531,T10
5,0,0,1,233,green,5531,T10
6,0,0,1,233,green,5531,T10
7,0,0,1,233,green,5531,T10
8,0,0,1,233,green,5531,T10
9,0,0,1,233,green,5531,T10
10,0,0,1,233,green,5531,T10
11,0,0,1,233,green,5531,T10
12,0,0,1,233,green,5531,T10
13,0,0,1,233,green,5531,T10
14,0,1,0,233,green,5531,T10
15,0,1,0,233,green,5531,T10
16,0,1,0,233,green,5531,T10
17,0,1,0,233,green,5531,T10
18,0,1,0,233,green,5531,T10
19,0,1,0,233,green,5531,T10
20,0,1,0,233,green,5531,T10
21,0,1,0,233,green,5531,T10
22,0,1,0,233,green,5531,T10
23,0,1,0,233,green,5531,T10
24,0,1,0,233,green,5531,T10
25,0,1,0,233,green,5531,T10
26,0,1,0,233,green,5531,T10
27,0,1,0,233,green,5531,T10
28,0,1,0,233,green,5531,T10
29,0,1,0,233,green,5531,T10
30,0,1,0,233,green,5531,T10
31,0,1,0,233,green,5531,T10
32,0,1,0,233,green,5531,T10
33,0,1,0,233,green,5531,T10
34,0,1,0,233,green,5531,T10
35,0,1,0,233,green,5531,T10
36,0,1,0,233,green,5531,T10
37,0,1,0,233,green,5531,T10
38,0,1,0,233,green,5531,T10
39,0,1,0,233,green,5531,T10
40,0,1,0,233,green,5531,T10
41,0,1,0,233,green,5531,T10
42,0,1,0,233,green,5531,T10
43,0,1,0,233,green,5531,T10
44,0,1,0,233,green,5531,T10
45,0,1,0,233,green,5531,T10
46,0,1,0,233,green,5531,T10
47,0,1,0,233,green,5531,T10
48,0,1,0,233,green,5531,T10
49,0,1,0,233,green,5531,T10
50,0,1,0,233,green,5531,T10
51,0,1,0,233,green,5531,T10
52,0,1,0,233,green,5531,T10
53,0,1,0,233,green,5531,T10
54,0,1,0,233,green,5531,T10
55,0,1,0,233,green,5531,T10
56,0,1,0,233,green,5531,T10
57,0,0,1,233,green,5531,T10
58,1,0,0,233,green,5531,T10
59,1,0,0,233,green,5531,T10
60,1,0,0,233,green,5531,T10
61,1,0,0,233,green,5531,T10
62,1,0,0,233,green,5531,T10
63,1,0,0,233,green,5531,T10
64,1,0,0,233,green,5531,T10
65,1,0,0,233,green,5531,T10
66,1,0,0,233,green,5531,T10
67,1,0,0,233,green,5531,T10
68,1,0,0,233,green,5531,T10
69,1,0,0,233,green,5531,T10
70,1,0,0,233,green,5531,T10
71,1,0,0,233,green,5531,T10
72,1,0,0,233,green,5531,T10
73,1,0,0,233,green,5531,T10
74,1,0,0,233,green,5531,T10
75,1,0,0,233,green,5531,T10
76,1,0,0,233,green,5531,T10
77,1,0,0,233,green,5531,T10
78,1,0,0,233,green,5531,T10
79,1,0,0,233,green,5531,T10
80,1,0,0,233,green,5531,T10
81,1,0,0,233,green,5531,T10
82,1,0,0,233,green,5531,T10
83,1,0,0,233,green,5531,T10
84,1,0,0,233,green,5531,T10
85,1,0,0,233,green,5531,T10
86,1,0,0,233,green,5531,T10
87,1,0,0,233,green,5531,T10
88,1,0,0,233,green,5531,T10
89,1,0,0,233,green,5531,T10
90,1,0,0,233,green,5531,T10
91,1,0,0,233,green,5531,T10
92,1,0,0,233,green,5531,T10
93,1,0,0,233,green,5531,T10
94,1,0,0,233,green,5531,T10
95,1,0,0,233,green,5531,T10
96,1,0,0,233,green,5531,T10
97,1,0,0,233,green,5531,T10
98,1,0,0,233,green,5531,T10
99,1,0,0,233,green,5531,T10
100,1,0,0,233,green,5531,T10
101,1,0,0,233,green,5531,T10
102,1,0,0,233,green,5531,T10
103,1,0,0,233,green,5531,T10
104,1,0,0,233,green,5531,T10
105,1,0,0,233,green,5531,T10
106,1,0,0,233,green,5531,T10
107,1,0,0,233,green,5531,T10
108,1,0,0,233,green,5531,T10
109,1,0,0,233,green,5531,T10
110,1,0,0,233,green,5531,T10
111,1,0,0,233,green,5531,T10
112,1,0,0,233,green,5531,T10
113,1,0,0,233,green,5531,T10
114,1,0,0,233,green,5531,T10
115,1,0,0,233,green,5531,T10
116,1,0,0,233,green,5531,T10
117,1,0,0,233,green,5531,T10
118,1,0,0,233,green,5531,T10
119,1,0,0,233,green,5531,T10
120,1,0,0,233,green,5531,T10
121,1,0,0,233,green,5531,T10
122,1,0,0,233,green,5531,T10
123,1,0,0,233,green,5531,T10
124,1,0,0,233,green,5531,T10
125,1,0,0,233,green,5531,T10
126,1,0,0,233,green,5531,T10
127,1,0,0,233,green,5531,T10
128,1,0,0,233,green,5531,T10
129,1,0,0,233,green,5531,T10
130,1,0,0,233,green,5531,T10
131,1,0,0,233,green,5531,T10
132,1,0,0,233,green,5531,T10
133,1,0,0,233,green,5531,T10
134,1,0,0,233,green,5531,T10
135,1,0,0,233,green,5531,T10
136,1,0,0,233,green,5531,T10
137,1,0,0,233,green,5531,T10
138,1,0,0,233,green,5531,T10
139,1,0,0,233,green,5531,T10
140,1,0,0,233,green,5531,T10
141,1,0,0,233,green,5531,T10
142,1,0,0,233,green,5531,T10
143,1,0,0,233,green,5531,T10
144,0,0,1,233,green,5531,T10
145,0,0,1,233,green,5531,T10
146,0,0,1,233,green,5531,T10
147,0,0,1,233,green,5531,T10
148,0,0,1,233,green,5531,T10
149,0,0,1,233,green,5531,T10
150,0,0,1,233,green,5531,T10
151,0,1,0,233,green,5531,T10
152,0,1,0,233,green,5531,T10
153,0,1,0,233,green,5531,T10
154,0,1,0,233,green,5531,T10
155,0,1,0,233,green,5531,T10
0,0,0,1,234,green,5949,T10
1,0,0,1,234,green,5949,T10
2,0,0,1,234,green,5949,T10
3,0,0,1,234,green,5949,T10
4,0,0,1,234,green,5949,T10
5,0,0,1,234,green,5949,T10
6,0,0,1,234,green,5949,T10
7,0,0,1,234,green,5949,T10
8,0,0,1,234,green,5949,T10
9,0,0,1,234,green,5949,T10
10,0,0,1,234,green,5949,T10
11,0,0,1,234,green,5949,T10
12,0,0,1,234,green,5949,T10
13,0,0,1,234,green,5949,T10
14,0,0,1,234,green,5949,T10
15,0,0,1,234,green,5949,T10
16,0,0,1,234,green,5949,T10
17,0,0,1,234,green,5949,T10
18,0,0,1,234,green,5949,T10
19,0,0,1,234,green,5949,T10
20,0,0,1,234,green,5949,T10
21,0,0,1,234,green,5949,T10
22,0,0,1,234,green,5949,T10
23,0,0,1,234,green,5949,T10
24,0,0,1,234,green,5949,T10
25,0,0,1,234,green,5949,T10
26,0,0,1,234,green,5949,T10
27,0,0,1,234,green,5949,T10
28,0,0,1,234,green,5949,T10
29,0,0,1,234,green,5949,T10
30,0,0,1,234,green,5949,T10
31,0,0,1,234,green,5949,T10
32,0,0,1,234,green,5949,T10
33,0,0,1,234,green,5949,T10
34,0,0,1,234,green,5949,T10
35,0,0,1,234,green,5949,T10
36,0,0,1,234,green,5949,T10
37,0,0,1,234,green,5949,T10
38,0,0,1,234,green,5949,T10
39,0,0,1,234,green,5949,T10
40,0,0,1,234,green,5949,T10
41,0,0,1,234,green,5949,T10
42,0,0,1,234,green,5949,T10
43,0,0,1,234,green,5949,T10
44,0,0,1,234,green,5949,T10
45,0,0,1,234,green,5949,T10
46,0,0,1,234,green,5949,T10
47,0,0,1,234,green,5949,T10
48,0,0,1,234,green,5949,T10
49,0,0,1,234,green,5949,T10
50,1,0,0,234,green,5949,T10
51,1,0,0,234,green,5949,T10
52,1,0,0,234,green,5949,T10
53,1,0,0,234,green,5949,T10
54,1,0,0,234,green,5949,T10
55,1,0,0,234,green,5949,T10
56,1,0,0,234,green,5949,T10
57,1,0,0,234,green,5949,T10
58,1,0,0,234,green,5949,T10
59,1,0,0,234,green,5949,T10
60,1,0,0,234,green,5949,T10
61,1,0,0,234,green,5949,T10
62,1,0,0,234,green,5949,T10
63,1,0,0,234,green,5949,T10
64,1,0,0,234,green,5949,T10
65,1,0,0,234,green,5949,T10
66,1,0,0,234,green,5949,T10
67,1,0,0,234,green,5949,T10
68,1,0,0,234,green,5949,T10
69,1,0,0,234,green,5949,T10
70,1,0,0,234,green,5949,T10
71,1,0,0,234,green,5949,T10
72,1,0,0,234,green,5949,T10
73,1,0,0,234,green,5949,T10
74,1,0,0,234,green,5949,T10
75,1,0,0,234,green,5949,T10
76,1,0,0,234,green,5949,T10
77,1,0,0,234,green,5949,T10
78,1,0,0,234,green,5949,T10
79,1,0,0,234,green,5949,T10
80,1,0,0,234,green,5949,T10
81,1,0,0,234,green,5949,T10
82,1,0,0,234,green,5949,T10
83,1,0,0,234,green,5949,T10
84,1,0,0,234,green,5949,T10
85,1,0,0,234,green,5949,T10
86,1,0,0,234,green,5949,T10
87,1,0,0,234,green,5949,T10
88,1,0,0,234,green,5949,T10
89,1,0,0,234,green,5949,T10
90,1,0,0,234,green,5949,T10
91,1,0,0,234,green,5949,T10
92,1,0,0,234,green,5949,T10
93,1,0,0,234,green,5949,T10
94,1,0,0,234,green,5949,T10
95,1,0,0,234,green,5949,T10
96,1,0,0,234,green,5949,T10
97,1,0,0,234,green,5949,T10
98,1,0,0,234,green,5949,T10
99,1,0,0,234,green,5949,T10
100,1,0,0,234,green,5949,T10
101,1,0,0,234,green,5949,T10
102,1,0,0,234,green,5949,T10
103,1,0,0,234,green,5949,T10
104,1,0,0,234,green,5949,T10
105,1,0,0,234,green,5949,T10
106,1,0,0,234,green,5949,T10
107,1,0,0,234,green,5949,T10
108,1,0,0,234,green,5949,T10
109,1,0,0,234,green,5949,T10
110,1,0,0,234,green,5949,T10
111,1,0,0,234,green,5949,T10
112,1,0,0,234,green,5949,T10
113,1,0,0,234,green,5949,T10
114,1,0,0,234,green,5949,T10
115,1,0,0,234,green,5949,T10
116,1,0,0,234,green,5949,T10
117,1,0,0,234,green,5949,T10
118,1,0,0,234,green,5949,T10
119,1,0,0,234,green,5949,T10
120,1,0,0,234,green,5949,T10
121,1,0,0,234,green,5949,T10
122,1,0,0,234,green,5949,T10
123,1,0,0,234,green,5949,T10
124,1,0,0,234,green,5949,T10
125,1,0,0,234,green,5949,T10
126,1,0,0,234,green,5949,T10
127,1,0,0,234,green,5949,T10
128,1,0,0,234,green,5949,T10
129,1,0,0,234,green,5949,T10
130,1,0,0,234,green,5949,T10
131,1,0,0,234,green,5949,T10
132,1,0,0,234,green,5949,T10
133,1,0,0,234,green,5949,T10
134,0,0,1,234,green,5949,T10
135,0,1,0,234,green,5949,T10
136,0,1,0,234,green,5949,T10
137,0,1,0,234,green,5949,T10
138,0,1,0,234,green,5949,T10
139,0,1,0,234,green,5949,T10
140,0,1,0,234,green,5949,T10
141,0,1,0,234,green,5949,T10
142,0,1,0,234,green,5949,T10
143,0,1,0,234,green,5949,T10
144,0,1,0,234,green,5949,T10
145,0,1,0,234,green,5949,T10
146,0,1,0,234,green,5949,T10
147,0,1,0,234,green,5949,T10
148,0,1,0,234,green,5949,T10
149,0,1,0,234,green,5949,T10
150,0,1,0,234,green,5949,T10
151,0,1,0,234,green,5949,T10
152,0,1,0,234,green,5949,T10
153,0,1,0,234,green,5949,T10
154,0,1,0,234,green,5949,T10
155,0,1,0,234,green,5949,T10
0,0,0,1,235,green,6174,T10
1,0,0,1,235,green,6174,T10
2,0,0,1,235,green,6174,T10
3,0,0,1,235,green,6174,T10
4,0,0,1,235,green,6174,T10
5,0,0,1,235,green,6174,T10
6,0,0,1,235,green,6174,T10
7,0,0,1,235,green,6174,T10
8,0,0,1,235,green,6174,T10
9,0,0,1,235,green,6174,T10
10,0,0,1,235,green,6174,T10
11,0,0,1,235,green,6174,T10
12,0,0,1,235,green,6174,T10
13,0,0,1,235,green,6174,T10
14,0,0,1,235,green,6174,T10
15,0,0,1,235,green,6174,T10
16,0,0,1,235,green,6174,T10
17,0,0,1,235,green,6174,T10
18,0,0,1,235,green,6174,T10
19,0,0,1,235,green,6174,T10
20,0,0,1,235,green,6174,T10
21,0,0,1,235,green,6174,T10
22,0,0,1,235,green,6174,T10
23,0,0,1,235,green,6174,T10
24,0,0,1,235,green,6174,T10
25,0,0,1,235,green,6174,T10
26,0,0,1,235,green,6174,T10
27,0,0,1,235,green,6174,T10
28,0,0,1,235,green,6174,T10
29,0,0,1,235,green,6174,T10
30,0,0,1,235,green,6174,T10
31,0,0,1,235,green,6174,T10
32,0,0,1,235,green,6174,T10
33,0,0,1,235,green,6174,T10
34,0,0,1,235,green,6174,T10
35,0,0,1,235,green,6174,T10
36,0,0,1,235,green,6174,T10
37,0,0,1,235,green,6174,T10
38,0,0,1,235,green,6174,T10
39,1,0,0,235,green,6174,T10
40,1,0,0,235,green,6174,T10
41,1,0,0,235,green,6174,T10
42,1,0,0,235,green,6174,T10
43,1,0,0,235,green,6174,T10
44,1,0,0,235,green,6174,T10
45,1,0,0,235,green,6174,T10
46,1,0,0,235,green,6174,T10
47,1,0,0,235,green,6174,T10
48,1,0,0,235,green,6174,T10
49,1,0,0,235,green,6174,T10
50,1,0,0,235,green,6174,T10
51,1,0,0,235,green,6174,T10
52,1,0,0,235,green,6174,T10
53,1,0,0,235,green,6174,T10
54,1,0,0,235,green,6174,T10
55,1,0,0,235,green,6174,T10
56,1,0,0,235,green,6174,T10
57,1,0,0,235,green,6174,T10
58,1,0,0,235,green,6174,T10
59,1,0,0,235,green,6174,T10
60,1,0,0,235,green,6174,T10
61,1,0,0,235,green,6174,T10
62,1,0,0,235,green,6174,T10
63,1,0,0,235,green,6174,T10
64,1,0,0,235,green,6174,T10
65,1,0,0,235,green,6174,T10
66,1,0,0,235,green,6174,T10
67,1,0,0,235,green,6174,T10
68,1,0,0,235,green,6174,T10
69,1,0,0,235,green,6174,T10
70,1,0,0,235,green,6174,T10
71,1,0,0,235,green,6174,T10
72,1,0,0,235,green,6174,T10
73,1,0,0,235,green,6174,T10
74,1,0,0,235,green,6174,T10
75,1,0,0,235,green,6174,T10
76,1,0,0,235,green,6174,T10
77,1,0,0,235,green,6174,T10
78,1,0,0,235,green,6174,T10
79,1,0,0,235,green,6174,T10
80,1,0,0,235,green,6174,T10
81,1,0,0,235,green,6174,T10
82,1,0,0,235,green,6174,T10
83,1,0,0,235,green,6174,T10
84,1,0,0,235,green,6174,T10
85,1,0,0,235,green,6174,T10
86,1,0,0,235,green,6174,T10
87,1,0,0,235,green,6174,T10
88,1,0,0,235,green,6174,T10
89,1,0,0,235,green,6174,T10
90,1,0,0,235,green,6174,T10
91,1,0,0,235,green,6174,T10
92,1,0,0,235,green,6174,T10
93,1,0,0,235,green,6174,T10
94,1,0,0,235,green,6174,T10
95,1,0,0,235,green,6174,T10
96,1,0,0,235,green,6174,T10
97,1,0,0,235,green,6174,T10
98,1,0,0,235,green,6174,T10
99,1,0,0,235,green,6174,T10
100,1,0,0,235,green,6174,T10
101,1,0,0,235,green,6174,T10
102,1,0,0,235,green,6174,T10
103,1,0,0,235,green,6174,T10
104,1,0,0,235,green,6174,T10
105,1,0,0,235,green,6174,T10
106,1,0,0,235,green,6174,T10
107,1,0,0,235,green,6174,T10
108,1,0,0,235,green,6174,T10
109,1,0,0,235,green,6174,T10
110,1,0,0,235,green,6174,T10
111,1,0,0,235,green,6174,T10
112,1,0,0,235,green,6174,T10
113,1,0,0,235,green,6174,T10
114,1,0,0,235,green,6174,T10
115,1,0,0,235,green,6174,T10
116,1,0,0,235,green,6174,T10
117,1,0,0,235,green,6174,T10
118,1,0,0,235,green,6174,T10
119,1,0,0,235,green,6174,T10
120,1,0,0,235,green,6174,T10
121,1,0,0,235,green,6174,T10
122,1,0,0,235,green,6174,T10
123,1,0,0,235,green,6174,T10
124,1,0,0,235,green,6174,T10
125,1,0,0,235,green,6174,T10
126,1,0,0,235,green,6174,T10
127,1,0,0,235,green,6174,T10
128,1,0,0,235,green,6174,T10
129,1,0,0,235,green,6174,T10
130,1,0,0,235,green,6174,T10
131,1,0,0,235,green,6174,T10
132,0,1,0,235,green,6174,T10
133,0,1,0,235,green,6174,T10
134,0,1,0,235,green,6174,T10
135,0,1,0,235,green,6174,T10
136,0,1,0,235,green,6174,T10
137,0,1,0,235,green,6174,T10
138,0,1,0,235,green,6174,T10
139,0,1,0,235,green,6174,T10
140,0,1,0,235,green,6174,T10
141,0,1,0,235,green,6174,T10
142,0,1,0,235,green,6174,T10
143,0,1,0,235,green,6174,T10
144,0,1,0,235,green,6174,T10
145,0,1,0,235,green,6174,T10
146,0,1,0,235,green,6174,T10
147,0,1,0,235,green,6174,T10
148,0,1,0,235,green,6174,T10
149,0,1,0,235,green,6174,T10
150,0,1,0,235,green,6174,T10
151,0,1,0,235,green,6174,T10
152,0,1,0,235,green,6174,T10
153,0,1,0,235,green,6174,T10
154,0,1,0,235,green,6174,T10
155,0,1,0,235,green,6174,T10
0,0,0,1,236,green,6057,T10
1,0,0,1,236,green,6057,T10
2,0,0,1,236,green,6057,T10
3,0,0,1,236,green,6057,T10
4,0,0,1,236,green,6057,T10
5,0,0,1,236,green,6057,T10
6,0,0,1,236,green,6057,T10
7,0,0,1,236,green,6057,T10
8,0,0,1,236,green,6057,T10
9,0,0,1,236,green,6057,T10
10,0,0,1,236,green,6057,T10
11,0,0,1,236,green,6057,T10
12,0,0,1,236,green,6057,T10
13,0,0,1,236,green,6057,T10
14,0,0,1,236,green,6057,T10
15,0,0,1,236,green,6057,T10
16,0,0,1,236,green,6057,T10
17,0,0,1,236,green,6057,T10
18,0,0,1,236,green,6057,T10
19,0,0,1,236,green,6057,T10
20,0,0,1,236,green,6057,T10
21,0,0,1,236,green,6057,T10
22,0,0,1,236,green,6057,T10
23,0,0,1,236,green,6057,T10
24,0,0,1,236,green,6057,T10
25,0,0,1,236,green,6057,T10
26,0,0,1,236,green,6057,T10
27,0,0,1,236,green,6057,T10
28,0,0,1,236,green,6057,T10
29,0,0,1,236,green,6057,T10
30,0,0,1,236,green,6057,T10
31,0,0,1,236,green,6057,T10
32,0,0,1,236,green,6057,T10
33,0,0,1,236,green,6057,T10
34,0,0,1,236,green,6057,T10
35,0,0,1,236,green,6057,T10
36,0,0,1,236,green,6057,T10
37,0,0,1,236,green,6057,T10
38,0,0,1,236,green,6057,T10
39,0,0,1,236,green,6057,T10
40,0,0,1,236,green,6057,T10
41,0,0,1,236,green,6057,T10
42,0,0,1,236,green,6057,T10
43,0,0,1,236,green,6057,T10
44,0,0,1,236,green,6057,T10
45,0,0,1,236,green,6057,T10
46,0,0,1,236,green,6057,T10
47,0,0,1,236,green,6057,T10
48,0,0,1,236,green,6057,T10
49,0,0,1,236,green,6057,T10
50,0,0,1,236,green,6057,T10
51,0,0,1,236,green,6057,T10
52,0,0,1,236,green,6057,T10
53,0,0,1,236,green,6057,T10
54,0,0,1,236,green,6057,T10
55,0,0,1,236,green,6057,T10
56,0,0,1,236,green,6057,T10
57,0,0,1,236,green,6057,T10
58,0,0,1,236,green,6057,T10
59,0,0,1,236,green,6057,T10
60,0,0,1,236,green,6057,T10
61,0,0,1,236,green,6057,T10
62,0,0,1,236,green,6057,T10
63,0,0,1,236,green,6057,T10
64,0,0,1,236,green,6057,T10
65,0,0,1,236,green,6057,T10
66,0,0,1,236,green,6057,T10
67,0,0,1,236,green,6057,T10
68,0,0,1,236,green,6057,T10
69,0,0,1,236,green,6057,T10
70,0,0,1,236,green,6057,T10
71,0,0,1,236,green,6057,T10
72,0,0,1,236,green,6057,T10
73,0,0,1,236,green,6057,T10
74,0,0,1,236,green,6057,T10
75,0,0,1,236,green,6057,T10
76,0,0,1,236,green,6057,T10
77,0,0,1,236,green,6057,T10
78,0,0,1,236,green,6057,T10
79,0,0,1,236,green,6057,T10
80,0,0,1,236,green,6057,T10
81,0,0,1,236,green,6057,T10
82,0,0,1,236,green,6057,T10
83,0,0,1,236,green,6057,T10
84,0,0,1,236,green,6057,T10
85,0,0,1,236,green,6057,T10
86,0,0,1,236,green,6057,T10
87,0,0,1,236,green,6057,T10
88,0,0,1,236,green,6057,T10
89,0,0,1,236,green,6057,T10
90,0,0,1,236,green,6057,T10
91,0,0,1,236,green,6057,T10
92,0,1,0,236,green,6057,T10
93,0,1,0,236,green,6057,T10
94,0,1,0,236,green,6057,T10
95,0,1,0,236,green,6057,T10
96,0,1,0,236,green,6057,T10
97,0,1,0,236,green,6057,T10
98,0,1,0,236,green,6057,T10
99,0,1,0,236,green,6057,T10
100,0,1,0,236,green,6057,T10
101,0,1,0,236,green,6057,T10
102,0,1,0,236,green,6057,T10
103,0,1,0,236,green,6057,T10
104,0,1,0,236,green,6057,T10
105,0,1,0,236,green,6057,T10
106,0,1,0,236,green,6057,T10
107,0,1,0,236,green,6057,T10
108,0,1,0,236,green,6057,T10
109,0,1,0,236,green,6057,T10
110,0,1,0,236,green,6057,T10
111,0,1,0,236,green,6057,T10
112,0,1,0,236,green,6057,T10
113,0,1,0,236,green,6057,T10
114,0,1,0,236,green,6057,T10
115,0,1,0,236,green,6057,T10
116,0,1,0,236,green,6057,T10
117,0,1,0,236,green,6057,T10
118,0,1,0,236,green,6057,T10
119,0,1,0,236,green,6057,T10
120,0,1,0,236,green,6057,T10
121,0,1,0,236,green,6057,T10
122,0,1,0,236,green,6057,T10
123,0,1,0,236,green,6057,T10
124,0,1,0,236,green,6057,T10
125,0,1,0,236,green,6057,T10
126,0,1,0,236,green,6057,T10
127,0,1,0,236,green,6057,T10
128,0,1,0,236,green,6057,T10
129,0,1,0,236,green,6057,T10
130,0,1,0,236,green,6057,T10
131,0,1,0,236,green,6057,T10
132,0,1,0,236,green,6057,T10
133,0,1,0,236,green,6057,T10
134,0,1,0,236,green,6057,T10
135,0,1,0,236,green,6057,T10
136,0,1,0,236,green,6057,T10
137,0,1,0,236,green,6057,T10
138,0,1,0,236,green,6057,T10
139,0,1,0,236,green,6057,T10
140,0,1,0,236,green,6057,T10
141,0,1,0,236,green,6057,T10
142,0,1,0,236,green,6057,T10
143,0,1,0,236,green,6057,T10
144,0,1,0,236,green,6057,T10
145,0,1,0,236,green,6057,T10
146,0,1,0,236,green,6057,T10
147,0,1,0,236,green,6057,T10
148,0,1,0,236,green,6057,T10
149,0,1,0,236,green,6057,T10
150,0,1,0,236,green,6057,T10
151,0,1,0,236,green,6057,T10
152,0,1,0,236,green,6057,T10
153,0,1,0,236,green,6057,T10
154,0,1,0,236,green,6057,T10
155,0,1,0,236,green,6057,T10
0,1,0,0,237,green,5841,T10
1,1,0,0,237,green,5841,T10
2,1,0,0,237,green,5841,T10
3,1,0,0,237,green,5841,T10
4,1,0,0,237,green,5841,T10
5,1,0,0,237,green,5841,T10
6,1,0,0,237,green,5841,T10
7,1,0,0,237,green,5841,T10
8,1,0,0,237,green,5841,T10
9,1,0,0,237,green,5841,T10
10,1,0,0,237,green,5841,T10
11,1,0,0,237,green,5841,T10
12,1,0,0,237,green,5841,T10
13,1,0,0,237,green,5841,T10
14,1,0,0,237,green,5841,T10
15,1,0,0,237,green,5841,T10
16,1,0,0,237,green,5841,T10
17,1,0,0,237,green,5841,T10
18,1,0,0,237,green,5841,T10
19,1,0,0,237,green,5841,T10
20,1,0,0,237,green,5841,T10
21,1,0,0,237,green,5841,T10
22,1,0,0,237,green,5841,T10
23,1,0,0,237,green,5841,T10
24,1,0,0,237,green,5841,T10
25,1,0,0,237,green,5841,T10
26,1,0,0,237,green,5841,T10
27,1,0,0,237,green,5841,T10
28,1,0,0,237,green,5841,T10
29,1,0,0,237,green,5841,T10
30,1,0,0,237,green,5841,T10
31,1,0,0,237,green,5841,T10
32,1,0,0,237,green,5841,T10
33,1,0,0,237,green,5841,T10
34,1,0,0,237,green,5841,T10
35,1,0,0,237,green,5841,T10
36,1,0,0,237,green,5841,T10
37,1,0,0,237,green,5841,T10
38,1,0,0,237,green,5841,T10
39,1,0,0,237,green,5841,T10
40,1,0,0,237,green,5841,T10
41,1,0,0,237,green,5841,T10
42,1,0,0,237,green,5841,T10
43,1,0,0,237,green,5841,T10
44,1,0,0,237,green,5841,T10
45,1,0,0,237,green,5841,T10
46,1,0,0,237,green,5841,T10
47,1,0,0,237,green,5841,T10
48,1,0,0,237,green,5841,T10
49,1,0,0,237,green,5841,T10
50,1,0,0,237,green,5841,T10
51,1,0,0,237,green,5841,T10
52,1,0,0,237,green,5841,T10
53,1,0,0,237,green,5841,T10
54,1,0,0,237,green,5841,T10
55,1,0,0,237,green,5841,T10
56,1,0,0,237,green,5841,T10
57,1,0,0,237,green,5841,T10
58,1,0,0,237,green,5841,T10
59,1,0,0,237,green,5841,T10
60,1,0,0,237,green,5841,T10
61,1,0,0,237,green,5841,T10
62,1,0,0,237,green,5841,T10
63,1,0,0,237,green,5841,T10
64,1,0,0,237,green,5841,T10
65,1,0,0,237,green,5841,T10
66,1,0,0,237,green,5841,T10
67,1,0,0,237,green,5841,T10
68,1,0,0,237,green,5841,T10
69,1,0,0,237,green,5841,T10
70,1,0,0,237,green,5841,T10
71,1,0,0,237,green,5841,T10
72,1,0,0,237,green,5841,T10
73,1,0,0,237,green,5841,T10
74,1,0,0,237,green,5841,T10
75,1,0,0,237,green,5841,T10
76,1,0,0,237,green,5841,T10
77,1,0,0,237,green,5841,T10
78,1,0,0,237,green,5841,T10
79,1,0,0,237,green,5841,T10
80,1,0,0,237,green,5841,T10
81,1,0,0,237,green,5841,T10
82,1,0,0,237,green,5841,T10
83,1,0,0,237,green,5841,T10
84,1,0,0,237,green,5841,T10
85,1,0,0,237,green,5841,T10
86,1,0,0,237,green,5841,T10
87,1,0,0,237,green,5841,T10
88,1,0,0,237,green,5841,T10
89,1,0,0,237,green,5841,T10
90,1,0,0,237,green,5841,T10
91,1,0,0,237,green,5841,T10
92,1,0,0,237,green,5841,T10
93,1,0,0,237,green,5841,T10
94,1,0,0,237,green,5841,T10
95,1,0,0,237,green,5841,T10
96,1,0,0,237,green,5841,T10
97,1,0,0,237,green,5841,T10
98,1,0,0,237,green,5841,T10
99,1,0,0,237,green,5841,T10
100,1,0,0,237,green,5841,T10
101,1,0,0,237,green,5841,T10
102,1,0,0,237,green,5841,T10
103,1,0,0,237,green,5841,T10
104,1,0,0,237,green,5841,T10
105,1,0,0,237,green,5841,T10
106,1,0,0,237,green,5841,T10
107,1,0,0,237,green,5841,T10
108,1,0,0,237,green,5841,T10
109,1,0,0,237,green,5841,T10
110,1,0,0,237,green,5841,T10
111,1,0,0,237,green,5841,T10
112,1,0,0,237,green,5841,T10
113,1,0,0,237,green,5841,T10
114,1,0,0,237,green,5841,T10
115,1,0,0,237,green,5841,T10
116,1,0,0,237,green,5841,T10
117,1,0,0,237,green,5841,T10
118,1,0,0,237,green,5841,T10
119,1,0,0,237,green,5841,T10
120,1,0,0,237,green,5841,T10
121,1,0,0,237,green,5841,T10
122,1,0,0,237,green,5841,T10
123,1,0,0,237,green,5841,T10
124,1,0,0,237,green,5841,T10
125,1,0,0,237,green,5841,T10
126,1,0,0,237,green,5841,T10
127,1,0,0,237,green,5841,T10
128,1,0,0,237,green,5841,T10
129,1,0,0,237,green,5841,T10
130,1,0,0,237,green,5841,T10
131,1,0,0,237,green,5841,T10
132,1,0,0,237,green,5841,T10
133,1,0,0,237,green,5841,T10
134,1,0,0,237,green,5841,T10
135,1,0,0,237,green,5841,T10
136,0,1,0,237,green,5841,T10
137,0,1,0,237,green,5841,T10
138,0,1,0,237,green,5841,T10
139,0,1,0,237,green,5841,T10
140,0,1,0,237,green,5841,T10
141,0,1,0,237,green,5841,T10
142,0,1,0,237,green,5841,T10
143,0,1,0,237,green,5841,T10
144,0,1,0,237,green,5841,T10
145,0,1,0,237,green,5841,T10
146,0,1,0,237,green,5841,T10
147,0,1,0,237,green,5841,T10
148,0,1,0,237,green,5841,T10
149,0,1,0,237,green,5841,T10
150,0,1,0,237,green,5841,T10
151,0,1,0,237,green,5841,T10
152,0,1,0,237,green,5841,T10
153,0,1,0,237,green,5841,T10
154,0,1,0,237,green,5841,T10
155,0,1,0,237,green,5841,T10
0,0,0,1,238,green,6484,T10
1,0,0,1,238,green,6484,T10
2,0,0,1,238,green,6484,T10
3,0,0,1,238,green,6484,T10
4,0,0,1,238,green,6484,T10
5,0,0,1,238,green,6484,T10
6,0,0,1,238,green,6484,T10
7,0,0,1,238,green,6484,T10
8,0,0,1,238,green,6484,T10
9,0,0,1,238,green,6484,T10
10,0,0,1,238,green,6484,T10
11,0,0,1,238,green,6484,T10
12,0,0,1,238,green,6484,T10
13,0,0,1,238,green,6484,T10
14,0,0,1,238,green,6484,T10
15,0,0,1,238,green,6484,T10
16,0,0,1,238,green,6484,T10
17,0,0,1,238,green,6484,T10
18,0,0,1,238,green,6484,T10
19,0,0,1,238,green,6484,T10
20,0,0,1,238,green,6484,T10
21,0,0,1,238,green,6484,T10
22,0,0,1,238,green,6484,T10
23,0,0,1,238,green,6484,T10
24,0,0,1,238,green,6484,T10
25,0,0,1,238,green,6484,T10
26,0,0,1,238,green,6484,T10
27,0,0,1,238,green,6484,T10
28,0,0,1,238,green,6484,T10
29,0,0,1,238,green,6484,T10
30,0,0,1,238,green,6484,T10
31,0,0,1,238,green,6484,T10
32,0,0,1,238,green,6484,T10
33,0,0,1,238,green,6484,T10
34,0,0,1,238,green,6484,T10
35,0,0,1,238,green,6484,T10
36,0,0,1,238,green,6484,T10
37,0,0,1,238,green,6484,T10
38,0,0,1,238,green,6484,T10
39,0,0,1,238,green,6484,T10
40,0,0,1,238,green,6484,T10
41,0,0,1,238,green,6484,T10
42,0,0,1,238,green,6484,T10
43,0,0,1,238,green,6484,T10
44,0,0,1,238,green,6484,T10
45,0,0,1,238,green,6484,T10
46,0,0,1,238,green,6484,T10
47,0,0,1,238,green,6484,T10
48,0,0,1,238,green,6484,T10
49,0,0,1,238,green,6484,T10
50,0,0,1,238,green,6484,T10
51,0,0,1,238,green,6484,T10
52,0,1,0,238,green,6484,T10
53,0,1,0,238,green,6484,T10
54,0,1,0,238,green,6484,T10
55,0,1,0,238,green,6484,T10
56,0,1,0,238,green,6484,T10
57,0,1,0,238,green,6484,T10
58,0,1,0,238,green,6484,T10
59,0,1,0,238,green,6484,T10
60,0,1,0,238,green,6484,T10
61,0,1,0,238,green,6484,T10
62,0,1,0,238,green,6484,T10
63,0,1,0,238,green,6484,T10
64,0,1,0,238,green,6484,T10
65,0,1,0,238,green,6484,T10
66,0,1,0,238,green,6484,T10
67,0,1,0,238,green,6484,T10
68,0,1,0,238,green,6484,T10
69,0,1,0,238,green,6484,T10
70,0,1,0,238,green,6484,T10
71,0,1,0,238,green,6484,T10
72,0,1,0,238,green,6484,T10
73,0,1,0,238,green,6484,T10
74,0,1,0,238,green,6484,T10
75,0,1,0,238,green,6484,T10
76,0,1,0,238,green,6484,T10
77,0,1,0,238,green,6484,T10
78,0,1,0,238,green,6484,T10
79,0,1,0,238,green,6484,T10
80,0,1,0,238,green,6484,T10
81,0,1,0,238,green,6484,T10
82,0,1,0,238,green,6484,T10
83,0,1,0,238,green,6484,T10
84,0,1,0,238,green,6484,T10
85,0,1,0,238,green,6484,T10
86,0,1,0,238,green,6484,T10
87,0,1,0,238,green,6484,T10
88,0,1,0,238,green,6484,T10
89,0,1,0,238,green,6484,T10
90,0,1,0,238,green,6484,T10
91,0,1,0,238,green,6484,T10
92,0,1,0,238,green,6484,T10
93,0,1,0,238,green,6484,T10
94,0,1,0,238,green,6484,T10
95,0,1,0,238,green,6484,T10
96,0,1,0,238,green,6484,T10
97,0,1,0,238,green,6484,T10
98,0,1,0,238,green,6484,T10
99,0,1,0,238,green,6484,T10
100,0,1,0,238,green,6484,T10
101,0,1,0,238,green,6484,T10
102,0,1,0,238,green,6484,T10
103,0,1,0,238,green,6484,T10
104,0,1,0,238,green,6484,T10
105,0,1,0,238,green,6484,T10
106,0,1,0,238,green,6484,T10
107,0,1,0,238,green,6484,T10
108,0,1,0,238,green,6484,T10
109,0,1,0,238,green,6484,T10
110,0,1,0,238,green,6484,T10
111,0,1,0,238,green,6484,T10
112,0,1,0,238,green,6484,T10
113,0,1,0,238,green,6484,T10
114,0,1,0,238,green,6484,T10
115,0,1,0,238,green,6484,T10
116,0,1,0,238,green,6484,T10
117,0,1,0,238,green,6484,T10
118,0,1,0,238,green,6484,T10
119,0,1,0,238,green,6484,T10
120,0,1,0,238,green,6484,T10
121,0,1,0,238,green,6484,T10
122,0,1,0,238,green,6484,T10
123,0,1,0,238,green,6484,T10
124,0,1,0,238,green,6484,T10
125,0,1,0,238,green,6484,T10
126,0,1,0,238,green,6484,T10
127,0,1,0,238,green,6484,T10
128,0,1,0,238,green,6484,T10
129,0,1,0,238,green,6484,T10
130,0,1,0,238,green,6484,T10
131,0,1,0,238,green,6484,T10
132,0,1,0,238,green,6484,T10
133,0,1,0,238,green,6484,T10
134,0,1,0,238,green,6484,T10
135,0,1,0,238,green,6484,T10
136,0,1,0,238,green,6484,T10
137,0,1,0,238,green,6484,T10
138,0,1,0,238,green,6484,T10
139,0,1,0,238,green,6484,T10
140,0,1,0,238,green,6484,T10
141,0,1,0,238,green,6484,T10
142,0,1,0,238,green,6484,T10
143,0,1,0,238,green,6484,T10
144,0,1,0,238,green,6484,T10
145,0,1,0,238,green,6484,T10
146,0,1,0,238,green,6484,T10
147,0,1,0,238,green,6484,T10
148,0,1,0,238,green,6484,T10
149,0,1,0,238,green,6484,T10
150,0,1,0,238,green,6484,T10
151,0,1,0,238,green,6484,T10
152,0,1,0,238,green,6484,T10
153,0,1,0,238,green,6484,T10
154,0,1,0,238,green,6484,T10
155,0,1,0,238,green,6484,T10
0,0,0,1,239,green,6982,T10
1,0,0,1,239,green,6982,T10
2,0,0,1,239,green,6982,T10
3,0,0,1,239,green,6982,T10
4,0,0,1,239,green,6982,T10
5,0,0,1,239,green,6982,T10
6,0,0,1,239,green,6982,T10
7,0,0,1,239,green,6982,T10
8,0,0,1,239,green,6982,T10
9,0,0,1,239,green,6982,T10
10,0,0,1,239,green,6982,T10
11,0,0,1,239,green,6982,T10
12,0,0,1,239,green,6982,T10
13,0,0,1,239,green,6982,T10
14,0,0,1,239,green,6982,T10
15,0,0,1,239,green,6982,T10
16,0,0,1,239,green,6982,T10
17,0,0,1,239,green,6982,T10
18,0,0,1,239,green,6982,T10
19,0,0,1,239,green,6982,T10
20,0,0,1,239,green,6982,T10
21,0,0,1,239,green,6982,T10
22,0,0,1,239,green,6982,T10
23,0,0,1,239,green,6982,T10
24,0,0,1,239,green,6982,T10
25,0,0,1,239,green,6982,T10
26,0,0,1,239,green,6982,T10
27,0,0,1,239,green,6982,T10
28,0,0,1,239,green,6982,T10
29,0,0,1,239,green,6982,T10
30,0,0,1,239,green,6982,T10
31,0,0,1,239,green,6982,T10
32,0,0,1,239,green,6982,T10
33,0,0,1,239,green,6982,T10
34,0,0,1,239,green,6982,T10
35,0,0,1,239,green,6982,T10
36,0,0,1,239,green,6982,T10
37,0,0,1,239,green,6982,T10
38,0,0,1,239,green,6982,T10
39,0,0,1,239,green,6982,T10
40,0,0,1,239,green,6982,T10
41,0,0,1,239,green,6982,T10
42,0,0,1,239,green,6982,T10
43,0,0,1,239,green,6982,T10
44,0,0,1,239,green,6982,T10
45,0,0,1,239,green,6982,T10
46,0,0,1,239,green,6982,T10
47,0,0,1,239,green,6982,T10
48,0,0,1,239,green,6982,T10
49,0,0,1,239,green,6982,T10
50,0,0,1,239,green,6982,T10
51,0,0,1,239,green,6982,T10
52,0,0,1,239,green,6982,T10
53,0,0,1,239,green,6982,T10
54,0,0,1,239,green,6982,T10
55,0,0,1,239,green,6982,T10
56,0,0,1,239,green,6982,T10
57,0,0,1,239,green,6982,T10
58,0,0,1,239,green,6982,T10
59,0,0,1,239,green,6982,T10
60,0,0,1,239,green,6982,T10
61,0,0,1,239,green,6982,T10
62,0,0,1,239,green,6982,T10
63,0,0,1,239,green,6982,T10
64,0,0,1,239,green,6982,T10
65,0,0,1,239,green,6982,T10
66,0,0,1,239,green,6982,T10
67,0,0,1,239,green,6982,T10
68,0,0,1,239,green,6982,T10
69,0,0,1,239,green,6982,T10
70,0,0,1,239,green,6982,T10
71,0,0,1,239,green,6982,T10
72,0,0,1,239,green,6982,T10
73,0,0,1,239,green,6982,T10
74,0,0,1,239,green,6982,T10
75,0,0,1,239,green,6982,T10
76,0,0,1,239,green,6982,T10
77,0,0,1,239,green,6982,T10
78,0,0,1,239,green,6982,T10
79,0,0,1,239,green,6982,T10
80,0,0,1,239,green,6982,T10
81,0,0,1,239,green,6982,T10
82,0,0,1,239,green,6982,T10
83,0,0,1,239,green,6982,T10
84,1,0,0,239,green,6982,T10
85,1,0,0,239,green,6982,T10
86,1,0,0,239,green,6982,T10
87,1,0,0,239,green,6982,T10
88,1,0,0,239,green,6982,T10
89,1,0,0,239,green,6982,T10
90,1,0,0,239,green,6982,T10
91,1,0,0,239,green,6982,T10
92,1,0,0,239,green,6982,T10
93,1,0,0,239,green,6982,T10
94,1,0,0,239,green,6982,T10
95,1,0,0,239,green,6982,T10
96,1,0,0,239,green,6982,T10
97,1,0,0,239,green,6982,T10
98,1,0,0,239,green,6982,T10
99,1,0,0,239,green,6982,T10
100,1,0,0,239,green,6982,T10
101,1,0,0,239,green,6982,T10
102,1,0,0,239,green,6982,T10
103,1,0,0,239,green,6982,T10
104,1,0,0,239,green,6982,T10
105,1,0,0,239,green,6982,T10
106,1,0,0,239,green,6982,T10
107,1,0,0,239,green,6982,T10
108,1,0,0,239,green,6982,T10
109,1,0,0,239,green,6982,T10
110,1,0,0,239,green,6982,T10
111,1,0,0,239,green,6982,T10
112,1,0,0,239,green,6982,T10
113,1,0,0,239,green,6982,T10
114,1,0,0,239,green,6982,T10
115,1,0,0,239,green,6982,T10
116,1,0,0,239,green,6982,T10
117,1,0,0,239,green,6982,T10
118,1,0,0,239,green,6982,T10
119,1,0,0,239,green,6982,T10
120,1,0,0,239,green,6982,T10
121,1,0,0,239,green,6982,T10
122,1,0,0,239,green,6982,T10
123,1,0,0,239,green,6982,T10
124,1,0,0,239,green,6982,T10
125,1,0,0,239,green,6982,T10
126,1,0,0,239,green,6982,T10
127,1,0,0,239,green,6982,T10
128,1,0,0,239,green,6982,T10
129,1,0,0,239,green,6982,T10
130,1,0,0,239,green,6982,T10
131,0,0,1,239,green,6982,T10
132,0,1,0,239,green,6982,T10
133,0,1,0,239,green,6982,T10
134,0,1,0,239,green,6982,T10
135,0,1,0,239,green,6982,T10
136,0,1,0,239,green,6982,T10
137,0,1,0,239,green,6982,T10
138,0,1,0,239,green,6982,T10
139,0,1,0,239,green,6982,T10
140,0,1,0,239,green,6982,T10
141,0,1,0,239,green,6982,T10
142,0,1,0,239,green,6982,T10
143,0,1,0,239,green,6982,T10
144,0,1,0,239,green,6982,T10
145,0,1,0,239,green,6982,T10
146,0,1,0,239,green,6982,T10
147,0,1,0,239,green,6982,T10
148,0,1,0,239,green,6982,T10
149,0,1,0,239,green,6982,T10
150,0,1,0,239,green,6982,T10
151,0,1,0,239,green,6982,T10
152,0,1,0,239,green,6982,T10
153,0,1,0,239,green,6982,T10
154,0,1,0,239,green,6982,T10
155,0,1,0,239,green,6982,T10
0,0,0,1,240,green,6295,T10
1,0,0,1,240,green,6295,T10
2,0,0,1,240,green,6295,T10
3,0,0,1,240,green,6295,T10
4,0,0,1,240,green,6295,T10
5,0,0,1,240,green,6295,T10
6,0,0,1,240,green,6295,T10
7,0,0,1,240,green,6295,T10
8,0,0,1,240,green,6295,T10
9,0,0,1,240,green,6295,T10
10,0,0,1,240,green,6295,T10
11,0,0,1,240,green,6295,T10
12,0,0,1,240,green,6295,T10
13,0,0,1,240,green,6295,T10
14,0,0,1,240,green,6295,T10
15,0,0,1,240,green,6295,T10
16,0,0,1,240,green,6295,T10
17,0,0,1,240,green,6295,T10
18,0,0,1,240,green,6295,T10
19,0,0,1,240,green,6295,T10
20,0,0,1,240,green,6295,T10
21,0,0,1,240,green,6295,T10
22,0,0,1,240,green,6295,T10
23,0,0,1,240,green,6295,T10
24,0,0,1,240,green,6295,T10
25,0,0,1,240,green,6295,T10
26,0,0,1,240,green,6295,T10
27,0,0,1,240,green,6295,T10
28,0,0,1,240,green,6295,T10
29,0,0,1,240,green,6295,T10
30,0,0,1,240,green,6295,T10
31,0,0,1,240,green,6295,T10
32,1,0,0,240,green,6295,T10
33,1,0,0,240,green,6295,T10
34,1,0,0,240,green,6295,T10
35,1,0,0,240,green,6295,T10
36,1,0,0,240,green,6295,T10
37,1,0,0,240,green,6295,T10
38,1,0,0,240,green,6295,T10
39,1,0,0,240,green,6295,T10
40,1,0,0,240,green,6295,T10
41,1,0,0,240,green,6295,T10
42,1,0,0,240,green,6295,T10
43,1,0,0,240,green,6295,T10
44,1,0,0,240,green,6295,T10
45,1,0,0,240,green,6295,T10
46,1,0,0,240,green,6295,T10
47,1,0,0,240,green,6295,T10
48,1,0,0,240,green,6295,T10
49,1,0,0,240,green,6295,T10
50,1,0,0,240,green,6295,T10
51,0,0,1,240,green,6295,T10
52,0,0,1,240,green,6295,T10
53,0,0,1,240,green,6295,T10
54,0,1,0,240,green,6295,T10
55,0,1,0,240,green,6295,T10
56,0,1,0,240,green,6295,T10
57,0,1,0,240,green,6295,T10
58,0,1,0,240,green,6295,T10
59,0,1,0,240,green,6295,T10
60,0,1,0,240,green,6295,T10
61,0,1,0,240,green,6295,T10
62,0,1,0,240,green,6295,T10
63,0,1,0,240,green,6295,T10
64,0,1,0,240,green,6295,T10
65,0,1,0,240,green,6295,T10
66,0,1,0,240,green,6295,T10
67,0,1,0,240,green,6295,T10
68,0,1,0,240,green,6295,T10
69,0,1,0,240,green,6295,T10
70,0,1,0,240,green,6295,T10
71,0,1,0,240,green,6295,T10
72,0,1,0,240,green,6295,T10
73,0,1,0,240,green,6295,T10
74,0,1,0,240,green,6295,T10
75,0,1,0,240,green,6295,T10
76,0,1,0,240,green,6295,T10
77,0,1,0,240,green,6295,T10
78,0,1,0,240,green,6295,T10
79,0,1,0,240,green,6295,T10
80,0,1,0,240,green,6295,T10
81,0,1,0,240,green,6295,T10
82,0,1,0,240,green,6295,T10
83,0,1,0,240,green,6295,T10
84,0,1,0,240,green,6295,T10
85,0,1,0,240,green,6295,T10
86,0,1,0,240,green,6295,T10
87,0,1,0,240,green,6295,T10
88,0,1,0,240,green,6295,T10
89,0,1,0,240,green,6295,T10
90,0,1,0,240,green,6295,T10
91,0,1,0,240,green,6295,T10
92,0,1,0,240,green,6295,T10
93,0,1,0,240,green,6295,T10
94,0,1,0,240,green,6295,T10
95,0,1,0,240,green,6295,T10
96,0,1,0,240,green,6295,T10
97,0,1,0,240,green,6295,T10
98,0,1,0,240,green,6295,T10
99,0,1,0,240,green,6295,T10
100,0,1,0,240,green,6295,T10
101,0,1,0,240,green,6295,T10
102,0,1,0,240,green,6295,T10
103,0,1,0,240,green,6295,T10
104,0,1,0,240,green,6295,T10
105,0,1,0,240,green,6295,T10
106,0,1,0,240,green,6295,T10
107,0,1,0,240,green,6295,T10
108,0,1,0,240,green,6295,T10
109,0,1,0,240,green,6295,T10
110,0,1,0,240,green,6295,T10
111,0,1,0,240,green,6295,T10
112,0,1,0,240,green,6295,T10
113,0,1,0,240,green,6295,T10
114,0,1,0,240,green,6295,T10
115,0,1,0,240,green,6295,T10
116,0,1,0,240,green,6295,T10
117,0,1,0,240,green,6295,T10
118,0,1,0,240,green,6295,T10
119,0,1,0,240,green,6295,T10
120,0,1,0,240,green,6295,T10
121,0,1,0,240,green,6295,T10
122,0,1,0,240,green,6295,T10
123,0,1,0,240,green,6295,T10
124,0,1,0,240,green,6295,T10
125,0,1,0,240,green,6295,T10
126,0,1,0,240,green,6295,T10
127,0,1,0,240,green,6295,T10
128,0,1,0,240,green,6295,T10
129,0,1,0,240,green,6295,T10
130,0,1,0,240,green,6295,T10
131,0,1,0,240,green,6295,T10
132,0,1,0,240,green,6295,T10
133,0,1,0,240,green,6295,T10
134,0,1,0,240,green,6295,T10
135,0,1,0,240,green,6295,T10
136,0,1,0,240,green,6295,T10
137,0,1,0,240,green,6295,T10
138,0,1,0,240,green,6295,T10
139,0,1,0,240,green,6295,T10
140,0,1,0,240,green,6295,T10
141,0,1,0,240,green,6295,T10
142,0,1,0,240,green,6295,T10
143,0,1,0,240,green,6295,T10
144,0,1,0,240,green,6295,T10
145,0,1,0,240,green,6295,T10
146,0,1,0,240,green,6295,T10
147,0,1,0,240,green,6295,T10
148,0,1,0,240,green,6295,T10
149,0,1,0,240,green,6295,T10
150,0,1,0,240,green,6295,T10
151,0,1,0,240,green,6295,T10
152,0,1,0,240,green,6295,T10
153,0,1,0,240,green,6295,T10
154,0,1,0,240,green,6295,T10
155,0,1,0,240,green,6295,T10
0,0,0,1,241,green,6848,T10
1,0,0,1,241,green,6848,T10
2,0,0,1,241,green,6848,T10
3,0,0,1,241,green,6848,T10
4,0,0,1,241,green,6848,T10
5,0,0,1,241,green,6848,T10
6,0,0,1,241,green,6848,T10
7,0,0,1,241,green,6848,T10
8,0,0,1,241,green,6848,T10
9,0,0,1,241,green,6848,T10
10,0,0,1,241,green,6848,T10
11,0,0,1,241,green,6848,T10
12,0,0,1,241,green,6848,T10
13,0,0,1,241,green,6848,T10
14,0,0,1,241,green,6848,T10
15,0,0,1,241,green,6848,T10
16,0,0,1,241,green,6848,T10
17,0,0,1,241,green,6848,T10
18,0,0,1,241,green,6848,T10
19,0,0,1,241,green,6848,T10
20,0,0,1,241,green,6848,T10
21,0,0,1,241,green,6848,T10
22,0,0,1,241,green,6848,T10
23,0,0,1,241,green,6848,T10
24,0,0,1,241,green,6848,T10
25,0,0,1,241,green,6848,T10
26,0,0,1,241,green,6848,T10
27,0,0,1,241,green,6848,T10
28,0,0,1,241,green,6848,T10
29,0,0,1,241,green,6848,T10
30,0,0,1,241,green,6848,T10
31,0,0,1,241,green,6848,T10
32,0,0,1,241,green,6848,T10
33,0,0,1,241,green,6848,T10
34,0,0,1,241,green,6848,T10
35,0,0,1,241,green,6848,T10
36,0,0,1,241,green,6848,T10
37,1,0,0,241,green,6848,T10
38,1,0,0,241,green,6848,T10
39,1,0,0,241,green,6848,T10
40,1,0,0,241,green,6848,T10
41,1,0,0,241,green,6848,T10
42,1,0,0,241,green,6848,T10
43,1,0,0,241,green,6848,T10
44,1,0,0,241,green,6848,T10
45,1,0,0,241,green,6848,T10
46,1,0,0,241,green,6848,T10
47,1,0,0,241,green,6848,T10
48,1,0,0,241,green,6848,T10
49,1,0,0,241,green,6848,T10
50,1,0,0,241,green,6848,T10
51,1,0,0,241,green,6848,T10
52,1,0,0,241,green,6848,T10
53,1,0,0,241,green,6848,T10
54,1,0,0,241,green,6848,T10
55,1,0,0,241,green,6848,T10
56,1,0,0,241,green,6848,T10
57,1,0,0,241,green,6848,T10
58,1,0,0,241,green,6848,T10
59,1,0,0,241,green,6848,T10
60,1,0,0,241,green,6848,T10
61,1,0,0,241,green,6848,T10
62,1,0,0,241,green,6848,T10
63,1,0,0,241,green,6848,T10
64,1,0,0,241,green,6848,T10
65,1,0,0,241,green,6848,T10
66,1,0,0,241,green,6848,T10
67,1,0,0,241,green,6848,T10
68,1,0,0,241,green,6848,T10
69,1,0,0,241,green,6848,T10
70,1,0,0,241,green,6848,T10
71,1,0,0,241,green,6848,T10
72,1,0,0,241,green,6848,T10
73,1,0,0,241,green,6848,T10
74,1,0,0,241,green,6848,T10
75,1,0,0,241,green,6848,T10
76,1,0,0,241,green,6848,T10
77,1,0,0,241,green,6848,T10
78,1,0,0,241,green,6848,T10
79,1,0,0,241,green,6848,T10
80,1,0,0,241,green,6848,T10
81,1,0,0,241,green,6848,T10
82,1,0,0,241,green,6848,T10
83,1,0,0,241,green,6848,T10
84,1,0,0,241,green,6848,T10
85,1,0,0,241,green,6848,T10
86,1,0,0,241,green,6848,T10
87,1,0,0,241,green,6848,T10
88,1,0,0,241,green,6848,T10
89,1,0,0,241,green,6848,T10
90,1,0,0,241,green,6848,T10
91,1,0,0,241,green,6848,T10
92,1,0,0,241,green,6848,T10
93,1,0,0,241,green,6848,T10
94,1,0,0,241,green,6848,T10
95,1,0,0,241,green,6848,T10
96,1,0,0,241,green,6848,T10
97,1,0,0,241,green,6848,T10
98,1,0,0,241,green,6848,T10
99,1,0,0,241,green,6848,T10
100,1,0,0,241,green,6848,T10
101,1,0,0,241,green,6848,T10
102,1,0,0,241,green,6848,T10
103,1,0,0,241,green,6848,T10
104,1,0,0,241,green,6848,T10
105,1,0,0,241,green,6848,T10
106,1,0,0,241,green,6848,T10
107,1,0,0,241,green,6848,T10
108,1,0,0,241,green,6848,T10
109,1,0,0,241,green,6848,T10
110,1,0,0,241,green,6848,T10
111,1,0,0,241,green,6848,T10
112,1,0,0,241,green,6848,T10
113,1,0,0,241,green,6848,T10
114,1,0,0,241,green,6848,T10
115,1,0,0,241,green,6848,T10
116,1,0,0,241,green,6848,T10
117,1,0,0,241,green,6848,T10
118,1,0,0,241,green,6848,T10
119,1,0,0,241,green,6848,T10
120,1,0,0,241,green,6848,T10
121,1,0,0,241,green,6848,T10
122,1,0,0,241,green,6848,T10
123,1,0,0,241,green,6848,T10
124,1,0,0,241,green,6848,T10
125,1,0,0,241,green,6848,T10
126,1,0,0,241,green,6848,T10
127,1,0,0,241,green,6848,T10
128,1,0,0,241,green,6848,T10
129,1,0,0,241,green,6848,T10
130,0,0,1,241,green,6848,T10
131,0,1,0,241,green,6848,T10
132,0,1,0,241,green,6848,T10
133,0,1,0,241,green,6848,T10
134,0,1,0,241,green,6848,T10
135,0,1,0,241,green,6848,T10
136,0,1,0,241,green,6848,T10
137,0,1,0,241,green,6848,T10
138,0,1,0,241,green,6848,T10
139,0,1,0,241,green,6848,T10
140,0,1,0,241,green,6848,T10
141,0,1,0,241,green,6848,T10
142,0,1,0,241,green,6848,T10
143,0,1,0,241,green,6848,T10
144,0,1,0,241,green,6848,T10
145,0,1,0,241,green,6848,T10
146,0,1,0,241,green,6848,T10
147,0,1,0,241,green,6848,T10
148,0,1,0,241,green,6848,T10
149,0,1,0,241,green,6848,T10
150,0,1,0,241,green,6848,T10
151,0,1,0,241,green,6848,T10
152,0,1,0,241,green,6848,T10
153,0,1,0,241,green,6848,T10
154,0,1,0,241,green,6848,T10
155,0,1,0,241,green,6848,T10
0,0,0,1,242,green,6842,T10
1,0,0,1,242,green,6842,T10
2,0,0,1,242,green,6842,T10
3,0,0,1,242,green,6842,T10
4,0,0,1,242,green,6842,T10
5,0,0,1,242,green,6842,T10
6,0,0,1,242,green,6842,T10
7,0,0,1,242,green,6842,T10
8,0,0,1,242,green,6842,T10
9,0,0,1,242,green,6842,T10
10,0,0,1,242,green,6842,T10
11,0,0,1,242,green,6842,T10
12,0,0,1,242,green,6842,T10
13,0,0,1,242,green,6842,T10
14,0,0,1,242,green,6842,T10
15,0,0,1,242,green,6842,T10
16,0,0,1,242,green,6842,T10
17,0,0,1,242,green,6842,T10
18,0,0,1,242,green,6842,T10
19,0,0,1,242,green,6842,T10
20,0,0,1,242,green,6842,T10
21,0,0,1,242,green,6842,T10
22,0,0,1,242,green,6842,T10
23,0,0,1,242,green,6842,T10
24,0,0,1,242,green,6842,T10
25,0,0,1,242,green,6842,T10
26,0,0,1,242,green,6842,T10
27,0,0,1,242,green,6842,T10
28,0,0,1,242,green,6842,T10
29,0,0,1,242,green,6842,T10
30,0,0,1,242,green,6842,T10
31,0,0,1,242,green,6842,T10
32,0,0,1,242,green,6842,T10
33,0,0,1,242,green,6842,T10
34,0,0,1,242,green,6842,T10
35,0,0,1,242,green,6842,T10
36,0,0,1,242,green,6842,T10
37,0,0,1,242,green,6842,T10
38,0,0,1,242,green,6842,T10
39,0,0,1,242,green,6842,T10
40,0,0,1,242,green,6842,T10
41,0,0,1,242,green,6842,T10
42,0,0,1,242,green,6842,T10
43,0,0,1,242,green,6842,T10
44,0,0,1,242,green,6842,T10
45,0,0,1,242,green,6842,T10
46,0,0,1,242,green,6842,T10
47,0,0,1,242,green,6842,T10
48,0,0,1,242,green,6842,T10
49,0,0,1,242,green,6842,T10
50,0,0,1,242,green,6842,T10
51,0,0,1,242,green,6842,T10
52,0,0,1,242,green,6842,T10
53,0,0,1,242,green,6842,T10
54,0,0,1,242,green,6842,T10
55,0,0,1,242,green,6842,T10
56,0,0,1,242,green,6842,T10
57,0,0,1,242,green,6842,T10
58,0,0,1,242,green,6842,T10
59,0,0,1,242,green,6842,T10
60,0,0,1,242,green,6842,T10
61,0,0,1,242,green,6842,T10
62,0,0,1,242,green,6842,T10
63,0,0,1,242,green,6842,T10
64,0,0,1,242,green,6842,T10
65,0,0,1,242,green,6842,T10
66,0,0,1,242,green,6842,T10
67,0,0,1,242,green,6842,T10
68,0,0,1,242,green,6842,T10
69,0,0,1,242,green,6842,T10
70,0,0,1,242,green,6842,T10
71,0,0,1,242,green,6842,T10
72,0,0,1,242,green,6842,T10
73,0,0,1,242,green,6842,T10
74,1,0,0,242,green,6842,T10
75,1,0,0,242,green,6842,T10
76,1,0,0,242,green,6842,T10
77,1,0,0,242,green,6842,T10
78,1,0,0,242,green,6842,T10
79,1,0,0,242,green,6842,T10
80,1,0,0,242,green,6842,T10
81,1,0,0,242,green,6842,T10
82,1,0,0,242,green,6842,T10
83,1,0,0,242,green,6842,T10
84,1,0,0,242,green,6842,T10
85,1,0,0,242,green,6842,T10
86,1,0,0,242,green,6842,T10
87,1,0,0,242,green,6842,T10
88,1,0,0,242,green,6842,T10
89,0,0,1,242,green,6842,T10
90,0,0,1,242,green,6842,T10
91,0,0,1,242,green,6842,T10
92,0,0,1,242,green,6842,T10
93,0,0,1,242,green,6842,T10
94,0,0,1,242,green,6842,T10
95,0,0,1,242,green,6842,T10
96,0,0,1,242,green,6842,T10
97,0,0,1,242,green,6842,T10
98,0,0,1,242,green,6842,T10
99,0,0,1,242,green,6842,T10
100,0,0,1,242,green,6842,T10
101,0,0,1,242,green,6842,T10
102,0,0,1,242,green,6842,T10
103,0,0,1,242,green,6842,T10
104,0,0,1,242,green,6842,T10
105,0,0,1,242,green,6842,T10
106,0,0,1,242,green,6842,T10
107,0,0,1,242,green,6842,T10
108,0,0,1,242,green,6842,T10
109,0,0,1,242,green,6842,T10
110,0,0,1,242,green,6842,T10
111,0,0,1,242,green,6842,T10
112,0,0,1,242,green,6842,T10
113,0,0,1,242,green,6842,T10
114,0,0,1,242,green,6842,T10
115,0,0,1,242,green,6842,T10
116,0,0,1,242,green,6842,T10
117,0,0,1,242,green,6842,T10
118,0,0,1,242,green,6842,T10
119,0,0,1,242,green,6842,T10
120,0,0,1,242,green,6842,T10
121,0,0,1,242,green,6842,T10
122,0,0,1,242,green,6842,T10
123,0,0,1,242,green,6842,T10
124,0,0,1,242,green,6842,T10
125,0,0,1,242,green,6842,T10
126,0,0,1,242,green,6842,T10
127,0,0,1,242,green,6842,T10
128,0,0,1,242,green,6842,T10
129,0,0,1,242,green,6842,T10
130,0,0,1,242,green,6842,T10
131,0,0,1,242,green,6842,T10
132,0,1,0,242,green,6842,T10
133,0,1,0,242,green,6842,T10
134,0,1,0,242,green,6842,T10
135,0,1,0,242,green,6842,T10
136,0,1,0,242,green,6842,T10
137,0,1,0,242,green,6842,T10
138,0,1,0,242,green,6842,T10
139,0,1,0,242,green,6842,T10
140,0,1,0,242,green,6842,T10
141,0,1,0,242,green,6842,T10
142,0,1,0,242,green,6842,T10
143,0,1,0,242,green,6842,T10
144,0,1,0,242,green,6842,T10
145,0,1,0,242,green,6842,T10
146,0,1,0,242,green,6842,T10
147,0,1,0,242,green,6842,T10
148,0,1,0,242,green,6842,T10
149,0,1,0,242,green,6842,T10
150,0,1,0,242,green,6842,T10
151,0,1,0,242,green,6842,T10
152,0,1,0,242,green,6842,T10
153,0,1,0,242,green,6842,T10
154,0,1,0,242,green,6842,T10
155,0,1,0,242,green,6842,T10
0,1,0,0,243,green,7593,T10
1,1,0,0,243,green,7593,T10
2,1,0,0,243,green,7593,T10
3,1,0,0,243,green,7593,T10
4,1,0,0,243,green,7593,T10
5,1,0,0,243,green,7593,T10
6,1,0,0,243,green,7593,T10
7,1,0,0,243,green,7593,T10
8,1,0,0,243,green,7593,T10
9,1,0,0,243,green,7593,T10
10,1,0,0,243,green,7593,T10
11,1,0,0,243,green,7593,T10
12,1,0,0,243,green,7593,T10
13,1,0,0,243,green,7593,T10
14,1,0,0,243,green,7593,T10
15,1,0,0,243,green,7593,T10
16,1,0,0,243,green,7593,T10
17,1,0,0,243,green,7593,T10
18,1,0,0,243,green,7593,T10
19,1,0,0,243,green,7593,T10
20,1,0,0,243,green,7593,T10
21,1,0,0,243,green,7593,T10
22,1,0,0,243,green,7593,T10
23,1,0,0,243,green,7593,T10
24,1,0,0,243,green,7593,T10
25,1,0,0,243,green,7593,T10
26,1,0,0,243,green,7593,T10
27,1,0,0,243,green,7593,T10
28,1,0,0,243,green,7593,T10
29,1,0,0,243,green,7593,T10
30,1,0,0,243,green,7593,T10
31,1,0,0,243,green,7593,T10
32,1,0,0,243,green,7593,T10
33,1,0,0,243,green,7593,T10
34,1,0,0,243,green,7593,T10
35,1,0,0,243,green,7593,T10
36,1,0,0,243,green,7593,T10
37,1,0,0,243,green,7593,T10
38,1,0,0,243,green,7593,T10
39,1,0,0,243,green,7593,T10
40,1,0,0,243,green,7593,T10
41,1,0,0,243,green,7593,T10
42,1,0,0,243,green,7593,T10
43,1,0,0,243,green,7593,T10
44,1,0,0,243,green,7593,T10
45,1,0,0,243,green,7593,T10
46,1,0,0,243,green,7593,T10
47,1,0,0,243,green,7593,T10
48,1,0,0,243,green,7593,T10
49,1,0,0,243,green,7593,T10
50,1,0,0,243,green,7593,T10
51,1,0,0,243,green,7593,T10
52,1,0,0,243,green,7593,T10
53,1,0,0,243,green,7593,T10
54,1,0,0,243,green,7593,T10
55,1,0,0,243,green,7593,T10
56,1,0,0,243,green,7593,T10
57,1,0,0,243,green,7593,T10
58,1,0,0,243,green,7593,T10
59,1,0,0,243,green,7593,T10
60,1,0,0,243,green,7593,T10
61,1,0,0,243,green,7593,T10
62,1,0,0,243,green,7593,T10
63,1,0,0,243,green,7593,T10
64,1,0,0,243,green,7593,T10
65,1,0,0,243,green,7593,T10
66,1,0,0,243,green,7593,T10
67,1,0,0,243,green,7593,T10
68,1,0,0,243,green,7593,T10
69,1,0,0,243,green,7593,T10
70,1,0,0,243,green,7593,T10
71,1,0,0,243,green,7593,T10
72,1,0,0,243,green,7593,T10
73,1,0,0,243,green,7593,T10
74,1,0,0,243,green,7593,T10
75,1,0,0,243,green,7593,T10
76,1,0,0,243,green,7593,T10
77,1,0,0,243,green,7593,T10
78,1,0,0,243,green,7593,T10
79,1,0,0,243,green,7593,T10
80,1,0,0,243,green,7593,T10
81,1,0,0,243,green,7593,T10
82,1,0,0,243,green,7593,T10
83,1,0,0,243,green,7593,T10
84,1,0,0,243,green,7593,T10
85,1,0,0,243,green,7593,T10
86,1,0,0,243,green,7593,T10
87,1,0,0,243,green,7593,T10
88,1,0,0,243,green,7593,T10
89,1,0,0,243,green,7593,T10
90,1,0,0,243,green,7593,T10
91,1,0,0,243,green,7593,T10
92,1,0,0,243,green,7593,T10
93,1,0,0,243,green,7593,T10
94,1,0,0,243,green,7593,T10
95,1,0,0,243,green,7593,T10
96,1,0,0,243,green,7593,T10
97,1,0,0,243,green,7593,T10
98,1,0,0,243,green,7593,T10
99,1,0,0,243,green,7593,T10
100,1,0,0,243,green,7593,T10
101,1,0,0,243,green,7593,T10
102,1,0,0,243,green,7593,T10
103,1,0,0,243,green,7593,T10
104,1,0,0,243,green,7593,T10
105,1,0,0,243,green,7593,T10
106,1,0,0,243,green,7593,T10
107,1,0,0,243,green,7593,T10
108,1,0,0,243,green,7593,T10
109,1,0,0,243,green,7593,T10
110,1,0,0,243,green,7593,T10
111,1,0,0,243,green,7593,T10
112,1,0,0,243,green,7593,T10
113,1,0,0,243,green,7593,T10
114,1,0,0,243,green,7593,T10
115,1,0,0,243,green,7593,T10
116,1,0,0,243,green,7593,T10
117,1,0,0,243,green,7593,T10
118,1,0,0,243,green,7593,T10
119,1,0,0,243,green,7593,T10
120,1,0,0,243,green,7593,T10
121,1,0,0,243,green,7593,T10
122,1,0,0,243,green,7593,T10
123,1,0,0,243,green,7593,T10
124,1,0,0,243,green,7593,T10
125,1,0,0,243,green,7593,T10
126,0,0,1,243,green,7593,T10
127,0,1,0,243,green,7593,T10
128,0,1,0,243,green,7593,T10
129,0,1,0,243,green,7593,T10
130,0,1,0,243,green,7593,T10
131,0,1,0,243,green,7593,T10
132,0,1,0,243,green,7593,T10
133,0,1,0,243,green,7593,T10
134,0,1,0,243,green,7593,T10
135,0,1,0,243,green,7593,T10
136,0,1,0,243,green,7593,T10
137,0,1,0,243,green,7593,T10
138,0,1,0,243,green,7593,T10
139,0,1,0,243,green,7593,T10
140,0,1,0,243,green,7593,T10
141,0,1,0,243,green,7593,T10
142,0,1,0,243,green,7593,T10
143,0,1,0,243,green,7593,T10
144,0,1,0,243,green,7593,T10
145,0,1,0,243,green,7593,T10
146,0,1,0,243,green,7593,T10
147,0,1,0,243,green,7593,T10
148,0,1,0,243,green,7593,T10
149,0,1,0,243,green,7593,T10
150,0,1,0,243,green,7593,T10
151,0,1,0,243,green,7593,T10
152,0,1,0,243,green,7593,T10
153,0,1,0,243,green,7593,T10
154,0,1,0,243,green,7593,T10
155,0,1,0,243,green,7593,T10
0,0,0,1,244,green,6742,T10
1,0,0,1,244,green,6742,T10
2,0,0,1,244,green,6742,T10
3,0,0,1,244,green,6742,T10
4,0,0,1,244,green,6742,T10
5,0,0,1,244,green,6742,T10
6,0,0,1,244,green,6742,T10
7,0,0,1,244,green,6742,T10
8,0,0,1,244,green,6742,T10
9,0,0,1,244,green,6742,T10
10,0,0,1,244,green,6742,T10
11,0,0,1,244,green,6742,T10
12,0,0,1,244,green,6742,T10
13,0,0,1,244,green,6742,T10
14,0,0,1,244,green,6742,T10
15,0,0,1,244,green,6742,T10
16,0,0,1,244,green,6742,T10
17,0,0,1,244,green,6742,T10
18,0,0,1,244,green,6742,T10
19,0,0,1,244,green,6742,T10
20,0,0,1,244,green,6742,T10
21,0,0,1,244,green,6742,T10
22,0,0,1,244,green,6742,T10
23,0,0,1,244,green,6742,T10
24,0,0,1,244,green,6742,T10
25,0,0,1,244,green,6742,T10
26,0,0,1,244,green,6742,T10
27,0,0,1,244,green,6742,T10
28,0,0,1,244,green,6742,T10
29,0,0,1,244,green,6742,T10
30,0,0,1,244,green,6742,T10
31,0,0,1,244,green,6742,T10
32,0,0,1,244,green,6742,T10
33,0,0,1,244,green,6742,T10
34,0,0,1,244,green,6742,T10
35,0,0,1,244,green,6742,T10
36,0,0,1,244,green,6742,T10
37,0,0,1,244,green,6742,T10
38,0,0,1,244,green,6742,T10
39,0,0,1,244,green,6742,T10
40,0,0,1,244,green,6742,T10
41,0,0,1,244,green,6742,T10
42,0,0,1,244,green,6742,T10
43,0,1,0,244,green,6742,T10
44,0,1,0,244,green,6742,T10
45,0,1,0,244,green,6742,T10
46,0,1,0,244,green,6742,T10
47,0,1,0,244,green,6742,T10
48,0,1,0,244,green,6742,T10
49,0,1,0,244,green,6742,T10
50,0,1,0,244,green,6742,T10
51,0,0,1,244,green,6742,T10
52,0,0,1,244,green,6742,T10
53,1,0,0,244,green,6742,T10
54,1,0,0,244,green,6742,T10
55,1,0,0,244,green,6742,T10
56,1,0,0,244,green,6742,T10
57,1,0,0,244,green,6742,T10
58,1,0,0,244,green,6742,T10
59,1,0,0,244,green,6742,T10
60,1,0,0,244,green,6742,T10
61,1,0,0,244,green,6742,T10
62,1,0,0,244,green,6742,T10
63,1,0,0,244,green,6742,T10
64,1,0,0,244,green,6742,T10
65,1,0,0,244,green,6742,T10
66,1,0,0,244,green,6742,T10
67,1,0,0,244,green,6742,T10
68,1,0,0,244,green,6742,T10
69,1,0,0,244,green,6742,T10
70,1,0,0,244,green,6742,T10
71,1,0,0,244,green,6742,T10
72,1,0,0,244,green,6742,T10
73,1,0,0,244,green,6742,T10
74,1,0,0,244,green,6742,T10
75,1,0,0,244,green,6742,T10
76,1,0,0,244,green,6742,T10
77,1,0,0,244,green,6742,T10
78,1,0,0,244,green,6742,T10
79,1,0,0,244,green,6742,T10
80,1,0,0,244,green,6742,T10
81,1,0,0,244,green,6742,T10
82,1,0,0,244,green,6742,T10
83,1,0,0,244,green,6742,T10
84,1,0,0,244,green,6742,T10
85,1,0,0,244,green,6742,T10
86,1,0,0,244,green,6742,T10
87,1,0,0,244,green,6742,T10
88,1,0,0,244,green,6742,T10
89,1,0,0,244,green,6742,T10
90,1,0,0,244,green,6742,T10
91,1,0,0,244,green,6742,T10
92,1,0,0,244,green,6742,T10
93,1,0,0,244,green,6742,T10
94,1,0,0,244,green,6742,T10
95,1,0,0,244,green,6742,T10
96,1,0,0,244,green,6742,T10
97,1,0,0,244,green,6742,T10
98,1,0,0,244,green,6742,T10
99,1,0,0,244,green,6742,T10
100,1,0,0,244,green,6742,T10
101,1,0,0,244,green,6742,T10
102,1,0,0,244,green,6742,T10
103,1,0,0,244,green,6742,T10
104,1,0,0,244,green,6742,T10
105,1,0,0,244,green,6742,T10
106,1,0,0,244,green,6742,T10
107,1,0,0,244,green,6742,T10
108,1,0,0,244,green,6742,T10
109,1,0,0,244,green,6742,T10
110,1,0,0,244,green,6742,T10
111,1,0,0,244,green,6742,T10
112,1,0,0,244,green,6742,T10
113,1,0,0,244,green,6742,T10
114,1,0,0,244,green,6742,T10
115,1,0,0,244,green,6742,T10
116,1,0,0,244,green,6742,T10
117,1,0,0,244,green,6742,T10
118,1,0,0,244,green,6742,T10
119,1,0,0,244,green,6742,T10
120,1,0,0,244,green,6742,T10
121,1,0,0,244,green,6742,T10
122,1,0,0,244,green,6742,T10
123,1,0,0,244,green,6742,T10
124,1,0,0,244,green,6742,T10
125,0,0,1,244,green,6742,T10
126,0,0,1,244,green,6742,T10
127,0,1,0,244,green,6742,T10
128,0,1,0,244,green,6742,T10
129,0,1,0,244,green,6742,T10
130,0,1,0,244,green,6742,T10
131,0,1,0,244,green,6742,T10
132,0,1,0,244,green,6742,T10
133,0,1,0,244,green,6742,T10
134,0,1,0,244,green,6742,T10
135,0,1,0,244,green,6742,T10
136,0,1,0,244,green,6742,T10
137,0,1,0,244,green,6742,T10
138,0,1,0,244,green,6742,T10
139,0,1,0,244,green,6742,T10
140,0,1,0,244,green,6742,T10
141,0,1,0,244,green,6742,T10
142,0,1,0,244,green,6742,T10
143,0,1,0,244,green,6742,T10
144,0,1,0,244,green,6742,T10
145,0,1,0,244,green,6742,T10
146,0,1,0,244,green,6742,T10
147,0,1,0,244,green,6742,T10
148,0,1,0,244,green,6742,T10
149,0,1,0,244,green,6742,T10
150,0,1,0,244,green,6742,T10
151,0,1,0,244,green,6742,T10
152,0,1,0,244,green,6742,T10
153,0,1,0,244,green,6742,T10
154,0,1,0,244,green,6742,T10
155,0,1,0,244,green,6742,T10
0,0,0,1,245,green,6679,T10
1,0,0,1,245,green,6679,T10
2,0,0,1,245,green,6679,T10
3,0,0,1,245,green,6679,T10
4,0,0,1,245,green,6679,T10
5,0,0,1,245,green,6679,T10
6,0,0,1,245,green,6679,T10
7,0,0,1,245,green,6679,T10
8,0,0,1,245,green,6679,T10
9,0,0,1,245,green,6679,T10
10,0,0,1,245,green,6679,T10
11,0,0,1,245,green,6679,T10
12,0,0,1,245,green,6679,T10
13,0,0,1,245,green,6679,T10
14,0,0,1,245,green,6679,T10
15,0,0,1,245,green,6679,T10
16,0,0,1,245,green,6679,T10
17,0,0,1,245,green,6679,T10
18,0,0,1,245,green,6679,T10
19,0,0,1,245,green,6679,T10
20,0,0,1,245,green,6679,T10
21,0,0,1,245,green,6679,T10
22,0,0,1,245,green,6679,T10
23,0,0,1,245,green,6679,T10
24,0,0,1,245,green,6679,T10
25,0,0,1,245,green,6679,T10
26,0,0,1,245,green,6679,T10
27,0,0,1,245,green,6679,T10
28,0,0,1,245,green,6679,T10
29,0,0,1,245,green,6679,T10
30,0,0,1,245,green,6679,T10
31,0,0,1,245,green,6679,T10
32,0,0,1,245,green,6679,T10
33,0,0,1,245,green,6679,T10
34,0,0,1,245,green,6679,T10
35,1,0,0,245,green,6679,T10
36,1,0,0,245,green,6679,T10
37,1,0,0,245,green,6679,T10
38,1,0,0,245,green,6679,T10
39,1,0,0,245,green,6679,T10
40,0,0,1,245,green,6679,T10
41,0,0,1,245,green,6679,T10
42,0,1,0,245,green,6679,T10
43,0,1,0,245,green,6679,T10
44,0,1,0,245,green,6679,T10
45,0,1,0,245,green,6679,T10
46,0,1,0,245,green,6679,T10
47,0,0,1,245,green,6679,T10
48,0,0,1,245,green,6679,T10
49,1,0,0,245,green,6679,T10
50,1,0,0,245,green,6679,T10
51,1,0,0,245,green,6679,T10
52,1,0,0,245,green,6679,T10
53,1,0,0,245,green,6679,T10
54,1,0,0,245,green,6679,T10
55,1,0,0,245,green,6679,T10
56,1,0,0,245,green,6679,T10
57,1,0,0,245,green,6679,T10
58,1,0,0,245,green,6679,T10
59,1,0,0,245,green,6679,T10
60,1,0,0,245,green,6679,T10
61,1,0,0,245,green,6679,T10
62,1,0,0,245,green,6679,T10
63,1,0,0,245,green,6679,T10
64,1,0,0,245,green,6679,T10
65,1,0,0,245,green,6679,T10
66,1,0,0,245,green,6679,T10
67,1,0,0,245,green,6679,T10
68,1,0,0,245,green,6679,T10
69,1,0,0,245,green,6679,T10
70,1,0,0,245,green,6679,T10
71,1,0,0,245,green,6679,T10
72,1,0,0,245,green,6679,T10
73,1,0,0,245,green,6679,T10
74,1,0,0,245,green,6679,T10
75,1,0,0,245,green,6679,T10
76,1,0,0,245,green,6679,T10
77,1,0,0,245,green,6679,T10
78,1,0,0,245,green,6679,T10
79,1,0,0,245,green,6679,T10
80,1,0,0,245,green,6679,T10
81,1,0,0,245,green,6679,T10
82,1,0,0,245,green,6679,T10
83,1,0,0,245,green,6679,T10
84,1,0,0,245,green,6679,T10
85,1,0,0,245,green,6679,T10
86,1,0,0,245,green,6679,T10
87,1,0,0,245,green,6679,T10
88,1,0,0,245,green,6679,T10
89,1,0,0,245,green,6679,T10
90,1,0,0,245,green,6679,T10
91,1,0,0,245,green,6679,T10
92,1,0,0,245,green,6679,T10
93,1,0,0,245,green,6679,T10
94,1,0,0,245,green,6679,T10
95,1,0,0,245,green,6679,T10
96,1,0,0,245,green,6679,T10
97,1,0,0,245,green,6679,T10
98,1,0,0,245,green,6679,T10
99,1,0,0,245,green,6679,T10
100,1,0,0,245,green,6679,T10
101,1,0,0,245,green,6679,T10
102,1,0,0,245,green,6679,T10
103,1,0,0,245,green,6679,T10
104,1,0,0,245,green,6679,T10
105,1,0,0,245,green,6679,T10
106,1,0,0,245,green,6679,T10
107,1,0,0,245,green,6679,T10
108,1,0,0,245,green,6679,T10
109,1,0,0,245,green,6679,T10
110,1,0,0,245,green,6679,T10
111,1,0,0,245,green,6679,T10
112,1,0,0,245,green,6679,T10
113,1,0,0,245,green,6679,T10
114,1,0,0,245,green,6679,T10
115,1,0,0,245,green,6679,T10
116,1,0,0,245,green,6679,T10
117,1,0,0,245,green,6679,T10
118,1,0,0,245,green,6679,T10
119,1,0,0,245,green,6679,T10
120,1,0,0,245,green,6679,T10
121,1,0,0,245,green,6679,T10
122,1,0,0,245,green,6679,T10
123,1,0,0,245,green,6679,T10
124,1,0,0,245,green,6679,T10
125,1,0,0,245,green,6679,T10
126,1,0,0,245,green,6679,T10
127,1,0,0,245,green,6679,T10
128,0,0,1,245,green,6679,T10
129,0,1,0,245,green,6679,T10
130,0,1,0,245,green,6679,T10
131,0,1,0,245,green,6679,T10
132,0,1,0,245,green,6679,T10
133,0,1,0,245,green,6679,T10
134,0,1,0,245,green,6679,T10
135,0,1,0,245,green,6679,T10
136,0,1,0,245,green,6679,T10
137,0,1,0,245,green,6679,T10
138,0,1,0,245,green,6679,T10
139,0,1,0,245,green,6679,T10
140,0,1,0,245,green,6679,T10
141,0,1,0,245,green,6679,T10
142,0,1,0,245,green,6679,T10
143,0,1,0,245,green,6679,T10
144,0,1,0,245,green,6679,T10
145,0,1,0,245,green,6679,T10
146,0,1,0,245,green,6679,T10
147,0,1,0,245,green,6679,T10
148,0,1,0,245,green,6679,T10
149,0,1,0,245,green,6679,T10
150,0,1,0,245,green,6679,T10
151,0,1,0,245,green,6679,T10
152,0,1,0,245,green,6679,T10
153,0,1,0,245,green,6679,T10
154,0,1,0,245,green,6679,T10
155,0,1,0,245,green,6679,T10
0,0,0,1,246,green,7067,T10
1,0,0,1,246,green,7067,T10
2,0,0,1,246,green,7067,T10
3,0,0,1,246,green,7067,T10
4,0,0,1,246,green,7067,T10
5,0,0,1,246,green,7067,T10
6,0,0,1,246,green,7067,T10
7,0,0,1,246,green,7067,T10
8,0,0,1,246,green,7067,T10
9,0,0,1,246,green,7067,T10
10,0,0,1,246,green,7067,T10
11,0,0,1,246,green,7067,T10
12,0,0,1,246,green,7067,T10
13,0,0,1,246,green,7067,T10
14,0,0,1,246,green,7067,T10
15,0,0,1,246,green,7067,T10
16,0,0,1,246,green,7067,T10
17,0,0,1,246,green,7067,T10
18,0,0,1,246,green,7067,T10
19,0,0,1,246,green,7067,T10
20,0,0,1,246,green,7067,T10
21,0,0,1,246,green,7067,T10
22,0,0,1,246,green,7067,T10
23,0,0,1,246,green,7067,T10
24,0,0,1,246,green,7067,T10
25,0,0,1,246,green,7067,T10
26,0,0,1,246,green,7067,T10
27,0,0,1,246,green,7067,T10
28,0,0,1,246,green,7067,T10
29,0,0,1,246,green,7067,T10
30,0,0,1,246,green,7067,T10
31,0,0,1,246,green,7067,T10
32,0,0,1,246,green,7067,T10
33,0,0,1,246,green,7067,T10
34,0,0,1,246,green,7067,T10
35,0,0,1,246,green,7067,T10
36,0,0,1,246,green,7067,T10
37,0,0,1,246,green,7067,T10
38,0,0,1,246,green,7067,T10
39,0,0,1,246,green,7067,T10
40,0,0,1,246,green,7067,T10
41,0,0,1,246,green,7067,T10
42,0,0,1,246,green,7067,T10
43,0,0,1,246,green,7067,T10
44,0,0,1,246,green,7067,T10
45,0,0,1,246,green,7067,T10
46,0,0,1,246,green,7067,T10
47,0,0,1,246,green,7067,T10
48,0,0,1,246,green,7067,T10
49,0,0,1,246,green,7067,T10
50,0,0,1,246,green,7067,T10
51,0,0,1,246,green,7067,T10
52,0,0,1,246,green,7067,T10
53,0,0,1,246,green,7067,T10
54,0,0,1,246,green,7067,T10
55,0,0,1,246,green,7067,T10
56,0,0,1,246,green,7067,T10
57,0,0,1,246,green,7067,T10
58,0,0,1,246,green,7067,T10
59,0,0,1,246,green,7067,T10
60,0,0,1,246,green,7067,T10
61,0,0,1,246,green,7067,T10
62,0,0,1,246,green,7067,T10
63,0,0,1,246,green,7067,T10
64,0,0,1,246,green,7067,T10
65,0,0,1,246,green,7067,T10
66,0,0,1,246,green,7067,T10
67,0,0,1,246,green,7067,T10
68,0,0,1,246,green,7067,T10
69,0,0,1,246,green,7067,T10
70,0,0,1,246,green,7067,T10
71,0,0,1,246,green,7067,T10
72,0,0,1,246,green,7067,T10
73,0,0,1,246,green,7067,T10
74,0,0,1,246,green,7067,T10
75,0,0,1,246,green,7067,T10
76,0,0,1,246,green,7067,T10
77,0,0,1,246,green,7067,T10
78,0,0,1,246,green,7067,T10
79,0,0,1,246,green,7067,T10
80,0,0,1,246,green,7067,T10
81,0,0,1,246,green,7067,T10
82,0,0,1,246,green,7067,T10
83,0,0,1,246,green,7067,T10
84,0,0,1,246,green,7067,T10
85,0,0,1,246,green,7067,T10
86,0,0,1,246,green,7067,T10
87,0,0,1,246,green,7067,T10
88,0,0,1,246,green,7067,T10
89,0,0,1,246,green,7067,T10
90,0,0,1,246,green,7067,T10
91,0,0,1,246,green,7067,T10
92,0,0,1,246,green,7067,T10
93,0,0,1,246,green,7067,T10
94,0,0,1,246,green,7067,T10
95,0,0,1,246,green,7067,T10
96,0,0,1,246,green,7067,T10
97,0,0,1,246,green,7067,T10
98,0,0,1,246,green,7067,T10
99,0,0,1,246,green,7067,T10
100,0,0,1,246,green,7067,T10
101,0,0,1,246,green,7067,T10
102,0,0,1,246,green,7067,T10
103,0,0,1,246,green,7067,T10
104,0,0,1,246,green,7067,T10
105,0,0,1,246,green,7067,T10
106,0,0,1,246,green,7067,T10
107,0,0,1,246,green,7067,T10
108,0,0,1,246,green,7067,T10
109,0,0,1,246,green,7067,T10
110,0,0,1,246,green,7067,T10
111,0,0,1,246,green,7067,T10
112,0,0,1,246,green,7067,T10
113,0,0,1,246,green,7067,T10
114,0,0,1,246,green,7067,T10
115,0,0,1,246,green,7067,T10
116,0,0,1,246,green,7067,T10
117,0,0,1,246,green,7067,T10
118,0,0,1,246,green,7067,T10
119,0,0,1,246,green,7067,T10
120,0,0,1,246,green,7067,T10
121,0,0,1,246,green,7067,T10
122,0,0,1,246,green,7067,T10
123,0,0,1,246,green,7067,T10
124,0,0,1,246,green,7067,T10
125,0,0,1,246,green,7067,T10
126,0,0,1,246,green,7067,T10
127,0,0,1,246,green,7067,T10
128,0,0,1,246,green,7067,T10
129,0,0,1,246,green,7067,T10
130,0,0,1,246,green,7067,T10
131,0,0,1,246,green,7067,T10
132,0,0,1,246,green,7067,T10
133,0,0,1,246,green,7067,T10
134,0,0,1,246,green,7067,T10
135,0,0,1,246,green,7067,T10
136,0,0,1,246,green,7067,T10
137,0,0,1,246,green,7067,T10
138,0,0,1,246,green,7067,T10
139,0,0,1,246,green,7067,T10
140,0,0,1,246,green,7067,T10
141,0,0,1,246,green,7067,T10
142,0,0,1,246,green,7067,T10
143,0,0,1,246,green,7067,T10
144,0,0,1,246,green,7067,T10
145,0,0,1,246,green,7067,T10
146,0,1,0,246,green,7067,T10
147,0,1,0,246,green,7067,T10
148,0,1,0,246,green,7067,T10
149,0,1,0,246,green,7067,T10
150,0,1,0,246,green,7067,T10
151,0,1,0,246,green,7067,T10
152,0,1,0,246,green,7067,T10
153,0,1,0,246,green,7067,T10
154,0,1,0,246,green,7067,T10
155,0,1,0,246,green,7067,T10
0,0,0,1,247,green,8714,T10
1,0,0,1,247,green,8714,T10
2,0,0,1,247,green,8714,T10
3,0,0,1,247,green,8714,T10
4,0,0,1,247,green,8714,T10
5,0,0,1,247,green,8714,T10
6,0,0,1,247,green,8714,T10
7,0,0,1,247,green,8714,T10
8,0,0,1,247,green,8714,T10
9,0,0,1,247,green,8714,T10
10,0,0,1,247,green,8714,T10
11,0,0,1,247,green,8714,T10
12,0,0,1,247,green,8714,T10
13,0,0,1,247,green,8714,T10
14,0,0,1,247,green,8714,T10
15,0,0,1,247,green,8714,T10
16,0,0,1,247,green,8714,T10
17,0,0,1,247,green,8714,T10
18,0,0,1,247,green,8714,T10
19,0,0,1,247,green,8714,T10
20,0,0,1,247,green,8714,T10
21,0,0,1,247,green,8714,T10
22,0,0,1,247,green,8714,T10
23,0,0,1,247,green,8714,T10
24,0,0,1,247,green,8714,T10
25,0,0,1,247,green,8714,T10
26,0,0,1,247,green,8714,T10
27,0,0,1,247,green,8714,T10
28,0,0,1,247,green,8714,T10
29,0,0,1,247,green,8714,T10
30,0,0,1,247,green,8714,T10
31,0,1,0,247,green,8714,T10
32,0,1,0,247,green,8714,T10
33,0,1,0,247,green,8714,T10
34,0,1,0,247,green,8714,T10
35,0,1,0,247,green,8714,T10
36,0,1,0,247,green,8714,T10
37,0,1,0,247,green,8714,T10
38,0,1,0,247,green,8714,T10
39,0,1,0,247,green,8714,T10
40,0,1,0,247,green,8714,T10
41,0,1,0,247,green,8714,T10
42,0,1,0,247,green,8714,T10
43,0,1,0,247,green,8714,T10
44,0,1,0,247,green,8714,T10
45,0,1,0,247,green,8714,T10
46,0,1,0,247,green,8714,T10
47,0,1,0,247,green,8714,T10
48,0,1,0,247,green,8714,T10
49,0,1,0,247,green,8714,T10
50,0,1,0,247,green,8714,T10
51,0,1,0,247,green,8714,T10
52,0,1,0,247,green,8714,T10
53,0,1,0,247,green,8714,T10
54,0,1,0,247,green,8714,T10
55,0,1,0,247,green,8714,T10
56,0,1,0,247,green,8714,T10
57,0,1,0,247,green,8714,T10
58,0,1,0,247,green,8714,T10
59,0,1,0,247,green,8714,T10
60,0,1,0,247,green,8714,T10
61,0,1,0,247,green,8714,T10
62,0,1,0,247,green,8714,T10
63,0,1,0,247,green,8714,T10
64,0,1,0,247,green,8714,T10
65,0,1,0,247,green,8714,T10
66,0,1,0,247,green,8714,T10
67,0,1,0,247,green,8714,T10
68,0,1,0,247,green,8714,T10
69,0,1,0,247,green,8714,T10
70,0,1,0,247,green,8714,T10
71,0,1,0,247,green,8714,T10
72,0,1,0,247,green,8714,T10
73,0,1,0,247,green,8714,T10
74,0,1,0,247,green,8714,T10
75,0,1,0,247,green,8714,T10
76,0,1,0,247,green,8714,T10
77,0,1,0,247,green,8714,T10
78,0,1,0,247,green,8714,T10
79,0,1,0,247,green,8714,T10
80,0,1,0,247,green,8714,T10
81,0,1,0,247,green,8714,T10
82,0,1,0,247,green,8714,T10
83,0,1,0,247,green,8714,T10
84,0,1,0,247,green,8714,T10
85,0,1,0,247,green,8714,T10
86,0,1,0,247,green,8714,T10
87,0,1,0,247,green,8714,T10
88,0,1,0,247,green,8714,T10
89,0,1,0,247,green,8714,T10
90,0,1,0,247,green,8714,T10
91,0,1,0,247,green,8714,T10
92,0,1,0,247,green,8714,T10
93,0,1,0,247,green,8714,T10
94,0,1,0,247,green,8714,T10
95,0,1,0,247,green,8714,T10
96,0,1,0,247,green,8714,T10
97,0,1,0,247,green,8714,T10
98,0,1,0,247,green,8714,T10
99,0,1,0,247,green,8714,T10
100,0,1,0,247,green,8714,T10
101,0,1,0,247,green,8714,T10
102,0,1,0,247,green,8714,T10
103,0,1,0,247,green,8714,T10
104,0,1,0,247,green,8714,T10
105,0,1,0,247,green,8714,T10
106,0,1,0,247,green,8714,T10
107,0,1,0,247,green,8714,T10
108,0,1,0,247,green,8714,T10
109,0,1,0,247,green,8714,T10
110,0,1,0,247,green,8714,T10
111,0,1,0,247,green,8714,T10
112,0,1,0,247,green,8714,T10
113,0,1,0,247,green,8714,T10
114,0,1,0,247,green,8714,T10
115,0,1,0,247,green,8714,T10
116,0,1,0,247,green,8714,T10
117,0,1,0,247,green,8714,T10
118,0,1,0,247,green,8714,T10
119,0,1,0,247,green,8714,T10
120,0,1,0,247,green,8714,T10
121,0,1,0,247,green,8714,T10
122,0,1,0,247,green,8714,T10
123,0,1,0,247,green,8714,T10
124,0,1,0,247,green,8714,T10
125,0,1,0,247,green,8714,T10
126,0,1,0,247,green,8714,T10
127,0,1,0,247,green,8714,T10
128,0,1,0,247,green,8714,T10
129,0,1,0,247,green,8714,T10
130,0,1,0,247,green,8714,T10
131,0,1,0,247,green,8714,T10
132,0,1,0,247,green,8714,T10
133,0,1,0,247,green,8714,T10
134,0,1,0,247,green,8714,T10
135,0,1,0,247,green,8714,T10
136,0,1,0,247,green,8714,T10
137,0,1,0,247,green,8714,T10
138,0,1,0,247,green,8714,T10
139,0,1,0,247,green,8714,T10
140,0,1,0,247,green,8714,T10
141,0,1,0,247,green,8714,T10
142,0,1,0,247,green,8714,T10
143,0,1,0,247,green,8714,T10
144,0,1,0,247,green,8714,T10
145,0,1,0,247,green,8714,T10
146,0,1,0,247,green,8714,T10
147,0,1,0,247,green,8714,T10
148,0,1,0,247,green,8714,T10
149,0,1,0,247,green,8714,T10
150,0,1,0,247,green,8714,T10
151,0,1,0,247,green,8714,T10
152,0,1,0,247,green,8714,T10
153,0,1,0,247,green,8714,T10
154,0,1,0,247,green,8714,T10
155,0,1,0,247,green,8714,T10
0,0,0,1,248,green,7698,T10
1,0,0,1,248,green,7698,T10
2,0,0,1,248,green,7698,T10
3,0,0,1,248,green,7698,T10
4,0,0,1,248,green,7698,T10
5,0,0,1,248,green,7698,T10
6,0,0,1,248,green,7698,T10
7,0,0,1,248,green,7698,T10
8,0,0,1,248,green,7698,T10
9,0,0,1,248,green,7698,T10
10,0,0,1,248,green,7698,T10
11,0,0,1,248,green,7698,T10
12,0,0,1,248,green,7698,T10
13,0,0,1,248,green,7698,T10
14,0,0,1,248,green,7698,T10
15,0,0,1,248,green,7698,T10
16,0,0,1,248,green,7698,T10
17,0,0,1,248,green,7698,T10
18,0,0,1,248,green,7698,T10
19,0,0,1,248,green,7698,T10
20,0,0,1,248,green,7698,T10
21,0,0,1,248,green,7698,T10
22,0,0,1,248,green,7698,T10
23,0,0,1,248,green,7698,T10
24,0,0,1,248,green,7698,T10
25,0,0,1,248,green,7698,T10
26,0,0,1,248,green,7698,T10
27,0,0,1,248,green,7698,T10
28,0,0,1,248,green,7698,T10
29,0,0,1,248,green,7698,T10
30,0,0,1,248,green,7698,T10
31,0,0,1,248,green,7698,T10
32,0,0,1,248,green,7698,T10
33,0,0,1,248,green,7698,T10
34,0,0,1,248,green,7698,T10
35,0,1,0,248,green,7698,T10
36,0,1,0,248,green,7698,T10
37,0,0,1,248,green,7698,T10
38,0,0,1,248,green,7698,T10
39,0,0,1,248,green,7698,T10
40,0,0,1,248,green,7698,T10
41,0,0,1,248,green,7698,T10
42,0,0,1,248,green,7698,T10
43,0,0,1,248,green,7698,T10
44,0,0,1,248,green,7698,T10
45,1,0,0,248,green,7698,T10
46,1,0,0,248,green,7698,T10
47,1,0,0,248,green,7698,T10
48,1,0,0,248,green,7698,T10
49,1,0,0,248,green,7698,T10
50,1,0,0,248,green,7698,T10
51,1,0,0,248,green,7698,T10
52,1,0,0,248,green,7698,T10
53,1,0,0,248,green,7698,T10
54,1,0,0,248,green,7698,T10
55,1,0,0,248,green,7698,T10
56,1,0,0,248,green,7698,T10
57,1,0,0,248,green,7698,T10
58,1,0,0,248,green,7698,T10
59,1,0,0,248,green,7698,T10
60,1,0,0,248,green,7698,T10
61,1,0,0,248,green,7698,T10
62,1,0,0,248,green,7698,T10
63,1,0,0,248,green,7698,T10
64,1,0,0,248,green,7698,T10
65,1,0,0,248,green,7698,T10
66,1,0,0,248,green,7698,T10
67,1,0,0,248,green,7698,T10
68,1,0,0,248,green,7698,T10
69,1,0,0,248,green,7698,T10
70,1,0,0,248,green,7698,T10
71,1,0,0,248,green,7698,T10
72,1,0,0,248,green,7698,T10
73,1,0,0,248,green,7698,T10
74,1,0,0,248,green,7698,T10
75,1,0,0,248,green,7698,T10
76,1,0,0,248,green,7698,T10
77,1,0,0,248,green,7698,T10
78,1,0,0,248,green,7698,T10
79,1,0,0,248,green,7698,T10
80,1,0,0,248,green,7698,T10
81,1,0,0,248,green,7698,T10
82,1,0,0,248,green,7698,T10
83,1,0,0,248,green,7698,T10
84,1,0,0,248,green,7698,T10
85,1,0,0,248,green,7698,T10
86,1,0,0,248,green,7698,T10
87,1,0,0,248,green,7698,T10
88,1,0,0,248,green,7698,T10
89,1,0,0,248,green,7698,T10
90,1,0,0,248,green,7698,T10
91,1,0,0,248,green,7698,T10
92,1,0,0,248,green,7698,T10
93,1,0,0,248,green,7698,T10
94,1,0,0,248,green,7698,T10
95,1,0,0,248,green,7698,T10
96,1,0,0,248,green,7698,T10
97,1,0,0,248,green,7698,T10
98,1,0,0,248,green,7698,T10
99,1,0,0,248,green,7698,T10
100,1,0,0,248,green,7698,T10
101,1,0,0,248,green,7698,T10
102,1,0,0,248,green,7698,T10
103,1,0,0,248,green,7698,T10
104,1,0,0,248,green,7698,T10
105,1,0,0,248,green,7698,T10
106,1,0,0,248,green,7698,T10
107,1,0,0,248,green,7698,T10
108,1,0,0,248,green,7698,T10
109,1,0,0,248,green,7698,T10
110,1,0,0,248,green,7698,T10
111,0,1,0,248,green,7698,T10
112,0,1,0,248,green,7698,T10
113,0,1,0,248,green,7698,T10
114,0,1,0,248,green,7698,T10
115,0,1,0,248,green,7698,T10
116,0,1,0,248,green,7698,T10
117,0,1,0,248,green,7698,T10
118,0,1,0,248,green,7698,T10
119,0,1,0,248,green,7698,T10
120,0,1,0,248,green,7698,T10
121,0,1,0,248,green,7698,T10
122,0,1,0,248,green,7698,T10
123,0,1,0,248,green,7698,T10
124,0,1,0,248,green,7698,T10
125,0,1,0,248,green,7698,T10
126,0,1,0,248,green,7698,T10
127,0,1,0,248,green,7698,T10
128,0,1,0,248,green,7698,T10
129,0,1,0,248,green,7698,T10
130,0,1,0,248,green,7698,T10
131,0,1,0,248,green,7698,T10
132,0,1,0,248,green,7698,T10
133,0,1,0,248,green,7698,T10
134,0,1,0,248,green,7698,T10
135,0,1,0,248,green,7698,T10
136,0,1,0,248,green,7698,T10
137,0,1,0,248,green,7698,T10
138,0,1,0,248,green,7698,T10
139,0,1,0,248,green,7698,T10
140,0,1,0,248,green,7698,T10
141,0,1,0,248,green,7698,T10
142,0,1,0,248,green,7698,T10
143,0,1,0,248,green,7698,T10
144,0,1,0,248,green,7698,T10
145,0,1,0,248,green,7698,T10
146,0,1,0,248,green,7698,T10
147,0,1,0,248,green,7698,T10
148,0,1,0,248,green,7698,T10
149,0,1,0,248,green,7698,T10
150,0,1,0,248,green,7698,T10
151,0,1,0,248,green,7698,T10
152,0,1,0,248,green,7698,T10
153,0,1,0,248,green,7698,T10
154,0,1,0,248,green,7698,T10
155,0,1,0,248,green,7698,T10
0,0,0,1,249,green,7659,T10
1,0,0,1,249,green,7659,T10
2,0,0,1,249,green,7659,T10
3,0,0,1,249,green,7659,T10
4,0,0,1,249,green,7659,T10
5,0,0,1,249,green,7659,T10
6,0,0,1,249,green,7659,T10
7,0,0,1,249,green,7659,T10
8,0,0,1,249,green,7659,T10
9,0,0,1,249,green,7659,T10
10,0,0,1,249,green,7659,T10
11,0,0,1,249,green,7659,T10
12,0,0,1,249,green,7659,T10
13,0,0,1,249,green,7659,T10
14,0,0,1,249,green,7659,T10
15,0,0,1,249,green,7659,T10
16,0,0,1,249,green,7659,T10
17,0,0,1,249,green,7659,T10
18,0,0,1,249,green,7659,T10
19,0,0,1,249,green,7659,T10
20,0,0,1,249,green,7659,T10
21,0,0,1,249,green,7659,T10
22,0,0,1,249,green,7659,T10
23,0,0,1,249,green,7659,T10
24,0,0,1,249,green,7659,T10
25,0,0,1,249,green,7659,T10
26,0,0,1,249,green,7659,T10
27,0,0,1,249,green,7659,T10
28,0,0,1,249,green,7659,T10
29,0,0,1,249,green,7659,T10
30,0,0,1,249,green,7659,T10
31,0,0,1,249,green,7659,T10
32,0,0,1,249,green,7659,T10
33,0,0,1,249,green,7659,T10
34,0,0,1,249,green,7659,T10
35,0,0,1,249,green,7659,T10
36,0,0,1,249,green,7659,T10
37,0,0,1,249,green,7659,T10
38,0,0,1,249,green,7659,T10
39,0,0,1,249,green,7659,T10
40,0,0,1,249,green,7659,T10
41,0,0,1,249,green,7659,T10
42,0,0,1,249,green,7659,T10
43,0,0,1,249,green,7659,T10
44,0,0,1,249,green,7659,T10
45,0,0,1,249,green,7659,T10
46,0,0,1,249,green,7659,T10
47,0,0,1,249,green,7659,T10
48,0,0,1,249,green,7659,T10
49,0,0,1,249,green,7659,T10
50,0,0,1,249,green,7659,T10
51,0,0,1,249,green,7659,T10
52,0,0,1,249,green,7659,T10
53,0,0,1,249,green,7659,T10
54,0,0,1,249,green,7659,T10
55,0,0,1,249,green,7659,T10
56,0,0,1,249,green,7659,T10
57,0,0,1,249,green,7659,T10
58,0,0,1,249,green,7659,T10
59,0,0,1,249,green,7659,T10
60,0,0,1,249,green,7659,T10
61,0,0,1,249,green,7659,T10
62,0,0,1,249,green,7659,T10
63,0,0,1,249,green,7659,T10
64,0,0,1,249,green,7659,T10
65,0,0,1,249,green,7659,T10
66,0,0,1,249,green,7659,T10
67,0,0,1,249,green,7659,T10
68,0,0,1,249,green,7659,T10
69,0,0,1,249,green,7659,T10
70,0,0,1,249,green,7659,T10
71,0,0,1,249,green,7659,T10
72,0,0,1,249,green,7659,T10
73,0,0,1,249,green,7659,T10
74,0,0,1,249,green,7659,T10
75,0,0,1,249,green,7659,T10
76,0,0,1,249,green,7659,T10
77,0,0,1,249,green,7659,T10
78,0,0,1,249,green,7659,T10
79,1,0,0,249,green,7659,T10
80,1,0,0,249,green,7659,T10
81,1,0,0,249,green,7659,T10
82,1,0,0,249,green,7659,T10
83,1,0,0,249,green,7659,T10
84,1,0,0,249,green,7659,T10
85,1,0,0,249,green,7659,T10
86,1,0,0,249,green,7659,T10
87,1,0,0,249,green,7659,T10
88,1,0,0,249,green,7659,T10
89,1,0,0,249,green,7659,T10
90,1,0,0,249,green,7659,T10
91,1,0,0,249,green,7659,T10
92,1,0,0,249,green,7659,T10
93,1,0,0,249,green,7659,T10
94,1,0,0,249,green,7659,T10
95,1,0,0,249,green,7659,T10
96,1,0,0,249,green,7659,T10
97,1,0,0,249,green,7659,T10
98,1,0,0,249,green,7659,T10
99,1,0,0,249,green,7659,T10
100,1,0,0,249,green,7659,T10
101,1,0,0,249,green,7659,T10
102,1,0,0,249,green,7659,T10
103,1,0,0,249,green,7659,T10
104,1,0,0,249,green,7659,T10
105,1,0,0,249,green,7659,T10
106,1,0,0,249,green,7659,T10
107,1,0,0,249,green,7659,T10
108,1,0,0,249,green,7659,T10
109,1,0,0,249,green,7659,T10
110,1,0,0,249,green,7659,T10
111,1,0,0,249,green,7659,T10
112,1,0,0,249,green,7659,T10
113,1,0,0,249,green,7659,T10
114,1,0,0,249,green,7659,T10
115,1,0,0,249,green,7659,T10
116,1,0,0,249,green,7659,T10
117,1,0,0,249,green,7659,T10
118,1,0,0,249,green,7659,T10
119,1,0,0,249,green,7659,T10
120,1,0,0,249,green,7659,T10
121,1,0,0,249,green,7659,T10
122,1,0,0,249,green,7659,T10
123,1,0,0,249,green,7659,T10
124,1,0,0,249,green,7659,T10
125,1,0,0,249,green,7659,T10
126,1,0,0,249,green,7659,T10
127,1,0,0,249,green,7659,T10
128,1,0,0,249,green,7659,T10
129,0,0,1,249,green,7659,T10
130,0,0,1,249,green,7659,T10
131,0,1,0,249,green,7659,T10
132,0,1,0,249,green,7659,T10
133,0,1,0,249,green,7659,T10
134,0,1,0,249,green,7659,T10
135,0,1,0,249,green,7659,T10
136,0,1,0,249,green,7659,T10
137,0,1,0,249,green,7659,T10
138,0,1,0,249,green,7659,T10
139,0,1,0,249,green,7659,T10
140,0,1,0,249,green,7659,T10
141,0,1,0,249,green,7659,T10
142,0,1,0,249,green,7659,T10
143,0,1,0,249,green,7659,T10
144,0,1,0,249,green,7659,T10
145,0,1,0,249,green,7659,T10
146,0,1,0,249,green,7659,T10
147,0,1,0,249,green,7659,T10
148,0,1,0,249,green,7659,T10
149,0,1,0,249,green,7659,T10
150,0,1,0,249,green,7659,T10
151,0,1,0,249,green,7659,T10
152,0,1,0,249,green,7659,T10
153,0,1,0,249,green,7659,T10
154,0,1,0,249,green,7659,T10
155,0,1,0,249,green,7659,T10
0,0,0,1,250,green,8085,T10
1,0,0,1,250,green,8085,T10
2,0,0,1,250,green,8085,T10
3,0,0,1,250,green,8085,T10
4,0,0,1,250,green,8085,T10
5,0,0,1,250,green,8085,T10
6,0,0,1,250,green,8085,T10
7,0,0,1,250,green,8085,T10
8,0,0,1,250,green,8085,T10
9,0,0,1,250,green,8085,T10
10,0,0,1,250,green,8085,T10
11,0,0,1,250,green,8085,T10
12,0,0,1,250,green,8085,T10
13,0,0,1,250,green,8085,T10
14,0,0,1,250,green,8085,T10
15,0,0,1,250,green,8085,T10
16,0,0,1,250,green,8085,T10
17,0,0,1,250,green,8085,T10
18,0,0,1,250,green,8085,T10
19,0,0,1,250,green,8085,T10
20,0,0,1,250,green,8085,T10
21,0,0,1,250,green,8085,T10
22,0,0,1,250,green,8085,T10
23,0,0,1,250,green,8085,T10
24,0,0,1,250,green,8085,T10
25,0,0,1,250,green,8085,T10
26,0,0,1,250,green,8085,T10
27,0,0,1,250,green,8085,T10
28,0,0,1,250,green,8085,T10
29,0,0,1,250,green,8085,T10
30,0,0,1,250,green,8085,T10
31,0,0,1,250,green,8085,T10
32,0,0,1,250,green,8085,T10
33,0,0,1,250,green,8085,T10
34,0,0,1,250,green,8085,T10
35,0,0,1,250,green,8085,T10
36,0,0,1,250,green,8085,T10
37,0,0,1,250,green,8085,T10
38,0,0,1,250,green,8085,T10
39,0,0,1,250,green,8085,T10
40,0,0,1,250,green,8085,T10
41,0,0,1,250,green,8085,T10
42,0,0,1,250,green,8085,T10
43,0,0,1,250,green,8085,T10
44,0,0,1,250,green,8085,T10
45,0,0,1,250,green,8085,T10
46,0,0,1,250,green,8085,T10
47,0,0,1,250,green,8085,T10
48,0,0,1,250,green,8085,T10
49,0,0,1,250,green,8085,T10
50,0,1,0,250,green,8085,T10
51,0,1,0,250,green,8085,T10
52,0,1,0,250,green,8085,T10
53,0,1,0,250,green,8085,T10
54,0,1,0,250,green,8085,T10
55,0,1,0,250,green,8085,T10
56,0,1,0,250,green,8085,T10
57,0,1,0,250,green,8085,T10
58,0,1,0,250,green,8085,T10
59,0,1,0,250,green,8085,T10
60,0,1,0,250,green,8085,T10
61,0,1,0,250,green,8085,T10
62,0,1,0,250,green,8085,T10
63,0,1,0,250,green,8085,T10
64,0,1,0,250,green,8085,T10
65,0,1,0,250,green,8085,T10
66,0,1,0,250,green,8085,T10
67,0,1,0,250,green,8085,T10
68,0,1,0,250,green,8085,T10
69,0,1,0,250,green,8085,T10
70,0,1,0,250,green,8085,T10
71,0,1,0,250,green,8085,T10
72,0,1,0,250,green,8085,T10
73,0,1,0,250,green,8085,T10
74,0,1,0,250,green,8085,T10
75,0,1,0,250,green,8085,T10
76,0,1,0,250,green,8085,T10
77,0,1,0,250,green,8085,T10
78,0,1,0,250,green,8085,T10
79,0,1,0,250,green,8085,T10
80,0,1,0,250,green,8085,T10
81,0,1,0,250,green,8085,T10
82,0,1,0,250,green,8085,T10
83,0,1,0,250,green,8085,T10
84,0,1,0,250,green,8085,T10
85,0,1,0,250,green,8085,T10
86,0,1,0,250,green,8085,T10
87,0,1,0,250,green,8085,T10
88,0,1,0,250,green,8085,T10
89,0,1,0,250,green,8085,T10
90,0,1,0,250,green,8085,T10
91,0,1,0,250,green,8085,T10
92,0,1,0,250,green,8085,T10
93,0,1,0,250,green,8085,T10
94,0,1,0,250,green,8085,T10
95,0,1,0,250,green,8085,T10
96,0,1,0,250,green,8085,T10
97,0,1,0,250,green,8085,T10
98,0,1,0,250,green,8085,T10
99,0,1,0,250,green,8085,T10
100,0,1,0,250,green,8085,T10
101,0,1,0,250,green,8085,T10
102,0,1,0,250,green,8085,T10
103,0,1,0,250,green,8085,T10
104,0,1,0,250,green,8085,T10
105,0,1,0,250,green,8085,T10
106,0,1,0,250,green,8085,T10
107,0,1,0,250,green,8085,T10
108,0,1,0,250,green,8085,T10
109,0,1,0,250,green,8085,T10
110,0,1,0,250,green,8085,T10
111,0,1,0,250,green,8085,T10
112,0,1,0,250,green,8085,T10
113,0,1,0,250,green,8085,T10
114,0,1,0,250,green,8085,T10
115,0,1,0,250,green,8085,T10
116,0,1,0,250,green,8085,T10
117,0,1,0,250,green,8085,T10
118,0,1,0,250,green,8085,T10
119,0,1,0,250,green,8085,T10
120,0,1,0,250,green,8085,T10
121,0,1,0,250,green,8085,T10
122,0,1,0,250,green,8085,T10
123,0,1,0,250,green,8085,T10
124,0,1,0,250,green,8085,T10
125,0,1,0,250,green,8085,T10
126,0,1,0,250,green,8085,T10
127,0,1,0,250,green,8085,T10
128,0,1,0,250,green,8085,T10
129,0,1,0,250,green,8085,T10
130,0,1,0,250,green,8085,T10
131,0,1,0,250,green,8085,T10
132,0,1,0,250,green,8085,T10
133,0,1,0,250,green,8085,T10
134,0,1,0,250,green,8085,T10
135,0,1,0,250,green,8085,T10
136,0,1,0,250,green,8085,T10
137,0,1,0,250,green,8085,T10
138,0,1,0,250,green,8085,T10
139,0,1,0,250,green,8085,T10
140,0,1,0,250,green,8085,T10
141,0,1,0,250,green,8085,T10
142,0,1,0,250,green,8085,T10
143,0,1,0,250,green,8085,T10
144,0,1,0,250,green,8085,T10
145,0,1,0,250,green,8085,T10
146,0,1,0,250,green,8085,T10
147,0,1,0,250,green,8085,T10
148,0,1,0,250,green,8085,T10
149,0,1,0,250,green,8085,T10
150,0,1,0,250,green,8085,T10
151,0,1,0,250,green,8085,T10
152,0,1,0,250,green,8085,T10
153,0,1,0,250,green,8085,T10
154,0,1,0,250,green,8085,T10
155,0,1,0,250,green,8085,T10
0,0,0,1,252,green,10108,T10
1,0,0,1,252,green,10108,T10
2,0,0,1,252,green,10108,T10
3,0,0,1,252,green,10108,T10
4,0,0,1,252,green,10108,T10
5,0,0,1,252,green,10108,T10
6,0,0,1,252,green,10108,T10
7,0,0,1,252,green,10108,T10
8,0,0,1,252,green,10108,T10
9,0,0,1,252,green,10108,T10
10,0,0,1,252,green,10108,T10
11,0,0,1,252,green,10108,T10
12,0,0,1,252,green,10108,T10
13,0,0,1,252,green,10108,T10
14,0,0,1,252,green,10108,T10
15,0,0,1,252,green,10108,T10
16,0,0,1,252,green,10108,T10
17,0,0,1,252,green,10108,T10
18,0,0,1,252,green,10108,T10
19,0,0,1,252,green,10108,T10
20,0,0,1,252,green,10108,T10
21,0,0,1,252,green,10108,T10
22,0,0,1,252,green,10108,T10
23,0,0,1,252,green,10108,T10
24,0,0,1,252,green,10108,T10
25,0,0,1,252,green,10108,T10
26,0,0,1,252,green,10108,T10
27,0,0,1,252,green,10108,T10
28,0,0,1,252,green,10108,T10
29,0,0,1,252,green,10108,T10
30,0,0,1,252,green,10108,T10
31,0,0,1,252,green,10108,T10
32,0,1,0,252,green,10108,T10
33,0,1,0,252,green,10108,T10
34,0,1,0,252,green,10108,T10
35,0,1,0,252,green,10108,T10
36,0,0,1,252,green,10108,T10
37,0,0,1,252,green,10108,T10
38,0,0,1,252,green,10108,T10
39,0,0,1,252,green,10108,T10
40,0,0,1,252,green,10108,T10
41,0,1,0,252,green,10108,T10
42,0,1,0,252,green,10108,T10
43,0,1,0,252,green,10108,T10
44,0,0,1,252,green,10108,T10
45,0,0,1,252,green,10108,T10
46,0,0,1,252,green,10108,T10
47,0,1,0,252,green,10108,T10
48,0,1,0,252,green,10108,T10
49,0,1,0,252,green,10108,T10
50,0,0,1,252,green,10108,T10
51,0,0,1,252,green,10108,T10
52,0,0,1,252,green,10108,T10
53,0,0,1,252,green,10108,T10
54,0,1,0,252,green,10108,T10
55,0,1,0,252,green,10108,T10
56,0,0,1,252,green,10108,T10
57,0,0,1,252,green,10108,T10
58,0,0,1,252,green,10108,T10
59,0,1,0,252,green,10108,T10
60,0,1,0,252,green,10108,T10
61,0,1,0,252,green,10108,T10
62,0,0,1,252,green,10108,T10
63,0,0,1,252,green,10108,T10
64,0,0,1,252,green,10108,T10
65,0,0,1,252,green,10108,T10
66,0,1,0,252,green,10108,T10
67,0,1,0,252,green,10108,T10
68,0,1,0,252,green,10108,T10
69,0,1,0,252,green,10108,T10
70,0,0,1,252,green,10108,T10
71,0,0,1,252,green,10108,T10
72,0,0,1,252,green,10108,T10
73,0,0,1,252,green,10108,T10
74,0,1,0,252,green,10108,T10
75,0,1,0,252,green,10108,T10
76,0,1,0,252,green,10108,T10
77,0,1,0,252,green,10108,T10
78,0,0,1,252,green,10108,T10
79,0,0,1,252,green,10108,T10
80,0,0,1,252,green,10108,T10
81,0,1,0,252,green,10108,T10
82,0,1,0,252,green,10108,T10
83,0,1,0,252,green,10108,T10
84,0,1,0,252,green,10108,T10
85,0,0,1,252,green,10108,T10
86,0,0,1,252,green,10108,T10
87,0,0,1,252,green,10108,T10
88,0,0,1,252,green,10108,T10
89,0,1,0,252,green,10108,T10
90,0,1,0,252,green,10108,T10
91,0,1,0,252,green,10108,T10
92,0,1,0,252,green,10108,T10
93,0,0,1,252,green,10108,T10
94,0,0,1,252,green,10108,T10
95,0,0,1,252,green,10108,T10
96,0,0,1,252,green,10108,T10
97,0,1,0,252,green,10108,T10
98,0,1,0,252,green,10108,T10
99,0,1,0,252,green,10108,T10
100,0,1,0,252,green,10108,T10
101,0,0,1,252,green,10108,T10
102,0,0,1,252,green,10108,T10
103,0,0,1,252,green,10108,T10
104,0,0,1,252,green,10108,T10
105,0,1,0,252,green,10108,T10
106,0,1,0,252,green,10108,T10
107,0,1,0,252,green,10108,T10
108,0,1,0,252,green,10108,T10
109,0,1,0,252,green,10108,T10
110,0,0,1,252,green,10108,T10
111,0,0,1,252,green,10108,T10
112,0,0,1,252,green,10108,T10
113,0,1,0,252,green,10108,T10
114,0,1,0,252,green,10108,T10
115,0,1,0,252,green,10108,T10
116,0,1,0,252,green,10108,T10
117,0,0,1,252,green,10108,T10
118,0,0,1,252,green,10108,T10
119,0,0,1,252,green,10108,T10
120,0,0,1,252,green,10108,T10
121,0,1,0,252,green,10108,T10
122,0,1,0,252,green,10108,T10
123,0,1,0,252,green,10108,T10
124,0,1,0,252,green,10108,T10
125,0,1,0,252,green,10108,T10
126,0,0,1,252,green,10108,T10
127,0,0,1,252,green,10108,T10
128,0,0,1,252,green,10108,T10
129,0,0,1,252,green,10108,T10
130,0,0,1,252,green,10108,T10
131,0,1,0,252,green,10108,T10
132,0,1,0,252,green,10108,T10
133,0,1,0,252,green,10108,T10
134,0,1,0,252,green,10108,T10
135,0,1,0,252,green,10108,T10
136,0,0,1,252,green,10108,T10
137,0,0,1,252,green,10108,T10
138,0,0,1,252,green,10108,T10
139,0,0,1,252,green,10108,T10
140,0,1,0,252,green,10108,T10
141,0,1,0,252,green,10108,T10
142,0,1,0,252,green,10108,T10
143,0,1,0,252,green,10108,T10
144,0,0,1,252,green,10108,T10
145,0,0,1,252,green,10108,T10
146,0,0,1,252,green,10108,T10
147,0,0,1,252,green,10108,T10
148,0,0,1,252,green,10108,T10
149,0,0,1,252,green,10108,T10
150,0,1,0,252,green,10108,T10
151,0,1,0,252,green,10108,T10
152,0,1,0,252,green,10108,T10
153,0,1,0,252,green,10108,T10
154,0,1,0,252,green,10108,T10
155,0,0,1,252,green,10108,T10
0,0,0,1,254,green,8156,T10
1,0,0,1,254,green,8156,T10
2,0,0,1,254,green,8156,T10
3,0,0,1,254,green,8156,T10
4,0,0,1,254,green,8156,T10
5,0,0,1,254,green,8156,T10
6,0,0,1,254,green,8156,T10
7,0,0,1,254,green,8156,T10
8,0,0,1,254,green,8156,T10
9,0,0,1,254,green,8156,T10
10,0,0,1,254,green,8156,T10
11,0,1,0,254,green,8156,T10
12,0,1,0,254,green,8156,T10
13,0,1,0,254,green,8156,T10
14,0,1,0,254,green,8156,T10
15,0,1,0,254,green,8156,T10
16,0,1,0,254,green,8156,T10
17,0,1,0,254,green,8156,T10
18,0,1,0,254,green,8156,T10
19,0,1,0,254,green,8156,T10
20,0,1,0,254,green,8156,T10
21,0,1,0,254,green,8156,T10
22,0,1,0,254,green,8156,T10
23,0,1,0,254,green,8156,T10
24,0,1,0,254,green,8156,T10
25,0,1,0,254,green,8156,T10
26,0,1,0,254,green,8156,T10
27,0,1,0,254,green,8156,T10
28,0,1,0,254,green,8156,T10
29,0,1,0,254,green,8156,T10
30,0,1,0,254,green,8156,T10
31,0,1,0,254,green,8156,T10
32,0,1,0,254,green,8156,T10
33,0,1,0,254,green,8156,T10
34,0,1,0,254,green,8156,T10
35,0,1,0,254,green,8156,T10
36,0,1,0,254,green,8156,T10
37,0,1,0,254,green,8156,T10
38,0,1,0,254,green,8156,T10
39,0,1,0,254,green,8156,T10
40,0,1,0,254,green,8156,T10
41,0,1,0,254,green,8156,T10
42,0,1,0,254,green,8156,T10
43,0,1,0,254,green,8156,T10
44,0,1,0,254,green,8156,T10
45,0,1,0,254,green,8156,T10
46,0,1,0,254,green,8156,T10
47,0,1,0,254,green,8156,T10
48,0,1,0,254,green,8156,T10
49,0,1,0,254,green,8156,T10
50,0,1,0,254,green,8156,T10
51,0,1,0,254,green,8156,T10
52,0,1,0,254,green,8156,T10
53,0,1,0,254,green,8156,T10
54,0,1,0,254,green,8156,T10
55,0,1,0,254,green,8156,T10
56,0,1,0,254,green,8156,T10
57,0,1,0,254,green,8156,T10
58,0,1,0,254,green,8156,T10
59,0,1,0,254,green,8156,T10
60,0,1,0,254,green,8156,T10
61,0,1,0,254,green,8156,T10
62,0,1,0,254,green,8156,T10
63,0,1,0,254,green,8156,T10
64,0,1,0,254,green,8156,T10
65,0,1,0,254,green,8156,T10
66,0,1,0,254,green,8156,T10
67,0,1,0,254,green,8156,T10
68,0,1,0,254,green,8156,T10
69,0,1,0,254,green,8156,T10
70,0,1,0,254,green,8156,T10
71,0,1,0,254,green,8156,T10
72,0,1,0,254,green,8156,T10
73,0,1,0,254,green,8156,T10
74,0,1,0,254,green,8156,T10
75,0,1,0,254,green,8156,T10
76,0,1,0,254,green,8156,T10
77,0,1,0,254,green,8156,T10
78,0,1,0,254,green,8156,T10
79,0,1,0,254,green,8156,T10
80,0,1,0,254,green,8156,T10
81,0,1,0,254,green,8156,T10
82,0,1,0,254,green,8156,T10
83,0,1,0,254,green,8156,T10
84,0,1,0,254,green,8156,T10
85,0,1,0,254,green,8156,T10
86,0,1,0,254,green,8156,T10
87,0,1,0,254,green,8156,T10
88,0,1,0,254,green,8156,T10
89,0,1,0,254,green,8156,T10
90,0,1,0,254,green,8156,T10
91,0,1,0,254,green,8156,T10
92,0,1,0,254,green,8156,T10
93,0,1,0,254,green,8156,T10
94,0,1,0,254,green,8156,T10
95,0,1,0,254,green,8156,T10
96,0,1,0,254,green,8156,T10
97,0,1,0,254,green,8156,T10
98,0,1,0,254,green,8156,T10
99,0,1,0,254,green,8156,T10
100,0,1,0,254,green,8156,T10
101,0,1,0,254,green,8156,T10
102,0,1,0,254,green,8156,T10
103,0,1,0,254,green,8156,T10
104,0,1,0,254,green,8156,T10
105,0,1,0,254,green,8156,T10
106,0,1,0,254,green,8156,T10
107,0,1,0,254,green,8156,T10
108,0,1,0,254,green,8156,T10
109,0,1,0,254,green,8156,T10
110,0,1,0,254,green,8156,T10
111,0,1,0,254,green,8156,T10
112,0,1,0,254,green,8156,T10
113,0,1,0,254,green,8156,T10
114,0,1,0,254,green,8156,T10
115,0,1,0,254,green,8156,T10
116,0,1,0,254,green,8156,T10
117,0,1,0,254,green,8156,T10
118,0,1,0,254,green,8156,T10
119,0,1,0,254,green,8156,T10
120,0,1,0,254,green,8156,T10
121,0,1,0,254,green,8156,T10
122,0,1,0,254,green,8156,T10
123,0,1,0,254,green,8156,T10
124,0,1,0,254,green,8156,T10
125,0,1,0,254,green,8156,T10
126,0,1,0,254,green,8156,T10
127,0,1,0,254,green,8156,T10
128,0,1,0,254,green,8156,T10
129,0,1,0,254,green,8156,T10
130,0,1,0,254,green,8156,T10
131,0,1,0,254,green,8156,T10
132,0,1,0,254,green,8156,T10
133,0,1,0,254,green,8156,T10
134,0,1,0,254,green,8156,T10
135,0,1,0,254,green,8156,T10
136,0,1,0,254,green,8156,T10
137,0,1,0,254,green,8156,T10
138,0,1,0,254,green,8156,T10
139,0,1,0,254,green,8156,T10
140,0,1,0,254,green,8156,T10
141,0,1,0,254,green,8156,T10
142,0,1,0,254,green,8156,T10
143,0,1,0,254,green,8156,T10
144,0,1,0,254,green,8156,T10
145,0,1,0,254,green,8156,T10
146,0,1,0,254,green,8156,T10
147,0,1,0,254,green,8156,T10
148,0,1,0,254,green,8156,T10
149,0,1,0,254,green,8156,T10
150,0,1,0,254,green,8156,T10
151,0,1,0,254,green,8156,T10
152,0,1,0,254,green,8156,T10
153,0,1,0,254,green,8156,T10
154,0,1,0,254,green,8156,T10
155,0,1,0,254,green,8156,T10
0,0,0,1,255,green,8245,T10
1,0,0,1,255,green,8245,T10
2,0,0,1,255,green,8245,T10
3,0,0,1,255,green,8245,T10
4,0,0,1,255,green,8245,T10
5,0,0,1,255,green,8245,T10
6,0,0,1,255,green,8245,T10
7,0,0,1,255,green,8245,T10
8,0,0,1,255,green,8245,T10
9,0,0,1,255,green,8245,T10
10,0,0,1,255,green,8245,T10
11,0,0,1,255,green,8245,T10
12,0,0,1,255,green,8245,T10
13,0,0,1,255,green,8245,T10
14,0,0,1,255,green,8245,T10
15,0,0,1,255,green,8245,T10
16,0,0,1,255,green,8245,T10
17,0,0,1,255,green,8245,T10
18,0,0,1,255,green,8245,T10
19,0,0,1,255,green,8245,T10
20,0,0,1,255,green,8245,T10
21,0,0,1,255,green,8245,T10
22,0,0,1,255,green,8245,T10
23,0,0,1,255,green,8245,T10
24,0,0,1,255,green,8245,T10
25,0,0,1,255,green,8245,T10
26,0,0,1,255,green,8245,T10
27,0,0,1,255,green,8245,T10
28,0,0,1,255,green,8245,T10
29,0,0,1,255,green,8245,T10
30,0,0,1,255,green,8245,T10
31,0,0,1,255,green,8245,T10
32,0,0,1,255,green,8245,T10
33,0,0,1,255,green,8245,T10
34,1,0,0,255,green,8245,T10
35,1,0,0,255,green,8245,T10
36,1,0,0,255,green,8245,T10
37,1,0,0,255,green,8245,T10
38,1,0,0,255,green,8245,T10
39,1,0,0,255,green,8245,T10
40,1,0,0,255,green,8245,T10
41,1,0,0,255,green,8245,T10
42,1,0,0,255,green,8245,T10
43,1,0,0,255,green,8245,T10
44,1,0,0,255,green,8245,T10
45,1,0,0,255,green,8245,T10
46,1,0,0,255,green,8245,T10
47,1,0,0,255,green,8245,T10
48,1,0,0,255,green,8245,T10
49,1,0,0,255,green,8245,T10
50,1,0,0,255,green,8245,T10
51,1,0,0,255,green,8245,T10
52,1,0,0,255,green,8245,T10
53,1,0,0,255,green,8245,T10
54,1,0,0,255,green,8245,T10
55,1,0,0,255,green,8245,T10
56,1,0,0,255,green,8245,T10
57,1,0,0,255,green,8245,T10
58,1,0,0,255,green,8245,T10
59,1,0,0,255,green,8245,T10
60,1,0,0,255,green,8245,T10
61,1,0,0,255,green,8245,T10
62,1,0,0,255,green,8245,T10
63,1,0,0,255,green,8245,T10
64,1,0,0,255,green,8245,T10
65,1,0,0,255,green,8245,T10
66,1,0,0,255,green,8245,T10
67,1,0,0,255,green,8245,T10
68,1,0,0,255,green,8245,T10
69,1,0,0,255,green,8245,T10
70,1,0,0,255,green,8245,T10
71,1,0,0,255,green,8245,T10
72,1,0,0,255,green,8245,T10
73,1,0,0,255,green,8245,T10
74,1,0,0,255,green,8245,T10
75,1,0,0,255,green,8245,T10
76,1,0,0,255,green,8245,T10
77,1,0,0,255,green,8245,T10
78,1,0,0,255,green,8245,T10
79,1,0,0,255,green,8245,T10
80,1,0,0,255,green,8245,T10
81,1,0,0,255,green,8245,T10
82,1,0,0,255,green,8245,T10
83,1,0,0,255,green,8245,T10
84,1,0,0,255,green,8245,T10
85,1,0,0,255,green,8245,T10
86,1,0,0,255,green,8245,T10
87,1,0,0,255,green,8245,T10
88,1,0,0,255,green,8245,T10
89,1,0,0,255,green,8245,T10
90,1,0,0,255,green,8245,T10
91,1,0,0,255,green,8245,T10
92,1,0,0,255,green,8245,T10
93,1,0,0,255,green,8245,T10
94,1,0,0,255,green,8245,T10
95,1,0,0,255,green,8245,T10
96,1,0,0,255,green,8245,T10
97,1,0,0,255,green,8245,T10
98,1,0,0,255,green,8245,T10
99,1,0,0,255,green,8245,T10
100,1,0,0,255,green,8245,T10
101,1,0,0,255,green,8245,T10
102,1,0,0,255,green,8245,T10
103,1,0,0,255,green,8245,T10
104,1,0,0,255,green,8245,T10
105,1,0,0,255,green,8245,T10
106,1,0,0,255,green,8245,T10
107,1,0,0,255,green,8245,T10
108,1,0,0,255,green,8245,T10
109,1,0,0,255,green,8245,T10
110,1,0,0,255,green,8245,T10
111,1,0,0,255,green,8245,T10
112,1,0,0,255,green,8245,T10
113,1,0,0,255,green,8245,T10
114,1,0,0,255,green,8245,T10
115,1,0,0,255,green,8245,T10
116,1,0,0,255,green,8245,T10
117,1,0,0,255,green,8245,T10
118,1,0,0,255,green,8245,T10
119,1,0,0,255,green,8245,T10
120,1,0,0,255,green,8245,T10
121,1,0,0,255,green,8245,T10
122,1,0,0,255,green,8245,T10
123,1,0,0,255,green,8245,T10
124,1,0,0,255,green,8245,T10
125,1,0,0,255,green,8245,T10
126,1,0,0,255,green,8245,T10
127,1,0,0,255,green,8245,T10
128,1,0,0,255,green,8245,T10
129,1,0,0,255,green,8245,T10
130,1,0,0,255,green,8245,T10
131,0,0,1,255,green,8245,T10
132,0,1,0,255,green,8245,T10
133,0,1,0,255,green,8245,T10
134,0,1,0,255,green,8245,T10
135,0,1,0,255,green,8245,T10
136,0,1,0,255,green,8245,T10
137,0,1,0,255,green,8245,T10
138,0,1,0,255,green,8245,T10
139,0,1,0,255,green,8245,T10
140,0,1,0,255,green,8245,T10
141,0,1,0,255,green,8245,T10
142,0,1,0,255,green,8245,T10
143,0,1,0,255,green,8245,T10
144,0,1,0,255,green,8245,T10
145,0,1,0,255,green,8245,T10
146,0,1,0,255,green,8245,T10
147,0,1,0,255,green,8245,T10
148,0,1,0,255,green,8245,T10
149,0,1,0,255,green,8245,T10
150,0,1,0,255,green,8245,T10
151,0,1,0,255,green,8245,T10
152,0,1,0,255,green,8245,T10
153,0,1,0,255,green,8245,T10
154,0,1,0,255,green,8245,T10
155,0,1,0,255,green,8245,T10
0,0,0,1,256,green,8296,T10
1,0,0,1,256,green,8296,T10
2,0,0,1,256,green,8296,T10
3,0,0,1,256,green,8296,T10
4,0,0,1,256,green,8296,T10
5,0,0,1,256,green,8296,T10
6,0,0,1,256,green,8296,T10
7,0,0,1,256,green,8296,T10
8,0,0,1,256,green,8296,T10
9,0,0,1,256,green,8296,T10
10,0,0,1,256,green,8296,T10
11,0,0,1,256,green,8296,T10
12,0,0,1,256,green,8296,T10
13,0,0,1,256,green,8296,T10
14,0,0,1,256,green,8296,T10
15,0,0,1,256,green,8296,T10
16,0,0,1,256,green,8296,T10
17,0,0,1,256,green,8296,T10
18,0,0,1,256,green,8296,T10
19,0,0,1,256,green,8296,T10
20,0,0,1,256,green,8296,T10
21,0,0,1,256,green,8296,T10
22,0,0,1,256,green,8296,T10
23,0,0,1,256,green,8296,T10
24,0,0,1,256,green,8296,T10
25,0,0,1,256,green,8296,T10
26,0,0,1,256,green,8296,T10
27,0,0,1,256,green,8296,T10
28,0,0,1,256,green,8296,T10
29,0,0,1,256,green,8296,T10
30,0,0,1,256,green,8296,T10
31,0,0,1,256,green,8296,T10
32,0,0,1,256,green,8296,T10
33,0,0,1,256,green,8296,T10
34,0,0,1,256,green,8296,T10
35,0,0,1,256,green,8296,T10
36,1,0,0,256,green,8296,T10
37,1,0,0,256,green,8296,T10
38,1,0,0,256,green,8296,T10
39,1,0,0,256,green,8296,T10
40,1,0,0,256,green,8296,T10
41,1,0,0,256,green,8296,T10
42,1,0,0,256,green,8296,T10
43,1,0,0,256,green,8296,T10
44,1,0,0,256,green,8296,T10
45,1,0,0,256,green,8296,T10
46,1,0,0,256,green,8296,T10
47,1,0,0,256,green,8296,T10
48,1,0,0,256,green,8296,T10
49,1,0,0,256,green,8296,T10
50,1,0,0,256,green,8296,T10
51,1,0,0,256,green,8296,T10
52,1,0,0,256,green,8296,T10
53,1,0,0,256,green,8296,T10
54,1,0,0,256,green,8296,T10
55,1,0,0,256,green,8296,T10
56,1,0,0,256,green,8296,T10
57,1,0,0,256,green,8296,T10
58,1,0,0,256,green,8296,T10
59,1,0,0,256,green,8296,T10
60,1,0,0,256,green,8296,T10
61,1,0,0,256,green,8296,T10
62,1,0,0,256,green,8296,T10
63,1,0,0,256,green,8296,T10
64,1,0,0,256,green,8296,T10
65,1,0,0,256,green,8296,T10
66,1,0,0,256,green,8296,T10
67,1,0,0,256,green,8296,T10
68,1,0,0,256,green,8296,T10
69,1,0,0,256,green,8296,T10
70,1,0,0,256,green,8296,T10
71,1,0,0,256,green,8296,T10
72,1,0,0,256,green,8296,T10
73,1,0,0,256,green,8296,T10
74,1,0,0,256,green,8296,T10
75,1,0,0,256,green,8296,T10
76,1,0,0,256,green,8296,T10
77,1,0,0,256,green,8296,T10
78,1,0,0,256,green,8296,T10
79,1,0,0,256,green,8296,T10
80,1,0,0,256,green,8296,T10
81,1,0,0,256,green,8296,T10
82,1,0,0,256,green,8296,T10
83,1,0,0,256,green,8296,T10
84,1,0,0,256,green,8296,T10
85,1,0,0,256,green,8296,T10
86,1,0,0,256,green,8296,T10
87,1,0,0,256,green,8296,T10
88,1,0,0,256,green,8296,T10
89,1,0,0,256,green,8296,T10
90,1,0,0,256,green,8296,T10
91,1,0,0,256,green,8296,T10
92,1,0,0,256,green,8296,T10
93,1,0,0,256,green,8296,T10
94,1,0,0,256,green,8296,T10
95,1,0,0,256,green,8296,T10
96,1,0,0,256,green,8296,T10
97,1,0,0,256,green,8296,T10
98,1,0,0,256,green,8296,T10
99,1,0,0,256,green,8296,T10
100,1,0,0,256,green,8296,T10
101,1,0,0,256,green,8296,T10
102,1,0,0,256,green,8296,T10
103,1,0,0,256,green,8296,T10
104,1,0,0,256,green,8296,T10
105,1,0,0,256,green,8296,T10
106,1,0,0,256,green,8296,T10
107,1,0,0,256,green,8296,T10
108,1,0,0,256,green,8296,T10
109,1,0,0,256,green,8296,T10
110,1,0,0,256,green,8296,T10
111,1,0,0,256,green,8296,T10
112,1,0,0,256,green,8296,T10
113,1,0,0,256,green,8296,T10
114,1,0,0,256,green,8296,T10
115,1,0,0,256,green,8296,T10
116,1,0,0,256,green,8296,T10
117,1,0,0,256,green,8296,T10
118,1,0,0,256,green,8296,T10
119,1,0,0,256,green,8296,T10
120,1,0,0,256,green,8296,T10
121,1,0,0,256,green,8296,T10
122,1,0,0,256,green,8296,T10
123,1,0,0,256,green,8296,T10
124,1,0,0,256,green,8296,T10
125,1,0,0,256,green,8296,T10
126,1,0,0,256,green,8296,T10
127,1,0,0,256,green,8296,T10
128,1,0,0,256,green,8296,T10
129,1,0,0,256,green,8296,T10
130,1,0,0,256,green,8296,T10
131,1,0,0,256,green,8296,T10
132,1,0,0,256,green,8296,T10
133,0,0,1,256,green,8296,T10
134,0,0,1,256,green,8296,T10
135,0,0,1,256,green,8296,T10
136,0,1,0,256,green,8296,T10
137,0,1,0,256,green,8296,T10
138,0,1,0,256,green,8296,T10
139,0,1,0,256,green,8296,T10
140,0,1,0,256,green,8296,T10
141,0,1,0,256,green,8296,T10
142,0,1,0,256,green,8296,T10
143,0,1,0,256,green,8296,T10
144,0,1,0,256,green,8296,T10
145,0,1,0,256,green,8296,T10
146,0,1,0,256,green,8296,T10
147,0,1,0,256,green,8296,T10
148,0,1,0,256,green,8296,T10
149,0,1,0,256,green,8296,T10
150,0,1,0,256,green,8296,T10
151,0,1,0,256,green,8296,T10
152,0,1,0,256,green,8296,T10
153,0,1,0,256,green,8296,T10
154,0,1,0,256,green,8296,T10
155,0,1,0,256,green,8296,T10
0,0,0,1,257,green,8257,T10
1,0,0,1,257,green,8257,T10
2,0,0,1,257,green,8257,T10
3,0,0,1,257,green,8257,T10
4,0,0,1,257,green,8257,T10
5,0,0,1,257,green,8257,T10
6,0,0,1,257,green,8257,T10
7,0,0,1,257,green,8257,T10
8,0,0,1,257,green,8257,T10
9,0,0,1,257,green,8257,T10
10,0,0,1,257,green,8257,T10
11,0,0,1,257,green,8257,T10
12,0,0,1,257,green,8257,T10
13,0,0,1,257,green,8257,T10
14,0,0,1,257,green,8257,T10
15,0,0,1,257,green,8257,T10
16,0,0,1,257,green,8257,T10
17,0,0,1,257,green,8257,T10
18,0,0,1,257,green,8257,T10
19,0,0,1,257,green,8257,T10
20,0,0,1,257,green,8257,T10
21,0,0,1,257,green,8257,T10
22,0,0,1,257,green,8257,T10
23,0,0,1,257,green,8257,T10
24,0,0,1,257,green,8257,T10
25,0,0,1,257,green,8257,T10
26,0,0,1,257,green,8257,T10
27,0,0,1,257,green,8257,T10
28,0,0,1,257,green,8257,T10
29,0,0,1,257,green,8257,T10
30,0,0,1,257,green,8257,T10
31,0,0,1,257,green,8257,T10
32,0,0,1,257,green,8257,T10
33,0,0,1,257,green,8257,T10
34,0,0,1,257,green,8257,T10
35,0,0,1,257,green,8257,T10
36,0,0,1,257,green,8257,T10
37,0,0,1,257,green,8257,T10
38,0,0,1,257,green,8257,T10
39,0,0,1,257,green,8257,T10
40,0,0,1,257,green,8257,T10
41,0,0,1,257,green,8257,T10
42,0,0,1,257,green,8257,T10
43,0,0,1,257,green,8257,T10
44,0,0,1,257,green,8257,T10
45,0,0,1,257,green,8257,T10
46,0,0,1,257,green,8257,T10
47,1,0,0,257,green,8257,T10
48,1,0,0,257,green,8257,T10
49,1,0,0,257,green,8257,T10
50,1,0,0,257,green,8257,T10
51,1,0,0,257,green,8257,T10
52,1,0,0,257,green,8257,T10
53,1,0,0,257,green,8257,T10
54,1,0,0,257,green,8257,T10
55,1,0,0,257,green,8257,T10
56,1,0,0,257,green,8257,T10
57,1,0,0,257,green,8257,T10
58,1,0,0,257,green,8257,T10
59,1,0,0,257,green,8257,T10
60,1,0,0,257,green,8257,T10
61,1,0,0,257,green,8257,T10
62,0,0,1,257,green,8257,T10
63,0,0,1,257,green,8257,T10
64,0,0,1,257,green,8257,T10
65,0,0,1,257,green,8257,T10
66,0,0,1,257,green,8257,T10
67,0,0,1,257,green,8257,T10
68,0,0,1,257,green,8257,T10
69,0,0,1,257,green,8257,T10
70,0,0,1,257,green,8257,T10
71,0,0,1,257,green,8257,T10
72,1,0,0,257,green,8257,T10
73,1,0,0,257,green,8257,T10
74,1,0,0,257,green,8257,T10
75,1,0,0,257,green,8257,T10
76,1,0,0,257,green,8257,T10
77,1,0,0,257,green,8257,T10
78,1,0,0,257,green,8257,T10
79,1,0,0,257,green,8257,T10
80,1,0,0,257,green,8257,T10
81,1,0,0,257,green,8257,T10
82,0,0,1,257,green,8257,T10
83,0,0,1,257,green,8257,T10
84,0,0,1,257,green,8257,T10
85,0,0,1,257,green,8257,T10
86,0,0,1,257,green,8257,T10
87,0,0,1,257,green,8257,T10
88,0,0,1,257,green,8257,T10
89,0,0,1,257,green,8257,T10
90,0,0,1,257,green,8257,T10
91,0,0,1,257,green,8257,T10
92,0,0,1,257,green,8257,T10
93,0,0,1,257,green,8257,T10
94,0,0,1,257,green,8257,T10
95,0,0,1,257,green,8257,T10
96,0,0,1,257,green,8257,T10
97,0,0,1,257,green,8257,T10
98,0,0,1,257,green,8257,T10
99,0,0,1,257,green,8257,T10
100,0,0,1,257,green,8257,T10
101,0,0,1,257,green,8257,T10
102,1,0,0,257,green,8257,T10
103,1,0,0,257,green,8257,T10
104,1,0,0,257,green,8257,T10
105,1,0,0,257,green,8257,T10
106,1,0,0,257,green,8257,T10
107,1,0,0,257,green,8257,T10
108,1,0,0,257,green,8257,T10
109,1,0,0,257,green,8257,T10
110,1,0,0,257,green,8257,T10
111,1,0,0,257,green,8257,T10
112,1,0,0,257,green,8257,T10
113,1,0,0,257,green,8257,T10
114,1,0,0,257,green,8257,T10
115,1,0,0,257,green,8257,T10
116,1,0,0,257,green,8257,T10
117,1,0,0,257,green,8257,T10
118,1,0,0,257,green,8257,T10
119,1,0,0,257,green,8257,T10
120,1,0,0,257,green,8257,T10
121,1,0,0,257,green,8257,T10
122,0,0,1,257,green,8257,T10
123,0,0,1,257,green,8257,T10
124,0,1,0,257,green,8257,T10
125,0,1,0,257,green,8257,T10
126,0,1,0,257,green,8257,T10
127,0,1,0,257,green,8257,T10
128,0,1,0,257,green,8257,T10
129,0,1,0,257,green,8257,T10
130,0,1,0,257,green,8257,T10
131,0,1,0,257,green,8257,T10
132,0,1,0,257,green,8257,T10
133,0,1,0,257,green,8257,T10
134,0,1,0,257,green,8257,T10
135,0,1,0,257,green,8257,T10
136,0,1,0,257,green,8257,T10
137,0,1,0,257,green,8257,T10
138,0,1,0,257,green,8257,T10
139,0,1,0,257,green,8257,T10
140,0,1,0,257,green,8257,T10
141,0,1,0,257,green,8257,T10
142,0,1,0,257,green,8257,T10
143,0,1,0,257,green,8257,T10
144,0,1,0,257,green,8257,T10
145,0,1,0,257,green,8257,T10
146,0,1,0,257,green,8257,T10
147,0,1,0,257,green,8257,T10
148,0,1,0,257,green,8257,T10
149,0,1,0,257,green,8257,T10
150,0,1,0,257,green,8257,T10
151,0,1,0,257,green,8257,T10
152,0,1,0,257,green,8257,T10
153,0,1,0,257,green,8257,T10
154,0,1,0,257,green,8257,T10
155,0,1,0,257,green,8257,T10
0,0,0,1,258,green,9359,T10
1,0,0,1,258,green,9359,T10
2,0,0,1,258,green,9359,T10
3,0,0,1,258,green,9359,T10
4,0,0,1,258,green,9359,T10
5,0,0,1,258,green,9359,T10
6,0,0,1,258,green,9359,T10
7,0,0,1,258,green,9359,T10
8,0,0,1,258,green,9359,T10
9,0,0,1,258,green,9359,T10
10,0,0,1,258,green,9359,T10
11,0,0,1,258,green,9359,T10
12,0,0,1,258,green,9359,T10
13,0,0,1,258,green,9359,T10
14,0,0,1,258,green,9359,T10
15,0,0,1,258,green,9359,T10
16,0,0,1,258,green,9359,T10
17,0,0,1,258,green,9359,T10
18,0,0,1,258,green,9359,T10
19,0,0,1,258,green,9359,T10
20,0,0,1,258,green,9359,T10
21,0,0,1,258,green,9359,T10
22,0,0,1,258,green,9359,T10
23,0,0,1,258,green,9359,T10
24,0,0,1,258,green,9359,T10
25,0,0,1,258,green,9359,T10
26,0,0,1,258,green,9359,T10
27,0,0,1,258,green,9359,T10
28,0,0,1,258,green,9359,T10
29,0,0,1,258,green,9359,T10
30,0,0,1,258,green,9359,T10
31,0,0,1,258,green,9359,T10
32,0,0,1,258,green,9359,T10
33,0,0,1,258,green,9359,T10
34,0,0,1,258,green,9359,T10
35,0,0,1,258,green,9359,T10
36,0,0,1,258,green,9359,T10
37,0,0,1,258,green,9359,T10
38,0,0,1,258,green,9359,T10
39,0,0,1,258,green,9359,T10
40,0,0,1,258,green,9359,T10
41,0,0,1,258,green,9359,T10
42,0,0,1,258,green,9359,T10
43,0,0,1,258,green,9359,T10
44,0,0,1,258,green,9359,T10
45,0,0,1,258,green,9359,T10
46,0,0,1,258,green,9359,T10
47,0,0,1,258,green,9359,T10
48,0,0,1,258,green,9359,T10
49,0,0,1,258,green,9359,T10
50,0,0,1,258,green,9359,T10
51,0,0,1,258,green,9359,T10
52,0,0,1,258,green,9359,T10
53,0,0,1,258,green,9359,T10
54,0,0,1,258,green,9359,T10
55,0,0,1,258,green,9359,T10
56,0,0,1,258,green,9359,T10
57,0,0,1,258,green,9359,T10
58,0,0,1,258,green,9359,T10
59,0,0,1,258,green,9359,T10
60,0,0,1,258,green,9359,T10
61,0,0,1,258,green,9359,T10
62,0,0,1,258,green,9359,T10
63,0,0,1,258,green,9359,T10
64,0,0,1,258,green,9359,T10
65,0,0,1,258,green,9359,T10
66,0,0,1,258,green,9359,T10
67,0,0,1,258,green,9359,T10
68,0,0,1,258,green,9359,T10
69,0,0,1,258,green,9359,T10
70,0,0,1,258,green,9359,T10
71,0,0,1,258,green,9359,T10
72,0,0,1,258,green,9359,T10
73,0,0,1,258,green,9359,T10
74,0,0,1,258,green,9359,T10
75,0,0,1,258,green,9359,T10
76,0,0,1,258,green,9359,T10
77,0,0,1,258,green,9359,T10
78,0,0,1,258,green,9359,T10
79,0,0,1,258,green,9359,T10
80,0,0,1,258,green,9359,T10
81,0,0,1,258,green,9359,T10
82,0,1,0,258,green,9359,T10
83,0,1,0,258,green,9359,T10
84,0,1,0,258,green,9359,T10
85,0,1,0,258,green,9359,T10
86,0,1,0,258,green,9359,T10
87,0,1,0,258,green,9359,T10
88,0,1,0,258,green,9359,T10
89,0,1,0,258,green,9359,T10
90,0,1,0,258,green,9359,T10
91,0,1,0,258,green,9359,T10
92,0,1,0,258,green,9359,T10
93,0,1,0,258,green,9359,T10
94,0,1,0,258,green,9359,T10
95,0,1,0,258,green,9359,T10
96,0,1,0,258,green,9359,T10
97,0,1,0,258,green,9359,T10
98,0,1,0,258,green,9359,T10
99,0,1,0,258,green,9359,T10
100,0,1,0,258,green,9359,T10
101,0,1,0,258,green,9359,T10
102,0,1,0,258,green,9359,T10
103,0,1,0,258,green,9359,T10
104,0,1,0,258,green,9359,T10
105,0,1,0,258,green,9359,T10
106,0,1,0,258,green,9359,T10
107,0,1,0,258,green,9359,T10
108,0,1,0,258,green,9359,T10
109,0,1,0,258,green,9359,T10
110,0,1,0,258,green,9359,T10
111,0,1,0,258,green,9359,T10
112,0,1,0,258,green,9359,T10
113,0,1,0,258,green,9359,T10
114,0,1,0,258,green,9359,T10
115,0,1,0,258,green,9359,T10
116,0,1,0,258,green,9359,T10
117,0,1,0,258,green,9359,T10
118,0,1,0,258,green,9359,T10
119,0,1,0,258,green,9359,T10
120,0,1,0,258,green,9359,T10
121,0,1,0,258,green,9359,T10
122,0,1,0,258,green,9359,T10
123,0,1,0,258,green,9359,T10
124,0,1,0,258,green,9359,T10
125,0,1,0,258,green,9359,T10
126,0,1,0,258,green,9359,T10
127,0,1,0,258,green,9359,T10
128,0,1,0,258,green,9359,T10
129,0,1,0,258,green,9359,T10
130,0,1,0,258,green,9359,T10
131,0,1,0,258,green,9359,T10
132,0,1,0,258,green,9359,T10
133,0,1,0,258,green,9359,T10
134,0,1,0,258,green,9359,T10
135,0,1,0,258,green,9359,T10
136,0,1,0,258,green,9359,T10
137,0,1,0,258,green,9359,T10
138,0,1,0,258,green,9359,T10
139,0,1,0,258,green,9359,T10
140,0,1,0,258,green,9359,T10
141,0,1,0,258,green,9359,T10
142,0,1,0,258,green,9359,T10
143,0,1,0,258,green,9359,T10
144,0,1,0,258,green,9359,T10
145,0,1,0,258,green,9359,T10
146,0,1,0,258,green,9359,T10
147,0,1,0,258,green,9359,T10
148,0,1,0,258,green,9359,T10
149,0,1,0,258,green,9359,T10
150,0,1,0,258,green,9359,T10
151,0,1,0,258,green,9359,T10
152,0,1,0,258,green,9359,T10
153,0,1,0,258,green,9359,T10
154,0,1,0,258,green,9359,T10
155,0,1,0,258,green,9359,T10
0,0,0,1,259,green,8400,T10
1,0,0,1,259,green,8400,T10
2,0,0,1,259,green,8400,T10
3,0,0,1,259,green,8400,T10
4,0,0,1,259,green,8400,T10
5,0,0,1,259,green,8400,T10
6,0,0,1,259,green,8400,T10
7,0,0,1,259,green,8400,T10
8,0,0,1,259,green,8400,T10
9,0,0,1,259,green,8400,T10
10,0,0,1,259,green,8400,T10
11,0,0,1,259,green,8400,T10
12,0,0,1,259,green,8400,T10
13,0,0,1,259,green,8400,T10
14,0,0,1,259,green,8400,T10
15,0,0,1,259,green,8400,T10
16,0,0,1,259,green,8400,T10
17,0,0,1,259,green,8400,T10
18,0,0,1,259,green,8400,T10
19,0,0,1,259,green,8400,T10
20,0,0,1,259,green,8400,T10
21,0,0,1,259,green,8400,T10
22,0,0,1,259,green,8400,T10
23,0,0,1,259,green,8400,T10
24,0,1,0,259,green,8400,T10
25,0,1,0,259,green,8400,T10
26,0,1,0,259,green,8400,T10
27,0,1,0,259,green,8400,T10
28,0,1,0,259,green,8400,T10
29,0,1,0,259,green,8400,T10
30,0,1,0,259,green,8400,T10
31,0,1,0,259,green,8400,T10
32,0,1,0,259,green,8400,T10
33,0,1,0,259,green,8400,T10
34,0,1,0,259,green,8400,T10
35,0,1,0,259,green,8400,T10
36,0,1,0,259,green,8400,T10
37,0,1,0,259,green,8400,T10
38,0,1,0,259,green,8400,T10
39,0,1,0,259,green,8400,T10
40,0,1,0,259,green,8400,T10
41,0,1,0,259,green,8400,T10
42,0,1,0,259,green,8400,T10
43,0,1,0,259,green,8400,T10
44,0,1,0,259,green,8400,T10
45,0,1,0,259,green,8400,T10
46,0,1,0,259,green,8400,T10
47,0,1,0,259,green,8400,T10
48,0,1,0,259,green,8400,T10
49,0,1,0,259,green,8400,T10
50,0,1,0,259,green,8400,T10
51,0,1,0,259,green,8400,T10
52,0,1,0,259,green,8400,T10
53,0,1,0,259,green,8400,T10
54,0,1,0,259,green,8400,T10
55,0,1,0,259,green,8400,T10
56,0,1,0,259,green,8400,T10
57,0,1,0,259,green,8400,T10
58,0,1,0,259,green,8400,T10
59,0,1,0,259,green,8400,T10
60,0,1,0,259,green,8400,T10
61,0,1,0,259,green,8400,T10
62,0,1,0,259,green,8400,T10
63,0,1,0,259,green,8400,T10
64,0,1,0,259,green,8400,T10
65,0,1,0,259,green,8400,T10
66,0,1,0,259,green,8400,T10
67,0,1,0,259,green,8400,T10
68,0,1,0,259,green,8400,T10
69,0,1,0,259,green,8400,T10
70,0,1,0,259,green,8400,T10
71,0,1,0,259,green,8400,T10
72,0,1,0,259,green,8400,T10
73,0,1,0,259,green,8400,T10
74,0,1,0,259,green,8400,T10
75,0,1,0,259,green,8400,T10
76,0,1,0,259,green,8400,T10
77,0,1,0,259,green,8400,T10
78,0,1,0,259,green,8400,T10
79,0,1,0,259,green,8400,T10
80,0,1,0,259,green,8400,T10
81,0,1,0,259,green,8400,T10
82,0,1,0,259,green,8400,T10
83,0,1,0,259,green,8400,T10
84,0,1,0,259,green,8400,T10
85,0,1,0,259,green,8400,T10
86,0,1,0,259,green,8400,T10
87,0,1,0,259,green,8400,T10
88,0,1,0,259,green,8400,T10
89,0,1,0,259,green,8400,T10
90,0,1,0,259,green,8400,T10
91,0,1,0,259,green,8400,T10
92,0,1,0,259,green,8400,T10
93,0,1,0,259,green,8400,T10
94,0,1,0,259,green,8400,T10
95,0,1,0,259,green,8400,T10
96,0,1,0,259,green,8400,T10
97,0,1,0,259,green,8400,T10
98,0,1,0,259,green,8400,T10
99,0,1,0,259,green,8400,T10
100,0,1,0,259,green,8400,T10
101,0,1,0,259,green,8400,T10
102,0,1,0,259,green,8400,T10
103,0,1,0,259,green,8400,T10
104,0,1,0,259,green,8400,T10
105,0,1,0,259,green,8400,T10
106,0,1,0,259,green,8400,T10
107,0,1,0,259,green,8400,T10
108,0,1,0,259,green,8400,T10
109,0,1,0,259,green,8400,T10
110,0,1,0,259,green,8400,T10
111,0,1,0,259,green,8400,T10
112,0,1,0,259,green,8400,T10
113,0,1,0,259,green,8400,T10
114,0,1,0,259,green,8400,T10
115,0,1,0,259,green,8400,T10
116,0,1,0,259,green,8400,T10
117,0,1,0,259,green,8400,T10
118,0,1,0,259,green,8400,T10
119,0,1,0,259,green,8400,T10
120,0,1,0,259,green,8400,T10
121,0,1,0,259,green,8400,T10
122,0,1,0,259,green,8400,T10
123,0,1,0,259,green,8400,T10
124,0,1,0,259,green,8400,T10
125,0,1,0,259,green,8400,T10
126,0,1,0,259,green,8400,T10
127,0,1,0,259,green,8400,T10
128,0,1,0,259,green,8400,T10
129,0,1,0,259,green,8400,T10
130,0,1,0,259,green,8400,T10
131,0,1,0,259,green,8400,T10
132,0,1,0,259,green,8400,T10
133,0,1,0,259,green,8400,T10
134,0,1,0,259,green,8400,T10
135,0,1,0,259,green,8400,T10
136,0,1,0,259,green,8400,T10
137,0,1,0,259,green,8400,T10
138,0,1,0,259,green,8400,T10
139,0,1,0,259,green,8400,T10
140,0,1,0,259,green,8400,T10
141,0,1,0,259,green,8400,T10
142,0,1,0,259,green,8400,T10
143,0,1,0,259,green,8400,T10
144,0,1,0,259,green,8400,T10
145,0,1,0,259,green,8400,T10
146,0,1,0,259,green,8400,T10
147,0,1,0,259,green,8400,T10
148,0,1,0,259,green,8400,T10
149,0,1,0,259,green,8400,T10
150,0,1,0,259,green,8400,T10
151,0,1,0,259,green,8400,T10
152,0,1,0,259,green,8400,T10
153,0,1,0,259,green,8400,T10
154,0,1,0,259,green,8400,T10
155,0,1,0,259,green,8400,T10
0,0,0,1,260,green,9979,T10
1,0,0,1,260,green,9979,T10
2,0,0,1,260,green,9979,T10
3,0,0,1,260,green,9979,T10
4,0,0,1,260,green,9979,T10
5,0,0,1,260,green,9979,T10
6,0,0,1,260,green,9979,T10
7,0,0,1,260,green,9979,T10
8,0,0,1,260,green,9979,T10
9,0,0,1,260,green,9979,T10
10,0,0,1,260,green,9979,T10
11,0,0,1,260,green,9979,T10
12,0,0,1,260,green,9979,T10
13,0,0,1,260,green,9979,T10
14,0,0,1,260,green,9979,T10
15,0,0,1,260,green,9979,T10
16,0,0,1,260,green,9979,T10
17,0,0,1,260,green,9979,T10
18,0,0,1,260,green,9979,T10
19,0,0,1,260,green,9979,T10
20,0,0,1,260,green,9979,T10
21,0,0,1,260,green,9979,T10
22,0,0,1,260,green,9979,T10
23,0,0,1,260,green,9979,T10
24,0,0,1,260,green,9979,T10
25,0,0,1,260,green,9979,T10
26,0,0,1,260,green,9979,T10
27,0,0,1,260,green,9979,T10
28,0,0,1,260,green,9979,T10
29,0,0,1,260,green,9979,T10
30,0,0,1,260,green,9979,T10
31,0,0,1,260,green,9979,T10
32,0,0,1,260,green,9979,T10
33,0,0,1,260,green,9979,T10
34,0,0,1,260,green,9979,T10
35,0,0,1,260,green,9979,T10
36,0,0,1,260,green,9979,T10
37,0,0,1,260,green,9979,T10
38,0,0,1,260,green,9979,T10
39,0,0,1,260,green,9979,T10
40,0,0,1,260,green,9979,T10
41,0,0,1,260,green,9979,T10
42,0,0,1,260,green,9979,T10
43,0,0,1,260,green,9979,T10
44,0,0,1,260,green,9979,T10
45,0,0,1,260,green,9979,T10
46,0,0,1,260,green,9979,T10
47,0,0,1,260,green,9979,T10
48,0,0,1,260,green,9979,T10
49,0,0,1,260,green,9979,T10
50,0,0,1,260,green,9979,T10
51,0,0,1,260,green,9979,T10
52,0,0,1,260,green,9979,T10
53,0,0,1,260,green,9979,T10
54,0,0,1,260,green,9979,T10
55,0,0,1,260,green,9979,T10
56,0,0,1,260,green,9979,T10
57,0,0,1,260,green,9979,T10
58,0,0,1,260,green,9979,T10
59,0,0,1,260,green,9979,T10
60,0,0,1,260,green,9979,T10
61,0,0,1,260,green,9979,T10
62,0,0,1,260,green,9979,T10
63,0,0,1,260,green,9979,T10
64,0,0,1,260,green,9979,T10
65,0,0,1,260,green,9979,T10
66,0,0,1,260,green,9979,T10
67,0,0,1,260,green,9979,T10
68,0,0,1,260,green,9979,T10
69,0,0,1,260,green,9979,T10
70,0,0,1,260,green,9979,T10
71,0,0,1,260,green,9979,T10
72,0,0,1,260,green,9979,T10
73,0,0,1,260,green,9979,T10
74,0,0,1,260,green,9979,T10
75,0,0,1,260,green,9979,T10
76,0,0,1,260,green,9979,T10
77,0,0,1,260,green,9979,T10
78,0,0,1,260,green,9979,T10
79,0,0,1,260,green,9979,T10
80,0,0,1,260,green,9979,T10
81,0,0,1,260,green,9979,T10
82,0,0,1,260,green,9979,T10
83,0,0,1,260,green,9979,T10
84,0,0,1,260,green,9979,T10
85,0,0,1,260,green,9979,T10
86,0,0,1,260,green,9979,T10
87,0,0,1,260,green,9979,T10
88,0,0,1,260,green,9979,T10
89,1,0,0,260,green,9979,T10
90,1,0,0,260,green,9979,T10
91,1,0,0,260,green,9979,T10
92,1,0,0,260,green,9979,T10
93,1,0,0,260,green,9979,T10
94,1,0,0,260,green,9979,T10
95,1,0,0,260,green,9979,T10
96,1,0,0,260,green,9979,T10
97,1,0,0,260,green,9979,T10
98,1,0,0,260,green,9979,T10
99,1,0,0,260,green,9979,T10
100,1,0,0,260,green,9979,T10
101,1,0,0,260,green,9979,T10
102,1,0,0,260,green,9979,T10
103,1,0,0,260,green,9979,T10
104,1,0,0,260,green,9979,T10
105,1,0,0,260,green,9979,T10
106,1,0,0,260,green,9979,T10
107,1,0,0,260,green,9979,T10
108,1,0,0,260,green,9979,T10
109,1,0,0,260,green,9979,T10
110,1,0,0,260,green,9979,T10
111,1,0,0,260,green,9979,T10
112,1,0,0,260,green,9979,T10
113,1,0,0,260,green,9979,T10
114,1,0,0,260,green,9979,T10
115,1,0,0,260,green,9979,T10
116,1,0,0,260,green,9979,T10
117,1,0,0,260,green,9979,T10
118,1,0,0,260,green,9979,T10
119,1,0,0,260,green,9979,T10
120,1,0,0,260,green,9979,T10
121,1,0,0,260,green,9979,T10
122,1,0,0,260,green,9979,T10
123,1,0,0,260,green,9979,T10
124,1,0,0,260,green,9979,T10
125,1,0,0,260,green,9979,T10
126,1,0,0,260,green,9979,T10
127,1,0,0,260,green,9979,T10
128,1,0,0,260,green,9979,T10
129,1,0,0,260,green,9979,T10
130,1,0,0,260,green,9979,T10
131,1,0,0,260,green,9979,T10
132,1,0,0,260,green,9979,T10
133,1,0,0,260,green,9979,T10
134,1,0,0,260,green,9979,T10
135,1,0,0,260,green,9979,T10
136,1,0,0,260,green,9979,T10
137,1,0,0,260,green,9979,T10
138,1,0,0,260,green,9979,T10
139,1,0,0,260,green,9979,T10
140,1,0,0,260,green,9979,T10
141,1,0,0,260,green,9979,T10
142,1,0,0,260,green,9979,T10
143,1,0,0,260,green,9979,T10
144,1,0,0,260,green,9979,T10
145,1,0,0,260,green,9979,T10
146,1,0,0,260,green,9979,T10
147,1,0,0,260,green,9979,T10
148,1,0,0,260,green,9979,T10
149,1,0,0,260,green,9979,T10
150,1,0,0,260,green,9979,T10
151,1,0,0,260,green,9979,T10
152,1,0,0,260,green,9979,T10
153,1,0,0,260,green,9979,T10
154,1,0,0,260,green,9979,T10
155,1,0,0,260,green,9979,T10
0,0,0,1,261,green,8655,T10
1,0,0,1,261,green,8655,T10
2,0,0,1,261,green,8655,T10
3,0,0,1,261,green,8655,T10
4,0,0,1,261,green,8655,T10
5,0,0,1,261,green,8655,T10
6,0,0,1,261,green,8655,T10
7,0,0,1,261,green,8655,T10
8,0,0,1,261,green,8655,T10
9,0,0,1,261,green,8655,T10
10,0,0,1,261,green,8655,T10
11,0,0,1,261,green,8655,T10
12,0,0,1,261,green,8655,T10
13,0,0,1,261,green,8655,T10
14,0,0,1,261,green,8655,T10
15,0,0,1,261,green,8655,T10
16,0,0,1,261,green,8655,T10
17,0,0,1,261,green,8655,T10
18,0,0,1,261,green,8655,T10
19,0,0,1,261,green,8655,T10
20,0,0,1,261,green,8655,T10
21,0,0,1,261,green,8655,T10
22,0,0,1,261,green,8655,T10
23,0,0,1,261,green,8655,T10
24,0,0,1,261,green,8655,T10
25,0,0,1,261,green,8655,T10
26,0,0,1,261,green,8655,T10
27,0,1,0,261,green,8655,T10
28,0,1,0,261,green,8655,T10
29,0,1,0,261,green,8655,T10
30,0,1,0,261,green,8655,T10
31,0,1,0,261,green,8655,T10
32,0,1,0,261,green,8655,T10
33,0,1,0,261,green,8655,T10
34,0,1,0,261,green,8655,T10
35,0,1,0,261,green,8655,T10
36,0,1,0,261,green,8655,T10
37,0,1,0,261,green,8655,T10
38,0,1,0,261,green,8655,T10
39,0,1,0,261,green,8655,T10
40,0,1,0,261,green,8655,T10
41,0,1,0,261,green,8655,T10
42,0,1,0,261,green,8655,T10
43,0,1,0,261,green,8655,T10
44,0,1,0,261,green,8655,T10
45,0,1,0,261,green,8655,T10
46,0,1,0,261,green,8655,T10
47,0,1,0,261,green,8655,T10
48,0,1,0,261,green,8655,T10
49,0,1,0,261,green,8655,T10
50,0,1,0,261,green,8655,T10
51,0,1,0,261,green,8655,T10
52,0,1,0,261,green,8655,T10
53,0,1,0,261,green,8655,T10
54,0,1,0,261,green,8655,T10
55,0,1,0,261,green,8655,T10
56,0,1,0,261,green,8655,T10
57,0,1,0,261,green,8655,T10
58,0,1,0,261,green,8655,T10
59,0,1,0,261,green,8655,T10
60,0,1,0,261,green,8655,T10
61,0,1,0,261,green,8655,T10
62,0,1,0,261,green,8655,T10
63,0,1,0,261,green,8655,T10
64,0,1,0,261,green,8655,T10
65,0,1,0,261,green,8655,T10
66,0,1,0,261,green,8655,T10
67,0,1,0,261,green,8655,T10
68,0,1,0,261,green,8655,T10
69,0,1,0,261,green,8655,T10
70,0,1,0,261,green,8655,T10
71,0,1,0,261,green,8655,T10
72,0,1,0,261,green,8655,T10
73,0,1,0,261,green,8655,T10
74,0,1,0,261,green,8655,T10
75,0,1,0,261,green,8655,T10
76,0,1,0,261,green,8655,T10
77,0,1,0,261,green,8655,T10
78,0,1,0,261,green,8655,T10
79,0,1,0,261,green,8655,T10
80,0,1,0,261,green,8655,T10
81,0,1,0,261,green,8655,T10
82,0,1,0,261,green,8655,T10
83,0,1,0,261,green,8655,T10
84,0,1,0,261,green,8655,T10
85,0,1,0,261,green,8655,T10
86,0,1,0,261,green,8655,T10
87,0,1,0,261,green,8655,T10
88,0,1,0,261,green,8655,T10
89,0,1,0,261,green,8655,T10
90,0,1,0,261,green,8655,T10
91,0,1,0,261,green,8655,T10
92,0,1,0,261,green,8655,T10
93,0,1,0,261,green,8655,T10
94,0,1,0,261,green,8655,T10
95,0,1,0,261,green,8655,T10
96,0,1,0,261,green,8655,T10
97,0,1,0,261,green,8655,T10
98,0,1,0,261,green,8655,T10
99,0,1,0,261,green,8655,T10
100,0,1,0,261,green,8655,T10
101,0,1,0,261,green,8655,T10
102,0,1,0,261,green,8655,T10
103,0,1,0,261,green,8655,T10
104,0,1,0,261,green,8655,T10
105,0,1,0,261,green,8655,T10
106,0,1,0,261,green,8655,T10
107,0,1,0,261,green,8655,T10
108,0,1,0,261,green,8655,T10
109,0,1,0,261,green,8655,T10
110,0,1,0,261,green,8655,T10
111,0,1,0,261,green,8655,T10
112,0,1,0,261,green,8655,T10
113,0,1,0,261,green,8655,T10
114,0,1,0,261,green,8655,T10
115,0,1,0,261,green,8655,T10
116,0,1,0,261,green,8655,T10
117,0,1,0,261,green,8655,T10
118,0,1,0,261,green,8655,T10
119,0,1,0,261,green,8655,T10
120,0,1,0,261,green,8655,T10
121,0,1,0,261,green,8655,T10
122,0,1,0,261,green,8655,T10
123,0,1,0,261,green,8655,T10
124,0,1,0,261,green,8655,T10
125,0,1,0,261,green,8655,T10
126,0,1,0,261,green,8655,T10
127,0,1,0,261,green,8655,T10
128,0,1,0,261,green,8655,T10
129,0,1,0,261,green,8655,T10
130,0,1,0,261,green,8655,T10
131,0,1,0,261,green,8655,T10
132,0,1,0,261,green,8655,T10
133,0,1,0,261,green,8655,T10
134,0,1,0,261,green,8655,T10
135,0,1,0,261,green,8655,T10
136,0,1,0,261,green,8655,T10
137,0,1,0,261,green,8655,T10
138,0,1,0,261,green,8655,T10
139,0,1,0,261,green,8655,T10
140,0,1,0,261,green,8655,T10
141,0,1,0,261,green,8655,T10
142,0,1,0,261,green,8655,T10
143,0,1,0,261,green,8655,T10
144,0,1,0,261,green,8655,T10
145,0,1,0,261,green,8655,T10
146,0,1,0,261,green,8655,T10
147,0,1,0,261,green,8655,T10
148,0,1,0,261,green,8655,T10
149,0,1,0,261,green,8655,T10
150,0,1,0,261,green,8655,T10
151,0,1,0,261,green,8655,T10
152,0,1,0,261,green,8655,T10
153,0,1,0,261,green,8655,T10
154,0,1,0,261,green,8655,T10
155,0,1,0,261,green,8655,T10
0,0,0,1,262,green,10184,T10
1,0,0,1,262,green,10184,T10
2,0,0,1,262,green,10184,T10
3,0,0,1,262,green,10184,T10
4,0,0,1,262,green,10184,T10
5,0,0,1,262,green,10184,T10
6,0,0,1,262,green,10184,T10
7,0,0,1,262,green,10184,T10
8,0,0,1,262,green,10184,T10
9,0,0,1,262,green,10184,T10
10,0,0,1,262,green,10184,T10
11,0,0,1,262,green,10184,T10
12,0,0,1,262,green,10184,T10
13,0,0,1,262,green,10184,T10
14,0,0,1,262,green,10184,T10
15,0,0,1,262,green,10184,T10
16,0,0,1,262,green,10184,T10
17,0,0,1,262,green,10184,T10
18,0,0,1,262,green,10184,T10
19,0,0,1,262,green,10184,T10
20,0,0,1,262,green,10184,T10
21,0,0,1,262,green,10184,T10
22,0,0,1,262,green,10184,T10
23,0,0,1,262,green,10184,T10
24,0,0,1,262,green,10184,T10
25,0,0,1,262,green,10184,T10
26,0,0,1,262,green,10184,T10
27,0,0,1,262,green,10184,T10
28,0,0,1,262,green,10184,T10
29,0,0,1,262,green,10184,T10
30,0,0,1,262,green,10184,T10
31,0,0,1,262,green,10184,T10
32,0,0,1,262,green,10184,T10
33,0,0,1,262,green,10184,T10
34,0,0,1,262,green,10184,T10
35,0,0,1,262,green,10184,T10
36,0,0,1,262,green,10184,T10
37,0,0,1,262,green,10184,T10
38,0,0,1,262,green,10184,T10
39,0,0,1,262,green,10184,T10
40,0,0,1,262,green,10184,T10
41,0,0,1,262,green,10184,T10
42,0,0,1,262,green,10184,T10
43,0,0,1,262,green,10184,T10
44,0,0,1,262,green,10184,T10
45,0,0,1,262,green,10184,T10
46,0,0,1,262,green,10184,T10
47,0,0,1,262,green,10184,T10
48,0,0,1,262,green,10184,T10
49,1,0,0,262,green,10184,T10
50,1,0,0,262,green,10184,T10
51,1,0,0,262,green,10184,T10
52,1,0,0,262,green,10184,T10
53,1,0,0,262,green,10184,T10
54,1,0,0,262,green,10184,T10
55,1,0,0,262,green,10184,T10
56,1,0,0,262,green,10184,T10
57,1,0,0,262,green,10184,T10
58,1,0,0,262,green,10184,T10
59,1,0,0,262,green,10184,T10
60,1,0,0,262,green,10184,T10
61,1,0,0,262,green,10184,T10
62,1,0,0,262,green,10184,T10
63,1,0,0,262,green,10184,T10
64,1,0,0,262,green,10184,T10
65,1,0,0,262,green,10184,T10
66,1,0,0,262,green,10184,T10
67,1,0,0,262,green,10184,T10
68,1,0,0,262,green,10184,T10
69,1,0,0,262,green,10184,T10
70,1,0,0,262,green,10184,T10
71,1,0,0,262,green,10184,T10
72,1,0,0,262,green,10184,T10
73,1,0,0,262,green,10184,T10
74,1,0,0,262,green,10184,T10
75,1,0,0,262,green,10184,T10
76,1,0,0,262,green,10184,T10
77,1,0,0,262,green,10184,T10
78,1,0,0,262,green,10184,T10
79,1,0,0,262,green,10184,T10
80,1,0,0,262,green,10184,T10
81,1,0,0,262,green,10184,T10
82,1,0,0,262,green,10184,T10
83,1,0,0,262,green,10184,T10
84,1,0,0,262,green,10184,T10
85,1,0,0,262,green,10184,T10
86,1,0,0,262,green,10184,T10
87,1,0,0,262,green,10184,T10
88,1,0,0,262,green,10184,T10
89,1,0,0,262,green,10184,T10
90,1,0,0,262,green,10184,T10
91,1,0,0,262,green,10184,T10
92,1,0,0,262,green,10184,T10
93,1,0,0,262,green,10184,T10
94,1,0,0,262,green,10184,T10
95,1,0,0,262,green,10184,T10
96,1,0,0,262,green,10184,T10
97,1,0,0,262,green,10184,T10
98,1,0,0,262,green,10184,T10
99,1,0,0,262,green,10184,T10
100,1,0,0,262,green,10184,T10
101,1,0,0,262,green,10184,T10
102,1,0,0,262,green,10184,T10
103,1,0,0,262,green,10184,T10
104,1,0,0,262,green,10184,T10
105,1,0,0,262,green,10184,T10
106,1,0,0,262,green,10184,T10
107,1,0,0,262,green,10184,T10
108,1,0,0,262,green,10184,T10
109,1,0,0,262,green,10184,T10
110,1,0,0,262,green,10184,T10
111,0,0,1,262,green,10184,T10
112,0,0,1,262,green,10184,T10
113,0,0,1,262,green,10184,T10
114,0,0,1,262,green,10184,T10
115,0,0,1,262,green,10184,T10
116,0,0,1,262,green,10184,T10
117,0,0,1,262,green,10184,T10
118,0,0,1,262,green,10184,T10
119,0,0,1,262,green,10184,T10
120,0,0,1,262,green,10184,T10
121,0,0,1,262,green,10184,T10
122,0,0,1,262,green,10184,T10
123,0,0,1,262,green,10184,T10
124,0,0,1,262,green,10184,T10
125,0,0,1,262,green,10184,T10
126,0,0,1,262,green,10184,T10
127,0,0,1,262,green,10184,T10
128,0,0,1,262,green,10184,T10
129,0,0,1,262,green,10184,T10
130,0,1,0,262,green,10184,T10
131,0,1,0,262,green,10184,T10
132,0,1,0,262,green,10184,T10
133,0,1,0,262,green,10184,T10
134,0,1,0,262,green,10184,T10
135,0,1,0,262,green,10184,T10
136,0,1,0,262,green,10184,T10
137,0,1,0,262,green,10184,T10
138,0,1,0,262,green,10184,T10
139,0,1,0,262,green,10184,T10
140,0,1,0,262,green,10184,T10
141,0,1,0,262,green,10184,T10
142,0,1,0,262,green,10184,T10
143,0,1,0,262,green,10184,T10
144,0,1,0,262,green,10184,T10
145,0,1,0,262,green,10184,T10
146,0,1,0,262,green,10184,T10
147,0,1,0,262,green,10184,T10
148,0,1,0,262,green,10184,T10
149,0,1,0,262,green,10184,T10
150,0,1,0,262,green,10184,T10
151,0,1,0,262,green,10184,T10
152,0,1,0,262,green,10184,T10
153,0,1,0,262,green,10184,T10
154,0,1,0,262,green,10184,T10
155,0,1,0,262,green,10184,T10
0,0,0,1,263,green,10055,T10
1,0,0,1,263,green,10055,T10
2,0,0,1,263,green,10055,T10
3,0,0,1,263,green,10055,T10
4,0,0,1,263,green,10055,T10
5,0,0,1,263,green,10055,T10
6,0,0,1,263,green,10055,T10
7,0,0,1,263,green,10055,T10
8,0,0,1,263,green,10055,T10
9,0,0,1,263,green,10055,T10
10,0,0,1,263,green,10055,T10
11,0,0,1,263,green,10055,T10
12,0,0,1,263,green,10055,T10
13,0,0,1,263,green,10055,T10
14,0,0,1,263,green,10055,T10
15,0,0,1,263,green,10055,T10
16,0,0,1,263,green,10055,T10
17,0,0,1,263,green,10055,T10
18,0,0,1,263,green,10055,T10
19,0,0,1,263,green,10055,T10
20,0,0,1,263,green,10055,T10
21,0,0,1,263,green,10055,T10
22,0,0,1,263,green,10055,T10
23,0,0,1,263,green,10055,T10
24,0,0,1,263,green,10055,T10
25,0,0,1,263,green,10055,T10
26,0,0,1,263,green,10055,T10
27,0,0,1,263,green,10055,T10
28,0,0,1,263,green,10055,T10
29,0,0,1,263,green,10055,T10
30,0,0,1,263,green,10055,T10
31,0,0,1,263,green,10055,T10
32,0,0,1,263,green,10055,T10
33,0,0,1,263,green,10055,T10
34,0,0,1,263,green,10055,T10
35,0,0,1,263,green,10055,T10
36,0,0,1,263,green,10055,T10
37,0,0,1,263,green,10055,T10
38,0,0,1,263,green,10055,T10
39,0,0,1,263,green,10055,T10
40,0,0,1,263,green,10055,T10
41,0,0,1,263,green,10055,T10
42,0,0,1,263,green,10055,T10
43,0,0,1,263,green,10055,T10
44,0,0,1,263,green,10055,T10
45,0,0,1,263,green,10055,T10
46,0,0,1,263,green,10055,T10
47,0,0,1,263,green,10055,T10
48,0,0,1,263,green,10055,T10
49,0,0,1,263,green,10055,T10
50,0,0,1,263,green,10055,T10
51,0,0,1,263,green,10055,T10
52,0,0,1,263,green,10055,T10
53,0,0,1,263,green,10055,T10
54,0,0,1,263,green,10055,T10
55,0,0,1,263,green,10055,T10
56,0,0,1,263,green,10055,T10
57,0,0,1,263,green,10055,T10
58,0,0,1,263,green,10055,T10
59,0,0,1,263,green,10055,T10
60,0,0,1,263,green,10055,T10
61,0,0,1,263,green,10055,T10
62,0,0,1,263,green,10055,T10
63,0,0,1,263,green,10055,T10
64,0,0,1,263,green,10055,T10
65,0,0,1,263,green,10055,T10
66,0,0,1,263,green,10055,T10
67,0,0,1,263,green,10055,T10
68,0,0,1,263,green,10055,T10
69,0,0,1,263,green,10055,T10
70,0,0,1,263,green,10055,T10
71,0,0,1,263,green,10055,T10
72,0,0,1,263,green,10055,T10
73,0,0,1,263,green,10055,T10
74,0,0,1,263,green,10055,T10
75,0,0,1,263,green,10055,T10
76,0,0,1,263,green,10055,T10
77,0,0,1,263,green,10055,T10
78,0,0,1,263,green,10055,T10
79,0,0,1,263,green,10055,T10
80,0,0,1,263,green,10055,T10
81,0,0,1,263,green,10055,T10
82,0,0,1,263,green,10055,T10
83,0,0,1,263,green,10055,T10
84,0,0,1,263,green,10055,T10
85,0,0,1,263,green,10055,T10
86,0,0,1,263,green,10055,T10
87,0,0,1,263,green,10055,T10
88,0,0,1,263,green,10055,T10
89,0,0,1,263,green,10055,T10
90,0,0,1,263,green,10055,T10
91,0,0,1,263,green,10055,T10
92,0,0,1,263,green,10055,T10
93,0,0,1,263,green,10055,T10
94,0,0,1,263,green,10055,T10
95,0,0,1,263,green,10055,T10
96,0,0,1,263,green,10055,T10
97,0,0,1,263,green,10055,T10
98,0,0,1,263,green,10055,T10
99,0,0,1,263,green,10055,T10
100,0,0,1,263,green,10055,T10
101,0,0,1,263,green,10055,T10
102,0,0,1,263,green,10055,T10
103,0,0,1,263,green,10055,T10
104,0,0,1,263,green,10055,T10
105,0,0,1,263,green,10055,T10
106,0,0,1,263,green,10055,T10
107,0,0,1,263,green,10055,T10
108,0,0,1,263,green,10055,T10
109,0,0,1,263,green,10055,T10
110,0,0,1,263,green,10055,T10
111,0,0,1,263,green,10055,T10
112,0,0,1,263,green,10055,T10
113,0,0,1,263,green,10055,T10
114,0,0,1,263,green,10055,T10
115,0,0,1,263,green,10055,T10
116,0,0,1,263,green,10055,T10
117,0,0,1,263,green,10055,T10
118,0,0,1,263,green,10055,T10
119,0,0,1,263,green,10055,T10
120,0,0,1,263,green,10055,T10
121,0,0,1,263,green,10055,T10
122,0,0,1,263,green,10055,T10
123,0,0,1,263,green,10055,T10
124,0,0,1,263,green,10055,T10
125,0,0,1,263,green,10055,T10
126,0,0,1,263,green,10055,T10
127,0,0,1,263,green,10055,T10
128,0,0,1,263,green,10055,T10
129,0,0,1,263,green,10055,T10
130,0,0,1,263,green,10055,T10
131,0,0,1,263,green,10055,T10
132,0,0,1,263,green,10055,T10
133,0,0,1,263,green,10055,T10
134,0,0,1,263,green,10055,T10
135,0,0,1,263,green,10055,T10
136,0,0,1,263,green,10055,T10
137,0,1,0,263,green,10055,T10
138,0,1,0,263,green,10055,T10
139,0,1,0,263,green,10055,T10
140,0,1,0,263,green,10055,T10
141,0,1,0,263,green,10055,T10
142,0,1,0,263,green,10055,T10
143,0,1,0,263,green,10055,T10
144,0,1,0,263,green,10055,T10
145,0,1,0,263,green,10055,T10
146,0,1,0,263,green,10055,T10
147,0,1,0,263,green,10055,T10
148,0,1,0,263,green,10055,T10
149,0,1,0,263,green,10055,T10
150,0,1,0,263,green,10055,T10
151,0,1,0,263,green,10055,T10
152,0,1,0,263,green,10055,T10
153,0,1,0,263,green,10055,T10
154,0,1,0,263,green,10055,T10
155,0,1,0,263,green,10055,T10
0,0,0,1,264,green,8999,T10
1,0,0,1,264,green,8999,T10
2,0,0,1,264,green,8999,T10
3,0,0,1,264,green,8999,T10
4,0,0,1,264,green,8999,T10
5,0,0,1,264,green,8999,T10
6,0,0,1,264,green,8999,T10
7,0,0,1,264,green,8999,T10
8,0,0,1,264,green,8999,T10
9,0,0,1,264,green,8999,T10
10,0,0,1,264,green,8999,T10
11,0,0,1,264,green,8999,T10
12,0,0,1,264,green,8999,T10
13,0,0,1,264,green,8999,T10
14,0,0,1,264,green,8999,T10
15,0,0,1,264,green,8999,T10
16,0,0,1,264,green,8999,T10
17,0,0,1,264,green,8999,T10
18,0,0,1,264,green,8999,T10
19,0,0,1,264,green,8999,T10
20,0,0,1,264,green,8999,T10
21,0,0,1,264,green,8999,T10
22,0,0,1,264,green,8999,T10
23,0,0,1,264,green,8999,T10
24,0,0,1,264,green,8999,T10
25,0,0,1,264,green,8999,T10
26,0,0,1,264,green,8999,T10
27,0,0,1,264,green,8999,T10
28,0,0,1,264,green,8999,T10
29,0,0,1,264,green,8999,T10
30,0,0,1,264,green,8999,T10
31,0,0,1,264,green,8999,T10
32,0,0,1,264,green,8999,T10
33,0,0,1,264,green,8999,T10
34,0,0,1,264,green,8999,T10
35,0,0,1,264,green,8999,T10
36,0,0,1,264,green,8999,T10
37,0,0,1,264,green,8999,T10
38,0,0,1,264,green,8999,T10
39,0,0,1,264,green,8999,T10
40,0,0,1,264,green,8999,T10
41,0,0,1,264,green,8999,T10
42,0,0,1,264,green,8999,T10
43,0,0,1,264,green,8999,T10
44,1,0,0,264,green,8999,T10
45,1,0,0,264,green,8999,T10
46,1,0,0,264,green,8999,T10
47,1,0,0,264,green,8999,T10
48,1,0,0,264,green,8999,T10
49,1,0,0,264,green,8999,T10
50,1,0,0,264,green,8999,T10
51,1,0,0,264,green,8999,T10
52,1,0,0,264,green,8999,T10
53,1,0,0,264,green,8999,T10
54,1,0,0,264,green,8999,T10
55,1,0,0,264,green,8999,T10
56,1,0,0,264,green,8999,T10
57,1,0,0,264,green,8999,T10
58,1,0,0,264,green,8999,T10
59,1,0,0,264,green,8999,T10
60,1,0,0,264,green,8999,T10
61,1,0,0,264,green,8999,T10
62,0,0,1,264,green,8999,T10
63,0,0,1,264,green,8999,T10
64,0,0,1,264,green,8999,T10
65,0,0,1,264,green,8999,T10
66,0,0,1,264,green,8999,T10
67,0,0,1,264,green,8999,T10
68,0,1,0,264,green,8999,T10
69,0,1,0,264,green,8999,T10
70,0,1,0,264,green,8999,T10
71,0,1,0,264,green,8999,T10
72,0,1,0,264,green,8999,T10
73,0,1,0,264,green,8999,T10
74,0,1,0,264,green,8999,T10
75,0,1,0,264,green,8999,T10
76,0,1,0,264,green,8999,T10
77,0,1,0,264,green,8999,T10
78,0,1,0,264,green,8999,T10
79,0,1,0,264,green,8999,T10
80,0,1,0,264,green,8999,T10
81,0,1,0,264,green,8999,T10
82,0,1,0,264,green,8999,T10
83,0,1,0,264,green,8999,T10
84,0,1,0,264,green,8999,T10
85,0,1,0,264,green,8999,T10
86,0,1,0,264,green,8999,T10
87,0,1,0,264,green,8999,T10
88,0,1,0,264,green,8999,T10
89,0,1,0,264,green,8999,T10
90,0,1,0,264,green,8999,T10
91,0,1,0,264,green,8999,T10
92,0,1,0,264,green,8999,T10
93,0,1,0,264,green,8999,T10
94,0,1,0,264,green,8999,T10
95,0,1,0,264,green,8999,T10
96,0,1,0,264,green,8999,T10
97,0,1,0,264,green,8999,T10
98,0,1,0,264,green,8999,T10
99,0,1,0,264,green,8999,T10
100,0,1,0,264,green,8999,T10
101,0,1,0,264,green,8999,T10
102,0,1,0,264,green,8999,T10
103,0,1,0,264,green,8999,T10
104,0,1,0,264,green,8999,T10
105,0,1,0,264,green,8999,T10
106,0,1,0,264,green,8999,T10
107,0,1,0,264,green,8999,T10
108,0,1,0,264,green,8999,T10
109,0,1,0,264,green,8999,T10
110,0,1,0,264,green,8999,T10
111,0,1,0,264,green,8999,T10
112,0,1,0,264,green,8999,T10
113,0,1,0,264,green,8999,T10
114,0,1,0,264,green,8999,T10
115,0,1,0,264,green,8999,T10
116,0,1,0,264,green,8999,T10
117,0,1,0,264,green,8999,T10
118,0,1,0,264,green,8999,T10
119,0,1,0,264,green,8999,T10
120,0,1,0,264,green,8999,T10
121,0,1,0,264,green,8999,T10
122,0,1,0,264,green,8999,T10
123,0,1,0,264,green,8999,T10
124,0,1,0,264,green,8999,T10
125,0,1,0,264,green,8999,T10
126,0,1,0,264,green,8999,T10
127,0,1,0,264,green,8999,T10
128,0,1,0,264,green,8999,T10
129,0,1,0,264,green,8999,T10
130,0,1,0,264,green,8999,T10
131,0,1,0,264,green,8999,T10
132,0,1,0,264,green,8999,T10
133,0,1,0,264,green,8999,T10
134,0,1,0,264,green,8999,T10
135,0,1,0,264,green,8999,T10
136,0,1,0,264,green,8999,T10
137,0,1,0,264,green,8999,T10
138,0,1,0,264,green,8999,T10
139,0,1,0,264,green,8999,T10
140,0,1,0,264,green,8999,T10
141,0,1,0,264,green,8999,T10
142,0,1,0,264,green,8999,T10
143,0,1,0,264,green,8999,T10
144,0,1,0,264,green,8999,T10
145,0,1,0,264,green,8999,T10
146,0,1,0,264,green,8999,T10
147,0,1,0,264,green,8999,T10
148,0,1,0,264,green,8999,T10
149,0,1,0,264,green,8999,T10
150,0,1,0,264,green,8999,T10
151,0,1,0,264,green,8999,T10
152,0,1,0,264,green,8999,T10
153,0,1,0,264,green,8999,T10
154,0,1,0,264,green,8999,T10
155,0,1,0,264,green,8999,T10
0,0,0,1,265,green,10173,T10
1,0,0,1,265,green,10173,T10
2,0,0,1,265,green,10173,T10
3,0,0,1,265,green,10173,T10
4,0,0,1,265,green,10173,T10
5,0,0,1,265,green,10173,T10
6,0,0,1,265,green,10173,T10
7,0,0,1,265,green,10173,T10
8,0,0,1,265,green,10173,T10
9,0,0,1,265,green,10173,T10
10,0,0,1,265,green,10173,T10
11,0,0,1,265,green,10173,T10
12,0,0,1,265,green,10173,T10
13,0,0,1,265,green,10173,T10
14,0,0,1,265,green,10173,T10
15,0,0,1,265,green,10173,T10
16,0,0,1,265,green,10173,T10
17,0,0,1,265,green,10173,T10
18,0,0,1,265,green,10173,T10
19,0,0,1,265,green,10173,T10
20,0,0,1,265,green,10173,T10
21,0,0,1,265,green,10173,T10
22,0,0,1,265,green,10173,T10
23,0,0,1,265,green,10173,T10
24,0,0,1,265,green,10173,T10
25,0,0,1,265,green,10173,T10
26,0,0,1,265,green,10173,T10
27,0,0,1,265,green,10173,T10
28,0,0,1,265,green,10173,T10
29,0,0,1,265,green,10173,T10
30,0,0,1,265,green,10173,T10
31,0,1,0,265,green,10173,T10
32,0,1,0,265,green,10173,T10
33,0,1,0,265,green,10173,T10
34,0,1,0,265,green,10173,T10
35,0,1,0,265,green,10173,T10
36,0,1,0,265,green,10173,T10
37,0,1,0,265,green,10173,T10
38,0,0,1,265,green,10173,T10
39,0,0,1,265,green,10173,T10
40,0,0,1,265,green,10173,T10
41,0,0,1,265,green,10173,T10
42,0,0,1,265,green,10173,T10
43,0,0,1,265,green,10173,T10
44,0,0,1,265,green,10173,T10
45,0,0,1,265,green,10173,T10
46,0,0,1,265,green,10173,T10
47,0,0,1,265,green,10173,T10
48,0,0,1,265,green,10173,T10
49,1,0,0,265,green,10173,T10
50,1,0,0,265,green,10173,T10
51,1,0,0,265,green,10173,T10
52,1,0,0,265,green,10173,T10
53,1,0,0,265,green,10173,T10
54,1,0,0,265,green,10173,T10
55,1,0,0,265,green,10173,T10
56,1,0,0,265,green,10173,T10
57,0,0,1,265,green,10173,T10
58,0,0,1,265,green,10173,T10
59,0,0,1,265,green,10173,T10
60,0,0,1,265,green,10173,T10
61,0,0,1,265,green,10173,T10
62,0,0,1,265,green,10173,T10
63,0,0,1,265,green,10173,T10
64,0,0,1,265,green,10173,T10
65,1,0,0,265,green,10173,T10
66,1,0,0,265,green,10173,T10
67,1,0,0,265,green,10173,T10
68,1,0,0,265,green,10173,T10
69,1,0,0,265,green,10173,T10
70,1,0,0,265,green,10173,T10
71,1,0,0,265,green,10173,T10
72,1,0,0,265,green,10173,T10
73,0,0,1,265,green,10173,T10
74,0,0,1,265,green,10173,T10
75,0,0,1,265,green,10173,T10
76,0,0,1,265,green,10173,T10
77,0,1,0,265,green,10173,T10
78,0,1,0,265,green,10173,T10
79,0,1,0,265,green,10173,T10
80,0,1,0,265,green,10173,T10
81,0,1,0,265,green,10173,T10
82,0,1,0,265,green,10173,T10
83,0,1,0,265,green,10173,T10
84,0,1,0,265,green,10173,T10
85,0,1,0,265,green,10173,T10
86,0,1,0,265,green,10173,T10
87,0,1,0,265,green,10173,T10
88,0,1,0,265,green,10173,T10
89,0,0,1,265,green,10173,T10
90,0,0,1,265,green,10173,T10
91,0,0,1,265,green,10173,T10
92,0,0,1,265,green,10173,T10
93,0,0,1,265,green,10173,T10
94,0,0,1,265,green,10173,T10
95,0,0,1,265,green,10173,T10
96,0,0,1,265,green,10173,T10
97,1,0,0,265,green,10173,T10
98,1,0,0,265,green,10173,T10
99,1,0,0,265,green,10173,T10
100,1,0,0,265,green,10173,T10
101,1,0,0,265,green,10173,T10
102,1,0,0,265,green,10173,T10
103,1,0,0,265,green,10173,T10
104,1,0,0,265,green,10173,T10
105,1,0,0,265,green,10173,T10
106,1,0,0,265,green,10173,T10
107,1,0,0,265,green,10173,T10
108,1,0,0,265,green,10173,T10
109,1,0,0,265,green,10173,T10
110,1,0,0,265,green,10173,T10
111,1,0,0,265,green,10173,T10
112,1,0,0,265,green,10173,T10
113,1,0,0,265,green,10173,T10
114,0,0,1,265,green,10173,T10
115,0,0,1,265,green,10173,T10
116,0,0,1,265,green,10173,T10
117,0,0,1,265,green,10173,T10
118,0,0,1,265,green,10173,T10
119,0,0,1,265,green,10173,T10
120,0,0,1,265,green,10173,T10
121,0,0,1,265,green,10173,T10
122,0,0,1,265,green,10173,T10
123,0,0,1,265,green,10173,T10
124,0,0,1,265,green,10173,T10
125,0,0,1,265,green,10173,T10
126,0,0,1,265,green,10173,T10
127,0,0,1,265,green,10173,T10
128,0,0,1,265,green,10173,T10
129,0,0,1,265,green,10173,T10
130,0,0,1,265,green,10173,T10
131,0,0,1,265,green,10173,T10
132,0,0,1,265,green,10173,T10
133,0,1,0,265,green,10173,T10
134,0,1,0,265,green,10173,T10
135,0,1,0,265,green,10173,T10
136,0,1,0,265,green,10173,T10
137,0,1,0,265,green,10173,T10
138,0,1,0,265,green,10173,T10
139,0,1,0,265,green,10173,T10
140,0,1,0,265,green,10173,T10
141,0,1,0,265,green,10173,T10
142,0,1,0,265,green,10173,T10
143,0,1,0,265,green,10173,T10
144,0,1,0,265,green,10173,T10
145,0,1,0,265,green,10173,T10
146,0,1,0,265,green,10173,T10
147,0,1,0,265,green,10173,T10
148,0,1,0,265,green,10173,T10
149,0,1,0,265,green,10173,T10
150,0,1,0,265,green,10173,T10
151,0,1,0,265,green,10173,T10
152,0,1,0,265,green,10173,T10
153,0,1,0,265,green,10173,T10
154,0,1,0,265,green,10173,T10
155,0,1,0,265,green,10173,T10
0,0,0,1,266,green,8732,T10
1,0,0,1,266,green,8732,T10
2,0,0,1,266,green,8732,T10
3,0,0,1,266,green,8732,T10
4,0,0,1,266,green,8732,T10
5,0,0,1,266,green,8732,T10
6,0,0,1,266,green,8732,T10
7,0,0,1,266,green,8732,T10
8,0,0,1,266,green,8732,T10
9,0,0,1,266,green,8732,T10
10,0,0,1,266,green,8732,T10
11,0,0,1,266,green,8732,T10
12,0,0,1,266,green,8732,T10
13,0,0,1,266,green,8732,T10
14,0,0,1,266,green,8732,T10
15,0,0,1,266,green,8732,T10
16,0,0,1,266,green,8732,T10
17,0,0,1,266,green,8732,T10
18,0,0,1,266,green,8732,T10
19,0,0,1,266,green,8732,T10
20,0,0,1,266,green,8732,T10
21,0,0,1,266,green,8732,T10
22,0,0,1,266,green,8732,T10
23,0,0,1,266,green,8732,T10
24,0,0,1,266,green,8732,T10
25,0,0,1,266,green,8732,T10
26,0,0,1,266,green,8732,T10
27,0,0,1,266,green,8732,T10
28,0,0,1,266,green,8732,T10
29,0,0,1,266,green,8732,T10
30,0,0,1,266,green,8732,T10
31,0,0,1,266,green,8732,T10
32,0,0,1,266,green,8732,T10
33,0,0,1,266,green,8732,T10
34,0,0,1,266,green,8732,T10
35,0,0,1,266,green,8732,T10
36,0,0,1,266,green,8732,T10
37,0,0,1,266,green,8732,T10
38,0,0,1,266,green,8732,T10
39,0,0,1,266,green,8732,T10
40,0,0,1,266,green,8732,T10
41,0,0,1,266,green,8732,T10
42,0,0,1,266,green,8732,T10
43,0,0,1,266,green,8732,T10
44,0,0,1,266,green,8732,T10
45,0,0,1,266,green,8732,T10
46,0,0,1,266,green,8732,T10
47,0,0,1,266,green,8732,T10
48,0,0,1,266,green,8732,T10
49,0,0,1,266,green,8732,T10
50,0,0,1,266,green,8732,T10
51,0,0,1,266,green,8732,T10
52,0,0,1,266,green,8732,T10
53,0,0,1,266,green,8732,T10
54,0,0,1,266,green,8732,T10
55,0,0,1,266,green,8732,T10
56,0,0,1,266,green,8732,T10
57,0,0,1,266,green,8732,T10
58,0,0,1,266,green,8732,T10
59,0,0,1,266,green,8732,T10
60,0,0,1,266,green,8732,T10
61,0,0,1,266,green,8732,T10
62,0,0,1,266,green,8732,T10
63,0,0,1,266,green,8732,T10
64,0,0,1,266,green,8732,T10
65,0,0,1,266,green,8732,T10
66,0,0,1,266,green,8732,T10
67,0,0,1,266,green,8732,T10
68,0,0,1,266,green,8732,T10
69,0,1,0,266,green,8732,T10
70,0,1,0,266,green,8732,T10
71,0,1,0,266,green,8732,T10
72,0,1,0,266,green,8732,T10
73,0,1,0,266,green,8732,T10
74,0,1,0,266,green,8732,T10
75,0,1,0,266,green,8732,T10
76,0,1,0,266,green,8732,T10
77,0,1,0,266,green,8732,T10
78,0,1,0,266,green,8732,T10
79,0,1,0,266,green,8732,T10
80,0,1,0,266,green,8732,T10
81,0,1,0,266,green,8732,T10
82,0,1,0,266,green,8732,T10
83,0,1,0,266,green,8732,T10
84,0,1,0,266,green,8732,T10
85,0,1,0,266,green,8732,T10
86,0,1,0,266,green,8732,T10
87,0,1,0,266,green,8732,T10
88,0,1,0,266,green,8732,T10
89,0,1,0,266,green,8732,T10
90,0,1,0,266,green,8732,T10
91,0,1,0,266,green,8732,T10
92,0,1,0,266,green,8732,T10
93,0,1,0,266,green,8732,T10
94,0,1,0,266,green,8732,T10
95,0,1,0,266,green,8732,T10
96,0,1,0,266,green,8732,T10
97,0,1,0,266,green,8732,T10
98,0,1,0,266,green,8732,T10
99,0,1,0,266,green,8732,T10
100,0,1,0,266,green,8732,T10
101,0,1,0,266,green,8732,T10
102,0,1,0,266,green,8732,T10
103,0,1,0,266,green,8732,T10
104,0,1,0,266,green,8732,T10
105,0,1,0,266,green,8732,T10
106,0,1,0,266,green,8732,T10
107,0,1,0,266,green,8732,T10
108,0,1,0,266,green,8732,T10
109,0,1,0,266,green,8732,T10
110,0,1,0,266,green,8732,T10
111,0,1,0,266,green,8732,T10
112,0,1,0,266,green,8732,T10
113,0,1,0,266,green,8732,T10
114,0,1,0,266,green,8732,T10
115,0,1,0,266,green,8732,T10
116,0,1,0,266,green,8732,T10
117,0,1,0,266,green,8732,T10
118,0,1,0,266,green,8732,T10
119,0,1,0,266,green,8732,T10
120,0,1,0,266,green,8732,T10
121,0,1,0,266,green,8732,T10
122,0,1,0,266,green,8732,T10
123,0,1,0,266,green,8732,T10
124,0,1,0,266,green,8732,T10
125,0,1,0,266,green,8732,T10
126,0,1,0,266,green,8732,T10
127,0,1,0,266,green,8732,T10
128,0,1,0,266,green,8732,T10
129,0,1,0,266,green,8732,T10
130,0,1,0,266,green,8732,T10
131,0,1,0,266,green,8732,T10
132,0,1,0,266,green,8732,T10
133,0,1,0,266,green,8732,T10
134,0,1,0,266,green,8732,T10
135,0,1,0,266,green,8732,T10
136,0,1,0,266,green,8732,T10
137,0,1,0,266,green,8732,T10
138,0,1,0,266,green,8732,T10
139,0,1,0,266,green,8732,T10
140,0,1,0,266,green,8732,T10
141,0,1,0,266,green,8732,T10
142,0,1,0,266,green,8732,T10
143,0,1,0,266,green,8732,T10
144,0,1,0,266,green,8732,T10
145,0,1,0,266,green,8732,T10
146,0,1,0,266,green,8732,T10
147,0,1,0,266,green,8732,T10
148,0,1,0,266,green,8732,T10
149,0,1,0,266,green,8732,T10
150,0,1,0,266,green,8732,T10
151,0,1,0,266,green,8732,T10
152,0,1,0,266,green,8732,T10
153,0,1,0,266,green,8732,T10
154,0,1,0,266,green,8732,T10
155,0,1,0,266,green,8732,T10
0,0,0,1,267,green,8494,T10
1,0,0,1,267,green,8494,T10
2,0,0,1,267,green,8494,T10
3,0,0,1,267,green,8494,T10
4,0,0,1,267,green,8494,T10
5,0,0,1,267,green,8494,T10
6,0,0,1,267,green,8494,T10
7,0,0,1,267,green,8494,T10
8,0,0,1,267,green,8494,T10
9,0,0,1,267,green,8494,T10
10,0,0,1,267,green,8494,T10
11,0,0,1,267,green,8494,T10
12,0,0,1,267,green,8494,T10
13,0,0,1,267,green,8494,T10
14,0,0,1,267,green,8494,T10
15,0,0,1,267,green,8494,T10
16,0,0,1,267,green,8494,T10
17,0,0,1,267,green,8494,T10
18,0,0,1,267,green,8494,T10
19,0,0,1,267,green,8494,T10
20,0,0,1,267,green,8494,T10
21,0,0,1,267,green,8494,T10
22,0,0,1,267,green,8494,T10
23,0,0,1,267,green,8494,T10
24,0,0,1,267,green,8494,T10
25,0,0,1,267,green,8494,T10
26,0,0,1,267,green,8494,T10
27,0,0,1,267,green,8494,T10
28,0,0,1,267,green,8494,T10
29,0,0,1,267,green,8494,T10
30,0,0,1,267,green,8494,T10
31,0,0,1,267,green,8494,T10
32,0,0,1,267,green,8494,T10
33,0,0,1,267,green,8494,T10
34,0,0,1,267,green,8494,T10
35,0,0,1,267,green,8494,T10
36,0,0,1,267,green,8494,T10
37,0,0,1,267,green,8494,T10
38,0,0,1,267,green,8494,T10
39,0,0,1,267,green,8494,T10
40,0,0,1,267,green,8494,T10
41,0,0,1,267,green,8494,T10
42,0,0,1,267,green,8494,T10
43,0,0,1,267,green,8494,T10
44,0,0,1,267,green,8494,T10
45,0,0,1,267,green,8494,T10
46,0,0,1,267,green,8494,T10
47,0,0,1,267,green,8494,T10
48,0,0,1,267,green,8494,T10
49,0,0,1,267,green,8494,T10
50,0,0,1,267,green,8494,T10
51,0,0,1,267,green,8494,T10
52,0,0,1,267,green,8494,T10
53,0,0,1,267,green,8494,T10
54,0,0,1,267,green,8494,T10
55,0,0,1,267,green,8494,T10
56,0,0,1,267,green,8494,T10
57,0,0,1,267,green,8494,T10
58,0,0,1,267,green,8494,T10
59,0,0,1,267,green,8494,T10
60,0,0,1,267,green,8494,T10
61,0,0,1,267,green,8494,T10
62,0,0,1,267,green,8494,T10
63,0,0,1,267,green,8494,T10
64,0,0,1,267,green,8494,T10
65,0,0,1,267,green,8494,T10
66,0,0,1,267,green,8494,T10
67,0,1,0,267,green,8494,T10
68,0,1,0,267,green,8494,T10
69,0,1,0,267,green,8494,T10
70,0,1,0,267,green,8494,T10
71,0,1,0,267,green,8494,T10
72,0,1,0,267,green,8494,T10
73,0,1,0,267,green,8494,T10
74,0,1,0,267,green,8494,T10
75,0,1,0,267,green,8494,T10
76,0,1,0,267,green,8494,T10
77,0,1,0,267,green,8494,T10
78,0,1,0,267,green,8494,T10
79,0,1,0,267,green,8494,T10
80,0,1,0,267,green,8494,T10
81,0,1,0,267,green,8494,T10
82,0,1,0,267,green,8494,T10
83,0,1,0,267,green,8494,T10
84,0,1,0,267,green,8494,T10
85,0,1,0,267,green,8494,T10
86,0,1,0,267,green,8494,T10
87,0,1,0,267,green,8494,T10
88,0,1,0,267,green,8494,T10
89,0,1,0,267,green,8494,T10
90,0,1,0,267,green,8494,T10
91,0,1,0,267,green,8494,T10
92,0,1,0,267,green,8494,T10
93,0,1,0,267,green,8494,T10
94,0,1,0,267,green,8494,T10
95,0,1,0,267,green,8494,T10
96,0,1,0,267,green,8494,T10
97,0,1,0,267,green,8494,T10
98,0,1,0,267,green,8494,T10
99,0,1,0,267,green,8494,T10
100,0,1,0,267,green,8494,T10
101,0,1,0,267,green,8494,T10
102,0,1,0,267,green,8494,T10
103,0,1,0,267,green,8494,T10
104,0,1,0,267,green,8494,T10
105,0,1,0,267,green,8494,T10
106,0,1,0,267,green,8494,T10
107,0,1,0,267,green,8494,T10
108,0,1,0,267,green,8494,T10
109,0,1,0,267,green,8494,T10
110,0,1,0,267,green,8494,T10
111,0,1,0,267,green,8494,T10
112,0,1,0,267,green,8494,T10
113,0,1,0,267,green,8494,T10
114,0,1,0,267,green,8494,T10
115,0,1,0,267,green,8494,T10
116,0,1,0,267,green,8494,T10
117,0,1,0,267,green,8494,T10
118,0,1,0,267,green,8494,T10
119,0,1,0,267,green,8494,T10
120,0,1,0,267,green,8494,T10
121,0,1,0,267,green,8494,T10
122,0,1,0,267,green,8494,T10
123,0,1,0,267,green,8494,T10
124,0,1,0,267,green,8494,T10
125,0,1,0,267,green,8494,T10
126,0,1,0,267,green,8494,T10
127,0,1,0,267,green,8494,T10
128,0,1,0,267,green,8494,T10
129,0,1,0,267,green,8494,T10
130,0,1,0,267,green,8494,T10
131,0,1,0,267,green,8494,T10
132,0,1,0,267,green,8494,T10
133,0,1,0,267,green,8494,T10
134,0,1,0,267,green,8494,T10
135,0,1,0,267,green,8494,T10
136,0,1,0,267,green,8494,T10
137,0,1,0,267,green,8494,T10
138,0,1,0,267,green,8494,T10
139,0,1,0,267,green,8494,T10
140,0,1,0,267,green,8494,T10
141,0,1,0,267,green,8494,T10
142,0,1,0,267,green,8494,T10
143,0,1,0,267,green,8494,T10
144,0,1,0,267,green,8494,T10
145,0,1,0,267,green,8494,T10
146,0,1,0,267,green,8494,T10
147,0,1,0,267,green,8494,T10
148,0,1,0,267,green,8494,T10
149,0,1,0,267,green,8494,T10
150,0,1,0,267,green,8494,T10
151,0,1,0,267,green,8494,T10
152,0,1,0,267,green,8494,T10
153,0,1,0,267,green,8494,T10
154,0,1,0,267,green,8494,T10
155,0,1,0,267,green,8494,T10
0,0,0,1,269,green,8913,T10
1,0,0,1,269,green,8913,T10
2,0,0,1,269,green,8913,T10
3,0,0,1,269,green,8913,T10
4,0,0,1,269,green,8913,T10
5,0,0,1,269,green,8913,T10
6,0,0,1,269,green,8913,T10
7,0,0,1,269,green,8913,T10
8,0,0,1,269,green,8913,T10
9,0,0,1,269,green,8913,T10
10,0,0,1,269,green,8913,T10
11,0,0,1,269,green,8913,T10
12,0,0,1,269,green,8913,T10
13,0,0,1,269,green,8913,T10
14,0,0,1,269,green,8913,T10
15,0,0,1,269,green,8913,T10
16,0,0,1,269,green,8913,T10
17,0,0,1,269,green,8913,T10
18,0,0,1,269,green,8913,T10
19,0,0,1,269,green,8913,T10
20,0,0,1,269,green,8913,T10
21,0,0,1,269,green,8913,T10
22,0,0,1,269,green,8913,T10
23,0,0,1,269,green,8913,T10
24,0,0,1,269,green,8913,T10
25,0,0,1,269,green,8913,T10
26,0,0,1,269,green,8913,T10
27,0,0,1,269,green,8913,T10
28,0,0,1,269,green,8913,T10
29,0,0,1,269,green,8913,T10
30,0,0,1,269,green,8913,T10
31,0,0,1,269,green,8913,T10
32,0,0,1,269,green,8913,T10
33,0,0,1,269,green,8913,T10
34,0,0,1,269,green,8913,T10
35,0,0,1,269,green,8913,T10
36,0,0,1,269,green,8913,T10
37,0,0,1,269,green,8913,T10
38,0,0,1,269,green,8913,T10
39,0,0,1,269,green,8913,T10
40,0,0,1,269,green,8913,T10
41,0,0,1,269,green,8913,T10
42,0,0,1,269,green,8913,T10
43,0,0,1,269,green,8913,T10
44,0,0,1,269,green,8913,T10
45,0,0,1,269,green,8913,T10
46,0,0,1,269,green,8913,T10
47,0,0,1,269,green,8913,T10
48,1,0,0,269,green,8913,T10
49,1,0,0,269,green,8913,T10
50,1,0,0,269,green,8913,T10
51,1,0,0,269,green,8913,T10
52,1,0,0,269,green,8913,T10
53,1,0,0,269,green,8913,T10
54,1,0,0,269,green,8913,T10
55,1,0,0,269,green,8913,T10
56,1,0,0,269,green,8913,T10
57,1,0,0,269,green,8913,T10
58,1,0,0,269,green,8913,T10
59,1,0,0,269,green,8913,T10
60,1,0,0,269,green,8913,T10
61,1,0,0,269,green,8913,T10
62,1,0,0,269,green,8913,T10
63,1,0,0,269,green,8913,T10
64,1,0,0,269,green,8913,T10
65,1,0,0,269,green,8913,T10
66,1,0,0,269,green,8913,T10
67,1,0,0,269,green,8913,T10
68,1,0,0,269,green,8913,T10
69,1,0,0,269,green,8913,T10
70,1,0,0,269,green,8913,T10
71,1,0,0,269,green,8913,T10
72,1,0,0,269,green,8913,T10
73,1,0,0,269,green,8913,T10
74,1,0,0,269,green,8913,T10
75,1,0,0,269,green,8913,T10
76,1,0,0,269,green,8913,T10
77,1,0,0,269,green,8913,T10
78,1,0,0,269,green,8913,T10
79,1,0,0,269,green,8913,T10
80,1,0,0,269,green,8913,T10
81,1,0,0,269,green,8913,T10
82,1,0,0,269,green,8913,T10
83,1,0,0,269,green,8913,T10
84,1,0,0,269,green,8913,T10
85,1,0,0,269,green,8913,T10
86,1,0,0,269,green,8913,T10
87,1,0,0,269,green,8913,T10
88,1,0,0,269,green,8913,T10
89,1,0,0,269,green,8913,T10
90,1,0,0,269,green,8913,T10
91,1,0,0,269,green,8913,T10
92,1,0,0,269,green,8913,T10
93,1,0,0,269,green,8913,T10
94,1,0,0,269,green,8913,T10
95,1,0,0,269,green,8913,T10
96,1,0,0,269,green,8913,T10
97,1,0,0,269,green,8913,T10
98,1,0,0,269,green,8913,T10
99,1,0,0,269,green,8913,T10
100,1,0,0,269,green,8913,T10
101,1,0,0,269,green,8913,T10
102,1,0,0,269,green,8913,T10
103,1,0,0,269,green,8913,T10
104,1,0,0,269,green,8913,T10
105,1,0,0,269,green,8913,T10
106,1,0,0,269,green,8913,T10
107,1,0,0,269,green,8913,T10
108,1,0,0,269,green,8913,T10
109,1,0,0,269,green,8913,T10
110,1,0,0,269,green,8913,T10
111,1,0,0,269,green,8913,T10
112,1,0,0,269,green,8913,T10
113,1,0,0,269,green,8913,T10
114,1,0,0,269,green,8913,T10
115,1,0,0,269,green,8913,T10
116,1,0,0,269,green,8913,T10
117,1,0,0,269,green,8913,T10
118,1,0,0,269,green,8913,T10
119,1,0,0,269,green,8913,T10
120,1,0,0,269,green,8913,T10
121,1,0,0,269,green,8913,T10
122,1,0,0,269,green,8913,T10
123,1,0,0,269,green,8913,T10
124,1,0,0,269,green,8913,T10
125,1,0,0,269,green,8913,T10
126,0,1,0,269,green,8913,T10
127,0,1,0,269,green,8913,T10
128,0,1,0,269,green,8913,T10
129,0,1,0,269,green,8913,T10
130,0,1,0,269,green,8913,T10
131,0,1,0,269,green,8913,T10
132,0,1,0,269,green,8913,T10
133,0,1,0,269,green,8913,T10
134,0,1,0,269,green,8913,T10
135,0,1,0,269,green,8913,T10
136,0,1,0,269,green,8913,T10
137,0,1,0,269,green,8913,T10
138,0,1,0,269,green,8913,T10
139,0,1,0,269,green,8913,T10
140,0,1,0,269,green,8913,T10
141,0,1,0,269,green,8913,T10
142,0,1,0,269,green,8913,T10
143,0,1,0,269,green,8913,T10
144,0,1,0,269,green,8913,T10
145,0,1,0,269,green,8913,T10
146,0,1,0,269,green,8913,T10
147,0,1,0,269,green,8913,T10
148,0,1,0,269,green,8913,T10
149,0,1,0,269,green,8913,T10
150,0,1,0,269,green,8913,T10
151,0,1,0,269,green,8913,T10
152,0,1,0,269,green,8913,T10
153,0,1,0,269,green,8913,T10
154,0,1,0,269,green,8913,T10
155,0,1,0,269,green,8913,T10
0,0,0,1,270,green,9277,T10
1,0,0,1,270,green,9277,T10
2,0,0,1,270,green,9277,T10
3,0,0,1,270,green,9277,T10
4,0,0,1,270,green,9277,T10
5,0,0,1,270,green,9277,T10
6,0,0,1,270,green,9277,T10
7,0,0,1,270,green,9277,T10
8,0,0,1,270,green,9277,T10
9,0,0,1,270,green,9277,T10
10,0,0,1,270,green,9277,T10
11,0,0,1,270,green,9277,T10
12,0,0,1,270,green,9277,T10
13,0,0,1,270,green,9277,T10
14,0,0,1,270,green,9277,T10
15,0,0,1,270,green,9277,T10
16,0,0,1,270,green,9277,T10
17,0,0,1,270,green,9277,T10
18,0,0,1,270,green,9277,T10
19,0,0,1,270,green,9277,T10
20,0,0,1,270,green,9277,T10
21,0,0,1,270,green,9277,T10
22,0,0,1,270,green,9277,T10
23,0,0,1,270,green,9277,T10
24,0,0,1,270,green,9277,T10
25,0,0,1,270,green,9277,T10
26,0,0,1,270,green,9277,T10
27,0,0,1,270,green,9277,T10
28,0,0,1,270,green,9277,T10
29,0,0,1,270,green,9277,T10
30,0,0,1,270,green,9277,T10
31,0,0,1,270,green,9277,T10
32,0,0,1,270,green,9277,T10
33,0,0,1,270,green,9277,T10
34,0,0,1,270,green,9277,T10
35,0,0,1,270,green,9277,T10
36,0,0,1,270,green,9277,T10
37,0,0,1,270,green,9277,T10
38,0,0,1,270,green,9277,T10
39,0,0,1,270,green,9277,T10
40,0,0,1,270,green,9277,T10
41,0,0,1,270,green,9277,T10
42,0,0,1,270,green,9277,T10
43,0,0,1,270,green,9277,T10
44,0,0,1,270,green,9277,T10
45,0,0,1,270,green,9277,T10
46,0,0,1,270,green,9277,T10
47,0,0,1,270,green,9277,T10
48,0,0,1,270,green,9277,T10
49,0,0,1,270,green,9277,T10
50,0,0,1,270,green,9277,T10
51,0,0,1,270,green,9277,T10
52,0,0,1,270,green,9277,T10
53,0,0,1,270,green,9277,T10
54,0,0,1,270,green,9277,T10
55,0,0,1,270,green,9277,T10
56,0,0,1,270,green,9277,T10
57,0,0,1,270,green,9277,T10
58,0,0,1,270,green,9277,T10
59,0,0,1,270,green,9277,T10
60,0,0,1,270,green,9277,T10
61,0,0,1,270,green,9277,T10
62,0,0,1,270,green,9277,T10
63,0,0,1,270,green,9277,T10
64,0,0,1,270,green,9277,T10
65,0,0,1,270,green,9277,T10
66,0,0,1,270,green,9277,T10
67,0,0,1,270,green,9277,T10
68,0,0,1,270,green,9277,T10
69,0,0,1,270,green,9277,T10
70,0,0,1,270,green,9277,T10
71,0,0,1,270,green,9277,T10
72,1,0,0,270,green,9277,T10
73,1,0,0,270,green,9277,T10
74,1,0,0,270,green,9277,T10
75,1,0,0,270,green,9277,T10
76,1,0,0,270,green,9277,T10
77,1,0,0,270,green,9277,T10
78,1,0,0,270,green,9277,T10
79,1,0,0,270,green,9277,T10
80,1,0,0,270,green,9277,T10
81,1,0,0,270,green,9277,T10
82,1,0,0,270,green,9277,T10
83,1,0,0,270,green,9277,T10
84,1,0,0,270,green,9277,T10
85,1,0,0,270,green,9277,T10
86,1,0,0,270,green,9277,T10
87,1,0,0,270,green,9277,T10
88,1,0,0,270,green,9277,T10
89,1,0,0,270,green,9277,T10
90,1,0,0,270,green,9277,T10
91,1,0,0,270,green,9277,T10
92,1,0,0,270,green,9277,T10
93,1,0,0,270,green,9277,T10
94,1,0,0,270,green,9277,T10
95,1,0,0,270,green,9277,T10
96,1,0,0,270,green,9277,T10
97,1,0,0,270,green,9277,T10
98,1,0,0,270,green,9277,T10
99,1,0,0,270,green,9277,T10
100,1,0,0,270,green,9277,T10
101,1,0,0,270,green,9277,T10
102,1,0,0,270,green,9277,T10
103,1,0,0,270,green,9277,T10
104,1,0,0,270,green,9277,T10
105,1,0,0,270,green,9277,T10
106,1,0,0,270,green,9277,T10
107,1,0,0,270,green,9277,T10
108,1,0,0,270,green,9277,T10
109,1,0,0,270,green,9277,T10
110,1,0,0,270,green,9277,T10
111,1,0,0,270,green,9277,T10
112,1,0,0,270,green,9277,T10
113,1,0,0,270,green,9277,T10
114,1,0,0,270,green,9277,T10
115,1,0,0,270,green,9277,T10
116,1,0,0,270,green,9277,T10
117,1,0,0,270,green,9277,T10
118,1,0,0,270,green,9277,T10
119,1,0,0,270,green,9277,T10
120,1,0,0,270,green,9277,T10
121,1,0,0,270,green,9277,T10
122,1,0,0,270,green,9277,T10
123,1,0,0,270,green,9277,T10
124,1,0,0,270,green,9277,T10
125,1,0,0,270,green,9277,T10
126,1,0,0,270,green,9277,T10
127,1,0,0,270,green,9277,T10
128,1,0,0,270,green,9277,T10
129,0,1,0,270,green,9277,T10
130,0,1,0,270,green,9277,T10
131,0,1,0,270,green,9277,T10
132,0,0,1,270,green,9277,T10
133,0,0,1,270,green,9277,T10
134,0,0,1,270,green,9277,T10
135,0,1,0,270,green,9277,T10
136,0,1,0,270,green,9277,T10
137,0,1,0,270,green,9277,T10
138,0,1,0,270,green,9277,T10
139,0,1,0,270,green,9277,T10
140,0,1,0,270,green,9277,T10
141,0,1,0,270,green,9277,T10
142,0,1,0,270,green,9277,T10
143,0,1,0,270,green,9277,T10
144,0,1,0,270,green,9277,T10
145,0,1,0,270,green,9277,T10
146,0,1,0,270,green,9277,T10
147,0,1,0,270,green,9277,T10
148,0,1,0,270,green,9277,T10
149,0,1,0,270,green,9277,T10
150,0,1,0,270,green,9277,T10
151,0,1,0,270,green,9277,T10
152,0,1,0,270,green,9277,T10
153,0,1,0,270,green,9277,T10
154,0,1,0,270,green,9277,T10
155,0,1,0,270,green,9277,T10
0,0,0,1,272,green,9265,T10
1,0,0,1,272,green,9265,T10
2,0,0,1,272,green,9265,T10
3,0,0,1,272,green,9265,T10
4,0,0,1,272,green,9265,T10
5,0,0,1,272,green,9265,T10
6,0,0,1,272,green,9265,T10
7,0,0,1,272,green,9265,T10
8,0,0,1,272,green,9265,T10
9,0,0,1,272,green,9265,T10
10,0,0,1,272,green,9265,T10
11,0,0,1,272,green,9265,T10
12,0,0,1,272,green,9265,T10
13,0,0,1,272,green,9265,T10
14,0,0,1,272,green,9265,T10
15,0,0,1,272,green,9265,T10
16,0,0,1,272,green,9265,T10
17,0,0,1,272,green,9265,T10
18,0,0,1,272,green,9265,T10
19,0,0,1,272,green,9265,T10
20,0,0,1,272,green,9265,T10
21,0,0,1,272,green,9265,T10
22,0,0,1,272,green,9265,T10
23,0,0,1,272,green,9265,T10
24,0,0,1,272,green,9265,T10
25,0,0,1,272,green,9265,T10
26,0,0,1,272,green,9265,T10
27,0,0,1,272,green,9265,T10
28,0,0,1,272,green,9265,T10
29,0,0,1,272,green,9265,T10
30,0,0,1,272,green,9265,T10
31,0,0,1,272,green,9265,T10
32,0,0,1,272,green,9265,T10
33,0,0,1,272,green,9265,T10
34,0,0,1,272,green,9265,T10
35,0,0,1,272,green,9265,T10
36,1,0,0,272,green,9265,T10
37,1,0,0,272,green,9265,T10
38,1,0,0,272,green,9265,T10
39,1,0,0,272,green,9265,T10
40,1,0,0,272,green,9265,T10
41,1,0,0,272,green,9265,T10
42,1,0,0,272,green,9265,T10
43,1,0,0,272,green,9265,T10
44,1,0,0,272,green,9265,T10
45,1,0,0,272,green,9265,T10
46,1,0,0,272,green,9265,T10
47,1,0,0,272,green,9265,T10
48,1,0,0,272,green,9265,T10
49,1,0,0,272,green,9265,T10
50,1,0,0,272,green,9265,T10
51,1,0,0,272,green,9265,T10
52,1,0,0,272,green,9265,T10
53,1,0,0,272,green,9265,T10
54,1,0,0,272,green,9265,T10
55,1,0,0,272,green,9265,T10
56,1,0,0,272,green,9265,T10
57,1,0,0,272,green,9265,T10
58,1,0,0,272,green,9265,T10
59,1,0,0,272,green,9265,T10
60,1,0,0,272,green,9265,T10
61,1,0,0,272,green,9265,T10
62,1,0,0,272,green,9265,T10
63,1,0,0,272,green,9265,T10
64,1,0,0,272,green,9265,T10
65,1,0,0,272,green,9265,T10
66,1,0,0,272,green,9265,T10
67,1,0,0,272,green,9265,T10
68,1,0,0,272,green,9265,T10
69,1,0,0,272,green,9265,T10
70,1,0,0,272,green,9265,T10
71,1,0,0,272,green,9265,T10
72,1,0,0,272,green,9265,T10
73,1,0,0,272,green,9265,T10
74,1,0,0,272,green,9265,T10
75,1,0,0,272,green,9265,T10
76,1,0,0,272,green,9265,T10
77,1,0,0,272,green,9265,T10
78,1,0,0,272,green,9265,T10
79,1,0,0,272,green,9265,T10
80,1,0,0,272,green,9265,T10
81,1,0,0,272,green,9265,T10
82,1,0,0,272,green,9265,T10
83,1,0,0,272,green,9265,T10
84,1,0,0,272,green,9265,T10
85,1,0,0,272,green,9265,T10
86,1,0,0,272,green,9265,T10
87,1,0,0,272,green,9265,T10
88,1,0,0,272,green,9265,T10
89,1,0,0,272,green,9265,T10
90,1,0,0,272,green,9265,T10
91,1,0,0,272,green,9265,T10
92,1,0,0,272,green,9265,T10
93,1,0,0,272,green,9265,T10
94,1,0,0,272,green,9265,T10
95,1,0,0,272,green,9265,T10
96,1,0,0,272,green,9265,T10
97,1,0,0,272,green,9265,T10
98,1,0,0,272,green,9265,T10
99,1,0,0,272,green,9265,T10
100,1,0,0,272,green,9265,T10
101,1,0,0,272,green,9265,T10
102,1,0,0,272,green,9265,T10
103,1,0,0,272,green,9265,T10
104,1,0,0,272,green,9265,T10
105,1,0,0,272,green,9265,T10
106,1,0,0,272,green,9265,T10
107,1,0,0,272,green,9265,T10
108,1,0,0,272,green,9265,T10
109,1,0,0,272,green,9265,T10
110,1,0,0,272,green,9265,T10
111,1,0,0,272,green,9265,T10
112,1,0,0,272,green,9265,T10
113,1,0,0,272,green,9265,T10
114,1,0,0,272,green,9265,T10
115,1,0,0,272,green,9265,T10
116,1,0,0,272,green,9265,T10
117,1,0,0,272,green,9265,T10
118,1,0,0,272,green,9265,T10
119,1,0,0,272,green,9265,T10
120,1,0,0,272,green,9265,T10
121,1,0,0,272,green,9265,T10
122,1,0,0,272,green,9265,T10
123,1,0,0,272,green,9265,T10
124,1,0,0,272,green,9265,T10
125,1,0,0,272,green,9265,T10
126,1,0,0,272,green,9265,T10
127,1,0,0,272,green,9265,T10
128,1,0,0,272,green,9265,T10
129,1,0,0,272,green,9265,T10
130,1,0,0,272,green,9265,T10
131,1,0,0,272,green,9265,T10
132,0,0,1,272,green,9265,T10
133,0,1,0,272,green,9265,T10
134,0,1,0,272,green,9265,T10
135,0,1,0,272,green,9265,T10
136,0,1,0,272,green,9265,T10
137,0,1,0,272,green,9265,T10
138,0,1,0,272,green,9265,T10
139,0,1,0,272,green,9265,T10
140,0,1,0,272,green,9265,T10
141,0,1,0,272,green,9265,T10
142,0,1,0,272,green,9265,T10
143,0,1,0,272,green,9265,T10
144,0,1,0,272,green,9265,T10
145,0,1,0,272,green,9265,T10
146,0,1,0,272,green,9265,T10
147,0,1,0,272,green,9265,T10
148,0,1,0,272,green,9265,T10
149,0,1,0,272,green,9265,T10
150,0,1,0,272,green,9265,T10
151,0,1,0,272,green,9265,T10
152,0,1,0,272,green,9265,T10
153,0,1,0,272,green,9265,T10
154,0,1,0,272,green,9265,T10
155,0,1,0,272,green,9265,T10
0,0,0,1,273,green,10121,T10
1,0,0,1,273,green,10121,T10
2,0,0,1,273,green,10121,T10
3,0,0,1,273,green,10121,T10
4,0,0,1,273,green,10121,T10
5,0,0,1,273,green,10121,T10
6,0,0,1,273,green,10121,T10
7,0,0,1,273,green,10121,T10
8,0,0,1,273,green,10121,T10
9,0,0,1,273,green,10121,T10
10,0,0,1,273,green,10121,T10
11,0,0,1,273,green,10121,T10
12,0,0,1,273,green,10121,T10
13,0,0,1,273,green,10121,T10
14,0,0,1,273,green,10121,T10
15,0,0,1,273,green,10121,T10
16,0,0,1,273,green,10121,T10
17,0,0,1,273,green,10121,T10
18,0,0,1,273,green,10121,T10
19,0,0,1,273,green,10121,T10
20,0,0,1,273,green,10121,T10
21,0,0,1,273,green,10121,T10
22,0,0,1,273,green,10121,T10
23,0,0,1,273,green,10121,T10
24,0,0,1,273,green,10121,T10
25,0,0,1,273,green,10121,T10
26,0,0,1,273,green,10121,T10
27,0,0,1,273,green,10121,T10
28,0,0,1,273,green,10121,T10
29,0,0,1,273,green,10121,T10
30,0,0,1,273,green,10121,T10
31,0,0,1,273,green,10121,T10
32,0,0,1,273,green,10121,T10
33,0,0,1,273,green,10121,T10
34,0,0,1,273,green,10121,T10
35,0,0,1,273,green,10121,T10
36,0,0,1,273,green,10121,T10
37,0,0,1,273,green,10121,T10
38,0,0,1,273,green,10121,T10
39,0,0,1,273,green,10121,T10
40,0,0,1,273,green,10121,T10
41,0,0,1,273,green,10121,T10
42,0,0,1,273,green,10121,T10
43,0,0,1,273,green,10121,T10
44,0,0,1,273,green,10121,T10
45,0,0,1,273,green,10121,T10
46,0,0,1,273,green,10121,T10
47,0,0,1,273,green,10121,T10
48,0,0,1,273,green,10121,T10
49,0,0,1,273,green,10121,T10
50,0,0,1,273,green,10121,T10
51,0,0,1,273,green,10121,T10
52,1,0,0,273,green,10121,T10
53,1,0,0,273,green,10121,T10
54,1,0,0,273,green,10121,T10
55,1,0,0,273,green,10121,T10
56,1,0,0,273,green,10121,T10
57,1,0,0,273,green,10121,T10
58,1,0,0,273,green,10121,T10
59,1,0,0,273,green,10121,T10
60,1,0,0,273,green,10121,T10
61,1,0,0,273,green,10121,T10
62,1,0,0,273,green,10121,T10
63,1,0,0,273,green,10121,T10
64,1,0,0,273,green,10121,T10
65,1,0,0,273,green,10121,T10
66,1,0,0,273,green,10121,T10
67,1,0,0,273,green,10121,T10
68,1,0,0,273,green,10121,T10
69,1,0,0,273,green,10121,T10
70,1,0,0,273,green,10121,T10
71,1,0,0,273,green,10121,T10
72,1,0,0,273,green,10121,T10
73,1,0,0,273,green,10121,T10
74,1,0,0,273,green,10121,T10
75,1,0,0,273,green,10121,T10
76,1,0,0,273,green,10121,T10
77,1,0,0,273,green,10121,T10
78,1,0,0,273,green,10121,T10
79,1,0,0,273,green,10121,T10
80,1,0,0,273,green,10121,T10
81,1,0,0,273,green,10121,T10
82,1,0,0,273,green,10121,T10
83,1,0,0,273,green,10121,T10
84,1,0,0,273,green,10121,T10
85,1,0,0,273,green,10121,T10
86,1,0,0,273,green,10121,T10
87,1,0,0,273,green,10121,T10
88,1,0,0,273,green,10121,T10
89,1,0,0,273,green,10121,T10
90,1,0,0,273,green,10121,T10
91,1,0,0,273,green,10121,T10
92,1,0,0,273,green,10121,T10
93,1,0,0,273,green,10121,T10
94,1,0,0,273,green,10121,T10
95,1,0,0,273,green,10121,T10
96,1,0,0,273,green,10121,T10
97,1,0,0,273,green,10121,T10
98,1,0,0,273,green,10121,T10
99,1,0,0,273,green,10121,T10
100,1,0,0,273,green,10121,T10
101,1,0,0,273,green,10121,T10
102,1,0,0,273,green,10121,T10
103,1,0,0,273,green,10121,T10
104,1,0,0,273,green,10121,T10
105,1,0,0,273,green,10121,T10
106,1,0,0,273,green,10121,T10
107,1,0,0,273,green,10121,T10
108,1,0,0,273,green,10121,T10
109,1,0,0,273,green,10121,T10
110,1,0,0,273,green,10121,T10
111,1,0,0,273,green,10121,T10
112,1,0,0,273,green,10121,T10
113,1,0,0,273,green,10121,T10
114,1,0,0,273,green,10121,T10
115,1,0,0,273,green,10121,T10
116,1,0,0,273,green,10121,T10
117,1,0,0,273,green,10121,T10
118,1,0,0,273,green,10121,T10
119,1,0,0,273,green,10121,T10
120,1,0,0,273,green,10121,T10
121,1,0,0,273,green,10121,T10
122,1,0,0,273,green,10121,T10
123,1,0,0,273,green,10121,T10
124,1,0,0,273,green,10121,T10
125,0,0,1,273,green,10121,T10
126,0,0,1,273,green,10121,T10
127,0,1,0,273,green,10121,T10
128,0,1,0,273,green,10121,T10
129,0,1,0,273,green,10121,T10
130,0,1,0,273,green,10121,T10
131,0,1,0,273,green,10121,T10
132,0,1,0,273,green,10121,T10
133,0,1,0,273,green,10121,T10
134,0,1,0,273,green,10121,T10
135,0,1,0,273,green,10121,T10
136,0,1,0,273,green,10121,T10
137,0,1,0,273,green,10121,T10
138,0,1,0,273,green,10121,T10
139,0,1,0,273,green,10121,T10
140,0,1,0,273,green,10121,T10
141,0,1,0,273,green,10121,T10
142,0,1,0,273,green,10121,T10
143,0,1,0,273,green,10121,T10
144,0,1,0,273,green,10121,T10
145,0,1,0,273,green,10121,T10
146,0,1,0,273,green,10121,T10
147,0,1,0,273,green,10121,T10
148,0,1,0,273,green,10121,T10
149,0,1,0,273,green,10121,T10
150,0,1,0,273,green,10121,T10
151,0,1,0,273,green,10121,T10
152,0,1,0,273,green,10121,T10
153,0,1,0,273,green,10121,T10
154,0,1,0,273,green,10121,T10
155,0,1,0,273,green,10121,T10
0,0,0,1,274,green,9350,T10
1,0,0,1,274,green,9350,T10
2,0,0,1,274,green,9350,T10
3,0,0,1,274,green,9350,T10
4,0,0,1,274,green,9350,T10
5,0,0,1,274,green,9350,T10
6,0,0,1,274,green,9350,T10
7,0,0,1,274,green,9350,T10
8,0,0,1,274,green,9350,T10
9,0,0,1,274,green,9350,T10
10,0,0,1,274,green,9350,T10
11,0,0,1,274,green,9350,T10
12,0,0,1,274,green,9350,T10
13,0,0,1,274,green,9350,T10
14,0,0,1,274,green,9350,T10
15,0,0,1,274,green,9350,T10
16,0,0,1,274,green,9350,T10
17,0,0,1,274,green,9350,T10
18,0,0,1,274,green,9350,T10
19,0,0,1,274,green,9350,T10
20,0,0,1,274,green,9350,T10
21,0,0,1,274,green,9350,T10
22,0,0,1,274,green,9350,T10
23,0,0,1,274,green,9350,T10
24,0,0,1,274,green,9350,T10
25,0,0,1,274,green,9350,T10
26,0,0,1,274,green,9350,T10
27,0,0,1,274,green,9350,T10
28,0,0,1,274,green,9350,T10
29,0,0,1,274,green,9350,T10
30,0,0,1,274,green,9350,T10
31,0,0,1,274,green,9350,T10
32,0,0,1,274,green,9350,T10
33,0,0,1,274,green,9350,T10
34,0,0,1,274,green,9350,T10
35,0,0,1,274,green,9350,T10
36,0,0,1,274,green,9350,T10
37,0,0,1,274,green,9350,T10
38,0,0,1,274,green,9350,T10
39,0,0,1,274,green,9350,T10
40,0,0,1,274,green,9350,T10
41,0,0,1,274,green,9350,T10
42,0,0,1,274,green,9350,T10
43,0,0,1,274,green,9350,T10
44,0,0,1,274,green,9350,T10
45,0,0,1,274,green,9350,T10
46,0,0,1,274,green,9350,T10
47,0,0,1,274,green,9350,T10
48,0,0,1,274,green,9350,T10
49,0,0,1,274,green,9350,T10
50,0,0,1,274,green,9350,T10
51,1,0,0,274,green,9350,T10
52,1,0,0,274,green,9350,T10
53,1,0,0,274,green,9350,T10
54,1,0,0,274,green,9350,T10
55,1,0,0,274,green,9350,T10
56,1,0,0,274,green,9350,T10
57,1,0,0,274,green,9350,T10
58,1,0,0,274,green,9350,T10
59,1,0,0,274,green,9350,T10
60,1,0,0,274,green,9350,T10
61,1,0,0,274,green,9350,T10
62,1,0,0,274,green,9350,T10
63,1,0,0,274,green,9350,T10
64,0,0,1,274,green,9350,T10
65,0,0,1,274,green,9350,T10
66,0,1,0,274,green,9350,T10
67,0,1,0,274,green,9350,T10
68,0,1,0,274,green,9350,T10
69,0,1,0,274,green,9350,T10
70,0,1,0,274,green,9350,T10
71,0,1,0,274,green,9350,T10
72,0,1,0,274,green,9350,T10
73,0,1,0,274,green,9350,T10
74,0,1,0,274,green,9350,T10
75,0,1,0,274,green,9350,T10
76,0,1,0,274,green,9350,T10
77,0,1,0,274,green,9350,T10
78,0,1,0,274,green,9350,T10
79,0,1,0,274,green,9350,T10
80,0,1,0,274,green,9350,T10
81,0,1,0,274,green,9350,T10
82,0,1,0,274,green,9350,T10
83,0,1,0,274,green,9350,T10
84,0,1,0,274,green,9350,T10
85,0,1,0,274,green,9350,T10
86,0,1,0,274,green,9350,T10
87,0,1,0,274,green,9350,T10
88,0,1,0,274,green,9350,T10
89,0,1,0,274,green,9350,T10
90,0,1,0,274,green,9350,T10
91,0,1,0,274,green,9350,T10
92,0,1,0,274,green,9350,T10
93,0,1,0,274,green,9350,T10
94,0,1,0,274,green,9350,T10
95,0,1,0,274,green,9350,T10
96,0,1,0,274,green,9350,T10
97,0,1,0,274,green,9350,T10
98,0,1,0,274,green,9350,T10
99,0,1,0,274,green,9350,T10
100,0,1,0,274,green,9350,T10
101,0,1,0,274,green,9350,T10
102,0,1,0,274,green,9350,T10
103,0,1,0,274,green,9350,T10
104,0,1,0,274,green,9350,T10
105,0,1,0,274,green,9350,T10
106,0,1,0,274,green,9350,T10
107,0,1,0,274,green,9350,T10
108,0,1,0,274,green,9350,T10
109,0,1,0,274,green,9350,T10
110,0,1,0,274,green,9350,T10
111,0,1,0,274,green,9350,T10
112,0,1,0,274,green,9350,T10
113,0,1,0,274,green,9350,T10
114,0,1,0,274,green,9350,T10
115,0,1,0,274,green,9350,T10
116,0,1,0,274,green,9350,T10
117,0,1,0,274,green,9350,T10
118,0,1,0,274,green,9350,T10
119,0,1,0,274,green,9350,T10
120,0,1,0,274,green,9350,T10
121,0,1,0,274,green,9350,T10
122,0,1,0,274,green,9350,T10
123,0,1,0,274,green,9350,T10
124,0,1,0,274,green,9350,T10
125,0,1,0,274,green,9350,T10
126,0,1,0,274,green,9350,T10
127,0,1,0,274,green,9350,T10
128,0,1,0,274,green,9350,T10
129,0,1,0,274,green,9350,T10
130,0,1,0,274,green,9350,T10
131,0,1,0,274,green,9350,T10
132,0,1,0,274,green,9350,T10
133,0,1,0,274,green,9350,T10
134,0,1,0,274,green,9350,T10
135,0,1,0,274,green,9350,T10
136,0,1,0,274,green,9350,T10
137,0,1,0,274,green,9350,T10
138,0,1,0,274,green,9350,T10
139,0,1,0,274,green,9350,T10
140,0,1,0,274,green,9350,T10
141,0,1,0,274,green,9350,T10
142,0,1,0,274,green,9350,T10
143,0,1,0,274,green,9350,T10
144,0,1,0,274,green,9350,T10
145,0,1,0,274,green,9350,T10
146,0,1,0,274,green,9350,T10
147,0,1,0,274,green,9350,T10
148,0,1,0,274,green,9350,T10
149,0,1,0,274,green,9350,T10
150,0,1,0,274,green,9350,T10
151,0,1,0,274,green,9350,T10
152,0,1,0,274,green,9350,T10
153,0,1,0,274,green,9350,T10
154,0,1,0,274,green,9350,T10
155,0,1,0,274,green,9350,T10
0,0,0,1,276,green,9707,T10
1,0,0,1,276,green,9707,T10
2,0,0,1,276,green,9707,T10
3,0,0,1,276,green,9707,T10
4,0,0,1,276,green,9707,T10
5,0,0,1,276,green,9707,T10
6,0,0,1,276,green,9707,T10
7,0,0,1,276,green,9707,T10
8,0,0,1,276,green,9707,T10
9,0,0,1,276,green,9707,T10
10,0,0,1,276,green,9707,T10
11,0,0,1,276,green,9707,T10
12,0,0,1,276,green,9707,T10
13,0,0,1,276,green,9707,T10
14,0,0,1,276,green,9707,T10
15,0,0,1,276,green,9707,T10
16,0,0,1,276,green,9707,T10
17,0,0,1,276,green,9707,T10
18,0,0,1,276,green,9707,T10
19,0,0,1,276,green,9707,T10
20,0,0,1,276,green,9707,T10
21,0,0,1,276,green,9707,T10
22,0,0,1,276,green,9707,T10
23,0,0,1,276,green,9707,T10
24,0,0,1,276,green,9707,T10
25,0,0,1,276,green,9707,T10
26,0,0,1,276,green,9707,T10
27,0,0,1,276,green,9707,T10
28,0,0,1,276,green,9707,T10
29,0,0,1,276,green,9707,T10
30,0,0,1,276,green,9707,T10
31,0,0,1,276,green,9707,T10
32,0,0,1,276,green,9707,T10
33,0,0,1,276,green,9707,T10
34,0,0,1,276,green,9707,T10
35,0,0,1,276,green,9707,T10
36,0,0,1,276,green,9707,T10
37,0,0,1,276,green,9707,T10
38,0,0,1,276,green,9707,T10
39,0,1,0,276,green,9707,T10
40,0,1,0,276,green,9707,T10
41,0,1,0,276,green,9707,T10
42,0,1,0,276,green,9707,T10
43,0,1,0,276,green,9707,T10
44,0,1,0,276,green,9707,T10
45,0,1,0,276,green,9707,T10
46,0,1,0,276,green,9707,T10
47,0,1,0,276,green,9707,T10
48,0,1,0,276,green,9707,T10
49,0,1,0,276,green,9707,T10
50,0,1,0,276,green,9707,T10
51,0,1,0,276,green,9707,T10
52,0,1,0,276,green,9707,T10
53,0,1,0,276,green,9707,T10
54,0,1,0,276,green,9707,T10
55,0,1,0,276,green,9707,T10
56,0,1,0,276,green,9707,T10
57,0,1,0,276,green,9707,T10
58,0,1,0,276,green,9707,T10
59,0,1,0,276,green,9707,T10
60,0,1,0,276,green,9707,T10
61,0,1,0,276,green,9707,T10
62,0,1,0,276,green,9707,T10
63,0,1,0,276,green,9707,T10
64,0,1,0,276,green,9707,T10
65,0,1,0,276,green,9707,T10
66,0,1,0,276,green,9707,T10
67,0,1,0,276,green,9707,T10
68,0,1,0,276,green,9707,T10
69,0,1,0,276,green,9707,T10
70,0,1,0,276,green,9707,T10
71,0,1,0,276,green,9707,T10
72,0,1,0,276,green,9707,T10
73,0,1,0,276,green,9707,T10
74,0,1,0,276,green,9707,T10
75,0,1,0,276,green,9707,T10
76,0,1,0,276,green,9707,T10
77,0,1,0,276,green,9707,T10
78,0,1,0,276,green,9707,T10
79,0,1,0,276,green,9707,T10
80,0,1,0,276,green,9707,T10
81,0,1,0,276,green,9707,T10
82,0,1,0,276,green,9707,T10
83,0,1,0,276,green,9707,T10
84,0,1,0,276,green,9707,T10
85,0,1,0,276,green,9707,T10
86,0,1,0,276,green,9707,T10
87,0,1,0,276,green,9707,T10
88,0,1,0,276,green,9707,T10
89,0,1,0,276,green,9707,T10
90,0,1,0,276,green,9707,T10
91,0,1,0,276,green,9707,T10
92,0,1,0,276,green,9707,T10
93,0,1,0,276,green,9707,T10
94,0,1,0,276,green,9707,T10
95,0,1,0,276,green,9707,T10
96,0,1,0,276,green,9707,T10
97,0,1,0,276,green,9707,T10
98,0,1,0,276,green,9707,T10
99,0,1,0,276,green,9707,T10
100,0,1,0,276,green,9707,T10
101,0,1,0,276,green,9707,T10
102,0,1,0,276,green,9707,T10
103,0,1,0,276,green,9707,T10
104,0,1,0,276,green,9707,T10
105,0,1,0,276,green,9707,T10
106,0,1,0,276,green,9707,T10
107,0,1,0,276,green,9707,T10
108,0,1,0,276,green,9707,T10
109,0,1,0,276,green,9707,T10
110,0,1,0,276,green,9707,T10
111,0,1,0,276,green,9707,T10
112,0,1,0,276,green,9707,T10
113,0,1,0,276,green,9707,T10
114,0,1,0,276,green,9707,T10
115,0,1,0,276,green,9707,T10
116,0,1,0,276,green,9707,T10
117,0,1,0,276,green,9707,T10
118,0,1,0,276,green,9707,T10
119,0,1,0,276,green,9707,T10
120,0,1,0,276,green,9707,T10
121,0,1,0,276,green,9707,T10
122,0,1,0,276,green,9707,T10
123,0,1,0,276,green,9707,T10
124,0,1,0,276,green,9707,T10
125,0,1,0,276,green,9707,T10
126,0,1,0,276,green,9707,T10
127,0,1,0,276,green,9707,T10
128,0,1,0,276,green,9707,T10
129,0,1,0,276,green,9707,T10
130,0,1,0,276,green,9707,T10
131,0,1,0,276,green,9707,T10
132,0,1,0,276,green,9707,T10
133,0,1,0,276,green,9707,T10
134,0,1,0,276,green,9707,T10
135,0,1,0,276,green,9707,T10
136,0,1,0,276,green,9707,T10
137,0,1,0,276,green,9707,T10
138,0,1,0,276,green,9707,T10
139,0,1,0,276,green,9707,T10
140,0,1,0,276,green,9707,T10
141,0,1,0,276,green,9707,T10
142,0,1,0,276,green,9707,T10
143,0,1,0,276,green,9707,T10
144,0,1,0,276,green,9707,T10
145,0,1,0,276,green,9707,T10
146,0,1,0,276,green,9707,T10
147,0,1,0,276,green,9707,T10
148,0,1,0,276,green,9707,T10
149,0,1,0,276,green,9707,T10
150,0,1,0,276,green,9707,T10
151,0,1,0,276,green,9707,T10
152,0,1,0,276,green,9707,T10
153,0,1,0,276,green,9707,T10
154,0,1,0,276,green,9707,T10
155,0,1,0,276,green,9707,T10
0,0,0,1,277,green,9654,T10
1,0,0,1,277,green,9654,T10
2,0,0,1,277,green,9654,T10
3,0,0,1,277,green,9654,T10
4,0,0,1,277,green,9654,T10
5,0,0,1,277,green,9654,T10
6,0,0,1,277,green,9654,T10
7,0,0,1,277,green,9654,T10
8,0,0,1,277,green,9654,T10
9,0,0,1,277,green,9654,T10
10,0,0,1,277,green,9654,T10
11,0,0,1,277,green,9654,T10
12,0,0,1,277,green,9654,T10
13,0,0,1,277,green,9654,T10
14,0,0,1,277,green,9654,T10
15,0,0,1,277,green,9654,T10
16,0,0,1,277,green,9654,T10
17,0,0,1,277,green,9654,T10
18,0,0,1,277,green,9654,T10
19,0,0,1,277,green,9654,T10
20,0,0,1,277,green,9654,T10
21,0,0,1,277,green,9654,T10
22,0,0,1,277,green,9654,T10
23,0,0,1,277,green,9654,T10
24,0,0,1,277,green,9654,T10
25,0,0,1,277,green,9654,T10
26,0,0,1,277,green,9654,T10
27,0,0,1,277,green,9654,T10
28,0,0,1,277,green,9654,T10
29,0,0,1,277,green,9654,T10
30,0,0,1,277,green,9654,T10
31,0,0,1,277,green,9654,T10
32,0,0,1,277,green,9654,T10
33,0,0,1,277,green,9654,T10
34,0,0,1,277,green,9654,T10
35,0,0,1,277,green,9654,T10
36,0,0,1,277,green,9654,T10
37,0,0,1,277,green,9654,T10
38,0,0,1,277,green,9654,T10
39,0,0,1,277,green,9654,T10
40,0,0,1,277,green,9654,T10
41,0,0,1,277,green,9654,T10
42,0,0,1,277,green,9654,T10
43,0,0,1,277,green,9654,T10
44,0,0,1,277,green,9654,T10
45,0,0,1,277,green,9654,T10
46,0,0,1,277,green,9654,T10
47,0,0,1,277,green,9654,T10
48,0,0,1,277,green,9654,T10
49,0,0,1,277,green,9654,T10
50,0,0,1,277,green,9654,T10
51,0,0,1,277,green,9654,T10
52,0,0,1,277,green,9654,T10
53,0,0,1,277,green,9654,T10
54,0,0,1,277,green,9654,T10
55,0,0,1,277,green,9654,T10
56,0,0,1,277,green,9654,T10
57,0,0,1,277,green,9654,T10
58,0,0,1,277,green,9654,T10
59,0,0,1,277,green,9654,T10
60,0,0,1,277,green,9654,T10
61,0,0,1,277,green,9654,T10
62,0,0,1,277,green,9654,T10
63,0,0,1,277,green,9654,T10
64,0,0,1,277,green,9654,T10
65,0,0,1,277,green,9654,T10
66,0,0,1,277,green,9654,T10
67,0,0,1,277,green,9654,T10
68,0,0,1,277,green,9654,T10
69,0,0,1,277,green,9654,T10
70,0,0,1,277,green,9654,T10
71,0,0,1,277,green,9654,T10
72,0,0,1,277,green,9654,T10
73,0,0,1,277,green,9654,T10
74,0,0,1,277,green,9654,T10
75,0,1,0,277,green,9654,T10
76,0,1,0,277,green,9654,T10
77,0,1,0,277,green,9654,T10
78,0,1,0,277,green,9654,T10
79,0,1,0,277,green,9654,T10
80,0,1,0,277,green,9654,T10
81,0,1,0,277,green,9654,T10
82,0,1,0,277,green,9654,T10
83,0,1,0,277,green,9654,T10
84,0,1,0,277,green,9654,T10
85,0,1,0,277,green,9654,T10
86,0,1,0,277,green,9654,T10
87,0,1,0,277,green,9654,T10
88,0,1,0,277,green,9654,T10
89,0,1,0,277,green,9654,T10
90,0,1,0,277,green,9654,T10
91,0,1,0,277,green,9654,T10
92,0,1,0,277,green,9654,T10
93,0,1,0,277,green,9654,T10
94,0,1,0,277,green,9654,T10
95,0,1,0,277,green,9654,T10
96,0,1,0,277,green,9654,T10
97,0,1,0,277,green,9654,T10
98,0,1,0,277,green,9654,T10
99,0,1,0,277,green,9654,T10
100,0,1,0,277,green,9654,T10
101,0,1,0,277,green,9654,T10
102,0,1,0,277,green,9654,T10
103,0,1,0,277,green,9654,T10
104,0,1,0,277,green,9654,T10
105,0,1,0,277,green,9654,T10
106,0,1,0,277,green,9654,T10
107,0,1,0,277,green,9654,T10
108,0,1,0,277,green,9654,T10
109,0,1,0,277,green,9654,T10
110,0,1,0,277,green,9654,T10
111,0,1,0,277,green,9654,T10
112,0,1,0,277,green,9654,T10
113,0,1,0,277,green,9654,T10
114,0,1,0,277,green,9654,T10
115,0,1,0,277,green,9654,T10
116,0,1,0,277,green,9654,T10
117,0,1,0,277,green,9654,T10
118,0,1,0,277,green,9654,T10
119,0,1,0,277,green,9654,T10
120,0,1,0,277,green,9654,T10
121,0,1,0,277,green,9654,T10
122,0,1,0,277,green,9654,T10
123,0,1,0,277,green,9654,T10
124,0,1,0,277,green,9654,T10
125,0,1,0,277,green,9654,T10
126,0,1,0,277,green,9654,T10
127,0,1,0,277,green,9654,T10
128,0,1,0,277,green,9654,T10
129,0,1,0,277,green,9654,T10
130,0,1,0,277,green,9654,T10
131,0,1,0,277,green,9654,T10
132,0,1,0,277,green,9654,T10
133,0,1,0,277,green,9654,T10
134,0,1,0,277,green,9654,T10
135,0,1,0,277,green,9654,T10
136,0,1,0,277,green,9654,T10
137,0,1,0,277,green,9654,T10
138,0,1,0,277,green,9654,T10
139,0,1,0,277,green,9654,T10
140,0,1,0,277,green,9654,T10
141,0,1,0,277,green,9654,T10
142,0,1,0,277,green,9654,T10
143,0,1,0,277,green,9654,T10
144,0,1,0,277,green,9654,T10
145,0,1,0,277,green,9654,T10
146,0,1,0,277,green,9654,T10
147,0,1,0,277,green,9654,T10
148,0,1,0,277,green,9654,T10
149,0,1,0,277,green,9654,T10
150,0,1,0,277,green,9654,T10
151,0,1,0,277,green,9654,T10
152,0,1,0,277,green,9654,T10
153,0,1,0,277,green,9654,T10
154,0,1,0,277,green,9654,T10
155,0,1,0,277,green,9654,T10
0,1,0,0,278,green,10476,T10
1,1,0,0,278,green,10476,T10
2,1,0,0,278,green,10476,T10
3,1,0,0,278,green,10476,T10
4,1,0,0,278,green,10476,T10
5,1,0,0,278,green,10476,T10
6,1,0,0,278,green,10476,T10
7,1,0,0,278,green,10476,T10
8,1,0,0,278,green,10476,T10
9,1,0,0,278,green,10476,T10
10,1,0,0,278,green,10476,T10
11,1,0,0,278,green,10476,T10
12,1,0,0,278,green,10476,T10
13,1,0,0,278,green,10476,T10
14,1,0,0,278,green,10476,T10
15,1,0,0,278,green,10476,T10
16,1,0,0,278,green,10476,T10
17,1,0,0,278,green,10476,T10
18,1,0,0,278,green,10476,T10
19,1,0,0,278,green,10476,T10
20,1,0,0,278,green,10476,T10
21,1,0,0,278,green,10476,T10
22,1,0,0,278,green,10476,T10
23,1,0,0,278,green,10476,T10
24,1,0,0,278,green,10476,T10
25,1,0,0,278,green,10476,T10
26,1,0,0,278,green,10476,T10
27,1,0,0,278,green,10476,T10
28,1,0,0,278,green,10476,T10
29,1,0,0,278,green,10476,T10
30,1,0,0,278,green,10476,T10
31,1,0,0,278,green,10476,T10
32,1,0,0,278,green,10476,T10
33,1,0,0,278,green,10476,T10
34,1,0,0,278,green,10476,T10
35,1,0,0,278,green,10476,T10
36,1,0,0,278,green,10476,T10
37,1,0,0,278,green,10476,T10
38,1,0,0,278,green,10476,T10
39,1,0,0,278,green,10476,T10
40,1,0,0,278,green,10476,T10
41,1,0,0,278,green,10476,T10
42,1,0,0,278,green,10476,T10
43,1,0,0,278,green,10476,T10
44,1,0,0,278,green,10476,T10
45,1,0,0,278,green,10476,T10
46,1,0,0,278,green,10476,T10
47,1,0,0,278,green,10476,T10
48,1,0,0,278,green,10476,T10
49,1,0,0,278,green,10476,T10
50,1,0,0,278,green,10476,T10
51,1,0,0,278,green,10476,T10
52,1,0,0,278,green,10476,T10
53,1,0,0,278,green,10476,T10
54,1,0,0,278,green,10476,T10
55,0,0,1,278,green,10476,T10
56,0,1,0,278,green,10476,T10
57,0,1,0,278,green,10476,T10
58,0,1,0,278,green,10476,T10
59,0,1,0,278,green,10476,T10
60,0,1,0,278,green,10476,T10
61,0,1,0,278,green,10476,T10
62,0,1,0,278,green,10476,T10
63,0,1,0,278,green,10476,T10
64,0,1,0,278,green,10476,T10
65,0,1,0,278,green,10476,T10
66,0,1,0,278,green,10476,T10
67,0,1,0,278,green,10476,T10
68,0,1,0,278,green,10476,T10
69,0,1,0,278,green,10476,T10
70,0,1,0,278,green,10476,T10
71,0,1,0,278,green,10476,T10
72,0,1,0,278,green,10476,T10
73,0,1,0,278,green,10476,T10
74,0,1,0,278,green,10476,T10
75,0,1,0,278,green,10476,T10
76,0,1,0,278,green,10476,T10
77,0,1,0,278,green,10476,T10
78,0,1,0,278,green,10476,T10
79,0,1,0,278,green,10476,T10
80,0,1,0,278,green,10476,T10
81,0,1,0,278,green,10476,T10
82,0,1,0,278,green,10476,T10
83,0,1,0,278,green,10476,T10
84,0,1,0,278,green,10476,T10
85,0,1,0,278,green,10476,T10
86,0,1,0,278,green,10476,T10
87,0,1,0,278,green,10476,T10
88,0,1,0,278,green,10476,T10
89,0,1,0,278,green,10476,T10
90,0,1,0,278,green,10476,T10
91,0,1,0,278,green,10476,T10
92,0,1,0,278,green,10476,T10
93,0,1,0,278,green,10476,T10
94,0,1,0,278,green,10476,T10
95,0,1,0,278,green,10476,T10
96,0,1,0,278,green,10476,T10
97,0,1,0,278,green,10476,T10
98,0,1,0,278,green,10476,T10
99,0,1,0,278,green,10476,T10
100,0,1,0,278,green,10476,T10
101,0,1,0,278,green,10476,T10
102,0,1,0,278,green,10476,T10
103,0,1,0,278,green,10476,T10
104,0,1,0,278,green,10476,T10
105,0,1,0,278,green,10476,T10
106,0,1,0,278,green,10476,T10
107,0,1,0,278,green,10476,T10
108,0,1,0,278,green,10476,T10
109,0,1,0,278,green,10476,T10
110,0,1,0,278,green,10476,T10
111,0,1,0,278,green,10476,T10
112,0,1,0,278,green,10476,T10
113,0,1,0,278,green,10476,T10
114,0,1,0,278,green,10476,T10
115,0,1,0,278,green,10476,T10
116,0,1,0,278,green,10476,T10
117,0,1,0,278,green,10476,T10
118,0,1,0,278,green,10476,T10
119,0,1,0,278,green,10476,T10
120,0,1,0,278,green,10476,T10
121,0,1,0,278,green,10476,T10
122,0,1,0,278,green,10476,T10
123,0,1,0,278,green,10476,T10
124,0,1,0,278,green,10476,T10
125,0,1,0,278,green,10476,T10
126,0,1,0,278,green,10476,T10
127,0,1,0,278,green,10476,T10
128,0,1,0,278,green,10476,T10
129,0,1,0,278,green,10476,T10
130,0,1,0,278,green,10476,T10
131,0,1,0,278,green,10476,T10
132,0,1,0,278,green,10476,T10
133,0,1,0,278,green,10476,T10
134,0,1,0,278,green,10476,T10
135,0,1,0,278,green,10476,T10
136,0,1,0,278,green,10476,T10
137,0,1,0,278,green,10476,T10
138,0,1,0,278,green,10476,T10
139,0,1,0,278,green,10476,T10
140,0,1,0,278,green,10476,T10
141,0,1,0,278,green,10476,T10
142,0,1,0,278,green,10476,T10
143,0,1,0,278,green,10476,T10
144,0,1,0,278,green,10476,T10
145,0,1,0,278,green,10476,T10
146,0,1,0,278,green,10476,T10
147,0,1,0,278,green,10476,T10
148,0,1,0,278,green,10476,T10
149,0,1,0,278,green,10476,T10
150,0,1,0,278,green,10476,T10
151,0,1,0,278,green,10476,T10
152,0,1,0,278,green,10476,T10
153,0,1,0,278,green,10476,T10
154,0,1,0,278,green,10476,T10
155,0,1,0,278,green,10476,T10
0,0,0,1,279,green,9895,T10
1,0,0,1,279,green,9895,T10
2,0,0,1,279,green,9895,T10
3,0,0,1,279,green,9895,T10
4,0,0,1,279,green,9895,T10
5,0,0,1,279,green,9895,T10
6,0,0,1,279,green,9895,T10
7,0,0,1,279,green,9895,T10
8,0,0,1,279,green,9895,T10
9,0,0,1,279,green,9895,T10
10,0,0,1,279,green,9895,T10
11,0,0,1,279,green,9895,T10
12,0,0,1,279,green,9895,T10
13,0,0,1,279,green,9895,T10
14,0,0,1,279,green,9895,T10
15,0,0,1,279,green,9895,T10
16,0,0,1,279,green,9895,T10
17,0,0,1,279,green,9895,T10
18,0,0,1,279,green,9895,T10
19,0,0,1,279,green,9895,T10
20,0,0,1,279,green,9895,T10
21,0,0,1,279,green,9895,T10
22,0,0,1,279,green,9895,T10
23,0,0,1,279,green,9895,T10
24,0,0,1,279,green,9895,T10
25,0,0,1,279,green,9895,T10
26,0,0,1,279,green,9895,T10
27,0,0,1,279,green,9895,T10
28,0,0,1,279,green,9895,T10
29,0,0,1,279,green,9895,T10
30,0,0,1,279,green,9895,T10
31,0,0,1,279,green,9895,T10
32,0,0,1,279,green,9895,T10
33,0,0,1,279,green,9895,T10
34,0,0,1,279,green,9895,T10
35,0,0,1,279,green,9895,T10
36,0,0,1,279,green,9895,T10
37,0,0,1,279,green,9895,T10
38,0,0,1,279,green,9895,T10
39,0,0,1,279,green,9895,T10
40,0,0,1,279,green,9895,T10
41,0,0,1,279,green,9895,T10
42,0,0,1,279,green,9895,T10
43,0,0,1,279,green,9895,T10
44,0,0,1,279,green,9895,T10
45,0,0,1,279,green,9895,T10
46,0,0,1,279,green,9895,T10
47,0,0,1,279,green,9895,T10
48,0,0,1,279,green,9895,T10
49,0,0,1,279,green,9895,T10
50,0,0,1,279,green,9895,T10
51,0,0,1,279,green,9895,T10
52,0,1,0,279,green,9895,T10
53,0,1,0,279,green,9895,T10
54,0,1,0,279,green,9895,T10
55,0,1,0,279,green,9895,T10
56,0,1,0,279,green,9895,T10
57,0,1,0,279,green,9895,T10
58,0,1,0,279,green,9895,T10
59,0,1,0,279,green,9895,T10
60,0,1,0,279,green,9895,T10
61,0,1,0,279,green,9895,T10
62,0,1,0,279,green,9895,T10
63,0,1,0,279,green,9895,T10
64,0,1,0,279,green,9895,T10
65,0,1,0,279,green,9895,T10
66,0,1,0,279,green,9895,T10
67,0,1,0,279,green,9895,T10
68,0,1,0,279,green,9895,T10
69,0,1,0,279,green,9895,T10
70,0,1,0,279,green,9895,T10
71,0,1,0,279,green,9895,T10
72,0,1,0,279,green,9895,T10
73,0,1,0,279,green,9895,T10
74,0,1,0,279,green,9895,T10
75,0,1,0,279,green,9895,T10
76,0,1,0,279,green,9895,T10
77,0,1,0,279,green,9895,T10
78,0,1,0,279,green,9895,T10
79,0,1,0,279,green,9895,T10
80,0,1,0,279,green,9895,T10
81,0,1,0,279,green,9895,T10
82,0,1,0,279,green,9895,T10
83,0,1,0,279,green,9895,T10
84,0,1,0,279,green,9895,T10
85,0,1,0,279,green,9895,T10
86,0,1,0,279,green,9895,T10
87,0,1,0,279,green,9895,T10
88,0,1,0,279,green,9895,T10
89,0,1,0,279,green,9895,T10
90,0,1,0,279,green,9895,T10
91,0,1,0,279,green,9895,T10
92,0,1,0,279,green,9895,T10
93,0,1,0,279,green,9895,T10
94,0,1,0,279,green,9895,T10
95,0,1,0,279,green,9895,T10
96,0,1,0,279,green,9895,T10
97,0,1,0,279,green,9895,T10
98,0,1,0,279,green,9895,T10
99,0,1,0,279,green,9895,T10
100,0,1,0,279,green,9895,T10
101,0,1,0,279,green,9895,T10
102,0,1,0,279,green,9895,T10
103,0,1,0,279,green,9895,T10
104,0,1,0,279,green,9895,T10
105,0,1,0,279,green,9895,T10
106,0,1,0,279,green,9895,T10
107,0,1,0,279,green,9895,T10
108,0,1,0,279,green,9895,T10
109,0,1,0,279,green,9895,T10
110,0,1,0,279,green,9895,T10
111,0,1,0,279,green,9895,T10
112,0,1,0,279,green,9895,T10
113,0,1,0,279,green,9895,T10
114,0,1,0,279,green,9895,T10
115,0,1,0,279,green,9895,T10
116,0,1,0,279,green,9895,T10
117,0,1,0,279,green,9895,T10
118,0,1,0,279,green,9895,T10
119,0,1,0,279,green,9895,T10
120,0,1,0,279,green,9895,T10
121,0,1,0,279,green,9895,T10
122,0,1,0,279,green,9895,T10
123,0,1,0,279,green,9895,T10
124,0,1,0,279,green,9895,T10
125,0,1,0,279,green,9895,T10
126,0,1,0,279,green,9895,T10
127,0,1,0,279,green,9895,T10
128,0,1,0,279,green,9895,T10
129,0,1,0,279,green,9895,T10
130,0,1,0,279,green,9895,T10
131,0,1,0,279,green,9895,T10
132,0,1,0,279,green,9895,T10
133,0,1,0,279,green,9895,T10
134,0,1,0,279,green,9895,T10
135,0,1,0,279,green,9895,T10
136,0,1,0,279,green,9895,T10
137,0,1,0,279,green,9895,T10
138,0,1,0,279,green,9895,T10
139,0,1,0,279,green,9895,T10
140,0,1,0,279,green,9895,T10
141,0,1,0,279,green,9895,T10
142,0,1,0,279,green,9895,T10
143,0,1,0,279,green,9895,T10
144,0,1,0,279,green,9895,T10
145,0,1,0,279,green,9895,T10
146,0,1,0,279,green,9895,T10
147,0,1,0,279,green,9895,T10
148,0,1,0,279,green,9895,T10
149,0,1,0,279,green,9895,T10
150,0,1,0,279,green,9895,T10
151,0,1,0,279,green,9895,T10
152,0,1,0,279,green,9895,T10
153,0,1,0,279,green,9895,T10
154,0,1,0,279,green,9895,T10
155,0,1,0,279,green,9895,T10
0,0,0,1,280,green,9916,T10
1,0,0,1,280,green,9916,T10
2,0,0,1,280,green,9916,T10
3,0,0,1,280,green,9916,T10
4,0,0,1,280,green,9916,T10
5,0,0,1,280,green,9916,T10
6,0,0,1,280,green,9916,T10
7,0,0,1,280,green,9916,T10
8,0,0,1,280,green,9916,T10
9,0,0,1,280,green,9916,T10
10,0,0,1,280,green,9916,T10
11,0,0,1,280,green,9916,T10
12,0,0,1,280,green,9916,T10
13,0,0,1,280,green,9916,T10
14,0,0,1,280,green,9916,T10
15,0,0,1,280,green,9916,T10
16,0,0,1,280,green,9916,T10
17,0,0,1,280,green,9916,T10
18,0,0,1,280,green,9916,T10
19,0,0,1,280,green,9916,T10
20,0,0,1,280,green,9916,T10
21,0,0,1,280,green,9916,T10
22,0,0,1,280,green,9916,T10
23,0,0,1,280,green,9916,T10
24,0,0,1,280,green,9916,T10
25,0,0,1,280,green,9916,T10
26,0,0,1,280,green,9916,T10
27,0,0,1,280,green,9916,T10
28,0,0,1,280,green,9916,T10
29,0,0,1,280,green,9916,T10
30,0,0,1,280,green,9916,T10
31,0,0,1,280,green,9916,T10
32,0,0,1,280,green,9916,T10
33,0,0,1,280,green,9916,T10
34,0,0,1,280,green,9916,T10
35,0,0,1,280,green,9916,T10
36,0,0,1,280,green,9916,T10
37,0,0,1,280,green,9916,T10
38,0,0,1,280,green,9916,T10
39,0,0,1,280,green,9916,T10
40,0,0,1,280,green,9916,T10
41,0,0,1,280,green,9916,T10
42,0,0,1,280,green,9916,T10
43,0,0,1,280,green,9916,T10
44,0,0,1,280,green,9916,T10
45,0,0,1,280,green,9916,T10
46,1,0,0,280,green,9916,T10
47,1,0,0,280,green,9916,T10
48,1,0,0,280,green,9916,T10
49,1,0,0,280,green,9916,T10
50,1,0,0,280,green,9916,T10
51,1,0,0,280,green,9916,T10
52,1,0,0,280,green,9916,T10
53,1,0,0,280,green,9916,T10
54,1,0,0,280,green,9916,T10
55,1,0,0,280,green,9916,T10
56,1,0,0,280,green,9916,T10
57,1,0,0,280,green,9916,T10
58,1,0,0,280,green,9916,T10
59,1,0,0,280,green,9916,T10
60,1,0,0,280,green,9916,T10
61,1,0,0,280,green,9916,T10
62,1,0,0,280,green,9916,T10
63,1,0,0,280,green,9916,T10
64,1,0,0,280,green,9916,T10
65,1,0,0,280,green,9916,T10
66,1,0,0,280,green,9916,T10
67,1,0,0,280,green,9916,T10
68,1,0,0,280,green,9916,T10
69,1,0,0,280,green,9916,T10
70,1,0,0,280,green,9916,T10
71,1,0,0,280,green,9916,T10
72,1,0,0,280,green,9916,T10
73,1,0,0,280,green,9916,T10
74,1,0,0,280,green,9916,T10
75,1,0,0,280,green,9916,T10
76,1,0,0,280,green,9916,T10
77,1,0,0,280,green,9916,T10
78,1,0,0,280,green,9916,T10
79,1,0,0,280,green,9916,T10
80,1,0,0,280,green,9916,T10
81,1,0,0,280,green,9916,T10
82,1,0,0,280,green,9916,T10
83,1,0,0,280,green,9916,T10
84,1,0,0,280,green,9916,T10
85,1,0,0,280,green,9916,T10
86,1,0,0,280,green,9916,T10
87,1,0,0,280,green,9916,T10
88,1,0,0,280,green,9916,T10
89,1,0,0,280,green,9916,T10
90,1,0,0,280,green,9916,T10
91,1,0,0,280,green,9916,T10
92,1,0,0,280,green,9916,T10
93,1,0,0,280,green,9916,T10
94,1,0,0,280,green,9916,T10
95,1,0,0,280,green,9916,T10
96,1,0,0,280,green,9916,T10
97,1,0,0,280,green,9916,T10
98,1,0,0,280,green,9916,T10
99,1,0,0,280,green,9916,T10
100,1,0,0,280,green,9916,T10
101,1,0,0,280,green,9916,T10
102,1,0,0,280,green,9916,T10
103,1,0,0,280,green,9916,T10
104,1,0,0,280,green,9916,T10
105,1,0,0,280,green,9916,T10
106,1,0,0,280,green,9916,T10
107,1,0,0,280,green,9916,T10
108,1,0,0,280,green,9916,T10
109,1,0,0,280,green,9916,T10
110,1,0,0,280,green,9916,T10
111,1,0,0,280,green,9916,T10
112,1,0,0,280,green,9916,T10
113,1,0,0,280,green,9916,T10
114,1,0,0,280,green,9916,T10
115,1,0,0,280,green,9916,T10
116,1,0,0,280,green,9916,T10
117,1,0,0,280,green,9916,T10
118,1,0,0,280,green,9916,T10
119,1,0,0,280,green,9916,T10
120,1,0,0,280,green,9916,T10
121,1,0,0,280,green,9916,T10
122,1,0,0,280,green,9916,T10
123,1,0,0,280,green,9916,T10
124,1,0,0,280,green,9916,T10
125,1,0,0,280,green,9916,T10
126,1,0,0,280,green,9916,T10
127,1,0,0,280,green,9916,T10
128,1,0,0,280,green,9916,T10
129,0,0,1,280,green,9916,T10
130,0,1,0,280,green,9916,T10
131,0,1,0,280,green,9916,T10
132,0,1,0,280,green,9916,T10
133,0,1,0,280,green,9916,T10
134,0,1,0,280,green,9916,T10
135,0,1,0,280,green,9916,T10
136,0,1,0,280,green,9916,T10
137,0,1,0,280,green,9916,T10
138,0,1,0,280,green,9916,T10
139,0,1,0,280,green,9916,T10
140,0,1,0,280,green,9916,T10
141,0,1,0,280,green,9916,T10
142,0,1,0,280,green,9916,T10
143,0,1,0,280,green,9916,T10
144,0,1,0,280,green,9916,T10
145,0,1,0,280,green,9916,T10
146,0,1,0,280,green,9916,T10
147,0,1,0,280,green,9916,T10
148,0,1,0,280,green,9916,T10
149,0,1,0,280,green,9916,T10
150,0,1,0,280,green,9916,T10
151,0,1,0,280,green,9916,T10
152,0,1,0,280,green,9916,T10
153,0,1,0,280,green,9916,T10
154,0,1,0,280,green,9916,T10
155,0,1,0,280,green,9916,T10
0,0,0,1,281,green,9976,T10
1,0,0,1,281,green,9976,T10
2,0,0,1,281,green,9976,T10
3,0,0,1,281,green,9976,T10
4,0,0,1,281,green,9976,T10
5,0,0,1,281,green,9976,T10
6,0,0,1,281,green,9976,T10
7,0,0,1,281,green,9976,T10
8,0,0,1,281,green,9976,T10
9,0,0,1,281,green,9976,T10
10,0,0,1,281,green,9976,T10
11,0,0,1,281,green,9976,T10
12,0,0,1,281,green,9976,T10
13,0,0,1,281,green,9976,T10
14,0,0,1,281,green,9976,T10
15,0,1,0,281,green,9976,T10
16,0,1,0,281,green,9976,T10
17,0,1,0,281,green,9976,T10
18,0,1,0,281,green,9976,T10
19,0,1,0,281,green,9976,T10
20,0,1,0,281,green,9976,T10
21,0,1,0,281,green,9976,T10
22,0,1,0,281,green,9976,T10
23,0,1,0,281,green,9976,T10
24,0,1,0,281,green,9976,T10
25,0,1,0,281,green,9976,T10
26,0,1,0,281,green,9976,T10
27,0,1,0,281,green,9976,T10
28,0,1,0,281,green,9976,T10
29,0,1,0,281,green,9976,T10
30,0,1,0,281,green,9976,T10
31,0,1,0,281,green,9976,T10
32,0,1,0,281,green,9976,T10
33,0,1,0,281,green,9976,T10
34,0,1,0,281,green,9976,T10
35,0,1,0,281,green,9976,T10
36,0,1,0,281,green,9976,T10
37,0,1,0,281,green,9976,T10
38,0,1,0,281,green,9976,T10
39,0,1,0,281,green,9976,T10
40,0,1,0,281,green,9976,T10
41,0,1,0,281,green,9976,T10
42,0,1,0,281,green,9976,T10
43,0,1,0,281,green,9976,T10
44,0,1,0,281,green,9976,T10
45,0,1,0,281,green,9976,T10
46,0,1,0,281,green,9976,T10
47,0,1,0,281,green,9976,T10
48,0,1,0,281,green,9976,T10
49,0,1,0,281,green,9976,T10
50,1,0,0,281,green,9976,T10
51,1,0,0,281,green,9976,T10
52,1,0,0,281,green,9976,T10
53,1,0,0,281,green,9976,T10
54,1,0,0,281,green,9976,T10
55,1,0,0,281,green,9976,T10
56,1,0,0,281,green,9976,T10
57,1,0,0,281,green,9976,T10
58,1,0,0,281,green,9976,T10
59,1,0,0,281,green,9976,T10
60,1,0,0,281,green,9976,T10
61,1,0,0,281,green,9976,T10
62,1,0,0,281,green,9976,T10
63,1,0,0,281,green,9976,T10
64,1,0,0,281,green,9976,T10
65,1,0,0,281,green,9976,T10
66,1,0,0,281,green,9976,T10
67,1,0,0,281,green,9976,T10
68,1,0,0,281,green,9976,T10
69,1,0,0,281,green,9976,T10
70,1,0,0,281,green,9976,T10
71,1,0,0,281,green,9976,T10
72,1,0,0,281,green,9976,T10
73,1,0,0,281,green,9976,T10
74,1,0,0,281,green,9976,T10
75,1,0,0,281,green,9976,T10
76,1,0,0,281,green,9976,T10
77,1,0,0,281,green,9976,T10
78,1,0,0,281,green,9976,T10
79,1,0,0,281,green,9976,T10
80,1,0,0,281,green,9976,T10
81,1,0,0,281,green,9976,T10
82,1,0,0,281,green,9976,T10
83,1,0,0,281,green,9976,T10
84,1,0,0,281,green,9976,T10
85,1,0,0,281,green,9976,T10
86,1,0,0,281,green,9976,T10
87,1,0,0,281,green,9976,T10
88,1,0,0,281,green,9976,T10
89,1,0,0,281,green,9976,T10
90,1,0,0,281,green,9976,T10
91,1,0,0,281,green,9976,T10
92,1,0,0,281,green,9976,T10
93,1,0,0,281,green,9976,T10
94,1,0,0,281,green,9976,T10
95,1,0,0,281,green,9976,T10
96,1,0,0,281,green,9976,T10
97,1,0,0,281,green,9976,T10
98,1,0,0,281,green,9976,T10
99,1,0,0,281,green,9976,T10
100,1,0,0,281,green,9976,T10
101,1,0,0,281,green,9976,T10
102,1,0,0,281,green,9976,T10
103,1,0,0,281,green,9976,T10
104,1,0,0,281,green,9976,T10
105,1,0,0,281,green,9976,T10
106,1,0,0,281,green,9976,T10
107,1,0,0,281,green,9976,T10
108,1,0,0,281,green,9976,T10
109,1,0,0,281,green,9976,T10
110,1,0,0,281,green,9976,T10
111,1,0,0,281,green,9976,T10
112,1,0,0,281,green,9976,T10
113,1,0,0,281,green,9976,T10
114,1,0,0,281,green,9976,T10
115,1,0,0,281,green,9976,T10
116,1,0,0,281,green,9976,T10
117,1,0,0,281,green,9976,T10
118,1,0,0,281,green,9976,T10
119,1,0,0,281,green,9976,T10
120,1,0,0,281,green,9976,T10
121,1,0,0,281,green,9976,T10
122,1,0,0,281,green,9976,T10
123,1,0,0,281,green,9976,T10
124,1,0,0,281,green,9976,T10
125,1,0,0,281,green,9976,T10
126,1,0,0,281,green,9976,T10
127,1,0,0,281,green,9976,T10
128,1,0,0,281,green,9976,T10
129,1,0,0,281,green,9976,T10
130,1,0,0,281,green,9976,T10
131,1,0,0,281,green,9976,T10
132,0,0,1,281,green,9976,T10
133,0,1,0,281,green,9976,T10
134,0,1,0,281,green,9976,T10
135,0,1,0,281,green,9976,T10
136,0,1,0,281,green,9976,T10
137,0,1,0,281,green,9976,T10
138,0,1,0,281,green,9976,T10
139,0,1,0,281,green,9976,T10
140,0,1,0,281,green,9976,T10
141,0,1,0,281,green,9976,T10
142,0,1,0,281,green,9976,T10
143,0,1,0,281,green,9976,T10
144,0,1,0,281,green,9976,T10
145,0,1,0,281,green,9976,T10
146,0,1,0,281,green,9976,T10
147,0,1,0,281,green,9976,T10
148,0,1,0,281,green,9976,T10
149,0,1,0,281,green,9976,T10
150,0,1,0,281,green,9976,T10
151,0,1,0,281,green,9976,T10
152,0,1,0,281,green,9976,T10
153,0,1,0,281,green,9976,T10
154,0,1,0,281,green,9976,T10
155,0,1,0,281,green,9976,T10
0,1,0,0,282,green,10174,T10
1,1,0,0,282,green,10174,T10
2,1,0,0,282,green,10174,T10
3,1,0,0,282,green,10174,T10
4,1,0,0,282,green,10174,T10
5,1,0,0,282,green,10174,T10
6,1,0,0,282,green,10174,T10
7,1,0,0,282,green,10174,T10
8,1,0,0,282,green,10174,T10
9,1,0,0,282,green,10174,T10
10,1,0,0,282,green,10174,T10
11,1,0,0,282,green,10174,T10
12,1,0,0,282,green,10174,T10
13,1,0,0,282,green,10174,T10
14,1,0,0,282,green,10174,T10
15,1,0,0,282,green,10174,T10
16,1,0,0,282,green,10174,T10
17,1,0,0,282,green,10174,T10
18,1,0,0,282,green,10174,T10
19,1,0,0,282,green,10174,T10
20,1,0,0,282,green,10174,T10
21,1,0,0,282,green,10174,T10
22,1,0,0,282,green,10174,T10
23,1,0,0,282,green,10174,T10
24,1,0,0,282,green,10174,T10
25,1,0,0,282,green,10174,T10
26,1,0,0,282,green,10174,T10
27,1,0,0,282,green,10174,T10
28,1,0,0,282,green,10174,T10
29,1,0,0,282,green,10174,T10
30,1,0,0,282,green,10174,T10
31,1,0,0,282,green,10174,T10
32,1,0,0,282,green,10174,T10
33,1,0,0,282,green,10174,T10
34,1,0,0,282,green,10174,T10
35,1,0,0,282,green,10174,T10
36,1,0,0,282,green,10174,T10
37,1,0,0,282,green,10174,T10
38,1,0,0,282,green,10174,T10
39,1,0,0,282,green,10174,T10
40,1,0,0,282,green,10174,T10
41,1,0,0,282,green,10174,T10
42,1,0,0,282,green,10174,T10
43,1,0,0,282,green,10174,T10
44,1,0,0,282,green,10174,T10
45,1,0,0,282,green,10174,T10
46,1,0,0,282,green,10174,T10
47,1,0,0,282,green,10174,T10
48,1,0,0,282,green,10174,T10
49,1,0,0,282,green,10174,T10
50,1,0,0,282,green,10174,T10
51,1,0,0,282,green,10174,T10
52,1,0,0,282,green,10174,T10
53,1,0,0,282,green,10174,T10
54,1,0,0,282,green,10174,T10
55,1,0,0,282,green,10174,T10
56,1,0,0,282,green,10174,T10
57,1,0,0,282,green,10174,T10
58,1,0,0,282,green,10174,T10
59,1,0,0,282,green,10174,T10
60,1,0,0,282,green,10174,T10
61,1,0,0,282,green,10174,T10
62,1,0,0,282,green,10174,T10
63,1,0,0,282,green,10174,T10
64,1,0,0,282,green,10174,T10
65,1,0,0,282,green,10174,T10
66,1,0,0,282,green,10174,T10
67,1,0,0,282,green,10174,T10
68,1,0,0,282,green,10174,T10
69,1,0,0,282,green,10174,T10
70,1,0,0,282,green,10174,T10
71,1,0,0,282,green,10174,T10
72,1,0,0,282,green,10174,T10
73,1,0,0,282,green,10174,T10
74,1,0,0,282,green,10174,T10
75,1,0,0,282,green,10174,T10
76,1,0,0,282,green,10174,T10
77,1,0,0,282,green,10174,T10
78,1,0,0,282,green,10174,T10
79,1,0,0,282,green,10174,T10
80,1,0,0,282,green,10174,T10
81,1,0,0,282,green,10174,T10
82,1,0,0,282,green,10174,T10
83,1,0,0,282,green,10174,T10
84,1,0,0,282,green,10174,T10
85,1,0,0,282,green,10174,T10
86,1,0,0,282,green,10174,T10
87,1,0,0,282,green,10174,T10
88,1,0,0,282,green,10174,T10
89,1,0,0,282,green,10174,T10
90,1,0,0,282,green,10174,T10
91,1,0,0,282,green,10174,T10
92,1,0,0,282,green,10174,T10
93,1,0,0,282,green,10174,T10
94,1,0,0,282,green,10174,T10
95,1,0,0,282,green,10174,T10
96,1,0,0,282,green,10174,T10
97,1,0,0,282,green,10174,T10
98,1,0,0,282,green,10174,T10
99,1,0,0,282,green,10174,T10
100,1,0,0,282,green,10174,T10
101,1,0,0,282,green,10174,T10
102,1,0,0,282,green,10174,T10
103,1,0,0,282,green,10174,T10
104,1,0,0,282,green,10174,T10
105,1,0,0,282,green,10174,T10
106,1,0,0,282,green,10174,T10
107,1,0,0,282,green,10174,T10
108,1,0,0,282,green,10174,T10
109,1,0,0,282,green,10174,T10
110,1,0,0,282,green,10174,T10
111,1,0,0,282,green,10174,T10
112,1,0,0,282,green,10174,T10
113,1,0,0,282,green,10174,T10
114,1,0,0,282,green,10174,T10
115,1,0,0,282,green,10174,T10
116,1,0,0,282,green,10174,T10
117,1,0,0,282,green,10174,T10
118,1,0,0,282,green,10174,T10
119,1,0,0,282,green,10174,T10
120,1,0,0,282,green,10174,T10
121,1,0,0,282,green,10174,T10
122,1,0,0,282,green,10174,T10
123,1,0,0,282,green,10174,T10
124,1,0,0,282,green,10174,T10
125,1,0,0,282,green,10174,T10
126,1,0,0,282,green,10174,T10
127,1,0,0,282,green,10174,T10
128,1,0,0,282,green,10174,T10
129,1,0,0,282,green,10174,T10
130,1,0,0,282,green,10174,T10
131,1,0,0,282,green,10174,T10
132,1,0,0,282,green,10174,T10
133,1,0,0,282,green,10174,T10
134,1,0,0,282,green,10174,T10
135,1,0,0,282,green,10174,T10
136,0,0,1,282,green,10174,T10
137,0,0,1,282,green,10174,T10
138,0,0,1,282,green,10174,T10
139,0,0,1,282,green,10174,T10
140,0,0,1,282,green,10174,T10
141,0,0,1,282,green,10174,T10
142,0,0,1,282,green,10174,T10
143,0,0,1,282,green,10174,T10
144,0,0,1,282,green,10174,T10
145,0,0,1,282,green,10174,T10
146,0,0,1,282,green,10174,T10
147,0,0,1,282,green,10174,T10
148,0,0,1,282,green,10174,T10
149,0,0,1,282,green,10174,T10
150,0,0,1,282,green,10174,T10
151,0,0,1,282,green,10174,T10
152,0,0,1,282,green,10174,T10
153,0,0,1,282,green,10174,T10
154,0,0,1,282,green,10174,T10
155,0,0,1,282,green,10174,T10
0,0,0,1,283,green,9862,T10
1,0,0,1,283,green,9862,T10
2,0,0,1,283,green,9862,T10
3,0,0,1,283,green,9862,T10
4,0,0,1,283,green,9862,T10
5,0,0,1,283,green,9862,T10
6,0,0,1,283,green,9862,T10
7,0,0,1,283,green,9862,T10
8,0,0,1,283,green,9862,T10
9,0,0,1,283,green,9862,T10
10,0,0,1,283,green,9862,T10
11,0,0,1,283,green,9862,T10
12,0,0,1,283,green,9862,T10
13,0,0,1,283,green,9862,T10
14,0,0,1,283,green,9862,T10
15,0,0,1,283,green,9862,T10
16,0,0,1,283,green,9862,T10
17,0,0,1,283,green,9862,T10
18,0,0,1,283,green,9862,T10
19,0,0,1,283,green,9862,T10
20,0,0,1,283,green,9862,T10
21,0,0,1,283,green,9862,T10
22,0,0,1,283,green,9862,T10
23,0,0,1,283,green,9862,T10
24,0,0,1,283,green,9862,T10
25,0,0,1,283,green,9862,T10
26,0,0,1,283,green,9862,T10
27,0,0,1,283,green,9862,T10
28,0,0,1,283,green,9862,T10
29,0,0,1,283,green,9862,T10
30,0,0,1,283,green,9862,T10
31,0,0,1,283,green,9862,T10
32,0,0,1,283,green,9862,T10
33,0,0,1,283,green,9862,T10
34,0,0,1,283,green,9862,T10
35,0,1,0,283,green,9862,T10
36,0,1,0,283,green,9862,T10
37,0,1,0,283,green,9862,T10
38,0,1,0,283,green,9862,T10
39,0,1,0,283,green,9862,T10
40,0,1,0,283,green,9862,T10
41,0,1,0,283,green,9862,T10
42,0,1,0,283,green,9862,T10
43,0,1,0,283,green,9862,T10
44,0,1,0,283,green,9862,T10
45,0,1,0,283,green,9862,T10
46,0,1,0,283,green,9862,T10
47,0,1,0,283,green,9862,T10
48,0,0,1,283,green,9862,T10
49,0,0,1,283,green,9862,T10
50,0,0,1,283,green,9862,T10
51,0,0,1,283,green,9862,T10
52,0,0,1,283,green,9862,T10
53,1,0,0,283,green,9862,T10
54,1,0,0,283,green,9862,T10
55,1,0,0,283,green,9862,T10
56,1,0,0,283,green,9862,T10
57,1,0,0,283,green,9862,T10
58,1,0,0,283,green,9862,T10
59,1,0,0,283,green,9862,T10
60,1,0,0,283,green,9862,T10
61,1,0,0,283,green,9862,T10
62,1,0,0,283,green,9862,T10
63,1,0,0,283,green,9862,T10
64,1,0,0,283,green,9862,T10
65,1,0,0,283,green,9862,T10
66,1,0,0,283,green,9862,T10
67,1,0,0,283,green,9862,T10
68,1,0,0,283,green,9862,T10
69,1,0,0,283,green,9862,T10
70,1,0,0,283,green,9862,T10
71,1,0,0,283,green,9862,T10
72,1,0,0,283,green,9862,T10
73,1,0,0,283,green,9862,T10
74,1,0,0,283,green,9862,T10
75,1,0,0,283,green,9862,T10
76,1,0,0,283,green,9862,T10
77,1,0,0,283,green,9862,T10
78,1,0,0,283,green,9862,T10
79,1,0,0,283,green,9862,T10
80,1,0,0,283,green,9862,T10
81,1,0,0,283,green,9862,T10
82,1,0,0,283,green,9862,T10
83,1,0,0,283,green,9862,T10
84,1,0,0,283,green,9862,T10
85,1,0,0,283,green,9862,T10
86,1,0,0,283,green,9862,T10
87,1,0,0,283,green,9862,T10
88,1,0,0,283,green,9862,T10
89,1,0,0,283,green,9862,T10
90,1,0,0,283,green,9862,T10
91,1,0,0,283,green,9862,T10
92,1,0,0,283,green,9862,T10
93,1,0,0,283,green,9862,T10
94,1,0,0,283,green,9862,T10
95,1,0,0,283,green,9862,T10
96,1,0,0,283,green,9862,T10
97,1,0,0,283,green,9862,T10
98,1,0,0,283,green,9862,T10
99,1,0,0,283,green,9862,T10
100,1,0,0,283,green,9862,T10
101,1,0,0,283,green,9862,T10
102,1,0,0,283,green,9862,T10
103,1,0,0,283,green,9862,T10
104,1,0,0,283,green,9862,T10
105,1,0,0,283,green,9862,T10
106,1,0,0,283,green,9862,T10
107,1,0,0,283,green,9862,T10
108,1,0,0,283,green,9862,T10
109,1,0,0,283,green,9862,T10
110,1,0,0,283,green,9862,T10
111,1,0,0,283,green,9862,T10
112,1,0,0,283,green,9862,T10
113,1,0,0,283,green,9862,T10
114,1,0,0,283,green,9862,T10
115,1,0,0,283,green,9862,T10
116,1,0,0,283,green,9862,T10
117,1,0,0,283,green,9862,T10
118,1,0,0,283,green,9862,T10
119,1,0,0,283,green,9862,T10
120,1,0,0,283,green,9862,T10
121,1,0,0,283,green,9862,T10
122,1,0,0,283,green,9862,T10
123,1,0,0,283,green,9862,T10
124,1,0,0,283,green,9862,T10
125,0,0,1,283,green,9862,T10
126,0,1,0,283,green,9862,T10
127,0,1,0,283,green,9862,T10
128,0,1,0,283,green,9862,T10
129,0,1,0,283,green,9862,T10
130,0,1,0,283,green,9862,T10
131,0,1,0,283,green,9862,T10
132,0,1,0,283,green,9862,T10
133,0,1,0,283,green,9862,T10
134,0,1,0,283,green,9862,T10
135,0,1,0,283,green,9862,T10
136,0,1,0,283,green,9862,T10
137,0,1,0,283,green,9862,T10
138,0,1,0,283,green,9862,T10
139,0,1,0,283,green,9862,T10
140,0,1,0,283,green,9862,T10
141,0,1,0,283,green,9862,T10
142,0,1,0,283,green,9862,T10
143,0,1,0,283,green,9862,T10
144,0,1,0,283,green,9862,T10
145,0,1,0,283,green,9862,T10
146,0,1,0,283,green,9862,T10
147,0,1,0,283,green,9862,T10
148,0,1,0,283,green,9862,T10
149,0,1,0,283,green,9862,T10
150,0,1,0,283,green,9862,T10
151,0,1,0,283,green,9862,T10
152,0,1,0,283,green,9862,T10
153,0,1,0,283,green,9862,T10
154,0,1,0,283,green,9862,T10
155,0,1,0,283,green,9862,T10
0,0,0,1,285,green,11179,T10
1,0,0,1,285,green,11179,T10
2,0,0,1,285,green,11179,T10
3,0,0,1,285,green,11179,T10
4,0,0,1,285,green,11179,T10
5,0,0,1,285,green,11179,T10
6,0,0,1,285,green,11179,T10
7,0,0,1,285,green,11179,T10
8,0,0,1,285,green,11179,T10
9,0,0,1,285,green,11179,T10
10,0,0,1,285,green,11179,T10
11,0,0,1,285,green,11179,T10
12,0,0,1,285,green,11179,T10
13,0,0,1,285,green,11179,T10
14,0,0,1,285,green,11179,T10
15,0,0,1,285,green,11179,T10
16,0,0,1,285,green,11179,T10
17,0,0,1,285,green,11179,T10
18,0,0,1,285,green,11179,T10
19,0,0,1,285,green,11179,T10
20,0,0,1,285,green,11179,T10
21,0,0,1,285,green,11179,T10
22,0,0,1,285,green,11179,T10
23,0,0,1,285,green,11179,T10
24,0,0,1,285,green,11179,T10
25,0,0,1,285,green,11179,T10
26,0,0,1,285,green,11179,T10
27,0,0,1,285,green,11179,T10
28,0,0,1,285,green,11179,T10
29,0,0,1,285,green,11179,T10
30,0,0,1,285,green,11179,T10
31,0,0,1,285,green,11179,T10
32,0,0,1,285,green,11179,T10
33,0,0,1,285,green,11179,T10
34,0,0,1,285,green,11179,T10
35,0,0,1,285,green,11179,T10
36,0,0,1,285,green,11179,T10
37,0,0,1,285,green,11179,T10
38,0,0,1,285,green,11179,T10
39,0,0,1,285,green,11179,T10
40,0,0,1,285,green,11179,T10
41,0,0,1,285,green,11179,T10
42,0,0,1,285,green,11179,T10
43,0,0,1,285,green,11179,T10
44,0,0,1,285,green,11179,T10
45,0,0,1,285,green,11179,T10
46,0,0,1,285,green,11179,T10
47,0,0,1,285,green,11179,T10
48,0,0,1,285,green,11179,T10
49,0,0,1,285,green,11179,T10
50,0,0,1,285,green,11179,T10
51,0,0,1,285,green,11179,T10
52,0,0,1,285,green,11179,T10
53,0,0,1,285,green,11179,T10
54,0,0,1,285,green,11179,T10
55,0,0,1,285,green,11179,T10
56,0,0,1,285,green,11179,T10
57,0,0,1,285,green,11179,T10
58,0,0,1,285,green,11179,T10
59,0,0,1,285,green,11179,T10
60,0,0,1,285,green,11179,T10
61,0,0,1,285,green,11179,T10
62,0,0,1,285,green,11179,T10
63,0,0,1,285,green,11179,T10
64,0,0,1,285,green,11179,T10
65,0,0,1,285,green,11179,T10
66,0,0,1,285,green,11179,T10
67,0,0,1,285,green,11179,T10
68,0,0,1,285,green,11179,T10
69,0,0,1,285,green,11179,T10
70,0,0,1,285,green,11179,T10
71,0,0,1,285,green,11179,T10
72,0,0,1,285,green,11179,T10
73,0,0,1,285,green,11179,T10
74,0,0,1,285,green,11179,T10
75,0,0,1,285,green,11179,T10
76,0,0,1,285,green,11179,T10
77,0,0,1,285,green,11179,T10
78,0,0,1,285,green,11179,T10
79,0,0,1,285,green,11179,T10
80,0,0,1,285,green,11179,T10
81,0,0,1,285,green,11179,T10
82,0,0,1,285,green,11179,T10
83,0,0,1,285,green,11179,T10
84,1,0,0,285,green,11179,T10
85,1,0,0,285,green,11179,T10
86,1,0,0,285,green,11179,T10
87,1,0,0,285,green,11179,T10
88,1,0,0,285,green,11179,T10
89,1,0,0,285,green,11179,T10
90,1,0,0,285,green,11179,T10
91,1,0,0,285,green,11179,T10
92,1,0,0,285,green,11179,T10
93,1,0,0,285,green,11179,T10
94,1,0,0,285,green,11179,T10
95,1,0,0,285,green,11179,T10
96,1,0,0,285,green,11179,T10
97,1,0,0,285,green,11179,T10
98,1,0,0,285,green,11179,T10
99,1,0,0,285,green,11179,T10
100,1,0,0,285,green,11179,T10
101,1,0,0,285,green,11179,T10
102,1,0,0,285,green,11179,T10
103,1,0,0,285,green,11179,T10
104,1,0,0,285,green,11179,T10
105,1,0,0,285,green,11179,T10
106,1,0,0,285,green,11179,T10
107,1,0,0,285,green,11179,T10
108,1,0,0,285,green,11179,T10
109,1,0,0,285,green,11179,T10
110,1,0,0,285,green,11179,T10
111,1,0,0,285,green,11179,T10
112,1,0,0,285,green,11179,T10
113,1,0,0,285,green,11179,T10
114,1,0,0,285,green,11179,T10
115,1,0,0,285,green,11179,T10
116,1,0,0,285,green,11179,T10
117,1,0,0,285,green,11179,T10
118,1,0,0,285,green,11179,T10
119,1,0,0,285,green,11179,T10
120,1,0,0,285,green,11179,T10
121,1,0,0,285,green,11179,T10
122,1,0,0,285,green,11179,T10
123,1,0,0,285,green,11179,T10
124,1,0,0,285,green,11179,T10
125,1,0,0,285,green,11179,T10
126,1,0,0,285,green,11179,T10
127,1,0,0,285,green,11179,T10
128,1,0,0,285,green,11179,T10
129,1,0,0,285,green,11179,T10
130,1,0,0,285,green,11179,T10
131,1,0,0,285,green,11179,T10
132,1,0,0,285,green,11179,T10
133,1,0,0,285,green,11179,T10
134,1,0,0,285,green,11179,T10
135,1,0,0,285,green,11179,T10
136,0,0,1,285,green,11179,T10
137,0,0,1,285,green,11179,T10
138,0,1,0,285,green,11179,T10
139,0,1,0,285,green,11179,T10
140,0,1,0,285,green,11179,T10
141,0,1,0,285,green,11179,T10
142,0,1,0,285,green,11179,T10
143,0,1,0,285,green,11179,T10
144,0,1,0,285,green,11179,T10
145,0,1,0,285,green,11179,T10
146,0,1,0,285,green,11179,T10
147,0,1,0,285,green,11179,T10
148,0,1,0,285,green,11179,T10
149,0,1,0,285,green,11179,T10
150,0,1,0,285,green,11179,T10
151,0,1,0,285,green,11179,T10
152,0,1,0,285,green,11179,T10
153,0,1,0,285,green,11179,T10
154,0,1,0,285,green,11179,T10
155,0,1,0,285,green,11179,T10
0,0,0,1,286,green,9648,T10
1,0,0,1,286,green,9648,T10
2,0,0,1,286,green,9648,T10
3,0,0,1,286,green,9648,T10
4,0,0,1,286,green,9648,T10
5,0,0,1,286,green,9648,T10
6,0,0,1,286,green,9648,T10
7,0,0,1,286,green,9648,T10
8,0,0,1,286,green,9648,T10
9,0,0,1,286,green,9648,T10
10,0,0,1,286,green,9648,T10
11,0,0,1,286,green,9648,T10
12,0,0,1,286,green,9648,T10
13,0,0,1,286,green,9648,T10
14,0,0,1,286,green,9648,T10
15,0,0,1,286,green,9648,T10
16,0,0,1,286,green,9648,T10
17,0,0,1,286,green,9648,T10
18,0,0,1,286,green,9648,T10
19,0,0,1,286,green,9648,T10
20,0,0,1,286,green,9648,T10
21,0,0,1,286,green,9648,T10
22,0,0,1,286,green,9648,T10
23,0,0,1,286,green,9648,T10
24,0,0,1,286,green,9648,T10
25,0,0,1,286,green,9648,T10
26,0,0,1,286,green,9648,T10
27,0,0,1,286,green,9648,T10
28,0,0,1,286,green,9648,T10
29,0,0,1,286,green,9648,T10
30,0,0,1,286,green,9648,T10
31,0,0,1,286,green,9648,T10
32,0,0,1,286,green,9648,T10
33,0,0,1,286,green,9648,T10
34,0,0,1,286,green,9648,T10
35,0,0,1,286,green,9648,T10
36,0,0,1,286,green,9648,T10
37,0,0,1,286,green,9648,T10
38,0,0,1,286,green,9648,T10
39,0,0,1,286,green,9648,T10
40,0,0,1,286,green,9648,T10
41,0,0,1,286,green,9648,T10
42,0,0,1,286,green,9648,T10
43,0,0,1,286,green,9648,T10
44,0,0,1,286,green,9648,T10
45,1,0,0,286,green,9648,T10
46,1,0,0,286,green,9648,T10
47,1,0,0,286,green,9648,T10
48,1,0,0,286,green,9648,T10
49,1,0,0,286,green,9648,T10
50,1,0,0,286,green,9648,T10
51,1,0,0,286,green,9648,T10
52,1,0,0,286,green,9648,T10
53,1,0,0,286,green,9648,T10
54,1,0,0,286,green,9648,T10
55,1,0,0,286,green,9648,T10
56,1,0,0,286,green,9648,T10
57,1,0,0,286,green,9648,T10
58,1,0,0,286,green,9648,T10
59,1,0,0,286,green,9648,T10
60,1,0,0,286,green,9648,T10
61,1,0,0,286,green,9648,T10
62,1,0,0,286,green,9648,T10
63,1,0,0,286,green,9648,T10
64,1,0,0,286,green,9648,T10
65,1,0,0,286,green,9648,T10
66,1,0,0,286,green,9648,T10
67,1,0,0,286,green,9648,T10
68,1,0,0,286,green,9648,T10
69,1,0,0,286,green,9648,T10
70,1,0,0,286,green,9648,T10
71,1,0,0,286,green,9648,T10
72,1,0,0,286,green,9648,T10
73,1,0,0,286,green,9648,T10
74,1,0,0,286,green,9648,T10
75,1,0,0,286,green,9648,T10
76,1,0,0,286,green,9648,T10
77,1,0,0,286,green,9648,T10
78,1,0,0,286,green,9648,T10
79,1,0,0,286,green,9648,T10
80,1,0,0,286,green,9648,T10
81,1,0,0,286,green,9648,T10
82,1,0,0,286,green,9648,T10
83,1,0,0,286,green,9648,T10
84,1,0,0,286,green,9648,T10
85,1,0,0,286,green,9648,T10
86,1,0,0,286,green,9648,T10
87,1,0,0,286,green,9648,T10
88,1,0,0,286,green,9648,T10
89,1,0,0,286,green,9648,T10
90,1,0,0,286,green,9648,T10
91,1,0,0,286,green,9648,T10
92,1,0,0,286,green,9648,T10
93,1,0,0,286,green,9648,T10
94,1,0,0,286,green,9648,T10
95,1,0,0,286,green,9648,T10
96,1,0,0,286,green,9648,T10
97,1,0,0,286,green,9648,T10
98,1,0,0,286,green,9648,T10
99,1,0,0,286,green,9648,T10
100,1,0,0,286,green,9648,T10
101,1,0,0,286,green,9648,T10
102,1,0,0,286,green,9648,T10
103,1,0,0,286,green,9648,T10
104,1,0,0,286,green,9648,T10
105,1,0,0,286,green,9648,T10
106,1,0,0,286,green,9648,T10
107,1,0,0,286,green,9648,T10
108,1,0,0,286,green,9648,T10
109,1,0,0,286,green,9648,T10
110,1,0,0,286,green,9648,T10
111,1,0,0,286,green,9648,T10
112,1,0,0,286,green,9648,T10
113,1,0,0,286,green,9648,T10
114,1,0,0,286,green,9648,T10
115,1,0,0,286,green,9648,T10
116,1,0,0,286,green,9648,T10
117,1,0,0,286,green,9648,T10
118,1,0,0,286,green,9648,T10
119,1,0,0,286,green,9648,T10
120,1,0,0,286,green,9648,T10
121,1,0,0,286,green,9648,T10
122,1,0,0,286,green,9648,T10
123,1,0,0,286,green,9648,T10
124,1,0,0,286,green,9648,T10
125,1,0,0,286,green,9648,T10
126,1,0,0,286,green,9648,T10
127,1,0,0,286,green,9648,T10
128,0,0,1,286,green,9648,T10
129,0,0,1,286,green,9648,T10
130,0,1,0,286,green,9648,T10
131,0,1,0,286,green,9648,T10
132,0,1,0,286,green,9648,T10
133,0,0,1,286,green,9648,T10
134,0,0,1,286,green,9648,T10
135,0,0,1,286,green,9648,T10
136,0,0,1,286,green,9648,T10
137,0,0,1,286,green,9648,T10
138,0,0,1,286,green,9648,T10
139,0,0,1,286,green,9648,T10
140,0,1,0,286,green,9648,T10
141,0,1,0,286,green,9648,T10
142,0,1,0,286,green,9648,T10
143,0,1,0,286,green,9648,T10
144,0,1,0,286,green,9648,T10
145,0,1,0,286,green,9648,T10
146,0,1,0,286,green,9648,T10
147,0,1,0,286,green,9648,T10
148,0,1,0,286,green,9648,T10
149,0,1,0,286,green,9648,T10
150,0,1,0,286,green,9648,T10
151,0,1,0,286,green,9648,T10
152,0,1,0,286,green,9648,T10
153,0,1,0,286,green,9648,T10
154,0,1,0,286,green,9648,T10
155,0,1,0,286,green,9648,T10
0,0,0,1,287,green,9674,T10
1,0,0,1,287,green,9674,T10
2,0,0,1,287,green,9674,T10
3,0,0,1,287,green,9674,T10
4,0,0,1,287,green,9674,T10
5,0,0,1,287,green,9674,T10
6,0,0,1,287,green,9674,T10
7,0,0,1,287,green,9674,T10
8,0,0,1,287,green,9674,T10
9,0,0,1,287,green,9674,T10
10,0,0,1,287,green,9674,T10
11,0,0,1,287,green,9674,T10
12,0,0,1,287,green,9674,T10
13,0,0,1,287,green,9674,T10
14,0,0,1,287,green,9674,T10
15,0,0,1,287,green,9674,T10
16,0,0,1,287,green,9674,T10
17,0,0,1,287,green,9674,T10
18,0,0,1,287,green,9674,T10
19,0,0,1,287,green,9674,T10
20,0,0,1,287,green,9674,T10
21,0,0,1,287,green,9674,T10
22,0,0,1,287,green,9674,T10
23,0,0,1,287,green,9674,T10
24,0,0,1,287,green,9674,T10
25,0,0,1,287,green,9674,T10
26,0,0,1,287,green,9674,T10
27,0,0,1,287,green,9674,T10
28,0,0,1,287,green,9674,T10
29,0,0,1,287,green,9674,T10
30,0,0,1,287,green,9674,T10
31,0,0,1,287,green,9674,T10
32,0,0,1,287,green,9674,T10
33,0,0,1,287,green,9674,T10
34,0,0,1,287,green,9674,T10
35,0,0,1,287,green,9674,T10
36,0,0,1,287,green,9674,T10
37,0,0,1,287,green,9674,T10
38,0,0,1,287,green,9674,T10
39,0,0,1,287,green,9674,T10
40,0,0,1,287,green,9674,T10
41,0,0,1,287,green,9674,T10
42,0,0,1,287,green,9674,T10
43,0,0,1,287,green,9674,T10
44,0,0,1,287,green,9674,T10
45,0,0,1,287,green,9674,T10
46,0,0,1,287,green,9674,T10
47,0,0,1,287,green,9674,T10
48,0,0,1,287,green,9674,T10
49,0,0,1,287,green,9674,T10
50,0,0,1,287,green,9674,T10
51,0,0,1,287,green,9674,T10
52,0,0,1,287,green,9674,T10
53,0,0,1,287,green,9674,T10
54,0,0,1,287,green,9674,T10
55,0,0,1,287,green,9674,T10
56,0,0,1,287,green,9674,T10
57,0,0,1,287,green,9674,T10
58,0,0,1,287,green,9674,T10
59,0,0,1,287,green,9674,T10
60,0,0,1,287,green,9674,T10
61,0,0,1,287,green,9674,T10
62,0,0,1,287,green,9674,T10
63,0,0,1,287,green,9674,T10
64,0,0,1,287,green,9674,T10
65,0,0,1,287,green,9674,T10
66,0,0,1,287,green,9674,T10
67,0,0,1,287,green,9674,T10
68,0,0,1,287,green,9674,T10
69,0,0,1,287,green,9674,T10
70,0,0,1,287,green,9674,T10
71,0,0,1,287,green,9674,T10
72,0,0,1,287,green,9674,T10
73,0,0,1,287,green,9674,T10
74,0,1,0,287,green,9674,T10
75,0,1,0,287,green,9674,T10
76,0,1,0,287,green,9674,T10
77,0,1,0,287,green,9674,T10
78,0,1,0,287,green,9674,T10
79,0,1,0,287,green,9674,T10
80,0,1,0,287,green,9674,T10
81,0,1,0,287,green,9674,T10
82,0,1,0,287,green,9674,T10
83,0,1,0,287,green,9674,T10
84,0,1,0,287,green,9674,T10
85,0,1,0,287,green,9674,T10
86,0,1,0,287,green,9674,T10
87,0,1,0,287,green,9674,T10
88,0,1,0,287,green,9674,T10
89,0,1,0,287,green,9674,T10
90,0,1,0,287,green,9674,T10
91,0,1,0,287,green,9674,T10
92,0,1,0,287,green,9674,T10
93,0,1,0,287,green,9674,T10
94,0,1,0,287,green,9674,T10
95,0,1,0,287,green,9674,T10
96,0,1,0,287,green,9674,T10
97,0,1,0,287,green,9674,T10
98,0,1,0,287,green,9674,T10
99,0,1,0,287,green,9674,T10
100,0,1,0,287,green,9674,T10
101,0,1,0,287,green,9674,T10
102,0,1,0,287,green,9674,T10
103,0,1,0,287,green,9674,T10
104,0,1,0,287,green,9674,T10
105,0,1,0,287,green,9674,T10
106,0,1,0,287,green,9674,T10
107,0,1,0,287,green,9674,T10
108,0,1,0,287,green,9674,T10
109,0,1,0,287,green,9674,T10
110,0,1,0,287,green,9674,T10
111,0,1,0,287,green,9674,T10
112,0,1,0,287,green,9674,T10
113,0,1,0,287,green,9674,T10
114,0,1,0,287,green,9674,T10
115,0,1,0,287,green,9674,T10
116,0,1,0,287,green,9674,T10
117,0,1,0,287,green,9674,T10
118,0,1,0,287,green,9674,T10
119,0,1,0,287,green,9674,T10
120,0,1,0,287,green,9674,T10
121,0,1,0,287,green,9674,T10
122,0,1,0,287,green,9674,T10
123,0,1,0,287,green,9674,T10
124,0,1,0,287,green,9674,T10
125,0,1,0,287,green,9674,T10
126,0,1,0,287,green,9674,T10
127,0,1,0,287,green,9674,T10
128,0,1,0,287,green,9674,T10
129,0,1,0,287,green,9674,T10
130,0,1,0,287,green,9674,T10
131,0,1,0,287,green,9674,T10
132,0,1,0,287,green,9674,T10
133,0,1,0,287,green,9674,T10
134,0,1,0,287,green,9674,T10
135,0,1,0,287,green,9674,T10
136,0,1,0,287,green,9674,T10
137,0,1,0,287,green,9674,T10
138,0,1,0,287,green,9674,T10
139,0,1,0,287,green,9674,T10
140,0,1,0,287,green,9674,T10
141,0,1,0,287,green,9674,T10
142,0,1,0,287,green,9674,T10
143,0,1,0,287,green,9674,T10
144,0,1,0,287,green,9674,T10
145,0,1,0,287,green,9674,T10
146,0,1,0,287,green,9674,T10
147,0,1,0,287,green,9674,T10
148,0,1,0,287,green,9674,T10
149,0,1,0,287,green,9674,T10
150,0,1,0,287,green,9674,T10
151,0,1,0,287,green,9674,T10
152,0,1,0,287,green,9674,T10
153,0,1,0,287,green,9674,T10
154,0,1,0,287,green,9674,T10
155,0,1,0,287,green,9674,T10
0,0,0,1,289,green,10883,T10
1,0,0,1,289,green,10883,T10
2,0,0,1,289,green,10883,T10
3,0,0,1,289,green,10883,T10
4,0,0,1,289,green,10883,T10
5,0,0,1,289,green,10883,T10
6,0,0,1,289,green,10883,T10
7,0,0,1,289,green,10883,T10
8,0,0,1,289,green,10883,T10
9,0,0,1,289,green,10883,T10
10,0,0,1,289,green,10883,T10
11,0,0,1,289,green,10883,T10
12,0,0,1,289,green,10883,T10
13,0,0,1,289,green,10883,T10
14,0,0,1,289,green,10883,T10
15,0,0,1,289,green,10883,T10
16,0,0,1,289,green,10883,T10
17,0,0,1,289,green,10883,T10
18,0,0,1,289,green,10883,T10
19,0,0,1,289,green,10883,T10
20,0,0,1,289,green,10883,T10
21,0,0,1,289,green,10883,T10
22,0,0,1,289,green,10883,T10
23,0,0,1,289,green,10883,T10
24,0,0,1,289,green,10883,T10
25,0,0,1,289,green,10883,T10
26,0,0,1,289,green,10883,T10
27,0,0,1,289,green,10883,T10
28,0,0,1,289,green,10883,T10
29,0,0,1,289,green,10883,T10
30,0,0,1,289,green,10883,T10
31,0,0,1,289,green,10883,T10
32,0,0,1,289,green,10883,T10
33,0,0,1,289,green,10883,T10
34,0,0,1,289,green,10883,T10
35,0,0,1,289,green,10883,T10
36,0,0,1,289,green,10883,T10
37,1,0,0,289,green,10883,T10
38,1,0,0,289,green,10883,T10
39,1,0,0,289,green,10883,T10
40,1,0,0,289,green,10883,T10
41,1,0,0,289,green,10883,T10
42,1,0,0,289,green,10883,T10
43,1,0,0,289,green,10883,T10
44,1,0,0,289,green,10883,T10
45,1,0,0,289,green,10883,T10
46,1,0,0,289,green,10883,T10
47,1,0,0,289,green,10883,T10
48,1,0,0,289,green,10883,T10
49,1,0,0,289,green,10883,T10
50,1,0,0,289,green,10883,T10
51,1,0,0,289,green,10883,T10
52,1,0,0,289,green,10883,T10
53,1,0,0,289,green,10883,T10
54,1,0,0,289,green,10883,T10
55,1,0,0,289,green,10883,T10
56,1,0,0,289,green,10883,T10
57,1,0,0,289,green,10883,T10
58,1,0,0,289,green,10883,T10
59,1,0,0,289,green,10883,T10
60,1,0,0,289,green,10883,T10
61,1,0,0,289,green,10883,T10
62,1,0,0,289,green,10883,T10
63,1,0,0,289,green,10883,T10
64,1,0,0,289,green,10883,T10
65,0,0,1,289,green,10883,T10
66,0,0,1,289,green,10883,T10
67,0,0,1,289,green,10883,T10
68,0,0,1,289,green,10883,T10
69,0,0,1,289,green,10883,T10
70,0,0,1,289,green,10883,T10
71,0,0,1,289,green,10883,T10
72,0,0,1,289,green,10883,T10
73,0,0,1,289,green,10883,T10
74,0,0,1,289,green,10883,T10
75,0,1,0,289,green,10883,T10
76,0,1,0,289,green,10883,T10
77,0,1,0,289,green,10883,T10
78,0,1,0,289,green,10883,T10
79,0,1,0,289,green,10883,T10
80,0,1,0,289,green,10883,T10
81,0,1,0,289,green,10883,T10
82,0,1,0,289,green,10883,T10
83,0,1,0,289,green,10883,T10
84,0,1,0,289,green,10883,T10
85,0,1,0,289,green,10883,T10
86,0,1,0,289,green,10883,T10
87,0,1,0,289,green,10883,T10
88,0,1,0,289,green,10883,T10
89,0,1,0,289,green,10883,T10
90,0,1,0,289,green,10883,T10
91,0,1,0,289,green,10883,T10
92,0,1,0,289,green,10883,T10
93,0,1,0,289,green,10883,T10
94,0,1,0,289,green,10883,T10
95,0,1,0,289,green,10883,T10
96,0,1,0,289,green,10883,T10
97,0,1,0,289,green,10883,T10
98,0,1,0,289,green,10883,T10
99,0,1,0,289,green,10883,T10
100,0,1,0,289,green,10883,T10
101,0,1,0,289,green,10883,T10
102,0,1,0,289,green,10883,T10
103,0,1,0,289,green,10883,T10
104,0,1,0,289,green,10883,T10
105,0,1,0,289,green,10883,T10
106,0,1,0,289,green,10883,T10
107,0,1,0,289,green,10883,T10
108,0,1,0,289,green,10883,T10
109,0,1,0,289,green,10883,T10
110,0,1,0,289,green,10883,T10
111,0,1,0,289,green,10883,T10
112,0,1,0,289,green,10883,T10
113,0,1,0,289,green,10883,T10
114,0,1,0,289,green,10883,T10
115,0,1,0,289,green,10883,T10
116,0,1,0,289,green,10883,T10
117,0,1,0,289,green,10883,T10
118,0,1,0,289,green,10883,T10
119,0,1,0,289,green,10883,T10
120,0,1,0,289,green,10883,T10
121,0,1,0,289,green,10883,T10
122,0,1,0,289,green,10883,T10
123,0,1,0,289,green,10883,T10
124,0,1,0,289,green,10883,T10
125,0,1,0,289,green,10883,T10
126,0,1,0,289,green,10883,T10
127,0,1,0,289,green,10883,T10
128,0,1,0,289,green,10883,T10
129,0,1,0,289,green,10883,T10
130,0,1,0,289,green,10883,T10
131,0,1,0,289,green,10883,T10
132,0,1,0,289,green,10883,T10
133,0,1,0,289,green,10883,T10
134,0,1,0,289,green,10883,T10
135,0,1,0,289,green,10883,T10
136,0,1,0,289,green,10883,T10
137,0,1,0,289,green,10883,T10
138,0,1,0,289,green,10883,T10
139,0,1,0,289,green,10883,T10
140,0,1,0,289,green,10883,T10
141,0,1,0,289,green,10883,T10
142,0,1,0,289,green,10883,T10
143,0,1,0,289,green,10883,T10
144,0,1,0,289,green,10883,T10
145,0,1,0,289,green,10883,T10
146,0,1,0,289,green,10883,T10
147,0,1,0,289,green,10883,T10
148,0,1,0,289,green,10883,T10
149,0,1,0,289,green,10883,T10
150,0,1,0,289,green,10883,T10
151,0,1,0,289,green,10883,T10
152,0,1,0,289,green,10883,T10
153,0,1,0,289,green,10883,T10
154,0,1,0,289,green,10883,T10
155,0,1,0,289,green,10883,T10
0,0,0,1,290,green,10130,T10
1,0,0,1,290,green,10130,T10
2,0,0,1,290,green,10130,T10
3,0,0,1,290,green,10130,T10
4,0,0,1,290,green,10130,T10
5,0,0,1,290,green,10130,T10
6,0,0,1,290,green,10130,T10
7,0,0,1,290,green,10130,T10
8,0,0,1,290,green,10130,T10
9,0,0,1,290,green,10130,T10
10,0,0,1,290,green,10130,T10
11,0,0,1,290,green,10130,T10
12,0,0,1,290,green,10130,T10
13,0,0,1,290,green,10130,T10
14,0,0,1,290,green,10130,T10
15,0,0,1,290,green,10130,T10
16,0,0,1,290,green,10130,T10
17,0,0,1,290,green,10130,T10
18,0,0,1,290,green,10130,T10
19,0,0,1,290,green,10130,T10
20,0,0,1,290,green,10130,T10
21,0,0,1,290,green,10130,T10
22,0,0,1,290,green,10130,T10
23,0,0,1,290,green,10130,T10
24,0,0,1,290,green,10130,T10
25,0,0,1,290,green,10130,T10
26,0,0,1,290,green,10130,T10
27,0,0,1,290,green,10130,T10
28,0,0,1,290,green,10130,T10
29,0,0,1,290,green,10130,T10
30,0,0,1,290,green,10130,T10
31,0,0,1,290,green,10130,T10
32,0,0,1,290,green,10130,T10
33,0,0,1,290,green,10130,T10
34,0,0,1,290,green,10130,T10
35,0,0,1,290,green,10130,T10
36,0,0,1,290,green,10130,T10
37,0,0,1,290,green,10130,T10
38,1,0,0,290,green,10130,T10
39,1,0,0,290,green,10130,T10
40,1,0,0,290,green,10130,T10
41,1,0,0,290,green,10130,T10
42,1,0,0,290,green,10130,T10
43,1,0,0,290,green,10130,T10
44,1,0,0,290,green,10130,T10
45,1,0,0,290,green,10130,T10
46,1,0,0,290,green,10130,T10
47,1,0,0,290,green,10130,T10
48,1,0,0,290,green,10130,T10
49,1,0,0,290,green,10130,T10
50,1,0,0,290,green,10130,T10
51,1,0,0,290,green,10130,T10
52,1,0,0,290,green,10130,T10
53,1,0,0,290,green,10130,T10
54,1,0,0,290,green,10130,T10
55,1,0,0,290,green,10130,T10
56,1,0,0,290,green,10130,T10
57,1,0,0,290,green,10130,T10
58,1,0,0,290,green,10130,T10
59,1,0,0,290,green,10130,T10
60,1,0,0,290,green,10130,T10
61,1,0,0,290,green,10130,T10
62,1,0,0,290,green,10130,T10
63,1,0,0,290,green,10130,T10
64,1,0,0,290,green,10130,T10
65,1,0,0,290,green,10130,T10
66,1,0,0,290,green,10130,T10
67,1,0,0,290,green,10130,T10
68,1,0,0,290,green,10130,T10
69,1,0,0,290,green,10130,T10
70,1,0,0,290,green,10130,T10
71,1,0,0,290,green,10130,T10
72,1,0,0,290,green,10130,T10
73,1,0,0,290,green,10130,T10
74,1,0,0,290,green,10130,T10
75,1,0,0,290,green,10130,T10
76,1,0,0,290,green,10130,T10
77,1,0,0,290,green,10130,T10
78,1,0,0,290,green,10130,T10
79,1,0,0,290,green,10130,T10
80,1,0,0,290,green,10130,T10
81,1,0,0,290,green,10130,T10
82,1,0,0,290,green,10130,T10
83,1,0,0,290,green,10130,T10
84,1,0,0,290,green,10130,T10
85,1,0,0,290,green,10130,T10
86,1,0,0,290,green,10130,T10
87,1,0,0,290,green,10130,T10
88,1,0,0,290,green,10130,T10
89,1,0,0,290,green,10130,T10
90,1,0,0,290,green,10130,T10
91,1,0,0,290,green,10130,T10
92,1,0,0,290,green,10130,T10
93,1,0,0,290,green,10130,T10
94,1,0,0,290,green,10130,T10
95,1,0,0,290,green,10130,T10
96,1,0,0,290,green,10130,T10
97,1,0,0,290,green,10130,T10
98,1,0,0,290,green,10130,T10
99,1,0,0,290,green,10130,T10
100,1,0,0,290,green,10130,T10
101,1,0,0,290,green,10130,T10
102,1,0,0,290,green,10130,T10
103,1,0,0,290,green,10130,T10
104,1,0,0,290,green,10130,T10
105,1,0,0,290,green,10130,T10
106,1,0,0,290,green,10130,T10
107,1,0,0,290,green,10130,T10
108,1,0,0,290,green,10130,T10
109,1,0,0,290,green,10130,T10
110,1,0,0,290,green,10130,T10
111,1,0,0,290,green,10130,T10
112,1,0,0,290,green,10130,T10
113,1,0,0,290,green,10130,T10
114,1,0,0,290,green,10130,T10
115,1,0,0,290,green,10130,T10
116,1,0,0,290,green,10130,T10
117,1,0,0,290,green,10130,T10
118,1,0,0,290,green,10130,T10
119,1,0,0,290,green,10130,T10
120,1,0,0,290,green,10130,T10
121,1,0,0,290,green,10130,T10
122,1,0,0,290,green,10130,T10
123,1,0,0,290,green,10130,T10
124,1,0,0,290,green,10130,T10
125,1,0,0,290,green,10130,T10
126,1,0,0,290,green,10130,T10
127,1,0,0,290,green,10130,T10
128,1,0,0,290,green,10130,T10
129,0,0,1,290,green,10130,T10
130,0,0,1,290,green,10130,T10
131,0,1,0,290,green,10130,T10
132,0,1,0,290,green,10130,T10
133,0,1,0,290,green,10130,T10
134,0,1,0,290,green,10130,T10
135,0,1,0,290,green,10130,T10
136,0,1,0,290,green,10130,T10
137,0,1,0,290,green,10130,T10
138,0,1,0,290,green,10130,T10
139,0,1,0,290,green,10130,T10
140,0,1,0,290,green,10130,T10
141,0,1,0,290,green,10130,T10
142,0,1,0,290,green,10130,T10
143,0,1,0,290,green,10130,T10
144,0,1,0,290,green,10130,T10
145,0,1,0,290,green,10130,T10
146,0,1,0,290,green,10130,T10
147,0,1,0,290,green,10130,T10
148,0,1,0,290,green,10130,T10
149,0,1,0,290,green,10130,T10
150,0,1,0,290,green,10130,T10
151,0,1,0,290,green,10130,T10
152,0,1,0,290,green,10130,T10
153,0,1,0,290,green,10130,T10
154,0,1,0,290,green,10130,T10
155,0,1,0,290,green,10130,T10
0,0,0,1,291,green,10398,T10
1,0,0,1,291,green,10398,T10
2,0,0,1,291,green,10398,T10
3,0,1,0,291,green,10398,T10
4,0,1,0,291,green,10398,T10
5,0,1,0,291,green,10398,T10
6,0,1,0,291,green,10398,T10
7,0,1,0,291,green,10398,T10
8,0,1,0,291,green,10398,T10
9,0,1,0,291,green,10398,T10
10,0,1,0,291,green,10398,T10
11,0,1,0,291,green,10398,T10
12,0,1,0,291,green,10398,T10
13,0,1,0,291,green,10398,T10
14,0,1,0,291,green,10398,T10
15,0,1,0,291,green,10398,T10
16,0,1,0,291,green,10398,T10
17,0,1,0,291,green,10398,T10
18,0,1,0,291,green,10398,T10
19,0,1,0,291,green,10398,T10
20,0,1,0,291,green,10398,T10
21,0,1,0,291,green,10398,T10
22,0,1,0,291,green,10398,T10
23,0,1,0,291,green,10398,T10
24,0,1,0,291,green,10398,T10
25,0,1,0,291,green,10398,T10
26,0,1,0,291,green,10398,T10
27,0,1,0,291,green,10398,T10
28,0,1,0,291,green,10398,T10
29,0,1,0,291,green,10398,T10
30,0,1,0,291,green,10398,T10
31,0,1,0,291,green,10398,T10
32,0,1,0,291,green,10398,T10
33,0,1,0,291,green,10398,T10
34,0,1,0,291,green,10398,T10
35,0,1,0,291,green,10398,T10
36,0,1,0,291,green,10398,T10
37,0,1,0,291,green,10398,T10
38,0,1,0,291,green,10398,T10
39,0,1,0,291,green,10398,T10
40,0,1,0,291,green,10398,T10
41,0,1,0,291,green,10398,T10
42,0,1,0,291,green,10398,T10
43,0,1,0,291,green,10398,T10
44,0,1,0,291,green,10398,T10
45,0,1,0,291,green,10398,T10
46,0,1,0,291,green,10398,T10
47,0,1,0,291,green,10398,T10
48,0,1,0,291,green,10398,T10
49,0,1,0,291,green,10398,T10
50,0,1,0,291,green,10398,T10
51,0,1,0,291,green,10398,T10
52,0,1,0,291,green,10398,T10
53,0,1,0,291,green,10398,T10
54,0,1,0,291,green,10398,T10
55,0,1,0,291,green,10398,T10
56,0,1,0,291,green,10398,T10
57,0,1,0,291,green,10398,T10
58,0,1,0,291,green,10398,T10
59,0,1,0,291,green,10398,T10
60,0,1,0,291,green,10398,T10
61,0,1,0,291,green,10398,T10
62,0,1,0,291,green,10398,T10
63,0,1,0,291,green,10398,T10
64,0,1,0,291,green,10398,T10
65,0,1,0,291,green,10398,T10
66,0,1,0,291,green,10398,T10
67,0,1,0,291,green,10398,T10
68,0,1,0,291,green,10398,T10
69,0,1,0,291,green,10398,T10
70,0,1,0,291,green,10398,T10
71,0,1,0,291,green,10398,T10
72,0,1,0,291,green,10398,T10
73,0,1,0,291,green,10398,T10
74,0,1,0,291,green,10398,T10
75,0,1,0,291,green,10398,T10
76,0,1,0,291,green,10398,T10
77,0,1,0,291,green,10398,T10
78,0,1,0,291,green,10398,T10
79,0,1,0,291,green,10398,T10
80,0,1,0,291,green,10398,T10
81,0,1,0,291,green,10398,T10
82,0,1,0,291,green,10398,T10
83,0,1,0,291,green,10398,T10
84,0,1,0,291,green,10398,T10
85,0,1,0,291,green,10398,T10
86,0,1,0,291,green,10398,T10
87,0,1,0,291,green,10398,T10
88,0,1,0,291,green,10398,T10
89,0,1,0,291,green,10398,T10
90,0,1,0,291,green,10398,T10
91,0,1,0,291,green,10398,T10
92,0,1,0,291,green,10398,T10
93,0,1,0,291,green,10398,T10
94,0,1,0,291,green,10398,T10
95,0,1,0,291,green,10398,T10
96,0,1,0,291,green,10398,T10
97,0,1,0,291,green,10398,T10
98,0,1,0,291,green,10398,T10
99,0,1,0,291,green,10398,T10
100,0,1,0,291,green,10398,T10
101,0,1,0,291,green,10398,T10
102,0,1,0,291,green,10398,T10
103,0,1,0,291,green,10398,T10
104,0,1,0,291,green,10398,T10
105,0,1,0,291,green,10398,T10
106,0,1,0,291,green,10398,T10
107,0,1,0,291,green,10398,T10
108,0,1,0,291,green,10398,T10
109,0,1,0,291,green,10398,T10
110,0,1,0,291,green,10398,T10
111,0,1,0,291,green,10398,T10
112,0,1,0,291,green,10398,T10
113,0,1,0,291,green,10398,T10
114,0,1,0,291,green,10398,T10
115,0,1,0,291,green,10398,T10
116,0,1,0,291,green,10398,T10
117,0,1,0,291,green,10398,T10
118,0,1,0,291,green,10398,T10
119,0,1,0,291,green,10398,T10
120,0,1,0,291,green,10398,T10
121,0,1,0,291,green,10398,T10
122,0,1,0,291,green,10398,T10
123,0,1,0,291,green,10398,T10
124,0,1,0,291,green,10398,T10
125,0,1,0,291,green,10398,T10
126,0,1,0,291,green,10398,T10
127,0,1,0,291,green,10398,T10
128,0,1,0,291,green,10398,T10
129,0,1,0,291,green,10398,T10
130,0,1,0,291,green,10398,T10
131,0,1,0,291,green,10398,T10
132,0,1,0,291,green,10398,T10
133,0,1,0,291,green,10398,T10
134,0,1,0,291,green,10398,T10
135,0,1,0,291,green,10398,T10
136,0,1,0,291,green,10398,T10
137,0,1,0,291,green,10398,T10
138,0,1,0,291,green,10398,T10
139,0,1,0,291,green,10398,T10
140,0,1,0,291,green,10398,T10
141,0,1,0,291,green,10398,T10
142,0,1,0,291,green,10398,T10
143,0,1,0,291,green,10398,T10
144,0,1,0,291,green,10398,T10
145,0,1,0,291,green,10398,T10
146,0,1,0,291,green,10398,T10
147,0,1,0,291,green,10398,T10
148,0,1,0,291,green,10398,T10
149,0,1,0,291,green,10398,T10
150,0,1,0,291,green,10398,T10
151,0,1,0,291,green,10398,T10
152,0,1,0,291,green,10398,T10
153,0,1,0,291,green,10398,T10
154,0,1,0,291,green,10398,T10
155,0,1,0,291,green,10398,T10
0,0,0,1,292,green,10447,T10
1,0,0,1,292,green,10447,T10
2,0,0,1,292,green,10447,T10
3,0,0,1,292,green,10447,T10
4,0,0,1,292,green,10447,T10
5,0,0,1,292,green,10447,T10
6,0,0,1,292,green,10447,T10
7,0,0,1,292,green,10447,T10
8,0,0,1,292,green,10447,T10
9,0,0,1,292,green,10447,T10
10,0,0,1,292,green,10447,T10
11,0,0,1,292,green,10447,T10
12,0,0,1,292,green,10447,T10
13,0,0,1,292,green,10447,T10
14,0,0,1,292,green,10447,T10
15,0,0,1,292,green,10447,T10
16,0,0,1,292,green,10447,T10
17,0,0,1,292,green,10447,T10
18,0,0,1,292,green,10447,T10
19,0,0,1,292,green,10447,T10
20,1,0,0,292,green,10447,T10
21,1,0,0,292,green,10447,T10
22,1,0,0,292,green,10447,T10
23,1,0,0,292,green,10447,T10
24,1,0,0,292,green,10447,T10
25,0,0,1,292,green,10447,T10
26,0,0,1,292,green,10447,T10
27,0,0,1,292,green,10447,T10
28,0,0,1,292,green,10447,T10
29,0,0,1,292,green,10447,T10
30,1,0,0,292,green,10447,T10
31,1,0,0,292,green,10447,T10
32,1,0,0,292,green,10447,T10
33,1,0,0,292,green,10447,T10
34,1,0,0,292,green,10447,T10
35,1,0,0,292,green,10447,T10
36,1,0,0,292,green,10447,T10
37,1,0,0,292,green,10447,T10
38,1,0,0,292,green,10447,T10
39,1,0,0,292,green,10447,T10
40,1,0,0,292,green,10447,T10
41,1,0,0,292,green,10447,T10
42,1,0,0,292,green,10447,T10
43,1,0,0,292,green,10447,T10
44,1,0,0,292,green,10447,T10
45,1,0,0,292,green,10447,T10
46,1,0,0,292,green,10447,T10
47,1,0,0,292,green,10447,T10
48,1,0,0,292,green,10447,T10
49,1,0,0,292,green,10447,T10
50,1,0,0,292,green,10447,T10
51,1,0,0,292,green,10447,T10
52,1,0,0,292,green,10447,T10
53,1,0,0,292,green,10447,T10
54,1,0,0,292,green,10447,T10
55,1,0,0,292,green,10447,T10
56,1,0,0,292,green,10447,T10
57,1,0,0,292,green,10447,T10
58,1,0,0,292,green,10447,T10
59,1,0,0,292,green,10447,T10
60,1,0,0,292,green,10447,T10
61,1,0,0,292,green,10447,T10
62,1,0,0,292,green,10447,T10
63,1,0,0,292,green,10447,T10
64,1,0,0,292,green,10447,T10
65,1,0,0,292,green,10447,T10
66,1,0,0,292,green,10447,T10
67,1,0,0,292,green,10447,T10
68,1,0,0,292,green,10447,T10
69,1,0,0,292,green,10447,T10
70,1,0,0,292,green,10447,T10
71,1,0,0,292,green,10447,T10
72,1,0,0,292,green,10447,T10
73,1,0,0,292,green,10447,T10
74,1,0,0,292,green,10447,T10
75,1,0,0,292,green,10447,T10
76,1,0,0,292,green,10447,T10
77,1,0,0,292,green,10447,T10
78,1,0,0,292,green,10447,T10
79,1,0,0,292,green,10447,T10
80,1,0,0,292,green,10447,T10
81,1,0,0,292,green,10447,T10
82,1,0,0,292,green,10447,T10
83,1,0,0,292,green,10447,T10
84,1,0,0,292,green,10447,T10
85,1,0,0,292,green,10447,T10
86,1,0,0,292,green,10447,T10
87,1,0,0,292,green,10447,T10
88,1,0,0,292,green,10447,T10
89,1,0,0,292,green,10447,T10
90,1,0,0,292,green,10447,T10
91,1,0,0,292,green,10447,T10
92,1,0,0,292,green,10447,T10
93,1,0,0,292,green,10447,T10
94,1,0,0,292,green,10447,T10
95,1,0,0,292,green,10447,T10
96,1,0,0,292,green,10447,T10
97,1,0,0,292,green,10447,T10
98,1,0,0,292,green,10447,T10
99,1,0,0,292,green,10447,T10
100,1,0,0,292,green,10447,T10
101,1,0,0,292,green,10447,T10
102,1,0,0,292,green,10447,T10
103,1,0,0,292,green,10447,T10
104,1,0,0,292,green,10447,T10
105,1,0,0,292,green,10447,T10
106,1,0,0,292,green,10447,T10
107,1,0,0,292,green,10447,T10
108,1,0,0,292,green,10447,T10
109,1,0,0,292,green,10447,T10
110,1,0,0,292,green,10447,T10
111,1,0,0,292,green,10447,T10
112,1,0,0,292,green,10447,T10
113,1,0,0,292,green,10447,T10
114,1,0,0,292,green,10447,T10
115,1,0,0,292,green,10447,T10
116,1,0,0,292,green,10447,T10
117,1,0,0,292,green,10447,T10
118,1,0,0,292,green,10447,T10
119,1,0,0,292,green,10447,T10
120,1,0,0,292,green,10447,T10
121,1,0,0,292,green,10447,T10
122,1,0,0,292,green,10447,T10
123,1,0,0,292,green,10447,T10
124,1,0,0,292,green,10447,T10
125,1,0,0,292,green,10447,T10
126,1,0,0,292,green,10447,T10
127,1,0,0,292,green,10447,T10
128,0,0,1,292,green,10447,T10
129,0,1,0,292,green,10447,T10
130,0,1,0,292,green,10447,T10
131,0,1,0,292,green,10447,T10
132,0,1,0,292,green,10447,T10
133,0,1,0,292,green,10447,T10
134,0,1,0,292,green,10447,T10
135,0,1,0,292,green,10447,T10
136,0,1,0,292,green,10447,T10
137,0,1,0,292,green,10447,T10
138,0,1,0,292,green,10447,T10
139,0,1,0,292,green,10447,T10
140,0,1,0,292,green,10447,T10
141,0,1,0,292,green,10447,T10
142,0,1,0,292,green,10447,T10
143,0,1,0,292,green,10447,T10
144,0,1,0,292,green,10447,T10
145,0,1,0,292,green,10447,T10
146,0,1,0,292,green,10447,T10
147,0,1,0,292,green,10447,T10
148,0,1,0,292,green,10447,T10
149,0,1,0,292,green,10447,T10
150,0,1,0,292,green,10447,T10
151,0,1,0,292,green,10447,T10
152,0,1,0,292,green,10447,T10
153,0,1,0,292,green,10447,T10
154,0,1,0,292,green,10447,T10
155,0,1,0,292,green,10447,T10
0,0,0,1,293,green,10740,T10
1,0,0,1,293,green,10740,T10
2,0,0,1,293,green,10740,T10
3,0,0,1,293,green,10740,T10
4,0,0,1,293,green,10740,T10
5,0,0,1,293,green,10740,T10
6,0,0,1,293,green,10740,T10
7,0,0,1,293,green,10740,T10
8,0,0,1,293,green,10740,T10
9,0,0,1,293,green,10740,T10
10,0,0,1,293,green,10740,T10
11,0,0,1,293,green,10740,T10
12,0,0,1,293,green,10740,T10
13,0,0,1,293,green,10740,T10
14,0,0,1,293,green,10740,T10
15,0,0,1,293,green,10740,T10
16,0,0,1,293,green,10740,T10
17,0,0,1,293,green,10740,T10
18,0,0,1,293,green,10740,T10
19,0,0,1,293,green,10740,T10
20,0,0,1,293,green,10740,T10
21,0,0,1,293,green,10740,T10
22,0,0,1,293,green,10740,T10
23,0,0,1,293,green,10740,T10
24,0,0,1,293,green,10740,T10
25,0,0,1,293,green,10740,T10
26,0,0,1,293,green,10740,T10
27,0,0,1,293,green,10740,T10
28,0,0,1,293,green,10740,T10
29,0,0,1,293,green,10740,T10
30,0,0,1,293,green,10740,T10
31,0,0,1,293,green,10740,T10
32,0,0,1,293,green,10740,T10
33,0,0,1,293,green,10740,T10
34,0,0,1,293,green,10740,T10
35,0,0,1,293,green,10740,T10
36,0,0,1,293,green,10740,T10
37,0,0,1,293,green,10740,T10
38,0,0,1,293,green,10740,T10
39,0,0,1,293,green,10740,T10
40,0,0,1,293,green,10740,T10
41,0,0,1,293,green,10740,T10
42,0,0,1,293,green,10740,T10
43,0,0,1,293,green,10740,T10
44,0,0,1,293,green,10740,T10
45,0,0,1,293,green,10740,T10
46,0,0,1,293,green,10740,T10
47,0,0,1,293,green,10740,T10
48,0,0,1,293,green,10740,T10
49,0,0,1,293,green,10740,T10
50,0,0,1,293,green,10740,T10
51,0,0,1,293,green,10740,T10
52,0,0,1,293,green,10740,T10
53,0,0,1,293,green,10740,T10
54,0,0,1,293,green,10740,T10
55,0,0,1,293,green,10740,T10
56,0,0,1,293,green,10740,T10
57,0,0,1,293,green,10740,T10
58,0,0,1,293,green,10740,T10
59,0,0,1,293,green,10740,T10
60,0,0,1,293,green,10740,T10
61,0,0,1,293,green,10740,T10
62,0,0,1,293,green,10740,T10
63,0,0,1,293,green,10740,T10
64,0,0,1,293,green,10740,T10
65,0,0,1,293,green,10740,T10
66,0,0,1,293,green,10740,T10
67,0,0,1,293,green,10740,T10
68,0,0,1,293,green,10740,T10
69,0,0,1,293,green,10740,T10
70,0,0,1,293,green,10740,T10
71,0,0,1,293,green,10740,T10
72,0,0,1,293,green,10740,T10
73,0,0,1,293,green,10740,T10
74,0,0,1,293,green,10740,T10
75,0,0,1,293,green,10740,T10
76,0,0,1,293,green,10740,T10
77,0,0,1,293,green,10740,T10
78,0,0,1,293,green,10740,T10
79,0,0,1,293,green,10740,T10
80,0,0,1,293,green,10740,T10
81,0,0,1,293,green,10740,T10
82,0,0,1,293,green,10740,T10
83,0,0,1,293,green,10740,T10
84,0,0,1,293,green,10740,T10
85,0,0,1,293,green,10740,T10
86,0,0,1,293,green,10740,T10
87,0,0,1,293,green,10740,T10
88,0,0,1,293,green,10740,T10
89,0,0,1,293,green,10740,T10
90,0,0,1,293,green,10740,T10
91,0,0,1,293,green,10740,T10
92,0,0,1,293,green,10740,T10
93,0,0,1,293,green,10740,T10
94,0,0,1,293,green,10740,T10
95,0,0,1,293,green,10740,T10
96,0,0,1,293,green,10740,T10
97,0,0,1,293,green,10740,T10
98,0,0,1,293,green,10740,T10
99,0,0,1,293,green,10740,T10
100,0,0,1,293,green,10740,T10
101,0,0,1,293,green,10740,T10
102,0,0,1,293,green,10740,T10
103,0,0,1,293,green,10740,T10
104,0,0,1,293,green,10740,T10
105,0,0,1,293,green,10740,T10
106,0,0,1,293,green,10740,T10
107,0,0,1,293,green,10740,T10
108,0,0,1,293,green,10740,T10
109,0,0,1,293,green,10740,T10
110,0,0,1,293,green,10740,T10
111,0,0,1,293,green,10740,T10
112,0,0,1,293,green,10740,T10
113,0,1,0,293,green,10740,T10
114,0,1,0,293,green,10740,T10
115,0,1,0,293,green,10740,T10
116,0,1,0,293,green,10740,T10
117,0,1,0,293,green,10740,T10
118,0,1,0,293,green,10740,T10
119,0,1,0,293,green,10740,T10
120,0,1,0,293,green,10740,T10
121,0,1,0,293,green,10740,T10
122,0,1,0,293,green,10740,T10
123,0,1,0,293,green,10740,T10
124,0,1,0,293,green,10740,T10
125,0,1,0,293,green,10740,T10
126,0,1,0,293,green,10740,T10
127,0,1,0,293,green,10740,T10
128,0,1,0,293,green,10740,T10
129,0,1,0,293,green,10740,T10
130,0,1,0,293,green,10740,T10
131,0,1,0,293,green,10740,T10
132,0,1,0,293,green,10740,T10
133,0,1,0,293,green,10740,T10
134,0,1,0,293,green,10740,T10
135,0,1,0,293,green,10740,T10
136,0,1,0,293,green,10740,T10
137,0,1,0,293,green,10740,T10
138,0,1,0,293,green,10740,T10
139,0,1,0,293,green,10740,T10
140,0,1,0,293,green,10740,T10
141,0,1,0,293,green,10740,T10
142,0,1,0,293,green,10740,T10
143,0,1,0,293,green,10740,T10
144,0,1,0,293,green,10740,T10
145,0,1,0,293,green,10740,T10
146,0,1,0,293,green,10740,T10
147,0,1,0,293,green,10740,T10
148,0,1,0,293,green,10740,T10
149,0,1,0,293,green,10740,T10
150,0,1,0,293,green,10740,T10
151,0,1,0,293,green,10740,T10
152,0,1,0,293,green,10740,T10
153,0,1,0,293,green,10740,T10
154,0,1,0,293,green,10740,T10
155,0,1,0,293,green,10740,T10
0,0,0,1,294,green,10461,T10
1,0,0,1,294,green,10461,T10
2,0,0,1,294,green,10461,T10
3,0,0,1,294,green,10461,T10
4,0,0,1,294,green,10461,T10
5,0,0,1,294,green,10461,T10
6,0,0,1,294,green,10461,T10
7,0,0,1,294,green,10461,T10
8,0,0,1,294,green,10461,T10
9,0,0,1,294,green,10461,T10
10,0,0,1,294,green,10461,T10
11,0,0,1,294,green,10461,T10
12,0,0,1,294,green,10461,T10
13,0,0,1,294,green,10461,T10
14,0,0,1,294,green,10461,T10
15,0,0,1,294,green,10461,T10
16,0,0,1,294,green,10461,T10
17,0,0,1,294,green,10461,T10
18,0,0,1,294,green,10461,T10
19,0,0,1,294,green,10461,T10
20,0,0,1,294,green,10461,T10
21,0,0,1,294,green,10461,T10
22,0,0,1,294,green,10461,T10
23,0,0,1,294,green,10461,T10
24,0,0,1,294,green,10461,T10
25,0,0,1,294,green,10461,T10
26,0,0,1,294,green,10461,T10
27,0,0,1,294,green,10461,T10
28,0,0,1,294,green,10461,T10
29,0,0,1,294,green,10461,T10
30,0,0,1,294,green,10461,T10
31,0,0,1,294,green,10461,T10
32,0,0,1,294,green,10461,T10
33,0,0,1,294,green,10461,T10
34,0,0,1,294,green,10461,T10
35,0,0,1,294,green,10461,T10
36,0,0,1,294,green,10461,T10
37,0,0,1,294,green,10461,T10
38,0,0,1,294,green,10461,T10
39,0,0,1,294,green,10461,T10
40,0,0,1,294,green,10461,T10
41,0,0,1,294,green,10461,T10
42,0,0,1,294,green,10461,T10
43,0,0,1,294,green,10461,T10
44,0,0,1,294,green,10461,T10
45,0,1,0,294,green,10461,T10
46,0,1,0,294,green,10461,T10
47,0,1,0,294,green,10461,T10
48,0,1,0,294,green,10461,T10
49,0,1,0,294,green,10461,T10
50,0,1,0,294,green,10461,T10
51,0,1,0,294,green,10461,T10
52,0,1,0,294,green,10461,T10
53,0,1,0,294,green,10461,T10
54,0,1,0,294,green,10461,T10
55,0,1,0,294,green,10461,T10
56,0,1,0,294,green,10461,T10
57,0,1,0,294,green,10461,T10
58,0,1,0,294,green,10461,T10
59,0,1,0,294,green,10461,T10
60,0,0,1,294,green,10461,T10
61,0,0,1,294,green,10461,T10
62,0,0,1,294,green,10461,T10
63,0,0,1,294,green,10461,T10
64,0,0,1,294,green,10461,T10
65,0,0,1,294,green,10461,T10
66,0,0,1,294,green,10461,T10
67,0,0,1,294,green,10461,T10
68,0,0,1,294,green,10461,T10
69,0,1,0,294,green,10461,T10
70,0,1,0,294,green,10461,T10
71,0,1,0,294,green,10461,T10
72,0,1,0,294,green,10461,T10
73,0,1,0,294,green,10461,T10
74,0,1,0,294,green,10461,T10
75,0,1,0,294,green,10461,T10
76,0,1,0,294,green,10461,T10
77,0,1,0,294,green,10461,T10
78,0,1,0,294,green,10461,T10
79,0,1,0,294,green,10461,T10
80,0,1,0,294,green,10461,T10
81,0,1,0,294,green,10461,T10
82,0,1,0,294,green,10461,T10
83,0,1,0,294,green,10461,T10
84,0,1,0,294,green,10461,T10
85,0,1,0,294,green,10461,T10
86,0,1,0,294,green,10461,T10
87,0,1,0,294,green,10461,T10
88,0,1,0,294,green,10461,T10
89,0,1,0,294,green,10461,T10
90,0,1,0,294,green,10461,T10
91,0,1,0,294,green,10461,T10
92,0,1,0,294,green,10461,T10
93,0,1,0,294,green,10461,T10
94,0,1,0,294,green,10461,T10
95,0,1,0,294,green,10461,T10
96,0,1,0,294,green,10461,T10
97,0,1,0,294,green,10461,T10
98,0,1,0,294,green,10461,T10
99,0,1,0,294,green,10461,T10
100,0,1,0,294,green,10461,T10
101,0,1,0,294,green,10461,T10
102,0,1,0,294,green,10461,T10
103,0,1,0,294,green,10461,T10
104,0,1,0,294,green,10461,T10
105,0,1,0,294,green,10461,T10
106,0,1,0,294,green,10461,T10
107,0,1,0,294,green,10461,T10
108,0,1,0,294,green,10461,T10
109,0,1,0,294,green,10461,T10
110,0,1,0,294,green,10461,T10
111,0,1,0,294,green,10461,T10
112,0,1,0,294,green,10461,T10
113,0,1,0,294,green,10461,T10
114,0,1,0,294,green,10461,T10
115,0,1,0,294,green,10461,T10
116,0,1,0,294,green,10461,T10
117,0,1,0,294,green,10461,T10
118,0,1,0,294,green,10461,T10
119,0,1,0,294,green,10461,T10
120,0,1,0,294,green,10461,T10
121,0,1,0,294,green,10461,T10
122,0,1,0,294,green,10461,T10
123,0,1,0,294,green,10461,T10
124,0,1,0,294,green,10461,T10
125,0,1,0,294,green,10461,T10
126,0,1,0,294,green,10461,T10
127,0,1,0,294,green,10461,T10
128,0,1,0,294,green,10461,T10
129,0,1,0,294,green,10461,T10
130,0,1,0,294,green,10461,T10
131,0,1,0,294,green,10461,T10
132,0,1,0,294,green,10461,T10
133,0,1,0,294,green,10461,T10
134,0,1,0,294,green,10461,T10
135,0,1,0,294,green,10461,T10
136,0,1,0,294,green,10461,T10
137,0,1,0,294,green,10461,T10
138,0,1,0,294,green,10461,T10
139,0,1,0,294,green,10461,T10
140,0,1,0,294,green,10461,T10
141,0,1,0,294,green,10461,T10
142,0,1,0,294,green,10461,T10
143,0,1,0,294,green,10461,T10
144,0,1,0,294,green,10461,T10
145,0,1,0,294,green,10461,T10
146,0,1,0,294,green,10461,T10
147,0,1,0,294,green,10461,T10
148,0,1,0,294,green,10461,T10
149,0,1,0,294,green,10461,T10
150,0,1,0,294,green,10461,T10
151,0,1,0,294,green,10461,T10
152,0,1,0,294,green,10461,T10
153,0,1,0,294,green,10461,T10
154,0,1,0,294,green,10461,T10
155,0,1,0,294,green,10461,T10
0,0,0,1,296,green,10710,T10
1,0,0,1,296,green,10710,T10
2,0,0,1,296,green,10710,T10
3,0,0,1,296,green,10710,T10
4,0,0,1,296,green,10710,T10
5,0,0,1,296,green,10710,T10
6,0,0,1,296,green,10710,T10
7,0,0,1,296,green,10710,T10
8,0,0,1,296,green,10710,T10
9,0,0,1,296,green,10710,T10
10,0,1,0,296,green,10710,T10
11,0,1,0,296,green,10710,T10
12,0,1,0,296,green,10710,T10
13,0,1,0,296,green,10710,T10
14,0,1,0,296,green,10710,T10
15,0,1,0,296,green,10710,T10
16,0,1,0,296,green,10710,T10
17,0,1,0,296,green,10710,T10
18,0,1,0,296,green,10710,T10
19,0,1,0,296,green,10710,T10
20,0,1,0,296,green,10710,T10
21,0,1,0,296,green,10710,T10
22,0,1,0,296,green,10710,T10
23,0,1,0,296,green,10710,T10
24,0,1,0,296,green,10710,T10
25,0,1,0,296,green,10710,T10
26,0,1,0,296,green,10710,T10
27,0,1,0,296,green,10710,T10
28,0,1,0,296,green,10710,T10
29,0,1,0,296,green,10710,T10
30,0,1,0,296,green,10710,T10
31,0,1,0,296,green,10710,T10
32,0,1,0,296,green,10710,T10
33,0,1,0,296,green,10710,T10
34,0,1,0,296,green,10710,T10
35,0,1,0,296,green,10710,T10
36,0,1,0,296,green,10710,T10
37,0,1,0,296,green,10710,T10
38,0,1,0,296,green,10710,T10
39,0,1,0,296,green,10710,T10
40,0,1,0,296,green,10710,T10
41,0,1,0,296,green,10710,T10
42,0,1,0,296,green,10710,T10
43,0,1,0,296,green,10710,T10
44,0,1,0,296,green,10710,T10
45,0,1,0,296,green,10710,T10
46,0,1,0,296,green,10710,T10
47,0,1,0,296,green,10710,T10
48,0,1,0,296,green,10710,T10
49,0,1,0,296,green,10710,T10
50,0,1,0,296,green,10710,T10
51,0,1,0,296,green,10710,T10
52,0,1,0,296,green,10710,T10
53,0,1,0,296,green,10710,T10
54,0,1,0,296,green,10710,T10
55,0,1,0,296,green,10710,T10
56,0,1,0,296,green,10710,T10
57,0,1,0,296,green,10710,T10
58,0,1,0,296,green,10710,T10
59,0,1,0,296,green,10710,T10
60,0,1,0,296,green,10710,T10
61,0,1,0,296,green,10710,T10
62,0,1,0,296,green,10710,T10
63,0,1,0,296,green,10710,T10
64,0,1,0,296,green,10710,T10
65,0,1,0,296,green,10710,T10
66,0,1,0,296,green,10710,T10
67,0,1,0,296,green,10710,T10
68,0,1,0,296,green,10710,T10
69,0,1,0,296,green,10710,T10
70,0,1,0,296,green,10710,T10
71,0,1,0,296,green,10710,T10
72,0,1,0,296,green,10710,T10
73,0,1,0,296,green,10710,T10
74,0,1,0,296,green,10710,T10
75,0,1,0,296,green,10710,T10
76,0,1,0,296,green,10710,T10
77,0,1,0,296,green,10710,T10
78,0,1,0,296,green,10710,T10
79,0,1,0,296,green,10710,T10
80,0,1,0,296,green,10710,T10
81,0,1,0,296,green,10710,T10
82,0,1,0,296,green,10710,T10
83,0,1,0,296,green,10710,T10
84,0,1,0,296,green,10710,T10
85,0,1,0,296,green,10710,T10
86,0,1,0,296,green,10710,T10
87,0,1,0,296,green,10710,T10
88,0,1,0,296,green,10710,T10
89,0,1,0,296,green,10710,T10
90,0,1,0,296,green,10710,T10
91,0,1,0,296,green,10710,T10
92,0,1,0,296,green,10710,T10
93,0,1,0,296,green,10710,T10
94,0,1,0,296,green,10710,T10
95,0,1,0,296,green,10710,T10
96,0,1,0,296,green,10710,T10
97,0,1,0,296,green,10710,T10
98,0,1,0,296,green,10710,T10
99,0,1,0,296,green,10710,T10
100,0,1,0,296,green,10710,T10
101,0,1,0,296,green,10710,T10
102,0,1,0,296,green,10710,T10
103,0,1,0,296,green,10710,T10
104,0,1,0,296,green,10710,T10
105,0,1,0,296,green,10710,T10
106,0,1,0,296,green,10710,T10
107,0,1,0,296,green,10710,T10
108,0,1,0,296,green,10710,T10
109,0,1,0,296,green,10710,T10
110,0,1,0,296,green,10710,T10
111,0,1,0,296,green,10710,T10
112,0,1,0,296,green,10710,T10
113,0,1,0,296,green,10710,T10
114,0,1,0,296,green,10710,T10
115,0,1,0,296,green,10710,T10
116,0,1,0,296,green,10710,T10
117,0,1,0,296,green,10710,T10
118,0,1,0,296,green,10710,T10
119,0,1,0,296,green,10710,T10
120,0,1,0,296,green,10710,T10
121,0,1,0,296,green,10710,T10
122,0,1,0,296,green,10710,T10
123,0,1,0,296,green,10710,T10
124,0,1,0,296,green,10710,T10
125,0,1,0,296,green,10710,T10
126,0,1,0,296,green,10710,T10
127,0,1,0,296,green,10710,T10
128,0,1,0,296,green,10710,T10
129,0,1,0,296,green,10710,T10
130,0,1,0,296,green,10710,T10
131,0,1,0,296,green,10710,T10
132,0,1,0,296,green,10710,T10
133,0,1,0,296,green,10710,T10
134,0,1,0,296,green,10710,T10
135,0,1,0,296,green,10710,T10
136,0,1,0,296,green,10710,T10
137,0,1,0,296,green,10710,T10
138,0,1,0,296,green,10710,T10
139,0,1,0,296,green,10710,T10
140,0,1,0,296,green,10710,T10
141,0,1,0,296,green,10710,T10
142,0,1,0,296,green,10710,T10
143,0,1,0,296,green,10710,T10
144,0,1,0,296,green,10710,T10
145,0,1,0,296,green,10710,T10
146,0,1,0,296,green,10710,T10
147,0,1,0,296,green,10710,T10
148,0,1,0,296,green,10710,T10
149,0,1,0,296,green,10710,T10
150,0,1,0,296,green,10710,T10
151,0,1,0,296,green,10710,T10
152,0,1,0,296,green,10710,T10
153,0,1,0,296,green,10710,T10
154,0,1,0,296,green,10710,T10
155,0,1,0,296,green,10710,T10
0,0,0,1,297,green,10706,T10
1,0,0,1,297,green,10706,T10
2,0,0,1,297,green,10706,T10
3,0,0,1,297,green,10706,T10
4,0,0,1,297,green,10706,T10
5,0,0,1,297,green,10706,T10
6,0,0,1,297,green,10706,T10
7,0,0,1,297,green,10706,T10
8,0,0,1,297,green,10706,T10
9,0,0,1,297,green,10706,T10
10,0,0,1,297,green,10706,T10
11,0,0,1,297,green,10706,T10
12,0,0,1,297,green,10706,T10
13,0,0,1,297,green,10706,T10
14,0,0,1,297,green,10706,T10
15,0,0,1,297,green,10706,T10
16,0,0,1,297,green,10706,T10
17,0,0,1,297,green,10706,T10
18,0,0,1,297,green,10706,T10
19,0,0,1,297,green,10706,T10
20,0,0,1,297,green,10706,T10
21,0,0,1,297,green,10706,T10
22,0,0,1,297,green,10706,T10
23,0,0,1,297,green,10706,T10
24,0,0,1,297,green,10706,T10
25,0,0,1,297,green,10706,T10
26,0,0,1,297,green,10706,T10
27,0,0,1,297,green,10706,T10
28,0,0,1,297,green,10706,T10
29,0,0,1,297,green,10706,T10
30,0,0,1,297,green,10706,T10
31,1,0,0,297,green,10706,T10
32,1,0,0,297,green,10706,T10
33,1,0,0,297,green,10706,T10
34,1,0,0,297,green,10706,T10
35,1,0,0,297,green,10706,T10
36,1,0,0,297,green,10706,T10
37,1,0,0,297,green,10706,T10
38,1,0,0,297,green,10706,T10
39,1,0,0,297,green,10706,T10
40,1,0,0,297,green,10706,T10
41,1,0,0,297,green,10706,T10
42,1,0,0,297,green,10706,T10
43,1,0,0,297,green,10706,T10
44,1,0,0,297,green,10706,T10
45,1,0,0,297,green,10706,T10
46,1,0,0,297,green,10706,T10
47,1,0,0,297,green,10706,T10
48,1,0,0,297,green,10706,T10
49,1,0,0,297,green,10706,T10
50,1,0,0,297,green,10706,T10
51,0,0,1,297,green,10706,T10
52,0,0,1,297,green,10706,T10
53,0,0,1,297,green,10706,T10
54,0,0,1,297,green,10706,T10
55,0,0,1,297,green,10706,T10
56,0,0,1,297,green,10706,T10
57,0,0,1,297,green,10706,T10
58,0,0,1,297,green,10706,T10
59,0,0,1,297,green,10706,T10
60,0,0,1,297,green,10706,T10
61,1,0,0,297,green,10706,T10
62,1,0,0,297,green,10706,T10
63,1,0,0,297,green,10706,T10
64,1,0,0,297,green,10706,T10
65,1,0,0,297,green,10706,T10
66,1,0,0,297,green,10706,T10
67,1,0,0,297,green,10706,T10
68,1,0,0,297,green,10706,T10
69,1,0,0,297,green,10706,T10
70,1,0,0,297,green,10706,T10
71,1,0,0,297,green,10706,T10
72,1,0,0,297,green,10706,T10
73,1,0,0,297,green,10706,T10
74,1,0,0,297,green,10706,T10
75,1,0,0,297,green,10706,T10
76,1,0,0,297,green,10706,T10
77,1,0,0,297,green,10706,T10
78,1,0,0,297,green,10706,T10
79,1,0,0,297,green,10706,T10
80,1,0,0,297,green,10706,T10
81,1,0,0,297,green,10706,T10
82,1,0,0,297,green,10706,T10
83,1,0,0,297,green,10706,T10
84,1,0,0,297,green,10706,T10
85,1,0,0,297,green,10706,T10
86,1,0,0,297,green,10706,T10
87,1,0,0,297,green,10706,T10
88,1,0,0,297,green,10706,T10
89,1,0,0,297,green,10706,T10
90,1,0,0,297,green,10706,T10
91,1,0,0,297,green,10706,T10
92,1,0,0,297,green,10706,T10
93,1,0,0,297,green,10706,T10
94,1,0,0,297,green,10706,T10
95,1,0,0,297,green,10706,T10
96,1,0,0,297,green,10706,T10
97,1,0,0,297,green,10706,T10
98,1,0,0,297,green,10706,T10
99,1,0,0,297,green,10706,T10
100,1,0,0,297,green,10706,T10
101,1,0,0,297,green,10706,T10
102,1,0,0,297,green,10706,T10
103,1,0,0,297,green,10706,T10
104,1,0,0,297,green,10706,T10
105,1,0,0,297,green,10706,T10
106,1,0,0,297,green,10706,T10
107,1,0,0,297,green,10706,T10
108,1,0,0,297,green,10706,T10
109,1,0,0,297,green,10706,T10
110,1,0,0,297,green,10706,T10
111,1,0,0,297,green,10706,T10
112,1,0,0,297,green,10706,T10
113,1,0,0,297,green,10706,T10
114,1,0,0,297,green,10706,T10
115,1,0,0,297,green,10706,T10
116,1,0,0,297,green,10706,T10
117,1,0,0,297,green,10706,T10
118,1,0,0,297,green,10706,T10
119,1,0,0,297,green,10706,T10
120,1,0,0,297,green,10706,T10
121,1,0,0,297,green,10706,T10
122,1,0,0,297,green,10706,T10
123,1,0,0,297,green,10706,T10
124,1,0,0,297,green,10706,T10
125,1,0,0,297,green,10706,T10
126,1,0,0,297,green,10706,T10
127,1,0,0,297,green,10706,T10
128,1,0,0,297,green,10706,T10
129,0,0,1,297,green,10706,T10
130,0,0,1,297,green,10706,T10
131,0,0,1,297,green,10706,T10
132,0,1,0,297,green,10706,T10
133,0,1,0,297,green,10706,T10
134,0,1,0,297,green,10706,T10
135,0,1,0,297,green,10706,T10
136,0,1,0,297,green,10706,T10
137,0,1,0,297,green,10706,T10
138,0,1,0,297,green,10706,T10
139,0,1,0,297,green,10706,T10
140,0,1,0,297,green,10706,T10
141,0,1,0,297,green,10706,T10
142,0,1,0,297,green,10706,T10
143,0,1,0,297,green,10706,T10
144,0,1,0,297,green,10706,T10
145,0,1,0,297,green,10706,T10
146,0,1,0,297,green,10706,T10
147,0,1,0,297,green,10706,T10
148,0,1,0,297,green,10706,T10
149,0,1,0,297,green,10706,T10
150,0,1,0,297,green,10706,T10
151,0,1,0,297,green,10706,T10
152,0,1,0,297,green,10706,T10
153,0,1,0,297,green,10706,T10
154,0,1,0,297,green,10706,T10
155,0,1,0,297,green,10706,T10
0,0,0,1,298,green,10895,T10
1,0,0,1,298,green,10895,T10
2,0,0,1,298,green,10895,T10
3,0,0,1,298,green,10895,T10
4,0,0,1,298,green,10895,T10
5,0,0,1,298,green,10895,T10
6,0,0,1,298,green,10895,T10
7,0,0,1,298,green,10895,T10
8,0,0,1,298,green,10895,T10
9,0,0,1,298,green,10895,T10
10,0,0,1,298,green,10895,T10
11,0,0,1,298,green,10895,T10
12,0,0,1,298,green,10895,T10
13,0,0,1,298,green,10895,T10
14,0,0,1,298,green,10895,T10
15,0,0,1,298,green,10895,T10
16,0,0,1,298,green,10895,T10
17,0,0,1,298,green,10895,T10
18,0,0,1,298,green,10895,T10
19,0,0,1,298,green,10895,T10
20,0,0,1,298,green,10895,T10
21,0,0,1,298,green,10895,T10
22,0,0,1,298,green,10895,T10
23,0,0,1,298,green,10895,T10
24,0,0,1,298,green,10895,T10
25,0,0,1,298,green,10895,T10
26,0,0,1,298,green,10895,T10
27,0,0,1,298,green,10895,T10
28,0,0,1,298,green,10895,T10
29,0,0,1,298,green,10895,T10
30,0,0,1,298,green,10895,T10
31,0,0,1,298,green,10895,T10
32,0,0,1,298,green,10895,T10
33,0,0,1,298,green,10895,T10
34,0,0,1,298,green,10895,T10
35,0,0,1,298,green,10895,T10
36,0,0,1,298,green,10895,T10
37,0,0,1,298,green,10895,T10
38,0,0,1,298,green,10895,T10
39,0,0,1,298,green,10895,T10
40,0,0,1,298,green,10895,T10
41,0,0,1,298,green,10895,T10
42,0,0,1,298,green,10895,T10
43,1,0,0,298,green,10895,T10
44,1,0,0,298,green,10895,T10
45,1,0,0,298,green,10895,T10
46,1,0,0,298,green,10895,T10
47,1,0,0,298,green,10895,T10
48,1,0,0,298,green,10895,T10
49,1,0,0,298,green,10895,T10
50,1,0,0,298,green,10895,T10
51,1,0,0,298,green,10895,T10
52,1,0,0,298,green,10895,T10
53,1,0,0,298,green,10895,T10
54,1,0,0,298,green,10895,T10
55,1,0,0,298,green,10895,T10
56,1,0,0,298,green,10895,T10
57,1,0,0,298,green,10895,T10
58,1,0,0,298,green,10895,T10
59,1,0,0,298,green,10895,T10
60,1,0,0,298,green,10895,T10
61,1,0,0,298,green,10895,T10
62,1,0,0,298,green,10895,T10
63,1,0,0,298,green,10895,T10
64,1,0,0,298,green,10895,T10
65,1,0,0,298,green,10895,T10
66,1,0,0,298,green,10895,T10
67,1,0,0,298,green,10895,T10
68,1,0,0,298,green,10895,T10
69,1,0,0,298,green,10895,T10
70,1,0,0,298,green,10895,T10
71,1,0,0,298,green,10895,T10
72,1,0,0,298,green,10895,T10
73,1,0,0,298,green,10895,T10
74,1,0,0,298,green,10895,T10
75,1,0,0,298,green,10895,T10
76,1,0,0,298,green,10895,T10
77,1,0,0,298,green,10895,T10
78,1,0,0,298,green,10895,T10
79,1,0,0,298,green,10895,T10
80,1,0,0,298,green,10895,T10
81,1,0,0,298,green,10895,T10
82,1,0,0,298,green,10895,T10
83,1,0,0,298,green,10895,T10
84,1,0,0,298,green,10895,T10
85,1,0,0,298,green,10895,T10
86,1,0,0,298,green,10895,T10
87,1,0,0,298,green,10895,T10
88,1,0,0,298,green,10895,T10
89,1,0,0,298,green,10895,T10
90,1,0,0,298,green,10895,T10
91,1,0,0,298,green,10895,T10
92,1,0,0,298,green,10895,T10
93,1,0,0,298,green,10895,T10
94,1,0,0,298,green,10895,T10
95,1,0,0,298,green,10895,T10
96,1,0,0,298,green,10895,T10
97,1,0,0,298,green,10895,T10
98,1,0,0,298,green,10895,T10
99,1,0,0,298,green,10895,T10
100,1,0,0,298,green,10895,T10
101,1,0,0,298,green,10895,T10
102,1,0,0,298,green,10895,T10
103,1,0,0,298,green,10895,T10
104,1,0,0,298,green,10895,T10
105,1,0,0,298,green,10895,T10
106,1,0,0,298,green,10895,T10
107,1,0,0,298,green,10895,T10
108,1,0,0,298,green,10895,T10
109,1,0,0,298,green,10895,T10
110,1,0,0,298,green,10895,T10
111,1,0,0,298,green,10895,T10
112,1,0,0,298,green,10895,T10
113,1,0,0,298,green,10895,T10
114,1,0,0,298,green,10895,T10
115,1,0,0,298,green,10895,T10
116,1,0,0,298,green,10895,T10
117,1,0,0,298,green,10895,T10
118,1,0,0,298,green,10895,T10
119,1,0,0,298,green,10895,T10
120,1,0,0,298,green,10895,T10
121,1,0,0,298,green,10895,T10
122,1,0,0,298,green,10895,T10
123,1,0,0,298,green,10895,T10
124,1,0,0,298,green,10895,T10
125,1,0,0,298,green,10895,T10
126,1,0,0,298,green,10895,T10
127,1,0,0,298,green,10895,T10
128,0,1,0,298,green,10895,T10
129,0,1,0,298,green,10895,T10
130,0,1,0,298,green,10895,T10
131,0,1,0,298,green,10895,T10
132,0,1,0,298,green,10895,T10
133,0,1,0,298,green,10895,T10
134,0,1,0,298,green,10895,T10
135,0,1,0,298,green,10895,T10
136,0,1,0,298,green,10895,T10
137,0,1,0,298,green,10895,T10
138,0,1,0,298,green,10895,T10
139,0,1,0,298,green,10895,T10
140,0,1,0,298,green,10895,T10
141,0,1,0,298,green,10895,T10
142,0,1,0,298,green,10895,T10
143,0,1,0,298,green,10895,T10
144,0,1,0,298,green,10895,T10
145,0,1,0,298,green,10895,T10
146,0,1,0,298,green,10895,T10
147,0,1,0,298,green,10895,T10
148,0,1,0,298,green,10895,T10
149,0,1,0,298,green,10895,T10
150,0,1,0,298,green,10895,T10
151,0,1,0,298,green,10895,T10
152,0,1,0,298,green,10895,T10
153,0,1,0,298,green,10895,T10
154,0,1,0,298,green,10895,T10
155,0,1,0,298,green,10895,T10
0,0,0,1,299,green,10841,T10
1,0,0,1,299,green,10841,T10
2,0,0,1,299,green,10841,T10
3,0,0,1,299,green,10841,T10
4,0,0,1,299,green,10841,T10
5,0,0,1,299,green,10841,T10
6,0,0,1,299,green,10841,T10
7,0,0,1,299,green,10841,T10
8,0,0,1,299,green,10841,T10
9,0,0,1,299,green,10841,T10
10,0,0,1,299,green,10841,T10
11,0,0,1,299,green,10841,T10
12,0,0,1,299,green,10841,T10
13,0,0,1,299,green,10841,T10
14,0,0,1,299,green,10841,T10
15,0,0,1,299,green,10841,T10
16,0,0,1,299,green,10841,T10
17,0,0,1,299,green,10841,T10
18,0,0,1,299,green,10841,T10
19,0,0,1,299,green,10841,T10
20,0,0,1,299,green,10841,T10
21,0,0,1,299,green,10841,T10
22,0,0,1,299,green,10841,T10
23,0,0,1,299,green,10841,T10
24,0,0,1,299,green,10841,T10
25,0,0,1,299,green,10841,T10
26,0,0,1,299,green,10841,T10
27,0,0,1,299,green,10841,T10
28,0,0,1,299,green,10841,T10
29,0,0,1,299,green,10841,T10
30,0,0,1,299,green,10841,T10
31,0,0,1,299,green,10841,T10
32,0,0,1,299,green,10841,T10
33,0,0,1,299,green,10841,T10
34,0,0,1,299,green,10841,T10
35,0,0,1,299,green,10841,T10
36,0,0,1,299,green,10841,T10
37,0,0,1,299,green,10841,T10
38,0,1,0,299,green,10841,T10
39,0,1,0,299,green,10841,T10
40,0,1,0,299,green,10841,T10
41,0,1,0,299,green,10841,T10
42,0,1,0,299,green,10841,T10
43,0,1,0,299,green,10841,T10
44,0,1,0,299,green,10841,T10
45,0,1,0,299,green,10841,T10
46,0,1,0,299,green,10841,T10
47,0,1,0,299,green,10841,T10
48,0,1,0,299,green,10841,T10
49,0,1,0,299,green,10841,T10
50,0,1,0,299,green,10841,T10
51,0,1,0,299,green,10841,T10
52,0,1,0,299,green,10841,T10
53,0,1,0,299,green,10841,T10
54,0,1,0,299,green,10841,T10
55,0,1,0,299,green,10841,T10
56,0,1,0,299,green,10841,T10
57,0,1,0,299,green,10841,T10
58,0,1,0,299,green,10841,T10
59,0,1,0,299,green,10841,T10
60,0,1,0,299,green,10841,T10
61,0,1,0,299,green,10841,T10
62,0,1,0,299,green,10841,T10
63,0,1,0,299,green,10841,T10
64,0,1,0,299,green,10841,T10
65,0,1,0,299,green,10841,T10
66,0,1,0,299,green,10841,T10
67,0,1,0,299,green,10841,T10
68,0,1,0,299,green,10841,T10
69,0,1,0,299,green,10841,T10
70,0,1,0,299,green,10841,T10
71,0,1,0,299,green,10841,T10
72,0,1,0,299,green,10841,T10
73,0,1,0,299,green,10841,T10
74,0,1,0,299,green,10841,T10
75,0,1,0,299,green,10841,T10
76,0,1,0,299,green,10841,T10
77,0,1,0,299,green,10841,T10
78,0,1,0,299,green,10841,T10
79,0,1,0,299,green,10841,T10
80,0,1,0,299,green,10841,T10
81,0,1,0,299,green,10841,T10
82,0,1,0,299,green,10841,T10
83,0,1,0,299,green,10841,T10
84,0,1,0,299,green,10841,T10
85,0,1,0,299,green,10841,T10
86,0,1,0,299,green,10841,T10
87,0,1,0,299,green,10841,T10
88,0,1,0,299,green,10841,T10
89,0,1,0,299,green,10841,T10
90,0,1,0,299,green,10841,T10
91,0,1,0,299,green,10841,T10
92,0,1,0,299,green,10841,T10
93,0,1,0,299,green,10841,T10
94,0,1,0,299,green,10841,T10
95,0,1,0,299,green,10841,T10
96,0,1,0,299,green,10841,T10
97,0,1,0,299,green,10841,T10
98,0,1,0,299,green,10841,T10
99,0,1,0,299,green,10841,T10
100,0,1,0,299,green,10841,T10
101,0,1,0,299,green,10841,T10
102,0,1,0,299,green,10841,T10
103,0,1,0,299,green,10841,T10
104,0,1,0,299,green,10841,T10
105,0,1,0,299,green,10841,T10
106,0,1,0,299,green,10841,T10
107,0,1,0,299,green,10841,T10
108,0,1,0,299,green,10841,T10
109,0,1,0,299,green,10841,T10
110,0,1,0,299,green,10841,T10
111,0,1,0,299,green,10841,T10
112,0,1,0,299,green,10841,T10
113,0,1,0,299,green,10841,T10
114,0,1,0,299,green,10841,T10
115,0,1,0,299,green,10841,T10
116,0,1,0,299,green,10841,T10
117,0,1,0,299,green,10841,T10
118,0,1,0,299,green,10841,T10
119,0,1,0,299,green,10841,T10
120,0,1,0,299,green,10841,T10
121,0,1,0,299,green,10841,T10
122,0,1,0,299,green,10841,T10
123,0,1,0,299,green,10841,T10
124,0,1,0,299,green,10841,T10
125,0,1,0,299,green,10841,T10
126,0,1,0,299,green,10841,T10
127,0,1,0,299,green,10841,T10
128,0,1,0,299,green,10841,T10
129,0,1,0,299,green,10841,T10
130,0,1,0,299,green,10841,T10
131,0,1,0,299,green,10841,T10
132,0,1,0,299,green,10841,T10
133,0,1,0,299,green,10841,T10
134,0,1,0,299,green,10841,T10
135,0,1,0,299,green,10841,T10
136,0,1,0,299,green,10841,T10
137,0,1,0,299,green,10841,T10
138,0,1,0,299,green,10841,T10
139,0,1,0,299,green,10841,T10
140,0,1,0,299,green,10841,T10
141,0,1,0,299,green,10841,T10
142,0,1,0,299,green,10841,T10
143,0,1,0,299,green,10841,T10
144,0,1,0,299,green,10841,T10
145,0,1,0,299,green,10841,T10
146,0,1,0,299,green,10841,T10
147,0,1,0,299,green,10841,T10
148,0,1,0,299,green,10841,T10
149,0,1,0,299,green,10841,T10
150,0,1,0,299,green,10841,T10
151,0,1,0,299,green,10841,T10
152,0,1,0,299,green,10841,T10
153,0,1,0,299,green,10841,T10
154,0,1,0,299,green,10841,T10
155,0,1,0,299,green,10841,T10
0,0,0,1,301,green,10910,T10
1,0,0,1,301,green,10910,T10
2,0,0,1,301,green,10910,T10
3,0,0,1,301,green,10910,T10
4,0,0,1,301,green,10910,T10
5,0,0,1,301,green,10910,T10
6,0,0,1,301,green,10910,T10
7,0,0,1,301,green,10910,T10
8,0,0,1,301,green,10910,T10
9,0,0,1,301,green,10910,T10
10,0,0,1,301,green,10910,T10
11,0,0,1,301,green,10910,T10
12,0,0,1,301,green,10910,T10
13,0,0,1,301,green,10910,T10
14,0,0,1,301,green,10910,T10
15,0,0,1,301,green,10910,T10
16,0,0,1,301,green,10910,T10
17,0,0,1,301,green,10910,T10
18,0,0,1,301,green,10910,T10
19,0,0,1,301,green,10910,T10
20,0,0,1,301,green,10910,T10
21,0,0,1,301,green,10910,T10
22,0,0,1,301,green,10910,T10
23,0,0,1,301,green,10910,T10
24,0,0,1,301,green,10910,T10
25,0,0,1,301,green,10910,T10
26,0,0,1,301,green,10910,T10
27,0,0,1,301,green,10910,T10
28,0,0,1,301,green,10910,T10
29,0,0,1,301,green,10910,T10
30,0,0,1,301,green,10910,T10
31,0,0,1,301,green,10910,T10
32,0,0,1,301,green,10910,T10
33,0,0,1,301,green,10910,T10
34,0,0,1,301,green,10910,T10
35,0,0,1,301,green,10910,T10
36,0,0,1,301,green,10910,T10
37,0,0,1,301,green,10910,T10
38,0,0,1,301,green,10910,T10
39,0,0,1,301,green,10910,T10
40,0,0,1,301,green,10910,T10
41,0,0,1,301,green,10910,T10
42,0,0,1,301,green,10910,T10
43,0,0,1,301,green,10910,T10
44,0,0,1,301,green,10910,T10
45,0,0,1,301,green,10910,T10
46,0,0,1,301,green,10910,T10
47,0,0,1,301,green,10910,T10
48,0,0,1,301,green,10910,T10
49,0,0,1,301,green,10910,T10
50,0,0,1,301,green,10910,T10
51,0,0,1,301,green,10910,T10
52,0,0,1,301,green,10910,T10
53,0,0,1,301,green,10910,T10
54,0,0,1,301,green,10910,T10
55,0,0,1,301,green,10910,T10
56,0,0,1,301,green,10910,T10
57,0,0,1,301,green,10910,T10
58,0,0,1,301,green,10910,T10
59,0,0,1,301,green,10910,T10
60,0,0,1,301,green,10910,T10
61,0,0,1,301,green,10910,T10
62,0,0,1,301,green,10910,T10
63,0,0,1,301,green,10910,T10
64,0,0,1,301,green,10910,T10
65,0,0,1,301,green,10910,T10
66,0,0,1,301,green,10910,T10
67,0,0,1,301,green,10910,T10
68,0,0,1,301,green,10910,T10
69,0,0,1,301,green,10910,T10
70,0,0,1,301,green,10910,T10
71,0,0,1,301,green,10910,T10
72,0,0,1,301,green,10910,T10
73,0,0,1,301,green,10910,T10
74,0,0,1,301,green,10910,T10
75,0,0,1,301,green,10910,T10
76,0,0,1,301,green,10910,T10
77,0,0,1,301,green,10910,T10
78,0,1,0,301,green,10910,T10
79,0,1,0,301,green,10910,T10
80,0,1,0,301,green,10910,T10
81,0,1,0,301,green,10910,T10
82,0,1,0,301,green,10910,T10
83,0,1,0,301,green,10910,T10
84,0,1,0,301,green,10910,T10
85,0,1,0,301,green,10910,T10
86,0,1,0,301,green,10910,T10
87,0,1,0,301,green,10910,T10
88,0,1,0,301,green,10910,T10
89,0,1,0,301,green,10910,T10
90,0,1,0,301,green,10910,T10
91,0,1,0,301,green,10910,T10
92,0,1,0,301,green,10910,T10
93,0,1,0,301,green,10910,T10
94,0,1,0,301,green,10910,T10
95,0,1,0,301,green,10910,T10
96,0,1,0,301,green,10910,T10
97,0,1,0,301,green,10910,T10
98,0,1,0,301,green,10910,T10
99,0,1,0,301,green,10910,T10
100,0,1,0,301,green,10910,T10
101,0,1,0,301,green,10910,T10
102,0,1,0,301,green,10910,T10
103,0,1,0,301,green,10910,T10
104,0,1,0,301,green,10910,T10
105,0,1,0,301,green,10910,T10
106,0,1,0,301,green,10910,T10
107,0,1,0,301,green,10910,T10
108,0,1,0,301,green,10910,T10
109,0,1,0,301,green,10910,T10
110,0,1,0,301,green,10910,T10
111,0,1,0,301,green,10910,T10
112,0,1,0,301,green,10910,T10
113,0,1,0,301,green,10910,T10
114,0,1,0,301,green,10910,T10
115,0,1,0,301,green,10910,T10
116,0,1,0,301,green,10910,T10
117,0,1,0,301,green,10910,T10
118,0,1,0,301,green,10910,T10
119,0,1,0,301,green,10910,T10
120,0,1,0,301,green,10910,T10
121,0,1,0,301,green,10910,T10
122,0,1,0,301,green,10910,T10
123,0,1,0,301,green,10910,T10
124,0,1,0,301,green,10910,T10
125,0,1,0,301,green,10910,T10
126,0,1,0,301,green,10910,T10
127,0,1,0,301,green,10910,T10
128,0,1,0,301,green,10910,T10
129,0,1,0,301,green,10910,T10
130,0,1,0,301,green,10910,T10
131,0,1,0,301,green,10910,T10
132,0,1,0,301,green,10910,T10
133,0,1,0,301,green,10910,T10
134,0,1,0,301,green,10910,T10
135,0,1,0,301,green,10910,T10
136,0,1,0,301,green,10910,T10
137,0,1,0,301,green,10910,T10
138,0,1,0,301,green,10910,T10
139,0,1,0,301,green,10910,T10
140,0,1,0,301,green,10910,T10
141,0,1,0,301,green,10910,T10
142,0,1,0,301,green,10910,T10
143,0,1,0,301,green,10910,T10
144,0,1,0,301,green,10910,T10
145,0,1,0,301,green,10910,T10
146,0,1,0,301,green,10910,T10
147,0,1,0,301,green,10910,T10
148,0,1,0,301,green,10910,T10
149,0,1,0,301,green,10910,T10
150,0,1,0,301,green,10910,T10
151,0,1,0,301,green,10910,T10
152,0,1,0,301,green,10910,T10
153,0,1,0,301,green,10910,T10
154,0,1,0,301,green,10910,T10
155,0,1,0,301,green,10910,T10
0,0,0,1,302,green,11024,T10
1,0,0,1,302,green,11024,T10
2,0,0,1,302,green,11024,T10
3,0,0,1,302,green,11024,T10
4,0,0,1,302,green,11024,T10
5,0,0,1,302,green,11024,T10
6,0,0,1,302,green,11024,T10
7,0,0,1,302,green,11024,T10
8,0,0,1,302,green,11024,T10
9,0,0,1,302,green,11024,T10
10,0,0,1,302,green,11024,T10
11,0,0,1,302,green,11024,T10
12,0,0,1,302,green,11024,T10
13,0,0,1,302,green,11024,T10
14,0,0,1,302,green,11024,T10
15,0,0,1,302,green,11024,T10
16,0,0,1,302,green,11024,T10
17,0,0,1,302,green,11024,T10
18,0,0,1,302,green,11024,T10
19,0,0,1,302,green,11024,T10
20,0,0,1,302,green,11024,T10
21,0,0,1,302,green,11024,T10
22,0,0,1,302,green,11024,T10
23,0,0,1,302,green,11024,T10
24,0,0,1,302,green,11024,T10
25,0,0,1,302,green,11024,T10
26,0,0,1,302,green,11024,T10
27,0,0,1,302,green,11024,T10
28,0,0,1,302,green,11024,T10
29,0,0,1,302,green,11024,T10
30,0,0,1,302,green,11024,T10
31,0,0,1,302,green,11024,T10
32,0,0,1,302,green,11024,T10
33,0,0,1,302,green,11024,T10
34,0,0,1,302,green,11024,T10
35,0,0,1,302,green,11024,T10
36,0,0,1,302,green,11024,T10
37,0,0,1,302,green,11024,T10
38,0,0,1,302,green,11024,T10
39,0,0,1,302,green,11024,T10
40,0,0,1,302,green,11024,T10
41,0,0,1,302,green,11024,T10
42,0,0,1,302,green,11024,T10
43,0,0,1,302,green,11024,T10
44,0,0,1,302,green,11024,T10
45,0,0,1,302,green,11024,T10
46,0,0,1,302,green,11024,T10
47,0,0,1,302,green,11024,T10
48,0,0,1,302,green,11024,T10
49,0,0,1,302,green,11024,T10
50,0,0,1,302,green,11024,T10
51,0,0,1,302,green,11024,T10
52,0,0,1,302,green,11024,T10
53,0,0,1,302,green,11024,T10
54,0,0,1,302,green,11024,T10
55,0,0,1,302,green,11024,T10
56,0,0,1,302,green,11024,T10
57,0,0,1,302,green,11024,T10
58,0,0,1,302,green,11024,T10
59,0,0,1,302,green,11024,T10
60,0,0,1,302,green,11024,T10
61,0,0,1,302,green,11024,T10
62,0,0,1,302,green,11024,T10
63,0,0,1,302,green,11024,T10
64,0,0,1,302,green,11024,T10
65,0,0,1,302,green,11024,T10
66,0,0,1,302,green,11024,T10
67,0,0,1,302,green,11024,T10
68,0,0,1,302,green,11024,T10
69,0,0,1,302,green,11024,T10
70,0,0,1,302,green,11024,T10
71,0,0,1,302,green,11024,T10
72,0,0,1,302,green,11024,T10
73,0,0,1,302,green,11024,T10
74,0,0,1,302,green,11024,T10
75,0,0,1,302,green,11024,T10
76,0,0,1,302,green,11024,T10
77,0,1,0,302,green,11024,T10
78,0,1,0,302,green,11024,T10
79,0,1,0,302,green,11024,T10
80,0,1,0,302,green,11024,T10
81,0,1,0,302,green,11024,T10
82,0,1,0,302,green,11024,T10
83,0,1,0,302,green,11024,T10
84,0,1,0,302,green,11024,T10
85,0,1,0,302,green,11024,T10
86,0,1,0,302,green,11024,T10
87,0,1,0,302,green,11024,T10
88,0,1,0,302,green,11024,T10
89,0,1,0,302,green,11024,T10
90,0,1,0,302,green,11024,T10
91,0,1,0,302,green,11024,T10
92,0,1,0,302,green,11024,T10
93,0,1,0,302,green,11024,T10
94,0,1,0,302,green,11024,T10
95,0,1,0,302,green,11024,T10
96,0,1,0,302,green,11024,T10
97,0,1,0,302,green,11024,T10
98,0,1,0,302,green,11024,T10
99,0,1,0,302,green,11024,T10
100,0,1,0,302,green,11024,T10
101,0,1,0,302,green,11024,T10
102,0,1,0,302,green,11024,T10
103,0,1,0,302,green,11024,T10
104,0,1,0,302,green,11024,T10
105,0,1,0,302,green,11024,T10
106,0,1,0,302,green,11024,T10
107,0,1,0,302,green,11024,T10
108,0,1,0,302,green,11024,T10
109,0,1,0,302,green,11024,T10
110,0,1,0,302,green,11024,T10
111,0,1,0,302,green,11024,T10
112,0,1,0,302,green,11024,T10
113,0,1,0,302,green,11024,T10
114,0,0,1,302,green,11024,T10
115,0,0,1,302,green,11024,T10
116,0,0,1,302,green,11024,T10
117,0,0,1,302,green,11024,T10
118,0,0,1,302,green,11024,T10
119,0,0,1,302,green,11024,T10
120,0,1,0,302,green,11024,T10
121,0,1,0,302,green,11024,T10
122,0,1,0,302,green,11024,T10
123,0,1,0,302,green,11024,T10
124,0,1,0,302,green,11024,T10
125,0,1,0,302,green,11024,T10
126,0,1,0,302,green,11024,T10
127,0,1,0,302,green,11024,T10
128,0,1,0,302,green,11024,T10
129,0,1,0,302,green,11024,T10
130,0,1,0,302,green,11024,T10
131,0,1,0,302,green,11024,T10
132,0,1,0,302,green,11024,T10
133,0,1,0,302,green,11024,T10
134,0,1,0,302,green,11024,T10
135,0,1,0,302,green,11024,T10
136,0,1,0,302,green,11024,T10
137,0,1,0,302,green,11024,T10
138,0,1,0,302,green,11024,T10
139,0,1,0,302,green,11024,T10
140,0,1,0,302,green,11024,T10
141,0,1,0,302,green,11024,T10
142,0,1,0,302,green,11024,T10
143,0,1,0,302,green,11024,T10
144,0,1,0,302,green,11024,T10
145,0,1,0,302,green,11024,T10
146,0,1,0,302,green,11024,T10
147,0,1,0,302,green,11024,T10
148,0,1,0,302,green,11024,T10
149,0,1,0,302,green,11024,T10
150,0,1,0,302,green,11024,T10
151,0,1,0,302,green,11024,T10
152,0,1,0,302,green,11024,T10
153,0,1,0,302,green,11024,T10
154,0,1,0,302,green,11024,T10
155,0,1,0,302,green,11024,T10
0,0,0,1,304,green,11249,T10
1,0,0,1,304,green,11249,T10
2,0,0,1,304,green,11249,T10
3,0,0,1,304,green,11249,T10
4,0,0,1,304,green,11249,T10
5,0,0,1,304,green,11249,T10
6,0,0,1,304,green,11249,T10
7,0,0,1,304,green,11249,T10
8,0,0,1,304,green,11249,T10
9,0,0,1,304,green,11249,T10
10,0,0,1,304,green,11249,T10
11,0,0,1,304,green,11249,T10
12,0,0,1,304,green,11249,T10
13,0,0,1,304,green,11249,T10
14,0,0,1,304,green,11249,T10
15,0,0,1,304,green,11249,T10
16,0,0,1,304,green,11249,T10
17,0,0,1,304,green,11249,T10
18,0,0,1,304,green,11249,T10
19,0,0,1,304,green,11249,T10
20,0,0,1,304,green,11249,T10
21,0,0,1,304,green,11249,T10
22,0,0,1,304,green,11249,T10
23,0,0,1,304,green,11249,T10
24,0,0,1,304,green,11249,T10
25,0,0,1,304,green,11249,T10
26,0,0,1,304,green,11249,T10
27,0,0,1,304,green,11249,T10
28,0,0,1,304,green,11249,T10
29,0,0,1,304,green,11249,T10
30,1,0,0,304,green,11249,T10
31,1,0,0,304,green,11249,T10
32,1,0,0,304,green,11249,T10
33,1,0,0,304,green,11249,T10
34,1,0,0,304,green,11249,T10
35,1,0,0,304,green,11249,T10
36,1,0,0,304,green,11249,T10
37,1,0,0,304,green,11249,T10
38,1,0,0,304,green,11249,T10
39,1,0,0,304,green,11249,T10
40,1,0,0,304,green,11249,T10
41,1,0,0,304,green,11249,T10
42,1,0,0,304,green,11249,T10
43,1,0,0,304,green,11249,T10
44,1,0,0,304,green,11249,T10
45,1,0,0,304,green,11249,T10
46,1,0,0,304,green,11249,T10
47,1,0,0,304,green,11249,T10
48,1,0,0,304,green,11249,T10
49,1,0,0,304,green,11249,T10
50,1,0,0,304,green,11249,T10
51,1,0,0,304,green,11249,T10
52,1,0,0,304,green,11249,T10
53,1,0,0,304,green,11249,T10
54,0,0,1,304,green,11249,T10
55,0,1,0,304,green,11249,T10
56,0,1,0,304,green,11249,T10
57,0,1,0,304,green,11249,T10
58,0,1,0,304,green,11249,T10
59,0,1,0,304,green,11249,T10
60,0,1,0,304,green,11249,T10
61,0,1,0,304,green,11249,T10
62,0,1,0,304,green,11249,T10
63,0,1,0,304,green,11249,T10
64,0,1,0,304,green,11249,T10
65,0,1,0,304,green,11249,T10
66,0,1,0,304,green,11249,T10
67,0,1,0,304,green,11249,T10
68,0,1,0,304,green,11249,T10
69,0,1,0,304,green,11249,T10
70,0,1,0,304,green,11249,T10
71,0,1,0,304,green,11249,T10
72,0,1,0,304,green,11249,T10
73,0,1,0,304,green,11249,T10
74,0,1,0,304,green,11249,T10
75,0,1,0,304,green,11249,T10
76,0,1,0,304,green,11249,T10
77,0,1,0,304,green,11249,T10
78,0,1,0,304,green,11249,T10
79,0,1,0,304,green,11249,T10
80,0,1,0,304,green,11249,T10
81,0,1,0,304,green,11249,T10
82,0,1,0,304,green,11249,T10
83,0,1,0,304,green,11249,T10
84,0,1,0,304,green,11249,T10
85,0,1,0,304,green,11249,T10
86,0,1,0,304,green,11249,T10
87,0,1,0,304,green,11249,T10
88,0,1,0,304,green,11249,T10
89,0,1,0,304,green,11249,T10
90,0,1,0,304,green,11249,T10
91,0,1,0,304,green,11249,T10
92,0,1,0,304,green,11249,T10
93,0,1,0,304,green,11249,T10
94,0,1,0,304,green,11249,T10
95,0,1,0,304,green,11249,T10
96,0,1,0,304,green,11249,T10
97,0,1,0,304,green,11249,T10
98,0,1,0,304,green,11249,T10
99,0,1,0,304,green,11249,T10
100,0,1,0,304,green,11249,T10
101,0,1,0,304,green,11249,T10
102,0,1,0,304,green,11249,T10
103,0,1,0,304,green,11249,T10
104,0,1,0,304,green,11249,T10
105,0,1,0,304,green,11249,T10
106,0,1,0,304,green,11249,T10
107,0,1,0,304,green,11249,T10
108,0,1,0,304,green,11249,T10
109,0,1,0,304,green,11249,T10
110,0,1,0,304,green,11249,T10
111,0,1,0,304,green,11249,T10
112,0,1,0,304,green,11249,T10
113,0,1,0,304,green,11249,T10
114,0,1,0,304,green,11249,T10
115,0,1,0,304,green,11249,T10
116,0,1,0,304,green,11249,T10
117,0,1,0,304,green,11249,T10
118,0,1,0,304,green,11249,T10
119,0,1,0,304,green,11249,T10
120,0,1,0,304,green,11249,T10
121,0,1,0,304,green,11249,T10
122,0,1,0,304,green,11249,T10
123,0,1,0,304,green,11249,T10
124,0,1,0,304,green,11249,T10
125,0,1,0,304,green,11249,T10
126,0,1,0,304,green,11249,T10
127,0,1,0,304,green,11249,T10
128,0,1,0,304,green,11249,T10
129,0,1,0,304,green,11249,T10
130,0,1,0,304,green,11249,T10
131,0,1,0,304,green,11249,T10
132,0,1,0,304,green,11249,T10
133,0,1,0,304,green,11249,T10
134,0,1,0,304,green,11249,T10
135,0,1,0,304,green,11249,T10
136,0,1,0,304,green,11249,T10
137,0,1,0,304,green,11249,T10
138,0,1,0,304,green,11249,T10
139,0,1,0,304,green,11249,T10
140,0,1,0,304,green,11249,T10
141,0,1,0,304,green,11249,T10
142,0,1,0,304,green,11249,T10
143,0,1,0,304,green,11249,T10
144,0,1,0,304,green,11249,T10
145,0,1,0,304,green,11249,T10
146,0,1,0,304,green,11249,T10
147,0,1,0,304,green,11249,T10
148,0,1,0,304,green,11249,T10
149,0,1,0,304,green,11249,T10
150,0,1,0,304,green,11249,T10
151,0,1,0,304,green,11249,T10
152,0,1,0,304,green,11249,T10
153,0,1,0,304,green,11249,T10
154,0,1,0,304,green,11249,T10
155,0,1,0,304,green,11249,T10
0,0,0,1,305,green,11309,T10
1,0,0,1,305,green,11309,T10
2,0,0,1,305,green,11309,T10
3,0,0,1,305,green,11309,T10
4,0,0,1,305,green,11309,T10
5,0,0,1,305,green,11309,T10
6,0,0,1,305,green,11309,T10
7,0,0,1,305,green,11309,T10
8,0,0,1,305,green,11309,T10
9,0,0,1,305,green,11309,T10
10,0,0,1,305,green,11309,T10
11,0,0,1,305,green,11309,T10
12,0,0,1,305,green,11309,T10
13,0,0,1,305,green,11309,T10
14,0,0,1,305,green,11309,T10
15,0,0,1,305,green,11309,T10
16,0,0,1,305,green,11309,T10
17,0,0,1,305,green,11309,T10
18,0,0,1,305,green,11309,T10
19,0,0,1,305,green,11309,T10
20,0,0,1,305,green,11309,T10
21,0,0,1,305,green,11309,T10
22,0,0,1,305,green,11309,T10
23,0,0,1,305,green,11309,T10
24,0,0,1,305,green,11309,T10
25,0,0,1,305,green,11309,T10
26,0,0,1,305,green,11309,T10
27,0,0,1,305,green,11309,T10
28,0,0,1,305,green,11309,T10
29,0,0,1,305,green,11309,T10
30,0,0,1,305,green,11309,T10
31,0,0,1,305,green,11309,T10
32,0,0,1,305,green,11309,T10
33,0,0,1,305,green,11309,T10
34,0,0,1,305,green,11309,T10
35,0,0,1,305,green,11309,T10
36,0,0,1,305,green,11309,T10
37,0,0,1,305,green,11309,T10
38,0,0,1,305,green,11309,T10
39,0,0,1,305,green,11309,T10
40,0,0,1,305,green,11309,T10
41,0,0,1,305,green,11309,T10
42,0,0,1,305,green,11309,T10
43,0,0,1,305,green,11309,T10
44,0,0,1,305,green,11309,T10
45,0,0,1,305,green,11309,T10
46,0,0,1,305,green,11309,T10
47,0,0,1,305,green,11309,T10
48,0,0,1,305,green,11309,T10
49,1,0,0,305,green,11309,T10
50,1,0,0,305,green,11309,T10
51,1,0,0,305,green,11309,T10
52,1,0,0,305,green,11309,T10
53,1,0,0,305,green,11309,T10
54,1,0,0,305,green,11309,T10
55,1,0,0,305,green,11309,T10
56,1,0,0,305,green,11309,T10
57,1,0,0,305,green,11309,T10
58,1,0,0,305,green,11309,T10
59,1,0,0,305,green,11309,T10
60,1,0,0,305,green,11309,T10
61,1,0,0,305,green,11309,T10
62,1,0,0,305,green,11309,T10
63,1,0,0,305,green,11309,T10
64,1,0,0,305,green,11309,T10
65,1,0,0,305,green,11309,T10
66,1,0,0,305,green,11309,T10
67,0,0,1,305,green,11309,T10
68,0,0,1,305,green,11309,T10
69,0,0,1,305,green,11309,T10
70,0,0,1,305,green,11309,T10
71,0,0,1,305,green,11309,T10
72,0,0,1,305,green,11309,T10
73,0,0,1,305,green,11309,T10
74,0,0,1,305,green,11309,T10
75,0,0,1,305,green,11309,T10
76,0,0,1,305,green,11309,T10
77,0,0,1,305,green,11309,T10
78,0,0,1,305,green,11309,T10
79,0,0,1,305,green,11309,T10
80,0,0,1,305,green,11309,T10
81,0,0,1,305,green,11309,T10
82,0,0,1,305,green,11309,T10
83,0,0,1,305,green,11309,T10
84,0,0,1,305,green,11309,T10
85,0,0,1,305,green,11309,T10
86,0,0,1,305,green,11309,T10
87,0,0,1,305,green,11309,T10
88,0,0,1,305,green,11309,T10
89,0,0,1,305,green,11309,T10
90,0,0,1,305,green,11309,T10
91,0,0,1,305,green,11309,T10
92,0,0,1,305,green,11309,T10
93,0,0,1,305,green,11309,T10
94,0,0,1,305,green,11309,T10
95,0,0,1,305,green,11309,T10
96,0,0,1,305,green,11309,T10
97,0,0,1,305,green,11309,T10
98,0,0,1,305,green,11309,T10
99,0,0,1,305,green,11309,T10
100,0,0,1,305,green,11309,T10
101,0,0,1,305,green,11309,T10
102,0,0,1,305,green,11309,T10
103,0,0,1,305,green,11309,T10
104,0,0,1,305,green,11309,T10
105,0,0,1,305,green,11309,T10
106,0,0,1,305,green,11309,T10
107,0,0,1,305,green,11309,T10
108,0,0,1,305,green,11309,T10
109,0,0,1,305,green,11309,T10
110,0,0,1,305,green,11309,T10
111,0,0,1,305,green,11309,T10
112,0,0,1,305,green,11309,T10
113,0,0,1,305,green,11309,T10
114,0,0,1,305,green,11309,T10
115,0,0,1,305,green,11309,T10
116,0,0,1,305,green,11309,T10
117,0,0,1,305,green,11309,T10
118,0,0,1,305,green,11309,T10
119,0,0,1,305,green,11309,T10
120,0,0,1,305,green,11309,T10
121,0,0,1,305,green,11309,T10
122,0,0,1,305,green,11309,T10
123,0,0,1,305,green,11309,T10
124,0,0,1,305,green,11309,T10
125,0,0,1,305,green,11309,T10
126,0,0,1,305,green,11309,T10
127,1,0,0,305,green,11309,T10
128,1,0,0,305,green,11309,T10
129,1,0,0,305,green,11309,T10
130,1,0,0,305,green,11309,T10
131,0,0,1,305,green,11309,T10
132,0,0,1,305,green,11309,T10
133,0,0,1,305,green,11309,T10
134,0,1,0,305,green,11309,T10
135,0,1,0,305,green,11309,T10
136,0,1,0,305,green,11309,T10
137,0,1,0,305,green,11309,T10
138,0,1,0,305,green,11309,T10
139,0,1,0,305,green,11309,T10
140,0,1,0,305,green,11309,T10
141,0,1,0,305,green,11309,T10
142,0,1,0,305,green,11309,T10
143,0,1,0,305,green,11309,T10
144,0,1,0,305,green,11309,T10
145,0,1,0,305,green,11309,T10
146,0,1,0,305,green,11309,T10
147,0,1,0,305,green,11309,T10
148,0,1,0,305,green,11309,T10
149,0,1,0,305,green,11309,T10
150,0,1,0,305,green,11309,T10
151,0,1,0,305,green,11309,T10
152,0,1,0,305,green,11309,T10
153,0,1,0,305,green,11309,T10
154,0,1,0,305,green,11309,T10
155,0,1,0,305,green,11309,T10
0,0,0,1,306,green,11376,T10
1,0,0,1,306,green,11376,T10
2,0,0,1,306,green,11376,T10
3,0,0,1,306,green,11376,T10
4,0,0,1,306,green,11376,T10
5,0,0,1,306,green,11376,T10
6,0,0,1,306,green,11376,T10
7,0,0,1,306,green,11376,T10
8,0,0,1,306,green,11376,T10
9,0,0,1,306,green,11376,T10
10,0,0,1,306,green,11376,T10
11,0,0,1,306,green,11376,T10
12,0,0,1,306,green,11376,T10
13,0,0,1,306,green,11376,T10
14,0,0,1,306,green,11376,T10
15,0,0,1,306,green,11376,T10
16,0,0,1,306,green,11376,T10
17,0,0,1,306,green,11376,T10
18,0,0,1,306,green,11376,T10
19,0,0,1,306,green,11376,T10
20,0,0,1,306,green,11376,T10
21,0,0,1,306,green,11376,T10
22,0,0,1,306,green,11376,T10
23,0,0,1,306,green,11376,T10
24,0,0,1,306,green,11376,T10
25,0,0,1,306,green,11376,T10
26,0,0,1,306,green,11376,T10
27,0,0,1,306,green,11376,T10
28,0,0,1,306,green,11376,T10
29,0,0,1,306,green,11376,T10
30,0,0,1,306,green,11376,T10
31,0,0,1,306,green,11376,T10
32,0,0,1,306,green,11376,T10
33,0,0,1,306,green,11376,T10
34,0,0,1,306,green,11376,T10
35,0,0,1,306,green,11376,T10
36,0,0,1,306,green,11376,T10
37,0,0,1,306,green,11376,T10
38,0,0,1,306,green,11376,T10
39,0,0,1,306,green,11376,T10
40,0,0,1,306,green,11376,T10
41,0,0,1,306,green,11376,T10
42,0,0,1,306,green,11376,T10
43,0,0,1,306,green,11376,T10
44,0,0,1,306,green,11376,T10
45,0,0,1,306,green,11376,T10
46,0,0,1,306,green,11376,T10
47,0,0,1,306,green,11376,T10
48,0,0,1,306,green,11376,T10
49,0,0,1,306,green,11376,T10
50,0,0,1,306,green,11376,T10
51,0,0,1,306,green,11376,T10
52,0,0,1,306,green,11376,T10
53,0,0,1,306,green,11376,T10
54,0,0,1,306,green,11376,T10
55,0,0,1,306,green,11376,T10
56,0,0,1,306,green,11376,T10
57,0,0,1,306,green,11376,T10
58,0,0,1,306,green,11376,T10
59,0,0,1,306,green,11376,T10
60,0,0,1,306,green,11376,T10
61,0,0,1,306,green,11376,T10
62,0,0,1,306,green,11376,T10
63,0,0,1,306,green,11376,T10
64,0,0,1,306,green,11376,T10
65,0,0,1,306,green,11376,T10
66,0,0,1,306,green,11376,T10
67,0,0,1,306,green,11376,T10
68,0,0,1,306,green,11376,T10
69,0,0,1,306,green,11376,T10
70,0,0,1,306,green,11376,T10
71,0,0,1,306,green,11376,T10
72,0,0,1,306,green,11376,T10
73,0,0,1,306,green,11376,T10
74,0,0,1,306,green,11376,T10
75,0,0,1,306,green,11376,T10
76,0,0,1,306,green,11376,T10
77,0,0,1,306,green,11376,T10
78,0,0,1,306,green,11376,T10
79,0,0,1,306,green,11376,T10
80,0,0,1,306,green,11376,T10
81,0,0,1,306,green,11376,T10
82,0,0,1,306,green,11376,T10
83,0,0,1,306,green,11376,T10
84,0,0,1,306,green,11376,T10
85,0,0,1,306,green,11376,T10
86,0,0,1,306,green,11376,T10
87,0,0,1,306,green,11376,T10
88,0,0,1,306,green,11376,T10
89,0,0,1,306,green,11376,T10
90,0,0,1,306,green,11376,T10
91,0,0,1,306,green,11376,T10
92,0,0,1,306,green,11376,T10
93,0,0,1,306,green,11376,T10
94,0,0,1,306,green,11376,T10
95,0,0,1,306,green,11376,T10
96,0,0,1,306,green,11376,T10
97,0,0,1,306,green,11376,T10
98,0,0,1,306,green,11376,T10
99,0,0,1,306,green,11376,T10
100,0,0,1,306,green,11376,T10
101,0,0,1,306,green,11376,T10
102,0,0,1,306,green,11376,T10
103,0,0,1,306,green,11376,T10
104,0,0,1,306,green,11376,T10
105,0,0,1,306,green,11376,T10
106,0,0,1,306,green,11376,T10
107,0,0,1,306,green,11376,T10
108,0,0,1,306,green,11376,T10
109,0,0,1,306,green,11376,T10
110,0,0,1,306,green,11376,T10
111,0,0,1,306,green,11376,T10
112,0,0,1,306,green,11376,T10
113,0,0,1,306,green,11376,T10
114,0,0,1,306,green,11376,T10
115,0,0,1,306,green,11376,T10
116,0,0,1,306,green,11376,T10
117,0,0,1,306,green,11376,T10
118,0,0,1,306,green,11376,T10
119,0,0,1,306,green,11376,T10
120,0,0,1,306,green,11376,T10
121,0,0,1,306,green,11376,T10
122,0,0,1,306,green,11376,T10
123,0,0,1,306,green,11376,T10
124,0,0,1,306,green,11376,T10
125,0,0,1,306,green,11376,T10
126,0,0,1,306,green,11376,T10
127,0,0,1,306,green,11376,T10
128,0,1,0,306,green,11376,T10
129,0,1,0,306,green,11376,T10
130,0,1,0,306,green,11376,T10
131,0,1,0,306,green,11376,T10
132,0,1,0,306,green,11376,T10
133,0,1,0,306,green,11376,T10
134,0,1,0,306,green,11376,T10
135,0,1,0,306,green,11376,T10
136,0,1,0,306,green,11376,T10
137,0,1,0,306,green,11376,T10
138,0,1,0,306,green,11376,T10
139,0,1,0,306,green,11376,T10
140,0,1,0,306,green,11376,T10
141,0,1,0,306,green,11376,T10
142,0,1,0,306,green,11376,T10
143,0,1,0,306,green,11376,T10
144,0,1,0,306,green,11376,T10
145,0,1,0,306,green,11376,T10
146,0,1,0,306,green,11376,T10
147,0,1,0,306,green,11376,T10
148,0,1,0,306,green,11376,T10
149,0,1,0,306,green,11376,T10
150,0,1,0,306,green,11376,T10
151,0,1,0,306,green,11376,T10
152,0,1,0,306,green,11376,T10
153,0,1,0,306,green,11376,T10
154,0,1,0,306,green,11376,T10
155,0,1,0,306,green,11376,T10
0,0,0,1,307,green,11414,T10
1,0,0,1,307,green,11414,T10
2,0,0,1,307,green,11414,T10
3,0,0,1,307,green,11414,T10
4,0,0,1,307,green,11414,T10
5,0,0,1,307,green,11414,T10
6,0,0,1,307,green,11414,T10
7,0,0,1,307,green,11414,T10
8,0,0,1,307,green,11414,T10
9,0,0,1,307,green,11414,T10
10,0,0,1,307,green,11414,T10
11,0,0,1,307,green,11414,T10
12,0,0,1,307,green,11414,T10
13,0,0,1,307,green,11414,T10
14,0,0,1,307,green,11414,T10
15,0,0,1,307,green,11414,T10
16,0,0,1,307,green,11414,T10
17,0,0,1,307,green,11414,T10
18,0,0,1,307,green,11414,T10
19,0,0,1,307,green,11414,T10
20,0,0,1,307,green,11414,T10
21,0,0,1,307,green,11414,T10
22,0,0,1,307,green,11414,T10
23,0,0,1,307,green,11414,T10
24,0,0,1,307,green,11414,T10
25,0,0,1,307,green,11414,T10
26,0,0,1,307,green,11414,T10
27,0,0,1,307,green,11414,T10
28,0,0,1,307,green,11414,T10
29,0,0,1,307,green,11414,T10
30,0,0,1,307,green,11414,T10
31,0,0,1,307,green,11414,T10
32,0,0,1,307,green,11414,T10
33,0,0,1,307,green,11414,T10
34,0,0,1,307,green,11414,T10
35,0,0,1,307,green,11414,T10
36,0,0,1,307,green,11414,T10
37,0,0,1,307,green,11414,T10
38,0,0,1,307,green,11414,T10
39,0,0,1,307,green,11414,T10
40,0,0,1,307,green,11414,T10
41,0,0,1,307,green,11414,T10
42,0,0,1,307,green,11414,T10
43,0,0,1,307,green,11414,T10
44,0,0,1,307,green,11414,T10
45,0,0,1,307,green,11414,T10
46,0,0,1,307,green,11414,T10
47,0,0,1,307,green,11414,T10
48,0,0,1,307,green,11414,T10
49,1,0,0,307,green,11414,T10
50,1,0,0,307,green,11414,T10
51,1,0,0,307,green,11414,T10
52,1,0,0,307,green,11414,T10
53,1,0,0,307,green,11414,T10
54,1,0,0,307,green,11414,T10
55,1,0,0,307,green,11414,T10
56,1,0,0,307,green,11414,T10
57,1,0,0,307,green,11414,T10
58,1,0,0,307,green,11414,T10
59,1,0,0,307,green,11414,T10
60,1,0,0,307,green,11414,T10
61,1,0,0,307,green,11414,T10
62,1,0,0,307,green,11414,T10
63,1,0,0,307,green,11414,T10
64,1,0,0,307,green,11414,T10
65,1,0,0,307,green,11414,T10
66,1,0,0,307,green,11414,T10
67,1,0,0,307,green,11414,T10
68,1,0,0,307,green,11414,T10
69,1,0,0,307,green,11414,T10
70,1,0,0,307,green,11414,T10
71,1,0,0,307,green,11414,T10
72,1,0,0,307,green,11414,T10
73,1,0,0,307,green,11414,T10
74,1,0,0,307,green,11414,T10
75,1,0,0,307,green,11414,T10
76,1,0,0,307,green,11414,T10
77,1,0,0,307,green,11414,T10
78,1,0,0,307,green,11414,T10
79,1,0,0,307,green,11414,T10
80,1,0,0,307,green,11414,T10
81,1,0,0,307,green,11414,T10
82,1,0,0,307,green,11414,T10
83,1,0,0,307,green,11414,T10
84,1,0,0,307,green,11414,T10
85,1,0,0,307,green,11414,T10
86,1,0,0,307,green,11414,T10
87,1,0,0,307,green,11414,T10
88,1,0,0,307,green,11414,T10
89,1,0,0,307,green,11414,T10
90,1,0,0,307,green,11414,T10
91,1,0,0,307,green,11414,T10
92,1,0,0,307,green,11414,T10
93,1,0,0,307,green,11414,T10
94,1,0,0,307,green,11414,T10
95,1,0,0,307,green,11414,T10
96,1,0,0,307,green,11414,T10
97,1,0,0,307,green,11414,T10
98,1,0,0,307,green,11414,T10
99,1,0,0,307,green,11414,T10
100,1,0,0,307,green,11414,T10
101,1,0,0,307,green,11414,T10
102,1,0,0,307,green,11414,T10
103,1,0,0,307,green,11414,T10
104,1,0,0,307,green,11414,T10
105,1,0,0,307,green,11414,T10
106,1,0,0,307,green,11414,T10
107,1,0,0,307,green,11414,T10
108,1,0,0,307,green,11414,T10
109,1,0,0,307,green,11414,T10
110,1,0,0,307,green,11414,T10
111,1,0,0,307,green,11414,T10
112,1,0,0,307,green,11414,T10
113,1,0,0,307,green,11414,T10
114,1,0,0,307,green,11414,T10
115,1,0,0,307,green,11414,T10
116,1,0,0,307,green,11414,T10
117,1,0,0,307,green,11414,T10
118,1,0,0,307,green,11414,T10
119,1,0,0,307,green,11414,T10
120,1,0,0,307,green,11414,T10
121,1,0,0,307,green,11414,T10
122,1,0,0,307,green,11414,T10
123,1,0,0,307,green,11414,T10
124,1,0,0,307,green,11414,T10
125,1,0,0,307,green,11414,T10
126,0,1,0,307,green,11414,T10
127,0,1,0,307,green,11414,T10
128,0,1,0,307,green,11414,T10
129,0,1,0,307,green,11414,T10
130,0,1,0,307,green,11414,T10
131,0,1,0,307,green,11414,T10
132,0,1,0,307,green,11414,T10
133,0,1,0,307,green,11414,T10
134,0,1,0,307,green,11414,T10
135,0,1,0,307,green,11414,T10
136,0,1,0,307,green,11414,T10
137,0,1,0,307,green,11414,T10
138,0,1,0,307,green,11414,T10
139,0,1,0,307,green,11414,T10
140,0,1,0,307,green,11414,T10
141,0,1,0,307,green,11414,T10
142,0,1,0,307,green,11414,T10
143,0,1,0,307,green,11414,T10
144,0,1,0,307,green,11414,T10
145,0,1,0,307,green,11414,T10
146,0,1,0,307,green,11414,T10
147,0,1,0,307,green,11414,T10
148,0,1,0,307,green,11414,T10
149,0,1,0,307,green,11414,T10
150,0,1,0,307,green,11414,T10
151,0,1,0,307,green,11414,T10
152,0,1,0,307,green,11414,T10
153,0,1,0,307,green,11414,T10
154,0,1,0,307,green,11414,T10
155,0,1,0,307,green,11414,T10
0,1,0,0,308,green,11751,T10
1,1,0,0,308,green,11751,T10
2,1,0,0,308,green,11751,T10
3,1,0,0,308,green,11751,T10
4,1,0,0,308,green,11751,T10
5,1,0,0,308,green,11751,T10
6,1,0,0,308,green,11751,T10
7,1,0,0,308,green,11751,T10
8,1,0,0,308,green,11751,T10
9,1,0,0,308,green,11751,T10
10,1,0,0,308,green,11751,T10
11,1,0,0,308,green,11751,T10
12,1,0,0,308,green,11751,T10
13,1,0,0,308,green,11751,T10
14,1,0,0,308,green,11751,T10
15,1,0,0,308,green,11751,T10
16,1,0,0,308,green,11751,T10
17,1,0,0,308,green,11751,T10
18,1,0,0,308,green,11751,T10
19,1,0,0,308,green,11751,T10
20,1,0,0,308,green,11751,T10
21,1,0,0,308,green,11751,T10
22,1,0,0,308,green,11751,T10
23,1,0,0,308,green,11751,T10
24,1,0,0,308,green,11751,T10
25,1,0,0,308,green,11751,T10
26,1,0,0,308,green,11751,T10
27,1,0,0,308,green,11751,T10
28,1,0,0,308,green,11751,T10
29,1,0,0,308,green,11751,T10
30,1,0,0,308,green,11751,T10
31,1,0,0,308,green,11751,T10
32,1,0,0,308,green,11751,T10
33,1,0,0,308,green,11751,T10
34,1,0,0,308,green,11751,T10
35,1,0,0,308,green,11751,T10
36,1,0,0,308,green,11751,T10
37,1,0,0,308,green,11751,T10
38,0,0,1,308,green,11751,T10
39,0,0,1,308,green,11751,T10
40,0,0,1,308,green,11751,T10
41,0,0,1,308,green,11751,T10
42,0,0,1,308,green,11751,T10
43,1,0,0,308,green,11751,T10
44,1,0,0,308,green,11751,T10
45,1,0,0,308,green,11751,T10
46,1,0,0,308,green,11751,T10
47,1,0,0,308,green,11751,T10
48,0,0,1,308,green,11751,T10
49,0,0,1,308,green,11751,T10
50,1,0,0,308,green,11751,T10
51,1,0,0,308,green,11751,T10
52,1,0,0,308,green,11751,T10
53,1,0,0,308,green,11751,T10
54,0,0,1,308,green,11751,T10
55,0,0,1,308,green,11751,T10
56,1,0,0,308,green,11751,T10
57,1,0,0,308,green,11751,T10
58,1,0,0,308,green,11751,T10
59,1,0,0,308,green,11751,T10
60,1,0,0,308,green,11751,T10
61,1,0,0,308,green,11751,T10
62,1,0,0,308,green,11751,T10
63,1,0,0,308,green,11751,T10
64,1,0,0,308,green,11751,T10
65,1,0,0,308,green,11751,T10
66,1,0,0,308,green,11751,T10
67,1,0,0,308,green,11751,T10
68,1,0,0,308,green,11751,T10
69,1,0,0,308,green,11751,T10
70,1,0,0,308,green,11751,T10
71,1,0,0,308,green,11751,T10
72,1,0,0,308,green,11751,T10
73,1,0,0,308,green,11751,T10
74,1,0,0,308,green,11751,T10
75,1,0,0,308,green,11751,T10
76,1,0,0,308,green,11751,T10
77,1,0,0,308,green,11751,T10
78,1,0,0,308,green,11751,T10
79,1,0,0,308,green,11751,T10
80,1,0,0,308,green,11751,T10
81,1,0,0,308,green,11751,T10
82,1,0,0,308,green,11751,T10
83,1,0,0,308,green,11751,T10
84,1,0,0,308,green,11751,T10
85,1,0,0,308,green,11751,T10
86,1,0,0,308,green,11751,T10
87,1,0,0,308,green,11751,T10
88,1,0,0,308,green,11751,T10
89,1,0,0,308,green,11751,T10
90,1,0,0,308,green,11751,T10
91,1,0,0,308,green,11751,T10
92,1,0,0,308,green,11751,T10
93,1,0,0,308,green,11751,T10
94,1,0,0,308,green,11751,T10
95,1,0,0,308,green,11751,T10
96,1,0,0,308,green,11751,T10
97,1,0,0,308,green,11751,T10
98,1,0,0,308,green,11751,T10
99,1,0,0,308,green,11751,T10
100,1,0,0,308,green,11751,T10
101,1,0,0,308,green,11751,T10
102,1,0,0,308,green,11751,T10
103,1,0,0,308,green,11751,T10
104,1,0,0,308,green,11751,T10
105,1,0,0,308,green,11751,T10
106,1,0,0,308,green,11751,T10
107,1,0,0,308,green,11751,T10
108,1,0,0,308,green,11751,T10
109,1,0,0,308,green,11751,T10
110,1,0,0,308,green,11751,T10
111,1,0,0,308,green,11751,T10
112,1,0,0,308,green,11751,T10
113,1,0,0,308,green,11751,T10
114,1,0,0,308,green,11751,T10
115,1,0,0,308,green,11751,T10
116,1,0,0,308,green,11751,T10
117,1,0,0,308,green,11751,T10
118,1,0,0,308,green,11751,T10
119,1,0,0,308,green,11751,T10
120,1,0,0,308,green,11751,T10
121,1,0,0,308,green,11751,T10
122,1,0,0,308,green,11751,T10
123,1,0,0,308,green,11751,T10
124,1,0,0,308,green,11751,T10
125,1,0,0,308,green,11751,T10
126,1,0,0,308,green,11751,T10
127,1,0,0,308,green,11751,T10
128,1,0,0,308,green,11751,T10
129,1,0,0,308,green,11751,T10
130,1,0,0,308,green,11751,T10
131,0,0,1,308,green,11751,T10
132,0,0,1,308,green,11751,T10
133,0,0,1,308,green,11751,T10
134,0,0,1,308,green,11751,T10
135,0,0,1,308,green,11751,T10
136,0,0,1,308,green,11751,T10
137,0,0,1,308,green,11751,T10
138,0,0,1,308,green,11751,T10
139,0,0,1,308,green,11751,T10
140,0,0,1,308,green,11751,T10
141,0,0,1,308,green,11751,T10
142,0,0,1,308,green,11751,T10
143,0,0,1,308,green,11751,T10
144,0,0,1,308,green,11751,T10
145,0,1,0,308,green,11751,T10
146,0,1,0,308,green,11751,T10
147,0,1,0,308,green,11751,T10
148,0,1,0,308,green,11751,T10
149,0,1,0,308,green,11751,T10
150,0,1,0,308,green,11751,T10
151,0,1,0,308,green,11751,T10
152,0,1,0,308,green,11751,T10
153,0,1,0,308,green,11751,T10
154,0,1,0,308,green,11751,T10
155,0,1,0,308,green,11751,T10
0,0,0,1,309,green,11773,T10
1,0,0,1,309,green,11773,T10
2,0,0,1,309,green,11773,T10
3,0,0,1,309,green,11773,T10
4,0,0,1,309,green,11773,T10
5,0,0,1,309,green,11773,T10
6,0,0,1,309,green,11773,T10
7,0,0,1,309,green,11773,T10
8,0,0,1,309,green,11773,T10
9,0,0,1,309,green,11773,T10
10,0,0,1,309,green,11773,T10
11,0,0,1,309,green,11773,T10
12,0,0,1,309,green,11773,T10
13,0,0,1,309,green,11773,T10
14,0,0,1,309,green,11773,T10
15,0,0,1,309,green,11773,T10
16,0,0,1,309,green,11773,T10
17,0,0,1,309,green,11773,T10
18,0,0,1,309,green,11773,T10
19,0,0,1,309,green,11773,T10
20,0,0,1,309,green,11773,T10
21,0,0,1,309,green,11773,T10
22,0,0,1,309,green,11773,T10
23,0,0,1,309,green,11773,T10
24,0,0,1,309,green,11773,T10
25,0,0,1,309,green,11773,T10
26,0,0,1,309,green,11773,T10
27,0,0,1,309,green,11773,T10
28,0,0,1,309,green,11773,T10
29,0,0,1,309,green,11773,T10
30,0,0,1,309,green,11773,T10
31,0,0,1,309,green,11773,T10
32,0,0,1,309,green,11773,T10
33,0,0,1,309,green,11773,T10
34,0,0,1,309,green,11773,T10
35,0,0,1,309,green,11773,T10
36,0,0,1,309,green,11773,T10
37,0,0,1,309,green,11773,T10
38,0,0,1,309,green,11773,T10
39,0,0,1,309,green,11773,T10
40,0,0,1,309,green,11773,T10
41,0,0,1,309,green,11773,T10
42,0,0,1,309,green,11773,T10
43,0,0,1,309,green,11773,T10
44,0,0,1,309,green,11773,T10
45,0,0,1,309,green,11773,T10
46,0,0,1,309,green,11773,T10
47,0,0,1,309,green,11773,T10
48,0,0,1,309,green,11773,T10
49,0,0,1,309,green,11773,T10
50,0,0,1,309,green,11773,T10
51,0,0,1,309,green,11773,T10
52,0,0,1,309,green,11773,T10
53,0,0,1,309,green,11773,T10
54,0,0,1,309,green,11773,T10
55,0,0,1,309,green,11773,T10
56,0,0,1,309,green,11773,T10
57,0,0,1,309,green,11773,T10
58,0,0,1,309,green,11773,T10
59,0,0,1,309,green,11773,T10
60,0,0,1,309,green,11773,T10
61,0,1,0,309,green,11773,T10
62,0,1,0,309,green,11773,T10
63,0,1,0,309,green,11773,T10
64,0,1,0,309,green,11773,T10
65,0,1,0,309,green,11773,T10
66,0,1,0,309,green,11773,T10
67,0,1,0,309,green,11773,T10
68,0,1,0,309,green,11773,T10
69,0,1,0,309,green,11773,T10
70,0,1,0,309,green,11773,T10
71,0,1,0,309,green,11773,T10
72,0,1,0,309,green,11773,T10
73,0,1,0,309,green,11773,T10
74,0,1,0,309,green,11773,T10
75,0,1,0,309,green,11773,T10
76,0,1,0,309,green,11773,T10
77,0,1,0,309,green,11773,T10
78,0,1,0,309,green,11773,T10
79,0,1,0,309,green,11773,T10
80,0,1,0,309,green,11773,T10
81,0,1,0,309,green,11773,T10
82,0,1,0,309,green,11773,T10
83,0,1,0,309,green,11773,T10
84,0,1,0,309,green,11773,T10
85,0,1,0,309,green,11773,T10
86,0,1,0,309,green,11773,T10
87,0,1,0,309,green,11773,T10
88,0,1,0,309,green,11773,T10
89,0,1,0,309,green,11773,T10
90,0,1,0,309,green,11773,T10
91,0,1,0,309,green,11773,T10
92,0,1,0,309,green,11773,T10
93,0,1,0,309,green,11773,T10
94,0,1,0,309,green,11773,T10
95,0,1,0,309,green,11773,T10
96,0,1,0,309,green,11773,T10
97,0,1,0,309,green,11773,T10
98,0,1,0,309,green,11773,T10
99,0,1,0,309,green,11773,T10
100,0,1,0,309,green,11773,T10
101,0,1,0,309,green,11773,T10
102,0,1,0,309,green,11773,T10
103,0,1,0,309,green,11773,T10
104,0,1,0,309,green,11773,T10
105,0,1,0,309,green,11773,T10
106,0,1,0,309,green,11773,T10
107,0,1,0,309,green,11773,T10
108,0,1,0,309,green,11773,T10
109,0,1,0,309,green,11773,T10
110,0,1,0,309,green,11773,T10
111,0,1,0,309,green,11773,T10
112,0,1,0,309,green,11773,T10
113,0,1,0,309,green,11773,T10
114,0,1,0,309,green,11773,T10
115,0,1,0,309,green,11773,T10
116,0,1,0,309,green,11773,T10
117,0,1,0,309,green,11773,T10
118,0,1,0,309,green,11773,T10
119,0,1,0,309,green,11773,T10
120,0,1,0,309,green,11773,T10
121,0,1,0,309,green,11773,T10
122,0,1,0,309,green,11773,T10
123,0,1,0,309,green,11773,T10
124,0,1,0,309,green,11773,T10
125,0,1,0,309,green,11773,T10
126,0,1,0,309,green,11773,T10
127,0,1,0,309,green,11773,T10
128,0,1,0,309,green,11773,T10
129,0,1,0,309,green,11773,T10
130,0,1,0,309,green,11773,T10
131,0,1,0,309,green,11773,T10
132,0,1,0,309,green,11773,T10
133,0,1,0,309,green,11773,T10
134,0,1,0,309,green,11773,T10
135,0,1,0,309,green,11773,T10
136,0,1,0,309,green,11773,T10
137,0,1,0,309,green,11773,T10
138,0,1,0,309,green,11773,T10
139,0,1,0,309,green,11773,T10
140,0,1,0,309,green,11773,T10
141,0,1,0,309,green,11773,T10
142,0,1,0,309,green,11773,T10
143,0,1,0,309,green,11773,T10
144,0,1,0,309,green,11773,T10
145,0,1,0,309,green,11773,T10
146,0,1,0,309,green,11773,T10
147,0,1,0,309,green,11773,T10
148,0,1,0,309,green,11773,T10
149,0,1,0,309,green,11773,T10
150,0,1,0,309,green,11773,T10
151,0,1,0,309,green,11773,T10
152,0,1,0,309,green,11773,T10
153,0,1,0,309,green,11773,T10
154,0,1,0,309,green,11773,T10
155,0,1,0,309,green,11773,T10
0,0,0,1,310,green,11730,T10
1,0,0,1,310,green,11730,T10
2,0,0,1,310,green,11730,T10
3,0,0,1,310,green,11730,T10
4,0,0,1,310,green,11730,T10
5,0,0,1,310,green,11730,T10
6,0,0,1,310,green,11730,T10
7,0,0,1,310,green,11730,T10
8,0,0,1,310,green,11730,T10
9,0,0,1,310,green,11730,T10
10,0,0,1,310,green,11730,T10
11,0,0,1,310,green,11730,T10
12,0,0,1,310,green,11730,T10
13,0,0,1,310,green,11730,T10
14,0,0,1,310,green,11730,T10
15,0,0,1,310,green,11730,T10
16,0,0,1,310,green,11730,T10
17,0,0,1,310,green,11730,T10
18,0,0,1,310,green,11730,T10
19,0,0,1,310,green,11730,T10
20,0,0,1,310,green,11730,T10
21,0,0,1,310,green,11730,T10
22,0,0,1,310,green,11730,T10
23,0,0,1,310,green,11730,T10
24,0,0,1,310,green,11730,T10
25,0,0,1,310,green,11730,T10
26,0,0,1,310,green,11730,T10
27,0,0,1,310,green,11730,T10
28,0,0,1,310,green,11730,T10
29,0,0,1,310,green,11730,T10
30,0,0,1,310,green,11730,T10
31,0,0,1,310,green,11730,T10
32,0,0,1,310,green,11730,T10
33,0,0,1,310,green,11730,T10
34,0,0,1,310,green,11730,T10
35,0,0,1,310,green,11730,T10
36,0,0,1,310,green,11730,T10
37,0,0,1,310,green,11730,T10
38,0,0,1,310,green,11730,T10
39,0,0,1,310,green,11730,T10
40,0,0,1,310,green,11730,T10
41,0,0,1,310,green,11730,T10
42,0,0,1,310,green,11730,T10
43,0,0,1,310,green,11730,T10
44,0,0,1,310,green,11730,T10
45,0,0,1,310,green,11730,T10
46,0,0,1,310,green,11730,T10
47,0,0,1,310,green,11730,T10
48,0,0,1,310,green,11730,T10
49,0,0,1,310,green,11730,T10
50,0,0,1,310,green,11730,T10
51,0,0,1,310,green,11730,T10
52,0,0,1,310,green,11730,T10
53,0,0,1,310,green,11730,T10
54,0,0,1,310,green,11730,T10
55,0,0,1,310,green,11730,T10
56,0,0,1,310,green,11730,T10
57,0,0,1,310,green,11730,T10
58,0,0,1,310,green,11730,T10
59,0,0,1,310,green,11730,T10
60,0,0,1,310,green,11730,T10
61,0,0,1,310,green,11730,T10
62,0,0,1,310,green,11730,T10
63,0,0,1,310,green,11730,T10
64,0,0,1,310,green,11730,T10
65,0,0,1,310,green,11730,T10
66,0,0,1,310,green,11730,T10
67,0,0,1,310,green,11730,T10
68,0,0,1,310,green,11730,T10
69,0,0,1,310,green,11730,T10
70,0,0,1,310,green,11730,T10
71,0,0,1,310,green,11730,T10
72,0,0,1,310,green,11730,T10
73,0,0,1,310,green,11730,T10
74,0,0,1,310,green,11730,T10
75,0,0,1,310,green,11730,T10
76,0,0,1,310,green,11730,T10
77,0,1,0,310,green,11730,T10
78,0,1,0,310,green,11730,T10
79,0,1,0,310,green,11730,T10
80,0,1,0,310,green,11730,T10
81,0,1,0,310,green,11730,T10
82,0,1,0,310,green,11730,T10
83,0,1,0,310,green,11730,T10
84,0,1,0,310,green,11730,T10
85,0,1,0,310,green,11730,T10
86,0,1,0,310,green,11730,T10
87,0,1,0,310,green,11730,T10
88,0,1,0,310,green,11730,T10
89,0,1,0,310,green,11730,T10
90,0,1,0,310,green,11730,T10
91,0,1,0,310,green,11730,T10
92,0,1,0,310,green,11730,T10
93,0,1,0,310,green,11730,T10
94,0,1,0,310,green,11730,T10
95,0,1,0,310,green,11730,T10
96,0,1,0,310,green,11730,T10
97,0,1,0,310,green,11730,T10
98,0,0,1,310,green,11730,T10
99,0,0,1,310,green,11730,T10
100,0,0,1,310,green,11730,T10
101,0,0,1,310,green,11730,T10
102,0,0,1,310,green,11730,T10
103,0,1,0,310,green,11730,T10
104,0,1,0,310,green,11730,T10
105,0,1,0,310,green,11730,T10
106,0,1,0,310,green,11730,T10
107,0,1,0,310,green,11730,T10
108,0,1,0,310,green,11730,T10
109,0,1,0,310,green,11730,T10
110,0,1,0,310,green,11730,T10
111,0,1,0,310,green,11730,T10
112,0,1,0,310,green,11730,T10
113,0,1,0,310,green,11730,T10
114,0,1,0,310,green,11730,T10
115,0,1,0,310,green,11730,T10
116,0,1,0,310,green,11730,T10
117,0,1,0,310,green,11730,T10
118,0,1,0,310,green,11730,T10
119,0,1,0,310,green,11730,T10
120,0,0,1,310,green,11730,T10
121,0,0,1,310,green,11730,T10
122,0,0,1,310,green,11730,T10
123,0,0,1,310,green,11730,T10
124,0,0,1,310,green,11730,T10
125,0,0,1,310,green,11730,T10
126,0,0,1,310,green,11730,T10
127,0,0,1,310,green,11730,T10
128,0,1,0,310,green,11730,T10
129,0,1,0,310,green,11730,T10
130,0,1,0,310,green,11730,T10
131,0,1,0,310,green,11730,T10
132,0,1,0,310,green,11730,T10
133,0,1,0,310,green,11730,T10
134,0,1,0,310,green,11730,T10
135,0,1,0,310,green,11730,T10
136,0,1,0,310,green,11730,T10
137,0,1,0,310,green,11730,T10
138,0,1,0,310,green,11730,T10
139,0,1,0,310,green,11730,T10
140,0,1,0,310,green,11730,T10
141,0,1,0,310,green,11730,T10
142,0,1,0,310,green,11730,T10
143,0,1,0,310,green,11730,T10
144,0,1,0,310,green,11730,T10
145,0,1,0,310,green,11730,T10
146,0,1,0,310,green,11730,T10
147,0,1,0,310,green,11730,T10
148,0,1,0,310,green,11730,T10
149,0,1,0,310,green,11730,T10
150,0,1,0,310,green,11730,T10
151,0,1,0,310,green,11730,T10
152,0,1,0,310,green,11730,T10
153,0,1,0,310,green,11730,T10
154,0,1,0,310,green,11730,T10
155,0,1,0,310,green,11730,T10
0,0,0,1,313,green,11839,T10
1,0,0,1,313,green,11839,T10
2,0,0,1,313,green,11839,T10
3,0,0,1,313,green,11839,T10
4,0,0,1,313,green,11839,T10
5,0,0,1,313,green,11839,T10
6,0,0,1,313,green,11839,T10
7,0,0,1,313,green,11839,T10
8,0,0,1,313,green,11839,T10
9,0,0,1,313,green,11839,T10
10,0,0,1,313,green,11839,T10
11,0,0,1,313,green,11839,T10
12,0,0,1,313,green,11839,T10
13,0,0,1,313,green,11839,T10
14,0,0,1,313,green,11839,T10
15,0,0,1,313,green,11839,T10
16,0,0,1,313,green,11839,T10
17,0,0,1,313,green,11839,T10
18,0,0,1,313,green,11839,T10
19,0,0,1,313,green,11839,T10
20,0,0,1,313,green,11839,T10
21,0,0,1,313,green,11839,T10
22,0,0,1,313,green,11839,T10
23,0,0,1,313,green,11839,T10
24,0,0,1,313,green,11839,T10
25,0,0,1,313,green,11839,T10
26,0,0,1,313,green,11839,T10
27,0,0,1,313,green,11839,T10
28,0,0,1,313,green,11839,T10
29,0,0,1,313,green,11839,T10
30,0,0,1,313,green,11839,T10
31,0,0,1,313,green,11839,T10
32,0,0,1,313,green,11839,T10
33,0,0,1,313,green,11839,T10
34,0,1,0,313,green,11839,T10
35,0,1,0,313,green,11839,T10
36,0,1,0,313,green,11839,T10
37,0,1,0,313,green,11839,T10
38,0,1,0,313,green,11839,T10
39,0,1,0,313,green,11839,T10
40,0,1,0,313,green,11839,T10
41,0,1,0,313,green,11839,T10
42,0,1,0,313,green,11839,T10
43,0,1,0,313,green,11839,T10
44,0,1,0,313,green,11839,T10
45,0,1,0,313,green,11839,T10
46,0,1,0,313,green,11839,T10
47,0,1,0,313,green,11839,T10
48,0,1,0,313,green,11839,T10
49,0,1,0,313,green,11839,T10
50,0,1,0,313,green,11839,T10
51,0,1,0,313,green,11839,T10
52,0,1,0,313,green,11839,T10
53,0,1,0,313,green,11839,T10
54,0,1,0,313,green,11839,T10
55,0,1,0,313,green,11839,T10
56,0,0,1,313,green,11839,T10
57,1,0,0,313,green,11839,T10
58,1,0,0,313,green,11839,T10
59,1,0,0,313,green,11839,T10
60,1,0,0,313,green,11839,T10
61,1,0,0,313,green,11839,T10
62,1,0,0,313,green,11839,T10
63,1,0,0,313,green,11839,T10
64,1,0,0,313,green,11839,T10
65,1,0,0,313,green,11839,T10
66,1,0,0,313,green,11839,T10
67,1,0,0,313,green,11839,T10
68,1,0,0,313,green,11839,T10
69,1,0,0,313,green,11839,T10
70,1,0,0,313,green,11839,T10
71,1,0,0,313,green,11839,T10
72,1,0,0,313,green,11839,T10
73,1,0,0,313,green,11839,T10
74,1,0,0,313,green,11839,T10
75,1,0,0,313,green,11839,T10
76,1,0,0,313,green,11839,T10
77,1,0,0,313,green,11839,T10
78,1,0,0,313,green,11839,T10
79,1,0,0,313,green,11839,T10
80,1,0,0,313,green,11839,T10
81,1,0,0,313,green,11839,T10
82,1,0,0,313,green,11839,T10
83,1,0,0,313,green,11839,T10
84,1,0,0,313,green,11839,T10
85,1,0,0,313,green,11839,T10
86,1,0,0,313,green,11839,T10
87,1,0,0,313,green,11839,T10
88,1,0,0,313,green,11839,T10
89,1,0,0,313,green,11839,T10
90,1,0,0,313,green,11839,T10
91,1,0,0,313,green,11839,T10
92,1,0,0,313,green,11839,T10
93,1,0,0,313,green,11839,T10
94,1,0,0,313,green,11839,T10
95,1,0,0,313,green,11839,T10
96,1,0,0,313,green,11839,T10
97,1,0,0,313,green,11839,T10
98,1,0,0,313,green,11839,T10
99,1,0,0,313,green,11839,T10
100,1,0,0,313,green,11839,T10
101,1,0,0,313,green,11839,T10
102,1,0,0,313,green,11839,T10
103,1,0,0,313,green,11839,T10
104,1,0,0,313,green,11839,T10
105,1,0,0,313,green,11839,T10
106,1,0,0,313,green,11839,T10
107,1,0,0,313,green,11839,T10
108,1,0,0,313,green,11839,T10
109,1,0,0,313,green,11839,T10
110,1,0,0,313,green,11839,T10
111,1,0,0,313,green,11839,T10
112,1,0,0,313,green,11839,T10
113,1,0,0,313,green,11839,T10
114,1,0,0,313,green,11839,T10
115,1,0,0,313,green,11839,T10
116,1,0,0,313,green,11839,T10
117,1,0,0,313,green,11839,T10
118,1,0,0,313,green,11839,T10
119,1,0,0,313,green,11839,T10
120,1,0,0,313,green,11839,T10
121,1,0,0,313,green,11839,T10
122,1,0,0,313,green,11839,T10
123,1,0,0,313,green,11839,T10
124,1,0,0,313,green,11839,T10
125,1,0,0,313,green,11839,T10
126,1,0,0,313,green,11839,T10
127,1,0,0,313,green,11839,T10
128,1,0,0,313,green,11839,T10
129,1,0,0,313,green,11839,T10
130,1,0,0,313,green,11839,T10
131,1,0,0,313,green,11839,T10
132,1,0,0,313,green,11839,T10
133,1,0,0,313,green,11839,T10
134,1,0,0,313,green,11839,T10
135,1,0,0,313,green,11839,T10
136,1,0,0,313,green,11839,T10
137,1,0,0,313,green,11839,T10
138,0,0,1,313,green,11839,T10
139,0,0,1,313,green,11839,T10
140,0,1,0,313,green,11839,T10
141,0,1,0,313,green,11839,T10
142,0,1,0,313,green,11839,T10
143,0,1,0,313,green,11839,T10
144,0,1,0,313,green,11839,T10
145,0,1,0,313,green,11839,T10
146,0,1,0,313,green,11839,T10
147,0,1,0,313,green,11839,T10
148,0,1,0,313,green,11839,T10
149,0,1,0,313,green,11839,T10
150,0,1,0,313,green,11839,T10
151,0,1,0,313,green,11839,T10
152,0,0,1,313,green,11839,T10
153,0,0,1,313,green,11839,T10
154,0,0,1,313,green,11839,T10
155,0,0,1,313,green,11839,T10
0,0,0,1,314,green,11936,T10
1,0,0,1,314,green,11936,T10
2,0,0,1,314,green,11936,T10
3,0,0,1,314,green,11936,T10
4,0,0,1,314,green,11936,T10
5,0,0,1,314,green,11936,T10
6,0,0,1,314,green,11936,T10
7,0,0,1,314,green,11936,T10
8,0,0,1,314,green,11936,T10
9,0,0,1,314,green,11936,T10
10,0,0,1,314,green,11936,T10
11,0,0,1,314,green,11936,T10
12,0,0,1,314,green,11936,T10
13,0,0,1,314,green,11936,T10
14,0,0,1,314,green,11936,T10
15,0,0,1,314,green,11936,T10
16,0,0,1,314,green,11936,T10
17,0,0,1,314,green,11936,T10
18,0,0,1,314,green,11936,T10
19,0,0,1,314,green,11936,T10
20,0,0,1,314,green,11936,T10
21,0,0,1,314,green,11936,T10
22,0,0,1,314,green,11936,T10
23,0,0,1,314,green,11936,T10
24,0,0,1,314,green,11936,T10
25,0,0,1,314,green,11936,T10
26,0,0,1,314,green,11936,T10
27,0,0,1,314,green,11936,T10
28,0,0,1,314,green,11936,T10
29,0,0,1,314,green,11936,T10
30,0,0,1,314,green,11936,T10
31,0,0,1,314,green,11936,T10
32,0,0,1,314,green,11936,T10
33,0,0,1,314,green,11936,T10
34,0,0,1,314,green,11936,T10
35,0,0,1,314,green,11936,T10
36,0,0,1,314,green,11936,T10
37,0,0,1,314,green,11936,T10
38,0,0,1,314,green,11936,T10
39,0,0,1,314,green,11936,T10
40,0,0,1,314,green,11936,T10
41,0,0,1,314,green,11936,T10
42,0,0,1,314,green,11936,T10
43,0,0,1,314,green,11936,T10
44,0,0,1,314,green,11936,T10
45,0,0,1,314,green,11936,T10
46,0,0,1,314,green,11936,T10
47,0,0,1,314,green,11936,T10
48,0,0,1,314,green,11936,T10
49,0,0,1,314,green,11936,T10
50,0,0,1,314,green,11936,T10
51,0,0,1,314,green,11936,T10
52,0,0,1,314,green,11936,T10
53,0,0,1,314,green,11936,T10
54,0,0,1,314,green,11936,T10
55,0,0,1,314,green,11936,T10
56,0,0,1,314,green,11936,T10
57,1,0,0,314,green,11936,T10
58,1,0,0,314,green,11936,T10
59,1,0,0,314,green,11936,T10
60,1,0,0,314,green,11936,T10
61,1,0,0,314,green,11936,T10
62,1,0,0,314,green,11936,T10
63,1,0,0,314,green,11936,T10
64,1,0,0,314,green,11936,T10
65,1,0,0,314,green,11936,T10
66,1,0,0,314,green,11936,T10
67,1,0,0,314,green,11936,T10
68,1,0,0,314,green,11936,T10
69,1,0,0,314,green,11936,T10
70,1,0,0,314,green,11936,T10
71,1,0,0,314,green,11936,T10
72,1,0,0,314,green,11936,T10
73,1,0,0,314,green,11936,T10
74,1,0,0,314,green,11936,T10
75,1,0,0,314,green,11936,T10
76,1,0,0,314,green,11936,T10
77,1,0,0,314,green,11936,T10
78,1,0,0,314,green,11936,T10
79,1,0,0,314,green,11936,T10
80,1,0,0,314,green,11936,T10
81,1,0,0,314,green,11936,T10
82,1,0,0,314,green,11936,T10
83,1,0,0,314,green,11936,T10
84,1,0,0,314,green,11936,T10
85,1,0,0,314,green,11936,T10
86,1,0,0,314,green,11936,T10
87,1,0,0,314,green,11936,T10
88,1,0,0,314,green,11936,T10
89,1,0,0,314,green,11936,T10
90,1,0,0,314,green,11936,T10
91,1,0,0,314,green,11936,T10
92,1,0,0,314,green,11936,T10
93,1,0,0,314,green,11936,T10
94,1,0,0,314,green,11936,T10
95,1,0,0,314,green,11936,T10
96,1,0,0,314,green,11936,T10
97,1,0,0,314,green,11936,T10
98,1,0,0,314,green,11936,T10
99,1,0,0,314,green,11936,T10
100,1,0,0,314,green,11936,T10
101,1,0,0,314,green,11936,T10
102,1,0,0,314,green,11936,T10
103,1,0,0,314,green,11936,T10
104,1,0,0,314,green,11936,T10
105,1,0,0,314,green,11936,T10
106,1,0,0,314,green,11936,T10
107,1,0,0,314,green,11936,T10
108,1,0,0,314,green,11936,T10
109,1,0,0,314,green,11936,T10
110,1,0,0,314,green,11936,T10
111,1,0,0,314,green,11936,T10
112,1,0,0,314,green,11936,T10
113,1,0,0,314,green,11936,T10
114,1,0,0,314,green,11936,T10
115,1,0,0,314,green,11936,T10
116,1,0,0,314,green,11936,T10
117,1,0,0,314,green,11936,T10
118,1,0,0,314,green,11936,T10
119,1,0,0,314,green,11936,T10
120,1,0,0,314,green,11936,T10
121,1,0,0,314,green,11936,T10
122,1,0,0,314,green,11936,T10
123,1,0,0,314,green,11936,T10
124,1,0,0,314,green,11936,T10
125,1,0,0,314,green,11936,T10
126,1,0,0,314,green,11936,T10
127,1,0,0,314,green,11936,T10
128,1,0,0,314,green,11936,T10
129,1,0,0,314,green,11936,T10
130,1,0,0,314,green,11936,T10
131,0,0,1,314,green,11936,T10
132,0,0,1,314,green,11936,T10
133,0,0,1,314,green,11936,T10
134,0,0,1,314,green,11936,T10
135,0,0,1,314,green,11936,T10
136,0,0,1,314,green,11936,T10
137,0,0,1,314,green,11936,T10
138,0,0,1,314,green,11936,T10
139,0,0,1,314,green,11936,T10
140,0,0,1,314,green,11936,T10
141,0,0,1,314,green,11936,T10
142,0,0,1,314,green,11936,T10
143,0,0,1,314,green,11936,T10
144,0,0,1,314,green,11936,T10
145,0,1,0,314,green,11936,T10
146,0,1,0,314,green,11936,T10
147,0,0,1,314,green,11936,T10
148,0,0,1,314,green,11936,T10
149,0,1,0,314,green,11936,T10
150,0,1,0,314,green,11936,T10
151,0,0,1,314,green,11936,T10
152,0,1,0,314,green,11936,T10
153,0,1,0,314,green,11936,T10
154,0,0,1,314,green,11936,T10
155,0,1,0,314,green,11936,T10
0,0,0,1,315,green,11968,T10
1,0,0,1,315,green,11968,T10
2,0,0,1,315,green,11968,T10
3,0,0,1,315,green,11968,T10
4,0,0,1,315,green,11968,T10
5,0,0,1,315,green,11968,T10
6,0,0,1,315,green,11968,T10
7,0,0,1,315,green,11968,T10
8,0,0,1,315,green,11968,T10
9,0,0,1,315,green,11968,T10
10,0,0,1,315,green,11968,T10
11,0,0,1,315,green,11968,T10
12,0,0,1,315,green,11968,T10
13,0,0,1,315,green,11968,T10
14,0,0,1,315,green,11968,T10
15,0,0,1,315,green,11968,T10
16,0,0,1,315,green,11968,T10
17,0,0,1,315,green,11968,T10
18,0,0,1,315,green,11968,T10
19,0,0,1,315,green,11968,T10
20,0,0,1,315,green,11968,T10
21,0,0,1,315,green,11968,T10
22,0,0,1,315,green,11968,T10
23,0,0,1,315,green,11968,T10
24,0,0,1,315,green,11968,T10
25,0,0,1,315,green,11968,T10
26,0,0,1,315,green,11968,T10
27,0,0,1,315,green,11968,T10
28,0,0,1,315,green,11968,T10
29,0,0,1,315,green,11968,T10
30,0,0,1,315,green,11968,T10
31,0,0,1,315,green,11968,T10
32,0,0,1,315,green,11968,T10
33,0,0,1,315,green,11968,T10
34,0,0,1,315,green,11968,T10
35,0,0,1,315,green,11968,T10
36,0,0,1,315,green,11968,T10
37,0,0,1,315,green,11968,T10
38,0,0,1,315,green,11968,T10
39,0,0,1,315,green,11968,T10
40,0,0,1,315,green,11968,T10
41,0,0,1,315,green,11968,T10
42,0,0,1,315,green,11968,T10
43,0,0,1,315,green,11968,T10
44,0,0,1,315,green,11968,T10
45,0,0,1,315,green,11968,T10
46,0,0,1,315,green,11968,T10
47,0,0,1,315,green,11968,T10
48,0,0,1,315,green,11968,T10
49,0,0,1,315,green,11968,T10
50,0,0,1,315,green,11968,T10
51,0,0,1,315,green,11968,T10
52,0,0,1,315,green,11968,T10
53,0,0,1,315,green,11968,T10
54,0,0,1,315,green,11968,T10
55,0,0,1,315,green,11968,T10
56,0,0,1,315,green,11968,T10
57,0,0,1,315,green,11968,T10
58,1,0,0,315,green,11968,T10
59,1,0,0,315,green,11968,T10
60,1,0,0,315,green,11968,T10
61,1,0,0,315,green,11968,T10
62,1,0,0,315,green,11968,T10
63,1,0,0,315,green,11968,T10
64,1,0,0,315,green,11968,T10
65,1,0,0,315,green,11968,T10
66,1,0,0,315,green,11968,T10
67,1,0,0,315,green,11968,T10
68,1,0,0,315,green,11968,T10
69,1,0,0,315,green,11968,T10
70,1,0,0,315,green,11968,T10
71,1,0,0,315,green,11968,T10
72,1,0,0,315,green,11968,T10
73,1,0,0,315,green,11968,T10
74,1,0,0,315,green,11968,T10
75,1,0,0,315,green,11968,T10
76,1,0,0,315,green,11968,T10
77,1,0,0,315,green,11968,T10
78,1,0,0,315,green,11968,T10
79,1,0,0,315,green,11968,T10
80,1,0,0,315,green,11968,T10
81,1,0,0,315,green,11968,T10
82,1,0,0,315,green,11968,T10
83,1,0,0,315,green,11968,T10
84,1,0,0,315,green,11968,T10
85,1,0,0,315,green,11968,T10
86,1,0,0,315,green,11968,T10
87,1,0,0,315,green,11968,T10
88,1,0,0,315,green,11968,T10
89,1,0,0,315,green,11968,T10
90,1,0,0,315,green,11968,T10
91,1,0,0,315,green,11968,T10
92,1,0,0,315,green,11968,T10
93,1,0,0,315,green,11968,T10
94,1,0,0,315,green,11968,T10
95,1,0,0,315,green,11968,T10
96,1,0,0,315,green,11968,T10
97,1,0,0,315,green,11968,T10
98,1,0,0,315,green,11968,T10
99,1,0,0,315,green,11968,T10
100,1,0,0,315,green,11968,T10
101,1,0,0,315,green,11968,T10
102,1,0,0,315,green,11968,T10
103,1,0,0,315,green,11968,T10
104,1,0,0,315,green,11968,T10
105,1,0,0,315,green,11968,T10
106,1,0,0,315,green,11968,T10
107,1,0,0,315,green,11968,T10
108,1,0,0,315,green,11968,T10
109,1,0,0,315,green,11968,T10
110,1,0,0,315,green,11968,T10
111,1,0,0,315,green,11968,T10
112,1,0,0,315,green,11968,T10
113,1,0,0,315,green,11968,T10
114,1,0,0,315,green,11968,T10
115,1,0,0,315,green,11968,T10
116,1,0,0,315,green,11968,T10
117,1,0,0,315,green,11968,T10
118,1,0,0,315,green,11968,T10
119,1,0,0,315,green,11968,T10
120,1,0,0,315,green,11968,T10
121,1,0,0,315,green,11968,T10
122,1,0,0,315,green,11968,T10
123,1,0,0,315,green,11968,T10
124,1,0,0,315,green,11968,T10
125,1,0,0,315,green,11968,T10
126,1,0,0,315,green,11968,T10
127,1,0,0,315,green,11968,T10
128,1,0,0,315,green,11968,T10
129,1,0,0,315,green,11968,T10
130,0,0,1,315,green,11968,T10
131,0,1,0,315,green,11968,T10
132,0,1,0,315,green,11968,T10
133,0,1,0,315,green,11968,T10
134,0,1,0,315,green,11968,T10
135,0,1,0,315,green,11968,T10
136,0,1,0,315,green,11968,T10
137,0,1,0,315,green,11968,T10
138,0,1,0,315,green,11968,T10
139,0,1,0,315,green,11968,T10
140,0,1,0,315,green,11968,T10
141,0,1,0,315,green,11968,T10
142,0,1,0,315,green,11968,T10
143,0,1,0,315,green,11968,T10
144,0,1,0,315,green,11968,T10
145,0,1,0,315,green,11968,T10
146,0,1,0,315,green,11968,T10
147,0,1,0,315,green,11968,T10
148,0,1,0,315,green,11968,T10
149,0,1,0,315,green,11968,T10
150,0,1,0,315,green,11968,T10
151,0,1,0,315,green,11968,T10
152,0,1,0,315,green,11968,T10
153,0,1,0,315,green,11968,T10
154,0,1,0,315,green,11968,T10
155,0,1,0,315,green,11968,T10
0,0,0,1,316,green,11904,T10
1,0,0,1,316,green,11904,T10
2,0,0,1,316,green,11904,T10
3,0,0,1,316,green,11904,T10
4,0,0,1,316,green,11904,T10
5,0,0,1,316,green,11904,T10
6,0,0,1,316,green,11904,T10
7,0,0,1,316,green,11904,T10
8,0,0,1,316,green,11904,T10
9,0,0,1,316,green,11904,T10
10,0,0,1,316,green,11904,T10
11,0,0,1,316,green,11904,T10
12,0,0,1,316,green,11904,T10
13,0,0,1,316,green,11904,T10
14,0,0,1,316,green,11904,T10
15,0,0,1,316,green,11904,T10
16,0,0,1,316,green,11904,T10
17,0,0,1,316,green,11904,T10
18,0,0,1,316,green,11904,T10
19,0,0,1,316,green,11904,T10
20,0,0,1,316,green,11904,T10
21,0,0,1,316,green,11904,T10
22,0,0,1,316,green,11904,T10
23,0,0,1,316,green,11904,T10
24,0,0,1,316,green,11904,T10
25,0,0,1,316,green,11904,T10
26,0,0,1,316,green,11904,T10
27,0,0,1,316,green,11904,T10
28,0,0,1,316,green,11904,T10
29,0,0,1,316,green,11904,T10
30,0,0,1,316,green,11904,T10
31,0,0,1,316,green,11904,T10
32,0,0,1,316,green,11904,T10
33,0,0,1,316,green,11904,T10
34,0,0,1,316,green,11904,T10
35,0,0,1,316,green,11904,T10
36,0,0,1,316,green,11904,T10
37,0,0,1,316,green,11904,T10
38,0,0,1,316,green,11904,T10
39,0,0,1,316,green,11904,T10
40,0,0,1,316,green,11904,T10
41,0,0,1,316,green,11904,T10
42,0,0,1,316,green,11904,T10
43,0,0,1,316,green,11904,T10
44,0,0,1,316,green,11904,T10
45,0,0,1,316,green,11904,T10
46,0,0,1,316,green,11904,T10
47,0,0,1,316,green,11904,T10
48,0,0,1,316,green,11904,T10
49,0,0,1,316,green,11904,T10
50,0,0,1,316,green,11904,T10
51,0,0,1,316,green,11904,T10
52,0,0,1,316,green,11904,T10
53,0,1,0,316,green,11904,T10
54,0,1,0,316,green,11904,T10
55,0,1,0,316,green,11904,T10
56,0,1,0,316,green,11904,T10
57,0,1,0,316,green,11904,T10
58,0,1,0,316,green,11904,T10
59,0,1,0,316,green,11904,T10
60,0,1,0,316,green,11904,T10
61,0,1,0,316,green,11904,T10
62,0,1,0,316,green,11904,T10
63,0,1,0,316,green,11904,T10
64,0,1,0,316,green,11904,T10
65,0,1,0,316,green,11904,T10
66,0,1,0,316,green,11904,T10
67,0,1,0,316,green,11904,T10
68,0,1,0,316,green,11904,T10
69,0,1,0,316,green,11904,T10
70,0,1,0,316,green,11904,T10
71,0,1,0,316,green,11904,T10
72,0,1,0,316,green,11904,T10
73,0,1,0,316,green,11904,T10
74,0,1,0,316,green,11904,T10
75,0,1,0,316,green,11904,T10
76,0,1,0,316,green,11904,T10
77,0,1,0,316,green,11904,T10
78,0,1,0,316,green,11904,T10
79,0,1,0,316,green,11904,T10
80,0,1,0,316,green,11904,T10
81,0,1,0,316,green,11904,T10
82,0,1,0,316,green,11904,T10
83,0,1,0,316,green,11904,T10
84,0,1,0,316,green,11904,T10
85,0,1,0,316,green,11904,T10
86,0,1,0,316,green,11904,T10
87,0,1,0,316,green,11904,T10
88,0,1,0,316,green,11904,T10
89,0,1,0,316,green,11904,T10
90,0,1,0,316,green,11904,T10
91,0,1,0,316,green,11904,T10
92,0,1,0,316,green,11904,T10
93,0,1,0,316,green,11904,T10
94,0,1,0,316,green,11904,T10
95,0,1,0,316,green,11904,T10
96,0,1,0,316,green,11904,T10
97,0,1,0,316,green,11904,T10
98,0,1,0,316,green,11904,T10
99,0,1,0,316,green,11904,T10
100,0,1,0,316,green,11904,T10
101,0,1,0,316,green,11904,T10
102,0,1,0,316,green,11904,T10
103,0,1,0,316,green,11904,T10
104,0,1,0,316,green,11904,T10
105,0,1,0,316,green,11904,T10
106,0,1,0,316,green,11904,T10
107,0,1,0,316,green,11904,T10
108,0,1,0,316,green,11904,T10
109,0,1,0,316,green,11904,T10
110,0,1,0,316,green,11904,T10
111,0,1,0,316,green,11904,T10
112,0,1,0,316,green,11904,T10
113,0,1,0,316,green,11904,T10
114,0,1,0,316,green,11904,T10
115,0,1,0,316,green,11904,T10
116,0,1,0,316,green,11904,T10
117,0,1,0,316,green,11904,T10
118,0,1,0,316,green,11904,T10
119,0,1,0,316,green,11904,T10
120,0,1,0,316,green,11904,T10
121,0,1,0,316,green,11904,T10
122,0,1,0,316,green,11904,T10
123,0,1,0,316,green,11904,T10
124,0,1,0,316,green,11904,T10
125,0,1,0,316,green,11904,T10
126,0,1,0,316,green,11904,T10
127,0,1,0,316,green,11904,T10
128,0,1,0,316,green,11904,T10
129,0,1,0,316,green,11904,T10
130,0,1,0,316,green,11904,T10
131,0,1,0,316,green,11904,T10
132,0,1,0,316,green,11904,T10
133,0,1,0,316,green,11904,T10
134,0,1,0,316,green,11904,T10
135,0,1,0,316,green,11904,T10
136,0,1,0,316,green,11904,T10
137,0,1,0,316,green,11904,T10
138,0,1,0,316,green,11904,T10
139,0,1,0,316,green,11904,T10
140,0,1,0,316,green,11904,T10
141,0,1,0,316,green,11904,T10
142,0,1,0,316,green,11904,T10
143,0,1,0,316,green,11904,T10
144,0,1,0,316,green,11904,T10
145,0,1,0,316,green,11904,T10
146,0,1,0,316,green,11904,T10
147,0,1,0,316,green,11904,T10
148,0,1,0,316,green,11904,T10
149,0,1,0,316,green,11904,T10
150,0,1,0,316,green,11904,T10
151,0,1,0,316,green,11904,T10
152,0,1,0,316,green,11904,T10
153,0,1,0,316,green,11904,T10
154,0,1,0,316,green,11904,T10
155,0,1,0,316,green,11904,T10
0,0,0,1,317,green,12051,T10
1,0,0,1,317,green,12051,T10
2,0,0,1,317,green,12051,T10
3,0,0,1,317,green,12051,T10
4,0,0,1,317,green,12051,T10
5,0,0,1,317,green,12051,T10
6,0,0,1,317,green,12051,T10
7,0,0,1,317,green,12051,T10
8,0,0,1,317,green,12051,T10
9,0,0,1,317,green,12051,T10
10,0,0,1,317,green,12051,T10
11,0,0,1,317,green,12051,T10
12,0,0,1,317,green,12051,T10
13,0,0,1,317,green,12051,T10
14,0,0,1,317,green,12051,T10
15,0,0,1,317,green,12051,T10
16,0,0,1,317,green,12051,T10
17,0,0,1,317,green,12051,T10
18,0,0,1,317,green,12051,T10
19,0,0,1,317,green,12051,T10
20,0,0,1,317,green,12051,T10
21,0,0,1,317,green,12051,T10
22,0,0,1,317,green,12051,T10
23,0,0,1,317,green,12051,T10
24,0,0,1,317,green,12051,T10
25,0,0,1,317,green,12051,T10
26,0,0,1,317,green,12051,T10
27,0,0,1,317,green,12051,T10
28,0,0,1,317,green,12051,T10
29,0,0,1,317,green,12051,T10
30,0,0,1,317,green,12051,T10
31,0,0,1,317,green,12051,T10
32,0,0,1,317,green,12051,T10
33,0,0,1,317,green,12051,T10
34,0,0,1,317,green,12051,T10
35,0,0,1,317,green,12051,T10
36,0,0,1,317,green,12051,T10
37,0,0,1,317,green,12051,T10
38,0,0,1,317,green,12051,T10
39,0,0,1,317,green,12051,T10
40,0,0,1,317,green,12051,T10
41,0,0,1,317,green,12051,T10
42,0,0,1,317,green,12051,T10
43,0,0,1,317,green,12051,T10
44,0,0,1,317,green,12051,T10
45,0,0,1,317,green,12051,T10
46,0,0,1,317,green,12051,T10
47,0,0,1,317,green,12051,T10
48,0,0,1,317,green,12051,T10
49,0,0,1,317,green,12051,T10
50,0,0,1,317,green,12051,T10
51,0,0,1,317,green,12051,T10
52,0,0,1,317,green,12051,T10
53,0,0,1,317,green,12051,T10
54,0,0,1,317,green,12051,T10
55,0,0,1,317,green,12051,T10
56,0,0,1,317,green,12051,T10
57,0,0,1,317,green,12051,T10
58,0,0,1,317,green,12051,T10
59,0,0,1,317,green,12051,T10
60,0,0,1,317,green,12051,T10
61,0,0,1,317,green,12051,T10
62,0,0,1,317,green,12051,T10
63,0,0,1,317,green,12051,T10
64,0,1,0,317,green,12051,T10
65,0,1,0,317,green,12051,T10
66,0,1,0,317,green,12051,T10
67,0,1,0,317,green,12051,T10
68,0,1,0,317,green,12051,T10
69,0,1,0,317,green,12051,T10
70,0,1,0,317,green,12051,T10
71,0,1,0,317,green,12051,T10
72,0,1,0,317,green,12051,T10
73,0,1,0,317,green,12051,T10
74,0,1,0,317,green,12051,T10
75,0,1,0,317,green,12051,T10
76,0,1,0,317,green,12051,T10
77,0,1,0,317,green,12051,T10
78,0,1,0,317,green,12051,T10
79,0,1,0,317,green,12051,T10
80,0,1,0,317,green,12051,T10
81,0,1,0,317,green,12051,T10
82,0,1,0,317,green,12051,T10
83,0,1,0,317,green,12051,T10
84,0,1,0,317,green,12051,T10
85,0,1,0,317,green,12051,T10
86,0,1,0,317,green,12051,T10
87,0,1,0,317,green,12051,T10
88,0,1,0,317,green,12051,T10
89,0,1,0,317,green,12051,T10
90,0,1,0,317,green,12051,T10
91,0,1,0,317,green,12051,T10
92,0,1,0,317,green,12051,T10
93,0,1,0,317,green,12051,T10
94,0,1,0,317,green,12051,T10
95,0,1,0,317,green,12051,T10
96,0,1,0,317,green,12051,T10
97,0,1,0,317,green,12051,T10
98,0,1,0,317,green,12051,T10
99,0,1,0,317,green,12051,T10
100,0,1,0,317,green,12051,T10
101,0,1,0,317,green,12051,T10
102,0,1,0,317,green,12051,T10
103,0,1,0,317,green,12051,T10
104,0,1,0,317,green,12051,T10
105,0,1,0,317,green,12051,T10
106,0,1,0,317,green,12051,T10
107,0,1,0,317,green,12051,T10
108,0,1,0,317,green,12051,T10
109,0,1,0,317,green,12051,T10
110,0,1,0,317,green,12051,T10
111,0,1,0,317,green,12051,T10
112,0,1,0,317,green,12051,T10
113,0,1,0,317,green,12051,T10
114,0,1,0,317,green,12051,T10
115,0,1,0,317,green,12051,T10
116,0,1,0,317,green,12051,T10
117,0,1,0,317,green,12051,T10
118,0,1,0,317,green,12051,T10
119,0,1,0,317,green,12051,T10
120,0,1,0,317,green,12051,T10
121,0,1,0,317,green,12051,T10
122,0,1,0,317,green,12051,T10
123,0,1,0,317,green,12051,T10
124,0,1,0,317,green,12051,T10
125,0,1,0,317,green,12051,T10
126,0,1,0,317,green,12051,T10
127,0,1,0,317,green,12051,T10
128,0,1,0,317,green,12051,T10
129,0,1,0,317,green,12051,T10
130,0,1,0,317,green,12051,T10
131,0,1,0,317,green,12051,T10
132,0,1,0,317,green,12051,T10
133,0,1,0,317,green,12051,T10
134,0,1,0,317,green,12051,T10
135,0,1,0,317,green,12051,T10
136,0,1,0,317,green,12051,T10
137,0,1,0,317,green,12051,T10
138,0,1,0,317,green,12051,T10
139,0,1,0,317,green,12051,T10
140,0,1,0,317,green,12051,T10
141,0,1,0,317,green,12051,T10
142,0,1,0,317,green,12051,T10
143,0,1,0,317,green,12051,T10
144,0,1,0,317,green,12051,T10
145,0,1,0,317,green,12051,T10
146,0,1,0,317,green,12051,T10
147,0,1,0,317,green,12051,T10
148,0,1,0,317,green,12051,T10
149,0,1,0,317,green,12051,T10
150,0,1,0,317,green,12051,T10
151,0,1,0,317,green,12051,T10
152,0,1,0,317,green,12051,T10
153,0,1,0,317,green,12051,T10
154,0,1,0,317,green,12051,T10
155,0,1,0,317,green,12051,T10
