{
  "barriers": [
    {
      "x": 55.1,
      "y": 30.2,
      "width": 10.9,
      "height": 28.0
    }
  ],
  "occluders": [],
  "step_data": {
    "0": {
      "x": 77.1,
      "y": 55.8,
      "speed": 1.0,
      "dir": 0.0,
      "vx": 0.0,
      "vy": 0.0
    },
    "1": {
      "x": 77.85,
      "y": 54.65,
      "speed": 1.0,
      "dir": -0.9928943898326504,
      "vx": 0.5462677805469227,
      "vy": -0.8376105968386138
    },
    "2": {
      "x": 78.65,
      "y": 53.45,
      "speed": 1.0,
      "dir": -0.9827937232473208,
      "vx": 0.554700196225236,
      "vy": -0.8320502943378392
    },
    "3": {
      "x": 79.55,
      "y": 52.15,
      "speed": 1.0,
      "dir": -0.9652516631899326,
      "vx": 0.5692099788303033,
      "vy": -0.822192191643782
    },
    "4": {
      "x": 80.35,
      "y": 50.95,
      "speed": 1.0,
      "dir": -0.982793723247329,
      "vx": 0.5547001962252291,
      "vy": -0.8320502943378437
    },
    "5": {
      "x": 81.25,
      "y": 49.75,
      "speed": 1.0,
      "dir": -0.9272952180016104,
      "vx": 0.6000000000000014,
      "vy": -0.7999999999999988
    },
    "6": {
      "x": 82.0,
      "y": 48.4,
      "speed": 1.0,
      "dir": -1.0636978224025602,
      "vx": 0.48564293117863166,
      "vy": -0.8741572761215379
    },
    "7": {
      "x": 83.0,
      "y": 47.3,
      "speed": 1.0,
      "dir": -0.8329812666744323,
      "vx": 0.672672793996312,
      "vy": -0.739940073395944
    },
    "8": {
      "x": 83.8,
      "y": 46.1,
      "speed": 1.0,
      "dir": -0.982793723247329,
      "vx": 0.5547001962252291,
      "vy": -0.8320502943378437
    },
    "9": {
      "x": 84.65,
      "y": 44.75,
      "speed": 1.0,
      "dir": -1.0088747645380773,
      "vx": 0.5328132696861427,
      "vy": -0.8462328400897485
    },
    "10": {
      "x": 85.45,
      "y": 43.55,
      "speed": 1.0,
      "dir": -0.9827937232473318,
      "vx": 0.5547001962252268,
      "vy": -0.8320502943378453
    },
    "11": {
      "x": 86.35,
      "y": 42.25,
      "speed": 1.0,
      "dir": -0.96525166318993,
      "vx": 0.5692099788303054,
      "vy": -0.8221921916437807
    },
    "12": {
      "x": 87.15,
      "y": 41.05,
      "speed": 1.0,
      "dir": -0.9827937232473236,
      "vx": 0.5547001962252336,
      "vy": -0.8320502943378406
    },
    "13": {
      "x": 88.0,
      "y": 39.8,
      "speed": 1.0,
      "dir": -0.9736196687022223,
      "vx": 0.5623100214072765,
      "vy": -0.8269265020695299
    },
    "14": {
      "x": 88.85,
      "y": 38.55,
      "speed": 1.0,
      "dir": -0.9736196687022223,
      "vx": 0.5623100214072765,
      "vy": -0.8269265020695299
    },
    "15": {
      "x": 89.8,
      "y": 37.3,
      "speed": 1.0,
      "dir": -0.9209258773829476,
      "vx": 0.605083267533559,
      "vy": -0.7961621941231016
    },
    "16": {
      "x": 90.55,
      "y": 36.1,
      "speed": 1.0,
      "dir": -1.0121970114513326,
      "vx": 0.5299989400031814,
      "vy": -0.8479983040050871
    },
    "17": {
      "x": 91.45,
      "y": 34.85,
      "speed": 1.0,
      "dir": -0.9467732738181368,
      "vx": 0.5843047258450783,
      "vy": -0.8115343414514926
    },
    "18": {
      "x": 92.25,
      "y": 33.65,
      "speed": 1.0,
      "dir": -0.9827937232473318,
      "vx": 0.5547001962252268,
      "vy": -0.8320502943378453
    },
    "19": {
      "x": 93.15,
      "y": 32.35,
      "speed": 1.0,
      "dir": -0.9652516631899226,
      "vx": 0.5692099788303115,
      "vy": -0.8221921916437763
    },
    "20": {
      "x": 93.95,
      "y": 31.15,
      "speed": 1.0,
      "dir": -0.9827937232473318,
      "vx": 0.5547001962252268,
      "vy": -0.8320502943378453
    },
    "21": {
      "x": 94.9,
      "y": 29.9,
      "speed": 1.0,
      "dir": -0.9209258773829476,
      "vx": 0.605083267533559,
      "vy": -0.7961621941231016
    },
    "22": {
      "x": 95.65,
      "y": 28.65,
      "speed": 1.0,
      "dir": -1.0303768265243125,
      "vx": 0.5144957554275265,
      "vy": -0.8574929257125442
    },
    "23": {
      "x": 95.35,
      "y": 27.45,
      "speed": 1.0,
      "dir": -1.8157749899217699,
      "vx": -0.2425356250363418,
      "vy": -0.9701425001453298
    },
    "24": {
      "x": 94.45,
      "y": 26.25,
      "speed": 1.0,
      "dir": -2.214297435588177,
      "vx": -0.5999999999999966,
      "vy": -0.8000000000000026
    },
    "25": {
      "x": 93.7,
      "y": 25.0,
      "speed": 1.0,
      "dir": -2.1112158270654806,
      "vx": -0.5144957554275265,
      "vy": -0.8574929257125442
    },
    "26": {
      "x": 92.75,
      "y": 23.75,
      "speed": 1.0,
      "dir": -2.2206667762068455,
      "vx": -0.605083267533559,
      "vy": -0.7961621941231016
    },
    "27": {
      "x": 91.95,
      "y": 22.45,
      "speed": 1.0,
      "dir": -2.122451309323442,
      "vx": -0.5240974256643331,
      "vy": -0.8516583167045447
    },
    "28": {
      "x": 91.05,
      "y": 21.25,
      "speed": 1.0,
      "dir": -2.2142974355881844,
      "vx": -0.6000000000000028,
      "vy": -0.799999999999998
    },
    "29": {
      "x": 90.25,
      "y": 20.05,
      "speed": 1.0,
      "dir": -2.1587989303424626,
      "vx": -0.554700196225228,
      "vy": -0.8320502943378445
    },
    "30": {
      "x": 89.35,
      "y": 18.75,
      "speed": 1.0,
      "dir": -2.1763409903998694,
      "vx": -0.5692099788303105,
      "vy": -0.822192191643777
    },
    "31": {
      "x": 88.55,
      "y": 17.55,
      "speed": 1.0,
      "dir": -2.1587989303424626,
      "vx": -0.554700196225228,
      "vy": -0.8320502943378445
    },
    "32": {
      "x": 87.65,
      "y": 16.35,
      "speed": 1.0,
      "dir": -2.214297435588177,
      "vx": -0.5999999999999966,
      "vy": -0.8000000000000026
    },
    "33": {
      "x": 86.8,
      "y": 15.0,
      "speed": 1.0,
      "dir": -2.1327178890517158,
      "vx": -0.5328132696861427,
      "vy": -0.8462328400897485
    },
    "34": {
      "x": 85.9,
      "y": 13.8,
      "speed": 1.0,
      "dir": -2.214297435588177,
      "vx": -0.5999999999999966,
      "vy": -0.8000000000000026
    },
    "35": {
      "x": 85.15,
      "y": 12.55,
      "speed": 1.0,
      "dir": -2.1112158270654806,
      "vx": -0.5144957554275265,
      "vy": -0.8574929257125442
    },
    "36": {
      "x": 84.25,
      "y": 11.35,
      "speed": 1.0,
      "dir": -2.2142974355881835,
      "vx": -0.6000000000000021,
      "vy": -0.7999999999999985
    },
    "37": {
      "x": 83.45,
      "y": 10.15,
      "speed": 1.0,
      "dir": -2.1587989303424626,
      "vx": -0.554700196225228,
      "vy": -0.8320502943378445
    },
    "38": {
      "x": 82.55,
      "y": 8.85,
      "speed": 1.0,
      "dir": -2.1763409903998694,
      "vx": -0.5692099788303105,
      "vy": -0.822192191643777
    },
    "39": {
      "x": 81.75,
      "y": 7.65,
      "speed": 1.0,
      "dir": -2.1587989303424626,
      "vx": -0.554700196225228,
      "vy": -0.8320502943378445
    },
    "40": {
      "x": 80.95,
      "y": 6.449999999999999,
      "speed": 1.0,
      "dir": -2.158798930342462,
      "vx": -0.5547001962252275,
      "vy": -0.8320502943378449
    },
    "41": {
      "x": 80.05,
      "y": 5.15,
      "speed": 1.0,
      "dir": -2.17634099039987,
      "vx": -0.5692099788303111,
      "vy": -0.8221921916437768
    },
    "42": {
      "x": 79.25,
      "y": 3.95,
      "speed": 1.0,
      "dir": -2.1587989303424626,
      "vx": -0.5547001962252277,
      "vy": -0.8320502943378446
    },
    "43": {
      "x": 78.4,
      "y": 2.5999999999999996,
      "speed": 1.0,
      "dir": -2.1327178890517087,
      "vx": -0.5328132696861365,
      "vy": -0.8462328400897523
    },
    "44": {
      "x": 77.55,
      "y": 1.4500000000000002,
      "speed": 1.0,
      "dir": -2.2073045425828526,
      "vx": -0.5943910610838098,
      "vy": -0.8041761414663224
    },
    "45": {
      "x": 76.65,
      "y": 0.25,
      "speed": 1.0,
      "dir": -2.2142974355881764,