{
  "barriers": [
    {
      "x": 35.4,
      "y": 29.1,
      "width": 7.3,
      "height": 24.1
    },
    {
      "x": 35.2,
      "y": 0.8,
      "width": 14.0,
      "height": 16.5
    }
  ],
  "occluders": [],
  "step_data": {
    "0": {
      "x": 3.9000000000000004,
      "y": 19.5,
      "speed": 1.0,
      "dir": 0.0,
      "vx": 0.0,
      "vy": 0.0
    },
    "1": {
      "x": 5.3,
      "y": 18.9,
      "speed": 1.0,
      "dir": -0.40489178628508443,
      "vx": 0.9191450300180576,
      "vy": -0.39391929857916863
    },
    "2": {
      "x": 6.5,
      "y": 18.2,
      "speed": 1.0,
      "dir": -0.5280744484263592,
      "vx": 0.8637789008984336,
      "vy": -0.5038710255240857
    },
    "3": {
      "x": 7.949999999999999,
      "y": 17.65,
      "speed": 1.0,
      "dir": -0.36254423726450813,
      "vx": 0.9349975263177832,
      "vy": -0.35465423412053904
    },
    "4": {
      "x": 9.25,
      "y": 16.95,
      "speed": 1.0,
      "dir": -0.49394136891958057,
      "vx": 0.8804710999221754,
      "vy": -0.47409982303501685
    },
    "5": {
      "x": 10.65,
      "y": 16.25,
      "speed": 1.0,
      "dir": -0.46364760900080565,
      "vx": 0.8944271909999161,
      "vy": -0.4472135954999575
    },
    "6": {
      "x": 11.9,
      "y": 15.600000000000001,
      "speed": 1.0,
      "dir": -0.47951929199259524,
      "vx": 0.8872168012345956,
      "vy": -0.46135273664198867
    },
    "7": {
      "x": 13.4,
      "y": 14.899999999999999,
      "speed": 1.0,
      "dir": -0.4366271598135429,
      "vx": 0.9061831399952648,
      "vy": -0.4228854653311253
    },
    "8": {
      "x": 14.649999999999999,
      "y": 14.25,
      "speed": 1.0,
      "dir": -0.4795192919925959,
      "vx": 0.8872168012345953,
      "vy": -0.4613527366419893
    },
    "9": {
      "x": 16.0,
      "y": 13.7,
      "speed": 1.0,
      "dir": -0.38687571773102813,
      "vx": 0.9260923597695476,
      "vy": -0.37729688731351946
    },
    "10": {
      "x": 17.3,
      "y": 12.9,
      "speed": 1.0,
      "dir": -0.5516549825285461,
      "vx": 0.8516583167045443,
      "vy": -0.524097425664334
    },
    "11": {
      "x": 18.7,
      "y": 12.3,
      "speed": 1.0,
      "dir": -0.4048917862850836,
      "vx": 0.9191450300180578,
      "vy": -0.3939192985791678
    },
    "12": {
      "x": 20.05,
      "y": 11.65,
      "speed": 1.0,
      "dir": -0.4487233440107209,
      "vx": 0.9010016697591,
      "vy": -0.43381561877289976
    },
    "13": {
      "x": 21.35,
      "y": 10.95,
      "speed": 1.0,
      "dir": -0.4939413689195817,
      "vx": 0.880471099922175,
      "vy": -0.4740998230350178
    },
    "14": {
      "x": 22.75,
      "y": 10.25,
      "speed": 1.0,
      "dir": -0.4636476090008061,
      "vx": 0.8944271909999159,
      "vy": -0.4472135954999579
    },
    "15": {
      "x": 24.0,
      "y": 9.7,
      "speed": 1.0,
      "dir": -0.41450687458478636,
      "vx": 0.9153150324227655,
      "vy": -0.40273861426601726
    },
    "16": {
      "x": 25.45,
      "y": 9.0,
      "speed": 1.0,
      "dir": -0.4497596130698388,
      "vx": 0.9005516363645785,
      "vy": -0.43474906583117556
    },
    "17": {
      "x": 26.75,
      "y": 8.25,
      "speed": 1.0,
      "dir": -0.5232783221319752,
      "vx": 0.8661855860486005,
      "vy": -0.49972245348957695
    },
    "18": {
      "x": 28.1,
      "y": 7.6,
      "speed": 1.0,
      "dir": -0.4487233440107209,
      "vx": 0.9010016697591,
      "vy": -0.43381561877289976
    },
    "19": {
      "x": 29.45,
      "y": 6.949999999999999,
      "speed": 1.0,
      "dir": -0.44872334401072195,
      "vx": 0.9010016697590995,
      "vy": -0.43381561877290065
    },
    "20": {
      "x": 30.75,
      "y": 6.25,
      "speed": 1.0,
      "dir": -0.49394136891958057,
      "vx": 0.8804710999221754,
      "vy": -0.47409982303501685
    },
    "21": {
      "x": 30.1,
      "y": 5.6,
      "speed": 1.0,
      "dir": -2.3561944901923435,
      "vx": -0.7071067811865466,
      "vy": -0.7071067811865485
    },
    "22": {
      "x": 28.75,
      "y": 4.95,
      "speed": 1.0,
      "dir": -2.692869309579073,
      "vx": -0.9010016697591001,
      "vy": -0.43381561877289926
    },
    "23": {
      "x": 27.3,
      "y": 4.3,
      "speed": 1.0,
      "dir": -2.7201734467019887,
      "vx": -0.9125093245149511,
      "vy": -0.4090559040929095
    },
    "24": {
      "x": 26.0,
      "y": 3.7,
      "speed": 1.0,
      "dir": -2.709184878019256,
      "vx": -0.9079593845004519,
      "vy": -0.41905817746174656
    },
    "25": {
      "x": 24.7,
      "y": 2.9000000000000004,
      "speed": 1.0,
      "dir": -2.5899376710612465,
      "vx": -0.8516583167045441,
      "vy": -0.5240974256643344
    },
    "26": {
      "x": 23.3,
      "y": 2.3,
      "speed": 1.0,
      "dir": -2.7367008673047093,
      "vx": -0.9191450300180575,
      "vy": -0.39391929857916824
    },
    "27": {
      "x": 22.05,
      "y": 1.65,
      "speed": 1.0,
      "dir": -2.662073361597197,
      "vx": -0.8872168012345952,
      "vy": -0.46135273664198945
    },
    "28": {
      "x": 20.6,
      "y": 0.8999999999999999,
      "speed": 1.0,
      "dir": -2.664247271216121,
      "vx": -0.8882176431559488,
      "vy": -0.45942291887376674
    },
    "29": {
      "x": 19.35,
      "y": 0.3500000000000001,
      "speed": 1.0,
      "dir": -2.7270857790050074,
      "vx": -0.9153150324227656,
      "vy": -0.4027386142660167
    },
    "30": {
      "x": 17.95,
      "y": 0.5499999999999998,
      "speed": 1.0,
      "dir": 2.9996955989856295,
      "vx": -0.9899494936611666,
      "vy": 0.14142135623730911
    },
    "31": {
      "x": 16.7,
      "y": 1.2999999999999998,
      "speed": 1.0,
      "dir": 2.601173153319209,
      "vx": -0.8574929257125442,
      "vy": 0.5144957554275265
    },
    "32": {
      "x": 15.350000000000001,
      "y": 1.85,
      "speed": 1.0,
      "dir": 2.7547169358587644,
      "vx": -0.9260923597695474,
      "vy": 0.3772968873135201
    },
    "33": {
      "x": 13.95,
      "y": 2.55,
      "speed": 1.0,
      "dir": 2.677945044588988,
      "vx": -0.8944271909999163,
      "vy": 0.4472135954999573
    },
    "34": {
      "x": 12.65,
      "y": 3.25,
      "speed": 1.0,
      "dir": 2.6476512846702116,
      "vx": -0.8804710999221751,
      "vy": 0.47409982303501785
    },
    "35": {
      "x": 11.25,
      "y": 3.8,
      "speed": 1.0,
      "dir": 2.7672590375822095,
      "vx": -0.9307514934403471,
      "vy": 0.3656523724229933
    },
    "36": {
      "x": 9.95,
      "y": 4.55,
      "speed": 1.0,
      "dir": 2.618314331457818,
      "vx": -0.8661855860486005,
      "vy": 0.49972245348957695
    },
    "37": {
      "x": 8.6,
      "y": 5.3,
      "speed": 1.0,
      "dir": 2.6344941491974563,
      "vx": -0.8741572761215378,
      "vy": 0.4856429311786322
    },
    "38": {
      "x": 7.300000000000001,
      "y": 5.9,
      "speed": 1.0,
      "dir": 2.7091848780192547,
      "vx": -0.9079593845004514,
      "vy": 0.4190581774617475
    },
    "39": {
      "x": 5.85,
      "y": 6.550000000000001,
      "speed": 1.0,
      "dir": 2.720173446701989,
      "vx": -0.9125093245149514,
      "vy": 0.40905590409290915
    },
    "40": {
      "x": 4.6,
      "y": 7.1,
      "speed": 1.0,
      "dir": 2.727085779005008,
      "vx": -0.9153150324227659,
      "vy": 0.4027386142660162
    },
    "41": {
      "x": 3.2,
      "y": 7.9,
      "speed": 1.0,
      "dir": 2.6224465393432697,
      "vx": -0.868243142124459,
      "vy": 0.49613893835683437
    },
    "42": {
      "x": 1.85,
      "y": 8.55,
      "speed": 1.0,
      "dir": 2.692869309579072,
      "vx": -0.9010016697590998,
      "vy": 0.43381561877290004
    },
    "43": {
      "x": 0.5,
      "y": 9.2,
      "speed": 1.0,
      "dir": 2.692869309579073,
      "vx": -0.9010016697591002,
      "vy": 0.43381561877289915
    },
    "44": {
      "x": 0.7000000000000002,
      "y": 9.9,
      "speed": 1.0,