{
  "barriers": [
    {
      "x": 56.5,
      "y": 30.3,
      "width": 9.8,
      "height": 8.1
    },
    {
      "x": 19.7,
      "y": 23.5,
      "width": 21.9,
      "height": 24.3
    },
    {
      "x": 91.3,
      "y": 42.9,
      "width": 5.2,
      "height": 10.7
    }
  ],
  "occluders": [],
  "step_data": {
    "0": {
      "x": 72.05,
      "y": 36.95,
      "speed": 1.0,
      "dir": 0.0,
      "vx": 0.0,
      "vy": 0.0
    },
    "1": {
      "x": 73.4,
      "y": 36.85,
      "speed": 1.0,
      "dir": -0.07393903765794094,
      "vx": 0.9972677544567089,
      "vy": -0.07387168551531237
    },
    "2": {
      "x": 74.95,
      "y": 36.75,
      "speed": 1.0,
      "dir": -0.06442683942555459,
      "vx": 0.9979253089684581,
      "vy": -0.06438227799796607
    },
    "3": {
      "x": 76.45,
      "y": 36.65,
      "speed": 1.0,
      "dir": -0.06656816377582475,
      "vx": 0.9977851578566089,
      "vy": -0.06651901052377487
    },
    "4": {
      "x": 77.95,
      "y": 36.55,
      "speed": 1.0,
      "dir": -0.06656816377582475,
      "vx": 0.9977851578566089,
      "vy": -0.06651901052377487
    },
    "5": {
      "x": 79.45,
      "y": 36.35,
      "speed": 1.0,
      "dir": -0.13255153229667124,
      "vx": 0.991227900682635,
      "vy": -0.13216372009101518
    },
    "6": {
      "x": 80.95,
      "y": 36.25,
      "speed": 1.0,
      "dir": -0.06656816377582475,
      "vx": 0.9977851578566089,
      "vy": -0.06651901052377487
    },
    "7": {
      "x": 82.5,
      "y": 36.2,
      "speed": 1.0,
      "dir": -0.032246882435252144,
      "vx": 0.9994801143396996,
      "vy": -0.03224129401095628
    },
    "8": {
      "x": 83.9,
      "y": 36.0,
      "speed": 1.0,
      "dir": -0.14189705460416535,
      "vx": 0.9899494936611664,
      "vy": -0.14142135623731092
    },
    "9": {
      "x": 85.5,
      "y": 35.85,
      "speed": 1.0,
      "dir": -0.09347678115858891,
      "vx": 0.9956342260592882,
      "vy": -0.09334070869305772
    },
    "10": {
      "x": 86.95,
      "y": 35.75,
      "speed": 1.0,
      "dir": -0.06885648930104545,
      "vx": 0.9976303284229829,
      "vy": -0.06880209161537898
    },
    "11": {
      "x": 88.5,
      "y": 35.7,
      "speed": 1.0,
      "dir": -0.032246882435252144,
      "vx": 0.9994801143396996,
      "vy": -0.03224129401095628
    },
    "12": {
      "x": 89.95,
      "y": 35.55,
      "speed": 1.0,
      "dir": -0.10308160852270393,
      "vx": 0.9946917938265508,
      "vy": -0.10289915108550897
    },
    "13": {
      "x": 91.45,
      "y": 35.35,
      "speed": 1.0,
      "dir": -0.13255153229667124,
      "vx": 0.991227900682635,
      "vy": -0.13216372009101518
    },
    "14": {
      "x": 92.9,
      "y": 35.3,
      "speed": 1.0,
      "dir": -0.034469100999510886,
      "vx": 0.9994059993535873,
      "vy": -0.034462275839781745
    },
    "15": {
      "x": 94.45,
      "y": 35.15,
      "speed": 1.0,
      "dir": -0.09647377518258618,
      "vx": 0.9953500135553002,
      "vy": -0.09632419486018962
    },
    "16": {
      "x": 95.95,
      "y": 35.05,
      "speed": 1.0,
      "dir": -0.06656816377582475,
      "vx": 0.9977851578566089,
      "vy": -0.06651901052377487
    },
    "17": {
      "x": 94.4,
      "y": 34.85,
      "speed": 1.0,
      "dir": -3.0132694259040007,
      "vx": -0.9917778666340255,
      "vy": -0.12797133763019436
    },
    "18": {
      "x": 92.9,
      "y": 34.8,
      "speed": 1.0,
      "dir": -3.1082716577115432,
      "vx": -0.9994449069791543,
      "vy": -0.03331483023264132
    },
    "19": {
      "x": 91.45,
      "y": 34.7,
      "speed": 1.0,
      "dir": -3.0727361642887527,
      "vx": -0.9976303284229833,
      "vy": -0.06880209161537411
    },
    "20": {
      "x": 89.95,
      "y": 34.55,
      "speed": 1.0,
      "dir": -3.0419240010986273,
      "vx": -0.9950371902099887,
      "vy": -0.09950371902100266
    },
    "21": {
      "x": 88.45,
      "y": 34.35,
      "speed": 1.0,
      "dir": -3.009041121293122,
      "vx": -0.991227900682635,
      "vy": -0.13216372009101518
    },
    "22": {
      "x": 87.0,
      "y": 34.3,
      "speed": 1.0,
      "dir": -3.1071235525902825,
      "vx": -0.9994059993535873,
      "vy": -0.034462275839781745
    },
    "23": {
      "x": 85.45,
      "y": 34.15,
      "speed": 1.0,
      "dir": -3.045118878407207,
      "vx": -0.9953500135553002,
      "vy": -0.09632419486018962
    },
    "24": {
      "x": 83.95,
      "y": 34.05,
      "speed": 1.0,
      "dir": -3.0750244898139685,
      "vx": -0.9977851578566089,
      "vy": -0.06651901052377487
    },
    "25": {
      "x": 82.45,
      "y": 33.85,
      "speed": 1.0,
      "dir": -3.009041121293122,
      "vx": -0.991227900682635,
      "vy": -0.13216372009101518
    },
    "26": {
      "x": 80.95,
      "y": 33.75,
      "speed": 1.0,
      "dir": -3.0750244898139685,
      "vx": -0.9977851578566089,
      "vy": -0.06651901052377487
    },
    "27": {
      "x": 79.45,
      "y": 33.65,
      "speed": 1.0,
      "dir": -3.0750244898139685,
      "vx": -0.9977851578566089,
      "vy": -0.06651901052377487
    },
    "28": {
      "x": 77.95,
      "y": 33.55,
      "speed": 1.0,
      "dir": -3.0750244898139685,
      "vx": -0.9977851578566089,
      "vy": -0.06651901052377487
    },
    "29": {
      "x": 76.45,
      "y": 33.35,
      "speed": 1.0,
      "dir": -3.009041121293122,
      "vx": -0.991227900682635,
      "vy": -0.13216372009101518
    },
    "30": {
      "x": 74.95,
      "y": 33.25,
      "speed": 1.0,
      "dir": -3.0750244898139685,
      "vx": -0.9977851578566089,
      "vy": -0.06651901052377487
    },
    "31": {
      "x": 73.45,
      "y": 33.15,
      "speed": 1.0,
      "dir": -3.0750244898139685,
      "vx": -0.9977851578566089,
      "vy": -0.06651901052377487
    },
    "32": {
      "x": 71.95,
      "y": 33.05,
      "speed": 1.0,
      "dir": -3.0750244898139685,
      "vx": -0.9977851578566089,
      "vy": -0.06651901052377487
    },
    "33": {
      "x": 70.55,
      "y": 32.85,
      "speed": 1.0,
      "dir": -2.9996955989856326,
      "vx": -0.9899494936611671,
      "vy": -0.141421356237306
    },
    "34": {
      "x": 69.1,
      "y": 32.8,
      "speed": 1.0,
      "dir": -3.1071235525902825,
      "vx": -0.9994059993535873,
      "vy": -0.034462275839781745
    },
    "35": {
      "x": 67.55,
      "y": 32.65,
      "speed": 1.0,
      "dir": -3.045118878407207,
      "vx": -0.9953500135553002,
      "vy": -0.09632419486018962
    },
    "36": {
      "x": 66.35,
      "y": 32.55,
      "speed": 1.0,
      "dir": -3.058451421701351,
      "vx": -0.9965457582448795,
      "vy": -0.08304547985374094
    },
    "37": {
      "x": 67.85,
      "y": 32.35,
      "speed": 1.0,
      "dir": -0.13255153229667124,
      "vx": 0.991227900682635,
      "vy": -0.13216372009101518
    },
    "38": {
      "x": 69.4,
      "y": 32.3,
      "speed": 1.0,
      "dir": -0.03224688243525643,
      "vx": 0.9994801143396995,
      "vy": -0.03224129401096056
    },
    "39": {
      "x": 70.85,
      "y": 32.15,
      "speed": 1.0,
      "dir": -0.10308160852270006,
      "vx": 0.9946917938265513,
      "vy": -0.10289915108550513
    },
    "40": {
      "x": 72.35,
      "y": 32.05,
      "speed": 1.0,
      "dir": -0.06656816377582475,
      "vx": 0.9977851578566089,
      "vy": -0.06651901052377487
    },
    "41": {
      "x": 73.85,
      "y": 31.950000000000003,
      "speed": 1.0,
      "dir": -0.06656816377582003,
      "vx": 0.9977851578566092,
      "vy": -0.06651901052377017
    },
    "42": {
      "x": 75.35,
      "y": 31.75,
      "speed": 1.0,
      "dir": -0.1325515322966759,
      "vx": 0.9912279006826344,
      "vy": -0.13216372009101982
    },
    "43": {
      "x": 76.8,
      "y": 31.700000000000003,
      "speed": 1.0,
      "dir": -0.03446910099950599,
      "vx": 0.9994059993535876,
      "vy": -0.03446227583977686
    },
    "44": {
      "x": 78.3,