{
  "barriers": [
    {
      "x": 23.1,
      "y": 32.0,
      "width": 20.0,
      "height": 29.2
    },
    {
      "x": 58.0,
      "y": 41.3,
      "width": 6.6,
      "height": 12.0
    }
  ],
  "occluders": [],
  "step_data": {
    "0": {
      "x": 12.9,
      "y": 8.9,
      "speed": 1.0,
      "dir": 0.0,
      "vx": 0.0,
      "vy": 0.0
    },
    "1": {
      "x": 13.25,
      "y": 7.550000000000001,
      "speed": 1.0,
      "dir": -1.317122230656254,
      "vx": 0.25096215878372596,
      "vy": -0.9679968981658008
    },
    "2": {
      "x": 13.65,
      "y": 6.15,
      "speed": 1.0,
      "dir": -1.2924966677897851,
      "vx": 0.27472112789737824,
      "vy": -0.961523947640823
    },
    "3": {
      "x": 14.149999999999999,
      "y": 4.65,
      "speed": 1.0,
      "dir": -1.2490457723982555,
      "vx": 0.31622776601683694,
      "vy": -0.9486832980505141
    },
    "4": {
      "x": 14.55,
      "y": 3.25,
      "speed": 1.0,
      "dir": -1.292496667789784,
      "vx": 0.27472112789737935,
      "vy": -0.9615239476408228
    },
    "5": {
      "x": 14.95,
      "y": 1.85,
      "speed": 1.0,
      "dir": -1.2924966677897862,
      "vx": 0.2747211278973772,
      "vy": -0.9615239476408235
    },
    "6": {
      "x": 15.45,
      "y": 0.3500000000000001,
      "speed": 1.0,
      "dir": -1.2490457723982544,
      "vx": 0.31622776601683794,
      "vy": -0.9486832980505138
    },
    "7": {
      "x": 15.850000000000001,
      "y": 1.25,
      "speed": 1.0,
      "dir": 1.1525719972156654,
      "vx": 0.4061384660534495,
      "vy": 0.9138115486202563
    },
    "8": {
      "x": 16.25,
      "y": 2.5999999999999996,
      "speed": 1.0,
      "dir": 1.2827408797442716,
      "vx": 0.2840883296913731,
      "vy": 0.9587981127083874
    },
    "9": {
      "x": 16.7,
      "y": 4.2,
      "speed": 1.0,
      "dir": 1.2966288756752382,
      "vx": 0.27074557691828366,
      "vy": 0.9626509401538992
    },
    "10": {
      "x": 17.15,
      "y": 5.55,
      "speed": 1.0,
      "dir": 1.2490457723982549,
      "vx": 0.31622776601683755,
      "vy": 0.948683298050514
    },
    "11": {
      "x": 17.55,
      "y": 6.949999999999999,
      "speed": 1.0,
      "dir": 1.2924966677897838,
      "vx": 0.2747211278973795,
      "vy": 0.9615239476408228
    },
    "12": {
      "x": 18.0,
      "y": 8.5,
      "speed": 1.0,
      "dir": 1.2882413743253096,
      "vx": 0.27881019486395486,
      "vy": 0.9603462267536244
    },
    "13": {
      "x": 18.5,
      "y": 9.8,
      "speed": 1.0,
      "dir": 1.2036224929766777,
      "vx": 0.35897907930886896,
      "vy": 0.9333456062030597
    },
    "14": {
      "x": 18.85,
      "y": 11.25,
      "speed": 1.0,
      "dir": 1.3339475658479754,
      "vx": 0.23464053310389782,
      "vy": 0.9720822085732866
    },
    "15": {
      "x": 19.35,
      "y": 12.75,
      "speed": 1.0,
      "dir": 1.2490457723982544,
      "vx": 0.31622776601683794,
      "vy": 0.9486832980505138
    },
    "16": {
      "x": 19.75,
      "y": 14.149999999999999,
      "speed": 1.0,
      "dir": 1.292496667789786,
      "vx": 0.2747211278973774,
      "vy": 0.9615239476408233
    },
    "17": {
      "x": 20.15,
      "y": 15.649999999999999,
      "speed": 1.0,
      "dir": 1.3101939350475564,
      "vx": 0.2576626505603315,
      "vy": 0.9662349396012466
    },
    "18": {
      "x": 20.6,
      "y": 17.0,
      "speed": 1.0,
      "dir": 1.2490457723982529,
      "vx": 0.31622776601683944,
      "vy": 0.9486832980505133
    },
    "19": {
      "x": 21.0,
      "y": 18.4,
      "speed": 1.0,
      "dir": 1.292496667789786,
      "vx": 0.2747211278973774,
      "vy": 0.9615239476408233
    },
    "20": {
      "x": 21.45,
      "y": 19.95,
      "speed": 1.0,
      "dir": 1.2882413743253096,
      "vx": 0.27881019486395486,
      "vy": 0.9603462267536244
    },
    "21": {
      "x": 21.95,
      "y": 21.35,
      "speed": 1.0,
      "dir": 1.2277723863741936,
      "vx": 0.33633639699815576,
      "vy": 0.9417419115948377
    },
    "22": {
      "x": 22.35,
      "y": 22.75,
      "speed": 1.0,
      "dir": 1.2924966677897836,
      "vx": 0.2747211278973796,
      "vy": 0.9615239476408226
    },
    "23": {
      "x": 22.75,
      "y": 24.25,
      "speed": 1.0,
      "dir": 1.3101939350475564,
      "vx": 0.2576626505603315,
      "vy": 0.9662349396012466
    },
    "24": {
      "x": 23.25,
      "y": 25.65,
      "speed": 1.0,
      "dir": 1.227772386374193,
      "vx": 0.3363363969981565,
      "vy": 0.9417419115948372
    },
    "25": {
      "x": 23.65,
      "y": 27.05,
      "speed": 1.0,
      "dir": 1.2924966677897867,
      "vx": 0.27472112789737674,
      "vy": 0.9615239476408236
    },
    "26": {
      "x": 24.05,
      "y": 27.75,
      "speed": 1.0,
      "dir": 1.0516502125483709,
      "vx": 0.4961389383568362,
      "vy": 0.8682431421244579
    },
    "27": {
      "x": 24.6,
      "y": 26.3,
      "speed": 1.0,
      "dir": -1.2082520895303885,
      "vx": 0.35465423412053904,
      "vy": -0.9349975263177832
    },
    "28": {
      "x": 24.95,
      "y": 24.85,
      "speed": 1.0,
      "dir": -1.3339475658479776,
      "vx": 0.23464053310389554,
      "vy": -0.972082208573287
    },
    "29": {
      "x": 25.4,
      "y": 23.5,
      "speed": 1.0,
      "dir": -1.2490457723982553,
      "vx": 0.31622776601683716,
      "vy": -0.9486832980505141
    },
    "30": {
      "x": 25.85,
      "y": 21.95,
      "speed": 1.0,
      "dir": -1.2882413743253076,
      "vx": 0.2788101948639569,
      "vy": -0.9603462267536237
    },
    "31": {
      "x": 26.25,
      "y": 20.55,
      "speed": 1.0,
      "dir": -1.292496667789786,
      "vx": 0.2747211278973774,
      "vy": -0.9615239476408233
    },
    "32": {
      "x": 26.75,
      "y": 19.15,
      "speed": 1.0,
      "dir": -1.2277723863741936,
      "vx": 0.33633639699815576,
      "vy": -0.9417419115948377
    },
    "33": {
      "x": 27.15,
      "y": 17.65,
      "speed": 1.0,
      "dir": -1.3101939350475564,
      "vx": 0.2576626505603315,
      "vy": -0.9662349396012466
    },
    "34": {
      "x": 27.55,
      "y": 16.25,
      "speed": 1.0,
      "dir": -1.2924966677897836,
      "vx": 0.2747211278973796,
      "vy": -0.9615239476408226
    },
    "35": {
      "x": 28.1,
      "y": 14.8,
      "speed": 1.0,
      "dir": -1.2082520895303885,
      "vx": 0.35465423412053904,
      "vy": -0.9349975263177832
    },
    "36": {
      "x": 28.45,
      "y": 13.35,
      "speed": 1.0,
      "dir": -1.333947565847978,
      "vx": 0.23464053310389532,
      "vy": -0.9720822085732872
    },
    "37": {
      "x": 28.85,
      "y": 11.95,
      "speed": 1.0,
      "dir": -1.292496667789784,
      "vx": 0.27472112789737935,
      "vy": -0.9615239476408228
    },
    "38": {
      "x": 29.4,
      "y": 10.5,
      "speed": 1.0,
      "dir": -1.2082520895303905,
      "vx": 0.3546542341205371,
      "vy": -0.934997526317784
    },
    "39": {
      "x": 29.8,
      "y": 9.1,
      "speed": 1.0,
      "dir": -1.292496667789784,
      "vx": 0.27472112789737935,
      "vy": -0.9615239476408228
    },
    "40": {
      "x": 30.15,
      "y": 7.65,
      "speed": 1.0,
      "dir": -1.3339475658479776,
      "vx": 0.23464053310389554,
      "vy": -0.972082208573287
    },
    "41": {
      "x": 30.65,
      "y": 6.15,
      "speed": 1.0,
      "dir": -1.2490457723982544,
      "vx": 0.31622776601683794,
      "vy": -0.9486832980505138
    },
    "42": {
      "x": 31.049999999999997,
      "y": 4.75,
      "speed": 1.0,
      "dir": -1.2924966677897862,
      "vx": 0.2747211278973771,
      "vy": -0.9615239476408235
    },
    "43": {
      "x": 31.450000000000003,
      "y": 3.3499999999999996,
      "speed": 1.0,
      "dir": -1.2924966677897816,
      "vx": 0.2747211278973816,
      "vy": -0.9615239476408223
    },
    "44": {
      "x": 32.0,
      "y": 1.9,
      "speed": 1.0,
      "dir": -1.2082520895303908,
      "vx": 0.354654234120537,